event_id,Session,Time,Driver,DriverNumber,LapTime,LapNumber,Stint,PitOutTime,PitInTime,Sector1Time,Sector2Time,Sector3Time,Sector1SessionTime,Sector2SessionTime,Sector3SessionTime,SpeedI1,SpeedI2,SpeedFL,SpeedST,IsPersonalBest,Compound,TyreLife,FreshTyre,Team,LapStartTime,LapStartDate,TrackStatus,Position,Deleted,DeletedReason,FastF1Generated,IsAccurate
2023-05,FP1,0 days 00:16:49.903000,VER,1,,1.0,1.0,0 days 00:14:58.584000,,,0 days 00:00:40.461000,0 days 00:00:35.445000,,0 days 00:16:14.630000,0 days 00:16:49.989000,201.0,117.0,277.0,195.0,False,HARD,1.0,True,Red Bull Racing,0 days 00:14:58.584000,,1,,False,,False,False
2023-05,FP1,0 days 00:18:32.253000,VER,1,0 days 00:01:42.350000,2.0,1.0,,,0 days 00:00:36.556000,0 days 00:00:37.666000,0 days 00:00:28.128000,0 days 00:17:26.459000,0 days 00:18:04.125000,0 days 00:18:32.253000,196.0,175.0,279.0,271.0,True,HARD,2.0,True,Red Bull Racing,0 days 00:16:49.903000,,1,,False,,False,True
2023-05,FP1,0 days 00:20:06.307000,VER,1,0 days 00:01:34.054000,3.0,1.0,,,0 days 00:00:32.417000,0 days 00:00:35.776000,0 days 00:00:25.861000,0 days 00:19:04.670000,0 days 00:19:40.446000,0 days 00:20:06.307000,212.0,180.0,280.0,338.0,True,HARD,3.0,True,Red Bull Racing,0 days 00:18:32.253000,,1,,False,,False,True
2023-05,FP1,0 days 00:22:11.955000,VER,1,0 days 00:02:05.648000,4.0,1.0,,,0 days 00:00:45.082000,0 days 00:00:49.351000,0 days 00:00:31.215000,0 days 00:20:51.389000,0 days 00:21:40.740000,0 days 00:22:11.955000,167.0,122.0,282.0,277.0,False,HARD,4.0,True,Red Bull Racing,0 days 00:20:06.307000,,1,,False,,False,True
2023-05,FP1,0 days 00:24:05.661000,VER,1,0 days 00:01:53.706000,5.0,1.0,,,0 days 00:00:31.562000,0 days 00:00:44.313000,0 days 00:00:37.831000,0 days 00:22:43.517000,0 days 00:23:27.830000,0 days 00:24:05.661000,212.0,146.0,281.0,226.0,False,HARD,5.0,True,Red Bull Racing,0 days 00:22:11.955000,,12,,False,,False,True
2023-05,FP1,0 days 00:25:38.126000,VER,1,0 days 00:01:32.465000,6.0,1.0,,,0 days 00:00:31.649000,0 days 00:00:35.145000,0 days 00:00:25.671000,0 days 00:24:37.310000,0 days 00:25:12.455000,0 days 00:25:38.126000,206.0,186.0,276.0,337.0,True,HARD,6.0,True,Red Bull Racing,0 days 00:24:05.661000,,1,,False,,False,True
2023-05,FP1,0 days 00:28:02.887000,VER,1,0 days 00:02:24.761000,7.0,1.0,,,0 days 00:00:52.018000,0 days 00:00:51.707000,0 days 00:00:41.036000,0 days 00:26:30.144000,0 days 00:27:21.851000,0 days 00:28:02.887000,148.0,83.0,279.0,217.0,False,HARD,7.0,True,Red Bull Racing,0 days 00:25:38.126000,,1,,False,,False,True
2023-05,FP1,0 days 00:29:34.713000,VER,1,0 days 00:01:31.826000,8.0,1.0,,,0 days 00:00:31.366000,0 days 00:00:34.860000,0 days 00:00:25.600000,0 days 00:28:34.253000,0 days 00:29:09.113000,0 days 00:29:34.713000,210.0,186.0,282.0,340.0,True,HARD,8.0,True,Red Bull Racing,0 days 00:28:02.887000,,1,,False,,False,True
2023-05,FP1,0 days 00:31:21.558000,VER,1,0 days 00:01:46.845000,9.0,1.0,,0 days 00:31:15.917000,0 days 00:00:34.341000,0 days 00:00:39.247000,0 days 00:00:33.257000,0 days 00:30:09.054000,0 days 00:30:48.301000,0 days 00:31:21.558000,195.0,178.0,,281.0,False,HARD,9.0,True,Red Bull Racing,0 days 00:29:34.713000,,1,,False,,False,False
2023-05,FP1,0 days 00:44:07.259000,VER,1,,10.0,2.0,0 days 00:42:21.581000,,,0 days 00:00:40.302000,0 days 00:00:31.700000,,0 days 00:43:35.721000,0 days 00:44:07.361000,195.0,123.0,280.0,264.0,False,SOFT,1.0,True,Red Bull Racing,0 days 00:31:21.558000,,1,,False,,False,False
2023-05,FP1,0 days 00:45:38.313000,VER,1,0 days 00:01:31.054000,11.0,2.0,,,0 days 00:00:31.151000,0 days 00:00:34.442000,0 days 00:00:25.461000,0 days 00:44:38.410000,0 days 00:45:12.852000,0 days 00:45:38.313000,216.0,186.0,280.0,340.0,True,SOFT,2.0,True,Red Bull Racing,0 days 00:44:07.259000,,1,,False,,False,True
2023-05,FP1,0 days 00:55:57.556000,VER,1,,12.0,2.0,,0 days 00:47:57.843000,0 days 00:00:46.834000,,,0 days 00:46:25.313000,,,154.0,,,,False,SOFT,3.0,True,Red Bull Racing,0 days 00:45:38.313000,,15,,False,,False,False
2023-05,FP1,0 days 00:57:41.333000,VER,1,,13.0,3.0,0 days 00:55:57.556000,,,0 days 00:00:36.799000,0 days 00:00:27.236000,,0 days 00:57:14.321000,0 days 00:57:41.430000,202.0,179.0,282.0,293.0,False,SOFT,4.0,False,Red Bull Racing,0 days 00:55:57.556000,,1,,False,,False,False
2023-05,FP1,0 days 00:59:11.882000,VER,1,0 days 00:01:30.549000,14.0,3.0,,,0 days 00:00:30.560000,0 days 00:00:34.497000,0 days 00:00:25.492000,0 days 00:58:11.893000,0 days 00:58:46.390000,0 days 00:59:11.882000,215.0,186.0,280.0,340.0,True,SOFT,5.0,False,Red Bull Racing,0 days 00:57:41.333000,,1,,False,,False,True
2023-05,FP1,0 days 01:00:55.758000,VER,1,0 days 00:01:43.876000,15.0,3.0,,0 days 01:00:49.537000,0 days 00:00:33.429000,0 days 00:00:37.092000,0 days 00:00:33.355000,0 days 00:59:45.311000,0 days 01:00:22.403000,0 days 01:00:55.758000,211.0,173.0,,281.0,False,SOFT,6.0,False,Red Bull Racing,0 days 00:59:11.882000,,1,,False,,False,False
2023-05,FP1,0 days 01:08:05.479000,VER,1,,16.0,4.0,0 days 01:06:22.752000,,,0 days 00:00:36.616000,0 days 00:00:34.743000,,0 days 01:07:30.845000,0 days 01:08:05.501000,209.0,178.0,269.0,170.0,False,HARD,10.0,False,Red Bull Racing,0 days 01:00:55.758000,,12,,False,,False,False
2023-05,FP1,0 days 01:09:40.166000,VER,1,0 days 00:01:34.687000,17.0,4.0,,,0 days 00:00:32.748000,0 days 00:00:35.527000,0 days 00:00:26.412000,0 days 01:08:38.227000,0 days 01:09:13.754000,0 days 01:09:40.166000,205.0,181.0,271.0,312.0,False,HARD,11.0,False,Red Bull Racing,0 days 01:08:05.479000,,1,,False,,False,True
2023-05,FP1,0 days 01:11:14.051000,VER,1,0 days 00:01:33.885000,18.0,4.0,,,0 days 00:00:32.257000,0 days 00:00:35.314000,0 days 00:00:26.314000,0 days 01:10:12.423000,0 days 01:10:47.737000,0 days 01:11:14.051000,209.0,182.0,273.0,314.0,False,HARD,12.0,False,Red Bull Racing,0 days 01:09:40.166000,,1,,False,,False,True
2023-05,FP1,0 days 01:12:47.717000,VER,1,0 days 00:01:33.666000,19.0,4.0,,,0 days 00:00:32.084000,0 days 00:00:35.295000,0 days 00:00:26.287000,0 days 01:11:46.135000,0 days 01:12:21.430000,0 days 01:12:47.717000,208.0,182.0,273.0,306.0,False,HARD,13.0,False,Red Bull Racing,0 days 01:11:14.051000,,1,,False,,False,True
2023-05,FP1,0 days 01:14:25.131000,VER,1,0 days 00:01:37.414000,20.0,4.0,,,0 days 00:00:32.172000,0 days 00:00:35.743000,0 days 00:00:29.499000,0 days 01:13:19.889000,0 days 01:13:55.632000,0 days 01:14:25.131000,209.0,183.0,259.0,313.0,False,HARD,14.0,False,Red Bull Racing,0 days 01:12:47.717000,,1,,False,,False,True
2023-05,FP1,0 days 01:16:38.558000,VER,1,0 days 00:02:13.427000,21.0,4.0,,,0 days 00:00:42.568000,0 days 00:00:47.253000,0 days 00:00:43.606000,0 days 01:15:07.699000,0 days 01:15:54.952000,0 days 01:16:38.558000,158.0,133.0,36.0,210.0,False,HARD,15.0,False,Red Bull Racing,0 days 01:14:25.131000,,1,,False,,False,True
2023-05,FP1,0 days 01:18:44.733000,VER,1,0 days 00:02:06.175000,22.0,4.0,,0 days 01:18:39.135000,0 days 00:00:54.906000,0 days 00:00:38.291000,0 days 00:00:32.978000,0 days 01:17:33.464000,0 days 01:18:11.755000,0 days 01:18:44.733000,199.0,177.0,,271.0,False,HARD,16.0,False,Red Bull Racing,0 days 01:16:38.558000,,1,,False,,False,False
2023-05,FP1,0 days 00:16:24.327000,GAS,10,,1.0,1.0,0 days 00:14:32.053000,,,0 days 00:00:40.405000,0 days 00:00:35.163000,,0 days 00:15:49.364000,0 days 00:16:24.427000,191.0,169.0,271.0,190.0,False,HARD,1.0,True,Alpine,0 days 00:14:32.053000,,1,,False,,False,False
2023-05,FP1,0 days 00:18:02.370000,GAS,10,0 days 00:01:38.043000,2.0,1.0,,,0 days 00:00:34.076000,0 days 00:00:37.297000,0 days 00:00:26.670000,0 days 00:16:58.403000,0 days 00:17:35.700000,0 days 00:18:02.370000,206.0,179.0,260.0,319.0,True,HARD,2.0,True,Alpine,0 days 00:16:24.327000,,1,,False,,False,True
2023-05,FP1,0 days 00:19:38.867000,GAS,10,0 days 00:01:36.497000,3.0,1.0,,,0 days 00:00:33.086000,0 days 00:00:36.821000,0 days 00:00:26.590000,0 days 00:18:35.456000,0 days 00:19:12.277000,0 days 00:19:38.867000,209.0,180.0,266.0,318.0,True,HARD,3.0,True,Alpine,0 days 00:18:02.370000,,1,,False,,False,True
2023-05,FP1,0 days 00:21:14.407000,GAS,10,0 days 00:01:35.540000,4.0,1.0,,,0 days 00:00:32.802000,0 days 00:00:36.424000,0 days 00:00:26.314000,0 days 00:20:11.669000,0 days 00:20:48.093000,0 days 00:21:14.407000,204.0,182.0,267.0,320.0,True,HARD,4.0,True,Alpine,0 days 00:19:38.867000,,1,,False,,False,True
2023-05,FP1,0 days 00:23:04.364000,GAS,10,0 days 00:01:49.957000,5.0,1.0,,,0 days 00:00:38.808000,0 days 00:00:42.294000,0 days 00:00:28.855000,0 days 00:21:53.215000,0 days 00:22:35.509000,0 days 00:23:04.364000,171.0,162.0,268.0,290.0,False,HARD,5.0,True,Alpine,0 days 00:21:14.407000,,12,,False,,False,True
2023-05,FP1,0 days 00:24:39.312000,GAS,10,0 days 00:01:34.948000,6.0,1.0,,,0 days 00:00:32.265000,0 days 00:00:36.229000,0 days 00:00:26.454000,0 days 00:23:36.629000,0 days 00:24:12.858000,0 days 00:24:39.312000,208.0,181.0,266.0,320.0,True,HARD,6.0,True,Alpine,0 days 00:23:04.364000,,21,,False,,False,True
2023-05,FP1,0 days 00:26:32.586000,GAS,10,0 days 00:01:53.274000,7.0,1.0,,,0 days 00:00:40.068000,0 days 00:00:44.186000,0 days 00:00:29.020000,0 days 00:25:19.380000,0 days 00:26:03.566000,0 days 00:26:32.586000,165.0,145.0,275.0,287.0,False,HARD,7.0,True,Alpine,0 days 00:24:39.312000,,1,,False,,False,True
2023-05,FP1,0 days 00:28:06.863000,GAS,10,0 days 00:01:34.277000,8.0,1.0,,,0 days 00:00:31.900000,0 days 00:00:36.043000,0 days 00:00:26.334000,0 days 00:27:04.486000,0 days 00:27:40.529000,0 days 00:28:06.863000,213.0,182.0,275.0,328.0,True,HARD,8.0,True,Alpine,0 days 00:26:32.586000,,1,,False,,False,True
2023-05,FP1,0 days 00:30:11.277000,GAS,10,0 days 00:02:04.414000,9.0,1.0,,0 days 00:30:03.964000,0 days 00:00:43.259000,0 days 00:00:41.832000,0 days 00:00:39.323000,0 days 00:28:50.122000,0 days 00:29:31.954000,0 days 00:30:11.277000,182.0,162.0,,281.0,False,HARD,9.0,True,Alpine,0 days 00:28:06.863000,,1,,False,,False,False
2023-05,FP1,0 days 00:45:32.391000,GAS,10,,10.0,2.0,0 days 00:43:43.799000,,,0 days 00:00:44.041000,0 days 00:00:28.183000,,0 days 00:45:04.329000,0 days 00:45:32.391000,185.0,172.0,274.0,279.0,False,SOFT,1.0,True,Alpine,0 days 00:30:11.277000,,1,,False,,False,False
2023-05,FP1,0 days 01:01:42.224000,GAS,10,,11.0,2.0,,0 days 00:49:25.670000,0 days 00:00:31.827000,0 days 00:00:35.396000,,0 days 00:46:04.344000,0 days 00:46:39.687000,,215.0,184.0,,329.0,False,SOFT,2.0,True,Alpine,0 days 00:45:32.391000,,15,,False,,False,False
2023-05,FP1,0 days 01:03:46.312000,GAS,10,,12.0,3.0,0 days 01:01:42.224000,,,0 days 00:00:47.428000,0 days 00:00:29.265000,,0 days 01:03:17.254000,0 days 01:03:46.379000,115.0,153.0,276.0,256.0,False,SOFT,3.0,False,Alpine,0 days 01:01:42.224000,,1,,False,,False,False
2023-05,FP1,0 days 01:06:01.304000,GAS,10,0 days 00:02:14.992000,13.0,3.0,,,0 days 00:00:38.588000,0 days 00:00:53.923000,0 days 00:00:42.481000,0 days 01:04:24.900000,0 days 01:05:18.823000,0 days 01:06:01.304000,115.0,131.0,275.0,103.0,False,SOFT,4.0,False,Alpine,0 days 01:03:46.312000,,12,,False,,False,True
2023-05,FP1,0 days 01:07:32.718000,GAS,10,0 days 00:01:31.414000,14.0,3.0,,,0 days 00:00:30.753000,0 days 00:00:34.951000,0 days 00:00:25.710000,0 days 01:06:32.057000,0 days 01:07:07.008000,0 days 01:07:32.718000,216.0,186.0,276.0,330.0,True,SOFT,5.0,False,Alpine,0 days 01:06:01.304000,,1,,False,,False,True
2023-05,FP1,0 days 01:09:47.549000,GAS,10,0 days 00:02:14.831000,15.0,3.0,,,0 days 00:00:52.081000,0 days 00:00:47.959000,0 days 00:00:34.791000,0 days 01:08:24.799000,0 days 01:09:12.758000,0 days 01:09:47.549000,114.0,167.0,155.0,236.0,False,SOFT,6.0,False,Alpine,0 days 01:07:32.718000,,1,,False,,False,True
2023-05,FP1,0 days 01:12:11.940000,GAS,10,0 days 00:02:24.391000,16.0,3.0,,,0 days 00:00:51.026000,0 days 00:00:48.685000,0 days 00:00:44.680000,0 days 01:10:38.575000,0 days 01:11:27.260000,0 days 01:12:11.940000,145.0,94.0,276.0,50.0,False,SOFT,7.0,False,Alpine,0 days 01:09:47.549000,,1,,False,,False,True
2023-05,FP1,0 days 01:13:43.044000,GAS,10,0 days 00:01:31.104000,17.0,3.0,,,0 days 00:00:30.644000,0 days 00:00:34.681000,0 days 00:00:25.779000,0 days 01:12:42.584000,0 days 01:13:17.265000,0 days 01:13:43.044000,217.0,186.0,279.0,331.0,True,SOFT,8.0,False,Alpine,0 days 01:12:11.940000,,1,,False,,False,True
2023-05,FP1,0 days 01:15:21.213000,GAS,10,0 days 00:01:38.169000,18.0,3.0,,,0 days 00:00:34.822000,0 days 00:00:36.945000,0 days 00:00:26.402000,0 days 01:14:17.866000,0 days 01:14:54.811000,0 days 01:15:21.213000,199.0,180.0,271.0,309.0,False,SOFT,9.0,False,Alpine,0 days 01:13:43.044000,,1,,False,,False,True
2023-05,FP1,0 days 01:17:50.575000,GAS,10,0 days 00:02:29.362000,19.0,3.0,,,0 days 00:00:43.444000,0 days 00:00:45.771000,0 days 00:01:00.147000,0 days 01:16:04.657000,0 days 01:16:50.428000,0 days 01:17:50.575000,154.0,131.0,19.0,174.0,False,SOFT,10.0,False,Alpine,0 days 01:15:21.213000,,1,,False,,False,True
2023-05,FP1,0 days 01:19:58.577000,GAS,10,0 days 00:02:08.002000,20.0,3.0,,0 days 01:19:53.056000,0 days 00:00:59.209000,0 days 00:00:36.692000,0 days 00:00:32.101000,0 days 01:18:49.784000,0 days 01:19:26.476000,0 days 01:19:58.577000,205.0,185.0,,309.0,False,SOFT,11.0,False,Alpine,0 days 01:17:50.575000,,1,,False,,False,False
2023-05,FP1,0 days 00:17:06.131000,PER,11,,1.0,1.0,0 days 00:15:08.631000,,,0 days 00:00:43.343000,0 days 00:00:40.584000,,0 days 00:16:25.802000,0 days 00:17:06.270000,194.0,50.0,277.0,87.0,False,HARD,1.0,True,Red Bull Racing,0 days 00:15:08.631000,,1,,False,,False,False
2023-05,FP1,0 days 00:18:43.875000,PER,11,0 days 00:01:37.744000,2.0,1.0,,,0 days 00:00:35.007000,0 days 00:00:36.392000,0 days 00:00:26.345000,0 days 00:17:41.138000,0 days 00:18:17.530000,0 days 00:18:43.875000,200.0,174.0,280.0,333.0,True,HARD,2.0,True,Red Bull Racing,0 days 00:17:06.131000,,1,,False,,False,True
2023-05,FP1,0 days 00:20:18.406000,PER,11,0 days 00:01:34.531000,3.0,1.0,,,0 days 00:00:32.772000,0 days 00:00:35.744000,0 days 00:00:26.015000,0 days 00:19:16.647000,0 days 00:19:52.391000,0 days 00:20:18.406000,207.0,182.0,282.0,339.0,True,HARD,3.0,True,Red Bull Racing,0 days 00:18:43.875000,,1,,False,,False,True
2023-05,FP1,0 days 00:22:34.246000,PER,11,0 days 00:02:15.840000,4.0,1.0,,,0 days 00:00:44.306000,0 days 00:00:58.792000,0 days 00:00:32.742000,0 days 00:21:02.712000,0 days 00:22:01.504000,0 days 00:22:34.246000,158.0,103.0,282.0,247.0,False,HARD,4.0,True,Red Bull Racing,0 days 00:20:18.406000,,12,,False,,False,True
2023-05,FP1,0 days 00:24:32.623000,PER,11,0 days 00:01:58.377000,5.0,1.0,,,0 days 00:00:32.434000,0 days 00:00:44.743000,0 days 00:00:41.200000,0 days 00:23:06.680000,0 days 00:23:51.423000,0 days 00:24:32.623000,211.0,121.0,280.0,93.0,False,HARD,5.0,True,Red Bull Racing,0 days 00:22:34.246000,,21,,False,,False,True
2023-05,FP1,0 days 00:26:05.857000,PER,11,0 days 00:01:33.234000,6.0,1.0,,,0 days 00:00:31.946000,0 days 00:00:35.087000,0 days 00:00:26.201000,0 days 00:25:04.569000,0 days 00:25:39.656000,0 days 00:26:05.857000,212.0,185.0,282.0,347.0,True,HARD,6.0,True,Red Bull Racing,0 days 00:24:32.623000,,1,,False,,False,True
2023-05,FP1,0 days 00:28:31.182000,PER,11,0 days 00:02:25.325000,7.0,1.0,,,0 days 00:00:49.135000,0 days 00:00:59.982000,0 days 00:00:36.208000,0 days 00:26:54.992000,0 days 00:27:54.974000,0 days 00:28:31.182000,121.0,91.0,280.0,230.0,False,HARD,7.0,True,Red Bull Racing,0 days 00:26:05.857000,,1,,False,,False,True
2023-05,FP1,0 days 00:30:04.262000,PER,11,0 days 00:01:33.080000,8.0,1.0,,,0 days 00:00:32.002000,0 days 00:00:35.069000,0 days 00:00:26.009000,0 days 00:29:03.184000,0 days 00:29:38.253000,0 days 00:30:04.262000,211.0,172.0,282.0,340.0,True,HARD,8.0,True,Red Bull Racing,0 days 00:28:31.182000,,1,,False,,False,True
2023-05,FP1,0 days 00:31:54.351000,PER,11,0 days 00:01:50.089000,9.0,1.0,,0 days 00:31:47.947000,0 days 00:00:37.276000,0 days 00:00:38.732000,0 days 00:00:34.081000,0 days 00:30:41.538000,0 days 00:31:20.270000,0 days 00:31:54.351000,195.0,175.0,,297.0,False,HARD,9.0,True,Red Bull Racing,0 days 00:30:04.262000,,1,,False,,False,False
2023-05,FP1,0 days 00:44:14.779000,PER,11,,10.0,2.0,0 days 00:42:31.221000,,,0 days 00:00:37.303000,0 days 00:00:34.963000,,0 days 00:43:39.971000,0 days 00:44:14.845000,186.0,132.0,282.0,170.0,False,SOFT,1.0,True,Red Bull Racing,0 days 00:31:54.351000,,1,,False,,False,False
2023-05,FP1,0 days 00:45:46.360000,PER,11,0 days 00:01:31.581000,11.0,2.0,,,0 days 00:00:30.915000,0 days 00:00:34.885000,0 days 00:00:25.781000,0 days 00:44:45.694000,0 days 00:45:20.579000,0 days 00:45:46.360000,211.0,186.0,281.0,340.0,True,SOFT,2.0,True,Red Bull Racing,0 days 00:44:14.779000,,1,,False,,False,True
2023-05,FP1,0 days 00:55:54.556000,PER,11,,12.0,2.0,,0 days 00:48:05.858000,0 days 00:00:43.691000,,,0 days 00:46:30.203000,,,157.0,,,,False,SOFT,3.0,True,Red Bull Racing,0 days 00:45:46.360000,,15,,False,,False,False
2023-05,FP1,0 days 00:57:35.113000,PER,11,,13.0,3.0,0 days 00:55:54.556000,,,0 days 00:00:38.814000,0 days 00:00:30.090000,,0 days 00:57:05.134000,0 days 00:57:35.196000,208.0,102.0,281.0,290.0,False,SOFT,4.0,False,Red Bull Racing,0 days 00:55:54.556000,,1,,False,,False,False
2023-05,FP1,0 days 00:59:06.679000,PER,11,0 days 00:01:31.566000,14.0,3.0,,,0 days 00:00:30.910000,0 days 00:00:35.030000,0 days 00:00:25.626000,0 days 00:58:06.023000,0 days 00:58:41.053000,0 days 00:59:06.679000,210.0,185.0,280.0,340.0,True,SOFT,5.0,False,Red Bull Racing,0 days 00:57:35.113000,,1,,False,,False,True
2023-05,FP1,0 days 01:00:54.199000,PER,11,0 days 00:01:47.520000,15.0,3.0,,0 days 01:00:48.647000,0 days 00:00:38.131000,0 days 00:00:36.642000,0 days 00:00:32.747000,0 days 00:59:44.810000,0 days 01:00:21.452000,0 days 01:00:54.199000,194.0,175.0,,295.0,False,SOFT,6.0,False,Red Bull Racing,0 days 00:59:06.679000,,1,,False,,False,False
2023-05,FP1,0 days 01:07:50.913000,PER,11,,16.0,4.0,0 days 01:06:13.159000,,,0 days 00:00:36.456000,0 days 00:00:29.444000,,0 days 01:07:21.642000,0 days 01:07:50.939000,207.0,179.0,271.0,150.0,False,SOFT,7.0,False,Red Bull Racing,0 days 01:00:54.199000,,12,,False,,False,False
2023-05,FP1,0 days 01:09:26.781000,PER,11,0 days 00:01:35.868000,17.0,4.0,,,0 days 00:00:33.379000,0 days 00:00:36.059000,0 days 00:00:26.430000,0 days 01:08:24.292000,0 days 01:09:00.351000,0 days 01:09:26.781000,197.0,181.0,274.0,302.0,False,SOFT,8.0,False,Red Bull Racing,0 days 01:07:50.913000,,1,,False,,False,True
2023-05,FP1,0 days 01:11:01.611000,PER,11,0 days 00:01:34.830000,18.0,4.0,,,0 days 00:00:32.484000,0 days 00:00:35.943000,0 days 00:00:26.403000,0 days 01:09:59.265000,0 days 01:10:35.208000,0 days 01:11:01.611000,207.0,181.0,273.0,301.0,False,SOFT,9.0,False,Red Bull Racing,0 days 01:09:26.781000,,1,,False,,False,True
2023-05,FP1,0 days 01:12:36.154000,PER,11,0 days 00:01:34.543000,19.0,4.0,,,0 days 00:00:32.555000,0 days 00:00:35.677000,0 days 00:00:26.311000,0 days 01:11:34.166000,0 days 01:12:09.843000,0 days 01:12:36.154000,200.0,181.0,272.0,306.0,False,SOFT,10.0,False,Red Bull Racing,0 days 01:11:01.611000,,1,,False,,False,True
2023-05,FP1,0 days 01:14:10.221000,PER,11,0 days 00:01:34.067000,20.0,4.0,,,0 days 00:00:32.269000,0 days 00:00:35.571000,0 days 00:00:26.227000,0 days 01:13:08.423000,0 days 01:13:43.994000,0 days 01:14:10.221000,207.0,183.0,273.0,312.0,False,SOFT,11.0,False,Red Bull Racing,0 days 01:12:36.154000,,1,,False,,False,True
2023-05,FP1,0 days 01:16:04.858000,PER,11,0 days 00:01:54.637000,21.0,4.0,,,0 days 00:00:33.463000,0 days 00:00:36.108000,0 days 00:00:45.066000,0 days 01:14:43.684000,0 days 01:15:19.792000,0 days 01:16:04.858000,173.0,181.0,62.0,152.0,False,SOFT,12.0,False,Red Bull Racing,0 days 01:14:10.221000,,1,,False,,False,True
2023-05,FP1,0 days 01:18:18.406000,PER,11,0 days 00:02:13.548000,22.0,4.0,,0 days 01:18:12.807000,0 days 00:01:05.365000,0 days 00:00:35.501000,0 days 00:00:32.682000,0 days 01:17:10.223000,0 days 01:17:45.724000,0 days 01:18:18.406000,204.0,181.0,,296.0,False,SOFT,13.0,False,Red Bull Racing,0 days 01:16:04.858000,,1,,False,,False,False
2023-05,FP1,0 days 00:15:42.411000,ALO,14,,1.0,1.0,0 days 00:13:47.225000,,,0 days 00:00:46.207000,0 days 00:00:33.888000,,0 days 00:15:08.631000,0 days 00:15:42.411000,200.0,167.0,268.0,206.0,False,MEDIUM,1.0,True,Aston Martin,0 days 00:13:47.225000,,1,,False,,False,False
2023-05,FP1,0 days 00:17:39.769000,ALO,14,0 days 00:01:57.358000,2.0,1.0,,0 days 00:17:33.270000,0 days 00:00:36.292000,0 days 00:00:43.398000,0 days 00:00:37.668000,0 days 00:16:18.703000,0 days 00:17:02.101000,0 days 00:17:39.769000,203.0,170.0,,222.0,False,MEDIUM,2.0,True,Aston Martin,0 days 00:15:42.411000,,1,,False,,False,False
2023-05,FP1,0 days 00:24:30.583000,ALO,14,,3.0,2.0,0 days 00:22:39.438000,,,0 days 00:00:40.555000,0 days 00:00:33.083000,,0 days 00:23:57.718000,0 days 00:24:30.671000,164.0,156.0,273.0,290.0,False,MEDIUM,3.0,False,Aston Martin,0 days 00:17:39.769000,,12,,False,,False,False
2023-05,FP1,0 days 00:26:04.166000,ALO,14,0 days 00:01:33.583000,4.0,2.0,,,0 days 00:00:31.812000,0 days 00:00:35.708000,0 days 00:00:26.063000,0 days 00:25:02.395000,0 days 00:25:38.103000,0 days 00:26:04.166000,213.0,186.0,275.0,335.0,True,MEDIUM,4.0,False,Aston Martin,0 days 00:24:30.583000,,1,,False,,False,True
2023-05,FP1,0 days 00:28:23.958000,ALO,14,0 days 00:02:19.792000,5.0,2.0,,,0 days 00:00:49.982000,0 days 00:00:56.697000,0 days 00:00:33.113000,0 days 00:26:54.148000,0 days 00:27:50.845000,0 days 00:28:23.958000,127.0,115.0,277.0,244.0,False,MEDIUM,5.0,False,Aston Martin,0 days 00:26:04.166000,,1,,False,,False,True
2023-05,FP1,0 days 00:30:35.989000,ALO,14,0 days 00:02:12.031000,6.0,2.0,,,0 days 00:00:46.913000,0 days 00:00:52.501000,0 days 00:00:32.617000,0 days 00:29:10.871000,0 days 00:30:03.372000,0 days 00:30:35.989000,128.0,115.0,277.0,246.0,False,MEDIUM,6.0,False,Aston Martin,0 days 00:28:23.958000,,1,,False,,False,True
2023-05,FP1,0 days 00:32:31.123000,ALO,14,0 days 00:01:55.134000,7.0,2.0,,,0 days 00:00:32.830000,0 days 00:00:47.663000,0 days 00:00:34.641000,0 days 00:31:08.819000,0 days 00:31:56.482000,0 days 00:32:31.123000,210.0,77.0,278.0,309.0,False,MEDIUM,7.0,False,Aston Martin,0 days 00:30:35.989000,,1,,False,,False,True
2023-05,FP1,0 days 00:34:03.665000,ALO,14,0 days 00:01:32.542000,8.0,2.0,,,0 days 00:00:31.313000,0 days 00:00:35.471000,0 days 00:00:25.758000,0 days 00:33:02.436000,0 days 00:33:37.907000,0 days 00:34:03.665000,215.0,186.0,277.0,334.0,True,MEDIUM,8.0,False,Aston Martin,0 days 00:32:31.123000,,1,,False,,False,True
2023-05,FP1,0 days 00:36:39.317000,ALO,14,,9.0,2.0,,,0 days 00:00:48.546000,0 days 00:01:10.592000,0 days 00:00:36.465000,0 days 00:34:52.367000,0 days 00:36:02.976000,0 days 00:36:39.366000,97.0,95.0,276.0,308.0,False,MEDIUM,9.0,False,Aston Martin,0 days 00:34:03.665000,,1,,False,,False,False
2023-05,FP1,0 days 00:38:20.896000,ALO,14,0 days 00:01:41.579000,10.0,2.0,,0 days 00:38:15.334000,0 days 00:00:31.601000,0 days 00:00:35.739000,0 days 00:00:34.239000,0 days 00:37:10.918000,0 days 00:37:46.657000,0 days 00:38:20.896000,209.0,180.0,,252.0,False,MEDIUM,10.0,False,Aston Martin,0 days 00:36:39.317000,,1,,False,,False,False
2023-05,FP1,0 days 00:45:44.516000,ALO,14,,11.0,3.0,0 days 00:43:24.362000,,,0 days 00:00:56.312000,0 days 00:00:40.494000,,0 days 00:45:04.126000,0 days 00:45:44.516000,127.0,162.0,277.0,107.0,False,SOFT,1.0,True,Aston Martin,0 days 00:38:20.896000,,1,,False,,False,False
2023-05,FP1,0 days 00:56:30.228000,ALO,14,,12.0,3.0,,0 days 00:47:23.484000,0 days 00:00:31.166000,0 days 00:00:34.819000,,0 days 00:46:15.797000,0 days 00:46:50.625000,,216.0,189.0,,333.0,False,SOFT,2.0,True,Aston Martin,0 days 00:45:44.516000,,15,,False,,False,False
2023-05,FP1,0 days 00:58:37.233000,ALO,14,,13.0,4.0,0 days 00:56:30.228000,,,0 days 00:00:49.144000,0 days 00:00:32.177000,,0 days 00:58:05.259000,0 days 00:58:37.320000,137.0,127.0,278.0,156.0,False,SOFT,3.0,False,Aston Martin,0 days 00:56:30.228000,,1,,False,,False,False
2023-05,FP1,0 days 01:00:08.866000,ALO,14,0 days 00:01:31.633000,14.0,4.0,,,0 days 00:00:30.844000,0 days 00:00:35.229000,0 days 00:00:25.560000,0 days 00:59:08.077000,0 days 00:59:43.306000,0 days 01:00:08.866000,215.0,188.0,278.0,333.0,True,SOFT,4.0,False,Aston Martin,0 days 00:58:37.233000,,1,,False,,False,True
2023-05,FP1,0 days 01:02:23.967000,ALO,14,0 days 00:02:15.101000,15.0,4.0,,,0 days 00:00:53.445000,0 days 00:00:49.024000,0 days 00:00:32.632000,0 days 01:01:02.311000,0 days 01:01:51.335000,0 days 01:02:23.967000,136.0,133.0,278.0,232.0,False,SOFT,5.0,False,Aston Martin,0 days 01:00:08.866000,,1,,False,,False,True
2023-05,FP1,0 days 01:03:55.198000,ALO,14,0 days 00:01:31.231000,16.0,4.0,,,0 days 00:00:30.894000,0 days 00:00:34.807000,0 days 00:00:25.530000,0 days 01:02:54.861000,0 days 01:03:29.668000,0 days 01:03:55.198000,216.0,187.0,280.0,335.0,True,SOFT,6.0,False,Aston Martin,0 days 01:02:23.967000,,1,,False,,False,True
2023-05,FP1,0 days 01:06:04.588000,ALO,14,0 days 00:02:09.390000,17.0,4.0,,,0 days 00:00:41.978000,0 days 00:00:56.630000,0 days 00:00:30.782000,0 days 01:04:37.176000,0 days 01:05:33.806000,0 days 01:06:04.588000,148.0,122.0,275.0,254.0,False,SOFT,7.0,False,Aston Martin,0 days 01:03:55.198000,,12,,False,,False,True
2023-05,FP1,0 days 01:07:37,ALO,14,0 days 00:01:32.412000,18.0,4.0,,,0 days 00:00:31.151000,0 days 00:00:35.316000,0 days 00:00:25.945000,0 days 01:06:35.739000,0 days 01:07:11.055000,0 days 01:07:37,214.0,186.0,273.0,320.0,False,SOFT,8.0,False,Aston Martin,0 days 01:06:04.588000,,1,,False,,False,True
2023-05,FP1,0 days 01:09:10.231000,ALO,14,0 days 00:01:33.231000,19.0,4.0,,,0 days 00:00:31.666000,0 days 00:00:35.389000,0 days 00:00:26.176000,0 days 01:08:08.666000,0 days 01:08:44.055000,0 days 01:09:10.231000,214.0,186.0,274.0,315.0,False,SOFT,9.0,False,Aston Martin,0 days 01:07:37,,1,,False,,False,True
2023-05,FP1,0 days 01:10:43.520000,ALO,14,0 days 00:01:33.289000,20.0,4.0,,,0 days 00:00:31.613000,0 days 00:00:35.574000,0 days 00:00:26.102000,0 days 01:09:41.844000,0 days 01:10:17.418000,0 days 01:10:43.520000,213.0,186.0,274.0,305.0,False,SOFT,10.0,False,Aston Martin,0 days 01:09:10.231000,,1,,False,,False,True
2023-05,FP1,0 days 01:12:16.760000,ALO,14,0 days 00:01:33.240000,21.0,4.0,,,0 days 00:00:31.527000,0 days 00:00:35.773000,0 days 00:00:25.940000,0 days 01:11:15.047000,0 days 01:11:50.820000,0 days 01:12:16.760000,216.0,186.0,276.0,314.0,False,SOFT,11.0,False,Aston Martin,0 days 01:10:43.520000,,1,,False,,False,True
2023-05,FP1,0 days 01:13:49.303000,ALO,14,0 days 00:01:32.543000,22.0,4.0,,,0 days 00:00:31.582000,0 days 00:00:35.111000,0 days 00:00:25.850000,0 days 01:12:48.342000,0 days 01:13:23.453000,0 days 01:13:49.303000,214.0,188.0,277.0,319.0,False,SOFT,12.0,False,Aston Martin,0 days 01:12:16.760000,,1,,False,,False,True
2023-05,FP1,0 days 01:15:51.513000,ALO,14,0 days 00:02:02.210000,23.0,4.0,,,0 days 00:00:39.672000,0 days 00:00:42.754000,0 days 00:00:39.784000,0 days 01:14:28.975000,0 days 01:15:11.729000,0 days 01:15:51.513000,171.0,129.0,76.0,181.0,False,SOFT,13.0,False,Aston Martin,0 days 01:13:49.303000,,1,,False,,False,True
2023-05,FP1,0 days 01:18:06.552000,ALO,14,0 days 00:02:15.039000,24.0,4.0,,0 days 01:18:00.963000,0 days 00:01:06.560000,0 days 00:00:35.665000,0 days 00:00:32.814000,0 days 01:16:58.073000,0 days 01:17:33.738000,0 days 01:18:06.552000,215.0,186.0,,214.0,False,SOFT,14.0,False,Aston Martin,0 days 01:15:51.513000,,1,,False,,False,False
2023-05,FP1,0 days 00:17:15.308000,LEC,16,,1.0,1.0,0 days 00:15:16.505000,,,0 days 00:00:41.516000,0 days 00:00:41.238000,,0 days 00:16:34.270000,0 days 00:17:15.395000,192.0,158.0,269.0,173.0,False,HARD,1.0,True,Ferrari,0 days 00:15:16.505000,,1,,False,,False,False
2023-05,FP1,0 days 00:18:59.398000,LEC,16,0 days 00:01:44.090000,2.0,1.0,,,0 days 00:00:34.351000,0 days 00:00:37.101000,0 days 00:00:32.638000,0 days 00:17:49.659000,0 days 00:18:26.760000,0 days 00:18:59.398000,186.0,179.0,269.0,305.0,True,HARD,2.0,True,Ferrari,0 days 00:17:15.308000,,1,,False,,False,True
2023-05,FP1,0 days 00:20:35.309000,LEC,16,0 days 00:01:35.911000,3.0,1.0,,,0 days 00:00:32.695000,0 days 00:00:36.511000,0 days 00:00:26.705000,0 days 00:19:32.093000,0 days 00:20:08.604000,0 days 00:20:35.309000,207.0,182.0,271.0,302.0,True,HARD,3.0,True,Ferrari,0 days 00:18:59.398000,,1,,False,,False,True
2023-05,FP1,0 days 00:22:16.124000,LEC,16,0 days 00:01:40.815000,4.0,1.0,,,0 days 00:00:32.101000,0 days 00:00:40.070000,0 days 00:00:28.644000,0 days 00:21:07.410000,0 days 00:21:47.480000,0 days 00:22:16.124000,212.0,164.0,271.0,227.0,False,HARD,4.0,True,Ferrari,0 days 00:20:35.309000,,1,,False,,False,True
2023-05,FP1,0 days 00:24:13.603000,LEC,16,0 days 00:01:57.479000,5.0,1.0,,,0 days 00:00:32.267000,0 days 00:00:43.247000,0 days 00:00:41.965000,0 days 00:22:48.391000,0 days 00:23:31.638000,0 days 00:24:13.603000,212.0,130.0,270.0,180.0,False,HARD,5.0,True,Ferrari,0 days 00:22:16.124000,,12,,False,,False,True
2023-05,FP1,0 days 00:25:47.504000,LEC,16,0 days 00:01:33.901000,6.0,1.0,,,0 days 00:00:31.817000,0 days 00:00:35.837000,0 days 00:00:26.247000,0 days 00:24:45.420000,0 days 00:25:21.257000,0 days 00:25:47.504000,209.0,184.0,270.0,310.0,True,HARD,6.0,True,Ferrari,0 days 00:24:13.603000,,1,,False,,False,True
2023-05,FP1,0 days 00:27:21.158000,LEC,16,0 days 00:01:33.654000,7.0,1.0,,,0 days 00:00:31.703000,0 days 00:00:35.706000,0 days 00:00:26.245000,0 days 00:26:19.207000,0 days 00:26:54.913000,0 days 00:27:21.158000,215.0,185.0,276.0,317.0,True,HARD,7.0,True,Ferrari,0 days 00:25:47.504000,,1,,False,,False,True
2023-05,FP1,0 days 00:29:32.103000,LEC,16,0 days 00:02:10.945000,8.0,1.0,,,0 days 00:00:49.691000,0 days 00:00:52.241000,0 days 00:00:29.013000,0 days 00:28:10.849000,0 days 00:29:03.090000,0 days 00:29:32.103000,121.0,147.0,276.0,276.0,False,HARD,8.0,True,Ferrari,0 days 00:27:21.158000,,1,,False,,False,True
2023-05,FP1,0 days 00:31:04.631000,LEC,16,0 days 00:01:32.528000,9.0,1.0,,,0 days 00:00:31.460000,0 days 00:00:35.117000,0 days 00:00:25.951000,0 days 00:30:03.563000,0 days 00:30:38.680000,0 days 00:31:04.631000,212.0,183.0,276.0,326.0,True,HARD,9.0,True,Ferrari,0 days 00:29:32.103000,,1,,False,,False,True
2023-05,FP1,0 days 00:33:24.202000,LEC,16,0 days 00:02:19.571000,10.0,1.0,,,0 days 00:00:43.634000,0 days 00:00:57.578000,0 days 00:00:38.359000,0 days 00:31:48.265000,0 days 00:32:45.843000,0 days 00:33:24.202000,124.0,114.0,275.0,160.0,False,HARD,10.0,True,Ferrari,0 days 00:31:04.631000,,1,,False,,False,True
2023-05,FP1,0 days 00:34:56.680000,LEC,16,0 days 00:01:32.478000,11.0,1.0,,,0 days 00:00:31.469000,0 days 00:00:35.080000,0 days 00:00:25.929000,0 days 00:33:55.671000,0 days 00:34:30.751000,0 days 00:34:56.680000,211.0,185.0,276.0,328.0,True,HARD,11.0,True,Ferrari,0 days 00:33:24.202000,,1,,False,,False,True
2023-05,FP1,0 days 00:36:36.018000,LEC,16,0 days 00:01:39.338000,12.0,1.0,,0 days 00:36:30.522000,0 days 00:00:31.584000,0 days 00:00:35.342000,0 days 00:00:32.412000,0 days 00:35:28.264000,0 days 00:36:03.606000,0 days 00:36:36.018000,212.0,181.0,,311.0,False,HARD,12.0,True,Ferrari,0 days 00:34:56.680000,,1,,False,,False,False
2023-05,FP1,0 days 00:58:53.857000,LEC,16,,13.0,2.0,0 days 00:56:51.774000,,,0 days 00:00:47.153000,0 days 00:00:35.617000,,0 days 00:58:18.445000,0 days 00:58:53.929000,175.0,35.0,275.0,244.0,False,SOFT,1.0,True,Ferrari,0 days 00:56:51.774000,,1,,False,,False,False
2023-05,FP1,0 days 01:00:47.371000,LEC,16,0 days 00:01:53.514000,14.0,2.0,,,0 days 00:00:31.155000,0 days 00:00:49.516000,0 days 00:00:32.843000,0 days 00:59:25.012000,0 days 01:00:14.528000,0 days 01:00:47.371000,202.0,122.0,274.0,246.0,False,SOFT,2.0,True,Ferrari,0 days 00:58:53.857000,,1,,False,,False,True
2023-05,FP1,0 days 01:02:18.443000,LEC,16,0 days 00:01:31.072000,15.0,2.0,,,0 days 00:00:30.618000,0 days 00:00:34.746000,0 days 00:00:25.708000,0 days 01:01:17.989000,0 days 01:01:52.735000,0 days 01:02:18.443000,215.0,187.0,277.0,326.0,True,SOFT,3.0,True,Ferrari,0 days 01:00:47.371000,,1,,False,,False,True
2023-05,FP1,0 days 01:04:42.518000,LEC,16,0 days 00:02:24.075000,16.0,2.0,,0 days 01:04:34.566000,0 days 00:00:44.983000,0 days 00:00:55.465000,0 days 00:00:43.627000,0 days 01:03:03.426000,0 days 01:03:58.891000,0 days 01:04:42.518000,119.0,136.0,,142.0,False,SOFT,4.0,True,Ferrari,0 days 01:02:18.443000,,1,,False,,False,False
2023-05,FP1,0 days 01:07:15.673000,LEC,16,,17.0,3.0,0 days 01:05:15.956000,,0 days 00:01:16.073000,0 days 00:00:42.685000,0 days 00:00:34.409000,0 days 01:05:58.784000,0 days 01:06:41.455000,0 days 01:07:15.783000,171.0,146.0,275.0,211.0,False,SOFT,5.0,False,Ferrari,0 days 01:04:42.518000,,12,,False,,False,False
2023-05,FP1,0 days 01:08:46.475000,LEC,16,0 days 00:01:30.802000,18.0,3.0,,,0 days 00:00:30.518000,0 days 00:00:34.616000,0 days 00:00:25.668000,0 days 01:07:46.191000,0 days 01:08:20.807000,0 days 01:08:46.475000,219.0,187.0,277.0,329.0,True,SOFT,6.0,False,Ferrari,0 days 01:07:15.673000,,1,,False,,False,True
2023-05,FP1,0 days 01:11:12.518000,LEC,16,0 days 00:02:26.043000,19.0,3.0,,,0 days 00:00:51.204000,0 days 00:00:53.106000,0 days 00:00:41.733000,0 days 01:09:37.679000,0 days 01:10:30.785000,0 days 01:11:12.518000,114.0,120.0,277.0,226.0,False,SOFT,7.0,False,Ferrari,0 days 01:08:46.475000,,1,,False,,False,True
2023-05,FP1,0 days 01:12:42.967000,LEC,16,0 days 00:01:30.449000,20.0,3.0,,,0 days 00:00:30.593000,0 days 00:00:34.262000,0 days 00:00:25.594000,0 days 01:11:43.111000,0 days 01:12:17.373000,0 days 01:12:42.967000,218.0,185.0,278.0,327.0,True,SOFT,8.0,False,Ferrari,0 days 01:11:12.518000,,1,,False,,False,True
2023-05,FP1,0 days 01:14:30.199000,LEC,16,0 days 00:01:47.232000,21.0,3.0,,,0 days 00:00:34.495000,0 days 00:00:42.080000,0 days 00:00:30.657000,0 days 01:13:17.462000,0 days 01:13:59.542000,0 days 01:14:30.199000,185.0,154.0,234.0,225.0,False,SOFT,9.0,False,Ferrari,0 days 01:12:42.967000,,1,,False,,False,True
2023-05,FP1,0 days 01:16:44.911000,LEC,16,0 days 00:02:14.712000,22.0,3.0,,,0 days 00:00:39.677000,0 days 00:00:48.277000,0 days 00:00:46.758000,0 days 01:15:09.876000,0 days 01:15:58.153000,0 days 01:16:44.911000,158.0,123.0,36.0,171.0,False,SOFT,10.0,False,Ferrari,0 days 01:14:30.199000,,1,,False,,False,True
2023-05,FP1,0 days 01:19:04.728000,LEC,16,0 days 00:02:19.817000,23.0,3.0,,0 days 01:18:59.244000,0 days 00:01:00.354000,0 days 00:00:41.777000,0 days 00:00:37.686000,0 days 01:17:45.265000,0 days 01:18:27.042000,0 days 01:19:04.728000,173.0,161.0,,214.0,False,SOFT,11.0,False,Ferrari,0 days 01:16:44.911000,,1,,False,,False,False
2023-05,FP1,0 days 00:15:39.557000,STR,18,,1.0,1.0,0 days 00:13:56.084000,,,0 days 00:00:39.321000,0 days 00:00:28.446000,,0 days 00:15:11.318000,0 days 00:15:39.661000,183.0,170.0,273.0,263.0,False,HARD,1.0,True,Aston Martin,0 days 00:13:56.084000,,1,,False,,False,False
2023-05,FP1,0 days 00:17:16.488000,STR,18,0 days 00:01:36.931000,2.0,1.0,,,0 days 00:00:33.943000,0 days 00:00:36.433000,0 days 00:00:26.555000,0 days 00:16:13.500000,0 days 00:16:49.933000,0 days 00:17:16.488000,203.0,178.0,277.0,333.0,True,HARD,2.0,True,Aston Martin,0 days 00:15:39.557000,,1,,False,,False,True
2023-05,FP1,0 days 00:19:31.117000,STR,18,0 days 00:02:14.629000,3.0,1.0,,,0 days 00:00:44.822000,0 days 00:00:52.534000,0 days 00:00:37.273000,0 days 00:18:01.310000,0 days 00:18:53.844000,0 days 00:19:31.117000,159.0,90.0,278.0,229.0,False,HARD,3.0,True,Aston Martin,0 days 00:17:16.488000,,1,,False,,False,True
2023-05,FP1,0 days 00:21:05.815000,STR,18,0 days 00:01:34.698000,4.0,1.0,,,0 days 00:00:32.475000,0 days 00:00:36.058000,0 days 00:00:26.165000,0 days 00:20:03.592000,0 days 00:20:39.650000,0 days 00:21:05.815000,209.0,180.0,277.0,331.0,True,HARD,4.0,True,Aston Martin,0 days 00:19:31.117000,,1,,False,,False,True
2023-05,FP1,0 days 00:23:27.568000,STR,18,0 days 00:02:21.753000,5.0,1.0,,,0 days 00:00:56.923000,0 days 00:00:49.799000,0 days 00:00:35.031000,0 days 00:22:02.738000,0 days 00:22:52.537000,0 days 00:23:27.568000,74.0,80.0,279.0,106.0,False,HARD,5.0,True,Aston Martin,0 days 00:21:05.815000,,12,,False,,False,True
2023-05,FP1,0 days 00:25:22.169000,STR,18,0 days 00:01:54.601000,6.0,1.0,,,0 days 00:00:35.094000,0 days 00:00:46.695000,0 days 00:00:32.812000,0 days 00:24:02.662000,0 days 00:24:49.357000,0 days 00:25:22.169000,159.0,54.0,274.0,290.0,False,HARD,6.0,True,Aston Martin,0 days 00:23:27.568000,,1,,False,,False,True
2023-05,FP1,0 days 00:26:58.958000,STR,18,0 days 00:01:36.789000,7.0,1.0,,,0 days 00:00:32.534000,0 days 00:00:35.694000,0 days 00:00:28.561000,0 days 00:25:54.703000,0 days 00:26:30.397000,0 days 00:26:58.958000,209.0,184.0,252.0,332.0,False,HARD,7.0,True,Aston Martin,0 days 00:25:22.169000,,1,,False,,False,True
2023-05,FP1,0 days 00:29:22.161000,STR,18,0 days 00:02:23.203000,8.0,1.0,,,0 days 00:00:56.909000,0 days 00:00:54.153000,0 days 00:00:32.141000,0 days 00:27:55.867000,0 days 00:28:50.020000,0 days 00:29:22.161000,130.0,111.0,277.0,258.0,False,HARD,8.0,True,Aston Martin,0 days 00:26:58.958000,,1,,False,,False,True
2023-05,FP1,0 days 00:30:55.690000,STR,18,0 days 00:01:33.529000,9.0,1.0,,,0 days 00:00:31.943000,0 days 00:00:35.315000,0 days 00:00:26.271000,0 days 00:29:54.104000,0 days 00:30:29.419000,0 days 00:30:55.690000,212.0,185.0,276.0,332.0,True,HARD,9.0,True,Aston Martin,0 days 00:29:22.161000,,1,,False,,False,True
2023-05,FP1,0 days 00:32:55.662000,STR,18,0 days 00:01:59.972000,10.0,1.0,,0 days 00:32:49.947000,0 days 00:00:45.512000,0 days 00:00:38.654000,0 days 00:00:35.806000,0 days 00:31:41.202000,0 days 00:32:19.856000,0 days 00:32:55.662000,197.0,166.0,,225.0,False,HARD,10.0,True,Aston Martin,0 days 00:30:55.690000,,1,,False,,False,False
2023-05,FP1,0 days 00:41:52.105000,STR,18,,11.0,2.0,0 days 00:39:48.723000,,,0 days 00:00:46.368000,0 days 00:00:33.147000,,0 days 00:41:19.082000,0 days 00:41:52.113000,153.0,120.0,263.0,214.0,False,SOFT,1.0,True,Aston Martin,0 days 00:32:55.662000,,1,,False,,False,False
2023-05,FP1,0 days 00:44:21.345000,STR,18,0 days 00:02:29.240000,12.0,2.0,,,0 days 00:00:48.059000,0 days 00:01:01.200000,0 days 00:00:39.981000,0 days 00:42:40.164000,0 days 00:43:41.364000,0 days 00:44:21.345000,107.0,61.0,277.0,243.0,False,SOFT,2.0,True,Aston Martin,0 days 00:41:52.105000,,1,,False,,False,True
2023-05,FP1,0 days 00:46:34.026000,STR,18,0 days 00:02:12.681000,13.0,2.0,,,0 days 00:00:49.045000,0 days 00:00:52.521000,0 days 00:00:31.115000,0 days 00:45:10.390000,0 days 00:46:02.911000,0 days 00:46:34.026000,138.0,77.0,276.0,251.0,False,SOFT,3.0,True,Aston Martin,0 days 00:44:21.345000,,1,,False,,False,True
2023-05,FP1,0 days 00:59:06.101000,STR,18,,14.0,2.0,,0 days 00:48:36.921000,,,,,,,,,,,False,SOFT,4.0,True,Aston Martin,0 days 00:46:34.026000,,15,,False,,False,False
2023-05,FP1,0 days 01:01:00.008000,STR,18,,15.0,3.0,0 days 00:59:06.101000,,,0 days 00:00:38.696000,0 days 00:00:27.876000,,0 days 01:00:32.381000,0 days 01:01:00.084000,189.0,174.0,273.0,293.0,False,SOFT,5.0,False,Aston Martin,0 days 00:59:06.101000,,1,,False,,False,False
2023-05,FP1,0 days 01:02:32.271000,STR,18,0 days 00:01:32.263000,16.0,3.0,,,0 days 00:00:31.359000,0 days 00:00:35.147000,0 days 00:00:25.757000,0 days 01:01:31.367000,0 days 01:02:06.514000,0 days 01:02:32.271000,212.0,186.0,278.0,334.0,True,SOFT,6.0,False,Aston Martin,0 days 01:01:00.008000,,1,,False,,False,True
2023-05,FP1,0 days 01:05:00.718000,STR,18,0 days 00:02:28.447000,17.0,3.0,,,0 days 00:00:57.377000,0 days 00:00:58.261000,0 days 00:00:32.809000,0 days 01:03:29.648000,0 days 01:04:27.909000,0 days 01:05:00.718000,107.0,145.0,277.0,233.0,False,SOFT,7.0,False,Aston Martin,0 days 01:02:32.271000,,1,,False,,False,True
2023-05,FP1,0 days 01:07:25.561000,STR,18,0 days 00:02:24.843000,18.0,3.0,,,0 days 00:00:58.179000,0 days 00:00:50.250000,0 days 00:00:36.414000,0 days 01:05:58.897000,0 days 01:06:49.147000,0 days 01:07:25.561000,113.0,98.0,277.0,250.0,False,SOFT,8.0,False,Aston Martin,0 days 01:05:00.718000,,12,,False,,False,True
2023-05,FP1,0 days 01:08:57.142000,STR,18,0 days 00:01:31.581000,19.0,3.0,,,0 days 00:00:31.052000,0 days 00:00:34.789000,0 days 00:00:25.740000,0 days 01:07:56.613000,0 days 01:08:31.402000,0 days 01:08:57.142000,215.0,187.0,278.0,336.0,True,SOFT,9.0,False,Aston Martin,0 days 01:07:25.561000,,1,,False,,False,True
2023-05,FP1,0 days 01:11:10.812000,STR,18,0 days 00:02:13.670000,20.0,3.0,,,0 days 00:00:56.695000,0 days 00:00:42.353000,0 days 00:00:34.622000,0 days 01:09:53.837000,0 days 01:10:36.190000,0 days 01:11:10.812000,160.0,116.0,183.0,213.0,False,SOFT,10.0,False,Aston Martin,0 days 01:08:57.142000,,1,,False,,False,True
2023-05,FP1,0 days 01:13:25.282000,STR,18,0 days 00:02:14.470000,21.0,3.0,,,0 days 00:00:55.753000,0 days 00:00:50.303000,0 days 00:00:28.414000,0 days 01:12:06.565000,0 days 01:12:56.868000,0 days 01:13:25.282000,136.0,156.0,279.0,231.0,False,SOFT,11.0,False,Aston Martin,0 days 01:11:10.812000,,1,,False,,False,True
2023-05,FP1,0 days 01:14:56.619000,STR,18,0 days 00:01:31.337000,22.0,3.0,,,0 days 00:00:30.922000,0 days 00:00:34.669000,0 days 00:00:25.746000,0 days 01:13:56.204000,0 days 01:14:30.873000,0 days 01:14:56.619000,217.0,188.0,278.0,335.0,True,SOFT,12.0,False,Aston Martin,0 days 01:13:25.282000,,1,,False,,False,True
2023-05,FP1,0 days 01:17:42.612000,STR,18,,23.0,3.0,,,0 days 00:00:45.956000,0 days 00:00:48.487000,0 days 00:01:11.490000,0 days 01:15:42.762000,0 days 01:16:31.324000,0 days 01:17:42.917000,110.0,102.0,4.0,186.0,False,SOFT,13.0,False,Aston Martin,0 days 01:14:56.619000,,1,,False,,False,False
2023-05,FP1,0 days 01:19:30.947000,STR,18,0 days 00:01:48.335000,24.0,3.0,,0 days 01:19:25.415000,0 days 00:00:38.795000,0 days 00:00:37.100000,0 days 00:00:32.440000,0 days 01:18:21.407000,0 days 01:18:58.507000,0 days 01:19:30.947000,207.0,172.0,,285.0,False,SOFT,14.0,False,Aston Martin,0 days 01:17:42.612000,,1,,False,,False,False
2023-05,FP1,0 days 00:17:00.036000,SAR,2,,1.0,1.0,0 days 00:14:48.959000,,,0 days 00:00:43.145000,0 days 00:00:44.429000,,0 days 00:16:15.802000,0 days 00:17:00.145000,177.0,125.0,275.0,80.0,False,MEDIUM,1.0,True,Williams,0 days 00:14:48.959000,,1,,False,,False,False
2023-05,FP1,0 days 00:18:37.056000,SAR,2,0 days 00:01:37.020000,2.0,1.0,,,0 days 00:00:34.344000,0 days 00:00:36.474000,0 days 00:00:26.202000,0 days 00:17:34.380000,0 days 00:18:10.854000,0 days 00:18:37.056000,199.0,179.0,277.0,334.0,True,MEDIUM,2.0,True,Williams,0 days 00:17:00.036000,,1,,False,,False,True
2023-05,FP1,0 days 00:20:32.593000,SAR,2,0 days 00:01:55.537000,3.0,1.0,,,0 days 00:00:46.389000,0 days 00:00:41.356000,0 days 00:00:27.792000,0 days 00:19:23.445000,0 days 00:20:04.801000,0 days 00:20:32.593000,177.0,155.0,278.0,301.0,False,MEDIUM,3.0,True,Williams,0 days 00:18:37.056000,,1,,False,,False,True
2023-05,FP1,0 days 00:22:08.704000,SAR,2,0 days 00:01:36.111000,4.0,1.0,,,0 days 00:00:33.752000,0 days 00:00:36.262000,0 days 00:00:26.097000,0 days 00:21:06.345000,0 days 00:21:42.607000,0 days 00:22:08.704000,204.0,180.0,278.0,334.0,True,MEDIUM,4.0,True,Williams,0 days 00:20:32.593000,,1,,False,,False,True
2023-05,FP1,0 days 00:24:22.492000,SAR,2,0 days 00:02:13.788000,5.0,1.0,,,0 days 00:00:46.243000,0 days 00:00:48.182000,0 days 00:00:39.363000,0 days 00:22:54.947000,0 days 00:23:43.129000,0 days 00:24:22.492000,163.0,111.0,277.0,113.0,False,MEDIUM,5.0,True,Williams,0 days 00:22:08.704000,,12,,False,,False,True
2023-05,FP1,0 days 00:25:58.637000,SAR,2,0 days 00:01:36.145000,6.0,1.0,,,0 days 00:00:33.505000,0 days 00:00:36.430000,0 days 00:00:26.210000,0 days 00:24:55.997000,0 days 00:25:32.427000,0 days 00:25:58.637000,204.0,181.0,275.0,337.0,False,MEDIUM,6.0,True,Williams,0 days 00:24:22.492000,,1,,False,,False,True
2023-05,FP1,0 days 00:28:15.581000,SAR,2,0 days 00:02:16.944000,7.0,1.0,,,0 days 00:00:45.639000,0 days 00:00:45.568000,0 days 00:00:45.737000,0 days 00:26:44.276000,0 days 00:27:29.844000,0 days 00:28:15.581000,124.0,82.0,279.0,164.0,False,MEDIUM,7.0,True,Williams,0 days 00:25:58.637000,,1,,False,,False,True
2023-05,FP1,0 days 00:29:50.097000,SAR,2,0 days 00:01:34.516000,8.0,1.0,,,0 days 00:00:33.280000,0 days 00:00:35.459000,0 days 00:00:25.777000,0 days 00:28:48.861000,0 days 00:29:24.320000,0 days 00:29:50.097000,209.0,185.0,282.0,340.0,True,MEDIUM,8.0,True,Williams,0 days 00:28:15.581000,,1,,False,,False,True
2023-05,FP1,0 days 00:31:46.510000,SAR,2,0 days 00:01:56.413000,9.0,1.0,,0 days 00:31:40.744000,0 days 00:00:41.284000,0 days 00:00:40.641000,0 days 00:00:34.488000,0 days 00:30:31.381000,0 days 00:31:12.022000,0 days 00:31:46.510000,180.0,172.0,,286.0,False,MEDIUM,9.0,True,Williams,0 days 00:29:50.097000,,1,,False,,False,False
2023-05,FP1,0 days 00:40:23.081000,SAR,2,,10.0,2.0,0 days 00:38:35.271000,,,0 days 00:00:39.144000,0 days 00:00:30.681000,,0 days 00:39:52.551000,0 days 00:40:23.098000,194.0,174.0,277.0,248.0,False,SOFT,1.0,True,Williams,0 days 00:31:46.510000,,1,,False,,False,False
2023-05,FP1,0 days 00:41:56.612000,SAR,2,0 days 00:01:33.531000,11.0,2.0,,,0 days 00:00:32.248000,0 days 00:00:35.567000,0 days 00:00:25.716000,0 days 00:40:55.329000,0 days 00:41:30.896000,0 days 00:41:56.612000,209.0,182.0,279.0,333.0,True,SOFT,2.0,True,Williams,0 days 00:40:23.081000,,1,,False,,False,True
2023-05,FP1,0 days 00:44:02.491000,SAR,2,0 days 00:02:05.879000,12.0,2.0,,0 days 00:43:56.814000,0 days 00:00:44.045000,0 days 00:00:46.413000,0 days 00:00:35.421000,0 days 00:42:40.657000,0 days 00:43:27.070000,0 days 00:44:02.491000,150.0,111.0,,297.0,False,SOFT,3.0,True,Williams,0 days 00:41:56.612000,,1,,False,,False,False
2023-05,FP1,0 days 00:46:13.305000,SAR,2,0 days 00:02:10.814000,13.0,3.0,0 days 00:44:19.705000,,0 days 00:01:01.290000,0 days 00:00:42.077000,0 days 00:00:27.447000,0 days 00:45:03.781000,0 days 00:45:45.858000,0 days 00:46:13.305000,185.0,163.0,277.0,302.0,False,SOFT,4.0,False,Williams,0 days 00:44:02.491000,,1,,False,,False,False
2023-05,FP1,0 days 00:56:03.556000,SAR,2,,14.0,3.0,,0 days 00:48:09.671000,0 days 00:00:31.675000,,,0 days 00:46:45.156000,,,215.0,,,,False,SOFT,5.0,False,Williams,0 days 00:46:13.305000,,15,,False,,False,False
2023-05,FP1,0 days 00:57:52.628000,SAR,2,,15.0,4.0,0 days 00:56:03.556000,,,0 days 00:00:42.164000,0 days 00:00:28.091000,,0 days 00:57:24.758000,0 days 00:57:52.696000,202.0,168.0,279.0,301.0,False,SOFT,6.0,False,Williams,0 days 00:56:03.556000,,1,,False,,False,False
2023-05,FP1,0 days 00:59:25.632000,SAR,2,0 days 00:01:33.004000,16.0,4.0,,,0 days 00:00:32.101000,0 days 00:00:35.267000,0 days 00:00:25.636000,0 days 00:58:24.729000,0 days 00:58:59.996000,0 days 00:59:25.632000,216.0,185.0,278.0,336.0,True,SOFT,7.0,False,Williams,0 days 00:57:52.628000,,1,,False,,False,True
2023-05,FP1,0 days 01:01:31.652000,SAR,2,0 days 00:02:06.020000,17.0,4.0,,0 days 01:01:25.787000,0 days 00:00:44.411000,0 days 00:00:44.516000,0 days 00:00:37.093000,0 days 01:00:10.043000,0 days 01:00:54.559000,0 days 01:01:31.652000,130.0,132.0,,266.0,False,SOFT,8.0,False,Williams,0 days 00:59:25.632000,,1,,False,,False,False
2023-05,FP1,0 days 01:04:09.399000,SAR,2,,18.0,5.0,0 days 01:01:58.865000,,0 days 00:01:13.470000,0 days 00:00:41.705000,0 days 00:00:42.563000,0 days 01:02:45.286000,0 days 01:03:26.973000,0 days 01:04:09.441000,165.0,72.0,278.0,172.0,False,SOFT,9.0,False,Williams,0 days 01:01:31.652000,,1,,False,,False,False
2023-05,FP1,0 days 01:05:42.018000,SAR,2,0 days 00:01:32.619000,19.0,5.0,,,0 days 00:00:31.564000,0 days 00:00:35.323000,0 days 00:00:25.732000,0 days 01:04:40.963000,0 days 01:05:16.286000,0 days 01:05:42.018000,213.0,186.0,278.0,336.0,True,SOFT,10.0,False,Williams,0 days 01:04:09.399000,,12,,False,,False,True
2023-05,FP1,0 days 01:07:16.620000,SAR,2,0 days 00:01:34.602000,20.0,5.0,,,0 days 00:00:32.419000,0 days 00:00:35.941000,0 days 00:00:26.242000,0 days 01:06:14.437000,0 days 01:06:50.378000,0 days 01:07:16.620000,208.0,183.0,277.0,320.0,False,SOFT,11.0,False,Williams,0 days 01:05:42.018000,,1,,False,,False,True
2023-05,FP1,0 days 01:08:51.117000,SAR,2,0 days 00:01:34.497000,21.0,5.0,,,0 days 00:00:32.749000,0 days 00:00:35.741000,0 days 00:00:26.007000,0 days 01:07:49.369000,0 days 01:08:25.110000,0 days 01:08:51.117000,215.0,185.0,275.0,318.0,False,SOFT,12.0,False,Williams,0 days 01:07:16.620000,,1,,False,,False,True
2023-05,FP1,0 days 01:10:25.678000,SAR,2,0 days 00:01:34.561000,22.0,5.0,,,0 days 00:00:32.495000,0 days 00:00:35.708000,0 days 00:00:26.358000,0 days 01:09:23.612000,0 days 01:09:59.320000,0 days 01:10:25.678000,214.0,184.0,274.0,315.0,False,SOFT,13.0,False,Williams,0 days 01:08:51.117000,,1,,False,,False,True
2023-05,FP1,0 days 01:12:00.777000,SAR,2,0 days 00:01:35.099000,23.0,5.0,,,0 days 00:00:32.649000,0 days 00:00:36.217000,0 days 00:00:26.233000,0 days 01:10:58.327000,0 days 01:11:34.544000,0 days 01:12:00.777000,213.0,183.0,275.0,314.0,False,SOFT,14.0,False,Williams,0 days 01:10:25.678000,,1,,False,,False,True
2023-05,FP1,0 days 01:13:39.756000,SAR,2,0 days 00:01:38.979000,24.0,5.0,,,0 days 00:00:35.265000,0 days 00:00:37.487000,0 days 00:00:26.227000,0 days 01:12:36.042000,0 days 01:13:13.529000,0 days 01:13:39.756000,175.0,182.0,278.0,323.0,False,SOFT,15.0,False,Williams,0 days 01:12:00.777000,,1,,False,,False,True
2023-05,FP1,0 days 01:15:15.794000,SAR,2,0 days 00:01:36.038000,25.0,5.0,,,0 days 00:00:33.127000,0 days 00:00:35.976000,0 days 00:00:26.935000,0 days 01:14:12.883000,0 days 01:14:48.859000,0 days 01:15:15.794000,215.0,182.0,276.0,321.0,False,SOFT,16.0,False,Williams,0 days 01:13:39.756000,,1,,False,,False,True
2023-05,FP1,0 days 01:17:28.613000,SAR,2,0 days 00:02:12.819000,26.0,5.0,,,0 days 00:00:39.489000,0 days 00:00:45.302000,0 days 00:00:48.028000,0 days 01:15:55.283000,0 days 01:16:40.585000,0 days 01:17:28.613000,167.0,122.0,62.0,198.0,False,SOFT,17.0,False,Williams,0 days 01:15:15.794000,,1,,False,,False,True
2023-05,FP1,0 days 01:19:49.923000,SAR,2,0 days 00:02:21.310000,27.0,5.0,,0 days 01:19:44.368000,0 days 00:01:04.960000,0 days 00:00:41.921000,0 days 00:00:34.429000,0 days 01:18:33.573000,0 days 01:19:15.494000,0 days 01:19:49.923000,187.0,171.0,,301.0,False,SOFT,18.0,False,Williams,0 days 01:17:28.613000,,1,,False,,False,False
2023-05,FP1,0 days 00:15:34.709000,MAG,20,,1.0,1.0,0 days 00:13:51.772000,,,0 days 00:00:39.838000,0 days 00:00:28.038000,,0 days 00:15:06.881000,0 days 00:15:34.802000,199.0,164.0,269.0,302.0,False,MEDIUM,1.0,True,Haas F1 Team,0 days 00:13:51.772000,,1,,False,,False,False
2023-05,FP1,0 days 00:17:11.561000,MAG,20,0 days 00:01:36.852000,2.0,1.0,,,0 days 00:00:33.334000,0 days 00:00:36.739000,0 days 00:00:26.779000,0 days 00:16:08.043000,0 days 00:16:44.782000,0 days 00:17:11.561000,204.0,180.0,275.0,322.0,True,MEDIUM,2.0,True,Haas F1 Team,0 days 00:15:34.709000,,1,,False,,False,True
2023-05,FP1,0 days 00:18:49.295000,MAG,20,0 days 00:01:37.734000,3.0,1.0,,,0 days 00:00:32.841000,0 days 00:00:38.027000,0 days 00:00:26.866000,0 days 00:17:44.402000,0 days 00:18:22.429000,0 days 00:18:49.295000,202.0,173.0,273.0,306.0,False,MEDIUM,3.0,True,Haas F1 Team,0 days 00:17:11.561000,,1,,False,,False,True
2023-05,FP1,0 days 00:20:24.971000,MAG,20,0 days 00:01:35.676000,4.0,1.0,,,0 days 00:00:32.645000,0 days 00:00:36.534000,0 days 00:00:26.497000,0 days 00:19:21.940000,0 days 00:19:58.474000,0 days 00:20:24.971000,209.0,179.0,273.0,310.0,True,MEDIUM,4.0,True,Haas F1 Team,0 days 00:18:49.295000,,1,,False,,False,True
2023-05,FP1,0 days 00:22:25.999000,MAG,20,0 days 00:02:01.028000,5.0,1.0,,,0 days 00:00:36.197000,0 days 00:00:47.832000,0 days 00:00:36.999000,0 days 00:21:01.168000,0 days 00:21:49,0 days 00:22:25.999000,174.0,154.0,277.0,122.0,False,MEDIUM,5.0,True,Haas F1 Team,0 days 00:20:24.971000,,1,,False,,False,True
2023-05,FP1,0 days 00:24:17.659000,MAG,20,0 days 00:01:51.660000,6.0,1.0,,,0 days 00:00:32.007000,0 days 00:00:43.135000,0 days 00:00:36.518000,0 days 00:22:58.006000,0 days 00:23:41.141000,0 days 00:24:17.659000,210.0,117.0,277.0,213.0,False,MEDIUM,6.0,True,Haas F1 Team,0 days 00:22:25.999000,,12,,False,,False,True
2023-05,FP1,0 days 00:25:52.639000,MAG,20,0 days 00:01:34.980000,7.0,1.0,,,0 days 00:00:31.733000,0 days 00:00:36.031000,0 days 00:00:27.216000,0 days 00:24:49.392000,0 days 00:25:25.423000,0 days 00:25:52.639000,213.0,181.0,276.0,331.0,True,MEDIUM,7.0,True,Haas F1 Team,0 days 00:24:17.659000,,1,,False,,False,True
2023-05,FP1,0 days 00:27:45.934000,MAG,20,0 days 00:01:53.295000,8.0,1.0,,0 days 00:27:40.310000,0 days 00:00:34.774000,0 days 00:00:38.704000,0 days 00:00:39.817000,0 days 00:26:27.413000,0 days 00:27:06.117000,0 days 00:27:45.934000,196.0,163.0,,198.0,False,MEDIUM,8.0,True,Haas F1 Team,0 days 00:25:52.639000,,1,,False,,False,False
2023-05,FP1,0 days 00:39:28.557000,MAG,20,,9.0,2.0,0 days 00:37:32.350000,,,0 days 00:00:43.130000,0 days 00:00:36.504000,,0 days 00:38:52.208000,0 days 00:39:28.614000,162.0,86.0,274.0,173.0,False,SOFT,1.0,True,Haas F1 Team,0 days 00:27:45.934000,,1,,False,,False,False
2023-05,FP1,0 days 00:41:00.410000,MAG,20,0 days 00:01:31.853000,10.0,2.0,,,0 days 00:00:31.072000,0 days 00:00:34.954000,0 days 00:00:25.827000,0 days 00:39:59.629000,0 days 00:40:34.583000,0 days 00:41:00.410000,214.0,185.0,279.0,330.0,True,SOFT,2.0,True,Haas F1 Team,0 days 00:39:28.557000,,1,,False,,False,True
2023-05,FP1,0 days 00:43:05.335000,MAG,20,0 days 00:02:04.925000,11.0,2.0,,,0 days 00:00:43.608000,0 days 00:00:43.696000,0 days 00:00:37.621000,0 days 00:41:44.018000,0 days 00:42:27.714000,0 days 00:43:05.335000,175.0,142.0,245.0,144.0,False,SOFT,3.0,True,Haas F1 Team,0 days 00:41:00.410000,,1,,False,,False,True
2023-05,FP1,0 days 00:45:19.462000,MAG,20,0 days 00:02:14.127000,12.0,2.0,,,0 days 00:00:42.938000,0 days 00:00:51.369000,0 days 00:00:39.820000,0 days 00:43:48.273000,0 days 00:44:39.642000,0 days 00:45:19.462000,159.0,106.0,273.0,217.0,False,SOFT,4.0,True,Haas F1 Team,0 days 00:43:05.335000,,1,,False,,False,True
2023-05,FP1,0 days 00:46:51.790000,MAG,20,0 days 00:01:32.328000,13.0,2.0,,,0 days 00:00:31.052000,0 days 00:00:35.423000,0 days 00:00:25.853000,0 days 00:45:50.514000,0 days 00:46:25.937000,0 days 00:46:51.790000,212.0,187.0,279.0,331.0,False,SOFT,5.0,True,Haas F1 Team,0 days 00:45:19.462000,,1,,False,,False,True
2023-05,FP1,0 days 01:00:17.788000,MAG,20,,14.0,2.0,,0 days 00:49:00.670000,,,,,,,,,,,False,SOFT,6.0,True,Haas F1 Team,0 days 00:46:51.790000,,15,,False,,False,False
2023-05,FP1,0 days 01:01:53.415000,MAG,20,,15.0,3.0,0 days 01:00:17.788000,,,0 days 00:00:36.433000,0 days 00:00:26.743000,,0 days 01:01:26.756000,0 days 01:01:53.443000,205.0,181.0,271.0,304.0,False,MEDIUM,9.0,False,Haas F1 Team,0 days 01:00:17.788000,,1,,False,,False,False
2023-05,FP1,0 days 01:03:30.381000,MAG,20,0 days 00:01:36.966000,16.0,3.0,,,0 days 00:00:33.605000,0 days 00:00:36.641000,0 days 00:00:26.720000,0 days 01:02:27.020000,0 days 01:03:03.661000,0 days 01:03:30.381000,195.0,178.0,267.0,301.0,False,MEDIUM,10.0,False,Haas F1 Team,0 days 01:01:53.415000,,1,,False,,False,True
2023-05,FP1,0 days 01:05:06.097000,MAG,20,0 days 00:01:35.716000,17.0,3.0,,,0 days 00:00:32.683000,0 days 00:00:36.379000,0 days 00:00:26.654000,0 days 01:04:03.064000,0 days 01:04:39.443000,0 days 01:05:06.097000,204.0,181.0,270.0,310.0,False,MEDIUM,11.0,False,Haas F1 Team,0 days 01:03:30.381000,,12,,False,,False,True
2023-05,FP1,0 days 01:06:42.728000,MAG,20,0 days 00:01:36.631000,18.0,3.0,,,0 days 00:00:32.856000,0 days 00:00:36.520000,0 days 00:00:27.255000,0 days 01:05:38.953000,0 days 01:06:15.473000,0 days 01:06:42.728000,202.0,180.0,268.0,303.0,False,MEDIUM,12.0,False,Haas F1 Team,0 days 01:05:06.097000,,21,,False,,False,True
2023-05,FP1,0 days 01:08:19.141000,MAG,20,0 days 00:01:36.413000,19.0,3.0,,,0 days 00:00:33.115000,0 days 00:00:36.471000,0 days 00:00:26.827000,0 days 01:07:15.843000,0 days 01:07:52.314000,0 days 01:08:19.141000,201.0,180.0,269.0,301.0,False,MEDIUM,13.0,False,Haas F1 Team,0 days 01:06:42.728000,,1,,False,,False,True
2023-05,FP1,0 days 01:09:55.466000,MAG,20,0 days 00:01:36.325000,20.0,3.0,,,0 days 00:00:32.827000,0 days 00:00:36.569000,0 days 00:00:26.929000,0 days 01:08:51.968000,0 days 01:09:28.537000,0 days 01:09:55.466000,202.0,180.0,271.0,305.0,False,MEDIUM,14.0,False,Haas F1 Team,0 days 01:08:19.141000,,1,,False,,False,True
2023-05,FP1,0 days 01:11:37.393000,MAG,20,0 days 00:01:41.927000,21.0,3.0,,,0 days 00:00:33.699000,0 days 00:00:36.654000,0 days 00:00:31.574000,0 days 01:10:29.165000,0 days 01:11:05.819000,0 days 01:11:37.393000,203.0,178.0,271.0,293.0,False,MEDIUM,15.0,False,Haas F1 Team,0 days 01:09:55.466000,,1,,False,,False,True
2023-05,FP1,0 days 01:13:13.632000,MAG,20,0 days 00:01:36.239000,22.0,3.0,,,0 days 00:00:32.911000,0 days 00:00:36.269000,0 days 00:00:27.059000,0 days 01:12:10.304000,0 days 01:12:46.573000,0 days 01:13:13.632000,207.0,179.0,272.0,305.0,False,MEDIUM,16.0,False,Haas F1 Team,0 days 01:11:37.393000,,1,,False,,False,True
2023-05,FP1,0 days 01:14:49.840000,MAG,20,0 days 00:01:36.208000,23.0,3.0,,,0 days 00:00:32.853000,0 days 00:00:36.469000,0 days 00:00:26.886000,0 days 01:13:46.485000,0 days 01:14:22.954000,0 days 01:14:49.840000,207.0,178.0,270.0,304.0,False,MEDIUM,17.0,False,Haas F1 Team,0 days 01:13:13.632000,,1,,False,,False,True
2023-05,FP1,0 days 01:16:48.186000,MAG,20,0 days 00:01:58.346000,24.0,3.0,,,0 days 00:00:32.960000,0 days 00:00:41.296000,0 days 00:00:44.090000,0 days 01:15:22.800000,0 days 01:16:04.096000,0 days 01:16:48.186000,206.0,164.0,47.0,159.0,False,MEDIUM,18.0,False,Haas F1 Team,0 days 01:14:49.840000,,1,,False,,False,True
2023-05,FP1,0 days 01:19:18.697000,MAG,20,,25.0,3.0,,0 days 01:19:13.072000,0 days 00:00:58.713000,0 days 00:00:47.126000,0 days 00:00:44.692000,0 days 01:17:47.010000,0 days 01:18:34.104000,0 days 01:19:18.697000,205.0,81.0,,224.0,False,MEDIUM,19.0,False,Haas F1 Team,0 days 01:16:48.186000,,1,,False,,False,False
2023-05,FP1,0 days 00:15:58.543000,DEV,21,,1.0,1.0,0 days 00:14:04.788000,,,0 days 00:00:43.276000,0 days 00:00:29.403000,,0 days 00:15:29.334000,0 days 00:15:58.646000,164.0,146.0,265.0,310.0,False,HARD,1.0,True,AlphaTauri,0 days 00:14:04.788000,,1,,False,,False,False
2023-05,FP1,0 days 00:17:42.238000,DEV,21,0 days 00:01:43.695000,2.0,1.0,,,0 days 00:00:37.483000,0 days 00:00:38.928000,0 days 00:00:27.284000,0 days 00:16:36.026000,0 days 00:17:14.954000,0 days 00:17:42.238000,192.0,173.0,274.0,310.0,True,HARD,2.0,True,AlphaTauri,0 days 00:15:58.543000,,1,,False,,False,True
2023-05,FP1,0 days 00:19:19.485000,DEV,21,0 days 00:01:37.247000,3.0,1.0,,,0 days 00:00:33.871000,0 days 00:00:36.909000,0 days 00:00:26.467000,0 days 00:18:16.109000,0 days 00:18:53.018000,0 days 00:19:19.485000,203.0,180.0,276.0,330.0,True,HARD,3.0,True,AlphaTauri,0 days 00:17:42.238000,,1,,False,,False,True
2023-05,FP1,0 days 00:21:22.583000,DEV,21,0 days 00:02:03.098000,4.0,1.0,,,0 days 00:00:47.189000,0 days 00:00:46.673000,0 days 00:00:29.236000,0 days 00:20:06.674000,0 days 00:20:53.347000,0 days 00:21:22.583000,145.0,155.0,277.0,279.0,False,HARD,4.0,True,AlphaTauri,0 days 00:19:19.485000,,1,,False,,False,True
2023-05,FP1,0 days 00:23:50.209000,DEV,21,0 days 00:02:27.626000,5.0,1.0,,,0 days 00:00:33.079000,0 days 00:01:22.096000,0 days 00:00:32.451000,0 days 00:21:55.662000,0 days 00:23:17.758000,0 days 00:23:50.209000,206.0,162.0,275.0,207.0,False,HARD,5.0,True,AlphaTauri,0 days 00:21:22.583000,,12,,False,,False,True
2023-05,FP1,0 days 00:25:25.310000,DEV,21,0 days 00:01:35.101000,6.0,1.0,,,0 days 00:00:32.575000,0 days 00:00:36.120000,0 days 00:00:26.406000,0 days 00:24:22.784000,0 days 00:24:58.904000,0 days 00:25:25.310000,210.0,180.0,276.0,332.0,True,HARD,6.0,True,AlphaTauri,0 days 00:23:50.209000,,1,,False,,False,True
2023-05,FP1,0 days 00:27:18.481000,DEV,21,0 days 00:01:53.171000,7.0,1.0,,,0 days 00:00:43.685000,0 days 00:00:41.295000,0 days 00:00:28.191000,0 days 00:26:08.995000,0 days 00:26:50.290000,0 days 00:27:18.481000,169.0,162.0,276.0,293.0,False,HARD,7.0,True,AlphaTauri,0 days 00:25:25.310000,,1,,False,,False,True
2023-05,FP1,0 days 00:28:53.118000,DEV,21,0 days 00:01:34.637000,8.0,1.0,,,0 days 00:00:32.678000,0 days 00:00:35.925000,0 days 00:00:26.034000,0 days 00:27:51.159000,0 days 00:28:27.084000,0 days 00:28:53.118000,201.0,182.0,276.0,332.0,True,HARD,8.0,True,AlphaTauri,0 days 00:27:18.481000,,1,,False,,False,True
2023-05,FP1,0 days 00:30:57.213000,DEV,21,0 days 00:02:04.095000,9.0,1.0,,,0 days 00:00:40.569000,0 days 00:00:45.190000,0 days 00:00:38.336000,0 days 00:29:33.687000,0 days 00:30:18.877000,0 days 00:30:57.213000,155.0,150.0,272.0,170.0,False,HARD,9.0,True,AlphaTauri,0 days 00:28:53.118000,,1,,False,,False,True
2023-05,FP1,0 days 00:32:40.755000,DEV,21,0 days 00:01:43.542000,10.0,1.0,,0 days 00:32:34.900000,0 days 00:00:33.457000,0 days 00:00:36.418000,0 days 00:00:33.667000,0 days 00:31:30.670000,0 days 00:32:07.088000,0 days 00:32:40.755000,209.0,177.0,,289.0,False,HARD,10.0,True,AlphaTauri,0 days 00:30:57.213000,,1,,False,,False,False
2023-05,FP1,0 days 00:16:34.816000,TSU,22,,1.0,1.0,0 days 00:14:37.068000,,,0 days 00:00:39.640000,0 days 00:00:39.976000,,0 days 00:15:55.021000,0 days 00:16:34.911000,188.0,163.0,267.0,119.0,False,HARD,1.0,True,AlphaTauri,0 days 00:14:37.068000,,1,,False,,False,False
2023-05,FP1,0 days 00:18:13.773000,TSU,22,0 days 00:01:38.957000,2.0,1.0,,,0 days 00:00:34.900000,0 days 00:00:37.445000,0 days 00:00:26.612000,0 days 00:17:09.716000,0 days 00:17:47.161000,0 days 00:18:13.773000,183.0,179.0,275.0,326.0,True,HARD,2.0,True,AlphaTauri,0 days 00:16:34.816000,,1,,False,,False,True
2023-05,FP1,0 days 00:20:15.909000,TSU,22,0 days 00:02:02.136000,3.0,1.0,,,0 days 00:00:45.400000,0 days 00:00:45.484000,0 days 00:00:31.252000,0 days 00:18:59.173000,0 days 00:19:44.657000,0 days 00:20:15.909000,177.0,133.0,276.0,140.0,False,HARD,3.0,True,AlphaTauri,0 days 00:18:13.773000,,1,,False,,False,True
2023-05,FP1,0 days 00:21:51.806000,TSU,22,0 days 00:01:35.897000,4.0,1.0,,,0 days 00:00:33.446000,0 days 00:00:36.175000,0 days 00:00:26.276000,0 days 00:20:49.355000,0 days 00:21:25.530000,0 days 00:21:51.806000,205.0,183.0,278.0,331.0,True,HARD,4.0,True,AlphaTauri,0 days 00:20:15.909000,,1,,False,,False,True
2023-05,FP1,0 days 00:23:57.440000,TSU,22,0 days 00:02:05.634000,5.0,1.0,,,0 days 00:00:47.492000,0 days 00:00:43.167000,0 days 00:00:34.975000,0 days 00:22:39.298000,0 days 00:23:22.465000,0 days 00:23:57.440000,171.0,136.0,277.0,138.0,False,HARD,5.0,True,AlphaTauri,0 days 00:21:51.806000,,12,,False,,False,True
2023-05,FP1,0 days 00:25:31.999000,TSU,22,0 days 00:01:34.559000,6.0,1.0,,,0 days 00:00:32.742000,0 days 00:00:35.780000,0 days 00:00:26.037000,0 days 00:24:30.182000,0 days 00:25:05.962000,0 days 00:25:31.999000,208.0,184.0,277.0,334.0,True,HARD,6.0,True,AlphaTauri,0 days 00:23:57.440000,,1,,False,,False,True
2023-05,FP1,0 days 00:27:28.154000,TSU,22,0 days 00:01:56.155000,7.0,1.0,,0 days 00:27:22.372000,0 days 00:00:38.044000,0 days 00:00:41.715000,0 days 00:00:36.396000,0 days 00:26:10.043000,0 days 00:26:51.758000,0 days 00:27:28.154000,185.0,157.0,,293.0,False,HARD,7.0,True,AlphaTauri,0 days 00:25:31.999000,,1,,False,,False,False
2023-05,FP1,0 days 00:31:36.016000,TSU,22,,8.0,2.0,0 days 00:29:53.027000,,,0 days 00:00:38.486000,0 days 00:00:28.675000,,0 days 00:31:07.510000,0 days 00:31:36.135000,194.0,164.0,278.0,287.0,False,HARD,8.0,False,AlphaTauri,0 days 00:27:28.154000,,1,,False,,False,False
2023-05,FP1,0 days 00:33:12.838000,TSU,22,0 days 00:01:36.822000,9.0,2.0,,,0 days 00:00:34.771000,0 days 00:00:36.019000,0 days 00:00:26.032000,0 days 00:32:10.787000,0 days 00:32:46.806000,0 days 00:33:12.838000,204.0,181.0,277.0,332.0,False,HARD,9.0,False,AlphaTauri,0 days 00:31:36.016000,,1,,False,,False,True
2023-05,FP1,0 days 00:35:15.492000,TSU,22,0 days 00:02:02.654000,10.0,2.0,,,0 days 00:00:46.023000,0 days 00:00:46.579000,0 days 00:00:30.052000,0 days 00:33:58.861000,0 days 00:34:45.440000,0 days 00:35:15.492000,153.0,138.0,276.0,281.0,False,HARD,10.0,False,AlphaTauri,0 days 00:33:12.838000,,1,,False,,False,True
2023-05,FP1,0 days 00:36:49.219000,TSU,22,0 days 00:01:33.727000,11.0,2.0,,,0 days 00:00:32.132000,0 days 00:00:35.738000,0 days 00:00:25.857000,0 days 00:35:47.624000,0 days 00:36:23.362000,0 days 00:36:49.219000,210.0,183.0,276.0,333.0,True,HARD,11.0,False,AlphaTauri,0 days 00:35:15.492000,,1,,False,,False,True
2023-05,FP1,0 days 00:38:41.750000,TSU,22,0 days 00:01:52.531000,12.0,2.0,,0 days 00:38:35.974000,0 days 00:00:38.614000,0 days 00:00:39.264000,0 days 00:00:34.653000,0 days 00:37:27.833000,0 days 00:38:07.097000,0 days 00:38:41.750000,181.0,169.0,,301.0,False,HARD,12.0,False,AlphaTauri,0 days 00:36:49.219000,,1,,False,,False,False
2023-05,FP1,0 days 00:40:58.008000,TSU,22,0 days 00:02:16.258000,13.0,3.0,0 days 00:39:06.708000,,0 days 00:01:02.930000,0 days 00:00:44.904000,0 days 00:00:28.424000,0 days 00:39:44.680000,0 days 00:40:29.584000,0 days 00:40:58.008000,162.0,151.0,277.0,291.0,False,HARD,13.0,False,AlphaTauri,0 days 00:38:41.750000,,1,,False,,False,False
2023-05,FP1,0 days 00:42:52.562000,TSU,22,0 days 00:01:54.554000,14.0,3.0,,,0 days 00:00:37.408000,0 days 00:00:46.834000,0 days 00:00:30.312000,0 days 00:41:35.416000,0 days 00:42:22.250000,0 days 00:42:52.562000,146.0,147.0,276.0,234.0,False,HARD,14.0,False,AlphaTauri,0 days 00:40:58.008000,,1,,False,,False,True
2023-05,FP1,0 days 00:44:26.126000,TSU,22,0 days 00:01:33.564000,15.0,3.0,,,0 days 00:00:32.137000,0 days 00:00:35.599000,0 days 00:00:25.828000,0 days 00:43:24.699000,0 days 00:44:00.298000,0 days 00:44:26.126000,212.0,184.0,279.0,332.0,True,HARD,15.0,False,AlphaTauri,0 days 00:42:52.562000,,1,,False,,False,True
2023-05,FP1,0 days 00:46:21.758000,TSU,22,0 days 00:01:55.632000,16.0,3.0,,0 days 00:46:16.016000,0 days 00:00:39.365000,0 days 00:00:40.859000,0 days 00:00:35.408000,0 days 00:45:05.491000,0 days 00:45:46.350000,0 days 00:46:21.758000,182.0,172.0,,166.0,False,HARD,16.0,False,AlphaTauri,0 days 00:44:26.126000,,1,,False,,False,False
2023-05,FP1,0 days 00:57:59.487000,TSU,22,,17.0,4.0,0 days 00:56:07.509000,,,0 days 00:00:39.566000,0 days 00:00:33.386000,,0 days 00:57:26.321000,0 days 00:57:59.570000,204.0,153.0,278.0,255.0,False,SOFT,1.0,True,AlphaTauri,0 days 00:56:07.509000,,1,,False,,False,False
2023-05,FP1,0 days 00:59:32.148000,TSU,22,0 days 00:01:32.661000,18.0,4.0,,,0 days 00:00:31.546000,0 days 00:00:35.297000,0 days 00:00:25.818000,0 days 00:58:31.033000,0 days 00:59:06.330000,0 days 00:59:32.148000,213.0,185.0,277.0,333.0,True,SOFT,2.0,True,AlphaTauri,0 days 00:57:59.487000,,1,,False,,False,True
2023-05,FP1,0 days 01:01:47.305000,TSU,22,0 days 00:02:15.157000,19.0,4.0,,,0 days 00:00:46.388000,0 days 00:00:47.645000,0 days 00:00:41.124000,0 days 01:00:18.536000,0 days 01:01:06.181000,0 days 01:01:47.305000,148.0,111.0,173.0,197.0,False,SOFT,3.0,True,AlphaTauri,0 days 00:59:32.148000,,1,,False,,False,True
2023-05,FP1,0 days 01:03:54.377000,TSU,22,0 days 00:02:07.072000,20.0,4.0,,,0 days 00:00:47.558000,0 days 00:00:45.979000,0 days 00:00:33.535000,0 days 01:02:34.863000,0 days 01:03:20.842000,0 days 01:03:54.377000,142.0,139.0,276.0,207.0,False,SOFT,4.0,True,AlphaTauri,0 days 01:01:47.305000,,1,,False,,False,True
2023-05,FP1,0 days 01:05:29.405000,TSU,22,0 days 00:01:35.028000,21.0,4.0,,,0 days 00:00:31.440000,0 days 00:00:35.285000,0 days 00:00:28.303000,0 days 01:04:25.817000,0 days 01:05:01.102000,0 days 01:05:29.405000,214.0,185.0,253.0,317.0,False,SOFT,5.0,True,AlphaTauri,0 days 01:03:54.377000,,12,,False,,False,True
2023-05,FP1,0 days 01:07:47.175000,TSU,22,0 days 00:02:17.770000,22.0,4.0,,,0 days 00:00:47.702000,0 days 00:00:49.674000,0 days 00:00:40.394000,0 days 01:06:17.107000,0 days 01:07:06.781000,0 days 01:07:47.175000,140.0,113.0,164.0,149.0,False,SOFT,6.0,True,AlphaTauri,0 days 01:05:29.405000,,1,,False,,False,True
2023-05,FP1,0 days 01:09:51.615000,TSU,22,0 days 00:02:04.440000,23.0,4.0,,,0 days 00:00:48.596000,0 days 00:00:44.844000,0 days 00:00:31,0 days 01:08:35.771000,0 days 01:09:20.615000,0 days 01:09:51.615000,130.0,138.0,277.0,233.0,False,SOFT,7.0,True,AlphaTauri,0 days 01:07:47.175000,,1,,False,,False,True
2023-05,FP1,0 days 01:11:55.426000,TSU,22,0 days 00:02:03.811000,24.0,4.0,,,0 days 00:00:39.093000,0 days 00:00:51.498000,0 days 00:00:33.220000,0 days 01:10:30.708000,0 days 01:11:22.206000,0 days 01:11:55.426000,64.0,128.0,279.0,246.0,False,SOFT,8.0,True,AlphaTauri,0 days 01:09:51.615000,,1,,False,,False,True
2023-05,FP1,0 days 01:13:27.595000,TSU,22,0 days 00:01:32.169000,25.0,4.0,,,0 days 00:00:31.373000,0 days 00:00:34.992000,0 days 00:00:25.804000,0 days 01:12:26.799000,0 days 01:13:01.791000,0 days 01:13:27.595000,216.0,186.0,282.0,333.0,True,SOFT,9.0,True,AlphaTauri,0 days 01:11:55.426000,,1,,False,,False,True
2023-05,FP1,0 days 01:15:29.691000,TSU,22,0 days 00:02:02.096000,26.0,4.0,,,0 days 00:00:49.681000,0 days 00:00:42.973000,0 days 00:00:29.442000,0 days 01:14:17.276000,0 days 01:15:00.249000,0 days 01:15:29.691000,153.0,158.0,248.0,261.0,False,SOFT,10.0,True,AlphaTauri,0 days 01:13:27.595000,,1,,False,,False,True
2023-05,FP1,0 days 01:17:48.333000,TSU,22,0 days 00:02:18.642000,27.0,4.0,,,0 days 00:00:39.393000,0 days 00:00:45.361000,0 days 00:00:53.888000,0 days 01:16:09.084000,0 days 01:16:54.445000,0 days 01:17:48.333000,193.0,70.0,47.0,149.0,False,SOFT,11.0,True,AlphaTauri,0 days 01:15:29.691000,,1,,False,,False,True
2023-05,FP1,0 days 01:20:07.308000,TSU,22,0 days 00:02:18.975000,28.0,4.0,,0 days 01:20:01.774000,0 days 00:00:59.156000,0 days 00:00:41.919000,0 days 00:00:37.900000,0 days 01:18:47.489000,0 days 01:19:29.408000,0 days 01:20:07.308000,206.0,167.0,,135.0,False,SOFT,12.0,True,AlphaTauri,0 days 01:17:48.333000,,1,,False,,False,False
2023-05,FP1,0 days 00:19:05.736000,ALB,23,,1.0,1.0,0 days 00:17:22.582000,,,0 days 00:00:38.928000,0 days 00:00:27.836000,,0 days 00:18:38.097000,0 days 00:19:05.815000,191.0,156.0,277.0,302.0,False,HARD,1.0,True,Williams,0 days 00:17:22.582000,,1,,False,,False,False
2023-05,FP1,0 days 00:20:41.877000,ALB,23,0 days 00:01:36.141000,2.0,1.0,,,0 days 00:00:33.213000,0 days 00:00:36.414000,0 days 00:00:26.514000,0 days 00:19:38.949000,0 days 00:20:15.363000,0 days 00:20:41.877000,210.0,177.0,277.0,331.0,True,HARD,2.0,True,Williams,0 days 00:19:05.736000,,1,,False,,False,True
2023-05,FP1,0 days 00:22:17.185000,ALB,23,0 days 00:01:35.308000,3.0,1.0,,,0 days 00:00:32.922000,0 days 00:00:36.088000,0 days 00:00:26.298000,0 days 00:21:14.799000,0 days 00:21:50.887000,0 days 00:22:17.185000,211.0,179.0,280.0,327.0,True,HARD,3.0,True,Williams,0 days 00:20:41.877000,,1,,False,,False,True
2023-05,FP1,0 days 00:24:40.389000,ALB,23,0 days 00:02:23.204000,4.0,1.0,,,0 days 00:00:47.154000,0 days 00:00:52.017000,0 days 00:00:44.033000,0 days 00:23:04.339000,0 days 00:23:56.356000,0 days 00:24:40.389000,158.0,124.0,277.0,66.0,False,HARD,4.0,True,Williams,0 days 00:22:17.185000,,12,,False,,False,True
2023-05,FP1,0 days 00:26:14.456000,ALB,23,0 days 00:01:34.067000,5.0,1.0,,,0 days 00:00:32.616000,0 days 00:00:35.630000,0 days 00:00:25.821000,0 days 00:25:13.005000,0 days 00:25:48.635000,0 days 00:26:14.456000,214.0,181.0,281.0,340.0,True,HARD,5.0,True,Williams,0 days 00:24:40.389000,,1,,False,,False,True
2023-05,FP1,0 days 00:28:33.583000,ALB,23,0 days 00:02:19.127000,6.0,1.0,,,0 days 00:00:46.354000,0 days 00:00:54.526000,0 days 00:00:38.247000,0 days 00:27:00.810000,0 days 00:27:55.336000,0 days 00:28:33.583000,149.0,126.0,281.0,222.0,False,HARD,6.0,True,Williams,0 days 00:26:14.456000,,1,,False,,False,True
2023-05,FP1,0 days 00:30:25.686000,ALB,23,0 days 00:01:52.103000,7.0,1.0,,,0 days 00:00:37.351000,0 days 00:00:42.349000,0 days 00:00:32.403000,0 days 00:29:10.934000,0 days 00:29:53.283000,0 days 00:30:25.686000,185.0,159.0,281.0,194.0,False,HARD,7.0,True,Williams,0 days 00:28:33.583000,,1,,False,,False,True
2023-05,FP1,0 days 00:31:59.165000,ALB,23,0 days 00:01:33.479000,8.0,1.0,,,0 days 00:00:31.820000,0 days 00:00:35.884000,0 days 00:00:25.775000,0 days 00:30:57.506000,0 days 00:31:33.390000,0 days 00:31:59.165000,217.0,179.0,283.0,338.0,True,HARD,8.0,True,Williams,0 days 00:30:25.686000,,1,,False,,False,True
2023-05,FP1,0 days 00:33:57.383000,ALB,23,0 days 00:01:58.218000,9.0,1.0,,0 days 00:33:51.884000,0 days 00:00:42.658000,0 days 00:00:40.987000,0 days 00:00:34.573000,0 days 00:32:41.823000,0 days 00:33:22.810000,0 days 00:33:57.383000,154.0,173.0,,286.0,False,HARD,9.0,True,Williams,0 days 00:31:59.165000,,1,,False,,False,False
2023-05,FP1,0 days 00:43:02.880000,ALB,23,,10.0,2.0,0 days 00:41:19.675000,,,0 days 00:00:37.829000,0 days 00:00:30.168000,,0 days 00:42:32.878000,0 days 00:43:02.971000,203.0,171.0,279.0,288.0,False,SOFT,1.0,True,Williams,0 days 00:33:57.383000,,1,,False,,False,False
2023-05,FP1,0 days 00:44:34.783000,ALB,23,0 days 00:01:31.903000,11.0,2.0,,,0 days 00:00:31.190000,0 days 00:00:35.121000,0 days 00:00:25.592000,0 days 00:43:34.070000,0 days 00:44:09.191000,0 days 00:44:34.783000,216.0,186.0,281.0,338.0,True,SOFT,2.0,True,Williams,0 days 00:43:02.880000,,1,,False,,False,True
2023-05,FP1,0 days 00:46:56.059000,ALB,23,0 days 00:02:21.276000,12.0,2.0,,0 days 00:46:50.265000,0 days 00:00:47.973000,0 days 00:00:50.287000,0 days 00:00:43.016000,0 days 00:45:22.756000,0 days 00:46:13.043000,0 days 00:46:56.059000,134.0,125.0,,172.0,False,SOFT,3.0,True,Williams,0 days 00:44:34.783000,,1,,False,,False,False
2023-05,FP1,0 days 00:57:27.880000,ALB,23,,13.0,3.0,0 days 00:55:47.306000,,,0 days 00:00:37.298000,0 days 00:00:28.428000,,0 days 00:56:59.602000,0 days 00:57:27.930000,204.0,136.0,277.0,299.0,False,SOFT,4.0,False,Williams,0 days 00:55:47.306000,,1,,False,,False,False
2023-05,FP1,0 days 00:59:00.862000,ALB,23,0 days 00:01:32.982000,14.0,3.0,,,0 days 00:00:31.561000,0 days 00:00:35.615000,0 days 00:00:25.806000,0 days 00:57:59.441000,0 days 00:58:35.056000,0 days 00:59:00.862000,216.0,182.0,282.0,335.0,False,SOFT,5.0,False,Williams,0 days 00:57:27.880000,,1,,False,,False,True
2023-05,FP1,0 days 01:01:09.979000,ALB,23,0 days 00:02:09.117000,15.0,3.0,,0 days 01:01:04.006000,0 days 00:00:46.218000,0 days 00:00:44.666000,0 days 00:00:38.233000,0 days 00:59:47.080000,0 days 01:00:31.746000,0 days 01:01:09.979000,164.0,134.0,,297.0,False,SOFT,6.0,False,Williams,0 days 00:59:00.862000,,1,,False,,False,False
2023-05,FP1,0 days 01:03:36.279000,ALB,23,0 days 00:02:26.300000,16.0,4.0,0 days 01:01:33.974000,,0 days 00:01:04.427000,0 days 00:00:48.129000,0 days 00:00:33.744000,0 days 01:02:14.406000,0 days 01:03:02.535000,0 days 01:03:36.279000,162.0,132.0,277.0,260.0,False,SOFT,7.0,False,Williams,0 days 01:01:09.979000,,1,,False,,False,False
2023-05,FP1,0 days 01:05:20.129000,ALB,23,0 days 00:01:43.850000,17.0,4.0,,,0 days 00:00:31.429000,0 days 00:00:35.308000,0 days 00:00:37.113000,0 days 01:04:07.708000,0 days 01:04:43.016000,0 days 01:05:20.129000,212.0,185.0,271.0,336.0,False,SOFT,8.0,False,Williams,0 days 01:03:36.279000,,12,,False,,False,True
2023-05,FP1,0 days 01:06:58.410000,ALB,23,0 days 00:01:38.281000,18.0,4.0,,,0 days 00:00:34.455000,0 days 00:00:36.954000,0 days 00:00:26.872000,0 days 01:05:54.584000,0 days 01:06:31.538000,0 days 01:06:58.410000,206.0,175.0,271.0,305.0,False,SOFT,9.0,False,Williams,0 days 01:05:20.129000,,1,,False,,False,True
2023-05,FP1,0 days 01:08:33.529000,ALB,23,0 days 00:01:35.119000,19.0,4.0,,,0 days 00:00:32.741000,0 days 00:00:35.943000,0 days 00:00:26.435000,0 days 01:07:31.151000,0 days 01:08:07.094000,0 days 01:08:33.529000,213.0,181.0,273.0,309.0,False,SOFT,10.0,False,Williams,0 days 01:06:58.410000,,1,,False,,False,True
2023-05,FP1,0 days 01:10:08.372000,ALB,23,0 days 00:01:34.843000,20.0,4.0,,,0 days 00:00:32.802000,0 days 00:00:35.749000,0 days 00:00:26.292000,0 days 01:09:06.331000,0 days 01:09:42.080000,0 days 01:10:08.372000,211.0,181.0,273.0,312.0,False,SOFT,11.0,False,Williams,0 days 01:08:33.529000,,1,,False,,False,True
2023-05,FP1,0 days 01:11:43.435000,ALB,23,0 days 00:01:35.063000,21.0,4.0,,,0 days 00:00:32.718000,0 days 00:00:35.786000,0 days 00:00:26.559000,0 days 01:10:41.090000,0 days 01:11:16.876000,0 days 01:11:43.435000,213.0,181.0,275.0,307.0,False,SOFT,12.0,False,Williams,0 days 01:10:08.372000,,1,,False,,False,True
2023-05,FP1,0 days 01:13:18.457000,ALB,23,0 days 00:01:35.022000,22.0,4.0,,,0 days 00:00:32.874000,0 days 00:00:35.940000,0 days 00:00:26.208000,0 days 01:12:16.309000,0 days 01:12:52.249000,0 days 01:13:18.457000,214.0,181.0,276.0,309.0,False,SOFT,13.0,False,Williams,0 days 01:11:43.435000,,1,,False,,False,True
2023-05,FP1,0 days 01:14:52.756000,ALB,23,0 days 00:01:34.299000,23.0,4.0,,,0 days 00:00:32.530000,0 days 00:00:35.602000,0 days 00:00:26.167000,0 days 01:13:50.987000,0 days 01:14:26.589000,0 days 01:14:52.756000,214.0,181.0,275.0,320.0,False,SOFT,14.0,False,Williams,0 days 01:13:18.457000,,1,,False,,False,True
2023-05,FP1,0 days 01:16:54.054000,ALB,23,0 days 00:02:01.298000,24.0,4.0,,,0 days 00:00:32.932000,0 days 00:00:41.104000,0 days 00:00:47.262000,0 days 01:15:25.688000,0 days 01:16:06.792000,0 days 01:16:54.054000,210.0,136.0,53.0,209.0,False,SOFT,15.0,False,Williams,0 days 01:14:52.756000,,1,,False,,False,True
2023-05,FP1,0 days 01:19:09.134000,ALB,23,0 days 00:02:15.080000,25.0,4.0,,0 days 01:19:03.666000,0 days 00:00:59.429000,0 days 00:00:41.505000,0 days 00:00:34.146000,0 days 01:17:53.483000,0 days 01:18:34.988000,0 days 01:19:09.134000,200.0,128.0,,294.0,False,SOFT,16.0,False,Williams,0 days 01:16:54.054000,,1,,False,,False,False
2023-05,FP1,0 days 00:16:17.974000,ZHO,24,,1.0,1.0,0 days 00:14:30.193000,,,0 days 00:00:40.551000,0 days 00:00:29.724000,,0 days 00:15:48.396000,0 days 00:16:17.974000,199.0,168.0,267.0,196.0,False,MEDIUM,1.0,True,Alfa Romeo,0 days 00:14:30.193000,,1,,False,,False,False
2023-05,FP1,0 days 00:18:04.843000,ZHO,24,0 days 00:01:46.869000,2.0,1.0,,0 days 00:17:59.035000,0 days 00:00:35.082000,0 days 00:00:37.751000,0 days 00:00:34.036000,0 days 00:16:53.056000,0 days 00:17:30.807000,0 days 00:18:04.843000,205.0,179.0,,284.0,False,MEDIUM,2.0,True,Alfa Romeo,0 days 00:16:17.974000,,1,,False,,False,False
2023-05,FP1,0 days 00:28:06.554000,ZHO,24,,3.0,2.0,0 days 00:26:20.623000,,,0 days 00:00:39.721000,0 days 00:00:30.837000,,0 days 00:27:35.857000,0 days 00:28:06.684000,190.0,159.0,270.0,218.0,False,MEDIUM,3.0,False,Alfa Romeo,0 days 00:18:04.843000,,12,,False,,False,False
2023-05,FP1,0 days 00:29:42.977000,ZHO,24,0 days 00:01:36.423000,4.0,2.0,,,0 days 00:00:33.064000,0 days 00:00:36.306000,0 days 00:00:27.053000,0 days 00:28:39.618000,0 days 00:29:15.924000,0 days 00:29:42.977000,207.0,183.0,273.0,305.0,True,MEDIUM,4.0,False,Alfa Romeo,0 days 00:28:06.554000,,1,,False,,False,True
2023-05,FP1,0 days 00:31:19.484000,ZHO,24,0 days 00:01:36.507000,5.0,2.0,,,0 days 00:00:33.318000,0 days 00:00:36.508000,0 days 00:00:26.681000,0 days 00:30:16.295000,0 days 00:30:52.803000,0 days 00:31:19.484000,211.0,183.0,273.0,314.0,False,MEDIUM,5.0,False,Alfa Romeo,0 days 00:29:42.977000,,1,,False,,False,True
2023-05,FP1,0 days 00:33:31.855000,ZHO,24,0 days 00:02:12.371000,6.0,2.0,,,0 days 00:00:45.688000,0 days 00:00:51.932000,0 days 00:00:34.751000,0 days 00:32:05.172000,0 days 00:32:57.104000,0 days 00:33:31.855000,135.0,145.0,272.0,220.0,False,MEDIUM,6.0,False,Alfa Romeo,0 days 00:31:19.484000,,1,,False,,False,True
2023-05,FP1,0 days 00:35:06.286000,ZHO,24,0 days 00:01:34.431000,7.0,2.0,,,0 days 00:00:32.192000,0 days 00:00:35.891000,0 days 00:00:26.348000,0 days 00:34:04.047000,0 days 00:34:39.938000,0 days 00:35:06.286000,207.0,184.0,272.0,321.0,True,MEDIUM,7.0,False,Alfa Romeo,0 days 00:33:31.855000,,1,,False,,False,True
2023-05,FP1,0 days 00:36:40.679000,ZHO,24,0 days 00:01:34.393000,8.0,2.0,,,0 days 00:00:32.038000,0 days 00:00:35.806000,0 days 00:00:26.549000,0 days 00:35:38.324000,0 days 00:36:14.130000,0 days 00:36:40.679000,210.0,183.0,274.0,322.0,True,MEDIUM,8.0,False,Alfa Romeo,0 days 00:35:06.286000,,1,,False,,False,True
2023-05,FP1,0 days 00:38:34.169000,ZHO,24,0 days 00:01:53.490000,9.0,2.0,,0 days 00:38:28.615000,0 days 00:00:38.557000,0 days 00:00:40.205000,0 days 00:00:34.728000,0 days 00:37:19.236000,0 days 00:37:59.441000,0 days 00:38:34.169000,189.0,166.0,,239.0,False,MEDIUM,9.0,False,Alfa Romeo,0 days 00:36:40.679000,,1,,False,,False,False
2023-05,FP1,0 days 00:56:28.103000,ZHO,24,,10.0,3.0,0 days 00:45:55.829000,0 days 00:48:02.546000,,,,,,,182.0,,,,False,SOFT,1.0,True,Alfa Romeo,0 days 00:38:34.169000,,15,,False,,False,False
2023-05,FP1,0 days 00:58:28.703000,ZHO,24,,11.0,4.0,0 days 00:56:28.103000,,,0 days 00:00:41.637000,0 days 00:00:38.120000,,0 days 00:57:50.805000,0 days 00:58:28.805000,183.0,116.0,273.0,63.0,False,SOFT,2.0,False,Alfa Romeo,0 days 00:56:28.103000,,1,,False,,False,False
2023-05,FP1,0 days 01:00:01.811000,ZHO,24,0 days 00:01:33.108000,12.0,4.0,,,0 days 00:00:31.328000,0 days 00:00:35.587000,0 days 00:00:26.193000,0 days 00:59:00.031000,0 days 00:59:35.618000,0 days 01:00:01.811000,212.0,180.0,273.0,326.0,True,SOFT,3.0,False,Alfa Romeo,0 days 00:58:28.703000,,1,,False,,False,True
2023-05,FP1,0 days 01:02:05.092000,ZHO,24,0 days 00:02:03.281000,13.0,4.0,,,0 days 00:00:46.317000,0 days 00:00:43.891000,0 days 00:00:33.073000,0 days 01:00:48.128000,0 days 01:01:32.019000,0 days 01:02:05.092000,163.0,133.0,272.0,197.0,False,SOFT,4.0,False,Alfa Romeo,0 days 01:00:01.811000,,1,,False,,False,True
2023-05,FP1,0 days 01:03:37.270000,ZHO,24,0 days 00:01:32.178000,14.0,4.0,,,0 days 00:00:31.019000,0 days 00:00:35.164000,0 days 00:00:25.995000,0 days 01:02:36.111000,0 days 01:03:11.275000,0 days 01:03:37.270000,215.0,186.0,276.0,328.0,True,SOFT,5.0,False,Alfa Romeo,0 days 01:02:05.092000,,1,,False,,False,True
2023-05,FP1,0 days 01:05:51.668000,ZHO,24,0 days 00:02:14.398000,15.0,4.0,,,0 days 00:00:44.798000,0 days 00:00:50.374000,0 days 00:00:39.226000,0 days 01:04:22.068000,0 days 01:05:12.442000,0 days 01:05:51.668000,149.0,120.0,247.0,184.0,False,SOFT,6.0,False,Alfa Romeo,0 days 01:03:37.270000,,12,,False,,False,True
2023-05,FP1,0 days 01:07:55.839000,ZHO,24,0 days 00:02:04.171000,16.0,4.0,,,0 days 00:00:42.904000,0 days 00:00:46.431000,0 days 00:00:34.836000,0 days 01:06:34.572000,0 days 01:07:21.003000,0 days 01:07:55.839000,142.0,152.0,271.0,219.0,False,SOFT,7.0,False,Alfa Romeo,0 days 01:05:51.668000,,1,,False,,False,True
2023-05,FP1,0 days 01:09:27.973000,ZHO,24,0 days 00:01:32.134000,17.0,4.0,,,0 days 00:00:31.143000,0 days 00:00:34.947000,0 days 00:00:26.044000,0 days 01:08:26.982000,0 days 01:09:01.929000,0 days 01:09:27.973000,212.0,186.0,275.0,329.0,True,SOFT,8.0,False,Alfa Romeo,0 days 01:07:55.839000,,1,,False,,False,True
2023-05,FP1,0 days 01:11:33.546000,ZHO,24,0 days 00:02:05.573000,18.0,4.0,,,0 days 00:00:46.168000,0 days 00:00:47.667000,0 days 00:00:31.738000,0 days 01:10:14.141000,0 days 01:11:01.808000,0 days 01:11:33.546000,174.0,160.0,273.0,150.0,False,SOFT,9.0,False,Alfa Romeo,0 days 01:09:27.973000,,1,,False,,False,True
2023-05,FP1,0 days 01:13:36.563000,ZHO,24,0 days 00:02:03.017000,19.0,4.0,,,0 days 00:00:39.038000,0 days 00:00:54.746000,0 days 00:00:29.233000,0 days 01:12:12.584000,0 days 01:13:07.330000,0 days 01:13:36.563000,139.0,145.0,273.0,265.0,False,SOFT,10.0,False,Alfa Romeo,0 days 01:11:33.546000,,1,,False,,False,True
2023-05,FP1,0 days 01:15:10.573000,ZHO,24,0 days 00:01:34.010000,20.0,4.0,,,0 days 00:00:31.646000,0 days 00:00:36.086000,0 days 00:00:26.278000,0 days 01:14:08.209000,0 days 01:14:44.295000,0 days 01:15:10.573000,193.0,184.0,277.0,327.0,False,SOFT,11.0,False,Alfa Romeo,0 days 01:13:36.563000,,1,,False,,False,True
2023-05,FP1,0 days 01:17:46.623000,ZHO,24,,21.0,4.0,,,0 days 00:00:42.733000,0 days 00:00:45.143000,0 days 00:01:08.117000,0 days 01:15:53.496000,0 days 01:16:38.667000,0 days 01:17:46.713000,164.0,119.0,5.0,165.0,False,SOFT,12.0,False,Alfa Romeo,0 days 01:15:10.573000,,1,,False,,False,False
2023-05,FP1,0 days 01:19:55.212000,ZHO,24,0 days 00:02:08.589000,22.0,4.0,,0 days 01:19:49.634000,0 days 00:00:57.774000,0 days 00:00:37.445000,0 days 00:00:33.370000,0 days 01:18:44.397000,0 days 01:19:21.842000,0 days 01:19:55.212000,204.0,178.0,,248.0,False,SOFT,13.0,False,Alfa Romeo,0 days 01:17:46.623000,,1,,False,,False,False
2023-05,FP1,0 days 00:15:50.266000,HUL,27,,1.0,1.0,0 days 00:13:58.663000,,,0 days 00:00:41.527000,0 days 00:00:32.362000,,0 days 00:15:18.099000,0 days 00:15:50.364000,190.0,158.0,266.0,155.0,False,HARD,1.0,True,Haas F1 Team,0 days 00:13:58.663000,,1,,False,,False,False
2023-05,FP1,0 days 00:17:30.937000,HUL,27,0 days 00:01:40.671000,2.0,1.0,,,0 days 00:00:35.125000,0 days 00:00:38.126000,0 days 00:00:27.420000,0 days 00:16:25.391000,0 days 00:17:03.517000,0 days 00:17:30.937000,198.0,176.0,269.0,296.0,True,HARD,2.0,True,Haas F1 Team,0 days 00:15:50.266000,,1,,False,,False,True
2023-05,FP1,0 days 00:19:07.284000,HUL,27,0 days 00:01:36.347000,3.0,1.0,,,0 days 00:00:32.930000,0 days 00:00:36.597000,0 days 00:00:26.820000,0 days 00:18:03.867000,0 days 00:18:40.464000,0 days 00:19:07.284000,209.0,180.0,274.0,308.0,True,HARD,3.0,True,Haas F1 Team,0 days 00:17:30.937000,,1,,False,,False,True
2023-05,FP1,0 days 00:20:46.922000,HUL,27,0 days 00:01:39.638000,4.0,1.0,,,0 days 00:00:32.802000,0 days 00:00:36.412000,0 days 00:00:30.424000,0 days 00:19:40.086000,0 days 00:20:16.498000,0 days 00:20:46.922000,205.0,180.0,268.0,165.0,False,HARD,4.0,True,Haas F1 Team,0 days 00:19:07.284000,,1,,False,,False,True
2023-05,FP1,0 days 00:22:21.323000,HUL,27,0 days 00:01:34.401000,5.0,1.0,,,0 days 00:00:32.294000,0 days 00:00:36.072000,0 days 00:00:26.035000,0 days 00:21:19.216000,0 days 00:21:55.288000,0 days 00:22:21.323000,210.0,179.0,278.0,330.0,True,HARD,5.0,True,Haas F1 Team,0 days 00:20:46.922000,,1,,False,,False,True
2023-05,FP1,0 days 00:24:36.645000,HUL,27,0 days 00:02:15.322000,6.0,1.0,,,0 days 00:00:39.394000,0 days 00:00:53.323000,0 days 00:00:42.605000,0 days 00:23:00.717000,0 days 00:23:54.040000,0 days 00:24:36.645000,154.0,131.0,274.0,104.0,False,HARD,6.0,True,Haas F1 Team,0 days 00:22:21.323000,,12,,False,,False,True
2023-05,FP1,0 days 00:26:12.391000,HUL,27,0 days 00:01:35.746000,7.0,1.0,,,0 days 00:00:33.239000,0 days 00:00:36.053000,0 days 00:00:26.454000,0 days 00:25:09.884000,0 days 00:25:45.937000,0 days 00:26:12.391000,195.0,182.0,274.0,312.0,False,HARD,7.0,True,Haas F1 Team,0 days 00:24:36.645000,,1,,False,,False,True
2023-05,FP1,0 days 00:28:01.617000,HUL,27,0 days 00:01:49.226000,8.0,1.0,,0 days 00:27:55.684000,0 days 00:00:32.060000,0 days 00:00:35.841000,0 days 00:00:41.325000,0 days 00:26:44.451000,0 days 00:27:20.292000,0 days 00:28:01.617000,211.0,179.0,,186.0,False,HARD,8.0,True,Haas F1 Team,0 days 00:26:12.391000,,1,,False,,False,False
2023-05,FP1,0 days 00:39:02.315000,HUL,27,,9.0,2.0,0 days 00:37:07.803000,,,0 days 00:00:46.122000,0 days 00:00:28.998000,,0 days 00:38:33.443000,0 days 00:39:02.427000,147.0,141.0,273.0,290.0,False,SOFT,1.0,True,Haas F1 Team,0 days 00:28:01.617000,,1,,False,,False,False
2023-05,FP1,0 days 00:40:33.707000,HUL,27,0 days 00:01:31.392000,10.0,2.0,,,0 days 00:00:30.782000,0 days 00:00:34.731000,0 days 00:00:25.879000,0 days 00:39:33.097000,0 days 00:40:07.828000,0 days 00:40:33.707000,215.0,185.0,275.0,327.0,True,SOFT,2.0,True,Haas F1 Team,0 days 00:39:02.315000,,1,,False,,False,True
2023-05,FP1,0 days 00:42:59.604000,HUL,27,0 days 00:02:25.897000,11.0,2.0,,,0 days 00:00:50.382000,0 days 00:00:57.910000,0 days 00:00:37.605000,0 days 00:41:24.089000,0 days 00:42:21.999000,0 days 00:42:59.604000,130.0,123.0,275.0,254.0,False,SOFT,3.0,True,Haas F1 Team,0 days 00:40:33.707000,,1,,False,,False,True
2023-05,FP1,0 days 00:44:31.037000,HUL,27,0 days 00:01:31.433000,12.0,2.0,,,0 days 00:00:30.856000,0 days 00:00:34.923000,0 days 00:00:25.654000,0 days 00:43:30.460000,0 days 00:44:05.383000,0 days 00:44:31.037000,215.0,185.0,279.0,330.0,False,SOFT,4.0,True,Haas F1 Team,0 days 00:42:59.604000,,1,,False,,False,True
2023-05,FP1,0 days 00:46:39.517000,HUL,27,0 days 00:02:08.480000,13.0,2.0,,,0 days 00:00:46.879000,0 days 00:00:50.055000,0 days 00:00:31.546000,0 days 00:45:17.916000,0 days 00:46:07.971000,0 days 00:46:39.517000,156.0,154.0,269.0,155.0,False,SOFT,5.0,True,Haas F1 Team,0 days 00:44:31.037000,,1,,False,,False,True
2023-05,FP1,0 days 00:47:04.656000,HUL,27,,14.0,2.0,,,,,,,,,,,,,,SOFT,6.0,True,Haas F1 Team,0 days 00:46:39.517000,,1,,False,,True,False
2023-05,FP1,0 days 00:15:56.458000,OCO,31,,1.0,1.0,0 days 00:14:02.366000,,,0 days 00:00:41.854000,0 days 00:00:31.485000,,0 days 00:15:25.162000,0 days 00:15:56.567000,173.0,131.0,273.0,288.0,False,MEDIUM,1.0,True,Alpine,0 days 00:14:02.366000,,1,,False,,False,False
2023-05,FP1,0 days 00:17:33.270000,OCO,31,0 days 00:01:36.812000,2.0,1.0,,,0 days 00:00:33.245000,0 days 00:00:36.628000,0 days 00:00:26.939000,0 days 00:16:29.703000,0 days 00:17:06.331000,0 days 00:17:33.270000,205.0,177.0,275.0,298.0,True,MEDIUM,2.0,True,Alpine,0 days 00:15:56.458000,,1,,False,,False,True
2023-05,FP1,0 days 00:19:36.895000,OCO,31,0 days 00:02:03.625000,3.0,1.0,,,0 days 00:00:41.696000,0 days 00:00:48.190000,0 days 00:00:33.739000,0 days 00:18:14.966000,0 days 00:19:03.156000,0 days 00:19:36.895000,148.0,139.0,276.0,125.0,False,MEDIUM,3.0,True,Alpine,0 days 00:17:33.270000,,1,,False,,False,True
2023-05,FP1,0 days 00:21:11.984000,OCO,31,0 days 00:01:35.089000,4.0,1.0,,,0 days 00:00:32.584000,0 days 00:00:36.137000,0 days 00:00:26.368000,0 days 00:20:09.479000,0 days 00:20:45.616000,0 days 00:21:11.984000,204.0,180.0,276.0,326.0,True,MEDIUM,4.0,True,Alpine,0 days 00:19:36.895000,,1,,False,,False,True
2023-05,FP1,0 days 00:23:12.820000,OCO,31,0 days 00:02:00.836000,5.0,1.0,,,0 days 00:00:41.790000,0 days 00:00:45.530000,0 days 00:00:33.516000,0 days 00:21:53.774000,0 days 00:22:39.304000,0 days 00:23:12.820000,191.0,127.0,277.0,258.0,False,MEDIUM,5.0,True,Alpine,0 days 00:21:11.984000,,12,,False,,False,True
2023-05,FP1,0 days 00:24:47.204000,OCO,31,0 days 00:01:34.384000,6.0,1.0,,,0 days 00:00:32.164000,0 days 00:00:35.973000,0 days 00:00:26.247000,0 days 00:23:44.984000,0 days 00:24:20.957000,0 days 00:24:47.204000,209.0,182.0,275.0,327.0,True,MEDIUM,6.0,True,Alpine,0 days 00:23:12.820000,,1,,False,,False,True
2023-05,FP1,0 days 00:27:01.464000,OCO,31,0 days 00:02:14.260000,7.0,1.0,,,0 days 00:00:48.006000,0 days 00:00:53.168000,0 days 00:00:33.086000,0 days 00:25:35.210000,0 days 00:26:28.378000,0 days 00:27:01.464000,132.0,161.0,275.0,146.0,False,MEDIUM,7.0,True,Alpine,0 days 00:24:47.204000,,1,,False,,False,True
2023-05,FP1,0 days 00:28:35.146000,OCO,31,0 days 00:01:33.682000,8.0,1.0,,,0 days 00:00:31.868000,0 days 00:00:35.617000,0 days 00:00:26.197000,0 days 00:27:33.332000,0 days 00:28:08.949000,0 days 00:28:35.146000,210.0,183.0,277.0,327.0,True,MEDIUM,8.0,True,Alpine,0 days 00:27:01.464000,,1,,False,,False,True
2023-05,FP1,0 days 00:30:47.565000,OCO,31,0 days 00:02:12.419000,9.0,1.0,,,0 days 00:00:46.094000,0 days 00:00:51.009000,0 days 00:00:35.316000,0 days 00:29:21.240000,0 days 00:30:12.249000,0 days 00:30:47.565000,156.0,95.0,275.0,156.0,False,MEDIUM,9.0,True,Alpine,0 days 00:28:35.146000,,1,,False,,False,True
2023-05,FP1,0 days 00:32:21.307000,OCO,31,0 days 00:01:33.742000,10.0,1.0,,,0 days 00:00:32.065000,0 days 00:00:35.513000,0 days 00:00:26.164000,0 days 00:31:19.630000,0 days 00:31:55.143000,0 days 00:32:21.307000,211.0,182.0,278.0,328.0,False,MEDIUM,10.0,True,Alpine,0 days 00:30:47.565000,,1,,False,,False,True
2023-05,FP1,0 days 00:34:28.975000,OCO,31,0 days 00:02:07.668000,11.0,1.0,,,0 days 00:00:46.588000,0 days 00:00:48.797000,0 days 00:00:32.283000,0 days 00:33:07.895000,0 days 00:33:56.692000,0 days 00:34:28.975000,170.0,129.0,276.0,295.0,False,MEDIUM,11.0,True,Alpine,0 days 00:32:21.307000,,1,,False,,False,True
2023-05,FP1,0 days 00:36:02.082000,OCO,31,0 days 00:01:33.107000,12.0,1.0,,,0 days 00:00:31.609000,0 days 00:00:35.455000,0 days 00:00:26.043000,0 days 00:35:00.584000,0 days 00:35:36.039000,0 days 00:36:02.082000,211.0,185.0,277.0,325.0,True,MEDIUM,12.0,True,Alpine,0 days 00:34:28.975000,,1,,False,,False,True
2023-05,FP1,0 days 00:37:37.880000,OCO,31,0 days 00:01:35.798000,13.0,1.0,,,0 days 00:00:32.586000,0 days 00:00:36.544000,0 days 00:00:26.668000,0 days 00:36:34.668000,0 days 00:37:11.212000,0 days 00:37:37.880000,208.0,182.0,259.0,299.0,False,MEDIUM,13.0,True,Alpine,0 days 00:36:02.082000,,1,,False,,False,True
2023-05,FP1,0 days 00:39:13.122000,OCO,31,0 days 00:01:35.242000,14.0,1.0,,,0 days 00:00:32.379000,0 days 00:00:36.179000,0 days 00:00:26.684000,0 days 00:38:10.259000,0 days 00:38:46.438000,0 days 00:39:13.122000,209.0,182.0,260.0,298.0,False,MEDIUM,14.0,True,Alpine,0 days 00:37:37.880000,,1,,False,,False,True
2023-05,FP1,0 days 00:41:08.711000,OCO,31,0 days 00:01:55.589000,15.0,1.0,,0 days 00:41:02.269000,0 days 00:00:35.110000,0 days 00:00:38.739000,0 days 00:00:41.740000,0 days 00:39:48.232000,0 days 00:40:26.971000,0 days 00:41:08.711000,185.0,156.0,,173.0,False,MEDIUM,15.0,True,Alpine,0 days 00:39:13.122000,,1,,False,,False,False
2023-05,FP1,0 days 00:58:44.395000,OCO,31,,16.0,2.0,0 days 00:56:44.618000,,,0 days 00:00:43.907000,0 days 00:00:35.149000,,0 days 00:58:09.414000,0 days 00:58:44.476000,173.0,121.0,277.0,193.0,False,SOFT,1.0,True,Alpine,0 days 00:56:44.618000,,1,,False,,False,False
2023-05,FP1,0 days 01:00:16.241000,OCO,31,0 days 00:01:31.846000,17.0,2.0,,,0 days 00:00:31.111000,0 days 00:00:34.860000,0 days 00:00:25.875000,0 days 00:59:15.506000,0 days 00:59:50.366000,0 days 01:00:16.241000,212.0,185.0,279.0,330.0,True,SOFT,2.0,True,Alpine,0 days 00:58:44.395000,,1,,False,,False,True
2023-05,FP1,0 days 01:02:31.566000,OCO,31,0 days 00:02:15.325000,18.0,2.0,,,0 days 00:00:47.980000,0 days 00:00:49.610000,0 days 00:00:37.735000,0 days 01:01:04.221000,0 days 01:01:53.831000,0 days 01:02:31.566000,126.0,97.0,222.0,180.0,False,SOFT,3.0,True,Alpine,0 days 01:00:16.241000,,1,,False,,False,True
2023-05,FP1,0 days 01:04:37.350000,OCO,31,0 days 00:02:05.784000,19.0,2.0,,,0 days 00:00:43.421000,0 days 00:00:45.788000,0 days 00:00:36.575000,0 days 01:03:14.987000,0 days 01:04:00.775000,0 days 01:04:37.350000,131.0,125.0,276.0,112.0,False,SOFT,4.0,True,Alpine,0 days 01:02:31.566000,,1,,False,,False,True
2023-05,FP1,0 days 01:06:09.027000,OCO,31,0 days 00:01:31.677000,20.0,2.0,,,0 days 00:00:30.876000,0 days 00:00:35.027000,0 days 00:00:25.774000,0 days 01:05:08.226000,0 days 01:05:43.253000,0 days 01:06:09.027000,213.0,186.0,278.0,330.0,True,SOFT,5.0,True,Alpine,0 days 01:04:37.350000,,12,,False,,False,True
2023-05,FP1,0 days 01:08:19.537000,OCO,31,0 days 00:02:10.510000,21.0,2.0,,,0 days 00:00:43.469000,0 days 00:00:50.041000,0 days 00:00:37,0 days 01:06:52.496000,0 days 01:07:42.537000,0 days 01:08:19.537000,136.0,130.0,190.0,186.0,False,SOFT,6.0,True,Alpine,0 days 01:06:09.027000,,1,,False,,False,True
2023-05,FP1,0 days 01:10:20.706000,OCO,31,0 days 00:02:01.169000,22.0,2.0,,,0 days 00:00:45.802000,0 days 00:00:45.654000,0 days 00:00:29.713000,0 days 01:09:05.339000,0 days 01:09:50.993000,0 days 01:10:20.706000,130.0,143.0,276.0,248.0,False,SOFT,7.0,True,Alpine,0 days 01:08:19.537000,,1,,False,,False,True
2023-05,FP1,0 days 01:11:52.248000,OCO,31,0 days 00:01:31.542000,23.0,2.0,,,0 days 00:00:30.835000,0 days 00:00:34.887000,0 days 00:00:25.820000,0 days 01:10:51.541000,0 days 01:11:26.428000,0 days 01:11:52.248000,214.0,186.0,277.0,328.0,True,SOFT,8.0,True,Alpine,0 days 01:10:20.706000,,1,,False,,False,True
2023-05,FP1,0 days 01:13:27.336000,OCO,31,0 days 00:01:35.088000,24.0,2.0,,,0 days 00:00:32.693000,0 days 00:00:35.834000,0 days 00:00:26.561000,0 days 01:12:24.941000,0 days 01:13:00.775000,0 days 01:13:27.336000,212.0,186.0,264.0,303.0,False,SOFT,9.0,True,Alpine,0 days 01:11:52.248000,,1,,False,,False,True
2023-05,FP1,0 days 01:15:02.849000,OCO,31,0 days 00:01:35.513000,25.0,2.0,,,0 days 00:00:33.062000,0 days 00:00:35.913000,0 days 00:00:26.538000,0 days 01:14:00.398000,0 days 01:14:36.311000,0 days 01:15:02.849000,213.0,181.0,263.0,303.0,False,SOFT,10.0,True,Alpine,0 days 01:13:27.336000,,1,,False,,False,True
2023-05,FP1,0 days 01:17:14.785000,OCO,31,0 days 00:02:11.936000,26.0,2.0,,,0 days 00:00:43.816000,0 days 00:00:46.309000,0 days 00:00:41.811000,0 days 01:15:46.665000,0 days 01:16:32.974000,0 days 01:17:14.785000,142.0,136.0,62.0,207.0,False,SOFT,11.0,True,Alpine,0 days 01:15:02.849000,,1,,False,,False,True
2023-05,FP1,0 days 01:19:21.926000,OCO,31,0 days 00:02:07.141000,27.0,2.0,,0 days 01:19:16.431000,0 days 00:01:00.039000,0 days 00:00:35.505000,0 days 00:00:31.597000,0 days 01:18:14.824000,0 days 01:18:50.329000,0 days 01:19:21.926000,211.0,183.0,,310.0,False,SOFT,12.0,True,Alpine,0 days 01:17:14.785000,,1,,False,,False,False
2023-05,FP1,0 days 00:16:12.099000,NOR,4,,1.0,1.0,0 days 00:14:12.037000,0 days 00:16:06.458000,,0 days 00:00:42.559000,0 days 00:00:38.943000,,0 days 00:15:33.318000,0 days 00:16:12.099000,154.0,119.0,,202.0,False,MEDIUM,1.0,True,McLaren,0 days 00:14:12.037000,,1,,False,,False,False
2023-05,FP1,0 days 00:25:30.271000,NOR,4,,2.0,2.0,0 days 00:23:39.312000,,,0 days 00:00:41.204000,0 days 00:00:37.014000,,0 days 00:24:53.436000,0 days 00:25:30.342000,201.0,170.0,272.0,155.0,False,MEDIUM,2.0,False,McLaren,0 days 00:16:12.099000,,12,,False,,False,False
2023-05,FP1,0 days 00:27:06.152000,NOR,4,0 days 00:01:35.881000,3.0,2.0,,,0 days 00:00:32.800000,0 days 00:00:36.497000,0 days 00:00:26.584000,0 days 00:26:03.071000,0 days 00:26:39.568000,0 days 00:27:06.152000,208.0,179.0,275.0,324.0,True,MEDIUM,3.0,False,McLaren,0 days 00:25:30.271000,,1,,False,,False,True
2023-05,FP1,0 days 00:29:05.573000,NOR,4,0 days 00:01:59.421000,4.0,2.0,,,0 days 00:00:42.900000,0 days 00:00:47.027000,0 days 00:00:29.494000,0 days 00:27:49.052000,0 days 00:28:36.079000,0 days 00:29:05.573000,140.0,138.0,275.0,257.0,False,MEDIUM,4.0,False,McLaren,0 days 00:27:06.152000,,1,,False,,False,True
2023-05,FP1,0 days 00:30:39.386000,NOR,4,0 days 00:01:33.813000,5.0,2.0,,,0 days 00:00:31.781000,0 days 00:00:35.667000,0 days 00:00:26.365000,0 days 00:29:37.354000,0 days 00:30:13.021000,0 days 00:30:39.386000,213.0,183.0,277.0,331.0,True,MEDIUM,5.0,False,McLaren,0 days 00:29:05.573000,,1,,False,,False,True
2023-05,FP1,0 days 00:32:43.952000,NOR,4,0 days 00:02:04.566000,6.0,2.0,,,0 days 00:00:43.500000,0 days 00:00:49.840000,0 days 00:00:31.226000,0 days 00:31:22.886000,0 days 00:32:12.726000,0 days 00:32:43.952000,153.0,123.0,277.0,216.0,False,MEDIUM,6.0,False,McLaren,0 days 00:30:39.386000,,1,,False,,False,True
2023-05,FP1,0 days 00:34:18.074000,NOR,4,0 days 00:01:34.122000,7.0,2.0,,,0 days 00:00:31.700000,0 days 00:00:36.172000,0 days 00:00:26.250000,0 days 00:33:15.652000,0 days 00:33:51.824000,0 days 00:34:18.074000,205.0,182.0,276.0,331.0,False,MEDIUM,7.0,False,McLaren,0 days 00:32:43.952000,,1,,False,,False,True
2023-05,FP1,0 days 00:36:09.700000,NOR,4,0 days 00:01:51.626000,8.0,2.0,,0 days 00:36:04.210000,0 days 00:00:36.519000,0 days 00:00:38.497000,0 days 00:00:36.610000,0 days 00:34:54.593000,0 days 00:35:33.090000,0 days 00:36:09.700000,178.0,172.0,,232.0,False,MEDIUM,8.0,False,McLaren,0 days 00:34:18.074000,,1,,False,,False,False
2023-05,FP1,0 days 00:46:45.203000,NOR,4,,9.0,3.0,0 days 00:44:45.126000,,,0 days 00:00:45.119000,0 days 00:00:35,,0 days 00:46:10.328000,0 days 00:46:45.203000,135.0,153.0,275.0,123.0,False,SOFT,1.0,True,McLaren,0 days 00:36:09.700000,,1,,False,,False,False
2023-05,FP1,0 days 00:56:18.947000,NOR,4,,10.0,3.0,,0 days 00:48:57.264000,,,,,,,,,,,False,SOFT,2.0,True,McLaren,0 days 00:46:45.203000,,15,,False,,False,False
2023-05,FP1,0 days 00:58:12.369000,NOR,4,,11.0,4.0,0 days 00:56:18.947000,,,0 days 00:00:40.560000,0 days 00:00:35.107000,,0 days 00:57:37.477000,0 days 00:58:12.461000,180.0,134.0,276.0,128.0,False,SOFT,3.0,False,McLaren,0 days 00:56:18.947000,,1,,False,,False,False
2023-05,FP1,0 days 00:59:44.366000,NOR,4,0 days 00:01:31.997000,12.0,4.0,,,0 days 00:00:30.921000,0 days 00:00:35.230000,0 days 00:00:25.846000,0 days 00:58:43.290000,0 days 00:59:18.520000,0 days 00:59:44.366000,216.0,184.0,276.0,332.0,True,SOFT,4.0,False,McLaren,0 days 00:58:12.369000,,1,,False,,False,True
2023-05,FP1,0 days 01:01:21.976000,NOR,4,0 days 00:01:37.610000,13.0,4.0,,,0 days 00:00:34.146000,0 days 00:00:36.798000,0 days 00:00:26.666000,0 days 01:00:18.512000,0 days 01:00:55.310000,0 days 01:01:21.976000,200.0,182.0,271.0,303.0,False,SOFT,5.0,False,McLaren,0 days 00:59:44.366000,,1,,False,,False,True
2023-05,FP1,0 days 01:02:56.248000,NOR,4,0 days 00:01:34.272000,14.0,4.0,,,0 days 00:00:31.826000,0 days 00:00:35.923000,0 days 00:00:26.523000,0 days 01:01:53.802000,0 days 01:02:29.725000,0 days 01:02:56.248000,212.0,182.0,272.0,305.0,False,SOFT,6.0,False,McLaren,0 days 01:01:21.976000,,1,,False,,False,True
2023-05,FP1,0 days 01:04:30.750000,NOR,4,0 days 00:01:34.502000,15.0,4.0,,,0 days 00:00:31.838000,0 days 00:00:36.106000,0 days 00:00:26.558000,0 days 01:03:28.086000,0 days 01:04:04.192000,0 days 01:04:30.750000,212.0,181.0,271.0,316.0,False,SOFT,7.0,False,McLaren,0 days 01:02:56.248000,,1,,False,,False,True
2023-05,FP1,0 days 01:06:05.507000,NOR,4,0 days 00:01:34.757000,16.0,4.0,,,0 days 00:00:31.963000,0 days 00:00:36.187000,0 days 00:00:26.607000,0 days 01:05:02.713000,0 days 01:05:38.900000,0 days 01:06:05.507000,212.0,182.0,275.0,311.0,False,SOFT,8.0,False,McLaren,0 days 01:04:30.750000,,12,,False,,False,True
2023-05,FP1,0 days 01:07:39.939000,NOR,4,0 days 00:01:34.432000,17.0,4.0,,,0 days 00:00:32.143000,0 days 00:00:35.976000,0 days 00:00:26.313000,0 days 01:06:37.650000,0 days 01:07:13.626000,0 days 01:07:39.939000,207.0,182.0,273.0,313.0,False,SOFT,9.0,False,McLaren,0 days 01:06:05.507000,,1,,False,,False,True
2023-05,FP1,0 days 01:09:14.316000,NOR,4,0 days 00:01:34.377000,18.0,4.0,,,0 days 00:00:32.015000,0 days 00:00:35.997000,0 days 00:00:26.365000,0 days 01:08:11.954000,0 days 01:08:47.951000,0 days 01:09:14.316000,212.0,182.0,274.0,312.0,False,SOFT,10.0,False,McLaren,0 days 01:07:39.939000,,1,,False,,False,True
2023-05,FP1,0 days 01:10:48.097000,NOR,4,0 days 00:01:33.781000,19.0,4.0,,,0 days 00:00:31.830000,0 days 00:00:35.616000,0 days 00:00:26.335000,0 days 01:09:46.146000,0 days 01:10:21.762000,0 days 01:10:48.097000,213.0,182.0,273.0,318.0,False,SOFT,11.0,False,McLaren,0 days 01:09:14.316000,,1,,False,,False,True
2023-05,FP1,0 days 01:12:21.783000,NOR,4,0 days 00:01:33.686000,20.0,4.0,,,0 days 00:00:31.625000,0 days 00:00:35.771000,0 days 00:00:26.290000,0 days 01:11:19.722000,0 days 01:11:55.493000,0 days 01:12:21.783000,213.0,180.0,275.0,309.0,False,SOFT,12.0,False,McLaren,0 days 01:10:48.097000,,1,,False,,False,True
2023-05,FP1,0 days 01:13:55.616000,NOR,4,0 days 00:01:33.833000,21.0,4.0,,,0 days 00:00:31.866000,0 days 00:00:35.701000,0 days 00:00:26.266000,0 days 01:12:53.649000,0 days 01:13:29.350000,0 days 01:13:55.616000,211.0,183.0,276.0,313.0,False,SOFT,13.0,False,McLaren,0 days 01:12:21.783000,,1,,False,,False,True
2023-05,FP1,0 days 01:15:54.788000,NOR,4,0 days 00:01:59.172000,22.0,4.0,,,0 days 00:00:34.448000,0 days 00:00:42.485000,0 days 00:00:42.239000,0 days 01:14:30.064000,0 days 01:15:12.549000,0 days 01:15:54.788000,181.0,141.0,42.0,175.0,False,SOFT,14.0,False,McLaren,0 days 01:13:55.616000,,1,,False,,False,True
2023-05,FP1,0 days 01:18:14.868000,NOR,4,0 days 00:02:20.080000,23.0,4.0,,0 days 01:18:09.369000,0 days 00:01:09.531000,0 days 00:00:37.852000,0 days 00:00:32.697000,0 days 01:17:04.319000,0 days 01:17:42.171000,0 days 01:18:14.868000,210.0,176.0,,271.0,False,SOFT,15.0,False,McLaren,0 days 01:15:54.788000,,1,,False,,False,False
2023-05,FP1,0 days 00:16:13.213000,HAM,44,,1.0,1.0,0 days 00:14:19.444000,,,0 days 00:00:39.970000,0 days 00:00:34.357000,,0 days 00:15:39.021000,0 days 00:16:13.286000,193.0,160.0,275.0,148.0,False,MEDIUM,1.0,True,Mercedes,0 days 00:14:19.444000,,1,,False,,False,False
2023-05,FP1,0 days 00:17:50.347000,HAM,44,0 days 00:01:37.134000,2.0,1.0,,,0 days 00:00:33.344000,0 days 00:00:37.625000,0 days 00:00:26.165000,0 days 00:16:46.557000,0 days 00:17:24.182000,0 days 00:17:50.347000,209.0,176.0,276.0,333.0,True,MEDIUM,2.0,True,Mercedes,0 days 00:16:13.213000,,1,,False,,False,True
2023-05,FP1,0 days 00:19:24.874000,HAM,44,0 days 00:01:34.527000,3.0,1.0,,,0 days 00:00:32.130000,0 days 00:00:36.274000,0 days 00:00:26.123000,0 days 00:18:22.477000,0 days 00:18:58.751000,0 days 00:19:24.874000,212.0,179.0,279.0,333.0,True,MEDIUM,3.0,True,Mercedes,0 days 00:17:50.347000,,1,,False,,False,True
2023-05,FP1,0 days 00:22:00.312000,HAM,44,,4.0,1.0,,,0 days 00:00:57.347000,0 days 00:01:06.881000,0 days 00:00:31.221000,0 days 00:20:22.361000,0 days 00:21:29.314000,0 days 00:22:00.407000,101.0,144.0,279.0,210.0,False,MEDIUM,4.0,True,Mercedes,0 days 00:19:24.874000,,1,,False,,False,False
2023-05,FP1,0 days 00:23:43.985000,HAM,44,0 days 00:01:43.673000,5.0,1.0,,,0 days 00:00:31.546000,0 days 00:00:43.177000,0 days 00:00:28.950000,0 days 00:22:31.858000,0 days 00:23:15.035000,0 days 00:23:43.985000,208.0,163.0,278.0,247.0,False,MEDIUM,5.0,True,Mercedes,0 days 00:22:00.312000,,12,,False,,False,True
2023-05,FP1,0 days 00:25:16.952000,HAM,44,0 days 00:01:32.967000,6.0,1.0,,,0 days 00:00:31.393000,0 days 00:00:35.664000,0 days 00:00:25.910000,0 days 00:24:15.378000,0 days 00:24:51.042000,0 days 00:25:16.952000,212.0,183.0,277.0,332.0,True,MEDIUM,6.0,True,Mercedes,0 days 00:23:43.985000,,1,,False,,False,True
2023-05,FP1,0 days 00:27:16.292000,HAM,44,0 days 00:01:59.340000,7.0,1.0,,0 days 00:27:10.841000,0 days 00:00:40.345000,0 days 00:00:45.156000,0 days 00:00:33.839000,0 days 00:25:57.297000,0 days 00:26:42.453000,0 days 00:27:16.292000,159.0,166.0,,278.0,False,MEDIUM,7.0,True,Mercedes,0 days 00:25:16.952000,,1,,False,,False,False
2023-05,FP1,0 days 00:43:49.017000,HAM,44,,8.0,2.0,0 days 00:42:13.050000,,,0 days 00:00:37.081000,0 days 00:00:26.658000,,0 days 00:43:22.549000,0 days 00:43:49.033000,207.0,179.0,268.0,311.0,False,MEDIUM,8.0,False,Mercedes,0 days 00:27:16.292000,,1,,False,,False,False
2023-05,FP1,0 days 00:45:25.157000,HAM,44,0 days 00:01:36.140000,9.0,2.0,,,0 days 00:00:33.539000,0 days 00:00:36.086000,0 days 00:00:26.515000,0 days 00:44:22.556000,0 days 00:44:58.642000,0 days 00:45:25.157000,209.0,183.0,268.0,311.0,False,MEDIUM,9.0,False,Mercedes,0 days 00:43:49.017000,,1,,False,,False,True
2023-05,FP1,0 days 00:47:01.387000,HAM,44,0 days 00:01:36.230000,10.0,2.0,,,0 days 00:00:33.258000,0 days 00:00:36.416000,0 days 00:00:26.556000,0 days 00:45:58.415000,0 days 00:46:34.831000,0 days 00:47:01.387000,205.0,180.0,269.0,317.0,False,MEDIUM,10.0,False,Mercedes,0 days 00:45:25.157000,,1,,False,,False,True
2023-05,FP1,0 days 00:56:00.306000,HAM,44,,11.0,2.0,,0 days 00:49:07.842000,,,,,,,,,,,False,MEDIUM,11.0,False,Mercedes,0 days 00:47:01.387000,,15,,False,,False,False
2023-05,FP1,0 days 00:57:42.043000,HAM,44,,12.0,3.0,0 days 00:56:00.306000,,,0 days 00:00:37.201000,0 days 00:00:27.073000,,0 days 00:57:15.165000,0 days 00:57:42.055000,208.0,181.0,276.0,283.0,False,MEDIUM,12.0,False,Mercedes,0 days 00:56:00.306000,,1,,False,,False,False
2023-05,FP1,0 days 00:59:16.717000,HAM,44,0 days 00:01:34.674000,13.0,3.0,,,0 days 00:00:32.468000,0 days 00:00:36.038000,0 days 00:00:26.168000,0 days 00:58:14.511000,0 days 00:58:50.549000,0 days 00:59:16.717000,208.0,185.0,273.0,320.0,False,MEDIUM,13.0,False,Mercedes,0 days 00:57:42.043000,,1,,False,,False,True
2023-05,FP1,0 days 01:00:51.073000,HAM,44,0 days 00:01:34.356000,14.0,3.0,,,0 days 00:00:32.012000,0 days 00:00:35.899000,0 days 00:00:26.445000,0 days 00:59:48.729000,0 days 01:00:24.628000,0 days 01:00:51.073000,213.0,185.0,274.0,320.0,False,MEDIUM,14.0,False,Mercedes,0 days 00:59:16.717000,,1,,False,,False,True
2023-05,FP1,0 days 01:02:25.181000,HAM,44,0 days 00:01:34.108000,15.0,3.0,,,0 days 00:00:31.924000,0 days 00:00:35.813000,0 days 00:00:26.371000,0 days 01:01:22.997000,0 days 01:01:58.810000,0 days 01:02:25.181000,209.0,183.0,276.0,320.0,False,MEDIUM,15.0,False,Mercedes,0 days 01:00:51.073000,,1,,False,,False,True
2023-05,FP1,0 days 01:04:00.100000,HAM,44,0 days 00:01:34.919000,16.0,3.0,,,0 days 00:00:32.464000,0 days 00:00:35.942000,0 days 00:00:26.513000,0 days 01:02:57.645000,0 days 01:03:33.587000,0 days 01:04:00.100000,210.0,183.0,277.0,317.0,False,MEDIUM,16.0,False,Mercedes,0 days 01:02:25.181000,,1,,False,,False,True
2023-05,FP1,0 days 01:05:35.246000,HAM,44,0 days 00:01:35.146000,17.0,3.0,,,0 days 00:00:32.202000,0 days 00:00:35.968000,0 days 00:00:26.976000,0 days 01:04:32.302000,0 days 01:05:08.270000,0 days 01:05:35.246000,211.0,183.0,273.0,333.0,False,MEDIUM,17.0,False,Mercedes,0 days 01:04:00.100000,,12,,False,,False,True
2023-05,FP1,0 days 01:07:09.833000,HAM,44,0 days 00:01:34.587000,18.0,3.0,,,0 days 00:00:32.256000,0 days 00:00:35.929000,0 days 00:00:26.402000,0 days 01:06:07.502000,0 days 01:06:43.431000,0 days 01:07:09.833000,211.0,185.0,273.0,318.0,False,MEDIUM,18.0,False,Mercedes,0 days 01:05:35.246000,,1,,False,,False,True
2023-05,FP1,0 days 01:08:50.616000,HAM,44,0 days 00:01:40.783000,19.0,3.0,,0 days 01:08:43.188000,0 days 00:00:31.972000,0 days 00:00:35.931000,0 days 00:00:32.880000,0 days 01:07:41.805000,0 days 01:08:17.736000,0 days 01:08:50.616000,212.0,183.0,,316.0,False,MEDIUM,19.0,False,Mercedes,0 days 01:07:09.833000,,1,,False,,False,False
2023-05,FP1,0 days 01:10:59.955000,HAM,44,0 days 00:02:09.339000,20.0,4.0,0 days 01:09:08.126000,,0 days 00:01:01.107000,0 days 00:00:38.999000,0 days 00:00:29.233000,0 days 01:09:51.723000,0 days 01:10:30.722000,0 days 01:10:59.955000,176.0,176.0,280.0,256.0,False,SOFT,1.0,True,Mercedes,0 days 01:08:50.616000,,1,,False,,False,False
2023-05,FP1,0 days 01:12:30.292000,HAM,44,0 days 00:01:30.337000,21.0,4.0,,,0 days 00:00:30.641000,0 days 00:00:34.362000,0 days 00:00:25.334000,0 days 01:11:30.596000,0 days 01:12:04.958000,0 days 01:12:30.292000,214.0,187.0,282.0,334.0,True,SOFT,2.0,True,Mercedes,0 days 01:10:59.955000,,1,,False,,False,True
2023-05,FP1,0 days 01:14:21.890000,HAM,44,0 days 00:01:51.598000,22.0,4.0,,,0 days 00:00:44.274000,0 days 00:00:38.918000,0 days 00:00:28.406000,0 days 01:13:14.566000,0 days 01:13:53.484000,0 days 01:14:21.890000,159.0,171.0,281.0,275.0,False,SOFT,3.0,True,Mercedes,0 days 01:12:30.292000,,1,,False,,False,True
2023-05,FP1,0 days 01:16:17.949000,HAM,44,0 days 00:01:56.059000,23.0,4.0,,,0 days 00:00:30.511000,0 days 00:00:34.925000,0 days 00:00:50.623000,0 days 01:14:52.401000,0 days 01:15:27.326000,0 days 01:16:17.949000,219.0,180.0,50.0,140.0,False,SOFT,4.0,True,Mercedes,0 days 01:14:21.890000,,1,,False,,False,True
2023-05,FP1,0 days 01:18:34.968000,HAM,44,0 days 00:02:17.019000,24.0,4.0,,0 days 01:18:29.416000,0 days 00:01:08.426000,0 days 00:00:36.901000,0 days 00:00:31.692000,0 days 01:17:26.375000,0 days 01:18:03.276000,0 days 01:18:34.968000,206.0,181.0,,316.0,False,SOFT,5.0,True,Mercedes,0 days 01:16:17.949000,,1,,False,,False,False
2023-05,FP1,0 days 00:16:40.652000,SAI,55,,1.0,1.0,0 days 00:14:53.084000,,,0 days 00:00:39.715000,0 days 00:00:30.856000,,0 days 00:16:09.989000,0 days 00:16:40.770000,195.0,174.0,266.0,295.0,False,HARD,1.0,True,Ferrari,0 days 00:14:53.084000,,1,,False,,False,False
2023-05,FP1,0 days 00:18:18.078000,SAI,55,0 days 00:01:37.426000,2.0,1.0,,,0 days 00:00:33.385000,0 days 00:00:37.015000,0 days 00:00:27.026000,0 days 00:17:14.037000,0 days 00:17:51.052000,0 days 00:18:18.078000,210.0,180.0,269.0,306.0,True,HARD,2.0,True,Ferrari,0 days 00:16:40.652000,,1,,False,,False,True
2023-05,FP1,0 days 00:19:54.794000,SAI,55,0 days 00:01:36.716000,3.0,1.0,,,0 days 00:00:32.989000,0 days 00:00:36.872000,0 days 00:00:26.855000,0 days 00:18:51.067000,0 days 00:19:27.939000,0 days 00:19:54.794000,211.0,183.0,269.0,297.0,True,HARD,3.0,True,Ferrari,0 days 00:18:18.078000,,1,,False,,False,True
2023-05,FP1,0 days 00:21:29.939000,SAI,55,0 days 00:01:35.145000,4.0,1.0,,,0 days 00:00:32.179000,0 days 00:00:36.432000,0 days 00:00:26.534000,0 days 00:20:26.973000,0 days 00:21:03.405000,0 days 00:21:29.939000,211.0,183.0,271.0,305.0,True,HARD,4.0,True,Ferrari,0 days 00:19:54.794000,,1,,False,,False,True
2023-05,FP1,0 days 00:23:20.206000,SAI,55,0 days 00:01:50.267000,5.0,1.0,,,0 days 00:00:32.278000,0 days 00:00:44.842000,0 days 00:00:33.147000,0 days 00:22:02.217000,0 days 00:22:47.059000,0 days 00:23:20.206000,211.0,93.0,276.0,197.0,False,HARD,5.0,True,Ferrari,0 days 00:21:29.939000,,12,,False,,False,True
2023-05,FP1,0 days 00:24:54.029000,SAI,55,0 days 00:01:33.823000,6.0,1.0,,,0 days 00:00:31.791000,0 days 00:00:35.928000,0 days 00:00:26.104000,0 days 00:23:51.997000,0 days 00:24:27.925000,0 days 00:24:54.029000,215.0,187.0,278.0,311.0,True,HARD,6.0,True,Ferrari,0 days 00:23:20.206000,,1,,False,,False,True
2023-05,FP1,0 days 00:26:52.598000,SAI,55,0 days 00:01:58.569000,7.0,1.0,,,0 days 00:00:38.447000,0 days 00:00:49.330000,0 days 00:00:30.792000,0 days 00:25:32.476000,0 days 00:26:21.806000,0 days 00:26:52.598000,185.0,130.0,274.0,244.0,False,HARD,7.0,True,Ferrari,0 days 00:24:54.029000,,1,,False,,False,True
2023-05,FP1,0 days 00:28:25.757000,SAI,55,0 days 00:01:33.159000,8.0,1.0,,,0 days 00:00:31.686000,0 days 00:00:35.591000,0 days 00:00:25.882000,0 days 00:27:24.284000,0 days 00:27:59.875000,0 days 00:28:25.757000,211.0,185.0,278.0,332.0,True,HARD,8.0,True,Ferrari,0 days 00:26:52.598000,,1,,False,,False,True
2023-05,FP1,0 days 00:30:17.510000,SAI,55,0 days 00:01:51.753000,9.0,1.0,,,0 days 00:00:39.652000,0 days 00:00:43.064000,0 days 00:00:29.037000,0 days 00:29:05.409000,0 days 00:29:48.473000,0 days 00:30:17.510000,180.0,154.0,276.0,279.0,False,HARD,9.0,True,Ferrari,0 days 00:28:25.757000,,1,,False,,False,True
2023-05,FP1,0 days 00:32:07.633000,SAI,55,0 days 00:01:50.123000,10.0,1.0,,,0 days 00:00:34.434000,0 days 00:00:39.622000,0 days 00:00:36.067000,0 days 00:30:51.944000,0 days 00:31:31.566000,0 days 00:32:07.633000,185.0,158.0,277.0,185.0,False,HARD,10.0,True,Ferrari,0 days 00:30:17.510000,,1,,False,,False,True
2023-05,FP1,0 days 00:33:40.925000,SAI,55,0 days 00:01:33.292000,11.0,1.0,,,0 days 00:00:31.376000,0 days 00:00:35.395000,0 days 00:00:26.521000,0 days 00:32:39.009000,0 days 00:33:14.404000,0 days 00:33:40.925000,212.0,185.0,276.0,331.0,False,HARD,11.0,True,Ferrari,0 days 00:32:07.633000,,1,,False,,False,True
2023-05,FP1,0 days 00:35:45.097000,SAI,55,0 days 00:02:04.172000,12.0,1.0,,0 days 00:35:39.476000,0 days 00:00:40.878000,0 days 00:00:45.640000,0 days 00:00:37.654000,0 days 00:34:21.803000,0 days 00:35:07.443000,0 days 00:35:45.097000,175.0,156.0,,209.0,False,HARD,12.0,True,Ferrari,0 days 00:33:40.925000,,1,,False,,False,False
2023-05,FP1,0 days 00:58:59.824000,SAI,55,,13.0,2.0,0 days 00:57:04.931000,,,0 days 00:00:44.102000,0 days 00:00:34.739000,,0 days 00:58:25.305000,0 days 00:58:59.914000,188.0,47.0,276.0,116.0,False,SOFT,1.0,True,Ferrari,0 days 00:57:04.931000,,1,,False,,False,False
2023-05,FP1,0 days 01:00:31.819000,SAI,55,0 days 00:01:31.995000,14.0,2.0,,,0 days 00:00:30.933000,0 days 00:00:35.032000,0 days 00:00:26.030000,0 days 00:59:30.757000,0 days 01:00:05.789000,0 days 01:00:31.819000,203.0,187.0,276.0,314.0,True,SOFT,2.0,True,Ferrari,0 days 00:58:59.824000,,1,,False,,False,True
2023-05,FP1,0 days 01:03:07.839000,SAI,55,,15.0,2.0,,,0 days 00:00:56.816000,0 days 00:01:00.395000,0 days 00:00:38.792000,0 days 01:01:28.834000,0 days 01:02:29.224000,0 days 01:03:07.895000,102.0,102.0,274.0,207.0,False,SOFT,3.0,True,Ferrari,0 days 01:00:31.819000,,1,,False,,False,False
2023-05,FP1,0 days 01:04:38.832000,SAI,55,0 days 00:01:30.993000,16.0,2.0,,,0 days 00:00:30.762000,0 days 00:00:34.752000,0 days 00:00:25.479000,0 days 01:03:38.601000,0 days 01:04:13.353000,0 days 01:04:38.832000,213.0,188.0,277.0,329.0,True,SOFT,4.0,True,Ferrari,0 days 01:03:07.839000,,1,,False,,False,True
2023-05,FP1,0 days 01:06:45.504000,SAI,55,0 days 00:02:06.672000,17.0,2.0,,0 days 01:06:40.002000,0 days 00:00:47.623000,0 days 00:00:44.381000,0 days 00:00:34.668000,0 days 01:05:26.455000,0 days 01:06:10.836000,0 days 01:06:45.504000,162.0,148.0,,238.0,False,SOFT,5.0,True,Ferrari,0 days 01:04:38.832000,,12,,False,,False,False
2023-05,FP1,0 days 01:09:25.908000,SAI,55,,18.0,3.0,0 days 01:07:07.267000,,0 days 00:01:09.581000,0 days 00:00:53.492000,0 days 00:00:37.348000,0 days 01:07:55.251000,0 days 01:08:48.813000,0 days 01:09:26.016000,183.0,128.0,275.0,112.0,False,SOFT,6.0,False,Ferrari,0 days 01:06:45.504000,,1,,False,,False,False
2023-05,FP1,0 days 01:11:25.399000,SAI,55,0 days 00:01:59.491000,19.0,3.0,,,0 days 00:00:38.535000,0 days 00:00:41.869000,0 days 00:00:39.087000,0 days 01:10:04.443000,0 days 01:10:46.312000,0 days 01:11:25.399000,188.0,165.0,260.0,162.0,False,SOFT,7.0,False,Ferrari,0 days 01:09:25.908000,,1,,False,,False,True
2023-05,FP1,0 days 01:12:56.123000,SAI,55,0 days 00:01:30.724000,20.0,3.0,,,0 days 00:00:30.814000,0 days 00:00:34.430000,0 days 00:00:25.480000,0 days 01:11:56.213000,0 days 01:12:30.643000,0 days 01:12:56.123000,218.0,189.0,278.0,329.0,True,SOFT,8.0,False,Ferrari,0 days 01:11:25.399000,,1,,False,,False,True
2023-05,FP1,0 days 01:15:09.324000,SAI,55,0 days 00:02:13.201000,21.0,3.0,,,0 days 00:00:41.757000,0 days 00:00:58.950000,0 days 00:00:32.494000,0 days 01:13:37.880000,0 days 01:14:36.830000,0 days 01:15:09.324000,132.0,117.0,258.0,160.0,False,SOFT,9.0,False,Ferrari,0 days 01:12:56.123000,,1,,False,,False,True
2023-05,FP1,0 days 01:17:08.671000,SAI,55,0 days 00:01:59.347000,22.0,3.0,,,0 days 00:00:32.903000,0 days 00:00:46.682000,0 days 00:00:39.762000,0 days 01:15:42.227000,0 days 01:16:28.909000,0 days 01:17:08.671000,147.0,118.0,54.0,200.0,False,SOFT,10.0,False,Ferrari,0 days 01:15:09.324000,,1,,False,,False,True
2023-05,FP1,0 days 01:19:15.530000,SAI,55,0 days 00:02:06.859000,23.0,3.0,,0 days 01:19:09.963000,0 days 00:00:56.358000,0 days 00:00:37.484000,0 days 00:00:33.017000,0 days 01:18:05.029000,0 days 01:18:42.513000,0 days 01:19:15.530000,213.0,169.0,,259.0,False,SOFT,11.0,False,Ferrari,0 days 01:17:08.671000,,1,,False,,False,False
2023-05,FP1,0 days 00:16:55.309000,RUS,63,,1.0,1.0,0 days 00:15:02.677000,,,0 days 00:00:39.380000,0 days 00:00:38.436000,,0 days 00:16:17.020000,0 days 00:16:55.364000,196.0,166.0,276.0,91.0,False,MEDIUM,1.0,True,Mercedes,0 days 00:15:02.677000,,1,,False,,False,False
2023-05,FP1,0 days 00:18:46.128000,RUS,63,0 days 00:01:50.819000,2.0,1.0,,0 days 00:18:40.550000,0 days 00:00:35.353000,0 days 00:00:38.522000,0 days 00:00:36.944000,0 days 00:17:30.662000,0 days 00:18:09.184000,0 days 00:18:46.128000,198.0,169.0,,300.0,False,MEDIUM,2.0,True,Mercedes,0 days 00:16:55.309000,,1,,False,,False,False
2023-05,FP1,0 days 00:44:55.457000,RUS,63,,3.0,2.0,0 days 00:43:19.471000,,,0 days 00:00:36.260000,0 days 00:00:26.693000,,0 days 00:44:28.876000,0 days 00:44:55.532000,201.0,183.0,274.0,323.0,False,MEDIUM,3.0,False,Mercedes,0 days 00:18:46.128000,,12,,False,,False,False
2023-05,FP1,0 days 00:46:29.453000,RUS,63,0 days 00:01:33.996000,4.0,2.0,,,0 days 00:00:32.259000,0 days 00:00:35.388000,0 days 00:00:26.349000,0 days 00:45:27.716000,0 days 00:46:03.104000,0 days 00:46:29.453000,212.0,186.0,274.0,325.0,True,MEDIUM,4.0,False,Mercedes,0 days 00:44:55.457000,,1,,False,,False,True
2023-05,FP1,0 days 00:56:10.072000,RUS,63,,5.0,2.0,,0 days 00:48:22.561000,0 days 00:00:31.772000,,,0 days 00:47:01.406000,,,211.0,,,,False,MEDIUM,5.0,False,Mercedes,0 days 00:46:29.453000,,15,,False,,False,False
2023-05,FP1,0 days 00:58:04.358000,RUS,63,,6.0,3.0,0 days 00:56:10.072000,,,0 days 00:00:43.016000,0 days 00:00:34.485000,,0 days 00:57:30.008000,0 days 00:58:04.445000,209.0,103.0,277.0,231.0,False,MEDIUM,6.0,False,Mercedes,0 days 00:56:10.072000,,1,,False,,False,False
2023-05,FP1,0 days 00:59:38.241000,RUS,63,0 days 00:01:33.883000,7.0,3.0,,,0 days 00:00:31.948000,0 days 00:00:35.650000,0 days 00:00:26.285000,0 days 00:58:36.306000,0 days 00:59:11.956000,0 days 00:59:38.241000,211.0,184.0,276.0,331.0,True,MEDIUM,7.0,False,Mercedes,0 days 00:58:04.358000,,1,,False,,False,True
2023-05,FP1,0 days 01:01:11.361000,RUS,63,0 days 00:01:33.120000,8.0,3.0,,,0 days 00:00:31.847000,0 days 00:00:35.284000,0 days 00:00:25.989000,0 days 01:00:10.088000,0 days 01:00:45.372000,0 days 01:01:11.361000,210.0,185.0,276.0,330.0,True,MEDIUM,8.0,False,Mercedes,0 days 00:59:38.241000,,1,,False,,False,True
2023-05,FP1,0 days 01:02:44.271000,RUS,63,0 days 00:01:32.910000,9.0,3.0,,,0 days 00:00:31.633000,0 days 00:00:35.024000,0 days 00:00:26.253000,0 days 01:01:42.994000,0 days 01:02:18.018000,0 days 01:02:44.271000,211.0,185.0,272.0,331.0,True,MEDIUM,9.0,False,Mercedes,0 days 01:01:11.361000,,1,,False,,False,True
2023-05,FP1,0 days 01:04:18.316000,RUS,63,0 days 00:01:34.045000,10.0,3.0,,,0 days 00:00:32.073000,0 days 00:00:35.659000,0 days 00:00:26.313000,0 days 01:03:16.344000,0 days 01:03:52.003000,0 days 01:04:18.316000,213.0,184.0,271.0,315.0,False,MEDIUM,10.0,False,Mercedes,0 days 01:02:44.271000,,1,,False,,False,True
2023-05,FP1,0 days 01:05:53.234000,RUS,63,0 days 00:01:34.918000,11.0,3.0,,,0 days 00:00:32.379000,0 days 00:00:35.679000,0 days 00:00:26.860000,0 days 01:04:50.695000,0 days 01:05:26.374000,0 days 01:05:53.234000,213.0,187.0,273.0,317.0,False,MEDIUM,11.0,False,Mercedes,0 days 01:04:18.316000,,12,,False,,False,True
2023-05,FP1,0 days 01:07:27.507000,RUS,63,0 days 00:01:34.273000,12.0,3.0,,,0 days 00:00:32.122000,0 days 00:00:35.754000,0 days 00:00:26.397000,0 days 01:06:25.356000,0 days 01:07:01.110000,0 days 01:07:27.507000,212.0,185.0,273.0,317.0,False,MEDIUM,12.0,False,Mercedes,0 days 01:05:53.234000,,1,,False,,False,True
2023-05,FP1,0 days 01:09:21.989000,RUS,63,0 days 00:01:54.482000,13.0,3.0,,0 days 01:09:16.454000,0 days 00:00:34.312000,0 days 00:00:47.174000,0 days 00:00:32.996000,0 days 01:08:01.819000,0 days 01:08:48.993000,0 days 01:09:21.989000,136.0,162.0,,213.0,False,MEDIUM,13.0,False,Mercedes,0 days 01:07:27.507000,,1,,False,,False,False
2023-05,FP1,0 days 01:11:29.559000,RUS,63,0 days 00:02:07.570000,14.0,4.0,0 days 01:09:40.625000,,0 days 00:00:55.254000,0 days 00:00:37.531000,0 days 00:00:34.785000,0 days 01:10:17.243000,0 days 01:10:54.774000,0 days 01:11:29.559000,188.0,168.0,280.0,112.0,False,SOFT,1.0,True,Mercedes,0 days 01:09:21.989000,,1,,False,,False,False
2023-05,FP1,0 days 01:12:59.684000,RUS,63,0 days 00:01:30.125000,15.0,4.0,,,0 days 00:00:30.549000,0 days 00:00:34.137000,0 days 00:00:25.439000,0 days 01:12:00.108000,0 days 01:12:34.245000,0 days 01:12:59.684000,221.0,191.0,278.0,335.0,True,SOFT,2.0,True,Mercedes,0 days 01:11:29.559000,,1,,False,,False,True
2023-05,FP1,0 days 01:15:17.652000,RUS,63,0 days 00:02:17.968000,16.0,4.0,,,0 days 00:00:44.061000,0 days 00:00:56.363000,0 days 00:00:37.544000,0 days 01:13:43.745000,0 days 01:14:40.108000,0 days 01:15:17.652000,159.0,114.0,263.0,156.0,False,SOFT,3.0,True,Mercedes,0 days 01:12:59.684000,,1,,False,,False,True
2023-05,FP1,0 days 01:17:38.431000,RUS,63,0 days 00:02:20.779000,17.0,4.0,,,0 days 00:00:44.687000,0 days 00:00:44.994000,0 days 00:00:51.098000,0 days 01:16:02.339000,0 days 01:16:47.333000,0 days 01:17:38.431000,155.0,123.0,53.0,232.0,False,SOFT,4.0,True,Mercedes,0 days 01:15:17.652000,,1,,False,,False,True
2023-05,FP1,0 days 01:20:03.509000,RUS,63,0 days 00:02:25.078000,18.0,4.0,,0 days 01:19:57.978000,0 days 00:01:03.034000,0 days 00:00:42.978000,0 days 00:00:39.066000,0 days 01:18:41.465000,0 days 01:19:24.443000,0 days 01:20:03.509000,164.0,142.0,,209.0,False,SOFT,5.0,True,Mercedes,0 days 01:17:38.431000,,1,,False,,False,False
2023-05,FP1,0 days 00:15:47.850000,BOT,77,,1.0,1.0,0 days 00:13:49.756000,0 days 00:15:42.036000,,0 days 00:00:43.370000,0 days 00:00:38.547000,,0 days 00:15:09.427000,0 days 00:15:47.850000,190.0,158.0,,243.0,False,HARD,1.0,True,Alfa Romeo,0 days 00:13:49.756000,,1,,False,,False,False
2023-05,FP1,0 days 00:18:30.363000,BOT,77,,2.0,2.0,0 days 00:16:38.708000,0 days 00:18:24.769000,0 days 00:01:25.193000,0 days 00:00:40.384000,0 days 00:00:36.930000,0 days 00:17:13.207000,0 days 00:17:53.519000,0 days 00:18:30.363000,202.0,175.0,,125.0,False,HARD,1.0,False,Alfa Romeo,0 days 00:15:47.850000,,1,,False,,False,False
2023-05,FP1,0 days 00:28:10.497000,BOT,77,,3.0,3.0,0 days 00:26:21.998000,,,0 days 00:00:39.256000,0 days 00:00:32.561000,,0 days 00:27:38.075000,0 days 00:28:10.590000,201.0,174.0,272.0,139.0,False,HARD,3.0,False,Alfa Romeo,0 days 00:18:30.363000,,12,,False,,False,False
2023-05,FP1,0 days 00:29:48.027000,BOT,77,0 days 00:01:37.530000,4.0,3.0,,,0 days 00:00:34.481000,0 days 00:00:36.499000,0 days 00:00:26.550000,0 days 00:28:44.978000,0 days 00:29:21.477000,0 days 00:29:48.027000,209.0,183.0,272.0,316.0,True,HARD,4.0,False,Alfa Romeo,0 days 00:28:10.497000,,1,,False,,False,True
2023-05,FP1,0 days 00:31:23.802000,BOT,77,0 days 00:01:35.775000,5.0,3.0,,,0 days 00:00:33.302000,0 days 00:00:36.072000,0 days 00:00:26.401000,0 days 00:30:21.329000,0 days 00:30:57.401000,0 days 00:31:23.802000,212.0,184.0,273.0,315.0,True,HARD,5.0,False,Alfa Romeo,0 days 00:29:48.027000,,1,,False,,False,True
2023-05,FP1,0 days 00:32:58.876000,BOT,77,0 days 00:01:35.074000,6.0,3.0,,,0 days 00:00:32.868000,0 days 00:00:35.890000,0 days 00:00:26.316000,0 days 00:31:56.670000,0 days 00:32:32.560000,0 days 00:32:58.876000,213.0,184.0,270.0,319.0,True,HARD,6.0,False,Alfa Romeo,0 days 00:31:23.802000,,1,,False,,False,True
2023-05,FP1,0 days 00:34:33.920000,BOT,77,0 days 00:01:35.044000,7.0,3.0,,,0 days 00:00:32.717000,0 days 00:00:35.926000,0 days 00:00:26.401000,0 days 00:33:31.593000,0 days 00:34:07.519000,0 days 00:34:33.920000,209.0,183.0,270.0,320.0,True,HARD,7.0,False,Alfa Romeo,0 days 00:32:58.876000,,1,,False,,False,True
2023-05,FP1,0 days 00:36:08.868000,BOT,77,0 days 00:01:34.948000,8.0,3.0,,,0 days 00:00:32.716000,0 days 00:00:35.591000,0 days 00:00:26.641000,0 days 00:35:06.636000,0 days 00:35:42.227000,0 days 00:36:08.868000,213.0,185.0,273.0,319.0,True,HARD,8.0,False,Alfa Romeo,0 days 00:34:33.920000,,1,,False,,False,True
2023-05,FP1,0 days 00:37:42.841000,BOT,77,0 days 00:01:33.973000,9.0,3.0,,,0 days 00:00:32.125000,0 days 00:00:35.592000,0 days 00:00:26.256000,0 days 00:36:40.993000,0 days 00:37:16.585000,0 days 00:37:42.841000,214.0,185.0,274.0,319.0,True,HARD,9.0,False,Alfa Romeo,0 days 00:36:08.868000,,1,,False,,False,True
2023-05,FP1,0 days 00:39:25.467000,BOT,77,0 days 00:01:42.626000,10.0,3.0,,0 days 00:39:19.974000,0 days 00:00:32.952000,0 days 00:00:37.829000,0 days 00:00:31.845000,0 days 00:38:15.793000,0 days 00:38:53.622000,0 days 00:39:25.467000,208.0,180.0,,299.0,False,HARD,10.0,False,Alfa Romeo,0 days 00:37:42.841000,,1,,False,,False,False
2023-05,FP1,0 days 00:46:49.422000,BOT,77,,11.0,4.0,0 days 00:44:57.610000,,,0 days 00:00:40.896000,0 days 00:00:35.842000,,0 days 00:46:13.719000,0 days 00:46:49.422000,206.0,166.0,273.0,180.0,False,SOFT,1.0,True,Alfa Romeo,0 days 00:39:25.467000,,1,,False,,False,False
2023-05,FP1,0 days 00:56:25.775000,BOT,77,,12.0,4.0,,0 days 00:48:58.811000,,,,,,,,,,,False,SOFT,2.0,True,Alfa Romeo,0 days 00:46:49.422000,,15,,False,,False,False
2023-05,FP1,0 days 00:58:24.017000,BOT,77,,13.0,5.0,0 days 00:56:25.775000,,,0 days 00:00:40.030000,0 days 00:00:38.538000,,0 days 00:57:45.664000,0 days 00:58:24.102000,204.0,121.0,273.0,89.0,False,SOFT,3.0,False,Alfa Romeo,0 days 00:56:25.775000,,1,,False,,False,False
2023-05,FP1,0 days 00:59:56.882000,BOT,77,0 days 00:01:32.865000,14.0,5.0,,,0 days 00:00:31.769000,0 days 00:00:35.093000,0 days 00:00:26.003000,0 days 00:58:55.786000,0 days 00:59:30.879000,0 days 00:59:56.882000,212.0,187.0,272.0,325.0,True,SOFT,4.0,False,Alfa Romeo,0 days 00:58:24.017000,,1,,False,,False,True
2023-05,FP1,0 days 01:01:51.794000,BOT,77,0 days 00:01:54.912000,15.0,5.0,,,0 days 00:00:39.154000,0 days 00:00:43.679000,0 days 00:00:32.079000,0 days 01:00:36.036000,0 days 01:01:19.715000,0 days 01:01:51.794000,185.0,81.0,274.0,197.0,False,SOFT,5.0,False,Alfa Romeo,0 days 00:59:56.882000,,1,,False,,False,True
2023-05,FP1,0 days 01:03:41.659000,BOT,77,0 days 00:01:49.865000,16.0,5.0,,,0 days 00:00:37.931000,0 days 00:00:40.393000,0 days 00:00:31.541000,0 days 01:02:29.725000,0 days 01:03:10.118000,0 days 01:03:41.659000,179.0,124.0,273.0,240.0,False,SOFT,6.0,False,Alfa Romeo,0 days 01:01:51.794000,,1,,False,,False,True
2023-05,FP1,0 days 01:05:15.361000,BOT,77,0 days 00:01:33.702000,17.0,5.0,,,0 days 00:00:31.381000,0 days 00:00:35.050000,0 days 00:00:27.271000,0 days 01:04:13.040000,0 days 01:04:48.090000,0 days 01:05:15.361000,214.0,187.0,228.0,329.0,False,SOFT,7.0,False,Alfa Romeo,0 days 01:03:41.659000,,12,,False,,False,True
2023-05,FP1,0 days 01:07:07.891000,BOT,77,0 days 00:01:52.530000,18.0,5.0,,,0 days 00:00:40.759000,0 days 00:00:40.915000,0 days 00:00:30.856000,0 days 01:05:56.120000,0 days 01:06:37.035000,0 days 01:07:07.891000,192.0,157.0,220.0,291.0,False,SOFT,8.0,False,Alfa Romeo,0 days 01:05:15.361000,,1,,False,,False,True
2023-05,FP1,0 days 01:09:34.571000,BOT,77,0 days 00:02:26.680000,19.0,5.0,,,0 days 00:00:50.212000,0 days 00:00:54.051000,0 days 00:00:42.417000,0 days 01:07:58.103000,0 days 01:08:52.154000,0 days 01:09:34.571000,139.0,118.0,275.0,119.0,False,SOFT,9.0,False,Alfa Romeo,0 days 01:07:07.891000,,1,,False,,False,True
2023-05,FP1,0 days 01:11:06.473000,BOT,77,0 days 00:01:31.902000,20.0,5.0,,,0 days 00:00:31.202000,0 days 00:00:34.758000,0 days 00:00:25.942000,0 days 01:10:05.773000,0 days 01:10:40.531000,0 days 01:11:06.473000,213.0,187.0,275.0,329.0,True,SOFT,10.0,False,Alfa Romeo,0 days 01:09:34.571000,,1,,False,,False,True
2023-05,FP1,0 days 01:13:09.680000,BOT,77,0 days 00:02:03.207000,21.0,5.0,,,0 days 00:00:48.146000,0 days 00:00:44.050000,0 days 00:00:31.011000,0 days 01:11:54.619000,0 days 01:12:38.669000,0 days 01:13:09.680000,162.0,166.0,275.0,252.0,False,SOFT,11.0,False,Alfa Romeo,0 days 01:11:06.473000,,1,,False,,False,True
2023-05,FP1,0 days 01:14:41.687000,BOT,77,0 days 00:01:32.007000,22.0,5.0,,,0 days 00:00:31.337000,0 days 00:00:34.744000,0 days 00:00:25.926000,0 days 01:13:41.017000,0 days 01:14:15.761000,0 days 01:14:41.687000,216.0,188.0,275.0,326.0,False,SOFT,12.0,False,Alfa Romeo,0 days 01:13:09.680000,,1,,False,,False,True
2023-05,FP1,0 days 01:16:46.635000,BOT,77,0 days 00:02:04.948000,23.0,5.0,,,0 days 00:00:39.972000,0 days 00:00:40.482000,0 days 00:00:44.494000,0 days 01:15:21.659000,0 days 01:16:02.141000,0 days 01:16:46.635000,185.0,160.0,32.0,172.0,False,SOFT,13.0,False,Alfa Romeo,0 days 01:14:41.687000,,1,,False,,False,True
2023-05,FP1,0 days 01:18:57.551000,BOT,77,0 days 00:02:10.916000,24.0,5.0,,0 days 01:18:51.681000,0 days 00:00:56.204000,0 days 00:00:39.730000,0 days 00:00:34.982000,0 days 01:17:42.839000,0 days 01:18:22.569000,0 days 01:18:57.551000,203.0,179.0,,269.0,False,SOFT,14.0,False,Alfa Romeo,0 days 01:16:46.635000,,1,,False,,False,False
2023-05,FP1,0 days 00:16:45.377000,PIA,81,,1.0,1.0,0 days 00:14:46.459000,,,0 days 00:00:40.003000,0 days 00:00:39.826000,,0 days 00:16:05.708000,0 days 00:16:45.442000,191.0,156.0,271.0,140.0,False,MEDIUM,1.0,True,McLaren,0 days 00:14:46.459000,,1,,False,,False,False
2023-05,FP1,0 days 00:18:23.566000,PIA,81,0 days 00:01:38.189000,2.0,1.0,,,0 days 00:00:34.423000,0 days 00:00:37.106000,0 days 00:00:26.660000,0 days 00:17:19.800000,0 days 00:17:56.906000,0 days 00:18:23.566000,207.0,179.0,276.0,316.0,True,MEDIUM,2.0,True,McLaren,0 days 00:16:45.377000,,1,,False,,False,True
2023-05,FP1,0 days 00:20:14.571000,PIA,81,0 days 00:01:51.005000,3.0,1.0,,0 days 00:20:08.658000,0 days 00:00:33.559000,0 days 00:00:37.641000,0 days 00:00:39.805000,0 days 00:18:57.125000,0 days 00:19:34.766000,0 days 00:20:14.571000,207.0,148.0,,164.0,False,MEDIUM,3.0,True,McLaren,0 days 00:18:23.566000,,1,,False,,False,False
2023-05,FP1,0 days 00:30:42.734000,PIA,81,,4.0,2.0,0 days 00:28:50.371000,,,0 days 00:00:42.454000,0 days 00:00:33.329000,,0 days 00:30:09.636000,0 days 00:30:42.823000,179.0,133.0,275.0,115.0,False,MEDIUM,4.0,False,McLaren,0 days 00:20:14.571000,,12,,False,,False,False
2023-05,FP1,0 days 00:32:17.831000,PIA,81,0 days 00:01:35.097000,5.0,2.0,,,0 days 00:00:32.730000,0 days 00:00:36.179000,0 days 00:00:26.188000,0 days 00:31:15.464000,0 days 00:31:51.643000,0 days 00:32:17.831000,209.0,182.0,277.0,328.0,True,MEDIUM,5.0,False,McLaren,0 days 00:30:42.734000,,1,,False,,False,True
2023-05,FP1,0 days 00:33:53.442000,PIA,81,0 days 00:01:35.611000,6.0,2.0,,,0 days 00:00:32.335000,0 days 00:00:37.130000,0 days 00:00:26.146000,0 days 00:32:50.166000,0 days 00:33:27.296000,0 days 00:33:53.442000,211.0,179.0,276.0,332.0,False,MEDIUM,6.0,False,McLaren,0 days 00:32:17.831000,,1,,False,,False,True
2023-05,FP1,0 days 00:36:00.292000,PIA,81,0 days 00:02:06.850000,7.0,2.0,,,0 days 00:00:45.165000,0 days 00:00:49.249000,0 days 00:00:32.436000,0 days 00:34:38.607000,0 days 00:35:27.856000,0 days 00:36:00.292000,141.0,126.0,275.0,227.0,False,MEDIUM,7.0,False,McLaren,0 days 00:33:53.442000,,1,,False,,False,True
2023-05,FP1,0 days 00:37:33.444000,PIA,81,0 days 00:01:33.152000,8.0,2.0,,,0 days 00:00:31.831000,0 days 00:00:35.400000,0 days 00:00:25.921000,0 days 00:36:32.123000,0 days 00:37:07.523000,0 days 00:37:33.444000,215.0,186.0,277.0,328.0,True,MEDIUM,8.0,False,McLaren,0 days 00:36:00.292000,,1,,False,,False,True
2023-05,FP1,0 days 00:39:42.268000,PIA,81,0 days 00:02:08.824000,9.0,2.0,,,0 days 00:00:48.896000,0 days 00:00:48.293000,0 days 00:00:31.635000,0 days 00:38:22.340000,0 days 00:39:10.633000,0 days 00:39:42.268000,145.0,120.0,276.0,187.0,False,MEDIUM,9.0,False,McLaren,0 days 00:37:33.444000,,1,,False,,False,True
2023-05,FP1,0 days 00:41:15.432000,PIA,81,0 days 00:01:33.164000,10.0,2.0,,,0 days 00:00:31.511000,0 days 00:00:35.639000,0 days 00:00:26.014000,0 days 00:40:13.779000,0 days 00:40:49.418000,0 days 00:41:15.432000,211.0,186.0,276.0,329.0,False,MEDIUM,10.0,False,McLaren,0 days 00:39:42.268000,,1,,False,,False,True
2023-05,FP1,0 days 00:43:10.752000,PIA,81,0 days 00:01:55.320000,11.0,2.0,,0 days 00:43:05.159000,0 days 00:00:37.539000,0 days 00:00:40.147000,0 days 00:00:37.634000,0 days 00:41:52.971000,0 days 00:42:33.118000,0 days 00:43:10.752000,196.0,117.0,,220.0,False,MEDIUM,11.0,False,McLaren,0 days 00:41:15.432000,,1,,False,,False,False
2023-05,FP1,0 days 00:58:19.587000,PIA,81,,12.0,3.0,0 days 00:56:22.353000,,,0 days 00:00:39.621000,0 days 00:00:35.197000,,0 days 00:57:44.602000,0 days 00:58:19.664000,192.0,142.0,277.0,97.0,False,SOFT,1.0,True,McLaren,0 days 00:56:22.353000,,1,,False,,False,False
2023-05,FP1,0 days 01:00:14.414000,PIA,81,0 days 00:01:54.827000,13.0,3.0,,,0 days 00:00:34.565000,0 days 00:00:48.330000,0 days 00:00:31.932000,0 days 00:58:54.152000,0 days 00:59:42.482000,0 days 01:00:14.414000,161.0,118.0,279.0,253.0,False,SOFT,2.0,True,McLaren,0 days 00:58:19.587000,,1,,False,,False,True
2023-05,FP1,0 days 01:01:46.224000,PIA,81,0 days 00:01:31.810000,14.0,3.0,,,0 days 00:00:31.003000,0 days 00:00:35.052000,0 days 00:00:25.755000,0 days 01:00:45.417000,0 days 01:01:20.469000,0 days 01:01:46.224000,216.0,188.0,278.0,330.0,True,SOFT,3.0,True,McLaren,0 days 01:00:14.414000,,1,,False,,False,True
2023-05,FP1,0 days 01:03:52.794000,PIA,81,0 days 00:02:06.570000,15.0,3.0,,0 days 01:03:47.270000,0 days 00:00:44.544000,0 days 00:00:47.384000,0 days 00:00:34.642000,0 days 01:02:30.768000,0 days 01:03:18.152000,0 days 01:03:52.794000,151.0,138.0,,271.0,False,SOFT,4.0,True,McLaren,0 days 01:01:46.224000,,1,,False,,False,False
2023-05,FP1,0 days 01:05:45.757000,PIA,81,0 days 00:01:52.963000,16.0,4.0,0 days 01:04:10.051000,,0 days 00:00:50.609000,0 days 00:00:35.952000,0 days 00:00:26.402000,0 days 01:04:43.403000,0 days 01:05:19.355000,0 days 01:05:45.757000,214.0,184.0,273.0,318.0,False,MEDIUM,12.0,False,McLaren,0 days 01:03:52.794000,,12,,False,,False,False
2023-05,FP1,0 days 01:07:20.363000,PIA,81,0 days 00:01:34.606000,17.0,4.0,,,0 days 00:00:31.915000,0 days 00:00:36.066000,0 days 00:00:26.625000,0 days 01:06:17.672000,0 days 01:06:53.738000,0 days 01:07:20.363000,213.0,181.0,272.0,307.0,False,MEDIUM,13.0,False,McLaren,0 days 01:05:45.757000,,1,,False,,False,True
2023-05,FP1,0 days 01:08:55.489000,PIA,81,0 days 00:01:35.126000,18.0,4.0,,,0 days 00:00:32.380000,0 days 00:00:36.099000,0 days 00:00:26.647000,0 days 01:07:52.743000,0 days 01:08:28.842000,0 days 01:08:55.489000,212.0,183.0,273.0,302.0,False,MEDIUM,14.0,False,McLaren,0 days 01:07:20.363000,,1,,False,,False,True
2023-05,FP1,0 days 01:10:29.907000,PIA,81,0 days 00:01:34.418000,19.0,4.0,,,0 days 00:00:32.148000,0 days 00:00:35.847000,0 days 00:00:26.423000,0 days 01:09:27.637000,0 days 01:10:03.484000,0 days 01:10:29.907000,213.0,184.0,273.0,312.0,False,MEDIUM,15.0,False,McLaren,0 days 01:08:55.489000,,1,,False,,False,True
2023-05,FP1,0 days 01:12:04.246000,PIA,81,0 days 00:01:34.339000,20.0,4.0,,,0 days 00:00:32.041000,0 days 00:00:35.984000,0 days 00:00:26.314000,0 days 01:11:01.948000,0 days 01:11:37.932000,0 days 01:12:04.246000,212.0,184.0,275.0,315.0,False,MEDIUM,16.0,False,McLaren,0 days 01:10:29.907000,,1,,False,,False,True
2023-05,FP1,0 days 01:13:38.726000,PIA,81,0 days 00:01:34.480000,21.0,4.0,,,0 days 00:00:32.237000,0 days 00:00:35.933000,0 days 00:00:26.310000,0 days 01:12:36.483000,0 days 01:13:12.416000,0 days 01:13:38.726000,213.0,185.0,276.0,314.0,False,MEDIUM,17.0,False,McLaren,0 days 01:12:04.246000,,1,,False,,False,True
2023-05,FP1,0 days 01:15:14.174000,PIA,81,0 days 00:01:35.448000,22.0,4.0,,,0 days 00:00:32.793000,0 days 00:00:36.184000,0 days 00:00:26.471000,0 days 01:14:11.519000,0 days 01:14:47.703000,0 days 01:15:14.174000,209.0,179.0,275.0,311.0,False,MEDIUM,18.0,False,McLaren,0 days 01:13:38.726000,,1,,False,,False,True
2023-05,FP1,0 days 01:17:06.485000,PIA,81,0 days 00:01:52.311000,23.0,4.0,,,0 days 00:00:33.858000,0 days 00:00:43.482000,0 days 00:00:34.971000,0 days 01:15:48.032000,0 days 01:16:31.514000,0 days 01:17:06.485000,180.0,145.0,59.0,254.0,False,MEDIUM,19.0,False,McLaren,0 days 01:15:14.174000,,1,,False,,False,True
2023-05,FP1,0 days 01:19:24.992000,PIA,81,0 days 00:02:18.507000,24.0,4.0,,0 days 01:19:19.462000,0 days 00:00:52.901000,0 days 00:00:43.027000,0 days 00:00:42.579000,0 days 01:17:59.386000,0 days 01:18:42.413000,0 days 01:19:24.992000,199.0,134.0,,212.0,False,MEDIUM,20.0,False,McLaren,0 days 01:17:06.485000,,1,,False,,False,False
2023-05,FP2,0 days 00:18:13.628000,VER,1,,1.0,1.0,0 days 00:16:20.786000,,,0 days 00:00:40.908000,0 days 00:00:35.576000,,0 days 00:17:38.129000,0 days 00:18:13.628000,193.0,77.0,282.0,234.0,False,MEDIUM,1.0,False,Red Bull Racing,0 days 00:16:20.786000,,1,,False,,False,False
2023-05,FP2,0 days 00:19:43.774000,VER,1,0 days 00:01:30.146000,2.0,1.0,,,0 days 00:00:30.607000,0 days 00:00:34.124000,0 days 00:00:25.415000,0 days 00:18:44.235000,0 days 00:19:18.359000,0 days 00:19:43.774000,216.0,188.0,281.0,341.0,True,MEDIUM,2.0,False,Red Bull Racing,0 days 00:18:13.628000,,1,,False,,False,True
2023-05,FP2,0 days 00:22:16.475000,VER,1,,3.0,1.0,,,0 days 00:00:48.672000,0 days 00:00:56.083000,0 days 00:00:48.028000,0 days 00:20:32.549000,0 days 00:21:28.626000,0 days 00:22:16.563000,151.0,118.0,282.0,42.0,False,MEDIUM,3.0,False,Red Bull Racing,0 days 00:19:43.774000,,12,,False,,False,False
2023-05,FP2,0 days 00:23:46.078000,VER,1,0 days 00:01:29.603000,4.0,1.0,,,0 days 00:00:30.318000,0 days 00:00:33.911000,0 days 00:00:25.374000,0 days 00:22:46.793000,0 days 00:23:20.704000,0 days 00:23:46.078000,218.0,189.0,273.0,338.0,True,MEDIUM,4.0,False,Red Bull Racing,0 days 00:22:16.475000,,1,,False,,False,True
2023-05,FP2,0 days 00:26:19.857000,VER,1,,5.0,1.0,,,0 days 00:00:50.174000,0 days 00:01:05.760000,0 days 00:00:37.760000,0 days 00:24:36.405000,0 days 00:25:42.436000,0 days 00:26:19.857000,93.0,85.0,281.0,165.0,False,MEDIUM,5.0,False,Red Bull Racing,0 days 00:23:46.078000,,1,,False,,False,False
2023-05,FP2,0 days 00:27:49.237000,VER,1,0 days 00:01:29.380000,6.0,1.0,,,0 days 00:00:30.105000,0 days 00:00:33.922000,0 days 00:00:25.353000,0 days 00:26:49.962000,0 days 00:27:23.884000,0 days 00:27:49.237000,217.0,188.0,278.0,336.0,True,MEDIUM,6.0,False,Red Bull Racing,0 days 00:26:19.857000,,1,,False,,False,True
2023-05,FP2,0 days 00:29:33.380000,VER,1,0 days 00:01:44.143000,7.0,1.0,,0 days 00:29:27.699000,0 days 00:00:34.395000,0 days 00:00:37.390000,0 days 00:00:32.358000,0 days 00:28:23.632000,0 days 00:29:01.022000,0 days 00:29:33.380000,187.0,177.0,,310.0,False,MEDIUM,7.0,False,Red Bull Racing,0 days 00:27:49.237000,,1,,False,,False,False
2023-05,FP2,0 days 00:41:09.107000,VER,1,,8.0,2.0,0 days 00:39:22.411000,,,0 days 00:00:38.561000,0 days 00:00:29.264000,,0 days 00:40:40.004000,0 days 00:41:09.175000,202.0,161.0,281.0,270.0,False,SOFT,1.0,True,Red Bull Racing,0 days 00:29:33.380000,,1,,False,,False,False
2023-05,FP2,0 days 00:42:37.362000,VER,1,0 days 00:01:28.255000,9.0,2.0,,,0 days 00:00:29.697000,0 days 00:00:33.424000,0 days 00:00:25.134000,0 days 00:41:38.804000,0 days 00:42:12.228000,0 days 00:42:37.362000,219.0,189.0,282.0,338.0,True,SOFT,2.0,True,Red Bull Racing,0 days 00:41:09.107000,,1,,False,,False,True
2023-05,FP2,0 days 00:45:19.546000,VER,1,,10.0,2.0,,,0 days 00:00:55.025000,0 days 00:01:03.035000,0 days 00:00:44.124000,0 days 00:43:32.533000,0 days 00:44:35.564000,0 days 00:45:19.579000,129.0,103.0,157.0,164.0,False,SOFT,3.0,True,Red Bull Racing,0 days 00:42:37.362000,,1,,False,,False,False
2023-05,FP2,0 days 00:47:35.115000,VER,1,0 days 00:02:15.569000,11.0,2.0,,,0 days 00:00:54.735000,0 days 00:00:48.541000,0 days 00:00:32.293000,0 days 00:46:14.281000,0 days 00:47:02.822000,0 days 00:47:35.115000,160.0,152.0,282.0,272.0,False,SOFT,4.0,True,Red Bull Racing,0 days 00:45:19.546000,,1,,False,,False,True
2023-05,FP2,0 days 00:49:03.045000,VER,1,0 days 00:01:27.930000,12.0,2.0,,,0 days 00:00:29.534000,0 days 00:00:33.350000,0 days 00:00:25.046000,0 days 00:48:04.649000,0 days 00:48:37.999000,0 days 00:49:03.045000,218.0,190.0,281.0,340.0,True,SOFT,5.0,True,Red Bull Racing,0 days 00:47:35.115000,,12,,False,,False,True
2023-05,FP2,0 days 00:50:53.536000,VER,1,0 days 00:01:50.491000,13.0,2.0,,0 days 00:50:47.981000,0 days 00:00:33.972000,0 days 00:00:41.203000,0 days 00:00:35.316000,0 days 00:49:37.017000,0 days 00:50:18.220000,0 days 00:50:53.536000,196.0,98.0,,229.0,False,SOFT,6.0,True,Red Bull Racing,0 days 00:49:03.045000,,1,,False,,False,False
2023-05,FP2,0 days 01:00:00.662000,VER,1,,14.0,3.0,0 days 00:58:20.789000,,,0 days 00:00:35.238000,0 days 00:00:32.974000,,0 days 00:59:27.835000,0 days 01:00:00.662000,209.0,184.0,268.0,172.0,False,MEDIUM,8.0,False,Red Bull Racing,0 days 00:50:53.536000,,1,,False,,False,False
2023-05,FP2,0 days 01:01:33.154000,VER,1,0 days 00:01:32.492000,15.0,3.0,,,0 days 00:00:31.765000,0 days 00:00:34.638000,0 days 00:00:26.089000,0 days 01:00:32.427000,0 days 01:01:07.065000,0 days 01:01:33.154000,210.0,184.0,271.0,305.0,False,MEDIUM,9.0,False,Red Bull Racing,0 days 01:00:00.662000,,1,,False,,False,True
2023-05,FP2,0 days 01:03:05.697000,VER,1,0 days 00:01:32.543000,16.0,3.0,,,0 days 00:00:31.687000,0 days 00:00:34.809000,0 days 00:00:26.047000,0 days 01:02:04.841000,0 days 01:02:39.650000,0 days 01:03:05.697000,213.0,184.0,271.0,306.0,False,MEDIUM,10.0,False,Red Bull Racing,0 days 01:01:33.154000,,12,,False,,False,True
2023-05,FP2,0 days 01:04:38.344000,VER,1,0 days 00:01:32.647000,17.0,3.0,,,0 days 00:00:31.659000,0 days 00:00:34.880000,0 days 00:00:26.108000,0 days 01:03:37.356000,0 days 01:04:12.236000,0 days 01:04:38.344000,212.0,182.0,273.0,307.0,False,MEDIUM,11.0,False,Red Bull Racing,0 days 01:03:05.697000,,12,,False,,False,True
2023-05,FP2,0 days 01:11:27.123000,VER,1,,18.0,3.0,,0 days 01:06:43.924000,,,,,,,,,,,False,MEDIUM,12.0,False,Red Bull Racing,0 days 01:04:38.344000,,251,,False,,False,False
2023-05,FP2,0 days 01:13:24.325000,VER,1,,19.0,4.0,0 days 01:11:27.123000,,,0 days 00:00:36.426000,0 days 00:00:32.896000,,0 days 01:12:51.591000,0 days 01:13:24.325000,209.0,182.0,268.0,185.0,False,MEDIUM,13.0,False,Red Bull Racing,0 days 01:11:27.123000,,1,,False,,False,False
2023-05,FP2,0 days 01:14:56.272000,VER,1,0 days 00:01:31.947000,20.0,4.0,,,0 days 00:00:31.513000,0 days 00:00:34.553000,0 days 00:00:25.881000,0 days 01:13:55.838000,0 days 01:14:30.391000,0 days 01:14:56.272000,213.0,185.0,274.0,311.0,False,MEDIUM,14.0,False,Red Bull Racing,0 days 01:13:24.325000,,1,,False,,False,True
2023-05,FP2,0 days 01:16:28.256000,VER,1,0 days 00:01:31.984000,21.0,4.0,,,0 days 00:00:31.609000,0 days 00:00:34.545000,0 days 00:00:25.830000,0 days 01:15:27.881000,0 days 01:16:02.426000,0 days 01:16:28.256000,212.0,186.0,275.0,314.0,False,MEDIUM,15.0,False,Red Bull Racing,0 days 01:14:56.272000,,1,,False,,False,True
2023-05,FP2,0 days 01:18:26.433000,VER,1,0 days 00:01:58.177000,22.0,4.0,,,0 days 00:00:36.032000,0 days 00:00:35.342000,0 days 00:00:46.803000,0 days 01:17:04.288000,0 days 01:17:39.630000,0 days 01:18:26.433000,199.0,184.0,41.0,215.0,False,MEDIUM,16.0,False,Red Bull Racing,0 days 01:16:28.256000,,1,,False,,False,True
2023-05,FP2,0 days 01:20:39.627000,VER,1,0 days 00:02:13.194000,23.0,4.0,,0 days 01:20:34.086000,0 days 00:01:04.532000,0 days 00:00:36.285000,0 days 00:00:32.377000,0 days 01:19:30.965000,0 days 01:20:07.250000,0 days 01:20:39.627000,197.0,179.0,,274.0,False,MEDIUM,17.0,False,Red Bull Racing,0 days 01:18:26.433000,,1,,False,,False,False
2023-05,FP2,0 days 00:18:01.283000,GAS,10,,1.0,1.0,0 days 00:16:02.521000,,,0 days 00:00:45.405000,0 days 00:00:34.034000,,0 days 00:17:27.379000,0 days 00:18:01.363000,178.0,156.0,279.0,172.0,False,MEDIUM,1.0,False,Alpine,0 days 00:16:02.521000,,1,,False,,False,False
2023-05,FP2,0 days 00:19:32.378000,GAS,10,0 days 00:01:31.095000,2.0,1.0,,,0 days 00:00:30.987000,0 days 00:00:34.533000,0 days 00:00:25.575000,0 days 00:18:32.270000,0 days 00:19:06.803000,0 days 00:19:32.378000,215.0,187.0,277.0,332.0,True,MEDIUM,2.0,False,Alpine,0 days 00:18:01.283000,,1,,False,,False,True
2023-05,FP2,0 days 00:21:37.777000,GAS,10,0 days 00:02:05.399000,3.0,1.0,,,0 days 00:00:49.433000,0 days 00:00:46.676000,0 days 00:00:29.290000,0 days 00:20:21.811000,0 days 00:21:08.487000,0 days 00:21:37.777000,139.0,155.0,279.0,256.0,False,MEDIUM,3.0,False,Alpine,0 days 00:19:32.378000,,1,,False,,False,True
2023-05,FP2,0 days 00:23:08.279000,GAS,10,0 days 00:01:30.502000,4.0,1.0,,,0 days 00:00:30.711000,0 days 00:00:34.262000,0 days 00:00:25.529000,0 days 00:22:08.488000,0 days 00:22:42.750000,0 days 00:23:08.279000,218.0,188.0,279.0,332.0,True,MEDIUM,4.0,False,Alpine,0 days 00:21:37.777000,,12,,False,,False,True
2023-05,FP2,0 days 00:25:22.844000,GAS,10,0 days 00:02:14.565000,5.0,1.0,,,0 days 00:00:50.313000,0 days 00:00:54.975000,0 days 00:00:29.277000,0 days 00:23:58.592000,0 days 00:24:53.567000,0 days 00:25:22.844000,130.0,138.0,279.0,285.0,False,MEDIUM,5.0,False,Alpine,0 days 00:23:08.279000,,1,,False,,False,True
2023-05,FP2,0 days 00:26:53.549000,GAS,10,0 days 00:01:30.705000,6.0,1.0,,,0 days 00:00:30.278000,0 days 00:00:34.855000,0 days 00:00:25.572000,0 days 00:25:53.122000,0 days 00:26:27.977000,0 days 00:26:53.549000,219.0,187.0,279.0,332.0,False,MEDIUM,6.0,False,Alpine,0 days 00:25:22.844000,,1,,False,,False,True
2023-05,FP2,0 days 00:29:00.550000,GAS,10,0 days 00:02:07.001000,7.0,1.0,,0 days 00:28:54.981000,0 days 00:00:45.475000,0 days 00:00:43.507000,0 days 00:00:38.019000,0 days 00:27:39.024000,0 days 00:28:22.531000,0 days 00:29:00.550000,180.0,152.0,,279.0,False,MEDIUM,7.0,False,Alpine,0 days 00:26:53.549000,,1,,False,,False,False
2023-05,FP2,0 days 00:41:27.117000,GAS,10,,8.0,2.0,0 days 00:39:29.005000,,,0 days 00:00:45.270000,0 days 00:00:29.369000,,0 days 00:40:57.957000,0 days 00:41:27.238000,153.0,148.0,278.0,281.0,False,SOFT,1.0,True,Alpine,0 days 00:29:00.550000,,1,,False,,False,False
2023-05,FP2,0 days 00:42:56.346000,GAS,10,0 days 00:01:29.229000,9.0,2.0,,,0 days 00:00:30.121000,0 days 00:00:33.849000,0 days 00:00:25.259000,0 days 00:41:57.238000,0 days 00:42:31.087000,0 days 00:42:56.346000,220.0,188.0,281.0,331.0,True,SOFT,2.0,True,Alpine,0 days 00:41:27.117000,,1,,False,,False,True
2023-05,FP2,0 days 00:45:16.236000,GAS,10,0 days 00:02:19.890000,10.0,2.0,,,0 days 00:00:51.007000,0 days 00:00:50.683000,0 days 00:00:38.200000,0 days 00:43:47.353000,0 days 00:44:38.036000,0 days 00:45:16.236000,130.0,127.0,171.0,232.0,False,SOFT,3.0,True,Alpine,0 days 00:42:56.346000,,1,,False,,False,True
2023-05,FP2,0 days 00:47:20.277000,GAS,10,0 days 00:02:04.041000,11.0,2.0,,,0 days 00:00:49.741000,0 days 00:00:44.171000,0 days 00:00:30.129000,0 days 00:46:05.977000,0 days 00:46:50.148000,0 days 00:47:20.277000,150.0,139.0,277.0,251.0,False,SOFT,4.0,True,Alpine,0 days 00:45:16.236000,,1,,False,,False,True
2023-05,FP2,0 days 00:49:13.955000,GAS,10,0 days 00:01:53.678000,12.0,2.0,,,0 days 00:00:32.151000,0 days 00:00:52.291000,0 days 00:00:29.236000,0 days 00:47:52.428000,0 days 00:48:44.719000,0 days 00:49:13.955000,114.0,133.0,278.0,291.0,False,SOFT,5.0,True,Alpine,0 days 00:47:20.277000,,12,,False,,False,True
2023-05,FP2,0 days 00:50:43.053000,GAS,10,0 days 00:01:29.098000,13.0,2.0,,,0 days 00:00:30.057000,0 days 00:00:33.871000,0 days 00:00:25.170000,0 days 00:49:44.012000,0 days 00:50:17.883000,0 days 00:50:43.053000,221.0,190.0,280.0,331.0,True,SOFT,6.0,True,Alpine,0 days 00:49:13.955000,,1,,False,,False,True
2023-05,FP2,0 days 00:52:46.681000,GAS,10,0 days 00:02:03.628000,14.0,2.0,,0 days 00:52:40.105000,0 days 00:00:45.033000,0 days 00:00:44.801000,0 days 00:00:33.794000,0 days 00:51:28.086000,0 days 00:52:12.887000,0 days 00:52:46.681000,170.0,161.0,,299.0,False,SOFT,7.0,True,Alpine,0 days 00:50:43.053000,,1,,False,,False,False
2023-05,FP2,0 days 01:02:01.474000,GAS,10,,15.0,3.0,0 days 01:00:23.850000,,,0 days 00:00:36.566000,0 days 00:00:27.642000,,0 days 01:01:33.927000,0 days 01:02:01.474000,197.0,175.0,259.0,288.0,False,MEDIUM,8.0,False,Alpine,0 days 00:52:46.681000,,12,,False,,False,False
2023-05,FP2,0 days 01:03:37.145000,GAS,10,0 days 00:01:35.671000,16.0,3.0,,,0 days 00:00:32.130000,0 days 00:00:35.963000,0 days 00:00:27.578000,0 days 01:02:33.604000,0 days 01:03:09.567000,0 days 01:03:37.145000,206.0,176.0,266.0,289.0,False,MEDIUM,9.0,False,Alpine,0 days 01:02:01.474000,,1,,False,,False,True
2023-05,FP2,0 days 01:11:11.670000,GAS,10,,17.0,3.0,,0 days 01:05:18.346000,0 days 00:00:31.961000,0 days 00:00:35.161000,,0 days 01:04:09.222000,0 days 01:04:44.425000,,208.0,184.0,,306.0,False,MEDIUM,10.0,False,Alpine,0 days 01:03:37.145000,,125,,False,,False,False
2023-05,FP2,0 days 01:12:56.737000,GAS,10,,18.0,4.0,0 days 01:11:11.670000,,,0 days 00:00:36.093000,0 days 00:00:29.056000,,0 days 01:12:27.796000,0 days 01:12:56.794000,210.0,176.0,265.0,196.0,False,MEDIUM,11.0,False,Alpine,0 days 01:11:11.670000,,1,,False,,False,False
2023-05,FP2,0 days 01:14:29.631000,GAS,10,0 days 00:01:32.894000,19.0,4.0,,,0 days 00:00:31.839000,0 days 00:00:35.126000,0 days 00:00:25.929000,0 days 01:13:28.576000,0 days 01:14:03.702000,0 days 01:14:29.631000,213.0,184.0,268.0,309.0,False,MEDIUM,12.0,False,Alpine,0 days 01:12:56.737000,,1,,False,,False,True
2023-05,FP2,0 days 01:16:02.646000,GAS,10,0 days 00:01:33.015000,20.0,4.0,,,0 days 00:00:31.948000,0 days 00:00:35.107000,0 days 00:00:25.960000,0 days 01:15:01.579000,0 days 01:15:36.686000,0 days 01:16:02.646000,211.0,182.0,269.0,313.0,False,MEDIUM,13.0,False,Alpine,0 days 01:14:29.631000,,1,,False,,False,True
2023-05,FP2,0 days 01:18:12.211000,GAS,10,0 days 00:02:09.565000,21.0,4.0,,,0 days 00:00:42.646000,0 days 00:00:41.424000,0 days 00:00:45.495000,0 days 01:16:45.292000,0 days 01:17:26.716000,0 days 01:18:12.211000,188.0,138.0,43.0,176.0,False,MEDIUM,14.0,False,Alpine,0 days 01:16:02.646000,,1,,False,,False,True
2023-05,FP2,0 days 01:20:33.102000,GAS,10,0 days 00:02:20.891000,22.0,4.0,,0 days 01:20:26.227000,0 days 00:01:00.761000,0 days 00:00:38.182000,0 days 00:00:41.948000,0 days 01:19:12.972000,0 days 01:19:51.154000,0 days 01:20:33.102000,207.0,93.0,,240.0,False,MEDIUM,15.0,False,Alpine,0 days 01:18:12.211000,,1,,False,,False,False
2023-05,FP2,0 days 00:17:56.501000,PER,11,,1.0,1.0,0 days 00:16:07.989000,,,0 days 00:00:38.620000,0 days 00:00:36.864000,,0 days 00:17:19.817000,0 days 00:17:56.613000,197.0,160.0,281.0,217.0,False,MEDIUM,1.0,False,Red Bull Racing,0 days 00:16:07.989000,,1,,False,,False,False
2023-05,FP2,0 days 00:19:27.252000,PER,11,0 days 00:01:30.751000,2.0,1.0,,,0 days 00:00:31.007000,0 days 00:00:34.318000,0 days 00:00:25.426000,0 days 00:18:27.508000,0 days 00:19:01.826000,0 days 00:19:27.252000,215.0,187.0,280.0,343.0,True,MEDIUM,2.0,False,Red Bull Racing,0 days 00:17:56.501000,,1,,False,,False,True
2023-05,FP2,0 days 00:21:55.429000,PER,11,0 days 00:02:28.177000,3.0,1.0,,,0 days 00:00:44.650000,0 days 00:00:55.706000,0 days 00:00:47.821000,0 days 00:20:11.902000,0 days 00:21:07.608000,0 days 00:21:55.429000,114.0,126.0,282.0,108.0,False,MEDIUM,3.0,False,Red Bull Racing,0 days 00:19:27.252000,,1,,False,,False,True
2023-05,FP2,0 days 00:23:25.123000,PER,11,0 days 00:01:29.694000,4.0,1.0,,,0 days 00:00:30.374000,0 days 00:00:33.989000,0 days 00:00:25.331000,0 days 00:22:25.803000,0 days 00:22:59.792000,0 days 00:23:25.123000,216.0,189.0,282.0,343.0,True,MEDIUM,4.0,False,Red Bull Racing,0 days 00:21:55.429000,,12,,False,,False,True
2023-05,FP2,0 days 00:25:48.750000,PER,11,0 days 00:02:23.627000,5.0,1.0,,,0 days 00:00:45.582000,0 days 00:00:56.717000,0 days 00:00:41.328000,0 days 00:24:10.705000,0 days 00:25:07.422000,0 days 00:25:48.750000,116.0,50.0,281.0,99.0,False,MEDIUM,5.0,False,Red Bull Racing,0 days 00:23:25.123000,,1,,False,,False,True
2023-05,FP2,0 days 00:27:18.372000,PER,11,0 days 00:01:29.622000,6.0,1.0,,,0 days 00:00:30.351000,0 days 00:00:34.055000,0 days 00:00:25.216000,0 days 00:26:19.101000,0 days 00:26:53.156000,0 days 00:27:18.372000,211.0,186.0,283.0,345.0,True,MEDIUM,6.0,False,Red Bull Racing,0 days 00:25:48.750000,,1,,False,,False,True
2023-05,FP2,0 days 00:29:41.966000,PER,11,0 days 00:02:23.594000,7.0,1.0,,,0 days 00:00:46.450000,0 days 00:00:56.470000,0 days 00:00:40.674000,0 days 00:28:04.822000,0 days 00:29:01.292000,0 days 00:29:41.966000,137.0,103.0,282.0,217.0,False,MEDIUM,7.0,False,Red Bull Racing,0 days 00:27:18.372000,,1,,False,,False,True
2023-05,FP2,0 days 00:31:21.471000,PER,11,0 days 00:01:39.505000,8.0,1.0,,0 days 00:31:15.963000,0 days 00:00:30.023000,0 days 00:00:36.553000,0 days 00:00:32.929000,0 days 00:30:11.989000,0 days 00:30:48.542000,0 days 00:31:21.471000,216.0,162.0,,283.0,False,MEDIUM,8.0,False,Red Bull Racing,0 days 00:29:41.966000,,1,,False,,False,False
2023-05,FP2,0 days 00:40:19.548000,PER,11,,9.0,2.0,0 days 00:38:37.333000,,,0 days 00:00:39.093000,0 days 00:00:27.876000,,0 days 00:39:51.848000,0 days 00:40:19.645000,205.0,129.0,281.0,293.0,False,SOFT,1.0,True,Red Bull Racing,0 days 00:31:21.471000,,1,,False,,False,False
2023-05,FP2,0 days 00:41:48.722000,PER,11,0 days 00:01:29.174000,10.0,2.0,,,0 days 00:00:29.973000,0 days 00:00:33.892000,0 days 00:00:25.309000,0 days 00:40:49.521000,0 days 00:41:23.413000,0 days 00:41:48.722000,216.0,187.0,280.0,342.0,True,SOFT,2.0,True,Red Bull Racing,0 days 00:40:19.548000,,1,,False,,False,True
2023-05,FP2,0 days 00:43:55.395000,PER,11,0 days 00:02:06.673000,11.0,2.0,,0 days 00:43:49.049000,0 days 00:00:43.558000,0 days 00:00:47.281000,0 days 00:00:35.834000,0 days 00:42:32.280000,0 days 00:43:19.561000,0 days 00:43:55.395000,150.0,154.0,,271.0,False,SOFT,3.0,True,Red Bull Racing,0 days 00:41:48.722000,,1,,False,,False,False
2023-05,FP2,0 days 00:46:14.351000,PER,11,0 days 00:02:18.956000,12.0,3.0,0 days 00:44:14.767000,,0 days 00:00:57.522000,0 days 00:00:46.014000,0 days 00:00:35.420000,0 days 00:44:52.917000,0 days 00:45:38.931000,0 days 00:46:14.351000,146.0,113.0,281.0,238.0,False,SOFT,4.0,False,Red Bull Racing,0 days 00:43:55.395000,,1,,False,,False,False
2023-05,FP2,0 days 00:47:42.770000,PER,11,0 days 00:01:28.419000,13.0,3.0,,,0 days 00:00:29.660000,0 days 00:00:33.450000,0 days 00:00:25.309000,0 days 00:46:44.011000,0 days 00:47:17.461000,0 days 00:47:42.770000,217.0,188.0,279.0,340.0,True,SOFT,5.0,False,Red Bull Racing,0 days 00:46:14.351000,,1,,False,,False,True
2023-05,FP2,0 days 00:49:28.553000,PER,11,0 days 00:01:45.783000,14.0,3.0,,0 days 00:49:23.013000,0 days 00:00:36.163000,0 days 00:00:36.455000,0 days 00:00:33.165000,0 days 00:48:18.933000,0 days 00:48:55.388000,0 days 00:49:28.553000,197.0,172.0,,256.0,False,SOFT,6.0,False,Red Bull Racing,0 days 00:47:42.770000,,12,,False,,False,False
2023-05,FP2,0 days 00:59:34.944000,PER,11,,15.0,4.0,0 days 00:57:43.711000,,,0 days 00:00:43.554000,0 days 00:00:32.155000,,0 days 00:59:02.835000,0 days 00:59:34.944000,204.0,81.0,271.0,170.0,False,MEDIUM,9.0,False,Red Bull Racing,0 days 00:49:28.553000,,1,,False,,False,False
2023-05,FP2,0 days 01:01:07.127000,PER,11,0 days 00:01:32.183000,16.0,4.0,,,0 days 00:00:31.283000,0 days 00:00:34.685000,0 days 00:00:26.215000,0 days 01:00:06.227000,0 days 01:00:40.912000,0 days 01:01:07.127000,209.0,184.0,272.0,295.0,False,MEDIUM,10.0,False,Red Bull Racing,0 days 00:59:34.944000,,1,,False,,False,True
2023-05,FP2,0 days 01:02:44.574000,PER,11,0 days 00:01:37.447000,17.0,4.0,,,0 days 00:00:32.842000,0 days 00:00:38.062000,0 days 00:00:26.543000,0 days 01:01:39.969000,0 days 01:02:18.031000,0 days 01:02:44.574000,192.0,180.0,273.0,295.0,False,MEDIUM,11.0,False,Red Bull Racing,0 days 01:01:07.127000,,12,,False,,False,True
2023-05,FP2,0 days 01:04:21.664000,PER,11,0 days 00:01:37.090000,18.0,4.0,,,0 days 00:00:33.632000,0 days 00:00:37.024000,0 days 00:00:26.434000,0 days 01:03:18.206000,0 days 01:03:55.230000,0 days 01:04:21.664000,190.0,182.0,273.0,293.0,False,MEDIUM,12.0,False,Red Bull Racing,0 days 01:02:44.574000,,1,,False,,False,True
2023-05,FP2,0 days 01:11:21.436000,PER,11,,19.0,4.0,,0 days 01:06:17.566000,0 days 00:00:33.483000,,,0 days 01:04:55.284000,,,202.0,,,,False,MEDIUM,13.0,False,Red Bull Racing,0 days 01:04:21.664000,,125,,False,,False,False
2023-05,FP2,0 days 01:13:12.444000,PER,11,,20.0,5.0,0 days 01:11:21.436000,,,0 days 00:00:36.586000,0 days 00:00:29.974000,,0 days 01:12:42.513000,0 days 01:13:12.450000,187.0,107.0,269.0,234.0,False,MEDIUM,14.0,False,Red Bull Racing,0 days 01:11:21.436000,,1,,False,,False,False
2023-05,FP2,0 days 01:14:46.309000,PER,11,0 days 00:01:33.865000,21.0,5.0,,,0 days 00:00:33.010000,0 days 00:00:34.803000,0 days 00:00:26.052000,0 days 01:13:45.454000,0 days 01:14:20.257000,0 days 01:14:46.309000,210.0,184.0,274.0,307.0,False,MEDIUM,15.0,False,Red Bull Racing,0 days 01:13:12.444000,,1,,False,,False,True
2023-05,FP2,0 days 01:16:18.522000,PER,11,0 days 00:01:32.213000,22.0,5.0,,,0 days 00:00:31.413000,0 days 00:00:34.774000,0 days 00:00:26.026000,0 days 01:15:17.722000,0 days 01:15:52.496000,0 days 01:16:18.522000,210.0,186.0,275.0,296.0,False,MEDIUM,16.0,False,Red Bull Racing,0 days 01:14:46.309000,,1,,False,,False,True
2023-05,FP2,0 days 01:18:20.699000,PER,11,0 days 00:02:02.177000,23.0,5.0,,,0 days 00:00:31.385000,0 days 00:00:44.257000,0 days 00:00:46.535000,0 days 01:16:49.907000,0 days 01:17:34.164000,0 days 01:18:20.699000,210.0,126.0,80.0,172.0,False,MEDIUM,17.0,False,Red Bull Racing,0 days 01:16:18.522000,,1,,False,,False,True
2023-05,FP2,0 days 01:21:00.810000,PER,11,,24.0,5.0,,0 days 01:20:55.117000,0 days 00:01:13.194000,0 days 00:00:45.399000,0 days 00:00:41.434000,0 days 01:19:33.977000,0 days 01:20:19.383000,0 days 01:21:00.820000,154.0,141.0,,179.0,False,MEDIUM,18.0,False,Red Bull Racing,0 days 01:18:20.699000,,1,,False,,False,False
2023-05,FP2,0 days 00:17:00.320000,ALO,14,,1.0,1.0,0 days 00:15:14.615000,,,0 days 00:00:38.328000,0 days 00:00:31.876000,,0 days 00:16:28.614000,0 days 00:17:00.364000,202.0,175.0,277.0,268.0,False,HARD,1.0,True,Aston Martin,0 days 00:15:14.615000,,1,,False,,False,False
2023-05,FP2,0 days 00:18:32.435000,ALO,14,0 days 00:01:32.115000,2.0,1.0,,,0 days 00:00:31.330000,0 days 00:00:35.005000,0 days 00:00:25.780000,0 days 00:17:31.650000,0 days 00:18:06.655000,0 days 00:18:32.435000,210.0,183.0,277.0,332.0,True,HARD,2.0,True,Aston Martin,0 days 00:17:00.320000,,1,,False,,False,True
2023-05,FP2,0 days 00:20:27.405000,ALO,14,0 days 00:01:54.970000,3.0,1.0,,,0 days 00:00:41.804000,0 days 00:00:43.553000,0 days 00:00:29.613000,0 days 00:19:14.239000,0 days 00:19:57.792000,0 days 00:20:27.405000,182.0,128.0,278.0,309.0,False,HARD,3.0,True,Aston Martin,0 days 00:18:32.435000,,1,,False,,False,True
2023-05,FP2,0 days 00:21:58.376000,ALO,14,0 days 00:01:30.971000,4.0,1.0,,,0 days 00:00:30.874000,0 days 00:00:34.481000,0 days 00:00:25.616000,0 days 00:20:58.279000,0 days 00:21:32.760000,0 days 00:21:58.376000,216.0,189.0,280.0,333.0,True,HARD,4.0,True,Aston Martin,0 days 00:20:27.405000,,1,,False,,False,True
2023-05,FP2,0 days 00:24:08.332000,ALO,14,0 days 00:02:09.956000,5.0,1.0,,,0 days 00:00:44.972000,0 days 00:00:52.066000,0 days 00:00:32.918000,0 days 00:22:43.348000,0 days 00:23:35.414000,0 days 00:24:08.332000,122.0,139.0,279.0,260.0,False,HARD,5.0,True,Aston Martin,0 days 00:21:58.376000,,12,,False,,False,True
2023-05,FP2,0 days 00:26:02.389000,ALO,14,0 days 00:01:54.057000,6.0,1.0,,,0 days 00:00:32.339000,0 days 00:00:46.393000,0 days 00:00:35.325000,0 days 00:24:40.671000,0 days 00:25:27.064000,0 days 00:26:02.389000,170.0,84.0,279.0,216.0,False,HARD,6.0,True,Aston Martin,0 days 00:24:08.332000,,1,,False,,False,True
2023-05,FP2,0 days 00:27:32.607000,ALO,14,0 days 00:01:30.218000,7.0,1.0,,,0 days 00:00:30.552000,0 days 00:00:34.262000,0 days 00:00:25.404000,0 days 00:26:32.941000,0 days 00:27:07.203000,0 days 00:27:32.607000,213.0,190.0,278.0,333.0,True,HARD,7.0,True,Aston Martin,0 days 00:26:02.389000,,1,,False,,False,True
2023-05,FP2,0 days 00:29:32.163000,ALO,14,0 days 00:01:59.556000,8.0,1.0,,0 days 00:29:26.590000,0 days 00:00:42.896000,0 days 00:00:40.689000,0 days 00:00:35.971000,0 days 00:28:15.503000,0 days 00:28:56.192000,0 days 00:29:32.163000,166.0,157.0,,220.0,False,HARD,8.0,True,Aston Martin,0 days 00:27:32.607000,,1,,False,,False,False
2023-05,FP2,0 days 00:38:08.019000,ALO,14,,9.0,2.0,0 days 00:36:22.241000,,,0 days 00:00:40.434000,0 days 00:00:30.083000,,0 days 00:37:38.131000,0 days 00:38:08.099000,199.0,173.0,278.0,297.0,False,SOFT,1.0,True,Aston Martin,0 days 00:29:32.163000,,1,,False,,False,False
2023-05,FP2,0 days 00:39:37.117000,ALO,14,0 days 00:01:29.098000,10.0,2.0,,,0 days 00:00:30.078000,0 days 00:00:33.837000,0 days 00:00:25.183000,0 days 00:38:38.097000,0 days 00:39:11.934000,0 days 00:39:37.117000,218.0,193.0,275.0,332.0,True,SOFT,2.0,True,Aston Martin,0 days 00:38:08.019000,,1,,False,,False,True
2023-05,FP2,0 days 00:42:05.540000,ALO,14,0 days 00:02:28.423000,11.0,2.0,,,0 days 00:00:55.656000,0 days 00:01:00.242000,0 days 00:00:32.525000,0 days 00:40:32.773000,0 days 00:41:33.015000,0 days 00:42:05.540000,99.0,62.0,278.0,304.0,False,SOFT,3.0,True,Aston Martin,0 days 00:39:37.117000,,1,,False,,False,True
2023-05,FP2,0 days 00:43:34.455000,ALO,14,0 days 00:01:28.915000,12.0,2.0,,,0 days 00:00:29.764000,0 days 00:00:34.061000,0 days 00:00:25.090000,0 days 00:42:35.304000,0 days 00:43:09.365000,0 days 00:43:34.455000,219.0,193.0,275.0,337.0,True,SOFT,4.0,True,Aston Martin,0 days 00:42:05.540000,,1,,False,,False,True
2023-05,FP2,0 days 00:46:00.452000,ALO,14,0 days 00:02:25.997000,13.0,2.0,,,0 days 00:00:52.072000,0 days 00:00:56.344000,0 days 00:00:37.581000,0 days 00:44:26.527000,0 days 00:45:22.871000,0 days 00:46:00.452000,110.0,106.0,275.0,281.0,False,SOFT,5.0,True,Aston Martin,0 days 00:43:34.455000,,1,,False,,False,True
2023-05,FP2,0 days 00:48:30.556000,ALO,14,,14.0,2.0,,,0 days 00:00:42.817000,0 days 00:01:15.678000,0 days 00:00:31.596000,0 days 00:46:43.468000,0 days 00:47:59.046000,0 days 00:48:30.639000,86.0,63.0,276.0,314.0,False,SOFT,6.0,True,Aston Martin,0 days 00:46:00.452000,,12,,False,,False,False
2023-05,FP2,0 days 00:49:59.216000,ALO,14,0 days 00:01:28.660000,15.0,2.0,,,0 days 00:00:29.829000,0 days 00:00:33.691000,0 days 00:00:25.140000,0 days 00:49:00.385000,0 days 00:49:34.076000,0 days 00:49:59.216000,219.0,191.0,277.0,331.0,True,SOFT,7.0,True,Aston Martin,0 days 00:48:30.556000,,1,,False,,False,True
2023-05,FP2,0 days 00:51:46.862000,ALO,14,0 days 00:01:47.646000,16.0,2.0,,0 days 00:51:41.340000,0 days 00:00:34.269000,0 days 00:00:38.576000,0 days 00:00:34.801000,0 days 00:50:33.485000,0 days 00:51:12.061000,0 days 00:51:46.862000,195.0,174.0,,229.0,False,SOFT,8.0,True,Aston Martin,0 days 00:49:59.216000,,1,,False,,False,False
2023-05,FP2,0 days 00:59:41.585000,ALO,14,,17.0,3.0,0 days 00:57:59.179000,,,0 days 00:00:38.535000,0 days 00:00:29.194000,,0 days 00:59:12.491000,0 days 00:59:41.585000,190.0,162.0,270.0,213.0,False,HARD,9.0,False,Aston Martin,0 days 00:51:46.862000,,1,,False,,False,False
2023-05,FP2,0 days 01:01:18.459000,ALO,14,0 days 00:01:36.874000,18.0,3.0,,,0 days 00:00:31.765000,0 days 00:00:35.626000,0 days 00:00:29.483000,0 days 01:00:13.350000,0 days 01:00:48.976000,0 days 01:01:18.459000,210.0,185.0,269.0,211.0,False,HARD,10.0,False,Aston Martin,0 days 00:59:41.585000,,1,,False,,False,True
2023-05,FP2,0 days 01:02:51.615000,ALO,14,0 days 00:01:33.156000,19.0,3.0,,,0 days 00:00:31.720000,0 days 00:00:35.181000,0 days 00:00:26.255000,0 days 01:01:50.179000,0 days 01:02:25.360000,0 days 01:02:51.615000,213.0,184.0,272.0,314.0,False,HARD,11.0,False,Aston Martin,0 days 01:01:18.459000,,12,,False,,False,True
2023-05,FP2,0 days 01:04:25.034000,ALO,14,0 days 00:01:33.419000,20.0,3.0,,,0 days 00:00:31.983000,0 days 00:00:35.276000,0 days 00:00:26.160000,0 days 01:03:23.598000,0 days 01:03:58.874000,0 days 01:04:25.034000,213.0,184.0,272.0,319.0,False,HARD,12.0,False,Aston Martin,0 days 01:02:51.615000,,1,,False,,False,True
2023-05,FP2,0 days 01:11:34.733000,ALO,14,,21.0,3.0,,0 days 01:06:30.361000,0 days 00:00:33.152000,,,0 days 01:04:58.333000,,,201.0,,,,False,HARD,13.0,False,Aston Martin,0 days 01:04:25.034000,,125,,False,,False,False
2023-05,FP2,0 days 01:13:31.919000,ALO,14,,22.0,4.0,0 days 01:11:34.733000,,,0 days 00:00:38.700000,0 days 00:00:32.604000,,0 days 01:12:59.435000,0 days 01:13:31.919000,196.0,169.0,268.0,181.0,False,SOFT,9.0,False,Aston Martin,0 days 01:11:34.733000,,1,,False,,False,False
2023-05,FP2,0 days 01:15:03.863000,ALO,14,0 days 00:01:31.944000,23.0,4.0,,,0 days 00:00:31.186000,0 days 00:00:34.757000,0 days 00:00:26.001000,0 days 01:14:03.105000,0 days 01:14:37.862000,0 days 01:15:03.863000,208.0,186.0,271.0,320.0,False,SOFT,10.0,False,Aston Martin,0 days 01:13:31.919000,,1,,False,,False,True
2023-05,FP2,0 days 01:17:16.646000,ALO,14,0 days 00:02:12.783000,24.0,4.0,,,0 days 00:00:36.824000,0 days 00:00:44.341000,0 days 00:00:51.618000,0 days 01:15:40.687000,0 days 01:16:25.028000,0 days 01:17:16.646000,153.0,139.0,50.0,129.0,False,SOFT,11.0,False,Aston Martin,0 days 01:15:03.863000,,1,,False,,False,True
2023-05,FP2,0 days 01:19:25.898000,ALO,14,0 days 00:02:09.252000,25.0,4.0,,0 days 01:19:20.337000,0 days 00:01:02.841000,0 days 00:00:34.900000,0 days 00:00:31.511000,0 days 01:18:19.487000,0 days 01:18:54.387000,0 days 01:19:25.898000,209.0,187.0,,248.0,False,SOFT,12.0,False,Aston Martin,0 days 01:17:16.646000,,1,,False,,False,False
2023-05,FP2,0 days 00:17:46.380000,LEC,16,,1.0,1.0,0 days 00:15:58.021000,,,0 days 00:00:41.038000,0 days 00:00:28.662000,,0 days 00:17:17.910000,0 days 00:17:46.457000,183.0,179.0,276.0,285.0,False,MEDIUM,1.0,False,Ferrari,0 days 00:15:58.021000,,1,,False,,False,False
2023-05,FP2,0 days 00:19:17.839000,LEC,16,0 days 00:01:31.459000,2.0,1.0,,,0 days 00:00:30.903000,0 days 00:00:34.830000,0 days 00:00:25.726000,0 days 00:18:17.283000,0 days 00:18:52.113000,0 days 00:19:17.839000,216.0,186.0,276.0,329.0,True,MEDIUM,2.0,False,Ferrari,0 days 00:17:46.380000,,1,,False,,False,True
2023-05,FP2,0 days 00:21:42.862000,LEC,16,0 days 00:02:25.023000,3.0,1.0,,,0 days 00:00:52.781000,0 days 00:00:53.257000,0 days 00:00:38.985000,0 days 00:20:10.620000,0 days 00:21:03.877000,0 days 00:21:42.862000,126.0,98.0,278.0,160.0,False,MEDIUM,3.0,False,Ferrari,0 days 00:19:17.839000,,1,,False,,False,True
2023-05,FP2,0 days 00:23:12.359000,LEC,16,0 days 00:01:29.497000,4.0,1.0,,,0 days 00:00:30.255000,0 days 00:00:33.986000,0 days 00:00:25.256000,0 days 00:22:13.117000,0 days 00:22:47.103000,0 days 00:23:12.359000,222.0,190.0,281.0,336.0,True,MEDIUM,4.0,False,Ferrari,0 days 00:21:42.862000,,12,,False,,False,True
2023-05,FP2,0 days 00:25:38.519000,LEC,16,0 days 00:02:26.160000,5.0,1.0,,,0 days 00:00:51.740000,0 days 00:00:55.394000,0 days 00:00:39.026000,0 days 00:24:04.099000,0 days 00:24:59.493000,0 days 00:25:38.519000,144.0,102.0,275.0,146.0,False,MEDIUM,5.0,False,Ferrari,0 days 00:23:12.359000,,1,,False,,False,True
2023-05,FP2,0 days 00:27:08.298000,LEC,16,0 days 00:01:29.779000,6.0,1.0,,,0 days 00:00:30.291000,0 days 00:00:34.131000,0 days 00:00:25.357000,0 days 00:26:08.810000,0 days 00:26:42.941000,0 days 00:27:08.298000,215.0,187.0,278.0,331.0,False,MEDIUM,6.0,False,Ferrari,0 days 00:25:38.519000,,1,,False,,False,True
2023-05,FP2,0 days 00:29:16.554000,LEC,16,0 days 00:02:08.256000,7.0,1.0,,0 days 00:29:11.012000,0 days 00:00:42.435000,0 days 00:00:43.958000,0 days 00:00:41.863000,0 days 00:27:50.733000,0 days 00:28:34.691000,0 days 00:29:16.554000,170.0,129.0,,115.0,False,MEDIUM,7.0,False,Ferrari,0 days 00:27:08.298000,,1,,False,,False,False
2023-05,FP2,0 days 00:38:59.320000,LEC,16,,8.0,2.0,0 days 00:37:12.694000,,,0 days 00:00:40.609000,0 days 00:00:27.210000,,0 days 00:38:32.318000,0 days 00:38:59.411000,189.0,173.0,280.0,307.0,False,SOFT,1.0,False,Ferrari,0 days 00:29:16.554000,,1,,False,,False,False
2023-05,FP2,0 days 00:40:28.738000,LEC,16,0 days 00:01:29.418000,9.0,2.0,,,0 days 00:00:29.898000,0 days 00:00:33.618000,0 days 00:00:25.902000,0 days 00:39:29.218000,0 days 00:40:02.836000,0 days 00:40:28.738000,219.0,193.0,278.0,333.0,True,SOFT,2.0,False,Ferrari,0 days 00:38:59.320000,,1,,False,,False,True
2023-05,FP2,0 days 00:42:51.043000,LEC,16,0 days 00:02:22.305000,10.0,2.0,,,0 days 00:00:50.039000,0 days 00:00:50.018000,0 days 00:00:42.248000,0 days 00:41:18.777000,0 days 00:42:08.795000,0 days 00:42:51.043000,151.0,126.0,281.0,128.0,False,SOFT,3.0,False,Ferrari,0 days 00:40:28.738000,,1,,False,,False,True
2023-05,FP2,0 days 00:44:19.441000,LEC,16,0 days 00:01:28.398000,11.0,2.0,,,0 days 00:00:29.817000,0 days 00:00:33.399000,0 days 00:00:25.182000,0 days 00:43:20.860000,0 days 00:43:54.259000,0 days 00:44:19.441000,220.0,191.0,279.0,333.0,True,SOFT,4.0,False,Ferrari,0 days 00:42:51.043000,,1,,False,,False,True
2023-05,FP2,0 days 00:46:38.181000,LEC,16,0 days 00:02:18.740000,12.0,2.0,,0 days 00:46:32.718000,0 days 00:00:43.893000,0 days 00:00:56.291000,0 days 00:00:38.556000,0 days 00:45:03.334000,0 days 00:45:59.625000,0 days 00:46:38.181000,132.0,119.0,,240.0,False,SOFT,5.0,False,Ferrari,0 days 00:44:19.441000,,1,,False,,False,False
2023-05,FP2,0 days 00:48:57.878000,LEC,16,0 days 00:02:19.697000,13.0,3.0,0 days 00:46:58.937000,,0 days 00:01:03.065000,0 days 00:00:45.872000,0 days 00:00:30.760000,0 days 00:47:41.246000,0 days 00:48:27.118000,0 days 00:48:57.878000,157.0,128.0,279.0,292.0,False,SOFT,6.0,False,Ferrari,0 days 00:46:38.181000,,12,,False,,False,False
2023-05,FP2,0 days 00:50:39.112000,LEC,16,0 days 00:01:41.234000,14.0,3.0,,,0 days 00:00:31.580000,0 days 00:00:40.463000,0 days 00:00:29.191000,0 days 00:49:29.458000,0 days 00:50:09.921000,0 days 00:50:39.112000,201.0,147.0,280.0,283.0,False,SOFT,7.0,False,Ferrari,0 days 00:48:57.878000,,1,,False,,False,True
2023-05,FP2,0 days 00:52:12.837000,LEC,16,0 days 00:01:33.725000,15.0,3.0,,0 days 00:52:07.340000,0 days 00:00:29.744000,0 days 00:00:33.548000,0 days 00:00:30.433000,0 days 00:51:08.856000,0 days 00:51:42.404000,0 days 00:52:12.837000,223.0,192.0,,333.0,False,SOFT,8.0,False,Ferrari,0 days 00:50:39.112000,,1,,False,,False,False
2023-05,FP2,0 days 00:59:27.059000,LEC,16,,16.0,4.0,0 days 00:57:39.664000,,,0 days 00:00:41.492000,0 days 00:00:31.446000,,0 days 00:58:55.741000,0 days 00:59:27.069000,202.0,144.0,265.0,247.0,False,MEDIUM,8.0,False,Ferrari,0 days 00:52:12.837000,,1,,False,,False,False
2023-05,FP2,0 days 01:01:01.396000,LEC,16,0 days 00:01:34.337000,17.0,4.0,,,0 days 00:00:32.113000,0 days 00:00:35.714000,0 days 00:00:26.510000,0 days 00:59:59.172000,0 days 01:00:34.886000,0 days 01:01:01.396000,194.0,181.0,266.0,308.0,False,MEDIUM,9.0,False,Ferrari,0 days 00:59:27.059000,,1,,False,,False,True
2023-05,FP2,0 days 01:02:34.908000,LEC,16,0 days 00:01:33.512000,18.0,4.0,,,0 days 00:00:31.713000,0 days 00:00:35.399000,0 days 00:00:26.400000,0 days 01:01:33.109000,0 days 01:02:08.508000,0 days 01:02:34.908000,209.0,183.0,267.0,300.0,False,MEDIUM,10.0,False,Ferrari,0 days 01:01:01.396000,,12,,False,,False,True
2023-05,FP2,0 days 01:04:08.445000,LEC,16,0 days 00:01:33.537000,19.0,4.0,,,0 days 00:00:31.733000,0 days 00:00:35.445000,0 days 00:00:26.359000,0 days 01:03:06.641000,0 days 01:03:42.086000,0 days 01:04:08.445000,192.0,180.0,268.0,307.0,False,MEDIUM,11.0,False,Ferrari,0 days 01:02:34.908000,,1,,False,,False,True
2023-05,FP2,0 days 01:04:58.175000,LEC,16,,20.0,4.0,,,,,,,,,,,,,,MEDIUM,12.0,False,Ferrari,0 days 01:04:08.445000,,12,,False,,True,False
2023-05,FP2,0 days 00:16:53.421000,STR,18,,1.0,1.0,0 days 00:15:06.974000,,,0 days 00:00:37.958000,0 days 00:00:34.107000,,0 days 00:16:19.520000,0 days 00:16:53.504000,196.0,152.0,276.0,185.0,False,MEDIUM,1.0,True,Aston Martin,0 days 00:15:06.974000,,1,,False,,False,False
2023-05,FP2,0 days 00:18:26.066000,STR,18,0 days 00:01:32.645000,2.0,1.0,,,0 days 00:00:31.486000,0 days 00:00:35.169000,0 days 00:00:25.990000,0 days 00:17:24.907000,0 days 00:18:00.076000,0 days 00:18:26.066000,211.0,184.0,276.0,333.0,True,MEDIUM,2.0,True,Aston Martin,0 days 00:16:53.421000,,1,,False,,False,True
2023-05,FP2,0 days 00:20:32.743000,STR,18,0 days 00:02:06.677000,3.0,1.0,,,0 days 00:00:48.826000,0 days 00:00:46.901000,0 days 00:00:30.950000,0 days 00:19:14.892000,0 days 00:20:01.793000,0 days 00:20:32.743000,121.0,135.0,277.0,291.0,False,MEDIUM,3.0,True,Aston Martin,0 days 00:18:26.066000,,1,,False,,False,True
2023-05,FP2,0 days 00:22:40.487000,STR,18,0 days 00:02:07.744000,4.0,1.0,,,0 days 00:00:34.385000,0 days 00:01:02.742000,0 days 00:00:30.617000,0 days 00:21:07.128000,0 days 00:22:09.870000,0 days 00:22:40.487000,129.0,144.0,278.0,240.0,False,MEDIUM,4.0,True,Aston Martin,0 days 00:20:32.743000,,12,,False,,False,True
2023-05,FP2,0 days 00:24:11.248000,STR,18,0 days 00:01:30.761000,5.0,1.0,,,0 days 00:00:30.490000,0 days 00:00:34.599000,0 days 00:00:25.672000,0 days 00:23:10.977000,0 days 00:23:45.576000,0 days 00:24:11.248000,216.0,188.0,279.0,334.0,True,MEDIUM,5.0,True,Aston Martin,0 days 00:22:40.487000,,1,,False,,False,True
2023-05,FP2,0 days 00:26:32.431000,STR,18,0 days 00:02:21.183000,6.0,1.0,,,0 days 00:00:56.709000,0 days 00:00:52.280000,0 days 00:00:32.194000,0 days 00:25:07.957000,0 days 00:26:00.237000,0 days 00:26:32.431000,113.0,84.0,279.0,254.0,False,MEDIUM,6.0,True,Aston Martin,0 days 00:24:11.248000,,1,,False,,False,True
2023-05,FP2,0 days 00:28:41.082000,STR,18,0 days 00:02:08.651000,7.0,1.0,,,0 days 00:00:34.331000,0 days 00:01:05.130000,0 days 00:00:29.190000,0 days 00:27:06.762000,0 days 00:28:11.892000,0 days 00:28:41.082000,86.0,127.0,278.0,252.0,False,MEDIUM,7.0,True,Aston Martin,0 days 00:26:32.431000,,1,,False,,False,True
2023-05,FP2,0 days 00:30:12.131000,STR,18,0 days 00:01:31.049000,8.0,1.0,,,0 days 00:00:30.760000,0 days 00:00:34.468000,0 days 00:00:25.821000,0 days 00:29:11.842000,0 days 00:29:46.310000,0 days 00:30:12.131000,216.0,189.0,278.0,331.0,False,MEDIUM,8.0,True,Aston Martin,0 days 00:28:41.082000,,1,,False,,False,True
2023-05,FP2,0 days 00:32:06.460000,STR,18,0 days 00:01:54.329000,9.0,1.0,,0 days 00:32:00.916000,0 days 00:00:41.264000,0 days 00:00:39.176000,0 days 00:00:33.889000,0 days 00:30:53.395000,0 days 00:31:32.571000,0 days 00:32:06.460000,172.0,177.0,,251.0,False,MEDIUM,9.0,True,Aston Martin,0 days 00:30:12.131000,,1,,False,,False,False
2023-05,FP2,0 days 00:43:40.821000,STR,18,,10.0,2.0,0 days 00:41:49.644000,,,0 days 00:00:40.136000,0 days 00:00:36.403000,,0 days 00:43:04.611000,0 days 00:43:40.924000,198.0,157.0,280.0,61.0,False,SOFT,1.0,True,Aston Martin,0 days 00:32:06.460000,,1,,False,,False,False
2023-05,FP2,0 days 00:45:09.751000,STR,18,0 days 00:01:28.930000,11.0,2.0,,,0 days 00:00:29.954000,0 days 00:00:33.657000,0 days 00:00:25.319000,0 days 00:44:10.775000,0 days 00:44:44.432000,0 days 00:45:09.751000,217.0,192.0,274.0,336.0,True,SOFT,2.0,True,Aston Martin,0 days 00:43:40.821000,,1,,False,,False,True
2023-05,FP2,0 days 00:47:45.171000,STR,18,,12.0,2.0,,,0 days 00:00:59.834000,0 days 00:01:00.431000,0 days 00:00:35.108000,0 days 00:46:09.781000,0 days 00:47:10.171000,0 days 00:47:45.171000,129.0,135.0,191.0,239.0,False,SOFT,3.0,True,Aston Martin,0 days 00:45:09.751000,,1,,False,,False,False
2023-05,FP2,0 days 00:49:46.655000,STR,18,0 days 00:02:01.484000,13.0,2.0,,,0 days 00:00:45.927000,0 days 00:00:48.243000,0 days 00:00:27.314000,0 days 00:48:31.098000,0 days 00:49:19.341000,0 days 00:49:46.655000,139.0,141.0,278.0,302.0,False,SOFT,4.0,True,Aston Martin,0 days 00:47:45.171000,,12,,False,,False,True
2023-05,FP2,0 days 00:51:15.823000,STR,18,0 days 00:01:29.168000,14.0,2.0,,,0 days 00:00:29.858000,0 days 00:00:33.649000,0 days 00:00:25.661000,0 days 00:50:16.513000,0 days 00:50:50.162000,0 days 00:51:15.823000,218.0,192.0,275.0,334.0,False,SOFT,5.0,True,Aston Martin,0 days 00:49:46.655000,,1,,False,,False,True
2023-05,FP2,0 days 00:53:07.872000,STR,18,0 days 00:01:52.049000,15.0,2.0,,0 days 00:53:02.355000,0 days 00:00:42.514000,0 days 00:00:38.618000,0 days 00:00:30.917000,0 days 00:51:58.337000,0 days 00:52:36.955000,0 days 00:53:07.872000,196.0,174.0,,327.0,False,SOFT,6.0,True,Aston Martin,0 days 00:51:15.823000,,1,,False,,False,False
2023-05,FP2,0 days 01:00:43.787000,STR,18,,16.0,3.0,0 days 00:58:57.491000,0 days 01:00:38.256000,,0 days 00:00:40.404000,0 days 00:00:31.749000,,0 days 01:00:12.194000,0 days 01:00:43.787000,207.0,180.0,,308.0,False,SOFT,7.0,False,Aston Martin,0 days 00:53:07.872000,,1,,False,,False,False
2023-05,FP2,0 days 01:02:38.361000,STR,18,0 days 00:01:54.574000,17.0,4.0,0 days 01:01:02.084000,,0 days 00:00:51.133000,0 days 00:00:36.660000,0 days 00:00:26.781000,0 days 01:01:34.920000,0 days 01:02:11.580000,0 days 01:02:38.361000,205.0,178.0,270.0,301.0,False,MEDIUM,10.0,False,Aston Martin,0 days 01:00:43.787000,,12,,False,,False,False
2023-05,FP2,0 days 01:04:12.772000,STR,18,0 days 00:01:34.411000,18.0,4.0,,,0 days 00:00:32.245000,0 days 00:00:35.970000,0 days 00:00:26.196000,0 days 01:03:10.606000,0 days 01:03:46.576000,0 days 01:04:12.772000,210.0,183.0,274.0,331.0,False,MEDIUM,11.0,False,Aston Martin,0 days 01:02:38.361000,,1,,False,,False,True
2023-05,FP2,0 days 01:11:38.983000,STR,18,,19.0,4.0,,0 days 01:06:07.018000,0 days 00:00:32.649000,,,0 days 01:04:45.675000,,,202.0,,,,False,MEDIUM,12.0,False,Aston Martin,0 days 01:04:12.772000,,125,,False,,False,False
2023-05,FP2,0 days 01:13:32.939000,STR,18,,20.0,5.0,0 days 01:11:38.983000,,,0 days 00:00:37.601000,0 days 00:00:32.978000,,0 days 01:13:00.169000,0 days 01:13:32.997000,203.0,177.0,271.0,166.0,False,SOFT,8.0,False,Aston Martin,0 days 01:11:38.983000,,1,,False,,False,False
2023-05,FP2,0 days 01:15:06.098000,STR,18,0 days 00:01:33.159000,21.0,5.0,,,0 days 00:00:31.768000,0 days 00:00:35.230000,0 days 00:00:26.161000,0 days 01:14:04.707000,0 days 01:14:39.937000,0 days 01:15:06.098000,212.0,186.0,271.0,304.0,False,SOFT,9.0,False,Aston Martin,0 days 01:13:32.939000,,1,,False,,False,True
2023-05,FP2,0 days 01:17:21.791000,STR,18,0 days 00:02:15.693000,22.0,5.0,,,0 days 00:00:36.204000,0 days 00:00:48.727000,0 days 00:00:50.762000,0 days 01:15:42.302000,0 days 01:16:31.029000,0 days 01:17:21.791000,175.0,121.0,53.0,150.0,False,SOFT,10.0,False,Aston Martin,0 days 01:15:06.098000,,1,,False,,False,True
2023-05,FP2,0 days 01:19:43.637000,STR,18,0 days 00:02:21.846000,23.0,5.0,,0 days 01:19:38.227000,0 days 00:01:01.847000,0 days 00:00:41.883000,0 days 00:00:38.116000,0 days 01:18:23.638000,0 days 01:19:05.521000,0 days 01:19:43.637000,210.0,129.0,,172.0,False,SOFT,11.0,False,Aston Martin,0 days 01:17:21.791000,,1,,False,,False,False
2023-05,FP2,0 days 00:17:15.257000,SAR,2,,1.0,1.0,0 days 00:15:25.037000,,,0 days 00:00:41.342000,0 days 00:00:30.744000,,0 days 00:16:44.692000,0 days 00:17:15.332000,199.0,156.0,278.0,276.0,False,HARD,1.0,True,Williams,0 days 00:15:25.037000,,1,,False,,False,False
2023-05,FP2,0 days 00:18:48.331000,SAR,2,0 days 00:01:33.074000,2.0,1.0,,,0 days 00:00:32.174000,0 days 00:00:35.110000,0 days 00:00:25.790000,0 days 00:17:47.431000,0 days 00:18:22.541000,0 days 00:18:48.331000,213.0,185.0,277.0,334.0,True,HARD,2.0,True,Williams,0 days 00:17:15.257000,,1,,False,,False,True
2023-05,FP2,0 days 00:20:51.394000,SAR,2,0 days 00:02:03.063000,3.0,1.0,,,0 days 00:00:42.892000,0 days 00:00:48.109000,0 days 00:00:32.062000,0 days 00:19:31.223000,0 days 00:20:19.332000,0 days 00:20:51.394000,146.0,149.0,281.0,271.0,False,HARD,3.0,True,Williams,0 days 00:18:48.331000,,1,,False,,False,True
2023-05,FP2,0 days 00:22:33.336000,SAR,2,0 days 00:01:41.942000,4.0,1.0,,,0 days 00:00:33.466000,0 days 00:00:40.720000,0 days 00:00:27.756000,0 days 00:21:24.860000,0 days 00:22:05.580000,0 days 00:22:33.336000,163.0,154.0,282.0,303.0,False,HARD,4.0,True,Williams,0 days 00:20:51.394000,,12,,False,,False,True
2023-05,FP2,0 days 00:24:03.908000,SAR,2,0 days 00:01:30.572000,5.0,1.0,,,0 days 00:00:31.116000,0 days 00:00:34.266000,0 days 00:00:25.190000,0 days 00:23:04.452000,0 days 00:23:38.718000,0 days 00:24:03.908000,218.0,190.0,281.0,339.0,True,HARD,5.0,True,Williams,0 days 00:22:33.336000,,1,,False,,False,True
2023-05,FP2,0 days 00:25:55.180000,SAR,2,0 days 00:01:51.272000,6.0,1.0,,0 days 00:25:49.701000,0 days 00:00:38.904000,0 days 00:00:37.692000,0 days 00:00:34.676000,0 days 00:24:42.812000,0 days 00:25:20.504000,0 days 00:25:55.180000,202.0,173.0,,195.0,False,HARD,6.0,True,Williams,0 days 00:24:03.908000,,1,,False,,False,False
2023-05,FP2,0 days 00:33:29.473000,SAR,2,,7.0,2.0,0 days 00:31:44.994000,,,0 days 00:00:40.210000,0 days 00:00:26.976000,,0 days 00:33:02.650000,0 days 00:33:29.649000,185.0,164.0,278.0,320.0,False,SOFT,1.0,True,Williams,0 days 00:25:55.180000,,1,,False,,False,False
2023-05,FP2,0 days 00:34:59.664000,SAR,2,0 days 00:01:30.191000,8.0,2.0,,,0 days 00:00:30.748000,0 days 00:00:34.118000,0 days 00:00:25.325000,0 days 00:34:00.221000,0 days 00:34:34.339000,0 days 00:34:59.664000,216.0,189.0,279.0,334.0,True,SOFT,2.0,True,Williams,0 days 00:33:29.473000,,1,,False,,False,True
2023-05,FP2,0 days 00:37:03.802000,SAR,2,0 days 00:02:04.138000,9.0,2.0,,0 days 00:36:58.100000,0 days 00:00:44.236000,0 days 00:00:44.987000,0 days 00:00:34.915000,0 days 00:35:43.900000,0 days 00:36:28.887000,0 days 00:37:03.802000,167.0,131.0,,299.0,False,SOFT,3.0,True,Williams,0 days 00:34:59.664000,,1,,False,,False,False
2023-05,FP2,0 days 00:39:09.951000,SAR,2,0 days 00:02:06.149000,10.0,3.0,0 days 00:37:21.147000,,0 days 00:00:55.601000,0 days 00:00:43.031000,0 days 00:00:27.517000,0 days 00:37:59.403000,0 days 00:38:42.434000,0 days 00:39:09.951000,180.0,143.0,280.0,303.0,False,SOFT,4.0,False,Williams,0 days 00:37:03.802000,,1,,False,,False,False
2023-05,FP2,0 days 00:40:40.136000,SAR,2,0 days 00:01:30.185000,11.0,3.0,,,0 days 00:00:30.516000,0 days 00:00:34.327000,0 days 00:00:25.342000,0 days 00:39:40.467000,0 days 00:40:14.794000,0 days 00:40:40.136000,209.0,189.0,278.0,335.0,True,SOFT,5.0,False,Williams,0 days 00:39:09.951000,,1,,False,,False,True
2023-05,FP2,0 days 00:42:47.961000,SAR,2,0 days 00:02:07.825000,12.0,3.0,,0 days 00:42:42.346000,0 days 00:00:46.124000,0 days 00:00:45.457000,0 days 00:00:36.244000,0 days 00:41:26.260000,0 days 00:42:11.717000,0 days 00:42:47.961000,156.0,87.0,,299.0,False,SOFT,6.0,False,Williams,0 days 00:40:40.136000,,1,,False,,False,False
2023-05,FP2,0 days 00:45:08.628000,SAR,2,0 days 00:02:20.667000,13.0,4.0,0 days 00:43:06.096000,,0 days 00:01:03.103000,0 days 00:00:45.029000,0 days 00:00:32.535000,0 days 00:43:51.064000,0 days 00:44:36.093000,0 days 00:45:08.628000,103.0,103.0,279.0,121.0,False,SOFT,7.0,False,Williams,0 days 00:42:47.961000,,1,,False,,False,False
2023-05,FP2,0 days 00:46:38.666000,SAR,2,0 days 00:01:30.038000,14.0,4.0,,,0 days 00:00:30.532000,0 days 00:00:34.231000,0 days 00:00:25.275000,0 days 00:45:39.160000,0 days 00:46:13.391000,0 days 00:46:38.666000,217.0,188.0,283.0,337.0,True,SOFT,8.0,False,Williams,0 days 00:45:08.628000,,1,,False,,False,True
2023-05,FP2,0 days 00:48:29.199000,SAR,2,0 days 00:01:50.533000,15.0,4.0,,0 days 00:48:23.733000,0 days 00:00:37.241000,0 days 00:00:41.458000,0 days 00:00:31.834000,0 days 00:47:15.907000,0 days 00:47:57.365000,0 days 00:48:29.199000,171.0,160.0,,321.0,False,SOFT,9.0,False,Williams,0 days 00:46:38.666000,,12,,False,,False,False
2023-05,FP2,0 days 00:56:33.149000,SAR,2,,16.0,5.0,0 days 00:54:50.994000,0 days 00:56:27.540000,,0 days 00:00:37.295000,0 days 00:00:31.072000,,0 days 00:56:02.181000,0 days 00:56:33.149000,203.0,184.0,,314.0,False,SOFT,10.0,False,Williams,0 days 00:48:29.199000,,1,,False,,False,False
2023-05,FP2,0 days 00:58:37.189000,SAR,2,0 days 00:02:04.040000,17.0,6.0,0 days 00:57:02.414000,,0 days 00:01:01.737000,0 days 00:00:35.568000,0 days 00:00:26.735000,0 days 00:57:34.886000,0 days 00:58:10.454000,0 days 00:58:37.189000,209.0,182.0,269.0,312.0,False,HARD,7.0,False,Williams,0 days 00:56:33.149000,,1,,False,,False,False
2023-05,FP2,0 days 01:00:11.178000,SAR,2,0 days 00:01:33.989000,18.0,6.0,,,0 days 00:00:32.534000,0 days 00:00:35.266000,0 days 00:00:26.189000,0 days 00:59:09.723000,0 days 00:59:44.989000,0 days 01:00:11.178000,211.0,183.0,270.0,309.0,False,HARD,8.0,False,Williams,0 days 00:58:37.189000,,1,,False,,False,True
2023-05,FP2,0 days 01:01:44.789000,SAR,2,0 days 00:01:33.611000,19.0,6.0,,,0 days 00:00:32.331000,0 days 00:00:35.126000,0 days 00:00:26.154000,0 days 01:00:43.509000,0 days 01:01:18.635000,0 days 01:01:44.789000,214.0,185.0,271.0,315.0,False,HARD,9.0,False,Williams,0 days 01:00:11.178000,,1,,False,,False,True
2023-05,FP2,0 days 01:03:18.449000,SAR,2,0 days 00:01:33.660000,20.0,6.0,,,0 days 00:00:32.417000,0 days 00:00:35.088000,0 days 00:00:26.155000,0 days 01:02:17.206000,0 days 01:02:52.294000,0 days 01:03:18.449000,212.0,185.0,271.0,314.0,False,HARD,10.0,False,Williams,0 days 01:01:44.789000,,12,,False,,False,True
2023-05,FP2,0 days 01:04:52.298000,SAR,2,0 days 00:01:33.849000,21.0,6.0,,,0 days 00:00:32.544000,0 days 00:00:35.058000,0 days 00:00:26.247000,0 days 01:03:50.993000,0 days 01:04:26.051000,0 days 01:04:52.298000,211.0,184.0,272.0,315.0,False,HARD,11.0,False,Williams,0 days 01:03:18.449000,,12,,False,,False,True
2023-05,FP2,0 days 01:11:02.421000,SAR,2,,22.0,6.0,,0 days 01:06:58.939000,,,,,,,,,,,False,HARD,12.0,False,Williams,0 days 01:04:52.298000,,251,,False,,False,False
2023-05,FP2,0 days 01:12:42.179000,SAR,2,,23.0,7.0,0 days 01:11:02.421000,,,0 days 00:00:35.826000,0 days 00:00:27.831000,,0 days 01:12:14.404000,0 days 01:12:42.216000,211.0,178.0,269.0,284.0,False,HARD,13.0,False,Williams,0 days 01:11:02.421000,,1,,False,,False,False
2023-05,FP2,0 days 01:14:15.660000,SAR,2,0 days 00:01:33.481000,24.0,7.0,,,0 days 00:00:32.239000,0 days 00:00:35.092000,0 days 00:00:26.150000,0 days 01:13:14.418000,0 days 01:13:49.510000,0 days 01:14:15.660000,213.0,184.0,271.0,315.0,False,HARD,14.0,False,Williams,0 days 01:12:42.179000,,1,,False,,False,True
2023-05,FP2,0 days 01:15:50.418000,SAR,2,0 days 00:01:34.758000,25.0,7.0,,,0 days 00:00:33.093000,0 days 00:00:35.444000,0 days 00:00:26.221000,0 days 01:14:48.753000,0 days 01:15:24.197000,0 days 01:15:50.418000,179.0,183.0,271.0,308.0,False,HARD,15.0,False,Williams,0 days 01:14:15.660000,,1,,False,,False,True
2023-05,FP2,0 days 01:17:48.612000,SAR,2,0 days 00:01:58.194000,26.0,7.0,,,0 days 00:00:40.786000,0 days 00:00:41.176000,0 days 00:00:36.232000,0 days 01:16:31.204000,0 days 01:17:12.380000,0 days 01:17:48.612000,173.0,165.0,79.0,252.0,False,HARD,16.0,False,Williams,0 days 01:15:50.418000,,1,,False,,False,True
2023-05,FP2,0 days 01:20:11.227000,SAR,2,0 days 00:02:22.615000,27.0,7.0,,0 days 01:20:05.664000,0 days 00:00:58.139000,0 days 00:00:41.546000,0 days 00:00:42.930000,0 days 01:18:46.751000,0 days 01:19:28.297000,0 days 01:20:11.227000,198.0,174.0,,250.0,False,HARD,17.0,False,Williams,0 days 01:17:48.612000,,1,,False,,False,False
2023-05,FP2,0 days 00:17:05.349000,MAG,20,,1.0,1.0,0 days 00:15:20.021000,,,0 days 00:00:37.292000,0 days 00:00:35.969000,,0 days 00:16:29.520000,0 days 00:17:05.410000,205.0,174.0,277.0,94.0,False,HARD,1.0,True,Haas F1 Team,0 days 00:15:20.021000,,1,,False,,False,False
2023-05,FP2,0 days 00:18:37.914000,MAG,20,0 days 00:01:32.565000,2.0,1.0,,,0 days 00:00:31.910000,0 days 00:00:34.925000,0 days 00:00:25.730000,0 days 00:17:37.259000,0 days 00:18:12.184000,0 days 00:18:37.914000,207.0,187.0,277.0,331.0,True,HARD,2.0,True,Haas F1 Team,0 days 00:17:05.349000,,1,,False,,False,True
2023-05,FP2,0 days 00:21:02.354000,MAG,20,0 days 00:02:24.440000,3.0,1.0,,,0 days 00:00:50.235000,0 days 00:00:54.521000,0 days 00:00:39.684000,0 days 00:19:28.149000,0 days 00:20:22.670000,0 days 00:21:02.354000,142.0,111.0,276.0,232.0,False,HARD,3.0,True,Haas F1 Team,0 days 00:18:37.914000,,1,,False,,False,True
2023-05,FP2,0 days 00:22:49.912000,MAG,20,0 days 00:01:47.558000,4.0,1.0,,,0 days 00:00:30.731000,0 days 00:00:47.065000,0 days 00:00:29.762000,0 days 00:21:33.085000,0 days 00:22:20.150000,0 days 00:22:49.912000,210.0,143.0,243.0,246.0,False,HARD,4.0,True,Haas F1 Team,0 days 00:21:02.354000,,12,,False,,False,True
2023-05,FP2,0 days 00:24:54.193000,MAG,20,0 days 00:02:04.281000,5.0,1.0,,,0 days 00:00:40.336000,0 days 00:00:49.123000,0 days 00:00:34.822000,0 days 00:23:30.248000,0 days 00:24:19.371000,0 days 00:24:54.193000,166.0,140.0,275.0,243.0,False,HARD,5.0,True,Haas F1 Team,0 days 00:22:49.912000,,1,,False,,False,True
2023-05,FP2,0 days 00:26:24.967000,MAG,20,0 days 00:01:30.774000,6.0,1.0,,,0 days 00:00:30.656000,0 days 00:00:34.489000,0 days 00:00:25.629000,0 days 00:25:24.849000,0 days 00:25:59.338000,0 days 00:26:24.967000,214.0,187.0,279.0,329.0,True,HARD,6.0,True,Haas F1 Team,0 days 00:24:54.193000,,1,,False,,False,True
2023-05,FP2,0 days 00:28:24.207000,MAG,20,0 days 00:01:59.240000,7.0,1.0,,0 days 00:28:18.762000,0 days 00:00:36.026000,0 days 00:00:41.850000,0 days 00:00:41.364000,0 days 00:27:00.993000,0 days 00:27:42.843000,0 days 00:28:24.207000,193.0,58.0,,199.0,False,HARD,7.0,True,Haas F1 Team,0 days 00:26:24.967000,,1,,False,,False,False
2023-05,FP2,0 days 00:41:31.362000,MAG,20,,8.0,2.0,0 days 00:39:39.083000,,,0 days 00:00:43.612000,0 days 00:00:31.139000,,0 days 00:41:00.363000,0 days 00:41:31.441000,163.0,114.0,281.0,282.0,False,SOFT,1.0,True,Haas F1 Team,0 days 00:28:24.207000,,1,,False,,False,False
2023-05,FP2,0 days 00:43:00.533000,MAG,20,0 days 00:01:29.171000,9.0,2.0,,,0 days 00:00:29.969000,0 days 00:00:34.024000,0 days 00:00:25.178000,0 days 00:42:01.331000,0 days 00:42:35.355000,0 days 00:43:00.533000,222.0,190.0,283.0,333.0,True,SOFT,2.0,True,Haas F1 Team,0 days 00:41:31.362000,,1,,False,,False,True
2023-05,FP2,0 days 00:45:26.311000,MAG,20,0 days 00:02:25.778000,10.0,2.0,,,0 days 00:00:49.754000,0 days 00:01:02.672000,0 days 00:00:33.352000,0 days 00:43:50.287000,0 days 00:44:52.959000,0 days 00:45:26.311000,104.0,127.0,280.0,234.0,False,SOFT,3.0,True,Haas F1 Team,0 days 00:43:00.533000,,1,,False,,False,True
2023-05,FP2,0 days 00:46:56.534000,MAG,20,0 days 00:01:30.223000,11.0,2.0,,,0 days 00:00:30.098000,0 days 00:00:33.992000,0 days 00:00:26.133000,0 days 00:45:56.409000,0 days 00:46:30.401000,0 days 00:46:56.534000,221.0,192.0,252.0,331.0,False,SOFT,4.0,True,Haas F1 Team,0 days 00:45:26.311000,,1,,False,,False,True
2023-05,FP2,0 days 00:48:53.608000,MAG,20,0 days 00:01:57.074000,12.0,2.0,,0 days 00:48:47.373000,0 days 00:00:42.669000,0 days 00:00:36.647000,0 days 00:00:37.758000,0 days 00:47:39.203000,0 days 00:48:15.850000,0 days 00:48:53.608000,201.0,174.0,,198.0,False,SOFT,5.0,True,Haas F1 Team,0 days 00:46:56.534000,,12,,False,,False,False
2023-05,FP2,0 days 01:00:05.787000,MAG,20,,13.0,3.0,0 days 00:58:29.460000,,,0 days 00:00:35.384000,0 days 00:00:28.424000,,0 days 00:59:37.506000,0 days 01:00:05.787000,203.0,184.0,268.0,172.0,False,HARD,8.0,False,Haas F1 Team,0 days 00:48:53.608000,,1,,False,,False,False
2023-05,FP2,0 days 01:01:38.722000,MAG,20,0 days 00:01:32.935000,14.0,3.0,,,0 days 00:00:31.390000,0 days 00:00:35.176000,0 days 00:00:26.369000,0 days 01:00:37.177000,0 days 01:01:12.353000,0 days 01:01:38.722000,212.0,185.0,269.0,303.0,False,HARD,9.0,False,Haas F1 Team,0 days 01:00:05.787000,,1,,False,,False,True
2023-05,FP2,0 days 01:03:11.628000,MAG,20,0 days 00:01:32.906000,15.0,3.0,,,0 days 00:00:31.541000,0 days 00:00:35.288000,0 days 00:00:26.077000,0 days 01:02:10.263000,0 days 01:02:45.551000,0 days 01:03:11.628000,211.0,183.0,275.0,324.0,False,HARD,10.0,False,Haas F1 Team,0 days 01:01:38.722000,,12,,False,,False,True
2023-05,FP2,0 days 01:04:44.564000,MAG,20,0 days 00:01:32.936000,16.0,3.0,,,0 days 00:00:31.687000,0 days 00:00:35.063000,0 days 00:00:26.186000,0 days 01:03:43.315000,0 days 01:04:18.378000,0 days 01:04:44.564000,209.0,183.0,271.0,308.0,False,HARD,11.0,False,Haas F1 Team,0 days 01:03:11.628000,,12,,False,,False,True
2023-05,FP2,0 days 01:11:24.483000,MAG,20,,17.0,3.0,,0 days 01:06:47.923000,,,,,,,,,,,False,HARD,12.0,False,Haas F1 Team,0 days 01:04:44.564000,,251,,False,,False,False
2023-05,FP2,0 days 01:13:19.099000,MAG,20,,18.0,4.0,0 days 01:11:24.483000,,,0 days 00:00:35.384000,0 days 00:00:31.981000,,0 days 01:12:47.248000,0 days 01:13:19.122000,205.0,184.0,269.0,168.0,False,HARD,13.0,False,Haas F1 Team,0 days 01:11:24.483000,,1,,False,,False,False
2023-05,FP2,0 days 01:14:53.253000,MAG,20,0 days 00:01:34.154000,19.0,4.0,,,0 days 00:00:32.763000,0 days 00:00:35.088000,0 days 00:00:26.303000,0 days 01:13:51.862000,0 days 01:14:26.950000,0 days 01:14:53.253000,212.0,183.0,271.0,305.0,False,HARD,14.0,False,Haas F1 Team,0 days 01:13:19.099000,,1,,False,,False,True
2023-05,FP2,0 days 01:16:26.244000,MAG,20,0 days 00:01:32.991000,20.0,4.0,,,0 days 00:00:31.761000,0 days 00:00:35.218000,0 days 00:00:26.012000,0 days 01:15:25.014000,0 days 01:16:00.232000,0 days 01:16:26.244000,206.0,183.0,272.0,316.0,False,HARD,15.0,False,Haas F1 Team,0 days 01:14:53.253000,,1,,False,,False,True
2023-05,FP2,0 days 01:18:28.559000,MAG,20,0 days 00:02:02.315000,21.0,4.0,,,0 days 00:00:38.663000,0 days 00:00:37.481000,0 days 00:00:46.171000,0 days 01:17:04.907000,0 days 01:17:42.388000,0 days 01:18:28.559000,191.0,173.0,68.0,183.0,False,HARD,16.0,False,Haas F1 Team,0 days 01:16:26.244000,,1,,False,,False,True
2023-05,FP2,0 days 01:20:50.164000,MAG,20,0 days 00:02:21.605000,22.0,4.0,,0 days 01:20:44.633000,0 days 00:01:05.459000,0 days 00:00:36.451000,0 days 00:00:39.695000,0 days 01:19:34.018000,0 days 01:20:10.469000,0 days 01:20:50.164000,190.0,169.0,,199.0,False,HARD,17.0,False,Haas F1 Team,0 days 01:18:28.559000,,1,,False,,False,False
2023-05,FP2,0 days 00:21:48.206000,DEV,21,,1.0,1.0,0 days 00:19:43.346000,,,0 days 00:00:42.611000,0 days 00:00:39.332000,,0 days 00:21:09.048000,0 days 00:21:48.345000,184.0,166.0,276.0,168.0,False,SOFT,1.0,True,AlphaTauri,0 days 00:19:43.346000,,1,,False,,False,False
2023-05,FP2,0 days 00:23:20.818000,DEV,21,0 days 00:01:32.612000,2.0,1.0,,,0 days 00:00:31.728000,0 days 00:00:34.967000,0 days 00:00:25.917000,0 days 00:22:19.934000,0 days 00:22:54.901000,0 days 00:23:20.818000,213.0,187.0,277.0,332.0,True,SOFT,2.0,True,AlphaTauri,0 days 00:21:48.206000,,12,,False,,False,True
2023-05,FP2,0 days 00:25:45.035000,DEV,21,0 days 00:02:24.217000,3.0,1.0,,,0 days 00:00:48.498000,0 days 00:00:53.804000,0 days 00:00:41.915000,0 days 00:24:09.316000,0 days 00:25:03.120000,0 days 00:25:45.035000,143.0,93.0,278.0,67.0,False,SOFT,3.0,True,AlphaTauri,0 days 00:23:20.818000,,1,,False,,False,True
2023-05,FP2,0 days 00:27:16.450000,DEV,21,0 days 00:01:31.415000,4.0,1.0,,,0 days 00:00:30.965000,0 days 00:00:34.747000,0 days 00:00:25.703000,0 days 00:26:16,0 days 00:26:50.747000,0 days 00:27:16.450000,216.0,189.0,272.0,333.0,True,SOFT,4.0,True,AlphaTauri,0 days 00:25:45.035000,,1,,False,,False,True
2023-05,FP2,0 days 00:29:26.783000,DEV,21,0 days 00:02:10.333000,5.0,1.0,,,0 days 00:00:45.853000,0 days 00:00:50.196000,0 days 00:00:34.284000,0 days 00:28:02.303000,0 days 00:28:52.499000,0 days 00:29:26.783000,139.0,134.0,197.0,241.0,False,SOFT,5.0,True,AlphaTauri,0 days 00:27:16.450000,,1,,False,,False,True
2023-05,FP2,0 days 00:31:20.643000,DEV,21,0 days 00:01:53.860000,6.0,1.0,,,0 days 00:00:39.505000,0 days 00:00:43.458000,0 days 00:00:30.897000,0 days 00:30:06.288000,0 days 00:30:49.746000,0 days 00:31:20.643000,203.0,152.0,279.0,164.0,False,SOFT,6.0,True,AlphaTauri,0 days 00:29:26.783000,,1,,False,,False,True
2023-05,FP2,0 days 00:32:51.759000,DEV,21,0 days 00:01:31.116000,7.0,1.0,,,0 days 00:00:30.887000,0 days 00:00:34.649000,0 days 00:00:25.580000,0 days 00:31:51.530000,0 days 00:32:26.179000,0 days 00:32:51.759000,219.0,191.0,279.0,331.0,True,SOFT,7.0,True,AlphaTauri,0 days 00:31:20.643000,,1,,False,,False,True
2023-05,FP2,0 days 00:34:39.786000,DEV,21,0 days 00:01:48.027000,8.0,1.0,,0 days 00:34:34.242000,0 days 00:00:34.952000,0 days 00:00:40.563000,0 days 00:00:32.512000,0 days 00:33:26.711000,0 days 00:34:07.274000,0 days 00:34:39.786000,196.0,168.0,,304.0,False,SOFT,8.0,True,AlphaTauri,0 days 00:32:51.759000,,1,,False,,False,False
2023-05,FP2,0 days 00:41:16.282000,DEV,21,,9.0,2.0,0 days 00:39:35.942000,,,0 days 00:00:37.699000,0 days 00:00:27.822000,,0 days 00:40:48.644000,0 days 00:41:16.394000,201.0,171.0,278.0,282.0,False,SOFT,1.0,True,AlphaTauri,0 days 00:34:39.786000,,1,,False,,False,False
2023-05,FP2,0 days 00:42:47.284000,DEV,21,0 days 00:01:31.002000,10.0,2.0,,,0 days 00:00:30.775000,0 days 00:00:34.661000,0 days 00:00:25.566000,0 days 00:41:47.057000,0 days 00:42:21.718000,0 days 00:42:47.284000,211.0,188.0,278.0,332.0,True,SOFT,2.0,True,AlphaTauri,0 days 00:41:16.282000,,1,,False,,False,True
2023-05,FP2,0 days 00:44:42.564000,DEV,21,0 days 00:01:55.280000,11.0,2.0,,,0 days 00:00:42.734000,0 days 00:00:44.239000,0 days 00:00:28.307000,0 days 00:43:30.018000,0 days 00:44:14.257000,0 days 00:44:42.564000,163.0,149.0,277.0,276.0,False,SOFT,3.0,True,AlphaTauri,0 days 00:42:47.284000,,1,,False,,False,True
2023-05,FP2,0 days 00:46:37.916000,DEV,21,0 days 00:01:55.352000,12.0,2.0,,,0 days 00:00:37.954000,0 days 00:00:43.432000,0 days 00:00:33.966000,0 days 00:45:20.518000,0 days 00:46:03.950000,0 days 00:46:37.916000,145.0,106.0,280.0,69.0,False,SOFT,4.0,True,AlphaTauri,0 days 00:44:42.564000,,1,,False,,False,True
2023-05,FP2,0 days 00:48:10.062000,DEV,21,0 days 00:01:32.146000,13.0,2.0,,,0 days 00:00:30.913000,0 days 00:00:34.361000,0 days 00:00:26.872000,0 days 00:47:08.829000,0 days 00:47:43.190000,0 days 00:48:10.062000,216.0,188.0,273.0,262.0,False,SOFT,5.0,True,AlphaTauri,0 days 00:46:37.916000,,12,,False,,False,True
2023-05,FP2,0 days 00:50:14.679000,DEV,21,0 days 00:02:04.617000,14.0,2.0,,0 days 00:50:09.185000,0 days 00:00:42.682000,0 days 00:00:47.649000,0 days 00:00:34.286000,0 days 00:48:52.744000,0 days 00:49:40.393000,0 days 00:50:14.679000,135.0,166.0,,246.0,False,SOFT,6.0,True,AlphaTauri,0 days 00:48:10.062000,,1,,False,,False,False
2023-05,FP2,0 days 00:52:23.448000,DEV,21,0 days 00:02:08.769000,15.0,3.0,0 days 00:50:38.434000,,0 days 00:01:01.348000,0 days 00:00:39.584000,0 days 00:00:27.837000,0 days 00:51:16.027000,0 days 00:51:55.611000,0 days 00:52:23.448000,150.0,171.0,282.0,280.0,False,SOFT,7.0,False,AlphaTauri,0 days 00:50:14.679000,,1,,False,,False,False
2023-05,FP2,0 days 00:54:07.365000,DEV,21,0 days 00:01:43.917000,16.0,3.0,,,0 days 00:00:34.763000,0 days 00:00:38.978000,0 days 00:00:30.176000,0 days 00:52:58.211000,0 days 00:53:37.189000,0 days 00:54:07.365000,197.0,168.0,279.0,203.0,False,SOFT,8.0,False,AlphaTauri,0 days 00:52:23.448000,,1,,False,,False,True
2023-05,FP2,0 days 00:55:37.293000,DEV,21,0 days 00:01:29.928000,17.0,3.0,,,0 days 00:00:30.360000,0 days 00:00:34.173000,0 days 00:00:25.395000,0 days 00:54:37.725000,0 days 00:55:11.898000,0 days 00:55:37.293000,220.0,191.0,275.0,332.0,True,SOFT,9.0,False,AlphaTauri,0 days 00:54:07.365000,,1,,False,,False,True
2023-05,FP2,0 days 00:57:21.749000,DEV,21,0 days 00:01:44.456000,18.0,3.0,,0 days 00:57:16.289000,0 days 00:00:34.870000,0 days 00:00:37.583000,0 days 00:00:32.003000,0 days 00:56:12.163000,0 days 00:56:49.746000,0 days 00:57:21.749000,198.0,170.0,,308.0,False,SOFT,10.0,False,AlphaTauri,0 days 00:55:37.293000,,1,,False,,False,False
2023-05,FP2,0 days 01:03:47.269000,DEV,21,,19.0,4.0,0 days 01:02:10.739000,,,0 days 00:00:36.209000,0 days 00:00:26.555000,,0 days 01:03:20.863000,0 days 01:03:47.269000,206.0,179.0,270.0,314.0,False,SOFT,11.0,False,AlphaTauri,0 days 00:57:21.749000,,12,,False,,False,False
2023-05,FP2,0 days 01:11:04.046000,DEV,21,,20.0,4.0,,0 days 01:05:35.909000,0 days 00:00:32.550000,0 days 00:00:35.881000,,0 days 01:04:19.910000,0 days 01:04:55.815000,,207.0,180.0,,,False,SOFT,12.0,False,AlphaTauri,0 days 01:03:47.269000,,125,,False,,False,False
2023-05,FP2,0 days 01:12:46.278000,DEV,21,,21.0,5.0,0 days 01:11:04.046000,,,0 days 00:00:37.125000,0 days 00:00:26.583000,,0 days 01:12:19.873000,0 days 01:12:46.326000,204.0,178.0,271.0,312.0,False,SOFT,13.0,False,AlphaTauri,0 days 01:11:04.046000,,1,,False,,False,False
2023-05,FP2,0 days 01:14:19.570000,DEV,21,0 days 00:01:33.292000,22.0,5.0,,,0 days 00:00:31.712000,0 days 00:00:35.395000,0 days 00:00:26.185000,0 days 01:13:17.990000,0 days 01:13:53.385000,0 days 01:14:19.570000,214.0,185.0,272.0,315.0,False,SOFT,14.0,False,AlphaTauri,0 days 01:12:46.278000,,1,,False,,False,True
2023-05,FP2,0 days 01:15:53.227000,DEV,21,0 days 00:01:33.657000,23.0,5.0,,,0 days 00:00:31.945000,0 days 00:00:35.589000,0 days 00:00:26.123000,0 days 01:14:51.515000,0 days 01:15:27.104000,0 days 01:15:53.227000,211.0,184.0,273.0,312.0,False,SOFT,15.0,False,AlphaTauri,0 days 01:14:19.570000,,1,,False,,False,True
2023-05,FP2,0 days 01:17:53.644000,DEV,21,0 days 00:02:00.417000,24.0,5.0,,,0 days 00:00:39.926000,0 days 00:00:40.783000,0 days 00:00:39.708000,0 days 01:16:33.153000,0 days 01:17:13.936000,0 days 01:17:53.644000,190.0,157.0,67.0,222.0,False,SOFT,16.0,False,AlphaTauri,0 days 01:15:53.227000,,1,,False,,False,True
2023-05,FP2,0 days 01:20:04.430000,DEV,21,0 days 00:02:10.786000,25.0,5.0,,0 days 01:19:58.899000,0 days 00:00:57.752000,0 days 00:00:39.097000,0 days 00:00:33.937000,0 days 01:18:51.396000,0 days 01:19:30.493000,0 days 01:20:04.430000,195.0,159.0,,280.0,False,SOFT,17.0,False,AlphaTauri,0 days 01:17:53.644000,,1,,False,,False,False
2023-05,FP2,0 days 00:17:37.929000,TSU,22,,1.0,1.0,0 days 00:15:45.302000,,,0 days 00:00:38.355000,0 days 00:00:35.889000,,0 days 00:17:02.207000,0 days 00:17:38.035000,191.0,168.0,278.0,99.0,False,MEDIUM,1.0,False,AlphaTauri,0 days 00:15:45.302000,,1,,False,,False,False
2023-05,FP2,0 days 00:19:10.750000,TSU,22,0 days 00:01:32.821000,2.0,1.0,,,0 days 00:00:31.813000,0 days 00:00:35.221000,0 days 00:00:25.787000,0 days 00:18:09.742000,0 days 00:18:44.963000,0 days 00:19:10.750000,211.0,184.0,276.0,332.0,True,MEDIUM,2.0,False,AlphaTauri,0 days 00:17:37.929000,,1,,False,,False,True
2023-05,FP2,0 days 00:21:21.917000,TSU,22,0 days 00:02:11.167000,3.0,1.0,,,0 days 00:00:48.437000,0 days 00:00:48.318000,0 days 00:00:34.412000,0 days 00:19:59.187000,0 days 00:20:47.505000,0 days 00:21:21.917000,141.0,106.0,278.0,249.0,False,MEDIUM,3.0,False,AlphaTauri,0 days 00:19:10.750000,,1,,False,,False,True
2023-05,FP2,0 days 00:22:53.782000,TSU,22,0 days 00:01:31.865000,4.0,1.0,,,0 days 00:00:31.055000,0 days 00:00:35.064000,0 days 00:00:25.746000,0 days 00:21:52.972000,0 days 00:22:28.036000,0 days 00:22:53.782000,214.0,186.0,278.0,332.0,True,MEDIUM,4.0,False,AlphaTauri,0 days 00:21:21.917000,,12,,False,,False,True
2023-05,FP2,0 days 00:25:08.349000,TSU,22,0 days 00:02:14.567000,5.0,1.0,,,0 days 00:00:50.278000,0 days 00:00:48.735000,0 days 00:00:35.554000,0 days 00:23:44.060000,0 days 00:24:32.795000,0 days 00:25:08.349000,135.0,117.0,279.0,110.0,False,MEDIUM,5.0,False,AlphaTauri,0 days 00:22:53.782000,,1,,False,,False,True
2023-05,FP2,0 days 00:26:39.165000,TSU,22,0 days 00:01:30.816000,6.0,1.0,,,0 days 00:00:30.892000,0 days 00:00:34.497000,0 days 00:00:25.427000,0 days 00:25:39.241000,0 days 00:26:13.738000,0 days 00:26:39.165000,219.0,190.0,281.0,333.0,True,MEDIUM,6.0,False,AlphaTauri,0 days 00:25:08.349000,,1,,False,,False,True
2023-05,FP2,0 days 00:28:42.084000,TSU,22,0 days 00:02:02.919000,7.0,1.0,,0 days 00:28:36.340000,0 days 00:00:41.480000,0 days 00:00:44.689000,0 days 00:00:36.750000,0 days 00:27:20.645000,0 days 00:28:05.334000,0 days 00:28:42.084000,174.0,163.0,,175.0,False,MEDIUM,7.0,False,AlphaTauri,0 days 00:26:39.165000,,1,,False,,False,False
2023-05,FP2,0 days 00:38:38.199000,TSU,22,,8.0,2.0,0 days 00:36:52.053000,,,0 days 00:00:38.718000,0 days 00:00:31.830000,,0 days 00:38:06.537000,0 days 00:38:38.271000,190.0,160.0,276.0,240.0,False,SOFT,1.0,True,AlphaTauri,0 days 00:28:42.084000,,1,,False,,False,False
2023-05,FP2,0 days 00:40:09.250000,TSU,22,0 days 00:01:31.051000,9.0,2.0,,,0 days 00:00:30.984000,0 days 00:00:34.419000,0 days 00:00:25.648000,0 days 00:39:09.183000,0 days 00:39:43.602000,0 days 00:40:09.250000,213.0,187.0,278.0,332.0,False,SOFT,2.0,True,AlphaTauri,0 days 00:38:38.199000,,1,,False,,False,True
2023-05,FP2,0 days 00:42:32.634000,TSU,22,0 days 00:02:23.384000,10.0,2.0,,,0 days 00:00:51.322000,0 days 00:00:54.448000,0 days 00:00:37.614000,0 days 00:41:00.572000,0 days 00:41:55.020000,0 days 00:42:32.634000,136.0,123.0,278.0,185.0,False,SOFT,3.0,True,AlphaTauri,0 days 00:40:09.250000,,1,,False,,False,True
2023-05,FP2,0 days 00:44:02.751000,TSU,22,0 days 00:01:30.117000,11.0,2.0,,,0 days 00:00:30.537000,0 days 00:00:34.182000,0 days 00:00:25.398000,0 days 00:43:03.171000,0 days 00:43:37.353000,0 days 00:44:02.751000,218.0,188.0,277.0,332.0,True,SOFT,4.0,True,AlphaTauri,0 days 00:42:32.634000,,1,,False,,False,True
2023-05,FP2,0 days 00:46:22.315000,TSU,22,0 days 00:02:19.564000,12.0,2.0,,,0 days 00:00:49.411000,0 days 00:00:50.845000,0 days 00:00:39.308000,0 days 00:44:52.162000,0 days 00:45:43.007000,0 days 00:46:22.315000,138.0,111.0,162.0,262.0,False,SOFT,5.0,True,AlphaTauri,0 days 00:44:02.751000,,1,,False,,False,True
2023-05,FP2,0 days 00:48:36.938000,TSU,22,0 days 00:02:14.623000,13.0,2.0,,,0 days 00:00:54.964000,0 days 00:00:45.770000,0 days 00:00:33.889000,0 days 00:47:17.279000,0 days 00:48:03.049000,0 days 00:48:36.938000,143.0,159.0,278.0,254.0,False,SOFT,6.0,True,AlphaTauri,0 days 00:46:22.315000,,12,,False,,False,True
2023-05,FP2,0 days 00:50:31.389000,TSU,22,0 days 00:01:54.451000,14.0,2.0,,,0 days 00:00:41.768000,0 days 00:00:42.977000,0 days 00:00:29.706000,0 days 00:49:18.706000,0 days 00:50:01.683000,0 days 00:50:31.389000,168.0,148.0,278.0,275.0,False,SOFT,7.0,True,AlphaTauri,0 days 00:48:36.938000,,1,,False,,False,True
2023-05,FP2,0 days 00:52:01.002000,TSU,22,0 days 00:01:29.613000,15.0,2.0,,,0 days 00:00:30.187000,0 days 00:00:34.150000,0 days 00:00:25.276000,0 days 00:51:01.576000,0 days 00:51:35.726000,0 days 00:52:01.002000,218.0,191.0,280.0,332.0,True,SOFT,8.0,True,AlphaTauri,0 days 00:50:31.389000,,1,,False,,False,True
2023-05,FP2,0 days 00:53:51.971000,TSU,22,0 days 00:01:50.969000,16.0,2.0,,0 days 00:53:46.089000,0 days 00:00:36.528000,0 days 00:00:39.978000,0 days 00:00:34.463000,0 days 00:52:37.530000,0 days 00:53:17.508000,0 days 00:53:51.971000,188.0,120.0,,270.0,False,SOFT,9.0,True,AlphaTauri,0 days 00:52:01.002000,,1,,False,,False,False
2023-05,FP2,0 days 01:01:36.385000,TSU,22,,17.0,3.0,0 days 00:59:52.866000,,,0 days 00:00:39.149000,0 days 00:00:29.886000,,0 days 01:01:06.584000,0 days 01:01:36.396000,202.0,108.0,269.0,308.0,False,MEDIUM,8.0,False,AlphaTauri,0 days 00:53:51.971000,,1,,False,,False,False
2023-05,FP2,0 days 01:03:10.544000,TSU,22,0 days 00:01:34.159000,18.0,3.0,,,0 days 00:00:32.293000,0 days 00:00:35.546000,0 days 00:00:26.320000,0 days 01:02:08.678000,0 days 01:02:44.224000,0 days 01:03:10.544000,209.0,181.0,270.0,311.0,False,MEDIUM,9.0,False,AlphaTauri,0 days 01:01:36.385000,,12,,False,,False,True
2023-05,FP2,0 days 01:04:45.472000,TSU,22,0 days 00:01:34.928000,19.0,3.0,,,0 days 00:00:32.290000,0 days 00:00:36.420000,0 days 00:00:26.218000,0 days 01:03:42.834000,0 days 01:04:19.254000,0 days 01:04:45.472000,206.0,182.0,271.0,319.0,False,MEDIUM,10.0,False,AlphaTauri,0 days 01:03:10.544000,,12,,False,,False,True
2023-05,FP2,0 days 01:11:10.061000,TSU,22,,20.0,3.0,,0 days 01:06:52.033000,,,,,,,,,,,False,MEDIUM,11.0,False,AlphaTauri,0 days 01:04:45.472000,,251,,False,,False,False
2023-05,FP2,0 days 01:12:53.815000,TSU,22,,21.0,4.0,0 days 01:11:10.061000,,,0 days 00:00:35.845000,0 days 00:00:27.141000,,0 days 01:12:26.763000,0 days 01:12:53.857000,208.0,181.0,266.0,310.0,False,MEDIUM,12.0,False,AlphaTauri,0 days 01:11:10.061000,,1,,False,,False,False
2023-05,FP2,0 days 01:14:27.686000,TSU,22,0 days 00:01:33.871000,22.0,4.0,,,0 days 00:00:32.288000,0 days 00:00:35.465000,0 days 00:00:26.118000,0 days 01:13:26.103000,0 days 01:14:01.568000,0 days 01:14:27.686000,211.0,182.0,271.0,318.0,False,MEDIUM,13.0,False,AlphaTauri,0 days 01:12:53.815000,,1,,False,,False,True
2023-05,FP2,0 days 01:16:01.482000,TSU,22,0 days 00:01:33.796000,23.0,4.0,,,0 days 00:00:32.122000,0 days 00:00:35.487000,0 days 00:00:26.187000,0 days 01:14:59.808000,0 days 01:15:35.295000,0 days 01:16:01.482000,210.0,181.0,271.0,319.0,False,MEDIUM,14.0,False,AlphaTauri,0 days 01:14:27.686000,,1,,False,,False,True
2023-05,FP2,0 days 01:18:07.985000,TSU,22,0 days 00:02:06.503000,24.0,4.0,,,0 days 00:00:38.297000,0 days 00:00:41.643000,0 days 00:00:46.563000,0 days 01:16:39.779000,0 days 01:17:21.422000,0 days 01:18:07.985000,171.0,145.0,78.0,100.0,False,MEDIUM,15.0,False,AlphaTauri,0 days 01:16:01.482000,,1,,False,,False,True
2023-05,FP2,0 days 01:20:26.492000,TSU,22,0 days 00:02:18.507000,25.0,4.0,,0 days 01:20:20.992000,0 days 00:00:52.218000,0 days 00:00:36.298000,0 days 00:00:49.991000,0 days 01:19:00.203000,0 days 01:19:36.501000,0 days 01:20:26.492000,209.0,180.0,,137.0,False,MEDIUM,16.0,False,AlphaTauri,0 days 01:18:07.985000,,1,,False,,False,False
2023-05,FP2,0 days 00:18:07.223000,ALB,23,,1.0,1.0,0 days 00:16:13.427000,,,0 days 00:00:41.694000,0 days 00:00:35.476000,,0 days 00:17:31.988000,0 days 00:18:07.316000,194.0,107.0,279.0,187.0,False,MEDIUM,1.0,False,Williams,0 days 00:16:13.427000,,1,,False,,False,False
2023-05,FP2,0 days 00:19:38.799000,ALB,23,0 days 00:01:31.576000,2.0,1.0,,,0 days 00:00:31.192000,0 days 00:00:34.720000,0 days 00:00:25.664000,0 days 00:18:38.415000,0 days 00:19:13.135000,0 days 00:19:38.799000,214.0,186.0,278.0,336.0,True,MEDIUM,2.0,False,Williams,0 days 00:18:07.223000,,1,,False,,False,True
2023-05,FP2,0 days 00:21:59.489000,ALB,23,0 days 00:02:20.690000,3.0,1.0,,,0 days 00:00:46.767000,0 days 00:00:47.676000,0 days 00:00:46.247000,0 days 00:20:25.566000,0 days 00:21:13.242000,0 days 00:21:59.489000,142.0,101.0,283.0,90.0,False,MEDIUM,3.0,False,Williams,0 days 00:19:38.799000,,1,,False,,False,True
2023-05,FP2,0 days 00:23:30.424000,ALB,23,0 days 00:01:30.935000,4.0,1.0,,,0 days 00:00:31.024000,0 days 00:00:34.257000,0 days 00:00:25.654000,0 days 00:22:30.513000,0 days 00:23:04.770000,0 days 00:23:30.424000,219.0,189.0,283.0,341.0,True,MEDIUM,4.0,False,Williams,0 days 00:21:59.489000,,12,,False,,False,True
2023-05,FP2,0 days 00:25:54.077000,ALB,23,0 days 00:02:23.653000,5.0,1.0,,,0 days 00:00:48.751000,0 days 00:00:53.564000,0 days 00:00:41.338000,0 days 00:24:19.175000,0 days 00:25:12.739000,0 days 00:25:54.077000,146.0,136.0,280.0,86.0,False,MEDIUM,5.0,False,Williams,0 days 00:23:30.424000,,1,,False,,False,True
2023-05,FP2,0 days 00:27:24.586000,ALB,23,0 days 00:01:30.509000,6.0,1.0,,,0 days 00:00:30.708000,0 days 00:00:34.198000,0 days 00:00:25.603000,0 days 00:26:24.785000,0 days 00:26:58.983000,0 days 00:27:24.586000,217.0,189.0,280.0,337.0,True,MEDIUM,6.0,False,Williams,0 days 00:25:54.077000,,1,,False,,False,True
2023-05,FP2,0 days 00:29:25.904000,ALB,23,0 days 00:02:01.318000,7.0,1.0,,0 days 00:29:20.136000,0 days 00:00:37.526000,0 days 00:00:46.761000,0 days 00:00:37.031000,0 days 00:28:02.112000,0 days 00:28:48.873000,0 days 00:29:25.904000,191.0,126.0,,165.0,False,MEDIUM,7.0,False,Williams,0 days 00:27:24.586000,,1,,False,,False,False
2023-05,FP2,0 days 00:34:37.207000,ALB,23,,8.0,2.0,0 days 00:32:50.681000,,,0 days 00:00:41.203000,0 days 00:00:30.066000,,0 days 00:34:07.305000,0 days 00:34:37.289000,193.0,157.0,278.0,283.0,False,SOFT,1.0,True,Williams,0 days 00:29:25.904000,,1,,False,,False,False
2023-05,FP2,0 days 00:36:06.695000,ALB,23,0 days 00:01:29.488000,9.0,2.0,,,0 days 00:00:30.114000,0 days 00:00:33.953000,0 days 00:00:25.421000,0 days 00:35:07.321000,0 days 00:35:41.274000,0 days 00:36:06.695000,218.0,189.0,279.0,334.0,True,SOFT,2.0,True,Williams,0 days 00:34:37.207000,,1,,False,,False,True
2023-05,FP2,0 days 00:38:23.460000,ALB,23,0 days 00:02:16.765000,10.0,2.0,,0 days 00:38:17.427000,0 days 00:00:46.841000,0 days 00:00:49.213000,0 days 00:00:40.711000,0 days 00:36:53.536000,0 days 00:37:42.749000,0 days 00:38:23.460000,141.0,131.0,,231.0,False,SOFT,3.0,True,Williams,0 days 00:36:06.695000,,1,,False,,False,False
2023-05,FP2,0 days 00:40:44.161000,ALB,23,0 days 00:02:20.701000,11.0,3.0,0 days 00:38:44.536000,,0 days 00:01:03.474000,0 days 00:00:46.178000,0 days 00:00:31.049000,0 days 00:39:26.934000,0 days 00:40:13.112000,0 days 00:40:44.161000,172.0,105.0,280.0,295.0,False,SOFT,4.0,False,Williams,0 days 00:38:23.460000,,1,,False,,False,False
2023-05,FP2,0 days 00:42:13.207000,ALB,23,0 days 00:01:29.046000,12.0,3.0,,,0 days 00:00:29.892000,0 days 00:00:33.741000,0 days 00:00:25.413000,0 days 00:41:14.053000,0 days 00:41:47.794000,0 days 00:42:13.207000,220.0,190.0,280.0,335.0,True,SOFT,5.0,False,Williams,0 days 00:40:44.161000,,1,,False,,False,True
2023-05,FP2,0 days 00:44:18.645000,ALB,23,0 days 00:02:05.438000,13.0,3.0,,,0 days 00:00:45.771000,0 days 00:00:48.919000,0 days 00:00:30.748000,0 days 00:42:58.978000,0 days 00:43:47.897000,0 days 00:44:18.645000,153.0,129.0,224.0,276.0,False,SOFT,6.0,False,Williams,0 days 00:42:13.207000,,1,,False,,False,True
2023-05,FP2,0 days 00:46:24.001000,ALB,23,0 days 00:02:05.356000,14.0,3.0,,,0 days 00:00:47.207000,0 days 00:00:48.536000,0 days 00:00:29.613000,0 days 00:45:05.852000,0 days 00:45:54.388000,0 days 00:46:24.001000,142.0,140.0,281.0,301.0,False,SOFT,7.0,False,Williams,0 days 00:44:18.645000,,1,,False,,False,True
2023-05,FP2,0 days 00:48:02.942000,ALB,23,0 days 00:01:38.941000,15.0,3.0,,,0 days 00:00:29.942000,0 days 00:00:33.783000,0 days 00:00:35.216000,0 days 00:46:53.943000,0 days 00:47:27.726000,0 days 00:48:02.942000,220.0,189.0,255.0,334.0,False,SOFT,8.0,False,Williams,0 days 00:46:24.001000,,12,,False,,False,True
2023-05,FP2,0 days 00:50:12.183000,ALB,23,0 days 00:02:09.241000,16.0,3.0,,0 days 00:50:06.747000,0 days 00:00:50.068000,0 days 00:00:45.427000,0 days 00:00:33.746000,0 days 00:48:53.010000,0 days 00:49:38.437000,0 days 00:50:12.183000,172.0,151.0,,261.0,False,SOFT,9.0,False,Williams,0 days 00:48:02.942000,,1,,False,,False,False
2023-05,FP2,0 days 00:59:09.029000,ALB,23,,17.0,4.0,0 days 00:57:26.758000,0 days 00:59:03.460000,,0 days 00:00:35.619000,0 days 00:00:31.297000,,0 days 00:58:37.851000,0 days 00:59:09.038000,212.0,178.0,,315.0,False,SOFT,10.0,False,Williams,0 days 00:50:12.183000,,1,,False,,False,False
2023-05,FP2,0 days 01:01:05.425000,ALB,23,0 days 00:01:56.396000,18.0,5.0,0 days 00:59:27.257000,,0 days 00:00:51.411000,0 days 00:00:37.098000,0 days 00:00:27.887000,0 days 01:00:00.440000,0 days 01:00:37.538000,0 days 01:01:05.425000,211.0,164.0,270.0,297.0,False,MEDIUM,8.0,False,Williams,0 days 00:59:09.029000,,1,,False,,False,False
2023-05,FP2,0 days 01:02:39.161000,ALB,23,0 days 00:01:33.736000,19.0,5.0,,,0 days 00:00:32.082000,0 days 00:00:35.499000,0 days 00:00:26.155000,0 days 01:01:37.507000,0 days 01:02:13.006000,0 days 01:02:39.161000,208.0,182.0,277.0,320.0,False,MEDIUM,9.0,False,Williams,0 days 01:01:05.425000,,12,,False,,False,True
2023-05,FP2,0 days 01:04:13.280000,ALB,23,0 days 00:01:34.119000,20.0,5.0,,,0 days 00:00:32.212000,0 days 00:00:35.644000,0 days 00:00:26.263000,0 days 01:03:11.373000,0 days 01:03:47.017000,0 days 01:04:13.280000,211.0,184.0,278.0,313.0,False,MEDIUM,10.0,False,Williams,0 days 01:02:39.161000,,1,,False,,False,True
2023-05,FP2,0 days 01:11:00.796000,ALB,23,,21.0,5.0,,0 days 01:06:10.049000,0 days 00:00:32.713000,,,0 days 01:04:46.128000,,,206.0,,,,False,MEDIUM,11.0,False,Williams,0 days 01:04:13.280000,,125,,False,,False,False
2023-05,FP2,0 days 01:12:35.701000,ALB,23,,22.0,6.0,0 days 01:11:00.796000,,,0 days 00:00:35.591000,0 days 00:00:26.461000,,0 days 01:12:09.357000,0 days 01:12:35.748000,215.0,180.0,269.0,310.0,False,MEDIUM,12.0,False,Williams,0 days 01:11:00.796000,,1,,False,,False,False
2023-05,FP2,0 days 01:14:08.742000,ALB,23,0 days 00:01:33.041000,23.0,6.0,,,0 days 00:00:31.619000,0 days 00:00:35.144000,0 days 00:00:26.278000,0 days 01:13:07.320000,0 days 01:13:42.464000,0 days 01:14:08.742000,213.0,183.0,270.0,310.0,False,MEDIUM,13.0,False,Williams,0 days 01:12:35.701000,,1,,False,,False,True
2023-05,FP2,0 days 01:15:41.912000,ALB,23,0 days 00:01:33.170000,24.0,6.0,,,0 days 00:00:31.659000,0 days 00:00:35.296000,0 days 00:00:26.215000,0 days 01:14:40.401000,0 days 01:15:15.697000,0 days 01:15:41.912000,210.0,183.0,271.0,314.0,False,MEDIUM,14.0,False,Williams,0 days 01:14:08.742000,,1,,False,,False,True
2023-05,FP2,0 days 01:17:28.521000,ALB,23,0 days 00:01:46.609000,25.0,6.0,,,0 days 00:00:31.952000,0 days 00:00:35.233000,0 days 00:00:39.424000,0 days 01:16:13.864000,0 days 01:16:49.097000,0 days 01:17:28.521000,211.0,182.0,78.0,242.0,False,MEDIUM,15.0,False,Williams,0 days 01:15:41.912000,,1,,False,,False,True
2023-05,FP2,0 days 01:19:47.149000,ALB,23,0 days 00:02:18.628000,26.0,6.0,,0 days 01:19:41.649000,0 days 00:00:59.744000,0 days 00:00:42.383000,0 days 00:00:36.501000,0 days 01:18:28.265000,0 days 01:19:10.648000,0 days 01:19:47.149000,199.0,111.0,,266.0,False,MEDIUM,16.0,False,Williams,0 days 01:17:28.521000,,1,,False,,False,False
2023-05,FP2,0 days 00:16:46.402000,ZHO,24,,1.0,1.0,0 days 00:15:04.193000,,,0 days 00:00:37.653000,0 days 00:00:28.916000,,0 days 00:16:17.630000,0 days 00:16:46.505000,199.0,176.0,272.0,227.0,False,HARD,1.0,False,Alfa Romeo,0 days 00:15:04.193000,,1,,False,,False,False
2023-05,FP2,0 days 00:18:20.310000,ZHO,24,0 days 00:01:33.908000,2.0,1.0,,,0 days 00:00:31.888000,0 days 00:00:35.564000,0 days 00:00:26.456000,0 days 00:17:18.290000,0 days 00:17:53.854000,0 days 00:18:20.310000,211.0,185.0,275.0,318.0,True,HARD,2.0,False,Alfa Romeo,0 days 00:16:46.402000,,1,,False,,False,True
2023-05,FP2,0 days 00:20:14.233000,ZHO,24,0 days 00:01:53.923000,3.0,1.0,,,0 days 00:00:40.573000,0 days 00:00:43.514000,0 days 00:00:29.836000,0 days 00:19:00.883000,0 days 00:19:44.397000,0 days 00:20:14.233000,179.0,124.0,274.0,205.0,False,HARD,3.0,False,Alfa Romeo,0 days 00:18:20.310000,,1,,False,,False,True
2023-05,FP2,0 days 00:22:08.936000,ZHO,24,0 days 00:01:54.703000,4.0,1.0,,,0 days 00:00:31.317000,0 days 00:00:45.331000,0 days 00:00:38.055000,0 days 00:20:45.550000,0 days 00:21:30.881000,0 days 00:22:08.936000,215.0,67.0,250.0,227.0,False,HARD,4.0,False,Alfa Romeo,0 days 00:20:14.233000,,12,,False,,False,True
2023-05,FP2,0 days 00:24:00.788000,ZHO,24,0 days 00:01:51.852000,5.0,1.0,,,0 days 00:00:40.156000,0 days 00:00:41.456000,0 days 00:00:30.240000,0 days 00:22:49.092000,0 days 00:23:30.548000,0 days 00:24:00.788000,183.0,136.0,273.0,181.0,False,HARD,5.0,False,Alfa Romeo,0 days 00:22:08.936000,,21,,False,,False,True
2023-05,FP2,0 days 00:25:32.717000,ZHO,24,0 days 00:01:31.929000,6.0,1.0,,,0 days 00:00:30.975000,0 days 00:00:35.056000,0 days 00:00:25.898000,0 days 00:24:31.763000,0 days 00:25:06.819000,0 days 00:25:32.717000,213.0,189.0,278.0,326.0,True,HARD,6.0,False,Alfa Romeo,0 days 00:24:00.788000,,1,,False,,False,True
2023-05,FP2,0 days 00:27:37.937000,ZHO,24,0 days 00:02:05.220000,7.0,1.0,,,0 days 00:00:45.119000,0 days 00:00:45.910000,0 days 00:00:34.191000,0 days 00:26:17.836000,0 days 00:27:03.746000,0 days 00:27:37.937000,165.0,160.0,274.0,192.0,False,HARD,7.0,False,Alfa Romeo,0 days 00:25:32.717000,,1,,False,,False,True
2023-05,FP2,0 days 00:29:09.267000,ZHO,24,0 days 00:01:31.330000,8.0,1.0,,,0 days 00:00:30.855000,0 days 00:00:34.767000,0 days 00:00:25.708000,0 days 00:28:08.792000,0 days 00:28:43.559000,0 days 00:29:09.267000,217.0,188.0,276.0,327.0,True,HARD,8.0,False,Alfa Romeo,0 days 00:27:37.937000,,1,,False,,False,True
2023-05,FP2,0 days 00:31:03.008000,ZHO,24,0 days 00:01:53.741000,9.0,1.0,,0 days 00:30:57.526000,0 days 00:00:36.712000,0 days 00:00:42.230000,0 days 00:00:34.799000,0 days 00:29:45.979000,0 days 00:30:28.209000,0 days 00:31:03.008000,168.0,163.0,,193.0,False,HARD,9.0,False,Alfa Romeo,0 days 00:29:09.267000,,1,,False,,False,False
2023-05,FP2,0 days 00:38:12.574000,ZHO,24,,10.0,2.0,0 days 00:36:30.866000,,,0 days 00:00:37.834000,0 days 00:00:28.513000,,0 days 00:37:44.240000,0 days 00:38:12.662000,207.0,181.0,277.0,207.0,False,SOFT,1.0,True,Alfa Romeo,0 days 00:31:03.008000,,1,,False,,False,False
2023-05,FP2,0 days 00:39:42.739000,ZHO,24,0 days 00:01:30.165000,11.0,2.0,,,0 days 00:00:30.446000,0 days 00:00:34.209000,0 days 00:00:25.510000,0 days 00:38:43.020000,0 days 00:39:17.229000,0 days 00:39:42.739000,220.0,192.0,279.0,330.0,True,SOFT,2.0,True,Alfa Romeo,0 days 00:38:12.574000,,1,,False,,False,True
2023-05,FP2,0 days 00:41:46.052000,ZHO,24,0 days 00:02:03.313000,12.0,2.0,,,0 days 00:00:53.651000,0 days 00:00:41.729000,0 days 00:00:27.933000,0 days 00:40:36.390000,0 days 00:41:18.119000,0 days 00:41:46.052000,151.0,153.0,277.0,279.0,False,SOFT,3.0,True,Alfa Romeo,0 days 00:39:42.739000,,1,,False,,False,True
2023-05,FP2,0 days 00:43:15.233000,ZHO,24,0 days 00:01:29.181000,13.0,2.0,,,0 days 00:00:30.094000,0 days 00:00:33.759000,0 days 00:00:25.328000,0 days 00:42:16.146000,0 days 00:42:49.905000,0 days 00:43:15.233000,218.0,192.0,280.0,331.0,True,SOFT,4.0,True,Alfa Romeo,0 days 00:41:46.052000,,1,,False,,False,True
2023-05,FP2,0 days 00:45:31.903000,ZHO,24,0 days 00:02:16.670000,14.0,2.0,,,0 days 00:00:43.057000,0 days 00:00:56.637000,0 days 00:00:36.976000,0 days 00:43:58.290000,0 days 00:44:54.927000,0 days 00:45:31.903000,150.0,112.0,238.0,182.0,False,SOFT,5.0,True,Alfa Romeo,0 days 00:43:15.233000,,1,,False,,False,True
2023-05,FP2,0 days 00:47:27.936000,ZHO,24,0 days 00:01:56.033000,15.0,2.0,,,0 days 00:00:39.366000,0 days 00:00:42.590000,0 days 00:00:34.077000,0 days 00:46:11.269000,0 days 00:46:53.859000,0 days 00:47:27.936000,174.0,103.0,273.0,219.0,False,SOFT,6.0,True,Alfa Romeo,0 days 00:45:31.903000,,1,,False,,False,True
2023-05,FP2,0 days 00:48:59.077000,ZHO,24,0 days 00:01:31.141000,16.0,2.0,,,0 days 00:00:30.504000,0 days 00:00:34.633000,0 days 00:00:26.004000,0 days 00:47:58.440000,0 days 00:48:33.073000,0 days 00:48:59.077000,216.0,189.0,277.0,319.0,False,SOFT,7.0,True,Alfa Romeo,0 days 00:47:27.936000,,12,,False,,False,True
2023-05,FP2,0 days 00:50:55.079000,ZHO,24,0 days 00:01:56.002000,17.0,2.0,,0 days 00:50:49.528000,0 days 00:00:36.592000,0 days 00:00:41.180000,0 days 00:00:38.230000,0 days 00:49:35.669000,0 days 00:50:16.849000,0 days 00:50:55.079000,177.0,132.0,,188.0,False,SOFT,8.0,True,Alfa Romeo,0 days 00:48:59.077000,,1,,False,,False,False
2023-05,FP2,0 days 00:59:12.479000,ZHO,24,,18.0,3.0,0 days 00:57:29.961000,,,0 days 00:00:38.175000,0 days 00:00:28.405000,,0 days 00:58:44.163000,0 days 00:59:12.522000,196.0,178.0,265.0,207.0,False,SOFT,9.0,False,Alfa Romeo,0 days 00:50:55.079000,,1,,False,,False,False
2023-05,FP2,0 days 01:00:46.886000,ZHO,24,0 days 00:01:34.407000,19.0,3.0,,,0 days 00:00:32.081000,0 days 00:00:35.661000,0 days 00:00:26.665000,0 days 00:59:44.560000,0 days 01:00:20.221000,0 days 01:00:46.886000,209.0,183.0,266.0,300.0,False,SOFT,10.0,False,Alfa Romeo,0 days 00:59:12.479000,,1,,False,,False,True
2023-05,FP2,0 days 01:02:26.380000,ZHO,24,0 days 00:01:39.494000,20.0,3.0,,0 days 01:02:20.817000,0 days 00:00:32.253000,0 days 00:00:35.790000,0 days 00:00:31.451000,0 days 01:01:19.139000,0 days 01:01:54.929000,0 days 01:02:26.380000,209.0,184.0,,303.0,False,SOFT,11.0,False,Alfa Romeo,0 days 01:00:46.886000,,12,,False,,False,False
2023-05,FP2,0 days 01:04:28.379000,ZHO,24,0 days 00:02:01.999000,21.0,4.0,0 days 01:02:46.520000,,0 days 00:00:58.439000,0 days 00:00:36.757000,0 days 00:00:26.803000,0 days 01:03:24.819000,0 days 01:04:01.576000,0 days 01:04:28.379000,202.0,181.0,272.0,276.0,False,HARD,10.0,False,Alfa Romeo,0 days 01:02:26.380000,,1,,False,,False,False
2023-05,FP2,0 days 01:11:07.858000,ZHO,24,,22.0,4.0,,0 days 01:06:32.096000,,,,,,,,,,,False,HARD,11.0,False,Alfa Romeo,0 days 01:04:28.379000,,125,,False,,False,False
2023-05,FP2,0 days 01:12:51.152000,ZHO,24,,23.0,5.0,0 days 01:11:07.858000,,,0 days 00:00:36.477000,0 days 00:00:26.508000,,0 days 01:12:24.763000,0 days 01:12:51.201000,209.0,183.0,269.0,306.0,False,HARD,12.0,False,Alfa Romeo,0 days 01:11:07.858000,,1,,False,,False,False
2023-05,FP2,0 days 01:14:24.481000,ZHO,24,0 days 00:01:33.329000,24.0,5.0,,,0 days 00:00:31.930000,0 days 00:00:35.319000,0 days 00:00:26.080000,0 days 01:13:23.082000,0 days 01:13:58.401000,0 days 01:14:24.481000,212.0,185.0,272.0,310.0,False,HARD,13.0,False,Alfa Romeo,0 days 01:12:51.152000,,1,,False,,False,True
2023-05,FP2,0 days 01:15:58.816000,ZHO,24,0 days 00:01:34.335000,25.0,5.0,,,0 days 00:00:32.100000,0 days 00:00:35.594000,0 days 00:00:26.641000,0 days 01:14:56.581000,0 days 01:15:32.175000,0 days 01:15:58.816000,203.0,182.0,268.0,304.0,False,HARD,14.0,False,Alfa Romeo,0 days 01:14:24.481000,,1,,False,,False,True
2023-05,FP2,0 days 01:18:02.031000,ZHO,24,0 days 00:02:03.215000,26.0,5.0,,,0 days 00:00:38.556000,0 days 00:00:42.156000,0 days 00:00:42.503000,0 days 01:16:37.372000,0 days 01:17:19.528000,0 days 01:18:02.031000,162.0,140.0,55.0,184.0,False,HARD,15.0,False,Alfa Romeo,0 days 01:15:58.816000,,1,,False,,False,True
2023-05,FP2,0 days 01:20:14.898000,ZHO,24,0 days 00:02:12.867000,27.0,5.0,,0 days 01:20:08.852000,0 days 00:00:55.230000,0 days 00:00:38.768000,0 days 00:00:38.869000,0 days 01:18:57.261000,0 days 01:19:36.029000,0 days 01:20:14.898000,208.0,154.0,,180.0,False,HARD,16.0,False,Alfa Romeo,0 days 01:18:02.031000,,1,,False,,False,False
2023-05,FP2,0 days 00:17:51.652000,HUL,27,,1.0,1.0,0 days 00:16:01.005000,,,0 days 00:00:40.672000,0 days 00:00:32.990000,,0 days 00:17:18.863000,0 days 00:17:51.754000,170.0,172.0,273.0,83.0,False,MEDIUM,1.0,False,Haas F1 Team,0 days 00:16:01.005000,,1,,False,,False,False
2023-05,FP2,0 days 00:19:24.231000,HUL,27,0 days 00:01:32.579000,2.0,1.0,,,0 days 00:00:31.597000,0 days 00:00:34.921000,0 days 00:00:26.061000,0 days 00:18:23.249000,0 days 00:18:58.170000,0 days 00:19:24.231000,216.0,187.0,276.0,326.0,True,MEDIUM,2.0,False,Haas F1 Team,0 days 00:17:51.652000,,1,,False,,False,True
2023-05,FP2,0 days 00:21:33.249000,HUL,27,0 days 00:02:09.018000,3.0,1.0,,,0 days 00:00:43.873000,0 days 00:00:46.330000,0 days 00:00:38.815000,0 days 00:20:08.104000,0 days 00:20:54.434000,0 days 00:21:33.249000,142.0,147.0,276.0,212.0,False,MEDIUM,3.0,False,Haas F1 Team,0 days 00:19:24.231000,,1,,False,,False,True
2023-05,FP2,0 days 00:23:04.614000,HUL,27,0 days 00:01:31.365000,4.0,1.0,,,0 days 00:00:30.851000,0 days 00:00:34.755000,0 days 00:00:25.759000,0 days 00:22:04.100000,0 days 00:22:38.855000,0 days 00:23:04.614000,213.0,188.0,278.0,326.0,True,MEDIUM,4.0,False,Haas F1 Team,0 days 00:21:33.249000,,12,,False,,False,True
2023-05,FP2,0 days 00:25:18.635000,HUL,27,0 days 00:02:14.021000,5.0,1.0,,,0 days 00:00:48.191000,0 days 00:00:52.403000,0 days 00:00:33.427000,0 days 00:23:52.805000,0 days 00:24:45.208000,0 days 00:25:18.635000,133.0,134.0,276.0,282.0,False,MEDIUM,5.0,False,Haas F1 Team,0 days 00:23:04.614000,,1,,False,,False,True
2023-05,FP2,0 days 00:26:49.310000,HUL,27,0 days 00:01:30.675000,6.0,1.0,,,0 days 00:00:30.559000,0 days 00:00:34.567000,0 days 00:00:25.549000,0 days 00:25:49.194000,0 days 00:26:23.761000,0 days 00:26:49.310000,215.0,188.0,273.0,328.0,True,MEDIUM,6.0,False,Haas F1 Team,0 days 00:25:18.635000,,1,,False,,False,True
2023-05,FP2,0 days 00:28:30.544000,HUL,27,0 days 00:01:41.234000,7.0,1.0,,0 days 00:28:24.856000,0 days 00:00:33.591000,0 days 00:00:35.398000,0 days 00:00:32.245000,0 days 00:27:22.901000,0 days 00:27:58.299000,0 days 00:28:30.544000,214.0,184.0,,309.0,False,MEDIUM,7.0,False,Haas F1 Team,0 days 00:26:49.310000,,1,,False,,False,False
2023-05,FP2,0 days 00:39:48.762000,HUL,27,,8.0,2.0,0 days 00:37:50.896000,,,0 days 00:00:46.232000,0 days 00:00:28.062000,,0 days 00:39:20.864000,0 days 00:39:48.848000,148.0,164.0,280.0,296.0,False,SOFT,1.0,True,Haas F1 Team,0 days 00:28:30.544000,,1,,False,,False,False
2023-05,FP2,0 days 00:41:19.639000,HUL,27,0 days 00:01:30.877000,9.0,2.0,,,0 days 00:00:29.953000,0 days 00:00:33.724000,0 days 00:00:27.200000,0 days 00:40:18.715000,0 days 00:40:52.439000,0 days 00:41:19.639000,220.0,191.0,236.0,334.0,False,SOFT,2.0,True,Haas F1 Team,0 days 00:39:48.762000,,1,,False,,False,True
2023-05,FP2,0 days 00:43:31.514000,HUL,27,0 days 00:02:11.875000,10.0,2.0,,,0 days 00:00:50.082000,0 days 00:00:53.282000,0 days 00:00:28.511000,0 days 00:42:09.721000,0 days 00:43:03.003000,0 days 00:43:31.514000,137.0,138.0,279.0,295.0,False,SOFT,3.0,True,Haas F1 Team,0 days 00:41:19.639000,,1,,False,,False,True
2023-05,FP2,0 days 00:45:00.907000,HUL,27,0 days 00:01:29.393000,11.0,2.0,,,0 days 00:00:29.941000,0 days 00:00:34.144000,0 days 00:00:25.308000,0 days 00:44:01.455000,0 days 00:44:35.599000,0 days 00:45:00.907000,221.0,191.0,282.0,338.0,True,SOFT,4.0,True,Haas F1 Team,0 days 00:43:31.514000,,1,,False,,False,True
2023-05,FP2,0 days 00:47:21.787000,HUL,27,0 days 00:02:20.880000,12.0,2.0,,0 days 00:47:16.249000,0 days 00:00:43.968000,0 days 00:00:51.581000,0 days 00:00:45.331000,0 days 00:45:44.875000,0 days 00:46:36.456000,0 days 00:47:21.787000,157.0,115.0,,164.0,False,SOFT,5.0,True,Haas F1 Team,0 days 00:45:00.907000,,1,,False,,False,False
2023-05,FP2,0 days 00:57:28.326000,HUL,27,,13.0,3.0,0 days 00:55:54.259000,,,0 days 00:00:35.884000,0 days 00:00:26.593000,,0 days 00:57:01.852000,0 days 00:57:28.383000,206.0,183.0,268.0,300.0,False,MEDIUM,8.0,False,Haas F1 Team,0 days 00:47:21.787000,,12,,False,,False,False
2023-05,FP2,0 days 00:59:02.145000,HUL,27,0 days 00:01:33.819000,14.0,3.0,,,0 days 00:00:32.001000,0 days 00:00:35.568000,0 days 00:00:26.250000,0 days 00:58:00.327000,0 days 00:58:35.895000,0 days 00:59:02.145000,210.0,184.0,270.0,303.0,False,MEDIUM,9.0,False,Haas F1 Team,0 days 00:57:28.326000,,1,,False,,False,True
2023-05,FP2,0 days 01:00:35.658000,HUL,27,0 days 00:01:33.513000,15.0,3.0,,,0 days 00:00:31.924000,0 days 00:00:35.317000,0 days 00:00:26.272000,0 days 00:59:34.069000,0 days 01:00:09.386000,0 days 01:00:35.658000,208.0,183.0,269.0,307.0,False,MEDIUM,10.0,False,Haas F1 Team,0 days 00:59:02.145000,,1,,False,,False,True
2023-05,FP2,0 days 01:02:09.102000,HUL,27,0 days 00:01:33.444000,16.0,3.0,,,0 days 00:00:31.720000,0 days 00:00:35.399000,0 days 00:00:26.325000,0 days 01:01:07.378000,0 days 01:01:42.777000,0 days 01:02:09.102000,210.0,184.0,271.0,308.0,False,MEDIUM,11.0,False,Haas F1 Team,0 days 01:00:35.658000,,12,,False,,False,True
2023-05,FP2,0 days 01:03:42.676000,HUL,27,0 days 00:01:33.574000,17.0,3.0,,,0 days 00:00:31.880000,0 days 00:00:35.459000,0 days 00:00:26.235000,0 days 01:02:40.982000,0 days 01:03:16.441000,0 days 01:03:42.676000,208.0,183.0,271.0,307.0,False,MEDIUM,12.0,False,Haas F1 Team,0 days 01:02:09.102000,,1,,False,,False,True
2023-05,FP2,0 days 01:11:29.608000,HUL,27,,18.0,3.0,,0 days 01:05:25.987000,0 days 00:00:32.104000,0 days 00:00:35.563000,,0 days 01:04:14.894000,0 days 01:04:50.425000,,209.0,182.0,,,False,MEDIUM,13.0,False,Haas F1 Team,0 days 01:03:42.676000,,125,,False,,False,False
2023-05,FP2,0 days 01:13:25.689000,HUL,27,,19.0,4.0,0 days 01:11:29.608000,,,0 days 00:00:36.495000,0 days 00:00:33.418000,,0 days 01:12:52.388000,0 days 01:13:25.731000,206.0,180.0,268.0,182.0,False,MEDIUM,14.0,False,Haas F1 Team,0 days 01:11:29.608000,,1,,False,,False,False
2023-05,FP2,0 days 01:14:59.767000,HUL,27,0 days 00:01:34.078000,20.0,4.0,,,0 days 00:00:32.269000,0 days 00:00:35.496000,0 days 00:00:26.313000,0 days 01:13:57.958000,0 days 01:14:33.454000,0 days 01:14:59.767000,209.0,183.0,271.0,306.0,False,MEDIUM,15.0,False,Haas F1 Team,0 days 01:13:25.689000,,1,,False,,False,True
2023-05,FP2,0 days 01:16:44.680000,HUL,27,0 days 00:01:44.913000,21.0,4.0,,,0 days 00:00:31.643000,0 days 00:00:35.428000,0 days 00:00:37.842000,0 days 01:15:31.410000,0 days 01:16:06.838000,0 days 01:16:44.680000,208.0,183.0,60.0,255.0,False,MEDIUM,16.0,False,Haas F1 Team,0 days 01:14:59.767000,,1,,False,,False,True
2023-05,FP2,0 days 01:18:55.415000,HUL,27,0 days 00:02:10.735000,22.0,4.0,,0 days 01:18:49.915000,0 days 00:00:56.073000,0 days 00:00:38.548000,0 days 00:00:36.114000,0 days 01:17:40.753000,0 days 01:18:19.301000,0 days 01:18:55.415000,190.0,167.0,,248.0,False,MEDIUM,17.0,False,Haas F1 Team,0 days 01:16:44.680000,,1,,False,,False,False
2023-05,FP2,0 days 00:20:46.583000,OCO,31,,1.0,1.0,0 days 00:19:00.722000,,,0 days 00:00:40.220000,0 days 00:00:29.175000,,0 days 00:20:17.643000,0 days 00:20:46.705000,180.0,138.0,279.0,303.0,False,HARD,1.0,True,Alpine,0 days 00:19:00.722000,,1,,False,,False,False
2023-05,FP2,0 days 00:22:17.657000,OCO,31,0 days 00:01:31.074000,2.0,1.0,,,0 days 00:00:30.932000,0 days 00:00:34.451000,0 days 00:00:25.691000,0 days 00:21:17.515000,0 days 00:21:51.966000,0 days 00:22:17.657000,215.0,187.0,281.0,331.0,True,HARD,2.0,True,Alpine,0 days 00:20:46.583000,,12,,False,,False,True
2023-05,FP2,0 days 00:24:26.845000,OCO,31,0 days 00:02:09.188000,3.0,1.0,,,0 days 00:00:43.088000,0 days 00:00:51.550000,0 days 00:00:34.550000,0 days 00:23:00.745000,0 days 00:23:52.295000,0 days 00:24:26.845000,150.0,126.0,279.0,242.0,False,HARD,3.0,True,Alpine,0 days 00:22:17.657000,,1,,False,,False,True
2023-05,FP2,0 days 00:25:57.212000,OCO,31,0 days 00:01:30.367000,4.0,1.0,,,0 days 00:00:30.533000,0 days 00:00:34.426000,0 days 00:00:25.408000,0 days 00:24:57.378000,0 days 00:25:31.804000,0 days 00:25:57.212000,217.0,187.0,281.0,334.0,True,HARD,4.0,True,Alpine,0 days 00:24:26.845000,,1,,False,,False,True
2023-05,FP2,0 days 00:27:58.541000,OCO,31,0 days 00:02:01.329000,5.0,1.0,,,0 days 00:00:43.800000,0 days 00:00:48.816000,0 days 00:00:28.713000,0 days 00:26:41.012000,0 days 00:27:29.828000,0 days 00:27:58.541000,136.0,148.0,278.0,305.0,False,HARD,5.0,True,Alpine,0 days 00:25:57.212000,,1,,False,,False,True
2023-05,FP2,0 days 00:29:28.640000,OCO,31,0 days 00:01:30.099000,6.0,1.0,,,0 days 00:00:30.386000,0 days 00:00:34.290000,0 days 00:00:25.423000,0 days 00:28:28.927000,0 days 00:29:03.217000,0 days 00:29:28.640000,217.0,189.0,279.0,336.0,True,HARD,6.0,True,Alpine,0 days 00:27:58.541000,,1,,False,,False,True
2023-05,FP2,0 days 00:31:14.635000,OCO,31,0 days 00:01:45.995000,7.0,1.0,,0 days 00:31:09.166000,0 days 00:00:35.936000,0 days 00:00:37.680000,0 days 00:00:32.379000,0 days 00:30:04.576000,0 days 00:30:42.256000,0 days 00:31:14.635000,197.0,171.0,,305.0,False,HARD,7.0,True,Alpine,0 days 00:29:28.640000,,1,,False,,False,False
2023-05,FP2,0 days 00:39:29.374000,OCO,31,,8.0,2.0,0 days 00:37:31.865000,,,0 days 00:00:42.374000,0 days 00:00:33.674000,,0 days 00:38:55.849000,0 days 00:39:29.458000,169.0,149.0,280.0,115.0,False,SOFT,1.0,True,Alpine,0 days 00:31:14.635000,,1,,False,,False,False
2023-05,FP2,0 days 00:40:59.285000,OCO,31,0 days 00:01:29.911000,9.0,2.0,,,0 days 00:00:30.247000,0 days 00:00:34.246000,0 days 00:00:25.418000,0 days 00:39:59.621000,0 days 00:40:33.867000,0 days 00:40:59.285000,213.0,185.0,279.0,332.0,True,SOFT,2.0,True,Alpine,0 days 00:39:29.374000,,1,,False,,False,True
2023-05,FP2,0 days 00:43:07.483000,OCO,31,0 days 00:02:08.198000,10.0,2.0,,,0 days 00:00:43.404000,0 days 00:00:48.337000,0 days 00:00:36.457000,0 days 00:41:42.689000,0 days 00:42:31.026000,0 days 00:43:07.483000,174.0,100.0,209.0,192.0,False,SOFT,3.0,True,Alpine,0 days 00:40:59.285000,,1,,False,,False,True
2023-05,FP2,0 days 00:45:05.794000,OCO,31,0 days 00:01:58.311000,11.0,2.0,,,0 days 00:00:40.131000,0 days 00:00:45.703000,0 days 00:00:32.477000,0 days 00:43:47.614000,0 days 00:44:33.317000,0 days 00:45:05.794000,186.0,171.0,279.0,225.0,False,SOFT,4.0,True,Alpine,0 days 00:43:07.483000,,1,,False,,False,True
2023-05,FP2,0 days 00:46:34.787000,OCO,31,0 days 00:01:28.993000,12.0,2.0,,,0 days 00:00:29.944000,0 days 00:00:33.875000,0 days 00:00:25.174000,0 days 00:45:35.738000,0 days 00:46:09.613000,0 days 00:46:34.787000,219.0,191.0,280.0,335.0,True,SOFT,5.0,True,Alpine,0 days 00:45:05.794000,,1,,False,,False,True
2023-05,FP2,0 days 00:48:45.972000,OCO,31,0 days 00:02:11.185000,13.0,2.0,,,0 days 00:00:43.926000,0 days 00:00:48.499000,0 days 00:00:38.760000,0 days 00:47:18.713000,0 days 00:48:07.212000,0 days 00:48:45.972000,131.0,127.0,196.0,178.0,False,SOFT,6.0,True,Alpine,0 days 00:46:34.787000,,12,,False,,False,True
2023-05,FP2,0 days 00:50:47.715000,OCO,31,0 days 00:02:01.743000,14.0,2.0,,,0 days 00:00:45.260000,0 days 00:00:44.534000,0 days 00:00:31.949000,0 days 00:49:31.232000,0 days 00:50:15.766000,0 days 00:50:47.715000,179.0,159.0,279.0,294.0,False,SOFT,7.0,True,Alpine,0 days 00:48:45.972000,,1,,False,,False,True
2023-05,FP2,0 days 00:52:16.652000,OCO,31,0 days 00:01:28.937000,15.0,2.0,,,0 days 00:00:29.847000,0 days 00:00:33.853000,0 days 00:00:25.237000,0 days 00:51:17.562000,0 days 00:51:51.415000,0 days 00:52:16.652000,217.0,190.0,280.0,331.0,True,SOFT,8.0,True,Alpine,0 days 00:50:47.715000,,1,,False,,False,True
2023-05,FP2,0 days 00:54:06.911000,OCO,31,0 days 00:01:50.259000,16.0,2.0,,0 days 00:54:01.401000,0 days 00:00:34.898000,0 days 00:00:37.714000,0 days 00:00:37.647000,0 days 00:52:51.550000,0 days 00:53:29.264000,0 days 00:54:06.911000,198.0,178.0,,198.0,False,SOFT,9.0,True,Alpine,0 days 00:52:16.652000,,1,,False,,False,False
2023-05,FP2,0 days 01:01:14.552000,OCO,31,,17.0,3.0,0 days 00:59:41.631000,,,0 days 00:00:35.462000,0 days 00:00:26.196000,,0 days 01:00:48.459000,0 days 01:01:14.552000,209.0,185.0,264.0,314.0,False,HARD,8.0,False,Alpine,0 days 00:54:06.911000,,1,,False,,False,False
2023-05,FP2,0 days 01:02:48.597000,OCO,31,0 days 00:01:34.045000,18.0,3.0,,,0 days 00:00:32.192000,0 days 00:00:35.454000,0 days 00:00:26.399000,0 days 01:01:46.744000,0 days 01:02:22.198000,0 days 01:02:48.597000,204.0,180.0,267.0,309.0,False,HARD,9.0,False,Alpine,0 days 01:01:14.552000,,12,,False,,False,True
2023-05,FP2,0 days 01:04:22.156000,OCO,31,0 days 00:01:33.559000,19.0,3.0,,,0 days 00:00:31.829000,0 days 00:00:35.408000,0 days 00:00:26.322000,0 days 01:03:20.426000,0 days 01:03:55.834000,0 days 01:04:22.156000,211.0,183.0,270.0,329.0,False,HARD,10.0,False,Alpine,0 days 01:02:48.597000,,1,,False,,False,True
2023-05,FP2,0 days 01:11:22.952000,OCO,31,,20.0,3.0,,0 days 01:06:25.486000,0 days 00:00:34.084000,,,0 days 01:04:56.347000,,,196.0,,,,False,HARD,11.0,False,Alpine,0 days 01:04:22.156000,,125,,False,,False,False
2023-05,FP2,0 days 01:13:16.548000,OCO,31,,21.0,4.0,0 days 01:11:22.952000,,,0 days 00:00:35.734000,0 days 00:00:31.668000,,0 days 01:12:44.998000,0 days 01:13:16.607000,201.0,181.0,256.0,169.0,False,HARD,12.0,False,Alpine,0 days 01:11:22.952000,,1,,False,,False,False
2023-05,FP2,0 days 01:14:50.678000,OCO,31,0 days 00:01:34.130000,22.0,4.0,,,0 days 00:00:32.350000,0 days 00:00:35.364000,0 days 00:00:26.416000,0 days 01:13:48.898000,0 days 01:14:24.262000,0 days 01:14:50.678000,207.0,183.0,260.0,301.0,False,HARD,13.0,False,Alpine,0 days 01:13:16.548000,,1,,False,,False,True
2023-05,FP2,0 days 01:16:24.011000,OCO,31,0 days 00:01:33.333000,23.0,4.0,,,0 days 00:00:31.617000,0 days 00:00:35.397000,0 days 00:00:26.319000,0 days 01:15:22.295000,0 days 01:15:57.692000,0 days 01:16:24.011000,209.0,182.0,261.0,302.0,False,HARD,14.0,False,Alpine,0 days 01:14:50.678000,,1,,False,,False,True
2023-05,FP2,0 days 01:18:34.087000,OCO,31,0 days 00:02:10.076000,24.0,4.0,,,0 days 00:00:39.327000,0 days 00:00:43.065000,0 days 00:00:47.684000,0 days 01:17:03.338000,0 days 01:17:46.403000,0 days 01:18:34.087000,196.0,163.0,48.0,189.0,False,HARD,15.0,False,Alpine,0 days 01:16:24.011000,,1,,False,,False,True
2023-05,FP2,0 days 01:21:12.492000,OCO,31,,25.0,4.0,,0 days 01:21:06.961000,0 days 00:01:08.216000,0 days 00:00:43.361000,0 days 00:00:46.853000,0 days 01:19:42.446000,0 days 01:20:25.805000,0 days 01:21:12.492000,197.0,81.0,,199.0,False,HARD,16.0,False,Alpine,0 days 01:18:34.087000,,1,,False,,False,False
2023-05,FP2,0 days 00:17:23.874000,NOR,4,,1.0,1.0,0 days 00:15:30.896000,,,0 days 00:00:43.422000,0 days 00:00:29.309000,,0 days 00:16:54.754000,0 days 00:17:23.973000,161.0,150.0,279.0,281.0,False,MEDIUM,1.0,True,McLaren,0 days 00:15:30.896000,,1,,False,,False,False
2023-05,FP2,0 days 00:18:56.144000,NOR,4,0 days 00:01:32.270000,2.0,1.0,,,0 days 00:00:31.324000,0 days 00:00:34.975000,0 days 00:00:25.971000,0 days 00:17:55.198000,0 days 00:18:30.173000,0 days 00:18:56.144000,212.0,185.0,279.0,322.0,True,MEDIUM,2.0,True,McLaren,0 days 00:17:23.874000,,1,,False,,False,True
2023-05,FP2,0 days 00:21:12.132000,NOR,4,0 days 00:02:15.988000,3.0,1.0,,,0 days 00:00:45.997000,0 days 00:00:53.731000,0 days 00:00:36.260000,0 days 00:19:42.141000,0 days 00:20:35.872000,0 days 00:21:12.132000,121.0,115.0,279.0,168.0,False,MEDIUM,3.0,True,McLaren,0 days 00:18:56.144000,,1,,False,,False,True
2023-05,FP2,0 days 00:23:03.737000,NOR,4,0 days 00:01:51.605000,4.0,1.0,,,0 days 00:00:30.543000,0 days 00:00:41.408000,0 days 00:00:39.654000,0 days 00:21:42.675000,0 days 00:22:24.083000,0 days 00:23:03.737000,219.0,101.0,279.0,203.0,False,MEDIUM,4.0,True,McLaren,0 days 00:21:12.132000,,12,,False,,False,True
2023-05,FP2,0 days 00:24:41.565000,NOR,4,0 days 00:01:37.828000,5.0,1.0,,0 days 00:24:36.062000,0 days 00:00:30.298000,0 days 00:00:34.527000,0 days 00:00:33.003000,0 days 00:23:34.035000,0 days 00:24:08.562000,0 days 00:24:41.565000,221.0,189.0,,257.0,False,MEDIUM,5.0,True,McLaren,0 days 00:23:03.737000,,1,,False,,False,False
2023-05,FP2,0 days 00:33:20.985000,NOR,4,,6.0,2.0,0 days 00:31:37.072000,,,0 days 00:00:40.200000,0 days 00:00:27.525000,,0 days 00:32:53.556000,0 days 00:33:21.024000,183.0,146.0,280.0,274.0,False,SOFT,1.0,True,McLaren,0 days 00:24:41.565000,,1,,False,,False,False
2023-05,FP2,0 days 00:34:49.726000,NOR,4,0 days 00:01:28.741000,7.0,2.0,,,0 days 00:00:29.619000,0 days 00:00:33.888000,0 days 00:00:25.234000,0 days 00:33:50.604000,0 days 00:34:24.492000,0 days 00:34:49.726000,221.0,190.0,281.0,331.0,True,SOFT,2.0,True,McLaren,0 days 00:33:20.985000,,1,,False,,False,True
2023-05,FP2,0 days 00:37:28.022000,NOR,4,,8.0,2.0,,0 days 00:37:19.381000,0 days 00:00:47.133000,0 days 00:00:58.558000,0 days 00:00:52.495000,0 days 00:35:37.007000,0 days 00:36:35.553000,0 days 00:37:28.022000,114.0,127.0,,140.0,False,SOFT,3.0,True,McLaren,0 days 00:34:49.726000,,1,,False,,False,False
2023-05,FP2,0 days 00:40:02.957000,NOR,4,,9.0,3.0,0 days 00:37:49.318000,,0 days 00:01:09.942000,0 days 00:00:49.407000,0 days 00:00:35.707000,0 days 00:38:38.068000,0 days 00:39:27.442000,0 days 00:40:02.957000,131.0,133.0,280.0,286.0,False,SOFT,4.0,False,McLaren,0 days 00:37:28.022000,,1,,False,,False,False
2023-05,FP2,0 days 00:41:39.605000,NOR,4,0 days 00:01:36.648000,10.0,3.0,,0 days 00:41:33.800000,0 days 00:00:29.837000,0 days 00:00:33.914000,0 days 00:00:32.897000,0 days 00:40:32.794000,0 days 00:41:06.708000,0 days 00:41:39.605000,217.0,193.0,,282.0,False,SOFT,5.0,False,McLaren,0 days 00:40:02.957000,,1,,False,,False,False
2023-05,FP2,0 days 00:51:10.124000,NOR,4,,11.0,4.0,0 days 00:49:35.607000,,,0 days 00:00:36.585000,0 days 00:00:26.395000,,0 days 00:50:43.841000,0 days 00:51:10.153000,212.0,179.0,270.0,304.0,False,SOFT,6.0,False,McLaren,0 days 00:41:39.605000,,12,,False,,False,False
2023-05,FP2,0 days 00:52:44.007000,NOR,4,0 days 00:01:33.883000,12.0,4.0,,,0 days 00:00:31.805000,0 days 00:00:35.695000,0 days 00:00:26.383000,0 days 00:51:41.929000,0 days 00:52:17.624000,0 days 00:52:44.007000,209.0,181.0,269.0,299.0,False,SOFT,7.0,False,McLaren,0 days 00:51:10.124000,,1,,False,,False,True
2023-05,FP2,0 days 00:54:17.818000,NOR,4,0 days 00:01:33.811000,13.0,4.0,,,0 days 00:00:31.753000,0 days 00:00:35.603000,0 days 00:00:26.455000,0 days 00:53:15.760000,0 days 00:53:51.363000,0 days 00:54:17.818000,211.0,181.0,268.0,297.0,False,SOFT,8.0,False,McLaren,0 days 00:52:44.007000,,1,,False,,False,True
2023-05,FP2,0 days 00:55:56.025000,NOR,4,0 days 00:01:38.207000,14.0,4.0,,0 days 00:55:50.462000,0 days 00:00:31.544000,0 days 00:00:35.663000,0 days 00:00:31,0 days 00:54:49.362000,0 days 00:55:25.025000,0 days 00:55:56.025000,211.0,182.0,,300.0,False,SOFT,9.0,False,McLaren,0 days 00:54:17.818000,,1,,False,,False,False
2023-05,FP2,0 days 00:57:44.508000,NOR,4,0 days 00:01:48.483000,15.0,5.0,0 days 00:56:12.888000,,0 days 00:00:46.821000,0 days 00:00:35.324000,0 days 00:00:26.338000,0 days 00:56:42.846000,0 days 00:57:18.170000,0 days 00:57:44.508000,212.0,183.0,270.0,302.0,False,MEDIUM,6.0,False,McLaren,0 days 00:55:56.025000,,1,,False,,False,False
2023-05,FP2,0 days 00:59:17.691000,NOR,4,0 days 00:01:33.183000,16.0,5.0,,,0 days 00:00:31.649000,0 days 00:00:35.275000,0 days 00:00:26.259000,0 days 00:58:16.157000,0 days 00:58:51.432000,0 days 00:59:17.691000,212.0,183.0,271.0,298.0,False,MEDIUM,7.0,False,McLaren,0 days 00:57:44.508000,,1,,False,,False,True
2023-05,FP2,0 days 01:00:50.982000,NOR,4,0 days 00:01:33.291000,17.0,5.0,,,0 days 00:00:31.643000,0 days 00:00:35.336000,0 days 00:00:26.312000,0 days 00:59:49.334000,0 days 01:00:24.670000,0 days 01:00:50.982000,213.0,183.0,271.0,297.0,False,MEDIUM,8.0,False,McLaren,0 days 00:59:17.691000,,1,,False,,False,True
2023-05,FP2,0 days 01:02:24.758000,NOR,4,0 days 00:01:33.776000,18.0,5.0,,,0 days 00:00:31.551000,0 days 00:00:35.932000,0 days 00:00:26.293000,0 days 01:01:22.533000,0 days 01:01:58.465000,0 days 01:02:24.758000,210.0,183.0,272.0,302.0,False,MEDIUM,9.0,False,McLaren,0 days 01:00:50.982000,,12,,False,,False,True
2023-05,FP2,0 days 01:03:58.695000,NOR,4,0 days 00:01:33.937000,19.0,5.0,,,0 days 00:00:31.874000,0 days 00:00:35.643000,0 days 00:00:26.420000,0 days 01:02:56.632000,0 days 01:03:32.275000,0 days 01:03:58.695000,213.0,181.0,272.0,304.0,False,MEDIUM,10.0,False,McLaren,0 days 01:02:24.758000,,1,,False,,False,True
2023-05,FP2,0 days 01:11:49.920000,NOR,4,,20.0,5.0,,0 days 01:05:52.174000,0 days 00:00:32.030000,,,0 days 01:04:30.878000,,,207.0,,,,False,MEDIUM,11.0,False,McLaren,0 days 01:03:58.695000,,125,,False,,False,False
2023-05,FP2,0 days 01:13:33.664000,NOR,4,,21.0,6.0,0 days 01:11:49.920000,,,0 days 00:00:36.396000,0 days 00:00:28.224000,,0 days 01:13:05.544000,0 days 01:13:33.669000,205.0,183.0,274.0,278.0,False,SOFT,10.0,False,McLaren,0 days 01:11:49.920000,,1,,False,,False,False
2023-05,FP2,0 days 01:15:09.481000,NOR,4,0 days 00:01:35.817000,22.0,6.0,,,0 days 00:00:33.849000,0 days 00:00:35.471000,0 days 00:00:26.497000,0 days 01:14:07.513000,0 days 01:14:42.984000,0 days 01:15:09.481000,208.0,180.0,272.0,304.0,False,SOFT,11.0,False,McLaren,0 days 01:13:33.664000,,1,,False,,False,True
2023-05,FP2,0 days 01:17:04.542000,NOR,4,0 days 00:01:55.061000,23.0,6.0,,,0 days 00:00:36.392000,0 days 00:00:39.476000,0 days 00:00:39.193000,0 days 01:15:45.873000,0 days 01:16:25.349000,0 days 01:17:04.542000,200.0,175.0,73.0,169.0,False,SOFT,12.0,False,McLaren,0 days 01:15:09.481000,,1,,False,,False,True
2023-05,FP2,0 days 01:19:54.415000,NOR,4,,24.0,6.0,,0 days 01:19:07.728000,0 days 00:01:00.154000,0 days 00:00:36.054000,0 days 00:01:13.639000,0 days 01:18:04.760000,0 days 01:18:40.790000,0 days 01:19:54.415000,203.0,182.0,,267.0,False,SOFT,13.0,False,McLaren,0 days 01:17:04.542000,,1,,False,,False,False
2023-05,FP2,0 days 00:18:14.060000,HAM,44,,1.0,1.0,0 days 00:16:25.583000,,,0 days 00:00:41.014000,0 days 00:00:27.903000,,0 days 00:17:46.269000,0 days 00:18:14.128000,197.0,181.0,270.0,251.0,False,MEDIUM,1.0,False,Mercedes,0 days 00:16:25.583000,,1,,False,,False,False
2023-05,FP2,0 days 00:20:08.479000,HAM,44,0 days 00:01:54.419000,2.0,1.0,,,0 days 00:00:44.775000,0 days 00:00:41.725000,0 days 00:00:27.919000,0 days 00:18:58.835000,0 days 00:19:40.560000,0 days 00:20:08.479000,160.0,161.0,279.0,261.0,True,MEDIUM,2.0,False,Mercedes,0 days 00:18:14.060000,,1,,False,,False,True
2023-05,FP2,0 days 00:22:03.549000,HAM,44,0 days 00:01:55.070000,3.0,1.0,,,0 days 00:00:35.978000,0 days 00:00:40.418000,0 days 00:00:38.674000,0 days 00:20:44.457000,0 days 00:21:24.875000,0 days 00:22:03.549000,169.0,181.0,281.0,65.0,False,MEDIUM,3.0,False,Mercedes,0 days 00:20:08.479000,,12,,False,,False,True
2023-05,FP2,0 days 00:23:34.797000,HAM,44,0 days 00:01:31.248000,4.0,1.0,,,0 days 00:00:30.824000,0 days 00:00:35.107000,0 days 00:00:25.317000,0 days 00:22:34.373000,0 days 00:23:09.480000,0 days 00:23:34.797000,217.0,187.0,281.0,337.0,True,MEDIUM,4.0,False,Mercedes,0 days 00:22:03.549000,,21,,False,,False,True
2023-05,FP2,0 days 00:26:11.314000,HAM,44,,5.0,1.0,,,0 days 00:01:00.617000,0 days 00:00:54.631000,0 days 00:00:41.300000,0 days 00:24:35.577000,0 days 00:25:30.248000,0 days 00:26:11.404000,139.0,163.0,280.0,77.0,False,MEDIUM,5.0,False,Mercedes,0 days 00:23:34.797000,,1,,False,,False,False
2023-05,FP2,0 days 00:28:06.230000,HAM,44,0 days 00:01:54.916000,6.0,1.0,,,0 days 00:00:31.178000,0 days 00:00:55.956000,0 days 00:00:27.782000,0 days 00:26:42.492000,0 days 00:27:38.448000,0 days 00:28:06.230000,207.0,174.0,278.0,274.0,False,MEDIUM,6.0,False,Mercedes,0 days 00:26:11.314000,,1,,False,,False,True
2023-05,FP2,0 days 00:29:36.371000,HAM,44,0 days 00:01:30.141000,7.0,1.0,,,0 days 00:00:30.380000,0 days 00:00:34.459000,0 days 00:00:25.302000,0 days 00:28:36.610000,0 days 00:29:11.069000,0 days 00:29:36.371000,218.0,189.0,281.0,335.0,True,MEDIUM,7.0,False,Mercedes,0 days 00:28:06.230000,,1,,False,,False,True
2023-05,FP2,0 days 00:31:58.244000,HAM,44,0 days 00:02:21.873000,8.0,1.0,,,0 days 00:00:51.540000,0 days 00:00:59.770000,0 days 00:00:30.563000,0 days 00:30:27.911000,0 days 00:31:27.681000,0 days 00:31:58.244000,101.0,146.0,278.0,225.0,False,MEDIUM,8.0,False,Mercedes,0 days 00:29:36.371000,,1,,False,,False,True
2023-05,FP2,0 days 00:33:36.623000,HAM,44,0 days 00:01:38.379000,9.0,1.0,,0 days 00:33:31.118000,0 days 00:00:31.454000,0 days 00:00:35.439000,0 days 00:00:31.486000,0 days 00:32:29.698000,0 days 00:33:05.137000,0 days 00:33:36.623000,215.0,183.0,,320.0,False,MEDIUM,9.0,False,Mercedes,0 days 00:31:58.244000,,1,,False,,False,False
2023-05,FP2,0 days 00:45:52.328000,HAM,44,,10.0,2.0,0 days 00:44:12.095000,,,0 days 00:00:38.488000,0 days 00:00:26.921000,,0 days 00:45:25.625000,0 days 00:45:52.406000,202.0,181.0,279.0,298.0,False,SOFT,1.0,True,Mercedes,0 days 00:33:36.623000,,1,,False,,False,False
2023-05,FP2,0 days 00:47:21.249000,HAM,44,0 days 00:01:28.921000,11.0,2.0,,,0 days 00:00:30.100000,0 days 00:00:33.678000,0 days 00:00:25.143000,0 days 00:46:22.428000,0 days 00:46:56.106000,0 days 00:47:21.249000,221.0,191.0,282.0,335.0,True,SOFT,2.0,True,Mercedes,0 days 00:45:52.328000,,1,,False,,False,True
2023-05,FP2,0 days 00:50:06.269000,HAM,44,,12.0,2.0,,,0 days 00:01:03.890000,0 days 00:01:07.272000,0 days 00:00:33.870000,0 days 00:48:25.389000,0 days 00:49:32.607000,0 days 00:50:06.404000,63.0,133.0,280.0,250.0,False,SOFT,3.0,True,Mercedes,0 days 00:47:21.249000,,12,,False,,False,False
2023-05,FP2,0 days 00:52:14.449000,HAM,44,0 days 00:02:08.180000,13.0,2.0,,,0 days 00:00:34.766000,0 days 00:00:55.870000,0 days 00:00:37.544000,0 days 00:50:41.035000,0 days 00:51:36.905000,0 days 00:52:14.449000,89.0,105.0,279.0,208.0,False,SOFT,4.0,True,Mercedes,0 days 00:50:06.269000,,1,,False,,False,True
2023-05,FP2,0 days 00:53:43.307000,HAM,44,0 days 00:01:28.858000,14.0,2.0,,,0 days 00:00:29.855000,0 days 00:00:33.828000,0 days 00:00:25.175000,0 days 00:52:44.304000,0 days 00:53:18.132000,0 days 00:53:43.307000,221.0,191.0,280.0,332.0,True,SOFT,5.0,True,Mercedes,0 days 00:52:14.449000,,1,,False,,False,True
2023-05,FP2,0 days 00:55:22.119000,HAM,44,0 days 00:01:38.812000,15.0,2.0,,0 days 00:55:16.603000,0 days 00:00:32.067000,0 days 00:00:35.610000,0 days 00:00:31.135000,0 days 00:54:15.374000,0 days 00:54:50.984000,0 days 00:55:22.119000,204.0,184.0,,316.0,False,SOFT,6.0,True,Mercedes,0 days 00:53:43.307000,,1,,False,,False,False
2023-05,FP2,0 days 01:02:50.817000,HAM,44,,16.0,3.0,0 days 01:01:10.802000,,,0 days 00:00:36.201000,0 days 00:00:32.022000,,0 days 01:02:18.848000,0 days 01:02:50.817000,210.0,184.0,271.0,184.0,False,MEDIUM,10.0,False,Mercedes,0 days 00:55:22.119000,,12,,False,,False,False
2023-05,FP2,0 days 01:04:37.232000,HAM,44,0 days 00:01:46.415000,17.0,3.0,,,0 days 00:00:32.183000,0 days 00:00:45.647000,0 days 00:00:28.585000,0 days 01:03:23,0 days 01:04:08.647000,0 days 01:04:37.232000,211.0,116.0,271.0,217.0,False,MEDIUM,11.0,False,Mercedes,0 days 01:02:50.817000,,12,,False,,False,True
2023-05,FP2,0 days 01:11:15.530000,HAM,44,,18.0,3.0,,0 days 01:06:38.189000,,,,,,,,,,,False,MEDIUM,12.0,False,Mercedes,0 days 01:04:37.232000,,251,,False,,False,False
2023-05,FP2,0 days 01:13:05.856000,HAM,44,,19.0,4.0,0 days 01:11:15.530000,,,0 days 00:00:37.376000,0 days 00:00:32.669000,,0 days 01:12:33.388000,0 days 01:13:05.888000,211.0,184.0,270.0,149.0,False,MEDIUM,13.0,False,Mercedes,0 days 01:11:15.530000,,1,,False,,False,False
2023-05,FP2,0 days 01:14:38.509000,HAM,44,0 days 00:01:32.653000,20.0,4.0,,,0 days 00:00:31.516000,0 days 00:00:35.051000,0 days 00:00:26.086000,0 days 01:13:37.372000,0 days 01:14:12.423000,0 days 01:14:38.509000,209.0,185.0,271.0,314.0,False,MEDIUM,14.0,False,Mercedes,0 days 01:13:05.856000,,1,,False,,False,True
2023-05,FP2,0 days 01:16:11.306000,HAM,44,0 days 00:01:32.797000,21.0,4.0,,,0 days 00:00:31.517000,0 days 00:00:35.200000,0 days 00:00:26.080000,0 days 01:15:10.026000,0 days 01:15:45.226000,0 days 01:16:11.306000,211.0,185.0,271.0,315.0,False,MEDIUM,15.0,False,Mercedes,0 days 01:14:38.509000,,1,,False,,False,True
2023-05,FP2,0 days 01:18:16.828000,HAM,44,0 days 00:02:05.522000,22.0,4.0,,,0 days 00:00:34.894000,0 days 00:00:44.275000,0 days 00:00:46.353000,0 days 01:16:46.200000,0 days 01:17:30.475000,0 days 01:18:16.828000,176.0,147.0,44.0,208.0,False,MEDIUM,16.0,False,Mercedes,0 days 01:16:11.306000,,1,,False,,False,True
2023-05,FP2,0 days 01:20:38.320000,HAM,44,0 days 00:02:21.492000,23.0,4.0,,0 days 01:20:32.742000,0 days 00:01:07.324000,0 days 00:00:39.845000,0 days 00:00:34.323000,0 days 01:19:24.152000,0 days 01:20:03.997000,0 days 01:20:38.320000,185.0,176.0,,255.0,False,MEDIUM,17.0,False,Mercedes,0 days 01:18:16.828000,,1,,False,,False,False
2023-05,FP2,0 days 00:17:30.919000,SAI,55,,1.0,1.0,0 days 00:15:38.130000,,,0 days 00:00:41.787000,0 days 00:00:29.639000,,0 days 00:17:01.457000,0 days 00:17:31.066000,186.0,102.0,276.0,293.0,False,MEDIUM,1.0,True,Ferrari,0 days 00:15:38.130000,,1,,False,,False,False
2023-05,FP2,0 days 00:19:02.706000,SAI,55,0 days 00:01:31.787000,2.0,1.0,,,0 days 00:00:31.182000,0 days 00:00:35.006000,0 days 00:00:25.599000,0 days 00:18:02.101000,0 days 00:18:37.107000,0 days 00:19:02.706000,211.0,189.0,276.0,328.0,True,MEDIUM,2.0,True,Ferrari,0 days 00:17:30.919000,,1,,False,,False,True
2023-05,FP2,0 days 00:21:29.031000,SAI,55,0 days 00:02:26.325000,3.0,1.0,,,0 days 00:00:52.529000,0 days 00:00:57.840000,0 days 00:00:35.956000,0 days 00:19:55.235000,0 days 00:20:53.075000,0 days 00:21:29.031000,161.0,129.0,279.0,198.0,False,MEDIUM,3.0,True,Ferrari,0 days 00:19:02.706000,,1,,False,,False,True
2023-05,FP2,0 days 00:22:59.159000,SAI,55,0 days 00:01:30.128000,4.0,1.0,,,0 days 00:00:30.562000,0 days 00:00:34.319000,0 days 00:00:25.247000,0 days 00:21:59.593000,0 days 00:22:33.912000,0 days 00:22:59.159000,219.0,192.0,281.0,332.0,True,MEDIUM,4.0,True,Ferrari,0 days 00:21:29.031000,,12,,False,,False,True
2023-05,FP2,0 days 00:25:31.477000,SAI,55,,5.0,1.0,,,0 days 00:00:49.081000,0 days 00:00:57.236000,0 days 00:00:45.997000,0 days 00:23:48.453000,0 days 00:24:45.686000,0 days 00:25:31.592000,114.0,101.0,274.0,113.0,False,MEDIUM,5.0,True,Ferrari,0 days 00:22:59.159000,,1,,False,,False,False
2023-05,FP2,0 days 00:27:01.674000,SAI,55,0 days 00:01:30.197000,6.0,1.0,,,0 days 00:00:30.502000,0 days 00:00:34.318000,0 days 00:00:25.377000,0 days 00:26:01.979000,0 days 00:26:36.297000,0 days 00:27:01.674000,220.0,189.0,277.0,327.0,False,MEDIUM,6.0,True,Ferrari,0 days 00:25:31.477000,,1,,False,,False,True
2023-05,FP2,0 days 00:29:19.499000,SAI,55,0 days 00:02:17.825000,7.0,1.0,,,0 days 00:00:49.497000,0 days 00:00:53.734000,0 days 00:00:34.594000,0 days 00:27:51.171000,0 days 00:28:44.905000,0 days 00:29:19.499000,104.0,102.0,274.0,178.0,False,MEDIUM,7.0,True,Ferrari,0 days 00:27:01.674000,,1,,False,,False,True
2023-05,FP2,0 days 00:30:49.135000,SAI,55,0 days 00:01:29.636000,8.0,1.0,,,0 days 00:00:30.322000,0 days 00:00:33.923000,0 days 00:00:25.391000,0 days 00:29:49.821000,0 days 00:30:23.744000,0 days 00:30:49.135000,218.0,188.0,279.0,329.0,True,MEDIUM,8.0,True,Ferrari,0 days 00:29:19.499000,,1,,False,,False,True
2023-05,FP2,0 days 00:32:34.135000,SAI,55,0 days 00:01:45,9.0,1.0,,0 days 00:32:28.603000,0 days 00:00:34.054000,0 days 00:00:37.570000,0 days 00:00:33.376000,0 days 00:31:23.189000,0 days 00:32:00.759000,0 days 00:32:34.135000,198.0,171.0,,252.0,False,MEDIUM,9.0,True,Ferrari,0 days 00:30:49.135000,,1,,False,,False,False
2023-05,FP2,0 days 00:38:25.594000,SAI,55,,10.0,2.0,0 days 00:36:34.975000,,,0 days 00:00:40.395000,0 days 00:00:31.267000,,0 days 00:37:54.474000,0 days 00:38:25.677000,196.0,142.0,279.0,147.0,False,SOFT,1.0,True,Ferrari,0 days 00:32:34.135000,,1,,False,,False,False
2023-05,FP2,0 days 00:39:54.426000,SAI,55,0 days 00:01:28.832000,11.0,2.0,,,0 days 00:00:29.999000,0 days 00:00:33.744000,0 days 00:00:25.089000,0 days 00:38:55.593000,0 days 00:39:29.337000,0 days 00:39:54.426000,220.0,193.0,281.0,331.0,True,SOFT,2.0,True,Ferrari,0 days 00:38:25.594000,,1,,False,,False,True
2023-05,FP2,0 days 00:42:26.373000,SAI,55,,12.0,2.0,,0 days 00:42:20.549000,0 days 00:00:47.771000,0 days 00:00:57.351000,0 days 00:00:46.820000,0 days 00:40:42.394000,0 days 00:41:39.831000,0 days 00:42:26.393000,130.0,66.0,,180.0,False,SOFT,3.0,True,Ferrari,0 days 00:39:54.426000,,1,,False,,False,False
2023-05,FP2,0 days 00:44:52.107000,SAI,55,0 days 00:02:25.734000,13.0,3.0,0 days 00:42:55.971000,,0 days 00:01:07.487000,0 days 00:00:47.576000,0 days 00:00:30.671000,0 days 00:43:33.860000,0 days 00:44:21.436000,0 days 00:44:52.107000,168.0,146.0,278.0,239.0,False,SOFT,4.0,False,Ferrari,0 days 00:42:26.373000,,1,,False,,False,False
2023-05,FP2,0 days 00:46:20.422000,SAI,55,0 days 00:01:28.315000,14.0,3.0,,,0 days 00:00:29.736000,0 days 00:00:33.520000,0 days 00:00:25.059000,0 days 00:45:21.843000,0 days 00:45:55.363000,0 days 00:46:20.422000,222.0,193.0,281.0,329.0,True,SOFT,5.0,False,Ferrari,0 days 00:44:52.107000,,1,,False,,False,True
2023-05,FP2,0 days 00:48:13.445000,SAI,55,0 days 00:01:53.023000,15.0,3.0,,0 days 00:48:07.952000,0 days 00:00:37.447000,0 days 00:00:40.401000,0 days 00:00:35.175000,0 days 00:46:57.869000,0 days 00:47:38.270000,0 days 00:48:13.445000,193.0,160.0,,234.0,False,SOFT,6.0,False,Ferrari,0 days 00:46:20.422000,,12,,False,,False,False
2023-05,FP2,0 days 00:56:40.668000,SAI,55,,16.0,4.0,0 days 00:55:02.275000,,,0 days 00:00:37.464000,0 days 00:00:27.553000,,0 days 00:56:13.212000,0 days 00:56:40.712000,187.0,176.0,263.0,295.0,False,SOFT,7.0,False,Ferrari,0 days 00:48:13.445000,,1,,False,,False,False
2023-05,FP2,0 days 00:58:13.935000,SAI,55,0 days 00:01:33.267000,17.0,4.0,,,0 days 00:00:31.749000,0 days 00:00:35.160000,0 days 00:00:26.358000,0 days 00:57:12.417000,0 days 00:57:47.577000,0 days 00:58:13.935000,210.0,184.0,266.0,304.0,False,SOFT,8.0,False,Ferrari,0 days 00:56:40.668000,,1,,False,,False,True
2023-05,FP2,0 days 00:59:46.959000,SAI,55,0 days 00:01:33.024000,18.0,4.0,,,0 days 00:00:31.566000,0 days 00:00:35.038000,0 days 00:00:26.420000,0 days 00:58:45.501000,0 days 00:59:20.539000,0 days 00:59:46.959000,211.0,184.0,265.0,300.0,False,SOFT,9.0,False,Ferrari,0 days 00:58:13.935000,,1,,False,,False,True
2023-05,FP2,0 days 01:01:24.671000,SAI,55,0 days 00:01:37.712000,19.0,4.0,,,0 days 00:00:31.869000,0 days 00:00:35.191000,0 days 00:00:30.652000,0 days 01:00:18.828000,0 days 01:00:54.019000,0 days 01:01:24.671000,209.0,182.0,266.0,306.0,False,SOFT,10.0,False,Ferrari,0 days 00:59:46.959000,,1,,False,,False,True
2023-05,FP2,0 days 01:02:57.839000,SAI,55,0 days 00:01:33.168000,20.0,4.0,,,0 days 00:00:31.696000,0 days 00:00:35.173000,0 days 00:00:26.299000,0 days 01:01:56.367000,0 days 01:02:31.540000,0 days 01:02:57.839000,210.0,183.0,267.0,305.0,False,SOFT,11.0,False,Ferrari,0 days 01:01:24.671000,,12,,False,,False,True
2023-05,FP2,0 days 01:04:31.336000,SAI,55,0 days 00:01:33.497000,21.0,4.0,,,0 days 00:00:31.848000,0 days 00:00:35.317000,0 days 00:00:26.332000,0 days 01:03:29.687000,0 days 01:04:05.004000,0 days 01:04:31.336000,210.0,183.0,268.0,305.0,False,SOFT,12.0,False,Ferrari,0 days 01:02:57.839000,,1,,False,,False,True
2023-05,FP2,0 days 01:11:47.702000,SAI,55,,22.0,4.0,,0 days 01:06:34.033000,,,,,,,,,,,False,SOFT,13.0,False,Ferrari,0 days 01:04:31.336000,,125,,False,,False,False
2023-05,FP2,0 days 01:13:33.549000,SAI,55,,23.0,5.0,0 days 01:11:47.702000,,,0 days 00:00:36.142000,0 days 00:00:30.723000,,0 days 01:13:02.966000,0 days 01:13:33.591000,208.0,180.0,276.0,245.0,False,MEDIUM,10.0,False,Ferrari,0 days 01:11:47.702000,,1,,False,,False,False
2023-05,FP2,0 days 01:15:07.186000,SAI,55,0 days 00:01:33.637000,24.0,5.0,,,0 days 00:00:32.514000,0 days 00:00:35.083000,0 days 00:00:26.040000,0 days 01:14:06.063000,0 days 01:14:41.146000,0 days 01:15:07.186000,214.0,185.0,276.0,334.0,False,MEDIUM,11.0,False,Ferrari,0 days 01:13:33.549000,,1,,False,,False,True
2023-05,FP2,0 days 01:16:51.526000,SAI,55,0 days 00:01:44.340000,25.0,5.0,,,0 days 00:00:35.981000,0 days 00:00:35.116000,0 days 00:00:33.243000,0 days 01:15:43.167000,0 days 01:16:18.283000,0 days 01:16:51.526000,207.0,186.0,65.0,306.0,False,MEDIUM,12.0,False,Ferrari,0 days 01:15:07.186000,,1,,False,,False,True
2023-05,FP2,0 days 01:18:56.806000,SAI,55,0 days 00:02:05.280000,26.0,5.0,,0 days 01:18:51.197000,0 days 00:00:59.561000,0 days 00:00:34.912000,0 days 00:00:30.807000,0 days 01:17:51.087000,0 days 01:18:25.999000,0 days 01:18:56.806000,214.0,185.0,,301.0,False,MEDIUM,13.0,False,Ferrari,0 days 01:16:51.526000,,1,,False,,False,False
2023-05,FP2,0 days 00:21:52.138000,RUS,63,,1.0,1.0,0 days 00:20:01.565000,,,0 days 00:00:38.095000,0 days 00:00:39.226000,,0 days 00:21:13.080000,0 days 00:21:52.220000,201.0,175.0,276.0,91.0,False,MEDIUM,1.0,True,Mercedes,0 days 00:20:01.565000,,1,,False,,False,False
2023-05,FP2,0 days 00:23:43.467000,RUS,63,0 days 00:01:51.329000,2.0,1.0,,,0 days 00:00:40.272000,0 days 00:00:39.949000,0 days 00:00:31.108000,0 days 00:22:32.410000,0 days 00:23:12.359000,0 days 00:23:43.467000,159.0,172.0,277.0,300.0,True,MEDIUM,2.0,True,Mercedes,0 days 00:21:52.138000,,12,,False,,False,True
2023-05,FP2,0 days 00:25:14.109000,RUS,63,0 days 00:01:30.642000,3.0,1.0,,,0 days 00:00:30.449000,0 days 00:00:34.348000,0 days 00:00:25.845000,0 days 00:24:13.916000,0 days 00:24:48.264000,0 days 00:25:14.109000,220.0,189.0,277.0,329.0,True,MEDIUM,3.0,True,Mercedes,0 days 00:23:43.467000,,1,,False,,False,True
2023-05,FP2,0 days 00:27:13.808000,RUS,63,0 days 00:01:59.699000,4.0,1.0,,,0 days 00:00:41.678000,0 days 00:00:45.999000,0 days 00:00:32.022000,0 days 00:25:55.787000,0 days 00:26:41.786000,0 days 00:27:13.808000,155.0,147.0,279.0,124.0,False,MEDIUM,4.0,True,Mercedes,0 days 00:25:14.109000,,1,,False,,False,True
2023-05,FP2,0 days 00:28:43.876000,RUS,63,0 days 00:01:30.068000,5.0,1.0,,,0 days 00:00:30.343000,0 days 00:00:34.204000,0 days 00:00:25.521000,0 days 00:27:44.151000,0 days 00:28:18.355000,0 days 00:28:43.876000,219.0,189.0,278.0,331.0,True,MEDIUM,5.0,True,Mercedes,0 days 00:27:13.808000,,1,,False,,False,True
2023-05,FP2,0 days 00:30:47.966000,RUS,63,0 days 00:02:04.090000,6.0,1.0,,,0 days 00:00:48.466000,0 days 00:00:48.070000,0 days 00:00:27.554000,0 days 00:29:32.342000,0 days 00:30:20.412000,0 days 00:30:47.966000,131.0,137.0,277.0,309.0,False,MEDIUM,6.0,True,Mercedes,0 days 00:28:43.876000,,1,,False,,False,True
2023-05,FP2,0 days 00:32:28.679000,RUS,63,0 days 00:01:40.713000,7.0,1.0,,0 days 00:32:23.119000,0 days 00:00:32.013000,0 days 00:00:35.254000,0 days 00:00:33.446000,0 days 00:31:19.979000,0 days 00:31:55.233000,0 days 00:32:28.679000,177.0,175.0,,230.0,False,MEDIUM,7.0,True,Mercedes,0 days 00:30:47.966000,,1,,False,,False,False
2023-05,FP2,0 days 00:43:20.540000,RUS,63,,8.0,2.0,0 days 00:41:39.128000,,,0 days 00:00:40.784000,0 days 00:00:27.669000,,0 days 00:42:53.065000,0 days 00:43:20.674000,204.0,172.0,281.0,276.0,False,SOFT,1.0,True,Mercedes,0 days 00:32:28.679000,,1,,False,,False,False
2023-05,FP2,0 days 00:44:59.424000,RUS,63,0 days 00:01:38.884000,9.0,2.0,,,0 days 00:00:31.948000,0 days 00:00:40.165000,0 days 00:00:26.771000,0 days 00:43:52.488000,0 days 00:44:32.653000,0 days 00:44:59.424000,155.0,167.0,279.0,312.0,False,SOFT,2.0,True,Mercedes,0 days 00:43:20.540000,,1,,False,,False,True
2023-05,FP2,0 days 00:46:28.925000,RUS,63,0 days 00:01:29.501000,10.0,2.0,,,0 days 00:00:30.254000,0 days 00:00:33.898000,0 days 00:00:25.349000,0 days 00:45:29.678000,0 days 00:46:03.576000,0 days 00:46:28.925000,219.0,191.0,279.0,333.0,True,SOFT,3.0,True,Mercedes,0 days 00:44:59.424000,,1,,False,,False,True
2023-05,FP2,0 days 00:48:44.607000,RUS,63,0 days 00:02:15.682000,11.0,2.0,,,0 days 00:00:46.892000,0 days 00:00:50.486000,0 days 00:00:38.304000,0 days 00:47:15.817000,0 days 00:48:06.303000,0 days 00:48:44.607000,142.0,122.0,182.0,217.0,False,SOFT,4.0,True,Mercedes,0 days 00:46:28.925000,,12,,False,,False,True
2023-05,FP2,0 days 00:51:01.373000,RUS,63,0 days 00:02:16.766000,12.0,2.0,,,0 days 00:00:48.423000,0 days 00:00:53.986000,0 days 00:00:34.357000,0 days 00:49:33.030000,0 days 00:50:27.016000,0 days 00:51:01.373000,135.0,112.0,279.0,254.0,False,SOFT,5.0,True,Mercedes,0 days 00:48:44.607000,,1,,False,,False,True
2023-05,FP2,0 days 00:52:30.589000,RUS,63,0 days 00:01:29.216000,13.0,2.0,,,0 days 00:00:29.868000,0 days 00:00:33.639000,0 days 00:00:25.709000,0 days 00:51:31.241000,0 days 00:52:04.880000,0 days 00:52:30.589000,221.0,192.0,278.0,332.0,True,SOFT,6.0,True,Mercedes,0 days 00:51:01.373000,,1,,False,,False,True
2023-05,FP2,0 days 00:54:25.134000,RUS,63,0 days 00:01:54.545000,14.0,2.0,,0 days 00:54:19.682000,0 days 00:00:35.903000,0 days 00:00:41.838000,0 days 00:00:36.804000,0 days 00:53:06.492000,0 days 00:53:48.330000,0 days 00:54:25.134000,177.0,156.0,,209.0,False,SOFT,7.0,True,Mercedes,0 days 00:52:30.589000,,1,,False,,False,False
2023-05,FP2,0 days 01:02:42.860000,RUS,63,,15.0,3.0,0 days 01:00:52.959000,,,0 days 00:00:44.762000,0 days 00:00:32.142000,,0 days 01:02:10.802000,0 days 01:02:42.895000,204.0,174.0,257.0,227.0,False,MEDIUM,8.0,False,Mercedes,0 days 00:54:25.134000,,12,,False,,False,False
2023-05,FP2,0 days 01:04:16.597000,RUS,63,0 days 00:01:33.737000,16.0,3.0,,,0 days 00:00:32.230000,0 days 00:00:35.170000,0 days 00:00:26.337000,0 days 01:03:15.090000,0 days 01:03:50.260000,0 days 01:04:16.597000,209.0,185.0,271.0,317.0,False,MEDIUM,9.0,False,Mercedes,0 days 01:02:42.860000,,1,,False,,False,True
2023-05,FP2,0 days 01:11:32.576000,RUS,63,,17.0,3.0,,0 days 01:06:11.393000,0 days 00:00:32.246000,,,0 days 01:04:48.956000,,,205.0,,,,False,MEDIUM,10.0,False,Mercedes,0 days 01:04:16.597000,,125,,False,,False,False
2023-05,FP2,0 days 01:13:28.692000,RUS,63,,18.0,4.0,0 days 01:11:32.576000,,,0 days 00:00:38.295000,0 days 00:00:34.032000,,0 days 01:12:54.716000,0 days 01:13:28.700000,208.0,170.0,268.0,128.0,False,MEDIUM,11.0,False,Mercedes,0 days 01:11:32.576000,,1,,False,,False,False
2023-05,FP2,0 days 01:15:01.855000,RUS,63,0 days 00:01:33.163000,19.0,4.0,,,0 days 00:00:31.862000,0 days 00:00:35.138000,0 days 00:00:26.163000,0 days 01:14:00.554000,0 days 01:14:35.692000,0 days 01:15:01.855000,212.0,184.0,272.0,316.0,False,MEDIUM,12.0,False,Mercedes,0 days 01:13:28.692000,,1,,False,,False,True
2023-05,FP2,0 days 01:17:04.453000,RUS,63,0 days 00:02:02.598000,20.0,4.0,,,0 days 00:00:31.676000,0 days 00:00:42.465000,0 days 00:00:48.457000,0 days 01:15:33.531000,0 days 01:16:15.996000,0 days 01:17:04.453000,187.0,139.0,50.0,189.0,False,MEDIUM,13.0,False,Mercedes,0 days 01:15:01.855000,,1,,False,,False,True
2023-05,FP2,0 days 01:19:16.665000,RUS,63,0 days 00:02:12.212000,21.0,4.0,,0 days 01:19:11.056000,0 days 00:01:00.548000,0 days 00:00:36.705000,0 days 00:00:34.959000,0 days 01:18:05.001000,0 days 01:18:41.706000,0 days 01:19:16.665000,200.0,172.0,,172.0,False,MEDIUM,14.0,False,Mercedes,0 days 01:17:04.453000,,1,,False,,False,False
2023-05,FP2,0 days 00:16:38.117000,BOT,77,,1.0,1.0,0 days 00:15:00.428000,,,0 days 00:00:37.283000,0 days 00:00:27.303000,,0 days 00:16:10.942000,0 days 00:16:38.208000,209.0,180.0,273.0,300.0,False,MEDIUM,1.0,False,Alfa Romeo,0 days 00:15:00.428000,,1,,False,,False,False
2023-05,FP2,0 days 00:18:10.472000,BOT,77,0 days 00:01:32.355000,2.0,1.0,,,0 days 00:00:31.375000,0 days 00:00:35.100000,0 days 00:00:25.880000,0 days 00:17:09.492000,0 days 00:17:44.592000,0 days 00:18:10.472000,216.0,184.0,276.0,326.0,True,MEDIUM,2.0,False,Alfa Romeo,0 days 00:16:38.117000,,1,,False,,False,True
2023-05,FP2,0 days 00:19:58.709000,BOT,77,0 days 00:01:48.237000,3.0,1.0,,,0 days 00:00:40.458000,0 days 00:00:39.820000,0 days 00:00:27.959000,0 days 00:18:50.930000,0 days 00:19:30.750000,0 days 00:19:58.709000,190.0,157.0,274.0,300.0,False,MEDIUM,3.0,False,Alfa Romeo,0 days 00:18:10.472000,,1,,False,,False,True
2023-05,FP2,0 days 00:21:30.408000,BOT,77,0 days 00:01:31.699000,4.0,1.0,,,0 days 00:00:30.811000,0 days 00:00:34.986000,0 days 00:00:25.902000,0 days 00:20:29.520000,0 days 00:21:04.506000,0 days 00:21:30.408000,215.0,186.0,276.0,327.0,True,MEDIUM,4.0,False,Alfa Romeo,0 days 00:19:58.709000,,1,,False,,False,True
2023-05,FP2,0 days 00:23:28.439000,BOT,77,0 days 00:01:58.031000,5.0,1.0,,,0 days 00:00:36.046000,0 days 00:00:46.416000,0 days 00:00:35.569000,0 days 00:22:06.454000,0 days 00:22:52.870000,0 days 00:23:28.439000,197.0,137.0,276.0,213.0,False,MEDIUM,5.0,False,Alfa Romeo,0 days 00:21:30.408000,,12,,False,,False,True
2023-05,FP2,0 days 00:25:00.128000,BOT,77,0 days 00:01:31.689000,6.0,1.0,,,0 days 00:00:31.050000,0 days 00:00:34.771000,0 days 00:00:25.868000,0 days 00:23:59.489000,0 days 00:24:34.260000,0 days 00:25:00.128000,214.0,190.0,268.0,325.0,True,MEDIUM,6.0,False,Alfa Romeo,0 days 00:23:28.439000,,1,,False,,False,True
2023-05,FP2,0 days 00:26:52.404000,BOT,77,0 days 00:01:52.276000,7.0,1.0,,0 days 00:26:46.904000,0 days 00:00:34.940000,0 days 00:00:42.795000,0 days 00:00:34.541000,0 days 00:25:35.068000,0 days 00:26:17.863000,0 days 00:26:52.404000,198.0,166.0,,246.0,False,MEDIUM,7.0,False,Alfa Romeo,0 days 00:25:00.128000,,1,,False,,False,False
2023-05,FP2,0 days 00:29:02.128000,BOT,77,0 days 00:02:09.724000,8.0,2.0,0 days 00:27:10.716000,0 days 00:28:56.637000,0 days 00:00:58.813000,0 days 00:00:38.024000,0 days 00:00:32.887000,0 days 00:27:51.217000,0 days 00:28:29.241000,0 days 00:29:02.128000,182.0,170.0,,281.0,False,MEDIUM,1.0,True,Alfa Romeo,0 days 00:26:52.404000,,1,,False,,False,False
2023-05,FP2,0 days 00:38:29.652000,BOT,77,,9.0,3.0,0 days 00:36:39.553000,,,0 days 00:00:40.738000,0 days 00:00:34.411000,,0 days 00:37:55.412000,0 days 00:38:29.724000,203.0,153.0,278.0,86.0,False,SOFT,1.0,True,Alfa Romeo,0 days 00:29:02.128000,,1,,False,,False,False
2023-05,FP2,0 days 00:39:59.439000,BOT,77,0 days 00:01:29.787000,10.0,3.0,,,0 days 00:00:30.310000,0 days 00:00:34.204000,0 days 00:00:25.273000,0 days 00:38:59.962000,0 days 00:39:34.166000,0 days 00:39:59.439000,220.0,192.0,273.0,331.0,True,SOFT,2.0,True,Alfa Romeo,0 days 00:38:29.652000,,1,,False,,False,True
2023-05,FP2,0 days 00:42:24,BOT,77,0 days 00:02:24.561000,11.0,3.0,,,0 days 00:00:44.594000,0 days 00:00:56.254000,0 days 00:00:43.713000,0 days 00:40:44.033000,0 days 00:41:40.287000,0 days 00:42:24,149.0,78.0,278.0,73.0,False,SOFT,3.0,True,Alfa Romeo,0 days 00:39:59.439000,,1,,False,,False,True
2023-05,FP2,0 days 00:43:53.189000,BOT,77,0 days 00:01:29.189000,12.0,3.0,,,0 days 00:00:30.196000,0 days 00:00:33.740000,0 days 00:00:25.253000,0 days 00:42:54.196000,0 days 00:43:27.936000,0 days 00:43:53.189000,219.0,192.0,272.0,329.0,True,SOFT,4.0,True,Alfa Romeo,0 days 00:42:24,,1,,False,,False,True
2023-05,FP2,0 days 00:46:07.719000,BOT,77,0 days 00:02:14.530000,13.0,3.0,,,0 days 00:00:40.641000,0 days 00:00:49.814000,0 days 00:00:44.075000,0 days 00:44:33.830000,0 days 00:45:23.644000,0 days 00:46:07.719000,146.0,95.0,239.0,71.0,False,SOFT,5.0,True,Alfa Romeo,0 days 00:43:53.189000,,1,,False,,False,True
2023-05,FP2,0 days 00:48:06.546000,BOT,77,0 days 00:01:58.827000,14.0,3.0,,,0 days 00:00:43.625000,0 days 00:00:45.702000,0 days 00:00:29.500000,0 days 00:46:51.344000,0 days 00:47:37.046000,0 days 00:48:06.546000,183.0,141.0,274.0,213.0,False,SOFT,6.0,True,Alfa Romeo,0 days 00:46:07.719000,,12,,False,,False,True
2023-05,FP2,0 days 00:49:36.715000,BOT,77,0 days 00:01:30.169000,15.0,3.0,,,0 days 00:00:30.335000,0 days 00:00:33.686000,0 days 00:00:26.148000,0 days 00:48:36.881000,0 days 00:49:10.567000,0 days 00:49:36.715000,219.0,190.0,269.0,325.0,False,SOFT,7.0,True,Alfa Romeo,0 days 00:48:06.546000,,1,,False,,False,True
2023-05,FP2,0 days 00:51:27.153000,BOT,77,0 days 00:01:50.438000,16.0,3.0,,0 days 00:51:21.653000,0 days 00:00:37.101000,0 days 00:00:41.291000,0 days 00:00:32.046000,0 days 00:50:13.816000,0 days 00:50:55.107000,0 days 00:51:27.153000,187.0,157.0,,293.0,False,SOFT,8.0,True,Alfa Romeo,0 days 00:49:36.715000,,1,,False,,False,False
2023-05,FP2,0 days 00:58:46.292000,BOT,77,,17.0,4.0,0 days 00:57:08.571000,,,0 days 00:00:36.443000,0 days 00:00:27.378000,,0 days 00:58:18.992000,0 days 00:58:46.304000,205.0,177.0,266.0,272.0,False,SOFT,9.0,False,Alfa Romeo,0 days 00:51:27.153000,,1,,False,,False,False
2023-05,FP2,0 days 01:00:24.287000,BOT,77,0 days 00:01:37.995000,18.0,4.0,,0 days 01:00:18.709000,0 days 00:00:31.762000,0 days 00:00:35.204000,0 days 00:00:31.029000,0 days 00:59:18.054000,0 days 00:59:53.258000,0 days 01:00:24.287000,210.0,180.0,,301.0,False,SOFT,10.0,False,Alfa Romeo,0 days 00:58:46.292000,,1,,False,,False,False
2023-05,FP2,0 days 01:02:20.196000,BOT,77,0 days 00:01:55.909000,19.0,5.0,0 days 01:00:45.928000,,0 days 00:00:53.782000,0 days 00:00:35.542000,0 days 00:00:26.585000,0 days 01:01:18.069000,0 days 01:01:53.611000,0 days 01:02:20.196000,212.0,184.0,267.0,297.0,False,MEDIUM,9.0,False,Alfa Romeo,0 days 01:00:24.287000,,12,,False,,False,False
2023-05,FP2,0 days 01:03:54.253000,BOT,77,0 days 00:01:34.057000,20.0,5.0,,,0 days 00:00:31.925000,0 days 00:00:35.545000,0 days 00:00:26.587000,0 days 01:02:52.121000,0 days 01:03:27.666000,0 days 01:03:54.253000,209.0,181.0,268.0,298.0,False,MEDIUM,10.0,False,Alfa Romeo,0 days 01:02:20.196000,,1,,False,,False,True
2023-05,FP2,0 days 01:11:05.296000,BOT,77,,21.0,5.0,,0 days 01:05:47.440000,0 days 00:00:32.435000,,,0 days 01:04:26.800000,,,205.0,,,,False,MEDIUM,11.0,False,Alfa Romeo,0 days 01:03:54.253000,,125,,False,,False,False
2023-05,FP2,0 days 01:12:48.387000,BOT,77,,22.0,6.0,0 days 01:11:05.296000,,,0 days 00:00:36.261000,0 days 00:00:26.658000,,0 days 01:12:21.888000,0 days 01:12:48.419000,207.0,181.0,267.0,304.0,False,MEDIUM,12.0,False,Alfa Romeo,0 days 01:11:05.296000,,1,,False,,False,False
2023-05,FP2,0 days 01:14:22.869000,BOT,77,0 days 00:01:34.482000,23.0,6.0,,,0 days 00:00:32.815000,0 days 00:00:35.373000,0 days 00:00:26.294000,0 days 01:13:21.202000,0 days 01:13:56.575000,0 days 01:14:22.869000,208.0,185.0,271.0,306.0,False,MEDIUM,13.0,False,Alfa Romeo,0 days 01:12:48.387000,,1,,False,,False,True
2023-05,FP2,0 days 01:15:56.579000,BOT,77,0 days 00:01:33.710000,24.0,6.0,,,0 days 00:00:32.214000,0 days 00:00:35.433000,0 days 00:00:26.063000,0 days 01:14:55.083000,0 days 01:15:30.516000,0 days 01:15:56.579000,212.0,186.0,272.0,318.0,False,MEDIUM,14.0,False,Alfa Romeo,0 days 01:14:22.869000,,1,,False,,False,True
2023-05,FP2,0 days 01:17:55.365000,BOT,77,0 days 00:01:58.786000,25.0,6.0,,,0 days 00:00:38.068000,0 days 00:00:41.193000,0 days 00:00:39.525000,0 days 01:16:34.647000,0 days 01:17:15.840000,0 days 01:17:55.365000,171.0,139.0,51.0,242.0,False,MEDIUM,15.0,False,Alfa Romeo,0 days 01:15:56.579000,,1,,False,,False,True
2023-05,FP2,0 days 01:20:07.321000,BOT,77,0 days 00:02:11.956000,26.0,6.0,,0 days 01:20:01.758000,0 days 00:00:57.326000,0 days 00:00:40.766000,0 days 00:00:33.864000,0 days 01:18:52.691000,0 days 01:19:33.457000,0 days 01:20:07.321000,177.0,144.0,,234.0,False,MEDIUM,16.0,False,Alfa Romeo,0 days 01:17:55.365000,,1,,False,,False,False
2023-05,FP2,0 days 00:20:40.620000,PIA,81,,1.0,1.0,0 days 00:18:48.628000,,,0 days 00:00:40.599000,0 days 00:00:31.280000,,0 days 00:20:09.502000,0 days 00:20:40.642000,181.0,147.0,278.0,195.0,False,HARD,1.0,True,McLaren,0 days 00:18:48.628000,,1,,False,,False,False
2023-05,FP2,0 days 00:22:12.515000,PIA,81,0 days 00:01:31.895000,2.0,1.0,,,0 days 00:00:31.281000,0 days 00:00:34.801000,0 days 00:00:25.813000,0 days 00:21:11.901000,0 days 00:21:46.702000,0 days 00:22:12.515000,214.0,186.0,280.0,329.0,True,HARD,2.0,True,McLaren,0 days 00:20:40.620000,,12,,False,,False,True
2023-05,FP2,0 days 00:24:20.480000,PIA,81,0 days 00:02:07.965000,3.0,1.0,,,0 days 00:00:42.589000,0 days 00:00:51.563000,0 days 00:00:33.813000,0 days 00:22:55.104000,0 days 00:23:46.667000,0 days 00:24:20.480000,157.0,88.0,279.0,150.0,False,HARD,3.0,True,McLaren,0 days 00:22:12.515000,,21,,False,,False,True
2023-05,FP2,0 days 00:25:51.311000,PIA,81,0 days 00:01:30.831000,4.0,1.0,,,0 days 00:00:30.599000,0 days 00:00:34.603000,0 days 00:00:25.629000,0 days 00:24:51.079000,0 days 00:25:25.682000,0 days 00:25:51.311000,217.0,187.0,281.0,331.0,True,HARD,4.0,True,McLaren,0 days 00:24:20.480000,,1,,False,,False,True
2023-05,FP2,0 days 00:27:52.229000,PIA,81,0 days 00:02:00.918000,5.0,1.0,,0 days 00:27:46.606000,0 days 00:00:40.705000,0 days 00:00:46.058000,0 days 00:00:34.155000,0 days 00:26:32.016000,0 days 00:27:18.074000,0 days 00:27:52.229000,150.0,128.0,,280.0,False,HARD,5.0,True,McLaren,0 days 00:25:51.311000,,1,,False,,False,False
2023-05,FP2,0 days 00:35:54.401000,PIA,81,,6.0,2.0,0 days 00:34:09.180000,,,0 days 00:00:40.007000,0 days 00:00:29.039000,,0 days 00:35:25.523000,0 days 00:35:54.491000,183.0,141.0,280.0,296.0,False,SOFT,1.0,True,McLaren,0 days 00:27:52.229000,,1,,False,,False,False
2023-05,FP2,0 days 00:37:23.740000,PIA,81,0 days 00:01:29.339000,7.0,2.0,,,0 days 00:00:30.073000,0 days 00:00:33.972000,0 days 00:00:25.294000,0 days 00:36:24.474000,0 days 00:36:58.446000,0 days 00:37:23.740000,217.0,193.0,280.0,331.0,True,SOFT,2.0,True,McLaren,0 days 00:35:54.401000,,1,,False,,False,True
2023-05,FP2,0 days 00:39:23.730000,PIA,81,0 days 00:01:59.990000,8.0,2.0,,,0 days 00:00:41.017000,0 days 00:00:46.245000,0 days 00:00:32.728000,0 days 00:38:04.757000,0 days 00:38:51.002000,0 days 00:39:23.730000,164.0,118.0,281.0,191.0,False,SOFT,3.0,True,McLaren,0 days 00:37:23.740000,,1,,False,,False,True
2023-05,FP2,0 days 00:40:53.292000,PIA,81,0 days 00:01:29.562000,9.0,2.0,,,0 days 00:00:30.118000,0 days 00:00:34.192000,0 days 00:00:25.252000,0 days 00:39:53.848000,0 days 00:40:28.040000,0 days 00:40:53.292000,216.0,193.0,281.0,334.0,False,SOFT,4.0,True,McLaren,0 days 00:39:23.730000,,1,,False,,False,True
2023-05,FP2,0 days 00:42:58.916000,PIA,81,0 days 00:02:05.624000,10.0,2.0,,0 days 00:42:53.330000,0 days 00:00:40.348000,0 days 00:00:46.556000,0 days 00:00:38.720000,0 days 00:41:33.640000,0 days 00:42:20.196000,0 days 00:42:58.916000,158.0,132.0,,202.0,False,SOFT,5.0,True,McLaren,0 days 00:40:53.292000,,1,,False,,False,False
2023-05,FP2,0 days 00:45:19.809000,PIA,81,0 days 00:02:20.893000,11.0,3.0,0 days 00:43:10.643000,,0 days 00:00:54.503000,0 days 00:00:49.743000,0 days 00:00:36.647000,0 days 00:43:53.419000,0 days 00:44:43.162000,0 days 00:45:19.809000,143.0,118.0,278.0,186.0,False,SOFT,6.0,False,McLaren,0 days 00:42:58.916000,,1,,False,,False,False
2023-05,FP2,0 days 00:47:03.710000,PIA,81,0 days 00:01:43.901000,12.0,3.0,,0 days 00:46:58.265000,0 days 00:00:30.353000,0 days 00:00:37.129000,0 days 00:00:36.419000,0 days 00:45:50.162000,0 days 00:46:27.291000,0 days 00:47:03.710000,217.0,157.0,,159.0,False,SOFT,7.0,False,McLaren,0 days 00:45:19.809000,,1,,False,,False,False
2023-05,FP2,0 days 00:55:32.517000,PIA,81,,13.0,4.0,0 days 00:53:57.526000,,,0 days 00:00:35.804000,0 days 00:00:26.589000,,0 days 00:55:05.994000,0 days 00:55:32.525000,208.0,181.0,267.0,309.0,False,SOFT,8.0,False,McLaren,0 days 00:47:03.710000,,12,,False,,False,False
2023-05,FP2,0 days 00:57:06.681000,PIA,81,0 days 00:01:34.164000,14.0,4.0,,,0 days 00:00:32.015000,0 days 00:00:35.504000,0 days 00:00:26.645000,0 days 00:56:04.532000,0 days 00:56:40.036000,0 days 00:57:06.681000,206.0,183.0,268.0,306.0,False,SOFT,9.0,False,McLaren,0 days 00:55:32.517000,,1,,False,,False,True
2023-05,FP2,0 days 00:58:40.360000,PIA,81,0 days 00:01:33.679000,15.0,4.0,,,0 days 00:00:31.787000,0 days 00:00:35.357000,0 days 00:00:26.535000,0 days 00:57:38.468000,0 days 00:58:13.825000,0 days 00:58:40.360000,211.0,181.0,271.0,310.0,False,SOFT,10.0,False,McLaren,0 days 00:57:06.681000,,1,,False,,False,True
2023-05,FP2,0 days 01:00:14.240000,PIA,81,0 days 00:01:33.880000,16.0,4.0,,,0 days 00:00:31.773000,0 days 00:00:35.700000,0 days 00:00:26.407000,0 days 00:59:12.133000,0 days 00:59:47.833000,0 days 01:00:14.240000,210.0,184.0,270.0,313.0,False,SOFT,11.0,False,McLaren,0 days 00:58:40.360000,,1,,False,,False,True
2023-05,FP2,0 days 01:01:48.901000,PIA,81,0 days 00:01:34.661000,17.0,4.0,,,0 days 00:00:32.563000,0 days 00:00:35.684000,0 days 00:00:26.414000,0 days 01:00:46.803000,0 days 01:01:22.487000,0 days 01:01:48.901000,211.0,184.0,271.0,310.0,False,SOFT,12.0,False,McLaren,0 days 01:00:14.240000,,12,,False,,False,True
2023-05,FP2,0 days 01:03:23.281000,PIA,81,0 days 00:01:34.380000,18.0,4.0,,,0 days 00:00:31.915000,0 days 00:00:35.976000,0 days 00:00:26.489000,0 days 01:02:20.816000,0 days 01:02:56.792000,0 days 01:03:23.281000,208.0,184.0,271.0,311.0,False,SOFT,13.0,False,McLaren,0 days 01:01:48.901000,,21,,False,,False,True
2023-05,FP2,0 days 01:04:57.683000,PIA,81,0 days 00:01:34.402000,19.0,4.0,,,0 days 00:00:32.063000,0 days 00:00:35.860000,0 days 00:00:26.479000,0 days 01:03:55.344000,0 days 01:04:31.204000,0 days 01:04:57.683000,211.0,184.0,272.0,312.0,False,SOFT,14.0,False,McLaren,0 days 01:03:23.281000,,12,,False,,False,True
2023-05,FP2,0 days 01:11:44.670000,PIA,81,,20.0,4.0,,0 days 01:07:05.986000,,,,,,,,,,,False,SOFT,15.0,False,McLaren,0 days 01:04:57.683000,,251,,False,,False,False
2023-05,FP2,0 days 01:13:33.097000,PIA,81,,21.0,5.0,0 days 01:11:44.670000,,,0 days 00:00:36.570000,0 days 00:00:31.945000,,0 days 01:13:01.232000,0 days 01:13:33.138000,205.0,165.0,271.0,186.0,False,MEDIUM,1.0,True,McLaren,0 days 01:11:44.670000,,1,,False,,False,False
2023-05,FP2,0 days 01:15:06.696000,PIA,81,0 days 00:01:33.599000,22.0,5.0,,,0 days 00:00:32.354000,0 days 00:00:35.180000,0 days 00:00:26.065000,0 days 01:14:05.451000,0 days 01:14:40.631000,0 days 01:15:06.696000,208.0,187.0,278.0,326.0,False,MEDIUM,2.0,True,McLaren,0 days 01:13:33.097000,,1,,False,,False,True
2023-05,FP2,0 days 01:17:06.620000,PIA,81,0 days 00:01:59.924000,23.0,5.0,,,0 days 00:00:36.216000,0 days 00:00:43.582000,0 days 00:00:40.126000,0 days 01:15:42.912000,0 days 01:16:26.494000,0 days 01:17:06.620000,194.0,144.0,58.0,178.0,False,MEDIUM,3.0,True,McLaren,0 days 01:15:06.696000,,1,,False,,False,True
2023-05,FP2,0 days 01:19:36.118000,PIA,81,0 days 00:02:29.498000,24.0,5.0,,0 days 01:19:30.493000,0 days 00:01:07.784000,0 days 00:00:44.616000,0 days 00:00:37.098000,0 days 01:18:14.404000,0 days 01:18:59.020000,0 days 01:19:36.118000,183.0,164.0,,174.0,False,MEDIUM,4.0,True,McLaren,0 days 01:17:06.620000,,1,,False,,False,False
2023-05,FP3,0 days 00:22:53.864000,VER,1,,1.0,1.0,0 days 00:21:08.454000,,,0 days 00:00:41.393000,0 days 00:00:30.778000,,0 days 00:22:23.297000,0 days 00:22:53.953000,193.0,158.0,279.0,262.0,False,SOFT,1.0,True,Red Bull Racing,0 days 00:21:08.454000,,1,,False,,False,False
2023-05,FP3,0 days 00:24:22.827000,VER,1,0 days 00:01:28.963000,2.0,1.0,,,0 days 00:00:29.898000,0 days 00:00:33.749000,0 days 00:00:25.316000,0 days 00:23:23.762000,0 days 00:23:57.511000,0 days 00:24:22.827000,217.0,188.0,280.0,336.0,True,SOFT,2.0,True,Red Bull Racing,0 days 00:22:53.864000,,1,,False,,False,True
2023-05,FP3,0 days 00:26:59.794000,VER,1,,3.0,1.0,,,0 days 00:00:54.861000,0 days 00:00:58.290000,0 days 00:00:43.832000,0 days 00:25:17.858000,0 days 00:26:16.138000,0 days 00:26:59.888000,143.0,121.0,155.0,165.0,False,SOFT,3.0,True,Red Bull Racing,0 days 00:24:22.827000,,1,,False,,False,False
2023-05,FP3,0 days 00:29:12.401000,VER,1,0 days 00:02:12.607000,4.0,1.0,,,0 days 00:00:51.743000,0 days 00:00:50.674000,0 days 00:00:30.190000,0 days 00:27:51.537000,0 days 00:28:42.211000,0 days 00:29:12.401000,140.0,160.0,283.0,266.0,False,SOFT,4.0,True,Red Bull Racing,0 days 00:26:59.794000,,1,,False,,False,True
2023-05,FP3,0 days 00:30:40.370000,VER,1,0 days 00:01:27.969000,5.0,1.0,,,0 days 00:00:29.560000,0 days 00:00:33.432000,0 days 00:00:24.977000,0 days 00:29:41.961000,0 days 00:30:15.393000,0 days 00:30:40.370000,221.0,192.0,282.0,339.0,True,SOFT,5.0,True,Red Bull Racing,0 days 00:29:12.401000,,1,,False,,False,True
2023-05,FP3,0 days 00:32:27.080000,VER,1,0 days 00:01:46.710000,6.0,1.0,,0 days 00:32:21.478000,0 days 00:00:33.130000,0 days 00:00:39.921000,0 days 00:00:33.659000,0 days 00:31:13.500000,0 days 00:31:53.421000,0 days 00:32:27.080000,198.0,176.0,,226.0,False,SOFT,6.0,True,Red Bull Racing,0 days 00:30:40.370000,,1,,False,,False,False
2023-05,FP3,0 days 00:44:15.378000,VER,1,,7.0,2.0,0 days 00:41:42.612000,,,0 days 00:01:12.690000,0 days 00:00:34.547000,,0 days 00:43:40.970000,0 days 00:44:15.454000,159.0,71.0,283.0,284.0,False,SOFT,7.0,False,Red Bull Racing,0 days 00:32:27.080000,,12,,False,,False,False
2023-05,FP3,0 days 00:45:43.047000,VER,1,0 days 00:01:27.669000,8.0,2.0,,,0 days 00:00:29.343000,0 days 00:00:33.417000,0 days 00:00:24.909000,0 days 00:44:44.721000,0 days 00:45:18.138000,0 days 00:45:43.047000,222.0,192.0,283.0,340.0,True,SOFT,8.0,False,Red Bull Racing,0 days 00:44:15.378000,,1,,False,,False,True
2023-05,FP3,0 days 00:47:26.656000,VER,1,0 days 00:01:43.609000,9.0,2.0,,0 days 00:47:21.030000,0 days 00:00:34.396000,0 days 00:00:36.857000,0 days 00:00:32.356000,0 days 00:46:17.443000,0 days 00:46:54.300000,0 days 00:47:26.656000,198.0,183.0,,278.0,False,SOFT,9.0,False,Red Bull Racing,0 days 00:45:43.047000,,1,,False,,False,False
2023-05,FP3,0 days 00:58:04.974000,VER,1,,10.0,3.0,0 days 00:56:19.649000,,,0 days 00:00:40.678000,0 days 00:00:28.059000,,0 days 00:57:37.101000,0 days 00:58:05.039000,184.0,178.0,284.0,274.0,False,SOFT,1.0,True,Red Bull Racing,0 days 00:47:26.656000,,1,,False,,False,False
2023-05,FP3,0 days 00:59:32.569000,VER,1,0 days 00:01:27.595000,11.0,3.0,,,0 days 00:00:29.172000,0 days 00:00:33.483000,0 days 00:00:24.940000,0 days 00:58:34.146000,0 days 00:59:07.629000,0 days 00:59:32.569000,223.0,192.0,283.0,340.0,True,SOFT,2.0,True,Red Bull Racing,0 days 00:58:04.974000,,1,,False,,False,True
2023-05,FP3,0 days 01:02:24.473000,VER,1,,12.0,3.0,,,0 days 00:00:54.680000,0 days 00:01:07.965000,0 days 00:00:49.210000,0 days 01:00:27.428000,0 days 01:01:35.318000,0 days 01:02:24.473000,109.0,110.0,143.0,101.0,False,SOFT,3.0,True,Red Bull Racing,0 days 00:59:32.569000,,1,,False,,False,False
2023-05,FP3,0 days 01:05:11.029000,VER,1,,13.0,3.0,,,0 days 00:01:01.583000,0 days 00:01:09.865000,0 days 00:00:35.142000,0 days 01:03:26.160000,0 days 01:04:36.081000,0 days 01:05:11.081000,108.0,59.0,283.0,273.0,False,SOFT,4.0,True,Red Bull Racing,0 days 01:02:24.473000,,1,,False,,False,False
2023-05,FP3,0 days 01:06:38.564000,VER,1,0 days 00:01:27.535000,14.0,3.0,,,0 days 00:00:29.292000,0 days 00:00:33.319000,0 days 00:00:24.924000,0 days 01:05:40.321000,0 days 01:06:13.640000,0 days 01:06:38.564000,223.0,191.0,284.0,338.0,True,SOFT,5.0,True,Red Bull Racing,0 days 01:05:11.029000,,1,,False,,False,True
2023-05,FP3,0 days 01:08:20.020000,VER,1,0 days 00:01:41.456000,15.0,3.0,,0 days 01:08:14.376000,0 days 00:00:32.346000,0 days 00:00:36.850000,0 days 00:00:32.260000,0 days 01:07:10.910000,0 days 01:07:47.760000,0 days 01:08:20.020000,199.0,184.0,,270.0,False,SOFT,6.0,True,Red Bull Racing,0 days 01:06:38.564000,,1,,False,,False,False
2023-05,FP3,0 days 01:15:08.599000,VER,1,,16.0,4.0,0 days 01:13:05.450000,,,0 days 00:00:49.301000,0 days 00:00:34.668000,,0 days 01:14:34.137000,0 days 01:15:08.668000,142.0,138.0,199.0,177.0,False,SOFT,7.0,False,Red Bull Racing,0 days 01:08:20.020000,,1,,False,,False,False
2023-05,FP3,0 days 01:17:09.200000,VER,1,0 days 00:02:00.601000,17.0,4.0,,,0 days 00:00:38.001000,0 days 00:00:37.766000,0 days 00:00:44.834000,0 days 01:15:46.600000,0 days 01:16:24.366000,0 days 01:17:09.200000,193.0,170.0,72.0,233.0,False,SOFT,8.0,False,Red Bull Racing,0 days 01:15:08.599000,,1,,False,,False,True
2023-05,FP3,0 days 01:19:11.524000,VER,1,0 days 00:02:02.324000,18.0,4.0,,0 days 01:19:05.946000,0 days 00:00:54.231000,0 days 00:00:35.308000,0 days 00:00:32.785000,0 days 01:18:03.431000,0 days 01:18:38.739000,0 days 01:19:11.524000,214.0,185.0,,250.0,False,SOFT,9.0,False,Red Bull Racing,0 days 01:17:09.200000,,1,,False,,False,False
2023-05,FP3,0 days 00:32:51.672000,SAR,2,,1.0,1.0,0 days 00:30:41.745000,,,0 days 00:00:42.426000,0 days 00:00:48.036000,,0 days 00:32:03.837000,0 days 00:32:51.884000,188.0,97.0,278.0,70.0,False,SOFT,1.0,True,Williams,0 days 00:30:41.745000,,1,,False,,False,False
2023-05,FP3,0 days 00:34:22.429000,SAR,2,0 days 00:01:30.757000,2.0,1.0,,,0 days 00:00:31.190000,0 days 00:00:34.195000,0 days 00:00:25.372000,0 days 00:33:22.862000,0 days 00:33:57.057000,0 days 00:34:22.429000,215.0,191.0,275.0,334.0,True,SOFT,2.0,True,Williams,0 days 00:32:51.672000,,1,,False,,False,True
2023-05,FP3,0 days 00:36:37.200000,SAR,2,0 days 00:02:14.771000,3.0,1.0,,,0 days 00:00:53.098000,0 days 00:00:48.808000,0 days 00:00:32.865000,0 days 00:35:15.527000,0 days 00:36:04.335000,0 days 00:36:37.200000,146.0,97.0,279.0,114.0,False,SOFT,3.0,True,Williams,0 days 00:34:22.429000,,1,,False,,False,True
2023-05,FP3,0 days 00:38:07.226000,SAR,2,0 days 00:01:30.026000,4.0,1.0,,,0 days 00:00:30.389000,0 days 00:00:34.020000,0 days 00:00:25.617000,0 days 00:37:07.589000,0 days 00:37:41.609000,0 days 00:38:07.226000,220.0,190.0,281.0,335.0,True,SOFT,4.0,True,Williams,0 days 00:36:37.200000,,12,,False,,False,True
2023-05,FP3,0 days 00:40:16.350000,SAR,2,0 days 00:02:09.124000,5.0,1.0,,,0 days 00:00:52.299000,0 days 00:00:45.395000,0 days 00:00:31.430000,0 days 00:38:59.525000,0 days 00:39:44.920000,0 days 00:40:16.350000,140.0,131.0,218.0,301.0,False,SOFT,5.0,True,Williams,0 days 00:38:07.226000,,1,,False,,False,True
2023-05,FP3,0 days 00:42:23.765000,SAR,2,0 days 00:02:07.415000,6.0,1.0,,,0 days 00:00:53.348000,0 days 00:00:44.060000,0 days 00:00:30.007000,0 days 00:41:09.698000,0 days 00:41:53.758000,0 days 00:42:23.765000,170.0,137.0,279.0,131.0,False,SOFT,6.0,True,Williams,0 days 00:40:16.350000,,1,,False,,False,True
2023-05,FP3,0 days 00:43:53.423000,SAR,2,0 days 00:01:29.658000,7.0,1.0,,,0 days 00:00:30.351000,0 days 00:00:34.035000,0 days 00:00:25.272000,0 days 00:42:54.116000,0 days 00:43:28.151000,0 days 00:43:53.423000,220.0,192.0,283.0,337.0,True,SOFT,7.0,True,Williams,0 days 00:42:23.765000,,1,,False,,False,True
2023-05,FP3,0 days 00:45:41.902000,SAR,2,0 days 00:01:48.479000,8.0,1.0,,0 days 00:45:36.438000,0 days 00:00:38.579000,0 days 00:00:37.587000,0 days 00:00:32.313000,0 days 00:44:32.002000,0 days 00:45:09.589000,0 days 00:45:41.902000,184.0,174.0,,308.0,False,SOFT,8.0,True,Williams,0 days 00:43:53.423000,,1,,False,,False,False
2023-05,FP3,0 days 00:54:39.818000,SAR,2,,9.0,2.0,0 days 00:52:54.683000,,,0 days 00:00:39.966000,0 days 00:00:28.747000,,0 days 00:54:11.276000,0 days 00:54:39.916000,189.0,158.0,279.0,300.0,False,SOFT,1.0,True,Williams,0 days 00:45:41.902000,,1,,False,,False,False
2023-05,FP3,0 days 00:56:57.743000,SAR,2,0 days 00:02:17.925000,10.0,2.0,,,0 days 00:00:44.522000,0 days 00:00:54.636000,0 days 00:00:38.767000,0 days 00:55:24.340000,0 days 00:56:18.976000,0 days 00:56:57.743000,116.0,73.0,279.0,107.0,False,SOFT,2.0,True,Williams,0 days 00:54:39.818000,,1,,False,,False,True
2023-05,FP3,0 days 00:58:27.007000,SAR,2,0 days 00:01:29.264000,11.0,2.0,,,0 days 00:00:30.340000,0 days 00:00:33.695000,0 days 00:00:25.229000,0 days 00:57:28.083000,0 days 00:58:01.778000,0 days 00:58:27.007000,220.0,189.0,281.0,338.0,True,SOFT,3.0,True,Williams,0 days 00:56:57.743000,,1,,False,,False,True
2023-05,FP3,0 days 01:00:39.582000,SAR,2,0 days 00:02:12.575000,12.0,2.0,,0 days 01:00:33.974000,0 days 00:00:51.426000,0 days 00:00:45.487000,0 days 00:00:35.662000,0 days 00:59:18.433000,0 days 01:00:03.920000,0 days 01:00:39.582000,150.0,135.0,,265.0,False,SOFT,4.0,True,Williams,0 days 00:58:27.007000,,1,,False,,False,False
2023-05,FP3,0 days 01:03:03.075000,SAR,2,0 days 00:02:23.493000,13.0,3.0,0 days 01:01:03.318000,,0 days 00:01:05.191000,0 days 00:00:45.052000,0 days 00:00:33.250000,0 days 01:01:44.773000,0 days 01:02:29.825000,0 days 01:03:03.075000,170.0,109.0,281.0,227.0,False,SOFT,5.0,False,Williams,0 days 01:00:39.582000,,1,,False,,False,False
2023-05,FP3,0 days 01:04:32.794000,SAR,2,0 days 00:01:29.719000,14.0,3.0,,,0 days 00:00:30.286000,0 days 00:00:34.165000,0 days 00:00:25.268000,0 days 01:03:33.361000,0 days 01:04:07.526000,0 days 01:04:32.794000,221.0,190.0,281.0,335.0,False,SOFT,6.0,False,Williams,0 days 01:03:03.075000,,1,,False,,False,True
2023-05,FP3,0 days 01:06:46.296000,SAR,2,0 days 00:02:13.502000,15.0,3.0,,,0 days 00:00:48.872000,0 days 00:00:48.183000,0 days 00:00:36.447000,0 days 01:05:21.666000,0 days 01:06:09.849000,0 days 01:06:46.296000,149.0,101.0,207.0,284.0,False,SOFT,7.0,False,Williams,0 days 01:04:32.794000,,1,,False,,False,True
2023-05,FP3,0 days 01:08:52.684000,SAR,2,0 days 00:02:06.388000,16.0,3.0,,,0 days 00:00:48.561000,0 days 00:00:46.462000,0 days 00:00:31.365000,0 days 01:07:34.857000,0 days 01:08:21.319000,0 days 01:08:52.684000,166.0,134.0,282.0,240.0,False,SOFT,8.0,False,Williams,0 days 01:06:46.296000,,1,,False,,False,True
2023-05,FP3,0 days 01:10:27.487000,SAR,2,0 days 00:01:34.803000,17.0,3.0,,0 days 01:10:22.015000,0 days 00:00:30.165000,0 days 00:00:33.823000,0 days 00:00:30.815000,0 days 01:09:22.849000,0 days 01:09:56.672000,0 days 01:10:27.487000,222.0,191.0,,339.0,False,SOFT,9.0,False,Williams,0 days 01:08:52.684000,,1,,False,,False,False
2023-05,FP3,0 days 01:16:44.499000,SAR,2,,18.0,4.0,0 days 01:14:51.309000,,,0 days 00:00:40.576000,0 days 00:00:33.627000,,0 days 01:16:11.011000,0 days 01:16:44.526000,184.0,156.0,254.0,251.0,False,SOFT,9.0,False,Williams,0 days 01:10:27.487000,,1,,False,,False,False
2023-05,FP3,0 days 01:18:49.956000,SAR,2,0 days 00:02:05.457000,19.0,4.0,,,0 days 00:00:39.991000,0 days 00:00:42.299000,0 days 00:00:43.167000,0 days 01:17:24.490000,0 days 01:18:06.789000,0 days 01:18:49.956000,184.0,140.0,62.0,205.0,False,SOFT,10.0,False,Williams,0 days 01:16:44.499000,,1,,False,,False,True
2023-05,FP3,0 days 01:20:55.555000,SAR,2,0 days 00:02:05.599000,20.0,4.0,,0 days 01:20:50.023000,0 days 00:00:52.351000,0 days 00:00:39.450000,0 days 00:00:33.798000,0 days 01:19:42.307000,0 days 01:20:21.757000,0 days 01:20:55.555000,201.0,159.0,,297.0,False,SOFT,11.0,False,Williams,0 days 01:18:49.956000,,1,,False,,False,False
2023-05,FP3,0 days 00:31:46.732000,NOR,4,,1.0,1.0,0 days 00:29:55.605000,,,0 days 00:00:40.328000,0 days 00:00:29.418000,,0 days 00:31:17.526000,0 days 00:31:46.806000,175.0,154.0,274.0,202.0,False,SOFT,1.0,True,McLaren,0 days 00:29:55.605000,,1,,False,,False,False
2023-05,FP3,0 days 00:33:16.901000,NOR,4,0 days 00:01:30.169000,2.0,1.0,,,0 days 00:00:30.033000,0 days 00:00:34.300000,0 days 00:00:25.836000,0 days 00:32:16.765000,0 days 00:32:51.065000,0 days 00:33:16.901000,218.0,186.0,275.0,323.0,True,SOFT,2.0,True,McLaren,0 days 00:31:46.732000,,1,,False,,False,True
2023-05,FP3,0 days 00:35:39.098000,NOR,4,0 days 00:02:22.197000,3.0,1.0,,,0 days 00:00:46.276000,0 days 00:01:04.229000,0 days 00:00:31.692000,0 days 00:34:03.177000,0 days 00:35:07.406000,0 days 00:35:39.098000,124.0,115.0,278.0,200.0,False,SOFT,3.0,True,McLaren,0 days 00:33:16.901000,,1,,False,,False,True
2023-05,FP3,0 days 00:37:08.990000,NOR,4,0 days 00:01:29.892000,4.0,1.0,,,0 days 00:00:29.849000,0 days 00:00:34.344000,0 days 00:00:25.699000,0 days 00:36:08.947000,0 days 00:36:43.291000,0 days 00:37:08.990000,211.0,188.0,276.0,328.0,True,SOFT,4.0,True,McLaren,0 days 00:35:39.098000,,1,,False,,False,True
2023-05,FP3,0 days 00:39:23.231000,NOR,4,0 days 00:02:14.241000,5.0,1.0,,,0 days 00:00:46.301000,0 days 00:00:56.645000,0 days 00:00:31.295000,0 days 00:37:55.291000,0 days 00:38:51.936000,0 days 00:39:23.231000,138.0,97.0,277.0,205.0,False,SOFT,5.0,True,McLaren,0 days 00:37:08.990000,,12,,False,,False,True
2023-05,FP3,0 days 00:41:00.706000,NOR,4,0 days 00:01:37.475000,6.0,1.0,,0 days 00:40:55.175000,0 days 00:00:30.104000,0 days 00:00:34.197000,0 days 00:00:33.174000,0 days 00:39:53.335000,0 days 00:40:27.532000,0 days 00:41:00.706000,217.0,189.0,,248.0,False,SOFT,6.0,True,McLaren,0 days 00:39:23.231000,,1,,False,,False,False
2023-05,FP3,0 days 00:43:00.692000,NOR,4,0 days 00:01:59.986000,7.0,2.0,0 days 00:41:20.144000,0 days 00:42:55.190000,0 days 00:00:51.480000,0 days 00:00:35.934000,0 days 00:00:32.572000,0 days 00:41:52.186000,0 days 00:42:28.120000,0 days 00:43:00.692000,211.0,181.0,,255.0,False,SOFT,7.0,False,McLaren,0 days 00:41:00.706000,,1,,False,,False,False
2023-05,FP3,0 days 00:55:15.735000,NOR,4,,8.0,3.0,0 days 00:53:25.120000,,,0 days 00:00:39.540000,0 days 00:00:27.582000,,0 days 00:54:48.338000,0 days 00:55:15.837000,162.0,156.0,278.0,269.0,False,SOFT,1.0,True,McLaren,0 days 00:43:00.692000,,1,,False,,False,False
2023-05,FP3,0 days 00:57:23.594000,NOR,4,0 days 00:02:07.859000,9.0,3.0,,,0 days 00:00:42.295000,0 days 00:00:57.182000,0 days 00:00:28.382000,0 days 00:55:58.030000,0 days 00:56:55.212000,0 days 00:57:23.594000,121.0,153.0,279.0,246.0,False,SOFT,2.0,True,McLaren,0 days 00:55:15.735000,,1,,False,,False,True
2023-05,FP3,0 days 00:59:24.448000,NOR,4,0 days 00:02:00.854000,10.0,3.0,,,0 days 00:00:30.604000,0 days 00:00:53.356000,0 days 00:00:36.894000,0 days 00:57:54.198000,0 days 00:58:47.554000,0 days 00:59:24.448000,143.0,123.0,282.0,72.0,False,SOFT,3.0,True,McLaren,0 days 00:57:23.594000,,1,,False,,False,True
2023-05,FP3,0 days 01:00:53.849000,NOR,4,0 days 00:01:29.401000,11.0,3.0,,,0 days 00:00:29.905000,0 days 00:00:34.001000,0 days 00:00:25.495000,0 days 00:59:54.353000,0 days 01:00:28.354000,0 days 01:00:53.849000,220.0,190.0,276.0,329.0,True,SOFT,4.0,True,McLaren,0 days 00:59:24.448000,,1,,False,,False,True
2023-05,FP3,0 days 01:03:16.355000,NOR,4,0 days 00:02:22.506000,12.0,3.0,,,0 days 00:00:47.308000,0 days 00:00:54.925000,0 days 00:00:40.273000,0 days 01:01:41.157000,0 days 01:02:36.082000,0 days 01:03:16.355000,114.0,141.0,197.0,139.0,False,SOFT,5.0,True,McLaren,0 days 01:00:53.849000,,1,,False,,False,True
2023-05,FP3,0 days 01:05:30.964000,NOR,4,0 days 00:02:14.609000,13.0,3.0,,,0 days 00:00:46.116000,0 days 00:00:52.754000,0 days 00:00:35.739000,0 days 01:04:02.471000,0 days 01:04:55.225000,0 days 01:05:30.964000,133.0,114.0,278.0,173.0,False,SOFT,6.0,True,McLaren,0 days 01:03:16.355000,,1,,False,,False,True
2023-05,FP3,0 days 01:07:37.973000,NOR,4,0 days 00:02:07.009000,14.0,3.0,,0 days 01:07:32.485000,0 days 00:00:41.566000,0 days 00:00:47.951000,0 days 00:00:37.492000,0 days 01:06:12.530000,0 days 01:07:00.481000,0 days 01:07:37.973000,113.0,140.0,,212.0,False,SOFT,7.0,True,McLaren,0 days 01:05:30.964000,,1,,False,,False,False
2023-05,FP3,0 days 01:14:26.063000,NOR,4,,15.0,4.0,0 days 01:12:34.607000,,,0 days 00:00:42.238000,0 days 00:00:33.721000,,0 days 01:13:52.466000,0 days 01:14:26.074000,171.0,128.0,278.0,171.0,False,SOFT,8.0,False,McLaren,0 days 01:07:37.973000,,1,,False,,False,False
2023-05,FP3,0 days 01:15:57.988000,NOR,4,0 days 00:01:31.925000,16.0,4.0,,,0 days 00:00:30,0 days 00:00:34.691000,0 days 00:00:27.234000,0 days 01:14:56.063000,0 days 01:15:30.754000,0 days 01:15:57.988000,213.0,189.0,239.0,331.0,False,SOFT,9.0,False,McLaren,0 days 01:14:26.063000,,1,,False,,False,True
2023-05,FP3,0 days 01:18:00.801000,NOR,4,0 days 00:02:02.813000,17.0,4.0,,,0 days 00:00:37.708000,0 days 00:00:40.516000,0 days 00:00:44.589000,0 days 01:16:35.696000,0 days 01:17:16.212000,0 days 01:18:00.801000,193.0,154.0,35.0,169.0,False,SOFT,10.0,False,McLaren,0 days 01:15:57.988000,,1,,False,,False,True
2023-05,FP3,0 days 01:20:21.305000,NOR,4,0 days 00:02:20.504000,18.0,4.0,,0 days 01:20:15.711000,0 days 00:01:10.837000,0 days 00:00:36.697000,0 days 00:00:32.970000,0 days 01:19:11.638000,0 days 01:19:48.335000,0 days 01:20:21.305000,173.0,182.0,,249.0,False,SOFT,11.0,False,McLaren,0 days 01:18:00.801000,,1,,False,,False,False
2023-05,FP3,0 days 00:20:57.389000,GAS,10,,1.0,1.0,0 days 00:19:10.112000,,,0 days 00:00:39.711000,0 days 00:00:31.554000,,0 days 00:20:26.033000,0 days 00:20:57.486000,175.0,145.0,278.0,248.0,False,MEDIUM,1.0,True,Alpine,0 days 00:19:10.112000,,1,,False,,False,False
2023-05,FP3,0 days 00:22:27.688000,GAS,10,0 days 00:01:30.299000,2.0,1.0,,,0 days 00:00:30.738000,0 days 00:00:34.314000,0 days 00:00:25.247000,0 days 00:21:28.127000,0 days 00:22:02.441000,0 days 00:22:27.688000,215.0,187.0,278.0,335.0,True,MEDIUM,2.0,True,Alpine,0 days 00:20:57.389000,,1,,False,,False,True
2023-05,FP3,0 days 00:24:44.384000,GAS,10,0 days 00:02:16.696000,3.0,1.0,,,0 days 00:00:49.414000,0 days 00:00:54.186000,0 days 00:00:33.096000,0 days 00:23:17.102000,0 days 00:24:11.288000,0 days 00:24:44.384000,133.0,99.0,280.0,279.0,False,MEDIUM,3.0,True,Alpine,0 days 00:22:27.688000,,1,,False,,False,True
2023-05,FP3,0 days 00:26:14.150000,GAS,10,0 days 00:01:29.766000,4.0,1.0,,,0 days 00:00:30.435000,0 days 00:00:33.916000,0 days 00:00:25.415000,0 days 00:25:14.819000,0 days 00:25:48.735000,0 days 00:26:14.150000,219.0,189.0,278.0,329.0,True,MEDIUM,4.0,True,Alpine,0 days 00:24:44.384000,,1,,False,,False,True
2023-05,FP3,0 days 00:28:27.059000,GAS,10,0 days 00:02:12.909000,5.0,1.0,,,0 days 00:00:48.470000,0 days 00:00:46.975000,0 days 00:00:37.464000,0 days 00:27:02.620000,0 days 00:27:49.595000,0 days 00:28:27.059000,146.0,134.0,278.0,244.0,False,MEDIUM,5.0,True,Alpine,0 days 00:26:14.150000,,1,,False,,False,True
2023-05,FP3,0 days 00:29:56.183000,GAS,10,0 days 00:01:29.124000,6.0,1.0,,,0 days 00:00:29.989000,0 days 00:00:33.833000,0 days 00:00:25.302000,0 days 00:28:57.048000,0 days 00:29:30.881000,0 days 00:29:56.183000,218.0,189.0,278.0,330.0,True,MEDIUM,6.0,True,Alpine,0 days 00:28:27.059000,,1,,False,,False,True
2023-05,FP3,0 days 00:31:46.853000,GAS,10,0 days 00:01:50.670000,7.0,1.0,,0 days 00:31:41.244000,0 days 00:00:35.103000,0 days 00:00:38.979000,0 days 00:00:36.588000,0 days 00:30:31.286000,0 days 00:31:10.265000,0 days 00:31:46.853000,186.0,132.0,,270.0,False,MEDIUM,7.0,True,Alpine,0 days 00:29:56.183000,,1,,False,,False,False
2023-05,FP3,0 days 00:40:28.070000,GAS,10,,8.0,2.0,0 days 00:38:43.770000,,,0 days 00:00:40.010000,0 days 00:00:29.964000,,0 days 00:39:58.238000,0 days 00:40:28.097000,195.0,144.0,276.0,269.0,False,MEDIUM,8.0,False,Alpine,0 days 00:31:46.853000,,12,,False,,False,False
2023-05,FP3,0 days 00:42:19.408000,GAS,10,0 days 00:01:51.338000,9.0,2.0,,,0 days 00:00:36.784000,0 days 00:00:42.773000,0 days 00:00:31.781000,0 days 00:41:04.854000,0 days 00:41:47.627000,0 days 00:42:19.408000,155.0,150.0,280.0,208.0,False,MEDIUM,9.0,False,Alpine,0 days 00:40:28.070000,,1,,False,,False,True
2023-05,FP3,0 days 00:43:48.938000,GAS,10,0 days 00:01:29.530000,10.0,2.0,,,0 days 00:00:30.305000,0 days 00:00:33.913000,0 days 00:00:25.312000,0 days 00:42:49.713000,0 days 00:43:23.626000,0 days 00:43:48.938000,217.0,188.0,280.0,332.0,False,MEDIUM,10.0,False,Alpine,0 days 00:42:19.408000,,1,,False,,False,True
2023-05,FP3,0 days 00:45:37.219000,GAS,10,0 days 00:01:48.281000,11.0,2.0,,0 days 00:45:31.672000,0 days 00:00:36.504000,0 days 00:00:37.838000,0 days 00:00:33.939000,0 days 00:44:25.442000,0 days 00:45:03.280000,0 days 00:45:37.219000,195.0,166.0,,272.0,False,MEDIUM,11.0,False,Alpine,0 days 00:43:48.938000,,1,,False,,False,False
2023-05,FP3,0 days 00:53:33.476000,GAS,10,,12.0,3.0,0 days 00:51:51.293000,,,0 days 00:00:38.763000,0 days 00:00:28.318000,,0 days 00:53:05.339000,0 days 00:53:33.667000,187.0,162.0,279.0,287.0,False,SOFT,1.0,True,Alpine,0 days 00:45:37.219000,,1,,False,,False,False
2023-05,FP3,0 days 00:55:01.963000,GAS,10,0 days 00:01:28.487000,13.0,3.0,,,0 days 00:00:29.700000,0 days 00:00:33.620000,0 days 00:00:25.167000,0 days 00:54:03.176000,0 days 00:54:36.796000,0 days 00:55:01.963000,218.0,188.0,280.0,331.0,True,SOFT,2.0,True,Alpine,0 days 00:53:33.476000,,1,,False,,False,True
2023-05,FP3,0 days 00:57:15.329000,GAS,10,0 days 00:02:13.366000,14.0,3.0,,,0 days 00:00:56.661000,0 days 00:00:47.591000,0 days 00:00:29.114000,0 days 00:55:58.624000,0 days 00:56:46.215000,0 days 00:57:15.329000,156.0,119.0,277.0,284.0,False,SOFT,3.0,True,Alpine,0 days 00:55:01.963000,,1,,False,,False,True
2023-05,FP3,0 days 00:59:18.283000,GAS,10,0 days 00:02:02.954000,15.0,3.0,,,0 days 00:00:32.238000,0 days 00:00:54.139000,0 days 00:00:36.577000,0 days 00:57:47.567000,0 days 00:58:41.706000,0 days 00:59:18.283000,120.0,136.0,169.0,237.0,False,SOFT,4.0,True,Alpine,0 days 00:57:15.329000,,1,,False,,False,True
2023-05,FP3,0 days 01:01:18.924000,GAS,10,0 days 00:02:00.641000,16.0,3.0,,,0 days 00:00:43.186000,0 days 00:00:45.251000,0 days 00:00:32.204000,0 days 01:00:01.469000,0 days 01:00:46.720000,0 days 01:01:18.924000,147.0,130.0,279.0,241.0,False,SOFT,5.0,True,Alpine,0 days 00:59:18.283000,,1,,False,,False,True
2023-05,FP3,0 days 01:02:47.352000,GAS,10,0 days 00:01:28.428000,17.0,3.0,,,0 days 00:00:29.594000,0 days 00:00:33.711000,0 days 00:00:25.123000,0 days 01:01:48.518000,0 days 01:02:22.229000,0 days 01:02:47.352000,223.0,190.0,280.0,337.0,True,SOFT,6.0,True,Alpine,0 days 01:01:18.924000,,1,,False,,False,True
2023-05,FP3,0 days 01:04:59.030000,GAS,10,0 days 00:02:11.678000,18.0,3.0,,,0 days 00:00:48.637000,0 days 00:00:48.475000,0 days 00:00:34.566000,0 days 01:03:35.989000,0 days 01:04:24.464000,0 days 01:04:59.030000,154.0,138.0,187.0,245.0,False,SOFT,7.0,True,Alpine,0 days 01:02:47.352000,,1,,False,,False,True
2023-05,FP3,0 days 01:07:09.402000,GAS,10,0 days 00:02:10.372000,19.0,3.0,,,0 days 00:00:50.449000,0 days 00:00:45.324000,0 days 00:00:34.599000,0 days 01:05:49.479000,0 days 01:06:34.803000,0 days 01:07:09.402000,149.0,147.0,282.0,187.0,False,SOFT,8.0,True,Alpine,0 days 01:04:59.030000,,1,,False,,False,True
2023-05,FP3,0 days 01:08:38.411000,GAS,10,0 days 00:01:29.009000,20.0,3.0,,,0 days 00:00:29.953000,0 days 00:00:33.952000,0 days 00:00:25.104000,0 days 01:07:39.355000,0 days 01:08:13.307000,0 days 01:08:38.411000,217.0,191.0,281.0,332.0,False,SOFT,9.0,True,Alpine,0 days 01:07:09.402000,,1,,False,,False,True
2023-05,FP3,0 days 01:10:23.037000,GAS,10,0 days 00:01:44.626000,21.0,3.0,,0 days 01:10:15.952000,0 days 00:00:33.835000,0 days 00:00:36.990000,0 days 00:00:33.801000,0 days 01:09:12.246000,0 days 01:09:49.236000,0 days 01:10:23.037000,197.0,178.0,,290.0,False,SOFT,10.0,True,Alpine,0 days 01:08:38.411000,,1,,False,,False,False
2023-05,FP3,0 days 01:15:50.220000,GAS,10,,22.0,4.0,0 days 01:14:00.465000,,,0 days 00:00:43.055000,0 days 00:00:28.606000,,0 days 01:15:21.699000,0 days 01:15:50.261000,162.0,153.0,247.0,291.0,False,MEDIUM,12.0,False,Alpine,0 days 01:10:23.037000,,1,,False,,False,False
2023-05,FP3,0 days 01:17:53.728000,GAS,10,0 days 00:02:03.508000,23.0,4.0,,,0 days 00:00:36.165000,0 days 00:00:41.259000,0 days 00:00:46.084000,0 days 01:16:26.385000,0 days 01:17:07.644000,0 days 01:17:53.728000,195.0,163.0,46.0,281.0,False,MEDIUM,13.0,False,Alpine,0 days 01:15:50.220000,,1,,False,,False,True
2023-05,FP3,0 days 01:20:07.707000,GAS,10,0 days 00:02:13.979000,24.0,4.0,,0 days 01:20:02.149000,0 days 00:01:03.362000,0 days 00:00:36.475000,0 days 00:00:34.142000,0 days 01:18:57.090000,0 days 01:19:33.565000,0 days 01:20:07.707000,212.0,171.0,,212.0,False,MEDIUM,14.0,False,Alpine,0 days 01:17:53.728000,,1,,False,,False,False
2023-05,FP3,0 days 00:21:49.984000,PER,11,,1.0,1.0,0 days 00:20:07.642000,,,0 days 00:00:38.838000,0 days 00:00:28.064000,,0 days 00:21:22.032000,0 days 00:21:50.032000,192.0,148.0,283.0,283.0,False,SOFT,1.0,True,Red Bull Racing,0 days 00:20:07.642000,,1,,False,,False,False
2023-05,FP3,0 days 00:23:19.250000,PER,11,0 days 00:01:29.266000,2.0,1.0,,,0 days 00:00:30.228000,0 days 00:00:33.859000,0 days 00:00:25.179000,0 days 00:22:20.212000,0 days 00:22:54.071000,0 days 00:23:19.250000,216.0,191.0,282.0,339.0,True,SOFT,2.0,True,Red Bull Racing,0 days 00:21:49.984000,,1,,False,,False,True
2023-05,FP3,0 days 00:25:42.597000,PER,11,0 days 00:02:23.347000,3.0,1.0,,0 days 00:25:35.717000,0 days 00:00:48.197000,0 days 00:00:52.599000,0 days 00:00:42.551000,0 days 00:24:07.447000,0 days 00:25:00.046000,0 days 00:25:42.597000,123.0,120.0,,202.0,False,SOFT,3.0,True,Red Bull Racing,0 days 00:23:19.250000,,1,,False,,False,False
2023-05,FP3,0 days 00:28:37.620000,PER,11,,4.0,2.0,0 days 00:26:02.092000,,0 days 00:01:05.909000,0 days 00:01:09.305000,0 days 00:00:39.870000,0 days 00:26:48.622000,0 days 00:27:57.903000,0 days 00:28:37.715000,118.0,77.0,283.0,254.0,False,SOFT,4.0,False,Red Bull Racing,0 days 00:25:42.597000,,1,,False,,False,False
2023-05,FP3,0 days 00:30:06.261000,PER,11,0 days 00:01:28.641000,5.0,2.0,,,0 days 00:00:30.023000,0 days 00:00:33.660000,0 days 00:00:24.958000,0 days 00:29:07.643000,0 days 00:29:41.303000,0 days 00:30:06.261000,221.0,192.0,282.0,340.0,True,SOFT,5.0,False,Red Bull Racing,0 days 00:28:37.620000,,1,,False,,False,True
2023-05,FP3,0 days 00:32:41.850000,PER,11,,6.0,2.0,,,0 days 00:00:50.126000,0 days 00:01:01.097000,0 days 00:00:44.356000,0 days 00:30:56.557000,0 days 00:31:57.666000,0 days 00:32:41.931000,94.0,102.0,156.0,162.0,False,SOFT,6.0,False,Red Bull Racing,0 days 00:30:06.261000,,1,,False,,False,False
2023-05,FP3,0 days 00:35:01.586000,PER,11,0 days 00:02:19.736000,7.0,2.0,,,0 days 00:00:56.043000,0 days 00:00:54.643000,0 days 00:00:29.050000,0 days 00:33:37.893000,0 days 00:34:32.536000,0 days 00:35:01.586000,143.0,111.0,281.0,286.0,False,SOFT,7.0,False,Red Bull Racing,0 days 00:32:41.850000,,1,,False,,False,True
2023-05,FP3,0 days 00:36:30.225000,PER,11,0 days 00:01:28.639000,8.0,2.0,,,0 days 00:00:29.939000,0 days 00:00:33.587000,0 days 00:00:25.113000,0 days 00:35:31.525000,0 days 00:36:05.112000,0 days 00:36:30.225000,214.0,189.0,281.0,338.0,True,SOFT,8.0,False,Red Bull Racing,0 days 00:35:01.586000,,1,,False,,False,True
2023-05,FP3,0 days 00:38:32.166000,PER,11,0 days 00:02:01.941000,9.0,2.0,,0 days 00:38:25.739000,0 days 00:00:36.543000,0 days 00:00:47.182000,0 days 00:00:38.216000,0 days 00:37:06.768000,0 days 00:37:53.950000,0 days 00:38:32.166000,156.0,106.0,,210.0,False,SOFT,9.0,False,Red Bull Racing,0 days 00:36:30.225000,,12,,False,,False,False
2023-05,FP3,0 days 00:47:56.117000,PER,11,,10.0,3.0,0 days 00:45:45.797000,,,0 days 00:00:54.185000,0 days 00:00:37,,0 days 00:47:19.312000,0 days 00:47:56.202000,165.0,85.0,284.0,277.0,False,SOFT,10.0,False,Red Bull Racing,0 days 00:38:32.166000,,1,,False,,False,False
2023-05,FP3,0 days 00:49:24.310000,PER,11,0 days 00:01:28.193000,11.0,3.0,,,0 days 00:00:29.636000,0 days 00:00:33.519000,0 days 00:00:25.038000,0 days 00:48:25.753000,0 days 00:48:59.272000,0 days 00:49:24.310000,220.0,192.0,282.0,339.0,True,SOFT,11.0,False,Red Bull Racing,0 days 00:47:56.117000,,1,,False,,False,True
2023-05,FP3,0 days 00:51:08.324000,PER,11,0 days 00:01:44.014000,12.0,3.0,,0 days 00:51:02.653000,0 days 00:00:34.470000,0 days 00:00:36.467000,0 days 00:00:33.077000,0 days 00:49:58.780000,0 days 00:50:35.247000,0 days 00:51:08.324000,220.0,172.0,,279.0,False,SOFT,12.0,False,Red Bull Racing,0 days 00:49:24.310000,,1,,False,,False,False
2023-05,FP3,0 days 01:00:24.053000,PER,11,,13.0,4.0,0 days 00:58:19.929000,,,0 days 00:00:47.339000,0 days 00:00:35.363000,,0 days 00:59:48.741000,0 days 01:00:24.084000,146.0,94.0,285.0,270.0,False,SOFT,1.0,True,Red Bull Racing,0 days 00:51:08.324000,,1,,False,,False,False
2023-05,FP3,0 days 01:02:14.473000,PER,11,0 days 00:01:50.420000,14.0,4.0,,,0 days 00:00:29.763000,0 days 00:00:38.601000,0 days 00:00:42.056000,0 days 01:00:53.816000,0 days 01:01:32.417000,0 days 01:02:14.473000,221.0,111.0,147.0,162.0,False,SOFT,2.0,True,Red Bull Racing,0 days 01:00:24.053000,,1,,False,,False,True
2023-05,FP3,0 days 01:04:50.093000,PER,11,,15.0,4.0,,,0 days 00:00:49.271000,0 days 00:00:58.729000,0 days 00:00:47.689000,0 days 01:03:03.863000,0 days 01:04:02.535000,0 days 01:04:50.175000,125.0,93.0,146.0,186.0,False,SOFT,3.0,True,Red Bull Racing,0 days 01:02:14.473000,,1,,False,,False,False
2023-05,FP3,0 days 01:07:02.021000,PER,11,0 days 00:02:11.928000,16.0,4.0,,,0 days 00:00:54.459000,0 days 00:00:47.792000,0 days 00:00:29.677000,0 days 01:05:44.552000,0 days 01:06:32.344000,0 days 01:07:02.021000,155.0,120.0,285.0,282.0,False,SOFT,4.0,True,Red Bull Racing,0 days 01:04:50.093000,,1,,False,,False,True
2023-05,FP3,0 days 01:09:11.308000,PER,11,0 days 00:02:09.287000,17.0,4.0,,,0 days 00:00:30.237000,0 days 00:00:56.928000,0 days 00:00:42.122000,0 days 01:07:32.258000,0 days 01:08:29.186000,0 days 01:09:11.308000,151.0,102.0,238.0,177.0,False,SOFT,5.0,True,Red Bull Racing,0 days 01:07:02.021000,,1,,False,,False,True
2023-05,FP3,0 days 01:11:25.557000,PER,11,0 days 00:02:14.249000,18.0,4.0,,,0 days 00:00:44.748000,0 days 00:00:56.744000,0 days 00:00:32.757000,0 days 01:09:56.056000,0 days 01:10:52.800000,0 days 01:11:25.557000,129.0,102.0,284.0,239.0,False,SOFT,6.0,True,Red Bull Racing,0 days 01:09:11.308000,,1,,False,,False,True
2023-05,FP3,0 days 01:12:53.607000,PER,11,0 days 00:01:28.050000,19.0,4.0,,,0 days 00:00:29.680000,0 days 00:00:33.433000,0 days 00:00:24.937000,0 days 01:11:55.237000,0 days 01:12:28.670000,0 days 01:12:53.607000,219.0,193.0,283.0,340.0,True,SOFT,7.0,True,Red Bull Racing,0 days 01:11:25.557000,,1,,False,,False,True
2023-05,FP3,0 days 01:15:21.022000,PER,11,0 days 00:02:27.415000,20.0,4.0,,,0 days 00:00:46.457000,0 days 00:00:57.893000,0 days 00:00:43.065000,0 days 01:13:40.064000,0 days 01:14:37.957000,0 days 01:15:21.022000,127.0,99.0,284.0,163.0,False,SOFT,8.0,True,Red Bull Racing,0 days 01:12:53.607000,,1,,False,,False,True
2023-05,FP3,0 days 01:17:28.077000,PER,11,0 days 00:02:07.055000,21.0,4.0,,,0 days 00:00:32.236000,0 days 00:00:46.158000,0 days 00:00:48.661000,0 days 01:15:53.258000,0 days 01:16:39.416000,0 days 01:17:28.077000,180.0,123.0,58.0,161.0,False,SOFT,9.0,True,Red Bull Racing,0 days 01:15:21.022000,,1,,False,,False,True
2023-05,FP3,0 days 01:19:46.553000,PER,11,0 days 00:02:18.476000,22.0,4.0,,0 days 01:19:40.430000,0 days 00:01:06.377000,0 days 00:00:35.923000,0 days 00:00:36.176000,0 days 01:18:34.454000,0 days 01:19:10.377000,0 days 01:19:46.553000,180.0,171.0,,193.0,False,SOFT,10.0,True,Red Bull Racing,0 days 01:17:28.077000,,1,,False,,False,False
2023-05,FP3,0 days 00:18:28.515000,ALO,14,,1.0,1.0,0 days 00:16:44.207000,0 days 00:18:22.941000,,0 days 00:00:38.011000,0 days 00:00:32.714000,,0 days 00:17:55.941000,0 days 00:18:28.519000,206.0,174.0,,312.0,False,HARD,1.0,True,Aston Martin,0 days 00:16:44.207000,,1,,False,,False,False
2023-05,FP3,0 days 00:20:31.537000,ALO,14,0 days 00:02:03.022000,2.0,2.0,0 days 00:18:47.331000,0 days 00:20:25.408000,0 days 00:00:53.269000,0 days 00:00:37.161000,0 days 00:00:32.592000,0 days 00:19:21.784000,0 days 00:19:58.945000,0 days 00:20:31.537000,204.0,179.0,,318.0,False,MEDIUM,1.0,True,Aston Martin,0 days 00:18:28.515000,,1,,False,,False,False
2023-05,FP3,0 days 00:22:35.078000,ALO,14,0 days 00:02:03.541000,3.0,3.0,0 days 00:20:49.111000,0 days 00:22:29.547000,0 days 00:00:51.032000,0 days 00:00:38.856000,0 days 00:00:33.653000,0 days 00:21:22.569000,0 days 00:22:01.425000,0 days 00:22:35.078000,205.0,176.0,,198.0,False,MEDIUM,1.0,True,Aston Martin,0 days 00:20:31.537000,,1,,False,,False,False
2023-05,FP3,0 days 00:28:49.173000,ALO,14,,4.0,4.0,0 days 00:27:08.294000,,,0 days 00:00:38.318000,0 days 00:00:28.850000,,0 days 00:28:20.496000,0 days 00:28:49.230000,201.0,172.0,275.0,298.0,False,SOFT,1.0,True,Aston Martin,0 days 00:22:35.078000,,1,,False,,False,False
2023-05,FP3,0 days 00:30:18.182000,ALO,14,0 days 00:01:29.009000,5.0,4.0,,,0 days 00:00:29.828000,0 days 00:00:33.839000,0 days 00:00:25.342000,0 days 00:29:19.001000,0 days 00:29:52.840000,0 days 00:30:18.182000,220.0,191.0,275.0,328.0,True,SOFT,2.0,True,Aston Martin,0 days 00:28:49.173000,,1,,False,,False,True
2023-05,FP3,0 days 00:32:58.631000,ALO,14,,6.0,4.0,,,0 days 00:01:00.870000,0 days 00:00:59.919000,0 days 00:00:39.685000,0 days 00:31:19.229000,0 days 00:32:19.181000,0 days 00:32:58.728000,139.0,125.0,276.0,184.0,False,SOFT,3.0,True,Aston Martin,0 days 00:30:18.182000,,1,,False,,False,False
2023-05,FP3,0 days 00:35:13.038000,ALO,14,0 days 00:02:14.407000,7.0,4.0,,,0 days 00:00:45.804000,0 days 00:00:59.531000,0 days 00:00:29.072000,0 days 00:33:44.435000,0 days 00:34:43.966000,0 days 00:35:13.038000,83.0,114.0,276.0,309.0,False,SOFT,4.0,True,Aston Martin,0 days 00:32:58.631000,,1,,False,,False,True
2023-05,FP3,0 days 00:36:41.850000,ALO,14,0 days 00:01:28.812000,8.0,4.0,,,0 days 00:00:29.817000,0 days 00:00:33.706000,0 days 00:00:25.289000,0 days 00:35:42.855000,0 days 00:36:16.561000,0 days 00:36:41.850000,221.0,192.0,276.0,328.0,True,SOFT,5.0,True,Aston Martin,0 days 00:35:13.038000,,1,,False,,False,True
2023-05,FP3,0 days 00:39:10.766000,ALO,14,0 days 00:02:28.916000,9.0,4.0,,,0 days 00:00:58.447000,0 days 00:00:52.347000,0 days 00:00:38.122000,0 days 00:37:40.297000,0 days 00:38:32.644000,0 days 00:39:10.766000,132.0,99.0,276.0,247.0,False,SOFT,6.0,True,Aston Martin,0 days 00:36:41.850000,,12,,False,,False,True
2023-05,FP3,0 days 00:40:45.341000,ALO,14,0 days 00:01:34.575000,10.0,4.0,,,0 days 00:00:29.809000,0 days 00:00:33.854000,0 days 00:00:30.912000,0 days 00:39:40.575000,0 days 00:40:14.429000,0 days 00:40:45.341000,219.0,191.0,251.0,332.0,False,SOFT,7.0,True,Aston Martin,0 days 00:39:10.766000,,1,,False,,False,True
2023-05,FP3,0 days 00:42:30.397000,ALO,14,0 days 00:01:45.056000,11.0,4.0,,0 days 00:42:24.862000,0 days 00:00:33.254000,0 days 00:00:38.841000,0 days 00:00:32.961000,0 days 00:41:18.595000,0 days 00:41:57.436000,0 days 00:42:30.397000,208.0,181.0,,294.0,False,SOFT,8.0,True,Aston Martin,0 days 00:40:45.341000,,1,,False,,False,False
2023-05,FP3,0 days 00:44:45.581000,ALO,14,0 days 00:02:15.184000,12.0,5.0,0 days 00:42:48.471000,0 days 00:44:38.970000,0 days 00:00:51.722000,0 days 00:00:42.121000,0 days 00:00:41.341000,0 days 00:43:22.119000,0 days 00:44:04.240000,0 days 00:44:45.581000,203.0,150.0,,145.0,False,SOFT,9.0,False,Aston Martin,0 days 00:42:30.397000,,1,,False,,False,False
2023-05,FP3,0 days 00:54:47.860000,ALO,14,,13.0,6.0,0 days 00:52:55.464000,,,0 days 00:00:40.671000,0 days 00:00:31.312000,,0 days 00:54:16.744000,0 days 00:54:47.947000,165.0,147.0,277.0,232.0,False,SOFT,1.0,True,Aston Martin,0 days 00:44:45.581000,,1,,False,,False,False
2023-05,FP3,0 days 00:56:51.208000,ALO,14,0 days 00:02:03.348000,14.0,6.0,,,0 days 00:00:32.634000,0 days 00:00:54.369000,0 days 00:00:36.345000,0 days 00:55:20.494000,0 days 00:56:14.863000,0 days 00:56:51.208000,148.0,111.0,276.0,282.0,False,SOFT,2.0,True,Aston Martin,0 days 00:54:47.860000,,1,,False,,False,True
2023-05,FP3,0 days 00:58:19.929000,ALO,14,0 days 00:01:28.721000,15.0,6.0,,,0 days 00:00:29.884000,0 days 00:00:33.631000,0 days 00:00:25.206000,0 days 00:57:21.092000,0 days 00:57:54.723000,0 days 00:58:19.929000,219.0,194.0,275.0,330.0,True,SOFT,3.0,True,Aston Martin,0 days 00:56:51.208000,,1,,False,,False,True
2023-05,FP3,0 days 01:01:12.329000,ALO,14,,16.0,6.0,,,0 days 00:01:01.317000,0 days 00:01:09.523000,0 days 00:00:41.473000,0 days 00:59:21.335000,0 days 01:00:31.037000,0 days 01:01:12.333000,80.0,49.0,276.0,281.0,False,SOFT,4.0,True,Aston Martin,0 days 00:58:19.929000,,1,,False,,False,False
2023-05,FP3,0 days 01:02:41.114000,ALO,14,0 days 00:01:28.785000,17.0,6.0,,,0 days 00:00:29.594000,0 days 00:00:33.942000,0 days 00:00:25.249000,0 days 01:01:41.923000,0 days 01:02:15.865000,0 days 01:02:41.114000,220.0,193.0,278.0,327.0,False,SOFT,5.0,True,Aston Martin,0 days 01:01:12.329000,,1,,False,,False,True
2023-05,FP3,0 days 01:05:25.360000,ALO,14,,18.0,6.0,,,0 days 00:00:50.510000,0 days 00:01:14.643000,0 days 00:00:39.125000,0 days 01:03:31.707000,0 days 01:04:46.394000,0 days 01:05:25.440000,108.0,100.0,203.0,284.0,False,SOFT,6.0,True,Aston Martin,0 days 01:02:41.114000,,1,,False,,False,False
2023-05,FP3,0 days 01:07:29.991000,ALO,14,0 days 00:02:04.631000,19.0,6.0,,,0 days 00:00:46.573000,0 days 00:00:47.535000,0 days 00:00:30.523000,0 days 01:06:11.933000,0 days 01:06:59.468000,0 days 01:07:29.991000,107.0,131.0,279.0,273.0,False,SOFT,7.0,True,Aston Martin,0 days 01:05:25.360000,,1,,False,,False,True
2023-05,FP3,0 days 01:08:58.609000,ALO,14,0 days 00:01:28.618000,20.0,6.0,,,0 days 00:00:29.613000,0 days 00:00:33.763000,0 days 00:00:25.242000,0 days 01:07:59.604000,0 days 01:08:33.367000,0 days 01:08:58.609000,223.0,193.0,279.0,329.0,True,SOFT,8.0,True,Aston Martin,0 days 01:07:29.991000,,1,,False,,False,True
2023-05,FP3,0 days 01:10:40.577000,ALO,14,0 days 00:01:41.968000,21.0,6.0,,0 days 01:10:35.062000,0 days 00:00:32.890000,0 days 00:00:37.116000,0 days 00:00:31.962000,0 days 01:09:31.499000,0 days 01:10:08.615000,0 days 01:10:40.577000,200.0,169.0,,318.0,False,SOFT,9.0,True,Aston Martin,0 days 01:08:58.609000,,1,,False,,False,False
2023-05,FP3,0 days 01:15:23.324000,ALO,14,,22.0,7.0,0 days 01:13:42.012000,,,0 days 00:00:38.685000,0 days 00:00:29.434000,,0 days 01:14:54.012000,0 days 01:15:23.324000,199.0,179.0,262.0,212.0,False,SOFT,10.0,False,Aston Martin,0 days 01:10:40.577000,,1,,False,,False,False
2023-05,FP3,0 days 01:17:21.904000,ALO,14,0 days 00:01:58.580000,23.0,7.0,,,0 days 00:00:37.865000,0 days 00:00:40.898000,0 days 00:00:39.817000,0 days 01:16:01.189000,0 days 01:16:42.087000,0 days 01:17:21.904000,193.0,154.0,51.0,211.0,False,SOFT,11.0,False,Aston Martin,0 days 01:15:23.324000,,1,,False,,False,True
2023-05,FP3,0 days 01:19:31.368000,ALO,14,,24.0,7.0,,0 days 01:19:31.368000,0 days 00:01:00.194000,0 days 00:00:35.987000,,0 days 01:18:22.212000,0 days 01:18:58.228000,,215.0,175.0,,177.0,False,SOFT,12.0,False,Aston Martin,0 days 01:17:21.904000,,1,,False,,False,False
2023-05,FP3,0 days 00:19:49.264000,LEC,16,,1.0,1.0,0 days 00:17:59.050000,,,0 days 00:00:40.042000,0 days 00:00:34.226000,,0 days 00:19:15.237000,0 days 00:19:49.393000,190.0,165.0,275.0,197.0,False,SOFT,1.0,True,Ferrari,0 days 00:17:59.050000,,1,,False,,False,False
2023-05,FP3,0 days 00:21:20.314000,LEC,16,0 days 00:01:31.050000,2.0,1.0,,,0 days 00:00:30.825000,0 days 00:00:34.526000,0 days 00:00:25.699000,0 days 00:20:20.089000,0 days 00:20:54.615000,0 days 00:21:20.314000,214.0,188.0,276.0,328.0,True,SOFT,2.0,True,Ferrari,0 days 00:19:49.264000,,1,,False,,False,True
2023-05,FP3,0 days 00:24:14.644000,LEC,16,,3.0,1.0,,,0 days 00:01:03.617000,0 days 00:01:01.635000,0 days 00:00:49.061000,0 days 00:22:24.141000,0 days 00:23:25.843000,0 days 00:24:14.733000,122.0,66.0,278.0,216.0,False,SOFT,3.0,True,Ferrari,0 days 00:21:20.314000,,1,,False,,False,False
2023-05,FP3,0 days 00:25:43.701000,LEC,16,0 days 00:01:29.057000,4.0,1.0,,,0 days 00:00:30.233000,0 days 00:00:33.665000,0 days 00:00:25.159000,0 days 00:24:44.877000,0 days 00:25:18.542000,0 days 00:25:43.701000,217.0,191.0,280.0,331.0,True,SOFT,4.0,True,Ferrari,0 days 00:24:14.644000,,1,,False,,False,True
2023-05,FP3,0 days 00:28:32.410000,LEC,16,,5.0,1.0,,0 days 00:28:25.793000,0 days 00:00:58.067000,0 days 00:00:59.571000,0 days 00:00:51.069000,0 days 00:26:41.966000,0 days 00:27:41.512000,0 days 00:28:32.481000,109.0,101.0,,127.0,False,SOFT,5.0,True,Ferrari,0 days 00:25:43.701000,,1,,False,,False,False
2023-05,FP3,0 days 00:31:00.946000,LEC,16,0 days 00:02:28.536000,6.0,2.0,0 days 00:29:01.433000,,0 days 00:01:14.931000,0 days 00:00:45.245000,0 days 00:00:28.360000,0 days 00:29:47.341000,0 days 00:30:32.586000,0 days 00:31:00.946000,137.0,142.0,278.0,299.0,False,SOFT,6.0,False,Ferrari,0 days 00:28:32.410000,,1,,False,,False,False
2023-05,FP3,0 days 00:32:29.572000,LEC,16,0 days 00:01:28.626000,7.0,2.0,,,0 days 00:00:30,0 days 00:00:33.531000,0 days 00:00:25.095000,0 days 00:31:30.946000,0 days 00:32:04.477000,0 days 00:32:29.572000,223.0,192.0,281.0,333.0,True,SOFT,7.0,False,Ferrari,0 days 00:31:00.946000,,1,,False,,False,True
2023-05,FP3,0 days 00:34:43.636000,LEC,16,0 days 00:02:14.064000,8.0,2.0,,0 days 00:34:37.976000,0 days 00:00:40.969000,0 days 00:00:53.527000,0 days 00:00:39.568000,0 days 00:33:10.541000,0 days 00:34:04.068000,0 days 00:34:43.636000,113.0,150.0,,171.0,False,SOFT,8.0,False,Ferrari,0 days 00:32:29.572000,,1,,False,,False,False
2023-05,FP3,0 days 00:42:52.548000,LEC,16,,9.0,3.0,0 days 00:41:10.816000,,,0 days 00:00:36.676000,0 days 00:00:26.971000,,0 days 00:42:25.759000,0 days 00:42:52.565000,203.0,166.0,267.0,300.0,False,SOFT,9.0,False,Ferrari,0 days 00:34:43.636000,,12,,False,,False,False
2023-05,FP3,0 days 00:44:25.545000,LEC,16,0 days 00:01:32.997000,10.0,3.0,,,0 days 00:00:31.529000,0 days 00:00:35.034000,0 days 00:00:26.434000,0 days 00:43:24.077000,0 days 00:43:59.111000,0 days 00:44:25.545000,211.0,183.0,269.0,310.0,False,SOFT,10.0,False,Ferrari,0 days 00:42:52.548000,,1,,False,,False,True
2023-05,FP3,0 days 00:45:58.860000,LEC,16,0 days 00:01:33.315000,11.0,3.0,,,0 days 00:00:31.759000,0 days 00:00:35.160000,0 days 00:00:26.396000,0 days 00:44:57.304000,0 days 00:45:32.464000,0 days 00:45:58.860000,214.0,183.0,268.0,300.0,False,SOFT,11.0,False,Ferrari,0 days 00:44:25.545000,,1,,False,,False,True
2023-05,FP3,0 days 00:47:31.603000,LEC,16,0 days 00:01:32.743000,12.0,3.0,,,0 days 00:00:31.371000,0 days 00:00:35.113000,0 days 00:00:26.259000,0 days 00:46:30.231000,0 days 00:47:05.344000,0 days 00:47:31.603000,212.0,181.0,268.0,307.0,False,SOFT,12.0,False,Ferrari,0 days 00:45:58.860000,,1,,False,,False,True
2023-05,FP3,0 days 00:49:04.748000,LEC,16,0 days 00:01:33.145000,13.0,3.0,,,0 days 00:00:31.581000,0 days 00:00:35.260000,0 days 00:00:26.304000,0 days 00:48:03.184000,0 days 00:48:38.444000,0 days 00:49:04.748000,211.0,184.0,268.0,306.0,False,SOFT,13.0,False,Ferrari,0 days 00:47:31.603000,,1,,False,,False,True
2023-05,FP3,0 days 00:50:38.013000,LEC,16,0 days 00:01:33.265000,14.0,3.0,,,0 days 00:00:31.651000,0 days 00:00:35.231000,0 days 00:00:26.383000,0 days 00:49:36.399000,0 days 00:50:11.630000,0 days 00:50:38.013000,210.0,183.0,268.0,302.0,False,SOFT,14.0,False,Ferrari,0 days 00:49:04.748000,,1,,False,,False,True
2023-05,FP3,0 days 00:52:11.717000,LEC,16,0 days 00:01:33.704000,15.0,3.0,,,0 days 00:00:31.698000,0 days 00:00:35.560000,0 days 00:00:26.446000,0 days 00:51:09.711000,0 days 00:51:45.271000,0 days 00:52:11.717000,212.0,180.0,269.0,301.0,False,SOFT,15.0,False,Ferrari,0 days 00:50:38.013000,,1,,False,,False,True
2023-05,FP3,0 days 00:53:46.310000,LEC,16,0 days 00:01:34.593000,16.0,3.0,,,0 days 00:00:32.262000,0 days 00:00:35.722000,0 days 00:00:26.609000,0 days 00:52:43.979000,0 days 00:53:19.701000,0 days 00:53:46.310000,209.0,181.0,269.0,305.0,False,SOFT,16.0,False,Ferrari,0 days 00:52:11.717000,,1,,False,,False,True
2023-05,FP3,0 days 00:55:21.149000,LEC,16,0 days 00:01:34.839000,17.0,3.0,,,0 days 00:00:32.348000,0 days 00:00:35.894000,0 days 00:00:26.597000,0 days 00:54:18.658000,0 days 00:54:54.552000,0 days 00:55:21.149000,210.0,180.0,269.0,305.0,False,SOFT,17.0,False,Ferrari,0 days 00:53:46.310000,,1,,False,,False,True
2023-05,FP3,0 days 00:57:10.623000,LEC,16,0 days 00:01:49.474000,18.0,3.0,,0 days 00:57:05.102000,0 days 00:00:34.062000,0 days 00:00:40.458000,0 days 00:00:34.954000,0 days 00:55:55.211000,0 days 00:56:35.669000,0 days 00:57:10.623000,168.0,155.0,,212.0,False,SOFT,18.0,False,Ferrari,0 days 00:55:21.149000,,1,,False,,False,False
2023-05,FP3,0 days 01:06:17.966000,LEC,16,,19.0,4.0,0 days 01:04:23.019000,,,0 days 00:00:44.438000,0 days 00:00:30.234000,,0 days 01:05:47.924000,0 days 01:06:18.049000,144.0,134.0,281.0,224.0,False,SOFT,1.0,True,Ferrari,0 days 00:57:10.623000,,1,,False,,False,False
2023-05,FP3,0 days 01:07:46.485000,LEC,16,0 days 00:01:28.519000,20.0,4.0,,,0 days 00:00:29.738000,0 days 00:00:33.687000,0 days 00:00:25.094000,0 days 01:06:47.704000,0 days 01:07:21.391000,0 days 01:07:46.485000,221.0,193.0,284.0,332.0,True,SOFT,2.0,True,Ferrari,0 days 01:06:17.966000,,1,,False,,False,True
2023-05,FP3,0 days 01:10:16.968000,LEC,16,,21.0,4.0,,0 days 01:10:11.484000,0 days 00:00:46.072000,0 days 00:00:57.483000,0 days 00:00:46.893000,0 days 01:08:32.782000,0 days 01:09:30.234000,0 days 01:10:17.030000,125.0,85.0,,193.0,False,SOFT,3.0,True,Ferrari,0 days 01:07:46.485000,,1,,False,,False,False
2023-05,FP3,0 days 01:12:35.581000,LEC,16,0 days 00:02:18.613000,22.0,5.0,0 days 01:10:28.593000,,0 days 00:00:54.857000,0 days 00:00:50.447000,0 days 00:00:33.309000,0 days 01:11:11.825000,0 days 01:12:02.272000,0 days 01:12:35.581000,137.0,122.0,279.0,183.0,False,SOFT,4.0,False,Ferrari,0 days 01:10:16.968000,,1,,False,,False,False
2023-05,FP3,0 days 01:14:03.522000,LEC,16,0 days 00:01:27.941000,23.0,5.0,,,0 days 00:00:29.610000,0 days 00:00:33.353000,0 days 00:00:24.978000,0 days 01:13:05.191000,0 days 01:13:38.544000,0 days 01:14:03.522000,224.0,194.0,280.0,331.0,True,SOFT,5.0,False,Ferrari,0 days 01:12:35.581000,,1,,False,,False,True
2023-05,FP3,0 days 01:16:07.707000,LEC,16,0 days 00:02:04.185000,24.0,5.0,,,0 days 00:00:31.080000,0 days 00:00:50.374000,0 days 00:00:42.731000,0 days 01:14:34.602000,0 days 01:15:24.976000,0 days 01:16:07.707000,175.0,111.0,182.0,145.0,False,SOFT,6.0,False,Ferrari,0 days 01:14:03.522000,,1,,False,,False,True
2023-05,FP3,0 days 01:18:20.041000,LEC,16,0 days 00:02:12.334000,25.0,5.0,,,0 days 00:00:44.686000,0 days 00:00:44.852000,0 days 00:00:42.796000,0 days 01:16:52.393000,0 days 01:17:37.245000,0 days 01:18:20.041000,158.0,144.0,66.0,149.0,False,SOFT,7.0,False,Ferrari,0 days 01:16:07.707000,,1,,False,,False,True
2023-05,FP3,0 days 01:20:34.173000,LEC,16,0 days 00:02:14.132000,26.0,5.0,,0 days 01:20:28.664000,0 days 00:01:00.912000,0 days 00:00:39.859000,0 days 00:00:33.361000,0 days 01:19:20.953000,0 days 01:20:00.812000,0 days 01:20:34.173000,190.0,161.0,,282.0,False,SOFT,8.0,False,Ferrari,0 days 01:18:20.041000,,1,,False,,False,False
2023-05,FP3,0 days 00:18:07.655000,STR,18,,1.0,1.0,0 days 00:16:27.176000,0 days 00:18:02.128000,,0 days 00:00:36.228000,0 days 00:00:31.266000,,0 days 00:17:36.488000,0 days 00:18:07.659000,207.0,178.0,,322.0,False,HARD,1.0,True,Aston Martin,0 days 00:16:27.176000,,1,,False,,False,False
2023-05,FP3,0 days 00:20:02.501000,STR,18,0 days 00:01:54.846000,2.0,2.0,0 days 00:18:25.034000,0 days 00:19:56.955000,0 days 00:00:48.199000,0 days 00:00:35.477000,0 days 00:00:31.170000,0 days 00:18:55.854000,0 days 00:19:31.331000,0 days 00:20:02.501000,213.0,182.0,,322.0,False,MEDIUM,1.0,True,Aston Martin,0 days 00:18:07.655000,,1,,False,,False,False
2023-05,FP3,0 days 00:21:59.001000,STR,18,0 days 00:01:56.500000,3.0,3.0,0 days 00:20:19.845000,0 days 00:21:53.423000,0 days 00:00:47.714000,0 days 00:00:34.770000,0 days 00:00:34.016000,0 days 00:20:50.215000,0 days 00:21:24.985000,0 days 00:21:59.001000,213.0,187.0,,255.0,False,MEDIUM,1.0,True,Aston Martin,0 days 00:20:02.501000,,1,,False,,False,False
2023-05,FP3,0 days 00:29:18.331000,STR,18,,4.0,4.0,0 days 00:27:37.965000,,,0 days 00:00:39.214000,0 days 00:00:29.418000,,0 days 00:28:49.168000,0 days 00:29:18.433000,202.0,135.0,275.0,253.0,False,SOFT,1.0,True,Aston Martin,0 days 00:21:59.001000,,1,,False,,False,False
2023-05,FP3,0 days 00:30:48.557000,STR,18,0 days 00:01:30.226000,5.0,4.0,,,0 days 00:00:30.625000,0 days 00:00:34.007000,0 days 00:00:25.594000,0 days 00:29:48.956000,0 days 00:30:22.963000,0 days 00:30:48.557000,215.0,191.0,274.0,328.0,True,SOFT,2.0,True,Aston Martin,0 days 00:29:18.331000,,1,,False,,False,True
2023-05,FP3,0 days 00:33:28.827000,STR,18,,6.0,4.0,,,0 days 00:00:55.075000,0 days 00:00:57.328000,0 days 00:00:47.801000,0 days 00:31:43.822000,0 days 00:32:41.150000,0 days 00:33:28.852000,112.0,99.0,147.0,120.0,False,SOFT,3.0,True,Aston Martin,0 days 00:30:48.557000,,1,,False,,False,False
2023-05,FP3,0 days 00:35:34.090000,STR,18,0 days 00:02:05.263000,7.0,4.0,,,0 days 00:00:50.269000,0 days 00:00:45.034000,0 days 00:00:29.960000,0 days 00:34:19.096000,0 days 00:35:04.130000,0 days 00:35:34.090000,166.0,119.0,275.0,222.0,False,SOFT,4.0,True,Aston Martin,0 days 00:33:28.827000,,1,,False,,False,True
2023-05,FP3,0 days 00:37:03.106000,STR,18,0 days 00:01:29.016000,8.0,4.0,,,0 days 00:00:29.935000,0 days 00:00:33.660000,0 days 00:00:25.421000,0 days 00:36:04.025000,0 days 00:36:37.685000,0 days 00:37:03.106000,220.0,192.0,275.0,328.0,True,SOFT,5.0,True,Aston Martin,0 days 00:35:34.090000,,1,,False,,False,True
2023-05,FP3,0 days 00:39:19.702000,STR,18,0 days 00:02:16.596000,9.0,4.0,,,0 days 00:00:48.856000,0 days 00:00:53.385000,0 days 00:00:34.355000,0 days 00:37:51.962000,0 days 00:38:45.347000,0 days 00:39:19.702000,166.0,130.0,232.0,192.0,False,SOFT,6.0,True,Aston Martin,0 days 00:37:03.106000,,12,,False,,False,True
2023-05,FP3,0 days 00:41:15.271000,STR,18,0 days 00:01:55.569000,10.0,4.0,,,0 days 00:00:40.216000,0 days 00:00:47.394000,0 days 00:00:27.959000,0 days 00:39:59.918000,0 days 00:40:47.312000,0 days 00:41:15.271000,183.0,147.0,272.0,284.0,False,SOFT,7.0,True,Aston Martin,0 days 00:39:19.702000,,1,,False,,False,True
2023-05,FP3,0 days 00:42:45.902000,STR,18,0 days 00:01:30.631000,11.0,4.0,,,0 days 00:00:30.211000,0 days 00:00:34.723000,0 days 00:00:25.697000,0 days 00:41:45.482000,0 days 00:42:20.205000,0 days 00:42:45.902000,219.0,187.0,272.0,315.0,False,SOFT,8.0,True,Aston Martin,0 days 00:41:15.271000,,1,,False,,False,True
2023-05,FP3,0 days 00:44:33.485000,STR,18,0 days 00:01:47.583000,12.0,4.0,,0 days 00:44:27.970000,0 days 00:00:33.294000,0 days 00:00:39.983000,0 days 00:00:34.306000,0 days 00:43:19.196000,0 days 00:43:59.179000,0 days 00:44:33.485000,202.0,95.0,,275.0,False,SOFT,9.0,True,Aston Martin,0 days 00:42:45.902000,,1,,False,,False,False
2023-05,FP3,0 days 00:46:31.129000,STR,18,0 days 00:01:57.644000,13.0,5.0,0 days 00:44:49.001000,0 days 00:46:25.593000,0 days 00:00:48.588000,0 days 00:00:36.708000,0 days 00:00:32.348000,0 days 00:45:22.073000,0 days 00:45:58.781000,0 days 00:46:31.129000,213.0,178.0,,294.0,False,SOFT,10.0,False,Aston Martin,0 days 00:44:33.485000,,1,,False,,False,False
2023-05,FP3,0 days 00:59:10.833000,STR,18,,14.0,6.0,0 days 00:57:20.211000,,,0 days 00:00:43.524000,0 days 00:00:28.933000,,0 days 00:58:42.023000,0 days 00:59:10.850000,197.0,168.0,277.0,283.0,False,SOFT,1.0,True,Aston Martin,0 days 00:46:31.129000,,1,,False,,False,False
2023-05,FP3,0 days 01:00:39.959000,STR,18,0 days 00:01:29.126000,15.0,6.0,,,0 days 00:00:29.976000,0 days 00:00:33.869000,0 days 00:00:25.281000,0 days 00:59:40.809000,0 days 01:00:14.678000,0 days 01:00:39.959000,216.0,191.0,275.0,331.0,False,SOFT,2.0,True,Aston Martin,0 days 00:59:10.833000,,1,,False,,False,True
2023-05,FP3,0 days 01:03:22.180000,STR,18,,16.0,6.0,,0 days 01:03:16.707000,0 days 00:01:00.419000,0 days 00:01:01.271000,0 days 00:00:40.622000,0 days 01:01:40.458000,0 days 01:02:41.739000,0 days 01:03:22.238000,128.0,133.0,,210.0,False,SOFT,3.0,True,Aston Martin,0 days 01:00:39.959000,,1,,False,,False,False
2023-05,FP3,0 days 01:05:45.200000,STR,18,0 days 00:02:23.020000,17.0,7.0,0 days 01:03:39.535000,,0 days 00:01:00.017000,0 days 00:00:47.070000,0 days 00:00:35.933000,0 days 01:04:22.197000,0 days 01:05:09.267000,0 days 01:05:45.200000,117.0,159.0,278.0,135.0,False,SOFT,4.0,False,Aston Martin,0 days 01:03:22.180000,,1,,False,,False,False
2023-05,FP3,0 days 01:07:13.923000,STR,18,0 days 00:01:28.723000,18.0,7.0,,,0 days 00:00:29.883000,0 days 00:00:33.598000,0 days 00:00:25.242000,0 days 01:06:15.083000,0 days 01:06:48.681000,0 days 01:07:13.923000,219.0,193.0,281.0,328.0,True,SOFT,5.0,False,Aston Martin,0 days 01:05:45.200000,,1,,False,,False,True
2023-05,FP3,0 days 01:09:23.015000,STR,18,0 days 00:02:09.092000,19.0,7.0,,,0 days 00:00:48.702000,0 days 00:00:47.435000,0 days 00:00:32.955000,0 days 01:08:02.625000,0 days 01:08:50.060000,0 days 01:09:23.015000,159.0,146.0,134.0,227.0,False,SOFT,6.0,False,Aston Martin,0 days 01:07:13.923000,,1,,False,,False,True
2023-05,FP3,0 days 01:11:33.415000,STR,18,0 days 00:02:10.400000,20.0,7.0,,,0 days 00:00:50.836000,0 days 00:00:45.101000,0 days 00:00:34.463000,0 days 01:10:13.851000,0 days 01:10:58.952000,0 days 01:11:33.415000,153.0,173.0,276.0,144.0,False,SOFT,7.0,False,Aston Martin,0 days 01:09:23.015000,,1,,False,,False,True
2023-05,FP3,0 days 01:13:02.634000,STR,18,0 days 00:01:29.219000,21.0,7.0,,,0 days 00:00:30.011000,0 days 00:00:33.912000,0 days 00:00:25.296000,0 days 01:12:03.426000,0 days 01:12:37.338000,0 days 01:13:02.634000,220.0,191.0,278.0,328.0,False,SOFT,8.0,False,Aston Martin,0 days 01:11:33.415000,,1,,False,,False,True
2023-05,FP3,0 days 01:15:11.165000,STR,18,0 days 00:02:08.531000,22.0,7.0,,,0 days 00:00:37.436000,0 days 00:00:40.971000,0 days 00:00:50.124000,0 days 01:13:40.070000,0 days 01:14:21.041000,0 days 01:15:11.165000,184.0,103.0,222.0,87.0,False,SOFT,9.0,False,Aston Martin,0 days 01:13:02.634000,,1,,False,,False,True
2023-05,FP3,0 days 01:17:18.283000,STR,18,0 days 00:02:07.118000,23.0,7.0,,,0 days 00:00:37.385000,0 days 00:00:40.338000,0 days 00:00:49.395000,0 days 01:15:48.550000,0 days 01:16:28.888000,0 days 01:17:18.283000,194.0,143.0,74.0,149.0,False,SOFT,10.0,False,Aston Martin,0 days 01:15:11.165000,,1,,False,,False,True
2023-05,FP3,0 days 01:19:20.118000,STR,18,,24.0,7.0,,0 days 01:19:20.118000,0 days 00:00:56.645000,0 days 00:00:35.555000,,0 days 01:18:15.150000,0 days 01:18:50.697000,,216.0,148.0,,237.0,False,SOFT,11.0,False,Aston Martin,0 days 01:17:18.283000,,1,,False,,False,False
2023-05,FP3,0 days 00:34:31.246000,MAG,20,,1.0,1.0,0 days 00:32:41.821000,,,0 days 00:00:47.534000,0 days 00:00:28.053000,,0 days 00:34:03.367000,0 days 00:34:31.352000,172.0,126.0,279.0,304.0,False,SOFT,1.0,True,Haas F1 Team,0 days 00:32:41.821000,,1,,False,,False,False
2023-05,FP3,0 days 00:36:00.507000,MAG,20,0 days 00:01:29.261000,2.0,1.0,,,0 days 00:00:29.964000,0 days 00:00:33.939000,0 days 00:00:25.358000,0 days 00:35:01.210000,0 days 00:35:35.149000,0 days 00:36:00.507000,221.0,189.0,278.0,331.0,True,SOFT,2.0,True,Haas F1 Team,0 days 00:34:31.246000,,1,,False,,False,True
2023-05,FP3,0 days 00:38:33.708000,MAG,20,,3.0,1.0,,,0 days 00:00:53.230000,0 days 00:00:58.418000,0 days 00:00:41.513000,0 days 00:36:53.928000,0 days 00:37:52.334000,0 days 00:38:33.786000,130.0,109.0,280.0,207.0,False,SOFT,3.0,True,Haas F1 Team,0 days 00:36:00.507000,,12,,False,,False,False
2023-05,FP3,0 days 00:40:36.995000,MAG,20,0 days 00:02:03.287000,4.0,1.0,,,0 days 00:00:30.172000,0 days 00:00:48.402000,0 days 00:00:44.713000,0 days 00:39:03.880000,0 days 00:39:52.282000,0 days 00:40:36.995000,206.0,102.0,280.0,162.0,False,SOFT,4.0,True,Haas F1 Team,0 days 00:38:33.708000,,1,,False,,False,True
2023-05,FP3,0 days 00:42:06.261000,MAG,20,0 days 00:01:29.266000,5.0,1.0,,,0 days 00:00:30.158000,0 days 00:00:33.833000,0 days 00:00:25.275000,0 days 00:41:07.153000,0 days 00:41:40.986000,0 days 00:42:06.261000,213.0,190.0,278.0,334.0,False,SOFT,5.0,True,Haas F1 Team,0 days 00:40:36.995000,,1,,False,,False,True
2023-05,FP3,0 days 00:44:11.912000,MAG,20,0 days 00:02:05.651000,6.0,1.0,,0 days 00:44:06.392000,0 days 00:00:41.412000,0 days 00:00:45.979000,0 days 00:00:38.260000,0 days 00:42:47.673000,0 days 00:43:33.652000,0 days 00:44:11.912000,195.0,152.0,,198.0,False,SOFT,6.0,True,Haas F1 Team,0 days 00:42:06.261000,,1,,False,,False,False
2023-05,FP3,0 days 01:05:16.660000,MAG,20,,7.0,2.0,0 days 01:03:30.957000,,,0 days 00:00:40.720000,0 days 00:00:30.836000,,0 days 01:04:46.003000,0 days 01:05:16.737000,198.0,143.0,281.0,174.0,False,SOFT,1.0,True,Haas F1 Team,0 days 00:44:11.912000,,1,,False,,False,False
2023-05,FP3,0 days 01:06:45.267000,MAG,20,0 days 00:01:28.607000,8.0,2.0,,,0 days 00:00:29.582000,0 days 00:00:33.766000,0 days 00:00:25.259000,0 days 01:05:46.242000,0 days 01:06:20.008000,0 days 01:06:45.267000,219.0,190.0,281.0,332.0,True,SOFT,2.0,True,Haas F1 Team,0 days 01:05:16.660000,,1,,False,,False,True
2023-05,FP3,0 days 01:09:40.382000,MAG,20,,9.0,2.0,,,0 days 00:00:53.295000,0 days 00:01:09.224000,0 days 00:00:52.540000,0 days 01:07:38.720000,0 days 01:08:47.922000,0 days 01:09:40.390000,126.0,89.0,279.0,71.0,False,SOFT,3.0,True,Haas F1 Team,0 days 01:06:45.267000,,1,,False,,False,False
2023-05,FP3,0 days 01:11:09.389000,MAG,20,0 days 00:01:29.007000,10.0,2.0,,,0 days 00:00:29.972000,0 days 00:00:33.851000,0 days 00:00:25.184000,0 days 01:10:10.354000,0 days 01:10:44.205000,0 days 01:11:09.389000,220.0,187.0,282.0,334.0,False,SOFT,4.0,True,Haas F1 Team,0 days 01:09:40.382000,,1,,False,,False,True
2023-05,FP3,0 days 01:14:10.462000,MAG,20,,11.0,2.0,,,0 days 00:00:59.155000,0 days 00:01:15.644000,0 days 00:00:46.324000,0 days 01:12:08.670000,0 days 01:13:24.138000,0 days 01:14:10.543000,97.0,86.0,277.0,256.0,False,SOFT,5.0,True,Haas F1 Team,0 days 01:11:09.389000,,1,,False,,False,False
2023-05,FP3,0 days 01:15:39.580000,MAG,20,0 days 00:01:29.118000,12.0,2.0,,,0 days 00:00:29.927000,0 days 00:00:33.722000,0 days 00:00:25.469000,0 days 01:14:40.389000,0 days 01:15:14.111000,0 days 01:15:39.580000,218.0,189.0,278.0,329.0,False,SOFT,6.0,True,Haas F1 Team,0 days 01:14:10.462000,,1,,False,,False,True
2023-05,FP3,0 days 01:17:54.084000,MAG,20,0 days 00:02:14.504000,13.0,2.0,,,0 days 00:00:43.073000,0 days 00:00:45.954000,0 days 00:00:45.477000,0 days 01:16:22.653000,0 days 01:17:08.607000,0 days 01:17:54.084000,157.0,147.0,101.0,272.0,False,SOFT,7.0,True,Haas F1 Team,0 days 01:15:39.580000,,1,,False,,False,True
2023-05,FP3,0 days 01:20:08.945000,MAG,20,0 days 00:02:14.861000,14.0,2.0,,0 days 01:20:03.493000,0 days 00:01:01.315000,0 days 00:00:35.507000,0 days 00:00:38.039000,0 days 01:18:55.399000,0 days 01:19:30.906000,0 days 01:20:08.945000,215.0,177.0,,222.0,False,SOFT,8.0,True,Haas F1 Team,0 days 01:17:54.084000,,1,,False,,False,False
2023-05,FP3,0 days 00:27:59.680000,DEV,21,,1.0,1.0,0 days 00:26:17.060000,,,0 days 00:00:38.594000,0 days 00:00:28.207000,,0 days 00:27:31.591000,0 days 00:27:59.809000,205.0,165.0,275.0,291.0,False,SOFT,1.0,True,AlphaTauri,0 days 00:26:17.060000,,1,,False,,False,False
2023-05,FP3,0 days 00:29:31.074000,DEV,21,0 days 00:01:31.394000,2.0,1.0,,,0 days 00:00:30.924000,0 days 00:00:34.580000,0 days 00:00:25.890000,0 days 00:28:30.604000,0 days 00:29:05.184000,0 days 00:29:31.074000,216.0,187.0,276.0,329.0,True,SOFT,2.0,True,AlphaTauri,0 days 00:27:59.680000,,1,,False,,False,True
2023-05,FP3,0 days 00:31:30.495000,DEV,21,0 days 00:01:59.421000,3.0,1.0,,,0 days 00:00:42.689000,0 days 00:00:44.757000,0 days 00:00:31.975000,0 days 00:30:13.763000,0 days 00:30:58.520000,0 days 00:31:30.495000,148.0,132.0,242.0,269.0,False,SOFT,3.0,True,AlphaTauri,0 days 00:29:31.074000,,1,,False,,False,True
2023-05,FP3,0 days 00:33:20.551000,DEV,21,0 days 00:01:50.056000,4.0,1.0,,,0 days 00:00:37.293000,0 days 00:00:40.044000,0 days 00:00:32.719000,0 days 00:32:07.788000,0 days 00:32:47.832000,0 days 00:33:20.551000,191.0,130.0,277.0,201.0,False,SOFT,4.0,True,AlphaTauri,0 days 00:31:30.495000,,1,,False,,False,True
2023-05,FP3,0 days 00:34:51.292000,DEV,21,0 days 00:01:30.741000,5.0,1.0,,,0 days 00:00:30.475000,0 days 00:00:34.614000,0 days 00:00:25.652000,0 days 00:33:51.026000,0 days 00:34:25.640000,0 days 00:34:51.292000,212.0,186.0,277.0,330.0,True,SOFT,5.0,True,AlphaTauri,0 days 00:33:20.551000,,1,,False,,False,True
2023-05,FP3,0 days 00:36:56.605000,DEV,21,0 days 00:02:05.313000,6.0,1.0,,0 days 00:36:50.881000,0 days 00:00:40.592000,0 days 00:00:44.765000,0 days 00:00:39.956000,0 days 00:35:31.884000,0 days 00:36:16.649000,0 days 00:36:56.605000,125.0,103.0,,199.0,False,SOFT,6.0,True,AlphaTauri,0 days 00:34:51.292000,,1,,False,,False,False
2023-05,FP3,0 days 00:39:13.563000,DEV,21,0 days 00:02:16.958000,7.0,2.0,0 days 00:37:20.771000,,0 days 00:00:59.239000,0 days 00:00:40.918000,0 days 00:00:36.801000,0 days 00:37:55.844000,0 days 00:38:36.762000,0 days 00:39:13.563000,199.0,129.0,281.0,156.0,False,SOFT,7.0,False,AlphaTauri,0 days 00:36:56.605000,,12,,False,,False,False
2023-05,FP3,0 days 00:40:43.010000,DEV,21,0 days 00:01:29.447000,8.0,2.0,,,0 days 00:00:30.158000,0 days 00:00:34.094000,0 days 00:00:25.195000,0 days 00:39:43.721000,0 days 00:40:17.815000,0 days 00:40:43.010000,220.0,190.0,280.0,336.0,True,SOFT,8.0,False,AlphaTauri,0 days 00:39:13.563000,,1,,False,,False,True
2023-05,FP3,0 days 00:42:31.821000,DEV,21,0 days 00:01:48.811000,9.0,2.0,,0 days 00:42:26.315000,0 days 00:00:37.757000,0 days 00:00:38.655000,0 days 00:00:32.399000,0 days 00:41:20.767000,0 days 00:41:59.422000,0 days 00:42:31.821000,194.0,171.0,,298.0,False,SOFT,9.0,False,AlphaTauri,0 days 00:40:43.010000,,1,,False,,False,False
2023-05,FP3,0 days 00:44:22.756000,DEV,21,0 days 00:01:50.935000,10.0,3.0,0 days 00:42:43.768000,0 days 00:44:17.282000,0 days 00:00:41.961000,0 days 00:00:35.535000,0 days 00:00:33.439000,0 days 00:43:13.782000,0 days 00:43:49.317000,0 days 00:44:22.756000,212.0,174.0,,218.0,False,SOFT,10.0,False,AlphaTauri,0 days 00:42:31.821000,,1,,False,,False,False
2023-05,FP3,0 days 00:58:45.004000,DEV,21,,11.0,4.0,0 days 00:57:07.164000,,,0 days 00:00:37.084000,0 days 00:00:27.597000,,0 days 00:58:17.523000,0 days 00:58:45.038000,207.0,175.0,276.0,297.0,False,SOFT,1.0,True,AlphaTauri,0 days 00:44:22.756000,,1,,False,,False,False
2023-05,FP3,0 days 01:00:15.612000,DEV,21,0 days 00:01:30.608000,12.0,4.0,,,0 days 00:00:30.522000,0 days 00:00:34.409000,0 days 00:00:25.677000,0 days 00:59:15.526000,0 days 00:59:49.935000,0 days 01:00:15.612000,212.0,188.0,274.0,328.0,False,SOFT,2.0,True,AlphaTauri,0 days 00:58:45.004000,,1,,False,,False,True
2023-05,FP3,0 days 01:02:23.092000,DEV,21,0 days 00:02:07.480000,13.0,4.0,,,0 days 00:00:44.695000,0 days 00:00:43.686000,0 days 00:00:39.099000,0 days 01:01:00.307000,0 days 01:01:43.993000,0 days 01:02:23.092000,170.0,138.0,217.0,120.0,False,SOFT,3.0,True,AlphaTauri,0 days 01:00:15.612000,,1,,False,,False,True
2023-05,FP3,0 days 01:04:11.512000,DEV,21,0 days 00:01:48.420000,14.0,4.0,,,0 days 00:00:41.110000,0 days 00:00:39.393000,0 days 00:00:27.917000,0 days 01:03:04.202000,0 days 01:03:43.595000,0 days 01:04:11.512000,178.0,159.0,278.0,302.0,False,SOFT,4.0,True,AlphaTauri,0 days 01:02:23.092000,,1,,False,,False,True
2023-05,FP3,0 days 01:05:41.508000,DEV,21,0 days 00:01:29.996000,15.0,4.0,,,0 days 00:00:30.067000,0 days 00:00:34.250000,0 days 00:00:25.679000,0 days 01:04:41.579000,0 days 01:05:15.829000,0 days 01:05:41.508000,216.0,189.0,278.0,331.0,False,SOFT,5.0,True,AlphaTauri,0 days 01:04:11.512000,,1,,False,,False,True
2023-05,FP3,0 days 01:07:45.185000,DEV,21,0 days 00:02:03.677000,16.0,4.0,,,0 days 00:00:43.163000,0 days 00:00:46.866000,0 days 00:00:33.648000,0 days 01:06:24.671000,0 days 01:07:11.537000,0 days 01:07:45.185000,157.0,130.0,242.0,219.0,False,SOFT,6.0,True,AlphaTauri,0 days 01:05:41.508000,,1,,False,,False,True
2023-05,FP3,0 days 01:09:30.297000,DEV,21,0 days 00:01:45.112000,17.0,4.0,,,0 days 00:00:36.881000,0 days 00:00:40.418000,0 days 00:00:27.813000,0 days 01:08:22.066000,0 days 01:09:02.484000,0 days 01:09:30.297000,128.0,166.0,281.0,283.0,False,SOFT,7.0,True,AlphaTauri,0 days 01:07:45.185000,,1,,False,,False,True
2023-05,FP3,0 days 01:11:00.176000,DEV,21,0 days 00:01:29.879000,18.0,4.0,,,0 days 00:00:30.193000,0 days 00:00:34.166000,0 days 00:00:25.520000,0 days 01:10:00.490000,0 days 01:10:34.656000,0 days 01:11:00.176000,218.0,192.0,280.0,331.0,False,SOFT,8.0,True,AlphaTauri,0 days 01:09:30.297000,,1,,False,,False,True
2023-05,FP3,0 days 01:12:48.634000,DEV,21,0 days 00:01:48.458000,19.0,4.0,,0 days 01:12:43.076000,0 days 00:00:38.028000,0 days 00:00:39.481000,0 days 00:00:30.949000,0 days 01:11:38.204000,0 days 01:12:17.685000,0 days 01:12:48.634000,182.0,167.0,,327.0,False,SOFT,9.0,True,AlphaTauri,0 days 01:11:00.176000,,1,,False,,False,False
2023-05,FP3,0 days 01:15:07.065000,DEV,21,0 days 00:02:18.431000,20.0,5.0,0 days 01:13:00.154000,,0 days 00:00:47.061000,0 days 00:00:50.727000,0 days 00:00:40.643000,0 days 01:13:35.695000,0 days 01:14:26.422000,0 days 01:15:07.065000,139.0,131.0,237.0,155.0,False,SOFT,10.0,False,AlphaTauri,0 days 01:12:48.634000,,1,,False,,False,False
2023-05,FP3,0 days 01:16:56.624000,DEV,21,0 days 00:01:49.559000,21.0,5.0,,,0 days 00:00:35.097000,0 days 00:00:37.924000,0 days 00:00:36.538000,0 days 01:15:42.162000,0 days 01:16:20.086000,0 days 01:16:56.624000,206.0,152.0,73.0,304.0,False,SOFT,11.0,False,AlphaTauri,0 days 01:15:07.065000,,1,,False,,False,True
2023-05,FP3,0 days 01:18:59.525000,DEV,21,0 days 00:02:02.901000,22.0,5.0,,0 days 01:18:54.009000,0 days 00:00:54.416000,0 days 00:00:36.844000,0 days 00:00:31.641000,0 days 01:17:51.040000,0 days 01:18:27.884000,0 days 01:18:59.525000,212.0,171.0,,325.0,False,SOFT,12.0,False,AlphaTauri,0 days 01:16:56.624000,,1,,False,,False,False
2023-05,FP3,0 days 00:33:04.149000,TSU,22,,1.0,1.0,0 days 00:30:43.870000,,,0 days 00:00:42.898000,0 days 00:00:58.049000,,0 days 00:32:06.369000,0 days 00:33:04.259000,203.0,102.0,275.0,48.0,False,SOFT,1.0,True,AlphaTauri,0 days 00:30:43.870000,,1,,False,,False,False
2023-05,FP3,0 days 00:34:35.190000,TSU,22,0 days 00:01:31.041000,2.0,1.0,,,0 days 00:00:30.759000,0 days 00:00:34.751000,0 days 00:00:25.531000,0 days 00:33:34.908000,0 days 00:34:09.659000,0 days 00:34:35.190000,211.0,186.0,270.0,332.0,True,SOFT,2.0,True,AlphaTauri,0 days 00:33:04.149000,,1,,False,,False,True
2023-05,FP3,0 days 00:36:57.624000,TSU,22,0 days 00:02:22.434000,3.0,1.0,,,0 days 00:00:48.848000,0 days 00:00:51.128000,0 days 00:00:42.458000,0 days 00:35:24.038000,0 days 00:36:15.166000,0 days 00:36:57.624000,131.0,106.0,186.0,182.0,False,SOFT,3.0,True,AlphaTauri,0 days 00:34:35.190000,,1,,False,,False,True
2023-05,FP3,0 days 00:38:54.675000,TSU,22,0 days 00:01:57.051000,4.0,1.0,,,0 days 00:00:45.379000,0 days 00:00:42.686000,0 days 00:00:28.986000,0 days 00:37:43.003000,0 days 00:38:25.689000,0 days 00:38:54.675000,158.0,127.0,279.0,280.0,False,SOFT,4.0,True,AlphaTauri,0 days 00:36:57.624000,,12,,False,,False,True
2023-05,FP3,0 days 00:40:24.441000,TSU,22,0 days 00:01:29.766000,5.0,1.0,,,0 days 00:00:30.224000,0 days 00:00:34.163000,0 days 00:00:25.379000,0 days 00:39:24.899000,0 days 00:39:59.062000,0 days 00:40:24.441000,221.0,192.0,278.0,333.0,True,SOFT,5.0,True,AlphaTauri,0 days 00:38:54.675000,,1,,False,,False,True
2023-05,FP3,0 days 00:42:36.808000,TSU,22,0 days 00:02:12.367000,6.0,1.0,,,0 days 00:00:47.466000,0 days 00:00:47.389000,0 days 00:00:37.512000,0 days 00:41:11.907000,0 days 00:41:59.296000,0 days 00:42:36.808000,148.0,119.0,156.0,259.0,False,SOFT,6.0,True,AlphaTauri,0 days 00:40:24.441000,,1,,False,,False,True
2023-05,FP3,0 days 00:44:46.910000,TSU,22,0 days 00:02:10.102000,7.0,1.0,,,0 days 00:00:51.869000,0 days 00:00:47.898000,0 days 00:00:30.335000,0 days 00:43:28.677000,0 days 00:44:16.575000,0 days 00:44:46.910000,146.0,135.0,276.0,278.0,False,SOFT,7.0,True,AlphaTauri,0 days 00:42:36.808000,,1,,False,,False,True
2023-05,FP3,0 days 00:46:16.756000,TSU,22,0 days 00:01:29.846000,8.0,1.0,,,0 days 00:00:30.249000,0 days 00:00:34.141000,0 days 00:00:25.456000,0 days 00:45:17.159000,0 days 00:45:51.300000,0 days 00:46:16.756000,220.0,189.0,277.0,329.0,False,SOFT,8.0,True,AlphaTauri,0 days 00:44:46.910000,,1,,False,,False,True
2023-05,FP3,0 days 00:48:04.600000,TSU,22,0 days 00:01:47.844000,9.0,1.0,,0 days 00:47:59.186000,0 days 00:00:35.482000,0 days 00:00:38.978000,0 days 00:00:33.384000,0 days 00:46:52.238000,0 days 00:47:31.216000,0 days 00:48:04.600000,195.0,168.0,,257.0,False,SOFT,9.0,True,AlphaTauri,0 days 00:46:16.756000,,1,,False,,False,False
2023-05,FP3,0 days 00:49:58.806000,TSU,22,0 days 00:01:54.206000,10.0,2.0,0 days 00:48:16.170000,0 days 00:49:53.263000,0 days 00:00:43.342000,0 days 00:00:38.218000,0 days 00:00:32.646000,0 days 00:48:47.942000,0 days 00:49:26.160000,0 days 00:49:58.806000,203.0,171.0,,283.0,False,SOFT,10.0,False,AlphaTauri,0 days 00:48:04.600000,,1,,False,,False,False
2023-05,FP3,0 days 01:02:13.275000,TSU,22,,11.0,3.0,0 days 01:00:26.678000,,,0 days 00:00:36.732000,0 days 00:00:31.464000,,0 days 01:01:42.005000,0 days 01:02:13.348000,194.0,169.0,277.0,150.0,False,SOFT,1.0,True,AlphaTauri,0 days 00:49:58.806000,,1,,False,,False,False
2023-05,FP3,0 days 01:04:01.584000,TSU,22,0 days 00:01:48.309000,12.0,3.0,,0 days 01:03:55.754000,0 days 00:00:30.169000,0 days 00:00:36.131000,0 days 00:00:42.009000,0 days 01:02:43.444000,0 days 01:03:19.575000,0 days 01:04:01.584000,213.0,110.0,,228.0,False,SOFT,2.0,True,AlphaTauri,0 days 01:02:13.275000,,1,,False,,False,False
2023-05,FP3,0 days 01:06:29.911000,TSU,22,0 days 00:02:28.327000,13.0,4.0,0 days 01:04:26.284000,,0 days 00:01:08.918000,0 days 00:00:47.436000,0 days 00:00:31.973000,0 days 01:05:10.502000,0 days 01:05:57.938000,0 days 01:06:29.911000,136.0,117.0,280.0,276.0,False,SOFT,3.0,False,AlphaTauri,0 days 01:04:01.584000,,1,,False,,False,False
2023-05,FP3,0 days 01:08:40.431000,TSU,22,0 days 00:02:10.520000,14.0,4.0,,,0 days 00:00:30.939000,0 days 00:00:52.951000,0 days 00:00:46.630000,0 days 01:07:00.850000,0 days 01:07:53.801000,0 days 01:08:40.431000,142.0,80.0,177.0,142.0,False,SOFT,4.0,False,AlphaTauri,0 days 01:06:29.911000,,1,,False,,False,True
2023-05,FP3,0 days 01:10:45.428000,TSU,22,0 days 00:02:04.997000,15.0,4.0,,,0 days 00:00:50.965000,0 days 00:00:44.920000,0 days 00:00:29.112000,0 days 01:09:31.396000,0 days 01:10:16.316000,0 days 01:10:45.428000,149.0,136.0,279.0,286.0,False,SOFT,5.0,False,AlphaTauri,0 days 01:08:40.431000,,1,,False,,False,True
2023-05,FP3,0 days 01:12:14.607000,TSU,22,0 days 00:01:29.179000,16.0,4.0,,,0 days 00:00:29.862000,0 days 00:00:34.015000,0 days 00:00:25.302000,0 days 01:11:15.290000,0 days 01:11:49.305000,0 days 01:12:14.607000,222.0,191.0,278.0,329.0,True,SOFT,6.0,False,AlphaTauri,0 days 01:10:45.428000,,1,,False,,False,True
2023-05,FP3,0 days 01:14:22.462000,TSU,22,0 days 00:02:07.855000,17.0,4.0,,,0 days 00:00:47.116000,0 days 00:00:49.310000,0 days 00:00:31.429000,0 days 01:13:01.723000,0 days 01:13:51.033000,0 days 01:14:22.462000,137.0,136.0,276.0,116.0,False,SOFT,7.0,False,AlphaTauri,0 days 01:12:14.607000,,1,,False,,False,True
2023-05,FP3,0 days 01:15:52.689000,TSU,22,0 days 00:01:30.227000,18.0,4.0,,,0 days 00:00:30.165000,0 days 00:00:34.549000,0 days 00:00:25.513000,0 days 01:14:52.627000,0 days 01:15:27.176000,0 days 01:15:52.689000,218.0,186.0,277.0,332.0,False,SOFT,8.0,False,AlphaTauri,0 days 01:14:22.462000,,1,,False,,False,True
2023-05,FP3,0 days 01:17:57.561000,TSU,22,0 days 00:02:04.872000,19.0,4.0,,,0 days 00:00:40.576000,0 days 00:00:41.749000,0 days 00:00:42.547000,0 days 01:16:33.265000,0 days 01:17:15.014000,0 days 01:17:57.561000,174.0,172.0,45.0,207.0,False,SOFT,9.0,False,AlphaTauri,0 days 01:15:52.689000,,1,,False,,False,True
2023-05,FP3,0 days 01:20:14.426000,TSU,22,0 days 00:02:16.865000,20.0,4.0,,0 days 01:20:09.008000,0 days 00:01:04.550000,0 days 00:00:39.194000,0 days 00:00:33.121000,0 days 01:19:02.111000,0 days 01:19:41.305000,0 days 01:20:14.426000,204.0,169.0,,273.0,False,SOFT,10.0,False,AlphaTauri,0 days 01:17:57.561000,,1,,False,,False,False
2023-05,FP3,0 days 00:31:52.437000,ALB,23,,1.0,1.0,0 days 00:30:03.542000,,,0 days 00:00:43.077000,0 days 00:00:28.080000,,0 days 00:31:24.541000,0 days 00:31:52.541000,185.0,141.0,278.0,300.0,False,SOFT,1.0,True,Williams,0 days 00:30:03.542000,,1,,False,,False,False
2023-05,FP3,0 days 00:33:22.635000,ALB,23,0 days 00:01:30.198000,2.0,1.0,,,0 days 00:00:30.561000,0 days 00:00:34.247000,0 days 00:00:25.390000,0 days 00:32:22.998000,0 days 00:32:57.245000,0 days 00:33:22.635000,218.0,189.0,283.0,336.0,True,SOFT,2.0,True,Williams,0 days 00:31:52.437000,,1,,False,,False,True
2023-05,FP3,0 days 00:35:46.129000,ALB,23,0 days 00:02:23.494000,3.0,1.0,,,0 days 00:00:49.447000,0 days 00:00:56.963000,0 days 00:00:37.084000,0 days 00:34:12.082000,0 days 00:35:09.045000,0 days 00:35:46.129000,140.0,118.0,281.0,88.0,False,SOFT,3.0,True,Williams,0 days 00:33:22.635000,,1,,False,,False,True
2023-05,FP3,0 days 00:37:22.765000,ALB,23,0 days 00:01:36.636000,4.0,1.0,,,0 days 00:00:30.366000,0 days 00:00:33.872000,0 days 00:00:32.398000,0 days 00:36:16.495000,0 days 00:36:50.367000,0 days 00:37:22.765000,215.0,190.0,263.0,339.0,False,SOFT,4.0,True,Williams,0 days 00:35:46.129000,,12,,False,,False,True
2023-05,FP3,0 days 00:39:44.951000,ALB,23,0 days 00:02:22.186000,5.0,1.0,,,0 days 00:00:50.696000,0 days 00:00:52.944000,0 days 00:00:38.546000,0 days 00:38:13.461000,0 days 00:39:06.405000,0 days 00:39:44.951000,142.0,130.0,208.0,228.0,False,SOFT,5.0,True,Williams,0 days 00:37:22.765000,,1,,False,,False,True
2023-05,FP3,0 days 00:41:55.328000,ALB,23,0 days 00:02:10.377000,6.0,1.0,,,0 days 00:00:46.849000,0 days 00:00:51.631000,0 days 00:00:31.897000,0 days 00:40:31.800000,0 days 00:41:23.431000,0 days 00:41:55.328000,162.0,146.0,277.0,231.0,False,SOFT,6.0,True,Williams,0 days 00:39:44.951000,,1,,False,,False,True
2023-05,FP3,0 days 00:43:24.486000,ALB,23,0 days 00:01:29.158000,7.0,1.0,,,0 days 00:00:29.969000,0 days 00:00:33.837000,0 days 00:00:25.352000,0 days 00:42:25.297000,0 days 00:42:59.134000,0 days 00:43:24.486000,220.0,189.0,280.0,333.0,True,SOFT,7.0,True,Williams,0 days 00:41:55.328000,,1,,False,,False,True
2023-05,FP3,0 days 00:45:23.729000,ALB,23,0 days 00:01:59.243000,8.0,1.0,,0 days 00:45:18.250000,0 days 00:00:37.591000,0 days 00:00:46.953000,0 days 00:00:34.699000,0 days 00:44:02.077000,0 days 00:44:49.030000,0 days 00:45:23.729000,191.0,154.0,,284.0,False,SOFT,8.0,True,Williams,0 days 00:43:24.486000,,1,,False,,False,False
2023-05,FP3,0 days 00:55:47.990000,ALB,23,,9.0,2.0,0 days 00:54:05.198000,,,0 days 00:00:40.748000,0 days 00:00:27.160000,,0 days 00:55:20.931000,0 days 00:55:48.056000,194.0,170.0,278.0,301.0,False,SOFT,1.0,True,Williams,0 days 00:45:23.729000,,1,,False,,False,False
2023-05,FP3,0 days 00:57:17.444000,ALB,23,0 days 00:01:29.454000,10.0,2.0,,,0 days 00:00:30.204000,0 days 00:00:33.827000,0 days 00:00:25.423000,0 days 00:56:18.194000,0 days 00:56:52.021000,0 days 00:57:17.444000,221.0,187.0,276.0,335.0,False,SOFT,2.0,True,Williams,0 days 00:55:47.990000,,1,,False,,False,True
2023-05,FP3,0 days 00:59:40.342000,ALB,23,0 days 00:02:22.898000,11.0,2.0,,,0 days 00:00:52.295000,0 days 00:00:54.197000,0 days 00:00:36.406000,0 days 00:58:09.739000,0 days 00:59:03.936000,0 days 00:59:40.342000,140.0,124.0,189.0,280.0,False,SOFT,3.0,True,Williams,0 days 00:57:17.444000,,1,,False,,False,True
2023-05,FP3,0 days 01:01:49.959000,ALB,23,0 days 00:02:09.617000,12.0,2.0,,,0 days 00:00:47.820000,0 days 00:00:49.181000,0 days 00:00:32.616000,0 days 01:00:28.162000,0 days 01:01:17.343000,0 days 01:01:49.959000,168.0,124.0,280.0,226.0,False,SOFT,4.0,True,Williams,0 days 00:59:40.342000,,1,,False,,False,True
2023-05,FP3,0 days 01:03:18.520000,ALB,23,0 days 00:01:28.561000,13.0,2.0,,,0 days 00:00:29.706000,0 days 00:00:33.730000,0 days 00:00:25.125000,0 days 01:02:19.665000,0 days 01:02:53.395000,0 days 01:03:18.520000,223.0,188.0,283.0,337.0,True,SOFT,5.0,True,Williams,0 days 01:01:49.959000,,1,,False,,False,True
2023-05,FP3,0 days 01:05:38.112000,ALB,23,0 days 00:02:19.592000,14.0,2.0,,,0 days 00:00:49.317000,0 days 00:00:52.269000,0 days 00:00:38.006000,0 days 01:04:07.837000,0 days 01:05:00.106000,0 days 01:05:38.112000,137.0,114.0,196.0,232.0,False,SOFT,6.0,True,Williams,0 days 01:03:18.520000,,1,,False,,False,True
2023-05,FP3,0 days 01:08:05.419000,ALB,23,0 days 00:02:27.307000,15.0,2.0,,,0 days 00:00:50.217000,0 days 00:00:59.303000,0 days 00:00:37.787000,0 days 01:06:28.329000,0 days 01:07:27.632000,0 days 01:08:05.419000,131.0,121.0,281.0,129.0,False,SOFT,7.0,True,Williams,0 days 01:05:38.112000,,1,,False,,False,True
2023-05,FP3,0 days 01:09:34.598000,ALB,23,0 days 00:01:29.179000,16.0,2.0,,,0 days 00:00:30.034000,0 days 00:00:33.820000,0 days 00:00:25.325000,0 days 01:08:35.453000,0 days 01:09:09.273000,0 days 01:09:34.598000,218.0,189.0,281.0,336.0,False,SOFT,8.0,True,Williams,0 days 01:08:05.419000,,1,,False,,False,True
2023-05,FP3,0 days 01:11:33.439000,ALB,23,0 days 00:01:58.841000,17.0,2.0,,0 days 01:11:27.920000,0 days 00:00:40.222000,0 days 00:00:45.377000,0 days 00:00:33.242000,0 days 01:10:14.820000,0 days 01:11:00.197000,0 days 01:11:33.439000,189.0,157.0,,213.0,False,SOFT,9.0,True,Williams,0 days 01:09:34.598000,,1,,False,,False,False
2023-05,FP3,0 days 01:15:22.555000,ALB,23,,18.0,3.0,0 days 01:13:37.153000,,,0 days 00:00:38.753000,0 days 00:00:29.489000,,0 days 01:14:53.152000,0 days 01:15:22.605000,208.0,171.0,274.0,186.0,False,SOFT,9.0,False,Williams,0 days 01:11:33.439000,,1,,False,,False,False
2023-05,FP3,0 days 01:17:25.760000,ALB,23,0 days 00:02:03.205000,19.0,3.0,,,0 days 00:00:35.807000,0 days 00:00:42.243000,0 days 00:00:45.155000,0 days 01:15:58.362000,0 days 01:16:40.605000,0 days 01:17:25.760000,206.0,132.0,65.0,216.0,False,SOFT,10.0,False,Williams,0 days 01:15:22.555000,,1,,False,,False,True
2023-05,FP3,0 days 01:19:40.321000,ALB,23,0 days 00:02:14.561000,20.0,3.0,,0 days 01:19:34.524000,0 days 00:01:02.428000,0 days 00:00:37.531000,0 days 00:00:34.602000,0 days 01:18:28.188000,0 days 01:19:05.719000,0 days 01:19:40.321000,200.0,153.0,,283.0,False,SOFT,11.0,False,Williams,0 days 01:17:25.760000,,1,,False,,False,False
2023-05,FP3,0 days 00:27:52.007000,ZHO,24,,1.0,1.0,0 days 00:26:06.435000,,,0 days 00:00:39.381000,0 days 00:00:28.654000,,0 days 00:27:23.481000,0 days 00:27:52.059000,197.0,163.0,272.0,265.0,False,SOFT,1.0,True,Alfa Romeo,0 days 00:26:06.435000,,1,,False,,False,False
2023-05,FP3,0 days 00:29:23.175000,ZHO,24,0 days 00:01:31.168000,2.0,1.0,,,0 days 00:00:30.741000,0 days 00:00:34.502000,0 days 00:00:25.925000,0 days 00:28:22.748000,0 days 00:28:57.250000,0 days 00:29:23.175000,218.0,187.0,276.0,326.0,True,SOFT,2.0,True,Alfa Romeo,0 days 00:27:52.007000,,1,,False,,False,True
2023-05,FP3,0 days 00:31:25.131000,ZHO,24,0 days 00:02:01.956000,3.0,1.0,,,0 days 00:00:48.240000,0 days 00:00:43.854000,0 days 00:00:29.862000,0 days 00:30:11.415000,0 days 00:30:55.269000,0 days 00:31:25.131000,160.0,125.0,271.0,210.0,False,SOFT,3.0,True,Alfa Romeo,0 days 00:29:23.175000,,1,,False,,False,True
2023-05,FP3,0 days 00:32:55.649000,ZHO,24,0 days 00:01:30.518000,4.0,1.0,,,0 days 00:00:30.478000,0 days 00:00:34.266000,0 days 00:00:25.774000,0 days 00:31:55.609000,0 days 00:32:29.875000,0 days 00:32:55.649000,218.0,188.0,278.0,327.0,True,SOFT,4.0,True,Alfa Romeo,0 days 00:31:25.131000,,1,,False,,False,True
2023-05,FP3,0 days 00:35:09.849000,ZHO,24,0 days 00:02:14.200000,5.0,1.0,,0 days 00:35:04.289000,0 days 00:00:45.362000,0 days 00:00:52.586000,0 days 00:00:36.252000,0 days 00:33:41.011000,0 days 00:34:33.597000,0 days 00:35:09.849000,144.0,143.0,,224.0,False,SOFT,5.0,True,Alfa Romeo,0 days 00:32:55.649000,,1,,False,,False,False
2023-05,FP3,0 days 00:37:33.639000,ZHO,24,0 days 00:02:23.790000,6.0,2.0,0 days 00:35:29.288000,,0 days 00:01:02.128000,0 days 00:00:49.125000,0 days 00:00:32.537000,0 days 00:36:11.977000,0 days 00:37:01.102000,0 days 00:37:33.639000,152.0,116.0,274.0,205.0,False,SOFT,6.0,False,Alfa Romeo,0 days 00:35:09.849000,,12,,False,,False,False
2023-05,FP3,0 days 00:39:03.870000,ZHO,24,0 days 00:01:30.231000,7.0,2.0,,,0 days 00:00:30.356000,0 days 00:00:34.274000,0 days 00:00:25.601000,0 days 00:38:03.995000,0 days 00:38:38.269000,0 days 00:39:03.870000,214.0,189.0,277.0,328.0,True,SOFT,7.0,False,Alfa Romeo,0 days 00:37:33.639000,,1,,False,,False,True
2023-05,FP3,0 days 00:41:04.791000,ZHO,24,0 days 00:02:00.921000,8.0,2.0,,0 days 00:40:59.269000,0 days 00:00:44.512000,0 days 00:00:42.770000,0 days 00:00:33.639000,0 days 00:39:48.382000,0 days 00:40:31.152000,0 days 00:41:04.791000,163.0,160.0,,260.0,False,SOFT,8.0,False,Alfa Romeo,0 days 00:39:03.870000,,1,,False,,False,False
2023-05,FP3,0 days 00:58:09.573000,ZHO,24,,9.0,3.0,0 days 00:56:23.305000,,,0 days 00:00:38.692000,0 days 00:00:29.801000,,0 days 00:57:39.898000,0 days 00:58:09.695000,206.0,154.0,278.0,179.0,False,SOFT,1.0,True,Alfa Romeo,0 days 00:41:04.791000,,1,,False,,False,False
2023-05,FP3,0 days 00:59:38.647000,ZHO,24,0 days 00:01:29.074000,10.0,3.0,,,0 days 00:00:30.041000,0 days 00:00:33.817000,0 days 00:00:25.216000,0 days 00:58:39.614000,0 days 00:59:13.431000,0 days 00:59:38.647000,219.0,192.0,281.0,332.0,True,SOFT,2.0,True,Alfa Romeo,0 days 00:58:09.573000,,1,,False,,False,True
2023-05,FP3,0 days 01:01:41.892000,ZHO,24,0 days 00:02:03.245000,11.0,3.0,,,0 days 00:00:46.598000,0 days 00:00:45.293000,0 days 00:00:31.354000,0 days 01:00:25.245000,0 days 01:01:10.538000,0 days 01:01:41.892000,122.0,112.0,279.0,225.0,False,SOFT,3.0,True,Alfa Romeo,0 days 00:59:38.647000,,1,,False,,False,True
2023-05,FP3,0 days 01:03:11.054000,ZHO,24,0 days 00:01:29.162000,12.0,3.0,,,0 days 00:00:29.839000,0 days 00:00:34.152000,0 days 00:00:25.171000,0 days 01:02:11.731000,0 days 01:02:45.883000,0 days 01:03:11.054000,221.0,189.0,281.0,333.0,False,SOFT,4.0,True,Alfa Romeo,0 days 01:01:41.892000,,1,,False,,False,True
2023-05,FP3,0 days 01:05:30.819000,ZHO,24,0 days 00:02:19.765000,13.0,3.0,,0 days 01:05:25.393000,0 days 00:00:48.860000,0 days 00:00:51.321000,0 days 00:00:39.584000,0 days 01:03:59.914000,0 days 01:04:51.235000,0 days 01:05:30.819000,131.0,105.0,,195.0,False,SOFT,5.0,True,Alfa Romeo,0 days 01:03:11.054000,,1,,False,,False,False
2023-05,FP3,0 days 01:07:53.227000,ZHO,24,0 days 00:02:22.408000,14.0,4.0,0 days 01:05:48.471000,,0 days 00:01:01.079000,0 days 00:00:46.171000,0 days 00:00:35.158000,0 days 01:06:31.898000,0 days 01:07:18.069000,0 days 01:07:53.227000,150.0,89.0,276.0,199.0,False,SOFT,6.0,False,Alfa Romeo,0 days 01:05:30.819000,,1,,False,,False,False
2023-05,FP3,0 days 01:09:23.288000,ZHO,24,0 days 00:01:30.061000,15.0,4.0,,,0 days 00:00:30.324000,0 days 00:00:34.276000,0 days 00:00:25.461000,0 days 01:08:23.551000,0 days 01:08:57.827000,0 days 01:09:23.288000,217.0,190.0,277.0,329.0,False,SOFT,7.0,False,Alfa Romeo,0 days 01:07:53.227000,,1,,False,,False,True
2023-05,FP3,0 days 01:11:11.046000,ZHO,24,0 days 00:01:47.758000,16.0,4.0,,0 days 01:11:05.514000,0 days 00:00:33.415000,0 days 00:00:41.489000,0 days 00:00:32.854000,0 days 01:09:56.703000,0 days 01:10:38.192000,0 days 01:11:11.046000,199.0,175.0,,303.0,False,SOFT,8.0,False,Alfa Romeo,0 days 01:09:23.288000,,1,,False,,False,False
2023-05,FP3,0 days 01:16:08.690000,ZHO,24,,17.0,5.0,0 days 01:14:19.481000,,,0 days 00:00:38.063000,0 days 00:00:30.355000,,0 days 01:15:38.433000,0 days 01:16:08.715000,208.0,177.0,196.0,254.0,False,SOFT,9.0,False,Alfa Romeo,0 days 01:11:11.046000,,1,,False,,False,False
2023-05,FP3,0 days 01:18:15.722000,ZHO,24,0 days 00:02:07.032000,18.0,5.0,,,0 days 00:00:39.033000,0 days 00:00:41.321000,0 days 00:00:46.678000,0 days 01:16:47.723000,0 days 01:17:29.044000,0 days 01:18:15.722000,209.0,130.0,67.0,180.0,False,SOFT,10.0,False,Alfa Romeo,0 days 01:16:08.690000,,1,,False,,False,True
2023-05,FP3,0 days 01:20:28.086000,ZHO,24,0 days 00:02:12.364000,19.0,5.0,,0 days 01:20:22.477000,0 days 00:01:00.593000,0 days 00:00:39.169000,0 days 00:00:32.602000,0 days 01:19:16.315000,0 days 01:19:55.484000,0 days 01:20:28.086000,213.0,158.0,,274.0,False,SOFT,11.0,False,Alfa Romeo,0 days 01:18:15.722000,,1,,False,,False,False
2023-05,FP3,0 days 00:35:43.124000,HUL,27,,1.0,1.0,0 days 00:33:56.602000,,,0 days 00:00:39.761000,0 days 00:00:30.988000,,0 days 00:35:12.320000,0 days 00:35:43.226000,168.0,178.0,275.0,226.0,False,SOFT,1.0,True,Haas F1 Team,0 days 00:33:56.602000,,1,,False,,False,False
2023-05,FP3,0 days 00:37:13.564000,HUL,27,0 days 00:01:30.440000,2.0,1.0,,,0 days 00:00:30.980000,0 days 00:00:33.927000,0 days 00:00:25.533000,0 days 00:36:14.104000,0 days 00:36:48.031000,0 days 00:37:13.564000,219.0,190.0,278.0,329.0,True,SOFT,2.0,True,Haas F1 Team,0 days 00:35:43.124000,,12,,False,,False,True
2023-05,FP3,0 days 00:39:33.061000,HUL,27,0 days 00:02:19.497000,3.0,1.0,,,0 days 00:00:48.533000,0 days 00:00:55.230000,0 days 00:00:35.734000,0 days 00:38:02.097000,0 days 00:38:57.327000,0 days 00:39:33.061000,148.0,109.0,281.0,273.0,False,SOFT,3.0,True,Haas F1 Team,0 days 00:37:13.564000,,1,,False,,False,True
2023-05,FP3,0 days 00:41:29.604000,HUL,27,0 days 00:01:56.543000,4.0,1.0,,,0 days 00:00:33.633000,0 days 00:00:49.391000,0 days 00:00:33.519000,0 days 00:40:06.694000,0 days 00:40:56.085000,0 days 00:41:29.604000,143.0,124.0,280.0,293.0,False,SOFT,4.0,True,Haas F1 Team,0 days 00:39:33.061000,,1,,False,,False,True
2023-05,FP3,0 days 00:42:58.846000,HUL,27,0 days 00:01:29.242000,5.0,1.0,,,0 days 00:00:30.311000,0 days 00:00:33.705000,0 days 00:00:25.226000,0 days 00:41:59.915000,0 days 00:42:33.620000,0 days 00:42:58.846000,222.0,192.0,282.0,336.0,True,SOFT,5.0,True,Haas F1 Team,0 days 00:41:29.604000,,1,,False,,False,True
2023-05,FP3,0 days 00:45:22.848000,HUL,27,0 days 00:02:24.002000,6.0,1.0,,,0 days 00:00:50.300000,0 days 00:00:54.639000,0 days 00:00:39.063000,0 days 00:43:49.146000,0 days 00:44:43.785000,0 days 00:45:22.848000,132.0,115.0,279.0,262.0,False,SOFT,6.0,True,Haas F1 Team,0 days 00:42:58.846000,,1,,False,,False,True
2023-05,FP3,0 days 00:46:51.650000,HUL,27,0 days 00:01:28.802000,7.0,1.0,,,0 days 00:00:29.820000,0 days 00:00:33.862000,0 days 00:00:25.120000,0 days 00:45:52.668000,0 days 00:46:26.530000,0 days 00:46:51.650000,222.0,192.0,282.0,332.0,True,SOFT,7.0,True,Haas F1 Team,0 days 00:45:22.848000,,1,,False,,False,True
2023-05,FP3,0 days 00:48:37.044000,HUL,27,0 days 00:01:45.394000,8.0,1.0,,0 days 00:48:31.576000,0 days 00:00:34.819000,0 days 00:00:37.528000,0 days 00:00:33.047000,0 days 00:47:26.469000,0 days 00:48:03.997000,0 days 00:48:37.044000,199.0,175.0,,290.0,False,SOFT,8.0,True,Haas F1 Team,0 days 00:46:51.650000,,1,,False,,False,False
2023-05,FP3,0 days 01:05:50.174000,HUL,27,,9.0,2.0,0 days 01:03:34.504000,,,0 days 00:00:49.325000,0 days 00:00:43.779000,,0 days 01:05:06.487000,0 days 01:05:50.174000,148.0,98.0,282.0,246.0,False,SOFT,1.0,True,Haas F1 Team,0 days 00:48:37.044000,,1,,False,,False,False
2023-05,FP3,0 days 01:07:43.042000,HUL,27,0 days 00:01:52.868000,10.0,2.0,,,0 days 00:00:30.034000,0 days 00:00:50.316000,0 days 00:00:32.518000,0 days 01:06:20.208000,0 days 01:07:10.524000,0 days 01:07:43.042000,200.0,148.0,284.0,256.0,False,SOFT,2.0,True,Haas F1 Team,0 days 01:05:50.174000,,1,,False,,False,True
2023-05,FP3,0 days 01:09:11.539000,HUL,27,0 days 00:01:28.497000,11.0,2.0,,,0 days 00:00:29.745000,0 days 00:00:33.699000,0 days 00:00:25.053000,0 days 01:08:12.787000,0 days 01:08:46.486000,0 days 01:09:11.539000,223.0,192.0,284.0,335.0,True,SOFT,3.0,True,Haas F1 Team,0 days 01:07:43.042000,,1,,False,,False,True
2023-05,FP3,0 days 01:11:44,HUL,27,,12.0,2.0,,,0 days 00:00:51.812000,0 days 00:01:00.349000,0 days 00:00:40.335000,0 days 01:10:03.421000,0 days 01:11:03.796000,0 days 01:11:44.014000,134.0,110.0,280.0,258.0,False,SOFT,4.0,True,Haas F1 Team,0 days 01:09:11.539000,,1,,False,,False,False
2023-05,FP3,0 days 01:13:12.590000,HUL,27,0 days 00:01:28.590000,13.0,2.0,,,0 days 00:00:29.849000,0 days 00:00:33.756000,0 days 00:00:24.985000,0 days 01:12:13.849000,0 days 01:12:47.605000,0 days 01:13:12.590000,222.0,193.0,283.0,334.0,False,SOFT,5.0,True,Haas F1 Team,0 days 01:11:44,,1,,False,,False,True
2023-05,FP3,0 days 01:15:08.880000,HUL,27,0 days 00:01:56.290000,14.0,2.0,,,0 days 00:00:41.474000,0 days 00:00:43.278000,0 days 00:00:31.538000,0 days 01:13:54.064000,0 days 01:14:37.342000,0 days 01:15:08.880000,197.0,165.0,235.0,202.0,False,SOFT,6.0,True,Haas F1 Team,0 days 01:13:12.590000,,1,,False,,False,True
2023-05,FP3,0 days 01:17:01.836000,HUL,27,0 days 00:01:52.956000,15.0,2.0,,,0 days 00:00:34.924000,0 days 00:00:38.662000,0 days 00:00:39.370000,0 days 01:15:43.804000,0 days 01:16:22.466000,0 days 01:17:01.836000,202.0,166.0,71.0,210.0,False,SOFT,7.0,True,Haas F1 Team,0 days 01:15:08.880000,,1,,False,,False,True
2023-05,FP3,0 days 01:19:08.478000,HUL,27,0 days 00:02:06.642000,16.0,2.0,,0 days 01:19:02.946000,0 days 00:00:54.982000,0 days 00:00:38.632000,0 days 00:00:33.028000,0 days 01:17:56.818000,0 days 01:18:35.450000,0 days 01:19:08.478000,199.0,172.0,,228.0,False,SOFT,8.0,True,Haas F1 Team,0 days 01:17:01.836000,,1,,False,,False,False
2023-05,FP3,0 days 00:17:05.362000,OCO,31,,1.0,1.0,0 days 00:15:17.380000,,,0 days 00:00:40.806000,0 days 00:00:28.406000,,0 days 00:16:37.145000,0 days 00:17:05.473000,171.0,157.0,280.0,286.0,False,MEDIUM,1.0,True,Alpine,0 days 00:15:17.380000,,1,,False,,False,False
2023-05,FP3,0 days 00:18:36.487000,OCO,31,0 days 00:01:31.125000,2.0,1.0,,,0 days 00:00:30.873000,0 days 00:00:34.581000,0 days 00:00:25.671000,0 days 00:17:36.235000,0 days 00:18:10.816000,0 days 00:18:36.487000,217.0,186.0,279.0,330.0,True,MEDIUM,2.0,True,Alpine,0 days 00:17:05.362000,,1,,False,,False,True
2023-05,FP3,0 days 00:20:53.057000,OCO,31,0 days 00:02:16.570000,3.0,1.0,,,0 days 00:00:48.591000,0 days 00:00:53.975000,0 days 00:00:34.004000,0 days 00:19:25.078000,0 days 00:20:19.053000,0 days 00:20:53.057000,135.0,134.0,278.0,157.0,False,MEDIUM,3.0,True,Alpine,0 days 00:18:36.487000,,1,,False,,False,True
2023-05,FP3,0 days 00:22:23.528000,OCO,31,0 days 00:01:30.471000,4.0,1.0,,,0 days 00:00:30.896000,0 days 00:00:34.080000,0 days 00:00:25.495000,0 days 00:21:23.953000,0 days 00:21:58.033000,0 days 00:22:23.528000,213.0,188.0,278.0,330.0,True,MEDIUM,4.0,True,Alpine,0 days 00:20:53.057000,,1,,False,,False,True
2023-05,FP3,0 days 00:24:37.076000,OCO,31,0 days 00:02:13.548000,5.0,1.0,,,0 days 00:00:46.184000,0 days 00:00:54.341000,0 days 00:00:33.023000,0 days 00:23:09.712000,0 days 00:24:04.053000,0 days 00:24:37.076000,126.0,140.0,279.0,244.0,False,MEDIUM,5.0,True,Alpine,0 days 00:22:23.528000,,1,,False,,False,True
2023-05,FP3,0 days 00:26:07.184000,OCO,31,0 days 00:01:30.108000,6.0,1.0,,,0 days 00:00:30.530000,0 days 00:00:34.149000,0 days 00:00:25.429000,0 days 00:25:07.606000,0 days 00:25:41.755000,0 days 00:26:07.184000,219.0,189.0,280.0,329.0,True,MEDIUM,6.0,True,Alpine,0 days 00:24:37.076000,,1,,False,,False,True
2023-05,FP3,0 days 00:27:59.175000,OCO,31,0 days 00:01:51.991000,7.0,1.0,,0 days 00:27:53.700000,0 days 00:00:37.813000,0 days 00:00:41.072000,0 days 00:00:33.106000,0 days 00:26:44.997000,0 days 00:27:26.069000,0 days 00:27:59.175000,187.0,153.0,,271.0,False,MEDIUM,7.0,True,Alpine,0 days 00:26:07.184000,,1,,False,,False,False
2023-05,FP3,0 days 00:38:12.596000,OCO,31,,8.0,2.0,0 days 00:36:22.678000,,,0 days 00:00:40.838000,0 days 00:00:33.013000,,0 days 00:37:39.802000,0 days 00:38:12.677000,194.0,165.0,280.0,209.0,False,MEDIUM,8.0,False,Alpine,0 days 00:27:59.175000,,12,,False,,False,False
2023-05,FP3,0 days 00:40:03.673000,OCO,31,0 days 00:01:51.077000,9.0,2.0,,,0 days 00:00:39.518000,0 days 00:00:41.773000,0 days 00:00:29.786000,0 days 00:38:52.114000,0 days 00:39:33.887000,0 days 00:40:03.673000,177.0,146.0,279.0,255.0,False,MEDIUM,9.0,False,Alpine,0 days 00:38:12.596000,,1,,False,,False,True
2023-05,FP3,0 days 00:41:33.097000,OCO,31,0 days 00:01:29.424000,10.0,2.0,,,0 days 00:00:30.151000,0 days 00:00:33.960000,0 days 00:00:25.313000,0 days 00:40:33.824000,0 days 00:41:07.784000,0 days 00:41:33.097000,218.0,190.0,280.0,335.0,True,MEDIUM,10.0,False,Alpine,0 days 00:40:03.673000,,1,,False,,False,True
2023-05,FP3,0 days 00:43:41.480000,OCO,31,0 days 00:02:08.383000,11.0,2.0,,,0 days 00:00:46.387000,0 days 00:00:49.888000,0 days 00:00:32.108000,0 days 00:42:19.484000,0 days 00:43:09.372000,0 days 00:43:41.480000,125.0,131.0,280.0,257.0,False,MEDIUM,11.0,False,Alpine,0 days 00:41:33.097000,,1,,False,,False,True
2023-05,FP3,0 days 00:45:11.080000,OCO,31,0 days 00:01:29.600000,12.0,2.0,,,0 days 00:00:30.076000,0 days 00:00:34.094000,0 days 00:00:25.430000,0 days 00:44:11.556000,0 days 00:44:45.650000,0 days 00:45:11.080000,219.0,189.0,279.0,329.0,False,MEDIUM,12.0,False,Alpine,0 days 00:43:41.480000,,1,,False,,False,True
2023-05,FP3,0 days 00:46:59.523000,OCO,31,0 days 00:01:48.443000,13.0,2.0,,0 days 00:46:54.046000,0 days 00:00:33.699000,0 days 00:00:36.507000,0 days 00:00:38.237000,0 days 00:45:44.779000,0 days 00:46:21.286000,0 days 00:46:59.523000,197.0,168.0,,200.0,False,MEDIUM,13.0,False,Alpine,0 days 00:45:11.080000,,1,,False,,False,False
2023-05,FP3,0 days 00:54:55.225000,OCO,31,,14.0,3.0,0 days 00:53:08.761000,,,0 days 00:00:40.640000,0 days 00:00:28.641000,,0 days 00:54:26.760000,0 days 00:54:55.338000,184.0,153.0,280.0,289.0,False,SOFT,1.0,True,Alpine,0 days 00:46:59.523000,,1,,False,,False,False
2023-05,FP3,0 days 00:56:24.289000,OCO,31,0 days 00:01:29.064000,15.0,3.0,,,0 days 00:00:29.857000,0 days 00:00:33.902000,0 days 00:00:25.305000,0 days 00:55:25.082000,0 days 00:55:58.984000,0 days 00:56:24.289000,219.0,190.0,278.0,330.0,True,SOFT,2.0,True,Alpine,0 days 00:54:55.225000,,1,,False,,False,True
2023-05,FP3,0 days 00:58:41.791000,OCO,31,0 days 00:02:17.502000,16.0,3.0,,,0 days 00:00:44.103000,0 days 00:00:56.811000,0 days 00:00:36.588000,0 days 00:57:08.392000,0 days 00:58:05.203000,0 days 00:58:41.791000,129.0,131.0,201.0,197.0,False,SOFT,3.0,True,Alpine,0 days 00:56:24.289000,,1,,False,,False,True
2023-05,FP3,0 days 01:00:52.387000,OCO,31,0 days 00:02:10.596000,17.0,3.0,,,0 days 00:00:44.853000,0 days 00:00:51.681000,0 days 00:00:34.062000,0 days 00:59:26.644000,0 days 01:00:18.325000,0 days 01:00:52.387000,173.0,117.0,281.0,114.0,False,SOFT,4.0,True,Alpine,0 days 00:58:41.791000,,1,,False,,False,True
2023-05,FP3,0 days 01:02:21.219000,OCO,31,0 days 00:01:28.832000,18.0,3.0,,,0 days 00:00:29.668000,0 days 00:00:33.931000,0 days 00:00:25.233000,0 days 01:01:22.055000,0 days 01:01:55.986000,0 days 01:02:21.219000,220.0,189.0,281.0,331.0,True,SOFT,5.0,True,Alpine,0 days 01:00:52.387000,,1,,False,,False,True
2023-05,FP3,0 days 01:04:42.522000,OCO,31,0 days 00:02:21.303000,19.0,3.0,,,0 days 00:00:49.519000,0 days 00:00:52.418000,0 days 00:00:39.366000,0 days 01:03:10.738000,0 days 01:04:03.156000,0 days 01:04:42.522000,128.0,145.0,172.0,180.0,False,SOFT,6.0,True,Alpine,0 days 01:02:21.219000,,1,,False,,False,True
2023-05,FP3,0 days 01:06:52.282000,OCO,31,0 days 00:02:09.760000,20.0,3.0,,,0 days 00:00:49.207000,0 days 00:00:51.883000,0 days 00:00:28.670000,0 days 01:05:31.729000,0 days 01:06:23.612000,0 days 01:06:52.282000,132.0,144.0,282.0,300.0,False,SOFT,7.0,True,Alpine,0 days 01:04:42.522000,,1,,False,,False,True
2023-05,FP3,0 days 01:08:20.689000,OCO,31,0 days 00:01:28.407000,21.0,3.0,,,0 days 00:00:29.712000,0 days 00:00:33.543000,0 days 00:00:25.152000,0 days 01:07:21.994000,0 days 01:07:55.537000,0 days 01:08:20.689000,222.0,191.0,280.0,332.0,True,SOFT,8.0,True,Alpine,0 days 01:06:52.282000,,1,,False,,False,True
2023-05,FP3,0 days 01:10:19.622000,OCO,31,0 days 00:01:58.933000,22.0,3.0,,0 days 01:10:14.140000,0 days 00:00:35.869000,0 days 00:00:39.807000,0 days 00:00:43.257000,0 days 01:08:56.558000,0 days 01:09:36.365000,0 days 01:10:19.622000,199.0,171.0,,199.0,False,SOFT,9.0,True,Alpine,0 days 01:08:20.689000,,1,,False,,False,False
2023-05,FP3,0 days 01:16:02.096000,OCO,31,,23.0,4.0,0 days 01:14:09.090000,,,0 days 00:00:45.848000,0 days 00:00:30.017000,,0 days 01:15:32.136000,0 days 01:16:02.167000,206.0,158.0,257.0,230.0,False,MEDIUM,14.0,False,Alpine,0 days 01:10:19.622000,,1,,False,,False,False
2023-05,FP3,0 days 01:18:04.713000,OCO,31,0 days 00:02:02.617000,24.0,4.0,,,0 days 00:00:38.190000,0 days 00:00:40.406000,0 days 00:00:44.021000,0 days 01:16:40.286000,0 days 01:17:20.692000,0 days 01:18:04.713000,191.0,149.0,62.0,167.0,False,MEDIUM,15.0,False,Alpine,0 days 01:16:02.096000,,1,,False,,False,True
2023-05,FP3,0 days 01:20:43.336000,OCO,31,,25.0,4.0,,0 days 01:20:36.180000,0 days 00:01:07.805000,0 days 00:00:47.729000,0 days 00:00:43.095000,0 days 01:19:12.571000,0 days 01:20:00.289000,0 days 01:20:43.336000,201.0,166.0,,154.0,False,MEDIUM,16.0,False,Alpine,0 days 01:18:04.713000,,1,,False,,False,False
2023-05,FP3,0 days 00:18:34.167000,HAM,44,,1.0,1.0,0 days 00:16:45.223000,,,0 days 00:00:40.936000,0 days 00:00:31.903000,,0 days 00:18:02.472000,0 days 00:18:34.253000,184.0,157.0,277.0,180.0,False,SOFT,1.0,True,Mercedes,0 days 00:16:45.223000,,1,,False,,False,False
2023-05,FP3,0 days 00:20:05.314000,HAM,44,0 days 00:01:31.147000,2.0,1.0,,,0 days 00:00:31.052000,0 days 00:00:34.508000,0 days 00:00:25.587000,0 days 00:19:05.219000,0 days 00:19:39.727000,0 days 00:20:05.314000,214.0,187.0,278.0,333.0,True,SOFT,2.0,True,Mercedes,0 days 00:18:34.167000,,1,,False,,False,True
2023-05,FP3,0 days 00:22:51.592000,HAM,44,,3.0,1.0,,0 days 00:22:45.891000,0 days 00:01:03.808000,0 days 00:01:00.975000,0 days 00:00:41.484000,0 days 00:21:09.314000,0 days 00:22:10.297000,0 days 00:22:51.625000,100.0,122.0,,205.0,False,SOFT,3.0,True,Mercedes,0 days 00:20:05.314000,,1,,False,,False,False
2023-05,FP3,0 days 00:25:20.610000,HAM,44,0 days 00:02:29.018000,4.0,2.0,0 days 00:23:11.047000,,0 days 00:01:09.269000,0 days 00:00:51.305000,0 days 00:00:28.444000,0 days 00:24:00.861000,0 days 00:24:52.166000,0 days 00:25:20.610000,113.0,136.0,277.0,257.0,False,SOFT,4.0,False,Mercedes,0 days 00:22:51.592000,,1,,False,,False,False
2023-05,FP3,0 days 00:26:50.810000,HAM,44,0 days 00:01:30.200000,5.0,2.0,,,0 days 00:00:30.120000,0 days 00:00:34.094000,0 days 00:00:25.986000,0 days 00:25:50.730000,0 days 00:26:24.824000,0 days 00:26:50.810000,219.0,190.0,279.0,330.0,True,SOFT,5.0,False,Mercedes,0 days 00:25:20.610000,,1,,False,,False,True
2023-05,FP3,0 days 00:29:38.245000,HAM,44,,6.0,2.0,,0 days 00:29:32.480000,0 days 00:01:00.676000,0 days 00:01:03.112000,0 days 00:00:43.586000,0 days 00:27:51.684000,0 days 00:28:54.808000,0 days 00:29:38.245000,106.0,115.0,,192.0,False,SOFT,6.0,False,Mercedes,0 days 00:26:50.810000,,1,,False,,False,False
2023-05,FP3,0 days 00:32:17.214000,HAM,44,,7.0,3.0,0 days 00:29:59.386000,,0 days 00:01:16.575000,0 days 00:00:50.993000,0 days 00:00:31.480000,0 days 00:30:54.901000,0 days 00:31:45.994000,0 days 00:32:17.353000,118.0,152.0,277.0,219.0,False,SOFT,7.0,False,Mercedes,0 days 00:29:38.245000,,1,,False,,False,False
2023-05,FP3,0 days 00:33:46.414000,HAM,44,0 days 00:01:29.200000,8.0,3.0,,,0 days 00:00:29.798000,0 days 00:00:33.833000,0 days 00:00:25.569000,0 days 00:32:47.012000,0 days 00:33:20.845000,0 days 00:33:46.414000,222.0,191.0,279.0,332.0,True,SOFT,8.0,False,Mercedes,0 days 00:32:17.214000,,1,,False,,False,True
2023-05,FP3,0 days 00:35:17.280000,HAM,44,0 days 00:01:30.866000,9.0,3.0,,,0 days 00:00:30.449000,0 days 00:00:34.693000,0 days 00:00:25.724000,0 days 00:34:16.863000,0 days 00:34:51.556000,0 days 00:35:17.280000,218.0,189.0,279.0,319.0,False,SOFT,9.0,False,Mercedes,0 days 00:33:46.414000,,1,,False,,False,True
2023-05,FP3,0 days 00:36:47.777000,HAM,44,0 days 00:01:30.497000,10.0,3.0,,,0 days 00:00:30.384000,0 days 00:00:34.517000,0 days 00:00:25.596000,0 days 00:35:47.664000,0 days 00:36:22.181000,0 days 00:36:47.777000,215.0,191.0,275.0,318.0,False,SOFT,10.0,False,Mercedes,0 days 00:35:17.280000,,1,,False,,False,True
2023-05,FP3,0 days 00:38:19.553000,HAM,44,0 days 00:01:31.776000,11.0,3.0,,,0 days 00:00:30.771000,0 days 00:00:34.874000,0 days 00:00:26.131000,0 days 00:37:18.548000,0 days 00:37:53.422000,0 days 00:38:19.553000,215.0,189.0,276.0,310.0,False,SOFT,11.0,False,Mercedes,0 days 00:36:47.777000,,12,,False,,False,True
2023-05,FP3,0 days 00:39:57.246000,HAM,44,0 days 00:01:37.693000,12.0,3.0,,0 days 00:39:51.785000,0 days 00:00:30.934000,0 days 00:00:35.032000,0 days 00:00:31.727000,0 days 00:38:50.487000,0 days 00:39:25.519000,0 days 00:39:57.246000,215.0,186.0,,311.0,False,SOFT,12.0,False,Mercedes,0 days 00:38:19.553000,,1,,False,,False,False
2023-05,FP3,0 days 00:52:45.864000,HAM,44,,13.0,4.0,0 days 00:50:57.497000,,,0 days 00:00:42.866000,0 days 00:00:29.523000,,0 days 00:52:16.558000,0 days 00:52:45.964000,190.0,169.0,277.0,257.0,False,SOFT,1.0,True,Mercedes,0 days 00:39:57.246000,,1,,False,,False,False
2023-05,FP3,0 days 00:54:14.588000,HAM,44,0 days 00:01:28.724000,14.0,4.0,,,0 days 00:00:29.610000,0 days 00:00:33.744000,0 days 00:00:25.370000,0 days 00:53:15.474000,0 days 00:53:49.218000,0 days 00:54:14.588000,219.0,191.0,275.0,330.0,True,SOFT,2.0,True,Mercedes,0 days 00:52:45.864000,,1,,False,,False,True
2023-05,FP3,0 days 00:56:47.993000,HAM,44,,15.0,4.0,,0 days 00:56:41.477000,0 days 00:00:50.494000,0 days 00:00:59.263000,0 days 00:00:43.587000,0 days 00:55:05.259000,0 days 00:56:04.524000,0 days 00:56:47.993000,112.0,128.0,,179.0,False,SOFT,3.0,True,Mercedes,0 days 00:54:14.588000,,1,,False,,False,False
2023-05,FP3,0 days 01:02:17.832000,HAM,44,,16.0,5.0,0 days 01:00:17.912000,,,0 days 00:00:41.464000,0 days 00:00:30.456000,,0 days 01:01:47.567000,0 days 01:02:17.911000,128.0,178.0,282.0,203.0,False,SOFT,4.0,False,Mercedes,0 days 00:56:47.993000,,1,,False,,False,False
2023-05,FP3,0 days 01:03:46.550000,HAM,44,0 days 00:01:28.718000,17.0,5.0,,,0 days 00:00:29.867000,0 days 00:00:33.731000,0 days 00:00:25.120000,0 days 01:02:47.699000,0 days 01:03:21.430000,0 days 01:03:46.550000,221.0,191.0,278.0,335.0,True,SOFT,5.0,False,Mercedes,0 days 01:02:17.832000,,1,,False,,False,True
2023-05,FP3,0 days 01:06:15.522000,HAM,44,0 days 00:02:28.972000,18.0,5.0,,,0 days 00:00:56.184000,0 days 00:00:49.216000,0 days 00:00:43.572000,0 days 01:04:42.734000,0 days 01:05:31.950000,0 days 01:06:15.522000,99.0,115.0,135.0,155.0,False,SOFT,6.0,False,Mercedes,0 days 01:03:46.550000,,1,,False,,False,True
2023-05,FP3,0 days 01:08:45.085000,HAM,44,0 days 00:02:29.563000,19.0,5.0,,,0 days 00:01:01.162000,0 days 00:00:52.393000,0 days 00:00:36.008000,0 days 01:07:16.684000,0 days 01:08:09.077000,0 days 01:08:45.085000,151.0,135.0,280.0,95.0,False,SOFT,7.0,False,Mercedes,0 days 01:06:15.522000,,1,,False,,False,True
2023-05,FP3,0 days 01:10:24.870000,HAM,44,0 days 00:01:39.785000,20.0,5.0,,0 days 01:10:19.296000,0 days 00:00:31.693000,0 days 00:00:36.205000,0 days 00:00:31.887000,0 days 01:09:16.778000,0 days 01:09:52.983000,0 days 01:10:24.870000,203.0,184.0,,275.0,False,SOFT,8.0,False,Mercedes,0 days 01:08:45.085000,,1,,False,,False,False
2023-05,FP3,0 days 01:15:44.386000,HAM,44,,21.0,6.0,0 days 01:14:05.309000,,,0 days 00:00:35.550000,0 days 00:00:27.438000,,0 days 01:15:17.074000,0 days 01:15:44.386000,197.0,186.0,272.0,317.0,False,SOFT,9.0,False,Mercedes,0 days 01:10:24.870000,,1,,False,,False,False
2023-05,FP3,0 days 01:17:50.540000,HAM,44,0 days 00:02:06.154000,22.0,6.0,,,0 days 00:00:31.880000,0 days 00:00:38.489000,0 days 00:00:55.785000,0 days 01:16:16.266000,0 days 01:16:54.755000,0 days 01:17:50.540000,212.0,142.0,38.0,121.0,False,SOFT,10.0,False,Mercedes,0 days 01:15:44.386000,,1,,False,,False,True
2023-05,FP3,0 days 01:20:48.773000,HAM,44,,23.0,6.0,,0 days 01:20:43.258000,0 days 00:01:02.683000,0 days 00:01:15.450000,0 days 00:00:40.139000,0 days 01:18:53.353000,0 days 01:20:08.649000,0 days 01:20:48.773000,194.0,78.0,,171.0,False,SOFT,11.0,False,Mercedes,0 days 01:17:50.540000,,1,,False,,False,False
2023-05,FP3,0 days 00:19:38.238000,SAI,55,,1.0,1.0,0 days 00:17:48.457000,,,0 days 00:00:42.596000,0 days 00:00:27.995000,,0 days 00:19:10.424000,0 days 00:19:38.330000,180.0,164.0,274.0,303.0,False,SOFT,1.0,True,Ferrari,0 days 00:17:48.457000,,1,,False,,False,False
2023-05,FP3,0 days 00:21:08.986000,SAI,55,0 days 00:01:30.748000,2.0,1.0,,,0 days 00:00:30.627000,0 days 00:00:34.494000,0 days 00:00:25.627000,0 days 00:20:08.865000,0 days 00:20:43.359000,0 days 00:21:08.986000,216.0,189.0,276.0,327.0,True,SOFT,2.0,True,Ferrari,0 days 00:19:38.238000,,1,,False,,False,True
2023-05,FP3,0 days 00:23:59.655000,SAI,55,,3.0,1.0,,,0 days 00:00:56.250000,0 days 00:01:07.871000,0 days 00:00:46.560000,0 days 00:22:05.422000,0 days 00:23:13.297000,0 days 00:23:59.749000,122.0,78.0,278.0,255.0,False,SOFT,3.0,True,Ferrari,0 days 00:21:08.986000,,1,,False,,False,False
2023-05,FP3,0 days 00:25:28.951000,SAI,55,0 days 00:01:29.296000,4.0,1.0,,,0 days 00:00:30.191000,0 days 00:00:33.884000,0 days 00:00:25.221000,0 days 00:24:29.846000,0 days 00:25:03.730000,0 days 00:25:28.951000,219.0,192.0,280.0,327.0,True,SOFT,4.0,True,Ferrari,0 days 00:23:59.655000,,1,,False,,False,True
2023-05,FP3,0 days 00:27:49.982000,SAI,55,0 days 00:02:21.031000,5.0,1.0,,0 days 00:27:43.481000,0 days 00:00:45.689000,0 days 00:00:51.471000,0 days 00:00:43.871000,0 days 00:26:14.640000,0 days 00:27:06.111000,0 days 00:27:49.982000,119.0,129.0,,186.0,False,SOFT,5.0,True,Ferrari,0 days 00:25:28.951000,,1,,False,,False,False
2023-05,FP3,0 days 00:30:25.297000,SAI,55,,6.0,2.0,0 days 00:28:13.231000,,0 days 00:01:12.794000,0 days 00:00:48.823000,0 days 00:00:33.632000,0 days 00:29:02.980000,0 days 00:29:51.886000,0 days 00:30:25.323000,110.0,144.0,279.0,227.0,False,SOFT,6.0,False,Ferrari,0 days 00:27:49.982000,,1,,False,,False,False
2023-05,FP3,0 days 00:32:47.054000,SAI,55,0 days 00:02:21.757000,7.0,2.0,,,0 days 00:00:33.742000,0 days 00:00:57.894000,0 days 00:00:50.121000,0 days 00:30:59.039000,0 days 00:31:56.933000,0 days 00:32:47.054000,151.0,87.0,280.0,63.0,False,SOFT,7.0,False,Ferrari,0 days 00:30:25.297000,,1,,False,,False,True
2023-05,FP3,0 days 00:34:45.851000,SAI,55,0 days 00:01:58.797000,8.0,2.0,,0 days 00:34:40.055000,0 days 00:00:32.396000,0 days 00:00:47.963000,0 days 00:00:38.438000,0 days 00:33:19.450000,0 days 00:34:07.413000,0 days 00:34:45.851000,167.0,143.0,,222.0,False,SOFT,8.0,False,Ferrari,0 days 00:32:47.054000,,1,,False,,False,False
2023-05,FP3,0 days 00:37:29.708000,SAI,55,,9.0,3.0,0 days 00:35:12.726000,,0 days 00:01:14.076000,0 days 00:00:59.717000,0 days 00:00:30.120000,0 days 00:36:00.054000,0 days 00:36:59.803000,0 days 00:37:29.787000,139.0,155.0,279.0,185.0,False,SOFT,9.0,False,Ferrari,0 days 00:34:45.851000,,12,,False,,False,False
2023-05,FP3,0 days 00:38:57.833000,SAI,55,0 days 00:01:28.125000,10.0,3.0,,,0 days 00:00:29.644000,0 days 00:00:33.414000,0 days 00:00:25.067000,0 days 00:37:59.352000,0 days 00:38:32.766000,0 days 00:38:57.833000,223.0,193.0,283.0,331.0,True,SOFT,10.0,False,Ferrari,0 days 00:37:29.708000,,1,,False,,False,True
2023-05,FP3,0 days 00:40:43.356000,SAI,55,0 days 00:01:45.523000,11.0,3.0,,0 days 00:40:37.816000,0 days 00:00:34.856000,0 days 00:00:38.532000,0 days 00:00:32.135000,0 days 00:39:32.689000,0 days 00:40:11.221000,0 days 00:40:43.356000,194.0,175.0,,302.0,False,SOFT,11.0,False,Ferrari,0 days 00:38:57.833000,,1,,False,,False,False
2023-05,FP3,0 days 00:47:39.403000,SAI,55,,12.0,4.0,0 days 00:46:00.297000,,,0 days 00:00:37.242000,0 days 00:00:27.268000,,0 days 00:47:12.265000,0 days 00:47:39.421000,185.0,171.0,266.0,298.0,False,SOFT,12.0,False,Ferrari,0 days 00:40:43.356000,,1,,False,,False,False
2023-05,FP3,0 days 00:49:13.052000,SAI,55,0 days 00:01:33.649000,13.0,4.0,,,0 days 00:00:31.637000,0 days 00:00:35.633000,0 days 00:00:26.379000,0 days 00:48:11.040000,0 days 00:48:46.673000,0 days 00:49:13.052000,211.0,181.0,267.0,303.0,False,SOFT,13.0,False,Ferrari,0 days 00:47:39.403000,,1,,False,,False,True
2023-05,FP3,0 days 00:50:45.641000,SAI,55,0 days 00:01:32.589000,14.0,4.0,,,0 days 00:00:31.334000,0 days 00:00:35.090000,0 days 00:00:26.165000,0 days 00:49:44.386000,0 days 00:50:19.476000,0 days 00:50:45.641000,210.0,184.0,268.0,306.0,False,SOFT,14.0,False,Ferrari,0 days 00:49:13.052000,,1,,False,,False,True
2023-05,FP3,0 days 00:52:18.809000,SAI,55,0 days 00:01:33.168000,15.0,4.0,,,0 days 00:00:31.439000,0 days 00:00:35.425000,0 days 00:00:26.304000,0 days 00:51:17.080000,0 days 00:51:52.505000,0 days 00:52:18.809000,211.0,184.0,269.0,303.0,False,SOFT,15.0,False,Ferrari,0 days 00:50:45.641000,,1,,False,,False,True
2023-05,FP3,0 days 00:53:52.427000,SAI,55,0 days 00:01:33.618000,16.0,4.0,,,0 days 00:00:31.728000,0 days 00:00:35.613000,0 days 00:00:26.277000,0 days 00:52:50.537000,0 days 00:53:26.150000,0 days 00:53:52.427000,211.0,183.0,269.0,304.0,False,SOFT,16.0,False,Ferrari,0 days 00:52:18.809000,,1,,False,,False,True
2023-05,FP3,0 days 00:55:25.930000,SAI,55,0 days 00:01:33.503000,17.0,4.0,,,0 days 00:00:31.603000,0 days 00:00:35.450000,0 days 00:00:26.450000,0 days 00:54:24.030000,0 days 00:54:59.480000,0 days 00:55:25.930000,210.0,183.0,268.0,304.0,False,SOFT,17.0,False,Ferrari,0 days 00:53:52.427000,,1,,False,,False,True
2023-05,FP3,0 days 00:57:29.378000,SAI,55,0 days 00:02:03.448000,18.0,4.0,,,0 days 00:00:37.179000,0 days 00:00:55.684000,0 days 00:00:30.585000,0 days 00:56:03.109000,0 days 00:56:58.793000,0 days 00:57:29.378000,142.0,102.0,266.0,267.0,False,SOFT,18.0,False,Ferrari,0 days 00:55:25.930000,,1,,False,,False,True
2023-05,FP3,0 days 00:59:02.703000,SAI,55,0 days 00:01:33.325000,19.0,4.0,,,0 days 00:00:31.938000,0 days 00:00:35.110000,0 days 00:00:26.277000,0 days 00:58:01.316000,0 days 00:58:36.426000,0 days 00:59:02.703000,212.0,184.0,268.0,307.0,False,SOFT,19.0,False,Ferrari,0 days 00:57:29.378000,,1,,False,,False,True
2023-05,FP3,0 days 01:00:41.131000,SAI,55,0 days 00:01:38.428000,20.0,4.0,,0 days 01:00:35.553000,0 days 00:00:31.610000,0 days 00:00:35.643000,0 days 00:00:31.175000,0 days 00:59:34.313000,0 days 01:00:09.956000,0 days 01:00:41.131000,207.0,183.0,,307.0,False,SOFT,20.0,False,Ferrari,0 days 00:59:02.703000,,1,,False,,False,False
2023-05,FP3,0 days 01:08:31.344000,SAI,55,,21.0,5.0,0 days 01:06:39.955000,,,0 days 00:00:44.887000,0 days 00:00:28.875000,,0 days 01:08:02.579000,0 days 01:08:31.344000,174.0,135.0,281.0,219.0,False,SOFT,1.0,True,Ferrari,0 days 01:00:41.131000,,1,,False,,False,False
2023-05,FP3,0 days 01:09:59.906000,SAI,55,0 days 00:01:28.562000,22.0,5.0,,,0 days 00:00:29.813000,0 days 00:00:33.556000,0 days 00:00:25.193000,0 days 01:09:01.157000,0 days 01:09:34.713000,0 days 01:09:59.906000,217.0,194.0,280.0,331.0,False,SOFT,2.0,True,Ferrari,0 days 01:08:31.344000,,1,,False,,False,True
2023-05,FP3,0 days 01:12:35.718000,SAI,55,,23.0,5.0,,,0 days 00:00:51.723000,0 days 00:01:03.983000,0 days 00:00:40.123000,0 days 01:10:51.733000,0 days 01:11:55.686000,0 days 01:12:35.763000,118.0,122.0,174.0,185.0,False,SOFT,3.0,True,Ferrari,0 days 01:09:59.906000,,1,,False,,False,False
2023-05,FP3,0 days 01:14:41.305000,SAI,55,0 days 00:02:05.587000,24.0,5.0,,,0 days 00:00:49.038000,0 days 00:00:47.256000,0 days 00:00:29.293000,0 days 01:13:24.756000,0 days 01:14:12.012000,0 days 01:14:41.305000,141.0,162.0,278.0,258.0,False,SOFT,4.0,True,Ferrari,0 days 01:12:35.718000,,1,,False,,False,True
2023-05,FP3,0 days 01:16:41.926000,SAI,55,0 days 00:02:00.621000,25.0,5.0,,,0 days 00:00:30.995000,0 days 00:00:52.946000,0 days 00:00:36.680000,0 days 01:15:12.300000,0 days 01:16:05.246000,0 days 01:16:41.926000,185.0,97.0,278.0,210.0,False,SOFT,5.0,True,Ferrari,0 days 01:14:41.305000,,1,,False,,False,True
2023-05,FP3,0 days 01:18:27.400000,SAI,55,0 days 00:01:45.474000,26.0,5.0,,,0 days 00:00:31.524000,0 days 00:00:33.824000,0 days 00:00:40.126000,0 days 01:17:13.450000,0 days 01:17:47.274000,0 days 01:18:27.400000,216.0,189.0,53.0,153.0,False,SOFT,6.0,True,Ferrari,0 days 01:16:41.926000,,1,,False,,False,True
2023-05,FP3,0 days 01:20:39.820000,SAI,55,0 days 00:02:12.420000,27.0,5.0,,0 days 01:20:33.914000,0 days 00:00:55.794000,0 days 00:00:39.573000,0 days 00:00:37.053000,0 days 01:19:23.194000,0 days 01:20:02.767000,0 days 01:20:39.820000,192.0,162.0,,222.0,False,SOFT,7.0,True,Ferrari,0 days 01:18:27.400000,,1,,False,,False,False
2023-05,FP3,0 days 00:25:48.353000,RUS,63,,1.0,1.0,0 days 00:24:01.890000,,,0 days 00:00:39.031000,0 days 00:00:30.897000,,0 days 00:25:17.701000,0 days 00:25:48.435000,185.0,159.0,280.0,181.0,False,SOFT,1.0,True,Mercedes,0 days 00:24:01.890000,,1,,False,,False,False
2023-05,FP3,0 days 00:27:17.946000,RUS,63,0 days 00:01:29.593000,2.0,1.0,,,0 days 00:00:30.049000,0 days 00:00:34.043000,0 days 00:00:25.501000,0 days 00:26:18.402000,0 days 00:26:52.445000,0 days 00:27:17.946000,219.0,190.0,278.0,330.0,True,SOFT,2.0,True,Mercedes,0 days 00:25:48.353000,,1,,False,,False,True
2023-05,FP3,0 days 00:29:47.904000,RUS,63,0 days 00:02:29.958000,3.0,1.0,,,0 days 00:00:51.311000,0 days 00:00:54.595000,0 days 00:00:44.052000,0 days 00:28:09.257000,0 days 00:29:03.852000,0 days 00:29:47.904000,127.0,116.0,144.0,169.0,False,SOFT,3.0,True,Mercedes,0 days 00:27:17.946000,,1,,False,,False,True
2023-05,FP3,0 days 00:31:59.589000,RUS,63,0 days 00:02:11.685000,4.0,1.0,,,0 days 00:00:53.459000,0 days 00:00:47.708000,0 days 00:00:30.518000,0 days 00:30:41.363000,0 days 00:31:29.071000,0 days 00:31:59.589000,130.0,124.0,277.0,264.0,False,SOFT,4.0,True,Mercedes,0 days 00:29:47.904000,,1,,False,,False,True
2023-05,FP3,0 days 00:33:28.978000,RUS,63,0 days 00:01:29.389000,5.0,1.0,,,0 days 00:00:29.975000,0 days 00:00:33.953000,0 days 00:00:25.461000,0 days 00:32:29.564000,0 days 00:33:03.517000,0 days 00:33:28.978000,219.0,187.0,280.0,333.0,True,SOFT,5.0,True,Mercedes,0 days 00:31:59.589000,,1,,False,,False,True
2023-05,FP3,0 days 00:35:52.112000,RUS,63,0 days 00:02:23.134000,6.0,1.0,,,0 days 00:00:51.126000,0 days 00:00:50.993000,0 days 00:00:41.015000,0 days 00:34:20.104000,0 days 00:35:11.097000,0 days 00:35:52.112000,132.0,106.0,151.0,189.0,False,SOFT,6.0,True,Mercedes,0 days 00:33:28.978000,,1,,False,,False,True
2023-05,FP3,0 days 00:38:16.809000,RUS,63,0 days 00:02:24.697000,7.0,1.0,,,0 days 00:00:52.444000,0 days 00:00:55.125000,0 days 00:00:37.128000,0 days 00:36:44.556000,0 days 00:37:39.681000,0 days 00:38:16.809000,128.0,114.0,279.0,228.0,False,SOFT,7.0,True,Mercedes,0 days 00:35:52.112000,,12,,False,,False,True
2023-05,FP3,0 days 00:39:46.020000,RUS,63,0 days 00:01:29.211000,8.0,1.0,,,0 days 00:00:29.998000,0 days 00:00:33.863000,0 days 00:00:25.350000,0 days 00:38:46.807000,0 days 00:39:20.670000,0 days 00:39:46.020000,216.0,190.0,280.0,333.0,True,SOFT,8.0,True,Mercedes,0 days 00:38:16.809000,,1,,False,,False,True
2023-05,FP3,0 days 00:41:36.305000,RUS,63,0 days 00:01:50.285000,9.0,1.0,,0 days 00:41:30.800000,0 days 00:00:36.711000,0 days 00:00:40.956000,0 days 00:00:32.618000,0 days 00:40:22.731000,0 days 00:41:03.687000,0 days 00:41:36.305000,159.0,179.0,,282.0,False,SOFT,9.0,True,Mercedes,0 days 00:39:46.020000,,1,,False,,False,False
2023-05,FP3,0 days 00:50:22.384000,RUS,63,,10.0,2.0,0 days 00:48:32.014000,,,0 days 00:00:39.809000,0 days 00:00:29.831000,,0 days 00:49:52.716000,0 days 00:50:22.450000,177.0,156.0,277.0,266.0,False,SOFT,1.0,True,Mercedes,0 days 00:41:36.305000,,1,,False,,False,False
2023-05,FP3,0 days 00:51:51.606000,RUS,63,0 days 00:01:29.222000,11.0,2.0,,,0 days 00:00:29.723000,0 days 00:00:34.016000,0 days 00:00:25.483000,0 days 00:50:52.107000,0 days 00:51:26.123000,0 days 00:51:51.606000,217.0,186.0,278.0,330.0,False,SOFT,2.0,True,Mercedes,0 days 00:50:22.384000,,1,,False,,False,True
2023-05,FP3,0 days 00:53:55.073000,RUS,63,0 days 00:02:03.467000,12.0,2.0,,0 days 00:53:49.463000,0 days 00:00:42.761000,0 days 00:00:42.512000,0 days 00:00:38.194000,0 days 00:52:34.367000,0 days 00:53:16.879000,0 days 00:53:55.073000,157.0,145.0,,191.0,False,SOFT,3.0,True,Mercedes,0 days 00:51:51.606000,,1,,False,,False,False
2023-05,FP3,0 days 00:59:19.103000,RUS,63,,13.0,3.0,0 days 00:57:15.696000,,,0 days 00:00:44.961000,0 days 00:00:34.329000,,0 days 00:58:44.944000,0 days 00:59:19.147000,155.0,132.0,281.0,99.0,False,SOFT,4.0,False,Mercedes,0 days 00:53:55.073000,,1,,False,,False,False
2023-05,FP3,0 days 01:00:47.709000,RUS,63,0 days 00:01:28.606000,14.0,3.0,,,0 days 00:00:29.702000,0 days 00:00:33.765000,0 days 00:00:25.139000,0 days 00:59:48.805000,0 days 01:00:22.570000,0 days 01:00:47.709000,220.0,192.0,278.0,337.0,True,SOFT,5.0,False,Mercedes,0 days 00:59:19.103000,,1,,False,,False,True
2023-05,FP3,0 days 01:02:56.415000,RUS,63,0 days 00:02:08.706000,15.0,3.0,,0 days 01:02:50.739000,0 days 00:00:46.770000,0 days 00:00:46.089000,0 days 00:00:35.847000,0 days 01:01:34.479000,0 days 01:02:20.568000,0 days 01:02:56.415000,144.0,147.0,,196.0,False,SOFT,6.0,False,Mercedes,0 days 01:00:47.709000,,1,,False,,False,False
2023-05,FP3,0 days 01:11:49.444000,RUS,63,,16.0,4.0,0 days 01:09:38.062000,,,0 days 00:00:48.116000,0 days 00:00:40.854000,,0 days 01:11:08.624000,0 days 01:11:49.467000,154.0,85.0,277.0,110.0,False,SOFT,7.0,False,Mercedes,0 days 01:02:56.415000,,1,,False,,False,False
2023-05,FP3,0 days 01:13:19.229000,RUS,63,0 days 00:01:29.785000,17.0,4.0,,,0 days 00:00:29.903000,0 days 00:00:34.005000,0 days 00:00:25.877000,0 days 01:12:19.347000,0 days 01:12:53.352000,0 days 01:13:19.229000,218.0,189.0,280.0,334.0,False,SOFT,8.0,False,Mercedes,0 days 01:11:49.444000,,1,,False,,False,True
2023-05,FP3,0 days 01:15:15.168000,RUS,63,0 days 00:01:55.939000,18.0,4.0,,,0 days 00:00:34.435000,0 days 00:00:47.282000,0 days 00:00:34.222000,0 days 01:13:53.664000,0 days 01:14:40.946000,0 days 01:15:15.168000,163.0,130.0,212.0,212.0,False,SOFT,9.0,False,Mercedes,0 days 01:13:19.229000,,1,,False,,False,True
2023-05,FP3,0 days 01:17:46.413000,RUS,63,,19.0,4.0,,,0 days 00:00:46.800000,0 days 00:00:44.735000,0 days 00:00:59.722000,0 days 01:16:02.214000,0 days 01:16:46.807000,0 days 01:17:46.478000,144.0,120.0,55.0,157.0,False,SOFT,10.0,False,Mercedes,0 days 01:15:15.168000,,1,,False,,False,False
2023-05,FP3,0 days 01:19:57.165000,RUS,63,0 days 00:02:10.752000,20.0,4.0,,0 days 01:19:51.633000,0 days 00:01:02.894000,0 days 00:00:36.326000,0 days 00:00:31.532000,0 days 01:18:49.307000,0 days 01:19:25.633000,0 days 01:19:57.165000,197.0,182.0,,310.0,False,SOFT,11.0,False,Mercedes,0 days 01:17:46.413000,,1,,False,,False,False
2023-05,FP3,0 days 00:26:38.502000,BOT,77,,1.0,1.0,0 days 00:24:52.842000,,,0 days 00:00:40.430000,0 days 00:00:29.370000,,0 days 00:26:09.279000,0 days 00:26:38.591000,201.0,177.0,274.0,286.0,False,SOFT,1.0,True,Alfa Romeo,0 days 00:24:52.842000,,1,,False,,False,False
2023-05,FP3,0 days 00:28:08.418000,BOT,77,0 days 00:01:29.916000,2.0,1.0,,,0 days 00:00:30.273000,0 days 00:00:34.216000,0 days 00:00:25.427000,0 days 00:27:08.775000,0 days 00:27:42.991000,0 days 00:28:08.418000,221.0,190.0,276.0,326.0,True,SOFT,2.0,True,Alfa Romeo,0 days 00:26:38.502000,,1,,False,,False,True
2023-05,FP3,0 days 00:30:13.410000,BOT,77,0 days 00:02:04.992000,3.0,1.0,,,0 days 00:00:42.712000,0 days 00:00:47.940000,0 days 00:00:34.340000,0 days 00:28:51.130000,0 days 00:29:39.070000,0 days 00:30:13.410000,145.0,127.0,274.0,233.0,False,SOFT,3.0,True,Alfa Romeo,0 days 00:28:08.418000,,1,,False,,False,True
2023-05,FP3,0 days 00:32:05.023000,BOT,77,0 days 00:01:51.613000,4.0,1.0,,,0 days 00:00:33.991000,0 days 00:00:43.143000,0 days 00:00:34.479000,0 days 00:30:47.401000,0 days 00:31:30.544000,0 days 00:32:05.023000,169.0,126.0,274.0,239.0,False,SOFT,4.0,True,Alfa Romeo,0 days 00:30:13.410000,,1,,False,,False,True
2023-05,FP3,0 days 00:33:34.929000,BOT,77,0 days 00:01:29.906000,5.0,1.0,,,0 days 00:00:30.295000,0 days 00:00:34.099000,0 days 00:00:25.512000,0 days 00:32:35.318000,0 days 00:33:09.417000,0 days 00:33:34.929000,218.0,190.0,273.0,328.0,True,SOFT,5.0,True,Alfa Romeo,0 days 00:32:05.023000,,1,,False,,False,True
2023-05,FP3,0 days 00:35:35.465000,BOT,77,0 days 00:02:00.536000,6.0,1.0,,0 days 00:35:29.945000,0 days 00:00:38.931000,0 days 00:00:44.944000,0 days 00:00:36.661000,0 days 00:34:13.860000,0 days 00:34:58.804000,0 days 00:35:35.465000,189.0,146.0,,232.0,False,SOFT,6.0,True,Alfa Romeo,0 days 00:33:34.929000,,1,,False,,False,False
2023-05,FP3,0 days 00:37:57.117000,BOT,77,0 days 00:02:21.652000,7.0,2.0,0 days 00:35:55.288000,,0 days 00:01:02.213000,0 days 00:00:48.157000,0 days 00:00:31.282000,0 days 00:36:37.678000,0 days 00:37:25.835000,0 days 00:37:57.117000,150.0,152.0,274.0,256.0,False,SOFT,7.0,False,Alfa Romeo,0 days 00:35:35.465000,,12,,False,,False,False
2023-05,FP3,0 days 00:39:26.705000,BOT,77,0 days 00:01:29.588000,8.0,2.0,,,0 days 00:00:30.070000,0 days 00:00:34.108000,0 days 00:00:25.410000,0 days 00:38:27.187000,0 days 00:39:01.295000,0 days 00:39:26.705000,219.0,191.0,277.0,328.0,True,SOFT,8.0,False,Alfa Romeo,0 days 00:37:57.117000,,1,,False,,False,True
2023-05,FP3,0 days 00:41:23.885000,BOT,77,0 days 00:01:57.180000,9.0,2.0,,0 days 00:41:18.378000,0 days 00:00:41.757000,0 days 00:00:40.608000,0 days 00:00:34.815000,0 days 00:40:08.462000,0 days 00:40:49.070000,0 days 00:41:23.885000,179.0,153.0,,280.0,False,SOFT,9.0,False,Alfa Romeo,0 days 00:39:26.705000,,1,,False,,False,False
2023-05,FP3,0 days 00:57:52.434000,BOT,77,,10.0,3.0,0 days 00:56:10.259000,,,0 days 00:00:37.969000,0 days 00:00:29.261000,,0 days 00:57:23.305000,0 days 00:57:52.554000,206.0,175.0,279.0,272.0,False,SOFT,1.0,True,Alfa Romeo,0 days 00:41:23.885000,,1,,False,,False,False
2023-05,FP3,0 days 00:59:21.333000,BOT,77,0 days 00:01:28.899000,11.0,3.0,,,0 days 00:00:29.773000,0 days 00:00:33.896000,0 days 00:00:25.230000,0 days 00:58:22.207000,0 days 00:58:56.103000,0 days 00:59:21.333000,224.0,190.0,277.0,331.0,True,SOFT,2.0,True,Alfa Romeo,0 days 00:57:52.434000,,1,,False,,False,True
2023-05,FP3,0 days 01:01:25.876000,BOT,77,0 days 00:02:04.543000,12.0,3.0,,,0 days 00:00:42.588000,0 days 00:00:49.342000,0 days 00:00:32.613000,0 days 01:00:03.921000,0 days 01:00:53.263000,0 days 01:01:25.876000,154.0,117.0,279.0,266.0,False,SOFT,3.0,True,Alfa Romeo,0 days 00:59:21.333000,,1,,False,,False,True
2023-05,FP3,0 days 01:02:54.332000,BOT,77,0 days 00:01:28.456000,13.0,3.0,,,0 days 00:00:29.596000,0 days 00:00:33.822000,0 days 00:00:25.038000,0 days 01:01:55.472000,0 days 01:02:29.294000,0 days 01:02:54.332000,222.0,193.0,281.0,333.0,True,SOFT,4.0,True,Alfa Romeo,0 days 01:01:25.876000,,1,,False,,False,True
2023-05,FP3,0 days 01:05:04.875000,BOT,77,0 days 00:02:10.543000,14.0,3.0,,0 days 01:04:59.393000,0 days 00:00:43.069000,0 days 00:00:48.811000,0 days 00:00:38.663000,0 days 01:03:37.401000,0 days 01:04:26.212000,0 days 01:05:04.875000,151.0,131.0,,208.0,False,SOFT,5.0,True,Alfa Romeo,0 days 01:02:54.332000,,1,,False,,False,False
2023-05,FP3,0 days 01:07:37.303000,BOT,77,,15.0,4.0,0 days 01:05:26.534000,,0 days 00:01:08.905000,0 days 00:00:49.108000,0 days 00:00:34.346000,0 days 01:06:14.002000,0 days 01:07:03.064000,0 days 01:07:37.313000,168.0,143.0,278.0,167.0,False,SOFT,6.0,False,Alfa Romeo,0 days 01:05:04.875000,,1,,False,,False,False
2023-05,FP3,0 days 01:09:19.375000,BOT,77,0 days 00:01:42.072000,16.0,4.0,,0 days 01:09:13.656000,0 days 00:00:29.889000,0 days 00:00:34.157000,0 days 00:00:38.026000,0 days 01:08:07.192000,0 days 01:08:41.349000,0 days 01:09:19.375000,221.0,191.0,,203.0,False,SOFT,7.0,False,Alfa Romeo,0 days 01:07:37.303000,,1,,False,,False,False
2023-05,FP3,0 days 01:15:58.870000,BOT,77,,17.0,5.0,0 days 01:14:14.356000,,,0 days 00:00:39.232000,0 days 00:00:30.227000,,0 days 01:15:28.777000,0 days 01:15:58.902000,208.0,178.0,270.0,296.0,False,SOFT,8.0,False,Alfa Romeo,0 days 01:09:19.375000,,1,,False,,False,False
2023-05,FP3,0 days 01:17:57.093000,BOT,77,0 days 00:01:58.223000,18.0,5.0,,,0 days 00:00:35.095000,0 days 00:00:37.242000,0 days 00:00:45.886000,0 days 01:16:33.965000,0 days 01:17:11.207000,0 days 01:17:57.093000,213.0,161.0,50.0,235.0,False,SOFT,9.0,False,Alfa Romeo,0 days 01:15:58.870000,,1,,False,,False,True
2023-05,FP3,0 days 01:20:05.383000,BOT,77,0 days 00:02:08.290000,19.0,5.0,,0 days 01:19:59.805000,0 days 00:01:01.378000,0 days 00:00:35.885000,0 days 00:00:31.027000,0 days 01:18:58.471000,0 days 01:19:34.356000,0 days 01:20:05.383000,215.0,186.0,,311.0,False,SOFT,10.0,False,Alfa Romeo,0 days 01:17:57.093000,,1,,False,,False,False
2023-05,FP3,0 days 00:32:34.948000,PIA,81,,1.0,1.0,0 days 00:30:39.151000,,,0 days 00:00:41.460000,0 days 00:00:33.232000,,0 days 00:32:01.916000,0 days 00:32:35.040000,177.0,127.0,277.0,270.0,False,SOFT,1.0,True,McLaren,0 days 00:30:39.151000,,1,,False,,False,False
2023-05,FP3,0 days 00:34:04.914000,PIA,81,0 days 00:01:29.966000,2.0,1.0,,,0 days 00:00:30.216000,0 days 00:00:34.191000,0 days 00:00:25.559000,0 days 00:33:05.164000,0 days 00:33:39.355000,0 days 00:34:04.914000,217.0,191.0,277.0,327.0,True,SOFT,2.0,True,McLaren,0 days 00:32:34.948000,,1,,False,,False,True
2023-05,FP3,0 days 00:36:11.551000,PIA,81,0 days 00:02:06.637000,3.0,1.0,,,0 days 00:00:46.231000,0 days 00:00:44.779000,0 days 00:00:35.627000,0 days 00:34:51.145000,0 days 00:35:35.924000,0 days 00:36:11.551000,141.0,88.0,278.0,149.0,False,SOFT,3.0,True,McLaren,0 days 00:34:04.914000,,1,,False,,False,True
2023-05,FP3,0 days 00:37:41.677000,PIA,81,0 days 00:01:30.126000,4.0,1.0,,,0 days 00:00:30.186000,0 days 00:00:34.252000,0 days 00:00:25.688000,0 days 00:36:41.737000,0 days 00:37:15.989000,0 days 00:37:41.677000,213.0,191.0,276.0,328.0,False,SOFT,4.0,True,McLaren,0 days 00:36:11.551000,,12,,False,,False,True
2023-05,FP3,0 days 00:39:43.469000,PIA,81,0 days 00:02:01.792000,5.0,1.0,,0 days 00:39:37.942000,0 days 00:00:40.477000,0 days 00:00:46.167000,0 days 00:00:35.148000,0 days 00:38:22.154000,0 days 00:39:08.321000,0 days 00:39:43.469000,175.0,134.0,,243.0,False,SOFT,5.0,True,McLaren,0 days 00:37:41.677000,,1,,False,,False,False
2023-05,FP3,0 days 00:42:14.094000,PIA,81,,6.0,2.0,0 days 00:40:01.191000,,0 days 00:01:02.736000,0 days 00:00:51.745000,0 days 00:00:36.147000,0 days 00:40:46.410000,0 days 00:41:38.128000,0 days 00:42:14.174000,141.0,111.0,277.0,132.0,False,SOFT,6.0,False,McLaren,0 days 00:39:43.469000,,1,,False,,False,False
2023-05,FP3,0 days 00:43:43.845000,PIA,81,0 days 00:01:29.751000,7.0,2.0,,,0 days 00:00:29.998000,0 days 00:00:34.123000,0 days 00:00:25.630000,0 days 00:42:44.092000,0 days 00:43:18.215000,0 days 00:43:43.845000,218.0,190.0,278.0,327.0,True,SOFT,7.0,False,McLaren,0 days 00:42:14.094000,,1,,False,,False,True
2023-05,FP3,0 days 00:45:33.371000,PIA,81,0 days 00:01:49.526000,8.0,2.0,,0 days 00:45:27.891000,0 days 00:00:36.642000,0 days 00:00:39.330000,0 days 00:00:33.554000,0 days 00:44:20.487000,0 days 00:44:59.817000,0 days 00:45:33.371000,184.0,152.0,,257.0,False,SOFT,8.0,False,McLaren,0 days 00:43:43.845000,,1,,False,,False,False
2023-05,FP3,0 days 00:56:04.758000,PIA,81,,9.0,3.0,0 days 00:54:14.104000,,,0 days 00:00:42.764000,0 days 00:00:30.737000,,0 days 00:55:34.197000,0 days 00:56:04.806000,173.0,125.0,279.0,233.0,False,SOFT,1.0,True,McLaren,0 days 00:45:33.371000,,1,,False,,False,False
2023-05,FP3,0 days 00:57:34.133000,PIA,81,0 days 00:01:29.375000,10.0,3.0,,,0 days 00:00:30.104000,0 days 00:00:33.823000,0 days 00:00:25.448000,0 days 00:56:34.862000,0 days 00:57:08.685000,0 days 00:57:34.133000,216.0,192.0,277.0,333.0,True,SOFT,2.0,True,McLaren,0 days 00:56:04.758000,,1,,False,,False,True
2023-05,FP3,0 days 00:59:50.477000,PIA,81,0 days 00:02:16.344000,11.0,3.0,,0 days 00:59:44.741000,0 days 00:00:43.028000,0 days 00:00:49.705000,0 days 00:00:43.611000,0 days 00:58:17.161000,0 days 00:59:06.866000,0 days 00:59:50.477000,149.0,114.0,,216.0,False,SOFT,3.0,True,McLaren,0 days 00:57:34.133000,,1,,False,,False,False
2023-05,FP3,0 days 01:02:29.646000,PIA,81,,12.0,4.0,0 days 01:00:20.615000,,0 days 00:01:17.247000,0 days 00:00:46.731000,0 days 00:00:35.179000,0 days 01:01:07.880000,0 days 01:01:54.677000,0 days 01:02:29.739000,137.0,116.0,277.0,138.0,False,SOFT,4.0,False,McLaren,0 days 00:59:50.477000,,1,,False,,False,False
2023-05,FP3,0 days 01:03:59.368000,PIA,81,0 days 00:01:29.722000,13.0,4.0,,,0 days 00:00:30.007000,0 days 00:00:34.196000,0 days 00:00:25.519000,0 days 01:02:59.653000,0 days 01:03:33.849000,0 days 01:03:59.368000,218.0,190.0,278.0,329.0,False,SOFT,5.0,False,McLaren,0 days 01:02:29.646000,,1,,False,,False,True
2023-05,FP3,0 days 01:05:57.408000,PIA,81,0 days 00:01:58.040000,14.0,4.0,,0 days 01:05:51.908000,0 days 00:00:37.473000,0 days 00:00:43.221000,0 days 00:00:37.346000,0 days 01:04:36.841000,0 days 01:05:20.062000,0 days 01:05:57.408000,193.0,154.0,,231.0,False,SOFT,6.0,False,McLaren,0 days 01:03:59.368000,,1,,False,,False,False
2023-05,FP3,0 days 01:13:36.798000,PIA,81,,15.0,5.0,0 days 01:11:54.217000,0 days 01:13:31.231000,,0 days 00:00:36.980000,0 days 00:00:33.018000,,0 days 01:13:03.966000,0 days 01:13:36.825000,197.0,164.0,,298.0,False,SOFT,7.0,False,McLaren,0 days 01:05:57.408000,,1,,False,,False,False
2023-05,FP3,0 days 01:16:00.837000,PIA,81,0 days 00:02:24.039000,16.0,6.0,0 days 01:14:07.684000,,0 days 00:01:07.172000,0 days 00:00:41.966000,0 days 00:00:34.901000,0 days 01:14:43.970000,0 days 01:15:25.936000,0 days 01:16:00.837000,204.0,102.0,260.0,164.0,False,SOFT,8.0,False,McLaren,0 days 01:13:36.798000,,1,,False,,False,False
2023-05,FP3,0 days 01:18:01.015000,PIA,81,0 days 00:02:00.178000,17.0,6.0,,,0 days 00:00:36.629000,0 days 00:00:40.519000,0 days 00:00:43.030000,0 days 01:16:37.466000,0 days 01:17:17.985000,0 days 01:18:01.015000,197.0,140.0,57.0,166.0,False,SOFT,9.0,False,McLaren,0 days 01:16:00.837000,,1,,False,,False,True
2023-05,FP3,0 days 01:20:24.555000,PIA,81,0 days 00:02:23.540000,18.0,6.0,,0 days 01:20:18.992000,0 days 00:01:07.053000,0 days 00:00:43.828000,0 days 00:00:32.659000,0 days 01:19:08.068000,0 days 01:19:51.896000,0 days 01:20:24.555000,202.0,159.0,,265.0,False,SOFT,10.0,False,McLaren,0 days 01:18:01.015000,,1,,False,,False,False
