event_id,Session,Time,Driver,DriverNumber,LapTime,LapNumber,Stint,PitOutTime,PitInTime,Sector1Time,Sector2Time,Sector3Time,Sector1SessionTime,Sector2SessionTime,Sector3SessionTime,SpeedI1,SpeedI2,SpeedFL,SpeedST,IsPersonalBest,Compound,TyreLife,FreshTyre,Team,LapStartTime,LapStartDate,TrackStatus,Position,Deleted,DeletedReason,FastF1Generated,IsAccurate
2022-05,FP1,0 days 00:18:27.962000,VER,1,,1.0,1.0,0 days 00:16:22.754000,,,0 days 00:00:40.061000,0 days 00:00:50.642000,,0 days 00:17:37.541000,0 days 00:18:28.062000,200.0,171.0,276.0,147.0,False,SOFT,1.0,True,Red Bull Racing,0 days 00:16:22.754000,,1,,False,,False,False
2022-05,FP1,0 days 00:20:04.061000,VER,1,0 days 00:01:36.099000,2.0,1.0,,,0 days 00:00:33.258000,0 days 00:00:36.295000,0 days 00:00:26.546000,0 days 00:19:01.220000,0 days 00:19:37.515000,0 days 00:20:04.061000,206.0,176.0,277.0,315.0,True,SOFT,2.0,True,Red Bull Racing,0 days 00:18:27.962000,,1,,False,,False,True
2022-05,FP1,0 days 00:21:47.444000,VER,1,0 days 00:01:43.383000,3.0,1.0,,,0 days 00:00:36.708000,0 days 00:00:39.106000,0 days 00:00:27.569000,0 days 00:20:40.769000,0 days 00:21:19.875000,0 days 00:21:47.444000,191.0,180.0,280.0,279.0,False,SOFT,3.0,True,Red Bull Racing,0 days 00:20:04.061000,,12,,False,,False,True
2022-05,FP1,0 days 00:23:20.893000,VER,1,0 days 00:01:33.449000,4.0,1.0,,,0 days 00:00:31.897000,0 days 00:00:35.663000,0 days 00:00:25.889000,0 days 00:22:19.341000,0 days 00:22:55.004000,0 days 00:23:20.893000,209.0,183.0,282.0,292.0,True,SOFT,4.0,True,Red Bull Racing,0 days 00:21:47.444000,,21,,False,,False,True
2022-05,FP1,0 days 00:25:15.969000,VER,1,0 days 00:01:55.076000,5.0,1.0,,0 days 00:25:13.967000,0 days 00:00:37.401000,0 days 00:00:43.895000,0 days 00:00:33.780000,0 days 00:23:58.294000,0 days 00:24:42.189000,0 days 00:25:15.969000,193.0,164.0,,289.0,False,SOFT,5.0,True,Red Bull Racing,0 days 00:23:20.893000,,1,,False,,False,False
2022-05,FP1,0 days 00:34:02.392000,VER,1,,6.0,2.0,0 days 00:32:25.161000,,,0 days 00:00:37.783000,0 days 00:00:27.529000,,0 days 00:33:34.942000,0 days 00:34:02.440000,206.0,178.0,281.0,287.0,False,SOFT,6.0,False,Red Bull Racing,0 days 00:25:15.969000,,1,,False,,False,False
2022-05,FP1,0 days 00:35:35.585000,VER,1,0 days 00:01:33.193000,7.0,2.0,,,0 days 00:00:31.227000,0 days 00:00:36.078000,0 days 00:00:25.888000,0 days 00:34:33.619000,0 days 00:35:09.697000,0 days 00:35:35.585000,213.0,182.0,279.0,332.0,True,SOFT,7.0,False,Red Bull Racing,0 days 00:34:02.392000,,1,,False,,False,True
2022-05,FP1,0 days 00:37:28.385000,VER,1,0 days 00:01:52.800000,8.0,2.0,,,0 days 00:00:37.576000,0 days 00:00:47.476000,0 days 00:00:27.748000,0 days 00:36:13.161000,0 days 00:37:00.637000,0 days 00:37:28.385000,170.0,167.0,280.0,276.0,False,SOFT,8.0,False,Red Bull Racing,0 days 00:35:35.585000,,1,,False,,False,True
2022-05,FP1,0 days 00:39:10.696000,VER,1,0 days 00:01:42.311000,9.0,2.0,,0 days 00:39:08.631000,0 days 00:00:30.994000,0 days 00:00:37.735000,0 days 00:00:33.582000,0 days 00:37:59.379000,0 days 00:38:37.114000,0 days 00:39:10.696000,215.0,170.0,,249.0,False,SOFT,9.0,False,Red Bull Racing,0 days 00:37:28.385000,,1,,False,,False,False
2022-05,FP1,0 days 01:02:26.984000,VER,1,,10.0,3.0,0 days 01:00:49.925000,,,0 days 00:00:37.651000,0 days 00:00:27.063000,,0 days 01:02:00.019000,0 days 01:02:26.998000,205.0,179.0,283.0,286.0,False,SOFT,1.0,True,Red Bull Racing,0 days 01:00:49.925000,,12,,False,,False,False
2022-05,FP1,0 days 01:03:58.334000,VER,1,0 days 00:01:31.350000,11.0,3.0,,,0 days 00:00:30.590000,0 days 00:00:35.158000,0 days 00:00:25.602000,0 days 01:02:57.574000,0 days 01:03:32.732000,0 days 01:03:58.334000,218.0,186.0,282.0,331.0,True,SOFT,2.0,True,Red Bull Racing,0 days 01:02:26.984000,,1,,False,,False,True
2022-05,FP1,0 days 01:05:51.907000,VER,1,0 days 00:01:53.573000,12.0,3.0,,,0 days 00:00:36.829000,0 days 00:00:48.850000,0 days 00:00:27.894000,0 days 01:04:35.163000,0 days 01:05:24.013000,0 days 01:05:51.907000,159.0,161.0,282.0,287.0,False,SOFT,3.0,True,Red Bull Racing,0 days 01:03:58.334000,,1,,False,,False,True
2022-05,FP1,0 days 01:07:23.184000,VER,1,0 days 00:01:31.277000,13.0,3.0,,,0 days 00:00:30.343000,0 days 00:00:35.406000,0 days 00:00:25.528000,0 days 01:06:22.250000,0 days 01:06:57.656000,0 days 01:07:23.184000,215.0,185.0,280.0,335.0,True,SOFT,4.0,True,Red Bull Racing,0 days 01:05:51.907000,,1,,False,,False,True
2022-05,FP1,0 days 01:09:23.562000,VER,1,0 days 00:02:00.378000,14.0,3.0,,0 days 01:09:19.208000,0 days 00:00:40.213000,0 days 00:00:40.436000,0 days 00:00:39.729000,0 days 01:08:03.397000,0 days 01:08:43.833000,0 days 01:09:23.562000,177.0,167.0,,257.0,False,SOFT,5.0,True,Red Bull Racing,0 days 01:07:23.184000,,1,,False,,False,False
2022-05,FP1,0 days 00:17:08.990000,GAS,10,,1.0,1.0,0 days 00:15:13.077000,,,0 days 00:00:44.748000,0 days 00:00:33.998000,,0 days 00:16:35.128000,0 days 00:17:09.109000,190.0,154.0,272.0,211.0,False,MEDIUM,1.0,True,AlphaTauri,0 days 00:15:13.077000,,1,,False,,False,False
2022-05,FP1,0 days 00:18:50.487000,GAS,10,0 days 00:01:41.497000,2.0,1.0,,,0 days 00:00:36.147000,0 days 00:00:38.042000,0 days 00:00:27.308000,0 days 00:17:45.137000,0 days 00:18:23.179000,0 days 00:18:50.487000,202.0,174.0,274.0,318.0,True,MEDIUM,2.0,True,AlphaTauri,0 days 00:17:08.990000,,1,,False,,False,True
2022-05,FP1,0 days 00:20:27.704000,GAS,10,0 days 00:01:37.217000,3.0,1.0,,,0 days 00:00:33.612000,0 days 00:00:37.367000,0 days 00:00:26.238000,0 days 00:19:24.099000,0 days 00:20:01.466000,0 days 00:20:27.704000,207.0,180.0,275.0,328.0,True,MEDIUM,3.0,True,AlphaTauri,0 days 00:18:50.487000,,1,,False,,False,True
2022-05,FP1,0 days 00:22:02.939000,GAS,10,0 days 00:01:35.235000,4.0,1.0,,,0 days 00:00:32.511000,0 days 00:00:36.722000,0 days 00:00:26.002000,0 days 00:21:00.215000,0 days 00:21:36.937000,0 days 00:22:02.939000,211.0,184.0,276.0,328.0,True,MEDIUM,4.0,True,AlphaTauri,0 days 00:20:27.704000,,12,,False,,False,True
2022-05,FP1,0 days 00:24:01.684000,GAS,10,0 days 00:01:58.745000,5.0,1.0,,,0 days 00:00:43.010000,0 days 00:00:46.821000,0 days 00:00:28.914000,0 days 00:22:45.949000,0 days 00:23:32.770000,0 days 00:24:01.684000,167.0,152.0,282.0,285.0,False,MEDIUM,5.0,True,AlphaTauri,0 days 00:22:02.939000,,1,,False,,False,True
2022-05,FP1,0 days 00:25:35.948000,GAS,10,0 days 00:01:34.264000,6.0,1.0,,,0 days 00:00:31.958000,0 days 00:00:35.943000,0 days 00:00:26.363000,0 days 00:24:33.642000,0 days 00:25:09.585000,0 days 00:25:35.948000,209.0,181.0,277.0,327.0,True,MEDIUM,6.0,True,AlphaTauri,0 days 00:24:01.684000,,1,,False,,False,True
2022-05,FP1,0 days 00:27:45.143000,GAS,10,0 days 00:02:09.195000,7.0,1.0,,,0 days 00:00:46.394000,0 days 00:00:48.286000,0 days 00:00:34.515000,0 days 00:26:22.342000,0 days 00:27:10.628000,0 days 00:27:45.143000,152.0,145.0,279.0,159.0,False,MEDIUM,7.0,True,AlphaTauri,0 days 00:25:35.948000,,1,,False,,False,True
2022-05,FP1,0 days 00:29:18.847000,GAS,10,0 days 00:01:33.704000,8.0,1.0,,,0 days 00:00:31.778000,0 days 00:00:35.917000,0 days 00:00:26.009000,0 days 00:28:16.921000,0 days 00:28:52.838000,0 days 00:29:18.847000,213.0,184.0,280.0,331.0,True,MEDIUM,8.0,True,AlphaTauri,0 days 00:27:45.143000,,1,,False,,False,True
2022-05,FP1,0 days 00:31:18.873000,GAS,10,0 days 00:02:00.026000,9.0,1.0,,0 days 00:31:16.747000,0 days 00:00:39.560000,0 days 00:00:42.381000,0 days 00:00:38.085000,0 days 00:29:58.407000,0 days 00:30:40.788000,0 days 00:31:18.873000,193.0,144.0,,275.0,False,MEDIUM,9.0,True,AlphaTauri,0 days 00:29:18.847000,,1,,False,,False,False
2022-05,FP1,0 days 00:38:55.816000,GAS,10,,10.0,2.0,0 days 00:37:08.938000,,,0 days 00:00:40.212000,0 days 00:00:30.882000,,0 days 00:38:25.014000,0 days 00:38:55.836000,182.0,164.0,278.0,266.0,False,MEDIUM,10.0,False,AlphaTauri,0 days 00:31:18.873000,,1,,False,,False,False
2022-05,FP1,0 days 00:40:29.785000,GAS,10,0 days 00:01:33.969000,11.0,2.0,,,0 days 00:00:31.744000,0 days 00:00:36.219000,0 days 00:00:26.006000,0 days 00:39:27.560000,0 days 00:40:03.779000,0 days 00:40:29.785000,213.0,178.0,277.0,329.0,False,MEDIUM,11.0,False,AlphaTauri,0 days 00:38:55.816000,,1,,False,,False,True
2022-05,FP1,0 days 00:42:31.593000,GAS,10,0 days 00:02:01.808000,12.0,2.0,,,0 days 00:00:45.509000,0 days 00:00:46.020000,0 days 00:00:30.279000,0 days 00:41:15.294000,0 days 00:42:01.314000,0 days 00:42:31.593000,155.0,148.0,277.0,283.0,False,MEDIUM,12.0,False,AlphaTauri,0 days 00:40:29.785000,,1,,False,,False,True
2022-05,FP1,0 days 00:44:17.080000,GAS,10,0 days 00:01:45.487000,13.0,2.0,,,0 days 00:00:31.681000,0 days 00:00:44.243000,0 days 00:00:29.563000,0 days 00:43:03.274000,0 days 00:43:47.517000,0 days 00:44:17.080000,214.0,151.0,278.0,287.0,False,MEDIUM,13.0,False,AlphaTauri,0 days 00:42:31.593000,,1,,False,,False,True
2022-05,FP1,0 days 00:46:10.318000,GAS,10,0 days 00:01:53.238000,14.0,2.0,,,0 days 00:00:41.833000,0 days 00:00:41.903000,0 days 00:00:29.502000,0 days 00:44:58.913000,0 days 00:45:40.816000,0 days 00:46:10.318000,167.0,162.0,281.0,280.0,False,MEDIUM,14.0,False,AlphaTauri,0 days 00:44:17.080000,,1,,False,,False,True
2022-05,FP1,0 days 00:47:44.327000,GAS,10,0 days 00:01:34.009000,15.0,2.0,,,0 days 00:00:31.810000,0 days 00:00:36.229000,0 days 00:00:25.970000,0 days 00:46:42.128000,0 days 00:47:18.357000,0 days 00:47:44.327000,212.0,185.0,279.0,327.0,False,MEDIUM,15.0,False,AlphaTauri,0 days 00:46:10.318000,,1,,False,,False,True
2022-05,FP1,0 days 00:49:45.812000,GAS,10,0 days 00:02:01.485000,16.0,2.0,,0 days 00:49:43.740000,0 days 00:00:39.045000,0 days 00:00:48.228000,0 days 00:00:34.212000,0 days 00:48:23.372000,0 days 00:49:11.600000,0 days 00:49:45.812000,135.0,164.0,,282.0,False,MEDIUM,16.0,False,AlphaTauri,0 days 00:47:44.327000,,12,,False,,False,False
2022-05,FP1,0 days 01:01:06.738000,GAS,10,,17.0,3.0,0 days 00:59:14.640000,,,0 days 00:00:39.790000,0 days 00:00:33.648000,,0 days 01:00:33.241000,0 days 01:01:06.815000,192.0,168.0,281.0,117.0,False,SOFT,1.0,True,AlphaTauri,0 days 00:59:14.640000,,1,,False,,False,False
2022-05,FP1,0 days 01:03:02.430000,GAS,10,0 days 00:01:55.692000,18.0,3.0,,,0 days 00:00:33.041000,0 days 00:00:45.950000,0 days 00:00:36.701000,0 days 01:01:39.779000,0 days 01:02:25.729000,0 days 01:03:02.430000,157.0,132.0,282.0,204.0,False,SOFT,2.0,True,AlphaTauri,0 days 01:01:06.738000,,12,,False,,False,True
2022-05,FP1,0 days 01:04:34.931000,GAS,10,0 days 00:01:32.501000,19.0,3.0,,,0 days 00:00:31.149000,0 days 00:00:35.525000,0 days 00:00:25.827000,0 days 01:03:33.579000,0 days 01:04:09.104000,0 days 01:04:34.931000,216.0,184.0,280.0,330.0,True,SOFT,3.0,True,AlphaTauri,0 days 01:03:02.430000,,1,,False,,False,True
2022-05,FP1,0 days 01:06:49.870000,GAS,10,0 days 00:02:14.939000,20.0,3.0,,,0 days 00:00:51.969000,0 days 00:00:54.496000,0 days 00:00:28.474000,0 days 01:05:26.900000,0 days 01:06:21.396000,0 days 01:06:49.870000,140.0,149.0,280.0,288.0,False,SOFT,4.0,True,AlphaTauri,0 days 01:04:34.931000,,1,,False,,False,True
2022-05,FP1,0 days 01:08:21.845000,GAS,10,0 days 00:01:31.975000,21.0,3.0,,,0 days 00:00:30.816000,0 days 00:00:35.496000,0 days 00:00:25.663000,0 days 01:07:20.686000,0 days 01:07:56.182000,0 days 01:08:21.845000,215.0,185.0,281.0,333.0,True,SOFT,5.0,True,AlphaTauri,0 days 01:06:49.870000,,1,,False,,False,True
2022-05,FP1,0 days 01:10:35.906000,GAS,10,0 days 00:02:14.061000,22.0,3.0,,,0 days 00:00:49.744000,0 days 00:00:47.677000,0 days 00:00:36.640000,0 days 01:09:11.589000,0 days 01:09:59.266000,0 days 01:10:35.906000,157.0,158.0,280.0,191.0,False,SOFT,6.0,True,AlphaTauri,0 days 01:08:21.845000,,1,,False,,False,True
2022-05,FP1,0 days 01:12:08.442000,GAS,10,0 days 00:01:32.536000,23.0,3.0,,,0 days 00:00:30.865000,0 days 00:00:35.539000,0 days 00:00:26.132000,0 days 01:11:06.771000,0 days 01:11:42.310000,0 days 01:12:08.442000,215.0,185.0,281.0,330.0,False,SOFT,7.0,True,AlphaTauri,0 days 01:10:35.906000,,1,,False,,False,True
2022-05,FP1,0 days 01:14:34.102000,GAS,10,0 days 00:02:25.660000,24.0,3.0,,,0 days 00:00:47.562000,0 days 00:00:53.741000,0 days 00:00:44.357000,0 days 01:12:56.004000,0 days 01:13:49.745000,0 days 01:14:34.102000,150.0,121.0,281.0,230.0,False,SOFT,8.0,True,AlphaTauri,0 days 01:12:08.442000,,1,,False,,False,True
2022-05,FP1,0 days 01:16:05.600000,GAS,10,0 days 00:01:31.498000,25.0,3.0,,,0 days 00:00:30.707000,0 days 00:00:35.252000,0 days 00:00:25.539000,0 days 01:15:04.809000,0 days 01:15:40.061000,0 days 01:16:05.600000,218.0,186.0,282.0,333.0,True,SOFT,9.0,True,AlphaTauri,0 days 01:14:34.102000,,1,,False,,False,True
2022-05,FP1,0 days 01:18:01.074000,GAS,10,0 days 00:01:55.474000,26.0,3.0,,,0 days 00:00:40.487000,0 days 00:00:39.312000,0 days 00:00:35.675000,0 days 01:16:46.087000,0 days 01:17:25.399000,0 days 01:18:01.074000,195.0,165.0,49.0,283.0,False,SOFT,10.0,True,AlphaTauri,0 days 01:16:05.600000,,1,,False,,False,True
2022-05,FP1,0 days 01:20:14.933000,GAS,10,0 days 00:02:13.859000,27.0,3.0,,0 days 01:20:12.938000,0 days 00:00:55.709000,0 days 00:00:36.080000,0 days 00:00:42.070000,0 days 01:18:56.783000,0 days 01:19:32.863000,0 days 01:20:14.933000,214.0,180.0,,203.0,False,SOFT,11.0,True,AlphaTauri,0 days 01:18:01.074000,,1,,False,,False,False
2022-05,FP1,0 days 00:18:34.126000,PER,11,,1.0,1.0,0 days 00:16:33.959000,,,0 days 00:00:40.620000,0 days 00:00:46.881000,,0 days 00:17:47.400000,0 days 00:18:34.255000,202.0,160.0,276.0,60.0,False,SOFT,1.0,True,Red Bull Racing,0 days 00:16:33.959000,,1,,False,,False,False
2022-05,FP1,0 days 00:20:12.724000,PER,11,0 days 00:01:38.598000,2.0,1.0,,,0 days 00:00:35.493000,0 days 00:00:36.923000,0 days 00:00:26.182000,0 days 00:19:09.619000,0 days 00:19:46.542000,0 days 00:20:12.724000,203.0,179.0,276.0,291.0,True,SOFT,2.0,True,Red Bull Racing,0 days 00:18:34.126000,,1,,False,,False,True
2022-05,FP1,0 days 00:22:10.786000,PER,11,0 days 00:01:58.062000,3.0,1.0,,,0 days 00:00:37.118000,0 days 00:00:45.588000,0 days 00:00:35.356000,0 days 00:20:49.842000,0 days 00:21:35.430000,0 days 00:22:10.786000,183.0,86.0,279.0,121.0,False,SOFT,3.0,True,Red Bull Racing,0 days 00:20:12.724000,,12,,False,,False,True
2022-05,FP1,0 days 00:23:45.405000,PER,11,0 days 00:01:34.619000,4.0,1.0,,,0 days 00:00:32.199000,0 days 00:00:36.232000,0 days 00:00:26.188000,0 days 00:22:42.985000,0 days 00:23:19.217000,0 days 00:23:45.405000,208.0,183.0,280.0,329.0,True,SOFT,4.0,True,Red Bull Racing,0 days 00:22:10.786000,,1,,False,,False,True
2022-05,FP1,0 days 00:26:03.301000,PER,11,0 days 00:02:17.896000,5.0,1.0,,,0 days 00:00:41.601000,0 days 00:00:50.749000,0 days 00:00:45.546000,0 days 00:24:27.006000,0 days 00:25:17.755000,0 days 00:26:03.301000,178.0,130.0,276.0,155.0,False,SOFT,5.0,True,Red Bull Racing,0 days 00:23:45.405000,,1,,False,,False,True
2022-05,FP1,0 days 00:27:37.761000,PER,11,0 days 00:01:34.460000,6.0,1.0,,,0 days 00:00:32.679000,0 days 00:00:35.651000,0 days 00:00:26.130000,0 days 00:26:35.980000,0 days 00:27:11.631000,0 days 00:27:37.761000,211.0,182.0,281.0,330.0,True,SOFT,6.0,True,Red Bull Racing,0 days 00:26:03.301000,,1,,False,,False,True
2022-05,FP1,0 days 00:29:50.685000,PER,11,0 days 00:02:12.924000,7.0,1.0,,,0 days 00:00:47.542000,0 days 00:00:52.634000,0 days 00:00:32.748000,0 days 00:28:25.303000,0 days 00:29:17.937000,0 days 00:29:50.685000,117.0,116.0,281.0,285.0,False,SOFT,7.0,True,Red Bull Racing,0 days 00:27:37.761000,,1,,False,,False,True
2022-05,FP1,0 days 00:31:24.471000,PER,11,0 days 00:01:33.786000,8.0,1.0,,,0 days 00:00:31.323000,0 days 00:00:36.569000,0 days 00:00:25.894000,0 days 00:30:22.008000,0 days 00:30:58.577000,0 days 00:31:24.471000,211.0,180.0,281.0,332.0,True,SOFT,8.0,True,Red Bull Racing,0 days 00:29:50.685000,,1,,False,,False,True
2022-05,FP1,0 days 00:33:47.341000,PER,11,0 days 00:02:22.870000,9.0,1.0,,,0 days 00:00:46.444000,0 days 00:00:53.522000,0 days 00:00:42.904000,0 days 00:32:10.915000,0 days 00:33:04.437000,0 days 00:33:47.341000,159.0,97.0,280.0,119.0,False,SOFT,9.0,True,Red Bull Racing,0 days 00:31:24.471000,,1,,False,,False,True
2022-05,FP1,0 days 00:35:20.100000,PER,11,0 days 00:01:32.759000,10.0,1.0,,,0 days 00:00:30.930000,0 days 00:00:35.950000,0 days 00:00:25.879000,0 days 00:34:18.271000,0 days 00:34:54.221000,0 days 00:35:20.100000,212.0,185.0,281.0,329.0,True,SOFT,10.0,True,Red Bull Racing,0 days 00:33:47.341000,,1,,False,,False,True
2022-05,FP1,0 days 00:37:15.994000,PER,11,0 days 00:01:55.894000,11.0,1.0,,0 days 00:37:13.669000,0 days 00:00:37.421000,0 days 00:00:43.373000,0 days 00:00:35.100000,0 days 00:35:57.521000,0 days 00:36:40.894000,0 days 00:37:15.994000,194.0,170.0,,274.0,False,SOFT,11.0,True,Red Bull Racing,0 days 00:35:20.100000,,1,,False,,False,False
2022-05,FP1,0 days 01:02:06.724000,PER,11,,12.0,2.0,0 days 01:00:22.735000,,,0 days 00:00:39.005000,0 days 00:00:33.940000,,0 days 01:01:33.020000,0 days 01:02:06.803000,206.0,171.0,283.0,125.0,False,SOFT,1.0,True,Red Bull Racing,0 days 01:00:22.735000,,12,,False,,False,False
2022-05,FP1,0 days 01:03:51.024000,PER,11,0 days 00:01:44.300000,13.0,2.0,,,0 days 00:00:30.966000,0 days 00:00:40.867000,0 days 00:00:32.467000,0 days 01:02:37.690000,0 days 01:03:18.557000,0 days 01:03:51.024000,201.0,145.0,250.0,186.0,False,SOFT,2.0,True,Red Bull Racing,0 days 01:02:06.724000,,1,,False,,False,True
2022-05,FP1,0 days 01:05:40.483000,PER,11,0 days 00:01:49.459000,14.0,2.0,,,0 days 00:00:38.976000,0 days 00:00:41.976000,0 days 00:00:28.507000,0 days 01:04:30,0 days 01:05:11.976000,0 days 01:05:40.483000,173.0,158.0,281.0,281.0,False,SOFT,3.0,True,Red Bull Racing,0 days 01:03:51.024000,,1,,False,,False,True
2022-05,FP1,0 days 01:07:12.665000,PER,11,0 days 00:01:32.182000,15.0,2.0,,,0 days 00:00:30.951000,0 days 00:00:35.471000,0 days 00:00:25.760000,0 days 01:06:11.434000,0 days 01:06:46.905000,0 days 01:07:12.665000,210.0,187.0,281.0,332.0,True,SOFT,4.0,True,Red Bull Racing,0 days 01:05:40.483000,,1,,False,,False,True
2022-05,FP1,0 days 01:09:05.413000,PER,11,0 days 00:01:52.748000,16.0,2.0,,0 days 01:09:03.414000,0 days 00:00:37.620000,0 days 00:00:41.377000,0 days 00:00:33.751000,0 days 01:07:50.285000,0 days 01:08:31.662000,0 days 01:09:05.413000,170.0,165.0,,265.0,False,SOFT,5.0,True,Red Bull Racing,0 days 01:07:12.665000,,1,,False,,False,False
2022-05,FP1,0 days 01:11:27.242000,PER,11,0 days 00:02:21.829000,17.0,3.0,0 days 01:09:24.650000,,0 days 00:00:56.985000,0 days 00:00:45.071000,0 days 00:00:39.773000,0 days 01:10:02.398000,0 days 01:10:47.469000,0 days 01:11:27.242000,168.0,121.0,281.0,240.0,False,SOFT,6.0,False,Red Bull Racing,0 days 01:09:05.413000,,1,,False,,False,False
2022-05,FP1,0 days 01:12:58.543000,PER,11,0 days 00:01:31.301000,18.0,3.0,,,0 days 00:00:30.454000,0 days 00:00:35.300000,0 days 00:00:25.547000,0 days 01:11:57.696000,0 days 01:12:32.996000,0 days 01:12:58.543000,214.0,186.0,282.0,335.0,True,SOFT,7.0,False,Red Bull Racing,0 days 01:11:27.242000,,1,,False,,False,True
2022-05,FP1,0 days 01:14:58.833000,PER,11,0 days 00:02:00.290000,19.0,3.0,,,0 days 00:00:41.589000,0 days 00:00:49.864000,0 days 00:00:28.837000,0 days 01:13:40.132000,0 days 01:14:29.996000,0 days 01:14:58.833000,166.0,140.0,282.0,242.0,False,SOFT,8.0,False,Red Bull Racing,0 days 01:12:58.543000,,1,,False,,False,True
2022-05,FP1,0 days 01:16:30.528000,PER,11,0 days 00:01:31.695000,20.0,3.0,,,0 days 00:00:30.740000,0 days 00:00:35.309000,0 days 00:00:25.646000,0 days 01:15:29.573000,0 days 01:16:04.882000,0 days 01:16:30.528000,213.0,184.0,281.0,336.0,False,SOFT,9.0,False,Red Bull Racing,0 days 01:14:58.833000,,1,,False,,False,True
2022-05,FP1,0 days 01:18:37.393000,PER,11,0 days 00:02:06.865000,21.0,3.0,,,0 days 00:00:35.886000,0 days 00:00:41.332000,0 days 00:00:49.647000,0 days 01:17:06.414000,0 days 01:17:47.746000,0 days 01:18:37.393000,194.0,174.0,44.0,210.0,False,SOFT,10.0,False,Red Bull Racing,0 days 01:16:30.528000,,1,,False,,False,True
2022-05,FP1,0 days 01:21:07.107000,PER,11,0 days 00:02:29.714000,22.0,3.0,,0 days 01:21:05.113000,0 days 00:01:08.650000,0 days 00:00:45.519000,0 days 00:00:35.545000,0 days 01:19:46.043000,0 days 01:20:31.562000,0 days 01:21:07.107000,172.0,162.0,,194.0,False,SOFT,11.0,False,Red Bull Racing,0 days 01:18:37.393000,,1,,False,,False,False
2022-05,FP1,0 days 00:18:10.269000,ALO,14,,1.0,1.0,0 days 00:16:12.461000,,,0 days 00:00:40.835000,0 days 00:00:39.175000,,0 days 00:17:31.280000,0 days 00:18:10.360000,188.0,164.0,271.0,159.0,False,MEDIUM,1.0,True,Alpine,0 days 00:16:12.461000,,1,,False,,False,False
2022-05,FP1,0 days 00:19:49.561000,ALO,14,0 days 00:01:39.292000,2.0,1.0,,,0 days 00:00:34.973000,0 days 00:00:37.276000,0 days 00:00:27.043000,0 days 00:18:45.242000,0 days 00:19:22.518000,0 days 00:19:49.561000,211.0,180.0,274.0,295.0,True,MEDIUM,2.0,True,Alpine,0 days 00:18:10.269000,,1,,False,,False,True
2022-05,FP1,0 days 00:21:25.479000,ALO,14,0 days 00:01:35.918000,3.0,1.0,,,0 days 00:00:32.338000,0 days 00:00:36.636000,0 days 00:00:26.944000,0 days 00:20:21.899000,0 days 00:20:58.535000,0 days 00:21:25.479000,209.0,181.0,271.0,303.0,True,MEDIUM,3.0,True,Alpine,0 days 00:19:49.561000,,12,,False,,False,True
2022-05,FP1,0 days 00:23:17.717000,ALO,14,0 days 00:01:52.238000,4.0,1.0,,,0 days 00:00:38.081000,0 days 00:00:41.250000,0 days 00:00:32.907000,0 days 00:22:03.560000,0 days 00:22:44.810000,0 days 00:23:17.717000,149.0,175.0,271.0,269.0,False,MEDIUM,4.0,True,Alpine,0 days 00:21:25.479000,,21,,False,,False,True
2022-05,FP1,0 days 00:24:56.243000,ALO,14,0 days 00:01:38.526000,5.0,1.0,,,0 days 00:00:32.403000,0 days 00:00:37.852000,0 days 00:00:28.271000,0 days 00:23:50.120000,0 days 00:24:27.972000,0 days 00:24:56.243000,210.0,172.0,274.0,243.0,False,MEDIUM,5.0,True,Alpine,0 days 00:23:17.717000,,1,,False,,False,True
2022-05,FP1,0 days 00:26:31.354000,ALO,14,0 days 00:01:35.111000,6.0,1.0,,,0 days 00:00:32.030000,0 days 00:00:36.470000,0 days 00:00:26.611000,0 days 00:25:28.273000,0 days 00:26:04.743000,0 days 00:26:31.354000,202.0,179.0,275.0,307.0,True,MEDIUM,6.0,True,Alpine,0 days 00:24:56.243000,,1,,False,,False,True
2022-05,FP1,0 days 00:28:17.356000,ALO,14,0 days 00:01:46.002000,7.0,1.0,,,0 days 00:00:31.938000,0 days 00:00:38.305000,0 days 00:00:35.759000,0 days 00:27:03.292000,0 days 00:27:41.597000,0 days 00:28:17.356000,208.0,145.0,271.0,176.0,False,MEDIUM,7.0,True,Alpine,0 days 00:26:31.354000,,1,,False,,False,True
2022-05,FP1,0 days 00:29:52.118000,ALO,14,0 days 00:01:34.762000,8.0,1.0,,,0 days 00:00:32.072000,0 days 00:00:36.432000,0 days 00:00:26.258000,0 days 00:28:49.428000,0 days 00:29:25.860000,0 days 00:29:52.118000,207.0,182.0,278.0,317.0,True,MEDIUM,8.0,True,Alpine,0 days 00:28:17.356000,,1,,False,,False,True
2022-05,FP1,0 days 00:31:43.395000,ALO,14,0 days 00:01:51.277000,9.0,1.0,,,0 days 00:00:32.113000,0 days 00:00:40.256000,0 days 00:00:38.908000,0 days 00:30:24.231000,0 days 00:31:04.487000,0 days 00:31:43.395000,209.0,141.0,273.0,161.0,False,MEDIUM,9.0,True,Alpine,0 days 00:29:52.118000,,1,,False,,False,True
2022-05,FP1,0 days 00:33:28.655000,ALO,14,0 days 00:01:45.260000,10.0,1.0,,,0 days 00:00:31.661000,0 days 00:00:37.050000,0 days 00:00:36.549000,0 days 00:32:15.056000,0 days 00:32:52.106000,0 days 00:33:28.655000,210.0,175.0,275.0,111.0,False,MEDIUM,10.0,True,Alpine,0 days 00:31:43.395000,,1,,False,,False,True
2022-05,FP1,0 days 00:35:30.478000,ALO,14,0 days 00:02:01.823000,11.0,1.0,,,0 days 00:00:33.865000,0 days 00:00:44.178000,0 days 00:00:43.780000,0 days 00:34:02.520000,0 days 00:34:46.698000,0 days 00:35:30.478000,190.0,122.0,275.0,133.0,False,MEDIUM,11.0,True,Alpine,0 days 00:33:28.655000,,1,,False,,False,True
2022-05,FP1,0 days 00:37:05.351000,ALO,14,0 days 00:01:34.873000,12.0,1.0,,,0 days 00:00:31.414000,0 days 00:00:37.059000,0 days 00:00:26.400000,0 days 00:36:01.892000,0 days 00:36:38.951000,0 days 00:37:05.351000,207.0,180.0,275.0,326.0,False,MEDIUM,12.0,True,Alpine,0 days 00:35:30.478000,,1,,False,,False,True
2022-05,FP1,0 days 00:38:52.159000,ALO,14,0 days 00:01:46.808000,13.0,1.0,,0 days 00:38:50.109000,0 days 00:00:32.727000,0 days 00:00:37.856000,0 days 00:00:36.225000,0 days 00:37:38.078000,0 days 00:38:15.934000,0 days 00:38:52.159000,206.0,175.0,,281.0,False,MEDIUM,13.0,True,Alpine,0 days 00:37:05.351000,,1,,False,,False,False
2022-05,FP1,0 days 00:41:08.203000,ALO,14,0 days 00:02:16.044000,14.0,2.0,0 days 00:39:11.848000,,0 days 00:01:01.509000,0 days 00:00:43.310000,0 days 00:00:31.225000,0 days 00:39:53.668000,0 days 00:40:36.978000,0 days 00:41:08.203000,170.0,157.0,276.0,244.0,False,SOFT,1.0,True,Alpine,0 days 00:38:52.159000,,1,,False,,False,False
2022-05,FP1,0 days 00:42:41.392000,ALO,14,0 days 00:01:33.189000,15.0,2.0,,,0 days 00:00:30.896000,0 days 00:00:36.022000,0 days 00:00:26.271000,0 days 00:41:39.099000,0 days 00:42:15.121000,0 days 00:42:41.392000,214.0,182.0,276.0,323.0,True,SOFT,2.0,True,Alpine,0 days 00:41:08.203000,,1,,False,,False,True
2022-05,FP1,0 days 00:44:59.131000,ALO,14,0 days 00:02:17.739000,16.0,2.0,,,0 days 00:00:43.718000,0 days 00:00:59.360000,0 days 00:00:34.661000,0 days 00:43:25.110000,0 days 00:44:24.470000,0 days 00:44:59.131000,120.0,132.0,275.0,240.0,False,SOFT,3.0,True,Alpine,0 days 00:42:41.392000,,1,,False,,False,True
2022-05,FP1,0 days 00:46:48.984000,ALO,14,0 days 00:01:49.853000,17.0,2.0,,,0 days 00:00:32.896000,0 days 00:00:46.265000,0 days 00:00:30.692000,0 days 00:45:32.027000,0 days 00:46:18.292000,0 days 00:46:48.984000,169.0,88.0,277.0,294.0,False,SOFT,4.0,True,Alpine,0 days 00:44:59.131000,,1,,False,,False,True
2022-05,FP1,0 days 00:48:21.868000,ALO,14,0 days 00:01:32.884000,18.0,2.0,,,0 days 00:00:30.831000,0 days 00:00:35.830000,0 days 00:00:26.223000,0 days 00:47:19.815000,0 days 00:47:55.645000,0 days 00:48:21.868000,212.0,182.0,276.0,324.0,True,SOFT,5.0,True,Alpine,0 days 00:46:48.984000,,1,,False,,False,True
2022-05,FP1,0 days 00:59:56.146000,ALO,14,,19.0,2.0,,0 days 00:50:20.175000,0 days 00:00:38.725000,0 days 00:00:40.918000,,0 days 00:49:00.802000,0 days 00:49:41.711000,,187.0,169.0,,243.0,False,SOFT,6.0,True,Alpine,0 days 00:48:21.868000,,125,,False,,False,False
2022-05,FP1,0 days 01:01:52.398000,ALO,14,,20.0,3.0,0 days 00:59:56.146000,,,0 days 00:00:38.133000,0 days 00:00:40.561000,,0 days 01:01:11.984000,0 days 01:01:52.418000,200.0,175.0,267.0,145.0,False,SOFT,7.0,False,Alpine,0 days 00:59:56.146000,,12,,False,,False,False
2022-05,FP1,0 days 01:03:29.043000,ALO,14,0 days 00:01:36.645000,21.0,3.0,,,0 days 00:00:32.523000,0 days 00:00:37.139000,0 days 00:00:26.983000,0 days 01:02:24.921000,0 days 01:03:02.060000,0 days 01:03:29.043000,207.0,179.0,269.0,290.0,False,SOFT,8.0,False,Alpine,0 days 01:01:52.398000,,1,,False,,False,True
2022-05,FP1,0 days 01:05:05.522000,ALO,14,0 days 00:01:36.479000,22.0,3.0,,,0 days 00:00:32.421000,0 days 00:00:37,0 days 00:00:27.058000,0 days 01:04:01.464000,0 days 01:04:38.464000,0 days 01:05:05.522000,204.0,179.0,267.0,292.0,False,SOFT,9.0,False,Alpine,0 days 01:03:29.043000,,1,,False,,False,True
2022-05,FP1,0 days 01:06:42.121000,ALO,14,0 days 00:01:36.599000,23.0,3.0,,,0 days 00:00:32.435000,0 days 00:00:37.076000,0 days 00:00:27.088000,0 days 01:05:37.957000,0 days 01:06:15.033000,0 days 01:06:42.121000,201.0,179.0,269.0,293.0,False,SOFT,10.0,False,Alpine,0 days 01:05:05.522000,,1,,False,,False,True
2022-05,FP1,0 days 01:08:18.901000,ALO,14,0 days 00:01:36.780000,24.0,3.0,,,0 days 00:00:32.606000,0 days 00:00:37.137000,0 days 00:00:27.037000,0 days 01:07:14.727000,0 days 01:07:51.864000,0 days 01:08:18.901000,204.0,179.0,269.0,290.0,False,SOFT,11.0,False,Alpine,0 days 01:06:42.121000,,1,,False,,False,True
2022-05,FP1,0 days 01:09:55.698000,ALO,14,0 days 00:01:36.797000,25.0,3.0,,,0 days 00:00:32.525000,0 days 00:00:37.253000,0 days 00:00:27.019000,0 days 01:08:51.426000,0 days 01:09:28.679000,0 days 01:09:55.698000,202.0,178.0,269.0,289.0,False,SOFT,12.0,False,Alpine,0 days 01:08:18.901000,,1,,False,,False,True
2022-05,FP1,0 days 01:11:32.449000,ALO,14,0 days 00:01:36.751000,26.0,3.0,,,0 days 00:00:32.328000,0 days 00:00:37.313000,0 days 00:00:27.110000,0 days 01:10:28.026000,0 days 01:11:05.339000,0 days 01:11:32.449000,200.0,178.0,270.0,291.0,False,SOFT,13.0,False,Alpine,0 days 01:09:55.698000,,1,,False,,False,True
2022-05,FP1,0 days 01:13:08.863000,ALO,14,0 days 00:01:36.414000,27.0,3.0,,,0 days 00:00:32.262000,0 days 00:00:37.088000,0 days 00:00:27.064000,0 days 01:12:04.711000,0 days 01:12:41.799000,0 days 01:13:08.863000,206.0,177.0,269.0,294.0,False,SOFT,14.0,False,Alpine,0 days 01:11:32.449000,,1,,False,,False,True
2022-05,FP1,0 days 01:14:45.479000,ALO,14,0 days 00:01:36.616000,28.0,3.0,,,0 days 00:00:32.505000,0 days 00:00:37.179000,0 days 00:00:26.932000,0 days 01:13:41.368000,0 days 01:14:18.547000,0 days 01:14:45.479000,201.0,179.0,270.0,292.0,False,SOFT,15.0,False,Alpine,0 days 01:13:08.863000,,1,,False,,False,True
2022-05,FP1,0 days 01:16:22.704000,ALO,14,0 days 00:01:37.225000,29.0,3.0,,,0 days 00:00:32.847000,0 days 00:00:37.388000,0 days 00:00:26.990000,0 days 01:15:18.326000,0 days 01:15:55.714000,0 days 01:16:22.704000,201.0,178.0,270.0,296.0,False,SOFT,16.0,False,Alpine,0 days 01:14:45.479000,,1,,False,,False,True
2022-05,FP1,0 days 01:18:23.131000,ALO,14,0 days 00:02:00.427000,30.0,3.0,,,0 days 00:00:37.952000,0 days 00:00:42.530000,0 days 00:00:39.945000,0 days 01:17:00.656000,0 days 01:17:43.186000,0 days 01:18:23.131000,186.0,165.0,72.0,224.0,False,SOFT,17.0,False,Alpine,0 days 01:16:22.704000,,1,,False,,False,True
2022-05,FP1,0 days 01:20:51.963000,ALO,14,0 days 00:02:28.832000,31.0,3.0,,0 days 01:20:49.928000,0 days 00:01:09.871000,0 days 00:00:40.619000,0 days 00:00:38.342000,0 days 01:19:33.002000,0 days 01:20:13.621000,0 days 01:20:51.963000,201.0,117.0,,212.0,False,SOFT,18.0,False,Alpine,0 days 01:18:23.131000,,1,,False,,False,False
2022-05,FP1,0 days 00:18:01.273000,LEC,16,,1.0,1.0,0 days 00:15:49.435000,,,0 days 00:00:43.812000,0 days 00:00:49.061000,,0 days 00:17:12.413000,0 days 00:18:01.360000,184.0,146.0,261.0,70.0,False,MEDIUM,1.0,True,Ferrari,0 days 00:15:49.435000,,1,,False,,False,False
2022-05,FP1,0 days 00:19:38.193000,LEC,16,0 days 00:01:36.920000,2.0,1.0,,,0 days 00:00:32.852000,0 days 00:00:37.167000,0 days 00:00:26.901000,0 days 00:18:34.125000,0 days 00:19:11.292000,0 days 00:19:38.193000,213.0,181.0,270.0,301.0,True,MEDIUM,2.0,True,Ferrari,0 days 00:18:01.273000,,1,,False,,False,True
2022-05,FP1,0 days 00:21:13.039000,LEC,16,0 days 00:01:34.846000,3.0,1.0,,,0 days 00:00:31.897000,0 days 00:00:36.314000,0 days 00:00:26.635000,0 days 00:20:10.090000,0 days 00:20:46.404000,0 days 00:21:13.039000,213.0,184.0,273.0,292.0,True,MEDIUM,3.0,True,Ferrari,0 days 00:19:38.193000,,1,,False,,False,True
2022-05,FP1,0 days 00:23:43.377000,LEC,16,,4.0,1.0,,,0 days 00:00:53.787000,0 days 00:00:56.046000,0 days 00:00:40.472000,0 days 00:22:07.030000,0 days 00:23:03.068000,0 days 00:23:43.457000,135.0,92.0,275.0,119.0,False,MEDIUM,4.0,True,Ferrari,0 days 00:21:13.039000,,12,,False,,False,False
2022-05,FP1,0 days 00:25:16.817000,LEC,16,0 days 00:01:33.440000,5.0,1.0,,,0 days 00:00:31.483000,0 days 00:00:35.647000,0 days 00:00:26.310000,0 days 00:24:14.860000,0 days 00:24:50.507000,0 days 00:25:16.817000,213.0,181.0,274.0,317.0,True,MEDIUM,5.0,True,Ferrari,0 days 00:23:43.377000,,1,,False,,False,True
2022-05,FP1,0 days 00:27:04.699000,LEC,16,0 days 00:01:47.882000,6.0,1.0,,0 days 00:27:02.645000,0 days 00:00:31.842000,0 days 00:00:37.783000,0 days 00:00:38.257000,0 days 00:25:48.659000,0 days 00:26:26.442000,0 days 00:27:04.699000,205.0,149.0,,174.0,False,MEDIUM,6.0,True,Ferrari,0 days 00:25:16.817000,,1,,False,,False,False
2022-05,FP1,0 days 00:29:35.787000,LEC,16,,7.0,2.0,0 days 00:27:27.418000,,0 days 00:01:08.769000,0 days 00:00:54.672000,0 days 00:00:27.642000,0 days 00:28:13.655000,0 days 00:29:08.318000,0 days 00:29:35.858000,133.0,166.0,278.0,283.0,False,MEDIUM,7.0,False,Ferrari,0 days 00:27:04.699000,,1,,False,,False,False
2022-05,FP1,0 days 00:31:08.736000,LEC,16,0 days 00:01:32.949000,8.0,2.0,,,0 days 00:00:31.067000,0 days 00:00:35.841000,0 days 00:00:26.041000,0 days 00:30:06.854000,0 days 00:30:42.695000,0 days 00:31:08.736000,212.0,183.0,280.0,318.0,True,MEDIUM,8.0,False,Ferrari,0 days 00:29:35.787000,,1,,False,,False,True
2022-05,FP1,0 days 00:32:42.785000,LEC,16,0 days 00:01:34.049000,9.0,2.0,,,0 days 00:00:31.363000,0 days 00:00:36.198000,0 days 00:00:26.488000,0 days 00:31:40.099000,0 days 00:32:16.297000,0 days 00:32:42.785000,211.0,183.0,271.0,304.0,False,MEDIUM,9.0,False,Ferrari,0 days 00:31:08.736000,,1,,False,,False,True
2022-05,FP1,0 days 00:35:17.963000,LEC,16,,10.0,2.0,,,0 days 00:00:53.254000,0 days 00:00:59.443000,0 days 00:00:42.482000,0 days 00:33:36.208000,0 days 00:34:35.650000,0 days 00:35:17.963000,138.0,117.0,272.0,212.0,False,MEDIUM,10.0,False,Ferrari,0 days 00:32:42.785000,,1,,False,,False,False
2022-05,FP1,0 days 00:36:51.103000,LEC,16,0 days 00:01:33.140000,11.0,2.0,,,0 days 00:00:30.936000,0 days 00:00:36.042000,0 days 00:00:26.162000,0 days 00:35:48.899000,0 days 00:36:24.941000,0 days 00:36:51.103000,214.0,185.0,275.0,319.0,False,MEDIUM,11.0,False,Ferrari,0 days 00:35:17.963000,,1,,False,,False,True
2022-05,FP1,0 days 00:39:15.974000,LEC,16,0 days 00:02:24.871000,12.0,2.0,,,0 days 00:00:51.270000,0 days 00:00:59.032000,0 days 00:00:34.569000,0 days 00:37:42.373000,0 days 00:38:41.405000,0 days 00:39:15.974000,131.0,137.0,273.0,149.0,False,MEDIUM,12.0,False,Ferrari,0 days 00:36:51.103000,,1,,False,,False,True
2022-05,FP1,0 days 00:40:48.529000,LEC,16,0 days 00:01:32.555000,13.0,2.0,,,0 days 00:00:30.799000,0 days 00:00:35.696000,0 days 00:00:26.060000,0 days 00:39:46.773000,0 days 00:40:22.469000,0 days 00:40:48.529000,210.0,184.0,265.0,320.0,True,MEDIUM,13.0,False,Ferrari,0 days 00:39:15.974000,,1,,False,,False,True
2022-05,FP1,0 days 00:43:20.538000,LEC,16,,14.0,2.0,,,0 days 00:00:51.956000,0 days 00:01:03.986000,0 days 00:00:36.026000,0 days 00:41:40.650000,0 days 00:42:44.655000,0 days 00:43:20.576000,112.0,115.0,273.0,220.0,False,MEDIUM,14.0,False,Ferrari,0 days 00:40:48.529000,,1,,False,,False,False
2022-05,FP1,0 days 00:44:53.196000,LEC,16,0 days 00:01:32.658000,15.0,2.0,,,0 days 00:00:30.620000,0 days 00:00:35.980000,0 days 00:00:26.058000,0 days 00:43:51.158000,0 days 00:44:27.138000,0 days 00:44:53.196000,215.0,184.0,275.0,316.0,False,MEDIUM,15.0,False,Ferrari,0 days 00:43:20.538000,,1,,False,,False,True
2022-05,FP1,0 days 00:46:43.993000,LEC,16,0 days 00:01:50.797000,16.0,2.0,,0 days 00:46:41.947000,0 days 00:00:40.401000,0 days 00:00:37.489000,0 days 00:00:32.907000,0 days 00:45:33.597000,0 days 00:46:11.086000,0 days 00:46:43.993000,205.0,181.0,,309.0,False,MEDIUM,16.0,False,Ferrari,0 days 00:44:53.196000,,1,,False,,False,False
2022-05,FP1,0 days 01:01:59.113000,LEC,16,,17.0,3.0,0 days 00:59:48.636000,,,0 days 00:00:48.192000,0 days 00:00:37.590000,,0 days 01:01:21.658000,0 days 01:01:59.170000,146.0,156.0,278.0,99.0,False,SOFT,1.0,True,Ferrari,0 days 00:59:48.636000,,12,,False,,False,False
2022-05,FP1,0 days 01:04:06.525000,LEC,16,0 days 00:02:07.412000,18.0,3.0,,,0 days 00:00:30.412000,0 days 00:00:51.288000,0 days 00:00:45.712000,0 days 01:02:29.525000,0 days 01:03:20.813000,0 days 01:04:06.525000,206.0,131.0,277.0,120.0,False,SOFT,2.0,True,Ferrari,0 days 01:01:59.113000,,1,,False,,False,True
2022-05,FP1,0 days 01:06:11.146000,LEC,16,0 days 00:02:04.621000,19.0,3.0,,,0 days 00:00:32.853000,0 days 00:01:02.540000,0 days 00:00:29.228000,0 days 01:04:39.378000,0 days 01:05:41.918000,0 days 01:06:11.146000,117.0,146.0,277.0,276.0,False,SOFT,3.0,True,Ferrari,0 days 01:04:06.525000,,1,,False,,False,True
2022-05,FP1,0 days 01:08:07.408000,LEC,16,0 days 00:01:56.262000,20.0,3.0,,,0 days 00:00:30.275000,0 days 00:00:39.373000,0 days 00:00:46.614000,0 days 01:06:41.421000,0 days 01:07:20.794000,0 days 01:08:07.408000,218.0,124.0,157.0,153.0,False,SOFT,4.0,True,Ferrari,0 days 01:06:11.146000,,1,,False,,False,True
2022-05,FP1,0 days 01:10:23.810000,LEC,16,0 days 00:02:16.402000,21.0,3.0,,,0 days 00:00:52.775000,0 days 00:00:55.029000,0 days 00:00:28.598000,0 days 01:09:00.183000,0 days 01:09:55.212000,0 days 01:10:23.810000,122.0,159.0,277.0,295.0,False,SOFT,5.0,True,Ferrari,0 days 01:08:07.408000,,1,,False,,False,True
2022-05,FP1,0 days 01:11:54.908000,LEC,16,0 days 00:01:31.098000,22.0,3.0,,,0 days 00:00:30.189000,0 days 00:00:35.222000,0 days 00:00:25.687000,0 days 01:10:53.999000,0 days 01:11:29.221000,0 days 01:11:54.908000,217.0,184.0,279.0,321.0,True,SOFT,6.0,True,Ferrari,0 days 01:10:23.810000,,1,,False,,False,True
2022-05,FP1,0 days 01:14:41.254000,LEC,16,,23.0,3.0,,,0 days 00:00:54.096000,0 days 00:01:05.022000,0 days 00:00:47.179000,0 days 01:12:49.188000,0 days 01:13:54.144000,0 days 01:14:41.260000,99.0,76.0,274.0,144.0,False,SOFT,7.0,True,Ferrari,0 days 01:11:54.908000,,1,,False,,False,False
2022-05,FP1,0 days 01:16:12.686000,LEC,16,0 days 00:01:31.432000,24.0,3.0,,,0 days 00:00:30.321000,0 days 00:00:35.091000,0 days 00:00:26.020000,0 days 01:15:11.575000,0 days 01:15:46.666000,0 days 01:16:12.686000,214.0,186.0,262.0,324.0,False,SOFT,8.0,True,Ferrari,0 days 01:14:41.254000,,1,,False,,False,True
2022-05,FP1,0 days 01:18:27.835000,LEC,16,0 days 00:02:15.149000,25.0,3.0,,,0 days 00:00:41.966000,0 days 00:00:46.914000,0 days 00:00:46.269000,0 days 01:16:54.652000,0 days 01:17:41.566000,0 days 01:18:27.835000,146.0,147.0,54.0,198.0,False,SOFT,9.0,True,Ferrari,0 days 01:16:12.686000,,1,,False,,False,True
2022-05,FP1,0 days 01:21:01.180000,LEC,16,,26.0,3.0,,0 days 01:20:59.127000,0 days 00:01:11.933000,0 days 00:00:45.407000,0 days 00:00:36.024000,0 days 01:19:39.885000,0 days 01:20:25.261000,0 days 01:21:01.180000,168.0,145.0,,219.0,False,SOFT,10.0,True,Ferrari,0 days 01:18:27.835000,,1,,False,,False,False
2022-05,FP1,0 days 00:17:03.805000,STR,18,,1.0,1.0,0 days 00:15:03.859000,,,0 days 00:00:44.386000,0 days 00:00:33.501000,,0 days 00:16:30.499000,0 days 00:17:03.879000,159.0,168.0,273.0,253.0,False,SOFT,1.0,True,Aston Martin,0 days 00:15:03.859000,,1,,False,,False,False
2022-05,FP1,0 days 00:18:43.318000,STR,18,0 days 00:01:39.513000,2.0,1.0,,,0 days 00:00:34.692000,0 days 00:00:37.939000,0 days 00:00:26.882000,0 days 00:17:38.497000,0 days 00:18:16.436000,0 days 00:18:43.318000,207.0,179.0,276.0,305.0,True,SOFT,2.0,True,Aston Martin,0 days 00:17:03.805000,,1,,False,,False,True
2022-05,FP1,0 days 00:21:17.430000,STR,18,,3.0,1.0,,,0 days 00:00:55.942000,0 days 00:01:02.547000,0 days 00:00:35.609000,0 days 00:19:39.453000,0 days 00:20:42.037000,0 days 00:21:17.528000,106.0,150.0,278.0,80.0,False,SOFT,3.0,True,Aston Martin,0 days 00:18:43.318000,,1,,False,,False,False
2022-05,FP1,0 days 00:23:31.478000,STR,18,0 days 00:02:14.048000,4.0,1.0,,,0 days 00:00:41.335000,0 days 00:00:53.820000,0 days 00:00:38.893000,0 days 00:21:58.765000,0 days 00:22:52.585000,0 days 00:23:31.478000,131.0,137.0,279.0,122.0,False,SOFT,4.0,True,Aston Martin,0 days 00:21:17.430000,,12,,False,,False,True
2022-05,FP1,0 days 00:25:06.784000,STR,18,0 days 00:01:35.306000,5.0,1.0,,,0 days 00:00:32.554000,0 days 00:00:36.456000,0 days 00:00:26.296000,0 days 00:24:04.032000,0 days 00:24:40.488000,0 days 00:25:06.784000,211.0,182.0,279.0,326.0,True,SOFT,5.0,True,Aston Martin,0 days 00:23:31.478000,,1,,False,,False,True
2022-05,FP1,0 days 00:27:29.812000,STR,18,0 days 00:02:23.028000,6.0,1.0,,,0 days 00:00:51.220000,0 days 00:00:54.940000,0 days 00:00:36.868000,0 days 00:25:58.004000,0 days 00:26:52.944000,0 days 00:27:29.812000,126.0,110.0,163.0,191.0,False,SOFT,6.0,True,Aston Martin,0 days 00:25:06.784000,,1,,False,,False,True
2022-05,FP1,0 days 00:29:42.389000,STR,18,0 days 00:02:12.577000,7.0,1.0,,,0 days 00:00:53.623000,0 days 00:00:47.456000,0 days 00:00:31.498000,0 days 00:28:23.435000,0 days 00:29:10.891000,0 days 00:29:42.389000,128.0,128.0,279.0,247.0,False,SOFT,7.0,True,Aston Martin,0 days 00:27:29.812000,,1,,False,,False,True
2022-05,FP1,0 days 00:31:17.027000,STR,18,0 days 00:01:34.638000,8.0,1.0,,,0 days 00:00:32.235000,0 days 00:00:36.434000,0 days 00:00:25.969000,0 days 00:30:14.624000,0 days 00:30:51.058000,0 days 00:31:17.027000,208.0,181.0,281.0,325.0,True,SOFT,8.0,True,Aston Martin,0 days 00:29:42.389000,,1,,False,,False,True
2022-05,FP1,0 days 00:33:37.980000,STR,18,0 days 00:02:20.953000,9.0,1.0,,,0 days 00:00:51.420000,0 days 00:00:53.756000,0 days 00:00:35.777000,0 days 00:32:08.447000,0 days 00:33:02.203000,0 days 00:33:37.980000,111.0,132.0,277.0,211.0,False,SOFT,9.0,True,Aston Martin,0 days 00:31:17.027000,,1,,False,,False,True
2022-05,FP1,0 days 00:35:58.215000,STR,18,0 days 00:02:20.235000,10.0,1.0,,,0 days 00:00:39.773000,0 days 00:01:03.184000,0 days 00:00:37.278000,0 days 00:34:17.753000,0 days 00:35:20.937000,0 days 00:35:58.215000,74.0,99.0,277.0,239.0,False,SOFT,10.0,True,Aston Martin,0 days 00:33:37.980000,,1,,False,,False,True
2022-05,FP1,0 days 00:37:45.964000,STR,18,0 days 00:01:47.749000,11.0,1.0,,0 days 00:37:43.946000,0 days 00:00:32.715000,0 days 00:00:36.598000,0 days 00:00:38.436000,0 days 00:36:30.930000,0 days 00:37:07.528000,0 days 00:37:45.964000,208.0,182.0,,232.0,False,SOFT,11.0,True,Aston Martin,0 days 00:35:58.215000,,1,,False,,False,False
2022-05,FP1,0 days 00:48:05.856000,STR,18,,12.0,2.0,0 days 00:46:02.170000,,,0 days 00:00:46.122000,0 days 00:00:31.001000,,0 days 00:47:34.944000,0 days 00:48:05.856000,110.0,124.0,278.0,180.0,False,SOFT,1.0,True,Aston Martin,0 days 00:37:45.964000,,1,,False,,False,False
2022-05,FP1,0 days 00:59:43.968000,STR,18,,13.0,2.0,,0 days 00:50:39.445000,0 days 00:00:49.040000,0 days 00:00:59.848000,,0 days 00:48:54.995000,0 days 00:49:54.811000,,117.0,111.0,,,False,SOFT,2.0,True,Aston Martin,0 days 00:48:05.856000,,125,,False,,False,False
2022-05,FP1,0 days 01:01:43.411000,STR,18,,14.0,3.0,0 days 00:59:43.968000,,,0 days 00:00:45.706000,0 days 00:00:32.514000,,0 days 01:01:11.008000,0 days 01:01:43.441000,152.0,132.0,278.0,232.0,False,SOFT,3.0,False,Aston Martin,0 days 00:59:43.968000,,12,,False,,False,False
2022-05,FP1,0 days 01:03:46.370000,STR,18,0 days 00:02:02.959000,15.0,3.0,,,0 days 00:00:31.780000,0 days 00:00:43.646000,0 days 00:00:47.533000,0 days 01:02:15.191000,0 days 01:02:58.837000,0 days 01:03:46.370000,211.0,67.0,136.0,171.0,False,SOFT,4.0,False,Aston Martin,0 days 01:01:43.411000,,1,,False,,False,True
2022-05,FP1,0 days 01:06:16.757000,STR,18,,16.0,3.0,,,0 days 00:00:54.787000,0 days 00:01:01.888000,0 days 00:00:33.758000,0 days 01:04:41.272000,0 days 01:05:43.172000,0 days 01:06:16.820000,104.0,155.0,276.0,138.0,False,SOFT,5.0,False,Aston Martin,0 days 01:03:46.370000,,1,,False,,False,False
2022-05,FP1,0 days 01:07:50.333000,STR,18,0 days 00:01:33.576000,17.0,3.0,,,0 days 00:00:31.526000,0 days 00:00:35.860000,0 days 00:00:26.190000,0 days 01:06:48.283000,0 days 01:07:24.143000,0 days 01:07:50.333000,214.0,185.0,280.0,328.0,True,SOFT,6.0,False,Aston Martin,0 days 01:06:16.757000,,1,,False,,False,True
2022-05,FP1,0 days 01:10:20.047000,STR,18,0 days 00:02:29.714000,18.0,3.0,,,0 days 00:00:54.578000,0 days 00:00:53.984000,0 days 00:00:41.152000,0 days 01:08:44.911000,0 days 01:09:38.895000,0 days 01:10:20.047000,133.0,96.0,159.0,233.0,False,SOFT,7.0,False,Aston Martin,0 days 01:07:50.333000,,1,,False,,False,True
2022-05,FP1,0 days 01:12:36.544000,STR,18,0 days 00:02:16.497000,19.0,3.0,,,0 days 00:00:54.442000,0 days 00:00:48.871000,0 days 00:00:33.184000,0 days 01:11:14.489000,0 days 01:12:03.360000,0 days 01:12:36.544000,115.0,165.0,277.0,144.0,False,SOFT,8.0,False,Aston Martin,0 days 01:10:20.047000,,1,,False,,False,True
2022-05,FP1,0 days 01:14:15.060000,STR,18,0 days 00:01:38.516000,20.0,3.0,,,0 days 00:00:31.330000,0 days 00:00:36.940000,0 days 00:00:30.246000,0 days 01:13:07.874000,0 days 01:13:44.814000,0 days 01:14:15.060000,214.0,176.0,262.0,253.0,False,SOFT,9.0,False,Aston Martin,0 days 01:12:36.544000,,1,,False,,False,True
2022-05,FP1,0 days 01:16:04.091000,STR,18,0 days 00:01:49.031000,21.0,3.0,,,0 days 00:00:41.393000,0 days 00:00:40.099000,0 days 00:00:27.539000,0 days 01:14:56.453000,0 days 01:15:36.552000,0 days 01:16:04.091000,192.0,164.0,271.0,297.0,False,SOFT,10.0,False,Aston Martin,0 days 01:14:15.060000,,1,,False,,False,True
2022-05,FP1,0 days 01:18:14.415000,STR,18,0 days 00:02:10.324000,22.0,3.0,,,0 days 00:00:44.268000,0 days 00:00:41.893000,0 days 00:00:44.163000,0 days 01:16:48.359000,0 days 01:17:30.252000,0 days 01:18:14.415000,149.0,141.0,65.0,158.0,False,SOFT,11.0,False,Aston Martin,0 days 01:16:04.091000,,1,,False,,False,True
2022-05,FP1,0 days 01:20:42.799000,STR,18,0 days 00:02:28.384000,23.0,3.0,,0 days 01:20:40.798000,0 days 00:01:09.523000,0 days 00:00:41.197000,0 days 00:00:37.664000,0 days 01:19:23.938000,0 days 01:20:05.135000,0 days 01:20:42.799000,188.0,150.0,,195.0,False,SOFT,12.0,False,Aston Martin,0 days 01:18:14.415000,,1,,False,,False,False
2022-05,FP1,0 days 00:18:21.827000,MAG,20,,1.0,1.0,0 days 00:16:26.294000,0 days 00:18:19.733000,,0 days 00:00:42.595000,0 days 00:00:38.440000,,0 days 00:17:43.551000,0 days 00:18:21.862000,190.0,167.0,,134.0,False,HARD,1.0,True,Haas F1 Team,0 days 00:16:26.294000,,1,,False,,False,False
2022-05,FP1,0 days 00:20:51.597000,MAG,20,0 days 00:02:29.770000,2.0,2.0,0 days 00:18:54.410000,0 days 00:20:49.468000,0 days 00:01:05.856000,0 days 00:00:49.203000,0 days 00:00:34.711000,0 days 00:19:27.683000,0 days 00:20:16.886000,0 days 00:20:51.597000,205.0,175.0,,293.0,False,HARD,2.0,False,Haas F1 Team,0 days 00:18:21.827000,,1,,False,,False,False
2022-05,FP1,0 days 00:33:34.142000,MAG,20,,3.0,3.0,0 days 00:31:49.233000,,,0 days 00:00:42.630000,0 days 00:00:29.126000,,0 days 00:33:05.253000,0 days 00:33:34.272000,205.0,99.0,274.0,309.0,False,HARD,3.0,False,Haas F1 Team,0 days 00:20:51.597000,,12,,False,,False,False
2022-05,FP1,0 days 00:35:22.316000,MAG,20,0 days 00:01:48.174000,4.0,3.0,,,0 days 00:00:36.752000,0 days 00:00:39.507000,0 days 00:00:31.915000,0 days 00:34:10.894000,0 days 00:34:50.401000,0 days 00:35:22.316000,204.0,179.0,273.0,209.0,True,HARD,4.0,False,Haas F1 Team,0 days 00:33:34.142000,,1,,False,,False,True
2022-05,FP1,0 days 00:36:58.862000,MAG,20,0 days 00:01:36.546000,5.0,3.0,,,0 days 00:00:33.029000,0 days 00:00:36.953000,0 days 00:00:26.564000,0 days 00:35:55.345000,0 days 00:36:32.298000,0 days 00:36:58.862000,210.0,183.0,274.0,313.0,True,HARD,5.0,False,Haas F1 Team,0 days 00:35:22.316000,,1,,False,,False,True
2022-05,FP1,0 days 00:38:34.781000,MAG,20,0 days 00:01:35.919000,6.0,3.0,,,0 days 00:00:32.539000,0 days 00:00:36.870000,0 days 00:00:26.510000,0 days 00:37:31.401000,0 days 00:38:08.271000,0 days 00:38:34.781000,210.0,182.0,274.0,310.0,True,HARD,6.0,False,Haas F1 Team,0 days 00:36:58.862000,,1,,False,,False,True
2022-05,FP1,0 days 00:40:16.918000,MAG,20,0 days 00:01:42.137000,7.0,3.0,,,0 days 00:00:37.958000,0 days 00:00:37.338000,0 days 00:00:26.841000,0 days 00:39:12.739000,0 days 00:39:50.077000,0 days 00:40:16.918000,208.0,179.0,274.0,308.0,False,HARD,7.0,False,Haas F1 Team,0 days 00:38:34.781000,,1,,False,,False,True
2022-05,FP1,0 days 00:41:52.163000,MAG,20,0 days 00:01:35.245000,8.0,3.0,,,0 days 00:00:31.925000,0 days 00:00:36.842000,0 days 00:00:26.478000,0 days 00:40:48.843000,0 days 00:41:25.685000,0 days 00:41:52.163000,211.0,182.0,275.0,312.0,True,HARD,8.0,False,Haas F1 Team,0 days 00:40:16.918000,,1,,False,,False,True
2022-05,FP1,0 days 00:43:27.536000,MAG,20,0 days 00:01:35.373000,9.0,3.0,,,0 days 00:00:32.029000,0 days 00:00:36.726000,0 days 00:00:26.618000,0 days 00:42:24.192000,0 days 00:43:00.918000,0 days 00:43:27.536000,207.0,182.0,275.0,313.0,False,HARD,9.0,False,Haas F1 Team,0 days 00:41:52.163000,,1,,False,,False,True
2022-05,FP1,0 days 00:45:15.520000,MAG,20,0 days 00:01:47.984000,10.0,3.0,,,0 days 00:00:37.551000,0 days 00:00:39.386000,0 days 00:00:31.047000,0 days 00:44:05.087000,0 days 00:44:44.473000,0 days 00:45:15.520000,193.0,179.0,276.0,149.0,False,HARD,10.0,False,Haas F1 Team,0 days 00:43:27.536000,,1,,False,,False,True
2022-05,FP1,0 days 00:46:53.198000,MAG,20,0 days 00:01:37.678000,11.0,3.0,,,0 days 00:00:34.529000,0 days 00:00:36.602000,0 days 00:00:26.547000,0 days 00:45:50.049000,0 days 00:46:26.651000,0 days 00:46:53.198000,209.0,180.0,277.0,311.0,False,HARD,11.0,False,Haas F1 Team,0 days 00:45:15.520000,,1,,False,,False,True
2022-05,FP1,0 days 00:48:27.706000,MAG,20,0 days 00:01:34.508000,12.0,3.0,,,0 days 00:00:31.505000,0 days 00:00:36.352000,0 days 00:00:26.651000,0 days 00:47:24.703000,0 days 00:48:01.055000,0 days 00:48:27.706000,212.0,183.0,273.0,307.0,True,HARD,12.0,False,Haas F1 Team,0 days 00:46:53.198000,,1,,False,,False,True
2022-05,FP1,0 days 01:06:58.057000,MAG,20,,13.0,3.0,,0 days 00:50:27.429000,0 days 00:00:34.376000,0 days 00:00:43.577000,,0 days 00:49:02.272000,0 days 00:49:45.883000,,200.0,117.0,,,False,HARD,13.0,False,Haas F1 Team,0 days 00:48:27.706000,,125,,False,,False,False
2022-05,FP1,0 days 01:08:42.232000,MAG,20,,14.0,4.0,0 days 01:06:58.057000,,,0 days 00:00:39.071000,0 days 00:00:26.862000,,0 days 01:08:15.563000,0 days 01:08:42.290000,203.0,180.0,275.0,301.0,False,SOFT,1.0,True,Haas F1 Team,0 days 01:06:58.057000,,1,,False,,False,False
2022-05,FP1,0 days 01:10:27.357000,MAG,20,0 days 00:01:45.125000,15.0,4.0,,,0 days 00:00:35.583000,0 days 00:00:39.045000,0 days 00:00:30.497000,0 days 01:09:17.815000,0 days 01:09:56.860000,0 days 01:10:27.357000,203.0,182.0,278.0,179.0,False,SOFT,2.0,True,Haas F1 Team,0 days 01:08:42.232000,,1,,False,,False,True
2022-05,FP1,0 days 01:12:00.051000,MAG,20,0 days 00:01:32.694000,16.0,4.0,,,0 days 00:00:30.741000,0 days 00:00:36.070000,0 days 00:00:25.883000,0 days 01:10:58.098000,0 days 01:11:34.168000,0 days 01:12:00.051000,216.0,184.0,279.0,321.0,True,SOFT,3.0,True,Haas F1 Team,0 days 01:10:27.357000,,1,,False,,False,True
2022-05,FP1,0 days 01:13:56.423000,MAG,20,0 days 00:01:56.372000,17.0,4.0,,,0 days 00:00:39.834000,0 days 00:00:43.957000,0 days 00:00:32.581000,0 days 01:12:39.885000,0 days 01:13:23.842000,0 days 01:13:56.423000,190.0,167.0,278.0,159.0,False,SOFT,4.0,True,Haas F1 Team,0 days 01:12:00.051000,,1,,False,,False,True
2022-05,FP1,0 days 01:15:28.982000,MAG,20,0 days 00:01:32.559000,18.0,4.0,,,0 days 00:00:31.065000,0 days 00:00:35.806000,0 days 00:00:25.688000,0 days 01:14:27.488000,0 days 01:15:03.294000,0 days 01:15:28.982000,215.0,185.0,281.0,323.0,True,SOFT,5.0,True,Haas F1 Team,0 days 01:13:56.423000,,1,,False,,False,True
2022-05,FP1,0 days 01:17:26.071000,MAG,20,0 days 00:01:57.089000,19.0,4.0,,,0 days 00:00:37.454000,0 days 00:00:40.698000,0 days 00:00:38.937000,0 days 01:16:06.436000,0 days 01:16:47.134000,0 days 01:17:26.071000,205.0,171.0,65.0,179.0,False,SOFT,6.0,True,Haas F1 Team,0 days 01:15:28.982000,,1,,False,,False,True
2022-05,FP1,0 days 01:20:02.331000,MAG,20,,20.0,4.0,,0 days 01:20:00.215000,0 days 00:01:15.137000,0 days 00:00:37.293000,0 days 00:00:43.790000,0 days 01:18:41.386000,0 days 01:19:18.702000,0 days 01:20:02.331000,213.0,169.0,,139.0,False,SOFT,7.0,True,Haas F1 Team,0 days 01:17:26.071000,,1,,False,,False,False
2022-05,FP1,0 days 00:17:50.864000,TSU,22,,1.0,1.0,0 days 00:15:41.962000,,,0 days 00:00:41.284000,0 days 00:00:50.704000,,0 days 00:17:00.433000,0 days 00:17:50.951000,195.0,166.0,273.0,52.0,False,MEDIUM,1.0,True,AlphaTauri,0 days 00:15:41.962000,,1,,False,,False,False
2022-05,FP1,0 days 00:19:29.224000,TSU,22,0 days 00:01:38.360000,2.0,1.0,,,0 days 00:00:33.860000,0 days 00:00:37.808000,0 days 00:00:26.692000,0 days 00:18:24.724000,0 days 00:19:02.532000,0 days 00:19:29.224000,206.0,182.0,276.0,324.0,True,MEDIUM,2.0,True,AlphaTauri,0 days 00:17:50.864000,,1,,False,,False,True
2022-05,FP1,0 days 00:21:04.587000,TSU,22,0 days 00:01:35.363000,3.0,1.0,,,0 days 00:00:32.667000,0 days 00:00:36.558000,0 days 00:00:26.138000,0 days 00:20:01.891000,0 days 00:20:38.449000,0 days 00:21:04.587000,209.0,183.0,277.0,330.0,True,MEDIUM,3.0,True,AlphaTauri,0 days 00:19:29.224000,,1,,False,,False,True
2022-05,FP1,0 days 00:23:23.592000,TSU,22,0 days 00:02:19.005000,4.0,1.0,,,0 days 00:00:54.542000,0 days 00:00:50.119000,0 days 00:00:34.344000,0 days 00:21:59.129000,0 days 00:22:49.248000,0 days 00:23:23.592000,136.0,158.0,280.0,92.0,False,MEDIUM,4.0,True,AlphaTauri,0 days 00:21:04.587000,,12,,False,,False,True
2022-05,FP1,0 days 00:25:01.044000,TSU,22,0 days 00:01:37.452000,5.0,1.0,,,0 days 00:00:32.472000,0 days 00:00:36.154000,0 days 00:00:28.826000,0 days 00:23:56.064000,0 days 00:24:32.218000,0 days 00:25:01.044000,209.0,182.0,252.0,324.0,False,MEDIUM,5.0,True,AlphaTauri,0 days 00:23:23.592000,,1,,False,,False,True
2022-05,FP1,0 days 00:27:01.513000,TSU,22,0 days 00:02:00.469000,6.0,1.0,,,0 days 00:00:45.358000,0 days 00:00:46.187000,0 days 00:00:28.924000,0 days 00:25:46.402000,0 days 00:26:32.589000,0 days 00:27:01.513000,143.0,164.0,279.0,240.0,False,MEDIUM,6.0,True,AlphaTauri,0 days 00:25:01.044000,,1,,False,,False,True
2022-05,FP1,0 days 00:28:36.186000,TSU,22,0 days 00:01:34.673000,7.0,1.0,,,0 days 00:00:32.285000,0 days 00:00:36.249000,0 days 00:00:26.139000,0 days 00:27:33.798000,0 days 00:28:10.047000,0 days 00:28:36.186000,208.0,183.0,279.0,329.0,True,MEDIUM,7.0,True,AlphaTauri,0 days 00:27:01.513000,,1,,False,,False,True
2022-05,FP1,0 days 00:30:33.682000,TSU,22,0 days 00:01:57.496000,8.0,1.0,,,0 days 00:00:43.390000,0 days 00:00:44.003000,0 days 00:00:30.103000,0 days 00:29:19.576000,0 days 00:30:03.579000,0 days 00:30:33.682000,178.0,152.0,279.0,209.0,False,MEDIUM,8.0,True,AlphaTauri,0 days 00:28:36.186000,,1,,False,,False,True
2022-05,FP1,0 days 00:32:21.955000,TSU,22,0 days 00:01:48.273000,9.0,1.0,,0 days 00:32:19.956000,0 days 00:00:31.851000,0 days 00:00:39.056000,0 days 00:00:37.366000,0 days 00:31:05.533000,0 days 00:31:44.589000,0 days 00:32:21.955000,212.0,173.0,,218.0,False,MEDIUM,9.0,True,AlphaTauri,0 days 00:30:33.682000,,1,,False,,False,False
2022-05,FP1,0 days 00:42:25.694000,TSU,22,,10.0,2.0,0 days 00:40:34.039000,,,0 days 00:00:39.699000,0 days 00:00:29.020000,,0 days 00:41:56.818000,0 days 00:42:25.782000,196.0,169.0,278.0,289.0,False,SOFT,1.0,True,AlphaTauri,0 days 00:32:21.955000,,1,,False,,False,False
2022-05,FP1,0 days 00:44:02.377000,TSU,22,0 days 00:01:36.683000,11.0,2.0,,,0 days 00:00:31.867000,0 days 00:00:37.292000,0 days 00:00:27.524000,0 days 00:42:57.561000,0 days 00:43:34.853000,0 days 00:44:02.377000,211.0,169.0,268.0,327.0,False,SOFT,2.0,True,AlphaTauri,0 days 00:42:25.694000,,1,,False,,False,True
2022-05,FP1,0 days 00:46:03.290000,TSU,22,0 days 00:02:00.913000,12.0,2.0,,,0 days 00:00:47.379000,0 days 00:00:42.438000,0 days 00:00:31.096000,0 days 00:44:49.756000,0 days 00:45:32.194000,0 days 00:46:03.290000,160.0,164.0,280.0,168.0,False,SOFT,3.0,True,AlphaTauri,0 days 00:44:02.377000,,1,,False,,False,True
2022-05,FP1,0 days 00:47:53.818000,TSU,22,0 days 00:01:50.528000,13.0,2.0,,,0 days 00:00:35.300000,0 days 00:00:45.418000,0 days 00:00:29.810000,0 days 00:46:38.590000,0 days 00:47:24.008000,0 days 00:47:53.818000,183.0,130.0,279.0,288.0,False,SOFT,4.0,True,AlphaTauri,0 days 00:46:03.290000,,1,,False,,False,True
2022-05,FP1,0 days 00:49:27.861000,TSU,22,0 days 00:01:34.043000,14.0,2.0,,,0 days 00:00:31.596000,0 days 00:00:35.995000,0 days 00:00:26.452000,0 days 00:48:25.414000,0 days 00:49:01.409000,0 days 00:49:27.861000,213.0,184.0,279.0,326.0,True,SOFT,5.0,True,AlphaTauri,0 days 00:47:53.818000,,1,,False,,False,True
2022-05,FP1,0 days 00:59:23.273000,TSU,22,,15.0,2.0,,0 days 00:51:41.966000,,,,,,,,,,,False,SOFT,6.0,True,AlphaTauri,0 days 00:49:27.861000,,125,,False,,False,False
2022-05,FP1,0 days 01:01:09.974000,TSU,22,,16.0,3.0,0 days 00:59:23.273000,,,0 days 00:00:38.622000,0 days 00:00:29.711000,,0 days 01:00:40.373000,0 days 01:01:10.007000,177.0,177.0,268.0,255.0,False,MEDIUM,10.0,False,AlphaTauri,0 days 00:59:23.273000,,1,,False,,False,False
2022-05,FP1,0 days 01:02:54.253000,TSU,22,0 days 00:01:44.279000,17.0,3.0,,,0 days 00:00:35.305000,0 days 00:00:40.869000,0 days 00:00:28.105000,0 days 01:01:45.279000,0 days 01:02:26.148000,0 days 01:02:54.253000,206.0,176.0,272.0,304.0,False,MEDIUM,11.0,False,AlphaTauri,0 days 01:01:09.974000,,12,,False,,False,True
2022-05,FP1,0 days 01:04:32.603000,TSU,22,0 days 00:01:38.350000,18.0,3.0,,,0 days 00:00:33.662000,0 days 00:00:37.525000,0 days 00:00:27.163000,0 days 01:03:27.915000,0 days 01:04:05.440000,0 days 01:04:32.603000,206.0,179.0,271.0,302.0,False,MEDIUM,12.0,False,AlphaTauri,0 days 01:02:54.253000,,1,,False,,False,True
2022-05,FP1,0 days 01:06:12.236000,TSU,22,0 days 00:01:39.633000,19.0,3.0,,,0 days 00:00:33.252000,0 days 00:00:38.303000,0 days 00:00:28.078000,0 days 01:05:05.855000,0 days 01:05:44.158000,0 days 01:06:12.236000,204.0,169.0,272.0,300.0,False,MEDIUM,13.0,False,AlphaTauri,0 days 01:04:32.603000,,1,,False,,False,True
2022-05,FP1,0 days 01:07:50.086000,TSU,22,0 days 00:01:37.850000,20.0,3.0,,,0 days 00:00:33.640000,0 days 00:00:37.198000,0 days 00:00:27.012000,0 days 01:06:45.876000,0 days 01:07:23.074000,0 days 01:07:50.086000,207.0,180.0,272.0,303.0,False,MEDIUM,14.0,False,AlphaTauri,0 days 01:06:12.236000,,1,,False,,False,True
2022-05,FP1,0 days 01:09:27.577000,TSU,22,0 days 00:01:37.491000,21.0,3.0,,,0 days 00:00:33.175000,0 days 00:00:37.077000,0 days 00:00:27.239000,0 days 01:08:23.261000,0 days 01:09:00.338000,0 days 01:09:27.577000,208.0,180.0,271.0,303.0,False,MEDIUM,15.0,False,AlphaTauri,0 days 01:07:50.086000,,1,,False,,False,True
2022-05,FP1,0 days 01:11:05.164000,TSU,22,0 days 00:01:37.587000,22.0,3.0,,,0 days 00:00:33.160000,0 days 00:00:37.386000,0 days 00:00:27.041000,0 days 01:10:00.737000,0 days 01:10:38.123000,0 days 01:11:05.164000,209.0,178.0,272.0,303.0,False,MEDIUM,16.0,False,AlphaTauri,0 days 01:09:27.577000,,1,,False,,False,True
2022-05,FP1,0 days 01:12:42.381000,TSU,22,0 days 00:01:37.217000,23.0,3.0,,,0 days 00:00:33.203000,0 days 00:00:37.280000,0 days 00:00:26.734000,0 days 01:11:38.367000,0 days 01:12:15.647000,0 days 01:12:42.381000,210.0,180.0,274.0,303.0,False,MEDIUM,17.0,False,AlphaTauri,0 days 01:11:05.164000,,1,,False,,False,True
2022-05,FP1,0 days 01:14:19.803000,TSU,22,0 days 00:01:37.422000,24.0,3.0,,,0 days 00:00:33.341000,0 days 00:00:37.057000,0 days 00:00:27.024000,0 days 01:13:15.722000,0 days 01:13:52.779000,0 days 01:14:19.803000,209.0,180.0,276.0,273.0,False,MEDIUM,18.0,False,AlphaTauri,0 days 01:12:42.381000,,1,,False,,False,True
2022-05,FP1,0 days 01:15:59.318000,TSU,22,0 days 00:01:39.515000,25.0,3.0,,,0 days 00:00:35.089000,0 days 00:00:37.247000,0 days 00:00:27.179000,0 days 01:14:54.892000,0 days 01:15:32.139000,0 days 01:15:59.318000,207.0,182.0,272.0,283.0,False,MEDIUM,19.0,False,AlphaTauri,0 days 01:14:19.803000,,1,,False,,False,True
2022-05,FP1,0 days 01:18:05.626000,TSU,22,0 days 00:02:06.308000,26.0,3.0,,,0 days 00:00:45.637000,0 days 00:00:42.588000,0 days 00:00:38.083000,0 days 01:16:44.955000,0 days 01:17:27.543000,0 days 01:18:05.626000,196.0,167.0,84.0,237.0,False,MEDIUM,20.0,False,AlphaTauri,0 days 01:15:59.318000,,1,,False,,False,True
2022-05,FP1,0 days 01:20:27.316000,TSU,22,0 days 00:02:21.690000,27.0,3.0,,0 days 01:20:25.303000,0 days 00:00:55.981000,0 days 00:00:37.214000,0 days 00:00:48.495000,0 days 01:19:01.607000,0 days 01:19:38.821000,0 days 01:20:27.316000,209.0,180.0,,98.0,False,MEDIUM,21.0,False,AlphaTauri,0 days 01:18:05.626000,,1,,False,,False,False
2022-05,FP1,0 days 00:18:15.204000,ALB,23,,1.0,1.0,0 days 00:16:15.384000,,,0 days 00:00:41.947000,0 days 00:00:40.544000,,0 days 00:17:34.909000,0 days 00:18:15.299000,190.0,166.0,273.0,120.0,False,MEDIUM,1.0,True,Williams,0 days 00:16:15.384000,,1,,False,,False,False
2022-05,FP1,0 days 00:19:54.529000,ALB,23,0 days 00:01:39.325000,2.0,1.0,,,0 days 00:00:35.535000,0 days 00:00:37.296000,0 days 00:00:26.494000,0 days 00:18:50.739000,0 days 00:19:28.035000,0 days 00:19:54.529000,207.0,180.0,276.0,324.0,True,MEDIUM,2.0,True,Williams,0 days 00:18:15.204000,,1,,False,,False,True
2022-05,FP1,0 days 00:21:31.492000,ALB,23,0 days 00:01:36.963000,3.0,1.0,,,0 days 00:00:33.097000,0 days 00:00:37.514000,0 days 00:00:26.352000,0 days 00:20:27.626000,0 days 00:21:05.140000,0 days 00:21:31.492000,210.0,180.0,277.0,322.0,True,MEDIUM,3.0,True,Williams,0 days 00:19:54.529000,,12,,False,,False,True
2022-05,FP1,0 days 00:23:49.419000,ALB,23,0 days 00:02:17.927000,4.0,1.0,,,0 days 00:00:43.344000,0 days 00:00:50.351000,0 days 00:00:44.232000,0 days 00:22:14.836000,0 days 00:23:05.187000,0 days 00:23:49.419000,175.0,167.0,279.0,76.0,False,MEDIUM,4.0,True,Williams,0 days 00:21:31.492000,,12,,False,,False,True
2022-05,FP1,0 days 00:25:25.499000,ALB,23,0 days 00:01:36.080000,5.0,1.0,,,0 days 00:00:32.535000,0 days 00:00:36.935000,0 days 00:00:26.610000,0 days 00:24:21.954000,0 days 00:24:58.889000,0 days 00:25:25.499000,213.0,178.0,278.0,325.0,True,MEDIUM,5.0,True,Williams,0 days 00:23:49.419000,,1,,False,,False,True
2022-05,FP1,0 days 00:27:34.005000,ALB,23,0 days 00:02:08.506000,6.0,1.0,,,0 days 00:00:42.587000,0 days 00:00:49.181000,0 days 00:00:36.738000,0 days 00:26:08.086000,0 days 00:26:57.267000,0 days 00:27:34.005000,173.0,163.0,279.0,281.0,False,MEDIUM,6.0,True,Williams,0 days 00:25:25.499000,,1,,False,,False,True
2022-05,FP1,0 days 00:29:08.500000,ALB,23,0 days 00:01:34.495000,7.0,1.0,,,0 days 00:00:32.323000,0 days 00:00:36.117000,0 days 00:00:26.055000,0 days 00:28:06.328000,0 days 00:28:42.445000,0 days 00:29:08.500000,210.0,185.0,279.0,330.0,True,MEDIUM,7.0,True,Williams,0 days 00:27:34.005000,,1,,False,,False,True
2022-05,FP1,0 days 00:31:24.991000,ALB,23,0 days 00:02:16.491000,8.0,1.0,,0 days 00:31:22.986000,0 days 00:00:51.284000,0 days 00:00:46.686000,0 days 00:00:38.521000,0 days 00:29:59.784000,0 days 00:30:46.470000,0 days 00:31:24.991000,188.0,149.0,,113.0,False,MEDIUM,8.0,True,Williams,0 days 00:29:08.500000,,1,,False,,False,False
2022-05,FP1,0 days 00:46:17.159000,ALB,23,,9.0,2.0,0 days 00:44:20.503000,,,0 days 00:00:42.279000,0 days 00:00:34.482000,,0 days 00:45:42.761000,0 days 00:46:17.193000,182.0,153.0,280.0,90.0,False,SOFT,1.0,True,Williams,0 days 00:31:24.991000,,1,,False,,False,False
2022-05,FP1,0 days 00:48:08.551000,ALB,23,0 days 00:01:51.392000,10.0,2.0,,0 days 00:48:06.695000,0 days 00:00:31.327000,0 days 00:00:37.489000,0 days 00:00:42.576000,0 days 00:46:48.486000,0 days 00:47:25.975000,0 days 00:48:08.551000,217.0,160.0,,211.0,False,SOFT,2.0,True,Williams,0 days 00:46:17.159000,,1,,False,,False,False
2022-05,FP1,0 days 00:59:06.838000,ALB,23,,11.0,3.0,0 days 00:48:41.762000,0 days 00:50:54.767000,0 days 00:01:20.949000,,,0 days 00:49:29.603000,,,152.0,,,,False,SOFT,3.0,False,Williams,0 days 00:48:08.551000,,125,,False,,False,False
2022-05,FP1,0 days 01:01:01.954000,ALB,23,,12.0,4.0,0 days 00:59:06.838000,,,0 days 00:00:42.900000,0 days 00:00:30.417000,,0 days 01:00:31.692000,0 days 01:01:02.031000,193.0,146.0,280.0,298.0,False,SOFT,3.0,False,Williams,0 days 00:59:06.838000,,1,,False,,False,False
2022-05,FP1,0 days 01:03:05.383000,ALB,23,0 days 00:02:03.429000,13.0,4.0,,,0 days 00:00:38.274000,0 days 00:00:49.576000,0 days 00:00:35.579000,0 days 01:01:40.228000,0 days 01:02:29.804000,0 days 01:03:05.383000,161.0,127.0,281.0,194.0,False,SOFT,4.0,False,Williams,0 days 01:01:01.954000,,12,,False,,False,True
2022-05,FP1,0 days 01:04:37.237000,ALB,23,0 days 00:01:31.854000,14.0,4.0,,,0 days 00:00:31.067000,0 days 00:00:35.181000,0 days 00:00:25.606000,0 days 01:03:36.450000,0 days 01:04:11.631000,0 days 01:04:37.237000,217.0,188.0,281.0,331.0,True,SOFT,5.0,False,Williams,0 days 01:03:05.383000,,1,,False,,False,True
2022-05,FP1,0 days 01:06:28.835000,ALB,23,0 days 00:01:51.598000,15.0,4.0,,0 days 01:06:26.839000,0 days 00:00:39.238000,0 days 00:00:38.813000,0 days 00:00:33.547000,0 days 01:05:16.475000,0 days 01:05:55.288000,0 days 01:06:28.835000,196.0,173.0,,249.0,False,SOFT,6.0,False,Williams,0 days 01:04:37.237000,,1,,False,,False,False
2022-05,FP1,0 days 01:12:30.411000,ALB,23,,16.0,5.0,0 days 01:10:52.769000,,,0 days 00:00:37.651000,0 days 00:00:26.825000,,0 days 01:12:03.759000,0 days 01:12:30.494000,208.0,179.0,273.0,308.0,False,MEDIUM,9.0,False,Williams,0 days 01:06:28.835000,,1,,False,,False,False
2022-05,FP1,0 days 01:14:06.667000,ALB,23,0 days 00:01:36.256000,17.0,5.0,,,0 days 00:00:32.645000,0 days 00:00:36.794000,0 days 00:00:26.817000,0 days 01:13:03.056000,0 days 01:13:39.850000,0 days 01:14:06.667000,212.0,182.0,276.0,294.0,False,MEDIUM,10.0,False,Williams,0 days 01:12:30.411000,,1,,False,,False,True
2022-05,FP1,0 days 01:15:42.246000,ALB,23,0 days 00:01:35.579000,18.0,5.0,,,0 days 00:00:32.475000,0 days 00:00:36.541000,0 days 00:00:26.563000,0 days 01:14:39.142000,0 days 01:15:15.683000,0 days 01:15:42.246000,211.0,182.0,275.0,301.0,False,MEDIUM,11.0,False,Williams,0 days 01:14:06.667000,,1,,False,,False,True
2022-05,FP1,0 days 01:17:49.447000,ALB,23,0 days 00:02:07.201000,19.0,5.0,,,0 days 00:00:32.252000,0 days 00:00:46.477000,0 days 00:00:48.472000,0 days 01:16:14.498000,0 days 01:17:00.975000,0 days 01:17:49.447000,212.0,153.0,59.0,186.0,False,MEDIUM,12.0,False,Williams,0 days 01:15:42.246000,,1,,False,,False,True
2022-05,FP1,0 days 01:20:05.901000,ALB,23,0 days 00:02:16.454000,20.0,5.0,,0 days 01:20:03.870000,0 days 00:00:57.929000,0 days 00:00:42.989000,0 days 00:00:35.536000,0 days 01:18:47.376000,0 days 01:19:30.365000,0 days 01:20:05.901000,207.0,160.0,,198.0,False,MEDIUM,13.0,False,Williams,0 days 01:17:49.447000,,1,,False,,False,False
2022-05,FP1,0 days 00:17:34.411000,ZHO,24,,1.0,1.0,0 days 00:15:24.376000,,,0 days 00:00:44.037000,0 days 00:00:46.987000,,0 days 00:16:47.607000,0 days 00:17:34.551000,184.0,131.0,266.0,68.0,False,MEDIUM,1.0,True,Alfa Romeo,0 days 00:15:24.376000,,1,,False,,False,False
2022-05,FP1,0 days 00:19:40.993000,ZHO,24,0 days 00:02:06.582000,2.0,1.0,,,0 days 00:00:46.259000,0 days 00:00:41.700000,0 days 00:00:38.623000,0 days 00:18:20.670000,0 days 00:19:02.370000,0 days 00:19:40.993000,175.0,120.0,273.0,123.0,True,MEDIUM,2.0,True,Alfa Romeo,0 days 00:17:34.411000,,1,,False,,False,True
2022-05,FP1,0 days 00:21:21.107000,ZHO,24,0 days 00:01:40.114000,3.0,1.0,,,0 days 00:00:34.157000,0 days 00:00:37.835000,0 days 00:00:28.122000,0 days 00:20:15.150000,0 days 00:20:52.985000,0 days 00:21:21.107000,212.0,182.0,273.0,240.0,True,MEDIUM,3.0,True,Alfa Romeo,0 days 00:19:40.993000,,1,,False,,False,True
2022-05,FP1,0 days 00:23:20.005000,ZHO,24,0 days 00:01:58.898000,4.0,1.0,,,0 days 00:00:39.713000,0 days 00:00:43.939000,0 days 00:00:35.246000,0 days 00:22:00.820000,0 days 00:22:44.759000,0 days 00:23:20.005000,176.0,142.0,272.0,195.0,False,MEDIUM,4.0,True,Alfa Romeo,0 days 00:21:21.107000,,12,,False,,False,True
2022-05,FP1,0 days 00:24:58.650000,ZHO,24,0 days 00:01:38.645000,5.0,1.0,,,0 days 00:00:33.073000,0 days 00:00:37.668000,0 days 00:00:27.904000,0 days 00:23:53.078000,0 days 00:24:30.746000,0 days 00:24:58.650000,212.0,181.0,275.0,270.0,True,MEDIUM,5.0,True,Alfa Romeo,0 days 00:23:20.005000,,1,,False,,False,True
2022-05,FP1,0 days 00:26:35.133000,ZHO,24,0 days 00:01:36.483000,6.0,1.0,,,0 days 00:00:32.787000,0 days 00:00:36.760000,0 days 00:00:26.936000,0 days 00:25:31.437000,0 days 00:26:08.197000,0 days 00:26:35.133000,212.0,182.0,276.0,303.0,True,MEDIUM,6.0,True,Alfa Romeo,0 days 00:24:58.650000,,1,,False,,False,True
2022-05,FP1,0 days 00:28:35.455000,ZHO,24,0 days 00:02:00.322000,7.0,1.0,,,0 days 00:00:40.119000,0 days 00:00:50.570000,0 days 00:00:29.633000,0 days 00:27:15.252000,0 days 00:28:05.822000,0 days 00:28:35.455000,178.0,138.0,271.0,208.0,False,MEDIUM,7.0,True,Alfa Romeo,0 days 00:26:35.133000,,1,,False,,False,True
2022-05,FP1,0 days 00:30:10.995000,ZHO,24,0 days 00:01:35.540000,8.0,1.0,,,0 days 00:00:32.283000,0 days 00:00:36.551000,0 days 00:00:26.706000,0 days 00:29:07.738000,0 days 00:29:44.289000,0 days 00:30:10.995000,212.0,184.0,276.0,304.0,True,MEDIUM,8.0,True,Alfa Romeo,0 days 00:28:35.455000,,1,,False,,False,True
2022-05,FP1,0 days 00:31:46.789000,ZHO,24,0 days 00:01:35.794000,9.0,1.0,,,0 days 00:00:32.407000,0 days 00:00:36.538000,0 days 00:00:26.849000,0 days 00:30:43.402000,0 days 00:31:19.940000,0 days 00:31:46.789000,212.0,182.0,276.0,300.0,False,MEDIUM,9.0,True,Alfa Romeo,0 days 00:30:10.995000,,1,,False,,False,True
2022-05,FP1,0 days 00:33:46.145000,ZHO,24,0 days 00:01:59.356000,10.0,1.0,,0 days 00:33:44.154000,0 days 00:00:38.196000,0 days 00:00:42.605000,0 days 00:00:38.555000,0 days 00:32:24.985000,0 days 00:33:07.590000,0 days 00:33:46.145000,180.0,152.0,,184.0,False,MEDIUM,10.0,True,Alfa Romeo,0 days 00:31:46.789000,,1,,False,,False,False
2022-05,FP1,0 days 00:48:12.817000,ZHO,24,,11.0,2.0,0 days 00:46:25.755000,,,0 days 00:00:41.250000,0 days 00:00:29.558000,,0 days 00:47:43.346000,0 days 00:48:12.817000,186.0,156.0,271.0,230.0,False,SOFT,1.0,True,Alfa Romeo,0 days 00:33:46.145000,,1,,False,,False,False
2022-05,FP1,0 days 00:59:26.885000,ZHO,24,,12.0,2.0,,0 days 00:52:22.590000,0 days 00:00:36.805000,0 days 00:00:44.098000,,0 days 00:48:49.719000,0 days 00:49:33.800000,,185.0,142.0,,269.0,False,SOFT,2.0,True,Alfa Romeo,0 days 00:48:12.817000,,125,,False,,False,False
2022-05,FP1,0 days 01:01:32.748000,ZHO,24,,13.0,3.0,0 days 00:59:26.885000,,,0 days 00:00:46.366000,0 days 00:00:41.179000,,0 days 01:00:51.734000,0 days 01:01:32.838000,172.0,149.0,274.0,165.0,False,SOFT,2.0,False,Alfa Romeo,0 days 00:59:26.885000,,12,,False,,False,False
2022-05,FP1,0 days 01:03:06.809000,ZHO,24,0 days 00:01:34.061000,14.0,3.0,,,0 days 00:00:31.495000,0 days 00:00:35.818000,0 days 00:00:26.748000,0 days 01:02:04.243000,0 days 01:02:40.061000,0 days 01:03:06.809000,214.0,186.0,269.0,308.0,True,SOFT,3.0,False,Alfa Romeo,0 days 01:01:32.748000,,1,,False,,False,True
2022-05,FP1,0 days 01:05:18.448000,ZHO,24,0 days 00:02:11.639000,15.0,3.0,,,0 days 00:00:44.869000,0 days 00:00:47.516000,0 days 00:00:39.254000,0 days 01:03:51.678000,0 days 01:04:39.194000,0 days 01:05:18.448000,166.0,84.0,274.0,103.0,False,SOFT,4.0,False,Alfa Romeo,0 days 01:03:06.809000,,1,,False,,False,True
2022-05,FP1,0 days 01:06:51.843000,ZHO,24,0 days 00:01:33.395000,16.0,3.0,,,0 days 00:00:31.368000,0 days 00:00:35.593000,0 days 00:00:26.434000,0 days 01:05:49.816000,0 days 01:06:25.409000,0 days 01:06:51.843000,213.0,186.0,267.0,321.0,True,SOFT,5.0,False,Alfa Romeo,0 days 01:05:18.448000,,1,,False,,False,True
2022-05,FP1,0 days 01:08:51.985000,ZHO,24,0 days 00:02:00.142000,17.0,3.0,,,0 days 00:00:43.602000,0 days 00:00:45.658000,0 days 00:00:30.882000,0 days 01:07:35.445000,0 days 01:08:21.103000,0 days 01:08:51.985000,179.0,120.0,281.0,244.0,False,SOFT,6.0,False,Alfa Romeo,0 days 01:06:51.843000,,1,,False,,False,True
2022-05,FP1,0 days 01:10:39.243000,ZHO,24,0 days 00:01:47.258000,18.0,3.0,,,0 days 00:00:31.037000,0 days 00:00:39.677000,0 days 00:00:36.544000,0 days 01:09:23.022000,0 days 01:10:02.699000,0 days 01:10:39.243000,220.0,139.0,250.0,159.0,False,SOFT,7.0,False,Alfa Romeo,0 days 01:08:51.985000,,1,,False,,False,True
2022-05,FP1,0 days 01:12:39.847000,ZHO,24,0 days 00:02:00.604000,19.0,3.0,,,0 days 00:00:41.933000,0 days 00:00:47.681000,0 days 00:00:30.990000,0 days 01:11:21.176000,0 days 01:12:08.857000,0 days 01:12:39.847000,187.0,132.0,282.0,207.0,False,SOFT,8.0,False,Alfa Romeo,0 days 01:10:39.243000,,1,,False,,False,True
2022-05,FP1,0 days 01:14:12.867000,ZHO,24,0 days 00:01:33.020000,20.0,3.0,,,0 days 00:00:31.057000,0 days 00:00:35.723000,0 days 00:00:26.240000,0 days 01:13:10.904000,0 days 01:13:46.627000,0 days 01:14:12.867000,217.0,189.0,279.0,292.0,True,SOFT,9.0,False,Alfa Romeo,0 days 01:12:39.847000,,1,,False,,False,True
2022-05,FP1,0 days 01:16:16.212000,ZHO,24,0 days 00:02:03.345000,21.0,3.0,,,0 days 00:00:46.448000,0 days 00:00:40.864000,0 days 00:00:36.033000,0 days 01:14:59.315000,0 days 01:15:40.179000,0 days 01:16:16.212000,183.0,126.0,255.0,204.0,False,SOFT,10.0,False,Alfa Romeo,0 days 01:14:12.867000,,1,,False,,False,True
2022-05,FP1,0 days 01:18:30.556000,ZHO,24,0 days 00:02:14.344000,22.0,3.0,,,0 days 00:00:43.242000,0 days 00:00:43.277000,0 days 00:00:47.825000,0 days 01:16:59.454000,0 days 01:17:42.731000,0 days 01:18:30.556000,176.0,146.0,48.0,205.0,False,SOFT,11.0,False,Alfa Romeo,0 days 01:16:16.212000,,1,,False,,False,True
2022-05,FP1,0 days 01:21:15.140000,ZHO,24,,23.0,3.0,,0 days 01:21:13.094000,0 days 00:01:13.120000,0 days 00:00:45.932000,0 days 00:00:45.470000,0 days 01:19:43.880000,0 days 01:20:29.788000,0 days 01:21:15.140000,171.0,155.0,,102.0,False,SOFT,12.0,False,Alfa Romeo,0 days 01:18:30.556000,,1,,False,,False,False
2022-05,FP1,0 days 00:18:12.716000,RIC,3,,1.0,1.0,0 days 00:16:10.760000,,,0 days 00:00:40.817000,0 days 00:00:45.419000,,0 days 00:17:27.763000,0 days 00:18:12.843000,194.0,158.0,270.0,96.0,False,MEDIUM,1.0,True,McLaren,0 days 00:16:10.760000,,1,,False,,False,False
2022-05,FP1,0 days 00:19:51.538000,RIC,3,0 days 00:01:38.822000,2.0,1.0,,,0 days 00:00:34.987000,0 days 00:00:37.069000,0 days 00:00:26.766000,0 days 00:18:47.703000,0 days 00:19:24.772000,0 days 00:19:51.538000,212.0,184.0,275.0,317.0,True,MEDIUM,2.0,True,McLaren,0 days 00:18:12.716000,,1,,False,,False,True
2022-05,FP1,0 days 00:21:28.627000,RIC,3,0 days 00:01:37.089000,3.0,1.0,,,0 days 00:00:33.079000,0 days 00:00:37.234000,0 days 00:00:26.776000,0 days 00:20:24.617000,0 days 00:21:01.851000,0 days 00:21:28.627000,200.0,182.0,275.0,310.0,True,MEDIUM,3.0,True,McLaren,0 days 00:19:51.538000,,12,,False,,False,True
2022-05,FP1,0 days 00:23:35.658000,RIC,3,0 days 00:02:07.031000,4.0,1.0,,,0 days 00:00:36.170000,0 days 00:00:48.402000,0 days 00:00:42.459000,0 days 00:22:04.797000,0 days 00:22:53.199000,0 days 00:23:35.658000,162.0,164.0,276.0,83.0,False,MEDIUM,4.0,True,McLaren,0 days 00:21:28.627000,,12,,False,,False,True
2022-05,FP1,0 days 00:25:11.710000,RIC,3,0 days 00:01:36.052000,5.0,1.0,,,0 days 00:00:32.386000,0 days 00:00:36.813000,0 days 00:00:26.853000,0 days 00:24:08.044000,0 days 00:24:44.857000,0 days 00:25:11.710000,210.0,184.0,275.0,313.0,True,MEDIUM,5.0,True,McLaren,0 days 00:23:35.658000,,1,,False,,False,True
2022-05,FP1,0 days 00:26:47.098000,RIC,3,0 days 00:01:35.388000,6.0,1.0,,,0 days 00:00:31.991000,0 days 00:00:36.854000,0 days 00:00:26.543000,0 days 00:25:43.701000,0 days 00:26:20.555000,0 days 00:26:47.098000,210.0,186.0,276.0,305.0,True,MEDIUM,6.0,True,McLaren,0 days 00:25:11.710000,,1,,False,,False,True
2022-05,FP1,0 days 00:28:21.844000,RIC,3,0 days 00:01:34.746000,7.0,1.0,,,0 days 00:00:31.777000,0 days 00:00:36.475000,0 days 00:00:26.494000,0 days 00:27:18.875000,0 days 00:27:55.350000,0 days 00:28:21.844000,212.0,185.0,275.0,305.0,True,MEDIUM,7.0,True,McLaren,0 days 00:26:47.098000,,1,,False,,False,True
2022-05,FP1,0 days 00:30:12.344000,RIC,3,0 days 00:01:50.500000,8.0,1.0,,0 days 00:30:10.368000,0 days 00:00:35.341000,0 days 00:00:40.011000,0 days 00:00:35.148000,0 days 00:28:57.185000,0 days 00:29:37.196000,0 days 00:30:12.344000,207.0,159.0,,248.0,False,MEDIUM,8.0,True,McLaren,0 days 00:28:21.844000,,1,,False,,False,False
2022-05,FP1,0 days 00:49:51.147000,RIC,3,,9.0,2.0,0 days 00:47:46.831000,,,0 days 00:00:46.592000,0 days 00:00:30.923000,,0 days 00:49:20.396000,0 days 00:49:51.147000,157.0,141.0,275.0,130.0,False,SOFT,1.0,True,McLaren,0 days 00:30:12.344000,,12,,False,,False,False
2022-05,FP1,0 days 00:59:05.352000,RIC,3,,10.0,2.0,,0 days 00:52:18.926000,,,,,,,,,,,False,SOFT,2.0,True,McLaren,0 days 00:49:51.147000,,251,,False,,False,False
2022-05,FP1,0 days 01:01:19.351000,RIC,3,,11.0,3.0,0 days 00:59:05.352000,,,0 days 00:00:51,0 days 00:00:39.949000,,0 days 01:00:39.600000,0 days 01:01:19.420000,155.0,152.0,276.0,81.0,False,SOFT,2.0,False,McLaren,0 days 00:59:05.352000,,1,,False,,False,False
2022-05,FP1,0 days 01:02:52.998000,RIC,3,0 days 00:01:33.647000,12.0,3.0,,,0 days 00:00:30.916000,0 days 00:00:36.284000,0 days 00:00:26.447000,0 days 01:01:50.267000,0 days 01:02:26.551000,0 days 01:02:52.998000,217.0,185.0,277.0,314.0,True,SOFT,3.0,False,McLaren,0 days 01:01:19.351000,,12,,False,,False,True
2022-05,FP1,0 days 01:05:00.406000,RIC,3,0 days 00:02:07.408000,13.0,3.0,,,0 days 00:00:41.829000,0 days 00:00:53.038000,0 days 00:00:32.541000,0 days 01:03:34.827000,0 days 01:04:27.865000,0 days 01:05:00.406000,142.0,82.0,276.0,228.0,False,SOFT,4.0,False,McLaren,0 days 01:02:52.998000,,1,,False,,False,True
2022-05,FP1,0 days 01:06:32.998000,RIC,3,0 days 00:01:32.592000,14.0,3.0,,,0 days 00:00:30.690000,0 days 00:00:35.664000,0 days 00:00:26.238000,0 days 01:05:31.096000,0 days 01:06:06.760000,0 days 01:06:32.998000,217.0,186.0,276.0,317.0,True,SOFT,5.0,False,McLaren,0 days 01:05:00.406000,,1,,False,,False,True
2022-05,FP1,0 days 01:08:26.104000,RIC,3,0 days 00:01:53.106000,15.0,3.0,,0 days 01:08:24.116000,0 days 00:00:39.768000,0 days 00:00:40.973000,0 days 00:00:32.365000,0 days 01:07:12.766000,0 days 01:07:53.739000,0 days 01:08:26.104000,198.0,165.0,,289.0,False,SOFT,6.0,False,McLaren,0 days 01:06:32.998000,,1,,False,,False,False
2022-05,FP1,0 days 01:10:30.140000,RIC,3,0 days 00:02:04.036000,16.0,4.0,0 days 01:08:43.851000,,0 days 00:00:52.242000,0 days 00:00:41.078000,0 days 00:00:30.716000,0 days 01:09:18.346000,0 days 01:09:59.424000,0 days 01:10:30.140000,202.0,179.0,272.0,220.0,False,MEDIUM,9.0,False,McLaren,0 days 01:08:26.104000,,1,,False,,False,False
2022-05,FP1,0 days 01:12:06.454000,RIC,3,0 days 00:01:36.314000,17.0,4.0,,,0 days 00:00:31.554000,0 days 00:00:37.617000,0 days 00:00:27.143000,0 days 01:11:01.694000,0 days 01:11:39.311000,0 days 01:12:06.454000,215.0,168.0,274.0,294.0,False,MEDIUM,10.0,False,McLaren,0 days 01:10:30.140000,,1,,False,,False,True
2022-05,FP1,0 days 01:13:42.485000,RIC,3,0 days 00:01:36.031000,18.0,4.0,,,0 days 00:00:31.985000,0 days 00:00:37.128000,0 days 00:00:26.918000,0 days 01:12:38.439000,0 days 01:13:15.567000,0 days 01:13:42.485000,211.0,183.0,273.0,293.0,False,MEDIUM,11.0,False,McLaren,0 days 01:12:06.454000,,1,,False,,False,True
2022-05,FP1,0 days 01:15:18.919000,RIC,3,0 days 00:01:36.434000,19.0,4.0,,,0 days 00:00:32.330000,0 days 00:00:37.480000,0 days 00:00:26.624000,0 days 01:14:14.815000,0 days 01:14:52.295000,0 days 01:15:18.919000,191.0,185.0,273.0,295.0,False,MEDIUM,12.0,False,McLaren,0 days 01:13:42.485000,,1,,False,,False,True
2022-05,FP1,0 days 01:17:06.792000,RIC,3,0 days 00:01:47.873000,20.0,4.0,,,0 days 00:00:31.544000,0 days 00:00:40.752000,0 days 00:00:35.577000,0 days 01:15:50.463000,0 days 01:16:31.215000,0 days 01:17:06.792000,212.0,158.0,60.0,224.0,False,MEDIUM,13.0,False,McLaren,0 days 01:15:18.919000,,1,,False,,False,True
2022-05,FP1,0 days 01:19:19.466000,RIC,3,0 days 00:02:12.674000,21.0,4.0,,0 days 01:19:17.466000,0 days 00:00:54.833000,0 days 00:00:43.048000,0 days 00:00:34.793000,0 days 01:18:01.625000,0 days 01:18:44.673000,0 days 01:19:19.466000,169.0,145.0,,251.0,False,MEDIUM,14.0,False,McLaren,0 days 01:17:06.792000,,1,,False,,False,False
2022-05,FP1,0 days 00:17:40.306000,OCO,31,,1.0,1.0,0 days 00:15:31.007000,,,0 days 00:00:41.021000,0 days 00:00:47.705000,,0 days 00:16:52.800000,0 days 00:17:40.400000,184.0,156.0,274.0,50.0,False,MEDIUM,1.0,True,Alpine,0 days 00:15:31.007000,,1,,False,,False,False
2022-05,FP1,0 days 00:19:18.981000,OCO,31,0 days 00:01:38.675000,2.0,1.0,,,0 days 00:00:34.250000,0 days 00:00:37.252000,0 days 00:00:27.173000,0 days 00:18:14.556000,0 days 00:18:51.808000,0 days 00:19:18.981000,205.0,177.0,276.0,267.0,True,MEDIUM,2.0,True,Alpine,0 days 00:17:40.306000,,1,,False,,False,True
2022-05,FP1,0 days 00:20:56.700000,OCO,31,0 days 00:01:37.719000,3.0,1.0,,,0 days 00:00:33.277000,0 days 00:00:37.557000,0 days 00:00:26.885000,0 days 00:19:52.258000,0 days 00:20:29.815000,0 days 00:20:56.700000,203.0,178.0,276.0,301.0,True,MEDIUM,3.0,True,Alpine,0 days 00:19:18.981000,,1,,False,,False,True
2022-05,FP1,0 days 00:22:33.090000,OCO,31,0 days 00:01:36.390000,4.0,1.0,,,0 days 00:00:32.533000,0 days 00:00:37.049000,0 days 00:00:26.808000,0 days 00:21:29.233000,0 days 00:22:06.282000,0 days 00:22:33.090000,209.0,179.0,275.0,308.0,True,MEDIUM,4.0,True,Alpine,0 days 00:20:56.700000,,12,,False,,False,True
2022-05,FP1,0 days 00:24:22.743000,OCO,31,0 days 00:01:49.653000,5.0,1.0,,,0 days 00:00:39.152000,0 days 00:00:42.662000,0 days 00:00:27.839000,0 days 00:23:12.242000,0 days 00:23:54.904000,0 days 00:24:22.743000,190.0,169.0,277.0,297.0,False,MEDIUM,5.0,True,Alpine,0 days 00:22:33.090000,,1,,False,,False,True
2022-05,FP1,0 days 00:25:58.305000,OCO,31,0 days 00:01:35.562000,6.0,1.0,,,0 days 00:00:32.292000,0 days 00:00:36.391000,0 days 00:00:26.879000,0 days 00:24:55.035000,0 days 00:25:31.426000,0 days 00:25:58.305000,211.0,182.0,276.0,285.0,True,MEDIUM,6.0,True,Alpine,0 days 00:24:22.743000,,1,,False,,False,True
2022-05,FP1,0 days 00:28:03.335000,OCO,31,0 days 00:02:05.030000,7.0,1.0,,,0 days 00:00:44.298000,0 days 00:00:51.959000,0 days 00:00:28.773000,0 days 00:26:42.603000,0 days 00:27:34.562000,0 days 00:28:03.335000,177.0,137.0,277.0,290.0,False,MEDIUM,7.0,True,Alpine,0 days 00:25:58.305000,,1,,False,,False,True
2022-05,FP1,0 days 00:29:38.154000,OCO,31,0 days 00:01:34.819000,8.0,1.0,,,0 days 00:00:32.013000,0 days 00:00:36.419000,0 days 00:00:26.387000,0 days 00:28:35.348000,0 days 00:29:11.767000,0 days 00:29:38.154000,205.0,177.0,278.0,328.0,True,MEDIUM,8.0,True,Alpine,0 days 00:28:03.335000,,1,,False,,False,True
2022-05,FP1,0 days 00:31:55.759000,OCO,31,0 days 00:02:17.605000,9.0,1.0,,,0 days 00:00:47.864000,0 days 00:00:48.290000,0 days 00:00:41.451000,0 days 00:30:26.018000,0 days 00:31:14.308000,0 days 00:31:55.759000,151.0,135.0,278.0,71.0,False,MEDIUM,9.0,True,Alpine,0 days 00:29:38.154000,,1,,False,,False,True
2022-05,FP1,0 days 00:33:31.319000,OCO,31,0 days 00:01:35.560000,10.0,1.0,,,0 days 00:00:32.184000,0 days 00:00:36.835000,0 days 00:00:26.541000,0 days 00:32:27.943000,0 days 00:33:04.778000,0 days 00:33:31.319000,210.0,179.0,277.0,322.0,False,MEDIUM,10.0,True,Alpine,0 days 00:31:55.759000,,1,,False,,False,True
2022-05,FP1,0 days 00:35:47.375000,OCO,31,0 days 00:02:16.056000,11.0,1.0,,0 days 00:35:45.375000,0 days 00:00:49.271000,0 days 00:00:51.638000,0 days 00:00:35.147000,0 days 00:34:20.590000,0 days 00:35:12.228000,0 days 00:35:47.375000,168.0,156.0,,239.0,False,MEDIUM,11.0,True,Alpine,0 days 00:33:31.319000,,1,,False,,False,False
2022-05,FP1,0 days 00:38:19.013000,OCO,31,,12.0,2.0,0 days 00:36:17.213000,,0 days 00:01:08.778000,0 days 00:00:49.680000,0 days 00:00:33.187000,0 days 00:36:56.337000,0 days 00:37:46.023000,0 days 00:38:19.113000,167.0,157.0,277.0,221.0,False,SOFT,1.0,True,Alpine,0 days 00:35:47.375000,,1,,False,,False,False
2022-05,FP1,0 days 00:39:53.174000,OCO,31,0 days 00:01:34.161000,13.0,2.0,,,0 days 00:00:31.723000,0 days 00:00:36.139000,0 days 00:00:26.299000,0 days 00:38:50.736000,0 days 00:39:26.875000,0 days 00:39:53.174000,211.0,184.0,276.0,323.0,True,SOFT,2.0,True,Alpine,0 days 00:38:19.013000,,1,,False,,False,True
2022-05,FP1,0 days 00:42:06.255000,OCO,31,0 days 00:02:13.081000,14.0,2.0,,,0 days 00:00:47.604000,0 days 00:00:53.061000,0 days 00:00:32.416000,0 days 00:40:40.778000,0 days 00:41:33.839000,0 days 00:42:06.255000,132.0,142.0,278.0,217.0,False,SOFT,3.0,True,Alpine,0 days 00:39:53.174000,,1,,False,,False,True
2022-05,FP1,0 days 00:43:40.575000,OCO,31,0 days 00:01:34.320000,15.0,2.0,,,0 days 00:00:31.489000,0 days 00:00:36.576000,0 days 00:00:26.255000,0 days 00:42:37.744000,0 days 00:43:14.320000,0 days 00:43:40.575000,211.0,180.0,276.0,325.0,False,SOFT,4.0,True,Alpine,0 days 00:42:06.255000,,1,,False,,False,True
2022-05,FP1,0 days 00:45:57.669000,OCO,31,0 days 00:02:17.094000,16.0,2.0,,,0 days 00:00:45.139000,0 days 00:00:59.843000,0 days 00:00:32.112000,0 days 00:44:25.714000,0 days 00:45:25.557000,0 days 00:45:57.669000,130.0,131.0,279.0,230.0,False,SOFT,5.0,True,Alpine,0 days 00:43:40.575000,,1,,False,,False,True
2022-05,FP1,0 days 00:47:31.086000,OCO,31,0 days 00:01:33.417000,17.0,2.0,,,0 days 00:00:31.425000,0 days 00:00:35.883000,0 days 00:00:26.109000,0 days 00:46:29.094000,0 days 00:47:04.977000,0 days 00:47:31.086000,210.0,184.0,278.0,322.0,True,SOFT,6.0,True,Alpine,0 days 00:45:57.669000,,1,,False,,False,True
2022-05,FP1,0 days 00:49:26.425000,OCO,31,0 days 00:01:55.339000,18.0,2.0,,0 days 00:49:24.453000,0 days 00:00:36.136000,0 days 00:00:40.199000,0 days 00:00:39.004000,0 days 00:48:07.222000,0 days 00:48:47.421000,0 days 00:49:26.425000,193.0,166.0,,176.0,False,SOFT,7.0,True,Alpine,0 days 00:47:31.086000,,1,,False,,False,False
2022-05,FP1,0 days 01:05:41.776000,OCO,31,,19.0,3.0,0 days 01:04:03.069000,,,0 days 00:00:37.150000,0 days 00:00:27.321000,,0 days 01:05:14.584000,0 days 01:05:41.790000,197.0,178.0,270.0,293.0,False,SOFT,8.0,False,Alpine,0 days 01:04:03.069000,,1,,False,,False,False
2022-05,FP1,0 days 01:07:18.268000,OCO,31,0 days 00:01:36.492000,20.0,3.0,,,0 days 00:00:32.712000,0 days 00:00:36.819000,0 days 00:00:26.961000,0 days 01:06:14.488000,0 days 01:06:51.307000,0 days 01:07:18.268000,203.0,181.0,268.0,293.0,False,SOFT,9.0,False,Alpine,0 days 01:05:41.776000,,1,,False,,False,True
2022-05,FP1,0 days 01:08:55.178000,OCO,31,0 days 00:01:36.910000,21.0,3.0,,,0 days 00:00:32.798000,0 days 00:00:37.183000,0 days 00:00:26.929000,0 days 01:07:51.066000,0 days 01:08:28.249000,0 days 01:08:55.178000,205.0,179.0,268.0,291.0,False,SOFT,10.0,False,Alpine,0 days 01:07:18.268000,,1,,False,,False,True
2022-05,FP1,0 days 01:10:31.745000,OCO,31,0 days 00:01:36.567000,22.0,3.0,,,0 days 00:00:32.546000,0 days 00:00:37.063000,0 days 00:00:26.958000,0 days 01:09:27.724000,0 days 01:10:04.787000,0 days 01:10:31.745000,208.0,179.0,268.0,291.0,False,SOFT,11.0,False,Alpine,0 days 01:08:55.178000,,1,,False,,False,True
2022-05,FP1,0 days 01:12:08.331000,OCO,31,0 days 00:01:36.586000,23.0,3.0,,,0 days 00:00:32.528000,0 days 00:00:37.006000,0 days 00:00:27.052000,0 days 01:11:04.273000,0 days 01:11:41.279000,0 days 01:12:08.331000,207.0,180.0,269.0,295.0,False,SOFT,12.0,False,Alpine,0 days 01:10:31.745000,,1,,False,,False,True
2022-05,FP1,0 days 01:13:49.846000,OCO,31,0 days 00:01:41.515000,24.0,3.0,,,0 days 00:00:34.336000,0 days 00:00:39.151000,0 days 00:00:28.028000,0 days 01:12:42.667000,0 days 01:13:21.818000,0 days 01:13:49.846000,204.0,178.0,270.0,290.0,False,SOFT,13.0,False,Alpine,0 days 01:12:08.331000,,1,,False,,False,True
2022-05,FP1,0 days 01:15:26.412000,OCO,31,0 days 00:01:36.566000,25.0,3.0,,,0 days 00:00:32.660000,0 days 00:00:37.031000,0 days 00:00:26.875000,0 days 01:14:22.506000,0 days 01:14:59.537000,0 days 01:15:26.412000,206.0,180.0,269.0,293.0,False,SOFT,14.0,False,Alpine,0 days 01:13:49.846000,,1,,False,,False,True
2022-05,FP1,0 days 01:17:46.513000,OCO,31,0 days 00:02:20.101000,26.0,3.0,,,0 days 00:00:43.758000,0 days 00:00:47.341000,0 days 00:00:49.002000,0 days 01:16:10.170000,0 days 01:16:57.511000,0 days 01:17:46.513000,169.0,167.0,48.0,158.0,False,SOFT,15.0,False,Alpine,0 days 01:15:26.412000,,1,,False,,False,True
2022-05,FP1,0 days 01:20:03.621000,OCO,31,0 days 00:02:17.108000,27.0,3.0,,0 days 01:20:01.563000,0 days 00:01:01.624000,0 days 00:00:40.379000,0 days 00:00:35.105000,0 days 01:18:48.137000,0 days 01:19:28.516000,0 days 01:20:03.621000,208.0,174.0,,211.0,False,SOFT,16.0,False,Alpine,0 days 01:17:46.513000,,1,,False,,False,False
2022-05,FP1,0 days 00:17:25.131000,NOR,4,,1.0,1.0,0 days 00:15:19.272000,,,0 days 00:00:43.775000,0 days 00:00:44.980000,,0 days 00:16:40.385000,0 days 00:17:25.233000,195.0,151.0,270.0,65.0,False,MEDIUM,1.0,True,McLaren,0 days 00:15:19.272000,,1,,False,,False,False
2022-05,FP1,0 days 00:19:05.043000,NOR,4,0 days 00:01:39.912000,2.0,1.0,,,0 days 00:00:33.210000,0 days 00:00:39.438000,0 days 00:00:27.264000,0 days 00:17:58.341000,0 days 00:18:37.779000,0 days 00:19:05.043000,211.0,175.0,272.0,295.0,True,MEDIUM,2.0,True,McLaren,0 days 00:17:25.131000,,1,,False,,False,True
2022-05,FP1,0 days 00:20:41.788000,NOR,4,0 days 00:01:36.745000,3.0,1.0,,,0 days 00:00:32.767000,0 days 00:00:37.207000,0 days 00:00:26.771000,0 days 00:19:37.810000,0 days 00:20:15.017000,0 days 00:20:41.788000,206.0,183.0,271.0,307.0,True,MEDIUM,3.0,True,McLaren,0 days 00:19:05.043000,,1,,False,,False,True
2022-05,FP1,0 days 00:22:50.087000,NOR,4,0 days 00:02:08.299000,4.0,1.0,,,0 days 00:00:45.441000,0 days 00:00:51.363000,0 days 00:00:31.495000,0 days 00:21:27.229000,0 days 00:22:18.592000,0 days 00:22:50.087000,185.0,123.0,272.0,181.0,False,MEDIUM,4.0,True,McLaren,0 days 00:20:41.788000,,12,,False,,False,True
2022-05,FP1,0 days 00:24:24.723000,NOR,4,0 days 00:01:34.636000,5.0,1.0,,,0 days 00:00:31.965000,0 days 00:00:36.449000,0 days 00:00:26.222000,0 days 00:23:22.052000,0 days 00:23:58.501000,0 days 00:24:24.723000,212.0,186.0,279.0,321.0,True,MEDIUM,5.0,True,McLaren,0 days 00:22:50.087000,,1,,False,,False,True
2022-05,FP1,0 days 00:26:40.692000,NOR,4,0 days 00:02:15.969000,6.0,1.0,,,0 days 00:00:47.556000,0 days 00:00:51.125000,0 days 00:00:37.288000,0 days 00:25:12.279000,0 days 00:26:03.404000,0 days 00:26:40.692000,130.0,114.0,277.0,227.0,False,MEDIUM,6.0,True,McLaren,0 days 00:24:24.723000,,1,,False,,False,True
2022-05,FP1,0 days 00:28:31.983000,NOR,4,0 days 00:01:51.291000,7.0,1.0,,0 days 00:28:30.011000,0 days 00:00:32.920000,0 days 00:00:43.517000,0 days 00:00:34.854000,0 days 00:27:13.612000,0 days 00:27:57.129000,0 days 00:28:31.983000,212.0,150.0,,281.0,False,MEDIUM,7.0,True,McLaren,0 days 00:26:40.692000,,1,,False,,False,False
2022-05,FP1,0 days 00:37:43.649000,NOR,4,,8.0,2.0,0 days 00:35:52.515000,,,0 days 00:00:46.447000,0 days 00:00:28.193000,,0 days 00:37:15.561000,0 days 00:37:43.660000,147.0,165.0,274.0,294.0,False,MEDIUM,8.0,False,McLaren,0 days 00:28:31.983000,,1,,False,,False,False
2022-05,FP1,0 days 00:39:26.092000,NOR,4,0 days 00:01:42.443000,9.0,2.0,,0 days 00:39:24.061000,0 days 00:00:31.954000,0 days 00:00:36.969000,0 days 00:00:33.520000,0 days 00:38:15.603000,0 days 00:38:52.572000,0 days 00:39:26.092000,212.0,186.0,,250.0,False,MEDIUM,9.0,False,McLaren,0 days 00:37:43.649000,,1,,False,,False,False
2022-05,FP1,0 days 00:41:57.513000,NOR,4,,10.0,3.0,0 days 00:39:53.904000,,0 days 00:01:10.485000,0 days 00:00:44.784000,0 days 00:00:36.226000,0 days 00:40:36.790000,0 days 00:41:21.536000,0 days 00:41:57.612000,153.0,109.0,277.0,159.0,False,SOFT,1.0,True,McLaren,0 days 00:39:26.092000,,1,,False,,False,False
2022-05,FP1,0 days 00:43:30.128000,NOR,4,0 days 00:01:32.615000,11.0,3.0,,,0 days 00:00:30.631000,0 days 00:00:36.020000,0 days 00:00:25.964000,0 days 00:42:28.144000,0 days 00:43:04.164000,0 days 00:43:30.128000,216.0,186.0,276.0,323.0,True,SOFT,2.0,True,McLaren,0 days 00:41:57.513000,,1,,False,,False,True
2022-05,FP1,0 days 00:45:38.949000,NOR,4,0 days 00:02:08.821000,12.0,3.0,,,0 days 00:00:42.373000,0 days 00:00:53.750000,0 days 00:00:32.698000,0 days 00:44:12.501000,0 days 00:45:06.251000,0 days 00:45:38.949000,132.0,134.0,277.0,171.0,False,SOFT,3.0,True,McLaren,0 days 00:43:30.128000,,1,,False,,False,True
2022-05,FP1,0 days 00:47:12.081000,NOR,4,0 days 00:01:33.132000,13.0,3.0,,,0 days 00:00:31.240000,0 days 00:00:35.874000,0 days 00:00:26.018000,0 days 00:46:10.189000,0 days 00:46:46.063000,0 days 00:47:12.081000,216.0,184.0,277.0,317.0,False,SOFT,4.0,True,McLaren,0 days 00:45:38.949000,,1,,False,,False,True
2022-05,FP1,0 days 00:48:58.122000,NOR,4,0 days 00:01:46.041000,14.0,3.0,,0 days 00:48:56.157000,0 days 00:00:34.559000,0 days 00:00:37.405000,0 days 00:00:34.077000,0 days 00:47:46.640000,0 days 00:48:24.045000,0 days 00:48:58.122000,204.0,184.0,,223.0,False,SOFT,5.0,True,McLaren,0 days 00:47:12.081000,,1,,False,,False,False
2022-05,FP1,0 days 01:01:32.949000,NOR,4,,15.0,4.0,0 days 00:59:38.538000,0 days 01:01:30.894000,,0 days 00:00:47.920000,0 days 00:00:32.567000,,0 days 01:01:00.466000,0 days 01:01:32.949000,204.0,126.0,,263.0,False,MEDIUM,10.0,False,McLaren,0 days 00:59:38.538000,,12,,False,,False,False
2022-05,FP1,0 days 01:03:26.034000,NOR,4,0 days 00:01:53.085000,16.0,5.0,0 days 01:01:50.518000,,0 days 00:00:47.967000,0 days 00:00:37.901000,0 days 00:00:27.217000,0 days 01:02:20.916000,0 days 01:02:58.817000,0 days 01:03:26.034000,212.0,183.0,258.0,282.0,False,SOFT,6.0,False,McLaren,0 days 01:01:32.949000,,1,,False,,False,False
2022-05,FP1,0 days 01:05:02.740000,NOR,4,0 days 00:01:36.706000,17.0,5.0,,,0 days 00:00:32.566000,0 days 00:00:37.095000,0 days 00:00:27.045000,0 days 01:03:58.600000,0 days 01:04:35.695000,0 days 01:05:02.740000,211.0,182.0,268.0,287.0,False,SOFT,7.0,False,McLaren,0 days 01:03:26.034000,,1,,False,,False,True
2022-05,FP1,0 days 01:06:38.585000,NOR,4,0 days 00:01:35.845000,18.0,5.0,,,0 days 00:00:32.176000,0 days 00:00:36.714000,0 days 00:00:26.955000,0 days 01:05:34.916000,0 days 01:06:11.630000,0 days 01:06:38.585000,211.0,183.0,270.0,293.0,False,SOFT,8.0,False,McLaren,0 days 01:05:02.740000,,1,,False,,False,True
2022-05,FP1,0 days 01:08:15.535000,NOR,4,0 days 00:01:36.950000,19.0,5.0,,,0 days 00:00:32.517000,0 days 00:00:37.315000,0 days 00:00:27.118000,0 days 01:07:11.102000,0 days 01:07:48.417000,0 days 01:08:15.535000,210.0,182.0,270.0,288.0,False,SOFT,9.0,False,McLaren,0 days 01:06:38.585000,,1,,False,,False,True
2022-05,FP1,0 days 01:09:51.724000,NOR,4,0 days 00:01:36.189000,20.0,5.0,,,0 days 00:00:32.444000,0 days 00:00:36.878000,0 days 00:00:26.867000,0 days 01:08:47.979000,0 days 01:09:24.857000,0 days 01:09:51.724000,211.0,181.0,268.0,291.0,False,SOFT,10.0,False,McLaren,0 days 01:08:15.535000,,1,,False,,False,True
2022-05,FP1,0 days 01:11:29.255000,NOR,4,0 days 00:01:37.531000,21.0,5.0,,,0 days 00:00:32.173000,0 days 00:00:38.130000,0 days 00:00:27.228000,0 days 01:10:23.897000,0 days 01:11:02.027000,0 days 01:11:29.255000,206.0,180.0,270.0,287.0,False,SOFT,11.0,False,McLaren,0 days 01:09:51.724000,,1,,False,,False,True
2022-05,FP1,0 days 01:13:06.269000,NOR,4,0 days 00:01:37.014000,22.0,5.0,,,0 days 00:00:32.208000,0 days 00:00:37.635000,0 days 00:00:27.171000,0 days 01:12:01.463000,0 days 01:12:39.098000,0 days 01:13:06.269000,209.0,175.0,269.0,291.0,False,SOFT,12.0,False,McLaren,0 days 01:11:29.255000,,1,,False,,False,True
2022-05,FP1,0 days 01:14:43.554000,NOR,4,0 days 00:01:37.285000,23.0,5.0,,,0 days 00:00:32.187000,0 days 00:00:37.673000,0 days 00:00:27.425000,0 days 01:13:38.456000,0 days 01:14:16.129000,0 days 01:14:43.554000,209.0,179.0,264.0,281.0,False,SOFT,13.0,False,McLaren,0 days 01:13:06.269000,,1,,False,,False,True
2022-05,FP1,0 days 01:16:20.101000,NOR,4,0 days 00:01:36.547000,24.0,5.0,,,0 days 00:00:32.223000,0 days 00:00:37.054000,0 days 00:00:27.270000,0 days 01:15:15.777000,0 days 01:15:52.831000,0 days 01:16:20.101000,208.0,179.0,269.0,293.0,False,SOFT,14.0,False,McLaren,0 days 01:14:43.554000,,1,,False,,False,True
2022-05,FP1,0 days 01:18:32.981000,NOR,4,0 days 00:02:12.880000,25.0,5.0,,,0 days 00:00:41.153000,0 days 00:00:43.114000,0 days 00:00:48.613000,0 days 01:17:01.254000,0 days 01:17:44.368000,0 days 01:18:32.981000,198.0,170.0,48.0,191.0,False,SOFT,15.0,False,McLaren,0 days 01:16:20.101000,,1,,False,,False,True
2022-05,FP1,0 days 01:21:03.147000,NOR,4,,26.0,5.0,,0 days 01:21:01.115000,0 days 00:01:07.679000,0 days 00:00:45.429000,0 days 00:00:37.084000,0 days 01:19:40.748000,0 days 01:20:26.248000,0 days 01:21:03.147000,173.0,146.0,,156.0,False,SOFT,16.0,False,McLaren,0 days 01:18:32.981000,,1,,False,,False,False
2022-05,FP1,0 days 00:18:21.438000,HAM,44,,1.0,1.0,0 days 00:16:18.802000,,,0 days 00:00:40.251000,0 days 00:00:45.121000,,0 days 00:17:36.503000,0 days 00:18:21.562000,200.0,173.0,272.0,48.0,False,SOFT,1.0,True,Mercedes,0 days 00:16:18.802000,,1,,False,,False,False
2022-05,FP1,0 days 00:20:00.169000,HAM,44,0 days 00:01:38.731000,2.0,1.0,,,0 days 00:00:34.360000,0 days 00:00:37.283000,0 days 00:00:27.088000,0 days 00:18:55.798000,0 days 00:19:33.081000,0 days 00:20:00.169000,212.0,183.0,273.0,303.0,True,SOFT,2.0,True,Mercedes,0 days 00:18:21.438000,,1,,False,,False,True
2022-05,FP1,0 days 00:21:36.946000,HAM,44,0 days 00:01:36.777000,3.0,1.0,,,0 days 00:00:33.323000,0 days 00:00:36.922000,0 days 00:00:26.532000,0 days 00:20:33.492000,0 days 00:21:10.414000,0 days 00:21:36.946000,210.0,185.0,273.0,295.0,True,SOFT,3.0,True,Mercedes,0 days 00:20:00.169000,,12,,False,,False,True
2022-05,FP1,0 days 00:23:13.111000,HAM,44,0 days 00:01:36.165000,4.0,1.0,,,0 days 00:00:32.327000,0 days 00:00:37.318000,0 days 00:00:26.520000,0 days 00:22:09.273000,0 days 00:22:46.591000,0 days 00:23:13.111000,212.0,186.0,276.0,295.0,True,SOFT,4.0,True,Mercedes,0 days 00:21:36.946000,,21,,False,,False,True
2022-05,FP1,0 days 00:24:49.076000,HAM,44,0 days 00:01:35.965000,5.0,1.0,,,0 days 00:00:32.593000,0 days 00:00:36.804000,0 days 00:00:26.568000,0 days 00:23:45.704000,0 days 00:24:22.508000,0 days 00:24:49.076000,212.0,183.0,274.0,292.0,True,SOFT,5.0,True,Mercedes,0 days 00:23:13.111000,,1,,False,,False,True
2022-05,FP1,0 days 00:27:29.475000,HAM,44,,6.0,1.0,,,0 days 00:00:57.381000,0 days 00:01:10.376000,0 days 00:00:32.643000,0 days 00:25:46.637000,0 days 00:26:57.012000,0 days 00:27:29.609000,82.0,150.0,275.0,121.0,False,SOFT,6.0,True,Mercedes,0 days 00:24:49.076000,,1,,False,,False,False
2022-05,FP1,0 days 00:29:04.090000,HAM,44,0 days 00:01:34.615000,7.0,1.0,,,0 days 00:00:32.048000,0 days 00:00:36.530000,0 days 00:00:26.037000,0 days 00:28:01.523000,0 days 00:28:38.053000,0 days 00:29:04.090000,213.0,184.0,273.0,325.0,True,SOFT,7.0,True,Mercedes,0 days 00:27:29.475000,,1,,False,,False,True
2022-05,FP1,0 days 00:31:35.788000,HAM,44,,8.0,1.0,,,0 days 00:01:01.733000,0 days 00:01:01.322000,0 days 00:00:28.646000,0 days 00:30:06.019000,0 days 00:31:07.362000,0 days 00:31:35.866000,85.0,126.0,280.0,235.0,False,SOFT,8.0,True,Mercedes,0 days 00:29:04.090000,,1,,False,,False,False
2022-05,FP1,0 days 00:33:09.344000,HAM,44,0 days 00:01:33.556000,9.0,1.0,,,0 days 00:00:31.462000,0 days 00:00:36.119000,0 days 00:00:25.975000,0 days 00:32:07.250000,0 days 00:32:43.369000,0 days 00:33:09.344000,214.0,185.0,277.0,323.0,True,SOFT,9.0,True,Mercedes,0 days 00:31:35.788000,,1,,False,,False,True
2022-05,FP1,0 days 00:35:13.584000,HAM,44,0 days 00:02:04.240000,10.0,1.0,,0 days 00:35:11.412000,0 days 00:00:39.245000,0 days 00:00:46.673000,0 days 00:00:38.322000,0 days 00:33:48.589000,0 days 00:34:35.262000,0 days 00:35:13.584000,160.0,156.0,,267.0,False,SOFT,10.0,True,Mercedes,0 days 00:33:09.344000,,1,,False,,False,False
2022-05,FP1,0 days 00:45:46.048000,HAM,44,,11.0,2.0,0 days 00:43:47.047000,,,0 days 00:00:45.710000,0 days 00:00:28.009000,,0 days 00:45:18.182000,0 days 00:45:46.123000,170.0,174.0,279.0,248.0,False,SOFT,1.0,True,Mercedes,0 days 00:35:13.584000,,1,,False,,False,False
2022-05,FP1,0 days 00:47:57.552000,HAM,44,0 days 00:02:11.504000,12.0,2.0,,,0 days 00:00:51.282000,0 days 00:00:51.766000,0 days 00:00:28.456000,0 days 00:46:37.330000,0 days 00:47:29.096000,0 days 00:47:57.552000,100.0,169.0,279.0,256.0,False,SOFT,2.0,True,Mercedes,0 days 00:45:46.048000,,1,,False,,False,True
2022-05,FP1,0 days 00:49:30.016000,HAM,44,0 days 00:01:32.464000,13.0,2.0,,,0 days 00:00:31.050000,0 days 00:00:35.682000,0 days 00:00:25.732000,0 days 00:48:28.602000,0 days 00:49:04.284000,0 days 00:49:30.016000,219.0,187.0,276.0,327.0,True,SOFT,3.0,True,Mercedes,0 days 00:47:57.552000,,1,,False,,False,True
2022-05,FP1,0 days 01:02:31.967000,HAM,44,,14.0,2.0,,0 days 00:51:53.827000,,,,,,,,,,,False,SOFT,4.0,True,Mercedes,0 days 00:49:30.016000,,125,,False,,False,False
2022-05,FP1,0 days 01:04:23.876000,HAM,44,,15.0,3.0,0 days 01:02:31.967000,,,0 days 00:00:42.282000,0 days 00:00:28.206000,,0 days 01:03:55.831000,0 days 01:04:23.935000,158.0,171.0,278.0,253.0,False,SOFT,5.0,False,Mercedes,0 days 01:02:31.967000,,1,,False,,False,False
2022-05,FP1,0 days 01:05:56.051000,HAM,44,0 days 00:01:32.175000,16.0,3.0,,,0 days 00:00:30.999000,0 days 00:00:35.503000,0 days 00:00:25.673000,0 days 01:04:54.875000,0 days 01:05:30.378000,0 days 01:05:56.051000,219.0,187.0,278.0,324.0,True,SOFT,6.0,False,Mercedes,0 days 01:04:23.876000,,1,,False,,False,True
2022-05,FP1,0 days 01:08:33.084000,HAM,44,,17.0,3.0,,0 days 01:08:31.018000,0 days 00:00:57.731000,0 days 00:00:58.136000,0 days 00:00:41.139000,0 days 01:06:53.936000,0 days 01:07:52.056000,0 days 01:08:33.084000,106.0,97.0,,203.0,False,SOFT,7.0,False,Mercedes,0 days 01:05:56.051000,,1,,False,,False,False
2022-05,FP1,0 days 01:11:09.354000,HAM,44,,18.0,4.0,0 days 01:08:55.621000,,0 days 00:01:12.835000,0 days 00:00:54.653000,0 days 00:00:28.817000,0 days 01:09:46.052000,0 days 01:10:40.756000,0 days 01:11:09.409000,121.0,165.0,279.0,233.0,False,SOFT,8.0,False,Mercedes,0 days 01:08:33.084000,,1,,False,,False,False
2022-05,FP1,0 days 01:12:52.693000,HAM,44,0 days 00:01:43.339000,19.0,4.0,,,0 days 00:00:30.688000,0 days 00:00:37.724000,0 days 00:00:34.927000,0 days 01:11:40.042000,0 days 01:12:17.766000,0 days 01:12:52.693000,216.0,98.0,278.0,236.0,False,SOFT,9.0,False,Mercedes,0 days 01:11:09.354000,,1,,False,,False,True
2022-05,FP1,0 days 01:14:24.649000,HAM,44,0 days 00:01:31.956000,20.0,4.0,,,0 days 00:00:30.528000,0 days 00:00:35.573000,0 days 00:00:25.855000,0 days 01:13:23.221000,0 days 01:13:58.794000,0 days 01:14:24.649000,216.0,185.0,278.0,325.0,True,SOFT,10.0,False,Mercedes,0 days 01:12:52.693000,,1,,False,,False,True
2022-05,FP1,0 days 01:16:21.123000,HAM,44,0 days 00:01:56.474000,21.0,4.0,,,0 days 00:00:45.052000,0 days 00:00:41.260000,0 days 00:00:30.162000,0 days 01:15:09.701000,0 days 01:15:50.961000,0 days 01:16:21.123000,205.0,180.0,265.0,121.0,False,SOFT,11.0,False,Mercedes,0 days 01:14:24.649000,,1,,False,,False,True
2022-05,FP1,0 days 01:18:42.986000,HAM,44,0 days 00:02:21.863000,22.0,4.0,,,0 days 00:00:45.683000,0 days 00:00:51.428000,0 days 00:00:44.752000,0 days 01:17:06.806000,0 days 01:17:58.234000,0 days 01:18:42.986000,133.0,164.0,40.0,176.0,False,SOFT,12.0,False,Mercedes,0 days 01:16:21.123000,,1,,False,,False,True
2022-05,FP1,0 days 01:21:05.544000,HAM,44,0 days 00:02:22.558000,23.0,4.0,,0 days 01:21:03.499000,0 days 00:01:05.827000,0 days 00:00:41.559000,0 days 00:00:35.172000,0 days 01:19:48.813000,0 days 01:20:30.372000,0 days 01:21:05.544000,216.0,173.0,,247.0,False,SOFT,13.0,False,Mercedes,0 days 01:18:42.986000,,1,,False,,False,False
2022-05,FP1,0 days 00:20:22.197000,MSC,47,,1.0,1.0,0 days 00:18:10.732000,0 days 00:20:20.105000,,0 days 00:00:49.758000,0 days 00:00:37.388000,,0 days 00:19:44.973000,0 days 00:20:22.197000,149.0,177.0,,224.0,False,MEDIUM,1.0,True,Haas F1 Team,0 days 00:18:10.732000,,1,,False,,False,False
2022-05,FP1,0 days 00:23:38.556000,MSC,47,,2.0,2.0,0 days 00:21:12.785000,0 days 00:23:36.504000,0 days 00:01:39.441000,0 days 00:00:52.096000,0 days 00:00:44.809000,0 days 00:22:01.788000,0 days 00:22:53.888000,0 days 00:23:38.556000,136.0,180.0,,115.0,False,MEDIUM,2.0,False,Haas F1 Team,0 days 00:20:22.197000,,12,,False,,False,False
2022-05,FP1,0 days 00:34:49.842000,MSC,47,,3.0,3.0,0 days 00:32:49.071000,,,0 days 00:00:46.967000,0 days 00:00:35.222000,,0 days 00:34:14.826000,0 days 00:34:49.952000,185.0,153.0,269.0,134.0,False,MEDIUM,3.0,False,Haas F1 Team,0 days 00:23:38.556000,,1,,False,,False,False
2022-05,FP1,0 days 00:36:30.379000,MSC,47,0 days 00:01:40.537000,4.0,3.0,,,0 days 00:00:35.253000,0 days 00:00:38.170000,0 days 00:00:27.114000,0 days 00:35:25.095000,0 days 00:36:03.265000,0 days 00:36:30.379000,201.0,179.0,273.0,314.0,True,MEDIUM,4.0,False,Haas F1 Team,0 days 00:34:49.842000,,1,,False,,False,True
2022-05,FP1,0 days 00:38:09.108000,MSC,47,0 days 00:01:38.729000,5.0,3.0,,,0 days 00:00:33.715000,0 days 00:00:38.328000,0 days 00:00:26.686000,0 days 00:37:04.094000,0 days 00:37:42.422000,0 days 00:38:09.108000,204.0,179.0,270.0,307.0,True,MEDIUM,5.0,False,Haas F1 Team,0 days 00:36:30.379000,,1,,False,,False,True
2022-05,FP1,0 days 00:40:11.033000,MSC,47,0 days 00:02:01.925000,6.0,3.0,,,0 days 00:00:42.533000,0 days 00:00:47.458000,0 days 00:00:31.934000,0 days 00:38:51.641000,0 days 00:39:39.099000,0 days 00:40:11.033000,123.0,153.0,272.0,172.0,False,MEDIUM,6.0,False,Haas F1 Team,0 days 00:38:09.108000,,1,,False,,False,True
2022-05,FP1,0 days 00:41:49.500000,MSC,47,0 days 00:01:38.467000,7.0,3.0,,,0 days 00:00:34.114000,0 days 00:00:37.539000,0 days 00:00:26.814000,0 days 00:40:45.147000,0 days 00:41:22.686000,0 days 00:41:49.500000,203.0,181.0,274.0,316.0,True,MEDIUM,7.0,False,Haas F1 Team,0 days 00:40:11.033000,,1,,False,,False,True
2022-05,FP1,0 days 00:43:26.013000,MSC,47,0 days 00:01:36.513000,8.0,3.0,,,0 days 00:00:32.600000,0 days 00:00:37.272000,0 days 00:00:26.641000,0 days 00:42:22.100000,0 days 00:42:59.372000,0 days 00:43:26.013000,208.0,183.0,275.0,309.0,True,MEDIUM,8.0,False,Haas F1 Team,0 days 00:41:49.500000,,1,,False,,False,True
2022-05,FP1,0 days 00:45:03.369000,MSC,47,0 days 00:01:37.356000,9.0,3.0,,,0 days 00:00:32.577000,0 days 00:00:37.665000,0 days 00:00:27.114000,0 days 00:43:58.590000,0 days 00:44:36.255000,0 days 00:45:03.369000,208.0,179.0,275.0,309.0,False,MEDIUM,9.0,False,Haas F1 Team,0 days 00:43:26.013000,,1,,False,,False,True
2022-05,FP1,0 days 00:47:04.789000,MSC,47,0 days 00:02:01.420000,10.0,3.0,,,0 days 00:00:42.538000,0 days 00:00:47.256000,0 days 00:00:31.626000,0 days 00:45:45.907000,0 days 00:46:33.163000,0 days 00:47:04.789000,162.0,148.0,276.0,174.0,False,MEDIUM,10.0,False,Haas F1 Team,0 days 00:45:03.369000,,1,,False,,False,True
2022-05,FP1,0 days 00:48:40.315000,MSC,47,0 days 00:01:35.526000,11.0,3.0,,,0 days 00:00:31.706000,0 days 00:00:36.763000,0 days 00:00:27.057000,0 days 00:47:36.495000,0 days 00:48:13.258000,0 days 00:48:40.315000,210.0,183.0,270.0,297.0,True,MEDIUM,11.0,False,Haas F1 Team,0 days 00:47:04.789000,,1,,False,,False,True
2022-05,FP1,0 days 01:04:42.006000,MSC,47,,12.0,3.0,,0 days 00:50:41.717000,0 days 00:00:37.004000,0 days 00:00:39.826000,,0 days 00:49:17.536000,0 days 00:49:57.356000,,197.0,149.0,,,False,MEDIUM,12.0,False,Haas F1 Team,0 days 00:48:40.315000,,125,,False,,False,False
2022-05,FP1,0 days 01:06:36.142000,MSC,47,,13.0,4.0,0 days 01:04:42.006000,,,0 days 00:00:41.707000,0 days 00:00:29.574000,,0 days 01:06:06.686000,0 days 01:06:36.154000,159.0,113.0,274.0,212.0,False,SOFT,1.0,True,Haas F1 Team,0 days 01:04:42.006000,,1,,False,,False,False
2022-05,FP1,0 days 01:08:11.087000,MSC,47,0 days 00:01:34.945000,14.0,4.0,,,0 days 00:00:31.483000,0 days 00:00:36.745000,0 days 00:00:26.717000,0 days 01:07:07.625000,0 days 01:07:44.370000,0 days 01:08:11.087000,214.0,184.0,274.0,293.0,True,SOFT,2.0,True,Haas F1 Team,0 days 01:06:36.142000,,1,,False,,False,True
2022-05,FP1,0 days 01:10:12.886000,MSC,47,0 days 00:02:01.799000,15.0,4.0,,,0 days 00:00:46.406000,0 days 00:00:45.505000,0 days 00:00:29.888000,0 days 01:08:57.493000,0 days 01:09:42.998000,0 days 01:10:12.886000,152.0,152.0,273.0,223.0,False,SOFT,3.0,True,Haas F1 Team,0 days 01:08:11.087000,,1,,False,,False,True
2022-05,FP1,0 days 01:11:47.865000,MSC,47,0 days 00:01:34.979000,16.0,4.0,,,0 days 00:00:31.770000,0 days 00:00:36.692000,0 days 00:00:26.517000,0 days 01:10:44.656000,0 days 01:11:21.348000,0 days 01:11:47.865000,213.0,181.0,274.0,297.0,False,SOFT,4.0,True,Haas F1 Team,0 days 01:10:12.886000,,1,,False,,False,True
2022-05,FP1,0 days 01:13:47.802000,MSC,47,0 days 00:01:59.937000,17.0,4.0,,,0 days 00:00:42.338000,0 days 00:00:49.086000,0 days 00:00:28.513000,0 days 01:12:30.203000,0 days 01:13:19.289000,0 days 01:13:47.802000,158.0,158.0,270.0,258.0,False,SOFT,5.0,True,Haas F1 Team,0 days 01:11:47.865000,,1,,False,,False,True
2022-05,FP1,0 days 01:15:23.245000,MSC,47,0 days 00:01:35.443000,18.0,4.0,,,0 days 00:00:31.762000,0 days 00:00:36.634000,0 days 00:00:27.047000,0 days 01:14:19.564000,0 days 01:14:56.198000,0 days 01:15:23.245000,213.0,183.0,271.0,296.0,False,SOFT,6.0,True,Haas F1 Team,0 days 01:13:47.802000,,1,,False,,False,True
2022-05,FP1,0 days 01:17:19.634000,MSC,47,0 days 00:01:56.389000,19.0,4.0,,,0 days 00:00:37.999000,0 days 00:00:41.292000,0 days 00:00:37.098000,0 days 01:16:01.244000,0 days 01:16:42.536000,0 days 01:17:19.634000,196.0,149.0,67.0,266.0,False,SOFT,7.0,True,Haas F1 Team,0 days 01:15:23.245000,,1,,False,,False,True
2022-05,FP1,0 days 01:19:25.392000,MSC,47,0 days 00:02:05.758000,20.0,4.0,,0 days 01:19:23.270000,0 days 00:00:55.663000,0 days 00:00:37.211000,0 days 00:00:32.884000,0 days 01:18:15.297000,0 days 01:18:52.508000,0 days 01:19:25.392000,205.0,185.0,,296.0,False,SOFT,8.0,True,Haas F1 Team,0 days 01:17:19.634000,,1,,False,,False,False
2022-05,FP1,0 days 00:17:15.044000,VET,5,,1.0,1.0,0 days 00:15:08.124000,,,0 days 00:00:44.697000,0 days 00:00:40.748000,,0 days 00:16:34.490000,0 days 00:17:15.139000,169.0,146.0,269.0,103.0,False,SOFT,1.0,True,Aston Martin,0 days 00:15:08.124000,,1,,False,,False,False
2022-05,FP1,0 days 00:18:56.961000,VET,5,0 days 00:01:41.917000,2.0,1.0,,,0 days 00:00:35.748000,0 days 00:00:38.534000,0 days 00:00:27.635000,0 days 00:17:50.792000,0 days 00:18:29.326000,0 days 00:18:56.961000,206.0,174.0,274.0,273.0,True,SOFT,2.0,True,Aston Martin,0 days 00:17:15.044000,,1,,False,,False,True
2022-05,FP1,0 days 00:21:10.770000,VET,5,0 days 00:02:13.809000,3.0,1.0,,,0 days 00:00:44.550000,0 days 00:00:55.761000,0 days 00:00:33.498000,0 days 00:19:41.511000,0 days 00:20:37.272000,0 days 00:21:10.770000,156.0,125.0,275.0,250.0,False,SOFT,3.0,True,Aston Martin,0 days 00:18:56.961000,,1,,False,,False,True
2022-05,FP1,0 days 00:23:28.082000,VET,5,0 days 00:02:17.312000,4.0,1.0,,,0 days 00:00:52.501000,0 days 00:00:47.730000,0 days 00:00:37.081000,0 days 00:22:03.271000,0 days 00:22:51.001000,0 days 00:23:28.082000,139.0,130.0,279.0,133.0,False,SOFT,4.0,True,Aston Martin,0 days 00:21:10.770000,,12,,False,,False,True
2022-05,FP1,0 days 00:25:04.750000,VET,5,0 days 00:01:36.668000,5.0,1.0,,,0 days 00:00:33.276000,0 days 00:00:36.639000,0 days 00:00:26.753000,0 days 00:24:01.358000,0 days 00:24:37.997000,0 days 00:25:04.750000,212.0,181.0,279.0,316.0,True,SOFT,5.0,True,Aston Martin,0 days 00:23:28.082000,,1,,False,,False,True
2022-05,FP1,0 days 00:27:18.570000,VET,5,0 days 00:02:13.820000,6.0,1.0,,,0 days 00:00:48.065000,0 days 00:00:51.999000,0 days 00:00:33.756000,0 days 00:25:52.815000,0 days 00:26:44.814000,0 days 00:27:18.570000,157.0,127.0,278.0,189.0,False,SOFT,6.0,True,Aston Martin,0 days 00:25:04.750000,,1,,False,,False,True
2022-05,FP1,0 days 00:28:53.985000,VET,5,0 days 00:01:35.415000,7.0,1.0,,,0 days 00:00:32.562000,0 days 00:00:36.470000,0 days 00:00:26.383000,0 days 00:27:51.132000,0 days 00:28:27.602000,0 days 00:28:53.985000,211.0,180.0,278.0,322.0,True,SOFT,7.0,True,Aston Martin,0 days 00:27:18.570000,,1,,False,,False,True
2022-05,FP1,0 days 00:31:05.932000,VET,5,0 days 00:02:11.947000,8.0,1.0,,,0 days 00:00:48.591000,0 days 00:00:53.304000,0 days 00:00:30.052000,0 days 00:29:42.576000,0 days 00:30:35.880000,0 days 00:31:05.932000,134.0,152.0,279.0,232.0,False,SOFT,8.0,True,Aston Martin,0 days 00:28:53.985000,,1,,False,,False,True
2022-05,FP1,0 days 00:32:58.471000,VET,5,0 days 00:01:52.539000,9.0,1.0,,,0 days 00:00:35.751000,0 days 00:00:46.071000,0 days 00:00:30.717000,0 days 00:31:41.683000,0 days 00:32:27.754000,0 days 00:32:58.471000,158.0,139.0,280.0,213.0,False,SOFT,9.0,True,Aston Martin,0 days 00:31:05.932000,,1,,False,,False,True
2022-05,FP1,0 days 00:34:33.107000,VET,5,0 days 00:01:34.636000,10.0,1.0,,,0 days 00:00:32.069000,0 days 00:00:36.328000,0 days 00:00:26.239000,0 days 00:33:30.540000,0 days 00:34:06.868000,0 days 00:34:33.107000,213.0,182.0,279.0,321.0,True,SOFT,10.0,True,Aston Martin,0 days 00:32:58.471000,,1,,False,,False,True
2022-05,FP1,0 days 00:36:41.977000,VET,5,0 days 00:02:08.870000,11.0,1.0,,,0 days 00:00:46.157000,0 days 00:00:49.402000,0 days 00:00:33.311000,0 days 00:35:19.264000,0 days 00:36:08.666000,0 days 00:36:41.977000,133.0,129.0,278.0,235.0,False,SOFT,11.0,True,Aston Martin,0 days 00:34:33.107000,,1,,False,,False,True
2022-05,FP1,0 days 00:38:31.783000,VET,5,0 days 00:01:49.806000,12.0,1.0,,0 days 00:38:29.792000,0 days 00:00:33.282000,0 days 00:00:39.191000,0 days 00:00:37.333000,0 days 00:37:15.259000,0 days 00:37:54.450000,0 days 00:38:31.783000,177.0,158.0,,269.0,False,SOFT,12.0,True,Aston Martin,0 days 00:36:41.977000,,1,,False,,False,False
2022-05,FP1,0 days 00:59:19.295000,VET,5,,13.0,2.0,0 days 00:48:31.734000,0 days 00:50:50.353000,,0 days 00:00:48.047000,,,0 days 00:49:57.789000,,162.0,84.0,,,False,SOFT,1.0,True,Aston Martin,0 days 00:38:31.783000,,125,,False,,False,False
2022-05,FP1,0 days 01:01:25.772000,VET,5,,14.0,3.0,0 days 00:59:19.295000,,,0 days 00:00:45.291000,0 days 00:00:39.076000,,0 days 01:00:46.899000,0 days 01:01:25.891000,156.0,135.0,280.0,126.0,False,SOFT,1.0,False,Aston Martin,0 days 00:59:19.295000,,12,,False,,False,False
2022-05,FP1,0 days 01:03:36.336000,VET,5,0 days 00:02:10.564000,15.0,3.0,,,0 days 00:00:51.166000,0 days 00:00:45.120000,0 days 00:00:34.278000,0 days 01:02:16.938000,0 days 01:03:02.058000,0 days 01:03:36.336000,180.0,85.0,280.0,196.0,False,SOFT,2.0,False,Aston Martin,0 days 01:01:25.772000,,1,,False,,False,True
2022-05,FP1,0 days 01:05:14.136000,VET,5,0 days 00:01:37.800000,16.0,3.0,,,0 days 00:00:31.824000,0 days 00:00:35.638000,0 days 00:00:30.338000,0 days 01:04:08.160000,0 days 01:04:43.798000,0 days 01:05:14.136000,214.0,184.0,237.0,324.0,False,SOFT,3.0,False,Aston Martin,0 days 01:03:36.336000,,1,,False,,False,True
2022-05,FP1,0 days 01:07:27.045000,VET,5,0 days 00:02:12.909000,17.0,3.0,,,0 days 00:00:44.452000,0 days 00:00:52.027000,0 days 00:00:36.430000,0 days 01:05:58.588000,0 days 01:06:50.615000,0 days 01:07:27.045000,153.0,118.0,280.0,208.0,False,SOFT,4.0,False,Aston Martin,0 days 01:05:14.136000,,1,,False,,False,True
2022-05,FP1,0 days 01:09:00.612000,VET,5,0 days 00:01:33.567000,18.0,3.0,,,0 days 00:00:31.656000,0 days 00:00:35.849000,0 days 00:00:26.062000,0 days 01:07:58.701000,0 days 01:08:34.550000,0 days 01:09:00.612000,214.0,187.0,279.0,325.0,True,SOFT,5.0,False,Aston Martin,0 days 01:07:27.045000,,1,,False,,False,True
2022-05,FP1,0 days 01:11:22.348000,VET,5,0 days 00:02:21.736000,19.0,3.0,,,0 days 00:00:47.389000,0 days 00:00:57.530000,0 days 00:00:36.817000,0 days 01:09:48.001000,0 days 01:10:45.531000,0 days 01:11:22.348000,147.0,110.0,279.0,159.0,False,SOFT,6.0,False,Aston Martin,0 days 01:09:00.612000,,1,,False,,False,True
2022-05,FP1,0 days 01:12:55.372000,VET,5,0 days 00:01:33.024000,20.0,3.0,,,0 days 00:00:31.379000,0 days 00:00:35.761000,0 days 00:00:25.884000,0 days 01:11:53.727000,0 days 01:12:29.488000,0 days 01:12:55.372000,216.0,186.0,280.0,324.0,True,SOFT,7.0,False,Aston Martin,0 days 01:11:22.348000,,1,,False,,False,True
2022-05,FP1,0 days 01:14:53.278000,VET,5,0 days 00:01:57.906000,21.0,3.0,,,0 days 00:00:39.745000,0 days 00:00:40.221000,0 days 00:00:37.940000,0 days 01:13:35.117000,0 days 01:14:15.338000,0 days 01:14:53.278000,174.0,147.0,280.0,133.0,False,SOFT,8.0,False,Aston Martin,0 days 01:12:55.372000,,1,,False,,False,True
2022-05,FP1,0 days 01:16:26.692000,VET,5,0 days 00:01:33.414000,22.0,3.0,,,0 days 00:00:31.598000,0 days 00:00:35.949000,0 days 00:00:25.867000,0 days 01:15:24.876000,0 days 01:16:00.825000,0 days 01:16:26.692000,213.0,184.0,279.0,326.0,False,SOFT,9.0,False,Aston Martin,0 days 01:14:53.278000,,1,,False,,False,True
2022-05,FP1,0 days 01:18:32.906000,VET,5,0 days 00:02:06.214000,23.0,3.0,,,0 days 00:00:37.917000,0 days 00:00:41.061000,0 days 00:00:47.236000,0 days 01:17:04.609000,0 days 01:17:45.670000,0 days 01:18:32.906000,208.0,174.0,47.0,207.0,False,SOFT,10.0,False,Aston Martin,0 days 01:16:26.692000,,1,,False,,False,True
2022-05,FP1,0 days 01:21:10.392000,VET,5,,24.0,3.0,,0 days 01:21:08.358000,0 days 00:01:06.304000,0 days 00:00:49.996000,0 days 00:00:41.133000,0 days 01:19:39.418000,0 days 01:20:29.406000,0 days 01:21:10.392000,165.0,144.0,,138.0,False,SOFT,11.0,False,Aston Martin,0 days 01:18:32.906000,,1,,False,,False,False
2022-05,FP1,0 days 00:18:06.189000,SAI,55,,1.0,1.0,0 days 00:16:00.246000,,,0 days 00:00:43.606000,0 days 00:00:46.272000,,0 days 00:17:20.139000,0 days 00:18:06.293000,168.0,84.0,269.0,152.0,False,MEDIUM,1.0,True,Ferrari,0 days 00:16:00.246000,,1,,False,,False,False
2022-05,FP1,0 days 00:19:43.518000,SAI,55,0 days 00:01:37.329000,2.0,1.0,,,0 days 00:00:33.357000,0 days 00:00:37.104000,0 days 00:00:26.868000,0 days 00:18:39.546000,0 days 00:19:16.650000,0 days 00:19:43.518000,211.0,179.0,272.0,300.0,True,MEDIUM,2.0,True,Ferrari,0 days 00:18:06.189000,,1,,False,,False,True
2022-05,FP1,0 days 00:21:24.657000,SAI,55,0 days 00:01:41.139000,3.0,1.0,,,0 days 00:00:32.863000,0 days 00:00:37.165000,0 days 00:00:31.111000,0 days 00:20:16.381000,0 days 00:20:53.546000,0 days 00:21:24.657000,212.0,181.0,270.0,174.0,False,MEDIUM,3.0,True,Ferrari,0 days 00:19:43.518000,,12,,False,,False,True
2022-05,FP1,0 days 00:23:11.099000,SAI,55,0 days 00:01:46.442000,4.0,1.0,,,0 days 00:00:35.020000,0 days 00:00:44.238000,0 days 00:00:27.184000,0 days 00:21:59.677000,0 days 00:22:43.915000,0 days 00:23:11.099000,185.0,161.0,276.0,302.0,False,MEDIUM,4.0,True,Ferrari,0 days 00:21:24.657000,,21,,False,,False,True
2022-05,FP1,0 days 00:24:45.337000,SAI,55,0 days 00:01:34.238000,5.0,1.0,,,0 days 00:00:31.559000,0 days 00:00:36.173000,0 days 00:00:26.506000,0 days 00:23:42.658000,0 days 00:24:18.831000,0 days 00:24:45.337000,212.0,181.0,276.0,316.0,True,MEDIUM,5.0,True,Ferrari,0 days 00:23:11.099000,,1,,False,,False,True
2022-05,FP1,0 days 00:27:05.771000,SAI,55,0 days 00:02:20.434000,6.0,1.0,,,0 days 00:00:42.228000,0 days 00:00:50.705000,0 days 00:00:47.501000,0 days 00:25:27.565000,0 days 00:26:18.270000,0 days 00:27:05.771000,151.0,151.0,273.0,80.0,False,MEDIUM,6.0,True,Ferrari,0 days 00:24:45.337000,,1,,False,,False,True
2022-05,FP1,0 days 00:28:38.934000,SAI,55,0 days 00:01:33.163000,7.0,1.0,,,0 days 00:00:31.069000,0 days 00:00:36.035000,0 days 00:00:26.059000,0 days 00:27:36.840000,0 days 00:28:12.875000,0 days 00:28:38.934000,216.0,184.0,277.0,323.0,True,MEDIUM,7.0,True,Ferrari,0 days 00:27:05.771000,,1,,False,,False,True
2022-05,FP1,0 days 00:30:56.352000,SAI,55,0 days 00:02:17.418000,8.0,1.0,,0 days 00:30:54.397000,0 days 00:00:45.572000,0 days 00:00:56.428000,0 days 00:00:35.418000,0 days 00:29:24.506000,0 days 00:30:20.934000,0 days 00:30:56.352000,118.0,125.0,,239.0,False,MEDIUM,8.0,True,Ferrari,0 days 00:28:38.934000,,1,,False,,False,False
2022-05,FP1,0 days 00:33:02.377000,SAI,55,0 days 00:02:06.025000,9.0,2.0,0 days 00:31:15.631000,,0 days 00:00:54.494000,0 days 00:00:42.648000,0 days 00:00:28.883000,0 days 00:31:50.846000,0 days 00:32:33.494000,0 days 00:33:02.377000,175.0,148.0,276.0,233.0,False,MEDIUM,9.0,False,Ferrari,0 days 00:30:56.352000,,1,,False,,False,False
2022-05,FP1,0 days 00:34:44.996000,SAI,55,0 days 00:01:42.619000,10.0,2.0,,,0 days 00:00:30.633000,0 days 00:00:41.016000,0 days 00:00:30.970000,0 days 00:33:33.010000,0 days 00:34:14.026000,0 days 00:34:44.996000,215.0,133.0,274.0,205.0,False,MEDIUM,10.0,False,Ferrari,0 days 00:33:02.377000,,1,,False,,False,True
2022-05,FP1,0 days 00:36:49.312000,SAI,55,0 days 00:02:04.316000,11.0,2.0,,,0 days 00:00:34,0 days 00:00:54.030000,0 days 00:00:36.286000,0 days 00:35:18.996000,0 days 00:36:13.026000,0 days 00:36:49.312000,116.0,94.0,274.0,245.0,False,MEDIUM,11.0,False,Ferrari,0 days 00:34:44.996000,,1,,False,,False,True
2022-05,FP1,0 days 00:38:21.991000,SAI,55,0 days 00:01:32.679000,12.0,2.0,,,0 days 00:00:30.658000,0 days 00:00:35.985000,0 days 00:00:26.036000,0 days 00:37:19.970000,0 days 00:37:55.955000,0 days 00:38:21.991000,215.0,184.0,273.0,321.0,True,MEDIUM,12.0,False,Ferrari,0 days 00:36:49.312000,,1,,False,,False,True
2022-05,FP1,0 days 00:40:40.697000,SAI,55,0 days 00:02:18.706000,13.0,2.0,,,0 days 00:00:45.688000,0 days 00:01:02.553000,0 days 00:00:30.465000,0 days 00:39:07.679000,0 days 00:40:10.232000,0 days 00:40:40.697000,125.0,101.0,274.0,265.0,False,MEDIUM,13.0,False,Ferrari,0 days 00:38:21.991000,,1,,False,,False,True
2022-05,FP1,0 days 00:42:13.140000,SAI,55,0 days 00:01:32.443000,14.0,2.0,,,0 days 00:00:30.583000,0 days 00:00:35.740000,0 days 00:00:26.120000,0 days 00:41:11.280000,0 days 00:41:47.020000,0 days 00:42:13.140000,216.0,185.0,276.0,318.0,True,MEDIUM,14.0,False,Ferrari,0 days 00:40:40.697000,,1,,False,,False,True
2022-05,FP1,0 days 00:43:52.929000,SAI,55,0 days 00:01:39.789000,15.0,2.0,,0 days 00:43:50.934000,0 days 00:00:30.742000,0 days 00:00:37.312000,0 days 00:00:31.735000,0 days 00:42:43.882000,0 days 00:43:21.194000,0 days 00:43:52.929000,214.0,179.0,,297.0,False,MEDIUM,15.0,False,Ferrari,0 days 00:42:13.140000,,1,,False,,False,False
2022-05,FP1,0 days 01:00:57.901000,SAI,55,,16.0,3.0,0 days 00:59:02.393000,,,0 days 00:00:44.267000,0 days 00:00:29.309000,,0 days 01:00:28.687000,0 days 01:00:57.901000,149.0,146.0,280.0,268.0,False,SOFT,1.0,True,Ferrari,0 days 00:59:02.393000,,1,,False,,False,False
2022-05,FP1,0 days 01:03:57.395000,SAI,55,,17.0,3.0,,0 days 01:03:54.579000,0 days 00:00:41.742000,0 days 00:01:15.990000,0 days 00:01:01.844000,0 days 01:01:39.747000,0 days 01:02:55.739000,0 days 01:03:57.427000,124.0,105.0,,119.0,False,SOFT,2.0,True,Ferrari,0 days 01:00:57.901000,,12,,False,,False,False
2022-05,FP1,0 days 01:06:22.124000,SAI,55,0 days 00:02:24.729000,18.0,4.0,0 days 01:04:27.086000,,0 days 00:01:06.135000,0 days 00:00:40.230000,0 days 00:00:38.364000,0 days 01:05:03.530000,0 days 01:05:43.760000,0 days 01:06:22.124000,189.0,134.0,278.0,130.0,False,MEDIUM,16.0,False,Ferrari,0 days 01:03:57.395000,,1,,False,,False,False
2022-05,FP1,0 days 01:08:00.280000,SAI,55,0 days 00:01:38.156000,19.0,4.0,,,0 days 00:00:31,0 days 00:00:35.838000,0 days 00:00:31.318000,0 days 01:06:53.124000,0 days 01:07:28.962000,0 days 01:08:00.280000,197.0,185.0,279.0,148.0,False,MEDIUM,17.0,False,Ferrari,0 days 01:06:22.124000,,1,,False,,False,True
2022-05,FP1,0 days 01:09:32.394000,SAI,55,0 days 00:01:32.114000,20.0,4.0,,,0 days 00:00:30.663000,0 days 00:00:35.572000,0 days 00:00:25.879000,0 days 01:08:30.943000,0 days 01:09:06.515000,0 days 01:09:32.394000,214.0,185.0,280.0,324.0,True,MEDIUM,18.0,False,Ferrari,0 days 01:08:00.280000,,1,,False,,False,True
2022-05,FP1,0 days 01:12:05.258000,SAI,55,,21.0,4.0,,,0 days 00:00:46.869000,0 days 00:01:06.630000,0 days 00:00:39.367000,0 days 01:10:19.455000,0 days 01:11:26.045000,0 days 01:12:05.344000,120.0,71.0,279.0,249.0,False,MEDIUM,19.0,False,Ferrari,0 days 01:09:32.394000,,1,,False,,False,False
2022-05,FP1,0 days 01:14:04.154000,SAI,55,0 days 00:01:58.896000,22.0,4.0,,,0 days 00:00:30.470000,0 days 00:00:41.759000,0 days 00:00:46.667000,0 days 01:12:35.728000,0 days 01:13:17.487000,0 days 01:14:04.154000,215.0,71.0,279.0,189.0,False,MEDIUM,20.0,False,Ferrari,0 days 01:12:05.258000,,1,,False,,False,True
2022-05,FP1,0 days 01:15:35.682000,SAI,55,0 days 00:01:31.528000,23.0,4.0,,,0 days 00:00:30.341000,0 days 00:00:35.539000,0 days 00:00:25.648000,0 days 01:14:34.495000,0 days 01:15:10.034000,0 days 01:15:35.682000,216.0,187.0,277.0,325.0,True,MEDIUM,21.0,False,Ferrari,0 days 01:14:04.154000,,1,,False,,False,True
2022-05,FP1,0 days 01:17:27.837000,SAI,55,0 days 00:01:52.155000,24.0,4.0,,,0 days 00:00:33.034000,0 days 00:00:39.095000,0 days 00:00:40.026000,0 days 01:16:08.716000,0 days 01:16:47.811000,0 days 01:17:27.837000,187.0,159.0,68.0,118.0,False,MEDIUM,22.0,False,Ferrari,0 days 01:15:35.682000,,1,,False,,False,True
2022-05,FP1,0 days 01:20:08.915000,SAI,55,,25.0,4.0,,0 days 01:20:06.860000,0 days 00:01:16.253000,0 days 00:00:43.175000,0 days 00:00:41.605000,0 days 01:18:44.269000,0 days 01:19:27.446000,0 days 01:20:08.915000,152.0,161.0,,190.0,False,MEDIUM,23.0,False,Ferrari,0 days 01:17:27.837000,,1,,False,,False,False
2022-05,FP1,0 days 00:17:19.457000,LAT,6,,1.0,1.0,0 days 00:15:01.993000,,,0 days 00:00:50.459000,0 days 00:00:42.290000,,0 days 00:16:37.661000,0 days 00:17:19.520000,179.0,166.0,262.0,84.0,False,MEDIUM,1.0,True,Williams,0 days 00:15:01.993000,,1,,False,,False,False
2022-05,FP1,0 days 00:19:07.724000,LAT,6,0 days 00:01:48.267000,2.0,1.0,,,0 days 00:00:37.920000,0 days 00:00:40.466000,0 days 00:00:29.881000,0 days 00:17:57.377000,0 days 00:18:37.843000,0 days 00:19:07.724000,208.0,142.0,270.0,228.0,True,MEDIUM,2.0,True,Williams,0 days 00:17:19.457000,,1,,False,,False,True
2022-05,FP1,0 days 00:20:47.975000,LAT,6,0 days 00:01:40.251000,3.0,1.0,,,0 days 00:00:34.736000,0 days 00:00:38.492000,0 days 00:00:27.023000,0 days 00:19:42.460000,0 days 00:20:20.952000,0 days 00:20:47.975000,210.0,178.0,275.0,315.0,True,MEDIUM,3.0,True,Williams,0 days 00:19:07.724000,,1,,False,,False,True
2022-05,FP1,0 days 00:23:00.319000,LAT,6,0 days 00:02:12.344000,4.0,1.0,,,0 days 00:00:48.104000,0 days 00:00:46.239000,0 days 00:00:38.001000,0 days 00:21:36.079000,0 days 00:22:22.318000,0 days 00:23:00.319000,184.0,153.0,275.0,64.0,False,MEDIUM,4.0,True,Williams,0 days 00:20:47.975000,,12,,False,,False,True
2022-05,FP1,0 days 00:24:38.858000,LAT,6,0 days 00:01:38.539000,5.0,1.0,,,0 days 00:00:33.585000,0 days 00:00:37.892000,0 days 00:00:27.062000,0 days 00:23:33.904000,0 days 00:24:11.796000,0 days 00:24:38.858000,211.0,180.0,277.0,317.0,True,MEDIUM,5.0,True,Williams,0 days 00:23:00.319000,,1,,False,,False,True
2022-05,FP1,0 days 00:26:51.174000,LAT,6,0 days 00:02:12.316000,6.0,1.0,,,0 days 00:00:45.711000,0 days 00:00:46.875000,0 days 00:00:39.730000,0 days 00:25:24.569000,0 days 00:26:11.444000,0 days 00:26:51.174000,188.0,152.0,277.0,101.0,False,MEDIUM,6.0,True,Williams,0 days 00:24:38.858000,,1,,False,,False,True
2022-05,FP1,0 days 00:28:29.114000,LAT,6,0 days 00:01:37.940000,7.0,1.0,,,0 days 00:00:32.695000,0 days 00:00:38.641000,0 days 00:00:26.604000,0 days 00:27:23.869000,0 days 00:28:02.510000,0 days 00:28:29.114000,212.0,182.0,277.0,320.0,True,MEDIUM,7.0,True,Williams,0 days 00:26:51.174000,,1,,False,,False,True
2022-05,FP1,0 days 00:30:26.945000,LAT,6,0 days 00:01:57.831000,8.0,1.0,,,0 days 00:00:44.475000,0 days 00:00:43.685000,0 days 00:00:29.671000,0 days 00:29:13.589000,0 days 00:29:57.274000,0 days 00:30:26.945000,182.0,162.0,276.0,246.0,False,MEDIUM,8.0,True,Williams,0 days 00:28:29.114000,,1,,False,,False,True
2022-05,FP1,0 days 00:32:10.636000,LAT,6,0 days 00:01:43.691000,9.0,1.0,,0 days 00:32:08.669000,0 days 00:00:32.748000,0 days 00:00:37.453000,0 days 00:00:33.490000,0 days 00:30:59.693000,0 days 00:31:37.146000,0 days 00:32:10.636000,212.0,184.0,,318.0,False,MEDIUM,9.0,True,Williams,0 days 00:30:26.945000,,1,,False,,False,False
2022-05,FP1,0 days 00:41:20.309000,LAT,6,,10.0,2.0,0 days 00:39:26.461000,,,0 days 00:00:41.772000,0 days 00:00:32.589000,,0 days 00:40:47.819000,0 days 00:41:20.309000,196.0,163.0,276.0,245.0,False,SOFT,1.0,True,Williams,0 days 00:32:10.636000,,1,,False,,False,False
2022-05,FP1,0 days 00:42:55.946000,LAT,6,0 days 00:01:35.637000,11.0,2.0,,,0 days 00:00:32.309000,0 days 00:00:37.109000,0 days 00:00:26.219000,0 days 00:41:52.618000,0 days 00:42:29.727000,0 days 00:42:55.946000,214.0,182.0,276.0,320.0,True,SOFT,2.0,True,Williams,0 days 00:41:20.309000,,1,,False,,False,True
2022-05,FP1,0 days 00:45:09.667000,LAT,6,0 days 00:02:13.721000,12.0,2.0,,,0 days 00:00:49.363000,0 days 00:00:46.692000,0 days 00:00:37.666000,0 days 00:43:45.309000,0 days 00:44:32.001000,0 days 00:45:09.667000,178.0,145.0,277.0,88.0,False,SOFT,3.0,True,Williams,0 days 00:42:55.946000,,1,,False,,False,True
2022-05,FP1,0 days 00:46:45.387000,LAT,6,0 days 00:01:35.720000,13.0,2.0,,,0 days 00:00:32.530000,0 days 00:00:36.827000,0 days 00:00:26.363000,0 days 00:45:42.197000,0 days 00:46:19.024000,0 days 00:46:45.387000,210.0,185.0,277.0,314.0,False,SOFT,4.0,True,Williams,0 days 00:45:09.667000,,1,,False,,False,True
2022-05,FP1,0 days 00:48:51.818000,LAT,6,0 days 00:02:06.431000,14.0,2.0,,,0 days 00:00:47.225000,0 days 00:00:48.518000,0 days 00:00:30.688000,0 days 00:47:32.612000,0 days 00:48:21.130000,0 days 00:48:51.818000,176.0,162.0,276.0,129.0,False,SOFT,5.0,True,Williams,0 days 00:46:45.387000,,1,,False,,False,True
2022-05,FP1,0 days 00:59:10.614000,LAT,6,,15.0,2.0,,0 days 00:50:46.874000,0 days 00:00:32.182000,0 days 00:00:37.540000,,0 days 00:49:24.115000,0 days 00:50:01.641000,,212.0,179.0,,,False,SOFT,6.0,True,Williams,0 days 00:48:51.818000,,125,,False,,False,False
2022-05,FP1,0 days 01:01:09.251000,LAT,6,,16.0,3.0,0 days 00:59:10.614000,,,0 days 00:00:43.357000,0 days 00:00:36.468000,,0 days 01:00:32.890000,0 days 01:01:09.302000,186.0,155.0,268.0,95.0,False,MEDIUM,10.0,False,Williams,0 days 00:59:10.614000,,1,,False,,False,False
2022-05,FP1,0 days 01:02:48.735000,LAT,6,0 days 00:01:39.484000,17.0,3.0,,,0 days 00:00:34.004000,0 days 00:00:38.065000,0 days 00:00:27.415000,0 days 01:01:43.255000,0 days 01:02:21.320000,0 days 01:02:48.735000,209.0,174.0,272.0,290.0,False,MEDIUM,11.0,False,Williams,0 days 01:01:09.251000,,12,,False,,False,True
2022-05,FP1,0 days 01:04:26.991000,LAT,6,0 days 00:01:38.256000,18.0,3.0,,,0 days 00:00:33.296000,0 days 00:00:37.898000,0 days 00:00:27.062000,0 days 01:03:22.031000,0 days 01:03:59.929000,0 days 01:04:26.991000,208.0,179.0,273.0,293.0,False,MEDIUM,12.0,False,Williams,0 days 01:02:48.735000,,1,,False,,False,True
2022-05,FP1,0 days 01:06:05.935000,LAT,6,0 days 00:01:38.944000,19.0,3.0,,,0 days 00:00:33.877000,0 days 00:00:38.093000,0 days 00:00:26.974000,0 days 01:05:00.868000,0 days 01:05:38.961000,0 days 01:06:05.935000,206.0,180.0,272.0,297.0,False,MEDIUM,13.0,False,Williams,0 days 01:04:26.991000,,1,,False,,False,True
2022-05,FP1,0 days 01:07:44.654000,LAT,6,0 days 00:01:38.719000,20.0,3.0,,,0 days 00:00:33.884000,0 days 00:00:37.790000,0 days 00:00:27.045000,0 days 01:06:39.819000,0 days 01:07:17.609000,0 days 01:07:44.654000,208.0,182.0,272.0,296.0,False,MEDIUM,14.0,False,Williams,0 days 01:06:05.935000,,1,,False,,False,True
2022-05,FP1,0 days 01:09:23.341000,LAT,6,0 days 00:01:38.687000,21.0,3.0,,,0 days 00:00:34.089000,0 days 00:00:37.636000,0 days 00:00:26.962000,0 days 01:08:18.743000,0 days 01:08:56.379000,0 days 01:09:23.341000,206.0,179.0,273.0,297.0,False,MEDIUM,15.0,False,Williams,0 days 01:07:44.654000,,1,,False,,False,True
2022-05,FP1,0 days 01:11:02.355000,LAT,6,0 days 00:01:39.014000,22.0,3.0,,,0 days 00:00:33.776000,0 days 00:00:38.017000,0 days 00:00:27.221000,0 days 01:09:57.117000,0 days 01:10:35.134000,0 days 01:11:02.355000,197.0,178.0,272.0,296.0,False,MEDIUM,16.0,False,Williams,0 days 01:09:23.341000,,1,,False,,False,True
2022-05,FP1,0 days 01:12:40.904000,LAT,6,0 days 00:01:38.549000,23.0,3.0,,,0 days 00:00:33.574000,0 days 00:00:37.627000,0 days 00:00:27.348000,0 days 01:11:35.929000,0 days 01:12:13.556000,0 days 01:12:40.904000,208.0,179.0,275.0,298.0,False,MEDIUM,17.0,False,Williams,0 days 01:11:02.355000,,1,,False,,False,True
2022-05,FP1,0 days 01:14:19.019000,LAT,6,0 days 00:01:38.115000,24.0,3.0,,,0 days 00:00:33.620000,0 days 00:00:37.473000,0 days 00:00:27.022000,0 days 01:13:14.524000,0 days 01:13:51.997000,0 days 01:14:19.019000,206.0,179.0,275.0,301.0,False,MEDIUM,18.0,False,Williams,0 days 01:12:40.904000,,1,,False,,False,True
2022-05,FP1,0 days 01:15:58.654000,LAT,6,0 days 00:01:39.635000,25.0,3.0,,,0 days 00:00:35.189000,0 days 00:00:37.384000,0 days 00:00:27.062000,0 days 01:14:54.208000,0 days 01:15:31.592000,0 days 01:15:58.654000,209.0,181.0,274.0,303.0,False,MEDIUM,19.0,False,Williams,0 days 01:14:19.019000,,1,,False,,False,True
2022-05,FP1,0 days 01:18:12.077000,LAT,6,0 days 00:02:13.423000,26.0,3.0,,,0 days 00:00:40.901000,0 days 00:00:45.677000,0 days 00:00:46.845000,0 days 01:16:39.555000,0 days 01:17:25.232000,0 days 01:18:12.077000,175.0,145.0,60.0,180.0,False,MEDIUM,20.0,False,Williams,0 days 01:15:58.654000,,1,,False,,False,True
2022-05,FP1,0 days 01:20:40.485000,LAT,6,0 days 00:02:28.408000,27.0,3.0,,0 days 01:20:38.452000,0 days 00:01:07.930000,0 days 00:00:43.357000,0 days 00:00:37.121000,0 days 01:19:20.007000,0 days 01:20:03.364000,0 days 01:20:40.485000,194.0,167.0,,233.0,False,MEDIUM,21.0,False,Williams,0 days 01:18:12.077000,,1,,False,,False,False
2022-05,FP1,0 days 00:17:44.141000,RUS,63,,1.0,1.0,0 days 00:15:34.106000,,,0 days 00:00:42.577000,0 days 00:00:48.054000,,0 days 00:16:56.268000,0 days 00:17:44.238000,193.0,158.0,272.0,71.0,False,SOFT,1.0,True,Mercedes,0 days 00:15:34.106000,,1,,False,,False,False
2022-05,FP1,0 days 00:19:23.868000,RUS,63,0 days 00:01:39.727000,2.0,1.0,,,0 days 00:00:34.728000,0 days 00:00:37.742000,0 days 00:00:27.257000,0 days 00:18:18.869000,0 days 00:18:56.611000,0 days 00:19:23.868000,209.0,179.0,273.0,277.0,True,SOFT,2.0,True,Mercedes,0 days 00:17:44.141000,,1,,False,,False,True
2022-05,FP1,0 days 00:21:01.180000,RUS,63,0 days 00:01:37.312000,3.0,1.0,,,0 days 00:00:33.100000,0 days 00:00:37.310000,0 days 00:00:26.902000,0 days 00:19:56.968000,0 days 00:20:34.278000,0 days 00:21:01.180000,210.0,182.0,273.0,299.0,True,SOFT,3.0,True,Mercedes,0 days 00:19:23.868000,,1,,False,,False,True
2022-05,FP1,0 days 00:22:38.272000,RUS,63,0 days 00:01:37.092000,4.0,1.0,,,0 days 00:00:33.192000,0 days 00:00:37.083000,0 days 00:00:26.817000,0 days 00:21:34.372000,0 days 00:22:11.455000,0 days 00:22:38.272000,208.0,182.0,274.0,298.0,True,SOFT,4.0,True,Mercedes,0 days 00:21:01.180000,,12,,False,,False,True
2022-05,FP1,0 days 00:24:14.198000,RUS,63,0 days 00:01:35.926000,5.0,1.0,,,0 days 00:00:32.444000,0 days 00:00:36.642000,0 days 00:00:26.840000,0 days 00:23:10.716000,0 days 00:23:47.358000,0 days 00:24:14.198000,211.0,182.0,274.0,296.0,True,SOFT,5.0,True,Mercedes,0 days 00:22:38.272000,,1,,False,,False,True
2022-05,FP1,0 days 00:25:49.882000,RUS,63,0 days 00:01:35.684000,6.0,1.0,,,0 days 00:00:32.263000,0 days 00:00:36.597000,0 days 00:00:26.824000,0 days 00:24:46.461000,0 days 00:25:23.058000,0 days 00:25:49.882000,211.0,181.0,272.0,301.0,True,SOFT,6.0,True,Mercedes,0 days 00:24:14.198000,,1,,False,,False,True
2022-05,FP1,0 days 00:27:52.311000,RUS,63,0 days 00:02:02.429000,7.0,1.0,,,0 days 00:00:42.965000,0 days 00:00:45.435000,0 days 00:00:34.029000,0 days 00:26:32.847000,0 days 00:27:18.282000,0 days 00:27:52.311000,164.0,129.0,277.0,171.0,False,SOFT,7.0,True,Mercedes,0 days 00:25:49.882000,,1,,False,,False,True
2022-05,FP1,0 days 00:29:26.300000,RUS,63,0 days 00:01:33.989000,8.0,1.0,,,0 days 00:00:31.845000,0 days 00:00:35.999000,0 days 00:00:26.145000,0 days 00:28:24.156000,0 days 00:29:00.155000,0 days 00:29:26.300000,212.0,186.0,279.0,326.0,True,SOFT,8.0,True,Mercedes,0 days 00:27:52.311000,,1,,False,,False,True
2022-05,FP1,0 days 00:31:30.134000,RUS,63,0 days 00:02:03.834000,9.0,1.0,,,0 days 00:00:43.483000,0 days 00:00:46.926000,0 days 00:00:33.425000,0 days 00:30:09.783000,0 days 00:30:56.709000,0 days 00:31:30.134000,148.0,134.0,280.0,208.0,False,SOFT,9.0,True,Mercedes,0 days 00:29:26.300000,,1,,False,,False,True
2022-05,FP1,0 days 00:33:03.084000,RUS,63,0 days 00:01:32.950000,10.0,1.0,,,0 days 00:00:31.094000,0 days 00:00:35.639000,0 days 00:00:26.217000,0 days 00:32:01.228000,0 days 00:32:36.867000,0 days 00:33:03.084000,215.0,185.0,282.0,317.0,True,SOFT,10.0,True,Mercedes,0 days 00:31:30.134000,,1,,False,,False,True
2022-05,FP1,0 days 00:35:02.594000,RUS,63,0 days 00:01:59.510000,11.0,1.0,,0 days 00:35:00.494000,0 days 00:00:40.523000,0 days 00:00:43.305000,0 days 00:00:35.682000,0 days 00:33:43.607000,0 days 00:34:26.912000,0 days 00:35:02.594000,160.0,158.0,,246.0,False,SOFT,11.0,True,Mercedes,0 days 00:33:03.084000,,1,,False,,False,False
2022-05,FP1,0 days 00:59:34.799000,RUS,63,,12.0,2.0,0 days 00:48:23.298000,0 days 00:50:16.423000,,0 days 00:00:41.429000,,,0 days 00:49:43.020000,,187.0,156.0,,234.0,False,SOFT,1.0,True,Mercedes,0 days 00:35:02.594000,,125,,False,,False,False
2022-05,FP1,0 days 01:01:37.985000,RUS,63,,13.0,3.0,0 days 00:59:34.799000,,,0 days 00:00:45.400000,0 days 00:00:41.780000,,0 days 01:00:56.393000,0 days 01:01:38.113000,185.0,125.0,280.0,77.0,False,SOFT,1.0,False,Mercedes,0 days 00:59:34.799000,,12,,False,,False,False
2022-05,FP1,0 days 01:03:21.701000,RUS,63,0 days 00:01:43.716000,14.0,3.0,,,0 days 00:00:31.299000,0 days 00:00:44.258000,0 days 00:00:28.159000,0 days 01:02:09.284000,0 days 01:02:53.542000,0 days 01:03:21.701000,186.0,149.0,280.0,256.0,False,SOFT,2.0,False,Mercedes,0 days 01:01:37.985000,,1,,False,,False,True
2022-05,FP1,0 days 01:04:53.592000,RUS,63,0 days 00:01:31.891000,15.0,3.0,,,0 days 00:00:30.722000,0 days 00:00:35.322000,0 days 00:00:25.847000,0 days 01:03:52.423000,0 days 01:04:27.745000,0 days 01:04:53.592000,215.0,186.0,279.0,323.0,True,SOFT,3.0,False,Mercedes,0 days 01:03:21.701000,,1,,False,,False,True
2022-05,FP1,0 days 01:06:59.050000,RUS,63,0 days 00:02:05.458000,16.0,3.0,,,0 days 00:00:43.461000,0 days 00:00:46.950000,0 days 00:00:35.047000,0 days 01:05:37.053000,0 days 01:06:24.003000,0 days 01:06:59.050000,165.0,125.0,280.0,181.0,False,SOFT,4.0,False,Mercedes,0 days 01:04:53.592000,,1,,False,,False,True
2022-05,FP1,0 days 01:08:30.424000,RUS,63,0 days 00:01:31.374000,17.0,3.0,,,0 days 00:00:30.433000,0 days 00:00:35.218000,0 days 00:00:25.723000,0 days 01:07:29.483000,0 days 01:08:04.701000,0 days 01:08:30.424000,212.0,185.0,280.0,326.0,True,SOFT,5.0,False,Mercedes,0 days 01:06:59.050000,,1,,False,,False,True
2022-05,FP1,0 days 01:10:45.283000,RUS,63,0 days 00:02:14.859000,18.0,3.0,,,0 days 00:00:45.441000,0 days 00:00:47.911000,0 days 00:00:41.507000,0 days 01:09:15.865000,0 days 01:10:03.776000,0 days 01:10:45.283000,150.0,121.0,278.0,168.0,False,SOFT,6.0,False,Mercedes,0 days 01:08:30.424000,,1,,False,,False,True
2022-05,FP1,0 days 01:12:16.452000,RUS,63,0 days 00:01:31.169000,19.0,3.0,,,0 days 00:00:30.434000,0 days 00:00:35.133000,0 days 00:00:25.602000,0 days 01:11:15.717000,0 days 01:11:50.850000,0 days 01:12:16.452000,215.0,188.0,278.0,325.0,True,SOFT,7.0,False,Mercedes,0 days 01:10:45.283000,,1,,False,,False,True
2022-05,FP1,0 days 01:14:17.199000,RUS,63,0 days 00:02:00.747000,20.0,3.0,,,0 days 00:00:42.919000,0 days 00:00:46.239000,0 days 00:00:31.589000,0 days 01:12:59.371000,0 days 01:13:45.610000,0 days 01:14:17.199000,168.0,160.0,278.0,149.0,False,SOFT,8.0,False,Mercedes,0 days 01:12:16.452000,,1,,False,,False,True
2022-05,FP1,0 days 01:15:49.181000,RUS,63,0 days 00:01:31.982000,21.0,3.0,,,0 days 00:00:31.005000,0 days 00:00:35.249000,0 days 00:00:25.728000,0 days 01:14:48.204000,0 days 01:15:23.453000,0 days 01:15:49.181000,216.0,186.0,279.0,325.0,False,SOFT,9.0,False,Mercedes,0 days 01:14:17.199000,,1,,False,,False,True
2022-05,FP1,0 days 01:17:55.343000,RUS,63,0 days 00:02:06.162000,22.0,3.0,,,0 days 00:00:39.326000,0 days 00:00:39.541000,0 days 00:00:47.295000,0 days 01:16:28.507000,0 days 01:17:08.048000,0 days 01:17:55.343000,187.0,156.0,55.0,126.0,False,SOFT,10.0,False,Mercedes,0 days 01:15:49.181000,,1,,False,,False,True
2022-05,FP1,0 days 01:20:11.899000,RUS,63,0 days 00:02:16.556000,23.0,3.0,,0 days 01:20:09.843000,0 days 00:00:59.552000,0 days 00:00:36.208000,0 days 00:00:40.796000,0 days 01:18:54.895000,0 days 01:19:31.103000,0 days 01:20:11.899000,215.0,178.0,,151.0,False,SOFT,11.0,False,Mercedes,0 days 01:17:55.343000,,1,,False,,False,False
2022-05,FP1,0 days 00:17:29.397000,BOT,77,,1.0,1.0,0 days 00:15:21.102000,,,0 days 00:00:44.152000,0 days 00:00:47.661000,,0 days 00:16:41.923000,0 days 00:17:29.472000,198.0,126.0,269.0,53.0,False,MEDIUM,1.0,True,Alfa Romeo,0 days 00:15:21.102000,,1,,False,,False,False
2022-05,FP1,0 days 00:19:08.914000,BOT,77,0 days 00:01:39.517000,2.0,1.0,,,0 days 00:00:35.265000,0 days 00:00:37.439000,0 days 00:00:26.813000,0 days 00:18:04.662000,0 days 00:18:42.101000,0 days 00:19:08.914000,210.0,182.0,276.0,313.0,True,MEDIUM,2.0,True,Alfa Romeo,0 days 00:17:29.397000,,1,,False,,False,True
2022-05,FP1,0 days 00:20:53.264000,BOT,77,0 days 00:01:44.350000,3.0,1.0,,,0 days 00:00:34.061000,0 days 00:00:38.850000,0 days 00:00:31.439000,0 days 00:19:42.975000,0 days 00:20:21.825000,0 days 00:20:53.264000,210.0,177.0,269.0,220.0,False,MEDIUM,3.0,True,Alfa Romeo,0 days 00:19:08.914000,,1,,False,,False,True
2022-05,FP1,0 days 00:22:28.670000,BOT,77,0 days 00:01:35.406000,4.0,1.0,,,0 days 00:00:32.341000,0 days 00:00:36.478000,0 days 00:00:26.587000,0 days 00:21:25.605000,0 days 00:22:02.083000,0 days 00:22:28.670000,212.0,182.0,275.0,312.0,True,MEDIUM,4.0,True,Alfa Romeo,0 days 00:20:53.264000,,12,,False,,False,True
2022-05,FP1,0 days 00:24:04.074000,BOT,77,0 days 00:01:35.404000,5.0,1.0,,,0 days 00:00:32.346000,0 days 00:00:36.442000,0 days 00:00:26.616000,0 days 00:23:01.016000,0 days 00:23:37.458000,0 days 00:24:04.074000,210.0,182.0,274.0,306.0,True,MEDIUM,5.0,True,Alfa Romeo,0 days 00:22:28.670000,,1,,False,,False,True
2022-05,FP1,0 days 00:25:56.093000,BOT,77,0 days 00:01:52.019000,6.0,1.0,,,0 days 00:00:38.750000,0 days 00:00:45.541000,0 days 00:00:27.728000,0 days 00:24:42.824000,0 days 00:25:28.365000,0 days 00:25:56.093000,171.0,161.0,275.0,298.0,False,MEDIUM,6.0,True,Alfa Romeo,0 days 00:24:04.074000,,1,,False,,False,True
2022-05,FP1,0 days 00:27:30.494000,BOT,77,0 days 00:01:34.401000,7.0,1.0,,,0 days 00:00:31.641000,0 days 00:00:36.520000,0 days 00:00:26.240000,0 days 00:26:27.734000,0 days 00:27:04.254000,0 days 00:27:30.494000,213.0,186.0,277.0,317.0,True,MEDIUM,7.0,True,Alfa Romeo,0 days 00:25:56.093000,,1,,False,,False,True
2022-05,FP1,0 days 00:29:17.193000,BOT,77,0 days 00:01:46.699000,8.0,1.0,,,0 days 00:00:34.521000,0 days 00:00:43.285000,0 days 00:00:28.893000,0 days 00:28:05.015000,0 days 00:28:48.300000,0 days 00:29:17.193000,165.0,151.0,275.0,214.0,False,MEDIUM,8.0,True,Alfa Romeo,0 days 00:27:30.494000,,1,,False,,False,True
2022-05,FP1,0 days 00:31:10.258000,BOT,77,0 days 00:01:53.065000,9.0,1.0,,,0 days 00:00:35.758000,0 days 00:00:44.003000,0 days 00:00:33.304000,0 days 00:29:52.951000,0 days 00:30:36.954000,0 days 00:31:10.258000,197.0,150.0,277.0,181.0,False,MEDIUM,9.0,True,Alfa Romeo,0 days 00:29:17.193000,,1,,False,,False,True
2022-05,FP1,0 days 00:32:44.031000,BOT,77,0 days 00:01:33.773000,10.0,1.0,,,0 days 00:00:31.479000,0 days 00:00:36.107000,0 days 00:00:26.187000,0 days 00:31:41.737000,0 days 00:32:17.844000,0 days 00:32:44.031000,211.0,186.0,278.0,322.0,True,MEDIUM,10.0,True,Alfa Romeo,0 days 00:31:10.258000,,1,,False,,False,True
2022-05,FP1,0 days 00:34:42.746000,BOT,77,0 days 00:01:58.715000,11.0,1.0,,0 days 00:34:40.757000,0 days 00:00:37.808000,0 days 00:00:38.975000,0 days 00:00:41.932000,0 days 00:33:21.839000,0 days 00:34:00.814000,0 days 00:34:42.746000,209.0,150.0,,234.0,False,MEDIUM,11.0,True,Alfa Romeo,0 days 00:32:44.031000,,1,,False,,False,False
2022-05,FP1,0 days 00:49:06.326000,BOT,77,,12.0,2.0,0 days 00:47:10.993000,,,0 days 00:00:40.402000,0 days 00:00:29.272000,,0 days 00:48:37.125000,0 days 00:49:06.326000,164.0,173.0,273.0,264.0,False,SOFT,1.0,True,Alfa Romeo,0 days 00:34:42.746000,,1,,False,,False,False
2022-05,FP1,0 days 00:50:02.216000,BOT,77,,13.0,2.0,,,,,,,,,,,,,,SOFT,2.0,True,Alfa Romeo,0 days 00:49:06.326000,,12,,False,,True,False
2022-05,FP2,0 days 00:48:28.179000,VER,1,,1.0,1.0,0 days 00:45:23.247000,0 days 00:48:25.415000,,0 days 00:01:03.981000,0 days 00:01:02.695000,,0 days 00:47:25.539000,0 days 00:48:28.179000,119.0,74.0,,125.0,False,SOFT,1.0,True,Red Bull Racing,0 days 00:45:23.247000,,12,,False,,False,False
2022-05,FP2,0 days 00:17:53.178000,RIC,3,,1.0,1.0,0 days 00:15:55.272000,,,0 days 00:00:47.617000,0 days 00:00:28.456000,,0 days 00:17:24.871000,0 days 00:17:53.262000,155.0,159.0,273.0,290.0,False,MEDIUM,1.0,True,McLaren,0 days 00:15:55.272000,,1,,False,,False,False
2022-05,FP2,0 days 00:19:27.164000,RIC,3,0 days 00:01:33.986000,2.0,1.0,,,0 days 00:00:30.903000,0 days 00:00:36.594000,0 days 00:00:26.489000,0 days 00:18:24.081000,0 days 00:19:00.675000,0 days 00:19:27.164000,216.0,184.0,274.0,319.0,True,MEDIUM,2.0,True,McLaren,0 days 00:17:53.178000,,1,,False,,False,True
2022-05,FP2,0 days 00:21:39.379000,RIC,3,0 days 00:02:12.215000,3.0,1.0,,,0 days 00:00:47.520000,0 days 00:00:52.385000,0 days 00:00:32.310000,0 days 00:20:14.684000,0 days 00:21:07.069000,0 days 00:21:39.379000,123.0,130.0,274.0,246.0,False,MEDIUM,3.0,True,McLaren,0 days 00:19:27.164000,,1,,False,,False,True
2022-05,FP2,0 days 00:23:11.806000,RIC,3,0 days 00:01:32.427000,4.0,1.0,,,0 days 00:00:30.665000,0 days 00:00:35.715000,0 days 00:00:26.047000,0 days 00:22:10.044000,0 days 00:22:45.759000,0 days 00:23:11.806000,213.0,187.0,274.0,321.0,True,MEDIUM,4.0,True,McLaren,0 days 00:21:39.379000,,1,,False,,False,True
2022-05,FP2,0 days 00:25:31.184000,RIC,3,0 days 00:02:19.378000,5.0,1.0,,,0 days 00:00:42.265000,0 days 00:00:53.894000,0 days 00:00:43.219000,0 days 00:23:54.071000,0 days 00:24:47.965000,0 days 00:25:31.184000,138.0,79.0,277.0,134.0,False,MEDIUM,5.0,True,McLaren,0 days 00:23:11.806000,,12,,False,,False,True
2022-05,FP2,0 days 00:27:03.255000,RIC,3,0 days 00:01:32.071000,6.0,1.0,,,0 days 00:00:30.551000,0 days 00:00:35.524000,0 days 00:00:25.996000,0 days 00:26:01.735000,0 days 00:26:37.259000,0 days 00:27:03.255000,215.0,187.0,275.0,321.0,True,MEDIUM,6.0,True,McLaren,0 days 00:25:31.184000,,21,,False,,False,True
2022-05,FP2,0 days 00:29:22.104000,RIC,3,0 days 00:02:18.849000,7.0,1.0,,,0 days 00:00:46.289000,0 days 00:00:53.350000,0 days 00:00:39.210000,0 days 00:27:49.544000,0 days 00:28:42.894000,0 days 00:29:22.104000,139.0,71.0,276.0,198.0,False,MEDIUM,7.0,True,McLaren,0 days 00:27:03.255000,,1,,False,,False,True
2022-05,FP2,0 days 00:31:00.016000,RIC,3,0 days 00:01:37.912000,8.0,1.0,,,0 days 00:00:30.945000,0 days 00:00:35.861000,0 days 00:00:31.106000,0 days 00:29:53.049000,0 days 00:30:28.910000,0 days 00:31:00.016000,214.0,152.0,278.0,248.0,False,MEDIUM,8.0,True,McLaren,0 days 00:29:22.104000,,1,,False,,False,True
2022-05,FP2,0 days 00:44:27.972000,RIC,3,,9.0,1.0,,0 days 00:32:50.098000,0 days 00:00:33.630000,0 days 00:00:39.245000,,0 days 00:31:33.835000,0 days 00:32:13.068000,,203.0,164.0,,,False,MEDIUM,9.0,True,McLaren,0 days 00:31:00.016000,,125,,False,,False,False
2022-05,FP2,0 days 00:47:00.396000,RIC,3,,10.0,2.0,0 days 00:44:27.972000,,,0 days 00:00:50.499000,0 days 00:00:50.519000,,0 days 00:46:10.061000,0 days 00:47:00.488000,132.0,128.0,281.0,90.0,False,SOFT,1.0,True,McLaren,0 days 00:44:27.972000,,12,,False,,False,False
2022-05,FP2,0 days 00:48:31.604000,RIC,3,0 days 00:01:31.208000,11.0,2.0,,,0 days 00:00:30.477000,0 days 00:00:35.016000,0 days 00:00:25.715000,0 days 00:47:30.873000,0 days 00:48:05.889000,0 days 00:48:31.604000,219.0,186.0,279.0,315.0,True,SOFT,2.0,True,McLaren,0 days 00:47:00.396000,,12,,False,,False,True
2022-05,FP2,0 days 00:50:50.383000,RIC,3,0 days 00:02:18.779000,12.0,2.0,,,0 days 00:00:48.355000,0 days 00:00:53.566000,0 days 00:00:36.858000,0 days 00:49:19.959000,0 days 00:50:13.525000,0 days 00:50:50.383000,123.0,121.0,279.0,160.0,False,SOFT,3.0,True,McLaren,0 days 00:48:31.604000,,1,,False,,False,True
2022-05,FP2,0 days 00:52:39.618000,RIC,3,0 days 00:01:49.235000,13.0,2.0,,0 days 00:52:37.594000,0 days 00:00:30.480000,0 days 00:00:35.853000,0 days 00:00:42.902000,0 days 00:51:20.863000,0 days 00:51:56.716000,0 days 00:52:39.618000,216.0,170.0,,200.0,False,SOFT,4.0,True,McLaren,0 days 00:50:50.383000,,1,,False,,False,False
2022-05,FP2,0 days 01:01:13.348000,RIC,3,,14.0,3.0,0 days 00:59:31.693000,,,0 days 00:00:37.561000,0 days 00:00:31.740000,,0 days 01:00:41.666000,0 days 01:01:13.348000,203.0,182.0,267.0,143.0,False,SOFT,5.0,False,McLaren,0 days 00:52:39.618000,,1,,False,,False,False
2022-05,FP2,0 days 01:06:19.499000,RIC,3,,15.0,3.0,,0 days 01:03:05.124000,0 days 00:00:32.329000,0 days 00:00:36.517000,,0 days 01:01:45.790000,0 days 01:02:22.315000,,212.0,182.0,,,False,SOFT,6.0,False,McLaren,0 days 01:01:13.348000,,125,,False,,False,False
2022-05,FP2,0 days 01:08:01.540000,RIC,3,,16.0,4.0,0 days 01:06:19.499000,,,0 days 00:00:37.443000,0 days 00:00:32.051000,,0 days 01:07:29.628000,0 days 01:08:01.607000,204.0,156.0,265.0,149.0,False,SOFT,7.0,False,McLaren,0 days 01:06:19.499000,,12,,False,,False,False
2022-05,FP2,0 days 01:09:37.111000,RIC,3,0 days 00:01:35.571000,17.0,4.0,,,0 days 00:00:31.847000,0 days 00:00:36.705000,0 days 00:00:27.019000,0 days 01:08:33.387000,0 days 01:09:10.092000,0 days 01:09:37.111000,209.0,183.0,268.0,298.0,False,SOFT,8.0,False,McLaren,0 days 01:08:01.540000,,1,,False,,False,True
2022-05,FP2,0 days 01:11:12.626000,RIC,3,0 days 00:01:35.515000,18.0,4.0,,,0 days 00:00:32.127000,0 days 00:00:36.597000,0 days 00:00:26.791000,0 days 01:10:09.238000,0 days 01:10:45.835000,0 days 01:11:12.626000,207.0,183.0,270.0,289.0,False,SOFT,9.0,False,McLaren,0 days 01:09:37.111000,,1,,False,,False,True
2022-05,FP2,0 days 01:12:53.006000,RIC,3,0 days 00:01:40.380000,19.0,4.0,,0 days 01:12:51.010000,0 days 00:00:31.826000,0 days 00:00:36.559000,0 days 00:00:31.995000,0 days 01:11:44.452000,0 days 01:12:21.011000,0 days 01:12:53.006000,211.0,183.0,,289.0,False,SOFT,10.0,False,McLaren,0 days 01:11:12.626000,,1,,False,,False,False
2022-05,FP2,0 days 01:14:48.776000,RIC,3,0 days 00:01:55.770000,20.0,5.0,0 days 01:13:10.230000,,0 days 00:00:50.431000,0 days 00:00:38.271000,0 days 00:00:27.068000,0 days 01:13:43.437000,0 days 01:14:21.708000,0 days 01:14:48.776000,210.0,179.0,269.0,295.0,False,MEDIUM,10.0,False,McLaren,0 days 01:12:53.006000,,12,,False,,False,False
2022-05,FP2,0 days 01:16:23.896000,RIC,3,0 days 00:01:35.120000,21.0,5.0,,,0 days 00:00:31.987000,0 days 00:00:36.311000,0 days 00:00:26.822000,0 days 01:15:20.763000,0 days 01:15:57.074000,0 days 01:16:23.896000,212.0,184.0,271.0,284.0,False,MEDIUM,11.0,False,McLaren,0 days 01:14:48.776000,,1,,False,,False,True
2022-05,FP2,0 days 01:18:16.893000,RIC,3,0 days 00:01:52.997000,22.0,5.0,,,0 days 00:00:31.946000,0 days 00:00:42.714000,0 days 00:00:38.337000,0 days 01:16:55.842000,0 days 01:17:38.556000,0 days 01:18:16.893000,211.0,145.0,57.0,197.0,False,MEDIUM,12.0,False,McLaren,0 days 01:16:23.896000,,1,,False,,False,True
2022-05,FP2,0 days 01:20:37.801000,RIC,3,0 days 00:02:20.908000,23.0,5.0,,0 days 01:20:35.742000,0 days 00:01:01.446000,0 days 00:00:44.620000,0 days 00:00:34.842000,0 days 01:19:18.339000,0 days 01:20:02.959000,0 days 01:20:37.801000,154.0,162.0,,235.0,False,MEDIUM,13.0,False,McLaren,0 days 01:18:16.893000,,1,,False,,False,False
2022-05,FP2,0 days 00:17:35.705000,NOR,4,,1.0,1.0,0 days 00:15:29.716000,,,0 days 00:00:48.176000,0 days 00:00:39.495000,,0 days 00:16:56.454000,0 days 00:17:35.774000,133.0,97.0,276.0,171.0,False,MEDIUM,1.0,True,McLaren,0 days 00:15:29.716000,,1,,False,,False,False
2022-05,FP2,0 days 00:19:09.150000,NOR,4,0 days 00:01:33.445000,2.0,1.0,,,0 days 00:00:30.919000,0 days 00:00:36.569000,0 days 00:00:25.957000,0 days 00:18:06.624000,0 days 00:18:43.193000,0 days 00:19:09.150000,217.0,185.0,275.0,320.0,True,MEDIUM,2.0,True,McLaren,0 days 00:17:35.705000,,1,,False,,False,True
2022-05,FP2,0 days 00:21:28.789000,NOR,4,0 days 00:02:19.639000,3.0,1.0,,,0 days 00:00:50.625000,0 days 00:00:50.526000,0 days 00:00:38.488000,0 days 00:19:59.775000,0 days 00:20:50.301000,0 days 00:21:28.789000,142.0,100.0,275.0,109.0,False,MEDIUM,3.0,True,McLaren,0 days 00:19:09.150000,,1,,False,,False,True
2022-05,FP2,0 days 00:23:00.780000,NOR,4,0 days 00:01:31.991000,4.0,1.0,,,0 days 00:00:30.591000,0 days 00:00:35.558000,0 days 00:00:25.842000,0 days 00:21:59.380000,0 days 00:22:34.938000,0 days 00:23:00.780000,216.0,187.0,276.0,322.0,True,MEDIUM,4.0,True,McLaren,0 days 00:21:28.789000,,1,,False,,False,True
2022-05,FP2,0 days 00:25:27.889000,NOR,4,0 days 00:02:27.109000,5.0,1.0,,,0 days 00:00:47.388000,0 days 00:00:56.396000,0 days 00:00:43.325000,0 days 00:23:48.168000,0 days 00:24:44.564000,0 days 00:25:27.889000,158.0,85.0,277.0,147.0,False,MEDIUM,5.0,True,McLaren,0 days 00:23:00.780000,,12,,False,,False,True
2022-05,FP2,0 days 00:26:59.748000,NOR,4,0 days 00:01:31.859000,6.0,1.0,,,0 days 00:00:30.465000,0 days 00:00:35.528000,0 days 00:00:25.866000,0 days 00:25:58.354000,0 days 00:26:33.882000,0 days 00:26:59.748000,214.0,186.0,277.0,320.0,True,MEDIUM,6.0,True,McLaren,0 days 00:25:27.889000,,21,,False,,False,True
2022-05,FP2,0 days 00:28:55.900000,NOR,4,0 days 00:01:56.152000,7.0,1.0,,0 days 00:28:53.906000,0 days 00:00:39.706000,0 days 00:00:42.855000,0 days 00:00:33.591000,0 days 00:27:39.454000,0 days 00:28:22.309000,0 days 00:28:55.900000,149.0,163.0,,225.0,False,MEDIUM,7.0,True,McLaren,0 days 00:26:59.748000,,1,,False,,False,False
2022-05,FP2,0 days 00:46:34.391000,NOR,4,,8.0,2.0,0 days 00:44:14.924000,,,0 days 00:00:42.481000,0 days 00:00:49.107000,,0 days 00:45:45.450000,0 days 00:46:34.500000,156.0,155.0,281.0,54.0,False,SOFT,1.0,True,McLaren,0 days 00:44:14.924000,,1,,False,,False,False
2022-05,FP2,0 days 00:48:19.950000,NOR,4,0 days 00:01:45.559000,9.0,2.0,,,0 days 00:00:30.222000,0 days 00:00:37.240000,0 days 00:00:38.097000,0 days 00:47:04.613000,0 days 00:47:41.853000,0 days 00:48:19.950000,220.0,136.0,220.0,184.0,False,SOFT,2.0,True,McLaren,0 days 00:46:34.391000,,12,,False,,False,True
2022-05,FP2,0 days 00:50:39.716000,NOR,4,0 days 00:02:19.766000,10.0,2.0,,,0 days 00:00:44.017000,0 days 00:00:51.487000,0 days 00:00:44.262000,0 days 00:49:03.967000,0 days 00:49:55.454000,0 days 00:50:39.716000,125.0,131.0,280.0,79.0,False,SOFT,3.0,True,McLaren,0 days 00:48:19.950000,,1,,False,,False,True
2022-05,FP2,0 days 00:52:10.251000,NOR,4,0 days 00:01:30.535000,11.0,2.0,,,0 days 00:00:30.026000,0 days 00:00:35,0 days 00:00:25.509000,0 days 00:51:09.742000,0 days 00:51:44.742000,0 days 00:52:10.251000,219.0,188.0,277.0,323.0,True,SOFT,4.0,True,McLaren,0 days 00:50:39.716000,,1,,False,,False,True
2022-05,FP2,0 days 00:54:19.212000,NOR,4,0 days 00:02:08.961000,12.0,2.0,,,0 days 00:00:37.724000,0 days 00:00:51.151000,0 days 00:00:40.086000,0 days 00:52:47.975000,0 days 00:53:39.126000,0 days 00:54:19.212000,183.0,105.0,278.0,108.0,False,SOFT,5.0,True,McLaren,0 days 00:52:10.251000,,1,,False,,False,True
2022-05,FP2,0 days 00:55:57.228000,NOR,4,0 days 00:01:38.016000,13.0,2.0,,0 days 00:55:55.248000,0 days 00:00:30.301000,0 days 00:00:35.873000,0 days 00:00:31.842000,0 days 00:54:49.513000,0 days 00:55:25.386000,0 days 00:55:57.228000,214.0,187.0,,308.0,False,SOFT,6.0,True,McLaren,0 days 00:54:19.212000,,1,,False,,False,False
2022-05,FP2,0 days 01:08:42.631000,NOR,4,,14.0,3.0,0 days 01:06:59.390000,,,0 days 00:00:38.330000,0 days 00:00:33.365000,,0 days 01:08:09.376000,0 days 01:08:42.631000,201.0,180.0,269.0,106.0,False,MEDIUM,8.0,False,McLaren,0 days 01:06:59.390000,,12,,False,,False,False
2022-05,FP2,0 days 01:10:17.684000,NOR,4,0 days 00:01:35.053000,15.0,3.0,,,0 days 00:00:31.841000,0 days 00:00:36.263000,0 days 00:00:26.949000,0 days 01:09:14.472000,0 days 01:09:50.735000,0 days 01:10:17.684000,212.0,181.0,270.0,283.0,False,MEDIUM,9.0,False,McLaren,0 days 01:08:42.631000,,1,,False,,False,True
2022-05,FP2,0 days 01:11:52.551000,NOR,4,0 days 00:01:34.867000,16.0,3.0,,,0 days 00:00:31.988000,0 days 00:00:36.262000,0 days 00:00:26.617000,0 days 01:10:49.672000,0 days 01:11:25.934000,0 days 01:11:52.551000,208.0,180.0,270.0,296.0,False,MEDIUM,10.0,False,McLaren,0 days 01:10:17.684000,,1,,False,,False,True
2022-05,FP2,0 days 01:13:28.159000,NOR,4,0 days 00:01:35.608000,17.0,3.0,,,0 days 00:00:32.792000,0 days 00:00:36.207000,0 days 00:00:26.609000,0 days 01:12:25.343000,0 days 01:13:01.550000,0 days 01:13:28.159000,209.0,182.0,270.0,295.0,False,MEDIUM,11.0,False,McLaren,0 days 01:11:52.551000,,1,,False,,False,True
2022-05,FP2,0 days 01:15:07.857000,NOR,4,0 days 00:01:39.698000,18.0,3.0,,,0 days 00:00:33.280000,0 days 00:00:38.657000,0 days 00:00:27.761000,0 days 01:14:01.439000,0 days 01:14:40.096000,0 days 01:15:07.857000,204.0,131.0,268.0,302.0,False,MEDIUM,12.0,False,McLaren,0 days 01:13:28.159000,,12,,False,,False,True
2022-05,FP2,0 days 01:17:01.332000,NOR,4,0 days 00:01:53.475000,19.0,3.0,,,0 days 00:00:31.881000,0 days 00:00:39.934000,0 days 00:00:41.660000,0 days 01:15:39.738000,0 days 01:16:19.672000,0 days 01:17:01.332000,207.0,168.0,49.0,157.0,False,MEDIUM,13.0,False,McLaren,0 days 01:15:07.857000,,1,,False,,False,True
2022-05,FP2,0 days 01:20:19.844000,NOR,4,,20.0,3.0,,0 days 01:19:16.531000,0 days 00:01:01.581000,0 days 00:00:39.609000,0 days 00:01:37.266000,0 days 01:18:03.049000,0 days 01:18:42.644000,0 days 01:20:19.844000,125.0,177.0,,260.0,False,MEDIUM,14.0,False,McLaren,0 days 01:17:01.332000,,1,,False,,False,False
2022-05,FP2,0 days 00:17:02.592000,VET,5,,1.0,1.0,0 days 00:15:05.067000,,,0 days 00:00:42.640000,0 days 00:00:32.945000,,0 days 00:16:29.857000,0 days 00:17:02.703000,160.0,143.0,278.0,194.0,False,MEDIUM,1.0,True,Aston Martin,0 days 00:15:05.067000,,1,,False,,False,False
2022-05,FP2,0 days 00:18:37.264000,VET,5,0 days 00:01:34.672000,2.0,1.0,,,0 days 00:00:32.329000,0 days 00:00:36.310000,0 days 00:00:26.033000,0 days 00:17:34.921000,0 days 00:18:11.231000,0 days 00:18:37.264000,212.0,184.0,278.0,324.0,True,MEDIUM,2.0,True,Aston Martin,0 days 00:17:02.592000,,1,,False,,False,True
2022-05,FP2,0 days 00:20:51.909000,VET,5,0 days 00:02:14.645000,3.0,1.0,,,0 days 00:00:46.744000,0 days 00:00:52.953000,0 days 00:00:34.948000,0 days 00:19:24.008000,0 days 00:20:16.961000,0 days 00:20:51.909000,140.0,107.0,279.0,141.0,False,MEDIUM,3.0,True,Aston Martin,0 days 00:18:37.264000,,1,,False,,False,True
2022-05,FP2,0 days 00:22:44.652000,VET,5,0 days 00:01:52.743000,4.0,1.0,,,0 days 00:00:39.687000,0 days 00:00:43.252000,0 days 00:00:29.804000,0 days 00:21:31.596000,0 days 00:22:14.848000,0 days 00:22:44.652000,169.0,148.0,279.0,204.0,False,MEDIUM,4.0,True,Aston Martin,0 days 00:20:51.909000,,1,,False,,False,True
2022-05,FP2,0 days 00:24:18.409000,VET,5,0 days 00:01:33.757000,5.0,1.0,,,0 days 00:00:31.601000,0 days 00:00:36.320000,0 days 00:00:25.836000,0 days 00:23:16.253000,0 days 00:23:52.573000,0 days 00:24:18.409000,214.0,182.0,280.0,324.0,True,MEDIUM,5.0,True,Aston Martin,0 days 00:22:44.652000,,1,,False,,False,True
2022-05,FP2,0 days 00:26:25.202000,VET,5,0 days 00:02:06.793000,6.0,1.0,,,0 days 00:00:41.468000,0 days 00:00:51.816000,0 days 00:00:33.509000,0 days 00:24:59.877000,0 days 00:25:51.693000,0 days 00:26:25.202000,156.0,120.0,279.0,141.0,False,MEDIUM,6.0,True,Aston Martin,0 days 00:24:18.409000,,12,,False,,False,True
2022-05,FP2,0 days 00:27:57.996000,VET,5,0 days 00:01:32.794000,7.0,1.0,,,0 days 00:00:31.319000,0 days 00:00:35.780000,0 days 00:00:25.695000,0 days 00:26:56.521000,0 days 00:27:32.301000,0 days 00:27:57.996000,216.0,186.0,280.0,325.0,True,MEDIUM,7.0,True,Aston Martin,0 days 00:26:25.202000,,1,,False,,False,True
2022-05,FP2,0 days 00:29:56.600000,VET,5,0 days 00:01:58.604000,8.0,1.0,,0 days 00:29:54.622000,0 days 00:00:40.546000,0 days 00:00:41.438000,0 days 00:00:36.620000,0 days 00:28:38.542000,0 days 00:29:19.980000,0 days 00:29:56.600000,170.0,158.0,,164.0,False,MEDIUM,8.0,True,Aston Martin,0 days 00:27:57.996000,,1,,False,,False,False
2022-05,FP2,0 days 00:45:59.878000,VET,5,,9.0,2.0,0 days 00:44:02.309000,,,0 days 00:00:43.132000,0 days 00:00:32.381000,,0 days 00:45:27.682000,0 days 00:46:00.009000,158.0,146.0,286.0,231.0,False,SOFT,1.0,True,Aston Martin,0 days 00:44:02.309000,,1,,False,,False,False
2022-05,FP2,0 days 00:47:31.271000,VET,5,0 days 00:01:31.393000,10.0,2.0,,,0 days 00:00:30.717000,0 days 00:00:35.124000,0 days 00:00:25.552000,0 days 00:46:30.595000,0 days 00:47:05.719000,0 days 00:47:31.271000,217.0,190.0,284.0,326.0,True,SOFT,2.0,True,Aston Martin,0 days 00:45:59.878000,,12,,False,,False,True
2022-05,FP2,0 days 00:50:02.066000,VET,5,,11.0,2.0,,,0 days 00:00:44.855000,0 days 00:01:09.958000,0 days 00:00:35.897000,0 days 00:48:16.329000,0 days 00:49:26.253000,0 days 00:50:02.094000,133.0,86.0,284.0,220.0,False,SOFT,3.0,True,Aston Martin,0 days 00:47:31.271000,,21,,False,,False,False
2022-05,FP2,0 days 00:51:41.353000,VET,5,0 days 00:01:39.287000,12.0,2.0,,0 days 00:51:39.257000,0 days 00:00:30.798000,0 days 00:00:35.287000,0 days 00:00:33.202000,0 days 00:50:32.864000,0 days 00:51:08.151000,0 days 00:51:41.353000,217.0,186.0,,318.0,False,SOFT,4.0,True,Aston Martin,0 days 00:50:02.066000,,1,,False,,False,False
2022-05,FP2,0 days 00:58:59.029000,VET,5,,13.0,3.0,0 days 00:57:21.941000,,,0 days 00:00:37.415000,0 days 00:00:26.949000,,0 days 00:58:32.229000,0 days 00:58:59.076000,194.0,179.0,273.0,293.0,False,SOFT,5.0,False,Aston Martin,0 days 00:51:41.353000,,1,,False,,False,False
2022-05,FP2,0 days 01:00:44.615000,VET,5,0 days 00:01:45.586000,14.0,3.0,,0 days 01:00:42.591000,0 days 00:00:34.192000,0 days 00:00:36.623000,0 days 00:00:34.771000,0 days 00:59:33.221000,0 days 01:00:09.844000,0 days 01:00:44.615000,209.0,179.0,,251.0,False,SOFT,6.0,False,Aston Martin,0 days 00:58:59.029000,,1,,False,,False,False
2022-05,FP2,0 days 01:06:45.215000,VET,5,,15.0,4.0,0 days 01:01:03.795000,0 days 01:02:46.955000,0 days 00:00:50.513000,0 days 00:00:36.359000,,0 days 01:01:35.275000,0 days 01:02:11.636000,,211.0,182.0,,,False,MEDIUM,9.0,False,Aston Martin,0 days 01:00:44.615000,,125,,False,,False,False
2022-05,FP2,0 days 01:08:20.644000,VET,5,,16.0,5.0,0 days 01:06:45.215000,,,0 days 00:00:36.579000,0 days 00:00:26.879000,,0 days 01:07:53.932000,0 days 01:08:20.688000,202.0,181.0,274.0,288.0,False,MEDIUM,10.0,False,Aston Martin,0 days 01:06:45.215000,,12,,False,,False,False
2022-05,FP2,0 days 01:09:55.852000,VET,5,0 days 00:01:35.208000,17.0,5.0,,,0 days 00:00:32.173000,0 days 00:00:36.411000,0 days 00:00:26.624000,0 days 01:08:52.817000,0 days 01:09:29.228000,0 days 01:09:55.852000,211.0,181.0,273.0,296.0,False,MEDIUM,11.0,False,Aston Martin,0 days 01:08:20.644000,,1,,False,,False,True
2022-05,FP2,0 days 01:11:33.224000,VET,5,0 days 00:01:37.372000,18.0,5.0,,,0 days 00:00:34.266000,0 days 00:00:36.587000,0 days 00:00:26.519000,0 days 01:10:30.118000,0 days 01:11:06.705000,0 days 01:11:33.224000,198.0,182.0,273.0,299.0,False,MEDIUM,12.0,False,Aston Martin,0 days 01:09:55.852000,,1,,False,,False,True
2022-05,FP2,0 days 01:13:08.045000,VET,5,0 days 00:01:34.821000,19.0,5.0,,,0 days 00:00:32.460000,0 days 00:00:36.169000,0 days 00:00:26.192000,0 days 01:12:05.684000,0 days 01:12:41.853000,0 days 01:13:08.045000,208.0,181.0,275.0,314.0,False,MEDIUM,13.0,False,Aston Martin,0 days 01:11:33.224000,,1,,False,,False,True
2022-05,FP2,0 days 01:14:54.265000,VET,5,0 days 00:01:46.220000,20.0,5.0,,,0 days 00:00:32.395000,0 days 00:00:46.437000,0 days 00:00:27.388000,0 days 01:13:40.440000,0 days 01:14:26.877000,0 days 01:14:54.265000,209.0,176.0,274.0,283.0,False,MEDIUM,14.0,False,Aston Martin,0 days 01:13:08.045000,,12,,False,,False,True
2022-05,FP2,0 days 01:16:29.568000,VET,5,0 days 00:01:35.303000,21.0,5.0,,,0 days 00:00:32.510000,0 days 00:00:36.371000,0 days 00:00:26.422000,0 days 01:15:26.775000,0 days 01:16:03.146000,0 days 01:16:29.568000,208.0,183.0,275.0,298.0,False,MEDIUM,15.0,False,Aston Martin,0 days 01:14:54.265000,,1,,False,,False,True
2022-05,FP2,0 days 01:18:35.958000,VET,5,0 days 00:02:06.390000,22.0,5.0,,,0 days 00:00:34.335000,0 days 00:00:44.016000,0 days 00:00:48.039000,0 days 01:17:03.903000,0 days 01:17:47.919000,0 days 01:18:35.958000,210.0,145.0,38.0,132.0,False,MEDIUM,16.0,False,Aston Martin,0 days 01:16:29.568000,,1,,False,,False,True
2022-05,FP2,0 days 01:20:54.365000,VET,5,0 days 00:02:18.407000,23.0,5.0,,0 days 01:20:52.347000,0 days 00:01:07.423000,0 days 00:00:38.292000,0 days 00:00:32.692000,0 days 01:19:43.381000,0 days 01:20:21.673000,0 days 01:20:54.365000,190.0,180.0,,307.0,False,MEDIUM,17.0,False,Aston Martin,0 days 01:18:35.958000,,1,,False,,False,False
2022-05,FP2,0 days 00:16:56.590000,LAT,6,,1.0,1.0,0 days 00:15:02.543000,,,0 days 00:00:42.539000,0 days 00:00:31.119000,,0 days 00:16:25.653000,0 days 00:16:56.678000,183.0,147.0,275.0,272.0,False,MEDIUM,1.0,True,Williams,0 days 00:15:02.543000,,1,,False,,False,False
2022-05,FP2,0 days 00:18:32.902000,LAT,6,0 days 00:01:36.312000,2.0,1.0,,,0 days 00:00:32.969000,0 days 00:00:36.910000,0 days 00:00:26.433000,0 days 00:17:29.559000,0 days 00:18:06.469000,0 days 00:18:32.902000,211.0,182.0,276.0,320.0,True,MEDIUM,2.0,True,Williams,0 days 00:16:56.590000,,1,,False,,False,True
2022-05,FP2,0 days 00:20:43.621000,LAT,6,0 days 00:02:10.719000,3.0,1.0,,,0 days 00:00:51.649000,0 days 00:00:48.730000,0 days 00:00:30.340000,0 days 00:19:24.551000,0 days 00:20:13.281000,0 days 00:20:43.621000,170.0,136.0,276.0,245.0,False,MEDIUM,3.0,True,Williams,0 days 00:18:32.902000,,1,,False,,False,True
2022-05,FP2,0 days 00:22:19.587000,LAT,6,0 days 00:01:35.966000,4.0,1.0,,,0 days 00:00:33.019000,0 days 00:00:36.750000,0 days 00:00:26.197000,0 days 00:21:16.640000,0 days 00:21:53.390000,0 days 00:22:19.587000,196.0,181.0,275.0,323.0,True,MEDIUM,4.0,True,Williams,0 days 00:20:43.621000,,1,,False,,False,True
2022-05,FP2,0 days 00:24:29.169000,LAT,6,0 days 00:02:09.582000,5.0,1.0,,,0 days 00:00:44.703000,0 days 00:00:47.723000,0 days 00:00:37.156000,0 days 00:23:04.290000,0 days 00:23:52.013000,0 days 00:24:29.169000,174.0,107.0,277.0,190.0,False,MEDIUM,5.0,True,Williams,0 days 00:22:19.587000,,1,,False,,False,True
2022-05,FP2,0 days 00:26:03.349000,LAT,6,0 days 00:01:34.180000,6.0,1.0,,,0 days 00:00:32.224000,0 days 00:00:35.928000,0 days 00:00:26.028000,0 days 00:25:01.393000,0 days 00:25:37.321000,0 days 00:26:03.349000,211.0,185.0,278.0,321.0,True,MEDIUM,6.0,True,Williams,0 days 00:24:29.169000,,12,,False,,False,True
2022-05,FP2,0 days 00:28:02.272000,LAT,6,0 days 00:01:58.923000,7.0,1.0,,0 days 00:28:00.350000,0 days 00:00:38.375000,0 days 00:00:42.298000,0 days 00:00:38.250000,0 days 00:26:41.724000,0 days 00:27:24.022000,0 days 00:28:02.272000,190.0,161.0,,139.0,False,MEDIUM,7.0,True,Williams,0 days 00:26:03.349000,,1,,False,,False,False
2022-05,FP2,0 days 00:46:26.761000,LAT,6,,8.0,2.0,0 days 00:44:11.560000,,,0 days 00:00:43.348000,0 days 00:00:47.473000,,0 days 00:45:39.395000,0 days 00:46:26.794000,198.0,171.0,279.0,54.0,False,SOFT,1.0,True,Williams,0 days 00:44:11.560000,,1,,False,,False,False
2022-05,FP2,0 days 00:48:11.142000,LAT,6,0 days 00:01:44.381000,9.0,2.0,,,0 days 00:00:31.528000,0 days 00:00:37.649000,0 days 00:00:35.204000,0 days 00:46:58.289000,0 days 00:47:35.938000,0 days 00:48:11.142000,214.0,104.0,229.0,207.0,False,SOFT,2.0,True,Williams,0 days 00:46:26.761000,,12,,False,,False,True
2022-05,FP2,0 days 00:50:16.534000,LAT,6,0 days 00:02:05.392000,10.0,2.0,,,0 days 00:00:45.615000,0 days 00:00:44.049000,0 days 00:00:35.728000,0 days 00:48:56.757000,0 days 00:49:40.806000,0 days 00:50:16.534000,170.0,168.0,283.0,165.0,False,SOFT,3.0,True,Williams,0 days 00:48:11.142000,,1,,False,,False,True
2022-05,FP2,0 days 00:51:49.447000,LAT,6,0 days 00:01:32.913000,11.0,2.0,,,0 days 00:00:31.243000,0 days 00:00:36.002000,0 days 00:00:25.668000,0 days 00:50:47.777000,0 days 00:51:23.779000,0 days 00:51:49.447000,219.0,188.0,279.0,320.0,True,SOFT,4.0,True,Williams,0 days 00:50:16.534000,,1,,False,,False,True
2022-05,FP2,0 days 00:53:47.492000,LAT,6,0 days 00:01:58.045000,12.0,2.0,,0 days 00:53:45.458000,0 days 00:00:37.237000,0 days 00:00:42.706000,0 days 00:00:38.102000,0 days 00:52:26.684000,0 days 00:53:09.390000,0 days 00:53:47.492000,195.0,167.0,,163.0,False,SOFT,5.0,True,Williams,0 days 00:51:49.447000,,1,,False,,False,False
2022-05,FP2,0 days 01:00:37.790000,LAT,6,,13.0,3.0,0 days 00:58:47.232000,0 days 01:00:35.710000,,0 days 00:00:39.041000,0 days 00:00:34.028000,,0 days 01:00:03.838000,0 days 01:00:37.790000,203.0,167.0,,263.0,False,SOFT,6.0,False,Williams,0 days 00:53:47.492000,,1,,False,,False,False
2022-05,FP2,0 days 01:04:52.078000,LAT,6,,14.0,4.0,0 days 01:00:59.322000,0 days 01:04:52.078000,0 days 00:01:02.779000,,,0 days 01:01:40.662000,,,59.0,,,,False,MEDIUM,8.0,False,Williams,0 days 01:00:37.790000,,125,,False,,False,False
2022-05,FP2,0 days 00:24:07.278000,GAS,10,,1.0,1.0,0 days 00:22:23.275000,,,0 days 00:00:39.263000,0 days 00:00:28.822000,,0 days 00:23:38.648000,0 days 00:24:07.371000,198.0,167.0,281.0,296.0,False,MEDIUM,1.0,True,AlphaTauri,0 days 00:22:23.275000,,1,,False,,False,False
2022-05,FP2,0 days 00:25:38.674000,GAS,10,0 days 00:01:31.396000,2.0,1.0,,,0 days 00:00:30.703000,0 days 00:00:35.086000,0 days 00:00:25.607000,0 days 00:24:37.981000,0 days 00:25:13.067000,0 days 00:25:38.674000,216.0,184.0,281.0,329.0,True,MEDIUM,2.0,True,AlphaTauri,0 days 00:24:07.278000,,12,,False,,False,True
2022-05,FP2,0 days 00:27:48.351000,GAS,10,0 days 00:02:09.677000,3.0,1.0,,,0 days 00:00:46.824000,0 days 00:00:50.417000,0 days 00:00:32.436000,0 days 00:26:25.498000,0 days 00:27:15.915000,0 days 00:27:48.351000,168.0,142.0,283.0,261.0,False,MEDIUM,3.0,True,AlphaTauri,0 days 00:25:38.674000,,1,,False,,False,True
2022-05,FP2,0 days 00:29:31.915000,GAS,10,0 days 00:01:43.564000,4.0,1.0,,,0 days 00:00:30.462000,0 days 00:00:36.508000,0 days 00:00:36.594000,0 days 00:28:18.813000,0 days 00:28:55.321000,0 days 00:29:31.915000,220.0,116.0,210.0,279.0,False,MEDIUM,4.0,True,AlphaTauri,0 days 00:27:48.351000,,1,,False,,False,True
2022-05,FP2,0 days 00:31:32.156000,GAS,10,0 days 00:02:00.241000,5.0,1.0,,,0 days 00:00:45.319000,0 days 00:00:46.052000,0 days 00:00:28.870000,0 days 00:30:17.234000,0 days 00:31:03.286000,0 days 00:31:32.156000,166.0,162.0,284.0,298.0,False,MEDIUM,5.0,True,AlphaTauri,0 days 00:29:31.915000,,1,,False,,False,True
2022-05,FP2,0 days 00:45:12.726000,GAS,10,,6.0,1.0,,0 days 00:33:20.845000,0 days 00:00:30.791000,,,0 days 00:32:03.128000,,,222.0,,,,False,MEDIUM,6.0,True,AlphaTauri,0 days 00:31:32.156000,,125,,False,,False,False
2022-05,FP2,0 days 00:47:21.018000,GAS,10,,7.0,2.0,0 days 00:45:12.726000,,,0 days 00:00:55.932000,0 days 00:00:37.498000,,0 days 00:46:43.692000,0 days 00:47:21.039000,194.0,119.0,281.0,222.0,False,SOFT,1.0,True,AlphaTauri,0 days 00:45:12.726000,,12,,False,,False,False
2022-05,FP2,0 days 00:48:51.565000,GAS,10,0 days 00:01:30.547000,8.0,2.0,,,0 days 00:00:30.402000,0 days 00:00:34.630000,0 days 00:00:25.515000,0 days 00:47:51.420000,0 days 00:48:26.050000,0 days 00:48:51.565000,214.0,188.0,282.0,329.0,True,SOFT,2.0,True,AlphaTauri,0 days 00:47:21.018000,,12,,False,,False,True
2022-05,FP2,0 days 00:51:00.687000,GAS,10,0 days 00:02:09.122000,9.0,2.0,,,0 days 00:00:51.904000,0 days 00:00:47.893000,0 days 00:00:29.325000,0 days 00:49:43.469000,0 days 00:50:31.362000,0 days 00:51:00.687000,165.0,152.0,282.0,285.0,False,SOFT,3.0,True,AlphaTauri,0 days 00:48:51.565000,,1,,False,,False,True
2022-05,FP2,0 days 00:52:31.356000,GAS,10,0 days 00:01:30.669000,10.0,2.0,,,0 days 00:00:30.325000,0 days 00:00:34.828000,0 days 00:00:25.516000,0 days 00:51:31.012000,0 days 00:52:05.840000,0 days 00:52:31.356000,215.0,186.0,281.0,327.0,False,SOFT,4.0,True,AlphaTauri,0 days 00:51:00.687000,,1,,False,,False,True
2022-05,FP2,0 days 00:54:34.011000,GAS,10,0 days 00:02:02.655000,11.0,2.0,,,0 days 00:00:45.895000,0 days 00:00:47.869000,0 days 00:00:28.891000,0 days 00:53:17.251000,0 days 00:54:05.120000,0 days 00:54:34.011000,154.0,156.0,283.0,248.0,False,SOFT,5.0,True,AlphaTauri,0 days 00:52:31.356000,,1,,False,,False,True
2022-05,FP2,0 days 00:56:15.075000,GAS,10,0 days 00:01:41.064000,12.0,2.0,,0 days 00:56:13.043000,0 days 00:00:30.377000,0 days 00:00:36.017000,0 days 00:00:34.670000,0 days 00:55:04.388000,0 days 00:55:40.405000,0 days 00:56:15.075000,217.0,157.0,,278.0,False,SOFT,6.0,True,AlphaTauri,0 days 00:54:34.011000,,1,,False,,False,False
2022-05,FP2,0 days 01:07:55.107000,GAS,10,,13.0,3.0,0 days 01:06:15.961000,,,0 days 00:00:37.504000,0 days 00:00:30.302000,,0 days 01:07:24.955000,0 days 01:07:55.137000,210.0,179.0,274.0,299.0,False,MEDIUM,7.0,False,AlphaTauri,0 days 01:06:15.961000,,12,,False,,False,False
2022-05,FP2,0 days 01:09:29.422000,GAS,10,0 days 00:01:34.315000,14.0,3.0,,,0 days 00:00:32.128000,0 days 00:00:35.917000,0 days 00:00:26.270000,0 days 01:08:27.235000,0 days 01:09:03.152000,0 days 01:09:29.422000,214.0,183.0,275.0,304.0,False,MEDIUM,8.0,False,AlphaTauri,0 days 01:07:55.107000,,1,,False,,False,True
2022-05,FP2,0 days 01:11:04.194000,GAS,10,0 days 00:01:34.772000,15.0,3.0,,,0 days 00:00:32.725000,0 days 00:00:35.820000,0 days 00:00:26.227000,0 days 01:10:02.147000,0 days 01:10:37.967000,0 days 01:11:04.194000,210.0,185.0,277.0,307.0,False,MEDIUM,9.0,False,AlphaTauri,0 days 01:09:29.422000,,1,,False,,False,True
2022-05,FP2,0 days 01:12:38.949000,GAS,10,0 days 00:01:34.755000,16.0,3.0,,,0 days 00:00:32.199000,0 days 00:00:36.114000,0 days 00:00:26.442000,0 days 01:11:36.393000,0 days 01:12:12.507000,0 days 01:12:38.949000,213.0,185.0,274.0,292.0,False,MEDIUM,10.0,False,AlphaTauri,0 days 01:11:04.194000,,1,,False,,False,True
2022-05,FP2,0 days 01:14:14.004000,GAS,10,0 days 00:01:35.055000,17.0,3.0,,,0 days 00:00:32.330000,0 days 00:00:36.263000,0 days 00:00:26.462000,0 days 01:13:11.279000,0 days 01:13:47.542000,0 days 01:14:14.004000,211.0,182.0,273.0,297.0,False,MEDIUM,11.0,False,AlphaTauri,0 days 01:12:38.949000,,12,,False,,False,True
2022-05,FP2,0 days 01:15:48.802000,GAS,10,0 days 00:01:34.798000,18.0,3.0,,,0 days 00:00:31.984000,0 days 00:00:36.346000,0 days 00:00:26.468000,0 days 01:14:45.988000,0 days 01:15:22.334000,0 days 01:15:48.802000,208.0,182.0,271.0,302.0,False,MEDIUM,12.0,False,AlphaTauri,0 days 01:14:14.004000,,1,,False,,False,True
2022-05,FP2,0 days 01:17:39.543000,GAS,10,0 days 00:01:50.741000,19.0,3.0,,,0 days 00:00:33.686000,0 days 00:00:38.872000,0 days 00:00:38.183000,0 days 01:16:22.488000,0 days 01:17:01.360000,0 days 01:17:39.543000,197.0,169.0,41.0,270.0,False,MEDIUM,13.0,False,AlphaTauri,0 days 01:15:48.802000,,1,,False,,False,True
2022-05,FP2,0 days 01:19:49.565000,GAS,10,0 days 00:02:10.022000,20.0,3.0,,0 days 01:19:47.515000,0 days 00:00:57.916000,0 days 00:00:39.343000,0 days 00:00:32.763000,0 days 01:18:37.459000,0 days 01:19:16.802000,0 days 01:19:49.565000,208.0,165.0,,285.0,False,MEDIUM,14.0,False,AlphaTauri,0 days 01:17:39.543000,,1,,False,,False,False
2022-05,FP2,0 days 00:24:56.311000,PER,11,,1.0,1.0,0 days 00:23:14.925000,,,0 days 00:00:42.098000,0 days 00:00:28.047000,,0 days 00:24:28.479000,0 days 00:24:56.382000,205.0,169.0,282.0,279.0,False,MEDIUM,1.0,True,Red Bull Racing,0 days 00:23:14.925000,,1,,False,,False,False
2022-05,FP2,0 days 00:26:56.301000,PER,11,0 days 00:01:59.990000,2.0,1.0,,0 days 00:26:54.208000,0 days 00:00:43.221000,0 days 00:00:42.901000,0 days 00:00:33.868000,0 days 00:25:39.532000,0 days 00:26:22.433000,0 days 00:26:56.301000,115.0,143.0,,275.0,False,MEDIUM,2.0,True,Red Bull Racing,0 days 00:24:56.311000,,12,,False,,False,False
2022-05,FP2,0 days 00:29:01.492000,PER,11,0 days 00:02:05.191000,3.0,2.0,0 days 00:27:17.101000,,0 days 00:00:54.942000,0 days 00:00:41.250000,0 days 00:00:28.999000,0 days 00:27:51.243000,0 days 00:28:32.493000,0 days 00:29:01.492000,191.0,157.0,282.0,217.0,False,MEDIUM,3.0,False,Red Bull Racing,0 days 00:26:56.301000,,1,,False,,False,False
2022-05,FP2,0 days 00:30:32.521000,PER,11,0 days 00:01:31.029000,4.0,2.0,,,0 days 00:00:30.913000,0 days 00:00:34.680000,0 days 00:00:25.436000,0 days 00:29:32.405000,0 days 00:30:07.085000,0 days 00:30:32.521000,216.0,186.0,281.0,332.0,True,MEDIUM,4.0,False,Red Bull Racing,0 days 00:29:01.492000,,1,,False,,False,True
2022-05,FP2,0 days 00:45:31.921000,PER,11,,5.0,2.0,,0 days 00:32:44.742000,0 days 00:00:42.083000,0 days 00:00:51.069000,,0 days 00:31:14.818000,0 days 00:32:05.848000,,137.0,118.0,,,False,MEDIUM,5.0,False,Red Bull Racing,0 days 00:30:32.521000,,125,,False,,False,False
2022-05,FP2,0 days 00:47:25.059000,PER,11,,6.0,3.0,0 days 00:45:31.921000,,,0 days 00:00:41.353000,0 days 00:00:36.567000,,0 days 00:46:48.661000,0 days 00:47:25.118000,190.0,128.0,283.0,106.0,False,SOFT,1.0,True,Red Bull Racing,0 days 00:45:31.921000,,12,,False,,False,False
2022-05,FP2,0 days 00:48:55.340000,PER,11,0 days 00:01:30.281000,7.0,3.0,,,0 days 00:00:30.322000,0 days 00:00:34.538000,0 days 00:00:25.421000,0 days 00:47:55.381000,0 days 00:48:29.919000,0 days 00:48:55.340000,213.0,187.0,283.0,336.0,True,SOFT,2.0,True,Red Bull Racing,0 days 00:47:25.059000,,21,,False,,False,True
2022-05,FP2,0 days 00:51:15.993000,PER,11,0 days 00:02:20.653000,8.0,3.0,,,0 days 00:00:49.521000,0 days 00:00:54.815000,0 days 00:00:36.317000,0 days 00:49:44.861000,0 days 00:50:39.676000,0 days 00:51:15.993000,104.0,111.0,282.0,256.0,False,SOFT,3.0,True,Red Bull Racing,0 days 00:48:55.340000,,1,,False,,False,True
2022-05,FP2,0 days 00:52:46.143000,PER,11,0 days 00:01:30.150000,9.0,3.0,,,0 days 00:00:30.064000,0 days 00:00:34.650000,0 days 00:00:25.436000,0 days 00:51:46.057000,0 days 00:52:20.707000,0 days 00:52:46.143000,218.0,186.0,282.0,334.0,True,SOFT,4.0,True,Red Bull Racing,0 days 00:51:15.993000,,1,,False,,False,True
2022-05,FP2,0 days 00:54:40.909000,PER,11,0 days 00:01:54.766000,10.0,3.0,,0 days 00:54:38.896000,0 days 00:00:37.432000,0 days 00:00:43.138000,0 days 00:00:34.196000,0 days 00:53:23.575000,0 days 00:54:06.713000,0 days 00:54:40.909000,195.0,160.0,,245.0,False,SOFT,5.0,True,Red Bull Racing,0 days 00:52:46.143000,,1,,False,,False,False
2022-05,FP2,0 days 01:06:46.130000,PER,11,,11.0,4.0,0 days 01:01:47.722000,0 days 01:03:57.514000,,,,,,,183.0,,,,False,MEDIUM,6.0,False,Red Bull Racing,0 days 00:54:40.909000,,125,,False,,False,False
2022-05,FP2,0 days 01:08:36.289000,PER,11,,12.0,5.0,0 days 01:06:46.130000,,,0 days 00:00:48.755000,0 days 00:00:29.857000,,0 days 01:08:06.533000,0 days 01:08:36.330000,205.0,153.0,271.0,187.0,False,MEDIUM,7.0,False,Red Bull Racing,0 days 01:06:46.130000,,12,,False,,False,False
2022-05,FP2,0 days 01:10:13.792000,PER,11,0 days 00:01:37.503000,13.0,5.0,,,0 days 00:00:31.995000,0 days 00:00:36.400000,0 days 00:00:29.108000,0 days 01:09:08.284000,0 days 01:09:44.684000,0 days 01:10:13.792000,208.0,181.0,273.0,207.0,False,MEDIUM,8.0,False,Red Bull Racing,0 days 01:08:36.289000,,1,,False,,False,True
2022-05,FP2,0 days 01:11:47.537000,PER,11,0 days 00:01:33.745000,14.0,5.0,,,0 days 00:00:31.597000,0 days 00:00:35.903000,0 days 00:00:26.245000,0 days 01:10:45.389000,0 days 01:11:21.292000,0 days 01:11:47.537000,209.0,182.0,273.0,312.0,False,MEDIUM,9.0,False,Red Bull Racing,0 days 01:10:13.792000,,1,,False,,False,True
2022-05,FP2,0 days 01:13:21.696000,PER,11,0 days 00:01:34.159000,15.0,5.0,,,0 days 00:00:31.999000,0 days 00:00:35.936000,0 days 00:00:26.224000,0 days 01:12:19.536000,0 days 01:12:55.472000,0 days 01:13:21.696000,208.0,182.0,275.0,310.0,False,MEDIUM,10.0,False,Red Bull Racing,0 days 01:11:47.537000,,1,,False,,False,True
2022-05,FP2,0 days 01:14:59.504000,PER,11,0 days 00:01:37.808000,16.0,5.0,,,0 days 00:00:32.636000,0 days 00:00:39.039000,0 days 00:00:26.133000,0 days 01:13:54.332000,0 days 01:14:33.371000,0 days 01:14:59.504000,204.0,179.0,276.0,324.0,False,MEDIUM,11.0,False,Red Bull Racing,0 days 01:13:21.696000,,12,,False,,False,True
2022-05,FP2,0 days 01:16:34.387000,PER,11,0 days 00:01:34.883000,17.0,5.0,,,0 days 00:00:32.128000,0 days 00:00:36.133000,0 days 00:00:26.622000,0 days 01:15:31.632000,0 days 01:16:07.765000,0 days 01:16:34.387000,206.0,183.0,277.0,301.0,False,MEDIUM,12.0,False,Red Bull Racing,0 days 01:14:59.504000,,1,,False,,False,True
2022-05,FP2,0 days 01:18:57.452000,PER,11,0 days 00:02:23.065000,18.0,5.0,,,0 days 00:00:48.953000,0 days 00:00:51.122000,0 days 00:00:42.990000,0 days 01:17:23.340000,0 days 01:18:14.462000,0 days 01:18:57.452000,136.0,159.0,70.0,165.0,False,MEDIUM,13.0,False,Red Bull Racing,0 days 01:16:34.387000,,1,,False,,False,True
2022-05,FP2,0 days 01:21:04.117000,PER,11,0 days 00:02:06.665000,19.0,5.0,,0 days 01:21:02.067000,0 days 00:00:51.487000,0 days 00:00:40.391000,0 days 00:00:34.787000,0 days 01:19:48.939000,0 days 01:20:29.330000,0 days 01:21:04.117000,211.0,166.0,,220.0,False,MEDIUM,14.0,False,Red Bull Racing,0 days 01:18:57.452000,,1,,False,,False,False
2022-05,FP2,0 days 00:20:23.676000,ALO,14,,1.0,1.0,0 days 00:18:30.595000,,,0 days 00:00:44.300000,0 days 00:00:30.323000,,0 days 00:19:53.554000,0 days 00:20:23.763000,182.0,164.0,282.0,263.0,False,MEDIUM,1.0,True,Alpine,0 days 00:18:30.595000,,1,,False,,False,False
2022-05,FP2,0 days 00:21:55.770000,ALO,14,0 days 00:01:32.094000,2.0,1.0,,,0 days 00:00:31.165000,0 days 00:00:35.237000,0 days 00:00:25.692000,0 days 00:20:54.841000,0 days 00:21:30.078000,0 days 00:21:55.770000,216.0,186.0,277.0,328.0,True,MEDIUM,2.0,True,Alpine,0 days 00:20:23.676000,,1,,False,,False,True
2022-05,FP2,0 days 00:23:52.171000,ALO,14,0 days 00:01:56.401000,3.0,1.0,,,0 days 00:00:42.803000,0 days 00:00:42.376000,0 days 00:00:31.222000,0 days 00:22:38.573000,0 days 00:23:20.949000,0 days 00:23:52.171000,182.0,161.0,278.0,176.0,False,MEDIUM,3.0,True,Alpine,0 days 00:21:55.770000,,1,,False,,False,True
2022-05,FP2,0 days 00:25:24.122000,ALO,14,0 days 00:01:31.951000,4.0,1.0,,,0 days 00:00:30.569000,0 days 00:00:35.477000,0 days 00:00:25.905000,0 days 00:24:22.740000,0 days 00:24:58.217000,0 days 00:25:24.122000,210.0,185.0,281.0,325.0,True,MEDIUM,4.0,True,Alpine,0 days 00:23:52.171000,,1,,False,,False,True
2022-05,FP2,0 days 00:27:30.311000,ALO,14,0 days 00:02:06.189000,5.0,1.0,,0 days 00:27:28.334000,0 days 00:00:44.775000,0 days 00:00:44.695000,0 days 00:00:36.719000,0 days 00:26:08.897000,0 days 00:26:53.592000,0 days 00:27:30.311000,154.0,139.0,,245.0,False,MEDIUM,5.0,True,Alpine,0 days 00:25:24.122000,,12,,False,,False,False
2022-05,FP2,0 days 00:46:14.514000,ALO,14,,6.0,2.0,0 days 00:44:08.108000,,,0 days 00:00:41.083000,0 days 00:00:42.828000,,0 days 00:45:31.855000,0 days 00:46:14.584000,182.0,171.0,284.0,120.0,False,SOFT,1.0,True,Alpine,0 days 00:44:08.108000,,1,,False,,False,False
2022-05,FP2,0 days 00:48:04.847000,ALO,14,0 days 00:01:50.333000,7.0,2.0,,,0 days 00:00:30.137000,0 days 00:00:40.271000,0 days 00:00:39.925000,0 days 00:46:44.651000,0 days 00:47:24.922000,0 days 00:48:04.847000,221.0,96.0,197.0,153.0,False,SOFT,2.0,True,Alpine,0 days 00:46:14.514000,,12,,False,,False,True
2022-05,FP2,0 days 00:50:23.722000,ALO,14,0 days 00:02:18.875000,8.0,2.0,,,0 days 00:00:47.825000,0 days 00:00:50.563000,0 days 00:00:40.487000,0 days 00:48:52.672000,0 days 00:49:43.235000,0 days 00:50:23.722000,151.0,108.0,283.0,76.0,False,SOFT,3.0,True,Alpine,0 days 00:48:04.847000,,21,,False,,False,True
2022-05,FP2,0 days 00:51:54.094000,ALO,14,0 days 00:01:30.372000,9.0,2.0,,,0 days 00:00:30.089000,0 days 00:00:34.647000,0 days 00:00:25.636000,0 days 00:50:53.811000,0 days 00:51:28.458000,0 days 00:51:54.094000,218.0,188.0,278.0,329.0,True,SOFT,4.0,True,Alpine,0 days 00:50:23.722000,,1,,False,,False,True
2022-05,FP2,0 days 00:54:06.938000,ALO,14,0 days 00:02:12.844000,10.0,2.0,,,0 days 00:00:44.656000,0 days 00:00:56.038000,0 days 00:00:32.150000,0 days 00:52:38.750000,0 days 00:53:34.788000,0 days 00:54:06.938000,138.0,113.0,282.0,253.0,False,SOFT,5.0,True,Alpine,0 days 00:51:54.094000,,1,,False,,False,True
2022-05,FP2,0 days 00:55:37.690000,ALO,14,0 days 00:01:30.752000,11.0,2.0,,,0 days 00:00:30.128000,0 days 00:00:34.974000,0 days 00:00:25.650000,0 days 00:54:37.066000,0 days 00:55:12.040000,0 days 00:55:37.690000,216.0,186.0,284.0,327.0,False,SOFT,6.0,True,Alpine,0 days 00:54:06.938000,,1,,False,,False,True
2022-05,FP2,0 days 00:57:42.841000,ALO,14,0 days 00:02:05.151000,12.0,2.0,,0 days 00:57:40.828000,0 days 00:00:43.575000,0 days 00:00:46.707000,0 days 00:00:34.869000,0 days 00:56:21.265000,0 days 00:57:07.972000,0 days 00:57:42.841000,151.0,164.0,,254.0,False,SOFT,7.0,True,Alpine,0 days 00:55:37.690000,,1,,False,,False,False
2022-05,FP2,0 days 01:07:42.610000,ALO,14,,13.0,3.0,0 days 01:06:03.280000,,,0 days 00:00:39.299000,0 days 00:00:28.070000,,0 days 01:07:14.659000,0 days 01:07:42.673000,210.0,178.0,272.0,282.0,False,MEDIUM,6.0,False,Alpine,0 days 01:06:03.280000,,12,,False,,False,False
2022-05,FP2,0 days 01:09:17.149000,ALO,14,0 days 00:01:34.539000,14.0,3.0,,,0 days 00:00:31.764000,0 days 00:00:36.211000,0 days 00:00:26.564000,0 days 01:08:14.374000,0 days 01:08:50.585000,0 days 01:09:17.149000,210.0,184.0,272.0,292.0,False,MEDIUM,7.0,False,Alpine,0 days 01:07:42.610000,,21,,False,,False,True
2022-05,FP2,0 days 01:10:51.630000,ALO,14,0 days 00:01:34.481000,15.0,3.0,,,0 days 00:00:31.921000,0 days 00:00:36.026000,0 days 00:00:26.534000,0 days 01:09:49.070000,0 days 01:10:25.096000,0 days 01:10:51.630000,211.0,183.0,271.0,291.0,False,MEDIUM,8.0,False,Alpine,0 days 01:09:17.149000,,1,,False,,False,True
2022-05,FP2,0 days 01:12:26.140000,ALO,14,0 days 00:01:34.510000,16.0,3.0,,,0 days 00:00:31.670000,0 days 00:00:36.151000,0 days 00:00:26.689000,0 days 01:11:23.300000,0 days 01:11:59.451000,0 days 01:12:26.140000,211.0,182.0,273.0,289.0,False,MEDIUM,9.0,False,Alpine,0 days 01:10:51.630000,,1,,False,,False,True
2022-05,FP2,0 days 01:14:00.949000,ALO,14,0 days 00:01:34.809000,17.0,3.0,,,0 days 00:00:31.917000,0 days 00:00:36.248000,0 days 00:00:26.644000,0 days 01:12:58.057000,0 days 01:13:34.305000,0 days 01:14:00.949000,210.0,183.0,273.0,289.0,False,MEDIUM,10.0,False,Alpine,0 days 01:12:26.140000,,12,,False,,False,True
2022-05,FP2,0 days 01:15:36.117000,ALO,14,0 days 00:01:35.168000,18.0,3.0,,,0 days 00:00:32.276000,0 days 00:00:36.161000,0 days 00:00:26.731000,0 days 01:14:33.225000,0 days 01:15:09.386000,0 days 01:15:36.117000,204.0,179.0,273.0,290.0,False,MEDIUM,11.0,False,Alpine,0 days 01:14:00.949000,,21,,False,,False,True
2022-05,FP2,0 days 01:17:37.459000,ALO,14,0 days 00:02:01.342000,19.0,3.0,,,0 days 00:00:36.683000,0 days 00:00:41.565000,0 days 00:00:43.094000,0 days 01:16:12.800000,0 days 01:16:54.365000,0 days 01:17:37.459000,190.0,158.0,82.0,169.0,False,MEDIUM,12.0,False,Alpine,0 days 01:15:36.117000,,1,,False,,False,True
2022-05,FP2,0 days 01:19:55.852000,ALO,14,0 days 00:02:18.393000,20.0,3.0,,0 days 01:19:53.794000,0 days 00:01:07.102000,0 days 00:00:36.527000,0 days 00:00:34.764000,0 days 01:18:44.561000,0 days 01:19:21.088000,0 days 01:19:55.852000,211.0,182.0,,266.0,False,MEDIUM,13.0,False,Alpine,0 days 01:17:37.459000,,1,,False,,False,False
2022-05,FP2,0 days 00:24:02.058000,LEC,16,,1.0,1.0,0 days 00:21:58.547000,,,0 days 00:00:42.354000,0 days 00:00:40.099000,,0 days 00:23:22.141000,0 days 00:24:02.138000,193.0,178.0,276.0,114.0,False,MEDIUM,1.0,True,Ferrari,0 days 00:21:58.547000,,1,,False,,False,False
2022-05,FP2,0 days 00:25:33.189000,LEC,16,0 days 00:01:31.131000,2.0,1.0,,,0 days 00:00:30.474000,0 days 00:00:35.002000,0 days 00:00:25.655000,0 days 00:24:32.532000,0 days 00:25:07.534000,0 days 00:25:33.189000,215.0,188.0,280.0,324.0,True,MEDIUM,2.0,True,Ferrari,0 days 00:24:02.058000,,12,,False,,False,True
2022-05,FP2,0 days 00:28:03.548000,LEC,16,,3.0,1.0,,,0 days 00:00:51.058000,0 days 00:00:57.792000,0 days 00:00:41.403000,0 days 00:26:24.437000,0 days 00:27:22.261000,0 days 00:28:03.564000,183.0,103.0,277.0,131.0,False,MEDIUM,3.0,True,Ferrari,0 days 00:25:33.189000,,21,,False,,False,False
2022-05,FP2,0 days 00:29:49.441000,LEC,16,0 days 00:01:45.893000,4.0,1.0,,,0 days 00:00:30.175000,0 days 00:00:41.728000,0 days 00:00:33.990000,0 days 00:28:33.723000,0 days 00:29:15.451000,0 days 00:29:49.441000,216.0,148.0,221.0,184.0,False,MEDIUM,4.0,True,Ferrari,0 days 00:28:03.548000,,1,,False,,False,True
2022-05,FP2,0 days 00:31:53.775000,LEC,16,0 days 00:02:04.334000,5.0,1.0,,,0 days 00:00:44.039000,0 days 00:00:43.410000,0 days 00:00:36.885000,0 days 00:30:33.480000,0 days 00:31:16.890000,0 days 00:31:53.775000,169.0,118.0,278.0,167.0,False,MEDIUM,5.0,True,Ferrari,0 days 00:29:49.441000,,1,,False,,False,True
2022-05,FP2,0 days 00:45:21.609000,LEC,16,,6.0,1.0,,0 days 00:33:54.171000,0 days 00:00:30.142000,,,0 days 00:32:24.037000,,,216.0,,,,False,MEDIUM,6.0,True,Ferrari,0 days 00:31:53.775000,,125,,False,,False,False
2022-05,FP2,0 days 00:47:29.808000,LEC,16,,7.0,2.0,0 days 00:45:21.609000,,,0 days 00:00:43.326000,0 days 00:00:42.364000,,0 days 00:46:47.601000,0 days 00:47:29.868000,152.0,141.0,279.0,62.0,False,SOFT,1.0,True,Ferrari,0 days 00:45:21.609000,,12,,False,,False,False
2022-05,FP2,0 days 00:48:59.852000,LEC,16,0 days 00:01:30.044000,8.0,2.0,,,0 days 00:00:29.950000,0 days 00:00:34.498000,0 days 00:00:25.596000,0 days 00:47:59.758000,0 days 00:48:34.256000,0 days 00:48:59.852000,216.0,188.0,275.0,326.0,True,SOFT,2.0,True,Ferrari,0 days 00:47:29.808000,,21,,False,,False,True
2022-05,FP2,0 days 00:51:26.159000,LEC,16,0 days 00:02:26.307000,9.0,2.0,,,0 days 00:00:53.578000,0 days 00:00:59.767000,0 days 00:00:32.962000,0 days 00:49:53.430000,0 days 00:50:53.197000,0 days 00:51:26.159000,119.0,150.0,278.0,168.0,False,SOFT,3.0,True,Ferrari,0 days 00:48:59.852000,,1,,False,,False,True
2022-05,FP2,0 days 00:53:06.496000,LEC,16,0 days 00:01:40.337000,10.0,2.0,,0 days 00:53:04.524000,0 days 00:00:29.848000,0 days 00:00:34.864000,0 days 00:00:35.625000,0 days 00:51:56.007000,0 days 00:52:30.871000,0 days 00:53:06.496000,218.0,175.0,,232.0,False,SOFT,4.0,True,Ferrari,0 days 00:51:26.159000,,1,,False,,False,False
2022-05,FP2,0 days 00:55:37.217000,LEC,16,,11.0,3.0,0 days 00:53:25.145000,,0 days 00:01:07.383000,0 days 00:00:54.219000,0 days 00:00:29.060000,0 days 00:54:14.042000,0 days 00:55:08.264000,0 days 00:55:37.222000,140.0,135.0,278.0,217.0,False,SOFT,5.0,False,Ferrari,0 days 00:53:06.496000,,1,,False,,False,False
2022-05,FP2,0 days 00:57:07.367000,LEC,16,0 days 00:01:30.150000,12.0,3.0,,,0 days 00:00:29.886000,0 days 00:00:34.743000,0 days 00:00:25.521000,0 days 00:56:07.103000,0 days 00:56:41.846000,0 days 00:57:07.367000,217.0,189.0,278.0,320.0,False,SOFT,6.0,False,Ferrari,0 days 00:55:37.217000,,1,,False,,False,True
2022-05,FP2,0 days 00:59:08.650000,LEC,16,0 days 00:02:01.283000,13.0,3.0,,0 days 00:59:06.586000,0 days 00:00:44.732000,0 days 00:00:39.151000,0 days 00:00:37.400000,0 days 00:57:52.099000,0 days 00:58:31.250000,0 days 00:59:08.650000,199.0,154.0,,227.0,False,SOFT,7.0,False,Ferrari,0 days 00:57:07.367000,,1,,False,,False,False
2022-05,FP2,0 days 01:07:47.524000,LEC,16,,14.0,4.0,0 days 01:06:06.941000,,,0 days 00:00:38.178000,0 days 00:00:28.049000,,0 days 01:07:19.600000,0 days 01:07:47.550000,210.0,138.0,270.0,294.0,False,MEDIUM,7.0,False,Ferrari,0 days 01:06:06.941000,,12,,False,,False,False
2022-05,FP2,0 days 01:09:21.789000,LEC,16,0 days 00:01:34.265000,15.0,4.0,,,0 days 00:00:31.749000,0 days 00:00:36.044000,0 days 00:00:26.472000,0 days 01:08:19.273000,0 days 01:08:55.317000,0 days 01:09:21.789000,208.0,184.0,271.0,301.0,False,MEDIUM,8.0,False,Ferrari,0 days 01:07:47.524000,,1,,False,,False,True
2022-05,FP2,0 days 01:10:56.005000,LEC,16,0 days 00:01:34.216000,16.0,4.0,,,0 days 00:00:31.713000,0 days 00:00:35.959000,0 days 00:00:26.544000,0 days 01:09:53.502000,0 days 01:10:29.461000,0 days 01:10:56.005000,209.0,182.0,273.0,295.0,False,MEDIUM,9.0,False,Ferrari,0 days 01:09:21.789000,,1,,False,,False,True
2022-05,FP2,0 days 01:12:29.939000,LEC,16,0 days 00:01:33.934000,17.0,4.0,,,0 days 00:00:31.372000,0 days 00:00:36.035000,0 days 00:00:26.527000,0 days 01:11:27.377000,0 days 01:12:03.412000,0 days 01:12:29.939000,209.0,182.0,274.0,295.0,False,MEDIUM,10.0,False,Ferrari,0 days 01:10:56.005000,,1,,False,,False,True
2022-05,FP2,0 days 01:14:08.354000,LEC,16,0 days 00:01:38.415000,18.0,4.0,,,0 days 00:00:31.730000,0 days 00:00:37.986000,0 days 00:00:28.699000,0 days 01:13:01.669000,0 days 01:13:39.655000,0 days 01:14:08.354000,199.0,152.0,272.0,248.0,False,MEDIUM,11.0,False,Ferrari,0 days 01:12:29.939000,,12,,False,,False,True
2022-05,FP2,0 days 01:15:41.788000,LEC,16,0 days 00:01:33.434000,19.0,4.0,,,0 days 00:00:31.280000,0 days 00:00:35.845000,0 days 00:00:26.309000,0 days 01:14:39.634000,0 days 01:15:15.479000,0 days 01:15:41.788000,208.0,182.0,274.0,304.0,False,MEDIUM,12.0,False,Ferrari,0 days 01:14:08.354000,,1,,False,,False,True
2022-05,FP2,0 days 01:17:24.567000,LEC,16,0 days 00:01:42.779000,20.0,4.0,,,0 days 00:00:31.783000,0 days 00:00:38.079000,0 days 00:00:32.917000,0 days 01:16:13.571000,0 days 01:16:51.650000,0 days 01:17:24.567000,196.0,177.0,109.0,291.0,False,MEDIUM,13.0,False,Ferrari,0 days 01:15:41.788000,,1,,False,,False,True
2022-05,FP2,0 days 01:19:31.808000,LEC,16,0 days 00:02:07.241000,21.0,4.0,,0 days 01:19:29.753000,0 days 00:00:58.990000,0 days 00:00:36.537000,0 days 00:00:31.714000,0 days 01:18:23.557000,0 days 01:19:00.094000,0 days 01:19:31.808000,193.0,185.0,,294.0,False,MEDIUM,14.0,False,Ferrari,0 days 01:17:24.567000,,1,,False,,False,False
2022-05,FP2,0 days 00:17:06.963000,STR,18,,1.0,1.0,0 days 00:15:06.790000,,,0 days 00:00:43.722000,0 days 00:00:34.751000,,0 days 00:16:32.354000,0 days 00:17:07.012000,131.0,160.0,278.0,172.0,False,MEDIUM,1.0,True,Aston Martin,0 days 00:15:06.790000,,1,,False,,False,False
2022-05,FP2,0 days 00:18:52.061000,STR,18,0 days 00:01:45.098000,2.0,1.0,,,0 days 00:00:31.663000,0 days 00:00:36.026000,0 days 00:00:37.409000,0 days 00:17:38.626000,0 days 00:18:14.652000,0 days 00:18:52.061000,213.0,183.0,250.0,326.0,True,MEDIUM,2.0,True,Aston Martin,0 days 00:17:06.963000,,1,,False,,False,True
2022-05,FP2,0 days 00:21:12.922000,STR,18,0 days 00:02:20.861000,3.0,1.0,,,0 days 00:00:50.651000,0 days 00:00:57.288000,0 days 00:00:32.922000,0 days 00:19:42.712000,0 days 00:20:40,0 days 00:21:12.922000,128.0,147.0,275.0,154.0,False,MEDIUM,3.0,True,Aston Martin,0 days 00:18:52.061000,,1,,False,,False,True
2022-05,FP2,0 days 00:22:45.694000,STR,18,0 days 00:01:32.772000,4.0,1.0,,,0 days 00:00:31.305000,0 days 00:00:35.705000,0 days 00:00:25.762000,0 days 00:21:44.227000,0 days 00:22:19.932000,0 days 00:22:45.694000,214.0,186.0,280.0,328.0,True,MEDIUM,4.0,True,Aston Martin,0 days 00:21:12.922000,,1,,False,,False,True
2022-05,FP2,0 days 00:25:02.185000,STR,18,0 days 00:02:16.491000,5.0,1.0,,,0 days 00:00:49.982000,0 days 00:00:56.670000,0 days 00:00:29.839000,0 days 00:23:35.676000,0 days 00:24:32.346000,0 days 00:25:02.185000,100.0,122.0,280.0,242.0,False,MEDIUM,5.0,True,Aston Martin,0 days 00:22:45.694000,,1,,False,,False,True
2022-05,FP2,0 days 00:27:11.410000,STR,18,0 days 00:02:09.225000,6.0,1.0,,,0 days 00:00:31.244000,0 days 00:00:57.561000,0 days 00:00:40.420000,0 days 00:25:33.429000,0 days 00:26:30.990000,0 days 00:27:11.410000,168.0,109.0,280.0,186.0,False,MEDIUM,6.0,True,Aston Martin,0 days 00:25:02.185000,,12,,False,,False,True
2022-05,FP2,0 days 00:28:43.639000,STR,18,0 days 00:01:32.229000,7.0,1.0,,,0 days 00:00:31.003000,0 days 00:00:35.460000,0 days 00:00:25.766000,0 days 00:27:42.413000,0 days 00:28:17.873000,0 days 00:28:43.639000,213.0,185.0,280.0,324.0,True,MEDIUM,7.0,True,Aston Martin,0 days 00:27:11.410000,,1,,False,,False,True
2022-05,FP2,0 days 00:30:30.439000,STR,18,0 days 00:01:46.800000,8.0,1.0,,0 days 00:30:28.420000,0 days 00:00:35.902000,0 days 00:00:37.974000,0 days 00:00:32.924000,0 days 00:29:19.541000,0 days 00:29:57.515000,0 days 00:30:30.439000,206.0,175.0,,286.0,False,MEDIUM,8.0,True,Aston Martin,0 days 00:28:43.639000,,1,,False,,False,False
2022-05,FP2,0 days 00:46:05.402000,STR,18,,9.0,2.0,0 days 00:44:04.659000,,,0 days 00:00:43.369000,0 days 00:00:35.567000,,0 days 00:45:29.896000,0 days 00:46:05.435000,155.0,143.0,285.0,192.0,False,SOFT,1.0,True,Aston Martin,0 days 00:44:04.659000,,1,,False,,False,False
2022-05,FP2,0 days 00:48:03.012000,STR,18,0 days 00:01:57.610000,10.0,2.0,,,0 days 00:00:30.756000,0 days 00:00:45.968000,0 days 00:00:40.886000,0 days 00:46:36.158000,0 days 00:47:22.126000,0 days 00:48:03.012000,218.0,64.0,150.0,140.0,False,SOFT,2.0,True,Aston Martin,0 days 00:46:05.402000,,12,,False,,False,True
2022-05,FP2,0 days 00:50:35.301000,STR,18,,11.0,2.0,,,0 days 00:00:59.950000,0 days 00:00:49.220000,0 days 00:00:43.160000,0 days 00:49:03.090000,0 days 00:49:52.289000,0 days 00:50:35.353000,116.0,121.0,283.0,97.0,False,SOFT,3.0,True,Aston Martin,0 days 00:48:03.012000,,21,,False,,False,False
2022-05,FP2,0 days 00:52:06.932000,STR,18,0 days 00:01:31.631000,12.0,2.0,,,0 days 00:00:30.677000,0 days 00:00:35.308000,0 days 00:00:25.646000,0 days 00:51:05.978000,0 days 00:51:41.286000,0 days 00:52:06.932000,216.0,188.0,281.0,323.0,True,SOFT,4.0,True,Aston Martin,0 days 00:50:35.301000,,1,,False,,False,True
2022-05,FP2,0 days 00:54:02.576000,STR,18,0 days 00:01:55.644000,13.0,2.0,,0 days 00:54:00.605000,0 days 00:00:35.699000,0 days 00:00:38.339000,0 days 00:00:41.606000,0 days 00:52:42.631000,0 days 00:53:20.970000,0 days 00:54:02.576000,198.0,178.0,,206.0,False,SOFT,5.0,True,Aston Martin,0 days 00:52:06.932000,,1,,False,,False,False
2022-05,FP2,0 days 01:01:12.954000,STR,18,,14.0,3.0,0 days 00:59:25.100000,0 days 01:01:10.911000,,0 days 00:00:37.413000,0 days 00:00:32.085000,,0 days 01:00:41.029000,0 days 01:01:12.954000,204.0,175.0,,298.0,False,SOFT,6.0,False,Aston Martin,0 days 00:54:02.576000,,1,,False,,False,False
2022-05,FP2,0 days 01:06:23.850000,STR,18,,15.0,4.0,0 days 01:01:30.227000,0 days 01:03:25.482000,0 days 00:00:49.638000,,,0 days 01:02:02.743000,,,195.0,,,,False,MEDIUM,9.0,False,Aston Martin,0 days 01:01:12.954000,,125,,False,,False,False
2022-05,FP2,0 days 01:08:07.963000,STR,18,,16.0,5.0,0 days 01:06:23.850000,,,0 days 00:00:37.157000,0 days 00:00:30.904000,,0 days 01:07:37.214000,0 days 01:08:08.010000,199.0,178.0,272.0,165.0,False,MEDIUM,10.0,False,Aston Martin,0 days 01:06:23.850000,,12,,False,,False,False
2022-05,FP2,0 days 01:09:43.550000,STR,18,0 days 00:01:35.587000,17.0,5.0,,,0 days 00:00:32.298000,0 days 00:00:36.653000,0 days 00:00:26.636000,0 days 01:08:40.261000,0 days 01:09:16.914000,0 days 01:09:43.550000,209.0,182.0,273.0,299.0,False,MEDIUM,11.0,False,Aston Martin,0 days 01:08:07.963000,,1,,False,,False,True
2022-05,FP2,0 days 01:11:18.731000,STR,18,0 days 00:01:35.181000,18.0,5.0,,,0 days 00:00:32.371000,0 days 00:00:36.332000,0 days 00:00:26.478000,0 days 01:10:15.921000,0 days 01:10:52.253000,0 days 01:11:18.731000,205.0,182.0,274.0,300.0,False,MEDIUM,12.0,False,Aston Martin,0 days 01:09:43.550000,,1,,False,,False,True
2022-05,FP2,0 days 01:12:55.352000,STR,18,0 days 00:01:36.621000,19.0,5.0,,,0 days 00:00:32.223000,0 days 00:00:36.198000,0 days 00:00:28.200000,0 days 01:11:50.954000,0 days 01:12:27.152000,0 days 01:12:55.352000,209.0,183.0,272.0,301.0,False,MEDIUM,13.0,False,Aston Martin,0 days 01:11:18.731000,,1,,False,,False,True
2022-05,FP2,0 days 01:14:30.237000,STR,18,0 days 00:01:34.885000,20.0,5.0,,,0 days 00:00:32.030000,0 days 00:00:36.205000,0 days 00:00:26.650000,0 days 01:13:27.382000,0 days 01:14:03.587000,0 days 01:14:30.237000,209.0,181.0,274.0,301.0,False,MEDIUM,14.0,False,Aston Martin,0 days 01:12:55.352000,,12,,False,,False,True
2022-05,FP2,0 days 01:16:07.992000,STR,18,0 days 00:01:37.755000,21.0,5.0,,,0 days 00:00:32.709000,0 days 00:00:38.384000,0 days 00:00:26.662000,0 days 01:15:02.946000,0 days 01:15:41.330000,0 days 01:16:07.992000,207.0,177.0,274.0,305.0,False,MEDIUM,15.0,False,Aston Martin,0 days 01:14:30.237000,,1,,False,,False,True
2022-05,FP2,0 days 01:18:10.415000,STR,18,0 days 00:02:02.423000,22.0,5.0,,,0 days 00:00:36.541000,0 days 00:00:41.470000,0 days 00:00:44.412000,0 days 01:16:44.533000,0 days 01:17:26.003000,0 days 01:18:10.415000,191.0,138.0,57.0,167.0,False,MEDIUM,16.0,False,Aston Martin,0 days 01:16:07.992000,,1,,False,,False,True
2022-05,FP2,0 days 01:20:25.563000,STR,18,0 days 00:02:15.148000,23.0,5.0,,0 days 01:20:23.520000,0 days 00:01:02.199000,0 days 00:00:38.912000,0 days 00:00:34.037000,0 days 01:19:12.614000,0 days 01:19:51.526000,0 days 01:20:25.563000,206.0,172.0,,228.0,False,MEDIUM,17.0,False,Aston Martin,0 days 01:18:10.415000,,1,,False,,False,False
2022-05,FP2,0 days 00:22:49.023000,MAG,20,,1.0,1.0,0 days 00:20:54.579000,,,0 days 00:00:43.638000,0 days 00:00:32.856000,,0 days 00:22:16.342000,0 days 00:22:49.121000,198.0,179.0,276.0,104.0,False,MEDIUM,1.0,True,Haas F1 Team,0 days 00:20:54.579000,,1,,False,,False,False
2022-05,FP2,0 days 00:24:22.875000,MAG,20,0 days 00:01:33.852000,2.0,1.0,,,0 days 00:00:30.922000,0 days 00:00:36.577000,0 days 00:00:26.353000,0 days 00:23:19.945000,0 days 00:23:56.522000,0 days 00:24:22.875000,215.0,177.0,279.0,304.0,True,MEDIUM,2.0,True,Haas F1 Team,0 days 00:22:49.023000,,1,,False,,False,True
2022-05,FP2,0 days 00:26:35.819000,MAG,20,0 days 00:02:12.944000,3.0,1.0,,0 days 00:26:33.851000,0 days 00:00:39.164000,0 days 00:00:49.939000,0 days 00:00:43.841000,0 days 00:25:02.039000,0 days 00:25:51.978000,0 days 00:26:35.819000,137.0,134.0,,151.0,False,MEDIUM,3.0,True,Haas F1 Team,0 days 00:24:22.875000,,12,,False,,False,False
2022-05,FP2,0 days 00:46:40.249000,MAG,20,,4.0,2.0,0 days 00:44:21.077000,,,0 days 00:00:42.541000,0 days 00:00:51.849000,,0 days 00:45:48.532000,0 days 00:46:40.289000,209.0,76.0,281.0,35.0,False,SOFT,1.0,True,Haas F1 Team,0 days 00:44:21.077000,,1,,False,,False,False
2022-05,FP2,0 days 00:48:16.100000,MAG,20,0 days 00:01:35.851000,5.0,2.0,,,0 days 00:00:30.492000,0 days 00:00:36.314000,0 days 00:00:29.045000,0 days 00:47:10.741000,0 days 00:47:47.055000,0 days 00:48:16.100000,218.0,166.0,251.0,302.0,False,SOFT,2.0,True,Haas F1 Team,0 days 00:46:40.249000,,12,,False,,False,True
2022-05,FP2,0 days 00:50:06.763000,MAG,20,0 days 00:01:50.663000,6.0,2.0,,,0 days 00:00:38.558000,0 days 00:00:38.537000,0 days 00:00:33.568000,0 days 00:48:54.658000,0 days 00:49:33.195000,0 days 00:50:06.763000,194.0,167.0,282.0,139.0,False,SOFT,3.0,True,Haas F1 Team,0 days 00:48:16.100000,,1,,False,,False,True
2022-05,FP2,0 days 00:51:37.684000,MAG,20,0 days 00:01:30.921000,7.0,2.0,,,0 days 00:00:30.233000,0 days 00:00:35.230000,0 days 00:00:25.458000,0 days 00:50:36.996000,0 days 00:51:12.226000,0 days 00:51:37.684000,218.0,188.0,277.0,330.0,True,SOFT,4.0,True,Haas F1 Team,0 days 00:50:06.763000,,1,,False,,False,True
2022-05,FP2,0 days 00:53:35.282000,MAG,20,0 days 00:01:57.598000,8.0,2.0,,,0 days 00:00:43.196000,0 days 00:00:44.603000,0 days 00:00:29.799000,0 days 00:52:20.880000,0 days 00:53:05.483000,0 days 00:53:35.282000,138.0,157.0,282.0,173.0,False,SOFT,5.0,True,Haas F1 Team,0 days 00:51:37.684000,,1,,False,,False,True
2022-05,FP2,0 days 00:55:06.492000,MAG,20,0 days 00:01:31.210000,9.0,2.0,,,0 days 00:00:29.989000,0 days 00:00:35.444000,0 days 00:00:25.777000,0 days 00:54:05.271000,0 days 00:54:40.715000,0 days 00:55:06.492000,217.0,184.0,281.0,327.0,False,SOFT,6.0,True,Haas F1 Team,0 days 00:53:35.282000,,1,,False,,False,True
2022-05,FP2,0 days 00:56:56.738000,MAG,20,0 days 00:01:50.246000,10.0,2.0,,,0 days 00:00:38.007000,0 days 00:00:43.883000,0 days 00:00:28.356000,0 days 00:55:44.499000,0 days 00:56:28.382000,0 days 00:56:56.738000,192.0,158.0,278.0,282.0,False,SOFT,7.0,True,Haas F1 Team,0 days 00:55:06.492000,,1,,False,,False,True
2022-05,FP2,0 days 00:58:28.594000,MAG,20,0 days 00:01:31.856000,11.0,2.0,,,0 days 00:00:30.306000,0 days 00:00:35.537000,0 days 00:00:26.013000,0 days 00:57:27.044000,0 days 00:58:02.581000,0 days 00:58:28.594000,216.0,184.0,274.0,323.0,False,SOFT,8.0,True,Haas F1 Team,0 days 00:56:56.738000,,1,,False,,False,True
2022-05,FP2,0 days 01:00:17.370000,MAG,20,0 days 00:01:48.776000,12.0,2.0,,0 days 01:00:15.348000,0 days 00:00:32.120000,0 days 00:00:38.344000,0 days 00:00:38.312000,0 days 00:59:00.714000,0 days 00:59:39.058000,0 days 01:00:17.370000,194.0,171.0,,199.0,False,SOFT,9.0,True,Haas F1 Team,0 days 00:58:28.594000,,1,,False,,False,False
2022-05,FP2,0 days 01:08:32.893000,MAG,20,,13.0,3.0,0 days 01:06:49.302000,,,0 days 00:00:38.077000,0 days 00:00:33.284000,,0 days 01:07:59.896000,0 days 01:08:32.931000,199.0,171.0,272.0,186.0,False,MEDIUM,4.0,False,Haas F1 Team,0 days 01:06:49.302000,,12,,False,,False,False
2022-05,FP2,0 days 01:10:07.144000,MAG,20,0 days 00:01:34.251000,14.0,3.0,,,0 days 00:00:32.107000,0 days 00:00:35.735000,0 days 00:00:26.409000,0 days 01:09:05,0 days 01:09:40.735000,0 days 01:10:07.144000,213.0,183.0,274.0,306.0,False,MEDIUM,5.0,False,Haas F1 Team,0 days 01:08:32.893000,,1,,False,,False,True
2022-05,FP2,0 days 01:11:41.569000,MAG,20,0 days 00:01:34.425000,15.0,3.0,,,0 days 00:00:31.933000,0 days 00:00:36.037000,0 days 00:00:26.455000,0 days 01:10:39.077000,0 days 01:11:15.114000,0 days 01:11:41.569000,208.0,184.0,273.0,295.0,False,MEDIUM,6.0,False,Haas F1 Team,0 days 01:10:07.144000,,1,,False,,False,True
2022-05,FP2,0 days 01:13:15.933000,MAG,20,0 days 00:01:34.364000,16.0,3.0,,,0 days 00:00:31.672000,0 days 00:00:36.181000,0 days 00:00:26.511000,0 days 01:12:13.241000,0 days 01:12:49.422000,0 days 01:13:15.933000,213.0,183.0,274.0,297.0,False,MEDIUM,7.0,False,Haas F1 Team,0 days 01:11:41.569000,,1,,False,,False,True
2022-05,FP2,0 days 01:15:08.358000,MAG,20,0 days 00:01:52.425000,17.0,3.0,,,0 days 00:00:48.191000,0 days 00:00:37.512000,0 days 00:00:26.722000,0 days 01:14:04.124000,0 days 01:14:41.636000,0 days 01:15:08.358000,181.0,178.0,272.0,307.0,False,MEDIUM,8.0,False,Haas F1 Team,0 days 01:13:15.933000,,12,,False,,False,True
2022-05,FP2,0 days 01:16:56.657000,MAG,20,0 days 00:01:48.299000,18.0,3.0,,,0 days 00:00:33.434000,0 days 00:00:38.877000,0 days 00:00:35.988000,0 days 01:15:41.792000,0 days 01:16:20.669000,0 days 01:16:56.657000,209.0,167.0,56.0,258.0,False,MEDIUM,9.0,False,Haas F1 Team,0 days 01:15:08.358000,,1,,False,,False,True
2022-05,FP2,0 days 01:19:19.277000,MAG,20,0 days 00:02:22.620000,19.0,3.0,,0 days 01:19:17.221000,0 days 00:01:08.329000,0 days 00:00:38.563000,0 days 00:00:35.728000,0 days 01:18:04.986000,0 days 01:18:43.549000,0 days 01:19:19.277000,206.0,163.0,,244.0,False,MEDIUM,10.0,False,Haas F1 Team,0 days 01:16:56.657000,,1,,False,,False,False
2022-05,FP2,0 days 00:24:12.035000,TSU,22,,1.0,1.0,0 days 00:22:25.257000,,,0 days 00:00:39.589000,0 days 00:00:30.487000,,0 days 00:23:41.728000,0 days 00:24:12.129000,205.0,148.0,278.0,237.0,False,MEDIUM,1.0,True,AlphaTauri,0 days 00:22:25.257000,,1,,False,,False,False
2022-05,FP2,0 days 00:25:45.273000,TSU,22,0 days 00:01:33.238000,2.0,1.0,,,0 days 00:00:31.762000,0 days 00:00:35.564000,0 days 00:00:25.912000,0 days 00:24:43.797000,0 days 00:25:19.361000,0 days 00:25:45.273000,216.0,185.0,279.0,327.0,True,MEDIUM,2.0,True,AlphaTauri,0 days 00:24:12.035000,,12,,False,,False,True
2022-05,FP2,0 days 00:27:52.623000,TSU,22,0 days 00:02:07.350000,3.0,1.0,,,0 days 00:00:43.577000,0 days 00:00:49.246000,0 days 00:00:34.527000,0 days 00:26:28.850000,0 days 00:27:18.096000,0 days 00:27:52.623000,151.0,101.0,280.0,93.0,False,MEDIUM,3.0,True,AlphaTauri,0 days 00:25:45.273000,,1,,False,,False,True
2022-05,FP2,0 days 00:29:25.340000,TSU,22,0 days 00:01:32.717000,4.0,1.0,,,0 days 00:00:31.419000,0 days 00:00:35.365000,0 days 00:00:25.933000,0 days 00:28:24.042000,0 days 00:28:59.407000,0 days 00:29:25.340000,215.0,185.0,278.0,327.0,True,MEDIUM,4.0,True,AlphaTauri,0 days 00:27:52.623000,,1,,False,,False,True
2022-05,FP2,0 days 00:31:26.041000,TSU,22,0 days 00:02:00.701000,5.0,1.0,,,0 days 00:00:47.173000,0 days 00:00:42.696000,0 days 00:00:30.832000,0 days 00:30:12.513000,0 days 00:30:55.209000,0 days 00:31:26.041000,152.0,132.0,283.0,204.0,False,MEDIUM,5.0,True,AlphaTauri,0 days 00:29:25.340000,,1,,False,,False,True
2022-05,FP2,0 days 00:44:34.199000,TSU,22,,6.0,1.0,,0 days 00:33:16.869000,0 days 00:00:30.918000,,,0 days 00:31:57.180000,,,220.0,,,,False,MEDIUM,6.0,True,AlphaTauri,0 days 00:31:26.041000,,125,,False,,False,False
2022-05,FP2,0 days 00:46:55.876000,TSU,22,,7.0,2.0,0 days 00:44:34.199000,,,0 days 00:00:39.461000,0 days 00:00:57.356000,,0 days 00:45:58.646000,0 days 00:46:55.950000,184.0,144.0,279.0,128.0,False,SOFT,1.0,True,AlphaTauri,0 days 00:44:34.199000,,12,,False,,False,False
2022-05,FP2,0 days 00:48:28.281000,TSU,22,0 days 00:01:32.405000,8.0,2.0,,,0 days 00:00:30.793000,0 days 00:00:35.338000,0 days 00:00:26.274000,0 days 00:47:26.669000,0 days 00:48:02.007000,0 days 00:48:28.281000,215.0,185.0,270.0,305.0,True,SOFT,2.0,True,AlphaTauri,0 days 00:46:55.876000,,21,,False,,False,True
2022-05,FP2,0 days 00:50:45.231000,TSU,22,0 days 00:02:16.950000,9.0,2.0,,,0 days 00:00:48.300000,0 days 00:00:43.370000,0 days 00:00:45.280000,0 days 00:49:16.581000,0 days 00:49:59.951000,0 days 00:50:45.231000,160.0,126.0,279.0,64.0,False,SOFT,3.0,True,AlphaTauri,0 days 00:48:28.281000,,1,,False,,False,True
2022-05,FP2,0 days 00:52:37.905000,TSU,22,0 days 00:01:52.674000,10.0,2.0,,,0 days 00:00:30.859000,0 days 00:00:44.936000,0 days 00:00:36.879000,0 days 00:51:16.090000,0 days 00:52:01.026000,0 days 00:52:37.905000,213.0,136.0,279.0,139.0,False,SOFT,4.0,True,AlphaTauri,0 days 00:50:45.231000,,1,,False,,False,True
2022-05,FP2,0 days 00:54:09.458000,TSU,22,0 days 00:01:31.553000,11.0,2.0,,,0 days 00:00:30.647000,0 days 00:00:35.116000,0 days 00:00:25.790000,0 days 00:53:08.552000,0 days 00:53:43.668000,0 days 00:54:09.458000,217.0,185.0,280.0,326.0,True,SOFT,5.0,True,AlphaTauri,0 days 00:52:37.905000,,1,,False,,False,True
2022-05,FP2,0 days 00:56:17.915000,TSU,22,0 days 00:02:08.457000,12.0,2.0,,,0 days 00:00:51.101000,0 days 00:00:48.865000,0 days 00:00:28.491000,0 days 00:55:00.559000,0 days 00:55:49.424000,0 days 00:56:17.915000,158.0,152.0,281.0,284.0,False,SOFT,6.0,True,AlphaTauri,0 days 00:54:09.458000,,1,,False,,False,True
2022-05,FP2,0 days 00:57:49.448000,TSU,22,0 days 00:01:31.533000,13.0,2.0,,,0 days 00:00:30.484000,0 days 00:00:35.281000,0 days 00:00:25.768000,0 days 00:56:48.399000,0 days 00:57:23.680000,0 days 00:57:49.448000,216.0,186.0,280.0,325.0,True,SOFT,7.0,True,AlphaTauri,0 days 00:56:17.915000,,1,,False,,False,True
2022-05,FP2,0 days 00:59:50.407000,TSU,22,0 days 00:02:00.959000,14.0,2.0,,,0 days 00:00:46.138000,0 days 00:00:45.056000,0 days 00:00:29.765000,0 days 00:58:35.586000,0 days 00:59:20.642000,0 days 00:59:50.407000,161.0,128.0,281.0,271.0,False,SOFT,8.0,True,AlphaTauri,0 days 00:57:49.448000,,1,,False,,False,True
2022-05,FP2,0 days 01:01:21.667000,TSU,22,0 days 00:01:31.260000,15.0,2.0,,,0 days 00:00:30.223000,0 days 00:00:35.405000,0 days 00:00:25.632000,0 days 01:00:20.630000,0 days 01:00:56.035000,0 days 01:01:21.667000,215.0,186.0,281.0,325.0,True,SOFT,9.0,True,AlphaTauri,0 days 00:59:50.407000,,1,,False,,False,True
2022-05,FP2,0 days 01:08:31.168000,TSU,22,,16.0,2.0,,0 days 01:03:21.718000,0 days 00:00:36.706000,,,0 days 01:01:58.574000,,,193.0,,,,False,SOFT,10.0,True,AlphaTauri,0 days 01:01:21.667000,,125,,False,,False,False
2022-05,FP2,0 days 01:10:09.364000,TSU,22,,17.0,3.0,0 days 01:08:31.168000,,,0 days 00:00:36.503000,0 days 00:00:26.624000,,0 days 01:09:42.874000,0 days 01:10:09.411000,202.0,180.0,272.0,310.0,False,SOFT,11.0,False,AlphaTauri,0 days 01:08:31.168000,,1,,False,,False,False
2022-05,FP2,0 days 01:11:44.592000,TSU,22,0 days 00:01:35.228000,18.0,3.0,,,0 days 00:00:32.423000,0 days 00:00:36.256000,0 days 00:00:26.549000,0 days 01:10:41.787000,0 days 01:11:18.043000,0 days 01:11:44.592000,206.0,180.0,272.0,306.0,False,SOFT,12.0,False,AlphaTauri,0 days 01:10:09.364000,,1,,False,,False,True
2022-05,FP2,0 days 01:13:19.754000,TSU,22,0 days 00:01:35.162000,19.0,3.0,,,0 days 00:00:32.294000,0 days 00:00:36.750000,0 days 00:00:26.118000,0 days 01:12:16.886000,0 days 01:12:53.636000,0 days 01:13:19.754000,213.0,185.0,273.0,323.0,False,SOFT,13.0,False,AlphaTauri,0 days 01:11:44.592000,,1,,False,,False,True
2022-05,FP2,0 days 01:14:56.461000,TSU,22,0 days 00:01:36.707000,20.0,3.0,,,0 days 00:00:32.717000,0 days 00:00:37.592000,0 days 00:00:26.398000,0 days 01:13:52.471000,0 days 01:14:30.063000,0 days 01:14:56.461000,209.0,181.0,273.0,298.0,False,SOFT,14.0,False,AlphaTauri,0 days 01:13:19.754000,,12,,False,,False,True
2022-05,FP2,0 days 01:16:31.052000,TSU,22,0 days 00:01:34.591000,21.0,3.0,,,0 days 00:00:32.285000,0 days 00:00:36.167000,0 days 00:00:26.139000,0 days 01:15:28.746000,0 days 01:16:04.913000,0 days 01:16:31.052000,212.0,183.0,277.0,306.0,False,SOFT,15.0,False,AlphaTauri,0 days 01:14:56.461000,,1,,False,,False,True
2022-05,FP2,0 days 01:18:26.614000,TSU,22,0 days 00:01:55.562000,22.0,3.0,,,0 days 00:00:37.315000,0 days 00:00:41.406000,0 days 00:00:36.841000,0 days 01:17:08.367000,0 days 01:17:49.773000,0 days 01:18:26.614000,192.0,167.0,54.0,246.0,False,SOFT,16.0,False,AlphaTauri,0 days 01:16:31.052000,,1,,False,,False,True
2022-05,FP2,0 days 01:20:42.855000,TSU,22,0 days 00:02:16.241000,23.0,3.0,,0 days 01:20:40.810000,0 days 00:00:54.173000,0 days 00:00:46.344000,0 days 00:00:35.724000,0 days 01:19:20.787000,0 days 01:20:07.131000,0 days 01:20:42.855000,177.0,161.0,,251.0,False,SOFT,17.0,False,AlphaTauri,0 days 01:18:26.614000,,1,,False,,False,False
2022-05,FP2,0 days 00:17:59.722000,ALB,23,,1.0,1.0,0 days 00:16:04.836000,,,0 days 00:00:41.082000,0 days 00:00:33.927000,,0 days 00:17:25.939000,0 days 00:17:59.802000,181.0,158.0,279.0,177.0,False,MEDIUM,1.0,True,Williams,0 days 00:16:04.836000,,1,,False,,False,False
2022-05,FP2,0 days 00:19:51.123000,ALB,23,0 days 00:01:51.401000,2.0,1.0,,,0 days 00:00:34.690000,0 days 00:00:46.209000,0 days 00:00:30.502000,0 days 00:18:34.412000,0 days 00:19:20.621000,0 days 00:19:51.123000,182.0,148.0,278.0,251.0,True,MEDIUM,2.0,True,Williams,0 days 00:17:59.722000,,1,,False,,False,True
2022-05,FP2,0 days 00:21:25.346000,ALB,23,0 days 00:01:34.223000,3.0,1.0,,,0 days 00:00:32.434000,0 days 00:00:36.031000,0 days 00:00:25.758000,0 days 00:20:23.557000,0 days 00:20:59.588000,0 days 00:21:25.346000,192.0,184.0,279.0,328.0,True,MEDIUM,3.0,True,Williams,0 days 00:19:51.123000,,1,,False,,False,True
2022-05,FP2,0 days 00:23:29.943000,ALB,23,0 days 00:02:04.597000,4.0,1.0,,,0 days 00:00:43.954000,0 days 00:00:46.286000,0 days 00:00:34.357000,0 days 00:22:09.300000,0 days 00:22:55.586000,0 days 00:23:29.943000,191.0,151.0,283.0,139.0,False,MEDIUM,4.0,True,Williams,0 days 00:21:25.346000,,1,,False,,False,True
2022-05,FP2,0 days 00:25:21.618000,ALB,23,0 days 00:01:51.675000,5.0,1.0,,,0 days 00:00:35.593000,0 days 00:00:46.127000,0 days 00:00:29.955000,0 days 00:24:05.536000,0 days 00:24:51.663000,0 days 00:25:21.618000,138.0,158.0,284.0,265.0,False,MEDIUM,5.0,True,Williams,0 days 00:23:29.943000,,1,,False,,False,True
2022-05,FP2,0 days 00:26:53.565000,ALB,23,0 days 00:01:31.947000,6.0,1.0,,,0 days 00:00:31.139000,0 days 00:00:35.267000,0 days 00:00:25.541000,0 days 00:25:52.757000,0 days 00:26:28.024000,0 days 00:26:53.565000,218.0,187.0,284.0,330.0,True,MEDIUM,6.0,True,Williams,0 days 00:25:21.618000,,12,,False,,False,True
2022-05,FP2,0 days 00:28:42.569000,ALB,23,0 days 00:01:49.004000,7.0,1.0,,0 days 00:28:40.567000,0 days 00:00:35.974000,0 days 00:00:40.277000,0 days 00:00:32.753000,0 days 00:27:29.539000,0 days 00:28:09.816000,0 days 00:28:42.569000,196.0,169.0,,312.0,False,MEDIUM,7.0,True,Williams,0 days 00:26:53.565000,,1,,False,,False,False
2022-05,FP2,0 days 00:47:34.915000,ALB,23,,8.0,2.0,0 days 00:45:33.855000,,,0 days 00:00:40.827000,0 days 00:00:41.400000,,0 days 00:46:53.674000,0 days 00:47:34.934000,173.0,130.0,282.0,120.0,False,SOFT,1.0,True,Williams,0 days 00:45:33.855000,,12,,False,,False,False
2022-05,FP2,0 days 00:49:23.940000,ALB,23,0 days 00:01:49.025000,9.0,2.0,,,0 days 00:00:30.992000,0 days 00:00:42.862000,0 days 00:00:35.171000,0 days 00:48:05.907000,0 days 00:48:48.769000,0 days 00:49:23.940000,212.0,118.0,238.0,210.0,False,SOFT,2.0,True,Williams,0 days 00:47:34.915000,,21,,False,,False,True
2022-05,FP2,0 days 00:51:30.520000,ALB,23,0 days 00:02:06.580000,10.0,2.0,,,0 days 00:00:45.844000,0 days 00:00:44.630000,0 days 00:00:36.106000,0 days 00:50:09.784000,0 days 00:50:54.414000,0 days 00:51:30.520000,164.0,155.0,282.0,119.0,False,SOFT,3.0,True,Williams,0 days 00:49:23.940000,,1,,False,,False,True
2022-05,FP2,0 days 00:53:23.196000,ALB,23,0 days 00:01:52.676000,11.0,2.0,,,0 days 00:00:39.526000,0 days 00:00:43.046000,0 days 00:00:30.104000,0 days 00:52:10.046000,0 days 00:52:53.092000,0 days 00:53:23.196000,174.0,167.0,281.0,269.0,False,SOFT,4.0,True,Williams,0 days 00:51:30.520000,,1,,False,,False,True
2022-05,FP2,0 days 00:54:54.906000,ALB,23,0 days 00:01:31.710000,12.0,2.0,,,0 days 00:00:30.564000,0 days 00:00:35.397000,0 days 00:00:25.749000,0 days 00:53:53.760000,0 days 00:54:29.157000,0 days 00:54:54.906000,215.0,186.0,282.0,325.0,True,SOFT,5.0,True,Williams,0 days 00:53:23.196000,,1,,False,,False,True
2022-05,FP2,0 days 00:56:40.880000,ALB,23,0 days 00:01:45.974000,13.0,2.0,,0 days 00:56:38.858000,0 days 00:00:35.037000,0 days 00:00:38.171000,0 days 00:00:32.766000,0 days 00:55:29.943000,0 days 00:56:08.114000,0 days 00:56:40.880000,203.0,173.0,,294.0,False,SOFT,6.0,True,Williams,0 days 00:54:54.906000,,1,,False,,False,False
2022-05,FP2,0 days 01:06:25.072000,ALB,23,,14.0,3.0,0 days 01:01:35.340000,0 days 01:03:27.838000,,,,,,,205.0,,,,False,SOFT,7.0,False,Williams,0 days 00:56:40.880000,,125,,False,,False,False
2022-05,FP2,0 days 01:08:16.839000,ALB,23,,15.0,4.0,0 days 01:06:25.072000,0 days 01:08:14.813000,,0 days 00:00:38.038000,0 days 00:00:40.644000,,0 days 01:07:36.382000,0 days 01:08:16.849000,210.0,96.0,,299.0,False,SOFT,8.0,False,Williams,0 days 01:06:25.072000,,12,,False,,False,False
2022-05,FP2,0 days 01:10:16.081000,ALB,23,0 days 00:01:59.242000,16.0,5.0,0 days 01:08:34.187000,,0 days 00:00:49.735000,0 days 00:00:37.623000,0 days 00:00:31.884000,0 days 01:09:06.574000,0 days 01:09:44.197000,0 days 01:10:16.081000,209.0,159.0,277.0,157.0,False,MEDIUM,8.0,False,Williams,0 days 01:08:16.839000,,1,,False,,False,False
2022-05,FP2,0 days 01:11:50.836000,ALB,23,0 days 00:01:34.755000,17.0,5.0,,,0 days 00:00:32.502000,0 days 00:00:36.012000,0 days 00:00:26.241000,0 days 01:10:48.583000,0 days 01:11:24.595000,0 days 01:11:50.836000,214.0,183.0,277.0,300.0,False,MEDIUM,9.0,False,Williams,0 days 01:10:16.081000,,1,,False,,False,True
2022-05,FP2,0 days 01:13:26.048000,ALB,23,0 days 00:01:35.212000,18.0,5.0,,,0 days 00:00:32.773000,0 days 00:00:36.199000,0 days 00:00:26.240000,0 days 01:12:23.609000,0 days 01:12:59.808000,0 days 01:13:26.048000,210.0,183.0,277.0,299.0,False,MEDIUM,10.0,False,Williams,0 days 01:11:50.836000,,1,,False,,False,True
2022-05,FP2,0 days 01:15:01.669000,ALB,23,0 days 00:01:35.621000,19.0,5.0,,,0 days 00:00:33.006000,0 days 00:00:36.288000,0 days 00:00:26.327000,0 days 01:13:59.054000,0 days 01:14:35.342000,0 days 01:15:01.669000,208.0,181.0,278.0,301.0,False,MEDIUM,11.0,False,Williams,0 days 01:13:26.048000,,12,,False,,False,True
2022-05,FP2,0 days 01:16:51.198000,ALB,23,0 days 00:01:49.529000,20.0,5.0,,,0 days 00:00:32.565000,0 days 00:00:36.281000,0 days 00:00:40.683000,0 days 01:15:34.234000,0 days 01:16:10.515000,0 days 01:16:51.198000,209.0,183.0,69.0,207.0,False,MEDIUM,12.0,False,Williams,0 days 01:15:01.669000,,1,,False,,False,True
2022-05,FP2,0 days 01:19:00.717000,ALB,23,0 days 00:02:09.519000,21.0,5.0,,0 days 01:18:58.668000,0 days 00:00:57.004000,0 days 00:00:38.114000,0 days 00:00:34.401000,0 days 01:17:48.202000,0 days 01:18:26.316000,0 days 01:19:00.717000,203.0,160.0,,288.0,False,MEDIUM,13.0,False,Williams,0 days 01:16:51.198000,,1,,False,,False,False
2022-05,FP2,0 days 00:17:14.232000,ZHO,24,,1.0,1.0,0 days 00:15:08.699000,,,0 days 00:00:47.246000,0 days 00:00:34.605000,,0 days 00:16:39.799000,0 days 00:17:14.328000,186.0,106.0,274.0,152.0,False,MEDIUM,1.0,True,Alfa Romeo,0 days 00:15:08.699000,,1,,False,,False,False
2022-05,FP2,0 days 00:18:50.262000,ZHO,24,0 days 00:01:36.030000,2.0,1.0,,,0 days 00:00:32.498000,0 days 00:00:35.763000,0 days 00:00:27.769000,0 days 00:17:46.730000,0 days 00:18:22.493000,0 days 00:18:50.262000,209.0,186.0,259.0,315.0,True,MEDIUM,2.0,True,Alfa Romeo,0 days 00:17:14.232000,,1,,False,,False,True
2022-05,FP2,0 days 00:20:57.499000,ZHO,24,0 days 00:02:07.237000,3.0,1.0,,,0 days 00:00:41.026000,0 days 00:00:51.115000,0 days 00:00:35.096000,0 days 00:19:31.288000,0 days 00:20:22.403000,0 days 00:20:57.499000,167.0,87.0,276.0,245.0,False,MEDIUM,3.0,True,Alfa Romeo,0 days 00:18:50.262000,,1,,False,,False,True
2022-05,FP2,0 days 00:22:30.721000,ZHO,24,0 days 00:01:33.222000,4.0,1.0,,,0 days 00:00:31.751000,0 days 00:00:35.339000,0 days 00:00:26.132000,0 days 00:21:29.250000,0 days 00:22:04.589000,0 days 00:22:30.721000,214.0,187.0,270.0,325.0,True,MEDIUM,4.0,True,Alfa Romeo,0 days 00:20:57.499000,,1,,False,,False,True
2022-05,FP2,0 days 00:24:35.340000,ZHO,24,0 days 00:02:04.619000,5.0,1.0,,,0 days 00:00:42.841000,0 days 00:00:48.302000,0 days 00:00:33.476000,0 days 00:23:13.562000,0 days 00:24:01.864000,0 days 00:24:35.340000,152.0,150.0,282.0,153.0,False,MEDIUM,5.0,True,Alfa Romeo,0 days 00:22:30.721000,,1,,False,,False,True
2022-05,FP2,0 days 00:26:06.847000,ZHO,24,0 days 00:01:31.507000,6.0,1.0,,,0 days 00:00:30.761000,0 days 00:00:34.969000,0 days 00:00:25.777000,0 days 00:25:06.101000,0 days 00:25:41.070000,0 days 00:26:06.847000,219.0,189.0,277.0,328.0,True,MEDIUM,6.0,True,Alfa Romeo,0 days 00:24:35.340000,,12,,False,,False,True
2022-05,FP2,0 days 00:28:10.709000,ZHO,24,0 days 00:02:03.862000,7.0,1.0,,,0 days 00:00:44.117000,0 days 00:00:47.099000,0 days 00:00:32.646000,0 days 00:26:50.964000,0 days 00:27:38.063000,0 days 00:28:10.709000,173.0,144.0,278.0,149.0,False,MEDIUM,7.0,True,Alfa Romeo,0 days 00:26:06.847000,,1,,False,,False,True
2022-05,FP2,0 days 00:29:42.591000,ZHO,24,0 days 00:01:31.882000,8.0,1.0,,,0 days 00:00:30.937000,0 days 00:00:34.999000,0 days 00:00:25.946000,0 days 00:28:41.646000,0 days 00:29:16.645000,0 days 00:29:42.591000,217.0,187.0,275.0,323.0,False,MEDIUM,8.0,True,Alfa Romeo,0 days 00:28:10.709000,,1,,False,,False,True
2022-05,FP2,0 days 00:31:38.833000,ZHO,24,0 days 00:01:56.242000,9.0,1.0,,0 days 00:31:36.859000,0 days 00:00:40.208000,0 days 00:00:40.902000,0 days 00:00:35.132000,0 days 00:30:22.799000,0 days 00:31:03.701000,0 days 00:31:38.833000,191.0,172.0,,255.0,False,MEDIUM,9.0,True,Alfa Romeo,0 days 00:29:42.591000,,1,,False,,False,False
2022-05,FP2,0 days 00:46:45.094000,ZHO,24,,10.0,2.0,0 days 00:44:16.907000,,,0 days 00:00:45.266000,0 days 00:00:54.895000,,0 days 00:45:50.371000,0 days 00:46:45.192000,201.0,126.0,277.0,42.0,False,SOFT,1.0,True,Alfa Romeo,0 days 00:44:16.907000,,1,,False,,False,False
2022-05,FP2,0 days 00:48:22.419000,ZHO,24,0 days 00:01:37.325000,11.0,2.0,,,0 days 00:00:30.429000,0 days 00:00:35.234000,0 days 00:00:31.662000,0 days 00:47:15.523000,0 days 00:47:50.757000,0 days 00:48:22.419000,216.0,187.0,232.0,169.0,False,SOFT,2.0,True,Alfa Romeo,0 days 00:46:45.094000,,12,,False,,False,True
2022-05,FP2,0 days 00:50:41.438000,ZHO,24,0 days 00:02:19.019000,12.0,2.0,,,0 days 00:00:44.506000,0 days 00:00:49.506000,0 days 00:00:45.007000,0 days 00:49:06.925000,0 days 00:49:56.431000,0 days 00:50:41.438000,126.0,129.0,255.0,69.0,False,SOFT,3.0,True,Alfa Romeo,0 days 00:48:22.419000,,1,,False,,False,True
2022-05,FP2,0 days 00:52:43.315000,ZHO,24,0 days 00:02:01.877000,13.0,2.0,,,0 days 00:00:42.277000,0 days 00:00:43.293000,0 days 00:00:36.307000,0 days 00:51:23.715000,0 days 00:52:07.008000,0 days 00:52:43.315000,173.0,92.0,278.0,215.0,False,SOFT,4.0,True,Alfa Romeo,0 days 00:50:41.438000,,1,,False,,False,True
2022-05,FP2,0 days 00:54:14.175000,ZHO,24,0 days 00:01:30.860000,14.0,2.0,,,0 days 00:00:30.427000,0 days 00:00:34.740000,0 days 00:00:25.693000,0 days 00:53:13.742000,0 days 00:53:48.482000,0 days 00:54:14.175000,217.0,188.0,275.0,325.0,True,SOFT,5.0,True,Alfa Romeo,0 days 00:52:43.315000,,1,,False,,False,True
2022-05,FP2,0 days 00:56:17.875000,ZHO,24,0 days 00:02:03.700000,15.0,2.0,,0 days 00:56:15.895000,0 days 00:00:46.325000,0 days 00:00:42.175000,0 days 00:00:35.200000,0 days 00:55:00.500000,0 days 00:55:42.675000,0 days 00:56:17.875000,183.0,171.0,,224.0,False,SOFT,6.0,True,Alfa Romeo,0 days 00:54:14.175000,,1,,False,,False,False
2022-05,FP2,0 days 01:06:27.712000,ZHO,24,,16.0,3.0,0 days 01:01:26.131000,0 days 01:03:19.985000,,,,,,,206.0,,,,False,SOFT,7.0,False,Alfa Romeo,0 days 00:56:17.875000,,125,,False,,False,False
2022-05,FP2,0 days 01:08:25.655000,ZHO,24,,17.0,4.0,0 days 01:06:27.712000,,,0 days 00:00:45.879000,0 days 00:00:35.539000,,0 days 01:07:50.252000,0 days 01:08:25.667000,203.0,92.0,275.0,147.0,False,MEDIUM,10.0,False,Alfa Romeo,0 days 01:06:27.712000,,12,,False,,False,False
2022-05,FP2,0 days 01:09:59.582000,ZHO,24,0 days 00:01:33.927000,18.0,4.0,,,0 days 00:00:31.743000,0 days 00:00:35.753000,0 days 00:00:26.431000,0 days 01:08:57.398000,0 days 01:09:33.151000,0 days 01:09:59.582000,214.0,185.0,275.0,307.0,False,MEDIUM,11.0,False,Alfa Romeo,0 days 01:08:25.655000,,1,,False,,False,True
2022-05,FP2,0 days 01:11:34.177000,ZHO,24,0 days 00:01:34.595000,19.0,4.0,,,0 days 00:00:31.897000,0 days 00:00:36.248000,0 days 00:00:26.450000,0 days 01:10:31.479000,0 days 01:11:07.727000,0 days 01:11:34.177000,214.0,183.0,274.0,301.0,False,MEDIUM,12.0,False,Alfa Romeo,0 days 01:09:59.582000,,1,,False,,False,True
2022-05,FP2,0 days 01:13:08.705000,ZHO,24,0 days 00:01:34.528000,20.0,4.0,,,0 days 00:00:32.525000,0 days 00:00:35.896000,0 days 00:00:26.107000,0 days 01:12:06.702000,0 days 01:12:42.598000,0 days 01:13:08.705000,212.0,184.0,279.0,318.0,False,MEDIUM,13.0,False,Alfa Romeo,0 days 01:11:34.177000,,1,,False,,False,True
2022-05,FP2,0 days 01:14:43.604000,ZHO,24,0 days 00:01:34.899000,21.0,4.0,,,0 days 00:00:32.235000,0 days 00:00:36.043000,0 days 00:00:26.621000,0 days 01:13:40.940000,0 days 01:14:16.983000,0 days 01:14:43.604000,213.0,181.0,275.0,303.0,False,MEDIUM,14.0,False,Alfa Romeo,0 days 01:13:08.705000,,12,,False,,False,True
2022-05,FP2,0 days 01:16:19.067000,ZHO,24,0 days 00:01:35.463000,22.0,4.0,,,0 days 00:00:32.381000,0 days 00:00:36.327000,0 days 00:00:26.755000,0 days 01:15:15.985000,0 days 01:15:52.312000,0 days 01:16:19.067000,211.0,182.0,271.0,298.0,False,MEDIUM,15.0,False,Alfa Romeo,0 days 01:14:43.604000,,1,,False,,False,True
2022-05,FP2,0 days 01:18:24.579000,ZHO,24,0 days 00:02:05.512000,23.0,4.0,,,0 days 00:00:33.421000,0 days 00:00:43.888000,0 days 00:00:48.203000,0 days 01:16:52.488000,0 days 01:17:36.376000,0 days 01:18:24.579000,210.0,132.0,48.0,150.0,False,MEDIUM,16.0,False,Alfa Romeo,0 days 01:16:19.067000,,1,,False,,False,True
2022-05,FP2,0 days 01:20:48.964000,ZHO,24,0 days 00:02:24.385000,24.0,4.0,,0 days 01:20:46.914000,0 days 00:00:58.137000,0 days 00:00:48.839000,0 days 00:00:37.409000,0 days 01:19:22.716000,0 days 01:20:11.555000,0 days 01:20:48.964000,186.0,127.0,,210.0,False,MEDIUM,17.0,False,Alfa Romeo,0 days 01:18:24.579000,,1,,False,,False,False
2022-05,FP2,0 days 00:17:27.494000,OCO,31,,1.0,1.0,0 days 00:15:23.407000,,,0 days 00:00:46.671000,0 days 00:00:36.077000,,0 days 00:16:51.610000,0 days 00:17:27.606000,172.0,119.0,279.0,146.0,False,MEDIUM,1.0,True,Alpine,0 days 00:15:23.407000,,1,,False,,False,False
2022-05,FP2,0 days 00:19:00.400000,OCO,31,0 days 00:01:32.906000,2.0,1.0,,,0 days 00:00:31.322000,0 days 00:00:35.713000,0 days 00:00:25.871000,0 days 00:17:58.816000,0 days 00:18:34.529000,0 days 00:19:00.400000,213.0,185.0,280.0,328.0,True,MEDIUM,2.0,True,Alpine,0 days 00:17:27.494000,,1,,False,,False,True
2022-05,FP2,0 days 00:21:18.473000,OCO,31,0 days 00:02:18.073000,3.0,1.0,,,0 days 00:00:46.631000,0 days 00:00:55.069000,0 days 00:00:36.373000,0 days 00:19:47.031000,0 days 00:20:42.100000,0 days 00:21:18.473000,129.0,135.0,281.0,190.0,False,MEDIUM,3.0,True,Alpine,0 days 00:19:00.400000,,1,,False,,False,True
2022-05,FP2,0 days 00:22:50.226000,OCO,31,0 days 00:01:31.753000,4.0,1.0,,,0 days 00:00:30.786000,0 days 00:00:35.331000,0 days 00:00:25.636000,0 days 00:21:49.259000,0 days 00:22:24.590000,0 days 00:22:50.226000,216.0,186.0,283.0,332.0,True,MEDIUM,4.0,True,Alpine,0 days 00:21:18.473000,,1,,False,,False,True
2022-05,FP2,0 days 00:24:53.324000,OCO,31,0 days 00:02:03.098000,5.0,1.0,,0 days 00:24:51.343000,0 days 00:00:45.570000,0 days 00:00:44.659000,0 days 00:00:32.869000,0 days 00:23:35.796000,0 days 00:24:20.455000,0 days 00:24:53.324000,174.0,172.0,,289.0,False,MEDIUM,5.0,True,Alpine,0 days 00:22:50.226000,,1,,False,,False,False
2022-05,FP2,0 days 00:46:21.714000,OCO,31,,6.0,2.0,0 days 00:44:10.080000,,,0 days 00:00:43.233000,0 days 00:00:44.021000,,0 days 00:45:37.870000,0 days 00:46:21.806000,176.0,141.0,284.0,51.0,False,SOFT,1.0,True,Alpine,0 days 00:44:10.080000,,1,,False,,False,False
2022-05,FP2,0 days 00:48:12.545000,OCO,31,0 days 00:01:50.831000,7.0,2.0,,,0 days 00:00:30.329000,0 days 00:00:34.789000,0 days 00:00:45.713000,0 days 00:46:52.043000,0 days 00:47:26.832000,0 days 00:48:12.545000,217.0,188.0,196.0,127.0,False,SOFT,2.0,True,Alpine,0 days 00:46:21.714000,,12,,False,,False,True
2022-05,FP2,0 days 00:50:30.239000,OCO,31,0 days 00:02:17.694000,8.0,2.0,,,0 days 00:00:46.155000,0 days 00:00:49.597000,0 days 00:00:41.942000,0 days 00:48:58.700000,0 days 00:49:48.297000,0 days 00:50:30.239000,158.0,129.0,284.0,84.0,False,SOFT,3.0,True,Alpine,0 days 00:48:12.545000,,1,,False,,False,True
2022-05,FP2,0 days 00:52:01.373000,OCO,31,0 days 00:01:31.134000,9.0,2.0,,,0 days 00:00:30.363000,0 days 00:00:35.288000,0 days 00:00:25.483000,0 days 00:51:00.602000,0 days 00:51:35.890000,0 days 00:52:01.373000,218.0,186.0,278.0,329.0,True,SOFT,4.0,True,Alpine,0 days 00:50:30.239000,,1,,False,,False,True
2022-05,FP2,0 days 00:54:27.152000,OCO,31,0 days 00:02:25.779000,10.0,2.0,,,0 days 00:00:42.875000,0 days 00:00:59.096000,0 days 00:00:43.808000,0 days 00:52:44.248000,0 days 00:53:43.344000,0 days 00:54:27.152000,159.0,92.0,285.0,244.0,False,SOFT,5.0,True,Alpine,0 days 00:52:01.373000,,1,,False,,False,True
2022-05,FP2,0 days 00:55:58.013000,OCO,31,0 days 00:01:30.861000,11.0,2.0,,,0 days 00:00:30.364000,0 days 00:00:34.983000,0 days 00:00:25.514000,0 days 00:54:57.516000,0 days 00:55:32.499000,0 days 00:55:58.013000,216.0,186.0,283.0,326.0,True,SOFT,6.0,True,Alpine,0 days 00:54:27.152000,,1,,False,,False,True
2022-05,FP2,0 days 00:57:51.748000,OCO,31,0 days 00:01:53.735000,12.0,2.0,,0 days 00:57:49.770000,0 days 00:00:37.078000,0 days 00:00:40.572000,0 days 00:00:36.085000,0 days 00:56:35.091000,0 days 00:57:15.663000,0 days 00:57:51.748000,194.0,161.0,,220.0,False,SOFT,7.0,True,Alpine,0 days 00:55:58.013000,,1,,False,,False,False
2022-05,FP2,0 days 01:07:50.259000,OCO,31,,13.0,3.0,0 days 01:06:10.551000,,,0 days 00:00:36.620000,0 days 00:00:29.439000,,0 days 01:07:20.963000,0 days 01:07:50.341000,211.0,178.0,271.0,195.0,False,MEDIUM,6.0,False,Alpine,0 days 01:06:10.551000,,12,,False,,False,False
2022-05,FP2,0 days 01:09:24.826000,OCO,31,0 days 00:01:34.567000,14.0,3.0,,,0 days 00:00:32.043000,0 days 00:00:36.030000,0 days 00:00:26.494000,0 days 01:08:22.302000,0 days 01:08:58.332000,0 days 01:09:24.826000,210.0,183.0,269.0,294.0,False,MEDIUM,7.0,False,Alpine,0 days 01:07:50.259000,,1,,False,,False,True
2022-05,FP2,0 days 01:10:59.474000,OCO,31,0 days 00:01:34.648000,15.0,3.0,,,0 days 00:00:32,0 days 00:00:36.118000,0 days 00:00:26.530000,0 days 01:09:56.826000,0 days 01:10:32.944000,0 days 01:10:59.474000,209.0,182.0,270.0,293.0,False,MEDIUM,8.0,False,Alpine,0 days 01:09:24.826000,,1,,False,,False,True
2022-05,FP2,0 days 01:12:34.578000,OCO,31,0 days 00:01:35.104000,16.0,3.0,,,0 days 00:00:32.056000,0 days 00:00:36.223000,0 days 00:00:26.825000,0 days 01:11:31.530000,0 days 01:12:07.753000,0 days 01:12:34.578000,210.0,181.0,270.0,291.0,False,MEDIUM,9.0,False,Alpine,0 days 01:10:59.474000,,1,,False,,False,True
2022-05,FP2,0 days 01:14:09.752000,OCO,31,0 days 00:01:35.174000,17.0,3.0,,,0 days 00:00:32.171000,0 days 00:00:36.344000,0 days 00:00:26.659000,0 days 01:13:06.749000,0 days 01:13:43.093000,0 days 01:14:09.752000,205.0,182.0,271.0,292.0,False,MEDIUM,10.0,False,Alpine,0 days 01:12:34.578000,,12,,False,,False,True
2022-05,FP2,0 days 01:15:44.751000,OCO,31,0 days 00:01:34.999000,18.0,3.0,,,0 days 00:00:32.321000,0 days 00:00:36.110000,0 days 00:00:26.568000,0 days 01:14:42.073000,0 days 01:15:18.183000,0 days 01:15:44.751000,211.0,182.0,269.0,298.0,False,MEDIUM,11.0,False,Alpine,0 days 01:14:09.752000,,1,,False,,False,True
2022-05,FP2,0 days 01:17:46.459000,OCO,31,0 days 00:02:01.708000,19.0,3.0,,,0 days 00:00:36.469000,0 days 00:00:39.248000,0 days 00:00:45.991000,0 days 01:16:21.220000,0 days 01:17:00.468000,0 days 01:17:46.459000,203.0,151.0,51.0,211.0,False,MEDIUM,12.0,False,Alpine,0 days 01:15:44.751000,,1,,False,,False,True
2022-05,FP2,0 days 01:20:08.218000,OCO,31,0 days 00:02:21.759000,20.0,3.0,,0 days 01:20:05.853000,0 days 00:01:01.623000,0 days 00:00:43.097000,0 days 00:00:37.039000,0 days 01:18:48.082000,0 days 01:19:31.179000,0 days 01:20:08.218000,191.0,158.0,,182.0,False,MEDIUM,13.0,False,Alpine,0 days 01:17:46.459000,,1,,False,,False,False
2022-05,FP2,0 days 00:27:43.128000,HAM,44,,1.0,1.0,0 days 00:25:41.534000,,,0 days 00:00:46.663000,0 days 00:00:30.805000,,0 days 00:27:12.568000,0 days 00:27:43.200000,181.0,129.0,277.0,183.0,False,MEDIUM,1.0,True,Mercedes,0 days 00:25:41.534000,,1,,False,,False,False
2022-05,FP2,0 days 00:29:49.655000,HAM,44,0 days 00:02:06.527000,2.0,1.0,,,0 days 00:00:45.038000,0 days 00:00:48.480000,0 days 00:00:33.009000,0 days 00:28:28.166000,0 days 00:29:16.646000,0 days 00:29:49.655000,146.0,127.0,279.0,147.0,True,MEDIUM,2.0,True,Mercedes,0 days 00:27:43.128000,,1,,False,,False,True
2022-05,FP2,0 days 00:31:21.200000,HAM,44,0 days 00:01:31.545000,3.0,1.0,,,0 days 00:00:30.718000,0 days 00:00:35.212000,0 days 00:00:25.615000,0 days 00:30:20.373000,0 days 00:30:55.585000,0 days 00:31:21.200000,218.0,187.0,281.0,325.0,True,MEDIUM,3.0,True,Mercedes,0 days 00:29:49.655000,,1,,False,,False,True
2022-05,FP2,0 days 00:45:04.377000,HAM,44,,4.0,1.0,,0 days 00:33:51.837000,0 days 00:00:57.361000,,,0 days 00:32:18.750000,,,95.0,,,,False,MEDIUM,4.0,True,Mercedes,0 days 00:31:21.200000,,125,,False,,False,False
2022-05,FP2,0 days 00:47:15.382000,HAM,44,,5.0,2.0,0 days 00:45:04.377000,,,0 days 00:00:44.581000,0 days 00:00:46.057000,,0 days 00:46:29.435000,0 days 00:47:15.428000,190.0,117.0,283.0,127.0,False,SOFT,1.0,True,Mercedes,0 days 00:45:04.377000,,12,,False,,False,False
2022-05,FP2,0 days 00:48:45.561000,HAM,44,0 days 00:01:30.179000,6.0,2.0,,,0 days 00:00:30.251000,0 days 00:00:34.663000,0 days 00:00:25.265000,0 days 00:47:45.633000,0 days 00:48:20.296000,0 days 00:48:45.561000,221.0,190.0,282.0,322.0,True,SOFT,2.0,True,Mercedes,0 days 00:47:15.382000,,12,,False,,False,True
2022-05,FP2,0 days 00:51:17.012000,HAM,44,,7.0,2.0,,0 days 00:51:14.912000,0 days 00:00:52.225000,0 days 00:00:55.660000,0 days 00:00:43.554000,0 days 00:49:37.948000,0 days 00:50:33.608000,0 days 00:51:17.043000,113.0,114.0,,210.0,False,SOFT,3.0,True,Mercedes,0 days 00:48:45.561000,,1,,False,,False,False
2022-05,FP2,0 days 00:53:39.964000,HAM,44,0 days 00:02:22.952000,8.0,3.0,0 days 00:51:28.535000,,0 days 00:01:00.955000,0 days 00:00:50.794000,0 days 00:00:31.203000,0 days 00:52:17.967000,0 days 00:53:08.761000,0 days 00:53:39.964000,125.0,155.0,280.0,154.0,False,SOFT,4.0,False,Mercedes,0 days 00:51:17.012000,,1,,False,,False,False
2022-05,FP2,0 days 00:55:19.500000,HAM,44,0 days 00:01:39.536000,9.0,3.0,,,0 days 00:00:30.301000,0 days 00:00:41.311000,0 days 00:00:27.924000,0 days 00:54:10.265000,0 days 00:54:51.576000,0 days 00:55:19.500000,219.0,158.0,281.0,255.0,False,SOFT,5.0,False,Mercedes,0 days 00:53:39.964000,,1,,False,,False,True
2022-05,FP2,0 days 00:56:58.216000,HAM,44,0 days 00:01:38.716000,10.0,3.0,,0 days 00:56:56.120000,0 days 00:00:29.963000,0 days 00:00:36.148000,0 days 00:00:32.605000,0 days 00:55:49.463000,0 days 00:56:25.611000,0 days 00:56:58.216000,215.0,184.0,,265.0,False,SOFT,6.0,False,Mercedes,0 days 00:55:19.500000,,1,,False,,False,False
2022-05,FP2,0 days 01:08:04.616000,HAM,44,,11.0,4.0,0 days 01:06:21.462000,,,0 days 00:00:39.623000,0 days 00:00:31.533000,,0 days 01:07:33.212000,0 days 01:08:04.651000,210.0,181.0,271.0,215.0,False,MEDIUM,5.0,False,Mercedes,0 days 01:06:21.462000,,12,,False,,False,False
2022-05,FP2,0 days 01:09:39.425000,HAM,44,0 days 00:01:34.809000,12.0,4.0,,,0 days 00:00:31.788000,0 days 00:00:36.402000,0 days 00:00:26.619000,0 days 01:08:36.404000,0 days 01:09:12.806000,0 days 01:09:39.425000,212.0,182.0,271.0,275.0,False,MEDIUM,6.0,False,Mercedes,0 days 01:08:04.616000,,1,,False,,False,True
2022-05,FP2,0 days 01:11:14.562000,HAM,44,0 days 00:01:35.137000,13.0,4.0,,,0 days 00:00:31.803000,0 days 00:00:36.772000,0 days 00:00:26.562000,0 days 01:10:11.228000,0 days 01:10:48,0 days 01:11:14.562000,207.0,183.0,271.0,288.0,False,MEDIUM,7.0,False,Mercedes,0 days 01:09:39.425000,,1,,False,,False,True
2022-05,FP2,0 days 01:12:52.844000,HAM,44,0 days 00:01:38.282000,14.0,4.0,,,0 days 00:00:31.803000,0 days 00:00:36.590000,0 days 00:00:29.889000,,0 days 01:12:22.955000,0 days 01:12:52.844000,206.0,182.0,271.0,159.0,False,MEDIUM,8.0,False,Mercedes,0 days 01:11:14.562000,,1,,False,,False,True
2022-05,FP2,0 days 01:14:27.947000,HAM,44,0 days 00:01:35.103000,15.0,4.0,,,0 days 00:00:31.813000,0 days 00:00:36.477000,0 days 00:00:26.813000,0 days 01:13:24.657000,0 days 01:14:01.134000,0 days 01:14:27.947000,207.0,183.0,271.0,287.0,False,MEDIUM,9.0,False,Mercedes,0 days 01:12:52.844000,,12,,False,,False,True
2022-05,FP2,0 days 01:16:02.412000,HAM,44,0 days 00:01:34.465000,16.0,4.0,,,0 days 00:00:31.599000,0 days 00:00:36.251000,0 days 00:00:26.615000,0 days 01:14:59.546000,0 days 01:15:35.797000,0 days 01:16:02.412000,211.0,183.0,271.0,293.0,False,MEDIUM,10.0,False,Mercedes,0 days 01:14:27.947000,,1,,False,,False,True
2022-05,FP2,0 days 01:18:08.478000,HAM,44,0 days 00:02:06.066000,17.0,4.0,,,0 days 00:00:32.244000,0 days 00:00:48.430000,0 days 00:00:45.392000,0 days 01:16:34.656000,0 days 01:17:23.086000,0 days 01:18:08.478000,192.0,138.0,58.0,182.0,False,MEDIUM,11.0,False,Mercedes,0 days 01:16:02.412000,,1,,False,,False,True
2022-05,FP2,0 days 01:20:57.449000,HAM,44,,18.0,4.0,,0 days 01:20:55.371000,0 days 00:01:09.643000,0 days 00:01:03.294000,0 days 00:00:36.049000,0 days 01:19:18.226000,0 days 01:20:21.507000,0 days 01:20:57.449000,110.0,168.0,,193.0,False,MEDIUM,12.0,False,Mercedes,0 days 01:18:08.478000,,1,,False,,False,False
2022-05,FP2,0 days 00:19:59.822000,MSC,47,,1.0,1.0,0 days 00:18:13.682000,,,0 days 00:00:39.365000,0 days 00:00:30.146000,,0 days 00:19:29.815000,0 days 00:19:59.860000,190.0,173.0,277.0,191.0,False,HARD,1.0,True,Haas F1 Team,0 days 00:18:13.682000,,1,,False,,False,False
2022-05,FP2,0 days 00:22:13.752000,MSC,47,0 days 00:02:13.930000,2.0,1.0,,0 days 00:22:11.694000,0 days 00:00:39.149000,0 days 00:00:51.474000,0 days 00:00:43.307000,0 days 00:20:38.971000,0 days 00:21:30.445000,0 days 00:22:13.752000,185.0,106.0,,162.0,False,HARD,2.0,True,Haas F1 Team,0 days 00:19:59.822000,,1,,False,,False,False
2022-05,FP2,0 days 00:31:45.622000,MSC,47,,3.0,2.0,0 days 00:30:01.266000,,,0 days 00:00:40.752000,0 days 00:00:28.783000,,0 days 00:31:16.956000,0 days 00:31:45.622000,206.0,153.0,279.0,226.0,False,HARD,3.0,False,Haas F1 Team,0 days 00:22:13.752000,,12,,False,,False,False
2022-05,FP2,0 days 00:44:23.354000,MSC,47,,4.0,2.0,,0 days 00:33:50.758000,0 days 00:00:31.488000,,,0 days 00:32:17.249000,,,212.0,,,,False,HARD,4.0,False,Haas F1 Team,0 days 00:31:45.622000,,125,,False,,False,False
2022-05,FP2,0 days 00:46:50.771000,MSC,47,,5.0,3.0,0 days 00:44:23.354000,,,0 days 00:00:41.051000,0 days 00:00:58.900000,,0 days 00:45:52.025000,0 days 00:46:50.830000,196.0,127.0,283.0,43.0,False,SOFT,1.0,True,Haas F1 Team,0 days 00:44:23.354000,,1,,False,,False,False
2022-05,FP2,0 days 00:48:37.540000,MSC,47,0 days 00:01:46.769000,6.0,3.0,,,0 days 00:00:31.650000,0 days 00:00:44.675000,0 days 00:00:30.444000,0 days 00:47:22.421000,0 days 00:48:07.096000,0 days 00:48:37.540000,193.0,105.0,283.0,188.0,True,SOFT,2.0,True,Haas F1 Team,0 days 00:46:50.771000,,12,,False,,False,True
2022-05,FP2,0 days 00:50:09.855000,MSC,47,0 days 00:01:32.315000,7.0,3.0,,,0 days 00:00:30.834000,0 days 00:00:35.722000,0 days 00:00:25.759000,0 days 00:49:08.374000,0 days 00:49:44.096000,0 days 00:50:09.855000,219.0,187.0,279.0,328.0,True,SOFT,3.0,True,Haas F1 Team,0 days 00:48:37.540000,,1,,False,,False,True
2022-05,FP2,0 days 00:52:15.979000,MSC,47,0 days 00:02:06.124000,8.0,3.0,,,0 days 00:00:42.698000,0 days 00:00:49.546000,0 days 00:00:33.880000,0 days 00:50:52.553000,0 days 00:51:42.099000,0 days 00:52:15.979000,156.0,116.0,282.0,128.0,False,SOFT,4.0,True,Haas F1 Team,0 days 00:50:09.855000,,1,,False,,False,True
2022-05,FP2,0 days 00:53:54.946000,MSC,47,0 days 00:01:38.967000,9.0,3.0,,,0 days 00:00:30.521000,0 days 00:00:37.100000,0 days 00:00:31.346000,0 days 00:52:46.500000,0 days 00:53:23.600000,0 days 00:53:54.946000,220.0,126.0,278.0,276.0,False,SOFT,5.0,True,Haas F1 Team,0 days 00:52:15.979000,,1,,False,,False,True
2022-05,FP2,0 days 00:55:27.598000,MSC,47,0 days 00:01:32.652000,10.0,3.0,,,0 days 00:00:30.673000,0 days 00:00:36.042000,0 days 00:00:25.937000,0 days 00:54:25.619000,0 days 00:55:01.661000,0 days 00:55:27.598000,215.0,187.0,274.0,323.0,False,SOFT,6.0,True,Haas F1 Team,0 days 00:53:54.946000,,1,,False,,False,True
2022-05,FP2,0 days 00:57:44.260000,MSC,47,0 days 00:02:16.662000,11.0,3.0,,,0 days 00:00:57.705000,0 days 00:00:49.666000,0 days 00:00:29.291000,0 days 00:56:25.303000,0 days 00:57:14.969000,0 days 00:57:44.260000,126.0,141.0,278.0,238.0,False,SOFT,7.0,True,Haas F1 Team,0 days 00:55:27.598000,,1,,False,,False,True
2022-05,FP2,0 days 00:59:15.847000,MSC,47,0 days 00:01:31.587000,12.0,3.0,,,0 days 00:00:30.393000,0 days 00:00:35.442000,0 days 00:00:25.752000,0 days 00:58:14.653000,0 days 00:58:50.095000,0 days 00:59:15.847000,218.0,188.0,280.0,323.0,True,SOFT,8.0,True,Haas F1 Team,0 days 00:57:44.260000,,1,,False,,False,True
2022-05,FP2,0 days 01:01:09.408000,MSC,47,0 days 00:01:53.561000,13.0,3.0,,0 days 01:01:07.390000,0 days 00:00:33.927000,0 days 00:00:40.193000,0 days 00:00:39.441000,0 days 00:59:49.774000,0 days 01:00:29.967000,0 days 01:01:09.408000,188.0,149.0,,199.0,False,SOFT,9.0,True,Haas F1 Team,0 days 00:59:15.847000,,1,,False,,False,False
2022-05,FP2,0 days 01:08:29.251000,MSC,47,,14.0,4.0,0 days 01:06:51.239000,,,0 days 00:00:37.169000,0 days 00:00:27.797000,,0 days 01:08:01.614000,0 days 01:08:29.301000,207.0,181.0,273.0,237.0,False,HARD,5.0,False,Haas F1 Team,0 days 01:06:51.239000,,12,,False,,False,False
2022-05,FP2,0 days 01:10:05.140000,MSC,47,0 days 00:01:35.889000,15.0,4.0,,,0 days 00:00:32.560000,0 days 00:00:36.661000,0 days 00:00:26.668000,0 days 01:09:01.811000,0 days 01:09:38.472000,0 days 01:10:05.140000,207.0,184.0,274.0,296.0,False,HARD,6.0,False,Haas F1 Team,0 days 01:08:29.251000,,1,,False,,False,True
2022-05,FP2,0 days 01:11:42.924000,MSC,47,0 days 00:01:37.784000,16.0,4.0,,,0 days 00:00:34.281000,0 days 00:00:36.920000,0 days 00:00:26.583000,0 days 01:10:39.421000,0 days 01:11:16.341000,0 days 01:11:42.924000,166.0,183.0,275.0,303.0,False,HARD,7.0,False,Haas F1 Team,0 days 01:10:05.140000,,1,,False,,False,True
2022-05,FP2,0 days 01:13:20.635000,MSC,47,0 days 00:01:37.711000,17.0,4.0,,,0 days 00:00:32.856000,0 days 00:00:37.468000,0 days 00:00:27.387000,0 days 01:12:15.780000,0 days 01:12:53.248000,0 days 01:13:20.635000,210.0,177.0,273.0,296.0,False,HARD,8.0,False,Haas F1 Team,0 days 01:11:42.924000,,1,,False,,False,True
2022-05,FP2,0 days 01:14:57.771000,MSC,47,0 days 00:01:37.136000,18.0,4.0,,,0 days 00:00:32.919000,0 days 00:00:37.190000,0 days 00:00:27.027000,0 days 01:13:53.554000,0 days 01:14:30.744000,0 days 01:14:57.771000,202.0,182.0,272.0,280.0,False,HARD,9.0,False,Haas F1 Team,0 days 01:13:20.635000,,12,,False,,False,True
2022-05,FP2,0 days 01:16:33.767000,MSC,47,0 days 00:01:35.996000,19.0,4.0,,,0 days 00:00:32.581000,0 days 00:00:36.503000,0 days 00:00:26.912000,0 days 01:15:30.352000,0 days 01:16:06.855000,0 days 01:16:33.767000,205.0,180.0,273.0,291.0,False,HARD,10.0,False,Haas F1 Team,0 days 01:14:57.771000,,1,,False,,False,True
2022-05,FP2,0 days 01:18:29.489000,MSC,47,0 days 00:01:55.722000,20.0,4.0,,,0 days 00:00:37.219000,0 days 00:00:40.011000,0 days 00:00:38.492000,0 days 01:17:10.986000,0 days 01:17:50.997000,0 days 01:18:29.489000,204.0,169.0,41.0,207.0,False,HARD,11.0,False,Haas F1 Team,0 days 01:16:33.767000,,1,,False,,False,True
2022-05,FP2,0 days 01:20:44.750000,MSC,47,0 days 00:02:15.261000,21.0,4.0,,0 days 01:20:42.712000,0 days 00:00:53.498000,0 days 00:00:40.611000,0 days 00:00:41.152000,0 days 01:19:22.987000,0 days 01:20:03.598000,0 days 01:20:44.750000,204.0,181.0,,199.0,False,HARD,12.0,False,Haas F1 Team,0 days 01:18:29.489000,,1,,False,,False,False
2022-05,FP2,0 days 00:17:21.065000,SAI,55,,1.0,1.0,0 days 00:15:20.617000,,,0 days 00:00:49.136000,0 days 00:00:32.293000,,0 days 00:16:48.955000,0 days 00:17:21.181000,142.0,86.0,276.0,215.0,False,MEDIUM,1.0,True,Ferrari,0 days 00:15:20.617000,,1,,False,,False,False
2022-05,FP2,0 days 00:18:55.620000,SAI,55,0 days 00:01:34.555000,2.0,1.0,,,0 days 00:00:31.269000,0 days 00:00:36.965000,0 days 00:00:26.321000,0 days 00:17:52.334000,0 days 00:18:29.299000,0 days 00:18:55.620000,210.0,179.0,272.0,311.0,True,MEDIUM,2.0,True,Ferrari,0 days 00:17:21.065000,,1,,False,,False,True
2022-05,FP2,0 days 00:21:07.234000,SAI,55,0 days 00:02:11.614000,3.0,1.0,,,0 days 00:00:44.491000,0 days 00:00:55.678000,0 days 00:00:31.445000,0 days 00:19:40.111000,0 days 00:20:35.789000,0 days 00:21:07.234000,132.0,102.0,276.0,285.0,False,MEDIUM,3.0,True,Ferrari,0 days 00:18:55.620000,,1,,False,,False,True
2022-05,FP2,0 days 00:22:38.697000,SAI,55,0 days 00:01:31.463000,4.0,1.0,,,0 days 00:00:30.725000,0 days 00:00:35.110000,0 days 00:00:25.628000,0 days 00:21:37.959000,0 days 00:22:13.069000,0 days 00:22:38.697000,217.0,186.0,272.0,327.0,True,MEDIUM,4.0,True,Ferrari,0 days 00:21:07.234000,,1,,False,,False,True
2022-05,FP2,0 days 00:25:17.279000,SAI,55,,5.0,1.0,,,0 days 00:00:54.536000,0 days 00:01:06.002000,0 days 00:00:38.028000,0 days 00:23:33.430000,0 days 00:24:39.435000,0 days 00:25:17.368000,98.0,83.0,278.0,255.0,False,MEDIUM,5.0,True,Ferrari,0 days 00:22:38.697000,,1,,False,,False,False
2022-05,FP2,0 days 00:26:48.243000,SAI,55,0 days 00:01:30.964000,6.0,1.0,,,0 days 00:00:30.333000,0 days 00:00:35.074000,0 days 00:00:25.557000,0 days 00:25:47.612000,0 days 00:26:22.686000,0 days 00:26:48.243000,214.0,187.0,281.0,322.0,True,MEDIUM,6.0,True,Ferrari,0 days 00:25:17.279000,,12,,False,,False,True
2022-05,FP2,0 days 00:29:16.355000,SAI,55,0 days 00:02:28.112000,7.0,1.0,,,0 days 00:00:51.291000,0 days 00:01:00.635000,0 days 00:00:36.186000,0 days 00:27:39.534000,0 days 00:28:40.169000,0 days 00:29:16.355000,104.0,151.0,278.0,254.0,False,MEDIUM,7.0,True,Ferrari,0 days 00:26:48.243000,,1,,False,,False,True
2022-05,FP2,0 days 00:31:20.423000,SAI,55,0 days 00:02:04.068000,8.0,1.0,,,0 days 00:00:31.857000,0 days 00:00:56.266000,0 days 00:00:35.945000,0 days 00:29:48.212000,0 days 00:30:44.478000,0 days 00:31:20.423000,144.0,117.0,279.0,161.0,False,MEDIUM,8.0,True,Ferrari,0 days 00:29:16.355000,,1,,False,,False,True
2022-05,FP2,0 days 00:42:03.171000,SAI,55,,9.0,1.0,,0 days 00:42:03.171000,0 days 00:00:30.175000,,,0 days 00:31:50.807000,,,217.0,,,,False,MEDIUM,9.0,True,Ferrari,0 days 00:31:20.423000,,125,,False,,False,False
2022-05,FP2,0 days 00:27:37.873000,RUS,63,,1.0,1.0,0 days 00:25:44.258000,,,0 days 00:00:44.008000,0 days 00:00:28.944000,,0 days 00:27:09.115000,0 days 00:27:37.965000,172.0,133.0,277.0,254.0,False,MEDIUM,1.0,True,Mercedes,0 days 00:25:44.258000,,1,,False,,False,False
2022-05,FP2,0 days 00:29:09.914000,RUS,63,0 days 00:01:32.041000,2.0,1.0,,,0 days 00:00:30.858000,0 days 00:00:35.419000,0 days 00:00:25.764000,0 days 00:28:08.731000,0 days 00:28:44.150000,0 days 00:29:09.914000,216.0,185.0,277.0,321.0,True,MEDIUM,2.0,True,Mercedes,0 days 00:27:37.873000,,1,,False,,False,True
2022-05,FP2,0 days 00:31:16.794000,RUS,63,0 days 00:02:06.880000,3.0,1.0,,,0 days 00:00:46.504000,0 days 00:00:49.648000,0 days 00:00:30.728000,0 days 00:29:56.418000,0 days 00:30:46.066000,0 days 00:31:16.794000,152.0,129.0,277.0,226.0,False,MEDIUM,3.0,True,Mercedes,0 days 00:29:09.914000,,1,,False,,False,True
2022-05,FP2,0 days 00:45:00.364000,RUS,63,,4.0,1.0,,0 days 00:33:00.948000,0 days 00:00:30.380000,0 days 00:00:34.914000,,0 days 00:31:47.383000,0 days 00:32:22.268000,,216.0,188.0,,,False,MEDIUM,4.0,True,Mercedes,0 days 00:31:16.794000,,125,,False,,False,False
2022-05,FP2,0 days 00:47:10.111000,RUS,63,,5.0,2.0,0 days 00:45:00.364000,,,0 days 00:00:45.829000,0 days 00:00:45.987000,,0 days 00:46:24.298000,0 days 00:47:10.209000,180.0,112.0,278.0,215.0,False,SOFT,1.0,True,Mercedes,0 days 00:45:00.364000,,12,,False,,False,False
2022-05,FP2,0 days 00:49:18.007000,RUS,63,0 days 00:02:07.896000,6.0,2.0,,,0 days 00:00:44.327000,0 days 00:00:52.108000,0 days 00:00:31.461000,0 days 00:47:54.438000,0 days 00:48:46.546000,0 days 00:49:18.007000,163.0,140.0,283.0,265.0,False,SOFT,2.0,True,Mercedes,0 days 00:47:10.111000,,12,,False,,False,True
2022-05,FP2,0 days 00:50:47.945000,RUS,63,0 days 00:01:29.938000,7.0,2.0,,,0 days 00:00:29.825000,0 days 00:00:34.634000,0 days 00:00:25.479000,0 days 00:49:47.832000,0 days 00:50:22.466000,0 days 00:50:47.945000,218.0,188.0,284.0,324.0,True,SOFT,3.0,True,Mercedes,0 days 00:49:18.007000,,1,,False,,False,True
2022-05,FP2,0 days 00:52:53.664000,RUS,63,0 days 00:02:05.719000,8.0,2.0,,0 days 00:52:51.660000,0 days 00:00:41.285000,0 days 00:00:43.168000,0 days 00:00:41.266000,0 days 00:51:29.230000,0 days 00:52:12.398000,0 days 00:52:53.664000,170.0,135.0,,122.0,False,SOFT,4.0,True,Mercedes,0 days 00:50:47.945000,,1,,False,,False,False
2022-05,FP2,0 days 01:00:40.288000,RUS,63,,9.0,3.0,0 days 00:59:01.350000,0 days 01:00:38.183000,,0 days 00:00:36.286000,0 days 00:00:31.606000,,0 days 01:00:08.802000,0 days 01:00:40.288000,207.0,182.0,,291.0,False,SOFT,5.0,False,Mercedes,0 days 00:52:53.664000,,1,,False,,False,False
2022-05,FP2,0 days 01:06:13.553000,RUS,63,,10.0,4.0,0 days 01:01:02.583000,0 days 01:02:41.213000,0 days 00:00:53.127000,0 days 00:00:36.127000,,0 days 01:01:33.540000,0 days 01:02:09.652000,,209.0,184.0,,284.0,False,SOFT,6.0,False,Mercedes,0 days 01:00:40.288000,,125,,False,,False,False
2022-05,FP2,0 days 01:08:00.143000,RUS,63,,11.0,5.0,0 days 01:06:13.553000,,,0 days 00:00:39.788000,0 days 00:00:35.665000,,0 days 01:07:24.609000,0 days 01:08:00.233000,208.0,162.0,268.0,140.0,False,MEDIUM,5.0,False,Mercedes,0 days 01:06:13.553000,,12,,False,,False,False
2022-05,FP2,0 days 01:09:34.436000,RUS,63,0 days 00:01:34.293000,12.0,5.0,,,0 days 00:00:31.702000,0 days 00:00:35.968000,0 days 00:00:26.623000,0 days 01:08:31.845000,0 days 01:09:07.813000,0 days 01:09:34.436000,212.0,184.0,270.0,290.0,False,MEDIUM,6.0,False,Mercedes,0 days 01:08:00.143000,,1,,False,,False,True
2022-05,FP2,0 days 01:11:08.714000,RUS,63,0 days 00:01:34.278000,13.0,5.0,,,0 days 00:00:31.806000,0 days 00:00:36.032000,0 days 00:00:26.440000,0 days 01:10:06.242000,0 days 01:10:42.274000,0 days 01:11:08.714000,210.0,183.0,272.0,293.0,False,MEDIUM,7.0,False,Mercedes,0 days 01:09:34.436000,,1,,False,,False,True
2022-05,FP2,0 days 01:12:42.896000,RUS,63,0 days 00:01:34.182000,14.0,5.0,,,0 days 00:00:31.600000,0 days 00:00:36.174000,0 days 00:00:26.408000,0 days 01:11:40.314000,0 days 01:12:16.488000,0 days 01:12:42.896000,211.0,184.0,272.0,299.0,False,MEDIUM,8.0,False,Mercedes,0 days 01:11:08.714000,,1,,False,,False,True
2022-05,FP2,0 days 01:14:17.233000,RUS,63,0 days 00:01:34.337000,15.0,5.0,,,0 days 00:00:31.704000,0 days 00:00:36.135000,0 days 00:00:26.498000,0 days 01:13:14.600000,0 days 01:13:50.735000,0 days 01:14:17.233000,205.0,184.0,271.0,300.0,False,MEDIUM,9.0,False,Mercedes,0 days 01:12:42.896000,,12,,False,,False,True
2022-05,FP2,0 days 01:15:51.738000,RUS,63,0 days 00:01:34.505000,16.0,5.0,,,0 days 00:00:31.574000,0 days 00:00:36.226000,0 days 00:00:26.705000,0 days 01:14:48.807000,0 days 01:15:25.033000,0 days 01:15:51.738000,208.0,181.0,271.0,298.0,False,MEDIUM,10.0,False,Mercedes,0 days 01:14:17.233000,,1,,False,,False,True
2022-05,FP2,0 days 01:17:55.350000,RUS,63,0 days 00:02:03.612000,17.0,5.0,,,0 days 00:00:39.596000,0 days 00:00:43.275000,0 days 00:00:40.741000,0 days 01:16:31.334000,0 days 01:17:14.609000,0 days 01:17:55.350000,160.0,149.0,72.0,151.0,False,MEDIUM,11.0,False,Mercedes,0 days 01:15:51.738000,,1,,False,,False,True
2022-05,FP2,0 days 01:20:15.815000,RUS,63,0 days 00:02:20.465000,18.0,5.0,,0 days 01:20:13.644000,0 days 00:01:02.632000,0 days 00:00:43.390000,0 days 00:00:34.443000,0 days 01:18:57.982000,0 days 01:19:41.372000,0 days 01:20:15.815000,160.0,158.0,,278.0,False,MEDIUM,12.0,False,Mercedes,0 days 01:17:55.350000,,1,,False,,False,False
2022-05,FP3,0 days 00:16:44.424000,VER,1,,1.0,1.0,0 days 00:15:03.733000,,,0 days 00:00:37.801000,0 days 00:00:29.090000,,0 days 00:16:15.584000,0 days 00:16:44.524000,203.0,176.0,278.0,280.0,False,MEDIUM,1.0,True,Red Bull Racing,0 days 00:15:03.733000,,1,,False,,False,False
2022-05,FP3,0 days 00:18:18.461000,VER,1,0 days 00:01:34.037000,2.0,1.0,,,0 days 00:00:31.547000,0 days 00:00:35.663000,0 days 00:00:26.827000,0 days 00:17:15.971000,0 days 00:17:51.634000,0 days 00:18:18.461000,210.0,184.0,280.0,327.0,True,MEDIUM,2.0,True,Red Bull Racing,0 days 00:16:44.424000,,1,,False,,False,True
2022-05,FP3,0 days 00:20:22.802000,VER,1,0 days 00:02:04.341000,3.0,1.0,,,0 days 00:00:45.075000,0 days 00:00:45.884000,0 days 00:00:33.382000,0 days 00:19:03.536000,0 days 00:19:49.420000,0 days 00:20:22.802000,162.0,165.0,283.0,96.0,False,MEDIUM,3.0,True,Red Bull Racing,0 days 00:18:18.461000,,1,,False,,False,True
2022-05,FP3,0 days 00:21:55.249000,VER,1,0 days 00:01:32.447000,4.0,1.0,,,0 days 00:00:30.931000,0 days 00:00:35.402000,0 days 00:00:26.114000,0 days 00:20:53.733000,0 days 00:21:29.135000,0 days 00:21:55.249000,217.0,189.0,284.0,329.0,True,MEDIUM,4.0,True,Red Bull Racing,0 days 00:20:22.802000,,1,,False,,False,True
2022-05,FP3,0 days 00:23:59.465000,VER,1,0 days 00:02:04.216000,5.0,1.0,,,0 days 00:00:47.378000,0 days 00:00:47.949000,0 days 00:00:28.889000,0 days 00:22:42.627000,0 days 00:23:30.576000,0 days 00:23:59.465000,167.0,163.0,285.0,282.0,False,MEDIUM,5.0,True,Red Bull Racing,0 days 00:21:55.249000,,1,,False,,False,True
2022-05,FP3,0 days 00:25:30.820000,VER,1,0 days 00:01:31.355000,6.0,1.0,,,0 days 00:00:30.449000,0 days 00:00:34.946000,0 days 00:00:25.960000,0 days 00:24:29.914000,0 days 00:25:04.860000,0 days 00:25:30.820000,220.0,191.0,285.0,332.0,True,MEDIUM,6.0,True,Red Bull Racing,0 days 00:23:59.465000,,1,,False,,False,True
2022-05,FP3,0 days 00:27:28.372000,VER,1,0 days 00:01:57.552000,7.0,1.0,,0 days 00:27:24.079000,0 days 00:00:39.686000,0 days 00:00:39.865000,0 days 00:00:38.001000,0 days 00:26:10.506000,0 days 00:26:50.371000,0 days 00:27:28.372000,185.0,179.0,,283.0,False,MEDIUM,7.0,True,Red Bull Racing,0 days 00:25:30.820000,,12,,False,,False,False
2022-05,FP3,0 days 00:43:54.464000,VER,1,,8.0,2.0,0 days 00:42:04.783000,,,0 days 00:00:38.852000,0 days 00:00:34.153000,,0 days 00:43:20.447000,0 days 00:43:54.476000,200.0,154.0,270.0,184.0,False,MEDIUM,8.0,False,Red Bull Racing,0 days 00:42:04.783000,,1,,False,,False,False
2022-05,FP3,0 days 00:45:29.333000,VER,1,0 days 00:01:34.869000,9.0,2.0,,,0 days 00:00:31.808000,0 days 00:00:35.893000,0 days 00:00:27.168000,0 days 00:44:26.272000,0 days 00:45:02.165000,0 days 00:45:29.333000,210.0,180.0,273.0,301.0,False,MEDIUM,9.0,False,Red Bull Racing,0 days 00:43:54.464000,,1,,False,,False,True
2022-05,FP3,0 days 00:47:05.171000,VER,1,0 days 00:01:35.838000,10.0,2.0,,,0 days 00:00:32.002000,0 days 00:00:36.851000,0 days 00:00:26.985000,0 days 00:46:01.335000,0 days 00:46:38.186000,0 days 00:47:05.171000,208.0,181.0,272.0,305.0,False,MEDIUM,10.0,False,Red Bull Racing,0 days 00:45:29.333000,,1,,False,,False,True
2022-05,FP3,0 days 00:48:40.955000,VER,1,0 days 00:01:35.784000,11.0,2.0,,,0 days 00:00:31.977000,0 days 00:00:36.654000,0 days 00:00:27.153000,0 days 00:47:37.148000,0 days 00:48:13.802000,0 days 00:48:40.955000,208.0,180.0,274.0,298.0,False,MEDIUM,11.0,False,Red Bull Racing,0 days 00:47:05.171000,,1,,False,,False,True
2022-05,FP3,0 days 00:50:16.215000,VER,1,0 days 00:01:35.260000,12.0,2.0,,,0 days 00:00:32.022000,0 days 00:00:36.187000,0 days 00:00:27.051000,0 days 00:49:12.977000,0 days 00:49:49.164000,0 days 00:50:16.215000,209.0,180.0,275.0,297.0,False,MEDIUM,12.0,False,Red Bull Racing,0 days 00:48:40.955000,,1,,False,,False,True
2022-05,FP3,0 days 00:51:58.545000,VER,1,0 days 00:01:42.330000,13.0,2.0,,,0 days 00:00:34.872000,0 days 00:00:37.038000,0 days 00:00:30.420000,0 days 00:50:51.087000,0 days 00:51:28.125000,0 days 00:51:58.545000,209.0,115.0,276.0,218.0,False,MEDIUM,13.0,False,Red Bull Racing,0 days 00:50:16.215000,,1,,False,,False,True
2022-05,FP3,0 days 00:53:41.072000,VER,1,0 days 00:01:42.527000,14.0,2.0,,0 days 00:53:38.983000,0 days 00:00:32.083000,0 days 00:00:35.891000,0 days 00:00:34.553000,0 days 00:52:30.628000,0 days 00:53:06.519000,0 days 00:53:41.072000,207.0,182.0,,228.0,False,MEDIUM,14.0,False,Red Bull Racing,0 days 00:51:58.545000,,1,,False,,False,False
2022-05,FP3,0 days 01:03:22.022000,VER,1,,15.0,3.0,0 days 01:01:31.303000,,,0 days 00:00:41.525000,0 days 00:00:27.804000,,0 days 01:02:54.423000,0 days 01:03:22.052000,142.0,178.0,286.0,284.0,False,SOFT,1.0,True,Red Bull Racing,0 days 00:53:41.072000,,1,,False,,False,False
2022-05,FP3,0 days 01:04:52.671000,VER,1,0 days 00:01:30.649000,16.0,3.0,,,0 days 00:00:30.148000,0 days 00:00:34.488000,0 days 00:00:26.013000,0 days 01:03:52.170000,0 days 01:04:26.658000,0 days 01:04:52.671000,220.0,189.0,284.0,331.0,True,SOFT,2.0,True,Red Bull Racing,0 days 01:03:22.022000,,1,,False,,False,True
2022-05,FP3,0 days 01:07:18.300000,VER,1,0 days 00:02:25.629000,17.0,3.0,,,0 days 00:00:50.735000,0 days 00:00:58.568000,0 days 00:00:36.326000,0 days 01:05:43.406000,0 days 01:06:41.974000,0 days 01:07:18.300000,129.0,133.0,286.0,225.0,False,SOFT,3.0,True,Red Bull Racing,0 days 01:04:52.671000,,1,,False,,False,True
2022-05,FP3,0 days 01:09:43.221000,VER,1,0 days 00:02:24.921000,18.0,3.0,,,0 days 00:00:44.612000,0 days 00:00:56.730000,0 days 00:00:43.579000,0 days 01:08:02.912000,0 days 01:08:59.642000,0 days 01:09:43.221000,159.0,62.0,286.0,241.0,False,SOFT,4.0,True,Red Bull Racing,0 days 01:07:18.300000,,1,,False,,False,True
2022-05,FP3,0 days 01:11:51.751000,VER,1,0 days 00:02:08.530000,19.0,3.0,,,0 days 00:00:35.716000,0 days 00:00:55.205000,0 days 00:00:37.609000,0 days 01:10:18.937000,0 days 01:11:14.142000,0 days 01:11:51.751000,150.0,91.0,286.0,249.0,False,SOFT,5.0,True,Red Bull Racing,0 days 01:09:43.221000,,1,,False,,False,True
2022-05,FP3,0 days 01:13:53.818000,VER,1,0 days 00:02:02.067000,20.0,3.0,,0 days 01:13:51.771000,0 days 00:00:30.030000,0 days 00:00:57.451000,0 days 00:00:34.586000,0 days 01:12:21.781000,0 days 01:13:19.232000,0 days 01:13:53.818000,219.0,147.0,,259.0,False,SOFT,6.0,True,Red Bull Racing,0 days 01:11:51.751000,,12,,False,,False,False
2022-05,FP3,0 days 00:17:23.806000,RIC,3,,1.0,1.0,0 days 00:15:38.096000,,,0 days 00:00:38.912000,0 days 00:00:34.958000,,0 days 00:16:48.947000,0 days 00:17:23.849000,205.0,169.0,269.0,102.0,False,HARD,1.0,True,McLaren,0 days 00:15:38.096000,,1,,False,,False,False
2022-05,FP3,0 days 00:19:08.127000,RIC,3,0 days 00:01:44.321000,2.0,1.0,,0 days 00:19:06.093000,0 days 00:00:33.287000,0 days 00:00:36.796000,0 days 00:00:34.238000,0 days 00:17:57.093000,0 days 00:18:33.889000,0 days 00:19:08.127000,207.0,173.0,,290.0,False,HARD,2.0,True,McLaren,0 days 00:17:23.806000,,1,,False,,False,False
2022-05,FP3,0 days 00:44:10.915000,RIC,3,,3.0,2.0,0 days 00:42:10.651000,,,0 days 00:00:38.275000,0 days 00:00:45.370000,,0 days 00:43:25.721000,0 days 00:44:11.050000,197.0,173.0,276.0,44.0,False,HARD,3.0,False,McLaren,0 days 00:42:10.651000,,1,,False,,False,False
2022-05,FP3,0 days 00:45:45.844000,RIC,3,0 days 00:01:34.929000,4.0,2.0,,,0 days 00:00:31.779000,0 days 00:00:36.228000,0 days 00:00:26.922000,0 days 00:44:42.694000,0 days 00:45:18.922000,0 days 00:45:45.844000,212.0,185.0,278.0,317.0,True,HARD,4.0,False,McLaren,0 days 00:44:10.915000,,1,,False,,False,True
2022-05,FP3,0 days 00:47:27.358000,RIC,3,0 days 00:01:41.514000,5.0,2.0,,,0 days 00:00:31.750000,0 days 00:00:40.213000,0 days 00:00:29.551000,0 days 00:46:17.594000,0 days 00:46:57.807000,0 days 00:47:27.358000,214.0,139.0,279.0,255.0,False,HARD,5.0,False,McLaren,0 days 00:45:45.844000,,1,,False,,False,True
2022-05,FP3,0 days 00:49:06.462000,RIC,3,0 days 00:01:39.104000,6.0,2.0,,,0 days 00:00:31.723000,0 days 00:00:38.226000,0 days 00:00:29.155000,0 days 00:47:59.081000,0 days 00:48:37.307000,0 days 00:49:06.462000,200.0,159.0,279.0,264.0,False,HARD,6.0,False,McLaren,0 days 00:47:27.358000,,1,,False,,False,True
2022-05,FP3,0 days 00:50:40.362000,RIC,3,0 days 00:01:33.900000,7.0,2.0,,,0 days 00:00:31.040000,0 days 00:00:36.036000,0 days 00:00:26.824000,0 days 00:49:37.502000,0 days 00:50:13.538000,0 days 00:50:40.362000,212.0,186.0,278.0,317.0,True,HARD,7.0,False,McLaren,0 days 00:49:06.462000,,1,,False,,False,True
2022-05,FP3,0 days 00:52:32.972000,RIC,3,0 days 00:01:52.610000,8.0,2.0,,,0 days 00:00:39.171000,0 days 00:00:45.150000,0 days 00:00:28.289000,0 days 00:51:19.533000,0 days 00:52:04.683000,0 days 00:52:32.972000,152.0,158.0,278.0,304.0,False,HARD,8.0,False,McLaren,0 days 00:50:40.362000,,1,,False,,False,True
2022-05,FP3,0 days 00:54:06.562000,RIC,3,0 days 00:01:33.590000,9.0,2.0,,,0 days 00:00:31.224000,0 days 00:00:35.663000,0 days 00:00:26.703000,0 days 00:53:04.196000,0 days 00:53:39.859000,0 days 00:54:06.562000,213.0,186.0,278.0,316.0,True,HARD,9.0,False,McLaren,0 days 00:52:32.972000,,1,,False,,False,True
2022-05,FP3,0 days 00:55:48.723000,RIC,3,0 days 00:01:42.161000,10.0,2.0,,0 days 00:55:46.746000,0 days 00:00:31.422000,0 days 00:00:35.753000,0 days 00:00:34.986000,0 days 00:54:37.984000,0 days 00:55:13.737000,0 days 00:55:48.723000,212.0,185.0,,227.0,False,HARD,10.0,False,McLaren,0 days 00:54:06.562000,,1,,False,,False,False
2022-05,FP3,0 days 01:05:23.699000,RIC,3,,11.0,3.0,0 days 01:03:33.324000,,,0 days 00:00:45.441000,0 days 00:00:28.863000,,0 days 01:04:55.057000,0 days 01:05:23.797000,190.0,160.0,281.0,300.0,False,SOFT,1.0,True,McLaren,0 days 00:55:48.723000,,1,,False,,False,False
2022-05,FP3,0 days 01:06:55.427000,RIC,3,0 days 00:01:31.728000,12.0,3.0,,,0 days 00:00:30.524000,0 days 00:00:34.894000,0 days 00:00:26.310000,0 days 01:05:54.223000,0 days 01:06:29.117000,0 days 01:06:55.427000,220.0,187.0,278.0,320.0,True,SOFT,2.0,True,McLaren,0 days 01:05:23.699000,,1,,False,,False,True
2022-05,FP3,0 days 01:08:58.652000,RIC,3,0 days 00:02:03.225000,13.0,3.0,,,0 days 00:00:41.875000,0 days 00:00:46.825000,0 days 00:00:34.525000,0 days 01:07:37.302000,0 days 01:08:24.127000,0 days 01:08:58.652000,149.0,143.0,279.0,263.0,False,SOFT,3.0,True,McLaren,0 days 01:06:55.427000,,1,,False,,False,True
2022-05,FP3,0 days 01:10:44.088000,RIC,3,0 days 00:01:45.436000,14.0,3.0,,,0 days 00:00:31.005000,0 days 00:00:40.569000,0 days 00:00:33.862000,0 days 01:09:29.657000,0 days 01:10:10.226000,0 days 01:10:44.088000,216.0,149.0,277.0,188.0,False,SOFT,4.0,True,McLaren,0 days 01:08:58.652000,,1,,False,,False,True
2022-05,FP3,0 days 01:12:21.056000,RIC,3,0 days 00:01:36.968000,15.0,3.0,,,0 days 00:00:30.609000,0 days 00:00:35.855000,0 days 00:00:30.504000,0 days 01:11:14.697000,0 days 01:11:50.552000,0 days 01:12:21.056000,217.0,153.0,278.0,239.0,False,SOFT,5.0,True,McLaren,0 days 01:10:44.088000,,1,,False,,False,True
2022-05,FP3,0 days 01:14:13.704000,RIC,3,0 days 00:01:52.648000,16.0,3.0,,,0 days 00:00:34.078000,0 days 00:00:44.162000,0 days 00:00:34.408000,0 days 01:12:55.134000,0 days 01:13:39.296000,0 days 01:14:13.704000,168.0,113.0,279.0,188.0,False,SOFT,6.0,True,McLaren,0 days 01:12:21.056000,,12,,False,,False,True
2022-05,FP3,0 days 01:15:49.808000,RIC,3,0 days 00:01:36.104000,17.0,3.0,,,0 days 00:00:30.821000,0 days 00:00:35.482000,0 days 00:00:29.801000,0 days 01:14:44.525000,0 days 01:15:20.007000,0 days 01:15:49.808000,217.0,172.0,277.0,229.0,False,SOFT,7.0,True,McLaren,0 days 01:14:13.704000,,1,,False,,False,True
2022-05,FP3,0 days 01:17:49.879000,RIC,3,0 days 00:02:00.071000,18.0,3.0,,,0 days 00:00:40.295000,0 days 00:00:41.923000,0 days 00:00:37.853000,0 days 01:16:30.103000,0 days 01:17:12.026000,0 days 01:17:49.879000,168.0,150.0,50.0,207.0,False,SOFT,8.0,True,McLaren,0 days 01:15:49.808000,,1,,False,,False,True
2022-05,FP3,0 days 01:20:04.578000,RIC,3,0 days 00:02:14.699000,19.0,3.0,,0 days 01:20:02.595000,0 days 00:00:56.306000,0 days 00:00:43.174000,0 days 00:00:35.219000,0 days 01:18:46.185000,0 days 01:19:29.359000,0 days 01:20:04.578000,164.0,146.0,,223.0,False,SOFT,9.0,True,McLaren,0 days 01:17:49.879000,,1,,False,,False,False
2022-05,FP3,0 days 00:20:51.787000,NOR,4,,1.0,1.0,0 days 00:19:00.583000,,,0 days 00:00:43.327000,0 days 00:00:30.077000,,0 days 00:20:21.839000,0 days 00:20:51.802000,129.0,161.0,272.0,208.0,False,HARD,1.0,True,McLaren,0 days 00:19:00.583000,,1,,False,,False,False
2022-05,FP3,0 days 00:22:35.936000,NOR,4,0 days 00:01:44.149000,2.0,1.0,,0 days 00:22:33.916000,0 days 00:00:31.828000,0 days 00:00:35.874000,0 days 00:00:36.447000,0 days 00:21:23.615000,0 days 00:21:59.489000,0 days 00:22:35.936000,214.0,184.0,,180.0,False,HARD,2.0,True,McLaren,0 days 00:20:51.787000,,1,,False,,False,False
2022-05,FP3,0 days 00:44:22.900000,NOR,4,,3.0,2.0,0 days 00:42:18.300000,,,0 days 00:00:39.891000,0 days 00:00:38.513000,,0 days 00:43:44.547000,0 days 00:44:22.961000,199.0,171.0,277.0,99.0,False,HARD,3.0,False,McLaren,0 days 00:42:18.300000,,1,,False,,False,False
2022-05,FP3,0 days 00:45:57.038000,NOR,4,0 days 00:01:34.138000,4.0,2.0,,,0 days 00:00:31.027000,0 days 00:00:35.937000,0 days 00:00:27.174000,0 days 00:44:53.927000,0 days 00:45:29.864000,0 days 00:45:57.038000,213.0,183.0,277.0,317.0,True,HARD,4.0,False,McLaren,0 days 00:44:22.900000,,1,,False,,False,True
2022-05,FP3,0 days 00:48:07.592000,NOR,4,0 days 00:02:10.554000,5.0,2.0,,,0 days 00:00:41.780000,0 days 00:00:48.292000,0 days 00:00:40.482000,0 days 00:46:38.818000,0 days 00:47:27.110000,0 days 00:48:07.592000,145.0,119.0,278.0,112.0,False,HARD,5.0,False,McLaren,0 days 00:45:57.038000,,1,,False,,False,True
2022-05,FP3,0 days 00:49:41.610000,NOR,4,0 days 00:01:34.018000,6.0,2.0,,,0 days 00:00:31.243000,0 days 00:00:35.742000,0 days 00:00:27.033000,0 days 00:48:38.835000,0 days 00:49:14.577000,0 days 00:49:41.610000,211.0,186.0,277.0,314.0,True,HARD,6.0,False,McLaren,0 days 00:48:07.592000,,1,,False,,False,True
2022-05,FP3,0 days 00:51:29.233000,NOR,4,0 days 00:01:47.623000,7.0,2.0,,,0 days 00:00:40.686000,0 days 00:00:39.875000,0 days 00:00:27.062000,0 days 00:50:22.296000,0 days 00:51:02.171000,0 days 00:51:29.233000,168.0,184.0,271.0,317.0,False,HARD,7.0,False,McLaren,0 days 00:49:41.610000,,1,,False,,False,True
2022-05,FP3,0 days 00:53:03.553000,NOR,4,0 days 00:01:34.320000,8.0,2.0,,,0 days 00:00:31.603000,0 days 00:00:35.601000,0 days 00:00:27.116000,0 days 00:52:00.836000,0 days 00:52:36.437000,0 days 00:53:03.553000,209.0,184.0,274.0,288.0,False,HARD,8.0,False,McLaren,0 days 00:51:29.233000,,1,,False,,False,True
2022-05,FP3,0 days 00:54:43.089000,NOR,4,0 days 00:01:39.536000,9.0,2.0,,,0 days 00:00:31.249000,0 days 00:00:38.636000,0 days 00:00:29.651000,0 days 00:53:34.802000,0 days 00:54:13.438000,0 days 00:54:43.089000,213.0,112.0,275.0,278.0,False,HARD,9.0,False,McLaren,0 days 00:53:03.553000,,1,,False,,False,True
2022-05,FP3,0 days 00:56:24.193000,NOR,4,0 days 00:01:41.104000,10.0,2.0,,0 days 00:56:22.179000,0 days 00:00:31.750000,0 days 00:00:36.050000,0 days 00:00:33.304000,0 days 00:55:14.839000,0 days 00:55:50.889000,0 days 00:56:24.193000,214.0,185.0,,263.0,False,HARD,10.0,False,McLaren,0 days 00:54:43.089000,,1,,False,,False,False
2022-05,FP3,0 days 01:05:30.988000,NOR,4,,11.0,3.0,0 days 01:03:41.025000,,,0 days 00:00:41.670000,0 days 00:00:30.235000,,0 days 01:05:00.982000,0 days 01:05:31.067000,170.0,139.0,281.0,210.0,False,SOFT,1.0,True,McLaren,0 days 00:56:24.193000,,1,,False,,False,False
2022-05,FP3,0 days 01:07:02.844000,NOR,4,0 days 00:01:31.856000,12.0,3.0,,,0 days 00:00:30.300000,0 days 00:00:34.911000,0 days 00:00:26.645000,0 days 01:06:01.288000,0 days 01:06:36.199000,0 days 01:07:02.844000,218.0,187.0,281.0,321.0,True,SOFT,2.0,True,McLaren,0 days 01:05:30.988000,,1,,False,,False,True
2022-05,FP3,0 days 01:09:18.121000,NOR,4,0 days 00:02:15.277000,13.0,3.0,,,0 days 00:00:44.380000,0 days 00:00:51.955000,0 days 00:00:38.942000,0 days 01:07:47.224000,0 days 01:08:39.179000,0 days 01:09:18.121000,113.0,127.0,211.0,109.0,False,SOFT,3.0,True,McLaren,0 days 01:07:02.844000,,1,,False,,False,True
2022-05,FP3,0 days 01:11:25.517000,NOR,4,0 days 00:02:07.396000,14.0,3.0,,,0 days 00:00:44.695000,0 days 00:00:49.428000,0 days 00:00:33.273000,0 days 01:10:02.816000,0 days 01:10:52.244000,0 days 01:11:25.517000,143.0,103.0,277.0,236.0,False,SOFT,4.0,True,McLaren,0 days 01:09:18.121000,,1,,False,,False,True
2022-05,FP3,0 days 01:12:57.111000,NOR,4,0 days 00:01:31.594000,15.0,3.0,,,0 days 00:00:30.298000,0 days 00:00:34.977000,0 days 00:00:26.319000,0 days 01:11:55.815000,0 days 01:12:30.792000,0 days 01:12:57.111000,215.0,185.0,277.0,317.0,True,SOFT,5.0,True,McLaren,0 days 01:11:25.517000,,12,,False,,False,True
2022-05,FP3,0 days 01:15:09.421000,NOR,4,0 days 00:02:12.310000,16.0,3.0,,,0 days 00:00:42.799000,0 days 00:00:56.287000,0 days 00:00:33.224000,0 days 01:13:39.910000,0 days 01:14:36.197000,0 days 01:15:09.421000,133.0,103.0,270.0,270.0,False,SOFT,6.0,True,McLaren,0 days 01:12:57.111000,,21,,False,,False,True
2022-05,FP3,0 days 01:17:08.049000,NOR,4,0 days 00:01:58.628000,17.0,3.0,,,0 days 00:00:30.685000,0 days 00:00:34.895000,0 days 00:00:53.048000,0 days 01:15:40.106000,0 days 01:16:15.001000,0 days 01:17:08.049000,214.0,187.0,78.0,150.0,False,SOFT,7.0,True,McLaren,0 days 01:15:09.421000,,1,,False,,False,True
2022-05,FP3,0 days 01:19:27.500000,NOR,4,0 days 00:02:19.451000,18.0,3.0,,0 days 01:19:25.519000,0 days 00:01:05.133000,0 days 00:00:38.805000,0 days 00:00:35.513000,0 days 01:18:13.182000,0 days 01:18:51.987000,0 days 01:19:27.500000,182.0,180.0,,185.0,False,SOFT,8.0,True,McLaren,0 days 01:17:08.049000,,1,,False,,False,False
2022-05,FP3,0 days 00:17:05.905000,VET,5,,1.0,1.0,0 days 00:15:22.058000,,,0 days 00:00:39.090000,0 days 00:00:29.232000,,0 days 00:16:36.858000,0 days 00:17:05.991000,184.0,171.0,268.0,279.0,False,MEDIUM,1.0,True,Aston Martin,0 days 00:15:22.058000,,1,,False,,False,False
2022-05,FP3,0 days 00:18:54.570000,VET,5,0 days 00:01:48.665000,2.0,1.0,,0 days 00:18:52.592000,0 days 00:00:35.212000,0 days 00:00:38.444000,0 days 00:00:35.009000,0 days 00:17:41.117000,0 days 00:18:19.561000,0 days 00:18:54.570000,195.0,175.0,,270.0,False,MEDIUM,2.0,True,Aston Martin,0 days 00:17:05.905000,,1,,False,,False,False
2022-05,FP3,0 days 00:20:55.032000,VET,5,0 days 00:02:00.462000,3.0,2.0,0 days 00:19:13.052000,,0 days 00:00:54.401000,0 days 00:00:37.923000,0 days 00:00:28.138000,0 days 00:19:48.971000,0 days 00:20:26.894000,0 days 00:20:55.032000,203.0,181.0,275.0,276.0,False,HARD,1.0,True,Aston Martin,0 days 00:18:54.570000,,1,,False,,False,False
2022-05,FP3,0 days 00:22:41.329000,VET,5,0 days 00:01:46.297000,4.0,2.0,,0 days 00:22:39.343000,0 days 00:00:34.411000,0 days 00:00:37.298000,0 days 00:00:34.588000,0 days 00:21:29.443000,0 days 00:22:06.741000,0 days 00:22:41.329000,201.0,180.0,,287.0,False,HARD,2.0,True,Aston Martin,0 days 00:20:55.032000,,1,,False,,False,False
2022-05,FP3,0 days 00:24:41.386000,VET,5,0 days 00:02:00.057000,5.0,3.0,0 days 00:23:01.658000,,0 days 00:00:53.419000,0 days 00:00:38.735000,0 days 00:00:27.903000,0 days 00:23:34.748000,0 days 00:24:13.483000,0 days 00:24:41.386000,138.0,180.0,276.0,287.0,False,HARD,1.0,True,Aston Martin,0 days 00:22:41.329000,,1,,False,,False,False
2022-05,FP3,0 days 00:26:23.146000,VET,5,0 days 00:01:41.760000,6.0,3.0,,,0 days 00:00:33.364000,0 days 00:00:36.884000,0 days 00:00:31.512000,0 days 00:25:14.750000,0 days 00:25:51.634000,0 days 00:26:23.146000,204.0,181.0,172.0,290.0,True,HARD,2.0,True,Aston Martin,0 days 00:24:41.386000,,12,,False,,False,True
2022-05,FP3,0 days 00:28:18.068000,VET,5,0 days 00:01:54.922000,7.0,3.0,,0 days 00:28:16.109000,0 days 00:00:36.522000,0 days 00:00:38.566000,0 days 00:00:39.834000,0 days 00:26:59.668000,0 days 00:27:38.234000,0 days 00:28:18.068000,198.0,160.0,,157.0,False,HARD,3.0,True,Aston Martin,0 days 00:26:23.146000,,1,,False,,False,False
2022-05,FP3,0 days 00:44:27.611000,VET,5,,8.0,4.0,0 days 00:42:14.645000,,,0 days 00:00:42.209000,0 days 00:00:42.721000,,0 days 00:43:45.048000,0 days 00:44:27.697000,180.0,168.0,278.0,84.0,False,MEDIUM,1.0,True,Aston Martin,0 days 00:42:14.645000,,1,,False,,False,False
2022-05,FP3,0 days 00:46:15.319000,VET,5,0 days 00:01:47.708000,9.0,4.0,,,0 days 00:00:31.680000,0 days 00:00:41.345000,0 days 00:00:34.683000,0 days 00:44:59.291000,0 days 00:45:40.636000,0 days 00:46:15.319000,215.0,148.0,245.0,147.0,False,MEDIUM,2.0,True,Aston Martin,0 days 00:44:27.611000,,1,,False,,False,True
2022-05,FP3,0 days 00:48:21.125000,VET,5,0 days 00:02:05.806000,10.0,4.0,,,0 days 00:00:38.593000,0 days 00:00:43.163000,0 days 00:00:44.050000,0 days 00:46:53.912000,0 days 00:47:37.075000,0 days 00:48:21.125000,168.0,144.0,281.0,62.0,False,MEDIUM,3.0,True,Aston Martin,0 days 00:46:15.319000,,1,,False,,False,True
2022-05,FP3,0 days 00:49:54.756000,VET,5,0 days 00:01:33.631000,11.0,4.0,,,0 days 00:00:31.453000,0 days 00:00:35.715000,0 days 00:00:26.463000,0 days 00:48:52.578000,0 days 00:49:28.293000,0 days 00:49:54.756000,216.0,187.0,281.0,321.0,True,MEDIUM,4.0,True,Aston Martin,0 days 00:48:21.125000,,1,,False,,False,True
2022-05,FP3,0 days 00:52:07.861000,VET,5,0 days 00:02:13.105000,12.0,4.0,,,0 days 00:00:43.564000,0 days 00:00:49.738000,0 days 00:00:39.803000,0 days 00:50:38.320000,0 days 00:51:28.058000,0 days 00:52:07.861000,145.0,97.0,280.0,113.0,False,MEDIUM,5.0,True,Aston Martin,0 days 00:49:54.756000,,1,,False,,False,True
2022-05,FP3,0 days 00:53:40.926000,VET,5,0 days 00:01:33.065000,13.0,4.0,,,0 days 00:00:31.519000,0 days 00:00:35.277000,0 days 00:00:26.269000,0 days 00:52:39.380000,0 days 00:53:14.657000,0 days 00:53:40.926000,216.0,188.0,281.0,322.0,True,MEDIUM,6.0,True,Aston Martin,0 days 00:52:07.861000,,1,,False,,False,True
2022-05,FP3,0 days 00:56:03.743000,VET,5,0 days 00:02:22.817000,14.0,4.0,,,0 days 00:00:50.578000,0 days 00:00:54.588000,0 days 00:00:37.651000,0 days 00:54:31.504000,0 days 00:55:26.092000,0 days 00:56:03.743000,121.0,110.0,281.0,197.0,False,MEDIUM,7.0,True,Aston Martin,0 days 00:53:40.926000,,1,,False,,False,True
2022-05,FP3,0 days 00:57:36.669000,VET,5,0 days 00:01:32.926000,15.0,4.0,,,0 days 00:00:31.376000,0 days 00:00:35.132000,0 days 00:00:26.418000,0 days 00:56:35.119000,0 days 00:57:10.251000,0 days 00:57:36.669000,218.0,187.0,282.0,322.0,True,MEDIUM,8.0,True,Aston Martin,0 days 00:56:03.743000,,1,,False,,False,True
2022-05,FP3,0 days 00:59:26.791000,VET,5,0 days 00:01:50.122000,16.0,4.0,,0 days 00:59:24.762000,0 days 00:00:36.308000,0 days 00:00:39.534000,0 days 00:00:34.280000,0 days 00:58:12.977000,0 days 00:58:52.511000,0 days 00:59:26.791000,192.0,160.0,,295.0,False,MEDIUM,9.0,True,Aston Martin,0 days 00:57:36.669000,,1,,False,,False,False
2022-05,FP3,0 days 01:07:38.577000,VET,5,,17.0,5.0,0 days 01:05:44.687000,,,0 days 00:00:43.548000,0 days 00:00:32.768000,,0 days 01:07:05.969000,0 days 01:07:38.670000,177.0,138.0,286.0,237.0,False,SOFT,1.0,True,Aston Martin,0 days 00:59:26.791000,,1,,False,,False,False
2022-05,FP3,0 days 01:09:09.626000,VET,5,0 days 00:01:31.049000,18.0,5.0,,,0 days 00:00:30.536000,0 days 00:00:34.559000,0 days 00:00:25.954000,0 days 01:08:09.113000,0 days 01:08:43.672000,0 days 01:09:09.626000,221.0,188.0,286.0,323.0,True,SOFT,2.0,True,Aston Martin,0 days 01:07:38.577000,,1,,False,,False,True
2022-05,FP3,0 days 01:11:10.925000,VET,5,0 days 00:02:01.299000,19.0,5.0,,,0 days 00:00:40.753000,0 days 00:00:44.854000,0 days 00:00:35.692000,0 days 01:09:50.379000,0 days 01:10:35.233000,0 days 01:11:10.925000,162.0,138.0,229.0,182.0,False,SOFT,3.0,True,Aston Martin,0 days 01:09:09.626000,,1,,False,,False,True
2022-05,FP3,0 days 01:13:09.761000,VET,5,0 days 00:01:58.836000,20.0,5.0,,,0 days 00:00:43.561000,0 days 00:00:42.247000,0 days 00:00:33.028000,0 days 01:11:54.486000,0 days 01:12:36.733000,0 days 01:13:09.761000,176.0,143.0,283.0,238.0,False,SOFT,4.0,True,Aston Martin,0 days 01:11:10.925000,,12,,False,,False,True
2022-05,FP3,0 days 01:14:42.010000,VET,5,0 days 00:01:32.249000,21.0,5.0,,,0 days 00:00:30.934000,0 days 00:00:35.093000,0 days 00:00:26.222000,0 days 01:13:40.695000,0 days 01:14:15.788000,0 days 01:14:42.010000,216.0,187.0,281.0,320.0,False,SOFT,5.0,True,Aston Martin,0 days 01:13:09.761000,,21,,False,,False,True
2022-05,FP3,0 days 01:16:41.896000,VET,5,0 days 00:01:59.886000,22.0,5.0,,,0 days 00:00:38.088000,0 days 00:00:49.787000,0 days 00:00:32.011000,0 days 01:15:20.098000,0 days 01:16:09.885000,0 days 01:16:41.896000,169.0,121.0,282.0,260.0,False,SOFT,6.0,True,Aston Martin,0 days 01:14:42.010000,,1,,False,,False,True
2022-05,FP3,0 days 01:18:30.817000,VET,5,0 days 00:01:48.921000,23.0,5.0,,,0 days 00:00:31.670000,0 days 00:00:40.421000,0 days 00:00:36.830000,0 days 01:17:13.566000,0 days 01:17:53.987000,0 days 01:18:30.817000,218.0,145.0,86.0,206.0,False,SOFT,7.0,True,Aston Martin,0 days 01:16:41.896000,,1,,False,,False,True
2022-05,FP3,0 days 01:20:50.148000,VET,5,0 days 00:02:19.331000,24.0,5.0,,0 days 01:20:48.145000,0 days 00:01:09.590000,0 days 00:00:37.446000,0 days 00:00:32.295000,0 days 01:19:40.407000,0 days 01:20:17.853000,0 days 01:20:50.148000,210.0,181.0,,302.0,False,SOFT,8.0,True,Aston Martin,0 days 01:18:30.817000,,1,,False,,False,False
2022-05,FP3,0 days 00:43:48.822000,LAT,6,,1.0,1.0,0 days 00:42:02.700000,,,0 days 00:00:38.458000,0 days 00:00:29.675000,,0 days 00:43:19.334000,0 days 00:43:48.902000,200.0,172.0,279.0,281.0,False,SOFT,1.0,True,Williams,0 days 00:42:02.700000,,1,,False,,False,False
2022-05,FP3,0 days 00:45:23.837000,LAT,6,0 days 00:01:35.015000,2.0,1.0,,,0 days 00:00:31.902000,0 days 00:00:36.375000,0 days 00:00:26.738000,0 days 00:44:20.724000,0 days 00:44:57.099000,0 days 00:45:23.837000,213.0,187.0,279.0,319.0,True,SOFT,2.0,True,Williams,0 days 00:43:48.822000,,1,,False,,False,True
2022-05,FP3,0 days 00:47:22.021000,LAT,6,0 days 00:01:58.184000,3.0,1.0,,,0 days 00:00:47.823000,0 days 00:00:40.828000,0 days 00:00:29.533000,0 days 00:46:11.660000,0 days 00:46:52.488000,0 days 00:47:22.021000,188.0,168.0,278.0,289.0,False,SOFT,3.0,True,Williams,0 days 00:45:23.837000,,1,,False,,False,True
2022-05,FP3,0 days 00:49:26.635000,LAT,6,0 days 00:02:04.614000,4.0,1.0,,0 days 00:49:24.635000,0 days 00:00:42.924000,0 days 00:00:44.465000,0 days 00:00:37.225000,0 days 00:48:04.945000,0 days 00:48:49.410000,0 days 00:49:26.635000,166.0,118.0,,255.0,False,SOFT,4.0,True,Williams,0 days 00:47:22.021000,,1,,False,,False,False
2022-05,FP3,0 days 00:51:48.737000,LAT,6,0 days 00:02:22.102000,5.0,2.0,0 days 00:49:50.322000,,0 days 00:01:03.582000,0 days 00:00:42.350000,0 days 00:00:36.170000,0 days 00:50:30.217000,0 days 00:51:12.567000,0 days 00:51:48.737000,180.0,155.0,277.0,110.0,False,SOFT,5.0,False,Williams,0 days 00:49:26.635000,,1,,False,,False,False
2022-05,FP3,0 days 00:53:23.654000,LAT,6,0 days 00:01:34.917000,6.0,2.0,,,0 days 00:00:31.944000,0 days 00:00:36.285000,0 days 00:00:26.688000,0 days 00:52:20.681000,0 days 00:52:56.966000,0 days 00:53:23.654000,215.0,186.0,281.0,321.0,True,SOFT,6.0,False,Williams,0 days 00:51:48.737000,,1,,False,,False,True
2022-05,FP3,0 days 00:55:28.527000,LAT,6,0 days 00:02:04.873000,7.0,2.0,,,0 days 00:00:47.034000,0 days 00:00:41.474000,0 days 00:00:36.365000,0 days 00:54:10.688000,0 days 00:54:52.162000,0 days 00:55:28.527000,182.0,151.0,278.0,142.0,False,SOFT,7.0,False,Williams,0 days 00:53:23.654000,,1,,False,,False,True
2022-05,FP3,0 days 00:57:02.341000,LAT,6,0 days 00:01:33.814000,8.0,2.0,,,0 days 00:00:31.634000,0 days 00:00:35.599000,0 days 00:00:26.581000,0 days 00:56:00.161000,0 days 00:56:35.760000,0 days 00:57:02.341000,215.0,188.0,281.0,322.0,True,SOFT,8.0,False,Williams,0 days 00:55:28.527000,,1,,False,,False,True
2022-05,FP3,0 days 00:58:55.504000,LAT,6,0 days 00:01:53.163000,9.0,2.0,,0 days 00:58:53.541000,0 days 00:00:37.568000,0 days 00:00:40.637000,0 days 00:00:34.958000,0 days 00:57:39.909000,0 days 00:58:20.546000,0 days 00:58:55.504000,185.0,162.0,,289.0,False,SOFT,9.0,False,Williams,0 days 00:57:02.341000,,1,,False,,False,False
2022-05,FP3,0 days 01:04:12.580000,LAT,6,,10.0,3.0,0 days 01:02:20.891000,,,0 days 00:00:40.143000,0 days 00:00:32.056000,,0 days 01:03:40.719000,0 days 01:04:12.673000,191.0,173.0,282.0,236.0,False,SOFT,1.0,True,Williams,0 days 00:58:55.504000,,1,,False,,False,False
2022-05,FP3,0 days 01:05:45.558000,LAT,6,0 days 00:01:32.978000,11.0,3.0,,,0 days 00:00:31.010000,0 days 00:00:35.608000,0 days 00:00:26.360000,0 days 01:04:43.590000,0 days 01:05:19.198000,0 days 01:05:45.558000,217.0,187.0,282.0,323.0,True,SOFT,2.0,True,Williams,0 days 01:04:12.580000,,1,,False,,False,True
2022-05,FP3,0 days 01:07:53.604000,LAT,6,0 days 00:02:08.046000,12.0,3.0,,,0 days 00:00:48.095000,0 days 00:00:41.721000,0 days 00:00:38.230000,0 days 01:06:33.653000,0 days 01:07:15.374000,0 days 01:07:53.604000,187.0,163.0,282.0,144.0,False,SOFT,3.0,True,Williams,0 days 01:05:45.558000,,1,,False,,False,True
2022-05,FP3,0 days 01:09:25.980000,LAT,6,0 days 00:01:32.376000,13.0,3.0,,,0 days 00:00:31.078000,0 days 00:00:35.224000,0 days 00:00:26.074000,0 days 01:08:24.682000,0 days 01:08:59.906000,0 days 01:09:25.980000,216.0,187.0,283.0,324.0,True,SOFT,4.0,True,Williams,0 days 01:07:53.604000,,1,,False,,False,True
2022-05,FP3,0 days 01:11:33.521000,LAT,6,0 days 00:02:07.541000,14.0,3.0,,,0 days 00:00:46.896000,0 days 00:00:46.538000,0 days 00:00:34.107000,0 days 01:10:12.876000,0 days 01:10:59.414000,0 days 01:11:33.521000,182.0,121.0,280.0,88.0,False,SOFT,5.0,True,Williams,0 days 01:09:25.980000,,1,,False,,False,True
2022-05,FP3,0 days 01:13:21.237000,LAT,6,0 days 00:01:47.716000,15.0,3.0,,,0 days 00:00:36.773000,0 days 00:00:36.372000,0 days 00:00:34.571000,0 days 01:12:10.294000,0 days 01:12:46.666000,0 days 01:13:21.237000,205.0,185.0,278.0,171.0,False,SOFT,6.0,True,Williams,0 days 01:11:33.521000,,12,,False,,False,True
2022-05,FP3,0 days 01:15:05.428000,LAT,6,0 days 00:01:44.191000,16.0,3.0,,0 days 01:15:03.443000,0 days 00:00:31.543000,0 days 00:00:35.573000,0 days 00:00:37.075000,0 days 01:13:52.780000,0 days 01:14:28.353000,0 days 01:15:05.428000,215.0,187.0,,183.0,False,SOFT,7.0,True,Williams,0 days 01:13:21.237000,,1,,False,,False,False
2022-05,FP3,0 days 00:19:26.533000,GAS,10,,1.0,1.0,0 days 00:17:42.790000,,,0 days 00:00:38.914000,0 days 00:00:29.793000,,0 days 00:18:56.893000,0 days 00:19:26.604000,203.0,166.0,276.0,285.0,False,HARD,1.0,True,AlphaTauri,0 days 00:17:42.790000,,1,,False,,False,False
2022-05,FP3,0 days 00:21:02.253000,GAS,10,0 days 00:01:35.720000,2.0,1.0,,,0 days 00:00:32.732000,0 days 00:00:36.080000,0 days 00:00:26.908000,0 days 00:19:59.265000,0 days 00:20:35.345000,0 days 00:21:02.253000,207.0,182.0,277.0,325.0,True,HARD,2.0,True,AlphaTauri,0 days 00:19:26.533000,,1,,False,,False,True
2022-05,FP3,0 days 00:23:02.499000,GAS,10,0 days 00:02:00.246000,3.0,1.0,,,0 days 00:00:44.790000,0 days 00:00:42.188000,0 days 00:00:33.268000,0 days 00:21:47.043000,0 days 00:22:29.231000,0 days 00:23:02.499000,180.0,161.0,281.0,170.0,False,HARD,3.0,True,AlphaTauri,0 days 00:21:02.253000,,1,,False,,False,True
2022-05,FP3,0 days 00:24:36.259000,GAS,10,0 days 00:01:33.760000,4.0,1.0,,,0 days 00:00:31.659000,0 days 00:00:35.608000,0 days 00:00:26.493000,0 days 00:23:34.158000,0 days 00:24:09.766000,0 days 00:24:36.259000,213.0,188.0,281.0,327.0,True,HARD,4.0,True,AlphaTauri,0 days 00:23:02.499000,,1,,False,,False,True
2022-05,FP3,0 days 00:26:33.959000,GAS,10,0 days 00:01:57.700000,5.0,1.0,,,0 days 00:00:41.378000,0 days 00:00:44.159000,0 days 00:00:32.163000,0 days 00:25:17.637000,0 days 00:26:01.796000,0 days 00:26:33.959000,192.0,162.0,280.0,287.0,False,HARD,5.0,True,AlphaTauri,0 days 00:24:36.259000,,12,,False,,False,True
2022-05,FP3,0 days 00:28:09.866000,GAS,10,0 days 00:01:35.907000,6.0,1.0,,,0 days 00:00:31.506000,0 days 00:00:35.856000,0 days 00:00:28.545000,0 days 00:27:05.465000,0 days 00:27:41.321000,0 days 00:28:09.866000,212.0,180.0,257.0,325.0,False,HARD,6.0,True,AlphaTauri,0 days 00:26:33.959000,,1,,False,,False,True
2022-05,FP3,0 days 00:42:46.606000,GAS,10,,7.0,1.0,,0 days 00:30:17.145000,0 days 00:00:41.887000,,,0 days 00:28:51.961000,,,198.0,,,,False,HARD,7.0,True,AlphaTauri,0 days 00:28:09.866000,,125,,False,,False,False
2022-05,FP3,0 days 00:44:44.059000,GAS,10,,8.0,2.0,0 days 00:42:46.606000,,,0 days 00:00:45.787000,0 days 00:00:38.267000,,0 days 00:44:05.912000,0 days 00:44:44.143000,196.0,147.0,278.0,82.0,False,HARD,8.0,False,AlphaTauri,0 days 00:42:46.606000,,1,,False,,False,False
2022-05,FP3,0 days 00:46:30.312000,GAS,10,0 days 00:01:46.253000,9.0,2.0,,,0 days 00:00:39.251000,0 days 00:00:38.590000,0 days 00:00:28.412000,0 days 00:45:23.310000,0 days 00:46:01.900000,0 days 00:46:30.312000,197.0,168.0,280.0,300.0,False,HARD,9.0,False,AlphaTauri,0 days 00:44:44.059000,,1,,False,,False,True
2022-05,FP3,0 days 00:48:10.022000,GAS,10,0 days 00:01:39.710000,10.0,2.0,,,0 days 00:00:31.362000,0 days 00:00:39.577000,0 days 00:00:28.771000,0 days 00:47:01.674000,0 days 00:47:41.251000,0 days 00:48:10.022000,212.0,177.0,277.0,272.0,False,HARD,10.0,False,AlphaTauri,0 days 00:46:30.312000,,1,,False,,False,True
2022-05,FP3,0 days 00:49:45.769000,GAS,10,0 days 00:01:35.747000,11.0,2.0,,,0 days 00:00:31.908000,0 days 00:00:36.367000,0 days 00:00:27.472000,0 days 00:48:41.930000,0 days 00:49:18.297000,0 days 00:49:45.769000,211.0,181.0,276.0,301.0,False,HARD,11.0,False,AlphaTauri,0 days 00:48:10.022000,,1,,False,,False,True
2022-05,FP3,0 days 00:51:21.352000,GAS,10,0 days 00:01:35.583000,12.0,2.0,,,0 days 00:00:32.053000,0 days 00:00:36.234000,0 days 00:00:27.296000,0 days 00:50:17.822000,0 days 00:50:54.056000,0 days 00:51:21.352000,210.0,183.0,275.0,296.0,False,HARD,12.0,False,AlphaTauri,0 days 00:49:45.769000,,1,,False,,False,True
2022-05,FP3,0 days 00:53:01.753000,GAS,10,0 days 00:01:40.401000,13.0,2.0,,0 days 00:52:59.734000,0 days 00:00:31.921000,0 days 00:00:36.077000,0 days 00:00:32.403000,0 days 00:51:53.273000,0 days 00:52:29.350000,0 days 00:53:01.753000,211.0,184.0,,299.0,False,HARD,13.0,False,AlphaTauri,0 days 00:51:21.352000,,1,,False,,False,False
2022-05,FP3,0 days 00:55:11.879000,GAS,10,0 days 00:02:10.126000,14.0,3.0,0 days 00:53:20.871000,,0 days 00:00:54.152000,0 days 00:00:39.290000,0 days 00:00:36.684000,0 days 00:53:55.905000,0 days 00:54:35.195000,0 days 00:55:11.879000,195.0,168.0,280.0,228.0,False,SOFT,1.0,True,AlphaTauri,0 days 00:53:01.753000,,1,,False,,False,False
2022-05,FP3,0 days 00:56:44.245000,GAS,10,0 days 00:01:32.366000,15.0,3.0,,,0 days 00:00:30.835000,0 days 00:00:35.072000,0 days 00:00:26.459000,0 days 00:55:42.714000,0 days 00:56:17.786000,0 days 00:56:44.245000,217.0,187.0,280.0,322.0,True,SOFT,2.0,True,AlphaTauri,0 days 00:55:11.879000,,1,,False,,False,True
2022-05,FP3,0 days 00:58:42.499000,GAS,10,0 days 00:01:58.254000,16.0,3.0,,,0 days 00:00:43.294000,0 days 00:00:44.978000,0 days 00:00:29.982000,0 days 00:57:27.539000,0 days 00:58:12.517000,0 days 00:58:42.499000,190.0,166.0,284.0,279.0,False,SOFT,3.0,True,AlphaTauri,0 days 00:56:44.245000,,1,,False,,False,True
2022-05,FP3,0 days 01:00:14.400000,GAS,10,0 days 00:01:31.901000,17.0,3.0,,,0 days 00:00:30.722000,0 days 00:00:34.959000,0 days 00:00:26.220000,0 days 00:59:13.221000,0 days 00:59:48.180000,0 days 01:00:14.400000,217.0,190.0,283.0,321.0,True,SOFT,4.0,True,AlphaTauri,0 days 00:58:42.499000,,1,,False,,False,True
2022-05,FP3,0 days 01:02:06.317000,GAS,10,0 days 00:01:51.917000,18.0,3.0,,0 days 01:02:04.308000,0 days 00:00:37.370000,0 days 00:00:40.262000,0 days 00:00:34.285000,0 days 01:00:51.770000,0 days 01:01:32.032000,0 days 01:02:06.317000,193.0,166.0,,282.0,False,SOFT,5.0,True,AlphaTauri,0 days 01:00:14.400000,,1,,False,,False,False
2022-05,FP3,0 days 00:16:51.115000,PER,11,,1.0,1.0,0 days 00:15:06.252000,,,0 days 00:00:37.967000,0 days 00:00:30.005000,,0 days 00:16:21.303000,0 days 00:16:51.166000,198.0,169.0,278.0,282.0,False,HARD,1.0,True,Red Bull Racing,0 days 00:15:06.252000,,1,,False,,False,False
2022-05,FP3,0 days 00:18:26.647000,PER,11,0 days 00:01:35.532000,2.0,1.0,,,0 days 00:00:32.212000,0 days 00:00:36.112000,0 days 00:00:27.208000,0 days 00:17:23.327000,0 days 00:17:59.439000,0 days 00:18:26.647000,204.0,183.0,280.0,327.0,True,HARD,2.0,True,Red Bull Racing,0 days 00:16:51.115000,,1,,False,,False,True
2022-05,FP3,0 days 00:20:29.031000,PER,11,0 days 00:02:02.384000,3.0,1.0,,,0 days 00:00:39.017000,0 days 00:00:44.356000,0 days 00:00:39.011000,0 days 00:19:05.664000,0 days 00:19:50.020000,0 days 00:20:29.031000,174.0,168.0,279.0,78.0,False,HARD,3.0,True,Red Bull Racing,0 days 00:18:26.647000,,1,,False,,False,True
2022-05,FP3,0 days 00:22:02.873000,PER,11,0 days 00:01:33.842000,4.0,1.0,,,0 days 00:00:31.792000,0 days 00:00:35.397000,0 days 00:00:26.653000,0 days 00:21:00.823000,0 days 00:21:36.220000,0 days 00:22:02.873000,212.0,185.0,282.0,331.0,True,HARD,4.0,True,Red Bull Racing,0 days 00:20:29.031000,,1,,False,,False,True
2022-05,FP3,0 days 00:23:57.869000,PER,11,0 days 00:01:54.996000,5.0,1.0,,0 days 00:23:55.842000,0 days 00:00:42.388000,0 days 00:00:38.683000,0 days 00:00:33.925000,0 days 00:22:45.261000,0 days 00:23:23.944000,0 days 00:23:57.869000,175.0,171.0,,281.0,False,HARD,5.0,True,Red Bull Racing,0 days 00:22:02.873000,,1,,False,,False,False
2022-05,FP3,0 days 00:44:34.731000,PER,11,,6.0,2.0,0 days 00:42:21.314000,,,0 days 00:00:37.387000,0 days 00:00:45.396000,,0 days 00:43:49.455000,0 days 00:44:34.767000,196.0,176.0,271.0,75.0,False,HARD,6.0,False,Red Bull Racing,0 days 00:42:21.314000,,1,,False,,False,False
2022-05,FP3,0 days 00:46:11.506000,PER,11,0 days 00:01:36.775000,7.0,2.0,,,0 days 00:00:32.554000,0 days 00:00:36.641000,0 days 00:00:27.580000,0 days 00:45:07.285000,0 days 00:45:43.926000,0 days 00:46:11.506000,207.0,181.0,271.0,311.0,False,HARD,7.0,False,Red Bull Racing,0 days 00:44:34.731000,,1,,False,,False,True
2022-05,FP3,0 days 00:47:47.685000,PER,11,0 days 00:01:36.179000,8.0,2.0,,,0 days 00:00:32.293000,0 days 00:00:36.487000,0 days 00:00:27.399000,0 days 00:46:43.799000,0 days 00:47:20.286000,0 days 00:47:47.685000,203.0,182.0,274.0,297.0,False,HARD,8.0,False,Red Bull Racing,0 days 00:46:11.506000,,1,,False,,False,True
2022-05,FP3,0 days 00:49:23.763000,PER,11,0 days 00:01:36.078000,9.0,2.0,,,0 days 00:00:32.478000,0 days 00:00:36.259000,0 days 00:00:27.341000,0 days 00:48:20.163000,0 days 00:48:56.422000,0 days 00:49:23.763000,208.0,183.0,275.0,302.0,False,HARD,9.0,False,Red Bull Racing,0 days 00:47:47.685000,,1,,False,,False,True
2022-05,FP3,0 days 00:50:59.231000,PER,11,0 days 00:01:35.468000,10.0,2.0,,,0 days 00:00:31.915000,0 days 00:00:36.336000,0 days 00:00:27.217000,0 days 00:49:55.678000,0 days 00:50:32.014000,0 days 00:50:59.231000,205.0,182.0,274.0,303.0,False,HARD,10.0,False,Red Bull Racing,0 days 00:49:23.763000,,1,,False,,False,True
2022-05,FP3,0 days 00:52:42.109000,PER,11,0 days 00:01:42.878000,11.0,2.0,,0 days 00:52:38.724000,0 days 00:00:32.330000,0 days 00:00:36.453000,0 days 00:00:34.095000,0 days 00:51:31.561000,0 days 00:52:08.014000,0 days 00:52:42.109000,205.0,180.0,,315.0,False,HARD,11.0,False,Red Bull Racing,0 days 00:50:59.231000,,1,,False,,False,False
2022-05,FP3,0 days 01:02:47.336000,PER,11,,12.0,3.0,0 days 01:01:05.974000,,,0 days 00:00:39.732000,0 days 00:00:28.873000,,0 days 01:02:18.684000,0 days 01:02:47.723000,188.0,159.0,284.0,282.0,False,SOFT,1.0,True,Red Bull Racing,0 days 00:52:42.109000,,1,,False,,False,False
2022-05,FP3,0 days 01:04:18.035000,PER,11,0 days 00:01:30.699000,13.0,3.0,,,0 days 00:00:30.358000,0 days 00:00:34.481000,0 days 00:00:25.860000,0 days 01:03:17.694000,0 days 01:03:52.175000,0 days 01:04:18.035000,218.0,190.0,285.0,333.0,True,SOFT,2.0,True,Red Bull Racing,0 days 01:02:47.336000,,1,,False,,False,True
2022-05,FP3,0 days 01:06:26.729000,PER,11,0 days 00:02:08.694000,14.0,3.0,,0 days 01:06:24.746000,0 days 00:00:46.276000,0 days 00:00:46.929000,0 days 00:00:35.489000,0 days 01:05:04.311000,0 days 01:05:51.240000,0 days 01:06:26.729000,146.0,162.0,,211.0,False,SOFT,3.0,True,Red Bull Racing,0 days 01:04:18.035000,,1,,False,,False,False
2022-05,FP3,0 days 01:08:53.904000,PER,11,0 days 00:02:27.175000,15.0,4.0,0 days 01:06:47.966000,,0 days 00:01:02.775000,0 days 00:00:53.301000,0 days 00:00:31.099000,0 days 01:07:29.504000,0 days 01:08:22.805000,0 days 01:08:53.904000,152.0,145.0,285.0,255.0,False,SOFT,4.0,False,Red Bull Racing,0 days 01:06:26.729000,,1,,False,,False,False
2022-05,FP3,0 days 01:10:24.208000,PER,11,0 days 00:01:30.304000,16.0,4.0,,,0 days 00:00:30.110000,0 days 00:00:34.505000,0 days 00:00:25.689000,0 days 01:09:24.014000,0 days 01:09:58.519000,0 days 01:10:24.208000,221.0,189.0,287.0,332.0,True,SOFT,5.0,False,Red Bull Racing,0 days 01:08:53.904000,,1,,False,,False,True
2022-05,FP3,0 days 01:12:48.111000,PER,11,0 days 00:02:23.903000,17.0,4.0,,,0 days 00:00:51.391000,0 days 00:00:59.255000,0 days 00:00:33.257000,0 days 01:11:15.599000,0 days 01:12:14.854000,0 days 01:12:48.111000,112.0,95.0,285.0,250.0,False,SOFT,6.0,False,Red Bull Racing,0 days 01:10:24.208000,,1,,False,,False,True
2022-05,FP3,0 days 01:14:30.757000,PER,11,0 days 00:01:42.646000,18.0,4.0,,,0 days 00:00:30.238000,0 days 00:00:36.160000,0 days 00:00:36.248000,0 days 01:13:18.349000,0 days 01:13:54.509000,0 days 01:14:30.757000,214.0,145.0,181.0,176.0,False,SOFT,7.0,False,Red Bull Racing,0 days 01:12:48.111000,,12,,False,,False,True
2022-05,FP3,0 days 01:16:59.934000,PER,11,0 days 00:02:29.177000,19.0,4.0,,,0 days 00:00:45.679000,0 days 00:00:59.164000,0 days 00:00:44.334000,0 days 01:15:16.436000,0 days 01:16:15.600000,0 days 01:16:59.934000,141.0,61.0,283.0,154.0,False,SOFT,8.0,False,Red Bull Racing,0 days 01:14:30.757000,,1,,False,,False,True
2022-05,FP3,0 days 01:19:16.131000,PER,11,0 days 00:02:16.197000,20.0,4.0,,,0 days 00:00:34.787000,0 days 00:00:48.100000,0 days 00:00:53.310000,0 days 01:17:34.721000,0 days 01:18:22.821000,0 days 01:19:16.131000,145.0,135.0,57.0,134.0,False,SOFT,9.0,False,Red Bull Racing,0 days 01:16:59.934000,,1,,False,,False,True
2022-05,FP3,0 days 01:21:33.421000,PER,11,0 days 00:02:17.290000,21.0,4.0,,0 days 01:21:31.438000,0 days 00:01:02.006000,0 days 00:00:40.870000,0 days 00:00:34.414000,0 days 01:20:18.137000,0 days 01:20:59.007000,0 days 01:21:33.421000,187.0,164.0,,229.0,False,SOFT,10.0,False,Red Bull Racing,0 days 01:19:16.131000,,1,,False,,False,False
2022-05,FP3,0 days 00:20:23.955000,ALO,14,,1.0,1.0,0 days 00:18:20.826000,0 days 00:20:21.814000,,0 days 00:00:43.312000,0 days 00:00:37.696000,,0 days 00:19:46.408000,0 days 00:20:23.955000,163.0,162.0,,257.0,False,HARD,1.0,True,Alpine,0 days 00:18:20.826000,,1,,False,,False,False
2022-05,FP3,0 days 00:27:37.131000,ALO,14,,2.0,2.0,0 days 00:25:45.877000,,,0 days 00:00:42.620000,0 days 00:00:32.225000,,0 days 00:27:05.040000,0 days 00:27:37.131000,181.0,145.0,283.0,212.0,False,SOFT,1.0,True,Alpine,0 days 00:20:23.955000,,12,,False,,False,False
2022-05,FP3,0 days 00:43:10.678000,ALO,14,,3.0,2.0,,0 days 00:29:19.873000,0 days 00:00:30.456000,0 days 00:00:35.102000,,0 days 00:28:07.692000,0 days 00:28:42.790000,,218.0,185.0,,323.0,False,SOFT,2.0,True,Alpine,0 days 00:27:37.131000,,125,,False,,False,False
2022-05,FP3,0 days 00:45:04.926000,ALO,14,,4.0,3.0,0 days 00:43:10.678000,,,0 days 00:00:45.441000,0 days 00:00:30.251000,,0 days 00:44:34.924000,0 days 00:45:05.058000,165.0,150.0,282.0,210.0,False,SOFT,3.0,False,Alpine,0 days 00:43:10.678000,,1,,False,,False,False
2022-05,FP3,0 days 00:46:37.899000,ALO,14,0 days 00:01:32.973000,5.0,3.0,,,0 days 00:00:31.099000,0 days 00:00:35.255000,0 days 00:00:26.619000,0 days 00:45:36.025000,0 days 00:46:11.280000,0 days 00:46:37.899000,214.0,187.0,280.0,326.0,True,SOFT,4.0,False,Alpine,0 days 00:45:04.926000,,1,,False,,False,True
2022-05,FP3,0 days 00:49:02.527000,ALO,14,0 days 00:02:24.628000,6.0,3.0,,,0 days 00:00:45.022000,0 days 00:00:59.211000,0 days 00:00:40.395000,0 days 00:47:22.921000,0 days 00:48:22.132000,0 days 00:49:02.527000,126.0,120.0,280.0,169.0,False,SOFT,5.0,False,Alpine,0 days 00:46:37.899000,,1,,False,,False,True
2022-05,FP3,0 days 00:50:34.801000,ALO,14,0 days 00:01:32.274000,7.0,3.0,,,0 days 00:00:30.580000,0 days 00:00:35.087000,0 days 00:00:26.607000,0 days 00:49:33.107000,0 days 00:50:08.194000,0 days 00:50:34.801000,216.0,185.0,278.0,321.0,True,SOFT,6.0,False,Alpine,0 days 00:49:02.527000,,1,,False,,False,True
2022-05,FP3,0 days 00:52:52.732000,ALO,14,0 days 00:02:17.931000,8.0,3.0,,,0 days 00:00:49.002000,0 days 00:00:51.445000,0 days 00:00:37.484000,0 days 00:51:23.803000,0 days 00:52:15.248000,0 days 00:52:52.732000,144.0,118.0,279.0,205.0,False,SOFT,7.0,False,Alpine,0 days 00:50:34.801000,,1,,False,,False,True
2022-05,FP3,0 days 00:54:24.909000,ALO,14,0 days 00:01:32.177000,9.0,3.0,,,0 days 00:00:30.572000,0 days 00:00:35.150000,0 days 00:00:26.455000,0 days 00:53:23.304000,0 days 00:53:58.454000,0 days 00:54:24.909000,212.0,187.0,279.0,321.0,True,SOFT,8.0,False,Alpine,0 days 00:52:52.732000,,1,,False,,False,True
2022-05,FP3,0 days 00:56:11.719000,ALO,14,0 days 00:01:46.810000,10.0,3.0,,0 days 00:56:09.739000,0 days 00:00:32.736000,0 days 00:00:39.777000,0 days 00:00:34.297000,0 days 00:54:57.645000,0 days 00:55:37.422000,0 days 00:56:11.719000,194.0,172.0,,296.0,False,SOFT,9.0,False,Alpine,0 days 00:54:24.909000,,1,,False,,False,False
2022-05,FP3,0 days 01:06:51.972000,ALO,14,,11.0,4.0,0 days 01:04:47.827000,,,0 days 00:00:46.701000,0 days 00:00:37.917000,,0 days 01:06:14.253000,0 days 01:06:52.037000,169.0,140.0,282.0,177.0,False,SOFT,1.0,True,Alpine,0 days 00:56:11.719000,,1,,False,,False,False
2022-05,FP3,0 days 01:08:23.373000,ALO,14,0 days 00:01:31.401000,12.0,4.0,,,0 days 00:00:30.353000,0 days 00:00:34.896000,0 days 00:00:26.152000,0 days 01:07:22.325000,0 days 01:07:57.221000,0 days 01:08:23.373000,212.0,187.0,283.0,323.0,True,SOFT,2.0,True,Alpine,0 days 01:06:51.972000,,1,,False,,False,True
2022-05,FP3,0 days 01:10:29.432000,ALO,14,0 days 00:02:06.059000,13.0,4.0,,,0 days 00:00:47.669000,0 days 00:00:43.140000,0 days 00:00:35.250000,0 days 01:09:11.042000,0 days 01:09:54.182000,0 days 01:10:29.432000,116.0,153.0,284.0,96.0,False,SOFT,3.0,True,Alpine,0 days 01:08:23.373000,,1,,False,,False,True
2022-05,FP3,0 days 01:12:36.258000,ALO,14,0 days 00:02:06.826000,14.0,4.0,,,0 days 00:00:42.435000,0 days 00:00:47.770000,0 days 00:00:36.621000,0 days 01:11:11.867000,0 days 01:11:59.637000,0 days 01:12:36.258000,84.0,147.0,283.0,125.0,False,SOFT,4.0,True,Alpine,0 days 01:10:29.432000,,1,,False,,False,True
2022-05,FP3,0 days 01:14:07.294000,ALO,14,0 days 00:01:31.036000,15.0,4.0,,,0 days 00:00:30.321000,0 days 00:00:34.786000,0 days 00:00:25.929000,0 days 01:13:06.579000,0 days 01:13:41.365000,0 days 01:14:07.294000,212.0,187.0,283.0,326.0,True,SOFT,5.0,True,Alpine,0 days 01:12:36.258000,,12,,False,,False,True
2022-05,FP3,0 days 01:15:57.890000,ALO,14,0 days 00:01:50.596000,16.0,4.0,,,0 days 00:00:38.915000,0 days 00:00:43.025000,0 days 00:00:28.656000,0 days 01:14:46.209000,0 days 01:15:29.234000,0 days 01:15:57.890000,191.0,167.0,266.0,232.0,False,SOFT,6.0,True,Alpine,0 days 01:14:07.294000,,1,,False,,False,True
2022-05,FP3,0 days 01:18:01.779000,ALO,14,0 days 00:02:03.889000,17.0,4.0,,,0 days 00:00:38.103000,0 days 00:00:41.043000,0 days 00:00:44.743000,0 days 01:16:35.993000,0 days 01:17:17.036000,0 days 01:18:01.779000,193.0,161.0,52.0,171.0,False,SOFT,7.0,True,Alpine,0 days 01:15:57.890000,,1,,False,,False,True
2022-05,FP3,0 days 01:20:39.110000,ALO,14,,18.0,4.0,,0 days 01:20:37.060000,0 days 00:01:07.785000,0 days 00:00:50.752000,0 days 00:00:38.746000,0 days 01:19:09.756000,0 days 01:20:00.477000,0 days 01:20:39.110000,194.0,114.0,,200.0,False,SOFT,8.0,True,Alpine,0 days 01:18:01.779000,,1,,False,,False,False
2022-05,FP3,0 days 00:17:53.053000,LEC,16,,1.0,1.0,0 days 00:15:57.254000,,,0 days 00:00:42.934000,0 days 00:00:31.463000,,0 days 00:17:21.784000,0 days 00:17:53.132000,165.0,162.0,277.0,264.0,False,SOFT,1.0,True,Ferrari,0 days 00:15:57.254000,,1,,False,,False,False
2022-05,FP3,0 days 00:19:45.902000,LEC,16,0 days 00:01:52.849000,2.0,1.0,,,0 days 00:00:32.338000,0 days 00:00:49.507000,0 days 00:00:31.004000,0 days 00:18:25.391000,0 days 00:19:14.898000,0 days 00:19:45.902000,169.0,133.0,278.0,272.0,True,SOFT,2.0,True,Ferrari,0 days 00:17:53.053000,,1,,False,,False,True
2022-05,FP3,0 days 00:21:18.152000,LEC,16,0 days 00:01:32.250000,3.0,1.0,,,0 days 00:00:31.184000,0 days 00:00:34.830000,0 days 00:00:26.236000,0 days 00:20:17.086000,0 days 00:20:51.916000,0 days 00:21:18.152000,214.0,188.0,280.0,319.0,True,SOFT,3.0,True,Ferrari,0 days 00:19:45.902000,,1,,False,,False,True
2022-05,FP3,0 days 00:23:43.185000,LEC,16,0 days 00:02:25.033000,4.0,1.0,,,0 days 00:00:50.527000,0 days 00:01:01.197000,0 days 00:00:33.309000,0 days 00:22:08.679000,0 days 00:23:09.876000,0 days 00:23:43.185000,118.0,115.0,277.0,254.0,False,SOFT,4.0,True,Ferrari,0 days 00:21:18.152000,,1,,False,,False,True
2022-05,FP3,0 days 00:25:14.891000,LEC,16,0 days 00:01:31.706000,5.0,1.0,,,0 days 00:00:30.729000,0 days 00:00:34.892000,0 days 00:00:26.085000,0 days 00:24:13.914000,0 days 00:24:48.806000,0 days 00:25:14.891000,217.0,189.0,281.0,319.0,True,SOFT,5.0,True,Ferrari,0 days 00:23:43.185000,,1,,False,,False,True
2022-05,FP3,0 days 00:27:17.844000,LEC,16,0 days 00:02:02.953000,6.0,1.0,,0 days 00:27:15.881000,0 days 00:00:39.657000,0 days 00:00:44.156000,0 days 00:00:39.140000,0 days 00:25:54.548000,0 days 00:26:38.704000,0 days 00:27:17.844000,182.0,144.0,,201.0,False,SOFT,6.0,True,Ferrari,0 days 00:25:14.891000,,12,,False,,False,False
2022-05,FP3,0 days 00:43:02.851000,LEC,16,,7.0,2.0,0 days 00:27:37.145000,0 days 00:29:47.248000,0 days 00:01:03.031000,,,0 days 00:28:21.113000,,,193.0,,,,False,SOFT,7.0,False,Ferrari,0 days 00:27:17.844000,,125,,False,,False,False
2022-05,FP3,0 days 00:44:59.325000,LEC,16,,8.0,3.0,0 days 00:43:02.851000,,,0 days 00:00:39.700000,0 days 00:00:39.343000,,0 days 00:44:20.111000,0 days 00:44:59.374000,192.0,143.0,282.0,96.0,False,SOFT,8.0,False,Ferrari,0 days 00:43:02.851000,,1,,False,,False,False
2022-05,FP3,0 days 00:46:30.911000,LEC,16,0 days 00:01:31.586000,9.0,3.0,,,0 days 00:00:30.443000,0 days 00:00:35.037000,0 days 00:00:26.106000,0 days 00:45:29.768000,0 days 00:46:04.805000,0 days 00:46:30.911000,215.0,189.0,283.0,327.0,True,SOFT,9.0,False,Ferrari,0 days 00:44:59.325000,,1,,False,,False,True
2022-05,FP3,0 days 00:48:09.616000,LEC,16,0 days 00:01:38.705000,10.0,3.0,,0 days 00:48:07.572000,0 days 00:00:31.417000,0 days 00:00:35.241000,0 days 00:00:32.047000,0 days 00:47:02.328000,0 days 00:47:37.569000,0 days 00:48:09.616000,216.0,188.0,,321.0,False,SOFT,10.0,False,Ferrari,0 days 00:46:30.911000,,1,,False,,False,False
2022-05,FP3,0 days 00:54:30.567000,LEC,16,,11.0,4.0,0 days 00:52:20.502000,,,0 days 00:00:45.511000,0 days 00:00:36.785000,,0 days 00:53:54.016000,0 days 00:54:30.631000,162.0,132.0,224.0,214.0,False,SOFT,1.0,True,Ferrari,0 days 00:48:09.616000,,1,,False,,False,False
2022-05,FP3,0 days 00:56:28.978000,LEC,16,0 days 00:01:58.411000,12.0,4.0,,,0 days 00:00:40.172000,0 days 00:00:46.390000,0 days 00:00:31.849000,0 days 00:55:10.739000,0 days 00:55:57.129000,0 days 00:56:28.978000,173.0,130.0,278.0,271.0,False,SOFT,2.0,True,Ferrari,0 days 00:54:30.567000,,1,,False,,False,True
2022-05,FP3,0 days 00:57:59.959000,LEC,16,0 days 00:01:30.981000,13.0,4.0,,,0 days 00:00:30.246000,0 days 00:00:34.548000,0 days 00:00:26.187000,0 days 00:56:59.224000,0 days 00:57:33.772000,0 days 00:57:59.959000,217.0,189.0,281.0,317.0,True,SOFT,3.0,True,Ferrari,0 days 00:56:28.978000,,1,,False,,False,True
2022-05,FP3,0 days 01:00:33.519000,LEC,16,,14.0,4.0,,,0 days 00:00:54.145000,0 days 00:01:05.109000,0 days 00:00:34.249000,0 days 00:58:54.277000,0 days 00:59:59.390000,0 days 01:00:33.538000,105.0,109.0,278.0,264.0,False,SOFT,4.0,True,Ferrari,0 days 00:57:59.959000,,1,,False,,False,False
2022-05,FP3,0 days 01:02:04.553000,LEC,16,0 days 00:01:31.034000,15.0,4.0,,,0 days 00:00:30.149000,0 days 00:00:34.774000,0 days 00:00:26.111000,0 days 01:01:03.668000,0 days 01:01:38.442000,0 days 01:02:04.553000,216.0,189.0,279.0,320.0,False,SOFT,5.0,True,Ferrari,0 days 01:00:33.519000,,1,,False,,False,True
2022-05,FP3,0 days 01:04:10.154000,LEC,16,0 days 00:02:05.601000,16.0,4.0,,0 days 01:04:08.093000,0 days 00:00:38.439000,0 days 00:00:46.500000,0 days 00:00:40.662000,0 days 01:02:42.992000,0 days 01:03:29.492000,0 days 01:04:10.154000,187.0,117.0,,202.0,False,SOFT,6.0,True,Ferrari,0 days 01:02:04.553000,,1,,False,,False,False
2022-05,FP3,0 days 01:06:29.480000,LEC,16,0 days 00:02:19.326000,17.0,5.0,0 days 01:04:29.683000,,0 days 00:01:02.790000,0 days 00:00:44.935000,0 days 00:00:31.601000,0 days 01:05:12.944000,0 days 01:05:57.879000,0 days 01:06:29.480000,156.0,135.0,278.0,275.0,False,SOFT,7.0,False,Ferrari,0 days 01:04:10.154000,,1,,False,,False,False
2022-05,FP3,0 days 01:08:04.251000,LEC,16,0 days 00:01:34.771000,18.0,5.0,,,0 days 00:00:30.183000,0 days 00:00:34.643000,0 days 00:00:29.945000,0 days 01:06:59.663000,0 days 01:07:34.306000,0 days 01:08:04.251000,218.0,189.0,230.0,319.0,False,SOFT,8.0,False,Ferrari,0 days 01:06:29.480000,,1,,False,,False,True
2022-05,FP3,0 days 01:10:02.380000,LEC,16,0 days 00:01:58.129000,19.0,5.0,,0 days 01:10:00.327000,0 days 00:00:43.090000,0 days 00:00:41.228000,0 days 00:00:33.811000,0 days 01:08:47.341000,0 days 01:09:28.569000,0 days 01:10:02.380000,188.0,168.0,,290.0,False,SOFT,9.0,False,Ferrari,0 days 01:08:04.251000,,1,,False,,False,False
2022-05,FP3,0 days 01:13:33.568000,LEC,16,,20.0,6.0,0 days 01:11:24.049000,,,0 days 00:00:47.519000,0 days 00:00:38.659000,,0 days 01:12:55.138000,0 days 01:13:33.642000,171.0,65.0,279.0,237.0,False,SOFT,10.0,False,Ferrari,0 days 01:10:02.380000,,12,,False,,False,False
2022-05,FP3,0 days 01:15:04.066000,LEC,16,0 days 00:01:30.498000,21.0,6.0,,,0 days 00:00:29.875000,0 days 00:00:34.709000,0 days 00:00:25.914000,0 days 01:14:03.443000,0 days 01:14:38.152000,0 days 01:15:04.066000,217.0,189.0,282.0,320.0,True,SOFT,11.0,False,Ferrari,0 days 01:13:33.568000,,1,,False,,False,True
2022-05,FP3,0 days 01:17:13.715000,LEC,16,0 days 00:02:09.649000,22.0,6.0,,,0 days 00:00:36.478000,0 days 00:00:41.872000,0 days 00:00:51.299000,0 days 01:15:40.544000,0 days 01:16:22.416000,0 days 01:17:13.715000,144.0,138.0,57.0,122.0,False,SOFT,12.0,False,Ferrari,0 days 01:15:04.066000,,1,,False,,False,True
2022-05,FP3,0 days 01:19:22.661000,LEC,16,0 days 00:02:08.946000,23.0,6.0,,0 days 01:19:20.672000,0 days 00:01:01.276000,0 days 00:00:36.201000,0 days 00:00:31.469000,0 days 01:18:14.991000,0 days 01:18:51.192000,0 days 01:19:22.661000,220.0,187.0,,303.0,False,SOFT,13.0,False,Ferrari,0 days 01:17:13.715000,,1,,False,,False,False
2022-05,FP3,0 days 00:18:09.971000,STR,18,,1.0,1.0,0 days 00:16:29.980000,,,0 days 00:00:37.414000,0 days 00:00:28.577000,,0 days 00:17:41.562000,0 days 00:18:10.038000,192.0,176.0,272.0,278.0,False,MEDIUM,1.0,True,Aston Martin,0 days 00:16:29.980000,,1,,False,,False,False
2022-05,FP3,0 days 00:19:54.976000,STR,18,0 days 00:01:45.005000,2.0,1.0,,0 days 00:19:52.953000,0 days 00:00:34.988000,0 days 00:00:36.722000,0 days 00:00:33.295000,0 days 00:18:44.959000,0 days 00:19:21.681000,0 days 00:19:54.976000,195.0,182.0,,291.0,False,MEDIUM,2.0,True,Aston Martin,0 days 00:18:09.971000,,1,,False,,False,False
2022-05,FP3,0 days 00:21:48.825000,STR,18,0 days 00:01:53.849000,3.0,2.0,0 days 00:20:12.453000,,0 days 00:00:49.273000,0 days 00:00:36.753000,0 days 00:00:27.823000,0 days 00:20:44.249000,0 days 00:21:21.002000,0 days 00:21:48.825000,209.0,181.0,276.0,289.0,False,HARD,1.0,True,Aston Martin,0 days 00:19:54.976000,,1,,False,,False,False
2022-05,FP3,0 days 00:23:31.130000,STR,18,0 days 00:01:42.305000,4.0,2.0,,0 days 00:23:29.132000,0 days 00:00:32.855000,0 days 00:00:36.626000,0 days 00:00:32.824000,0 days 00:22:21.680000,0 days 00:22:58.306000,0 days 00:23:31.130000,208.0,182.0,,292.0,False,HARD,2.0,True,Aston Martin,0 days 00:21:48.825000,,1,,False,,False,False
2022-05,FP3,0 days 00:25:23.715000,STR,18,0 days 00:01:52.585000,5.0,3.0,0 days 00:23:48.324000,,0 days 00:00:48.602000,0 days 00:00:36.517000,0 days 00:00:27.466000,0 days 00:24:19.732000,0 days 00:24:56.249000,0 days 00:25:23.715000,209.0,183.0,277.0,295.0,False,HARD,1.0,True,Aston Martin,0 days 00:23:31.130000,,1,,False,,False,False
2022-05,FP3,0 days 00:27:05.079000,STR,18,0 days 00:01:41.364000,6.0,3.0,,0 days 00:27:03.055000,0 days 00:00:32.576000,0 days 00:00:36.156000,0 days 00:00:32.632000,0 days 00:25:56.291000,0 days 00:26:32.447000,0 days 00:27:05.079000,207.0,184.0,,296.0,False,HARD,2.0,True,Aston Martin,0 days 00:25:23.715000,,12,,False,,False,False
2022-05,FP3,0 days 00:44:03.853000,STR,18,,7.0,4.0,0 days 00:42:06.345000,,,0 days 00:00:40.110000,0 days 00:00:40.083000,,0 days 00:43:23.957000,0 days 00:44:03.954000,185.0,163.0,280.0,138.0,False,MEDIUM,1.0,True,Aston Martin,0 days 00:42:06.345000,,1,,False,,False,False
2022-05,FP3,0 days 00:45:39.717000,STR,18,0 days 00:01:35.864000,8.0,4.0,,,0 days 00:00:31.070000,0 days 00:00:38.004000,0 days 00:00:26.790000,0 days 00:44:34.923000,0 days 00:45:12.927000,0 days 00:45:39.717000,214.0,175.0,282.0,324.0,True,MEDIUM,2.0,True,Aston Martin,0 days 00:44:03.853000,,1,,False,,False,True
2022-05,FP3,0 days 00:47:49.870000,STR,18,0 days 00:02:10.153000,9.0,4.0,,,0 days 00:00:41.351000,0 days 00:00:45.834000,0 days 00:00:42.968000,0 days 00:46:21.068000,0 days 00:47:06.902000,0 days 00:47:49.870000,174.0,128.0,280.0,127.0,False,MEDIUM,3.0,True,Aston Martin,0 days 00:45:39.717000,,1,,False,,False,True
2022-05,FP3,0 days 00:49:51.440000,STR,18,0 days 00:02:01.570000,10.0,4.0,,,0 days 00:00:39.556000,0 days 00:00:50.050000,0 days 00:00:31.964000,0 days 00:48:29.426000,0 days 00:49:19.476000,0 days 00:49:51.440000,110.0,91.0,251.0,248.0,False,MEDIUM,4.0,True,Aston Martin,0 days 00:47:49.870000,,1,,False,,False,True
2022-05,FP3,0 days 00:51:53.918000,STR,18,0 days 00:02:02.478000,11.0,4.0,,,0 days 00:00:40.591000,0 days 00:00:46.402000,0 days 00:00:35.485000,0 days 00:50:32.031000,0 days 00:51:18.433000,0 days 00:51:53.918000,168.0,115.0,279.0,84.0,False,MEDIUM,5.0,True,Aston Martin,0 days 00:49:51.440000,,1,,False,,False,True
2022-05,FP3,0 days 00:53:27.556000,STR,18,0 days 00:01:33.638000,12.0,4.0,,,0 days 00:00:31.532000,0 days 00:00:35.754000,0 days 00:00:26.352000,0 days 00:52:25.450000,0 days 00:53:01.204000,0 days 00:53:27.556000,209.0,185.0,284.0,325.0,True,MEDIUM,6.0,True,Aston Martin,0 days 00:51:53.918000,,1,,False,,False,True
2022-05,FP3,0 days 00:55:39.170000,STR,18,0 days 00:02:11.614000,13.0,4.0,,,0 days 00:00:44.232000,0 days 00:00:46.422000,0 days 00:00:40.960000,0 days 00:54:11.788000,0 days 00:54:58.210000,0 days 00:55:39.170000,176.0,99.0,279.0,122.0,False,MEDIUM,7.0,True,Aston Martin,0 days 00:53:27.556000,,1,,False,,False,True
2022-05,FP3,0 days 00:57:12.119000,STR,18,0 days 00:01:32.949000,14.0,4.0,,,0 days 00:00:31.188000,0 days 00:00:35.363000,0 days 00:00:26.398000,0 days 00:56:10.358000,0 days 00:56:45.721000,0 days 00:57:12.119000,215.0,189.0,282.0,323.0,True,MEDIUM,8.0,True,Aston Martin,0 days 00:55:39.170000,,1,,False,,False,True
2022-05,FP3,0 days 00:59:00.989000,STR,18,0 days 00:01:48.870000,15.0,4.0,,0 days 00:58:59.028000,0 days 00:00:36.009000,0 days 00:00:39.274000,0 days 00:00:33.587000,0 days 00:57:48.128000,0 days 00:58:27.402000,0 days 00:59:00.989000,197.0,176.0,,306.0,False,MEDIUM,9.0,True,Aston Martin,0 days 00:57:12.119000,,1,,False,,False,False
2022-05,FP3,0 days 01:07:48.022000,STR,18,,16.0,5.0,0 days 01:05:47.630000,,,0 days 00:00:39.906000,0 days 00:00:37.250000,,0 days 01:07:10.904000,0 days 01:07:48.102000,196.0,160.0,285.0,155.0,False,SOFT,1.0,True,Aston Martin,0 days 00:59:00.989000,,1,,False,,False,False
2022-05,FP3,0 days 01:09:19.687000,STR,18,0 days 00:01:31.665000,17.0,5.0,,,0 days 00:00:30.651000,0 days 00:00:34.814000,0 days 00:00:26.200000,0 days 01:08:18.673000,0 days 01:08:53.487000,0 days 01:09:19.687000,219.0,189.0,287.0,327.0,True,SOFT,2.0,True,Aston Martin,0 days 01:07:48.022000,,1,,False,,False,True
2022-05,FP3,0 days 01:11:44.789000,STR,18,0 days 00:02:25.102000,18.0,5.0,,0 days 01:11:42.745000,0 days 00:00:49.011000,0 days 00:00:55.585000,0 days 00:00:40.506000,0 days 01:10:08.698000,0 days 01:11:04.283000,0 days 01:11:44.789000,146.0,122.0,,193.0,False,SOFT,3.0,True,Aston Martin,0 days 01:09:19.687000,,1,,False,,False,False
2022-05,FP3,0 days 01:14:05.420000,STR,18,0 days 00:02:20.631000,19.0,6.0,0 days 01:11:56.295000,,0 days 00:01:01.367000,0 days 00:00:50.422000,0 days 00:00:28.842000,0 days 01:12:46.156000,0 days 01:13:36.578000,0 days 01:14:05.420000,134.0,157.0,281.0,283.0,False,SOFT,4.0,False,Aston Martin,0 days 01:11:44.789000,,12,,False,,False,False
2022-05,FP3,0 days 01:15:37.266000,STR,18,0 days 00:01:31.846000,20.0,6.0,,,0 days 00:00:30.608000,0 days 00:00:35.091000,0 days 00:00:26.147000,0 days 01:14:36.028000,0 days 01:15:11.119000,0 days 01:15:37.266000,217.0,188.0,281.0,322.0,False,SOFT,5.0,False,Aston Martin,0 days 01:14:05.420000,,1,,False,,False,True
2022-05,FP3,0 days 01:17:35.507000,STR,18,0 days 00:01:58.241000,21.0,6.0,,,0 days 00:00:37.853000,0 days 00:00:41.858000,0 days 00:00:38.530000,0 days 01:16:15.119000,0 days 01:16:56.977000,0 days 01:17:35.507000,189.0,140.0,65.0,206.0,False,SOFT,6.0,False,Aston Martin,0 days 01:15:37.266000,,1,,False,,False,True
2022-05,FP3,0 days 01:19:58.487000,STR,18,0 days 00:02:22.980000,22.0,6.0,,0 days 01:19:56.508000,0 days 00:01:11.686000,0 days 00:00:37.789000,0 days 00:00:33.505000,0 days 01:18:47.193000,0 days 01:19:24.982000,0 days 01:19:58.487000,184.0,178.0,,278.0,False,SOFT,7.0,False,Aston Martin,0 days 01:17:35.507000,,1,,False,,False,False
2022-05,FP3,0 days 00:26:01.287000,MAG,20,,1.0,1.0,0 days 00:24:07.633000,,,0 days 00:00:37.296000,0 days 00:00:39.821000,,0 days 00:25:21.640000,0 days 00:26:01.359000,196.0,183.0,268.0,212.0,False,SOFT,1.0,True,Haas F1 Team,0 days 00:24:07.633000,,12,,False,,False,False
2022-05,FP3,0 days 00:27:45.511000,MAG,20,0 days 00:01:44.224000,2.0,1.0,,,0 days 00:00:34.017000,0 days 00:00:38.167000,0 days 00:00:32.040000,0 days 00:26:35.304000,0 days 00:27:13.471000,0 days 00:27:45.511000,201.0,174.0,279.0,121.0,True,SOFT,2.0,True,Haas F1 Team,0 days 00:26:01.287000,,1,,False,,False,True
2022-05,FP3,0 days 00:42:07.550000,MAG,20,,3.0,1.0,,0 days 00:29:26.086000,0 days 00:00:30.514000,0 days 00:00:35.319000,,0 days 00:28:16.232000,0 days 00:28:51.532000,,218.0,188.0,,,False,SOFT,3.0,True,Haas F1 Team,0 days 00:27:45.511000,,125,,False,,False,False
2022-05,FP3,0 days 00:43:58.445000,MAG,20,,4.0,2.0,0 days 00:42:07.550000,,,0 days 00:00:38.555000,0 days 00:00:37.417000,,0 days 00:43:21.203000,0 days 00:43:58.544000,208.0,170.0,280.0,132.0,False,SOFT,4.0,False,Haas F1 Team,0 days 00:42:07.550000,,1,,False,,False,False
2022-05,FP3,0 days 00:45:30.940000,MAG,20,0 days 00:01:32.495000,5.0,2.0,,,0 days 00:00:30.584000,0 days 00:00:35.582000,0 days 00:00:26.329000,0 days 00:44:29.029000,0 days 00:45:04.611000,0 days 00:45:30.940000,215.0,186.0,283.0,324.0,True,SOFT,5.0,False,Haas F1 Team,0 days 00:43:58.445000,,1,,False,,False,True
2022-05,FP3,0 days 00:47:35.452000,MAG,20,0 days 00:02:04.512000,6.0,2.0,,,0 days 00:00:41.239000,0 days 00:00:41.906000,0 days 00:00:41.367000,0 days 00:46:12.179000,0 days 00:46:54.085000,0 days 00:47:35.452000,177.0,169.0,280.0,132.0,False,SOFT,6.0,False,Haas F1 Team,0 days 00:45:30.940000,,1,,False,,False,True
2022-05,FP3,0 days 00:49:09.533000,MAG,20,0 days 00:01:34.081000,7.0,2.0,,,0 days 00:00:31.719000,0 days 00:00:35.805000,0 days 00:00:26.557000,0 days 00:48:07.171000,0 days 00:48:42.976000,0 days 00:49:09.533000,213.0,187.0,280.0,320.0,False,SOFT,7.0,False,Haas F1 Team,0 days 00:47:35.452000,,1,,False,,False,True
2022-05,FP3,0 days 00:50:54.696000,MAG,20,0 days 00:01:45.163000,8.0,2.0,,,0 days 00:00:36.100000,0 days 00:00:40.467000,0 days 00:00:28.596000,0 days 00:49:45.633000,0 days 00:50:26.100000,0 days 00:50:54.696000,193.0,172.0,279.0,281.0,False,SOFT,8.0,False,Haas F1 Team,0 days 00:49:09.533000,,1,,False,,False,True
2022-05,FP3,0 days 00:52:26.874000,MAG,20,0 days 00:01:32.178000,9.0,2.0,,,0 days 00:00:30.510000,0 days 00:00:35.571000,0 days 00:00:26.097000,0 days 00:51:25.206000,0 days 00:52:00.777000,0 days 00:52:26.874000,215.0,186.0,283.0,327.0,True,SOFT,9.0,False,Haas F1 Team,0 days 00:50:54.696000,,1,,False,,False,True
2022-05,FP3,0 days 00:54:18.375000,MAG,20,0 days 00:01:51.501000,10.0,2.0,,0 days 00:54:16.362000,0 days 00:00:34.369000,0 days 00:00:43.347000,0 days 00:00:33.785000,0 days 00:53:01.243000,0 days 00:53:44.590000,0 days 00:54:18.375000,195.0,171.0,,275.0,False,SOFT,10.0,False,Haas F1 Team,0 days 00:52:26.874000,,1,,False,,False,False
2022-05,FP3,0 days 01:02:52.442000,MAG,20,,11.0,3.0,0 days 01:01:09.995000,,,0 days 00:00:38.558000,0 days 00:00:31.375000,,0 days 01:02:21.218000,0 days 01:02:52.489000,208.0,169.0,279.0,197.0,False,SOFT,1.0,True,Haas F1 Team,0 days 00:54:18.375000,,1,,False,,False,False
2022-05,FP3,0 days 01:04:24.651000,MAG,20,0 days 00:01:32.209000,12.0,3.0,,,0 days 00:00:30.585000,0 days 00:00:35.236000,0 days 00:00:26.388000,0 days 01:03:23.027000,0 days 01:03:58.263000,0 days 01:04:24.651000,217.0,189.0,282.0,322.0,False,SOFT,2.0,True,Haas F1 Team,0 days 01:02:52.442000,,1,,False,,False,True
2022-05,FP3,0 days 01:06:16.530000,MAG,20,0 days 00:01:51.879000,13.0,3.0,,,0 days 00:00:42.693000,0 days 00:00:40.754000,0 days 00:00:28.432000,0 days 01:05:07.344000,0 days 01:05:48.098000,0 days 01:06:16.530000,191.0,169.0,279.0,281.0,False,SOFT,3.0,True,Haas F1 Team,0 days 01:04:24.651000,,1,,False,,False,True
2022-05,FP3,0 days 01:08:13.608000,MAG,20,0 days 00:01:57.078000,14.0,3.0,,,0 days 00:00:33.289000,0 days 00:00:39.826000,0 days 00:00:43.963000,0 days 01:06:49.819000,0 days 01:07:29.645000,0 days 01:08:13.608000,185.0,162.0,276.0,45.0,False,SOFT,4.0,True,Haas F1 Team,0 days 01:06:16.530000,,1,,False,,False,True
2022-05,FP3,0 days 01:09:46,MAG,20,0 days 00:01:32.392000,15.0,3.0,,,0 days 00:00:31.152000,0 days 00:00:35.246000,0 days 00:00:25.994000,0 days 01:08:44.760000,0 days 01:09:20.006000,0 days 01:09:46,204.0,184.0,278.0,323.0,False,SOFT,5.0,True,Haas F1 Team,0 days 01:08:13.608000,,1,,False,,False,True
2022-05,FP3,0 days 01:11:41.567000,MAG,20,0 days 00:01:55.567000,16.0,3.0,,,0 days 00:00:38.648000,0 days 00:00:42.098000,0 days 00:00:34.821000,0 days 01:10:24.648000,0 days 01:11:06.746000,0 days 01:11:41.567000,196.0,153.0,280.0,84.0,False,SOFT,6.0,True,Haas F1 Team,0 days 01:09:46,,1,,False,,False,True
2022-05,FP3,0 days 01:13:13.294000,MAG,20,0 days 00:01:31.727000,17.0,3.0,,,0 days 00:00:30.491000,0 days 00:00:35.445000,0 days 00:00:25.791000,0 days 01:12:12.058000,0 days 01:12:47.503000,0 days 01:13:13.294000,216.0,184.0,279.0,324.0,True,SOFT,7.0,True,Haas F1 Team,0 days 01:11:41.567000,,12,,False,,False,True
2022-05,FP3,0 days 01:14:54.369000,MAG,20,0 days 00:01:41.075000,18.0,3.0,,,0 days 00:00:35.101000,0 days 00:00:38.108000,0 days 00:00:27.866000,0 days 01:13:48.395000,0 days 01:14:26.503000,0 days 01:14:54.369000,200.0,174.0,280.0,284.0,False,SOFT,8.0,True,Haas F1 Team,0 days 01:13:13.294000,,21,,False,,False,True
2022-05,FP3,0 days 01:16:25.596000,MAG,20,0 days 00:01:31.227000,19.0,3.0,,,0 days 00:00:30.481000,0 days 00:00:34.805000,0 days 00:00:25.941000,0 days 01:15:24.850000,0 days 01:15:59.655000,0 days 01:16:25.596000,219.0,188.0,277.0,321.0,True,SOFT,9.0,True,Haas F1 Team,0 days 01:14:54.369000,,1,,False,,False,True
2022-05,FP3,0 days 01:18:13.138000,MAG,20,0 days 00:01:47.542000,20.0,3.0,,0 days 01:18:11.128000,0 days 00:00:34.660000,0 days 00:00:38.618000,0 days 00:00:34.264000,0 days 01:17:00.256000,0 days 01:17:38.874000,0 days 01:18:13.138000,196.0,170.0,,241.0,False,SOFT,10.0,True,Haas F1 Team,0 days 01:16:25.596000,,1,,False,,False,False
2022-05,FP3,0 days 00:21:00.003000,TSU,22,,1.0,1.0,0 days 00:19:10.970000,,,0 days 00:00:37.569000,0 days 00:00:33.908000,,0 days 00:20:26.248000,0 days 00:21:00.067000,203.0,171.0,276.0,92.0,False,HARD,1.0,True,AlphaTauri,0 days 00:19:10.970000,,1,,False,,False,False
2022-05,FP3,0 days 00:22:35.434000,TSU,22,0 days 00:01:35.431000,2.0,1.0,,,0 days 00:00:32.134000,0 days 00:00:36.092000,0 days 00:00:27.205000,0 days 00:21:32.137000,0 days 00:22:08.229000,0 days 00:22:35.434000,212.0,184.0,276.0,325.0,True,HARD,2.0,True,AlphaTauri,0 days 00:21:00.003000,,1,,False,,False,True
2022-05,FP3,0 days 00:24:31.657000,TSU,22,0 days 00:01:56.223000,3.0,1.0,,,0 days 00:00:44.546000,0 days 00:00:42.302000,0 days 00:00:29.375000,0 days 00:23:19.980000,0 days 00:24:02.282000,0 days 00:24:31.657000,177.0,163.0,282.0,287.0,False,HARD,3.0,True,AlphaTauri,0 days 00:22:35.434000,,1,,False,,False,True
2022-05,FP3,0 days 00:26:10.349000,TSU,22,0 days 00:01:38.692000,4.0,1.0,,,0 days 00:00:32.350000,0 days 00:00:35.866000,0 days 00:00:30.476000,0 days 00:25:04.007000,0 days 00:25:39.873000,0 days 00:26:10.349000,217.0,185.0,250.0,176.0,False,HARD,4.0,True,AlphaTauri,0 days 00:24:31.657000,,12,,False,,False,True
2022-05,FP3,0 days 00:28:10.422000,TSU,22,0 days 00:02:00.073000,5.0,1.0,,,0 days 00:00:44.644000,0 days 00:00:41.936000,0 days 00:00:33.493000,0 days 00:26:54.993000,0 days 00:27:36.929000,0 days 00:28:10.422000,169.0,165.0,280.0,157.0,False,HARD,5.0,True,AlphaTauri,0 days 00:26:10.349000,,1,,False,,False,True
2022-05,FP3,0 days 00:43:05.131000,TSU,22,,6.0,1.0,,0 days 00:30:01.997000,0 days 00:00:31.339000,,,0 days 00:28:41.953000,,,215.0,,,,False,HARD,6.0,True,AlphaTauri,0 days 00:28:10.422000,,125,,False,,False,False
2022-05,FP3,0 days 00:45:10.300000,TSU,22,,7.0,2.0,0 days 00:43:05.131000,,,0 days 00:00:40.304000,0 days 00:00:49.434000,,0 days 00:44:21.043000,0 days 00:45:10.392000,203.0,170.0,277.0,160.0,False,HARD,7.0,False,AlphaTauri,0 days 00:43:05.131000,,1,,False,,False,False
2022-05,FP3,0 days 00:46:44.979000,TSU,22,0 days 00:01:34.679000,8.0,2.0,,,0 days 00:00:31.764000,0 days 00:00:35.840000,0 days 00:00:27.075000,0 days 00:45:42.064000,0 days 00:46:17.904000,0 days 00:46:44.979000,211.0,184.0,277.0,325.0,True,HARD,8.0,False,AlphaTauri,0 days 00:45:10.300000,,1,,False,,False,True
2022-05,FP3,0 days 00:48:50.047000,TSU,22,0 days 00:02:05.068000,9.0,2.0,,,0 days 00:00:41.174000,0 days 00:00:50.496000,0 days 00:00:33.398000,0 days 00:47:26.153000,0 days 00:48:16.649000,0 days 00:48:50.047000,151.0,166.0,281.0,229.0,False,HARD,9.0,False,AlphaTauri,0 days 00:46:44.979000,,1,,False,,False,True
2022-05,FP3,0 days 00:50:24.043000,TSU,22,0 days 00:01:33.996000,10.0,2.0,,,0 days 00:00:31.441000,0 days 00:00:35.703000,0 days 00:00:26.852000,0 days 00:49:21.488000,0 days 00:49:57.191000,0 days 00:50:24.043000,213.0,185.0,279.0,322.0,True,HARD,10.0,False,AlphaTauri,0 days 00:48:50.047000,,1,,False,,False,True
2022-05,FP3,0 days 00:52:20.905000,TSU,22,0 days 00:01:56.862000,11.0,2.0,,,0 days 00:00:42.521000,0 days 00:00:44.751000,0 days 00:00:29.590000,0 days 00:51:06.564000,0 days 00:51:51.315000,0 days 00:52:20.905000,177.0,153.0,280.0,295.0,False,HARD,11.0,False,AlphaTauri,0 days 00:50:24.043000,,1,,False,,False,True
2022-05,FP3,0 days 00:53:54.378000,TSU,22,0 days 00:01:33.473000,12.0,2.0,,,0 days 00:00:31.198000,0 days 00:00:35.497000,0 days 00:00:26.778000,0 days 00:52:52.103000,0 days 00:53:27.600000,0 days 00:53:54.378000,215.0,185.0,279.0,322.0,True,HARD,12.0,False,AlphaTauri,0 days 00:52:20.905000,,1,,False,,False,True
2022-05,FP3,0 days 00:55:55.310000,TSU,22,0 days 00:02:00.932000,13.0,2.0,,,0 days 00:00:41.726000,0 days 00:00:49.705000,0 days 00:00:29.501000,0 days 00:54:36.104000,0 days 00:55:25.809000,0 days 00:55:55.310000,142.0,164.0,281.0,284.0,False,HARD,13.0,False,AlphaTauri,0 days 00:53:54.378000,,1,,False,,False,True
2022-05,FP3,0 days 00:57:28.273000,TSU,22,0 days 00:01:32.963000,14.0,2.0,,,0 days 00:00:31.007000,0 days 00:00:35.384000,0 days 00:00:26.572000,0 days 00:56:26.317000,0 days 00:57:01.701000,0 days 00:57:28.273000,216.0,185.0,282.0,327.0,True,HARD,14.0,False,AlphaTauri,0 days 00:55:55.310000,,1,,False,,False,True
2022-05,FP3,0 days 00:59:21.833000,TSU,22,0 days 00:01:53.560000,15.0,2.0,,0 days 00:59:19.883000,0 days 00:00:38.895000,0 days 00:00:40.443000,0 days 00:00:34.222000,0 days 00:58:07.168000,0 days 00:58:47.611000,0 days 00:59:21.833000,192.0,169.0,,269.0,False,HARD,15.0,False,AlphaTauri,0 days 00:57:28.273000,,1,,False,,False,False
2022-05,FP3,0 days 01:05:40.230000,TSU,22,,16.0,3.0,0 days 01:03:54.349000,,,0 days 00:00:39.501000,0 days 00:00:28.820000,,0 days 01:05:11.562000,0 days 01:05:40.309000,173.0,168.0,282.0,296.0,False,SOFT,1.0,True,AlphaTauri,0 days 00:59:21.833000,,1,,False,,False,False
2022-05,FP3,0 days 01:07:42.252000,TSU,22,0 days 00:02:02.022000,17.0,3.0,,,0 days 00:00:41.608000,0 days 00:00:46.716000,0 days 00:00:33.698000,0 days 01:06:21.838000,0 days 01:07:08.554000,0 days 01:07:42.252000,152.0,128.0,281.0,209.0,False,SOFT,2.0,True,AlphaTauri,0 days 01:05:40.230000,,1,,False,,False,True
2022-05,FP3,0 days 01:09:13.930000,TSU,22,0 days 00:01:31.678000,18.0,3.0,,,0 days 00:00:30.577000,0 days 00:00:34.944000,0 days 00:00:26.157000,0 days 01:08:12.829000,0 days 01:08:47.773000,0 days 01:09:13.930000,216.0,186.0,281.0,325.0,True,SOFT,3.0,True,AlphaTauri,0 days 01:07:42.252000,,1,,False,,False,True
2022-05,FP3,0 days 01:11:16.049000,TSU,22,0 days 00:02:02.119000,19.0,3.0,,,0 days 00:00:44.199000,0 days 00:00:44.315000,0 days 00:00:33.605000,0 days 01:09:58.129000,0 days 01:10:42.444000,0 days 01:11:16.049000,155.0,135.0,285.0,177.0,False,SOFT,4.0,True,AlphaTauri,0 days 01:09:13.930000,,1,,False,,False,True
2022-05,FP3,0 days 01:13:15.233000,TSU,22,0 days 00:01:59.184000,20.0,3.0,,,0 days 00:00:42.581000,0 days 00:00:42.530000,0 days 00:00:34.073000,0 days 01:11:58.630000,0 days 01:12:41.160000,0 days 01:13:15.233000,172.0,141.0,284.0,94.0,False,SOFT,5.0,True,AlphaTauri,0 days 01:11:16.049000,,12,,False,,False,True
2022-05,FP3,0 days 01:14:46.892000,TSU,22,0 days 00:01:31.659000,21.0,3.0,,,0 days 00:00:31.021000,0 days 00:00:34.791000,0 days 00:00:25.847000,0 days 01:13:46.254000,0 days 01:14:21.045000,0 days 01:14:46.892000,219.0,189.0,283.0,326.0,True,SOFT,6.0,True,AlphaTauri,0 days 01:13:15.233000,,21,,False,,False,True
2022-05,FP3,0 days 01:16:52.731000,TSU,22,0 days 00:02:05.839000,22.0,3.0,,,0 days 00:00:48.092000,0 days 00:00:44.950000,0 days 00:00:32.797000,0 days 01:15:34.984000,0 days 01:16:19.934000,0 days 01:16:52.731000,159.0,161.0,234.0,240.0,False,SOFT,7.0,True,AlphaTauri,0 days 01:14:46.892000,,1,,False,,False,True
2022-05,FP3,0 days 01:18:49.484000,TSU,22,0 days 00:01:56.753000,23.0,3.0,,,0 days 00:00:39.840000,0 days 00:00:42.230000,0 days 00:00:34.683000,0 days 01:17:32.571000,0 days 01:18:14.801000,0 days 01:18:49.484000,193.0,168.0,70.0,241.0,False,SOFT,8.0,True,AlphaTauri,0 days 01:16:52.731000,,1,,False,,False,True
2022-05,FP3,0 days 01:21:16.528000,TSU,22,0 days 00:02:27.044000,24.0,3.0,,0 days 01:21:14.522000,0 days 00:01:06.918000,0 days 00:00:42.685000,0 days 00:00:37.441000,0 days 01:19:56.402000,0 days 01:20:39.087000,0 days 01:21:16.528000,199.0,166.0,,221.0,False,SOFT,9.0,True,AlphaTauri,0 days 01:18:49.484000,,1,,False,,False,False
2022-05,FP3,0 days 00:45:26.302000,ALB,23,,1.0,1.0,0 days 00:43:21.726000,,,0 days 00:00:40.817000,0 days 00:00:42.744000,,0 days 00:44:43.731000,0 days 00:45:26.394000,197.0,162.0,279.0,59.0,False,SOFT,1.0,True,Williams,0 days 00:43:21.726000,,1,,False,,False,False
2022-05,FP3,0 days 00:46:59.889000,ALB,23,0 days 00:01:33.587000,2.0,1.0,,,0 days 00:00:31.476000,0 days 00:00:35.446000,0 days 00:00:26.665000,0 days 00:45:57.778000,0 days 00:46:33.224000,0 days 00:46:59.889000,216.0,186.0,281.0,329.0,True,SOFT,2.0,True,Williams,0 days 00:45:26.302000,,1,,False,,False,True
2022-05,FP3,0 days 00:48:55.942000,ALB,23,0 days 00:01:56.053000,3.0,1.0,,,0 days 00:00:42.558000,0 days 00:00:42.323000,0 days 00:00:31.172000,0 days 00:47:42.447000,0 days 00:48:24.770000,0 days 00:48:55.942000,176.0,155.0,283.0,153.0,False,SOFT,3.0,True,Williams,0 days 00:46:59.889000,,1,,False,,False,True
2022-05,FP3,0 days 00:50:29.108000,ALB,23,0 days 00:01:33.166000,4.0,1.0,,,0 days 00:00:31.194000,0 days 00:00:35.401000,0 days 00:00:26.571000,0 days 00:49:27.136000,0 days 00:50:02.537000,0 days 00:50:29.108000,216.0,187.0,283.0,326.0,True,SOFT,4.0,True,Williams,0 days 00:48:55.942000,,1,,False,,False,True
2022-05,FP3,0 days 00:52:25.460000,ALB,23,0 days 00:01:56.352000,5.0,1.0,,,0 days 00:00:45.613000,0 days 00:00:42.128000,0 days 00:00:28.611000,0 days 00:51:14.721000,0 days 00:51:56.849000,0 days 00:52:25.460000,175.0,150.0,282.0,307.0,False,SOFT,5.0,True,Williams,0 days 00:50:29.108000,,1,,False,,False,True
2022-05,FP3,0 days 00:54:12.289000,ALB,23,0 days 00:01:46.829000,6.0,1.0,,,0 days 00:00:31.545000,0 days 00:00:47.107000,0 days 00:00:28.177000,0 days 00:52:57.005000,0 days 00:53:44.112000,0 days 00:54:12.289000,197.0,162.0,281.0,303.0,False,SOFT,6.0,True,Williams,0 days 00:52:25.460000,,1,,False,,False,True
2022-05,FP3,0 days 00:55:52.818000,ALB,23,0 days 00:01:40.529000,7.0,1.0,,0 days 00:55:50.828000,0 days 00:00:31.135000,0 days 00:00:35.418000,0 days 00:00:33.976000,0 days 00:54:43.424000,0 days 00:55:18.842000,0 days 00:55:52.818000,216.0,186.0,,265.0,False,SOFT,7.0,True,Williams,0 days 00:54:12.289000,,1,,False,,False,False
2022-05,FP3,0 days 01:03:09.300000,ALB,23,,8.0,2.0,0 days 01:01:17.782000,,,0 days 00:00:40.740000,0 days 00:00:32.032000,,0 days 01:02:37.497000,0 days 01:03:09.393000,171.0,156.0,255.0,232.0,False,SOFT,1.0,True,Williams,0 days 00:55:52.818000,,1,,False,,False,False
2022-05,FP3,0 days 01:05:02.761000,ALB,23,0 days 00:01:53.461000,9.0,2.0,,,0 days 00:00:39.295000,0 days 00:00:43.362000,0 days 00:00:30.804000,0 days 01:03:48.595000,0 days 01:04:31.957000,0 days 01:05:02.761000,184.0,163.0,283.0,249.0,False,SOFT,2.0,True,Williams,0 days 01:03:09.300000,,1,,False,,False,True
2022-05,FP3,0 days 01:06:34.517000,ALB,23,0 days 00:01:31.756000,10.0,2.0,,,0 days 00:00:30.798000,0 days 00:00:34.720000,0 days 00:00:26.238000,0 days 01:05:33.559000,0 days 01:06:08.279000,0 days 01:06:34.517000,219.0,187.0,284.0,328.0,True,SOFT,3.0,True,Williams,0 days 01:05:02.761000,,1,,False,,False,True
2022-05,FP3,0 days 01:08:39.465000,ALB,23,0 days 00:02:04.948000,11.0,2.0,,,0 days 00:00:45.833000,0 days 00:00:46.063000,0 days 00:00:33.052000,0 days 01:07:20.350000,0 days 01:08:06.413000,0 days 01:08:39.465000,152.0,148.0,286.0,151.0,False,SOFT,4.0,True,Williams,0 days 01:06:34.517000,,1,,False,,False,True
2022-05,FP3,0 days 01:10:10.966000,ALB,23,0 days 00:01:31.501000,12.0,2.0,,,0 days 00:00:30.714000,0 days 00:00:34.940000,0 days 00:00:25.847000,0 days 01:09:10.179000,0 days 01:09:45.119000,0 days 01:10:10.966000,218.0,188.0,285.0,327.0,True,SOFT,5.0,True,Williams,0 days 01:08:39.465000,,1,,False,,False,True
2022-05,FP3,0 days 01:12:02.634000,ALB,23,0 days 00:01:51.668000,13.0,2.0,,0 days 01:12:00.682000,0 days 00:00:38.178000,0 days 00:00:39.819000,0 days 00:00:33.671000,0 days 01:10:49.144000,0 days 01:11:28.963000,0 days 01:12:02.634000,182.0,168.0,,242.0,False,SOFT,6.0,True,Williams,0 days 01:10:10.966000,,1,,False,,False,False
2022-05,FP3,0 days 01:14:14.997000,ALB,23,0 days 00:02:12.363000,14.0,3.0,0 days 01:12:20.567000,0 days 01:14:13.030000,0 days 00:00:48.646000,0 days 00:00:46.314000,0 days 00:00:37.403000,0 days 01:12:51.280000,0 days 01:13:37.594000,0 days 01:14:14.997000,198.0,141.0,,292.0,False,SOFT,7.0,False,Williams,0 days 01:12:02.634000,,12,,False,,False,False
2022-05,FP3,0 days 00:44:16.483000,ZHO,24,,1.0,1.0,0 days 00:42:13.108000,,,0 days 00:00:44.323000,0 days 00:00:34.677000,,0 days 00:43:41.974000,0 days 00:44:16.601000,172.0,164.0,277.0,127.0,False,SOFT,1.0,True,Alfa Romeo,0 days 00:42:13.108000,,1,,False,,False,False
2022-05,FP3,0 days 00:45:49.936000,ZHO,24,0 days 00:01:33.453000,2.0,1.0,,,0 days 00:00:31.312000,0 days 00:00:35.434000,0 days 00:00:26.707000,0 days 00:44:47.795000,0 days 00:45:23.229000,0 days 00:45:49.936000,218.0,187.0,278.0,322.0,True,SOFT,2.0,True,Alfa Romeo,0 days 00:44:16.483000,,1,,False,,False,True
2022-05,FP3,0 days 00:48:01.190000,ZHO,24,0 days 00:02:11.254000,3.0,1.0,,,0 days 00:00:44.101000,0 days 00:00:43.651000,0 days 00:00:43.502000,0 days 00:46:34.037000,0 days 00:47:17.688000,0 days 00:48:01.190000,167.0,125.0,283.0,136.0,False,SOFT,3.0,True,Alfa Romeo,0 days 00:45:49.936000,,1,,False,,False,True
2022-05,FP3,0 days 00:49:33.721000,ZHO,24,0 days 00:01:32.531000,4.0,1.0,,,0 days 00:00:30.779000,0 days 00:00:35.287000,0 days 00:00:26.465000,0 days 00:48:31.969000,0 days 00:49:07.256000,0 days 00:49:33.721000,218.0,190.0,278.0,319.0,True,SOFT,4.0,True,Alfa Romeo,0 days 00:48:01.190000,,1,,False,,False,True
2022-05,FP3,0 days 00:51:34.615000,ZHO,24,0 days 00:02:00.894000,5.0,1.0,,,0 days 00:00:46.477000,0 days 00:00:41.275000,0 days 00:00:33.142000,0 days 00:50:20.198000,0 days 00:51:01.473000,0 days 00:51:34.615000,179.0,170.0,278.0,185.0,False,SOFT,5.0,True,Alfa Romeo,0 days 00:49:33.721000,,1,,False,,False,True
2022-05,FP3,0 days 00:53:07.627000,ZHO,24,0 days 00:01:33.012000,6.0,1.0,,,0 days 00:00:31.264000,0 days 00:00:35.310000,0 days 00:00:26.438000,0 days 00:52:05.879000,0 days 00:52:41.189000,0 days 00:53:07.627000,214.0,187.0,281.0,321.0,False,SOFT,6.0,True,Alfa Romeo,0 days 00:51:34.615000,,1,,False,,False,True
2022-05,FP3,0 days 00:55:00.910000,ZHO,24,0 days 00:01:53.283000,7.0,1.0,,0 days 00:54:58.933000,0 days 00:00:37.952000,0 days 00:00:40.514000,0 days 00:00:34.817000,0 days 00:53:45.579000,0 days 00:54:26.093000,0 days 00:55:00.910000,185.0,167.0,,270.0,False,SOFT,7.0,True,Alfa Romeo,0 days 00:53:07.627000,,1,,False,,False,False
2022-05,FP3,0 days 01:03:41.144000,ZHO,24,,8.0,2.0,0 days 01:01:48.526000,,,0 days 00:00:39.765000,0 days 00:00:35.412000,,0 days 01:03:05.929000,0 days 01:03:41.225000,186.0,167.0,277.0,125.0,False,SOFT,1.0,True,Alfa Romeo,0 days 00:55:00.910000,,1,,False,,False,False
2022-05,FP3,0 days 01:05:13.470000,ZHO,24,0 days 00:01:32.326000,9.0,2.0,,,0 days 00:00:30.858000,0 days 00:00:35.007000,0 days 00:00:26.461000,0 days 01:04:12.002000,0 days 01:04:47.009000,0 days 01:05:13.470000,217.0,187.0,280.0,321.0,True,SOFT,2.0,True,Alfa Romeo,0 days 01:03:41.144000,,1,,False,,False,True
2022-05,FP3,0 days 01:07:23.913000,ZHO,24,0 days 00:02:10.443000,10.0,2.0,,,0 days 00:00:50.764000,0 days 00:00:45.717000,0 days 00:00:33.962000,0 days 01:06:04.234000,0 days 01:06:49.951000,0 days 01:07:23.913000,180.0,142.0,279.0,232.0,False,SOFT,3.0,True,Alfa Romeo,0 days 01:05:13.470000,,1,,False,,False,True
2022-05,FP3,0 days 01:08:55.964000,ZHO,24,0 days 00:01:32.051000,11.0,2.0,,,0 days 00:00:30.773000,0 days 00:00:35.038000,0 days 00:00:26.240000,0 days 01:07:54.686000,0 days 01:08:29.724000,0 days 01:08:55.964000,216.0,187.0,281.0,319.0,True,SOFT,4.0,True,Alfa Romeo,0 days 01:07:23.913000,,1,,False,,False,True
2022-05,FP3,0 days 01:10:56.155000,ZHO,24,0 days 00:02:00.191000,12.0,2.0,,0 days 01:10:54.190000,0 days 00:00:40.533000,0 days 00:00:41.049000,0 days 00:00:38.609000,0 days 01:09:36.497000,0 days 01:10:17.546000,0 days 01:10:56.155000,182.0,145.0,,203.0,False,SOFT,5.0,True,Alfa Romeo,0 days 01:08:55.964000,,1,,False,,False,False
2022-05,FP3,0 days 01:13:25.365000,ZHO,24,0 days 00:02:29.210000,13.0,3.0,0 days 01:11:19.624000,,0 days 00:01:03.187000,0 days 00:00:46.570000,0 days 00:00:39.453000,0 days 01:11:59.342000,0 days 01:12:45.912000,0 days 01:13:25.365000,194.0,106.0,279.0,187.0,False,SOFT,6.0,False,Alfa Romeo,0 days 01:10:56.155000,,12,,False,,False,False
2022-05,FP3,0 days 01:15:10.807000,ZHO,24,0 days 00:01:45.442000,14.0,3.0,,,0 days 00:00:30.632000,0 days 00:00:38.748000,0 days 00:00:36.062000,0 days 01:13:55.997000,0 days 01:14:34.745000,0 days 01:15:10.807000,217.0,148.0,221.0,185.0,False,SOFT,7.0,False,Alfa Romeo,0 days 01:13:25.365000,,1,,False,,False,True
2022-05,FP3,0 days 01:17:20.994000,ZHO,24,0 days 00:02:10.187000,15.0,3.0,,,0 days 00:00:39.399000,0 days 00:00:40.661000,0 days 00:00:50.127000,0 days 01:15:50.206000,0 days 01:16:30.867000,0 days 01:17:20.994000,183.0,142.0,47.0,147.0,False,SOFT,8.0,False,Alfa Romeo,0 days 01:15:10.807000,,1,,False,,False,True
2022-05,FP3,0 days 01:19:38.882000,ZHO,24,0 days 00:02:17.888000,16.0,3.0,,0 days 01:19:36.893000,0 days 00:01:04.558000,0 days 00:00:38.771000,0 days 00:00:34.559000,0 days 01:18:25.552000,0 days 01:19:04.323000,0 days 01:19:38.882000,198.0,169.0,,217.0,False,SOFT,9.0,False,Alfa Romeo,0 days 01:17:20.994000,,1,,False,,False,False
2022-05,FP3,0 days 00:17:28.711000,OCO,31,,1.0,1.0,0 days 00:15:25.069000,0 days 00:17:26.667000,,0 days 00:00:42.994000,0 days 00:00:40.398000,,0 days 00:16:48.452000,0 days 00:17:28.711000,178.0,162.0,,175.0,False,HARD,1.0,True,Alpine,0 days 00:15:25.069000,,1,,False,,False,False
2022-05,FP3,0 days 00:27:54.965000,OCO,31,,2.0,2.0,0 days 00:25:58.359000,,,0 days 00:00:44.723000,0 days 00:00:31.459000,,0 days 00:27:23.582000,0 days 00:27:54.965000,186.0,147.0,279.0,242.0,False,SOFT,1.0,True,Alpine,0 days 00:17:28.711000,,12,,False,,False,False
2022-05,FP3,0 days 00:40:16.487000,OCO,31,,3.0,2.0,,0 days 00:40:16.487000,0 days 00:00:30.704000,,,0 days 00:28:25.755000,,,218.0,,,,False,SOFT,2.0,True,Alpine,0 days 00:27:54.965000,,125,,False,,False,False
2022-05,FP3,0 days 00:22:55.863000,HAM,44,,1.0,1.0,0 days 00:21:04.336000,,,0 days 00:00:40.497000,0 days 00:00:34.699000,,0 days 00:22:21.402000,0 days 00:22:55.947000,176.0,161.0,277.0,190.0,False,MEDIUM,1.0,True,Mercedes,0 days 00:21:04.336000,,1,,False,,False,False
2022-05,FP3,0 days 00:24:47.794000,HAM,44,0 days 00:01:51.931000,2.0,1.0,,,0 days 00:00:36.479000,0 days 00:00:45.746000,0 days 00:00:29.706000,0 days 00:23:32.342000,0 days 00:24:18.088000,0 days 00:24:47.794000,188.0,119.0,279.0,266.0,True,MEDIUM,2.0,True,Mercedes,0 days 00:22:55.863000,,1,,False,,False,True
2022-05,FP3,0 days 00:26:20.645000,HAM,44,0 days 00:01:32.851000,3.0,1.0,,,0 days 00:00:30.750000,0 days 00:00:35.798000,0 days 00:00:26.303000,0 days 00:25:18.544000,0 days 00:25:54.342000,0 days 00:26:20.645000,217.0,183.0,279.0,324.0,True,MEDIUM,3.0,True,Mercedes,0 days 00:24:47.794000,,12,,False,,False,True
2022-05,FP3,0 days 00:28:31.671000,HAM,44,0 days 00:02:11.026000,4.0,1.0,,,0 days 00:00:51.761000,0 days 00:00:45.511000,0 days 00:00:33.754000,0 days 00:27:12.406000,0 days 00:27:57.917000,0 days 00:28:31.671000,129.0,159.0,281.0,133.0,False,MEDIUM,4.0,True,Mercedes,0 days 00:26:20.645000,,1,,False,,False,True
2022-05,FP3,0 days 00:43:20.151000,HAM,44,,5.0,1.0,,0 days 00:30:31.884000,,,,,,,,,,,False,MEDIUM,5.0,True,Mercedes,0 days 00:28:31.671000,,125,,False,,False,False
2022-05,FP3,0 days 00:45:19.758000,HAM,44,,6.0,2.0,0 days 00:43:20.151000,,,0 days 00:00:38.921000,0 days 00:00:43.767000,,0 days 00:44:36.140000,0 days 00:45:19.825000,196.0,178.0,278.0,105.0,False,MEDIUM,6.0,False,Mercedes,0 days 00:43:20.151000,,1,,False,,False,False
2022-05,FP3,0 days 00:46:58.257000,HAM,44,0 days 00:01:38.499000,7.0,2.0,,,0 days 00:00:31.279000,0 days 00:00:38.815000,0 days 00:00:28.405000,0 days 00:45:51.037000,0 days 00:46:29.852000,0 days 00:46:58.257000,212.0,172.0,278.0,284.0,False,MEDIUM,7.0,False,Mercedes,0 days 00:45:19.758000,,1,,False,,False,True
2022-05,FP3,0 days 00:48:38.433000,HAM,44,0 days 00:01:40.176000,8.0,2.0,,0 days 00:48:36.385000,0 days 00:00:31.126000,0 days 00:00:35.991000,0 days 00:00:33.059000,0 days 00:47:29.383000,0 days 00:48:05.374000,0 days 00:48:38.433000,212.0,187.0,,277.0,False,MEDIUM,8.0,False,Mercedes,0 days 00:46:58.257000,,1,,False,,False,False
2022-05,FP3,0 days 00:55:01.787000,HAM,44,,9.0,3.0,0 days 00:53:11.468000,,,0 days 00:00:40.044000,0 days 00:00:32.966000,,0 days 00:54:28.969000,0 days 00:55:01.886000,195.0,180.0,282.0,177.0,False,SOFT,1.0,True,Mercedes,0 days 00:48:38.433000,,1,,False,,False,False
2022-05,FP3,0 days 00:56:52.142000,HAM,44,0 days 00:01:50.355000,10.0,3.0,,,0 days 00:00:39.915000,0 days 00:00:42.096000,0 days 00:00:28.344000,0 days 00:55:41.702000,0 days 00:56:23.798000,0 days 00:56:52.142000,168.0,168.0,281.0,281.0,False,SOFT,2.0,True,Mercedes,0 days 00:55:01.787000,,1,,False,,False,True
2022-05,FP3,0 days 00:58:24.069000,HAM,44,0 days 00:01:31.927000,11.0,3.0,,,0 days 00:00:30.478000,0 days 00:00:35.266000,0 days 00:00:26.183000,0 days 00:57:22.620000,0 days 00:57:57.886000,0 days 00:58:24.069000,222.0,187.0,280.0,320.0,True,SOFT,3.0,True,Mercedes,0 days 00:56:52.142000,,1,,False,,False,True
2022-05,FP3,0 days 01:00:45.344000,HAM,44,0 days 00:02:21.275000,12.0,3.0,,,0 days 00:00:55.157000,0 days 00:00:53.298000,0 days 00:00:32.820000,0 days 00:59:19.226000,0 days 01:00:12.524000,0 days 01:00:45.344000,92.0,132.0,280.0,235.0,False,SOFT,4.0,True,Mercedes,0 days 00:58:24.069000,,1,,False,,False,True
2022-05,FP3,0 days 01:02:17.234000,HAM,44,0 days 00:01:31.890000,13.0,3.0,,,0 days 00:00:30.390000,0 days 00:00:35.298000,0 days 00:00:26.202000,0 days 01:01:15.734000,0 days 01:01:51.032000,0 days 01:02:17.234000,218.0,188.0,276.0,321.0,True,SOFT,5.0,True,Mercedes,0 days 01:00:45.344000,,1,,False,,False,True
2022-05,FP3,0 days 01:04:22.535000,HAM,44,0 days 00:02:05.301000,14.0,3.0,,,0 days 00:00:47.661000,0 days 00:00:43.098000,0 days 00:00:34.542000,0 days 01:03:04.895000,0 days 01:03:47.993000,0 days 01:04:22.535000,159.0,155.0,281.0,233.0,False,SOFT,6.0,True,Mercedes,0 days 01:02:17.234000,,1,,False,,False,True
2022-05,FP3,0 days 01:05:54.502000,HAM,44,0 days 00:01:31.967000,15.0,3.0,,,0 days 00:00:30.302000,0 days 00:00:35.060000,0 days 00:00:26.605000,0 days 01:04:52.837000,0 days 01:05:27.897000,0 days 01:05:54.502000,218.0,187.0,277.0,321.0,False,SOFT,7.0,True,Mercedes,0 days 01:04:22.535000,,1,,False,,False,True
2022-05,FP3,0 days 01:07:59.771000,HAM,44,0 days 00:02:05.269000,16.0,3.0,,,0 days 00:00:40.435000,0 days 00:00:41.457000,0 days 00:00:43.377000,0 days 01:06:34.937000,0 days 01:07:16.394000,0 days 01:07:59.771000,182.0,176.0,281.0,62.0,False,SOFT,8.0,True,Mercedes,0 days 01:05:54.502000,,1,,False,,False,True
2022-05,FP3,0 days 01:09:39.449000,HAM,44,0 days 00:01:39.678000,17.0,3.0,,0 days 01:09:37.408000,0 days 00:00:30.699000,0 days 00:00:36.712000,0 days 00:00:32.267000,0 days 01:08:30.470000,0 days 01:09:07.182000,0 days 01:09:39.449000,203.0,180.0,,293.0,False,SOFT,9.0,True,Mercedes,0 days 01:07:59.771000,,1,,False,,False,False
2022-05,FP3,0 days 01:16:33.471000,HAM,44,,18.0,4.0,0 days 01:14:47.650000,,,0 days 00:00:45.272000,0 days 00:00:27.857000,,0 days 01:16:05.720000,0 days 01:16:33.471000,193.0,173.0,273.0,276.0,False,MEDIUM,9.0,False,Mercedes,0 days 01:09:39.449000,,12,,False,,False,False
2022-05,FP3,0 days 01:18:41.419000,HAM,44,0 days 00:02:07.948000,19.0,4.0,,,0 days 00:00:33.139000,0 days 00:00:48.977000,0 days 00:00:45.832000,0 days 01:17:06.610000,0 days 01:17:55.587000,0 days 01:18:41.419000,177.0,167.0,69.0,194.0,False,MEDIUM,10.0,False,Mercedes,0 days 01:16:33.471000,,1,,False,,False,True
2022-05,FP3,0 days 01:21:12.292000,HAM,44,,20.0,4.0,,0 days 01:21:10.208000,0 days 00:01:09.969000,0 days 00:00:44.324000,0 days 00:00:36.605000,0 days 01:19:51.535000,0 days 01:20:35.772000,0 days 01:21:12.292000,160.0,164.0,,270.0,False,MEDIUM,11.0,False,Mercedes,0 days 01:18:41.419000,,1,,False,,False,False
2022-05,FP3,0 days 00:23:10.843000,MSC,47,,1.0,1.0,0 days 00:21:22.854000,,,0 days 00:00:38.976000,0 days 00:00:32.218000,,0 days 00:22:38.810000,0 days 00:23:10.944000,199.0,167.0,278.0,202.0,False,SOFT,1.0,True,Haas F1 Team,0 days 00:21:22.854000,,1,,False,,False,False
2022-05,FP3,0 days 00:24:43.949000,MSC,47,0 days 00:01:33.106000,2.0,1.0,,,0 days 00:00:30.806000,0 days 00:00:35.842000,0 days 00:00:26.458000,0 days 00:23:41.649000,0 days 00:24:17.491000,0 days 00:24:43.949000,211.0,186.0,280.0,325.0,True,SOFT,2.0,True,Haas F1 Team,0 days 00:23:10.843000,,1,,False,,False,True
2022-05,FP3,0 days 00:26:42.321000,MSC,47,0 days 00:01:58.372000,3.0,1.0,,,0 days 00:00:39.456000,0 days 00:00:47.928000,0 days 00:00:30.988000,0 days 00:25:23.405000,0 days 00:26:11.333000,0 days 00:26:42.321000,194.0,140.0,278.0,256.0,False,SOFT,3.0,True,Haas F1 Team,0 days 00:24:43.949000,,12,,False,,False,True
2022-05,FP3,0 days 00:28:14.616000,MSC,47,0 days 00:01:32.295000,4.0,1.0,,,0 days 00:00:30.719000,0 days 00:00:35.383000,0 days 00:00:26.193000,0 days 00:27:13.040000,0 days 00:27:48.423000,0 days 00:28:14.616000,213.0,187.0,281.0,323.0,True,SOFT,4.0,True,Haas F1 Team,0 days 00:26:42.321000,,1,,False,,False,True
2022-05,FP3,0 days 00:42:09.185000,MSC,47,,5.0,1.0,,0 days 00:30:24.468000,0 days 00:00:38.640000,,,0 days 00:28:53.471000,,,192.0,,,,False,SOFT,5.0,True,Haas F1 Team,0 days 00:28:14.616000,,125,,False,,False,False
2022-05,FP3,0 days 00:44:07.902000,MSC,47,,6.0,2.0,0 days 00:42:09.185000,,,0 days 00:00:38.891000,0 days 00:00:42.850000,,0 days 00:43:25.247000,0 days 00:44:07.959000,202.0,174.0,278.0,63.0,False,SOFT,6.0,False,Haas F1 Team,0 days 00:42:09.185000,,1,,False,,False,False
2022-05,FP3,0 days 00:45:41.219000,MSC,47,0 days 00:01:33.317000,7.0,2.0,,,0 days 00:00:31.062000,0 days 00:00:35.611000,0 days 00:00:26.644000,0 days 00:44:38.964000,0 days 00:45:14.575000,0 days 00:45:41.219000,214.0,187.0,280.0,326.0,False,SOFT,7.0,False,Haas F1 Team,0 days 00:44:07.902000,,1,,False,,False,True
2022-05,FP3,0 days 00:47:41.478000,MSC,47,0 days 00:02:00.259000,8.0,2.0,,,0 days 00:00:38.809000,0 days 00:00:43.728000,0 days 00:00:37.722000,0 days 00:46:20.028000,0 days 00:47:03.756000,0 days 00:47:41.478000,191.0,153.0,279.0,105.0,False,SOFT,8.0,False,Haas F1 Team,0 days 00:45:41.219000,,1,,False,,False,True
2022-05,FP3,0 days 00:49:32.084000,MSC,47,0 days 00:01:50.606000,9.0,2.0,,0 days 00:49:30.069000,0 days 00:00:31.507000,0 days 00:00:36.313000,0 days 00:00:42.786000,0 days 00:48:12.985000,0 days 00:48:49.298000,0 days 00:49:32.084000,209.0,180.0,,197.0,False,SOFT,9.0,False,Haas F1 Team,0 days 00:47:41.478000,,1,,False,,False,False
2022-05,FP3,0 days 01:03:35.313000,MSC,47,,10.0,3.0,0 days 01:01:54.690000,,,0 days 00:00:37.448000,0 days 00:00:29.170000,,0 days 01:03:06.331000,0 days 01:03:35.409000,202.0,183.0,283.0,244.0,False,SOFT,1.0,True,Haas F1 Team,0 days 00:49:32.084000,,1,,False,,False,False
2022-05,FP3,0 days 01:05:07.757000,MSC,47,0 days 00:01:32.444000,11.0,3.0,,,0 days 00:00:30.582000,0 days 00:00:35.168000,0 days 00:00:26.694000,0 days 01:04:05.895000,0 days 01:04:41.063000,0 days 01:05:07.757000,222.0,189.0,282.0,326.0,False,SOFT,2.0,True,Haas F1 Team,0 days 01:03:35.313000,,1,,False,,False,True
2022-05,FP3,0 days 01:07:09.325000,MSC,47,0 days 00:02:01.568000,12.0,3.0,,,0 days 00:00:38.473000,0 days 00:00:49.687000,0 days 00:00:33.408000,0 days 01:05:46.230000,0 days 01:06:35.917000,0 days 01:07:09.325000,194.0,69.0,284.0,173.0,False,SOFT,3.0,True,Haas F1 Team,0 days 01:05:07.757000,,1,,False,,False,True
2022-05,FP3,0 days 01:08:41.172000,MSC,47,0 days 00:01:31.847000,13.0,3.0,,,0 days 00:00:30.804000,0 days 00:00:35.096000,0 days 00:00:25.947000,0 days 01:07:40.129000,0 days 01:08:15.225000,0 days 01:08:41.172000,216.0,187.0,282.0,324.0,True,SOFT,4.0,True,Haas F1 Team,0 days 01:07:09.325000,,1,,False,,False,True
2022-05,FP3,0 days 01:10:40.374000,MSC,47,0 days 00:01:59.202000,14.0,3.0,,,0 days 00:00:38.189000,0 days 00:00:45.089000,0 days 00:00:35.924000,0 days 01:09:19.361000,0 days 01:10:04.450000,0 days 01:10:40.374000,198.0,128.0,281.0,253.0,False,SOFT,5.0,True,Haas F1 Team,0 days 01:08:41.172000,,1,,False,,False,True
2022-05,FP3,0 days 01:12:12.815000,MSC,47,0 days 00:01:32.441000,15.0,3.0,,,0 days 00:00:31.074000,0 days 00:00:35.173000,0 days 00:00:26.194000,0 days 01:11:11.448000,0 days 01:11:46.621000,0 days 01:12:12.815000,201.0,187.0,280.0,320.0,False,SOFT,6.0,True,Haas F1 Team,0 days 01:10:40.374000,,1,,False,,False,True
2022-05,FP3,0 days 01:14:31.256000,MSC,47,0 days 00:02:18.441000,16.0,3.0,,,0 days 00:00:45.776000,0 days 00:00:44.190000,0 days 00:00:48.475000,0 days 01:12:58.591000,0 days 01:13:42.781000,0 days 01:14:31.256000,173.0,104.0,280.0,63.0,False,SOFT,7.0,True,Haas F1 Team,0 days 01:12:12.815000,,12,,False,,False,True
2022-05,FP3,0 days 01:16:02.306000,MSC,47,0 days 00:01:31.050000,17.0,3.0,,,0 days 00:00:30.339000,0 days 00:00:34.845000,0 days 00:00:25.866000,0 days 01:15:01.595000,0 days 01:15:36.440000,0 days 01:16:02.306000,219.0,189.0,277.0,326.0,True,SOFT,8.0,True,Haas F1 Team,0 days 01:14:31.256000,,1,,False,,False,True
2022-05,FP3,0 days 01:18:05.891000,MSC,47,0 days 00:02:03.585000,18.0,3.0,,,0 days 00:00:40.835000,0 days 00:00:38.958000,0 days 00:00:43.792000,0 days 01:16:43.141000,0 days 01:17:22.099000,0 days 01:18:05.891000,198.0,164.0,63.0,186.0,False,SOFT,9.0,True,Haas F1 Team,0 days 01:16:02.306000,,1,,False,,False,True
2022-05,FP3,0 days 01:20:25.519000,MSC,47,0 days 00:02:19.628000,19.0,3.0,,0 days 01:20:23.506000,0 days 00:01:03.833000,0 days 00:00:37.380000,0 days 00:00:38.415000,0 days 01:19:09.724000,0 days 01:19:47.104000,0 days 01:20:25.519000,210.0,182.0,,198.0,False,SOFT,10.0,True,Haas F1 Team,0 days 01:18:05.891000,,1,,False,,False,False
2022-05,FP3,0 days 00:17:16.224000,SAI,55,,1.0,1.0,0 days 00:15:13.838000,,,0 days 00:00:45.194000,0 days 00:00:33.569000,,0 days 00:16:42.852000,0 days 00:17:16.316000,157.0,127.0,276.0,221.0,False,SOFT,1.0,True,Ferrari,0 days 00:15:13.838000,,1,,False,,False,False
2022-05,FP3,0 days 00:19:09.301000,SAI,55,0 days 00:01:53.077000,2.0,1.0,,,0 days 00:00:33.174000,0 days 00:00:41.050000,0 days 00:00:38.853000,0 days 00:17:49.398000,0 days 00:18:30.448000,0 days 00:19:09.301000,211.0,132.0,277.0,219.0,True,SOFT,2.0,True,Ferrari,0 days 00:17:16.224000,,1,,False,,False,True
2022-05,FP3,0 days 00:20:43.683000,SAI,55,0 days 00:01:34.382000,3.0,1.0,,,0 days 00:00:31.596000,0 days 00:00:35.832000,0 days 00:00:26.954000,0 days 00:19:40.897000,0 days 00:20:16.729000,0 days 00:20:43.683000,213.0,183.0,274.0,316.0,True,SOFT,3.0,True,Ferrari,0 days 00:19:09.301000,,1,,False,,False,True
2022-05,FP3,0 days 00:22:55.183000,SAI,55,0 days 00:02:11.500000,4.0,1.0,,0 days 00:22:53.178000,0 days 00:00:48.533000,0 days 00:00:45.995000,0 days 00:00:36.972000,0 days 00:21:32.216000,0 days 00:22:18.211000,0 days 00:22:55.183000,132.0,147.0,,218.0,False,SOFT,4.0,True,Ferrari,0 days 00:20:43.683000,,1,,False,,False,False
2022-05,FP3,0 days 00:25:18.670000,SAI,55,0 days 00:02:23.487000,5.0,2.0,0 days 00:23:23.077000,,0 days 00:01:05.451000,0 days 00:00:45.479000,0 days 00:00:32.557000,0 days 00:24:00.634000,0 days 00:24:46.113000,0 days 00:25:18.670000,165.0,149.0,278.0,290.0,False,SOFT,5.0,False,Ferrari,0 days 00:22:55.183000,,1,,False,,False,False
2022-05,FP3,0 days 00:26:51.327000,SAI,55,0 days 00:01:32.657000,6.0,2.0,,,0 days 00:00:30.839000,0 days 00:00:35.396000,0 days 00:00:26.422000,0 days 00:25:49.509000,0 days 00:26:24.905000,0 days 00:26:51.327000,216.0,187.0,278.0,318.0,True,SOFT,6.0,False,Ferrari,0 days 00:25:18.670000,,12,,False,,False,True
2022-05,FP3,0 days 00:42:43.986000,SAI,55,,7.0,2.0,,0 days 00:28:59.564000,0 days 00:00:43.491000,0 days 00:00:46.361000,,0 days 00:27:35.039000,0 days 00:28:21.357000,,166.0,132.0,,212.0,False,SOFT,7.0,False,Ferrari,0 days 00:26:51.327000,,125,,False,,False,False
2022-05,FP3,0 days 00:44:50.942000,SAI,55,,8.0,3.0,0 days 00:42:43.986000,,,0 days 00:00:53.943000,0 days 00:00:37.578000,,0 days 00:44:13.514000,0 days 00:44:50.988000,174.0,105.0,281.0,100.0,False,SOFT,8.0,False,Ferrari,0 days 00:42:43.986000,,1,,False,,False,False
2022-05,FP3,0 days 00:46:23.084000,SAI,55,0 days 00:01:32.142000,9.0,3.0,,,0 days 00:00:30.440000,0 days 00:00:35.353000,0 days 00:00:26.349000,0 days 00:45:21.382000,0 days 00:45:56.735000,0 days 00:46:23.084000,219.0,189.0,283.0,320.0,True,SOFT,9.0,False,Ferrari,0 days 00:44:50.942000,,1,,False,,False,True
2022-05,FP3,0 days 00:48:02.529000,SAI,55,0 days 00:01:39.445000,10.0,3.0,,0 days 00:48:00.506000,0 days 00:00:31.507000,0 days 00:00:36.069000,0 days 00:00:31.869000,0 days 00:46:54.591000,0 days 00:47:30.660000,0 days 00:48:02.529000,215.0,187.0,,317.0,False,SOFT,10.0,False,Ferrari,0 days 00:46:23.084000,,1,,False,,False,False
2022-05,FP3,0 days 00:53:19.920000,SAI,55,,11.0,4.0,0 days 00:51:19.180000,,,0 days 00:00:46.645000,0 days 00:00:34.874000,,0 days 00:52:45.145000,0 days 00:53:19.942000,141.0,129.0,279.0,266.0,False,SOFT,1.0,True,Ferrari,0 days 00:48:02.529000,,1,,False,,False,False
2022-05,FP3,0 days 00:55:22.744000,SAI,55,0 days 00:02:02.824000,12.0,4.0,,,0 days 00:00:41.388000,0 days 00:00:49.884000,0 days 00:00:31.552000,0 days 00:54:01.308000,0 days 00:54:51.192000,0 days 00:55:22.744000,125.0,160.0,276.0,205.0,False,SOFT,2.0,True,Ferrari,0 days 00:53:19.920000,,1,,False,,False,True
2022-05,FP3,0 days 00:56:55.213000,SAI,55,0 days 00:01:32.469000,13.0,4.0,,,0 days 00:00:30.642000,0 days 00:00:35.413000,0 days 00:00:26.414000,0 days 00:55:53.386000,0 days 00:56:28.799000,0 days 00:56:55.213000,218.0,187.0,275.0,319.0,False,SOFT,3.0,True,Ferrari,0 days 00:55:22.744000,,1,,False,,False,True
2022-05,FP3,0 days 00:59:13.285000,SAI,55,0 days 00:02:18.072000,14.0,4.0,,0 days 00:59:11.070000,0 days 00:00:48.466000,0 days 00:00:47.339000,0 days 00:00:42.267000,0 days 00:57:43.679000,0 days 00:58:31.018000,0 days 00:59:13.285000,153.0,152.0,,250.0,False,SOFT,4.0,True,Ferrari,0 days 00:56:55.213000,,1,,False,,False,False
2022-05,FP3,0 days 01:01:43.256000,SAI,55,0 days 00:02:29.971000,15.0,5.0,0 days 00:59:43.862000,,0 days 00:01:10.044000,0 days 00:00:44.593000,0 days 00:00:35.334000,0 days 01:00:23.329000,0 days 01:01:07.922000,0 days 01:01:43.256000,160.0,126.0,276.0,235.0,False,SOFT,5.0,False,Ferrari,0 days 00:59:13.285000,,1,,False,,False,False
2022-05,FP3,0 days 01:03:15.389000,SAI,55,0 days 00:01:32.133000,16.0,5.0,,,0 days 00:00:30.697000,0 days 00:00:35.122000,0 days 00:00:26.314000,0 days 01:02:13.953000,0 days 01:02:49.075000,0 days 01:03:15.389000,217.0,188.0,277.0,317.0,True,SOFT,6.0,False,Ferrari,0 days 01:01:43.256000,,1,,False,,False,True
2022-05,FP3,0 days 01:05:53.764000,SAI,55,,17.0,5.0,,,0 days 00:00:50.481000,0 days 00:01:00.939000,0 days 00:00:47.011000,0 days 01:04:05.992000,0 days 01:05:06.912000,0 days 01:05:53.864000,120.0,88.0,279.0,220.0,False,SOFT,7.0,False,Ferrari,0 days 01:03:15.389000,,1,,False,,False,False
2022-05,FP3,0 days 01:07:57.738000,SAI,55,0 days 00:02:03.974000,18.0,5.0,,,0 days 00:00:40.787000,0 days 00:00:41.466000,0 days 00:00:41.721000,0 days 01:06:34.551000,0 days 01:07:16.017000,0 days 01:07:57.738000,171.0,163.0,279.0,85.0,False,SOFT,8.0,False,Ferrari,0 days 01:05:53.764000,,1,,False,,False,True
2022-05,FP3,0 days 01:09:28.996000,SAI,55,0 days 00:01:31.258000,19.0,5.0,,,0 days 00:00:30.272000,0 days 00:00:34.967000,0 days 00:00:26.019000,0 days 01:08:28.010000,0 days 01:09:02.977000,0 days 01:09:28.996000,218.0,188.0,279.0,322.0,True,SOFT,9.0,False,Ferrari,0 days 01:07:57.738000,,1,,False,,False,True
2022-05,FP3,0 days 01:11:17.152000,SAI,55,0 days 00:01:48.156000,20.0,5.0,,0 days 01:11:15.161000,0 days 00:00:37.259000,0 days 00:00:36.700000,0 days 00:00:34.197000,0 days 01:10:06.255000,0 days 01:10:42.955000,0 days 01:11:17.152000,196.0,133.0,,310.0,False,SOFT,10.0,False,Ferrari,0 days 01:09:28.996000,,1,,False,,False,False
2022-05,FP3,0 days 01:14:21.600000,SAI,55,,21.0,6.0,0 days 01:12:22.538000,,,0 days 00:00:47.837000,0 days 00:00:36.473000,,0 days 01:13:45.258000,0 days 01:14:21.636000,179.0,169.0,278.0,57.0,False,SOFT,11.0,False,Ferrari,0 days 01:11:17.152000,,12,,False,,False,False
2022-05,FP3,0 days 01:15:52.772000,SAI,55,0 days 00:01:31.172000,22.0,6.0,,,0 days 00:00:30.256000,0 days 00:00:34.851000,0 days 00:00:26.065000,0 days 01:14:51.856000,0 days 01:15:26.707000,0 days 01:15:52.772000,218.0,187.0,280.0,318.0,True,SOFT,12.0,False,Ferrari,0 days 01:14:21.600000,,1,,False,,False,True
2022-05,FP3,0 days 01:17:42.409000,SAI,55,0 days 00:01:49.637000,23.0,6.0,,,0 days 00:00:32.795000,0 days 00:00:40.449000,0 days 00:00:36.393000,0 days 01:16:25.567000,0 days 01:17:06.016000,0 days 01:17:42.409000,195.0,166.0,102.0,170.0,False,SOFT,13.0,False,Ferrari,0 days 01:15:52.772000,,1,,False,,False,True
2022-05,FP3,0 days 01:20:07.276000,SAI,55,0 days 00:02:24.867000,24.0,6.0,,0 days 01:20:05.235000,0 days 00:01:06.503000,0 days 00:00:42.778000,0 days 00:00:35.586000,0 days 01:18:48.912000,0 days 01:19:31.690000,0 days 01:20:07.276000,203.0,147.0,,250.0,False,SOFT,14.0,False,Ferrari,0 days 01:17:42.409000,,1,,False,,False,False
2022-05,FP3,0 days 00:22:57.278000,RUS,63,,1.0,1.0,0 days 00:21:06.441000,,,0 days 00:00:41.245000,0 days 00:00:34.069000,,0 days 00:22:23.370000,0 days 00:22:57.321000,178.0,148.0,255.0,136.0,False,MEDIUM,1.0,True,Mercedes,0 days 00:21:06.441000,,1,,False,,False,False
2022-05,FP3,0 days 00:24:56.838000,RUS,63,0 days 00:01:59.560000,2.0,1.0,,,0 days 00:00:40.386000,0 days 00:00:45.369000,0 days 00:00:33.805000,0 days 00:23:37.664000,0 days 00:24:23.033000,0 days 00:24:56.838000,175.0,136.0,279.0,250.0,True,MEDIUM,2.0,True,Mercedes,0 days 00:22:57.278000,,1,,False,,False,True
2022-05,FP3,0 days 00:26:29.173000,RUS,63,0 days 00:01:32.335000,3.0,1.0,,,0 days 00:00:30.807000,0 days 00:00:35.156000,0 days 00:00:26.372000,0 days 00:25:27.645000,0 days 00:26:02.801000,0 days 00:26:29.173000,216.0,189.0,281.0,322.0,True,MEDIUM,3.0,True,Mercedes,0 days 00:24:56.838000,,12,,False,,False,True
2022-05,FP3,0 days 00:28:26.327000,RUS,63,0 days 00:01:57.154000,4.0,1.0,,,0 days 00:00:42.426000,0 days 00:00:42.263000,0 days 00:00:32.465000,0 days 00:27:11.599000,0 days 00:27:53.862000,0 days 00:28:26.327000,183.0,138.0,280.0,225.0,False,MEDIUM,4.0,True,Mercedes,0 days 00:26:29.173000,,1,,False,,False,True
2022-05,FP3,0 days 00:43:14.802000,RUS,63,,5.0,1.0,,0 days 00:30:27.441000,0 days 00:00:30.466000,,,0 days 00:28:56.994000,,,216.0,,,,False,MEDIUM,5.0,True,Mercedes,0 days 00:28:26.327000,,125,,False,,False,False
2022-05,FP3,0 days 00:45:14.487000,RUS,63,,6.0,2.0,0 days 00:43:14.802000,,,0 days 00:00:42.461000,0 days 00:00:42.720000,,0 days 00:44:31.872000,0 days 00:45:14.487000,188.0,129.0,279.0,89.0,False,MEDIUM,6.0,False,Mercedes,0 days 00:43:14.802000,,1,,False,,False,False
2022-05,FP3,0 days 00:46:47.156000,RUS,63,0 days 00:01:32.669000,7.0,2.0,,,0 days 00:00:30.960000,0 days 00:00:35.369000,0 days 00:00:26.340000,0 days 00:45:45.447000,0 days 00:46:20.816000,0 days 00:46:47.156000,215.0,186.0,277.0,324.0,False,MEDIUM,7.0,False,Mercedes,0 days 00:45:14.487000,,1,,False,,False,True
2022-05,FP3,0 days 00:48:44.521000,RUS,63,0 days 00:01:57.365000,8.0,2.0,,0 days 00:48:41.607000,0 days 00:00:39,0 days 00:00:42.491000,0 days 00:00:35.874000,0 days 00:47:26.156000,0 days 00:48:08.647000,0 days 00:48:44.521000,160.0,155.0,,275.0,False,MEDIUM,8.0,False,Mercedes,0 days 00:46:47.156000,,1,,False,,False,False
2022-05,FP3,0 days 00:55:34.874000,RUS,63,,9.0,3.0,0 days 00:53:40.063000,,,0 days 00:00:43.300000,0 days 00:00:37.241000,,0 days 00:54:57.852000,0 days 00:55:34.958000,200.0,148.0,283.0,82.0,False,SOFT,1.0,True,Mercedes,0 days 00:48:44.521000,,1,,False,,False,False
2022-05,FP3,0 days 00:57:26.981000,RUS,63,0 days 00:01:52.107000,10.0,3.0,,,0 days 00:00:41.652000,0 days 00:00:42.351000,0 days 00:00:28.104000,0 days 00:56:16.526000,0 days 00:56:58.877000,0 days 00:57:26.981000,147.0,151.0,285.0,286.0,False,SOFT,2.0,True,Mercedes,0 days 00:55:34.874000,,1,,False,,False,True
2022-05,FP3,0 days 00:58:58.905000,RUS,63,0 days 00:01:31.924000,11.0,3.0,,,0 days 00:00:30.406000,0 days 00:00:35.304000,0 days 00:00:26.214000,0 days 00:57:57.387000,0 days 00:58:32.691000,0 days 00:58:58.905000,218.0,188.0,283.0,323.0,True,SOFT,3.0,True,Mercedes,0 days 00:57:26.981000,,1,,False,,False,True
2022-05,FP3,0 days 01:00:56.385000,RUS,63,0 days 00:01:57.480000,12.0,3.0,,,0 days 00:00:43.930000,0 days 00:00:43.637000,0 days 00:00:29.913000,0 days 00:59:42.835000,0 days 01:00:26.472000,0 days 01:00:56.385000,153.0,131.0,281.0,278.0,False,SOFT,4.0,True,Mercedes,0 days 00:58:58.905000,,1,,False,,False,True
2022-05,FP3,0 days 01:02:28.430000,RUS,63,0 days 00:01:32.045000,13.0,3.0,,,0 days 00:00:30.599000,0 days 00:00:35.145000,0 days 00:00:26.301000,0 days 01:01:26.984000,0 days 01:02:02.129000,0 days 01:02:28.430000,214.0,187.0,280.0,321.0,False,SOFT,5.0,True,Mercedes,0 days 01:00:56.385000,,1,,False,,False,True
2022-05,FP3,0 days 01:04:30.741000,RUS,63,0 days 00:02:02.311000,14.0,3.0,,,0 days 00:00:44.284000,0 days 00:00:43.607000,0 days 00:00:34.420000,0 days 01:03:12.714000,0 days 01:03:56.321000,0 days 01:04:30.741000,166.0,139.0,281.0,160.0,False,SOFT,6.0,True,Mercedes,0 days 01:02:28.430000,,1,,False,,False,True
2022-05,FP3,0 days 01:06:03.961000,RUS,63,0 days 00:01:33.220000,15.0,3.0,,,0 days 00:00:30.761000,0 days 00:00:35.003000,0 days 00:00:27.456000,0 days 01:05:01.502000,0 days 01:05:36.505000,0 days 01:06:03.961000,213.0,185.0,252.0,319.0,False,SOFT,7.0,True,Mercedes,0 days 01:04:30.741000,,1,,False,,False,True
2022-05,FP3,0 days 01:08:09.270000,RUS,63,0 days 00:02:05.309000,16.0,3.0,,0 days 01:08:07.235000,0 days 00:00:40.075000,0 days 00:00:40.811000,0 days 00:00:44.423000,0 days 01:06:44.036000,0 days 01:07:24.847000,0 days 01:08:09.270000,208.0,147.0,,106.0,False,SOFT,8.0,True,Mercedes,0 days 01:06:03.961000,,1,,False,,False,False
2022-05,FP3,0 days 01:15:33.697000,RUS,63,,17.0,4.0,0 days 01:13:54.208000,,,0 days 00:00:39.623000,0 days 00:00:28.111000,,0 days 01:15:05.768000,0 days 01:15:33.730000,198.0,161.0,267.0,293.0,False,MEDIUM,9.0,False,Mercedes,0 days 01:08:09.270000,,12,,False,,False,False
2022-05,FP3,0 days 01:17:37.465000,RUS,63,0 days 00:02:03.768000,18.0,4.0,,,0 days 00:00:41.918000,0 days 00:00:43.157000,0 days 00:00:38.693000,0 days 01:16:15.615000,0 days 01:16:58.772000,0 days 01:17:37.465000,172.0,145.0,78.0,194.0,False,MEDIUM,10.0,False,Mercedes,0 days 01:15:33.697000,,1,,False,,False,True
2022-05,FP3,0 days 01:19:52.135000,RUS,63,0 days 00:02:14.670000,19.0,4.0,,0 days 01:19:50.039000,0 days 00:01:02.830000,0 days 00:00:38.505000,0 days 00:00:33.335000,0 days 01:18:40.295000,0 days 01:19:18.800000,0 days 01:19:52.135000,197.0,176.0,,271.0,False,MEDIUM,11.0,False,Mercedes,0 days 01:17:37.465000,,1,,False,,False,False
2022-05,FP3,0 days 00:17:01.221000,BOT,77,,1.0,1.0,0 days 00:15:09.245000,,,0 days 00:00:40.565000,0 days 00:00:31.701000,,0 days 00:16:29.646000,0 days 00:17:01.303000,203.0,166.0,276.0,237.0,False,SOFT,1.0,True,Alfa Romeo,0 days 00:15:09.245000,,1,,False,,False,False
2022-05,FP3,0 days 00:18:37.123000,BOT,77,0 days 00:01:35.902000,2.0,1.0,,,0 days 00:00:32.552000,0 days 00:00:36.265000,0 days 00:00:27.085000,0 days 00:17:33.773000,0 days 00:18:10.038000,0 days 00:18:37.123000,212.0,185.0,279.0,318.0,True,SOFT,2.0,True,Alfa Romeo,0 days 00:17:01.221000,,1,,False,,False,True
2022-05,FP3,0 days 00:20:35.796000,BOT,77,0 days 00:01:58.673000,3.0,1.0,,,0 days 00:00:42.050000,0 days 00:00:43.953000,0 days 00:00:32.670000,0 days 00:19:19.173000,0 days 00:20:03.126000,0 days 00:20:35.796000,163.0,149.0,277.0,218.0,False,SOFT,3.0,True,Alfa Romeo,0 days 00:18:37.123000,,1,,False,,False,True
2022-05,FP3,0 days 00:22:09.882000,BOT,77,0 days 00:01:34.086000,4.0,1.0,,,0 days 00:00:31.739000,0 days 00:00:35.841000,0 days 00:00:26.506000,0 days 00:21:07.535000,0 days 00:21:43.376000,0 days 00:22:09.882000,214.0,187.0,280.0,321.0,True,SOFT,4.0,True,Alfa Romeo,0 days 00:20:35.796000,,1,,False,,False,True
2022-05,FP3,0 days 00:24:11.276000,BOT,77,0 days 00:02:01.394000,5.0,1.0,,,0 days 00:00:42.266000,0 days 00:00:45.320000,0 days 00:00:33.808000,0 days 00:22:52.148000,0 days 00:23:37.468000,0 days 00:24:11.276000,164.0,125.0,278.0,251.0,False,SOFT,5.0,True,Alfa Romeo,0 days 00:22:09.882000,,1,,False,,False,True
2022-05,FP3,0 days 00:25:44.270000,BOT,77,0 days 00:01:32.994000,6.0,1.0,,,0 days 00:00:31.129000,0 days 00:00:35.578000,0 days 00:00:26.287000,0 days 00:24:42.405000,0 days 00:25:17.983000,0 days 00:25:44.270000,218.0,189.0,281.0,320.0,True,SOFT,6.0,True,Alfa Romeo,0 days 00:24:11.276000,,12,,False,,False,True
2022-05,FP3,0 days 00:27:43.718000,BOT,77,0 days 00:01:59.448000,7.0,1.0,,0 days 00:27:41.721000,0 days 00:00:40.666000,0 days 00:00:42.760000,0 days 00:00:36.022000,0 days 00:26:24.936000,0 days 00:27:07.696000,0 days 00:27:43.718000,178.0,145.0,,175.0,False,SOFT,7.0,True,Alfa Romeo,0 days 00:25:44.270000,,21,,False,,False,False
2022-05,FP3,0 days 00:42:22.533000,BOT,77,,8.0,2.0,0 days 00:28:03.470000,0 days 00:30:08.480000,0 days 00:01:00.782000,,,0 days 00:28:44.656000,,,181.0,,,,False,SOFT,8.0,False,Alfa Romeo,0 days 00:27:43.718000,,125,,False,,False,False
2022-05,FP3,0 days 00:44:39.333000,BOT,77,,9.0,3.0,0 days 00:42:22.533000,,,0 days 00:00:37.790000,0 days 00:00:44.205000,,0 days 00:43:55.303000,0 days 00:44:39.421000,209.0,179.0,278.0,59.0,False,SOFT,1.0,True,Alfa Romeo,0 days 00:42:22.533000,,1,,False,,False,False
2022-05,FP3,0 days 00:46:12.396000,BOT,77,0 days 00:01:33.063000,10.0,3.0,,,0 days 00:00:30.883000,0 days 00:00:35.556000,0 days 00:00:26.624000,0 days 00:45:10.216000,0 days 00:45:45.772000,0 days 00:46:12.396000,217.0,189.0,280.0,322.0,False,SOFT,2.0,True,Alfa Romeo,0 days 00:44:39.333000,,1,,False,,False,True
2022-05,FP3,0 days 00:48:14.095000,BOT,77,0 days 00:02:01.699000,11.0,3.0,,,0 days 00:00:37.827000,0 days 00:00:43.106000,0 days 00:00:40.766000,0 days 00:46:50.223000,0 days 00:47:33.329000,0 days 00:48:14.095000,175.0,147.0,284.0,107.0,False,SOFT,3.0,True,Alfa Romeo,0 days 00:46:12.396000,,1,,False,,False,True
2022-05,FP3,0 days 00:49:45.980000,BOT,77,0 days 00:01:31.885000,12.0,3.0,,,0 days 00:00:30.408000,0 days 00:00:35.142000,0 days 00:00:26.335000,0 days 00:48:44.503000,0 days 00:49:19.645000,0 days 00:49:45.980000,217.0,190.0,281.0,327.0,True,SOFT,4.0,True,Alfa Romeo,0 days 00:48:14.095000,,1,,False,,False,True
2022-05,FP3,0 days 00:51:39.642000,BOT,77,0 days 00:01:53.662000,13.0,3.0,,,0 days 00:00:38.742000,0 days 00:00:43.051000,0 days 00:00:31.869000,0 days 00:50:24.722000,0 days 00:51:07.773000,0 days 00:51:39.642000,169.0,134.0,278.0,190.0,False,SOFT,5.0,True,Alfa Romeo,0 days 00:49:45.980000,,1,,False,,False,True
2022-05,FP3,0 days 00:53:11.853000,BOT,77,0 days 00:01:32.211000,14.0,3.0,,,0 days 00:00:30.916000,0 days 00:00:35.219000,0 days 00:00:26.076000,0 days 00:52:10.558000,0 days 00:52:45.777000,0 days 00:53:11.853000,220.0,189.0,283.0,322.0,False,SOFT,6.0,True,Alfa Romeo,0 days 00:51:39.642000,,1,,False,,False,True
2022-05,FP3,0 days 00:55:05.916000,BOT,77,0 days 00:01:54.063000,15.0,3.0,,,0 days 00:00:38.251000,0 days 00:00:43.605000,0 days 00:00:32.207000,0 days 00:53:50.104000,0 days 00:54:33.709000,0 days 00:55:05.916000,182.0,151.0,280.0,165.0,False,SOFT,7.0,True,Alfa Romeo,0 days 00:53:11.853000,,1,,False,,False,True
2022-05,FP3,0 days 00:56:59.808000,BOT,77,0 days 00:01:53.892000,16.0,3.0,,,0 days 00:00:37.859000,0 days 00:00:42.161000,0 days 00:00:33.872000,0 days 00:55:43.775000,0 days 00:56:25.936000,0 days 00:56:59.808000,122.0,127.0,279.0,135.0,False,SOFT,8.0,True,Alfa Romeo,0 days 00:55:05.916000,,1,,False,,False,True
2022-05,FP3,0 days 00:58:31.712000,BOT,77,0 days 00:01:31.904000,17.0,3.0,,,0 days 00:00:30.732000,0 days 00:00:34.978000,0 days 00:00:26.194000,0 days 00:57:30.540000,0 days 00:58:05.518000,0 days 00:58:31.712000,220.0,189.0,283.0,320.0,False,SOFT,9.0,True,Alfa Romeo,0 days 00:56:59.808000,,1,,False,,False,True
2022-05,FP3,0 days 01:00:22.090000,BOT,77,0 days 00:01:50.378000,18.0,3.0,,0 days 01:00:20.111000,0 days 00:00:35.775000,0 days 00:00:38.862000,0 days 00:00:35.741000,0 days 00:59:07.487000,0 days 00:59:46.349000,0 days 01:00:22.090000,195.0,170.0,,266.0,False,SOFT,10.0,True,Alfa Romeo,0 days 00:58:31.712000,,1,,False,,False,False
2022-05,FP3,0 days 01:08:04.440000,BOT,77,,19.0,4.0,0 days 01:05:51.182000,,,0 days 00:00:41.338000,0 days 00:00:46.235000,,0 days 01:07:18.370000,0 days 01:08:04.461000,176.0,164.0,265.0,57.0,False,SOFT,11.0,False,Alfa Romeo,0 days 01:00:22.090000,,1,,False,,False,False
2022-05,FP3,0 days 01:09:38.478000,BOT,77,0 days 00:01:34.038000,20.0,4.0,,,0 days 00:00:31.680000,0 days 00:00:35.776000,0 days 00:00:26.582000,0 days 01:08:36.120000,0 days 01:09:11.896000,0 days 01:09:38.478000,214.0,188.0,277.0,306.0,False,SOFT,12.0,False,Alfa Romeo,0 days 01:08:04.440000,,1,,False,,False,True
2022-05,FP3,0 days 01:11:13.304000,BOT,77,0 days 00:01:34.826000,21.0,4.0,,,0 days 00:00:31.858000,0 days 00:00:36.163000,0 days 00:00:26.805000,0 days 01:10:10.336000,0 days 01:10:46.499000,0 days 01:11:13.304000,213.0,187.0,277.0,298.0,False,SOFT,13.0,False,Alfa Romeo,0 days 01:09:38.478000,,1,,False,,False,True
2022-05,FP3,0 days 01:12:49.458000,BOT,77,0 days 00:01:36.154000,22.0,4.0,,,0 days 00:00:32.982000,0 days 00:00:36.158000,0 days 00:00:27.014000,0 days 01:11:46.286000,0 days 01:12:22.444000,0 days 01:12:49.458000,215.0,184.0,277.0,287.0,False,SOFT,14.0,False,Alfa Romeo,0 days 01:11:13.304000,,1,,False,,False,True
2022-05,FP3,0 days 01:14:26.256000,BOT,77,0 days 00:01:36.798000,23.0,4.0,,,0 days 00:00:32.374000,0 days 00:00:35.655000,0 days 00:00:28.769000,0 days 01:13:21.832000,0 days 01:13:57.487000,0 days 01:14:26.256000,214.0,187.0,273.0,196.0,False,SOFT,15.0,False,Alfa Romeo,0 days 01:12:49.458000,,12,,False,,False,True
2022-05,FP3,0 days 01:16:04.358000,BOT,77,0 days 00:01:38.102000,24.0,4.0,,,0 days 00:00:32.567000,0 days 00:00:36.424000,0 days 00:00:29.111000,0 days 01:14:58.823000,0 days 01:15:35.247000,0 days 01:16:04.358000,214.0,182.0,272.0,219.0,False,SOFT,16.0,False,Alfa Romeo,0 days 01:14:26.256000,,1,,False,,False,True
2022-05,FP3,0 days 01:18:09.028000,BOT,77,0 days 00:02:04.670000,25.0,4.0,,,0 days 00:00:37.939000,0 days 00:00:43.918000,0 days 00:00:42.813000,0 days 01:16:42.297000,0 days 01:17:26.215000,0 days 01:18:09.028000,192.0,150.0,54.0,209.0,False,SOFT,17.0,False,Alfa Romeo,0 days 01:16:04.358000,,1,,False,,False,True
2022-05,FP3,0 days 01:20:29.831000,BOT,77,0 days 00:02:20.803000,26.0,4.0,,0 days 01:20:27.789000,0 days 00:00:58.860000,0 days 00:00:41.162000,0 days 00:00:40.781000,0 days 01:19:07.888000,0 days 01:19:49.050000,0 days 01:20:29.831000,187.0,157.0,,174.0,False,SOFT,18.0,False,Alfa Romeo,0 days 01:18:09.028000,,1,,False,,False,False
