event_id,Session,Time,Driver,DriverNumber,LapTime,LapNumber,Stint,PitOutTime,PitInTime,Sector1Time,Sector2Time,Sector3Time,Sector1SessionTime,Sector2SessionTime,Sector3SessionTime,SpeedI1,SpeedI2,SpeedFL,SpeedST,IsPersonalBest,Compound,TyreLife,FreshTyre,Team,LapStartTime,LapStartDate,TrackStatus,Position,Deleted,DeletedReason,FastF1Generated,IsAccurate
2021-17,FP1,0 days 00:26:07.100000,RIC,3,,1.0,1.0,0 days 00:16:04.399000,0 days 00:18:10.469000,,0 days 00:00:46.794000,,,0 days 00:17:20.683000,,181.0,148.0,,287.0,False,MEDIUM,1.0,True,McLaren,0 days 00:16:04.399000,,125,,False,,False,False
2021-17,FP1,0 days 00:28:03.767000,RIC,3,,2.0,2.0,0 days 00:26:07.100000,,,0 days 00:00:44.475000,0 days 00:00:43.342000,,0 days 00:27:20.469000,0 days 00:28:03.965000,187.0,157.0,209.0,301.0,False,MEDIUM,2.0,False,McLaren,0 days 00:26:07.100000,,1,,False,,False,False
2021-17,FP1,0 days 00:29:41.623000,RIC,3,0 days 00:01:37.856000,3.0,2.0,,,0 days 00:00:26.036000,0 days 00:00:39.112000,0 days 00:00:32.708000,0 days 00:28:29.803000,0 days 00:29:08.915000,0 days 00:29:41.623000,227.0,187.0,205.0,321.0,False,MEDIUM,3.0,False,McLaren,0 days 00:28:03.767000,,1,,True,TRACK LIMITS AT TURN 9,False,True
2021-17,FP1,0 days 00:31:55.017000,RIC,3,0 days 00:02:13.394000,4.0,2.0,,,0 days 00:00:38.955000,0 days 00:00:55.284000,0 days 00:00:39.155000,0 days 00:30:20.578000,0 days 00:31:15.862000,0 days 00:31:55.017000,159.0,143.0,211.0,265.0,False,MEDIUM,4.0,False,McLaren,0 days 00:29:41.623000,,1,,True,TRACK LIMITS AT TURN 9,False,True
2021-17,FP1,0 days 00:33:42.762000,RIC,3,0 days 00:01:47.745000,5.0,2.0,,,0 days 00:00:26.064000,0 days 00:00:39.731000,0 days 00:00:41.950000,0 days 00:32:21.081000,0 days 00:33:00.812000,0 days 00:33:42.762000,222.0,188.0,173.0,319.0,True,MEDIUM,5.0,False,McLaren,0 days 00:31:55.017000,,12,,False,,False,True
2021-17,FP1,0 days 00:35:57.915000,RIC,3,0 days 00:02:15.153000,6.0,2.0,,,0 days 00:00:37.018000,0 days 00:00:52.079000,0 days 00:00:46.056000,0 days 00:34:19.780000,0 days 00:35:11.859000,0 days 00:35:57.915000,180.0,148.0,208.0,292.0,False,MEDIUM,6.0,False,McLaren,0 days 00:33:42.762000,,21,,False,,False,True
2021-17,FP1,0 days 00:37:35.373000,RIC,3,0 days 00:01:37.458000,7.0,2.0,,,0 days 00:00:25.993000,0 days 00:00:39.101000,0 days 00:00:32.364000,0 days 00:36:23.908000,0 days 00:37:03.009000,0 days 00:37:35.373000,228.0,188.0,209.0,324.0,True,MEDIUM,7.0,False,McLaren,0 days 00:35:57.915000,,1,,False,,False,True
2021-17,FP1,0 days 00:39:32.155000,RIC,3,0 days 00:01:56.782000,8.0,2.0,,,0 days 00:00:28.552000,0 days 00:00:49.108000,0 days 00:00:39.122000,0 days 00:38:03.925000,0 days 00:38:53.033000,0 days 00:39:32.155000,200.0,146.0,211.0,251.0,False,MEDIUM,8.0,False,McLaren,0 days 00:37:35.373000,,1,,False,,False,True
2021-17,FP1,0 days 00:41:10.884000,RIC,3,0 days 00:01:38.729000,9.0,2.0,,0 days 00:41:09.836000,0 days 00:00:25.860000,0 days 00:00:39.165000,0 days 00:00:33.704000,0 days 00:39:58.015000,0 days 00:40:37.180000,0 days 00:41:10.884000,228.0,189.0,,324.0,False,MEDIUM,9.0,False,McLaren,0 days 00:39:32.155000,,1,,False,,False,False
2021-17,FP1,0 days 00:54:39.461000,RIC,3,,10.0,3.0,0 days 00:52:15.218000,,,0 days 00:00:59.050000,0 days 00:00:49.140000,,0 days 00:53:50.359000,0 days 00:54:39.627000,143.0,134.0,211.0,252.0,False,SOFT,1.0,True,McLaren,0 days 00:41:10.884000,,12,,False,,False,False
2021-17,FP1,0 days 00:56:15.681000,RIC,3,0 days 00:01:36.220000,11.0,3.0,,,0 days 00:00:25.669000,0 days 00:00:38.497000,0 days 00:00:32.054000,0 days 00:55:05.130000,0 days 00:55:43.627000,0 days 00:56:15.681000,232.0,191.0,208.0,319.0,False,SOFT,2.0,True,McLaren,0 days 00:54:39.461000,,21,,True,TRACK LIMITS AT TURN 19,False,True
2021-17,FP1,0 days 00:58:48.684000,RIC,3,,12.0,3.0,,,0 days 00:00:35.114000,0 days 00:01:05.021000,0 days 00:00:52.871000,0 days 00:56:50.880000,0 days 00:57:55.924000,0 days 00:58:48.874000,159.0,124.0,208.0,94.0,False,SOFT,3.0,True,McLaren,0 days 00:56:15.681000,,1,,False,,False,False
2021-17,FP1,0 days 01:00:28.427000,RIC,3,0 days 00:01:39.743000,13.0,3.0,,0 days 01:00:28.462000,0 days 00:00:25.890000,0 days 00:00:39.464000,0 days 00:00:34.389000,0 days 00:59:14.574000,0 days 00:59:54.038000,0 days 01:00:28.427000,230.0,182.0,,299.0,False,SOFT,4.0,True,McLaren,0 days 00:58:48.684000,,1,,False,,False,False
2021-17,FP1,0 days 01:10:21.713000,RIC,3,,14.0,4.0,0 days 01:08:36.470000,,,0 days 00:00:42.031000,0 days 00:00:34.446000,,0 days 01:09:47.309000,0 days 01:10:22.784000,202.0,179.0,201.0,293.0,False,MEDIUM,10.0,False,McLaren,0 days 01:00:28.427000,,1,,False,,False,False
2021-17,FP1,0 days 01:12:03.947000,RIC,3,0 days 00:01:42.234000,15.0,4.0,,,0 days 00:00:27.091000,0 days 00:00:41.419000,0 days 00:00:33.724000,0 days 01:10:48.804000,0 days 01:11:30.223000,0 days 01:12:03.947000,209.0,183.0,203.0,295.0,False,MEDIUM,11.0,False,McLaren,0 days 01:10:21.713000,,1,,False,,False,True
2021-17,FP1,0 days 01:13:47.069000,RIC,3,0 days 00:01:43.122000,16.0,4.0,,,0 days 00:00:27.192000,0 days 00:00:41.358000,0 days 00:00:34.572000,0 days 01:12:31.139000,0 days 01:13:12.497000,0 days 01:13:47.069000,212.0,181.0,200.0,288.0,False,MEDIUM,12.0,False,McLaren,0 days 01:12:03.947000,,12,,False,,False,True
2021-17,FP1,0 days 01:15:31.742000,RIC,3,0 days 00:01:44.673000,17.0,4.0,,,0 days 00:00:27.505000,0 days 00:00:42.647000,0 days 00:00:34.521000,0 days 01:14:14.574000,0 days 01:14:57.221000,0 days 01:15:31.742000,195.0,178.0,201.0,265.0,False,MEDIUM,13.0,False,McLaren,0 days 01:13:47.069000,,12,,False,,False,True
2021-17,FP1,0 days 01:17:15.818000,RIC,3,0 days 00:01:44.076000,18.0,4.0,,0 days 01:17:14.887000,0 days 00:00:27.754000,0 days 00:00:41.973000,0 days 00:00:34.349000,0 days 01:15:59.496000,0 days 01:16:41.469000,0 days 01:17:15.818000,189.0,179.0,,286.0,False,MEDIUM,14.0,False,McLaren,0 days 01:15:31.742000,,1,,False,,False,False
2021-17,FP1,0 days 00:28:46.989000,NOR,4,,1.0,1.0,0 days 00:26:31.244000,,,0 days 00:00:47.831000,0 days 00:00:55.567000,,0 days 00:27:51.452000,0 days 00:28:47.077000,156.0,138.0,209.0,298.0,False,SOFT,1.0,True,McLaren,0 days 00:26:31.244000,,1,,False,,False,False
2021-17,FP1,0 days 00:30:25.151000,NOR,4,0 days 00:01:38.162000,2.0,1.0,,,0 days 00:00:26.428000,0 days 00:00:39.228000,0 days 00:00:32.506000,0 days 00:29:13.417000,0 days 00:29:52.645000,0 days 00:30:25.151000,223.0,189.0,207.0,313.0,True,SOFT,2.0,True,McLaren,0 days 00:28:46.989000,,1,,False,,False,True
2021-17,FP1,0 days 00:32:58.267000,NOR,4,,3.0,1.0,,,0 days 00:00:38.033000,0 days 00:01:00.483000,0 days 00:00:54.627000,0 days 00:31:03.164000,0 days 00:32:03.706000,0 days 00:32:59.783000,130.0,103.0,212.0,279.0,False,SOFT,3.0,True,McLaren,0 days 00:30:25.151000,,1,,False,,False,False
2021-17,FP1,0 days 00:34:35.786000,NOR,4,0 days 00:01:37.519000,4.0,1.0,,,0 days 00:00:26.210000,0 days 00:00:39.046000,0 days 00:00:32.263000,0 days 00:33:24.477000,0 days 00:34:03.523000,0 days 00:34:35.786000,224.0,189.0,201.0,316.0,True,SOFT,4.0,True,McLaren,0 days 00:32:58.267000,,12,,False,,False,True
2021-17,FP1,0 days 00:37:16.804000,NOR,4,,5.0,1.0,,,0 days 00:00:42.904000,0 days 00:01:06.092000,0 days 00:00:52.054000,0 days 00:35:19.771000,0 days 00:36:24.847000,0 days 00:37:16.949000,136.0,130.0,213.0,150.0,False,SOFT,5.0,True,McLaren,0 days 00:34:35.786000,,1,,False,,False,False
2021-17,FP1,0 days 00:38:53.659000,NOR,4,0 days 00:01:36.855000,6.0,1.0,,,0 days 00:00:25.910000,0 days 00:00:38.893000,0 days 00:00:32.052000,0 days 00:37:42.714000,0 days 00:38:21.607000,0 days 00:38:53.659000,226.0,190.0,206.0,319.0,True,SOFT,6.0,True,McLaren,0 days 00:37:16.804000,,1,,False,,False,True
2021-17,FP1,0 days 00:41:18.128000,NOR,4,0 days 00:02:24.469000,7.0,1.0,,,0 days 00:00:40.643000,0 days 00:01:05.004000,0 days 00:00:38.822000,0 days 00:39:34.302000,0 days 00:40:39.306000,0 days 00:41:18.128000,137.0,171.0,212.0,227.0,False,SOFT,7.0,True,McLaren,0 days 00:38:53.659000,,1,,False,,False,True
2021-17,FP1,0 days 00:43:11.613000,NOR,4,0 days 00:01:53.485000,8.0,1.0,,0 days 00:43:11.653000,0 days 00:00:25.938000,0 days 00:00:48.507000,0 days 00:00:39.040000,0 days 00:41:44.066000,0 days 00:42:32.573000,0 days 00:43:11.613000,224.0,169.0,,199.0,False,SOFT,8.0,True,McLaren,0 days 00:41:18.128000,,1,,False,,False,False
2021-17,FP1,0 days 00:54:20.587000,NOR,4,,9.0,2.0,0 days 00:52:06.413000,,,0 days 00:00:48.690000,0 days 00:00:49.025000,,0 days 00:53:31.723000,0 days 00:54:20.750000,143.0,119.0,212.0,298.0,False,SOFT,1.0,True,McLaren,0 days 00:43:11.613000,,12,,False,,False,False
2021-17,FP1,0 days 00:55:58.786000,NOR,4,0 days 00:01:38.199000,10.0,2.0,,,0 days 00:00:25.704000,0 days 00:00:38.717000,0 days 00:00:33.778000,0 days 00:54:46.291000,0 days 00:55:25.008000,0 days 00:55:58.786000,230.0,191.0,173.0,315.0,False,SOFT,2.0,True,McLaren,0 days 00:54:20.587000,,21,,True,TRACK LIMITS AT TURN 19,False,True
2021-17,FP1,0 days 00:58:06.424000,NOR,4,0 days 00:02:07.638000,11.0,2.0,,0 days 00:58:05.478000,0 days 00:00:36.312000,0 days 00:00:52.319000,0 days 00:00:39.007000,0 days 00:56:35.098000,0 days 00:57:27.417000,0 days 00:58:06.424000,162.0,172.0,,199.0,False,SOFT,3.0,True,McLaren,0 days 00:55:58.786000,,1,,False,,False,False
2021-17,FP1,0 days 00:26:11.541000,VET,5,,1.0,1.0,0 days 00:16:29.742000,0 days 00:18:35.374000,,,,,,,177.0,,,192.0,False,SOFT,1.0,True,Aston Martin,0 days 00:16:29.742000,,125,,False,,False,False
2021-17,FP1,0 days 00:28:26.746000,VET,5,,2.0,2.0,0 days 00:26:11.541000,,,0 days 00:00:47.972000,0 days 00:00:56.314000,,0 days 00:27:30.441000,0 days 00:28:29.834000,169.0,162.0,208.0,265.0,False,SOFT,2.0,False,Aston Martin,0 days 00:26:11.541000,,1,,False,,False,False
2021-17,FP1,0 days 00:30:05.269000,VET,5,0 days 00:01:38.523000,3.0,2.0,,,0 days 00:00:26.948000,0 days 00:00:39.068000,0 days 00:00:32.507000,0 days 00:28:53.694000,0 days 00:29:32.762000,0 days 00:30:05.269000,215.0,190.0,200.0,315.0,True,SOFT,3.0,False,Aston Martin,0 days 00:28:26.746000,,1,,False,,False,True
2021-17,FP1,0 days 00:32:50.257000,VET,5,,4.0,2.0,,,0 days 00:00:39.927000,0 days 00:01:15.113000,0 days 00:00:49.980000,0 days 00:30:45.164000,0 days 00:32:00.352000,0 days 00:32:51.607000,134.0,103.0,209.0,137.0,False,SOFT,4.0,False,Aston Martin,0 days 00:30:05.269000,,1,,False,,False,False
2021-17,FP1,0 days 00:34:27.836000,VET,5,0 days 00:01:37.579000,5.0,2.0,,,0 days 00:00:26.491000,0 days 00:00:38.939000,0 days 00:00:32.149000,0 days 00:33:16.748000,0 days 00:33:55.687000,0 days 00:34:27.836000,223.0,191.0,209.0,313.0,True,SOFT,5.0,False,Aston Martin,0 days 00:32:50.257000,,12,,False,,False,True
2021-17,FP1,0 days 00:36:42.369000,VET,5,0 days 00:02:14.533000,6.0,2.0,,0 days 00:36:41.746000,0 days 00:00:40.076000,0 days 00:00:49.432000,0 days 00:00:45.025000,0 days 00:35:07.912000,0 days 00:35:57.344000,0 days 00:36:42.369000,135.0,142.0,,186.0,False,SOFT,6.0,False,Aston Martin,0 days 00:34:27.836000,,1,,False,,False,False
2021-17,FP1,0 days 00:45:46.396000,VET,5,,7.0,3.0,0 days 00:43:36.191000,,,0 days 00:00:55.126000,0 days 00:00:43.657000,,0 days 00:45:02.773000,0 days 00:45:46.538000,145.0,131.0,213.0,202.0,False,SOFT,1.0,True,Aston Martin,0 days 00:36:42.369000,,1,,False,,False,False
2021-17,FP1,0 days 00:47:22.740000,VET,5,0 days 00:01:36.344000,8.0,3.0,,,0 days 00:00:25.800000,0 days 00:00:38.685000,0 days 00:00:31.859000,0 days 00:46:12.196000,0 days 00:46:50.881000,0 days 00:47:22.740000,234.0,193.0,209.0,319.0,False,SOFT,2.0,True,Aston Martin,0 days 00:45:46.396000,,1,,True,TRACK LIMITS AT TURN 9,False,True
2021-17,FP1,0 days 00:49:46.741000,VET,5,0 days 00:02:24.001000,9.0,3.0,,,0 days 00:00:38.754000,0 days 00:00:56.977000,0 days 00:00:48.270000,0 days 00:48:01.494000,0 days 00:48:58.471000,0 days 00:49:46.741000,135.0,119.0,144.0,167.0,False,SOFT,3.0,True,Aston Martin,0 days 00:47:22.740000,,1,,False,,False,True
2021-17,FP1,0 days 00:52:00.038000,VET,5,0 days 00:02:13.297000,10.0,3.0,,,0 days 00:00:40.850000,0 days 00:00:52.023000,0 days 00:00:40.424000,0 days 00:50:27.591000,0 days 00:51:19.614000,0 days 00:52:00.038000,117.0,126.0,209.0,218.0,False,SOFT,4.0,True,Aston Martin,0 days 00:49:46.741000,,1,,False,,False,True
2021-17,FP1,0 days 00:53:37.020000,VET,5,0 days 00:01:36.982000,11.0,3.0,,,0 days 00:00:26.061000,0 days 00:00:38.826000,0 days 00:00:32.095000,0 days 00:52:26.099000,0 days 00:53:04.925000,0 days 00:53:37.020000,228.0,191.0,209.0,319.0,True,SOFT,5.0,True,Aston Martin,0 days 00:52:00.038000,,1,,False,,False,True
2021-17,FP1,0 days 00:55:39.256000,VET,5,0 days 00:02:02.236000,12.0,3.0,,0 days 00:55:38.519000,0 days 00:00:32.457000,0 days 00:00:49.792000,0 days 00:00:39.987000,0 days 00:54:09.477000,0 days 00:54:59.269000,0 days 00:55:39.256000,181.0,143.0,,172.0,False,SOFT,6.0,True,Aston Martin,0 days 00:53:37.020000,,12,,False,,False,False
2021-17,FP1,0 days 01:05:00.349000,VET,5,,13.0,4.0,0 days 01:03:10.783000,,,0 days 00:00:46.060000,0 days 00:00:34.873000,,0 days 01:04:25.549000,0 days 01:05:00.513000,161.0,173.0,205.0,266.0,False,SOFT,7.0,False,Aston Martin,0 days 00:55:39.256000,,1,,False,,False,False
2021-17,FP1,0 days 01:06:42.496000,VET,5,0 days 00:01:42.147000,14.0,4.0,,,0 days 00:00:27.513000,0 days 00:00:40.799000,0 days 00:00:33.835000,0 days 01:05:27.862000,0 days 01:06:08.661000,0 days 01:06:42.496000,212.0,183.0,203.0,290.0,False,SOFT,8.0,False,Aston Martin,0 days 01:05:00.349000,,1,,False,,False,True
2021-17,FP1,0 days 01:08:33.114000,VET,5,0 days 00:01:50.618000,15.0,4.0,,,0 days 00:00:31.616000,0 days 00:00:42.793000,0 days 00:00:36.209000,0 days 01:07:14.112000,0 days 01:07:56.905000,0 days 01:08:33.114000,167.0,182.0,201.0,293.0,False,SOFT,9.0,False,Aston Martin,0 days 01:06:42.496000,,1,,False,,False,True
2021-17,FP1,0 days 01:10:15.492000,VET,5,0 days 00:01:42.378000,16.0,4.0,,,0 days 00:00:27.706000,0 days 00:00:41.118000,0 days 00:00:33.554000,0 days 01:09:00.820000,0 days 01:09:41.938000,0 days 01:10:15.492000,209.0,181.0,202.0,284.0,False,SOFT,10.0,False,Aston Martin,0 days 01:08:33.114000,,1,,False,,False,True
2021-17,FP1,0 days 01:11:57.898000,VET,5,0 days 00:01:42.406000,17.0,4.0,,,0 days 00:00:27.519000,0 days 00:00:41.006000,0 days 00:00:33.881000,0 days 01:10:43.011000,0 days 01:11:24.017000,0 days 01:11:57.898000,207.0,182.0,202.0,294.0,False,SOFT,11.0,False,Aston Martin,0 days 01:10:15.492000,,1,,False,,False,True
2021-17,FP1,0 days 01:13:46.176000,VET,5,0 days 00:01:48.278000,18.0,4.0,,,0 days 00:00:27.369000,0 days 00:00:41.736000,0 days 00:00:39.173000,0 days 01:12:25.267000,0 days 01:13:07.003000,0 days 01:13:46.176000,208.0,176.0,202.0,293.0,False,SOFT,12.0,False,Aston Martin,0 days 01:11:57.898000,,12,,False,,False,True
2021-17,FP1,0 days 01:15:28.366000,VET,5,0 days 00:01:42.190000,19.0,4.0,,,0 days 00:00:27.309000,0 days 00:00:41.098000,0 days 00:00:33.783000,0 days 01:14:13.485000,0 days 01:14:54.583000,0 days 01:15:28.366000,208.0,181.0,201.0,287.0,False,SOFT,13.0,False,Aston Martin,0 days 01:13:46.176000,,12,,False,,False,True
2021-17,FP1,0 days 01:17:33.944000,VET,5,0 days 00:02:05.578000,20.0,4.0,,0 days 01:17:33.985000,0 days 00:00:27.402000,0 days 00:00:52.886000,0 days 00:00:45.290000,0 days 01:15:55.768000,0 days 01:16:48.654000,0 days 01:17:33.944000,207.0,128.0,,166.0,False,SOFT,14.0,False,Aston Martin,0 days 01:15:28.366000,,21,,False,,False,False
2021-17,FP1,0 days 00:28:39.779000,LAT,6,,1.0,1.0,0 days 00:26:23.462000,,,0 days 00:00:49.737000,0 days 00:00:54.292000,,0 days 00:27:45.562000,0 days 00:28:39.918000,182.0,134.0,207.0,295.0,False,MEDIUM,1.0,True,Williams,0 days 00:26:23.462000,,1,,False,,False,False
2021-17,FP1,0 days 00:30:19.847000,LAT,6,0 days 00:01:40.068000,2.0,1.0,,,0 days 00:00:26.980000,0 days 00:00:40.010000,0 days 00:00:33.078000,0 days 00:29:06.759000,0 days 00:29:46.769000,0 days 00:30:19.847000,218.0,186.0,201.0,315.0,True,MEDIUM,2.0,True,Williams,0 days 00:28:39.779000,,1,,False,,False,True
2021-17,FP1,0 days 00:32:37.699000,LAT,6,0 days 00:02:17.852000,3.0,1.0,,,0 days 00:00:36.246000,0 days 00:00:54.303000,0 days 00:00:47.303000,0 days 00:30:56.093000,0 days 00:31:50.396000,0 days 00:32:37.699000,148.0,95.0,209.0,291.0,False,MEDIUM,3.0,True,Williams,0 days 00:30:19.847000,,1,,False,,False,True
2021-17,FP1,0 days 00:34:16.762000,LAT,6,0 days 00:01:39.063000,4.0,1.0,,,0 days 00:00:26.621000,0 days 00:00:39.532000,0 days 00:00:32.910000,0 days 00:33:04.320000,0 days 00:33:43.852000,0 days 00:34:16.762000,220.0,186.0,207.0,310.0,True,MEDIUM,4.0,True,Williams,0 days 00:32:37.699000,,12,,False,,False,True
2021-17,FP1,0 days 00:36:41.571000,LAT,6,0 days 00:02:24.809000,5.0,1.0,,,0 days 00:00:40.496000,0 days 00:00:57.438000,0 days 00:00:46.875000,0 days 00:34:57.258000,0 days 00:35:54.696000,0 days 00:36:41.571000,118.0,97.0,210.0,228.0,False,MEDIUM,5.0,True,Williams,0 days 00:34:16.762000,,1,,False,,False,True
2021-17,FP1,0 days 00:38:20.097000,LAT,6,0 days 00:01:38.526000,6.0,1.0,,,0 days 00:00:26.334000,0 days 00:00:39.295000,0 days 00:00:32.897000,0 days 00:37:07.905000,0 days 00:37:47.200000,0 days 00:38:20.097000,225.0,185.0,208.0,315.0,True,MEDIUM,6.0,True,Williams,0 days 00:36:41.571000,,1,,False,,False,True
2021-17,FP1,0 days 00:40:27.046000,LAT,6,0 days 00:02:06.949000,7.0,1.0,,0 days 00:40:27.049000,0 days 00:00:32.889000,0 days 00:00:52.384000,0 days 00:00:41.676000,0 days 00:38:52.986000,0 days 00:39:45.370000,0 days 00:40:27.046000,167.0,163.0,,247.0,False,MEDIUM,7.0,True,Williams,0 days 00:38:20.097000,,1,,False,,False,False
2021-17,FP1,0 days 00:49:41.358000,LAT,6,,8.0,2.0,0 days 00:47:12.477000,,,0 days 00:00:57.757000,0 days 00:00:55.909000,,0 days 00:48:45.504000,0 days 00:49:41.479000,128.0,132.0,211.0,238.0,False,SOFT,1.0,True,Williams,0 days 00:40:27.046000,,1,,False,,False,False
2021-17,FP1,0 days 00:51:18.821000,LAT,6,0 days 00:01:37.463000,9.0,2.0,,,0 days 00:00:25.914000,0 days 00:00:38.886000,0 days 00:00:32.663000,0 days 00:50:07.272000,0 days 00:50:46.158000,0 days 00:51:18.821000,230.0,186.0,207.0,321.0,True,SOFT,2.0,True,Williams,0 days 00:49:41.358000,,1,,False,,False,True
2021-17,FP1,0 days 00:53:51.152000,LAT,6,,10.0,2.0,,,0 days 00:00:39.827000,0 days 00:01:01.956000,0 days 00:00:50.593000,0 days 00:51:58.685000,0 days 00:53:00.643000,0 days 00:53:54.075000,116.0,121.0,209.0,109.0,False,SOFT,3.0,True,Williams,0 days 00:51:18.821000,,1,,False,,False,False
2021-17,FP1,0 days 00:55:45.135000,LAT,6,0 days 00:01:53.983000,11.0,2.0,,0 days 00:55:44.241000,0 days 00:00:26.242000,0 days 00:00:40.817000,0 days 00:00:46.924000,0 days 00:54:17.394000,0 days 00:54:58.211000,0 days 00:55:45.135000,223.0,151.0,,293.0,False,SOFT,4.0,True,Williams,0 days 00:53:51.152000,,12,,False,,False,False
2021-17,FP1,0 days 01:04:02.781000,LAT,6,,12.0,3.0,0 days 01:01:52.725000,0 days 01:04:01.819000,,0 days 00:00:51.619000,0 days 00:00:44.972000,,0 days 01:03:17.809000,0 days 01:04:04.973000,129.0,148.0,,218.0,False,MEDIUM,8.0,False,Williams,0 days 00:55:45.135000,,1,,False,,False,False
2021-17,FP1,0 days 01:06:40.883000,LAT,6,,13.0,4.0,0 days 01:04:55.338000,,0 days 00:01:20.641000,0 days 00:00:42.699000,0 days 00:00:34.789000,0 days 01:05:23.642000,0 days 01:06:06.158000,0 days 01:06:41.066000,195.0,180.0,203.0,295.0,False,MEDIUM,9.0,False,Williams,0 days 01:04:02.781000,,1,,False,,False,False
2021-17,FP1,0 days 01:08:25.070000,LAT,6,0 days 00:01:44.187000,14.0,4.0,,,0 days 00:00:27.875000,0 days 00:00:41.633000,0 days 00:00:34.679000,0 days 01:07:08.758000,0 days 01:07:50.391000,0 days 01:08:25.070000,208.0,177.0,203.0,287.0,False,MEDIUM,10.0,False,Williams,0 days 01:06:40.883000,,1,,False,,False,True
2021-17,FP1,0 days 01:10:08.924000,LAT,6,0 days 00:01:43.854000,15.0,4.0,,,0 days 00:00:27.692000,0 days 00:00:41.585000,0 days 00:00:34.577000,0 days 01:08:52.762000,0 days 01:09:34.347000,0 days 01:10:08.924000,204.0,178.0,203.0,293.0,False,MEDIUM,11.0,False,Williams,0 days 01:08:25.070000,,1,,False,,False,True
2021-17,FP1,0 days 01:11:53.991000,LAT,6,0 days 00:01:45.067000,16.0,4.0,,,0 days 00:00:27.756000,0 days 00:00:42.014000,0 days 00:00:35.297000,0 days 01:10:36.680000,0 days 01:11:18.694000,0 days 01:11:53.991000,207.0,174.0,202.0,275.0,False,MEDIUM,12.0,False,Williams,0 days 01:10:08.924000,,1,,False,,False,True
2021-17,FP1,0 days 01:13:38.798000,LAT,6,0 days 00:01:44.807000,17.0,4.0,,,0 days 00:00:27.975000,0 days 00:00:41.902000,0 days 00:00:34.930000,0 days 01:12:21.966000,0 days 01:13:03.868000,0 days 01:13:38.798000,201.0,176.0,201.0,315.0,False,MEDIUM,13.0,False,Williams,0 days 01:11:53.991000,,12,,False,,False,True
2021-17,FP1,0 days 01:15:22.642000,LAT,6,0 days 00:01:43.844000,18.0,4.0,,,0 days 00:00:27.574000,0 days 00:00:41.745000,0 days 00:00:34.525000,0 days 01:14:06.372000,0 days 01:14:48.117000,0 days 01:15:22.642000,204.0,179.0,200.0,289.0,False,MEDIUM,14.0,False,Williams,0 days 01:13:38.798000,,12,,False,,False,True
2021-17,FP1,0 days 01:17:15.050000,LAT,6,0 days 00:01:52.408000,19.0,4.0,,0 days 01:17:14.149000,0 days 00:00:27.508000,0 days 00:00:44.560000,0 days 00:00:40.340000,0 days 01:15:50.150000,0 days 01:16:34.710000,0 days 01:17:15.050000,208.0,162.0,,275.0,False,MEDIUM,15.0,False,Williams,0 days 01:15:22.642000,,21,,False,,False,False
2021-17,FP1,0 days 00:27:59.348000,RAI,7,,1.0,1.0,0 days 00:26:04.281000,,,0 days 00:00:45.241000,0 days 00:00:40.443000,,0 days 00:27:18.954000,0 days 00:27:59.496000,185.0,174.0,204.0,293.0,False,HARD,1.0,True,Alfa Romeo Racing,0 days 00:26:04.281000,,1,,False,,False,False
2021-17,FP1,0 days 00:29:39.236000,RAI,7,0 days 00:01:39.888000,2.0,1.0,,,0 days 00:00:26.993000,0 days 00:00:39.757000,0 days 00:00:33.138000,0 days 00:28:26.341000,0 days 00:29:06.098000,0 days 00:29:39.236000,223.0,185.0,206.0,319.0,False,HARD,2.0,True,Alfa Romeo Racing,0 days 00:27:59.348000,,1,,True,TRACK LIMITS AT TURN 9,False,True
2021-17,FP1,0 days 00:31:45.985000,RAI,7,0 days 00:02:06.749000,3.0,1.0,,,0 days 00:00:34.172000,0 days 00:00:51.714000,0 days 00:00:40.863000,0 days 00:30:13.408000,0 days 00:31:05.122000,0 days 00:31:45.985000,181.0,148.0,210.0,204.0,True,HARD,3.0,True,Alfa Romeo Racing,0 days 00:29:39.236000,,1,,False,,False,True
2021-17,FP1,0 days 00:33:25.051000,RAI,7,0 days 00:01:39.066000,4.0,1.0,,,0 days 00:00:26.372000,0 days 00:00:39.433000,0 days 00:00:33.261000,0 days 00:32:12.357000,0 days 00:32:51.790000,0 days 00:33:25.051000,226.0,185.0,206.0,323.0,True,HARD,4.0,True,Alfa Romeo Racing,0 days 00:31:45.985000,,1,,False,,False,True
2021-17,FP1,0 days 00:35:33.930000,RAI,7,0 days 00:02:08.879000,5.0,1.0,,,0 days 00:00:35.788000,0 days 00:00:51.453000,0 days 00:00:41.638000,0 days 00:34:00.839000,0 days 00:34:52.292000,0 days 00:35:33.930000,129.0,93.0,212.0,267.0,False,HARD,5.0,True,Alfa Romeo Racing,0 days 00:33:25.051000,,12,,False,,False,True
2021-17,FP1,0 days 00:37:12.392000,RAI,7,0 days 00:01:38.462000,6.0,1.0,,,0 days 00:00:26.234000,0 days 00:00:39.269000,0 days 00:00:32.959000,0 days 00:36:00.164000,0 days 00:36:39.433000,0 days 00:37:12.392000,223.0,187.0,195.0,324.0,True,HARD,6.0,True,Alfa Romeo Racing,0 days 00:35:33.930000,,1,,False,,False,True
2021-17,FP1,0 days 00:39:09.751000,RAI,7,0 days 00:01:57.359000,7.0,1.0,,0 days 00:39:08.817000,0 days 00:00:37.124000,0 days 00:00:44.238000,0 days 00:00:35.997000,0 days 00:37:49.516000,0 days 00:38:33.754000,0 days 00:39:09.751000,174.0,164.0,,290.0,False,HARD,7.0,True,Alfa Romeo Racing,0 days 00:37:12.392000,,1,,False,,False,False
2021-17,FP1,0 days 00:41:38.452000,RAI,7,0 days 00:02:28.701000,8.0,2.0,0 days 00:39:52.388000,0 days 00:41:37.510000,0 days 00:01:09.367000,0 days 00:00:42.139000,0 days 00:00:37.195000,0 days 00:40:19.118000,0 days 00:41:01.257000,0 days 00:41:38.452000,197.0,154.0,,312.0,False,HARD,8.0,False,Alfa Romeo Racing,0 days 00:39:09.751000,,1,,False,,False,False
2021-17,FP1,0 days 00:55:31.391000,RAI,7,,9.0,3.0,0 days 00:53:26.504000,,,0 days 00:00:48.837000,0 days 00:00:41.470000,,0 days 00:54:49.932000,0 days 00:55:31.539000,168.0,132.0,212.0,278.0,False,SOFT,1.0,True,Alfa Romeo Racing,0 days 00:41:38.452000,,12,,False,,False,False
2021-17,FP1,0 days 00:57:08.772000,RAI,7,0 days 00:01:37.381000,10.0,3.0,,,0 days 00:00:26.086000,0 days 00:00:38.830000,0 days 00:00:32.465000,0 days 00:55:57.477000,0 days 00:56:36.307000,0 days 00:57:08.772000,223.0,187.0,206.0,318.0,True,SOFT,2.0,True,Alfa Romeo Racing,0 days 00:55:31.391000,,1,,False,,False,True
2021-17,FP1,0 days 00:59:30.890000,RAI,7,0 days 00:02:22.118000,11.0,3.0,,0 days 00:59:29.357000,0 days 00:00:40.317000,0 days 00:00:52.524000,0 days 00:00:49.277000,0 days 00:57:49.089000,0 days 00:58:41.613000,0 days 00:59:30.890000,140.0,132.0,,217.0,False,SOFT,3.0,True,Alfa Romeo Racing,0 days 00:57:08.772000,,1,,False,,False,False
2021-17,FP1,0 days 01:02:40.045000,RAI,7,,12.0,4.0,0 days 01:00:16.644000,,0 days 00:01:19.308000,0 days 00:00:58.527000,0 days 00:00:51.323000,0 days 01:00:50.218000,0 days 01:01:48.728000,0 days 01:02:40.180000,137.0,147.0,212.0,267.0,False,SOFT,4.0,False,Alfa Romeo Racing,0 days 00:59:30.890000,,1,,False,,False,False
2021-17,FP1,0 days 01:04:17.064000,RAI,7,0 days 00:01:37.019000,13.0,4.0,,,0 days 00:00:25.844000,0 days 00:00:38.736000,0 days 00:00:32.439000,0 days 01:03:05.889000,0 days 01:03:44.625000,0 days 01:04:17.064000,229.0,188.0,203.0,320.0,True,SOFT,5.0,False,Alfa Romeo Racing,0 days 01:02:40.045000,,1,,False,,False,True
2021-17,FP1,0 days 01:06:44.058000,RAI,7,0 days 00:02:26.994000,14.0,4.0,,0 days 01:06:42.662000,0 days 00:00:38.076000,0 days 00:01:01.304000,0 days 00:00:47.614000,0 days 01:04:55.140000,0 days 01:05:56.444000,0 days 01:06:44.058000,141.0,156.0,,184.0,False,SOFT,6.0,False,Alfa Romeo Racing,0 days 01:04:17.064000,,1,,False,,False,False
2021-17,FP1,0 days 01:09:56.931000,RAI,7,,15.0,5.0,0 days 01:07:34.052000,,0 days 00:01:25.890000,0 days 00:01:01.786000,0 days 00:00:45.185000,0 days 01:08:09.960000,0 days 01:09:11.762000,0 days 01:10:00.505000,149.0,152.0,213.0,206.0,False,SOFT,7.0,False,Alfa Romeo Racing,0 days 01:06:44.058000,,1,,False,,False,False
2021-17,FP1,0 days 01:11:33.807000,RAI,7,0 days 00:01:36.876000,16.0,5.0,,,0 days 00:00:25.806000,0 days 00:00:38.703000,0 days 00:00:32.367000,0 days 01:10:22.737000,0 days 01:11:01.440000,0 days 01:11:33.807000,221.0,188.0,202.0,320.0,True,SOFT,8.0,False,Alfa Romeo Racing,0 days 01:09:56.931000,,1,,False,,False,True
2021-17,FP1,0 days 01:14:16.066000,RAI,7,,17.0,5.0,,,0 days 00:00:41.895000,0 days 00:01:09.820000,0 days 00:00:50.544000,0 days 01:12:15.722000,0 days 01:13:25.576000,0 days 01:14:16.220000,112.0,78.0,212.0,211.0,False,SOFT,9.0,False,Alfa Romeo Racing,0 days 01:11:33.807000,,12,,False,,False,False
2021-17,FP1,0 days 01:16:26.798000,RAI,7,0 days 00:02:10.732000,18.0,5.0,,0 days 01:16:25.814000,0 days 00:00:26.696000,0 days 00:01:06.986000,0 days 00:00:37.050000,0 days 01:14:42.762000,0 days 01:15:49.748000,0 days 01:16:26.798000,222.0,166.0,,234.0,False,SOFT,10.0,False,Alfa Romeo Racing,0 days 01:14:16.066000,,12,,False,,False,False
2021-17,FP1,0 days 00:26:54.140000,MAZ,9,,1.0,1.0,0 days 00:16:06.031000,0 days 00:18:19.228000,,0 days 00:00:48.001000,,,0 days 00:17:27.050000,,144.0,136.0,,269.0,False,MEDIUM,1.0,True,Haas F1 Team,0 days 00:16:06.031000,,125,,False,,False,False
2021-17,FP1,0 days 00:29:24.681000,MAZ,9,,2.0,2.0,0 days 00:26:54.140000,,,0 days 00:00:48.149000,0 days 00:01:08.852000,,0 days 00:28:15.865000,0 days 00:29:24.803000,164.0,114.0,203.0,262.0,False,MEDIUM,2.0,False,Haas F1 Team,0 days 00:26:54.140000,,1,,False,,False,False
2021-17,FP1,0 days 00:31:09.322000,MAZ,9,0 days 00:01:44.641000,3.0,2.0,,,0 days 00:00:29.005000,0 days 00:00:41.417000,0 days 00:00:34.219000,0 days 00:29:53.686000,0 days 00:30:35.103000,0 days 00:31:09.322000,191.0,178.0,208.0,312.0,True,MEDIUM,3.0,False,Haas F1 Team,0 days 00:29:24.681000,,1,,False,,False,True
2021-17,FP1,0 days 00:32:51.561000,MAZ,9,0 days 00:01:42.239000,4.0,2.0,,,0 days 00:00:28.088000,0 days 00:00:40.278000,0 days 00:00:33.873000,0 days 00:31:37.410000,0 days 00:32:17.688000,0 days 00:32:51.561000,199.0,183.0,206.0,319.0,True,MEDIUM,4.0,False,Haas F1 Team,0 days 00:31:09.322000,,1,,False,,False,True
2021-17,FP1,0 days 00:34:55.060000,MAZ,9,0 days 00:02:03.499000,5.0,2.0,,,0 days 00:00:36.998000,0 days 00:00:46.881000,0 days 00:00:39.620000,0 days 00:33:28.559000,0 days 00:34:15.440000,0 days 00:34:55.060000,166.0,124.0,206.0,289.0,False,MEDIUM,5.0,False,Haas F1 Team,0 days 00:32:51.561000,,12,,False,,False,True
2021-17,FP1,0 days 00:36:37.536000,MAZ,9,0 days 00:01:42.476000,6.0,2.0,,,0 days 00:00:27.225000,0 days 00:00:41.221000,0 days 00:00:34.030000,0 days 00:35:22.285000,0 days 00:36:03.506000,0 days 00:36:37.536000,209.0,180.0,204.0,316.0,False,MEDIUM,6.0,False,Haas F1 Team,0 days 00:34:55.060000,,1,,True,TRACK LIMITS AT TURN 19,False,True
2021-17,FP1,0 days 00:38:49.823000,MAZ,9,0 days 00:02:12.287000,7.0,2.0,,,0 days 00:00:37.586000,0 days 00:00:51.824000,0 days 00:00:42.877000,0 days 00:37:15.122000,0 days 00:38:06.946000,0 days 00:38:49.823000,148.0,126.0,205.0,287.0,False,MEDIUM,7.0,False,Haas F1 Team,0 days 00:36:37.536000,,1,,False,,False,True
2021-17,FP1,0 days 00:40:30.771000,MAZ,9,0 days 00:01:40.948000,8.0,2.0,,,0 days 00:00:27.011000,0 days 00:00:40.491000,0 days 00:00:33.446000,0 days 00:39:16.834000,0 days 00:39:57.325000,0 days 00:40:30.771000,206.0,182.0,205.0,316.0,False,MEDIUM,8.0,False,Haas F1 Team,0 days 00:38:49.823000,,1,,True,TRACK LIMITS AT TURN 19,False,True
2021-17,FP1,0 days 00:42:19.853000,MAZ,9,0 days 00:01:49.082000,9.0,2.0,,0 days 00:42:18.841000,0 days 00:00:29.623000,0 days 00:00:43.256000,0 days 00:00:36.203000,0 days 00:41:00.394000,0 days 00:41:43.650000,0 days 00:42:19.853000,192.0,173.0,,289.0,False,MEDIUM,9.0,False,Haas F1 Team,0 days 00:40:30.771000,,1,,False,,False,False
2021-17,FP1,0 days 00:52:39.450000,MAZ,9,,10.0,3.0,0 days 00:50:28.734000,,,0 days 00:00:53.227000,0 days 00:00:46.530000,,0 days 00:51:52.921000,0 days 00:52:39.557000,149.0,117.0,209.0,231.0,False,SOFT,1.0,True,Haas F1 Team,0 days 00:42:19.853000,,1,,False,,False,False
2021-17,FP1,0 days 00:54:48.877000,MAZ,9,0 days 00:02:09.427000,11.0,3.0,,,0 days 00:00:26.747000,0 days 00:00:39.395000,0 days 00:01:03.285000,0 days 00:53:06.197000,0 days 00:53:45.592000,0 days 00:54:48.877000,215.0,188.0,127.0,318.0,False,SOFT,2.0,True,Haas F1 Team,0 days 00:52:39.450000,,12,,False,,False,True
2021-17,FP1,0 days 00:57:15.095000,MAZ,9,0 days 00:02:26.218000,12.0,3.0,,0 days 00:57:14.082000,0 days 00:00:42.574000,0 days 00:00:54.911000,0 days 00:00:48.733000,0 days 00:55:31.451000,0 days 00:56:26.362000,0 days 00:57:15.095000,143.0,111.0,,175.0,False,SOFT,3.0,True,Haas F1 Team,0 days 00:54:48.877000,,1,,False,,False,False
2021-17,FP1,0 days 01:06:35.872000,MAZ,9,,13.0,4.0,0 days 01:04:40.472000,,,0 days 00:00:47.981000,0 days 00:00:38.177000,,0 days 01:05:57.702000,0 days 01:06:35.990000,160.0,134.0,200.0,252.0,False,MEDIUM,10.0,False,Haas F1 Team,0 days 00:57:15.095000,,1,,False,,False,False
2021-17,FP1,0 days 01:08:21.277000,MAZ,9,0 days 00:01:45.405000,14.0,4.0,,,0 days 00:00:28.545000,0 days 00:00:41.982000,0 days 00:00:34.878000,0 days 01:07:04.417000,0 days 01:07:46.399000,0 days 01:08:21.277000,199.0,180.0,198.0,297.0,False,MEDIUM,11.0,False,Haas F1 Team,0 days 01:06:35.872000,,1,,True,TRACK LIMITS AT TURN 19,False,True
2021-17,FP1,0 days 01:10:06.493000,MAZ,9,0 days 00:01:45.216000,15.0,4.0,,,0 days 00:00:28.246000,0 days 00:00:42.042000,0 days 00:00:34.928000,0 days 01:08:49.523000,0 days 01:09:31.565000,0 days 01:10:06.493000,192.0,179.0,197.0,296.0,False,MEDIUM,12.0,False,Haas F1 Team,0 days 01:08:21.277000,,1,,False,,False,True
2021-17,FP1,0 days 01:11:53.366000,MAZ,9,0 days 00:01:46.873000,16.0,4.0,,,0 days 00:00:29.132000,0 days 00:00:42.678000,0 days 00:00:35.063000,0 days 01:10:35.625000,0 days 01:11:18.303000,0 days 01:11:53.366000,189.0,177.0,196.0,301.0,False,MEDIUM,13.0,False,Haas F1 Team,0 days 01:10:06.493000,,1,,False,,False,True
2021-17,FP1,0 days 01:13:40.572000,MAZ,9,0 days 00:01:47.206000,17.0,4.0,,,0 days 00:00:28.265000,0 days 00:00:43.011000,0 days 00:00:35.930000,0 days 01:12:21.631000,0 days 01:13:04.642000,0 days 01:13:40.572000,196.0,163.0,199.0,296.0,False,MEDIUM,14.0,False,Haas F1 Team,0 days 01:11:53.366000,,12,,False,,False,True
2021-17,FP1,0 days 01:15:25.954000,MAZ,9,0 days 00:01:45.382000,18.0,4.0,,,0 days 00:00:28.087000,0 days 00:00:42.318000,0 days 00:00:34.977000,0 days 01:14:08.659000,0 days 01:14:50.977000,0 days 01:15:25.954000,196.0,179.0,197.0,296.0,False,MEDIUM,15.0,False,Haas F1 Team,0 days 01:13:40.572000,,12,,False,,False,True
2021-17,FP1,0 days 01:17:22.130000,MAZ,9,0 days 00:01:56.176000,19.0,4.0,,0 days 01:17:21.128000,0 days 00:00:28.430000,0 days 00:00:49.517000,0 days 00:00:38.229000,0 days 01:15:54.384000,0 days 01:16:43.901000,0 days 01:17:22.130000,193.0,136.0,,197.0,False,MEDIUM,16.0,False,Haas F1 Team,0 days 01:15:25.954000,,21,,False,,False,False
2021-17,FP1,0 days 00:17:21.352000,GAS,10,,1.0,1.0,0 days 00:15:12.147000,0 days 00:17:20.273000,,0 days 00:00:49.062000,0 days 00:00:44.056000,,0 days 00:16:37.296000,0 days 00:17:21.515000,194.0,159.0,,274.0,False,SOFT,1.0,True,AlphaTauri,0 days 00:15:12.147000,,12,,False,,False,False
2021-17,FP1,0 days 00:28:52.821000,GAS,10,,2.0,2.0,0 days 00:26:42.608000,,,0 days 00:00:45.227000,0 days 00:00:50.993000,,0 days 00:28:01.894000,0 days 00:28:53.675000,153.0,141.0,208.0,313.0,False,SOFT,2.0,False,AlphaTauri,0 days 00:26:42.608000,,1,,False,,False,False
2021-17,FP1,0 days 00:30:30.937000,GAS,10,0 days 00:01:38.116000,3.0,2.0,,,0 days 00:00:26.253000,0 days 00:00:39.457000,0 days 00:00:32.406000,0 days 00:29:19.074000,0 days 00:29:58.531000,0 days 00:30:30.937000,227.0,187.0,206.0,316.0,False,SOFT,3.0,False,AlphaTauri,0 days 00:28:52.821000,,1,,True,TRACK LIMITS AT TURN 9,False,True
2021-17,FP1,0 days 00:33:12.995000,GAS,10,,4.0,2.0,,,0 days 00:00:44.893000,0 days 00:01:01.541000,0 days 00:00:55.637000,0 days 00:31:15.841000,0 days 00:32:17.379000,0 days 00:33:13.132000,107.0,83.0,208.0,262.0,False,SOFT,4.0,False,AlphaTauri,0 days 00:30:30.937000,,1,,False,,False,False
2021-17,FP1,0 days 00:35:15.443000,GAS,10,0 days 00:02:02.448000,5.0,2.0,,,0 days 00:00:28.295000,0 days 00:00:53.078000,0 days 00:00:41.075000,0 days 00:33:41.290000,0 days 00:34:34.368000,0 days 00:35:15.443000,137.0,123.0,209.0,240.0,True,SOFT,5.0,False,AlphaTauri,0 days 00:33:12.995000,,12,,False,,False,True
2021-17,FP1,0 days 00:36:53.012000,GAS,10,0 days 00:01:37.569000,6.0,2.0,,,0 days 00:00:25.861000,0 days 00:00:38.993000,0 days 00:00:32.715000,0 days 00:35:41.304000,0 days 00:36:20.297000,0 days 00:36:53.012000,232.0,187.0,204.0,321.0,True,SOFT,6.0,False,AlphaTauri,0 days 00:35:15.443000,,1,,False,,False,True
2021-17,FP1,0 days 00:38:51.299000,GAS,10,0 days 00:01:58.287000,7.0,2.0,,0 days 00:38:51.317000,0 days 00:00:35.271000,0 days 00:00:46.485000,0 days 00:00:36.531000,0 days 00:37:28.283000,0 days 00:38:14.768000,0 days 00:38:51.299000,181.0,155.0,,207.0,False,SOFT,7.0,False,AlphaTauri,0 days 00:36:53.012000,,1,,False,,False,False
2021-17,FP1,0 days 00:53:04.776000,GAS,10,,8.0,3.0,0 days 00:50:57.141000,,,0 days 00:00:48.432000,0 days 00:00:45.305000,,0 days 00:52:19.471000,0 days 00:53:04.917000,147.0,126.0,211.0,287.0,False,SOFT,1.0,True,AlphaTauri,0 days 00:38:51.299000,,1,,False,,False,False
2021-17,FP1,0 days 00:54:44.466000,GAS,10,0 days 00:01:39.690000,9.0,3.0,,,0 days 00:00:25.645000,0 days 00:00:38.687000,0 days 00:00:35.358000,0 days 00:53:30.421000,0 days 00:54:09.108000,0 days 00:54:44.466000,234.0,188.0,168.0,317.0,False,SOFT,2.0,True,AlphaTauri,0 days 00:53:04.776000,,12,,False,,False,True
2021-17,FP1,0 days 00:57:22.337000,GAS,10,,10.0,3.0,,,0 days 00:00:44.887000,0 days 00:01:01.800000,0 days 00:00:51.164000,0 days 00:55:29.373000,0 days 00:56:31.211000,0 days 00:57:24.379000,120.0,108.0,136.0,164.0,False,SOFT,3.0,True,AlphaTauri,0 days 00:54:44.466000,,1,,False,,False,False
2021-17,FP1,0 days 00:59:54.892000,GAS,10,,11.0,3.0,,,0 days 00:00:47.098000,0 days 00:00:55.458000,0 days 00:00:50.042000,0 days 00:58:09.424000,0 days 00:59:04.959000,0 days 00:59:55.084000,111.0,142.0,209.0,297.0,False,SOFT,4.0,True,AlphaTauri,0 days 00:57:22.337000,,1,,False,,False,False
2021-17,FP1,0 days 01:01:31.503000,GAS,10,0 days 00:01:36.611000,12.0,3.0,,,0 days 00:00:25.768000,0 days 00:00:38.744000,0 days 00:00:32.099000,0 days 01:00:20.660000,0 days 01:00:59.404000,0 days 01:01:31.503000,228.0,190.0,204.0,315.0,True,SOFT,5.0,True,AlphaTauri,0 days 00:59:54.892000,,1,,False,,False,True
2021-17,FP1,0 days 01:03:26.272000,GAS,10,0 days 00:01:54.769000,13.0,3.0,,0 days 01:03:26.310000,0 days 00:00:30.328000,0 days 00:00:46.150000,0 days 00:00:38.291000,0 days 01:02:01.831000,0 days 01:02:47.981000,0 days 01:03:26.272000,179.0,141.0,,245.0,False,SOFT,6.0,True,AlphaTauri,0 days 01:01:31.503000,,1,,False,,False,False
2021-17,FP1,0 days 01:10:30.468000,GAS,10,,14.0,4.0,0 days 01:08:47.218000,,,0 days 00:00:42.258000,0 days 00:00:35.554000,,0 days 01:09:54.943000,0 days 01:10:33.682000,200.0,171.0,201.0,294.0,False,SOFT,7.0,False,AlphaTauri,0 days 01:03:26.272000,,1,,False,,False,False
2021-17,FP1,0 days 01:12:13.462000,GAS,10,0 days 00:01:42.994000,15.0,4.0,,,0 days 00:00:27.886000,0 days 00:00:41.074000,0 days 00:00:34.034000,0 days 01:10:58.354000,0 days 01:11:39.428000,0 days 01:12:13.462000,211.0,180.0,199.0,300.0,False,SOFT,8.0,False,AlphaTauri,0 days 01:10:30.468000,,1,,False,,False,True
2021-17,FP1,0 days 01:13:56.511000,GAS,10,0 days 00:01:43.049000,16.0,4.0,,,0 days 00:00:27.590000,0 days 00:00:41.338000,0 days 00:00:34.121000,0 days 01:12:41.052000,0 days 01:13:22.390000,0 days 01:13:56.511000,206.0,178.0,197.0,297.0,False,SOFT,9.0,False,AlphaTauri,0 days 01:12:13.462000,,12,,False,,False,True
2021-17,FP1,0 days 01:15:39.526000,GAS,10,0 days 00:01:43.015000,17.0,4.0,,,0 days 00:00:27.681000,0 days 00:00:41.190000,0 days 00:00:34.144000,0 days 01:14:24.192000,0 days 01:15:05.382000,0 days 01:15:39.526000,206.0,179.0,196.0,297.0,False,SOFT,10.0,False,AlphaTauri,0 days 01:13:56.511000,,12,,False,,False,True
2021-17,FP1,0 days 01:17:25.610000,GAS,10,0 days 00:01:46.084000,18.0,4.0,,0 days 01:17:24.680000,0 days 00:00:28.097000,0 days 00:00:41.747000,0 days 00:00:36.240000,0 days 01:16:07.623000,0 days 01:16:49.370000,0 days 01:17:25.610000,205.0,167.0,,291.0,False,SOFT,11.0,False,AlphaTauri,0 days 01:15:39.526000,,1,,False,,False,False
2021-17,FP1,0 days 00:17:06.342000,PER,11,,1.0,1.0,0 days 00:15:06.880000,0 days 00:17:05.380000,,0 days 00:00:46.027000,0 days 00:00:39.620000,,0 days 00:16:26.722000,0 days 00:17:09.688000,167.0,173.0,,244.0,False,HARD,1.0,True,Red Bull Racing,0 days 00:15:06.880000,,1,,False,,False,False
2021-17,FP1,0 days 00:28:20.850000,PER,11,,2.0,2.0,0 days 00:26:20.213000,,,0 days 00:00:43.421000,0 days 00:00:48.659000,,0 days 00:27:32.270000,0 days 00:28:21.710000,193.0,137.0,207.0,271.0,False,HARD,2.0,False,Red Bull Racing,0 days 00:26:20.213000,,1,,False,,False,False
2021-17,FP1,0 days 00:29:58.474000,PER,11,0 days 00:01:37.624000,3.0,2.0,,,0 days 00:00:26.519000,0 days 00:00:38.963000,0 days 00:00:32.142000,0 days 00:28:47.369000,0 days 00:29:26.332000,0 days 00:29:58.474000,222.0,187.0,205.0,313.0,True,HARD,3.0,False,Red Bull Racing,0 days 00:28:20.850000,,1,,False,,False,True
2021-17,FP1,0 days 00:32:01.885000,PER,11,0 days 00:02:03.411000,4.0,2.0,,,0 days 00:00:34.336000,0 days 00:00:46.833000,0 days 00:00:42.242000,0 days 00:30:32.810000,0 days 00:31:19.643000,0 days 00:32:01.885000,168.0,162.0,208.0,265.0,False,HARD,4.0,False,Red Bull Racing,0 days 00:29:58.474000,,1,,False,,False,True
2021-17,FP1,0 days 00:33:57.960000,PER,11,0 days 00:01:56.075000,5.0,2.0,,,0 days 00:00:26.177000,0 days 00:00:39.060000,0 days 00:00:50.838000,0 days 00:32:28.062000,0 days 00:33:07.122000,0 days 00:33:57.960000,225.0,177.0,208.0,312.0,False,HARD,5.0,False,Red Bull Racing,0 days 00:32:01.885000,,12,,True,TRACK LIMITS AT TURN 9,False,True
2021-17,FP1,0 days 00:35:39.169000,PER,11,0 days 00:01:41.209000,6.0,2.0,,,0 days 00:00:26.300000,0 days 00:00:38.947000,0 days 00:00:35.962000,0 days 00:34:24.260000,0 days 00:35:03.207000,0 days 00:35:39.169000,224.0,186.0,163.0,315.0,False,HARD,6.0,False,Red Bull Racing,0 days 00:33:57.960000,,1,,True,TRACK LIMITS AT TURN 9,False,True
2021-17,FP1,0 days 00:37:57.208000,PER,11,0 days 00:02:18.039000,7.0,2.0,,,0 days 00:00:36.711000,0 days 00:00:55.125000,0 days 00:00:46.203000,0 days 00:36:15.880000,0 days 00:37:11.005000,0 days 00:37:57.208000,142.0,143.0,208.0,196.0,False,HARD,7.0,False,Red Bull Racing,0 days 00:35:39.169000,,1,,False,,False,True
2021-17,FP1,0 days 00:39:34.006000,PER,11,0 days 00:01:36.798000,8.0,2.0,,,0 days 00:00:26.008000,0 days 00:00:38.763000,0 days 00:00:32.027000,0 days 00:38:23.216000,0 days 00:39:01.979000,0 days 00:39:34.006000,228.0,185.0,206.0,313.0,True,HARD,8.0,False,Red Bull Racing,0 days 00:37:57.208000,,1,,False,,False,True
2021-17,FP1,0 days 00:41:34.226000,PER,11,0 days 00:02:00.220000,9.0,2.0,,0 days 00:41:33.262000,0 days 00:00:32.811000,0 days 00:00:48.718000,0 days 00:00:38.691000,0 days 00:40:06.817000,0 days 00:40:55.535000,0 days 00:41:34.226000,158.0,165.0,,224.0,False,HARD,9.0,False,Red Bull Racing,0 days 00:39:34.006000,,1,,False,,False,False
2021-17,FP1,0 days 00:54:27.987000,PER,11,,10.0,3.0,0 days 00:52:12.043000,,,0 days 00:00:49.869000,0 days 00:00:53.566000,,0 days 00:53:34.452000,0 days 00:54:28.101000,149.0,113.0,211.0,246.0,False,SOFT,1.0,True,Red Bull Racing,0 days 00:41:34.226000,,12,,False,,False,False
2021-17,FP1,0 days 00:56:03.804000,PER,11,0 days 00:01:35.817000,11.0,3.0,,,0 days 00:00:25.745000,0 days 00:00:38.233000,0 days 00:00:31.839000,0 days 00:54:53.732000,0 days 00:55:31.965000,0 days 00:56:03.804000,234.0,187.0,207.0,313.0,False,SOFT,2.0,True,Red Bull Racing,0 days 00:54:27.987000,,21,,True,TRACK LIMITS AT TURN 19,False,True
2021-17,FP1,0 days 00:58:20.804000,PER,11,0 days 00:02:17,12.0,3.0,,0 days 00:58:19.378000,0 days 00:00:35.966000,0 days 00:00:54.642000,0 days 00:00:46.392000,0 days 00:56:39.770000,0 days 00:57:34.412000,0 days 00:58:20.804000,133.0,154.0,,217.0,False,SOFT,3.0,True,Red Bull Racing,0 days 00:56:03.804000,,1,,False,,False,False
2021-17,FP1,0 days 01:06:13.149000,PER,11,,13.0,4.0,0 days 01:04:20.372000,,,0 days 00:00:43.288000,0 days 00:00:39.275000,,0 days 01:05:33.876000,0 days 01:06:13.483000,182.0,162.0,200.0,290.0,False,HARD,10.0,False,Red Bull Racing,0 days 00:58:20.804000,,1,,False,,False,False
2021-17,FP1,0 days 01:07:54.863000,PER,11,0 days 00:01:41.714000,14.0,4.0,,,0 days 00:00:27.402000,0 days 00:00:40.972000,0 days 00:00:33.340000,0 days 01:06:40.551000,0 days 01:07:21.523000,0 days 01:07:54.863000,209.0,182.0,198.0,294.0,False,HARD,11.0,False,Red Bull Racing,0 days 01:06:13.149000,,1,,True,TRACK LIMITS AT TURN 9,False,True
2021-17,FP1,0 days 01:09:36.377000,PER,11,0 days 00:01:41.514000,15.0,4.0,,,0 days 00:00:27.379000,0 days 00:00:40.706000,0 days 00:00:33.429000,0 days 01:08:22.242000,0 days 01:09:02.948000,0 days 01:09:36.377000,210.0,178.0,198.0,287.0,False,HARD,12.0,False,Red Bull Racing,0 days 01:07:54.863000,,1,,False,,False,True
2021-17,FP1,0 days 01:11:18.226000,PER,11,0 days 00:01:41.849000,16.0,4.0,,,0 days 00:00:27.275000,0 days 00:00:40.724000,0 days 00:00:33.850000,0 days 01:10:03.652000,0 days 01:10:44.376000,0 days 01:11:18.226000,207.0,178.0,198.0,290.0,False,HARD,13.0,False,Red Bull Racing,0 days 01:09:36.377000,,1,,True,TRACK LIMITS AT TURN 19,False,True
2021-17,FP1,0 days 01:13:03.817000,PER,11,0 days 00:01:45.591000,17.0,4.0,,,0 days 00:00:27.782000,0 days 00:00:42.263000,0 days 00:00:35.546000,0 days 01:11:46.008000,0 days 01:12:28.271000,0 days 01:13:03.817000,206.0,153.0,200.0,317.0,False,HARD,14.0,False,Red Bull Racing,0 days 01:11:18.226000,,12,,False,,False,True
2021-17,FP1,0 days 01:14:45.501000,PER,11,0 days 00:01:41.684000,18.0,4.0,,,0 days 00:00:27.500000,0 days 00:00:40.610000,0 days 00:00:33.574000,0 days 01:13:31.317000,0 days 01:14:11.927000,0 days 01:14:45.501000,207.0,180.0,197.0,287.0,False,HARD,15.0,False,Red Bull Racing,0 days 01:13:03.817000,,1,,False,,False,True
2021-17,FP1,0 days 01:16:29.448000,PER,11,0 days 00:01:43.947000,19.0,4.0,,,0 days 00:00:27.378000,0 days 00:00:42.875000,0 days 00:00:33.694000,0 days 01:15:12.879000,0 days 01:15:55.754000,0 days 01:16:29.448000,206.0,180.0,198.0,287.0,False,HARD,16.0,False,Red Bull Racing,0 days 01:14:45.501000,,12,,False,,False,True
2021-17,FP1,0 days 01:18:14.428000,PER,11,0 days 00:01:44.980000,20.0,4.0,,0 days 01:18:13.988000,0 days 00:00:27.382000,0 days 00:00:40.907000,0 days 00:00:36.691000,0 days 01:16:56.830000,0 days 01:17:37.737000,0 days 01:18:14.428000,203.0,179.0,,287.0,False,HARD,17.0,False,Red Bull Racing,0 days 01:16:29.448000,,1,,False,,False,False
2021-17,FP1,0 days 00:56:49.349000,ALO,14,,1.0,1.0,0 days 00:15:41.849000,0 days 00:25:11.488000,,,,,,,167.0,,,125.0,False,SOFT,1.0,True,Alpine,0 days 00:15:41.849000,,125,,False,,False,False
2021-17,FP1,0 days 00:58:42.578000,ALO,14,,2.0,2.0,0 days 00:56:49.349000,,,0 days 00:00:43.185000,0 days 00:00:41.927000,,0 days 00:58:00.675000,0 days 00:58:42.705000,198.0,167.0,210.0,279.0,False,SOFT,2.0,False,Alpine,0 days 00:56:49.349000,,1,,False,,False,False
2021-17,FP1,0 days 01:00:21.363000,ALO,14,0 days 00:01:38.785000,3.0,2.0,,,0 days 00:00:26.608000,0 days 00:00:39.522000,0 days 00:00:32.655000,0 days 00:59:09.186000,0 days 00:59:48.708000,0 days 01:00:21.363000,216.0,184.0,208.0,302.0,True,SOFT,3.0,False,Alpine,0 days 00:58:42.578000,,1,,False,,False,True
2021-17,FP1,0 days 01:02:00.631000,ALO,14,0 days 00:01:39.268000,4.0,2.0,,,0 days 00:00:26.651000,0 days 00:00:39.646000,0 days 00:00:32.971000,0 days 01:00:48.014000,0 days 01:01:27.660000,0 days 01:02:00.631000,218.0,182.0,207.0,303.0,False,SOFT,4.0,False,Alpine,0 days 01:00:21.363000,,1,,False,,False,True
2021-17,FP1,0 days 01:03:39.870000,ALO,14,0 days 00:01:39.239000,5.0,2.0,,,0 days 00:00:26.455000,0 days 00:00:39.870000,0 days 00:00:32.914000,0 days 01:02:27.086000,0 days 01:03:06.956000,0 days 01:03:39.870000,213.0,183.0,204.0,304.0,False,SOFT,5.0,False,Alpine,0 days 01:02:00.631000,,1,,False,,False,True
2021-17,FP1,0 days 01:05:21.168000,ALO,14,0 days 00:01:41.298000,6.0,2.0,,0 days 01:05:20.204000,0 days 00:00:26.401000,0 days 00:00:39.987000,0 days 00:00:34.910000,0 days 01:04:06.271000,0 days 01:04:46.258000,0 days 01:05:21.168000,215.0,181.0,,305.0,False,SOFT,6.0,False,Alpine,0 days 01:03:39.870000,,1,,False,,False,False
2021-17,FP1,0 days 01:08:12.538000,ALO,14,,7.0,3.0,0 days 01:06:13.590000,,0 days 00:01:22.512000,0 days 00:00:44.138000,0 days 00:00:44.716000,0 days 01:06:43.737000,0 days 01:07:27.823000,0 days 01:08:12.676000,187.0,166.0,214.0,285.0,False,SOFT,1.0,True,Alpine,0 days 01:05:21.168000,,1,,False,,False,False
2021-17,FP1,0 days 01:09:49.606000,ALO,14,0 days 00:01:37.068000,8.0,3.0,,,0 days 00:00:25.876000,0 days 00:00:39.079000,0 days 00:00:32.113000,0 days 01:08:38.414000,0 days 01:09:17.493000,0 days 01:09:49.606000,226.0,190.0,202.0,310.0,True,SOFT,2.0,True,Alpine,0 days 01:08:12.538000,,1,,False,,False,True
2021-17,FP1,0 days 01:12:10.792000,ALO,14,0 days 00:02:21.186000,9.0,3.0,,,0 days 00:00:39.221000,0 days 00:00:53.671000,0 days 00:00:48.294000,0 days 01:10:28.827000,0 days 01:11:22.498000,0 days 01:12:10.792000,161.0,104.0,212.0,113.0,False,SOFT,3.0,True,Alpine,0 days 01:09:49.606000,,1,,False,,False,True
2021-17,FP1,0 days 01:13:49.264000,ALO,14,0 days 00:01:38.472000,10.0,3.0,,,0 days 00:00:26.232000,0 days 00:00:39.234000,0 days 00:00:33.006000,0 days 01:12:37.024000,0 days 01:13:16.258000,0 days 01:13:49.264000,222.0,188.0,205.0,311.0,False,SOFT,4.0,True,Alpine,0 days 01:12:10.792000,,12,,False,,False,True
2021-17,FP1,0 days 01:15:29.704000,ALO,14,0 days 00:01:40.440000,11.0,3.0,,,0 days 00:00:26.990000,0 days 00:00:40.080000,0 days 00:00:33.370000,0 days 01:14:16.254000,0 days 01:14:56.334000,0 days 01:15:29.704000,206.0,183.0,205.0,309.0,False,SOFT,5.0,True,Alpine,0 days 01:13:49.264000,,12,,False,,False,True
2021-17,FP1,0 days 01:17:25.059000,ALO,14,0 days 00:01:55.355000,12.0,3.0,,0 days 01:17:24.070000,0 days 00:00:29.482000,0 days 00:00:45.508000,0 days 00:00:40.365000,0 days 01:15:59.186000,0 days 01:16:44.694000,0 days 01:17:25.059000,190.0,144.0,,199.0,False,SOFT,6.0,True,Alpine,0 days 01:15:29.704000,,21,,False,,False,False
2021-17,FP1,0 days 00:27:04.127000,LEC,16,,1.0,1.0,0 days 00:15:31.633000,0 days 00:20:02.354000,,0 days 00:00:52.023000,,,0 days 00:16:53.823000,,169.0,142.0,,197.0,False,MEDIUM,1.0,True,Ferrari,0 days 00:15:31.633000,,125,,False,,False,False
2021-17,FP1,0 days 00:28:56.957000,LEC,16,,2.0,2.0,0 days 00:27:04.127000,,,0 days 00:00:43.493000,0 days 00:00:42.396000,,0 days 00:28:14.609000,0 days 00:28:57.042000,179.0,172.0,204.0,306.0,False,MEDIUM,2.0,False,Ferrari,0 days 00:27:04.127000,,1,,False,,False,False
2021-17,FP1,0 days 00:30:34.747000,LEC,16,0 days 00:01:37.790000,3.0,2.0,,,0 days 00:00:26.336000,0 days 00:00:39.054000,0 days 00:00:32.400000,0 days 00:29:23.293000,0 days 00:30:02.347000,0 days 00:30:34.747000,219.0,187.0,208.0,315.0,True,MEDIUM,3.0,False,Ferrari,0 days 00:28:56.957000,,1,,False,,False,True
2021-17,FP1,0 days 00:33:06.018000,LEC,16,,4.0,2.0,,,0 days 00:00:36.450000,0 days 00:01:03.099000,0 days 00:00:51.741000,0 days 00:31:12.007000,0 days 00:32:14.277000,0 days 00:33:06.127000,125.0,112.0,208.0,185.0,False,MEDIUM,4.0,False,Ferrari,0 days 00:30:34.747000,,1,,False,,False,False
2021-17,FP1,0 days 00:35:49.547000,LEC,16,,5.0,2.0,,0 days 00:35:48.541000,0 days 00:00:51.250000,0 days 00:01:02.512000,0 days 00:00:49.760000,0 days 00:33:57.293000,0 days 00:34:59.787000,0 days 00:35:49.607000,110.0,110.0,,130.0,False,MEDIUM,5.0,False,Ferrari,0 days 00:33:06.018000,,12,,False,,False,False
2021-17,FP1,0 days 00:48:00.197000,LEC,16,,6.0,3.0,0 days 00:45:54.390000,,,0 days 00:00:52.464000,0 days 00:00:42.816000,,0 days 00:47:17.381000,0 days 00:48:01.557000,174.0,159.0,211.0,211.0,False,SOFT,1.0,True,Ferrari,0 days 00:35:49.547000,,1,,False,,False,False
2021-17,FP1,0 days 00:49:36.798000,LEC,16,0 days 00:01:36.601000,7.0,3.0,,,0 days 00:00:25.945000,0 days 00:00:38.525000,0 days 00:00:32.131000,0 days 00:48:26.142000,0 days 00:49:04.667000,0 days 00:49:36.798000,228.0,189.0,211.0,317.0,True,SOFT,2.0,True,Ferrari,0 days 00:48:00.197000,,1,,False,,False,True
2021-17,FP1,0 days 00:52:07.011000,LEC,16,,8.0,3.0,,,0 days 00:00:41.427000,0 days 00:01:00.506000,0 days 00:00:48.292000,0 days 00:50:18.213000,0 days 00:51:18.727000,0 days 00:52:07.672000,95.0,109.0,167.0,203.0,False,SOFT,3.0,True,Ferrari,0 days 00:49:36.798000,,1,,False,,False,False
2021-17,FP1,0 days 00:54:34.376000,LEC,16,0 days 00:02:27.365000,9.0,3.0,,,0 days 00:00:36.374000,0 days 00:00:54.635000,0 days 00:00:56.356000,0 days 00:52:43.385000,0 days 00:53:38.020000,0 days 00:54:34.376000,150.0,124.0,213.0,247.0,False,SOFT,4.0,True,Ferrari,0 days 00:52:07.011000,,12,,False,,False,True
2021-17,FP1,0 days 00:56:10.710000,LEC,16,0 days 00:01:36.334000,10.0,3.0,,,0 days 00:00:25.793000,0 days 00:00:38.543000,0 days 00:00:31.998000,0 days 00:55:00.169000,0 days 00:55:38.712000,0 days 00:56:10.710000,230.0,189.0,209.0,317.0,True,SOFT,5.0,True,Ferrari,0 days 00:54:34.376000,,21,,False,,False,True
2021-17,FP1,0 days 00:58:36.287000,LEC,16,0 days 00:02:25.577000,11.0,3.0,,,0 days 00:00:37.244000,0 days 00:01:01.361000,0 days 00:00:46.972000,0 days 00:56:47.954000,0 days 00:57:49.315000,0 days 00:58:36.287000,130.0,140.0,119.0,128.0,False,SOFT,6.0,True,Ferrari,0 days 00:56:10.710000,,1,,False,,False,True
2021-17,FP1,0 days 01:00:48.277000,LEC,16,0 days 00:02:11.990000,12.0,3.0,,,0 days 00:00:43.061000,0 days 00:00:49.837000,0 days 00:00:39.092000,0 days 00:59:19.348000,0 days 01:00:09.185000,0 days 01:00:48.277000,156.0,142.0,211.0,284.0,False,SOFT,7.0,True,Ferrari,0 days 00:58:36.287000,,1,,False,,False,True
2021-17,FP1,0 days 01:02:27.687000,LEC,16,0 days 00:01:39.410000,13.0,3.0,,0 days 01:02:27.005000,0 days 00:00:26.081000,0 days 00:00:38.822000,0 days 00:00:34.507000,0 days 01:01:14.358000,0 days 01:01:53.180000,0 days 01:02:27.687000,227.0,186.0,,312.0,False,SOFT,8.0,True,Ferrari,0 days 01:00:48.277000,,1,,False,,False,False
2021-17,FP1,0 days 01:10:00.590000,LEC,16,,14.0,4.0,0 days 01:08:17.978000,,,0 days 00:00:41.745000,0 days 00:00:34.375000,,0 days 01:09:26.231000,0 days 01:10:00.977000,197.0,175.0,205.0,311.0,False,SOFT,9.0,False,Ferrari,0 days 01:02:27.687000,,1,,False,,False,False
2021-17,FP1,0 days 01:11:42.156000,LEC,16,0 days 00:01:41.566000,15.0,4.0,,,0 days 00:00:27.339000,0 days 00:00:40.636000,0 days 00:00:33.591000,0 days 01:10:27.929000,0 days 01:11:08.565000,0 days 01:11:42.156000,209.0,181.0,201.0,300.0,False,SOFT,10.0,False,Ferrari,0 days 01:10:00.590000,,1,,False,,False,True
2021-17,FP1,0 days 01:13:24.246000,LEC,16,0 days 00:01:42.090000,16.0,4.0,,,0 days 00:00:27.291000,0 days 00:00:40.861000,0 days 00:00:33.938000,0 days 01:12:09.447000,0 days 01:12:50.308000,0 days 01:13:24.246000,209.0,180.0,199.0,298.0,False,SOFT,11.0,False,Ferrari,0 days 01:11:42.156000,,12,,False,,False,True
2021-17,FP1,0 days 01:15:07.124000,LEC,16,0 days 00:01:42.878000,17.0,4.0,,,0 days 00:00:27.496000,0 days 00:00:41.237000,0 days 00:00:34.145000,0 days 01:13:51.742000,0 days 01:14:32.979000,0 days 01:15:07.124000,205.0,180.0,198.0,300.0,False,SOFT,12.0,False,Ferrari,0 days 01:13:24.246000,,12,,False,,False,True
2021-17,FP1,0 days 01:17:00.530000,LEC,16,0 days 00:01:53.406000,18.0,4.0,,0 days 01:17:00.221000,0 days 00:00:27.445000,0 days 00:00:41.529000,0 days 00:00:44.432000,0 days 01:15:34.569000,0 days 01:16:16.098000,0 days 01:17:00.530000,206.0,146.0,,297.0,False,SOFT,13.0,False,Ferrari,0 days 01:15:07.124000,,21,,False,,False,False
2021-17,FP1,0 days 00:26:11.203000,STR,18,,1.0,1.0,0 days 00:15:43.532000,0 days 00:17:54.811000,,0 days 00:00:44.183000,,,0 days 00:16:57.063000,,171.0,176.0,,299.0,False,HARD,1.0,True,Aston Martin,0 days 00:15:43.532000,,125,,False,,False,False
2021-17,FP1,0 days 00:28:06.402000,STR,18,,2.0,2.0,0 days 00:26:11.203000,,,0 days 00:00:47.093000,0 days 00:00:41.465000,,0 days 00:27:24.941000,0 days 00:28:06.502000,189.0,175.0,206.0,246.0,False,HARD,2.0,False,Aston Martin,0 days 00:26:11.203000,,1,,False,,False,False
2021-17,FP1,0 days 00:29:49.860000,STR,18,0 days 00:01:43.458000,3.0,2.0,,,0 days 00:00:27.128000,0 days 00:00:40.571000,0 days 00:00:35.759000,0 days 00:28:33.530000,0 days 00:29:14.101000,0 days 00:29:49.860000,206.0,176.0,210.0,301.0,True,HARD,3.0,False,Aston Martin,0 days 00:28:06.402000,,1,,False,,False,True
2021-17,FP1,0 days 00:31:28.202000,STR,18,0 days 00:01:38.342000,4.0,2.0,,,0 days 00:00:26.410000,0 days 00:00:39.448000,0 days 00:00:32.484000,0 days 00:30:16.270000,0 days 00:30:55.718000,0 days 00:31:28.202000,216.0,187.0,207.0,314.0,False,HARD,4.0,False,Aston Martin,0 days 00:29:49.860000,,1,,True,TRACK LIMITS AT TURN 9,False,True
2021-17,FP1,0 days 00:33:38.589000,STR,18,0 days 00:02:10.387000,5.0,2.0,,,0 days 00:00:34.240000,0 days 00:00:46.571000,0 days 00:00:49.576000,0 days 00:32:02.442000,0 days 00:32:49.013000,0 days 00:33:38.589000,165.0,145.0,209.0,262.0,False,HARD,5.0,False,Aston Martin,0 days 00:31:28.202000,,12,,False,,False,True
2021-17,FP1,0 days 00:35:16.881000,STR,18,0 days 00:01:38.292000,6.0,2.0,,,0 days 00:00:26.172000,0 days 00:00:39.495000,0 days 00:00:32.625000,0 days 00:34:04.761000,0 days 00:34:44.256000,0 days 00:35:16.881000,222.0,187.0,203.0,318.0,True,HARD,6.0,False,Aston Martin,0 days 00:33:38.589000,,21,,False,,False,True
2021-17,FP1,0 days 00:38:06.932000,STR,18,,7.0,2.0,,,0 days 00:00:40.490000,0 days 00:01:15.165000,0 days 00:00:54.391000,0 days 00:35:57.416000,0 days 00:37:12.839000,0 days 00:38:07.055000,181.0,84.0,209.0,113.0,False,HARD,7.0,False,Aston Martin,0 days 00:35:16.881000,,1,,False,,False,False
2021-17,FP1,0 days 00:39:44.715000,STR,18,0 days 00:01:37.783000,8.0,2.0,,,0 days 00:00:26.120000,0 days 00:00:39.367000,0 days 00:00:32.296000,0 days 00:38:33.052000,0 days 00:39:12.419000,0 days 00:39:44.715000,229.0,187.0,207.0,319.0,True,HARD,8.0,False,Aston Martin,0 days 00:38:06.932000,,1,,False,,False,True
2021-17,FP1,0 days 00:41:36.261000,STR,18,0 days 00:01:51.546000,9.0,2.0,,0 days 00:41:35.881000,0 days 00:00:29.903000,0 days 00:00:42.919000,0 days 00:00:38.724000,0 days 00:40:14.618000,0 days 00:40:57.537000,0 days 00:41:36.261000,186.0,164.0,,252.0,False,HARD,9.0,False,Aston Martin,0 days 00:39:44.715000,,1,,False,,False,False
2021-17,FP1,0 days 00:50:42.833000,STR,18,,10.0,3.0,0 days 00:48:14.993000,,,0 days 00:00:54.622000,0 days 00:00:57.131000,,0 days 00:49:45.973000,0 days 00:50:42.931000,116.0,109.0,208.0,174.0,False,SOFT,1.0,True,Aston Martin,0 days 00:41:36.261000,,1,,False,,False,False
2021-17,FP1,0 days 00:52:19.805000,STR,18,0 days 00:01:36.972000,11.0,3.0,,,0 days 00:00:26.027000,0 days 00:00:38.882000,0 days 00:00:32.063000,0 days 00:51:08.860000,0 days 00:51:47.742000,0 days 00:52:19.805000,228.0,190.0,209.0,318.0,True,SOFT,2.0,True,Aston Martin,0 days 00:50:42.833000,,1,,False,,False,True
2021-17,FP1,0 days 00:55:38.400000,STR,18,,12.0,3.0,,,0 days 00:00:49.173000,,,0 days 00:53:08.952000,,,88.0,190.0,206.0,145.0,False,SOFT,3.0,True,Aston Martin,0 days 00:52:19.805000,,12,,False,,False,False
2021-17,FP1,0 days 00:57:15.817000,STR,18,0 days 00:01:37.417000,13.0,3.0,,,0 days 00:00:26.300000,0 days 00:00:38.862000,0 days 00:00:32.255000,0 days 00:56:04.700000,0 days 00:56:43.562000,0 days 00:57:15.817000,223.0,189.0,208.0,318.0,False,SOFT,4.0,True,Aston Martin,0 days 00:55:38.400000,,1,,True,TRACK LIMITS AT TURN 9,False,True
2021-17,FP1,0 days 00:59:20.118000,STR,18,0 days 00:02:04.301000,14.0,3.0,,0 days 00:59:19.559000,0 days 00:00:35.461000,0 days 00:00:46.541000,0 days 00:00:42.299000,0 days 00:57:51.278000,0 days 00:58:37.819000,0 days 00:59:20.118000,154.0,153.0,,266.0,False,SOFT,5.0,True,Aston Martin,0 days 00:57:15.817000,,1,,False,,False,False
2021-17,FP1,0 days 01:08:18.744000,STR,18,,15.0,4.0,0 days 01:06:28.243000,,,0 days 00:00:43.790000,0 days 00:00:34.724000,,0 days 01:07:44.020000,0 days 01:08:18.877000,170.0,177.0,202.0,291.0,False,SOFT,6.0,False,Aston Martin,0 days 00:59:20.118000,,1,,False,,False,False
2021-17,FP1,0 days 01:10:01.847000,STR,18,0 days 00:01:43.103000,16.0,4.0,,,0 days 00:00:27.979000,0 days 00:00:41.140000,0 days 00:00:33.984000,0 days 01:08:46.723000,0 days 01:09:27.863000,0 days 01:10:01.847000,200.0,180.0,202.0,289.0,False,SOFT,7.0,False,Aston Martin,0 days 01:08:18.744000,,1,,False,,False,True
2021-17,FP1,0 days 01:11:44.508000,STR,18,0 days 00:01:42.661000,17.0,4.0,,,0 days 00:00:27.818000,0 days 00:00:41.028000,0 days 00:00:33.815000,0 days 01:10:29.665000,0 days 01:11:10.693000,0 days 01:11:44.508000,193.0,182.0,201.0,294.0,False,SOFT,8.0,False,Aston Martin,0 days 01:10:01.847000,,1,,False,,False,True
2021-17,FP1,0 days 01:13:26.937000,STR,18,0 days 00:01:42.429000,18.0,4.0,,,0 days 00:00:27.539000,0 days 00:00:41.099000,0 days 00:00:33.791000,0 days 01:12:12.047000,0 days 01:12:53.146000,0 days 01:13:26.937000,204.0,182.0,201.0,292.0,False,SOFT,9.0,False,Aston Martin,0 days 01:11:44.508000,,12,,False,,False,True
2021-17,FP1,0 days 01:15:09.820000,STR,18,0 days 00:01:42.883000,19.0,4.0,,,0 days 00:00:27.524000,0 days 00:00:41.267000,0 days 00:00:34.092000,0 days 01:13:54.461000,0 days 01:14:35.728000,0 days 01:15:09.820000,206.0,182.0,199.0,292.0,False,SOFT,10.0,False,Aston Martin,0 days 01:13:26.937000,,12,,False,,False,True
2021-17,FP1,0 days 01:17:03.666000,STR,18,0 days 00:01:53.846000,20.0,4.0,,0 days 01:17:03.629000,0 days 00:00:29.653000,0 days 00:00:42.910000,0 days 00:00:41.283000,0 days 01:15:39.473000,0 days 01:16:22.383000,0 days 01:17:03.666000,185.0,175.0,,281.0,False,SOFT,11.0,False,Aston Martin,0 days 01:15:09.820000,,21,,False,,False,False
2021-17,FP1,0 days 00:26:44.263000,TSU,22,,1.0,1.0,0 days 00:16:02.751000,0 days 00:18:14.708000,,0 days 00:00:48.352000,,,0 days 00:17:24.144000,,163.0,162.0,,260.0,False,MEDIUM,1.0,True,AlphaTauri,0 days 00:16:02.751000,,125,,False,,False,False
2021-17,FP1,0 days 00:29:03.594000,TSU,22,,2.0,2.0,0 days 00:26:44.263000,,,0 days 00:00:46.437000,0 days 00:00:59.655000,,0 days 00:28:04.079000,0 days 00:29:03.736000,157.0,144.0,196.0,293.0,False,MEDIUM,2.0,False,AlphaTauri,0 days 00:26:44.263000,,1,,False,,False,False
2021-17,FP1,0 days 00:30:45.158000,TSU,22,0 days 00:01:41.564000,3.0,2.0,,,0 days 00:00:27.787000,0 days 00:00:40.594000,0 days 00:00:33.183000,0 days 00:29:31.381000,0 days 00:30:11.975000,0 days 00:30:45.158000,217.0,184.0,204.0,309.0,True,MEDIUM,3.0,False,AlphaTauri,0 days 00:29:03.594000,,1,,False,,False,True
2021-17,FP1,0 days 00:33:18.378000,TSU,22,,4.0,2.0,,,0 days 00:00:37.512000,0 days 00:00:58.857000,0 days 00:00:56.856000,0 days 00:31:22.693000,0 days 00:32:21.558000,0 days 00:33:22.192000,132.0,92.0,205.0,218.0,False,MEDIUM,4.0,False,AlphaTauri,0 days 00:30:45.158000,,1,,False,,False,False
2021-17,FP1,0 days 00:35:21.077000,TSU,22,0 days 00:02:02.699000,5.0,2.0,,,0 days 00:00:26.844000,0 days 00:00:50.288000,0 days 00:00:45.567000,0 days 00:33:45.222000,0 days 00:34:35.510000,0 days 00:35:21.077000,224.0,107.0,208.0,232.0,False,MEDIUM,5.0,False,AlphaTauri,0 days 00:33:18.378000,,12,,False,,False,True
2021-17,FP1,0 days 00:36:59.487000,TSU,22,0 days 00:01:38.410000,6.0,2.0,,,0 days 00:00:26.412000,0 days 00:00:39.308000,0 days 00:00:32.690000,0 days 00:35:47.489000,0 days 00:36:26.797000,0 days 00:36:59.487000,223.0,186.0,205.0,317.0,True,MEDIUM,6.0,False,AlphaTauri,0 days 00:35:21.077000,,1,,False,,False,True
2021-17,FP1,0 days 00:39:24.031000,TSU,22,0 days 00:02:24.544000,7.0,2.0,,,0 days 00:00:40.992000,0 days 00:00:57.952000,0 days 00:00:45.600000,0 days 00:37:40.479000,0 days 00:38:38.431000,0 days 00:39:24.031000,133.0,107.0,210.0,176.0,False,MEDIUM,7.0,False,AlphaTauri,0 days 00:36:59.487000,,1,,False,,False,True
2021-17,FP1,0 days 00:41:01.985000,TSU,22,0 days 00:01:37.954000,8.0,2.0,,,0 days 00:00:26.326000,0 days 00:00:39.331000,0 days 00:00:32.297000,0 days 00:39:50.357000,0 days 00:40:29.688000,0 days 00:41:01.985000,231.0,185.0,205.0,312.0,True,MEDIUM,8.0,False,AlphaTauri,0 days 00:39:24.031000,,1,,False,,False,True
2021-17,FP1,0 days 00:43:01.292000,TSU,22,0 days 00:01:59.307000,9.0,2.0,,0 days 00:43:01.579000,0 days 00:00:33.324000,0 days 00:00:46.690000,0 days 00:00:39.293000,0 days 00:41:35.309000,0 days 00:42:21.999000,0 days 00:43:01.292000,170.0,114.0,,277.0,False,MEDIUM,9.0,False,AlphaTauri,0 days 00:41:01.985000,,1,,False,,False,False
2021-17,FP1,0 days 00:49:53.307000,TSU,22,,10.0,3.0,0 days 00:47:42.142000,,,0 days 00:00:53.696000,0 days 00:00:43.363000,,0 days 00:49:10.007000,0 days 00:49:53.561000,150.0,115.0,209.0,283.0,False,SOFT,1.0,True,AlphaTauri,0 days 00:43:01.292000,,1,,False,,False,False
2021-17,FP1,0 days 00:51:30.968000,TSU,22,0 days 00:01:37.661000,11.0,3.0,,,0 days 00:00:26.108000,0 days 00:00:38.843000,0 days 00:00:32.710000,0 days 00:50:19.415000,0 days 00:50:58.258000,0 days 00:51:30.968000,228.0,186.0,201.0,314.0,False,SOFT,2.0,True,AlphaTauri,0 days 00:49:53.307000,,1,,True,TRACK LIMITS AT TURN 19,False,True
2021-17,FP1,0 days 00:54:07.466000,TSU,22,,12.0,3.0,,,0 days 00:00:39.309000,0 days 00:01:02.592000,0 days 00:00:54.575000,0 days 00:52:10.299000,0 days 00:53:12.922000,0 days 00:54:07.574000,132.0,97.0,126.0,227.0,False,SOFT,3.0,True,AlphaTauri,0 days 00:51:30.968000,,1,,False,,False,False
2021-17,FP1,0 days 00:56:41.475000,TSU,22,,13.0,3.0,,,0 days 00:00:48.494000,0 days 00:00:58.095000,0 days 00:00:47.458000,0 days 00:54:56.047000,0 days 00:55:54.105000,0 days 00:56:41.656000,118.0,106.0,210.0,277.0,False,SOFT,4.0,True,AlphaTauri,0 days 00:54:07.466000,,12,,False,,False,False
2021-17,FP1,0 days 00:58:18.723000,TSU,22,0 days 00:01:37.248000,14.0,3.0,,,0 days 00:00:26.005000,0 days 00:00:38.943000,0 days 00:00:32.300000,0 days 00:57:07.480000,0 days 00:57:46.423000,0 days 00:58:18.723000,231.0,185.0,203.0,315.0,False,SOFT,5.0,True,AlphaTauri,0 days 00:56:41.475000,,1,,True,TRACK LIMITS AT TURN 19,False,True
2021-17,FP1,0 days 01:00:39.122000,TSU,22,0 days 00:02:20.399000,15.0,3.0,,0 days 01:00:38.172000,0 days 00:00:40.310000,0 days 00:00:57.771000,0 days 00:00:42.318000,0 days 00:58:59.033000,0 days 00:59:56.804000,0 days 01:00:39.122000,135.0,112.0,,137.0,False,SOFT,6.0,True,AlphaTauri,0 days 00:58:18.723000,,1,,False,,False,False
2021-17,FP1,0 days 01:07:32.225000,TSU,22,,16.0,4.0,0 days 01:05:54.200000,,,0 days 00:00:40.449000,0 days 00:00:32.946000,,0 days 01:06:59.309000,0 days 01:07:33.374000,222.0,184.0,201.0,294.0,False,SOFT,7.0,False,AlphaTauri,0 days 01:00:39.122000,,1,,False,,False,False
2021-17,FP1,0 days 01:09:13.232000,TSU,22,0 days 00:01:41.007000,17.0,4.0,,,0 days 00:00:27.167000,0 days 00:00:40.456000,0 days 00:00:33.384000,0 days 01:07:59.392000,0 days 01:08:39.848000,0 days 01:09:13.232000,220.0,185.0,201.0,294.0,False,SOFT,8.0,False,AlphaTauri,0 days 01:07:32.225000,,1,,False,,False,True
2021-17,FP1,0 days 01:10:54.459000,TSU,22,0 days 00:01:41.227000,18.0,4.0,,,0 days 00:00:27.192000,0 days 00:00:40.472000,0 days 00:00:33.563000,0 days 01:09:40.424000,0 days 01:10:20.896000,0 days 01:10:54.459000,220.0,183.0,201.0,292.0,False,SOFT,9.0,False,AlphaTauri,0 days 01:09:13.232000,,1,,False,,False,True
2021-17,FP1,0 days 01:12:36.339000,TSU,22,0 days 00:01:41.880000,19.0,4.0,,,0 days 00:00:27.108000,0 days 00:00:40.837000,0 days 00:00:33.935000,0 days 01:11:21.567000,0 days 01:12:02.404000,0 days 01:12:36.339000,216.0,181.0,193.0,295.0,False,SOFT,10.0,False,AlphaTauri,0 days 01:10:54.459000,,12,,False,,False,True
2021-17,FP1,0 days 01:14:19.561000,TSU,22,0 days 00:01:43.222000,20.0,4.0,,,0 days 00:00:27.323000,0 days 00:00:41.094000,0 days 00:00:34.805000,0 days 01:13:03.662000,0 days 01:13:44.756000,0 days 01:14:19.561000,215.0,181.0,201.0,315.0,False,SOFT,11.0,False,AlphaTauri,0 days 01:12:36.339000,,1,,False,,False,True
2021-17,FP1,0 days 01:16:02.959000,TSU,22,0 days 00:01:43.398000,21.0,4.0,,,0 days 00:00:27.608000,0 days 00:00:41.428000,0 days 00:00:34.362000,0 days 01:14:47.169000,0 days 01:15:28.597000,0 days 01:16:02.959000,209.0,183.0,200.0,321.0,False,SOFT,12.0,False,AlphaTauri,0 days 01:14:19.561000,,12,,True,TRACK LIMITS AT TURN 19,False,True
2021-17,FP1,0 days 01:18:13.879000,TSU,22,0 days 00:02:10.920000,22.0,4.0,,0 days 01:18:13.382000,0 days 00:00:35.933000,0 days 00:00:51.431000,0 days 00:00:43.556000,0 days 01:16:38.892000,0 days 01:17:30.323000,0 days 01:18:13.879000,148.0,122.0,,206.0,False,SOFT,13.0,False,AlphaTauri,0 days 01:16:02.959000,,1,,False,,False,False
2021-17,FP1,0 days 00:17:36.130000,OCO,31,,1.0,1.0,0 days 00:15:23.688000,,,0 days 00:00:52.028000,0 days 00:00:45.638000,,0 days 00:16:50.492000,0 days 00:17:36.203000,142.0,129.0,206.0,186.0,False,MEDIUM,1.0,True,Alpine,0 days 00:15:23.688000,,12,,False,,False,False
2021-17,FP1,0 days 00:26:26.133000,OCO,31,,2.0,1.0,,0 days 00:19:59.391000,,,,,,,,,,,False,MEDIUM,2.0,True,Alpine,0 days 00:17:36.130000,,251,,False,,False,False
2021-17,FP1,0 days 00:28:34.047000,OCO,31,,3.0,2.0,0 days 00:26:26.133000,,,0 days 00:00:45.170000,0 days 00:00:51.932000,,0 days 00:27:42.115000,0 days 00:28:34.174000,172.0,152.0,203.0,286.0,False,MEDIUM,3.0,False,Alpine,0 days 00:26:26.133000,,1,,False,,False,False
2021-17,FP1,0 days 00:30:12.831000,OCO,31,0 days 00:01:38.784000,4.0,2.0,,,0 days 00:00:26.702000,0 days 00:00:39.311000,0 days 00:00:32.771000,0 days 00:29:00.749000,0 days 00:29:40.060000,0 days 00:30:12.831000,226.0,185.0,203.0,311.0,False,MEDIUM,4.0,False,Alpine,0 days 00:28:34.047000,,1,,True,TRACK LIMITS AT TURN 9,False,True
2021-17,FP1,0 days 00:32:45.668000,OCO,31,,5.0,2.0,,,0 days 00:00:37.832000,0 days 00:01:03.534000,0 days 00:00:51.488000,0 days 00:30:50.646000,0 days 00:31:54.213000,0 days 00:32:45.824000,133.0,106.0,205.0,149.0,False,MEDIUM,5.0,False,Alpine,0 days 00:30:12.831000,,1,,False,,False,False
2021-17,FP1,0 days 00:34:23.674000,OCO,31,0 days 00:01:38.006000,6.0,2.0,,,0 days 00:00:26.406000,0 days 00:00:38.972000,0 days 00:00:32.628000,0 days 00:33:12.074000,0 days 00:33:51.046000,0 days 00:34:23.674000,228.0,188.0,206.0,309.0,True,MEDIUM,6.0,False,Alpine,0 days 00:32:45.668000,,12,,False,,False,True
2021-17,FP1,0 days 00:37:07.668000,OCO,31,,7.0,2.0,,,0 days 00:00:41.464000,0 days 00:01:10.855000,0 days 00:00:51.680000,0 days 00:35:05.140000,0 days 00:36:16.007000,0 days 00:37:07.890000,123.0,82.0,207.0,131.0,False,MEDIUM,7.0,False,Alpine,0 days 00:34:23.674000,,1,,False,,False,False
2021-17,FP1,0 days 00:38:45.164000,OCO,31,0 days 00:01:37.496000,8.0,2.0,,,0 days 00:00:26.110000,0 days 00:00:38.956000,0 days 00:00:32.430000,0 days 00:37:33.778000,0 days 00:38:12.734000,0 days 00:38:45.164000,229.0,189.0,207.0,315.0,True,MEDIUM,8.0,False,Alpine,0 days 00:37:07.668000,,1,,False,,False,True
2021-17,FP1,0 days 00:40:50.844000,OCO,31,0 days 00:02:05.680000,9.0,2.0,,0 days 00:40:49.884000,0 days 00:00:31.425000,0 days 00:00:51.192000,0 days 00:00:43.063000,0 days 00:39:16.589000,0 days 00:40:07.781000,0 days 00:40:50.844000,139.0,43.0,,270.0,False,MEDIUM,9.0,False,Alpine,0 days 00:38:45.164000,,1,,False,,False,False
2021-17,FP1,0 days 00:49:33.426000,OCO,31,,10.0,3.0,0 days 00:46:48.652000,,,0 days 00:01:09.785000,0 days 00:00:55.607000,,0 days 00:48:37.819000,0 days 00:49:33.655000,114.0,97.0,206.0,145.0,False,SOFT,1.0,True,Alpine,0 days 00:40:50.844000,,1,,False,,False,False
2021-17,FP1,0 days 00:51:10.396000,OCO,31,0 days 00:01:36.970000,11.0,3.0,,,0 days 00:00:25.973000,0 days 00:00:38.814000,0 days 00:00:32.183000,0 days 00:49:59.399000,0 days 00:50:38.213000,0 days 00:51:10.396000,228.0,186.0,207.0,311.0,True,SOFT,2.0,True,Alpine,0 days 00:49:33.426000,,1,,False,,False,True
2021-17,FP1,0 days 00:54:04.705000,OCO,31,,12.0,3.0,,,0 days 00:00:41.866000,0 days 00:01:16.084000,0 days 00:00:56.331000,0 days 00:51:52.325000,0 days 00:53:08.401000,0 days 00:54:07.476000,113.0,103.0,207.0,123.0,False,SOFT,3.0,True,Alpine,0 days 00:51:10.396000,,1,,False,,False,False
2021-17,FP1,0 days 00:55:41.818000,OCO,31,0 days 00:01:37.113000,13.0,3.0,,,0 days 00:00:25.900000,0 days 00:00:38.956000,0 days 00:00:32.257000,0 days 00:54:30.605000,0 days 00:55:09.561000,0 days 00:55:41.818000,229.0,186.0,206.0,310.0,False,SOFT,4.0,True,Alpine,0 days 00:54:04.705000,,12,,False,,False,True
2021-17,FP1,0 days 00:58:21.889000,OCO,31,,14.0,3.0,,,0 days 00:00:39.518000,0 days 00:01:07.883000,0 days 00:00:52.714000,0 days 00:56:21.351000,0 days 00:57:29.201000,0 days 00:58:24.089000,124.0,102.0,164.0,128.0,False,SOFT,5.0,True,Alpine,0 days 00:55:41.818000,,1,,False,,False,False
2021-17,FP1,0 days 01:00:38.210000,OCO,31,0 days 00:02:16.321000,15.0,3.0,,,0 days 00:00:40,0 days 00:00:56.664000,0 days 00:00:39.657000,0 days 00:59:01.889000,0 days 00:59:58.553000,0 days 01:00:38.210000,133.0,164.0,207.0,248.0,False,SOFT,6.0,True,Alpine,0 days 00:58:21.889000,,1,,False,,False,True
2021-17,FP1,0 days 01:02:15.462000,OCO,31,0 days 00:01:37.252000,16.0,3.0,,,0 days 00:00:26.011000,0 days 00:00:38.993000,0 days 00:00:32.248000,0 days 01:01:04.221000,0 days 01:01:43.214000,0 days 01:02:15.462000,229.0,185.0,205.0,309.0,False,SOFT,7.0,True,Alpine,0 days 01:00:38.210000,,1,,True,TRACK LIMITS AT TURN 9,False,True
2021-17,FP1,0 days 01:04:21.308000,OCO,31,0 days 00:02:05.846000,17.0,3.0,,0 days 01:04:21.316000,0 days 00:00:31.369000,0 days 00:00:50.631000,0 days 00:00:43.846000,0 days 01:02:46.831000,0 days 01:03:37.462000,0 days 01:04:21.308000,181.0,70.0,,199.0,False,SOFT,8.0,True,Alpine,0 days 01:02:15.462000,,1,,False,,False,False
2021-17,FP1,0 days 01:10:06.883000,OCO,31,,18.0,4.0,0 days 01:08:24.909000,,,0 days 00:00:40.951000,0 days 00:00:34.611000,,0 days 01:09:32.272000,0 days 01:10:06.995000,203.0,177.0,204.0,312.0,False,SOFT,9.0,False,Alpine,0 days 01:04:21.308000,,1,,False,,False,False
2021-17,FP1,0 days 01:11:48.675000,OCO,31,0 days 00:01:41.792000,19.0,4.0,,,0 days 00:00:27.243000,0 days 00:00:40.768000,0 days 00:00:33.781000,0 days 01:10:34.126000,0 days 01:11:14.894000,0 days 01:11:48.675000,210.0,180.0,200.0,289.0,False,SOFT,10.0,False,Alpine,0 days 01:10:06.883000,,1,,False,,False,True
2021-17,FP1,0 days 01:13:31.138000,OCO,31,0 days 00:01:42.463000,20.0,4.0,,,0 days 00:00:27.333000,0 days 00:00:41.150000,0 days 00:00:33.980000,0 days 01:12:16.008000,0 days 01:12:57.158000,0 days 01:13:31.138000,203.0,177.0,200.0,297.0,False,SOFT,11.0,False,Alpine,0 days 01:11:48.675000,,12,,False,,False,True
2021-17,FP1,0 days 01:15:13.536000,OCO,31,0 days 00:01:42.398000,21.0,4.0,,,0 days 00:00:27.287000,0 days 00:00:41.262000,0 days 00:00:33.849000,0 days 01:13:58.425000,0 days 01:14:39.687000,0 days 01:15:13.536000,208.0,177.0,199.0,287.0,False,SOFT,12.0,False,Alpine,0 days 01:13:31.138000,,12,,False,,False,True
2021-17,FP1,0 days 01:17:08.225000,OCO,31,0 days 00:01:54.689000,22.0,4.0,,0 days 01:17:08.223000,0 days 00:00:32.028000,0 days 00:00:45.411000,0 days 00:00:37.250000,0 days 01:15:45.564000,0 days 01:16:30.975000,0 days 01:17:08.225000,167.0,169.0,,270.0,False,SOFT,13.0,False,Alpine,0 days 01:15:13.536000,,21,,False,,False,False
2021-17,FP1,0 days 00:29:43.272000,VER,33,,1.0,1.0,0 days 00:27:17.006000,,,0 days 00:00:52.229000,0 days 00:01:03.948000,,0 days 00:28:39.539000,0 days 00:29:43.448000,137.0,147.0,205.0,238.0,False,SOFT,1.0,True,Red Bull Racing,0 days 00:27:17.006000,,1,,False,,False,False
2021-17,FP1,0 days 00:31:20.609000,VER,33,0 days 00:01:37.337000,2.0,1.0,,,0 days 00:00:26.223000,0 days 00:00:39.036000,0 days 00:00:32.078000,0 days 00:30:09.495000,0 days 00:30:48.531000,0 days 00:31:20.609000,231.0,187.0,206.0,307.0,True,SOFT,2.0,True,Red Bull Racing,0 days 00:29:43.272000,,1,,False,,False,True
2021-17,FP1,0 days 00:33:52.167000,VER,33,,3.0,1.0,,,0 days 00:00:38.784000,0 days 00:00:57.124000,0 days 00:00:55.619000,0 days 00:31:59.438000,0 days 00:32:56.686000,0 days 00:33:52.344000,135.0,71.0,211.0,232.0,False,SOFT,3.0,True,Red Bull Racing,0 days 00:31:20.609000,,12,,False,,False,False
2021-17,FP1,0 days 00:35:29.199000,VER,33,0 days 00:01:37.032000,4.0,1.0,,,0 days 00:00:25.965000,0 days 00:00:38.978000,0 days 00:00:32.089000,0 days 00:34:18.132000,0 days 00:34:57.110000,0 days 00:35:29.199000,230.0,187.0,205.0,313.0,True,SOFT,4.0,True,Red Bull Racing,0 days 00:33:52.167000,,1,,False,,False,True
2021-17,FP1,0 days 00:37:24.139000,VER,33,0 days 00:01:54.940000,5.0,1.0,,0 days 00:37:23.193000,0 days 00:00:33.819000,0 days 00:00:46.141000,0 days 00:00:34.980000,0 days 00:36:03.018000,0 days 00:36:49.159000,0 days 00:37:24.139000,168.0,169.0,,282.0,False,SOFT,5.0,True,Red Bull Racing,0 days 00:35:29.199000,,1,,False,,False,False
2021-17,FP1,0 days 00:50:01.337000,VER,33,,6.0,2.0,0 days 00:47:53.856000,,,0 days 00:00:49.206000,0 days 00:00:39.605000,,0 days 00:49:21.732000,0 days 00:50:01.531000,135.0,153.0,210.0,250.0,False,SOFT,1.0,True,Red Bull Racing,0 days 00:37:24.139000,,1,,False,,False,False
2021-17,FP1,0 days 00:51:37.386000,VER,33,0 days 00:01:36.049000,7.0,2.0,,,0 days 00:00:25.683000,0 days 00:00:38.406000,0 days 00:00:31.960000,0 days 00:50:27.020000,0 days 00:51:05.426000,0 days 00:51:37.386000,229.0,188.0,206.0,312.0,True,SOFT,2.0,True,Red Bull Racing,0 days 00:50:01.337000,,1,,False,,False,True
2021-17,FP1,0 days 00:54:08.106000,VER,33,,8.0,2.0,,,0 days 00:00:39.974000,0 days 00:00:58.895000,0 days 00:00:51.771000,0 days 00:52:18.926000,0 days 00:53:16.335000,0 days 00:54:09.124000,127.0,120.0,124.0,185.0,False,SOFT,3.0,True,Red Bull Racing,0 days 00:51:37.386000,,1,,False,,False,False
2021-17,FP1,0 days 00:56:48.190000,VER,33,,9.0,2.0,,,0 days 00:00:48.459000,0 days 00:01:00.074000,0 days 00:00:51.602000,0 days 00:54:56.563000,0 days 00:55:56.588000,0 days 00:56:48.841000,138.0,86.0,210.0,271.0,False,SOFT,4.0,True,Red Bull Racing,0 days 00:54:08.106000,,12,,False,,False,False
2021-17,FP1,0 days 00:58:23.996000,VER,33,0 days 00:01:35.806000,10.0,2.0,,,0 days 00:00:25.753000,0 days 00:00:38.433000,0 days 00:00:31.620000,0 days 00:57:13.943000,0 days 00:57:52.376000,0 days 00:58:23.996000,230.0,189.0,207.0,312.0,True,SOFT,5.0,True,Red Bull Racing,0 days 00:56:48.190000,,1,,False,,False,True
2021-17,FP1,0 days 01:00:17.725000,VER,33,0 days 00:01:53.729000,11.0,2.0,,0 days 01:00:17.720000,0 days 00:00:34.236000,0 days 00:00:44.201000,0 days 00:00:35.292000,0 days 00:58:58.232000,0 days 00:59:42.433000,0 days 01:00:17.725000,182.0,175.0,,252.0,False,SOFT,6.0,True,Red Bull Racing,0 days 00:58:23.996000,,1,,False,,False,False
2021-17,FP1,0 days 01:11:27.475000,VER,33,,12.0,3.0,0 days 01:09:48.086000,,,0 days 00:00:40.594000,0 days 00:00:33.111000,,0 days 01:10:54.388000,0 days 01:11:27.642000,210.0,177.0,200.0,289.0,False,SOFT,7.0,False,Red Bull Racing,0 days 01:00:17.725000,,1,,False,,False,False
2021-17,FP1,0 days 01:13:10.618000,VER,33,0 days 00:01:43.143000,13.0,3.0,,,0 days 00:00:27.154000,0 days 00:00:41.691000,0 days 00:00:34.298000,0 days 01:11:54.629000,0 days 01:12:36.320000,0 days 01:13:10.618000,215.0,179.0,200.0,280.0,False,SOFT,8.0,False,Red Bull Racing,0 days 01:11:27.475000,,12,,True,TRACK LIMITS AT TURN 19,False,True
2021-17,FP1,0 days 01:14:52.171000,VER,33,0 days 00:01:41.553000,14.0,3.0,,,0 days 00:00:27.304000,0 days 00:00:40.816000,0 days 00:00:33.433000,0 days 01:13:37.922000,0 days 01:14:18.738000,0 days 01:14:52.171000,209.0,176.0,198.0,290.0,False,SOFT,9.0,False,Red Bull Racing,0 days 01:13:10.618000,,1,,False,,False,True
2021-17,FP1,0 days 01:16:35.064000,VER,33,0 days 00:01:42.893000,15.0,3.0,,,0 days 00:00:27.051000,0 days 00:00:42.232000,0 days 00:00:33.610000,0 days 01:15:19.222000,0 days 01:16:01.454000,0 days 01:16:35.064000,211.0,179.0,196.0,292.0,False,SOFT,10.0,False,Red Bull Racing,0 days 01:14:52.171000,,12,,False,,False,True
2021-17,FP1,0 days 01:18:44.089000,VER,33,0 days 00:02:09.025000,16.0,3.0,,0 days 01:18:44.189000,0 days 00:00:39.146000,0 days 00:00:55.068000,0 days 00:00:34.811000,0 days 01:17:14.210000,0 days 01:18:09.278000,0 days 01:18:44.089000,143.0,173.0,,268.0,False,SOFT,11.0,False,Red Bull Racing,0 days 01:16:35.064000,,1,,False,,False,False
2021-17,FP1,0 days 00:29:08.893000,HAM,44,,1.0,1.0,0 days 00:26:34.133000,,,0 days 00:00:54.084000,0 days 00:01:04.073000,,0 days 00:28:04.820000,0 days 00:29:11.799000,131.0,78.0,208.0,263.0,False,SOFT,1.0,True,Mercedes,0 days 00:26:34.133000,,1,,False,,False,False
2021-17,FP1,0 days 00:30:46.153000,HAM,44,0 days 00:01:37.260000,2.0,1.0,,,0 days 00:00:26.185000,0 days 00:00:38.958000,0 days 00:00:32.117000,0 days 00:29:35.078000,0 days 00:30:14.036000,0 days 00:30:46.153000,227.0,189.0,204.0,320.0,True,SOFT,2.0,True,Mercedes,0 days 00:29:08.893000,,1,,False,,False,True
2021-17,FP1,0 days 00:33:41.609000,HAM,44,,3.0,1.0,,,0 days 00:00:49.633000,0 days 00:01:12.204000,0 days 00:00:53.632000,0 days 00:31:35.833000,0 days 00:32:47.977000,0 days 00:33:42.232000,95.0,104.0,209.0,163.0,False,SOFT,3.0,True,Mercedes,0 days 00:30:46.153000,,12,,False,,False,False
2021-17,FP1,0 days 00:35:18.421000,HAM,44,0 days 00:01:36.812000,4.0,1.0,,,0 days 00:00:25.884000,0 days 00:00:38.865000,0 days 00:00:32.063000,0 days 00:34:07.493000,0 days 00:34:46.358000,0 days 00:35:18.421000,228.0,187.0,208.0,315.0,True,SOFT,4.0,True,Mercedes,0 days 00:33:41.609000,,21,,False,,False,True
2021-17,FP1,0 days 00:38:11.566000,HAM,44,,5.0,1.0,,,0 days 00:00:43.618000,0 days 00:01:09.313000,0 days 00:01:00.133000,0 days 00:36:02.120000,0 days 00:37:12.486000,0 days 00:38:11.622000,106.0,87.0,116.0,239.0,False,SOFT,5.0,True,Mercedes,0 days 00:35:18.421000,,1,,False,,False,False
2021-17,FP1,0 days 00:40:48.347000,HAM,44,,6.0,1.0,,,0 days 00:00:46.956000,0 days 00:00:57.283000,0 days 00:00:52.591000,0 days 00:38:58.475000,0 days 00:39:56.025000,0 days 00:40:48.499000,119.0,94.0,209.0,278.0,False,SOFT,6.0,True,Mercedes,0 days 00:38:11.566000,,1,,False,,False,False
2021-17,FP1,0 days 00:42:24.728000,HAM,44,0 days 00:01:36.381000,7.0,1.0,,,0 days 00:00:25.904000,0 days 00:00:38.624000,0 days 00:00:31.853000,0 days 00:41:14.251000,0 days 00:41:52.875000,0 days 00:42:24.728000,231.0,190.0,205.0,316.0,True,SOFT,7.0,True,Mercedes,0 days 00:40:48.347000,,1,,False,,False,True
2021-17,FP1,0 days 00:44:05.657000,HAM,44,0 days 00:01:40.929000,8.0,1.0,,0 days 00:44:05.641000,0 days 00:00:26.860000,0 days 00:00:40.557000,0 days 00:00:33.512000,0 days 00:42:51.588000,0 days 00:43:32.145000,0 days 00:44:05.657000,217.0,184.0,,302.0,False,SOFT,8.0,True,Mercedes,0 days 00:42:24.728000,,1,,False,,False,False
2021-17,FP1,0 days 00:53:59.287000,HAM,44,,9.0,2.0,0 days 00:51:27.999000,,,0 days 00:01:00.887000,0 days 00:00:50.762000,,0 days 00:53:08.525000,0 days 00:53:59.396000,114.0,135.0,214.0,150.0,False,SOFT,1.0,True,Mercedes,0 days 00:44:05.657000,,1,,False,,False,False
2021-17,FP1,0 days 00:55:34.383000,HAM,44,0 days 00:01:35.096000,10.0,2.0,,,0 days 00:00:25.341000,0 days 00:00:38.209000,0 days 00:00:31.546000,0 days 00:54:24.628000,0 days 00:55:02.837000,0 days 00:55:34.383000,235.0,187.0,209.0,320.0,True,SOFT,2.0,True,Mercedes,0 days 00:53:59.287000,,12,,False,,False,True
2021-17,FP1,0 days 00:58:19.583000,HAM,44,,11.0,2.0,,0 days 00:58:18.327000,0 days 00:00:36.391000,0 days 00:01:08.408000,0 days 00:01:00.441000,0 days 00:56:10.734000,0 days 00:57:19.171000,0 days 00:58:20.861000,187.0,90.0,,132.0,False,SOFT,3.0,True,Mercedes,0 days 00:55:34.383000,,1,,False,,False,False
2021-17,FP1,0 days 01:01:29.186000,HAM,44,,12.0,3.0,0 days 00:58:48.226000,,0 days 00:01:15.043000,0 days 00:01:05.772000,0 days 00:00:48.812000,0 days 00:59:34.627000,0 days 01:00:40.392000,0 days 01:01:29.400000,99.0,103.0,210.0,179.0,False,SOFT,4.0,False,Mercedes,0 days 00:58:19.583000,,1,,False,,False,False
2021-17,FP1,0 days 01:03:04.105000,HAM,44,0 days 00:01:34.919000,13.0,3.0,,,0 days 00:00:25.417000,0 days 00:00:38.100000,0 days 00:00:31.402000,0 days 01:01:54.603000,0 days 01:02:32.703000,0 days 01:03:04.105000,233.0,192.0,209.0,315.0,True,SOFT,5.0,False,Mercedes,0 days 01:01:29.186000,,1,,False,,False,True
2021-17,FP1,0 days 01:04:45.236000,HAM,44,0 days 00:01:41.131000,14.0,3.0,,0 days 01:04:44.318000,0 days 00:00:27.506000,0 days 00:00:40.619000,0 days 00:00:33.006000,0 days 01:03:31.611000,0 days 01:04:12.230000,0 days 01:04:45.236000,212.0,186.0,,295.0,False,SOFT,6.0,False,Mercedes,0 days 01:03:04.105000,,1,,False,,False,False
2021-17,FP1,0 days 01:12:18.224000,HAM,44,,15.0,4.0,0 days 01:10:33.789000,,,0 days 00:00:42.425000,0 days 00:00:35.778000,,0 days 01:11:44.512000,0 days 01:12:19.282000,196.0,166.0,205.0,296.0,False,SOFT,9.0,False,Mercedes,0 days 01:04:45.236000,,1,,False,,False,False
2021-17,FP1,0 days 01:13:59.284000,HAM,44,0 days 00:01:41.060000,16.0,4.0,,,0 days 00:00:26.857000,0 days 00:00:40.767000,0 days 00:00:33.436000,0 days 01:12:45.081000,0 days 01:13:25.848000,0 days 01:13:59.284000,211.0,181.0,199.0,293.0,False,SOFT,10.0,False,Mercedes,0 days 01:12:18.224000,,12,,False,,False,True
2021-17,FP1,0 days 01:15:42.019000,HAM,44,0 days 00:01:42.735000,17.0,4.0,,,0 days 00:00:27.130000,0 days 00:00:41.557000,0 days 00:00:34.048000,0 days 01:14:26.414000,0 days 01:15:07.971000,0 days 01:15:42.019000,213.0,180.0,200.0,295.0,False,SOFT,11.0,False,Mercedes,0 days 01:13:59.284000,,12,,False,,False,True
2021-17,FP1,0 days 01:17:31.244000,HAM,44,0 days 00:01:49.225000,18.0,4.0,,0 days 01:17:30.327000,0 days 00:00:27.482000,0 days 00:00:45.366000,0 days 00:00:36.377000,0 days 01:16:09.501000,0 days 01:16:54.867000,0 days 01:17:31.244000,205.0,150.0,,214.0,False,SOFT,12.0,False,Mercedes,0 days 01:15:42.019000,,1,,False,,False,False
2021-17,FP1,0 days 00:17:22.762000,MSC,47,,1.0,1.0,0 days 00:15:21.554000,,,0 days 00:00:49.400000,0 days 00:00:40.466000,,0 days 00:16:42.296000,0 days 00:17:22.820000,164.0,123.0,207.0,274.0,False,HARD,1.0,True,Haas F1 Team,0 days 00:15:21.554000,,12,,False,,False,False
2021-17,FP1,0 days 00:27:16.629000,MSC,47,,2.0,1.0,,0 days 00:19:34.123000,,,,,,,,,,,False,HARD,2.0,True,Haas F1 Team,0 days 00:17:22.762000,,251,,False,,False,False
2021-17,FP1,0 days 00:29:36.192000,MSC,47,,3.0,2.0,0 days 00:27:16.629000,,,0 days 00:00:49.869000,0 days 00:01:04.178000,,0 days 00:28:32.109000,0 days 00:29:36.365000,159.0,152.0,204.0,244.0,False,HARD,3.0,False,Haas F1 Team,0 days 00:27:16.629000,,1,,False,,False,False
2021-17,FP1,0 days 00:31:17.986000,MSC,47,0 days 00:01:41.794000,4.0,2.0,,,0 days 00:00:27.692000,0 days 00:00:40.876000,0 days 00:00:33.226000,0 days 00:30:03.884000,0 days 00:30:44.760000,0 days 00:31:17.986000,200.0,185.0,207.0,313.0,True,HARD,4.0,False,Haas F1 Team,0 days 00:29:36.192000,,1,,False,,False,True
2021-17,FP1,0 days 00:33:45.490000,MSC,47,0 days 00:02:27.504000,5.0,2.0,,,0 days 00:00:28.063000,0 days 00:01:02.879000,0 days 00:00:56.562000,0 days 00:31:46.049000,0 days 00:32:48.928000,0 days 00:33:45.490000,140.0,113.0,201.0,207.0,False,HARD,5.0,False,Haas F1 Team,0 days 00:31:17.986000,,12,,False,,False,True
2021-17,FP1,0 days 00:35:25.813000,MSC,47,0 days 00:01:40.323000,6.0,2.0,,,0 days 00:00:26.857000,0 days 00:00:40.148000,0 days 00:00:33.318000,0 days 00:34:12.347000,0 days 00:34:52.495000,0 days 00:35:25.813000,208.0,183.0,206.0,323.0,True,HARD,6.0,False,Haas F1 Team,0 days 00:33:45.490000,,21,,False,,False,True
2021-17,FP1,0 days 00:37:39.819000,MSC,47,0 days 00:02:14.006000,7.0,2.0,,0 days 00:37:39.853000,0 days 00:00:36.883000,0 days 00:00:57.396000,0 days 00:00:39.727000,0 days 00:36:02.696000,0 days 00:37:00.092000,0 days 00:37:39.819000,140.0,160.0,,190.0,False,HARD,7.0,False,Haas F1 Team,0 days 00:35:25.813000,,1,,False,,False,False
2021-17,FP1,0 days 00:49:27.055000,MSC,47,,8.0,3.0,0 days 00:46:58.477000,,,0 days 00:01:04.921000,0 days 00:00:50.682000,,0 days 00:48:36.373000,0 days 00:49:28.660000,116.0,116.0,210.0,275.0,False,SOFT,1.0,True,Haas F1 Team,0 days 00:37:39.819000,,1,,False,,False,False
2021-17,FP1,0 days 00:51:05.921000,MSC,47,0 days 00:01:38.866000,9.0,3.0,,,0 days 00:00:26.523000,0 days 00:00:39.807000,0 days 00:00:32.536000,0 days 00:49:53.578000,0 days 00:50:33.385000,0 days 00:51:05.921000,214.0,186.0,209.0,318.0,True,SOFT,2.0,True,Haas F1 Team,0 days 00:49:27.055000,,1,,False,,False,True
2021-17,FP1,0 days 00:53:28.977000,MSC,47,0 days 00:02:23.056000,10.0,3.0,,,0 days 00:00:41.613000,0 days 00:00:59.316000,0 days 00:00:42.127000,0 days 00:51:47.534000,0 days 00:52:46.850000,0 days 00:53:28.977000,123.0,120.0,211.0,237.0,False,SOFT,3.0,True,Haas F1 Team,0 days 00:51:05.921000,,1,,False,,False,True
2021-17,FP1,0 days 00:55:08.116000,MSC,47,0 days 00:01:39.139000,11.0,3.0,,,0 days 00:00:26.534000,0 days 00:00:39.668000,0 days 00:00:32.937000,0 days 00:53:55.511000,0 days 00:54:35.179000,0 days 00:55:08.116000,215.0,184.0,207.0,317.0,False,SOFT,4.0,True,Haas F1 Team,0 days 00:53:28.977000,,12,,False,,False,True
2021-17,FP1,0 days 00:57:33.123000,MSC,47,0 days 00:02:25.007000,12.0,3.0,,,0 days 00:00:42.208000,0 days 00:00:55.909000,0 days 00:00:46.890000,0 days 00:55:50.324000,0 days 00:56:46.233000,0 days 00:57:33.123000,89.0,129.0,209.0,198.0,False,SOFT,5.0,True,Haas F1 Team,0 days 00:55:08.116000,,1,,False,,False,True
2021-17,FP1,0 days 00:59:45.689000,MSC,47,0 days 00:02:12.566000,13.0,3.0,,0 days 00:59:44.699000,0 days 00:00:34.686000,0 days 00:00:57.550000,0 days 00:00:40.330000,0 days 00:58:07.809000,0 days 00:59:05.359000,0 days 00:59:45.689000,139.0,125.0,,199.0,False,SOFT,6.0,True,Haas F1 Team,0 days 00:57:33.123000,,1,,False,,False,False
2021-17,FP1,0 days 01:07:48.862000,MSC,47,,14.0,4.0,0 days 01:06:06.840000,,,0 days 00:00:41.641000,0 days 00:00:34.002000,,0 days 01:07:14.860000,0 days 01:07:49.475000,197.0,181.0,200.0,296.0,False,HARD,8.0,False,Haas F1 Team,0 days 00:59:45.689000,,1,,False,,False,False
2021-17,FP1,0 days 01:09:33.128000,MSC,47,0 days 00:01:44.266000,15.0,4.0,,,0 days 00:00:27.852000,0 days 00:00:42.031000,0 days 00:00:34.383000,0 days 01:08:16.714000,0 days 01:08:58.745000,0 days 01:09:33.128000,197.0,179.0,199.0,295.0,False,HARD,9.0,False,Haas F1 Team,0 days 01:07:48.862000,,1,,False,,False,True
2021-17,FP1,0 days 01:11:17.273000,MSC,47,0 days 00:01:44.145000,16.0,4.0,,,0 days 00:00:27.878000,0 days 00:00:41.709000,0 days 00:00:34.558000,0 days 01:10:01.006000,0 days 01:10:42.715000,0 days 01:11:17.273000,205.0,178.0,199.0,297.0,False,HARD,10.0,False,Haas F1 Team,0 days 01:09:33.128000,,1,,False,,False,True
2021-17,FP1,0 days 01:13:22.826000,MSC,47,0 days 00:02:05.553000,17.0,4.0,,0 days 01:13:22.419000,0 days 00:00:27.774000,0 days 00:00:49.782000,0 days 00:00:47.997000,0 days 01:11:45.047000,0 days 01:12:34.829000,0 days 01:13:22.826000,206.0,52.0,,299.0,False,HARD,11.0,False,Haas F1 Team,0 days 01:11:17.273000,,12,,False,,False,False
2021-17,FP1,0 days 00:26:08.545000,SAI,55,,1.0,1.0,0 days 00:15:59.659000,0 days 00:18:12.500000,,0 days 00:00:50.228000,,,0 days 00:17:21.499000,,158.0,131.0,,214.0,False,MEDIUM,1.0,True,Ferrari,0 days 00:15:59.659000,,125,,False,,False,False
2021-17,FP1,0 days 00:28:14.496000,SAI,55,,2.0,2.0,0 days 00:26:08.545000,,,0 days 00:00:44.566000,0 days 00:00:53.401000,,0 days 00:27:21.185000,0 days 00:28:14.660000,174.0,140.0,209.0,304.0,False,MEDIUM,2.0,False,Ferrari,0 days 00:26:08.545000,,1,,False,,False,False
2021-17,FP1,0 days 00:29:53.524000,SAI,55,0 days 00:01:39.028000,3.0,2.0,,,0 days 00:00:26.805000,0 days 00:00:39.605000,0 days 00:00:32.618000,0 days 00:28:41.301000,0 days 00:29:20.906000,0 days 00:29:53.524000,219.0,185.0,206.0,312.0,True,MEDIUM,3.0,False,Ferrari,0 days 00:28:14.496000,,1,,False,,False,True
2021-17,FP1,0 days 00:32:11.678000,SAI,55,0 days 00:02:18.154000,4.0,2.0,,,0 days 00:00:32.440000,0 days 00:00:54.527000,0 days 00:00:51.187000,0 days 00:30:25.964000,0 days 00:31:20.491000,0 days 00:32:11.678000,162.0,74.0,208.0,225.0,False,MEDIUM,4.0,False,Ferrari,0 days 00:29:53.524000,,1,,False,,False,True
2021-17,FP1,0 days 00:33:49.502000,SAI,55,0 days 00:01:37.824000,5.0,2.0,,,0 days 00:00:26.339000,0 days 00:00:39.070000,0 days 00:00:32.415000,0 days 00:32:38.017000,0 days 00:33:17.087000,0 days 00:33:49.502000,228.0,187.0,207.0,311.0,True,MEDIUM,5.0,False,Ferrari,0 days 00:32:11.678000,,12,,False,,False,True
2021-17,FP1,0 days 00:36:12.872000,SAI,55,0 days 00:02:23.370000,6.0,2.0,,,0 days 00:00:40.334000,0 days 00:00:55.215000,0 days 00:00:47.821000,0 days 00:34:29.836000,0 days 00:35:25.051000,0 days 00:36:12.872000,146.0,101.0,208.0,233.0,False,MEDIUM,6.0,False,Ferrari,0 days 00:33:49.502000,,21,,False,,False,True
2021-17,FP1,0 days 00:37:50.355000,SAI,55,0 days 00:01:37.483000,7.0,2.0,,,0 days 00:00:26.203000,0 days 00:00:38.965000,0 days 00:00:32.315000,0 days 00:36:39.075000,0 days 00:37:18.040000,0 days 00:37:50.355000,228.0,187.0,206.0,316.0,False,MEDIUM,7.0,False,Ferrari,0 days 00:36:12.872000,,1,,True,TRACK LIMITS AT TURN 19,False,True
2021-17,FP1,0 days 00:39:54.812000,SAI,55,0 days 00:02:04.457000,8.0,2.0,,0 days 00:39:53.920000,0 days 00:00:35.898000,0 days 00:00:50.216000,0 days 00:00:38.343000,0 days 00:38:26.253000,0 days 00:39:16.469000,0 days 00:39:54.812000,151.0,153.0,,198.0,False,MEDIUM,8.0,False,Ferrari,0 days 00:37:50.355000,,1,,False,,False,False
2021-17,FP1,0 days 00:42:29.606000,SAI,55,,9.0,3.0,0 days 00:40:45.531000,0 days 00:42:29.600000,0 days 00:01:18.257000,0 days 00:00:42.946000,0 days 00:00:33.562000,0 days 00:41:13.133000,0 days 00:41:56.044000,0 days 00:42:29.698000,195.0,180.0,,316.0,False,MEDIUM,9.0,False,Ferrari,0 days 00:39:54.812000,,1,,False,,False,False
2021-17,FP1,0 days 00:53:13.059000,SAI,55,,10.0,4.0,0 days 00:50:55.883000,,,0 days 00:00:51.794000,0 days 00:00:52.313000,,0 days 00:52:23.933000,0 days 00:53:13.125000,142.0,126.0,211.0,273.0,False,SOFT,1.0,True,Ferrari,0 days 00:42:29.606000,,1,,False,,False,False
2021-17,FP1,0 days 00:54:49.733000,SAI,55,0 days 00:01:36.674000,11.0,4.0,,,0 days 00:00:25.870000,0 days 00:00:38.467000,0 days 00:00:32.337000,0 days 00:53:38.929000,0 days 00:54:17.396000,0 days 00:54:49.733000,229.0,188.0,199.0,317.0,True,SOFT,2.0,True,Ferrari,0 days 00:53:13.059000,,12,,False,,False,True
2021-17,FP1,0 days 00:57:26.869000,SAI,55,,12.0,4.0,,,0 days 00:00:39.850000,0 days 00:01:08.357000,0 days 00:00:48.953000,0 days 00:55:29.591000,0 days 00:56:37.935000,0 days 00:57:26.983000,127.0,104.0,139.0,175.0,False,SOFT,3.0,True,Ferrari,0 days 00:54:49.733000,,1,,False,,False,False
2021-17,FP1,0 days 00:59:45.178000,SAI,55,0 days 00:02:18.309000,13.0,4.0,,,0 days 00:00:41.330000,0 days 00:00:52.418000,0 days 00:00:44.561000,0 days 00:58:08.199000,0 days 00:59:00.617000,0 days 00:59:45.178000,130.0,121.0,210.0,265.0,False,SOFT,4.0,True,Ferrari,0 days 00:57:26.869000,,1,,False,,False,True
2021-17,FP1,0 days 01:01:21.686000,SAI,55,0 days 00:01:36.508000,14.0,4.0,,,0 days 00:00:25.882000,0 days 00:00:38.575000,0 days 00:00:32.051000,0 days 01:00:11.060000,0 days 01:00:49.635000,0 days 01:01:21.686000,229.0,187.0,202.0,317.0,True,SOFT,5.0,True,Ferrari,0 days 00:59:45.178000,,1,,False,,False,True
2021-17,FP1,0 days 01:03:29.357000,SAI,55,0 days 00:02:07.671000,15.0,4.0,,0 days 01:03:29.345000,0 days 00:00:35.878000,0 days 00:00:51.381000,0 days 00:00:40.412000,0 days 01:01:57.564000,0 days 01:02:48.945000,0 days 01:03:29.357000,154.0,140.0,,222.0,False,SOFT,6.0,True,Ferrari,0 days 01:01:21.686000,,1,,False,,False,False
2021-17,FP1,0 days 01:10:37.348000,SAI,55,,16.0,5.0,0 days 01:08:53.754000,,,0 days 00:00:41.753000,0 days 00:00:35.240000,,0 days 01:10:03.675000,0 days 01:10:37.485000,201.0,181.0,200.0,292.0,False,MEDIUM,10.0,False,Ferrari,0 days 01:03:29.357000,,1,,False,,False,False
2021-17,FP1,0 days 01:12:24.304000,SAI,55,0 days 00:01:46.956000,17.0,5.0,,,0 days 00:00:27.420000,0 days 00:00:40.839000,0 days 00:00:38.697000,0 days 01:11:04.768000,0 days 01:11:45.607000,0 days 01:12:24.304000,210.0,182.0,202.0,297.0,False,MEDIUM,11.0,False,Ferrari,0 days 01:10:37.348000,,1,,False,,False,True
2021-17,FP1,0 days 01:14:06.482000,SAI,55,0 days 00:01:42.178000,18.0,5.0,,,0 days 00:00:27.443000,0 days 00:00:40.864000,0 days 00:00:33.871000,0 days 01:12:51.747000,0 days 01:13:32.611000,0 days 01:14:06.482000,209.0,180.0,200.0,295.0,False,MEDIUM,12.0,False,Ferrari,0 days 01:12:24.304000,,12,,False,,False,True
2021-17,FP1,0 days 01:15:48.279000,SAI,55,0 days 00:01:41.797000,19.0,5.0,,,0 days 00:00:27.522000,0 days 00:00:40.742000,0 days 00:00:33.533000,0 days 01:14:34.004000,0 days 01:15:14.746000,0 days 01:15:48.279000,208.0,182.0,199.0,294.0,False,MEDIUM,13.0,False,Ferrari,0 days 01:14:06.482000,,12,,False,,False,True
2021-17,FP1,0 days 01:17:35.263000,SAI,55,0 days 00:01:46.984000,20.0,5.0,,0 days 01:17:35.237000,0 days 00:00:27.523000,0 days 00:00:41.089000,0 days 00:00:38.372000,0 days 01:16:15.802000,0 days 01:16:56.891000,0 days 01:17:35.263000,210.0,181.0,,295.0,False,MEDIUM,14.0,False,Ferrari,0 days 01:15:48.279000,,1,,False,,False,False
2021-17,FP1,0 days 00:29:21.252000,RUS,63,,1.0,1.0,0 days 00:26:47.677000,,,0 days 00:00:46.329000,0 days 00:01:08.063000,,0 days 00:28:13.293000,0 days 00:29:21.428000,170.0,153.0,213.0,295.0,False,SOFT,1.0,True,Williams,0 days 00:26:47.677000,,1,,False,,False,False
2021-17,FP1,0 days 00:31:00.822000,RUS,63,0 days 00:01:39.570000,2.0,1.0,,,0 days 00:00:26.475000,0 days 00:00:40.138000,0 days 00:00:32.957000,0 days 00:29:47.727000,0 days 00:30:27.865000,0 days 00:31:00.822000,220.0,185.0,206.0,311.0,True,SOFT,2.0,True,Williams,0 days 00:29:21.252000,,1,,False,,False,True
2021-17,FP1,0 days 00:33:31.211000,RUS,63,,3.0,1.0,,,0 days 00:00:43.061000,0 days 00:01:00.418000,0 days 00:00:46.906000,0 days 00:31:43.946000,0 days 00:32:44.305000,0 days 00:33:32.208000,138.0,129.0,210.0,268.0,False,SOFT,3.0,True,Williams,0 days 00:31:00.822000,,12,,False,,False,False
2021-17,FP1,0 days 00:35:51.987000,RUS,63,0 days 00:02:20.776000,4.0,1.0,,,0 days 00:00:29.127000,0 days 00:01:00.715000,0 days 00:00:50.934000,0 days 00:34:00.338000,0 days 00:35:01.053000,0 days 00:35:51.987000,140.0,135.0,208.0,98.0,False,SOFT,4.0,True,Williams,0 days 00:33:31.211000,,21,,False,,False,True
2021-17,FP1,0 days 00:37:31.136000,RUS,63,0 days 00:01:39.149000,5.0,1.0,,,0 days 00:00:26.354000,0 days 00:00:39.962000,0 days 00:00:32.833000,0 days 00:36:18.341000,0 days 00:36:58.303000,0 days 00:37:31.136000,214.0,189.0,208.0,318.0,True,SOFT,5.0,True,Williams,0 days 00:35:51.987000,,1,,False,,False,True
2021-17,FP1,0 days 00:39:27.733000,RUS,63,0 days 00:01:56.597000,6.0,1.0,,0 days 00:39:26.791000,0 days 00:00:29.306000,0 days 00:00:49.341000,0 days 00:00:37.950000,0 days 00:38:00.442000,0 days 00:38:49.783000,0 days 00:39:27.733000,215.0,170.0,,240.0,False,SOFT,6.0,True,Williams,0 days 00:37:31.136000,,1,,False,,False,False
2021-17,FP1,0 days 00:49:22.351000,RUS,63,,7.0,2.0,0 days 00:47:00.004000,,,0 days 00:00:55.203000,0 days 00:00:49.194000,,0 days 00:48:33.195000,0 days 00:49:22.548000,124.0,107.0,214.0,271.0,False,SOFT,1.0,True,Williams,0 days 00:39:27.733000,,1,,False,,False,False
2021-17,FP1,0 days 00:50:59.317000,RUS,63,0 days 00:01:36.966000,8.0,2.0,,,0 days 00:00:25.974000,0 days 00:00:38.720000,0 days 00:00:32.272000,0 days 00:49:48.325000,0 days 00:50:27.045000,0 days 00:50:59.317000,223.0,190.0,212.0,321.0,True,SOFT,2.0,True,Williams,0 days 00:49:22.351000,,1,,False,,False,True
2021-17,FP1,0 days 00:53:18.639000,RUS,63,0 days 00:02:19.322000,9.0,2.0,,0 days 00:53:18.658000,0 days 00:00:40.451000,0 days 00:00:58.053000,0 days 00:00:40.818000,0 days 00:51:39.768000,0 days 00:52:37.821000,0 days 00:53:18.639000,129.0,158.0,,229.0,False,SOFT,3.0,True,Williams,0 days 00:50:59.317000,,1,,False,,False,False
2021-17,FP1,0 days 01:01:30.037000,RUS,63,,10.0,3.0,0 days 00:59:32.247000,0 days 01:01:29.071000,,0 days 00:00:47.422000,0 days 00:00:40.578000,,0 days 01:00:49.545000,0 days 01:01:31.295000,181.0,88.0,,310.0,False,SOFT,4.0,False,Williams,0 days 00:53:18.639000,,12,,False,,False,False
2021-17,FP1,0 days 01:03:56.372000,RUS,63,0 days 00:02:26.335000,11.0,4.0,0 days 01:02:13.266000,,0 days 00:01:09.209000,0 days 00:00:42.144000,0 days 00:00:34.982000,0 days 01:02:39.246000,0 days 01:03:21.390000,0 days 01:03:56.372000,193.0,173.0,204.0,288.0,False,SOFT,5.0,False,Williams,0 days 01:01:30.037000,,1,,False,,False,False
2021-17,FP1,0 days 01:05:39.789000,RUS,63,0 days 00:01:43.417000,12.0,4.0,,,0 days 00:00:27.726000,0 days 00:00:41.275000,0 days 00:00:34.416000,0 days 01:04:24.098000,0 days 01:05:05.373000,0 days 01:05:39.789000,206.0,175.0,204.0,284.0,False,SOFT,6.0,False,Williams,0 days 01:03:56.372000,,1,,False,,False,True
2021-17,FP1,0 days 01:07:23.421000,RUS,63,0 days 00:01:43.632000,13.0,4.0,,,0 days 00:00:27.791000,0 days 00:00:41.270000,0 days 00:00:34.571000,0 days 01:06:07.580000,0 days 01:06:48.850000,0 days 01:07:23.421000,201.0,179.0,203.0,286.0,False,SOFT,7.0,False,Williams,0 days 01:05:39.789000,,1,,False,,False,True
2021-17,FP1,0 days 01:09:06.738000,RUS,63,0 days 00:01:43.317000,14.0,4.0,,,0 days 00:00:27.586000,0 days 00:00:41.283000,0 days 00:00:34.448000,0 days 01:07:51.007000,0 days 01:08:32.290000,0 days 01:09:06.738000,202.0,179.0,201.0,284.0,False,SOFT,8.0,False,Williams,0 days 01:07:23.421000,,1,,False,,False,True
2021-17,FP1,0 days 01:10:50.448000,RUS,63,0 days 00:01:43.710000,15.0,4.0,,,0 days 00:00:27.780000,0 days 00:00:41.552000,0 days 00:00:34.378000,0 days 01:09:34.518000,0 days 01:10:16.070000,0 days 01:10:50.448000,202.0,181.0,203.0,286.0,False,SOFT,9.0,False,Williams,0 days 01:09:06.738000,,1,,False,,False,True
2021-17,FP1,0 days 01:12:34.014000,RUS,63,0 days 00:01:43.566000,16.0,4.0,,,0 days 00:00:27.715000,0 days 00:00:41.540000,0 days 00:00:34.311000,0 days 01:11:18.163000,0 days 01:11:59.703000,0 days 01:12:34.014000,200.0,178.0,203.0,288.0,False,SOFT,10.0,False,Williams,0 days 01:10:50.448000,,12,,False,,False,True
2021-17,FP1,0 days 01:14:18.705000,RUS,63,0 days 00:01:44.691000,17.0,4.0,,,0 days 00:00:28.114000,0 days 00:00:41.767000,0 days 00:00:34.810000,0 days 01:13:02.128000,0 days 01:13:43.895000,0 days 01:14:18.705000,195.0,170.0,203.0,282.0,False,SOFT,11.0,False,Williams,0 days 01:12:34.014000,,21,,False,,False,True
2021-17,FP1,0 days 01:16:02.090000,RUS,63,0 days 00:01:43.385000,18.0,4.0,,,0 days 00:00:27.668000,0 days 00:00:41.288000,0 days 00:00:34.429000,0 days 01:14:46.373000,0 days 01:15:27.661000,0 days 01:16:02.090000,200.0,172.0,202.0,315.0,False,SOFT,12.0,False,Williams,0 days 01:14:18.705000,,12,,False,,False,True
2021-17,FP1,0 days 01:17:57.627000,RUS,63,0 days 00:01:55.537000,19.0,4.0,,0 days 01:17:56.756000,0 days 00:00:30.176000,0 days 00:00:46.832000,0 days 00:00:38.529000,0 days 01:16:32.266000,0 days 01:17:19.098000,0 days 01:17:57.627000,184.0,138.0,,216.0,False,SOFT,13.0,False,Williams,0 days 01:16:02.090000,,1,,False,,False,False
2021-17,FP1,0 days 00:29:31.696000,BOT,77,,1.0,1.0,0 days 00:26:57.822000,,,0 days 00:00:53.102000,0 days 00:01:08.121000,,0 days 00:28:23.575000,0 days 00:29:31.809000,175.0,119.0,211.0,238.0,False,SOFT,1.0,True,Mercedes,0 days 00:26:57.822000,,1,,False,,False,False
2021-17,FP1,0 days 00:31:09.168000,BOT,77,0 days 00:01:37.472000,2.0,1.0,,,0 days 00:00:26.288000,0 days 00:00:38.288000,0 days 00:00:32.896000,0 days 00:29:57.984000,0 days 00:30:36.272000,0 days 00:31:09.168000,230.0,191.0,203.0,321.0,True,SOFT,2.0,True,Mercedes,0 days 00:29:31.696000,,1,,False,,False,True
2021-17,FP1,0 days 00:34:02.788000,BOT,77,,3.0,1.0,,,0 days 00:00:37.741000,,,0 days 00:31:46.904000,,,121.0,191.0,165.0,81.0,False,SOFT,3.0,True,Mercedes,0 days 00:31:09.168000,,12,,False,,False,False
2021-17,FP1,0 days 00:36:21.863000,BOT,77,0 days 00:02:19.075000,4.0,1.0,,,0 days 00:00:36.871000,0 days 00:00:49.431000,0 days 00:00:52.773000,0 days 00:34:39.659000,0 days 00:35:29.090000,0 days 00:36:21.863000,141.0,107.0,212.0,301.0,False,SOFT,4.0,True,Mercedes,0 days 00:34:02.788000,,1,,False,,False,True
2021-17,FP1,0 days 00:38:12.914000,BOT,77,0 days 00:01:51.051000,5.0,1.0,,,0 days 00:00:25.904000,0 days 00:00:38.694000,0 days 00:00:46.453000,0 days 00:36:47.767000,0 days 00:37:26.461000,0 days 00:38:12.914000,229.0,189.0,111.0,322.0,False,SOFT,5.0,True,Mercedes,0 days 00:36:21.863000,,1,,False,,False,True
2021-17,FP1,0 days 00:40:56.552000,BOT,77,,6.0,1.0,,,0 days 00:00:47.182000,,,0 days 00:39:00.102000,,,126.0,189.0,212.0,255.0,False,SOFT,6.0,True,Mercedes,0 days 00:38:12.914000,,1,,False,,False,False
2021-17,FP1,0 days 00:42:33.451000,BOT,77,0 days 00:01:36.899000,7.0,1.0,,,0 days 00:00:25.921000,0 days 00:00:38.816000,0 days 00:00:32.162000,0 days 00:41:22.473000,0 days 00:42:01.289000,0 days 00:42:33.451000,228.0,188.0,209.0,320.0,True,SOFT,7.0,True,Mercedes,0 days 00:40:56.552000,,1,,False,,False,True
2021-17,FP1,0 days 00:44:39.612000,BOT,77,0 days 00:02:06.161000,8.0,1.0,,0 days 00:44:39.602000,0 days 00:00:32.225000,0 days 00:00:56.564000,0 days 00:00:37.372000,0 days 00:43:05.676000,0 days 00:44:02.240000,0 days 00:44:39.612000,172.0,88.0,,278.0,False,SOFT,8.0,True,Mercedes,0 days 00:42:33.451000,,1,,False,,False,False
2021-17,FP1,0 days 00:55:24.085000,BOT,77,,9.0,2.0,0 days 00:53:08.359000,,,0 days 00:00:53.046000,0 days 00:00:45.328000,,0 days 00:54:38.757000,0 days 00:55:24.235000,145.0,118.0,214.0,297.0,False,SOFT,1.0,True,Mercedes,0 days 00:44:39.612000,,12,,False,,False,False
2021-17,FP1,0 days 00:56:58.959000,BOT,77,0 days 00:01:34.874000,10.0,2.0,,,0 days 00:00:25.519000,0 days 00:00:37.875000,0 days 00:00:31.480000,0 days 00:55:49.604000,0 days 00:56:27.479000,0 days 00:56:58.959000,228.0,192.0,212.0,322.0,True,SOFT,2.0,True,Mercedes,0 days 00:55:24.085000,,1,,False,,False,True
2021-17,FP1,0 days 00:59:23.302000,BOT,77,0 days 00:02:24.343000,11.0,2.0,,0 days 00:59:22.327000,0 days 00:00:34.489000,0 days 00:00:58.313000,0 days 00:00:51.541000,0 days 00:57:33.448000,0 days 00:58:31.761000,0 days 00:59:23.302000,161.0,104.0,,194.0,False,SOFT,3.0,True,Mercedes,0 days 00:56:58.959000,,1,,False,,False,False
2021-17,FP1,0 days 01:02:33.816000,BOT,77,,12.0,3.0,0 days 01:00:09.994000,,0 days 00:01:18.868000,0 days 00:01:01.805000,0 days 00:00:49.848000,0 days 01:00:42.191000,0 days 01:01:43.968000,0 days 01:02:34.829000,135.0,66.0,212.0,274.0,False,SOFT,4.0,False,Mercedes,0 days 00:59:23.302000,,1,,False,,False,False
2021-17,FP1,0 days 01:04:09.777000,BOT,77,0 days 00:01:35.961000,13.0,3.0,,,0 days 00:00:25.675000,0 days 00:00:38.619000,0 days 00:00:31.667000,0 days 01:02:59.491000,0 days 01:03:38.110000,0 days 01:04:09.777000,230.0,193.0,206.0,313.0,False,SOFT,5.0,False,Mercedes,0 days 01:02:33.816000,,1,,False,,False,True
2021-17,FP1,0 days 01:06:13.566000,BOT,77,0 days 00:02:03.789000,14.0,3.0,,0 days 01:06:12.599000,0 days 00:00:32.571000,0 days 00:00:50.295000,0 days 00:00:40.923000,0 days 01:04:42.348000,0 days 01:05:32.643000,0 days 01:06:13.566000,172.0,129.0,,195.0,False,SOFT,6.0,False,Mercedes,0 days 01:04:09.777000,,1,,False,,False,False
2021-17,FP1,0 days 01:13:23.234000,BOT,77,,15.0,4.0,0 days 01:11:31.764000,,,0 days 00:00:46.288000,0 days 00:00:38.418000,,0 days 01:12:44.816000,0 days 01:13:23.386000,207.0,164.0,205.0,161.0,False,SOFT,9.0,False,Mercedes,0 days 01:06:13.566000,,12,,False,,False,False
2021-17,FP1,0 days 01:15:03.597000,BOT,77,0 days 00:01:40.363000,16.0,4.0,,,0 days 00:00:26.939000,0 days 00:00:40.217000,0 days 00:00:33.207000,0 days 01:13:50.173000,0 days 01:14:30.390000,0 days 01:15:03.597000,207.0,182.0,201.0,291.0,False,SOFT,10.0,False,Mercedes,0 days 01:13:23.234000,,12,,False,,False,True
2021-17,FP1,0 days 01:17:01.131000,BOT,77,0 days 00:01:57.534000,17.0,4.0,,0 days 01:17:00.502000,0 days 00:00:27.315000,0 days 00:00:47.096000,0 days 00:00:43.123000,0 days 01:15:30.912000,0 days 01:16:18.008000,0 days 01:17:01.131000,210.0,160.0,,191.0,False,SOFT,11.0,False,Mercedes,0 days 01:15:03.597000,,21,,False,,False,False
2021-17,FP1,0 days 00:17:29.878000,GIO,99,,1.0,1.0,0 days 00:15:26.036000,,,0 days 00:00:47.345000,0 days 00:00:44.555000,,0 days 00:16:45.323000,0 days 00:17:29.983000,177.0,174.0,207.0,220.0,False,HARD,1.0,True,Alfa Romeo Racing,0 days 00:15:26.036000,,12,,False,,False,False
2021-17,FP1,0 days 00:26:48.255000,GIO,99,,2.0,1.0,,0 days 00:19:45.570000,,,,,,,,,,,False,HARD,2.0,True,Alfa Romeo Racing,0 days 00:17:29.878000,,251,,False,,False,False
2021-17,FP1,0 days 00:29:14.436000,GIO,99,,3.0,2.0,0 days 00:26:48.255000,,,0 days 00:00:50.116000,0 days 00:01:05.617000,,0 days 00:28:08.855000,0 days 00:29:16.816000,166.0,146.0,208.0,173.0,False,HARD,3.0,False,Alfa Romeo Racing,0 days 00:26:48.255000,,1,,False,,False,False
2021-17,FP1,0 days 00:30:54.461000,GIO,99,0 days 00:01:40.025000,4.0,2.0,,,0 days 00:00:27.301000,0 days 00:00:39.778000,0 days 00:00:32.946000,0 days 00:29:41.737000,0 days 00:30:21.515000,0 days 00:30:54.461000,210.0,186.0,206.0,315.0,True,HARD,4.0,False,Alfa Romeo Racing,0 days 00:29:14.436000,,1,,False,,False,True
2021-17,FP1,0 days 00:33:24.211000,GIO,99,0 days 00:02:29.750000,5.0,2.0,,,0 days 00:00:35.615000,0 days 00:00:55.421000,0 days 00:00:58.714000,0 days 00:31:30.076000,0 days 00:32:25.497000,0 days 00:33:24.211000,141.0,124.0,208.0,155.0,False,HARD,5.0,False,Alfa Romeo Racing,0 days 00:30:54.461000,,1,,False,,False,True
2021-17,FP1,0 days 00:35:10.700000,GIO,99,0 days 00:01:46.489000,6.0,2.0,,,0 days 00:00:27.187000,0 days 00:00:40.722000,0 days 00:00:38.580000,0 days 00:33:51.398000,0 days 00:34:32.120000,0 days 00:35:10.700000,205.0,159.0,210.0,316.0,False,HARD,6.0,False,Alfa Romeo Racing,0 days 00:33:24.211000,,12,,False,,False,True
2021-17,FP1,0 days 00:36:49.406000,GIO,99,0 days 00:01:38.706000,7.0,2.0,,,0 days 00:00:26.695000,0 days 00:00:39.206000,0 days 00:00:32.805000,0 days 00:35:37.395000,0 days 00:36:16.601000,0 days 00:36:49.406000,212.0,187.0,209.0,319.0,True,HARD,7.0,False,Alfa Romeo Racing,0 days 00:35:10.700000,,1,,False,,False,True
2021-17,FP1,0 days 00:39:01.863000,GIO,99,0 days 00:02:12.457000,8.0,2.0,,,0 days 00:00:38.679000,0 days 00:00:51.315000,0 days 00:00:42.463000,0 days 00:37:28.085000,0 days 00:38:19.400000,0 days 00:39:01.863000,173.0,138.0,211.0,176.0,False,HARD,8.0,False,Alfa Romeo Racing,0 days 00:36:49.406000,,1,,False,,False,True
2021-17,FP1,0 days 00:40:40.519000,GIO,99,0 days 00:01:38.656000,9.0,2.0,,,0 days 00:00:26.541000,0 days 00:00:39.391000,0 days 00:00:32.724000,0 days 00:39:28.404000,0 days 00:40:07.795000,0 days 00:40:40.519000,212.0,186.0,208.0,320.0,True,HARD,9.0,False,Alfa Romeo Racing,0 days 00:39:01.863000,,1,,False,,False,True
2021-17,FP1,0 days 00:42:56.287000,GIO,99,0 days 00:02:15.768000,10.0,2.0,,,0 days 00:00:38.191000,0 days 00:00:55.333000,0 days 00:00:42.244000,0 days 00:41:18.710000,0 days 00:42:14.043000,0 days 00:42:56.287000,168.0,132.0,211.0,164.0,False,HARD,10.0,False,Alfa Romeo Racing,0 days 00:40:40.519000,,1,,False,,False,True
2021-17,FP1,0 days 00:44:34.825000,GIO,99,0 days 00:01:38.538000,11.0,2.0,,,0 days 00:00:26.460000,0 days 00:00:39.274000,0 days 00:00:32.804000,0 days 00:43:22.747000,0 days 00:44:02.021000,0 days 00:44:34.825000,216.0,186.0,208.0,318.0,True,HARD,11.0,False,Alfa Romeo Racing,0 days 00:42:56.287000,,1,,False,,False,True
2021-17,FP1,0 days 00:46:29.777000,GIO,99,0 days 00:01:54.952000,12.0,2.0,,0 days 00:46:28.821000,0 days 00:00:31.440000,0 days 00:00:46.730000,0 days 00:00:36.782000,0 days 00:45:06.265000,0 days 00:45:52.995000,0 days 00:46:29.777000,169.0,149.0,,258.0,False,HARD,12.0,False,Alfa Romeo Racing,0 days 00:44:34.825000,,1,,False,,False,False
2021-17,FP1,0 days 01:00:55.617000,GIO,99,,13.0,3.0,0 days 00:58:41.214000,0 days 01:00:54.587000,,0 days 00:00:55.387000,0 days 00:00:43.954000,,0 days 01:00:11.663000,0 days 01:00:59.479000,162.0,121.0,,129.0,False,SOFT,1.0,True,Alfa Romeo Racing,0 days 00:46:29.777000,,12,,False,,False,False
2021-17,FP1,0 days 01:06:28.584000,GIO,99,,14.0,4.0,0 days 01:04:19.997000,,,0 days 00:00:54.168000,0 days 00:00:43.234000,,0 days 01:05:45.367000,0 days 01:06:28.736000,140.0,142.0,212.0,226.0,False,SOFT,2.0,False,Alfa Romeo Racing,0 days 01:00:55.617000,,1,,False,,False,False
2021-17,FP1,0 days 01:08:05.458000,GIO,99,0 days 00:01:36.874000,15.0,4.0,,,0 days 00:00:26.024000,0 days 00:00:38.746000,0 days 00:00:32.104000,0 days 01:06:54.608000,0 days 01:07:33.354000,0 days 01:08:05.458000,224.0,188.0,207.0,319.0,True,SOFT,3.0,False,Alfa Romeo Racing,0 days 01:06:28.584000,,1,,False,,False,True
2021-17,FP1,0 days 01:10:25.565000,GIO,99,0 days 00:02:20.107000,16.0,4.0,,0 days 01:10:25.521000,0 days 00:00:38.719000,0 days 00:00:58.158000,0 days 00:00:43.230000,0 days 01:08:44.177000,0 days 01:09:42.335000,0 days 01:10:25.565000,160.0,88.0,,173.0,False,SOFT,4.0,False,Alfa Romeo Racing,0 days 01:08:05.458000,,1,,False,,False,False
2021-17,FP1,0 days 01:13:14.075000,GIO,99,,17.0,5.0,0 days 01:11:00.450000,,0 days 00:01:07.768000,0 days 00:00:54.037000,0 days 00:00:46.702000,0 days 01:11:33.408000,0 days 01:12:27.373000,0 days 01:13:14.234000,140.0,100.0,212.0,247.0,False,SOFT,5.0,False,Alfa Romeo Racing,0 days 01:10:25.565000,,12,,False,,False,False
2021-17,FP1,0 days 01:15:02.597000,GIO,99,0 days 00:01:48.522000,18.0,5.0,,0 days 01:15:02.589000,0 days 00:00:26.011000,0 days 00:00:41.948000,0 days 00:00:40.563000,0 days 01:13:40.086000,0 days 01:14:22.034000,0 days 01:15:02.597000,218.0,136.0,,255.0,False,SOFT,6.0,False,Alfa Romeo Racing,0 days 01:13:14.075000,,12,,False,,False,False
2021-17,FP2,0 days 00:21:30.587000,RIC,3,,1.0,1.0,0 days 00:19:08.237000,,,0 days 00:00:57.835000,0 days 00:00:45.163000,,0 days 00:20:45.428000,0 days 00:21:30.764000,125.0,132.0,212.0,288.0,False,SOFT,1.0,True,McLaren,0 days 00:19:08.237000,,1,,False,,False,False
2021-17,FP2,0 days 00:23:07.112000,RIC,3,0 days 00:01:36.525000,2.0,1.0,,,0 days 00:00:25.766000,0 days 00:00:38.723000,0 days 00:00:32.036000,0 days 00:21:56.353000,0 days 00:22:35.076000,0 days 00:23:07.112000,231.0,189.0,208.0,323.0,True,SOFT,2.0,True,McLaren,0 days 00:21:30.587000,,1,,False,,False,True
2021-17,FP2,0 days 00:25:57.519000,RIC,3,,3.0,1.0,,,0 days 00:00:42.750000,0 days 00:01:16.702000,0 days 00:00:50.983000,0 days 00:23:49.942000,0 days 00:25:06.564000,0 days 00:25:57.715000,170.0,135.0,211.0,77.0,False,SOFT,3.0,True,McLaren,0 days 00:23:07.112000,,1,,False,,False,False
2021-17,FP2,0 days 00:27:34.022000,RIC,3,0 days 00:01:36.503000,4.0,1.0,,,0 days 00:00:25.851000,0 days 00:00:38.627000,0 days 00:00:32.025000,0 days 00:26:23.370000,0 days 00:27:01.997000,0 days 00:27:34.022000,231.0,189.0,210.0,323.0,True,SOFT,4.0,True,McLaren,0 days 00:25:57.519000,,1,,False,,False,True
2021-17,FP2,0 days 00:29:26.576000,RIC,3,0 days 00:01:52.554000,5.0,1.0,,0 days 00:29:25.666000,0 days 00:00:28.784000,0 days 00:00:47.446000,0 days 00:00:36.324000,0 days 00:28:02.806000,0 days 00:28:50.252000,0 days 00:29:26.576000,210.0,143.0,,270.0,False,SOFT,5.0,True,McLaren,0 days 00:27:34.022000,,1,,False,,False,False
2021-17,FP2,0 days 00:43:28.449000,RIC,3,,6.0,2.0,0 days 00:41:14.035000,,,0 days 00:00:54.948000,0 days 00:00:43.118000,,0 days 00:42:45.346000,0 days 00:43:28.644000,144.0,130.0,216.0,280.0,False,SOFT,1.0,True,McLaren,0 days 00:29:26.576000,,12,,False,,False,False
2021-17,FP2,0 days 00:45:03.906000,RIC,3,0 days 00:01:35.457000,7.0,2.0,,,0 days 00:00:25.419000,0 days 00:00:38.481000,0 days 00:00:31.557000,0 days 00:43:53.868000,0 days 00:44:32.349000,0 days 00:45:03.906000,233.0,192.0,210.0,319.0,True,SOFT,2.0,True,McLaren,0 days 00:43:28.449000,,1,,False,,False,True
2021-17,FP2,0 days 00:47:24.629000,RIC,3,0 days 00:02:20.723000,8.0,2.0,,,0 days 00:00:32.914000,0 days 00:00:57.379000,0 days 00:00:50.430000,0 days 00:45:36.820000,0 days 00:46:34.199000,0 days 00:47:24.629000,173.0,139.0,210.0,262.0,False,SOFT,3.0,True,McLaren,0 days 00:45:03.906000,,1,,False,,False,True
2021-17,FP2,0 days 00:49:03.417000,RIC,3,0 days 00:01:38.788000,9.0,2.0,,0 days 00:49:02.501000,0 days 00:00:25.648000,0 days 00:00:39.242000,0 days 00:00:33.898000,0 days 00:47:50.277000,0 days 00:48:29.519000,0 days 00:49:03.417000,229.0,171.0,,324.0,False,SOFT,4.0,True,McLaren,0 days 00:47:24.629000,,1,,False,,False,False
2021-17,FP2,0 days 00:57:58.919000,RIC,3,,10.0,3.0,0 days 00:56:18.390000,0 days 00:57:58.018000,,0 days 00:00:40.991000,0 days 00:00:33.896000,,0 days 00:57:25.095000,0 days 00:58:01.384000,198.0,171.0,,296.0,False,SOFT,6.0,False,McLaren,0 days 00:49:03.417000,,1,,False,,False,False
2021-17,FP2,0 days 01:00:19.840000,RIC,3,0 days 00:02:20.921000,11.0,4.0,0 days 00:58:35.146000,,0 days 00:01:01.542000,0 days 00:00:42.202000,0 days 00:00:37.177000,0 days 00:59:00.461000,0 days 00:59:42.663000,0 days 01:00:19.840000,197.0,179.0,198.0,297.0,False,SOFT,7.0,False,McLaren,0 days 00:57:58.919000,,1,,False,,False,False
2021-17,FP2,0 days 01:02:01.992000,RIC,3,0 days 00:01:42.152000,12.0,4.0,,,0 days 00:00:27.496000,0 days 00:00:41.111000,0 days 00:00:33.545000,0 days 01:00:47.336000,0 days 01:01:28.447000,0 days 01:02:01.992000,204.0,180.0,203.0,288.0,False,SOFT,8.0,False,McLaren,0 days 01:00:19.840000,,1,,False,,False,True
2021-17,FP2,0 days 01:03:44.076000,RIC,3,0 days 00:01:42.084000,13.0,4.0,,,0 days 00:00:27.228000,0 days 00:00:41.242000,0 days 00:00:33.614000,0 days 01:02:29.220000,0 days 01:03:10.462000,0 days 01:03:44.076000,207.0,181.0,203.0,290.0,False,SOFT,9.0,False,McLaren,0 days 01:02:01.992000,,1,,False,,False,True
2021-17,FP2,0 days 01:05:26.182000,RIC,3,0 days 00:01:42.106000,14.0,4.0,,,0 days 00:00:27.261000,0 days 00:00:41.137000,0 days 00:00:33.708000,0 days 01:04:11.337000,0 days 01:04:52.474000,0 days 01:05:26.182000,207.0,182.0,203.0,291.0,False,SOFT,10.0,False,McLaren,0 days 01:03:44.076000,,1,,False,,False,True
2021-17,FP2,0 days 01:07:08.035000,RIC,3,0 days 00:01:41.853000,15.0,4.0,,,0 days 00:00:27.150000,0 days 00:00:40.982000,0 days 00:00:33.721000,0 days 01:05:53.332000,0 days 01:06:34.314000,0 days 01:07:08.035000,203.0,183.0,202.0,290.0,False,SOFT,11.0,False,McLaren,0 days 01:05:26.182000,,1,,False,,False,True
2021-17,FP2,0 days 01:08:53.561000,RIC,3,0 days 00:01:45.526000,16.0,4.0,,,0 days 00:00:27.122000,0 days 00:00:41.282000,0 days 00:00:37.122000,0 days 01:07:35.157000,0 days 01:08:16.439000,0 days 01:08:53.561000,209.0,184.0,201.0,291.0,False,SOFT,12.0,False,McLaren,0 days 01:07:08.035000,,1,,False,,False,True
2021-17,FP2,0 days 01:10:36.295000,RIC,3,0 days 00:01:42.734000,17.0,4.0,,,0 days 00:00:27.166000,0 days 00:00:41.635000,0 days 00:00:33.933000,0 days 01:09:20.727000,0 days 01:10:02.362000,0 days 01:10:36.295000,207.0,183.0,200.0,289.0,False,SOFT,13.0,False,McLaren,0 days 01:08:53.561000,,1,,False,,False,True
2021-17,FP2,0 days 01:12:19.441000,RIC,3,0 days 00:01:43.146000,18.0,4.0,,0 days 01:12:18.912000,0 days 00:00:27.308000,0 days 00:00:41.368000,0 days 00:00:34.470000,0 days 01:11:03.603000,0 days 01:11:44.971000,0 days 01:12:19.441000,204.0,184.0,,290.0,False,SOFT,14.0,False,McLaren,0 days 01:10:36.295000,,12,,False,,False,False
2021-17,FP2,0 days 01:14:24.371000,RIC,3,0 days 00:02:04.930000,19.0,5.0,0 days 01:12:43.278000,,0 days 00:00:47.693000,0 days 00:00:41.015000,0 days 00:00:36.222000,0 days 01:13:07.134000,0 days 01:13:48.149000,0 days 01:14:24.371000,199.0,184.0,205.0,289.0,False,SOFT,5.0,False,McLaren,0 days 01:12:19.441000,,1,,False,,False,False
2021-17,FP2,0 days 01:16:04.927000,RIC,3,0 days 00:01:40.556000,20.0,5.0,,,0 days 00:00:26.798000,0 days 00:00:40.561000,0 days 00:00:33.197000,0 days 01:14:51.169000,0 days 01:15:31.730000,0 days 01:16:04.927000,209.0,182.0,205.0,286.0,False,SOFT,6.0,False,McLaren,0 days 01:14:24.371000,,1,,False,,False,True
2021-17,FP2,0 days 01:17:48.579000,RIC,3,0 days 00:01:43.652000,21.0,5.0,,0 days 01:17:48.139000,0 days 00:00:27.791000,0 days 00:00:42.032000,0 days 00:00:33.829000,0 days 01:16:32.718000,0 days 01:17:14.750000,0 days 01:17:48.579000,177.0,184.0,,290.0,False,SOFT,7.0,False,McLaren,0 days 01:16:04.927000,,1,,False,,False,False
2021-17,FP2,0 days 00:18:58.831000,NOR,4,,1.0,1.0,0 days 00:16:53.336000,0 days 00:18:57.762000,,0 days 00:00:48.604000,0 days 00:00:43.502000,,0 days 00:18:17.900000,0 days 00:18:58.831000,161.0,141.0,,258.0,False,MEDIUM,1.0,True,McLaren,0 days 00:16:53.336000,,1,,False,,False,False
2021-17,FP2,0 days 00:28:01.004000,NOR,4,,2.0,2.0,0 days 00:26:08.501000,,,0 days 00:00:45.091000,0 days 00:00:39.112000,,0 days 00:27:21.892000,0 days 00:28:01.223000,169.0,145.0,213.0,263.0,False,MEDIUM,2.0,False,McLaren,0 days 00:18:58.831000,,1,,False,,False,False
2021-17,FP2,0 days 00:29:37.299000,NOR,4,0 days 00:01:36.295000,3.0,2.0,,,0 days 00:00:25.899000,0 days 00:00:38.580000,0 days 00:00:31.816000,0 days 00:28:26.903000,0 days 00:29:05.483000,0 days 00:29:37.299000,228.0,190.0,210.0,317.0,True,MEDIUM,3.0,False,McLaren,0 days 00:28:01.004000,,1,,False,,False,True
2021-17,FP2,0 days 00:32:08.328000,NOR,4,,4.0,2.0,,,0 days 00:00:36.195000,0 days 00:01:05.460000,0 days 00:00:49.362000,0 days 00:30:13.573000,0 days 00:31:19.066000,0 days 00:32:09.082000,127.0,108.0,211.0,149.0,False,MEDIUM,4.0,False,McLaren,0 days 00:29:37.299000,,1,,False,,False,False
2021-17,FP2,0 days 00:33:56.607000,NOR,4,0 days 00:01:48.279000,5.0,2.0,,0 days 00:33:55.691000,0 days 00:00:25.986000,0 days 00:00:44.207000,0 days 00:00:38.086000,0 days 00:32:34.314000,0 days 00:33:18.521000,0 days 00:33:56.607000,227.0,148.0,,261.0,False,MEDIUM,5.0,False,McLaren,0 days 00:32:08.328000,,12,,False,,False,False
2021-17,FP2,0 days 00:43:51.864000,NOR,4,,6.0,3.0,0 days 00:41:26.012000,,,0 days 00:00:56.374000,0 days 00:00:52.739000,,0 days 00:42:59.200000,0 days 00:43:52.038000,131.0,120.0,213.0,293.0,False,SOFT,1.0,True,McLaren,0 days 00:33:56.607000,,1,,False,,False,False
2021-17,FP2,0 days 00:45:27.067000,NOR,4,0 days 00:01:35.203000,7.0,3.0,,,0 days 00:00:25.634000,0 days 00:00:38.173000,0 days 00:00:31.396000,0 days 00:44:17.498000,0 days 00:44:55.671000,0 days 00:45:27.067000,233.0,192.0,208.0,317.0,True,SOFT,2.0,True,McLaren,0 days 00:43:51.864000,,1,,False,,False,True
2021-17,FP2,0 days 00:47:23.713000,NOR,4,0 days 00:01:56.646000,8.0,3.0,,0 days 00:47:23.717000,0 days 00:00:32.899000,0 days 00:00:47.046000,0 days 00:00:36.701000,0 days 00:45:59.966000,0 days 00:46:47.012000,0 days 00:47:23.713000,163.0,166.0,,190.0,False,SOFT,3.0,True,McLaren,0 days 00:45:27.067000,,1,,False,,False,False
2021-17,FP2,0 days 00:57:44.060000,NOR,4,,9.0,4.0,0 days 00:56:00.023000,0 days 00:57:43.134000,,0 days 00:00:43.743000,0 days 00:00:36.326000,,0 days 00:57:07.778000,0 days 00:57:46.356000,199.0,170.0,,164.0,False,MEDIUM,6.0,False,McLaren,0 days 00:47:23.713000,,1,,False,,False,False
2021-17,FP2,0 days 01:00:00.026000,NOR,4,0 days 00:02:15.966000,10.0,5.0,0 days 00:58:19.753000,,0 days 00:01:00.547000,0 days 00:00:41.098000,0 days 00:00:34.321000,0 days 00:58:44.607000,0 days 00:59:25.705000,0 days 01:00:00.026000,202.0,182.0,208.0,296.0,False,MEDIUM,7.0,False,McLaren,0 days 00:57:44.060000,,1,,False,,False,False
2021-17,FP2,0 days 01:01:42.002000,NOR,4,0 days 00:01:41.976000,11.0,5.0,,,0 days 00:00:27.808000,0 days 00:00:40.478000,0 days 00:00:33.690000,0 days 01:00:27.834000,0 days 01:01:08.312000,0 days 01:01:42.002000,202.0,181.0,204.0,324.0,False,MEDIUM,8.0,False,McLaren,0 days 01:00:00.026000,,1,,False,,False,True
2021-17,FP2,0 days 01:03:24.037000,NOR,4,0 days 00:01:42.035000,12.0,5.0,,,0 days 00:00:27.289000,0 days 00:00:40.981000,0 days 00:00:33.765000,0 days 01:02:09.291000,0 days 01:02:50.272000,0 days 01:03:24.037000,200.0,180.0,204.0,288.0,False,MEDIUM,9.0,False,McLaren,0 days 01:01:42.002000,,1,,False,,False,True
2021-17,FP2,0 days 01:05:06.147000,NOR,4,0 days 00:01:42.110000,13.0,5.0,,,0 days 00:00:27.458000,0 days 00:00:40.938000,0 days 00:00:33.714000,0 days 01:03:51.495000,0 days 01:04:32.433000,0 days 01:05:06.147000,204.0,184.0,203.0,294.0,False,MEDIUM,10.0,False,McLaren,0 days 01:03:24.037000,,1,,False,,False,True
2021-17,FP2,0 days 01:06:50.412000,NOR,4,0 days 00:01:44.265000,14.0,5.0,,,0 days 00:00:27.580000,0 days 00:00:41.548000,0 days 00:00:35.137000,0 days 01:05:33.727000,0 days 01:06:15.275000,0 days 01:06:50.412000,204.0,184.0,203.0,299.0,False,MEDIUM,11.0,False,McLaren,0 days 01:05:06.147000,,1,,False,,False,True
2021-17,FP2,0 days 01:08:32.562000,NOR,4,0 days 00:01:42.150000,15.0,5.0,,,0 days 00:00:27.562000,0 days 00:00:41.006000,0 days 00:00:33.582000,0 days 01:07:17.974000,0 days 01:07:58.980000,0 days 01:08:32.562000,204.0,181.0,203.0,289.0,False,MEDIUM,12.0,False,McLaren,0 days 01:06:50.412000,,1,,False,,False,True
2021-17,FP2,0 days 01:10:15.573000,NOR,4,0 days 00:01:43.011000,16.0,5.0,,,0 days 00:00:27.456000,0 days 00:00:41.657000,0 days 00:00:33.898000,0 days 01:09:00.018000,0 days 01:09:41.675000,0 days 01:10:15.573000,196.0,182.0,203.0,294.0,False,MEDIUM,13.0,False,McLaren,0 days 01:08:32.562000,,1,,False,,False,True
2021-17,FP2,0 days 01:11:58.325000,NOR,4,0 days 00:01:42.752000,17.0,5.0,,,0 days 00:00:27.484000,0 days 00:00:41.441000,0 days 00:00:33.827000,0 days 01:10:43.057000,0 days 01:11:24.498000,0 days 01:11:58.325000,203.0,183.0,203.0,291.0,False,MEDIUM,14.0,False,McLaren,0 days 01:10:15.573000,,12,,False,,False,True
2021-17,FP2,0 days 01:13:40.571000,NOR,4,0 days 00:01:42.246000,18.0,5.0,,0 days 01:13:40.467000,0 days 00:00:27.281000,0 days 00:00:41.309000,0 days 00:00:33.656000,0 days 01:12:25.606000,0 days 01:13:06.915000,0 days 01:13:40.571000,208.0,183.0,,290.0,False,MEDIUM,15.0,False,McLaren,0 days 01:11:58.325000,,1,,False,,False,False
2021-17,FP2,0 days 01:15:40.609000,NOR,4,0 days 00:02:00.038000,19.0,6.0,0 days 01:14:03.546000,,0 days 00:00:46.829000,0 days 00:00:39.852000,0 days 00:00:33.357000,0 days 01:14:27.400000,0 days 01:15:07.252000,0 days 01:15:40.609000,211.0,185.0,209.0,292.0,False,SOFT,4.0,False,McLaren,0 days 01:13:40.571000,,1,,False,,False,False
2021-17,FP2,0 days 01:17:30.521000,NOR,4,0 days 00:01:49.912000,20.0,6.0,,0 days 01:17:28.852000,0 days 00:00:30.322000,0 days 00:00:41.633000,0 days 00:00:37.957000,0 days 01:16:10.931000,0 days 01:16:52.564000,0 days 01:17:30.521000,194.0,180.0,,287.0,False,SOFT,5.0,False,McLaren,0 days 01:15:40.609000,,1,,False,,False,False
2021-17,FP2,0 days 00:17:38.565000,VET,5,,1.0,1.0,0 days 00:15:24.432000,,,0 days 00:00:57.591000,0 days 00:00:40.480000,,0 days 00:16:58.106000,0 days 00:17:38.708000,128.0,125.0,208.0,187.0,False,MEDIUM,1.0,True,Aston Martin,0 days 00:15:24.432000,,1,,False,,False,False
2021-17,FP2,0 days 00:19:16.942000,VET,5,0 days 00:01:38.377000,2.0,1.0,,,0 days 00:00:26.708000,0 days 00:00:39.327000,0 days 00:00:32.342000,0 days 00:18:05.273000,0 days 00:18:44.600000,0 days 00:19:16.942000,220.0,187.0,209.0,317.0,True,MEDIUM,2.0,True,Aston Martin,0 days 00:17:38.565000,,1,,False,,False,True
2021-17,FP2,0 days 00:22:01.142000,VET,5,,3.0,1.0,,,0 days 00:00:43.510000,0 days 00:01:10.155000,0 days 00:00:50.556000,0 days 00:20:00.431000,0 days 00:21:10.609000,0 days 00:22:02.768000,99.0,88.0,212.0,117.0,False,MEDIUM,3.0,True,Aston Martin,0 days 00:19:16.942000,,1,,False,,False,False
2021-17,FP2,0 days 00:23:37.860000,VET,5,0 days 00:01:36.718000,4.0,1.0,,,0 days 00:00:26.044000,0 days 00:00:38.682000,0 days 00:00:31.992000,0 days 00:22:27.186000,0 days 00:23:05.868000,0 days 00:23:37.860000,222.0,185.0,211.0,322.0,True,MEDIUM,4.0,True,Aston Martin,0 days 00:22:01.142000,,1,,False,,False,True
2021-17,FP2,0 days 00:25:31.993000,VET,5,0 days 00:01:54.133000,5.0,1.0,,0 days 00:25:32.018000,0 days 00:00:31.775000,0 days 00:00:45.429000,0 days 00:00:36.929000,0 days 00:24:09.635000,0 days 00:24:55.064000,0 days 00:25:31.993000,179.0,165.0,,264.0,False,MEDIUM,5.0,True,Aston Martin,0 days 00:23:37.860000,,1,,False,,False,False
2021-17,FP2,0 days 00:36:04.598000,VET,5,,6.0,2.0,0 days 00:34:10.619000,,,0 days 00:00:46.685000,0 days 00:00:37.218000,,0 days 00:35:27.426000,0 days 00:36:09.159000,165.0,153.0,203.0,231.0,False,MEDIUM,6.0,False,Aston Martin,0 days 00:25:31.993000,,12,,False,,False,False
2021-17,FP2,0 days 00:37:46.170000,VET,5,0 days 00:01:41.572000,7.0,2.0,,,0 days 00:00:27.511000,0 days 00:00:40.588000,0 days 00:00:33.473000,0 days 00:36:32.109000,0 days 00:37:12.697000,0 days 00:37:46.170000,210.0,181.0,203.0,289.0,False,MEDIUM,7.0,False,Aston Martin,0 days 00:36:04.598000,,1,,True,TRACK LIMITS AT TURN 19,False,True
2021-17,FP2,0 days 00:39:28.173000,VET,5,0 days 00:01:42.003000,8.0,2.0,,,0 days 00:00:27.726000,0 days 00:00:40.722000,0 days 00:00:33.555000,0 days 00:38:13.896000,0 days 00:38:54.618000,0 days 00:39:28.173000,202.0,181.0,203.0,288.0,False,MEDIUM,8.0,False,Aston Martin,0 days 00:37:46.170000,,1,,False,,False,True
2021-17,FP2,0 days 00:41:10.590000,VET,5,0 days 00:01:42.417000,9.0,2.0,,,0 days 00:00:27.694000,0 days 00:00:40.922000,0 days 00:00:33.801000,0 days 00:39:55.867000,0 days 00:40:36.789000,0 days 00:41:10.590000,204.0,181.0,202.0,286.0,False,MEDIUM,9.0,False,Aston Martin,0 days 00:39:28.173000,,1,,False,,False,True
2021-17,FP2,0 days 00:42:52.891000,VET,5,0 days 00:01:42.301000,10.0,2.0,,,0 days 00:00:27.568000,0 days 00:00:40.864000,0 days 00:00:33.869000,0 days 00:41:38.158000,0 days 00:42:19.022000,0 days 00:42:52.891000,204.0,181.0,203.0,290.0,False,MEDIUM,10.0,False,Aston Martin,0 days 00:41:10.590000,,1,,False,,False,True
2021-17,FP2,0 days 00:44:35.196000,VET,5,0 days 00:01:42.305000,11.0,2.0,,,0 days 00:00:27.565000,0 days 00:00:41.010000,0 days 00:00:33.730000,0 days 00:43:20.456000,0 days 00:44:01.466000,0 days 00:44:35.196000,202.0,182.0,203.0,289.0,False,MEDIUM,11.0,False,Aston Martin,0 days 00:42:52.891000,,1,,False,,False,True
2021-17,FP2,0 days 00:46:17.884000,VET,5,0 days 00:01:42.688000,12.0,2.0,,,0 days 00:00:27.650000,0 days 00:00:41.171000,0 days 00:00:33.867000,0 days 00:45:02.846000,0 days 00:45:44.017000,0 days 00:46:17.884000,207.0,181.0,203.0,287.0,False,MEDIUM,12.0,False,Aston Martin,0 days 00:44:35.196000,,1,,False,,False,True
2021-17,FP2,0 days 00:48:00.452000,VET,5,0 days 00:01:42.568000,13.0,2.0,,,0 days 00:00:27.714000,0 days 00:00:40.989000,0 days 00:00:33.865000,0 days 00:46:45.598000,0 days 00:47:26.587000,0 days 00:48:00.452000,201.0,182.0,202.0,288.0,False,MEDIUM,13.0,False,Aston Martin,0 days 00:46:17.884000,,1,,False,,False,True
2021-17,FP2,0 days 00:49:43.173000,VET,5,0 days 00:01:42.721000,14.0,2.0,,,0 days 00:00:27.676000,0 days 00:00:41.025000,0 days 00:00:34.020000,0 days 00:48:28.128000,0 days 00:49:09.153000,0 days 00:49:43.173000,205.0,182.0,203.0,288.0,False,MEDIUM,14.0,False,Aston Martin,0 days 00:48:00.452000,,1,,False,,False,True
2021-17,FP2,0 days 00:51:25.524000,VET,5,0 days 00:01:42.351000,15.0,2.0,,,0 days 00:00:27.464000,0 days 00:00:41.018000,0 days 00:00:33.869000,0 days 00:50:10.637000,0 days 00:50:51.655000,0 days 00:51:25.524000,209.0,182.0,203.0,288.0,False,MEDIUM,15.0,False,Aston Martin,0 days 00:49:43.173000,,1,,False,,False,True
2021-17,FP2,0 days 00:53:08.345000,VET,5,0 days 00:01:42.821000,16.0,2.0,,,0 days 00:00:27.698000,0 days 00:00:41.162000,0 days 00:00:33.961000,0 days 00:51:53.222000,0 days 00:52:34.384000,0 days 00:53:08.345000,208.0,178.0,203.0,288.0,False,MEDIUM,16.0,False,Aston Martin,0 days 00:51:25.524000,,1,,False,,False,True
2021-17,FP2,0 days 00:54:51.149000,VET,5,0 days 00:01:42.804000,17.0,2.0,,,0 days 00:00:27.631000,0 days 00:00:41.107000,0 days 00:00:34.066000,0 days 00:53:35.976000,0 days 00:54:17.083000,0 days 00:54:51.149000,206.0,183.0,203.0,287.0,False,MEDIUM,17.0,False,Aston Martin,0 days 00:53:08.345000,,1,,False,,False,True
2021-17,FP2,0 days 00:56:35.278000,VET,5,0 days 00:01:44.129000,18.0,2.0,,0 days 00:56:34.327000,0 days 00:00:27.586000,0 days 00:00:41.199000,0 days 00:00:35.344000,0 days 00:55:18.735000,0 days 00:55:59.934000,0 days 00:56:35.278000,207.0,182.0,,289.0,False,MEDIUM,18.0,False,Aston Martin,0 days 00:54:51.149000,,1,,False,,False,False
2021-17,FP2,0 days 00:58:39.158000,VET,5,0 days 00:02:03.880000,19.0,3.0,0 days 00:56:59.060000,,0 days 00:00:49.483000,0 days 00:00:40.823000,0 days 00:00:33.574000,0 days 00:57:24.761000,0 days 00:58:05.584000,0 days 00:58:39.158000,210.0,184.0,206.0,289.0,False,HARD,1.0,True,Aston Martin,0 days 00:56:35.278000,,1,,False,,False,False
2021-17,FP2,0 days 01:00:21.110000,VET,5,0 days 00:01:41.952000,20.0,3.0,,,0 days 00:00:27.480000,0 days 00:00:40.881000,0 days 00:00:33.591000,0 days 00:59:06.638000,0 days 00:59:47.519000,0 days 01:00:21.110000,207.0,182.0,204.0,284.0,False,HARD,2.0,True,Aston Martin,0 days 00:58:39.158000,,1,,False,,False,True
2021-17,FP2,0 days 01:02:11.494000,VET,5,0 days 00:01:50.384000,21.0,3.0,,,0 days 00:00:27.645000,0 days 00:00:40.962000,0 days 00:00:41.777000,0 days 01:00:48.755000,0 days 01:01:29.717000,0 days 01:02:11.494000,201.0,184.0,205.0,290.0,False,HARD,3.0,True,Aston Martin,0 days 01:00:21.110000,,1,,False,,False,True
2021-17,FP2,0 days 01:03:52.920000,VET,5,0 days 00:01:41.426000,22.0,3.0,,,0 days 00:00:27.379000,0 days 00:00:40.450000,0 days 00:00:33.597000,0 days 01:02:38.873000,0 days 01:03:19.323000,0 days 01:03:52.920000,206.0,182.0,204.0,295.0,False,HARD,4.0,True,Aston Martin,0 days 01:02:11.494000,,1,,False,,False,True
2021-17,FP2,0 days 01:05:34.896000,VET,5,0 days 00:01:41.976000,23.0,3.0,,,0 days 00:00:27.553000,0 days 00:00:40.785000,0 days 00:00:33.638000,0 days 01:04:20.473000,0 days 01:05:01.258000,0 days 01:05:34.896000,207.0,181.0,203.0,283.0,False,HARD,5.0,True,Aston Martin,0 days 01:03:52.920000,,1,,False,,False,True
2021-17,FP2,0 days 01:07:16.505000,VET,5,0 days 00:01:41.609000,24.0,3.0,,,0 days 00:00:27.337000,0 days 00:00:40.785000,0 days 00:00:33.487000,0 days 01:06:02.233000,0 days 01:06:43.018000,0 days 01:07:16.505000,204.0,184.0,205.0,289.0,False,HARD,6.0,True,Aston Martin,0 days 01:05:34.896000,,1,,False,,False,True
2021-17,FP2,0 days 01:08:58.578000,VET,5,0 days 00:01:42.073000,25.0,3.0,,,0 days 00:00:27.366000,0 days 00:00:40.961000,0 days 00:00:33.746000,0 days 01:07:43.871000,0 days 01:08:24.832000,0 days 01:08:58.578000,204.0,184.0,204.0,290.0,False,HARD,7.0,True,Aston Martin,0 days 01:07:16.505000,,1,,True,TRACK LIMITS AT TURN 9,False,True
2021-17,FP2,0 days 01:10:44.673000,VET,5,0 days 00:01:46.095000,26.0,3.0,,,0 days 00:00:27.459000,0 days 00:00:40.801000,0 days 00:00:37.835000,0 days 01:09:26.037000,0 days 01:10:06.838000,0 days 01:10:44.673000,202.0,184.0,205.0,294.0,False,HARD,8.0,True,Aston Martin,0 days 01:08:58.578000,,1,,False,,False,True
2021-17,FP2,0 days 01:12:26.489000,VET,5,0 days 00:01:41.816000,27.0,3.0,,,0 days 00:00:27.224000,0 days 00:00:40.852000,0 days 00:00:33.740000,0 days 01:11:11.897000,0 days 01:11:52.749000,0 days 01:12:26.489000,206.0,182.0,205.0,282.0,False,HARD,9.0,True,Aston Martin,0 days 01:10:44.673000,,12,,False,,False,True
2021-17,FP2,0 days 01:14:08.454000,VET,5,0 days 00:01:41.965000,28.0,3.0,,,0 days 00:00:27.326000,0 days 00:00:40.943000,0 days 00:00:33.696000,0 days 01:12:53.815000,0 days 01:13:34.758000,0 days 01:14:08.454000,202.0,181.0,204.0,289.0,False,HARD,10.0,True,Aston Martin,0 days 01:12:26.489000,,1,,False,,False,True
2021-17,FP2,0 days 01:15:50.178000,VET,5,0 days 00:01:41.724000,29.0,3.0,,,0 days 00:00:27.364000,0 days 00:00:41.005000,0 days 00:00:33.355000,0 days 01:14:35.818000,0 days 01:15:16.823000,0 days 01:15:50.178000,208.0,179.0,204.0,281.0,False,HARD,11.0,True,Aston Martin,0 days 01:14:08.454000,,1,,False,,False,True
2021-17,FP2,0 days 01:17:41.475000,VET,5,0 days 00:01:51.297000,30.0,3.0,,0 days 01:17:41.492000,0 days 00:00:27.189000,0 days 00:00:46.791000,0 days 00:00:37.317000,0 days 01:16:17.367000,0 days 01:17:04.158000,0 days 01:17:41.475000,212.0,139.0,,181.0,False,HARD,12.0,True,Aston Martin,0 days 01:15:50.178000,,1,,False,,False,False
2021-17,FP2,0 days 00:18:00.375000,LAT,6,,1.0,1.0,0 days 00:15:28.106000,,,0 days 00:01:00.542000,0 days 00:00:55.183000,,0 days 00:17:05.247000,0 days 00:18:00.492000,150.0,130.0,207.0,182.0,False,MEDIUM,1.0,True,Williams,0 days 00:15:28.106000,,1,,False,,False,False
2021-17,FP2,0 days 00:19:38.853000,LAT,6,0 days 00:01:38.478000,2.0,1.0,,,0 days 00:00:26.504000,0 days 00:00:39.383000,0 days 00:00:32.591000,0 days 00:18:26.879000,0 days 00:19:06.262000,0 days 00:19:38.853000,221.0,187.0,206.0,313.0,False,MEDIUM,2.0,True,Williams,0 days 00:18:00.375000,,1,,True,TRACK LIMITS AT TURN 19,False,True
2021-17,FP2,0 days 00:22:18.432000,LAT,6,,3.0,1.0,,,0 days 00:00:43.435000,0 days 00:01:00.050000,0 days 00:00:56.114000,0 days 00:20:22.303000,0 days 00:21:22.331000,0 days 00:22:19.074000,101.0,126.0,209.0,191.0,False,MEDIUM,3.0,True,Williams,0 days 00:19:38.853000,,1,,False,,False,False
2021-17,FP2,0 days 00:23:56.856000,LAT,6,0 days 00:01:38.424000,4.0,1.0,,,0 days 00:00:26.502000,0 days 00:00:39.213000,0 days 00:00:32.709000,0 days 00:22:44.934000,0 days 00:23:24.147000,0 days 00:23:56.856000,221.0,185.0,204.0,317.0,True,MEDIUM,4.0,True,Williams,0 days 00:22:18.432000,,1,,False,,False,True
2021-17,FP2,0 days 00:26:06.631000,LAT,6,0 days 00:02:09.775000,5.0,1.0,,0 days 00:26:05.613000,0 days 00:00:34.735000,0 days 00:00:51.297000,0 days 00:00:43.743000,0 days 00:24:31.591000,0 days 00:25:22.888000,0 days 00:26:06.631000,173.0,156.0,,239.0,False,MEDIUM,5.0,True,Williams,0 days 00:23:56.856000,,1,,False,,False,False
2021-17,FP2,0 days 00:35:14.548000,LAT,6,,6.0,2.0,0 days 00:32:47.186000,,,0 days 00:00:54.718000,0 days 00:00:54.073000,,0 days 00:34:20.498000,0 days 00:35:15.565000,103.0,140.0,207.0,296.0,False,SOFT,1.0,True,Williams,0 days 00:26:06.631000,,12,,False,,False,False
2021-17,FP2,0 days 00:36:51.802000,LAT,6,0 days 00:01:37.254000,7.0,2.0,,,0 days 00:00:26.140000,0 days 00:00:38.927000,0 days 00:00:32.187000,0 days 00:35:40.688000,0 days 00:36:19.615000,0 days 00:36:51.802000,222.0,189.0,206.0,318.0,True,SOFT,2.0,True,Williams,0 days 00:35:14.548000,,1,,False,,False,True
2021-17,FP2,0 days 00:39:13.868000,LAT,6,0 days 00:02:22.066000,8.0,2.0,,,0 days 00:00:40.442000,0 days 00:00:55.050000,0 days 00:00:46.574000,0 days 00:37:32.244000,0 days 00:38:27.294000,0 days 00:39:13.868000,151.0,83.0,209.0,254.0,False,SOFT,3.0,True,Williams,0 days 00:36:51.802000,,1,,False,,False,True
2021-17,FP2,0 days 00:41:06.077000,LAT,6,0 days 00:01:52.209000,9.0,2.0,,0 days 00:41:05.139000,0 days 00:00:26.406000,0 days 00:00:46.226000,0 days 00:00:39.577000,0 days 00:39:40.274000,0 days 00:40:26.500000,0 days 00:41:06.077000,221.0,136.0,,222.0,False,SOFT,4.0,True,Williams,0 days 00:39:13.868000,,1,,False,,False,False
2021-17,FP2,0 days 00:48:24.066000,LAT,6,,10.0,3.0,0 days 00:46:30.349000,,,0 days 00:00:46.074000,0 days 00:00:37.239000,,0 days 00:47:46.896000,0 days 00:48:24.236000,177.0,65.0,200.0,297.0,False,SOFT,5.0,False,Williams,0 days 00:41:06.077000,,1,,False,,False,False
2021-17,FP2,0 days 00:50:07.541000,LAT,6,0 days 00:01:43.475000,11.0,3.0,,,0 days 00:00:27.709000,0 days 00:00:41.228000,0 days 00:00:34.538000,0 days 00:48:51.775000,0 days 00:49:33.003000,0 days 00:50:07.541000,212.0,176.0,202.0,291.0,False,SOFT,6.0,False,Williams,0 days 00:48:24.066000,,1,,False,,False,True
2021-17,FP2,0 days 00:51:51.918000,LAT,6,0 days 00:01:44.377000,12.0,3.0,,0 days 00:51:51.545000,0 days 00:00:27.874000,0 days 00:00:41.651000,0 days 00:00:34.852000,0 days 00:50:35.415000,0 days 00:51:17.066000,0 days 00:51:51.918000,206.0,176.0,,295.0,False,SOFT,7.0,False,Williams,0 days 00:50:07.541000,,1,,False,,False,False
2021-17,FP2,0 days 00:53:54.525000,LAT,6,0 days 00:02:02.607000,13.0,4.0,0 days 00:52:14.680000,,0 days 00:00:47.281000,0 days 00:00:41.141000,0 days 00:00:34.185000,0 days 00:52:39.199000,0 days 00:53:20.340000,0 days 00:53:54.525000,206.0,181.0,201.0,295.0,False,MEDIUM,6.0,False,Williams,0 days 00:51:51.918000,,1,,False,,False,False
2021-17,FP2,0 days 00:55:38.294000,LAT,6,0 days 00:01:43.769000,14.0,4.0,,,0 days 00:00:27.858000,0 days 00:00:41.671000,0 days 00:00:34.240000,0 days 00:54:22.383000,0 days 00:55:04.054000,0 days 00:55:38.294000,203.0,178.0,203.0,291.0,False,MEDIUM,7.0,False,Williams,0 days 00:53:54.525000,,1,,False,,False,True
2021-17,FP2,0 days 00:57:21.698000,LAT,6,0 days 00:01:43.404000,15.0,4.0,,,0 days 00:00:27.625000,0 days 00:00:41.304000,0 days 00:00:34.475000,0 days 00:56:05.919000,0 days 00:56:47.223000,0 days 00:57:21.698000,207.0,176.0,200.0,290.0,False,MEDIUM,8.0,False,Williams,0 days 00:55:38.294000,,1,,False,,False,True
2021-17,FP2,0 days 00:59:05.286000,LAT,6,0 days 00:01:43.588000,16.0,4.0,,,0 days 00:00:27.586000,0 days 00:00:41.584000,0 days 00:00:34.418000,0 days 00:57:49.284000,0 days 00:58:30.868000,0 days 00:59:05.286000,202.0,180.0,200.0,294.0,False,MEDIUM,9.0,False,Williams,0 days 00:57:21.698000,,1,,False,,False,True
2021-17,FP2,0 days 01:00:49.080000,LAT,6,0 days 00:01:43.794000,17.0,4.0,,,0 days 00:00:27.523000,0 days 00:00:41.783000,0 days 00:00:34.488000,0 days 00:59:32.809000,0 days 01:00:14.592000,0 days 01:00:49.080000,204.0,179.0,202.0,292.0,False,MEDIUM,10.0,False,Williams,0 days 00:59:05.286000,,1,,False,,False,True
2021-17,FP2,0 days 01:02:33.226000,LAT,6,0 days 00:01:44.146000,18.0,4.0,,,0 days 00:00:27.636000,0 days 00:00:41.644000,0 days 00:00:34.866000,0 days 01:01:16.716000,0 days 01:01:58.360000,0 days 01:02:33.226000,203.0,175.0,201.0,293.0,False,MEDIUM,11.0,False,Williams,0 days 01:00:49.080000,,1,,False,,False,True
2021-17,FP2,0 days 01:04:17.378000,LAT,6,0 days 00:01:44.152000,19.0,4.0,,,0 days 00:00:27.786000,0 days 00:00:41.549000,0 days 00:00:34.817000,0 days 01:03:01.012000,0 days 01:03:42.561000,0 days 01:04:17.378000,203.0,177.0,202.0,293.0,False,MEDIUM,12.0,False,Williams,0 days 01:02:33.226000,,1,,False,,False,True
2021-17,FP2,0 days 01:06:01.521000,LAT,6,0 days 00:01:44.143000,20.0,4.0,,,0 days 00:00:27.805000,0 days 00:00:41.587000,0 days 00:00:34.751000,0 days 01:04:45.183000,0 days 01:05:26.770000,0 days 01:06:01.521000,205.0,176.0,201.0,298.0,False,MEDIUM,13.0,False,Williams,0 days 01:04:17.378000,,1,,False,,False,True
2021-17,FP2,0 days 01:07:45.484000,LAT,6,0 days 00:01:43.963000,21.0,4.0,,,0 days 00:00:27.728000,0 days 00:00:41.647000,0 days 00:00:34.588000,0 days 01:06:29.249000,0 days 01:07:10.896000,0 days 01:07:45.484000,201.0,175.0,201.0,298.0,False,MEDIUM,14.0,False,Williams,0 days 01:06:01.521000,,1,,False,,False,True
2021-17,FP2,0 days 01:09:29.385000,LAT,6,0 days 00:01:43.901000,22.0,4.0,,,0 days 00:00:27.720000,0 days 00:00:41.504000,0 days 00:00:34.677000,0 days 01:08:13.204000,0 days 01:08:54.708000,0 days 01:09:29.385000,201.0,174.0,201.0,297.0,False,MEDIUM,15.0,False,Williams,0 days 01:07:45.484000,,1,,False,,False,True
2021-17,FP2,0 days 01:11:13.474000,LAT,6,0 days 00:01:44.089000,23.0,4.0,,,0 days 00:00:27.606000,0 days 00:00:41.805000,0 days 00:00:34.678000,0 days 01:09:56.991000,0 days 01:10:38.796000,0 days 01:11:13.474000,203.0,176.0,203.0,290.0,False,MEDIUM,16.0,False,Williams,0 days 01:09:29.385000,,1,,False,,False,True
2021-17,FP2,0 days 01:12:57.580000,LAT,6,0 days 00:01:44.106000,24.0,4.0,,,0 days 00:00:27.637000,0 days 00:00:41.894000,0 days 00:00:34.575000,0 days 01:11:41.111000,0 days 01:12:23.005000,0 days 01:12:57.580000,201.0,178.0,201.0,288.0,False,MEDIUM,17.0,False,Williams,0 days 01:11:13.474000,,12,,False,,False,True
2021-17,FP2,0 days 01:14:42.041000,LAT,6,0 days 00:01:44.461000,25.0,4.0,,,0 days 00:00:27.584000,0 days 00:00:41.964000,0 days 00:00:34.913000,0 days 01:13:25.164000,0 days 01:14:07.128000,0 days 01:14:42.041000,201.0,177.0,198.0,290.0,False,MEDIUM,18.0,False,Williams,0 days 01:12:57.580000,,1,,False,,False,True
2021-17,FP2,0 days 01:16:38.089000,LAT,6,0 days 00:01:56.048000,26.0,4.0,,0 days 01:16:37.219000,0 days 00:00:27.889000,0 days 00:00:46.983000,0 days 00:00:41.176000,0 days 01:15:09.930000,0 days 01:15:56.913000,0 days 01:16:38.089000,194.0,151.0,,192.0,False,MEDIUM,19.0,False,Williams,0 days 01:14:42.041000,,1,,False,,False,False
2021-17,FP2,0 days 00:17:44.169000,RAI,7,,1.0,1.0,0 days 00:15:28.644000,,,0 days 00:00:53.566000,0 days 00:00:44.696000,,0 days 00:16:59.480000,0 days 00:17:44.300000,128.0,154.0,209.0,248.0,False,MEDIUM,1.0,True,Alfa Romeo Racing,0 days 00:15:28.644000,,1,,False,,False,False
2021-17,FP2,0 days 00:19:21.622000,RAI,7,0 days 00:01:37.453000,2.0,1.0,,,0 days 00:00:26.309000,0 days 00:00:38.703000,0 days 00:00:32.441000,0 days 00:18:10.478000,0 days 00:18:49.181000,0 days 00:19:21.622000,228.0,185.0,209.0,325.0,True,MEDIUM,2.0,True,Alfa Romeo Racing,0 days 00:17:44.169000,,1,,False,,False,True
2021-17,FP2,0 days 00:22:05.662000,RAI,7,,3.0,1.0,,,0 days 00:00:43.458000,0 days 00:01:10.916000,0 days 00:00:49.698000,0 days 00:20:08.012000,0 days 00:21:16,0 days 00:22:05.850000,108.0,85.0,211.0,178.0,False,MEDIUM,3.0,True,Alfa Romeo Racing,0 days 00:19:21.622000,,1,,False,,False,False
2021-17,FP2,0 days 00:23:43.168000,RAI,7,0 days 00:01:37.506000,4.0,1.0,,,0 days 00:00:26.107000,0 days 00:00:38.919000,0 days 00:00:32.480000,0 days 00:22:31.769000,0 days 00:23:10.688000,0 days 00:23:43.168000,221.0,175.0,204.0,328.0,False,MEDIUM,4.0,True,Alfa Romeo Racing,0 days 00:22:05.662000,,1,,False,,False,True
2021-17,FP2,0 days 00:26:04.887000,RAI,7,0 days 00:02:21.719000,5.0,1.0,,0 days 00:26:03.934000,0 days 00:00:41.318000,0 days 00:00:54.996000,0 days 00:00:45.405000,0 days 00:24:24.486000,0 days 00:25:19.482000,0 days 00:26:04.887000,142.0,127.0,,188.0,False,MEDIUM,5.0,True,Alfa Romeo Racing,0 days 00:23:43.168000,,1,,False,,False,False
2021-17,FP2,0 days 00:28:48.389000,RAI,7,,6.0,2.0,0 days 00:26:48.400000,,0 days 00:01:14.677000,0 days 00:00:50.962000,0 days 00:00:37.884000,0 days 00:27:19.543000,0 days 00:28:10.540000,0 days 00:28:48.605000,151.0,79.0,215.0,286.0,False,MEDIUM,6.0,False,Alfa Romeo Racing,0 days 00:26:04.887000,,1,,False,,False,False
2021-17,FP2,0 days 00:30:25.437000,RAI,7,0 days 00:01:37.048000,7.0,2.0,,,0 days 00:00:26.085000,0 days 00:00:38.653000,0 days 00:00:32.310000,0 days 00:29:14.474000,0 days 00:29:53.127000,0 days 00:30:25.437000,224.0,186.0,209.0,324.0,True,MEDIUM,7.0,False,Alfa Romeo Racing,0 days 00:28:48.389000,,1,,False,,False,True
2021-17,FP2,0 days 00:32:24.977000,RAI,7,0 days 00:01:59.540000,8.0,2.0,,0 days 00:32:24.214000,0 days 00:00:34.561000,0 days 00:00:45.617000,0 days 00:00:39.362000,0 days 00:30:59.998000,0 days 00:31:45.615000,0 days 00:32:24.977000,170.0,159.0,,244.0,False,MEDIUM,8.0,False,Alfa Romeo Racing,0 days 00:30:25.437000,,1,,False,,False,False
2021-17,FP2,0 days 00:42:50.925000,RAI,7,,9.0,3.0,0 days 00:40:41.379000,,,0 days 00:00:52.437000,0 days 00:00:41.352000,,0 days 00:42:09.597000,0 days 00:42:52.454000,143.0,150.0,212.0,287.0,False,SOFT,1.0,True,Alfa Romeo Racing,0 days 00:32:24.977000,,12,,False,,False,False
2021-17,FP2,0 days 00:44:27.483000,RAI,7,0 days 00:01:36.558000,10.0,3.0,,,0 days 00:00:25.911000,0 days 00:00:38.534000,0 days 00:00:32.113000,0 days 00:43:16.836000,0 days 00:43:55.370000,0 days 00:44:27.483000,227.0,188.0,209.0,323.0,True,SOFT,2.0,True,Alfa Romeo Racing,0 days 00:42:50.925000,,1,,False,,False,True
2021-17,FP2,0 days 00:46:56.606000,RAI,7,0 days 00:02:29.123000,11.0,3.0,,0 days 00:46:56.586000,0 days 00:00:40.098000,0 days 00:00:58.942000,0 days 00:00:50.083000,0 days 00:45:07.581000,0 days 00:46:06.523000,0 days 00:46:56.606000,153.0,117.0,,171.0,False,SOFT,3.0,True,Alfa Romeo Racing,0 days 00:44:27.483000,,1,,False,,False,False
2021-17,FP2,0 days 00:50:04.125000,RAI,7,,12.0,4.0,0 days 00:47:46.156000,,0 days 00:01:25.044000,0 days 00:01:01.965000,0 days 00:00:40.499000,0 days 00:48:21.663000,0 days 00:49:23.627000,0 days 00:50:04.303000,119.0,149.0,215.0,216.0,False,SOFT,4.0,False,Alfa Romeo Racing,0 days 00:46:56.606000,,1,,False,,False,False
2021-17,FP2,0 days 00:51:40.689000,RAI,7,0 days 00:01:36.564000,13.0,4.0,,,0 days 00:00:25.768000,0 days 00:00:38.506000,0 days 00:00:32.290000,0 days 00:50:29.893000,0 days 00:51:08.399000,0 days 00:51:40.689000,227.0,188.0,207.0,323.0,False,SOFT,5.0,False,Alfa Romeo Racing,0 days 00:50:04.125000,,1,,False,,False,True
2021-17,FP2,0 days 00:53:40.348000,RAI,7,0 days 00:01:59.659000,14.0,4.0,,0 days 00:53:40.377000,0 days 00:00:34.786000,0 days 00:00:47.219000,0 days 00:00:37.654000,0 days 00:52:15.475000,0 days 00:53:02.694000,0 days 00:53:40.348000,160.0,148.0,,243.0,False,SOFT,6.0,False,Alfa Romeo Racing,0 days 00:51:40.689000,,1,,False,,False,False
2021-17,FP2,0 days 01:00:47.713000,RAI,7,,15.0,5.0,0 days 00:59:01.849000,,,0 days 00:00:41.613000,0 days 00:00:36.388000,,0 days 01:00:11.356000,0 days 01:00:47.878000,189.0,166.0,205.0,314.0,False,MEDIUM,9.0,False,Alfa Romeo Racing,0 days 00:53:40.348000,,1,,False,,False,False
2021-17,FP2,0 days 01:02:30.022000,RAI,7,0 days 00:01:42.309000,16.0,5.0,,,0 days 00:00:27.486000,0 days 00:00:40.711000,0 days 00:00:34.112000,0 days 01:01:15.199000,0 days 01:01:55.910000,0 days 01:02:30.022000,211.0,184.0,202.0,300.0,False,MEDIUM,10.0,False,Alfa Romeo Racing,0 days 01:00:47.713000,,1,,False,,False,True
2021-17,FP2,0 days 01:04:12.487000,RAI,7,0 days 00:01:42.465000,17.0,5.0,,,0 days 00:00:27.812000,0 days 00:00:40.844000,0 days 00:00:33.809000,0 days 01:02:57.834000,0 days 01:03:38.678000,0 days 01:04:12.487000,207.0,180.0,201.0,302.0,False,MEDIUM,11.0,False,Alfa Romeo Racing,0 days 01:02:30.022000,,1,,False,,False,True
2021-17,FP2,0 days 01:05:55.327000,RAI,7,0 days 00:01:42.840000,18.0,5.0,,,0 days 00:00:27.789000,0 days 00:00:41.092000,0 days 00:00:33.959000,0 days 01:04:40.276000,0 days 01:05:21.368000,0 days 01:05:55.327000,208.0,181.0,201.0,303.0,False,MEDIUM,12.0,False,Alfa Romeo Racing,0 days 01:04:12.487000,,1,,False,,False,True
2021-17,FP2,0 days 01:07:38.087000,RAI,7,0 days 00:01:42.760000,19.0,5.0,,,0 days 00:00:27.764000,0 days 00:00:40.983000,0 days 00:00:34.013000,0 days 01:06:23.091000,0 days 01:07:04.074000,0 days 01:07:38.087000,208.0,183.0,201.0,305.0,False,MEDIUM,13.0,False,Alfa Romeo Racing,0 days 01:05:55.327000,,1,,False,,False,True
2021-17,FP2,0 days 01:09:20.476000,RAI,7,0 days 00:01:42.389000,20.0,5.0,,,0 days 00:00:27.483000,0 days 00:00:40.819000,0 days 00:00:34.087000,0 days 01:08:05.570000,0 days 01:08:46.389000,0 days 01:09:20.476000,207.0,179.0,200.0,326.0,False,MEDIUM,14.0,False,Alfa Romeo Racing,0 days 01:07:38.087000,,1,,True,TRACK LIMITS AT TURN 9,False,True
2021-17,FP2,0 days 01:11:03.153000,RAI,7,0 days 00:01:42.677000,21.0,5.0,,,0 days 00:00:27.682000,0 days 00:00:40.863000,0 days 00:00:34.132000,0 days 01:09:48.158000,0 days 01:10:29.021000,0 days 01:11:03.153000,207.0,181.0,198.0,300.0,False,MEDIUM,15.0,False,Alfa Romeo Racing,0 days 01:09:20.476000,,1,,False,,False,True
2021-17,FP2,0 days 01:12:45.937000,RAI,7,0 days 00:01:42.784000,22.0,5.0,,,0 days 00:00:27.701000,0 days 00:00:40.972000,0 days 00:00:34.111000,0 days 01:11:30.854000,0 days 01:12:11.826000,0 days 01:12:45.937000,208.0,183.0,200.0,300.0,False,MEDIUM,16.0,False,Alfa Romeo Racing,0 days 01:11:03.153000,,12,,True,TRACK LIMITS AT TURN 19,False,True
2021-17,FP2,0 days 01:14:33.714000,RAI,7,0 days 00:01:47.777000,23.0,5.0,,,0 days 00:00:27.817000,0 days 00:00:44.481000,0 days 00:00:35.479000,0 days 01:13:13.754000,0 days 01:13:58.235000,0 days 01:14:33.714000,194.0,172.0,200.0,291.0,False,MEDIUM,17.0,False,Alfa Romeo Racing,0 days 01:12:45.937000,,1,,False,,False,True
2021-17,FP2,0 days 01:16:16.411000,RAI,7,0 days 00:01:42.697000,24.0,5.0,,,0 days 00:00:27.773000,0 days 00:00:41,0 days 00:00:33.924000,0 days 01:15:01.487000,0 days 01:15:42.487000,0 days 01:16:16.411000,204.0,183.0,200.0,300.0,False,MEDIUM,18.0,False,Alfa Romeo Racing,0 days 01:14:33.714000,,1,,True,TRACK LIMITS AT TURN 9,False,True
2021-17,FP2,0 days 01:18:15.261000,RAI,7,0 days 00:01:58.850000,25.0,5.0,,0 days 01:18:15.294000,0 days 00:00:30.666000,0 days 00:00:47.545000,0 days 00:00:40.639000,0 days 01:16:47.077000,0 days 01:17:34.622000,0 days 01:18:15.261000,175.0,164.0,,263.0,False,MEDIUM,19.0,False,Alfa Romeo Racing,0 days 01:16:16.411000,,12,,False,,False,False
2021-17,FP2,0 days 00:18:24.594000,MAZ,9,,1.0,1.0,0 days 00:15:59.337000,,,0 days 00:00:50.665000,0 days 00:01:00.023000,,0 days 00:17:24.571000,0 days 00:18:24.695000,161.0,126.0,203.0,260.0,False,HARD,1.0,True,Haas F1 Team,0 days 00:15:59.337000,,1,,False,,False,False
2021-17,FP2,0 days 00:20:05.012000,MAZ,9,0 days 00:01:40.418000,2.0,1.0,,,0 days 00:00:27.529000,0 days 00:00:39.655000,0 days 00:00:33.234000,0 days 00:18:52.123000,0 days 00:19:31.778000,0 days 00:20:05.012000,208.0,185.0,208.0,322.0,True,HARD,2.0,True,Haas F1 Team,0 days 00:18:24.594000,,1,,False,,False,True
2021-17,FP2,0 days 00:22:53.766000,MAZ,9,,3.0,1.0,,,0 days 00:00:40.324000,0 days 00:01:01.770000,0 days 00:01:06.685000,0 days 00:20:45.311000,0 days 00:21:47.114000,0 days 00:22:56.730000,125.0,98.0,204.0,218.0,False,HARD,3.0,True,Haas F1 Team,0 days 00:20:05.012000,,1,,False,,False,False
2021-17,FP2,0 days 00:24:33.727000,MAZ,9,0 days 00:01:39.961000,4.0,1.0,,,0 days 00:00:27.133000,0 days 00:00:39.679000,0 days 00:00:33.149000,0 days 00:23:20.899000,0 days 00:24:00.578000,0 days 00:24:33.727000,207.0,179.0,208.0,325.0,False,HARD,4.0,True,Haas F1 Team,0 days 00:22:53.766000,,1,,True,TRACK LIMITS AT TURN 19,False,True
2021-17,FP2,0 days 00:27:10.605000,MAZ,9,,5.0,1.0,,,0 days 00:00:41.245000,0 days 00:01:04.999000,0 days 00:00:50.630000,0 days 00:25:14.976000,0 days 00:26:19.982000,0 days 00:27:13.349000,117.0,81.0,205.0,230.0,False,HARD,5.0,True,Haas F1 Team,0 days 00:24:33.727000,,1,,False,,False,False
2021-17,FP2,0 days 00:28:50.079000,MAZ,9,0 days 00:01:39.474000,6.0,1.0,,,0 days 00:00:26.806000,0 days 00:00:39.652000,0 days 00:00:33.016000,0 days 00:27:37.411000,0 days 00:28:17.063000,0 days 00:28:50.079000,209.0,184.0,207.0,319.0,False,HARD,6.0,True,Haas F1 Team,0 days 00:27:10.605000,,1,,True,TRACK LIMITS AT TURN 19,False,True
2021-17,FP2,0 days 00:30:53.269000,MAZ,9,0 days 00:02:03.190000,7.0,1.0,,0 days 00:30:52.284000,0 days 00:00:33.752000,0 days 00:00:46.824000,0 days 00:00:42.614000,0 days 00:29:23.831000,0 days 00:30:10.655000,0 days 00:30:53.269000,160.0,146.0,,275.0,False,HARD,7.0,True,Haas F1 Team,0 days 00:28:50.079000,,1,,False,,False,False
2021-17,FP2,0 days 00:42:55.611000,MAZ,9,,8.0,2.0,0 days 00:40:20.276000,,,0 days 00:00:50.444000,0 days 00:01:06,,0 days 00:41:49.675000,0 days 00:42:55.745000,129.0,164.0,209.0,227.0,False,SOFT,1.0,True,Haas F1 Team,0 days 00:30:53.269000,,12,,False,,False,False
2021-17,FP2,0 days 00:44:53.058000,MAZ,9,0 days 00:01:57.447000,9.0,2.0,,,0 days 00:00:26.291000,0 days 00:00:46.173000,0 days 00:00:44.983000,0 days 00:43:21.902000,0 days 00:44:08.075000,0 days 00:44:53.058000,224.0,77.0,168.0,286.0,False,SOFT,2.0,True,Haas F1 Team,0 days 00:42:55.611000,,1,,False,,False,True
2021-17,FP2,0 days 00:47:14.088000,MAZ,9,0 days 00:02:21.030000,10.0,2.0,,,0 days 00:00:38.517000,0 days 00:00:56.492000,0 days 00:00:46.021000,0 days 00:45:31.575000,0 days 00:46:28.067000,0 days 00:47:14.088000,128.0,121.0,209.0,233.0,False,SOFT,3.0,True,Haas F1 Team,0 days 00:44:53.058000,,1,,False,,False,True
2021-17,FP2,0 days 00:49:32.007000,MAZ,9,0 days 00:02:17.919000,11.0,2.0,,,0 days 00:00:34.549000,0 days 00:00:48.237000,0 days 00:00:55.133000,0 days 00:47:48.637000,0 days 00:48:36.874000,0 days 00:49:32.007000,148.0,150.0,209.0,295.0,False,SOFT,4.0,True,Haas F1 Team,0 days 00:47:14.088000,,1,,False,,False,True
2021-17,FP2,0 days 00:51:10.033000,MAZ,9,0 days 00:01:38.026000,12.0,2.0,,,0 days 00:00:26.264000,0 days 00:00:39.178000,0 days 00:00:32.584000,0 days 00:49:58.271000,0 days 00:50:37.449000,0 days 00:51:10.033000,224.0,185.0,207.0,321.0,True,SOFT,5.0,True,Haas F1 Team,0 days 00:49:32.007000,,1,,False,,False,True
2021-17,FP2,0 days 00:53:15.005000,MAZ,9,0 days 00:02:04.972000,13.0,2.0,,0 days 00:53:15.006000,0 days 00:00:34.298000,0 days 00:00:47.806000,0 days 00:00:42.868000,0 days 00:51:44.331000,0 days 00:52:32.137000,0 days 00:53:15.005000,149.0,148.0,,293.0,False,SOFT,6.0,True,Haas F1 Team,0 days 00:51:10.033000,,1,,False,,False,False
2021-17,FP2,0 days 01:02:22.983000,MAZ,9,,14.0,3.0,0 days 01:00:25.259000,,,0 days 00:00:46.393000,0 days 00:00:39.973000,,0 days 01:01:43.040000,0 days 01:02:23.110000,157.0,134.0,200.0,295.0,False,HARD,8.0,False,Haas F1 Team,0 days 00:53:15.005000,,1,,False,,False,False
2021-17,FP2,0 days 01:04:07.686000,MAZ,9,0 days 00:01:44.703000,15.0,3.0,,,0 days 00:00:28.255000,0 days 00:00:41.781000,0 days 00:00:34.667000,0 days 01:02:51.238000,0 days 01:03:33.019000,0 days 01:04:07.686000,203.0,179.0,198.0,297.0,False,HARD,9.0,False,Haas F1 Team,0 days 01:02:22.983000,,1,,False,,False,True
2021-17,FP2,0 days 01:05:52.016000,MAZ,9,0 days 00:01:44.330000,16.0,3.0,,,0 days 00:00:28.174000,0 days 00:00:41.633000,0 days 00:00:34.523000,0 days 01:04:35.860000,0 days 01:05:17.493000,0 days 01:05:52.016000,202.0,179.0,198.0,297.0,False,HARD,10.0,False,Haas F1 Team,0 days 01:04:07.686000,,1,,True,TRACK LIMITS AT TURN 19,False,True
2021-17,FP2,0 days 01:07:36.435000,MAZ,9,0 days 00:01:44.419000,17.0,3.0,,,0 days 00:00:28.001000,0 days 00:00:41.928000,0 days 00:00:34.490000,0 days 01:06:20.017000,0 days 01:07:01.945000,0 days 01:07:36.435000,207.0,179.0,197.0,297.0,False,HARD,11.0,False,Haas F1 Team,0 days 01:05:52.016000,,1,,False,,False,True
2021-17,FP2,0 days 01:09:23.658000,MAZ,9,0 days 00:01:47.223000,18.0,3.0,,,0 days 00:00:28.023000,0 days 00:00:42.897000,0 days 00:00:36.303000,0 days 01:08:04.458000,0 days 01:08:47.355000,0 days 01:09:23.658000,198.0,166.0,197.0,292.0,False,HARD,12.0,False,Haas F1 Team,0 days 01:07:36.435000,,1,,False,,False,True
2021-17,FP2,0 days 01:11:08.863000,MAZ,9,0 days 00:01:45.205000,19.0,3.0,,,0 days 00:00:27.991000,0 days 00:00:42.134000,0 days 00:00:35.080000,0 days 01:09:51.649000,0 days 01:10:33.783000,0 days 01:11:08.863000,202.0,177.0,197.0,297.0,False,HARD,13.0,False,Haas F1 Team,0 days 01:09:23.658000,,1,,True,TRACK LIMITS AT TURN 19,False,True
2021-17,FP2,0 days 01:12:54.002000,MAZ,9,0 days 00:01:45.139000,20.0,3.0,,,0 days 00:00:28.132000,0 days 00:00:41.904000,0 days 00:00:35.103000,0 days 01:11:36.995000,0 days 01:12:18.899000,0 days 01:12:54.002000,201.0,176.0,197.0,297.0,False,HARD,14.0,False,Haas F1 Team,0 days 01:11:08.863000,,12,,False,,False,True
2021-17,FP2,0 days 01:14:39.515000,MAZ,9,0 days 00:01:45.513000,21.0,3.0,,,0 days 00:00:28.272000,0 days 00:00:42.141000,0 days 00:00:35.100000,0 days 01:13:22.274000,0 days 01:14:04.415000,0 days 01:14:39.515000,202.0,173.0,196.0,297.0,False,HARD,15.0,False,Haas F1 Team,0 days 01:12:54.002000,,1,,False,,False,True
2021-17,FP2,0 days 01:16:24.909000,MAZ,9,0 days 00:01:45.394000,22.0,3.0,,,0 days 00:00:28.148000,0 days 00:00:42.339000,0 days 00:00:34.907000,0 days 01:15:07.663000,0 days 01:15:50.002000,0 days 01:16:24.909000,201.0,176.0,199.0,296.0,False,HARD,16.0,False,Haas F1 Team,0 days 01:14:39.515000,,1,,False,,False,True
2021-17,FP2,0 days 01:18:32.702000,MAZ,9,0 days 00:02:07.793000,23.0,3.0,,0 days 01:18:32.723000,0 days 00:00:28.737000,0 days 00:00:49.811000,0 days 00:00:49.245000,0 days 01:16:53.646000,0 days 01:17:43.457000,0 days 01:18:32.702000,184.0,114.0,,198.0,False,HARD,17.0,False,Haas F1 Team,0 days 01:16:24.909000,,12,,False,,False,False
2021-17,FP2,0 days 00:18:46.666000,GAS,10,,1.0,1.0,0 days 00:16:06.418000,,,0 days 00:00:53.266000,0 days 00:01:08.927000,,0 days 00:17:37.819000,0 days 00:18:46.816000,141.0,135.0,204.0,243.0,False,MEDIUM,1.0,True,AlphaTauri,0 days 00:16:06.418000,,1,,False,,False,False
2021-17,FP2,0 days 00:20:24.215000,GAS,10,0 days 00:01:37.549000,2.0,1.0,,,0 days 00:00:26.386000,0 days 00:00:38.950000,0 days 00:00:32.213000,0 days 00:19:13.052000,0 days 00:19:52.002000,0 days 00:20:24.215000,229.0,187.0,207.0,318.0,True,MEDIUM,2.0,True,AlphaTauri,0 days 00:18:46.666000,,1,,False,,False,True
2021-17,FP2,0 days 00:22:58.554000,GAS,10,,3.0,1.0,,,0 days 00:00:47.893000,0 days 00:00:59.469000,0 days 00:00:46.976000,0 days 00:21:12.109000,0 days 00:22:13.203000,0 days 00:22:58.895000,108.0,127.0,206.0,302.0,False,MEDIUM,3.0,True,AlphaTauri,0 days 00:20:24.215000,,1,,False,,False,False
2021-17,FP2,0 days 00:25:29.415000,GAS,10,,4.0,1.0,,,0 days 00:00:40.730000,0 days 00:00:55.290000,0 days 00:00:54.849000,0 days 00:23:39.325000,0 days 00:24:36.756000,0 days 00:25:30.375000,130.0,102.0,208.0,263.0,False,MEDIUM,4.0,True,AlphaTauri,0 days 00:22:58.554000,,1,,False,,False,False
2021-17,FP2,0 days 00:27:31.109000,GAS,10,0 days 00:02:01.694000,5.0,1.0,,,0 days 00:00:26.071000,0 days 00:00:41.249000,0 days 00:00:54.374000,0 days 00:25:55.486000,0 days 00:26:36.735000,0 days 00:27:31.109000,231.0,90.0,157.0,315.0,False,MEDIUM,5.0,True,AlphaTauri,0 days 00:25:29.415000,,1,,False,,False,True
2021-17,FP2,0 days 00:29:55.299000,GAS,10,0 days 00:02:24.190000,6.0,1.0,,,0 days 00:00:43.200000,0 days 00:00:55.231000,0 days 00:00:45.759000,0 days 00:28:14.309000,0 days 00:29:09.540000,0 days 00:29:55.299000,124.0,111.0,209.0,300.0,False,MEDIUM,6.0,True,AlphaTauri,0 days 00:27:31.109000,,1,,False,,False,True
2021-17,FP2,0 days 00:31:32.135000,GAS,10,0 days 00:01:36.836000,7.0,1.0,,,0 days 00:00:25.997000,0 days 00:00:38.764000,0 days 00:00:32.075000,0 days 00:30:21.296000,0 days 00:31:00.060000,0 days 00:31:32.135000,231.0,188.0,206.0,315.0,True,MEDIUM,7.0,True,AlphaTauri,0 days 00:29:55.299000,,1,,False,,False,True
2021-17,FP2,0 days 00:33:40.323000,GAS,10,0 days 00:02:08.188000,8.0,1.0,,0 days 00:33:39.865000,0 days 00:00:34.544000,0 days 00:00:48.009000,0 days 00:00:45.635000,0 days 00:32:06.679000,0 days 00:32:54.688000,0 days 00:33:40.323000,144.0,127.0,,249.0,False,MEDIUM,8.0,True,AlphaTauri,0 days 00:31:32.135000,,12,,False,,False,False
2021-17,FP2,0 days 00:36:19.328000,GAS,10,,9.0,2.0,0 days 00:34:12.515000,,0 days 00:01:05.816000,0 days 00:00:48.629000,0 days 00:00:44.583000,0 days 00:34:46.189000,0 days 00:35:34.859000,0 days 00:36:19.521000,143.0,130.0,210.0,283.0,False,MEDIUM,9.0,False,AlphaTauri,0 days 00:33:40.323000,,1,,False,,False,False
2021-17,FP2,0 days 00:37:56.265000,GAS,10,0 days 00:01:36.937000,10.0,2.0,,,0 days 00:00:26.022000,0 days 00:00:38.621000,0 days 00:00:32.294000,0 days 00:36:45.350000,0 days 00:37:23.971000,0 days 00:37:56.265000,232.0,186.0,208.0,314.0,False,MEDIUM,10.0,False,AlphaTauri,0 days 00:36:19.328000,,1,,False,,False,True
2021-17,FP2,0 days 00:39:43.216000,GAS,10,0 days 00:01:46.951000,11.0,2.0,,0 days 00:39:42.303000,0 days 00:00:27.983000,0 days 00:00:42.549000,0 days 00:00:36.419000,0 days 00:38:24.248000,0 days 00:39:06.797000,0 days 00:39:43.216000,199.0,180.0,,275.0,False,MEDIUM,11.0,False,AlphaTauri,0 days 00:37:56.265000,,1,,False,,False,False
2021-17,FP2,0 days 00:48:39.345000,GAS,10,,12.0,3.0,0 days 00:46:25.991000,,,0 days 00:00:53.882000,0 days 00:00:43.724000,,0 days 00:47:55.694000,0 days 00:48:39.422000,128.0,113.0,210.0,288.0,False,SOFT,1.0,True,AlphaTauri,0 days 00:39:43.216000,,1,,False,,False,False
2021-17,FP2,0 days 00:50:15.587000,GAS,10,0 days 00:01:36.242000,13.0,3.0,,,0 days 00:00:25.652000,0 days 00:00:38.492000,0 days 00:00:32.098000,0 days 00:49:04.997000,0 days 00:49:43.489000,0 days 00:50:15.587000,235.0,185.0,206.0,315.0,True,SOFT,2.0,True,AlphaTauri,0 days 00:48:39.345000,,1,,False,,False,True
2021-17,FP2,0 days 00:53:02.280000,GAS,10,,14.0,3.0,,,0 days 00:00:49.989000,0 days 00:01:01.653000,0 days 00:00:55.071000,0 days 00:51:05.581000,0 days 00:52:07.298000,0 days 00:53:02.458000,96.0,97.0,130.0,246.0,False,SOFT,3.0,True,AlphaTauri,0 days 00:50:15.587000,,1,,False,,False,False
2021-17,FP2,0 days 00:55:27.558000,GAS,10,0 days 00:02:25.278000,15.0,3.0,,,0 days 00:00:43.552000,0 days 00:00:53.756000,0 days 00:00:47.970000,0 days 00:53:45.832000,0 days 00:54:39.588000,0 days 00:55:27.558000,126.0,93.0,211.0,282.0,False,SOFT,4.0,True,AlphaTauri,0 days 00:53:02.280000,,1,,False,,False,True
2021-17,FP2,0 days 00:57:03.919000,GAS,10,0 days 00:01:36.361000,16.0,3.0,,,0 days 00:00:25.843000,0 days 00:00:38.683000,0 days 00:00:31.835000,0 days 00:55:53.401000,0 days 00:56:32.084000,0 days 00:57:03.919000,232.0,188.0,206.0,315.0,False,SOFT,5.0,True,AlphaTauri,0 days 00:55:27.558000,,1,,False,,False,True
2021-17,FP2,0 days 00:58:53.428000,GAS,10,0 days 00:01:49.509000,17.0,3.0,,0 days 00:58:52.899000,0 days 00:00:29.126000,0 days 00:00:42.425000,0 days 00:00:37.958000,0 days 00:57:33.045000,0 days 00:58:15.470000,0 days 00:58:53.428000,206.0,175.0,,269.0,False,SOFT,6.0,True,AlphaTauri,0 days 00:57:03.919000,,1,,False,,False,False
2021-17,FP2,0 days 01:06:10.647000,GAS,10,,18.0,4.0,0 days 01:04:26.273000,,,0 days 00:00:42.090000,0 days 00:00:36.103000,,0 days 01:05:34.578000,0 days 01:06:10.839000,195.0,159.0,203.0,287.0,False,SOFT,7.0,False,AlphaTauri,0 days 00:58:53.428000,,1,,False,,False,False
2021-17,FP2,0 days 01:07:52.453000,GAS,10,0 days 00:01:41.806000,19.0,4.0,,,0 days 00:00:27.261000,0 days 00:00:40.840000,0 days 00:00:33.705000,0 days 01:06:37.908000,0 days 01:07:18.748000,0 days 01:07:52.453000,206.0,184.0,202.0,291.0,False,SOFT,8.0,False,AlphaTauri,0 days 01:06:10.647000,,1,,False,,False,True
2021-17,FP2,0 days 01:09:35.136000,GAS,10,0 days 00:01:42.683000,20.0,4.0,,,0 days 00:00:27.483000,0 days 00:00:41.198000,0 days 00:00:34.002000,0 days 01:08:19.936000,0 days 01:09:01.134000,0 days 01:09:35.136000,208.0,183.0,201.0,291.0,False,SOFT,9.0,False,AlphaTauri,0 days 01:07:52.453000,,1,,False,,False,True
2021-17,FP2,0 days 01:11:18.047000,GAS,10,0 days 00:01:42.911000,21.0,4.0,,,0 days 00:00:27.577000,0 days 00:00:41.226000,0 days 00:00:34.108000,0 days 01:10:02.713000,0 days 01:10:43.939000,0 days 01:11:18.047000,205.0,182.0,202.0,293.0,False,SOFT,10.0,False,AlphaTauri,0 days 01:09:35.136000,,12,,False,,False,True
2021-17,FP2,0 days 01:13:01.334000,GAS,10,0 days 00:01:43.287000,22.0,4.0,,,0 days 00:00:27.593000,0 days 00:00:41.401000,0 days 00:00:34.293000,0 days 01:11:45.640000,0 days 01:12:27.041000,0 days 01:13:01.334000,201.0,182.0,200.0,291.0,False,SOFT,11.0,False,AlphaTauri,0 days 01:11:18.047000,,21,,True,TRACK LIMITS AT TURN 19,False,True
2021-17,FP2,0 days 01:14:45.316000,GAS,10,0 days 00:01:43.982000,23.0,4.0,,,0 days 00:00:27.629000,0 days 00:00:41.884000,0 days 00:00:34.469000,0 days 01:13:28.963000,0 days 01:14:10.847000,0 days 01:14:45.316000,208.0,179.0,196.0,299.0,False,SOFT,12.0,False,AlphaTauri,0 days 01:13:01.334000,,1,,False,,False,True
2021-17,FP2,0 days 01:16:29.364000,GAS,10,0 days 00:01:44.048000,24.0,4.0,,,0 days 00:00:27.697000,0 days 00:00:41.939000,0 days 00:00:34.412000,0 days 01:15:13.013000,0 days 01:15:54.952000,0 days 01:16:29.364000,202.0,181.0,197.0,294.0,False,SOFT,13.0,False,AlphaTauri,0 days 01:14:45.316000,,1,,False,,False,True
2021-17,FP2,0 days 01:18:28.440000,GAS,10,0 days 00:01:59.076000,25.0,4.0,,0 days 01:18:28.211000,0 days 00:00:27.726000,0 days 00:00:42.267000,0 days 00:00:49.083000,0 days 01:16:57.090000,0 days 01:17:39.357000,0 days 01:18:28.440000,199.0,175.0,,287.0,False,SOFT,14.0,False,AlphaTauri,0 days 01:16:29.364000,,12,,False,,False,False
2021-17,FP2,0 days 00:18:39.521000,PER,11,,1.0,1.0,0 days 00:16:17.941000,,,0 days 00:00:47.588000,0 days 00:01:04.509000,,0 days 00:17:35.084000,0 days 00:18:39.660000,147.0,127.0,208.0,266.0,False,MEDIUM,1.0,True,Red Bull Racing,0 days 00:16:17.941000,,1,,False,,False,False
2021-17,FP2,0 days 00:20:15.404000,PER,11,0 days 00:01:35.883000,2.0,1.0,,,0 days 00:00:25.963000,0 days 00:00:38.284000,0 days 00:00:31.636000,0 days 00:19:05.484000,0 days 00:19:43.768000,0 days 00:20:15.404000,230.0,188.0,207.0,316.0,True,MEDIUM,2.0,True,Red Bull Racing,0 days 00:18:39.521000,,1,,False,,False,True
2021-17,FP2,0 days 00:22:52.310000,PER,11,,3.0,1.0,,,0 days 00:00:43.523000,0 days 00:01:06.138000,0 days 00:00:47.291000,0 days 00:20:58.954000,0 days 00:22:05.019000,0 days 00:22:52.489000,81.0,118.0,171.0,185.0,False,MEDIUM,3.0,True,Red Bull Racing,0 days 00:20:15.404000,,1,,False,,False,False
2021-17,FP2,0 days 00:25:09.014000,PER,11,0 days 00:02:16.704000,4.0,1.0,,,0 days 00:00:39.992000,0 days 00:00:48.320000,0 days 00:00:48.392000,0 days 00:23:32.302000,0 days 00:24:20.622000,0 days 00:25:09.014000,158.0,128.0,211.0,274.0,False,MEDIUM,4.0,True,Red Bull Racing,0 days 00:22:52.310000,,1,,False,,False,True
2021-17,FP2,0 days 00:26:44.730000,PER,11,0 days 00:01:35.716000,5.0,1.0,,,0 days 00:00:25.795000,0 days 00:00:38.189000,0 days 00:00:31.732000,0 days 00:25:34.809000,0 days 00:26:12.998000,0 days 00:26:44.730000,226.0,188.0,208.0,315.0,True,MEDIUM,5.0,True,Red Bull Racing,0 days 00:25:09.014000,,1,,False,,False,True
2021-17,FP2,0 days 00:28:58.838000,PER,11,0 days 00:02:14.108000,6.0,1.0,,,0 days 00:00:36.450000,0 days 00:00:53.369000,0 days 00:00:44.289000,0 days 00:27:21.180000,0 days 00:28:14.549000,0 days 00:28:58.838000,155.0,134.0,184.0,233.0,False,MEDIUM,6.0,True,Red Bull Racing,0 days 00:26:44.730000,,1,,False,,False,True
2021-17,FP2,0 days 00:31:01.326000,PER,11,0 days 00:02:02.488000,7.0,1.0,,,0 days 00:00:33.326000,0 days 00:00:47.884000,0 days 00:00:41.278000,0 days 00:29:32.164000,0 days 00:30:20.048000,0 days 00:31:01.326000,165.0,171.0,211.0,272.0,False,MEDIUM,7.0,True,Red Bull Racing,0 days 00:28:58.838000,,1,,False,,False,True
2021-17,FP2,0 days 00:32:47.045000,PER,11,0 days 00:01:45.719000,8.0,1.0,,0 days 00:32:47.080000,0 days 00:00:25.885000,0 days 00:00:38.553000,0 days 00:00:41.281000,0 days 00:31:27.211000,0 days 00:32:05.764000,0 days 00:32:47.045000,225.0,169.0,,316.0,False,MEDIUM,8.0,True,Red Bull Racing,0 days 00:31:01.326000,,1,,False,,False,False
2021-17,FP2,0 days 00:42:32.582000,PER,11,,9.0,2.0,0 days 00:40:15.123000,,,0 days 00:00:53.326000,0 days 00:00:51.139000,,0 days 00:41:41.446000,0 days 00:42:32.721000,141.0,146.0,210.0,264.0,False,SOFT,1.0,True,Red Bull Racing,0 days 00:32:47.045000,,12,,False,,False,False
2021-17,FP2,0 days 00:44:07.528000,PER,11,0 days 00:01:34.946000,10.0,2.0,,,0 days 00:00:25.668000,0 days 00:00:37.941000,0 days 00:00:31.337000,0 days 00:42:58.250000,0 days 00:43:36.191000,0 days 00:44:07.528000,229.0,188.0,206.0,314.0,True,SOFT,2.0,True,Red Bull Racing,0 days 00:42:32.582000,,1,,False,,False,True
2021-17,FP2,0 days 00:46:46.434000,PER,11,,11.0,2.0,,0 days 00:46:45.364000,0 days 00:00:38.651000,0 days 00:01:06.331000,0 days 00:00:53.863000,0 days 00:44:46.240000,0 days 00:45:52.583000,0 days 00:46:46.494000,134.0,97.0,,150.0,False,SOFT,3.0,True,Red Bull Racing,0 days 00:44:07.528000,,1,,False,,False,False
2021-17,FP2,0 days 00:55:44.423000,PER,11,,12.0,3.0,0 days 00:53:49.983000,0 days 00:55:43.475000,,0 days 00:00:46.218000,0 days 00:00:40.742000,,0 days 00:55:03.717000,0 days 00:55:44.780000,159.0,100.0,,256.0,False,MEDIUM,9.0,False,Red Bull Racing,0 days 00:46:46.434000,,1,,False,,False,False
2021-17,FP2,0 days 00:58:11.763000,PER,11,0 days 00:02:27.340000,13.0,4.0,0 days 00:56:31.795000,,0 days 00:01:12.763000,0 days 00:00:40.863000,0 days 00:00:33.714000,0 days 00:56:57.186000,0 days 00:57:38.049000,0 days 00:58:11.763000,206.0,180.0,200.0,285.0,False,MEDIUM,10.0,False,Red Bull Racing,0 days 00:55:44.423000,,1,,False,,False,False
2021-17,FP2,0 days 00:59:53.111000,PER,11,0 days 00:01:41.348000,14.0,4.0,,,0 days 00:00:27.516000,0 days 00:00:40.409000,0 days 00:00:33.423000,0 days 00:58:39.279000,0 days 00:59:19.688000,0 days 00:59:53.111000,210.0,178.0,199.0,286.0,False,MEDIUM,11.0,False,Red Bull Racing,0 days 00:58:11.763000,,1,,False,,False,True
2021-17,FP2,0 days 01:01:34.668000,PER,11,0 days 00:01:41.557000,15.0,4.0,,,0 days 00:00:27.364000,0 days 00:00:40.591000,0 days 00:00:33.602000,0 days 01:00:20.475000,0 days 01:01:01.066000,0 days 01:01:34.668000,206.0,179.0,198.0,289.0,False,MEDIUM,12.0,False,Red Bull Racing,0 days 00:59:53.111000,,1,,False,,False,True
2021-17,FP2,0 days 01:03:17.899000,PER,11,0 days 00:01:43.231000,16.0,4.0,,,0 days 00:00:27.379000,0 days 00:00:41.530000,0 days 00:00:34.322000,0 days 01:02:02.047000,0 days 01:02:43.577000,0 days 01:03:17.899000,204.0,175.0,203.0,315.0,False,MEDIUM,13.0,False,Red Bull Racing,0 days 01:01:34.668000,,1,,False,,False,True
2021-17,FP2,0 days 01:04:58.825000,PER,11,0 days 00:01:40.926000,17.0,4.0,,,0 days 00:00:27.074000,0 days 00:00:40.383000,0 days 00:00:33.469000,0 days 01:03:44.973000,0 days 01:04:25.356000,0 days 01:04:58.825000,208.0,181.0,202.0,290.0,False,MEDIUM,14.0,False,Red Bull Racing,0 days 01:03:17.899000,,1,,False,,False,True
2021-17,FP2,0 days 01:06:39.740000,PER,11,0 days 00:01:40.915000,18.0,4.0,,,0 days 00:00:27.129000,0 days 00:00:40.408000,0 days 00:00:33.378000,0 days 01:05:25.954000,0 days 01:06:06.362000,0 days 01:06:39.740000,206.0,179.0,202.0,289.0,False,MEDIUM,15.0,False,Red Bull Racing,0 days 01:04:58.825000,,1,,False,,False,True
2021-17,FP2,0 days 01:08:21.253000,PER,11,0 days 00:01:41.513000,19.0,4.0,,,0 days 00:00:27.267000,0 days 00:00:40.716000,0 days 00:00:33.530000,0 days 01:07:07.007000,0 days 01:07:47.723000,0 days 01:08:21.253000,204.0,179.0,198.0,288.0,False,MEDIUM,16.0,False,Red Bull Racing,0 days 01:06:39.740000,,1,,False,,False,True
2021-17,FP2,0 days 01:10:03.095000,PER,11,0 days 00:01:41.842000,20.0,4.0,,,0 days 00:00:27.319000,0 days 00:00:40.884000,0 days 00:00:33.639000,0 days 01:08:48.572000,0 days 01:09:29.456000,0 days 01:10:03.095000,208.0,178.0,199.0,287.0,False,MEDIUM,17.0,False,Red Bull Racing,0 days 01:08:21.253000,,1,,False,,False,True
2021-17,FP2,0 days 01:11:46.663000,PER,11,0 days 00:01:43.568000,21.0,4.0,,,0 days 00:00:27.262000,0 days 00:00:41.021000,0 days 00:00:35.285000,0 days 01:10:30.357000,0 days 01:11:11.378000,0 days 01:11:46.663000,206.0,179.0,200.0,290.0,False,MEDIUM,18.0,False,Red Bull Racing,0 days 01:10:03.095000,,12,,False,,False,True
2021-17,FP2,0 days 01:13:29.907000,PER,11,0 days 00:01:43.244000,22.0,4.0,,,0 days 00:00:27.683000,0 days 00:00:41.511000,0 days 00:00:34.050000,0 days 01:12:14.346000,0 days 01:12:55.857000,0 days 01:13:29.907000,203.0,179.0,199.0,288.0,False,MEDIUM,19.0,False,Red Bull Racing,0 days 01:11:46.663000,,1,,True,TRACK LIMITS AT TURN 9,False,True
2021-17,FP2,0 days 01:15:12.540000,PER,11,0 days 00:01:42.633000,23.0,4.0,,,0 days 00:00:27.472000,0 days 00:00:41.433000,0 days 00:00:33.728000,0 days 01:13:57.379000,0 days 01:14:38.812000,0 days 01:15:12.540000,203.0,179.0,198.0,286.0,False,MEDIUM,20.0,False,Red Bull Racing,0 days 01:13:29.907000,,1,,False,,False,True
2021-17,FP2,0 days 01:17:04.684000,PER,11,0 days 00:01:52.144000,24.0,4.0,,0 days 01:17:03.728000,0 days 00:00:27.531000,0 days 00:00:45.306000,0 days 00:00:39.307000,0 days 01:15:40.071000,0 days 01:16:25.377000,0 days 01:17:04.684000,200.0,159.0,,244.0,False,MEDIUM,21.0,False,Red Bull Racing,0 days 01:15:12.540000,,1,,False,,False,False
2021-17,FP2,0 days 00:18:57.369000,ALO,14,,1.0,1.0,0 days 00:16:25.176000,,,0 days 00:00:57.033000,0 days 00:00:59.020000,,0 days 00:17:58.349000,0 days 00:18:57.512000,130.0,133.0,213.0,178.0,False,SOFT,1.0,True,Alpine,0 days 00:16:25.176000,,1,,False,,False,False
2021-17,FP2,0 days 00:20:34.113000,ALO,14,0 days 00:01:36.744000,2.0,1.0,,,0 days 00:00:26.153000,0 days 00:00:38.539000,0 days 00:00:32.052000,0 days 00:19:23.522000,0 days 00:20:02.061000,0 days 00:20:34.113000,224.0,189.0,209.0,320.0,False,SOFT,2.0,True,Alpine,0 days 00:18:57.369000,,1,,True,TRACK LIMITS AT TURN 9,False,True
2021-17,FP2,0 days 00:23:26.211000,ALO,14,,3.0,1.0,,,0 days 00:00:46.776000,0 days 00:01:10.381000,0 days 00:00:54.934000,0 days 00:21:20.896000,0 days 00:22:31.291000,0 days 00:23:26.373000,109.0,101.0,214.0,150.0,False,SOFT,3.0,True,Alpine,0 days 00:20:34.113000,,1,,False,,False,False
2021-17,FP2,0 days 00:25:03.588000,ALO,14,0 days 00:01:37.377000,4.0,1.0,,,0 days 00:00:26.059000,0 days 00:00:38.903000,0 days 00:00:32.415000,0 days 00:23:52.270000,0 days 00:24:31.173000,0 days 00:25:03.588000,226.0,185.0,207.0,320.0,True,SOFT,4.0,True,Alpine,0 days 00:23:26.211000,,1,,False,,False,True
2021-17,FP2,0 days 00:26:54.928000,ALO,14,0 days 00:01:51.340000,5.0,1.0,,0 days 00:26:53.938000,0 days 00:00:29.127000,0 days 00:00:44.047000,0 days 00:00:38.166000,0 days 00:25:32.715000,0 days 00:26:16.762000,0 days 00:26:54.928000,207.0,160.0,,276.0,False,SOFT,5.0,True,Alpine,0 days 00:25:03.588000,,1,,False,,False,False
2021-17,FP2,0 days 00:42:18.599000,ALO,14,,6.0,2.0,0 days 00:39:47.530000,,,0 days 00:01:03.248000,0 days 00:00:51.903000,,0 days 00:41:26.705000,0 days 00:42:18.700000,140.0,109.0,211.0,160.0,False,SOFT,1.0,True,Alpine,0 days 00:26:54.928000,,12,,False,,False,False
2021-17,FP2,0 days 00:43:54.975000,ALO,14,0 days 00:01:36.376000,7.0,2.0,,,0 days 00:00:25.820000,0 days 00:00:38.585000,0 days 00:00:31.971000,0 days 00:42:44.419000,0 days 00:43:23.004000,0 days 00:43:54.975000,229.0,187.0,205.0,320.0,True,SOFT,2.0,True,Alpine,0 days 00:42:18.599000,,1,,False,,False,True
2021-17,FP2,0 days 00:46:41.182000,ALO,14,,8.0,2.0,,,0 days 00:00:40.169000,0 days 00:01:07.356000,0 days 00:00:58.698000,0 days 00:44:35.128000,0 days 00:45:42.486000,0 days 00:46:44.031000,124.0,110.0,211.0,122.0,False,SOFT,3.0,True,Alpine,0 days 00:43:54.975000,,1,,False,,False,False
2021-17,FP2,0 days 00:48:18.253000,ALO,14,0 days 00:01:37.071000,9.0,2.0,,,0 days 00:00:25.928000,0 days 00:00:39.005000,0 days 00:00:32.138000,0 days 00:47:07.110000,0 days 00:47:46.115000,0 days 00:48:18.253000,229.0,190.0,202.0,318.0,False,SOFT,4.0,True,Alpine,0 days 00:46:41.182000,,1,,False,,False,True
2021-17,FP2,0 days 00:50:04.158000,ALO,14,0 days 00:01:45.905000,10.0,2.0,,0 days 00:50:04.139000,0 days 00:00:28.213000,0 days 00:00:43.051000,0 days 00:00:34.641000,0 days 00:48:46.466000,0 days 00:49:29.517000,0 days 00:50:04.158000,204.0,171.0,,266.0,False,SOFT,5.0,True,Alpine,0 days 00:48:18.253000,,1,,False,,False,False
2021-17,FP2,0 days 00:59:26.539000,ALO,14,,11.0,3.0,0 days 00:57:46.858000,,,0 days 00:00:40.829000,0 days 00:00:33.692000,,0 days 00:58:53.467000,0 days 00:59:26.662000,212.0,178.0,202.0,296.0,False,MEDIUM,1.0,True,Alpine,0 days 00:50:04.158000,,1,,False,,False,False
2021-17,FP2,0 days 01:01:08.653000,ALO,14,0 days 00:01:42.114000,12.0,3.0,,,0 days 00:00:27.485000,0 days 00:00:40.654000,0 days 00:00:33.975000,0 days 00:59:54.024000,0 days 01:00:34.678000,0 days 01:01:08.653000,211.0,181.0,203.0,292.0,False,MEDIUM,2.0,True,Alpine,0 days 00:59:26.539000,,1,,False,,False,True
2021-17,FP2,0 days 01:02:50.726000,ALO,14,0 days 00:01:42.073000,13.0,3.0,,,0 days 00:00:27.464000,0 days 00:00:40.912000,0 days 00:00:33.697000,0 days 01:01:36.117000,0 days 01:02:17.029000,0 days 01:02:50.726000,207.0,180.0,203.0,294.0,False,MEDIUM,3.0,True,Alpine,0 days 01:01:08.653000,,1,,False,,False,True
2021-17,FP2,0 days 01:04:32.673000,ALO,14,0 days 00:01:41.947000,14.0,3.0,,,0 days 00:00:27.284000,0 days 00:00:40.875000,0 days 00:00:33.788000,0 days 01:03:18.010000,0 days 01:03:58.885000,0 days 01:04:32.673000,209.0,181.0,203.0,296.0,False,MEDIUM,4.0,True,Alpine,0 days 01:02:50.726000,,1,,False,,False,True
2021-17,FP2,0 days 01:06:14.908000,ALO,14,0 days 00:01:42.235000,15.0,3.0,,,0 days 00:00:27.361000,0 days 00:00:41.015000,0 days 00:00:33.859000,0 days 01:05:00.034000,0 days 01:05:41.049000,0 days 01:06:14.908000,204.0,180.0,201.0,293.0,False,MEDIUM,5.0,True,Alpine,0 days 01:04:32.673000,,1,,False,,False,True
2021-17,FP2,0 days 01:07:57.508000,ALO,14,0 days 00:01:42.600000,16.0,3.0,,,0 days 00:00:27.671000,0 days 00:00:41.176000,0 days 00:00:33.753000,0 days 01:06:42.579000,0 days 01:07:23.755000,0 days 01:07:57.508000,195.0,179.0,202.0,316.0,False,MEDIUM,6.0,True,Alpine,0 days 01:06:14.908000,,1,,False,,False,True
2021-17,FP2,0 days 01:09:39.741000,ALO,14,0 days 00:01:42.233000,17.0,3.0,,,0 days 00:00:27.440000,0 days 00:00:40.927000,0 days 00:00:33.866000,0 days 01:08:24.948000,0 days 01:09:05.875000,0 days 01:09:39.741000,205.0,178.0,202.0,295.0,False,MEDIUM,7.0,True,Alpine,0 days 01:07:57.508000,,1,,False,,False,True
2021-17,FP2,0 days 01:11:49.270000,ALO,14,0 days 00:02:09.529000,18.0,3.0,,0 days 01:11:47.990000,0 days 00:00:27.485000,0 days 00:00:40.807000,0 days 00:01:01.237000,0 days 01:10:07.226000,0 days 01:10:48.033000,0 days 01:11:49.270000,203.0,178.0,,296.0,False,MEDIUM,8.0,True,Alpine,0 days 01:09:39.741000,,12,,False,,False,False
2021-17,FP2,0 days 00:21:10.104000,LEC,16,,1.0,1.0,0 days 00:18:47.519000,,,0 days 00:00:55.107000,0 days 00:00:45.925000,,0 days 00:20:24.188000,0 days 00:21:10.258000,103.0,133.0,210.0,197.0,False,MEDIUM,1.0,True,Ferrari,0 days 00:18:47.519000,,1,,False,,False,False
2021-17,FP2,0 days 00:22:46.568000,LEC,16,0 days 00:01:36.464000,2.0,1.0,,,0 days 00:00:26.067000,0 days 00:00:38.305000,0 days 00:00:32.092000,0 days 00:21:36.171000,0 days 00:22:14.476000,0 days 00:22:46.568000,224.0,185.0,208.0,324.0,True,MEDIUM,2.0,True,Ferrari,0 days 00:21:10.104000,,1,,False,,False,True
2021-17,FP2,0 days 00:25:22.711000,LEC,16,,3.0,1.0,,,0 days 00:00:40.896000,0 days 00:01:01.622000,0 days 00:00:53.655000,0 days 00:23:27.466000,0 days 00:24:29.056000,0 days 00:25:22.868000,122.0,91.0,178.0,199.0,False,MEDIUM,3.0,True,Ferrari,0 days 00:22:46.568000,,1,,False,,False,False
2021-17,FP2,0 days 00:27:39.059000,LEC,16,0 days 00:02:16.348000,4.0,1.0,,,0 days 00:00:36.584000,0 days 00:00:50.481000,0 days 00:00:49.283000,0 days 00:25:59.295000,0 days 00:26:49.776000,0 days 00:27:39.059000,186.0,157.0,212.0,291.0,False,MEDIUM,4.0,True,Ferrari,0 days 00:25:22.711000,,1,,False,,False,True
2021-17,FP2,0 days 00:29:15.461000,LEC,16,0 days 00:01:36.402000,5.0,1.0,,,0 days 00:00:25.837000,0 days 00:00:38.722000,0 days 00:00:31.843000,0 days 00:28:04.896000,0 days 00:28:43.618000,0 days 00:29:15.461000,226.0,190.0,210.0,318.0,False,MEDIUM,5.0,True,Ferrari,0 days 00:27:39.059000,,1,,True,TRACK LIMITS AT TURN 9,False,True
2021-17,FP2,0 days 00:31:18.411000,LEC,16,0 days 00:02:02.950000,6.0,1.0,,0 days 00:31:17.468000,0 days 00:00:34.077000,0 days 00:00:50.052000,0 days 00:00:38.821000,0 days 00:29:49.538000,0 days 00:30:39.590000,0 days 00:31:18.411000,164.0,152.0,,194.0,False,MEDIUM,6.0,True,Ferrari,0 days 00:29:15.461000,,1,,False,,False,False
2021-17,FP2,0 days 00:41:45.824000,LEC,16,,7.0,2.0,0 days 00:39:27.519000,,,0 days 00:00:53.106000,0 days 00:00:46.781000,,0 days 00:40:59.043000,0 days 00:41:45.952000,147.0,118.0,214.0,188.0,False,SOFT,1.0,True,Ferrari,0 days 00:31:18.411000,,12,,False,,False,False
2021-17,FP2,0 days 00:43:21.396000,LEC,16,0 days 00:01:35.572000,8.0,2.0,,,0 days 00:00:25.551000,0 days 00:00:38.339000,0 days 00:00:31.682000,0 days 00:42:11.375000,0 days 00:42:49.714000,0 days 00:43:21.396000,228.0,191.0,211.0,312.0,True,SOFT,2.0,True,Ferrari,0 days 00:41:45.824000,,1,,False,,False,True
2021-17,FP2,0 days 00:45:56.436000,LEC,16,,9.0,2.0,,,0 days 00:00:39.077000,0 days 00:01:03.423000,0 days 00:00:52.535000,0 days 00:44:00.478000,0 days 00:45:04.130000,0 days 00:45:56.554000,160.0,68.0,153.0,177.0,False,SOFT,3.0,True,Ferrari,0 days 00:43:21.396000,,1,,False,,False,False
2021-17,FP2,0 days 00:48:14.665000,LEC,16,0 days 00:02:18.229000,10.0,2.0,,,0 days 00:00:37.340000,0 days 00:00:58.414000,0 days 00:00:42.475000,0 days 00:46:33.776000,0 days 00:47:32.190000,0 days 00:48:14.665000,153.0,117.0,213.0,197.0,False,SOFT,4.0,True,Ferrari,0 days 00:45:56.436000,,1,,False,,False,True
2021-17,FP2,0 days 00:49:50.664000,LEC,16,0 days 00:01:35.999000,11.0,2.0,,,0 days 00:00:25.706000,0 days 00:00:38.302000,0 days 00:00:31.991000,0 days 00:48:40.371000,0 days 00:49:18.673000,0 days 00:49:50.664000,226.0,189.0,191.0,317.0,False,SOFT,5.0,True,Ferrari,0 days 00:48:14.665000,,1,,True,TRACK LIMITS AT TURN 19,False,True
2021-17,FP2,0 days 00:51:59.843000,LEC,16,0 days 00:02:09.179000,12.0,2.0,,0 days 00:51:58.845000,0 days 00:00:33.900000,0 days 00:00:53.674000,0 days 00:00:41.605000,0 days 00:50:24.564000,0 days 00:51:18.238000,0 days 00:51:59.843000,194.0,145.0,,170.0,False,SOFT,6.0,True,Ferrari,0 days 00:49:50.664000,,1,,False,,False,False
2021-17,FP2,0 days 01:00:10.739000,LEC,16,,13.0,3.0,0 days 00:58:29.904000,,,0 days 00:00:41.328000,0 days 00:00:34.146000,,0 days 00:59:36.624000,0 days 01:00:11.145000,200.0,176.0,197.0,293.0,False,MEDIUM,7.0,False,Ferrari,0 days 00:51:59.843000,,1,,False,,False,False
2021-17,FP2,0 days 01:01:52.971000,LEC,16,0 days 00:01:42.232000,14.0,3.0,,,0 days 00:00:27.719000,0 days 00:00:40.823000,0 days 00:00:33.690000,0 days 01:00:38.458000,0 days 01:01:19.281000,0 days 01:01:52.971000,205.0,178.0,199.0,294.0,False,MEDIUM,8.0,False,Ferrari,0 days 01:00:10.739000,,1,,False,,False,True
2021-17,FP2,0 days 01:03:34.897000,LEC,16,0 days 00:01:41.926000,15.0,3.0,,,0 days 00:00:27.508000,0 days 00:00:40.723000,0 days 00:00:33.695000,0 days 01:02:20.479000,0 days 01:03:01.202000,0 days 01:03:34.897000,204.0,182.0,199.0,294.0,False,MEDIUM,9.0,False,Ferrari,0 days 01:01:52.971000,,1,,False,,False,True
2021-17,FP2,0 days 01:05:16.664000,LEC,16,0 days 00:01:41.767000,16.0,3.0,,,0 days 00:00:27.367000,0 days 00:00:40.758000,0 days 00:00:33.642000,0 days 01:04:02.264000,0 days 01:04:43.022000,0 days 01:05:16.664000,208.0,183.0,201.0,298.0,False,MEDIUM,10.0,False,Ferrari,0 days 01:03:34.897000,,1,,True,TRACK LIMITS AT TURN 9,False,True
2021-17,FP2,0 days 01:07:02.301000,LEC,16,0 days 00:01:45.637000,17.0,3.0,,,0 days 00:00:27.329000,0 days 00:00:40.937000,0 days 00:00:37.371000,0 days 01:05:43.993000,0 days 01:06:24.930000,0 days 01:07:02.301000,205.0,179.0,199.0,299.0,False,MEDIUM,11.0,False,Ferrari,0 days 01:05:16.664000,,1,,False,,False,True
2021-17,FP2,0 days 01:08:44.509000,LEC,16,0 days 00:01:42.208000,18.0,3.0,,,0 days 00:00:27.388000,0 days 00:00:40.970000,0 days 00:00:33.850000,0 days 01:07:29.689000,0 days 01:08:10.659000,0 days 01:08:44.509000,207.0,181.0,201.0,297.0,False,MEDIUM,12.0,False,Ferrari,0 days 01:07:02.301000,,1,,False,,False,True
2021-17,FP2,0 days 01:10:26.779000,LEC,16,0 days 00:01:42.270000,19.0,3.0,,,0 days 00:00:27.431000,0 days 00:00:40.821000,0 days 00:00:34.018000,0 days 01:09:11.940000,0 days 01:09:52.761000,0 days 01:10:26.779000,207.0,179.0,200.0,316.0,False,MEDIUM,13.0,False,Ferrari,0 days 01:08:44.509000,,1,,False,,False,True
2021-17,FP2,0 days 01:12:09.780000,LEC,16,0 days 00:01:43.001000,20.0,3.0,,,0 days 00:00:27.171000,0 days 00:00:41.312000,0 days 00:00:34.518000,0 days 01:10:53.950000,0 days 01:11:35.262000,0 days 01:12:09.780000,206.0,174.0,198.0,318.0,False,MEDIUM,14.0,False,Ferrari,0 days 01:10:26.779000,,12,,False,,False,True
2021-17,FP2,0 days 01:13:53.343000,LEC,16,0 days 00:01:43.563000,21.0,3.0,,,0 days 00:00:27.434000,0 days 00:00:41.433000,0 days 00:00:34.696000,0 days 01:12:37.214000,0 days 01:13:18.647000,0 days 01:13:53.343000,198.0,175.0,197.0,322.0,False,MEDIUM,15.0,False,Ferrari,0 days 01:12:09.780000,,1,,False,,False,True
2021-17,FP2,0 days 01:15:36.335000,LEC,16,0 days 00:01:42.992000,22.0,3.0,,,0 days 00:00:27.469000,0 days 00:00:41.337000,0 days 00:00:34.186000,0 days 01:14:20.812000,0 days 01:15:02.149000,0 days 01:15:36.335000,201.0,177.0,198.0,316.0,False,MEDIUM,16.0,False,Ferrari,0 days 01:13:53.343000,,1,,False,,False,True
2021-17,FP2,0 days 01:17:22.176000,LEC,16,0 days 00:01:45.841000,23.0,3.0,,0 days 01:17:21.194000,0 days 00:00:27.480000,0 days 00:00:41.550000,0 days 00:00:36.811000,0 days 01:16:03.815000,0 days 01:16:45.365000,0 days 01:17:22.176000,200.0,177.0,,319.0,False,MEDIUM,17.0,False,Ferrari,0 days 01:15:36.335000,,1,,False,,False,False
2021-17,FP2,0 days 00:17:53.022000,STR,18,,1.0,1.0,0 days 00:15:33.242000,,,0 days 00:00:48.809000,0 days 00:00:53.086000,,0 days 00:16:59.957000,0 days 00:17:53.142000,110.0,153.0,206.0,252.0,False,MEDIUM,1.0,True,Aston Martin,0 days 00:15:33.242000,,1,,False,,False,False
2021-17,FP2,0 days 00:19:30.468000,STR,18,0 days 00:01:37.446000,2.0,1.0,,,0 days 00:00:26.399000,0 days 00:00:38.994000,0 days 00:00:32.053000,0 days 00:18:19.421000,0 days 00:18:58.415000,0 days 00:19:30.468000,223.0,188.0,209.0,317.0,True,MEDIUM,2.0,True,Aston Martin,0 days 00:17:53.022000,,1,,False,,False,True
2021-17,FP2,0 days 00:22:30.379000,STR,18,,3.0,1.0,,,0 days 00:00:50.208000,0 days 00:01:06.005000,0 days 00:01:03.715000,0 days 00:20:20.659000,0 days 00:21:28.133000,0 days 00:22:30.494000,84.0,75.0,206.0,194.0,False,MEDIUM,3.0,True,Aston Martin,0 days 00:19:30.468000,,1,,False,,False,False
2021-17,FP2,0 days 00:24:07.433000,STR,18,0 days 00:01:37.054000,4.0,1.0,,,0 days 00:00:26.336000,0 days 00:00:38.702000,0 days 00:00:32.016000,0 days 00:22:56.715000,0 days 00:23:35.417000,0 days 00:24:07.433000,223.0,188.0,210.0,318.0,True,MEDIUM,4.0,True,Aston Martin,0 days 00:22:30.379000,,1,,False,,False,True
2021-17,FP2,0 days 00:26:08.416000,STR,18,0 days 00:02:00.983000,5.0,1.0,,0 days 00:26:07.765000,0 days 00:00:31.366000,0 days 00:00:45.411000,0 days 00:00:44.206000,0 days 00:24:38.799000,0 days 00:25:24.210000,0 days 00:26:08.416000,170.0,135.0,,232.0,False,MEDIUM,5.0,True,Aston Martin,0 days 00:24:07.433000,,1,,False,,False,False
2021-17,FP2,0 days 00:35:07.276000,STR,18,,6.0,2.0,0 days 00:33:00.530000,,,0 days 00:00:47.441000,0 days 00:00:41.614000,,0 days 00:34:25.666000,0 days 00:35:07.397000,143.0,152.0,213.0,277.0,False,SOFT,1.0,True,Aston Martin,0 days 00:26:08.416000,,12,,False,,False,False
2021-17,FP2,0 days 00:36:42.837000,STR,18,0 days 00:01:35.561000,7.0,2.0,,,0 days 00:00:25.903000,0 days 00:00:38.130000,0 days 00:00:31.528000,0 days 00:35:33.179000,0 days 00:36:11.309000,0 days 00:36:42.837000,229.0,192.0,209.0,319.0,True,SOFT,2.0,True,Aston Martin,0 days 00:35:07.276000,,1,,False,,False,True
2021-17,FP2,0 days 00:38:54.259000,STR,18,0 days 00:02:11.422000,8.0,2.0,,0 days 00:38:53.485000,0 days 00:00:45.458000,0 days 00:00:46.083000,0 days 00:00:39.881000,0 days 00:37:28.295000,0 days 00:38:14.378000,0 days 00:38:54.259000,140.0,152.0,,261.0,False,SOFT,3.0,True,Aston Martin,0 days 00:36:42.837000,,1,,False,,False,False
2021-17,FP2,0 days 00:49:08.647000,STR,18,,9.0,3.0,0 days 00:47:16.078000,,,0 days 00:00:43.778000,0 days 00:00:40.705000,,0 days 00:48:27.970000,0 days 00:49:09.213000,174.0,179.0,197.0,288.0,False,MEDIUM,6.0,False,Aston Martin,0 days 00:38:54.259000,,1,,False,,False,False
2021-17,FP2,0 days 00:50:50.292000,STR,18,0 days 00:01:41.645000,10.0,3.0,,,0 days 00:00:27.694000,0 days 00:00:40.559000,0 days 00:00:33.392000,0 days 00:49:36.341000,0 days 00:50:16.900000,0 days 00:50:50.292000,199.0,183.0,201.0,291.0,False,MEDIUM,7.0,False,Aston Martin,0 days 00:49:08.647000,,1,,False,,False,True
2021-17,FP2,0 days 00:52:32.285000,STR,18,0 days 00:01:41.993000,11.0,3.0,,,0 days 00:00:27.915000,0 days 00:00:40.445000,0 days 00:00:33.633000,0 days 00:51:18.207000,0 days 00:51:58.652000,0 days 00:52:32.285000,202.0,182.0,201.0,287.0,False,MEDIUM,8.0,False,Aston Martin,0 days 00:50:50.292000,,1,,False,,False,True
2021-17,FP2,0 days 00:54:14.553000,STR,18,0 days 00:01:42.268000,12.0,3.0,,,0 days 00:00:27.821000,0 days 00:00:40.662000,0 days 00:00:33.785000,0 days 00:53:00.106000,0 days 00:53:40.768000,0 days 00:54:14.553000,198.0,183.0,201.0,286.0,False,MEDIUM,9.0,False,Aston Martin,0 days 00:52:32.285000,,1,,False,,False,True
2021-17,FP2,0 days 00:55:56.749000,STR,18,0 days 00:01:42.196000,13.0,3.0,,,0 days 00:00:27.838000,0 days 00:00:40.879000,0 days 00:00:33.479000,0 days 00:54:42.391000,0 days 00:55:23.270000,0 days 00:55:56.749000,204.0,182.0,200.0,290.0,False,MEDIUM,10.0,False,Aston Martin,0 days 00:54:14.553000,,1,,False,,False,True
2021-17,FP2,0 days 00:57:39.872000,STR,18,0 days 00:01:43.123000,14.0,3.0,,,0 days 00:00:28.062000,0 days 00:00:41.228000,0 days 00:00:33.833000,0 days 00:56:24.811000,0 days 00:57:06.039000,0 days 00:57:39.872000,197.0,183.0,200.0,293.0,False,MEDIUM,11.0,False,Aston Martin,0 days 00:55:56.749000,,1,,False,,False,True
2021-17,FP2,0 days 00:59:22.586000,STR,18,0 days 00:01:42.714000,15.0,3.0,,,0 days 00:00:27.982000,0 days 00:00:40.885000,0 days 00:00:33.847000,0 days 00:58:07.854000,0 days 00:58:48.739000,0 days 00:59:22.586000,203.0,182.0,200.0,295.0,False,MEDIUM,12.0,False,Aston Martin,0 days 00:57:39.872000,,1,,True,TRACK LIMITS AT TURN 19,False,True
2021-17,FP2,0 days 01:01:05.712000,STR,18,0 days 00:01:43.126000,16.0,3.0,,,0 days 00:00:27.850000,0 days 00:00:41.349000,0 days 00:00:33.927000,0 days 00:59:50.436000,0 days 01:00:31.785000,0 days 01:01:05.712000,200.0,178.0,201.0,285.0,False,MEDIUM,13.0,False,Aston Martin,0 days 00:59:22.586000,,1,,False,,False,True
2021-17,FP2,0 days 01:02:48.804000,STR,18,0 days 00:01:43.092000,17.0,3.0,,,0 days 00:00:27.887000,0 days 00:00:41.226000,0 days 00:00:33.979000,0 days 01:01:33.599000,0 days 01:02:14.825000,0 days 01:02:48.804000,202.0,180.0,201.0,285.0,False,MEDIUM,14.0,False,Aston Martin,0 days 01:01:05.712000,,1,,False,,False,True
2021-17,FP2,0 days 01:04:31.136000,STR,18,0 days 00:01:42.332000,18.0,3.0,,,0 days 00:00:27.635000,0 days 00:00:40.906000,0 days 00:00:33.791000,0 days 01:03:16.439000,0 days 01:03:57.345000,0 days 01:04:31.136000,202.0,182.0,200.0,291.0,False,MEDIUM,15.0,False,Aston Martin,0 days 01:02:48.804000,,1,,False,,False,True
2021-17,FP2,0 days 01:06:13.537000,STR,18,0 days 00:01:42.401000,19.0,3.0,,,0 days 00:00:27.453000,0 days 00:00:40.929000,0 days 00:00:34.019000,0 days 01:04:58.589000,0 days 01:05:39.518000,0 days 01:06:13.537000,202.0,183.0,201.0,291.0,False,MEDIUM,16.0,False,Aston Martin,0 days 01:04:31.136000,,1,,False,,False,True
2021-17,FP2,0 days 01:08:00.712000,STR,18,0 days 00:01:47.175000,20.0,3.0,,0 days 01:08:01.023000,0 days 00:00:28.146000,0 days 00:00:43.838000,0 days 00:00:35.191000,0 days 01:06:41.683000,0 days 01:07:25.521000,0 days 01:08:00.712000,193.0,178.0,,291.0,False,MEDIUM,17.0,False,Aston Martin,0 days 01:06:13.537000,,1,,False,,False,False
2021-17,FP2,0 days 01:10:13.081000,STR,18,0 days 00:02:12.369000,21.0,4.0,0 days 01:08:34.528000,,0 days 00:00:58.707000,0 days 00:00:40.340000,0 days 00:00:33.322000,0 days 01:08:59.419000,0 days 01:09:39.759000,0 days 01:10:13.081000,197.0,183.0,204.0,288.0,False,SOFT,4.0,False,Aston Martin,0 days 01:08:00.712000,,1,,False,,False,False
2021-17,FP2,0 days 01:11:54.600000,STR,18,0 days 00:01:41.519000,22.0,4.0,,,0 days 00:00:27.439000,0 days 00:00:40.454000,0 days 00:00:33.626000,0 days 01:10:40.520000,0 days 01:11:20.974000,0 days 01:11:54.600000,207.0,181.0,204.0,282.0,False,SOFT,5.0,False,Aston Martin,0 days 01:10:13.081000,,12,,False,,False,True
2021-17,FP2,0 days 01:13:36.262000,STR,18,0 days 00:01:41.662000,23.0,4.0,,,0 days 00:00:27.325000,0 days 00:00:40.501000,0 days 00:00:33.836000,0 days 01:12:21.925000,0 days 01:13:02.426000,0 days 01:13:36.262000,206.0,184.0,202.0,289.0,False,SOFT,6.0,False,Aston Martin,0 days 01:11:54.600000,,1,,False,,False,True
2021-17,FP2,0 days 01:15:19.703000,STR,18,0 days 00:01:43.441000,24.0,4.0,,,0 days 00:00:27.500000,0 days 00:00:41.981000,0 days 00:00:33.960000,0 days 01:14:03.762000,0 days 01:14:45.743000,0 days 01:15:19.703000,205.0,155.0,202.0,318.0,False,SOFT,7.0,False,Aston Martin,0 days 01:13:36.262000,,1,,False,,False,True
2021-17,FP2,0 days 01:17:15.053000,STR,18,0 days 00:01:55.350000,25.0,4.0,,0 days 01:17:14.805000,0 days 00:00:34.146000,0 days 00:00:45.404000,0 days 00:00:35.800000,0 days 01:15:53.849000,0 days 01:16:39.253000,0 days 01:17:15.053000,171.0,170.0,,263.0,False,SOFT,8.0,False,Aston Martin,0 days 01:15:19.703000,,1,,False,,False,False
2021-17,FP2,0 days 00:18:19.626000,TSU,22,,1.0,1.0,0 days 00:16:01.749000,,,0 days 00:00:49.131000,0 days 00:00:55.111000,,0 days 00:17:24.593000,0 days 00:18:22.062000,141.0,156.0,203.0,244.0,False,MEDIUM,1.0,True,AlphaTauri,0 days 00:16:01.749000,,1,,False,,False,False
2021-17,FP2,0 days 00:19:57.219000,TSU,22,0 days 00:01:37.593000,2.0,1.0,,,0 days 00:00:26.402000,0 days 00:00:39.039000,0 days 00:00:32.152000,0 days 00:18:46.028000,0 days 00:19:25.067000,0 days 00:19:57.219000,228.0,187.0,208.0,317.0,True,MEDIUM,2.0,True,AlphaTauri,0 days 00:18:19.626000,,1,,False,,False,True
2021-17,FP2,0 days 00:22:45.027000,TSU,22,,3.0,1.0,,,0 days 00:00:41.950000,0 days 00:01:04.430000,0 days 00:01:01.431000,0 days 00:20:39.174000,0 days 00:21:43.625000,0 days 00:22:45.149000,119.0,96.0,207.0,245.0,False,MEDIUM,3.0,True,AlphaTauri,0 days 00:19:57.219000,,1,,False,,False,False
2021-17,FP2,0 days 00:24:22.505000,TSU,22,0 days 00:01:37.478000,4.0,1.0,,,0 days 00:00:26.179000,0 days 00:00:38.986000,0 days 00:00:32.313000,0 days 00:23:11.206000,0 days 00:23:50.192000,0 days 00:24:22.505000,229.0,183.0,205.0,319.0,True,MEDIUM,4.0,True,AlphaTauri,0 days 00:22:45.027000,,1,,False,,False,True
2021-17,FP2,0 days 00:26:58.595000,TSU,22,,5.0,1.0,,,0 days 00:00:41.268000,0 days 00:01:01.687000,0 days 00:00:53.181000,0 days 00:25:03.801000,0 days 00:26:05.414000,0 days 00:27:02.043000,130.0,86.0,208.0,214.0,False,MEDIUM,5.0,True,AlphaTauri,0 days 00:24:22.505000,,1,,False,,False,False
2021-17,FP2,0 days 00:28:35.985000,TSU,22,0 days 00:01:37.390000,6.0,1.0,,,0 days 00:00:26.091000,0 days 00:00:38.997000,0 days 00:00:32.302000,0 days 00:27:24.686000,0 days 00:28:03.683000,0 days 00:28:35.985000,229.0,188.0,204.0,314.0,True,MEDIUM,6.0,True,AlphaTauri,0 days 00:26:58.595000,,1,,False,,False,True
2021-17,FP2,0 days 00:31:07.801000,TSU,22,,7.0,1.0,,,0 days 00:00:40.746000,0 days 00:01:00.913000,0 days 00:00:50.115000,0 days 00:29:16.796000,0 days 00:30:17.720000,0 days 00:31:07.950000,125.0,97.0,210.0,208.0,False,MEDIUM,7.0,True,AlphaTauri,0 days 00:28:35.985000,,1,,False,,False,False
2021-17,FP2,0 days 00:33:01.553000,TSU,22,0 days 00:01:53.752000,8.0,1.0,,0 days 00:33:00.530000,0 days 00:00:26.515000,0 days 00:00:43.468000,0 days 00:00:43.769000,0 days 00:31:34.316000,0 days 00:32:17.784000,0 days 00:33:01.553000,226.0,113.0,,228.0,False,MEDIUM,8.0,True,AlphaTauri,0 days 00:31:07.801000,,12,,False,,False,False
2021-17,FP2,0 days 00:42:45.515000,TSU,22,,9.0,2.0,0 days 00:40:12.468000,,,0 days 00:00:55.107000,0 days 00:01:03.458000,,0 days 00:41:42.057000,0 days 00:42:48.939000,146.0,81.0,204.0,254.0,False,SOFT,1.0,True,AlphaTauri,0 days 00:33:01.553000,,1,,False,,False,False
2021-17,FP2,0 days 00:44:22.205000,TSU,22,0 days 00:01:36.690000,10.0,2.0,,,0 days 00:00:25.923000,0 days 00:00:38.734000,0 days 00:00:32.033000,0 days 00:43:11.438000,0 days 00:43:50.172000,0 days 00:44:22.205000,231.0,186.0,199.0,315.0,False,SOFT,2.0,True,AlphaTauri,0 days 00:42:45.515000,,1,,True,TRACK LIMITS AT TURN 19,False,True
2021-17,FP2,0 days 00:47:11.785000,TSU,22,,11.0,2.0,,,0 days 00:00:42.564000,0 days 00:01:07.613000,0 days 00:00:59.328000,0 days 00:45:04.988000,0 days 00:46:12.457000,0 days 00:47:11.835000,128.0,91.0,123.0,136.0,False,SOFT,3.0,True,AlphaTauri,0 days 00:44:22.205000,,1,,False,,False,False
2021-17,FP2,0 days 00:49:53.240000,TSU,22,,12.0,2.0,,,0 days 00:00:47.101000,0 days 00:00:59.020000,0 days 00:00:55.418000,0 days 00:47:58.839000,0 days 00:48:57.883000,0 days 00:49:55.676000,122.0,101.0,209.0,243.0,False,SOFT,4.0,True,AlphaTauri,0 days 00:47:11.785000,,1,,False,,False,False
2021-17,FP2,0 days 00:51:30.223000,TSU,22,0 days 00:01:36.983000,13.0,2.0,,,0 days 00:00:25.948000,0 days 00:00:38.816000,0 days 00:00:32.219000,0 days 00:50:19.188000,0 days 00:50:58.004000,0 days 00:51:30.223000,231.0,187.0,205.0,314.0,True,SOFT,5.0,True,AlphaTauri,0 days 00:49:53.240000,,1,,False,,False,True
2021-17,FP2,0 days 00:53:37.973000,TSU,22,0 days 00:02:07.750000,14.0,2.0,,0 days 00:53:37.044000,0 days 00:00:37.330000,0 days 00:00:50.996000,0 days 00:00:39.424000,0 days 00:52:07.553000,0 days 00:52:58.549000,0 days 00:53:37.973000,143.0,129.0,,200.0,False,SOFT,6.0,True,AlphaTauri,0 days 00:51:30.223000,,1,,False,,False,False
2021-17,FP2,0 days 01:01:13.215000,TSU,22,,15.0,3.0,0 days 00:59:31.497000,,,0 days 00:00:41.316000,0 days 00:00:33.935000,,0 days 01:00:39.280000,0 days 01:01:13.410000,205.0,177.0,200.0,286.0,False,MEDIUM,9.0,False,AlphaTauri,0 days 00:53:37.973000,,1,,False,,False,False
2021-17,FP2,0 days 01:02:56.418000,TSU,22,0 days 00:01:43.203000,16.0,3.0,,,0 days 00:00:27.844000,0 days 00:00:41.125000,0 days 00:00:34.234000,0 days 01:01:41.059000,0 days 01:02:22.184000,0 days 01:02:56.418000,208.0,177.0,199.0,288.0,False,MEDIUM,10.0,False,AlphaTauri,0 days 01:01:13.215000,,1,,False,,False,True
2021-17,FP2,0 days 01:04:39.551000,TSU,22,0 days 00:01:43.133000,17.0,3.0,,,0 days 00:00:27.679000,0 days 00:00:41.310000,0 days 00:00:34.144000,0 days 01:03:24.097000,0 days 01:04:05.407000,0 days 01:04:39.551000,205.0,176.0,200.0,293.0,False,MEDIUM,11.0,False,AlphaTauri,0 days 01:02:56.418000,,1,,False,,False,True
2021-17,FP2,0 days 01:06:22.433000,TSU,22,0 days 00:01:42.882000,18.0,3.0,,,0 days 00:00:27.547000,0 days 00:00:41.030000,0 days 00:00:34.305000,0 days 01:05:07.098000,0 days 01:05:48.128000,0 days 01:06:22.433000,208.0,177.0,199.0,292.0,False,MEDIUM,12.0,False,AlphaTauri,0 days 01:04:39.551000,,1,,True,TRACK LIMITS AT TURN 19,False,True
2021-17,FP2,0 days 01:08:05.674000,TSU,22,0 days 00:01:43.241000,19.0,3.0,,,0 days 00:00:27.532000,0 days 00:00:41.356000,0 days 00:00:34.353000,0 days 01:06:49.965000,0 days 01:07:31.321000,0 days 01:08:05.674000,211.0,176.0,201.0,293.0,False,MEDIUM,13.0,False,AlphaTauri,0 days 01:06:22.433000,,1,,True,TRACK LIMITS AT TURN 9,False,True
2021-17,FP2,0 days 01:09:48.892000,TSU,22,0 days 00:01:43.218000,20.0,3.0,,,0 days 00:00:27.654000,0 days 00:00:41.447000,0 days 00:00:34.117000,0 days 01:08:33.328000,0 days 01:09:14.775000,0 days 01:09:48.892000,208.0,177.0,201.0,292.0,False,MEDIUM,14.0,False,AlphaTauri,0 days 01:08:05.674000,,1,,False,,False,True
2021-17,FP2,0 days 01:11:34.655000,TSU,22,0 days 00:01:45.763000,21.0,3.0,,,0 days 00:00:27.482000,0 days 00:00:41.474000,0 days 00:00:36.807000,0 days 01:10:16.374000,0 days 01:10:57.848000,0 days 01:11:34.655000,209.0,178.0,200.0,293.0,False,MEDIUM,15.0,False,AlphaTauri,0 days 01:09:48.892000,,12,,False,,False,True
2021-17,FP2,0 days 01:13:18.233000,TSU,22,0 days 00:01:43.578000,22.0,3.0,,,0 days 00:00:27.659000,0 days 00:00:41.720000,0 days 00:00:34.199000,0 days 01:12:02.314000,0 days 01:12:44.034000,0 days 01:13:18.233000,208.0,178.0,196.0,294.0,False,MEDIUM,16.0,False,AlphaTauri,0 days 01:11:34.655000,,1,,False,,False,True
2021-17,FP2,0 days 01:15:02.393000,TSU,22,0 days 00:01:44.160000,23.0,3.0,,,0 days 00:00:27.858000,0 days 00:00:42.063000,0 days 00:00:34.239000,0 days 01:13:46.091000,0 days 01:14:28.154000,0 days 01:15:02.393000,206.0,175.0,197.0,293.0,False,MEDIUM,17.0,False,AlphaTauri,0 days 01:13:18.233000,,1,,False,,False,True
2021-17,FP2,0 days 01:17:01.691000,TSU,22,0 days 00:01:59.298000,24.0,3.0,,0 days 01:17:01.727000,0 days 00:00:34.565000,0 days 00:00:47.164000,0 days 00:00:37.569000,0 days 01:15:36.958000,0 days 01:16:24.122000,0 days 01:17:01.691000,157.0,130.0,,221.0,False,MEDIUM,18.0,False,AlphaTauri,0 days 01:15:02.393000,,1,,False,,False,False
2021-17,FP2,0 days 00:17:31.076000,OCO,31,,1.0,1.0,0 days 00:15:18.378000,,,0 days 00:00:52.409000,0 days 00:00:44.566000,,0 days 00:16:46.510000,0 days 00:17:31.159000,142.0,123.0,205.0,200.0,False,HARD,1.0,True,Alpine,0 days 00:15:18.378000,,1,,False,,False,False
2021-17,FP2,0 days 00:19:09.216000,OCO,31,0 days 00:01:38.140000,2.0,1.0,,,0 days 00:00:26.529000,0 days 00:00:39.162000,0 days 00:00:32.449000,0 days 00:17:57.605000,0 days 00:18:36.767000,0 days 00:19:09.216000,223.0,185.0,206.0,312.0,True,HARD,2.0,True,Alpine,0 days 00:17:31.076000,,1,,False,,False,True
2021-17,FP2,0 days 00:21:45.003000,OCO,31,,3.0,1.0,,,0 days 00:00:40.792000,0 days 00:01:05.290000,0 days 00:00:49.720000,0 days 00:19:49.993000,0 days 00:20:55.285000,0 days 00:21:45.116000,119.0,104.0,208.0,150.0,False,HARD,3.0,True,Alpine,0 days 00:19:09.216000,,1,,False,,False,False
2021-17,FP2,0 days 00:23:22.443000,OCO,31,0 days 00:01:37.440000,4.0,1.0,,,0 days 00:00:26.151000,0 days 00:00:38.883000,0 days 00:00:32.406000,0 days 00:22:11.154000,0 days 00:22:50.037000,0 days 00:23:22.443000,222.0,188.0,208.0,318.0,True,HARD,4.0,True,Alpine,0 days 00:21:45.003000,,1,,False,,False,True
2021-17,FP2,0 days 00:26:03.509000,OCO,31,,5.0,1.0,,,0 days 00:00:41.383000,0 days 00:01:04.284000,0 days 00:00:55.408000,0 days 00:24:03.847000,0 days 00:25:08.101000,0 days 00:26:03.628000,139.0,104.0,204.0,168.0,False,HARD,5.0,True,Alpine,0 days 00:23:22.443000,,1,,False,,False,False
2021-17,FP2,0 days 00:28:03.737000,OCO,31,0 days 00:02:00.228000,6.0,1.0,,0 days 00:28:02.762000,0 days 00:00:35.650000,0 days 00:00:45.013000,0 days 00:00:39.565000,0 days 00:26:39.159000,0 days 00:27:24.172000,0 days 00:28:03.737000,172.0,151.0,,291.0,False,HARD,6.0,True,Alpine,0 days 00:26:03.509000,,1,,False,,False,False
2021-17,FP2,0 days 00:43:03.547000,OCO,31,,7.0,2.0,0 days 00:40:18.836000,,,0 days 00:01:03.701000,0 days 00:01:01.316000,,0 days 00:42:02.231000,0 days 00:43:03.676000,127.0,132.0,208.0,149.0,False,SOFT,1.0,True,Alpine,0 days 00:28:03.737000,,12,,False,,False,False
2021-17,FP2,0 days 00:44:39.705000,OCO,31,0 days 00:01:36.158000,8.0,2.0,,,0 days 00:00:25.940000,0 days 00:00:38.429000,0 days 00:00:31.789000,0 days 00:43:29.487000,0 days 00:44:07.916000,0 days 00:44:39.705000,229.0,188.0,210.0,317.0,True,SOFT,2.0,True,Alpine,0 days 00:43:03.547000,,1,,False,,False,True
2021-17,FP2,0 days 00:47:20.494000,OCO,31,,9.0,2.0,,,0 days 00:00:41.472000,0 days 00:01:07.615000,0 days 00:00:51.704000,0 days 00:45:21.175000,0 days 00:46:29.404000,0 days 00:47:20.629000,121.0,114.0,150.0,157.0,False,SOFT,3.0,True,Alpine,0 days 00:44:39.705000,,1,,False,,False,False
2021-17,FP2,0 days 00:49:41.214000,OCO,31,0 days 00:02:20.720000,10.0,2.0,,,0 days 00:00:40.250000,0 days 00:01:00.232000,0 days 00:00:40.238000,0 days 00:48:00.744000,0 days 00:49:00.976000,0 days 00:49:41.214000,133.0,142.0,209.0,185.0,False,SOFT,4.0,True,Alpine,0 days 00:47:20.494000,,1,,False,,False,True
2021-17,FP2,0 days 00:51:17.775000,OCO,31,0 days 00:01:36.561000,11.0,2.0,,,0 days 00:00:25.894000,0 days 00:00:38.523000,0 days 00:00:32.144000,0 days 00:50:07.108000,0 days 00:50:45.631000,0 days 00:51:17.775000,229.0,190.0,207.0,316.0,False,SOFT,5.0,True,Alpine,0 days 00:49:41.214000,,1,,False,,False,True
2021-17,FP2,0 days 00:53:16.644000,OCO,31,0 days 00:01:58.869000,12.0,2.0,,0 days 00:53:16.003000,0 days 00:00:32.121000,0 days 00:00:49.131000,0 days 00:00:37.617000,0 days 00:51:49.896000,0 days 00:52:39.027000,0 days 00:53:16.644000,174.0,161.0,,288.0,False,SOFT,6.0,True,Alpine,0 days 00:51:17.775000,,1,,False,,False,False
2021-17,FP2,0 days 01:00:35.877000,OCO,31,,13.0,3.0,0 days 00:58:55.970000,,,0 days 00:00:41.144000,0 days 00:00:34.156000,,0 days 01:00:01.774000,0 days 01:00:36.909000,205.0,176.0,199.0,296.0,False,HARD,7.0,False,Alpine,0 days 00:53:16.644000,,1,,False,,False,False
2021-17,FP2,0 days 01:02:18.113000,OCO,31,0 days 00:01:42.236000,14.0,3.0,,,0 days 00:00:27.460000,0 days 00:00:40.713000,0 days 00:00:34.063000,0 days 01:01:03.337000,0 days 01:01:44.050000,0 days 01:02:18.113000,209.0,174.0,201.0,293.0,False,HARD,8.0,False,Alpine,0 days 01:00:35.877000,,1,,False,,False,True
2021-17,FP2,0 days 01:04:00.548000,OCO,31,0 days 00:01:42.435000,15.0,3.0,,,0 days 00:00:27.296000,0 days 00:00:41.131000,0 days 00:00:34.008000,0 days 01:02:45.409000,0 days 01:03:26.540000,0 days 01:04:00.548000,199.0,177.0,200.0,298.0,False,HARD,9.0,False,Alpine,0 days 01:02:18.113000,,1,,False,,False,True
2021-17,FP2,0 days 01:05:46.587000,OCO,31,0 days 00:01:46.039000,16.0,3.0,,,0 days 00:00:27.513000,0 days 00:00:41.068000,0 days 00:00:37.458000,0 days 01:04:28.061000,0 days 01:05:09.129000,0 days 01:05:46.587000,204.0,177.0,200.0,298.0,False,HARD,10.0,False,Alpine,0 days 01:04:00.548000,,1,,False,,False,True
2021-17,FP2,0 days 01:07:28.909000,OCO,31,0 days 00:01:42.322000,17.0,3.0,,,0 days 00:00:27.345000,0 days 00:00:41.056000,0 days 00:00:33.921000,0 days 01:06:13.932000,0 days 01:06:54.988000,0 days 01:07:28.909000,209.0,178.0,199.0,294.0,False,HARD,11.0,False,Alpine,0 days 01:05:46.587000,,1,,False,,False,True
2021-17,FP2,0 days 01:09:10.863000,OCO,31,0 days 00:01:41.954000,18.0,3.0,,,0 days 00:00:27.356000,0 days 00:00:40.829000,0 days 00:00:33.769000,0 days 01:07:56.265000,0 days 01:08:37.094000,0 days 01:09:10.863000,207.0,179.0,199.0,295.0,False,HARD,12.0,False,Alpine,0 days 01:07:28.909000,,1,,False,,False,True
2021-17,FP2,0 days 01:10:53.620000,OCO,31,0 days 00:01:42.757000,19.0,3.0,,,0 days 00:00:27.489000,0 days 00:00:41.103000,0 days 00:00:34.165000,0 days 01:09:38.352000,0 days 01:10:19.455000,0 days 01:10:53.620000,207.0,179.0,198.0,295.0,False,HARD,13.0,False,Alpine,0 days 01:09:10.863000,,1,,True,TRACK LIMITS AT TURN 9,False,True
2021-17,FP2,0 days 01:12:36.404000,OCO,31,0 days 00:01:42.784000,20.0,3.0,,,0 days 00:00:27.475000,0 days 00:00:41.098000,0 days 00:00:34.211000,0 days 01:11:21.095000,0 days 01:12:02.193000,0 days 01:12:36.404000,207.0,180.0,198.0,295.0,False,HARD,14.0,False,Alpine,0 days 01:10:53.620000,,12,,False,,False,True
2021-17,FP2,0 days 01:14:19.519000,OCO,31,0 days 00:01:43.115000,21.0,3.0,,,0 days 00:00:27.588000,0 days 00:00:41.347000,0 days 00:00:34.180000,0 days 01:13:03.992000,0 days 01:13:45.339000,0 days 01:14:19.519000,203.0,178.0,198.0,288.0,False,HARD,15.0,False,Alpine,0 days 01:12:36.404000,,1,,False,,False,True
2021-17,FP2,0 days 01:16:02.759000,OCO,31,0 days 00:01:43.240000,22.0,3.0,,,0 days 00:00:27.566000,0 days 00:00:41.451000,0 days 00:00:34.223000,0 days 01:14:47.085000,0 days 01:15:28.536000,0 days 01:16:02.759000,205.0,177.0,197.0,288.0,False,HARD,16.0,False,Alpine,0 days 01:14:19.519000,,1,,False,,False,True
2021-17,FP2,0 days 01:17:57.218000,OCO,31,0 days 00:01:54.459000,23.0,3.0,,0 days 01:17:57.217000,0 days 00:00:31.242000,0 days 00:00:46.459000,0 days 00:00:36.758000,0 days 01:16:34.001000,0 days 01:17:20.460000,0 days 01:17:57.218000,182.0,144.0,,218.0,False,HARD,17.0,False,Alpine,0 days 01:16:02.759000,,1,,False,,False,False
2021-17,FP2,0 days 00:19:03.840000,VER,33,,1.0,1.0,0 days 00:16:46.094000,,,0 days 00:00:50.965000,0 days 00:00:55.881000,,0 days 00:18:07.970000,0 days 00:19:04.025000,169.0,147.0,210.0,207.0,False,MEDIUM,1.0,True,Red Bull Racing,0 days 00:16:46.094000,,1,,False,,False,False
2021-17,FP2,0 days 00:20:39.754000,VER,33,0 days 00:01:35.914000,2.0,1.0,,,0 days 00:00:25.854000,0 days 00:00:38.337000,0 days 00:00:31.723000,0 days 00:19:29.694000,0 days 00:20:08.031000,0 days 00:20:39.754000,233.0,187.0,207.0,318.0,True,MEDIUM,2.0,True,Red Bull Racing,0 days 00:19:03.840000,,1,,False,,False,True
2021-17,FP2,0 days 00:23:01.008000,VER,33,0 days 00:02:21.254000,3.0,1.0,,,0 days 00:00:41.219000,0 days 00:00:57.139000,0 days 00:00:42.896000,0 days 00:21:20.973000,0 days 00:22:18.112000,0 days 00:23:01.008000,132.0,142.0,207.0,253.0,False,MEDIUM,3.0,True,Red Bull Racing,0 days 00:20:39.754000,,1,,False,,False,True
2021-17,FP2,0 days 00:25:14.778000,VER,33,0 days 00:02:13.770000,4.0,1.0,,,0 days 00:00:36.119000,0 days 00:00:46.983000,0 days 00:00:50.668000,0 days 00:23:37.127000,0 days 00:24:24.110000,0 days 00:25:14.778000,152.0,160.0,209.0,268.0,False,MEDIUM,4.0,True,Red Bull Racing,0 days 00:23:01.008000,,1,,False,,False,True
2021-17,FP2,0 days 00:27:07.020000,VER,33,0 days 00:01:52.242000,5.0,1.0,,,0 days 00:00:25.765000,0 days 00:00:41.301000,0 days 00:00:45.176000,0 days 00:25:40.543000,0 days 00:26:21.844000,0 days 00:27:07.020000,231.0,84.0,179.0,318.0,False,MEDIUM,5.0,True,Red Bull Racing,0 days 00:25:14.778000,,1,,False,,False,True
2021-17,FP2,0 days 00:29:10.702000,VER,33,0 days 00:02:03.682000,6.0,1.0,,,0 days 00:00:35.451000,0 days 00:00:49.704000,0 days 00:00:38.527000,0 days 00:27:42.471000,0 days 00:28:32.175000,0 days 00:29:10.702000,157.0,133.0,212.0,267.0,False,MEDIUM,6.0,True,Red Bull Racing,0 days 00:27:07.020000,,1,,False,,False,True
2021-17,FP2,0 days 00:30:46.526000,VER,33,0 days 00:01:35.824000,7.0,1.0,,,0 days 00:00:25.750000,0 days 00:00:38.477000,0 days 00:00:31.597000,0 days 00:29:36.452000,0 days 00:30:14.929000,0 days 00:30:46.526000,228.0,187.0,209.0,314.0,True,MEDIUM,7.0,True,Red Bull Racing,0 days 00:29:10.702000,,1,,False,,False,True
2021-17,FP2,0 days 00:32:33.060000,VER,33,0 days 00:01:46.534000,8.0,1.0,,0 days 00:32:33.097000,0 days 00:00:28.132000,0 days 00:00:42.786000,0 days 00:00:35.616000,0 days 00:31:14.658000,0 days 00:31:57.444000,0 days 00:32:33.060000,205.0,164.0,,250.0,False,MEDIUM,8.0,True,Red Bull Racing,0 days 00:30:46.526000,,1,,False,,False,False
2021-17,FP2,0 days 00:42:59.210000,VER,33,,9.0,2.0,0 days 00:40:23.406000,,,0 days 00:00:52.897000,0 days 00:01:09.977000,,0 days 00:41:49.233000,0 days 00:42:59.384000,144.0,146.0,106.0,268.0,False,SOFT,1.0,True,Red Bull Racing,0 days 00:32:33.060000,,12,,False,,False,False
2021-17,FP2,0 days 00:45:17.532000,VER,33,0 days 00:02:18.322000,10.0,2.0,,,0 days 00:00:46.205000,0 days 00:00:55.938000,0 days 00:00:36.179000,0 days 00:43:45.415000,0 days 00:44:41.353000,0 days 00:45:17.532000,130.0,137.0,213.0,253.0,False,SOFT,2.0,True,Red Bull Racing,0 days 00:42:59.210000,,1,,False,,False,True
2021-17,FP2,0 days 00:47:02.739000,VER,33,0 days 00:01:45.207000,11.0,2.0,,0 days 00:47:01.962000,0 days 00:00:25.404000,0 days 00:00:41.993000,0 days 00:00:37.810000,0 days 00:45:42.936000,0 days 00:46:24.929000,0 days 00:47:02.739000,231.0,76.0,,312.0,False,SOFT,3.0,True,Red Bull Racing,0 days 00:45:17.532000,,1,,False,,False,False
2021-17,FP2,0 days 00:56:01.686000,VER,33,,12.0,3.0,0 days 00:54:13.285000,0 days 00:56:01.224000,,0 days 00:00:47.591000,0 days 00:00:35.651000,,0 days 00:55:26.099000,0 days 00:56:05.913000,207.0,167.0,,240.0,False,MEDIUM,9.0,False,Red Bull Racing,0 days 00:47:02.739000,,1,,False,,False,False
2021-17,FP2,0 days 00:58:30.329000,VER,33,0 days 00:02:28.643000,13.0,4.0,0 days 00:56:41.999000,,0 days 00:01:04.308000,0 days 00:00:41.058000,0 days 00:00:43.277000,0 days 00:57:05.994000,0 days 00:57:47.052000,0 days 00:58:30.329000,213.0,175.0,202.0,289.0,False,MEDIUM,10.0,False,Red Bull Racing,0 days 00:56:01.686000,,1,,False,,False,False
2021-17,FP2,0 days 01:00:17.745000,VER,33,0 days 00:01:47.416000,14.0,4.0,,,0 days 00:00:27.177000,0 days 00:00:40.802000,0 days 00:00:39.437000,0 days 00:58:57.506000,0 days 00:59:38.308000,0 days 01:00:17.745000,210.0,182.0,204.0,290.0,False,MEDIUM,11.0,False,Red Bull Racing,0 days 00:58:30.329000,,1,,False,,False,True
2021-17,FP2,0 days 01:01:59.030000,VER,33,0 days 00:01:41.285000,15.0,4.0,,,0 days 00:00:27.126000,0 days 00:00:40.752000,0 days 00:00:33.407000,0 days 01:00:44.871000,0 days 01:01:25.623000,0 days 01:01:59.030000,211.0,183.0,200.0,289.0,False,MEDIUM,12.0,False,Red Bull Racing,0 days 01:00:17.745000,,1,,False,,False,True
2021-17,FP2,0 days 01:03:40.482000,VER,33,0 days 00:01:41.452000,16.0,4.0,,,0 days 00:00:27.279000,0 days 00:00:40.898000,0 days 00:00:33.275000,0 days 01:02:26.309000,0 days 01:03:07.207000,0 days 01:03:40.482000,207.0,179.0,199.0,293.0,False,MEDIUM,13.0,False,Red Bull Racing,0 days 01:01:59.030000,,1,,False,,False,True
2021-17,FP2,0 days 01:05:22.093000,VER,33,0 days 00:01:41.611000,17.0,4.0,,,0 days 00:00:27.228000,0 days 00:00:40.981000,0 days 00:00:33.402000,0 days 01:04:07.710000,0 days 01:04:48.691000,0 days 01:05:22.093000,207.0,179.0,199.0,288.0,False,MEDIUM,14.0,False,Red Bull Racing,0 days 01:03:40.482000,,1,,False,,False,True
2021-17,FP2,0 days 01:07:03.803000,VER,33,0 days 00:01:41.710000,18.0,4.0,,,0 days 00:00:27.315000,0 days 00:00:40.886000,0 days 00:00:33.509000,0 days 01:05:49.408000,0 days 01:06:30.294000,0 days 01:07:03.803000,207.0,183.0,199.0,290.0,False,MEDIUM,15.0,False,Red Bull Racing,0 days 01:05:22.093000,,1,,False,,False,True
2021-17,FP2,0 days 01:08:49.859000,VER,33,0 days 00:01:46.056000,19.0,4.0,,,0 days 00:00:27.363000,0 days 00:00:42.410000,0 days 00:00:36.283000,0 days 01:07:31.166000,0 days 01:08:13.576000,0 days 01:08:49.859000,203.0,136.0,201.0,285.0,False,MEDIUM,16.0,False,Red Bull Racing,0 days 01:07:03.803000,,1,,False,,False,True
2021-17,FP2,0 days 01:10:31.169000,VER,33,0 days 00:01:41.310000,20.0,4.0,,,0 days 00:00:27.090000,0 days 00:00:40.778000,0 days 00:00:33.442000,0 days 01:09:16.949000,0 days 01:09:57.727000,0 days 01:10:31.169000,206.0,184.0,201.0,291.0,False,MEDIUM,17.0,False,Red Bull Racing,0 days 01:08:49.859000,,1,,False,,False,True
2021-17,FP2,0 days 01:12:17.462000,VER,33,0 days 00:01:46.293000,21.0,4.0,,,0 days 00:00:27.201000,0 days 00:00:42.383000,0 days 00:00:36.709000,0 days 01:10:58.370000,0 days 01:11:40.753000,0 days 01:12:17.462000,207.0,154.0,200.0,274.0,False,MEDIUM,18.0,False,Red Bull Racing,0 days 01:10:31.169000,,12,,False,,False,True
2021-17,FP2,0 days 01:14:01.148000,VER,33,0 days 00:01:43.686000,22.0,4.0,,,0 days 00:00:27.322000,0 days 00:00:41.094000,0 days 00:00:35.270000,0 days 01:12:44.784000,0 days 01:13:25.878000,0 days 01:14:01.148000,206.0,182.0,199.0,294.0,False,MEDIUM,19.0,False,Red Bull Racing,0 days 01:12:17.462000,,1,,False,,False,True
2021-17,FP2,0 days 01:15:51.048000,VER,33,0 days 00:01:49.900000,23.0,4.0,,0 days 01:15:50.250000,0 days 00:00:27.404000,0 days 00:00:41.565000,0 days 00:00:40.931000,0 days 01:14:28.552000,0 days 01:15:10.117000,0 days 01:15:51.048000,207.0,180.0,,296.0,False,MEDIUM,20.0,False,Red Bull Racing,0 days 01:14:01.148000,,1,,False,,False,False
2021-17,FP2,0 days 00:18:32.583000,HAM,44,,1.0,1.0,0 days 00:15:52.743000,,,0 days 00:00:53.218000,0 days 00:01:08.720000,,0 days 00:17:23.895000,0 days 00:18:32.678000,122.0,117.0,208.0,295.0,False,MEDIUM,1.0,True,Mercedes,0 days 00:15:52.743000,,1,,False,,False,False
2021-17,FP2,0 days 00:20:08.502000,HAM,44,0 days 00:01:35.919000,2.0,1.0,,,0 days 00:00:26.179000,0 days 00:00:38.224000,0 days 00:00:31.516000,0 days 00:18:58.762000,0 days 00:19:36.986000,0 days 00:20:08.502000,233.0,190.0,208.0,321.0,True,MEDIUM,2.0,True,Mercedes,0 days 00:18:32.583000,,1,,False,,False,True
2021-17,FP2,0 days 00:23:00.999000,HAM,44,,3.0,1.0,,,0 days 00:00:49.065000,0 days 00:01:17.414000,0 days 00:00:46.089000,0 days 00:20:57.496000,0 days 00:22:14.988000,0 days 00:23:01.211000,76.0,75.0,205.0,265.0,False,MEDIUM,3.0,True,Mercedes,0 days 00:20:08.502000,,1,,False,,False,False
2021-17,FP2,0 days 00:25:02.466000,HAM,44,0 days 00:02:01.467000,4.0,1.0,,,0 days 00:00:26.333000,0 days 00:00:50.860000,0 days 00:00:44.274000,0 days 00:23:27.332000,0 days 00:24:18.192000,0 days 00:25:02.466000,211.0,132.0,208.0,267.0,False,MEDIUM,4.0,True,Mercedes,0 days 00:23:00.999000,,1,,False,,False,True
2021-17,FP2,0 days 00:26:43.230000,HAM,44,0 days 00:01:40.764000,5.0,1.0,,0 days 00:26:42.256000,0 days 00:00:25.789000,0 days 00:00:38.411000,0 days 00:00:36.564000,0 days 00:25:28.255000,0 days 00:26:06.666000,0 days 00:26:43.230000,231.0,189.0,,319.0,False,MEDIUM,5.0,True,Mercedes,0 days 00:25:02.466000,,1,,False,,False,False
2021-17,FP2,0 days 00:36:59.526000,HAM,44,,6.0,2.0,0 days 00:34:36.189000,,,0 days 00:00:53.589000,0 days 00:00:50.401000,,0 days 00:36:09.449000,0 days 00:36:59.634000,118.0,79.0,213.0,291.0,False,SOFT,1.0,True,Mercedes,0 days 00:26:43.230000,,12,,False,,False,False
2021-17,FP2,0 days 00:38:34.368000,HAM,44,0 days 00:01:34.842000,7.0,2.0,,,0 days 00:00:25.449000,0 days 00:00:38.132000,0 days 00:00:31.261000,0 days 00:37:24.975000,0 days 00:38:03.107000,0 days 00:38:34.368000,235.0,190.0,207.0,317.0,False,SOFT,2.0,True,Mercedes,0 days 00:36:59.526000,,1,,True,TRACK LIMITS AT TURN 19,False,True
2021-17,FP2,0 days 00:41:37.759000,HAM,44,,8.0,2.0,,,0 days 00:00:44.553000,0 days 00:01:25.979000,0 days 00:00:52.920000,0 days 00:39:18.927000,0 days 00:40:44.888000,0 days 00:41:38.210000,91.0,87.0,143.0,118.0,False,SOFT,3.0,True,Mercedes,0 days 00:38:34.368000,,1,,False,,False,False
2021-17,FP2,0 days 00:44:01.157000,HAM,44,0 days 00:02:23.398000,9.0,2.0,,,0 days 00:00:44.174000,0 days 00:00:55.534000,0 days 00:00:43.690000,0 days 00:42:21.933000,0 days 00:43:17.467000,0 days 00:44:01.157000,106.0,129.0,211.0,274.0,False,SOFT,4.0,True,Mercedes,0 days 00:41:37.759000,,1,,False,,False,True
2021-17,FP2,0 days 00:45:36.467000,HAM,44,0 days 00:01:35.310000,10.0,2.0,,,0 days 00:00:25.477000,0 days 00:00:38.309000,0 days 00:00:31.524000,0 days 00:44:26.634000,0 days 00:45:04.943000,0 days 00:45:36.467000,236.0,190.0,206.0,318.0,True,SOFT,5.0,True,Mercedes,0 days 00:44:01.157000,,1,,False,,False,True
2021-17,FP2,0 days 00:47:20.614000,HAM,44,0 days 00:01:44.147000,11.0,2.0,,0 days 00:47:19.637000,0 days 00:00:28.341000,0 days 00:00:40.490000,0 days 00:00:35.316000,0 days 00:46:04.808000,0 days 00:46:45.298000,0 days 00:47:20.614000,203.0,185.0,,309.0,False,SOFT,6.0,True,Mercedes,0 days 00:45:36.467000,,1,,False,,False,False
2021-17,FP2,0 days 00:55:12.524000,HAM,44,,12.0,3.0,0 days 00:53:21.868000,0 days 00:55:11.404000,,0 days 00:00:43.401000,0 days 00:00:38.506000,,0 days 00:54:34.018000,0 days 00:55:14.443000,179.0,157.0,,296.0,False,MEDIUM,6.0,False,Mercedes,0 days 00:47:20.614000,,1,,False,,False,False
2021-17,FP2,0 days 00:57:58.578000,HAM,44,,13.0,4.0,0 days 00:56:12.775000,,0 days 00:01:26.024000,0 days 00:00:40.792000,0 days 00:00:39.270000,0 days 00:56:38.519000,0 days 00:57:19.405000,0 days 00:57:58.940000,204.0,176.0,206.0,301.0,False,MEDIUM,7.0,False,Mercedes,0 days 00:55:12.524000,,1,,False,,False,False
2021-17,FP2,0 days 00:59:39.548000,HAM,44,0 days 00:01:40.970000,14.0,4.0,,,0 days 00:00:27.033000,0 days 00:00:40.430000,0 days 00:00:33.507000,0 days 00:58:25.611000,0 days 00:59:06.041000,0 days 00:59:39.548000,205.0,183.0,202.0,295.0,False,MEDIUM,8.0,False,Mercedes,0 days 00:57:58.578000,,1,,False,,False,True
2021-17,FP2,0 days 01:01:20.983000,HAM,44,0 days 00:01:41.435000,15.0,4.0,,,0 days 00:00:26.996000,0 days 00:00:40.642000,0 days 00:00:33.797000,0 days 01:00:06.544000,0 days 01:00:47.186000,0 days 01:01:20.983000,211.0,182.0,199.0,297.0,False,MEDIUM,9.0,False,Mercedes,0 days 00:59:39.548000,,1,,False,,False,True
2021-17,FP2,0 days 01:03:11.005000,HAM,44,0 days 00:01:50.022000,16.0,4.0,,,0 days 00:00:27.362000,0 days 00:00:41.578000,0 days 00:00:41.082000,0 days 01:01:48.345000,0 days 01:02:29.923000,0 days 01:03:11.005000,205.0,135.0,205.0,300.0,False,MEDIUM,10.0,False,Mercedes,0 days 01:01:20.983000,,1,,False,,False,True
2021-17,FP2,0 days 01:04:51.706000,HAM,44,0 days 00:01:40.701000,17.0,4.0,,,0 days 00:00:27.028000,0 days 00:00:40.585000,0 days 00:00:33.088000,0 days 01:03:38.033000,0 days 01:04:18.618000,0 days 01:04:51.706000,209.0,181.0,202.0,296.0,False,MEDIUM,11.0,False,Mercedes,0 days 01:03:11.005000,,1,,False,,False,True
2021-17,FP2,0 days 01:06:33.168000,HAM,44,0 days 00:01:41.462000,18.0,4.0,,0 days 01:06:33.205000,0 days 00:00:27.057000,0 days 00:00:40.617000,0 days 00:00:33.788000,0 days 01:05:18.763000,0 days 01:05:59.380000,0 days 01:06:33.168000,210.0,182.0,,296.0,False,MEDIUM,12.0,False,Mercedes,0 days 01:04:51.706000,,1,,False,,False,False
2021-17,FP2,0 days 01:08:57.739000,HAM,44,0 days 00:02:24.571000,19.0,5.0,0 days 01:07:18.274000,,0 days 00:01:09.459000,0 days 00:00:40.888000,0 days 00:00:34.224000,0 days 01:07:42.627000,0 days 01:08:23.515000,0 days 01:08:57.739000,203.0,180.0,205.0,295.0,False,MEDIUM,13.0,False,Mercedes,0 days 01:06:33.168000,,1,,False,,False,False
2021-17,FP2,0 days 01:10:39.339000,HAM,44,0 days 00:01:41.600000,20.0,5.0,,,0 days 00:00:27.131000,0 days 00:00:40.774000,0 days 00:00:33.695000,0 days 01:09:24.870000,0 days 01:10:05.644000,0 days 01:10:39.339000,206.0,179.0,196.0,294.0,False,MEDIUM,14.0,False,Mercedes,0 days 01:08:57.739000,,1,,False,,False,True
2021-17,FP2,0 days 01:12:25.040000,HAM,44,0 days 00:01:45.701000,21.0,5.0,,,0 days 00:00:27.283000,0 days 00:00:41.149000,0 days 00:00:37.269000,0 days 01:11:06.622000,0 days 01:11:47.771000,0 days 01:12:25.040000,208.0,182.0,201.0,298.0,False,MEDIUM,15.0,False,Mercedes,0 days 01:10:39.339000,,12,,False,,False,True
2021-17,FP2,0 days 01:14:10.843000,HAM,44,0 days 00:01:45.803000,22.0,5.0,,0 days 01:14:10.878000,0 days 00:00:27.262000,0 days 00:00:41.378000,0 days 00:00:37.163000,0 days 01:12:52.302000,0 days 01:13:33.680000,0 days 01:14:10.843000,210.0,168.0,,290.0,False,MEDIUM,16.0,False,Mercedes,0 days 01:12:25.040000,,1,,False,,False,False
2021-17,FP2,0 days 00:18:52.106000,MSC,47,,1.0,1.0,0 days 00:16:13.711000,,,0 days 00:00:55.347000,0 days 00:01:10.704000,,0 days 00:17:41.402000,0 days 00:18:52.264000,127.0,65.0,206.0,271.0,False,MEDIUM,1.0,True,Haas F1 Team,0 days 00:16:13.711000,,1,,False,,False,False
2021-17,FP2,0 days 00:20:30.374000,MSC,47,0 days 00:01:38.268000,2.0,1.0,,,0 days 00:00:26.804000,0 days 00:00:39.177000,0 days 00:00:32.287000,0 days 00:19:18.910000,0 days 00:19:58.087000,0 days 00:20:30.374000,212.0,186.0,208.0,323.0,False,MEDIUM,2.0,True,Haas F1 Team,0 days 00:18:52.106000,,1,,True,TRACK LIMITS AT TURN 19,False,True
2021-17,FP2,0 days 00:23:10.766000,MSC,47,,3.0,1.0,,,0 days 00:00:45.051000,0 days 00:01:05.416000,0 days 00:00:49.932000,0 days 00:21:15.467000,0 days 00:22:23.215000,0 days 00:23:11.176000,103.0,123.0,205.0,196.0,False,MEDIUM,3.0,True,Haas F1 Team,0 days 00:20:30.374000,,1,,False,,False,False
2021-17,FP2,0 days 00:25:34.693000,MSC,47,0 days 00:02:23.927000,4.0,1.0,,,0 days 00:00:34.441000,0 days 00:00:51.510000,0 days 00:00:57.976000,0 days 00:23:45.207000,0 days 00:24:36.717000,0 days 00:25:34.693000,148.0,131.0,203.0,296.0,True,MEDIUM,4.0,True,Haas F1 Team,0 days 00:23:10.766000,,1,,False,,False,True
2021-17,FP2,0 days 00:27:13.490000,MSC,47,0 days 00:01:38.797000,5.0,1.0,,,0 days 00:00:26.800000,0 days 00:00:39.427000,0 days 00:00:32.570000,0 days 00:26:01.493000,0 days 00:26:40.920000,0 days 00:27:13.490000,213.0,183.0,209.0,322.0,True,MEDIUM,5.0,True,Haas F1 Team,0 days 00:25:34.693000,,1,,False,,False,True
2021-17,FP2,0 days 00:29:31.862000,MSC,47,0 days 00:02:18.372000,6.0,1.0,,,0 days 00:00:35.923000,0 days 00:01:00.069000,0 days 00:00:42.380000,0 days 00:27:49.413000,0 days 00:28:49.482000,0 days 00:29:31.862000,146.0,131.0,209.0,245.0,False,MEDIUM,6.0,True,Haas F1 Team,0 days 00:27:13.490000,,1,,False,,False,True
2021-17,FP2,0 days 00:31:12.190000,MSC,47,0 days 00:01:40.328000,7.0,1.0,,,0 days 00:00:26.487000,0 days 00:00:39.127000,0 days 00:00:34.714000,0 days 00:29:58.349000,0 days 00:30:37.476000,0 days 00:31:12.190000,217.0,188.0,201.0,323.0,False,MEDIUM,7.0,True,Haas F1 Team,0 days 00:29:31.862000,,1,,False,,False,True
2021-17,FP2,0 days 00:33:17.387000,MSC,47,0 days 00:02:05.197000,8.0,1.0,,0 days 00:33:16.451000,0 days 00:00:34.223000,0 days 00:00:50.716000,0 days 00:00:40.258000,0 days 00:31:46.413000,0 days 00:32:37.129000,0 days 00:33:17.387000,159.0,143.0,,198.0,False,MEDIUM,8.0,True,Haas F1 Team,0 days 00:31:12.190000,,12,,False,,False,False
2021-17,FP2,0 days 00:42:37.767000,MSC,47,,9.0,2.0,0 days 00:40:08.301000,,,0 days 00:00:53.429000,0 days 00:01:01.097000,,0 days 00:41:36.679000,0 days 00:42:37.899000,126.0,95.0,210.0,272.0,False,SOFT,1.0,True,Haas F1 Team,0 days 00:33:17.387000,,1,,False,,False,False
2021-17,FP2,0 days 00:44:14.808000,MSC,47,0 days 00:01:37.041000,10.0,2.0,,,0 days 00:00:26.054000,0 days 00:00:38.771000,0 days 00:00:32.216000,0 days 00:43:03.821000,0 days 00:43:42.592000,0 days 00:44:14.808000,218.0,191.0,209.0,322.0,True,SOFT,2.0,True,Haas F1 Team,0 days 00:42:37.767000,,1,,False,,False,True
2021-17,FP2,0 days 00:46:53.280000,MSC,47,,11.0,2.0,,,0 days 00:00:41.842000,0 days 00:01:02.237000,0 days 00:00:54.421000,0 days 00:44:56.622000,0 days 00:45:58.899000,0 days 00:46:55.380000,108.0,107.0,121.0,178.0,False,SOFT,3.0,True,Haas F1 Team,0 days 00:44:14.808000,,1,,False,,False,False
2021-17,FP2,0 days 00:49:25.936000,MSC,47,,12.0,2.0,,,0 days 00:00:46.349000,0 days 00:00:52.983000,0 days 00:00:53.299000,0 days 00:47:39.654000,0 days 00:48:32.664000,0 days 00:49:29.535000,135.0,122.0,208.0,208.0,False,SOFT,4.0,True,Haas F1 Team,0 days 00:46:53.280000,,1,,False,,False,False
2021-17,FP2,0 days 00:51:27.294000,MSC,47,0 days 00:02:01.358000,13.0,2.0,,0 days 00:51:26.312000,0 days 00:00:26.143000,0 days 00:00:48.677000,0 days 00:00:46.538000,0 days 00:49:52.079000,0 days 00:50:40.756000,0 days 00:51:27.294000,222.0,149.0,,198.0,False,SOFT,5.0,True,Haas F1 Team,0 days 00:49:25.936000,,1,,False,,False,False
2021-17,FP2,0 days 00:59:48.313000,MSC,47,,14.0,3.0,0 days 00:58:05.764000,,,0 days 00:00:41.701000,0 days 00:00:34.649000,,0 days 00:59:13.692000,0 days 00:59:48.460000,195.0,177.0,198.0,296.0,False,MEDIUM,9.0,False,Haas F1 Team,0 days 00:51:27.294000,,1,,False,,False,False
2021-17,FP2,0 days 01:01:33.040000,MSC,47,0 days 00:01:44.727000,15.0,3.0,,,0 days 00:00:28.444000,0 days 00:00:41.727000,0 days 00:00:34.556000,0 days 01:00:16.757000,0 days 01:00:58.484000,0 days 01:01:33.040000,199.0,179.0,197.0,297.0,False,MEDIUM,10.0,False,Haas F1 Team,0 days 00:59:48.313000,,1,,False,,False,True
2021-17,FP2,0 days 01:03:19.398000,MSC,47,0 days 00:01:46.358000,16.0,3.0,,,0 days 00:00:28.069000,0 days 00:00:42.892000,0 days 00:00:35.397000,0 days 01:02:01.109000,0 days 01:02:44.001000,0 days 01:03:19.398000,198.0,175.0,198.0,298.0,False,MEDIUM,11.0,False,Haas F1 Team,0 days 01:01:33.040000,,1,,False,,False,True
2021-17,FP2,0 days 01:05:04.143000,MSC,47,0 days 00:01:44.745000,17.0,3.0,,,0 days 00:00:27.963000,0 days 00:00:41.838000,0 days 00:00:34.944000,0 days 01:03:47.361000,0 days 01:04:29.199000,0 days 01:05:04.143000,203.0,178.0,199.0,300.0,False,MEDIUM,12.0,False,Haas F1 Team,0 days 01:03:19.398000,,1,,False,,False,True
2021-17,FP2,0 days 01:06:49.767000,MSC,47,0 days 00:01:45.624000,18.0,3.0,,,0 days 00:00:27.870000,0 days 00:00:42.912000,0 days 00:00:34.842000,0 days 01:05:32.013000,0 days 01:06:14.925000,0 days 01:06:49.767000,199.0,176.0,196.0,299.0,False,MEDIUM,13.0,False,Haas F1 Team,0 days 01:05:04.143000,,1,,False,,False,True
2021-17,FP2,0 days 01:08:36.596000,MSC,47,0 days 00:01:46.829000,19.0,3.0,,,0 days 00:00:29.433000,0 days 00:00:42.353000,0 days 00:00:35.043000,0 days 01:07:19.200000,0 days 01:08:01.553000,0 days 01:08:36.596000,193.0,179.0,197.0,299.0,False,MEDIUM,14.0,False,Haas F1 Team,0 days 01:06:49.767000,,1,,False,,False,True
2021-17,FP2,0 days 01:10:21.972000,MSC,47,0 days 00:01:45.376000,20.0,3.0,,,0 days 00:00:28.090000,0 days 00:00:42.387000,0 days 00:00:34.899000,0 days 01:09:04.686000,0 days 01:09:47.073000,0 days 01:10:21.972000,198.0,176.0,198.0,299.0,False,MEDIUM,15.0,False,Haas F1 Team,0 days 01:08:36.596000,,1,,False,,False,True
2021-17,FP2,0 days 01:12:07.234000,MSC,47,0 days 00:01:45.262000,21.0,3.0,,,0 days 00:00:28.099000,0 days 00:00:42.141000,0 days 00:00:35.022000,0 days 01:10:50.071000,0 days 01:11:32.212000,0 days 01:12:07.234000,196.0,177.0,197.0,298.0,False,MEDIUM,16.0,False,Haas F1 Team,0 days 01:10:21.972000,,12,,False,,False,True
2021-17,FP2,0 days 01:13:54.785000,MSC,47,0 days 00:01:47.551000,22.0,3.0,,,0 days 00:00:27.907000,0 days 00:00:43.155000,0 days 00:00:36.489000,0 days 01:12:35.141000,0 days 01:13:18.296000,0 days 01:13:54.785000,202.0,176.0,196.0,298.0,False,MEDIUM,17.0,False,Haas F1 Team,0 days 01:12:07.234000,,1,,False,,False,True
2021-17,FP2,0 days 01:15:40.488000,MSC,47,0 days 00:01:45.703000,23.0,3.0,,,0 days 00:00:28.392000,0 days 00:00:42.182000,0 days 00:00:35.129000,0 days 01:14:23.177000,0 days 01:15:05.359000,0 days 01:15:40.488000,195.0,181.0,197.0,301.0,False,MEDIUM,18.0,False,Haas F1 Team,0 days 01:13:54.785000,,1,,False,,False,True
2021-17,FP2,0 days 01:17:28.746000,MSC,47,0 days 00:01:48.258000,24.0,3.0,,0 days 01:17:27.791000,0 days 00:00:28.228000,0 days 00:00:43.126000,0 days 00:00:36.904000,0 days 01:16:08.716000,0 days 01:16:51.842000,0 days 01:17:28.746000,196.0,178.0,,301.0,False,MEDIUM,19.0,False,Haas F1 Team,0 days 01:15:40.488000,,1,,False,,False,False
2021-17,FP2,0 days 00:18:14.998000,SAI,55,,1.0,1.0,0 days 00:15:56.799000,,,0 days 00:00:50.694000,0 days 00:00:52.779000,,0 days 00:17:22.219000,0 days 00:18:15.199000,130.0,130.0,208.0,290.0,False,MEDIUM,1.0,True,Ferrari,0 days 00:15:56.799000,,1,,False,,False,False
2021-17,FP2,0 days 00:19:51.803000,SAI,55,0 days 00:01:36.805000,2.0,1.0,,,0 days 00:00:26.030000,0 days 00:00:38.627000,0 days 00:00:32.148000,0 days 00:18:41.028000,0 days 00:19:19.655000,0 days 00:19:51.803000,226.0,187.0,194.0,319.0,True,MEDIUM,2.0,True,Ferrari,0 days 00:18:14.998000,,1,,False,,False,True
2021-17,FP2,0 days 00:22:49.987000,SAI,55,,3.0,1.0,,,0 days 00:00:42.463000,0 days 00:01:10.266000,0 days 00:01:05.485000,0 days 00:20:34.263000,0 days 00:21:44.502000,0 days 00:22:50.113000,111.0,101.0,211.0,189.0,False,MEDIUM,3.0,True,Ferrari,0 days 00:19:51.803000,,1,,False,,False,False
2021-17,FP2,0 days 00:24:32.710000,SAI,55,0 days 00:01:42.723000,4.0,1.0,,,0 days 00:00:25.693000,0 days 00:00:38.570000,0 days 00:00:38.460000,0 days 00:23:15.680000,0 days 00:23:54.250000,0 days 00:24:32.710000,230.0,180.0,182.0,323.0,False,MEDIUM,4.0,True,Ferrari,0 days 00:22:49.987000,,1,,False,,False,True
2021-17,FP2,0 days 00:27:05.770000,SAI,55,,5.0,1.0,,,0 days 00:00:37.026000,0 days 00:01:00.624000,0 days 00:00:55.405000,0 days 00:25:09.741000,0 days 00:26:12.020000,0 days 00:27:05.890000,142.0,102.0,210.0,136.0,False,MEDIUM,5.0,True,Ferrari,0 days 00:24:32.710000,,1,,False,,False,False
2021-17,FP2,0 days 00:28:42.096000,SAI,55,0 days 00:01:36.326000,6.0,1.0,,,0 days 00:00:25.863000,0 days 00:00:38.659000,0 days 00:00:31.804000,0 days 00:27:31.633000,0 days 00:28:10.292000,0 days 00:28:42.096000,230.0,188.0,208.0,318.0,True,MEDIUM,6.0,True,Ferrari,0 days 00:27:05.770000,,1,,False,,False,True
2021-17,FP2,0 days 00:30:43.442000,SAI,55,0 days 00:02:01.346000,7.0,1.0,,0 days 00:30:43.435000,0 days 00:00:35.708000,0 days 00:00:47.609000,0 days 00:00:38.029000,0 days 00:29:17.804000,0 days 00:30:05.413000,0 days 00:30:43.442000,152.0,150.0,,272.0,False,MEDIUM,7.0,True,Ferrari,0 days 00:28:42.096000,,1,,False,,False,False
2021-17,FP2,0 days 00:33:14.829000,SAI,55,,8.0,2.0,0 days 00:31:26.648000,0 days 00:33:13.859000,0 days 00:01:10.229000,0 days 00:00:44.080000,0 days 00:00:37.068000,0 days 00:31:53.681000,0 days 00:32:37.787000,0 days 00:33:14.941000,172.0,154.0,,255.0,False,MEDIUM,8.0,False,Ferrari,0 days 00:30:43.442000,,12,,False,,False,False
2021-17,FP2,0 days 00:42:26.930000,SAI,55,,9.0,3.0,0 days 00:40:05.039000,,,0 days 00:00:56.083000,0 days 00:00:52.745000,,0 days 00:41:34.185000,0 days 00:42:30,134.0,101.0,213.0,172.0,False,SOFT,1.0,True,Ferrari,0 days 00:33:14.829000,,1,,False,,False,False
2021-17,FP2,0 days 00:44:02.849000,SAI,55,0 days 00:01:35.919000,10.0,3.0,,,0 days 00:00:25.508000,0 days 00:00:38.274000,0 days 00:00:32.137000,0 days 00:42:52.438000,0 days 00:43:30.712000,0 days 00:44:02.849000,229.0,187.0,209.0,318.0,True,SOFT,2.0,True,Ferrari,0 days 00:42:26.930000,,1,,False,,False,True
2021-17,FP2,0 days 00:46:40.311000,SAI,55,,11.0,3.0,,0 days 00:46:39.367000,0 days 00:00:39.538000,0 days 00:01:06.238000,0 days 00:00:51.702000,0 days 00:44:42.371000,0 days 00:45:48.613000,0 days 00:46:40.543000,125.0,104.0,,101.0,False,SOFT,3.0,True,Ferrari,0 days 00:44:02.849000,,1,,False,,False,False
2021-17,FP2,0 days 00:55:17.074000,SAI,55,,12.0,4.0,0 days 00:53:25.555000,0 days 00:55:16.086000,,0 days 00:00:45.117000,0 days 00:00:38.247000,,0 days 00:54:38.827000,0 days 00:55:17.140000,177.0,152.0,,267.0,False,SOFT,4.0,False,Ferrari,0 days 00:46:40.311000,,1,,False,,False,False
2021-17,FP2,0 days 00:57:51.135000,SAI,55,,13.0,5.0,0 days 00:56:09.425000,,0 days 00:01:17.074000,0 days 00:00:42.410000,0 days 00:00:34.594000,0 days 00:56:34.147000,0 days 00:57:16.926000,0 days 00:57:51.360000,201.0,165.0,202.0,292.0,False,SOFT,5.0,False,Ferrari,0 days 00:55:17.074000,,1,,False,,False,False
2021-17,FP2,0 days 00:59:33.021000,SAI,55,0 days 00:01:41.886000,14.0,5.0,,,0 days 00:00:27.361000,0 days 00:00:40.626000,0 days 00:00:33.899000,0 days 00:58:18.496000,0 days 00:58:59.122000,0 days 00:59:33.021000,210.0,178.0,200.0,295.0,False,SOFT,6.0,False,Ferrari,0 days 00:57:51.135000,,1,,False,,False,True
2021-17,FP2,0 days 01:01:19.765000,SAI,55,0 days 00:01:46.744000,15.0,5.0,,,0 days 00:00:27.503000,0 days 00:00:40.824000,0 days 00:00:38.417000,0 days 01:00:00.524000,0 days 01:00:41.348000,0 days 01:01:19.765000,205.0,179.0,202.0,299.0,False,SOFT,7.0,False,Ferrari,0 days 00:59:33.021000,,1,,False,,False,True
2021-17,FP2,0 days 01:03:01.858000,SAI,55,0 days 00:01:42.093000,16.0,5.0,,,0 days 00:00:27.418000,0 days 00:00:40.763000,0 days 00:00:33.912000,0 days 01:01:47.183000,0 days 01:02:27.946000,0 days 01:03:01.858000,210.0,180.0,201.0,297.0,False,SOFT,8.0,False,Ferrari,0 days 01:01:19.765000,,1,,False,,False,True
2021-17,FP2,0 days 01:04:43.819000,SAI,55,0 days 00:01:41.961000,17.0,5.0,,,0 days 00:00:27.499000,0 days 00:00:40.785000,0 days 00:00:33.677000,0 days 01:03:29.357000,0 days 01:04:10.142000,0 days 01:04:43.819000,205.0,182.0,200.0,297.0,False,SOFT,9.0,False,Ferrari,0 days 01:03:01.858000,,1,,False,,False,True
2021-17,FP2,0 days 01:06:25.902000,SAI,55,0 days 00:01:42.083000,18.0,5.0,,,0 days 00:00:27.388000,0 days 00:00:40.787000,0 days 00:00:33.908000,0 days 01:05:11.207000,0 days 01:05:51.994000,0 days 01:06:25.902000,207.0,179.0,200.0,297.0,False,SOFT,10.0,False,Ferrari,0 days 01:04:43.819000,,1,,False,,False,True
2021-17,FP2,0 days 01:08:08.500000,SAI,55,0 days 00:01:42.598000,19.0,5.0,,,0 days 00:00:27.534000,0 days 00:00:41.107000,0 days 00:00:33.957000,0 days 01:06:53.436000,0 days 01:07:34.543000,0 days 01:08:08.500000,207.0,178.0,199.0,298.0,False,SOFT,11.0,False,Ferrari,0 days 01:06:25.902000,,1,,False,,False,True
2021-17,FP2,0 days 01:09:51.228000,SAI,55,0 days 00:01:42.728000,20.0,5.0,,,0 days 00:00:27.513000,0 days 00:00:41.077000,0 days 00:00:34.138000,0 days 01:08:36.013000,0 days 01:09:17.090000,0 days 01:09:51.228000,205.0,181.0,198.0,298.0,False,SOFT,12.0,False,Ferrari,0 days 01:08:08.500000,,1,,False,,False,True
2021-17,FP2,0 days 01:11:40.567000,SAI,55,0 days 00:01:49.339000,21.0,5.0,,,0 days 00:00:27.591000,0 days 00:00:41.249000,0 days 00:00:40.499000,0 days 01:10:18.819000,0 days 01:11:00.068000,0 days 01:11:40.567000,202.0,179.0,188.0,298.0,False,SOFT,13.0,False,Ferrari,0 days 01:09:51.228000,,12,,False,,False,True
2021-17,FP2,0 days 01:13:23.474000,SAI,55,0 days 00:01:42.907000,22.0,5.0,,,0 days 00:00:27.719000,0 days 00:00:41.057000,0 days 00:00:34.131000,0 days 01:12:08.286000,0 days 01:12:49.343000,0 days 01:13:23.474000,203.0,181.0,198.0,295.0,False,SOFT,14.0,False,Ferrari,0 days 01:11:40.567000,,1,,False,,False,True
2021-17,FP2,0 days 01:15:06.304000,SAI,55,0 days 00:01:42.830000,23.0,5.0,,,0 days 00:00:27.602000,0 days 00:00:41.151000,0 days 00:00:34.077000,0 days 01:13:51.076000,0 days 01:14:32.227000,0 days 01:15:06.304000,203.0,180.0,197.0,297.0,False,SOFT,15.0,False,Ferrari,0 days 01:13:23.474000,,1,,False,,False,True
2021-17,FP2,0 days 01:16:53.327000,SAI,55,0 days 00:01:47.023000,24.0,5.0,,0 days 01:16:52.261000,0 days 00:00:28.149000,0 days 00:00:43.870000,0 days 00:00:35.004000,0 days 01:15:34.453000,0 days 01:16:18.323000,0 days 01:16:53.327000,201.0,166.0,,294.0,False,SOFT,16.0,False,Ferrari,0 days 01:15:06.304000,,1,,False,,False,False
2021-17,FP2,0 days 00:33:39.805000,RUS,63,,1.0,1.0,0 days 00:31:16.548000,,,0 days 00:00:56.954000,0 days 00:00:49.312000,,0 days 00:32:50.571000,0 days 00:33:39.963000,122.0,135.0,212.0,270.0,False,SOFT,1.0,True,Williams,0 days 00:31:16.548000,,12,,False,,False,False
2021-17,FP2,0 days 00:35:17.295000,RUS,63,0 days 00:01:37.490000,2.0,1.0,,,0 days 00:00:25.910000,0 days 00:00:39.008000,0 days 00:00:32.572000,0 days 00:34:05.715000,0 days 00:34:44.723000,0 days 00:35:17.295000,228.0,190.0,211.0,317.0,True,SOFT,2.0,True,Williams,0 days 00:33:39.805000,,1,,False,,False,True
2021-17,FP2,0 days 00:37:55.006000,RUS,63,,3.0,1.0,,,0 days 00:00:46.304000,0 days 00:00:59.916000,0 days 00:00:51.509000,0 days 00:36:03.618000,0 days 00:37:03.520000,0 days 00:37:56.339000,116.0,127.0,211.0,240.0,False,SOFT,3.0,True,Williams,0 days 00:35:17.295000,,1,,False,,False,False
2021-17,FP2,0 days 00:39:39.749000,RUS,63,0 days 00:01:44.743000,4.0,1.0,,0 days 00:39:39.733000,0 days 00:00:26.019000,0 days 00:00:39.339000,0 days 00:00:39.385000,0 days 00:38:21.025000,0 days 00:39:00.364000,0 days 00:39:39.749000,219.0,188.0,,313.0,False,SOFT,4.0,True,Williams,0 days 00:37:55.006000,,1,,False,,False,False
2021-17,FP2,0 days 00:48:39.990000,RUS,63,,5.0,2.0,0 days 00:46:41.189000,0 days 00:48:39.394000,,0 days 00:00:46.390000,0 days 00:00:42.857000,,0 days 00:47:57.254000,0 days 00:48:40.380000,184.0,158.0,,255.0,False,SOFT,5.0,False,Williams,0 days 00:39:39.749000,,1,,False,,False,False
2021-17,FP2,0 days 00:50:58.647000,RUS,63,0 days 00:02:18.657000,6.0,3.0,0 days 00:49:17.034000,0 days 00:50:58.023000,0 days 00:01:02.508000,0 days 00:00:41.280000,0 days 00:00:34.869000,0 days 00:49:42.498000,0 days 00:50:23.778000,0 days 00:50:58.647000,202.0,177.0,,304.0,False,SOFT,6.0,False,Williams,0 days 00:48:39.990000,,1,,False,,False,False
2021-17,FP2,0 days 00:53:02.883000,RUS,63,0 days 00:02:04.236000,7.0,4.0,0 days 00:51:21.888000,,0 days 00:00:48.115000,0 days 00:00:41.698000,0 days 00:00:34.423000,0 days 00:51:46.762000,0 days 00:52:28.460000,0 days 00:53:02.883000,196.0,177.0,201.0,284.0,False,MEDIUM,1.0,True,Williams,0 days 00:50:58.647000,,1,,False,,False,False
2021-17,FP2,0 days 00:54:46.745000,RUS,63,0 days 00:01:43.862000,8.0,4.0,,,0 days 00:00:28.111000,0 days 00:00:41.253000,0 days 00:00:34.498000,0 days 00:53:30.994000,0 days 00:54:12.247000,0 days 00:54:46.745000,205.0,175.0,201.0,282.0,False,MEDIUM,2.0,True,Williams,0 days 00:53:02.883000,,1,,False,,False,True
2021-17,FP2,0 days 00:56:29.702000,RUS,63,0 days 00:01:42.957000,9.0,4.0,,,0 days 00:00:27.650000,0 days 00:00:41.021000,0 days 00:00:34.286000,0 days 00:55:14.395000,0 days 00:55:55.416000,0 days 00:56:29.702000,198.0,177.0,202.0,289.0,False,MEDIUM,3.0,True,Williams,0 days 00:54:46.745000,,1,,False,,False,True
2021-17,FP2,0 days 00:58:15.539000,RUS,63,0 days 00:01:45.837000,10.0,4.0,,,0 days 00:00:28.401000,0 days 00:00:41.177000,0 days 00:00:36.259000,0 days 00:56:58.103000,0 days 00:57:39.280000,0 days 00:58:15.539000,190.0,175.0,204.0,314.0,False,MEDIUM,4.0,True,Williams,0 days 00:56:29.702000,,1,,False,,False,True
2021-17,FP2,0 days 00:59:59.401000,RUS,63,0 days 00:01:43.862000,11.0,4.0,,,0 days 00:00:27.719000,0 days 00:00:41.532000,0 days 00:00:34.611000,0 days 00:58:43.258000,0 days 00:59:24.790000,0 days 00:59:59.401000,198.0,179.0,200.0,286.0,False,MEDIUM,5.0,True,Williams,0 days 00:58:15.539000,,1,,False,,False,True
2021-17,FP2,0 days 01:01:44.734000,RUS,63,0 days 00:01:45.333000,12.0,4.0,,,0 days 00:00:27.801000,0 days 00:00:41.711000,0 days 00:00:35.821000,0 days 01:00:27.202000,0 days 01:01:08.913000,0 days 01:01:44.734000,202.0,176.0,204.0,291.0,False,MEDIUM,6.0,True,Williams,0 days 00:59:59.401000,,1,,False,,False,True
2021-17,FP2,0 days 01:03:28.884000,RUS,63,0 days 00:01:44.150000,13.0,4.0,,,0 days 00:00:27.759000,0 days 00:00:41.784000,0 days 00:00:34.607000,0 days 01:02:12.493000,0 days 01:02:54.277000,0 days 01:03:28.884000,194.0,171.0,204.0,289.0,False,MEDIUM,7.0,True,Williams,0 days 01:01:44.734000,,1,,False,,False,True
2021-17,FP2,0 days 01:05:12.778000,RUS,63,0 days 00:01:43.894000,14.0,4.0,,,0 days 00:00:27.698000,0 days 00:00:41.316000,0 days 00:00:34.880000,0 days 01:03:56.582000,0 days 01:04:37.898000,0 days 01:05:12.778000,194.0,171.0,203.0,291.0,False,MEDIUM,8.0,True,Williams,0 days 01:03:28.884000,,1,,False,,False,True
2021-17,FP2,0 days 01:06:56.570000,RUS,63,0 days 00:01:43.792000,15.0,4.0,,,0 days 00:00:27.683000,0 days 00:00:41.629000,0 days 00:00:34.480000,0 days 01:05:40.461000,0 days 01:06:22.090000,0 days 01:06:56.570000,194.0,174.0,204.0,290.0,False,MEDIUM,9.0,True,Williams,0 days 01:05:12.778000,,1,,False,,False,True
2021-17,FP2,0 days 01:08:40.464000,RUS,63,0 days 00:01:43.894000,16.0,4.0,,,0 days 00:00:27.911000,0 days 00:00:41.465000,0 days 00:00:34.518000,0 days 01:07:24.481000,0 days 01:08:05.946000,0 days 01:08:40.464000,193.0,173.0,201.0,290.0,False,MEDIUM,10.0,True,Williams,0 days 01:06:56.570000,,1,,False,,False,True
2021-17,FP2,0 days 01:10:24.845000,RUS,63,0 days 00:01:44.381000,17.0,4.0,,,0 days 00:00:28.324000,0 days 00:00:41.428000,0 days 00:00:34.629000,0 days 01:09:08.788000,0 days 01:09:50.216000,0 days 01:10:24.845000,192.0,174.0,202.0,296.0,False,MEDIUM,11.0,True,Williams,0 days 01:08:40.464000,,1,,False,,False,True
2021-17,FP2,0 days 01:12:08.940000,RUS,63,0 days 00:01:44.095000,18.0,4.0,,,0 days 00:00:27.864000,0 days 00:00:41.581000,0 days 00:00:34.650000,0 days 01:10:52.709000,0 days 01:11:34.290000,0 days 01:12:08.940000,190.0,168.0,204.0,297.0,False,MEDIUM,12.0,True,Williams,0 days 01:10:24.845000,,12,,False,,False,True
2021-17,FP2,0 days 01:13:52.037000,RUS,63,0 days 00:01:43.097000,19.0,4.0,,,0 days 00:00:27.576000,0 days 00:00:41.227000,0 days 00:00:34.294000,0 days 01:12:36.516000,0 days 01:13:17.743000,0 days 01:13:52.037000,199.0,178.0,203.0,325.0,False,MEDIUM,13.0,True,Williams,0 days 01:12:08.940000,,1,,False,,False,True
2021-17,FP2,0 days 01:15:34.978000,RUS,63,0 days 00:01:42.941000,20.0,4.0,,,0 days 00:00:27.580000,0 days 00:00:41.325000,0 days 00:00:34.036000,0 days 01:14:19.617000,0 days 01:15:00.942000,0 days 01:15:34.978000,198.0,175.0,202.0,294.0,False,MEDIUM,14.0,True,Williams,0 days 01:13:52.037000,,1,,False,,False,True
2021-17,FP2,0 days 01:17:27.225000,RUS,63,0 days 00:01:52.247000,21.0,4.0,,0 days 01:17:26.328000,0 days 00:00:27.494000,0 days 00:00:42.416000,0 days 00:00:42.337000,0 days 01:16:02.472000,0 days 01:16:44.888000,0 days 01:17:27.225000,196.0,134.0,,297.0,False,MEDIUM,15.0,True,Williams,0 days 01:15:34.978000,,1,,False,,False,False
2021-17,FP2,0 days 00:18:08.229000,BOT,77,,1.0,1.0,0 days 00:15:37.668000,,,0 days 00:01:03.275000,0 days 00:00:52.345000,,0 days 00:17:15.884000,0 days 00:18:10.478000,118.0,103.0,208.0,121.0,False,MEDIUM,1.0,True,Mercedes,0 days 00:15:37.668000,,1,,False,,False,False
2021-17,FP2,0 days 00:19:44.116000,BOT,77,0 days 00:01:35.887000,2.0,1.0,,,0 days 00:00:26.067000,0 days 00:00:38.249000,0 days 00:00:31.571000,0 days 00:18:34.296000,0 days 00:19:12.545000,0 days 00:19:44.116000,229.0,192.0,209.0,318.0,True,MEDIUM,2.0,True,Mercedes,0 days 00:18:08.229000,,1,,False,,False,True
2021-17,FP2,0 days 00:22:39.195000,BOT,77,,3.0,1.0,,,0 days 00:00:39.259000,0 days 00:01:14.375000,0 days 00:01:01.428000,0 days 00:20:23.416000,0 days 00:21:37.787000,0 days 00:22:39.330000,110.0,89.0,211.0,225.0,False,MEDIUM,3.0,True,Mercedes,0 days 00:19:44.116000,,1,,False,,False,False
2021-17,FP2,0 days 00:24:14.959000,BOT,77,0 days 00:01:35.764000,4.0,1.0,,,0 days 00:00:25.870000,0 days 00:00:38.220000,0 days 00:00:31.674000,0 days 00:23:05.065000,0 days 00:23:43.285000,0 days 00:24:14.959000,226.0,189.0,208.0,319.0,True,MEDIUM,4.0,True,Mercedes,0 days 00:22:39.195000,,1,,False,,False,True
2021-17,FP2,0 days 00:26:18.101000,BOT,77,0 days 00:02:03.142000,5.0,1.0,,0 days 00:26:18.059000,0 days 00:00:36.165000,0 days 00:00:47.756000,0 days 00:00:39.221000,0 days 00:24:51.124000,0 days 00:25:38.880000,0 days 00:26:18.101000,152.0,135.0,,284.0,False,MEDIUM,5.0,True,Mercedes,0 days 00:24:14.959000,,1,,False,,False,False
2021-17,FP2,0 days 00:36:30.925000,BOT,77,,6.0,2.0,0 days 00:34:05.128000,,,0 days 00:01:01.432000,0 days 00:00:45.865000,,0 days 00:35:45.062000,0 days 00:36:32.171000,132.0,104.0,211.0,140.0,False,SOFT,1.0,True,Mercedes,0 days 00:26:18.101000,,12,,False,,False,False
2021-17,FP2,0 days 00:38:06.285000,BOT,77,0 days 00:01:35.360000,7.0,2.0,,,0 days 00:00:25.685000,0 days 00:00:38.229000,0 days 00:00:31.446000,0 days 00:36:56.610000,0 days 00:37:34.839000,0 days 00:38:06.285000,229.0,189.0,209.0,317.0,True,SOFT,2.0,True,Mercedes,0 days 00:36:30.925000,,1,,False,,False,True
2021-17,FP2,0 days 00:41:05.091000,BOT,77,,8.0,2.0,,,0 days 00:00:39.747000,0 days 00:01:15.449000,0 days 00:01:03.627000,0 days 00:38:46.015000,0 days 00:40:01.488000,0 days 00:41:05.139000,115.0,90.0,109.0,124.0,False,SOFT,3.0,True,Mercedes,0 days 00:38:06.285000,,1,,False,,False,False
2021-17,FP2,0 days 00:43:44.009000,BOT,77,,9.0,2.0,,,0 days 00:00:48.744000,0 days 00:00:55.485000,0 days 00:00:54.682000,0 days 00:41:53.842000,0 days 00:42:49.742000,0 days 00:43:45.095000,119.0,79.0,210.0,205.0,False,SOFT,4.0,True,Mercedes,0 days 00:41:05.091000,,1,,False,,False,False
2021-17,FP2,0 days 00:45:19.604000,BOT,77,0 days 00:01:35.595000,10.0,2.0,,,0 days 00:00:25.723000,0 days 00:00:38.174000,0 days 00:00:31.698000,0 days 00:44:09.732000,0 days 00:44:47.906000,0 days 00:45:19.604000,230.0,191.0,208.0,316.0,False,SOFT,5.0,True,Mercedes,0 days 00:43:44.009000,,1,,False,,False,True
2021-17,FP2,0 days 00:47:26.064000,BOT,77,0 days 00:02:06.460000,11.0,2.0,,0 days 00:47:24.815000,0 days 00:00:33.714000,0 days 00:00:50.715000,0 days 00:00:42.031000,0 days 00:45:53.318000,0 days 00:46:44.033000,0 days 00:47:26.064000,173.0,127.0,,187.0,False,SOFT,6.0,True,Mercedes,0 days 00:45:19.604000,,1,,False,,False,False
2021-17,FP2,0 days 00:55:10.201000,BOT,77,,12.0,3.0,0 days 00:53:03.063000,0 days 00:55:09.271000,,0 days 00:00:53.263000,0 days 00:00:48.309000,,0 days 00:54:21.932000,0 days 00:55:10.349000,209.0,116.0,,210.0,False,MEDIUM,6.0,False,Mercedes,0 days 00:47:26.064000,,1,,False,,False,False
2021-17,FP2,0 days 00:57:34.577000,BOT,77,0 days 00:02:24.376000,13.0,4.0,0 days 00:55:46.191000,,0 days 00:01:00.048000,0 days 00:00:44.119000,0 days 00:00:40.209000,0 days 00:56:10.249000,0 days 00:56:54.368000,0 days 00:57:34.577000,195.0,166.0,204.0,285.0,False,MEDIUM,7.0,False,Mercedes,0 days 00:55:10.201000,,1,,False,,False,False
2021-17,FP2,0 days 00:59:15.100000,BOT,77,0 days 00:01:40.523000,14.0,4.0,,,0 days 00:00:27.118000,0 days 00:00:40.245000,0 days 00:00:33.160000,0 days 00:58:01.695000,0 days 00:58:41.940000,0 days 00:59:15.100000,208.0,182.0,202.0,294.0,False,MEDIUM,8.0,False,Mercedes,0 days 00:57:34.577000,,1,,False,,False,True
2021-17,FP2,0 days 01:00:56.349000,BOT,77,0 days 00:01:41.249000,15.0,4.0,,,0 days 00:00:27.353000,0 days 00:00:40.507000,0 days 00:00:33.389000,0 days 00:59:42.453000,0 days 01:00:22.960000,0 days 01:00:56.349000,213.0,181.0,201.0,296.0,False,MEDIUM,9.0,False,Mercedes,0 days 00:59:15.100000,,1,,False,,False,True
2021-17,FP2,0 days 01:02:38.036000,BOT,77,0 days 00:01:41.687000,16.0,4.0,,,0 days 00:00:27.519000,0 days 00:00:40.533000,0 days 00:00:33.635000,0 days 01:01:23.868000,0 days 01:02:04.401000,0 days 01:02:38.036000,209.0,183.0,201.0,297.0,False,MEDIUM,10.0,False,Mercedes,0 days 01:00:56.349000,,1,,False,,False,True
2021-17,FP2,0 days 01:04:19.705000,BOT,77,0 days 00:01:41.669000,17.0,4.0,,,0 days 00:00:27.306000,0 days 00:00:40.778000,0 days 00:00:33.585000,0 days 01:03:05.342000,0 days 01:03:46.120000,0 days 01:04:19.705000,208.0,183.0,201.0,301.0,False,MEDIUM,11.0,False,Mercedes,0 days 01:02:38.036000,,1,,False,,False,True
2021-17,FP2,0 days 01:06:02.756000,BOT,77,0 days 00:01:43.051000,18.0,4.0,,,0 days 00:00:27.411000,0 days 00:00:41.201000,0 days 00:00:34.439000,0 days 01:04:47.116000,0 days 01:05:28.317000,0 days 01:06:02.756000,202.0,180.0,200.0,299.0,False,MEDIUM,12.0,False,Mercedes,0 days 01:04:19.705000,,1,,False,,False,True
2021-17,FP2,0 days 01:07:46.514000,BOT,77,0 days 00:01:43.758000,19.0,4.0,,,0 days 00:00:27.583000,0 days 00:00:41.655000,0 days 00:00:34.520000,0 days 01:06:30.339000,0 days 01:07:11.994000,0 days 01:07:46.514000,203.0,183.0,203.0,301.0,False,MEDIUM,13.0,False,Mercedes,0 days 01:06:02.756000,,1,,False,,False,True
2021-17,FP2,0 days 01:09:30.053000,BOT,77,0 days 00:01:43.539000,20.0,4.0,,,0 days 00:00:27.451000,0 days 00:00:41.271000,0 days 00:00:34.817000,0 days 01:08:13.965000,0 days 01:08:55.236000,0 days 01:09:30.053000,206.0,181.0,201.0,315.0,False,MEDIUM,14.0,False,Mercedes,0 days 01:07:46.514000,,1,,True,TRACK LIMITS AT TURN 9,False,True
2021-17,FP2,0 days 01:11:45.697000,BOT,77,0 days 00:02:15.644000,21.0,4.0,,,0 days 00:00:27.615000,0 days 00:00:45.547000,0 days 00:01:02.482000,0 days 01:09:57.668000,0 days 01:10:43.215000,0 days 01:11:45.697000,200.0,70.0,199.0,302.0,False,MEDIUM,15.0,False,Mercedes,0 days 01:09:30.053000,,12,,False,,False,True
2021-17,FP2,0 days 01:13:35.299000,BOT,77,0 days 00:01:49.602000,22.0,4.0,,,0 days 00:00:27.316000,0 days 00:00:44.638000,0 days 00:00:37.648000,0 days 01:12:13.013000,0 days 01:12:57.651000,0 days 01:13:35.299000,206.0,157.0,202.0,284.0,False,MEDIUM,16.0,False,Mercedes,0 days 01:11:45.697000,,1,,False,,False,True
2021-17,FP2,0 days 01:15:17.194000,BOT,77,0 days 00:01:41.895000,23.0,4.0,,,0 days 00:00:27.167000,0 days 00:00:41.260000,0 days 00:00:33.468000,0 days 01:14:02.466000,0 days 01:14:43.726000,0 days 01:15:17.194000,211.0,179.0,200.0,294.0,False,MEDIUM,17.0,False,Mercedes,0 days 01:13:35.299000,,1,,False,,False,True
2021-17,FP2,0 days 01:17:20.124000,BOT,77,0 days 00:02:02.930000,24.0,4.0,,0 days 01:17:20.146000,0 days 00:00:34.277000,0 days 00:00:50.792000,0 days 00:00:37.861000,0 days 01:15:51.471000,0 days 01:16:42.263000,0 days 01:17:20.124000,166.0,112.0,,248.0,False,MEDIUM,18.0,False,Mercedes,0 days 01:15:17.194000,,1,,False,,False,False
2021-17,FP2,0 days 00:17:23.674000,GIO,99,,1.0,1.0,0 days 00:15:16.937000,,,0 days 00:00:49.926000,0 days 00:00:42.063000,,0 days 00:16:41.614000,0 days 00:17:23.818000,144.0,159.0,209.0,241.0,False,MEDIUM,1.0,True,Alfa Romeo Racing,0 days 00:15:16.937000,,1,,False,,False,False
2021-17,FP2,0 days 00:19:02.029000,GIO,99,0 days 00:01:38.355000,2.0,1.0,,,0 days 00:00:26.490000,0 days 00:00:38.986000,0 days 00:00:32.879000,0 days 00:17:50.164000,0 days 00:18:29.150000,0 days 00:19:02.029000,219.0,186.0,208.0,322.0,True,MEDIUM,2.0,True,Alfa Romeo Racing,0 days 00:17:23.674000,,1,,False,,False,True
2021-17,FP2,0 days 00:21:37.693000,GIO,99,,3.0,1.0,,,0 days 00:00:43.396000,0 days 00:01:04.945000,0 days 00:00:47.367000,0 days 00:19:45.438000,0 days 00:20:50.370000,0 days 00:21:37.852000,107.0,115.0,211.0,154.0,False,MEDIUM,3.0,True,Alfa Romeo Racing,0 days 00:19:02.029000,,1,,False,,False,False
2021-17,FP2,0 days 00:23:15.449000,GIO,99,0 days 00:01:37.756000,4.0,1.0,,,0 days 00:00:26.090000,0 days 00:00:38.828000,0 days 00:00:32.838000,0 days 00:22:03.783000,0 days 00:22:42.611000,0 days 00:23:15.449000,221.0,186.0,206.0,325.0,True,MEDIUM,4.0,True,Alfa Romeo Racing,0 days 00:21:37.693000,,1,,False,,False,True
2021-17,FP2,0 days 00:25:50.787000,GIO,99,,5.0,1.0,,,0 days 00:00:43.800000,0 days 00:01:04.405000,0 days 00:00:47.124000,0 days 00:23:59.295000,0 days 00:25:03.719000,0 days 00:25:52.749000,117.0,105.0,212.0,201.0,False,MEDIUM,5.0,True,Alfa Romeo Racing,0 days 00:23:15.449000,,1,,False,,False,False
2021-17,FP2,0 days 00:27:28.095000,GIO,99,0 days 00:01:37.308000,6.0,1.0,,,0 days 00:00:25.957000,0 days 00:00:38.633000,0 days 00:00:32.718000,0 days 00:26:16.744000,0 days 00:26:55.377000,0 days 00:27:28.095000,218.0,188.0,209.0,324.0,True,MEDIUM,6.0,True,Alfa Romeo Racing,0 days 00:25:50.787000,,1,,False,,False,True
2021-17,FP2,0 days 00:29:58.567000,GIO,99,,7.0,1.0,,0 days 00:29:57.587000,0 days 00:00:43.827000,0 days 00:01:01.381000,0 days 00:00:45.257000,0 days 00:28:11.929000,0 days 00:29:13.322000,0 days 00:29:58.588000,116.0,137.0,,198.0,False,MEDIUM,7.0,True,Alfa Romeo Racing,0 days 00:27:28.095000,,1,,False,,False,False
2021-17,FP2,0 days 00:32:41.384000,GIO,99,,8.0,2.0,0 days 00:30:37.931000,,0 days 00:01:11.314000,0 days 00:00:49.755000,0 days 00:00:41.776000,0 days 00:31:09.880000,0 days 00:31:59.652000,0 days 00:32:44.136000,167.0,147.0,212.0,200.0,False,MEDIUM,8.0,False,Alfa Romeo Racing,0 days 00:29:58.567000,,1,,False,,False,False
2021-17,FP2,0 days 00:34:18.916000,GIO,99,0 days 00:01:37.532000,9.0,2.0,,,0 days 00:00:26.146000,0 days 00:00:38.758000,0 days 00:00:32.628000,0 days 00:33:07.530000,0 days 00:33:46.288000,0 days 00:34:18.916000,217.0,188.0,209.0,321.0,False,MEDIUM,9.0,False,Alfa Romeo Racing,0 days 00:32:41.384000,,12,,False,,False,True
2021-17,FP2,0 days 00:36:23.282000,GIO,99,0 days 00:02:04.366000,10.0,2.0,,0 days 00:36:23.331000,0 days 00:00:33.755000,0 days 00:00:48.859000,0 days 00:00:41.752000,0 days 00:34:52.671000,0 days 00:35:41.530000,0 days 00:36:23.282000,162.0,145.0,,250.0,False,MEDIUM,10.0,False,Alfa Romeo Racing,0 days 00:34:18.916000,,1,,False,,False,False
2021-17,FP2,0 days 00:43:12.399000,GIO,99,,11.0,3.0,0 days 00:40:48.052000,,,0 days 00:00:58.754000,0 days 00:00:46.768000,,0 days 00:42:25.707000,0 days 00:43:12.548000,128.0,136.0,215.0,154.0,False,SOFT,1.0,True,Alfa Romeo Racing,0 days 00:36:23.282000,,1,,False,,False,False
2021-17,FP2,0 days 00:44:48.537000,GIO,99,0 days 00:01:36.138000,12.0,3.0,,,0 days 00:00:25.626000,0 days 00:00:38.304000,0 days 00:00:32.208000,0 days 00:43:38.025000,0 days 00:44:16.329000,0 days 00:44:48.537000,221.0,188.0,207.0,322.0,True,SOFT,2.0,True,Alfa Romeo Racing,0 days 00:43:12.399000,,1,,False,,False,True
2021-17,FP2,0 days 00:47:19.502000,GIO,99,,13.0,3.0,,0 days 00:47:18.516000,0 days 00:00:45.118000,0 days 00:00:58.062000,0 days 00:00:47.766000,0 days 00:45:33.685000,0 days 00:46:31.736000,0 days 00:47:19.630000,124.0,121.0,,151.0,False,SOFT,3.0,True,Alfa Romeo Racing,0 days 00:44:48.537000,,1,,False,,False,False
2021-17,FP2,0 days 00:50:22.559000,GIO,99,,14.0,4.0,0 days 00:48:05.506000,,0 days 00:01:19.749000,0 days 00:00:56.612000,0 days 00:00:46.731000,0 days 00:48:39.216000,0 days 00:49:35.871000,0 days 00:50:23.801000,161.0,122.0,214.0,150.0,False,SOFT,4.0,False,Alfa Romeo Racing,0 days 00:47:19.502000,,1,,False,,False,False
2021-17,FP2,0 days 00:51:59.061000,GIO,99,0 days 00:01:36.502000,15.0,4.0,,,0 days 00:00:25.676000,0 days 00:00:38.473000,0 days 00:00:32.353000,0 days 00:50:48.235000,0 days 00:51:26.708000,0 days 00:51:59.061000,222.0,190.0,208.0,323.0,False,SOFT,5.0,False,Alfa Romeo Racing,0 days 00:50:22.559000,,1,,False,,False,True
2021-17,FP2,0 days 00:54:01.465000,GIO,99,0 days 00:02:02.404000,16.0,4.0,,0 days 00:54:00.526000,0 days 00:00:31.826000,0 days 00:00:48.949000,0 days 00:00:41.629000,0 days 00:52:30.887000,0 days 00:53:19.836000,0 days 00:54:01.465000,161.0,95.0,,236.0,False,SOFT,6.0,False,Alfa Romeo Racing,0 days 00:51:59.061000,,1,,False,,False,False
2021-17,FP2,0 days 01:02:16.758000,GIO,99,,17.0,5.0,0 days 01:00:15.455000,,,0 days 00:00:48.083000,0 days 00:00:37.224000,,0 days 01:01:39.548000,0 days 01:02:16.919000,172.0,167.0,205.0,201.0,False,MEDIUM,11.0,False,Alfa Romeo Racing,0 days 00:54:01.465000,,1,,False,,False,False
2021-17,FP2,0 days 01:03:58.790000,GIO,99,0 days 00:01:42.032000,18.0,5.0,,,0 days 00:00:27.401000,0 days 00:00:40.603000,0 days 00:00:34.028000,0 days 01:02:44.159000,0 days 01:03:24.762000,0 days 01:03:58.790000,204.0,184.0,203.0,301.0,False,MEDIUM,12.0,False,Alfa Romeo Racing,0 days 01:02:16.758000,,1,,False,,False,True
2021-17,FP2,0 days 01:05:41.175000,GIO,99,0 days 00:01:42.385000,19.0,5.0,,,0 days 00:00:27.635000,0 days 00:00:40.756000,0 days 00:00:33.994000,0 days 01:04:26.425000,0 days 01:05:07.181000,0 days 01:05:41.175000,202.0,183.0,201.0,301.0,False,MEDIUM,13.0,False,Alfa Romeo Racing,0 days 01:03:58.790000,,1,,False,,False,True
2021-17,FP2,0 days 01:07:23.455000,GIO,99,0 days 00:01:42.280000,20.0,5.0,,,0 days 00:00:27.494000,0 days 00:00:40.818000,0 days 00:00:33.968000,0 days 01:06:08.669000,0 days 01:06:49.487000,0 days 01:07:23.455000,200.0,183.0,201.0,301.0,False,MEDIUM,14.0,False,Alfa Romeo Racing,0 days 01:05:41.175000,,1,,False,,False,True
2021-17,FP2,0 days 01:09:05.886000,GIO,99,0 days 00:01:42.431000,21.0,5.0,,,0 days 00:00:27.488000,0 days 00:00:40.951000,0 days 00:00:33.992000,0 days 01:07:50.943000,0 days 01:08:31.894000,0 days 01:09:05.886000,202.0,183.0,201.0,300.0,False,MEDIUM,15.0,False,Alfa Romeo Racing,0 days 01:07:23.455000,,1,,False,,False,True
2021-17,FP2,0 days 01:10:48.581000,GIO,99,0 days 00:01:42.695000,22.0,5.0,,,0 days 00:00:27.502000,0 days 00:00:41.046000,0 days 00:00:34.147000,0 days 01:09:33.388000,0 days 01:10:14.434000,0 days 01:10:48.581000,203.0,183.0,200.0,300.0,False,MEDIUM,16.0,False,Alfa Romeo Racing,0 days 01:09:05.886000,,1,,False,,False,True
2021-17,FP2,0 days 01:12:31.719000,GIO,99,0 days 00:01:43.138000,23.0,5.0,,,0 days 00:00:27.614000,0 days 00:00:41.128000,0 days 00:00:34.396000,0 days 01:11:16.195000,0 days 01:11:57.323000,0 days 01:12:31.719000,205.0,182.0,201.0,300.0,False,MEDIUM,17.0,False,Alfa Romeo Racing,0 days 01:10:48.581000,,12,,False,,False,True
2021-17,FP2,0 days 01:14:14.831000,GIO,99,0 days 00:01:43.112000,24.0,5.0,,,0 days 00:00:27.582000,0 days 00:00:41.133000,0 days 00:00:34.397000,0 days 01:12:59.301000,0 days 01:13:40.434000,0 days 01:14:14.831000,203.0,183.0,200.0,301.0,False,MEDIUM,18.0,False,Alfa Romeo Racing,0 days 01:12:31.719000,,1,,False,,False,True
2021-17,FP2,0 days 01:15:58.004000,GIO,99,0 days 00:01:43.173000,25.0,5.0,,,0 days 00:00:27.565000,0 days 00:00:41.406000,0 days 00:00:34.202000,0 days 01:14:42.396000,0 days 01:15:23.802000,0 days 01:15:58.004000,200.0,182.0,200.0,299.0,False,MEDIUM,19.0,False,Alfa Romeo Racing,0 days 01:14:14.831000,,1,,False,,False,True
2021-17,FP2,0 days 01:18:38.758000,GIO,99,,26.0,5.0,,0 days 01:18:37.656000,0 days 00:00:34.427000,0 days 00:00:50.601000,0 days 00:01:15.725000,0 days 01:16:32.834000,0 days 01:17:23.033000,0 days 01:18:43.230000,147.0,138.0,,227.0,False,MEDIUM,20.0,False,Alfa Romeo Racing,0 days 01:15:58.004000,,12,,False,,False,False
2021-17,FP3,0 days 00:38:15.767000,RIC,3,,1.0,1.0,0 days 00:35:43.354000,,,0 days 00:00:59.303000,0 days 00:00:59.623000,,0 days 00:37:16.184000,0 days 00:38:15.891000,129.0,137.0,213.0,275.0,False,SOFT,1.0,True,McLaren,0 days 00:35:43.354000,,1,,False,,False,False
2021-17,FP3,0 days 00:39:51.767000,RIC,3,0 days 00:01:36,2.0,1.0,,,0 days 00:00:25.598000,0 days 00:00:38.738000,0 days 00:00:31.664000,0 days 00:38:41.365000,0 days 00:39:20.103000,0 days 00:39:51.767000,234.0,193.0,211.0,314.0,True,SOFT,2.0,True,McLaren,0 days 00:38:15.767000,,1,,False,,False,True
2021-17,FP3,0 days 00:42:21.939000,RIC,3,,3.0,1.0,,,0 days 00:00:40.652000,0 days 00:01:06.058000,0 days 00:00:43.486000,0 days 00:40:32.459000,0 days 00:41:38.526000,0 days 00:42:22.626000,152.0,140.0,217.0,213.0,False,SOFT,3.0,True,McLaren,0 days 00:39:51.767000,,12,,False,,False,False
2021-17,FP3,0 days 00:44:04.493000,RIC,3,0 days 00:01:42.554000,4.0,1.0,,0 days 00:44:03.549000,0 days 00:00:25.763000,0 days 00:00:40.075000,0 days 00:00:36.716000,0 days 00:42:47.702000,0 days 00:43:27.777000,0 days 00:44:04.493000,222.0,152.0,,298.0,False,SOFT,4.0,True,McLaren,0 days 00:42:21.939000,,1,,False,,False,False
2021-17,FP3,0 days 00:46:22.408000,RIC,3,0 days 00:02:17.915000,5.0,2.0,0 days 00:44:32.114000,0 days 00:46:21.467000,0 days 00:00:54.461000,0 days 00:00:45.127000,0 days 00:00:38.327000,0 days 00:44:58.954000,0 days 00:45:44.081000,0 days 00:46:22.408000,106.0,146.0,,284.0,False,SOFT,5.0,False,McLaren,0 days 00:44:04.493000,,12,,False,,False,False
2021-17,FP3,0 days 01:02:07.267000,RIC,3,,6.0,3.0,0 days 00:59:24.757000,,,0 days 00:00:59.706000,0 days 00:01:03.291000,,0 days 01:01:06.990000,0 days 01:02:09.446000,106.0,114.0,215.0,168.0,False,SOFT,1.0,True,McLaren,0 days 00:46:22.408000,,1,,False,,False,False
2021-17,FP3,0 days 01:03:42.612000,RIC,3,0 days 00:01:35.345000,7.0,3.0,,,0 days 00:00:25.405000,0 days 00:00:38.471000,0 days 00:00:31.469000,0 days 01:02:32.672000,0 days 01:03:11.143000,0 days 01:03:42.612000,229.0,193.0,211.0,315.0,True,SOFT,2.0,True,McLaren,0 days 01:02:07.267000,,1,,False,,False,True
2021-17,FP3,0 days 01:06:10.404000,RIC,3,0 days 00:02:27.792000,8.0,3.0,,,0 days 00:00:44.524000,0 days 00:00:59.152000,0 days 00:00:44.116000,0 days 01:04:27.136000,0 days 01:05:26.288000,0 days 01:06:10.404000,122.0,129.0,158.0,217.0,False,SOFT,3.0,True,McLaren,0 days 01:03:42.612000,,1,,False,,False,True
2021-17,FP3,0 days 01:08:27.409000,RIC,3,0 days 00:02:17.005000,9.0,3.0,,,0 days 00:00:38.190000,0 days 00:00:55.044000,0 days 00:00:43.771000,0 days 01:06:48.594000,0 days 01:07:43.638000,0 days 01:08:27.409000,150.0,136.0,213.0,282.0,False,SOFT,4.0,True,McLaren,0 days 01:06:10.404000,,1,,False,,False,True
2021-17,FP3,0 days 01:10:06.089000,RIC,3,0 days 00:01:38.680000,10.0,3.0,,0 days 01:10:05.162000,0 days 00:00:25.550000,0 days 00:00:38.557000,0 days 00:00:34.573000,0 days 01:08:52.959000,0 days 01:09:31.516000,0 days 01:10:06.089000,232.0,193.0,,318.0,False,SOFT,5.0,True,McLaren,0 days 01:08:27.409000,,1,,False,,False,False
2021-17,FP3,0 days 01:12:23.100000,RIC,3,0 days 00:02:17.011000,11.0,4.0,0 days 01:10:32.830000,0 days 01:12:22.186000,0 days 00:00:52.687000,0 days 00:00:42.879000,0 days 00:00:41.445000,0 days 01:10:58.776000,0 days 01:11:41.655000,0 days 01:12:23.100000,191.0,111.0,,250.0,False,SOFT,6.0,False,McLaren,0 days 01:10:06.089000,,1,,False,,False,False
2021-17,FP3,0 days 00:33:04.397000,NOR,4,,1.0,1.0,0 days 00:30:49.845000,,,0 days 00:00:51.793000,0 days 00:00:48.989000,,0 days 00:32:15.445000,0 days 00:33:04.530000,159.0,105.0,215.0,274.0,False,SOFT,1.0,True,McLaren,0 days 00:30:49.845000,,1,,False,,False,False
2021-17,FP3,0 days 00:34:40.627000,NOR,4,0 days 00:01:36.230000,2.0,1.0,,,0 days 00:00:25.759000,0 days 00:00:38.622000,0 days 00:00:31.849000,0 days 00:33:30.156000,0 days 00:34:08.778000,0 days 00:34:40.627000,233.0,192.0,210.0,316.0,True,SOFT,2.0,True,McLaren,0 days 00:33:04.397000,,1,,False,,False,True
2021-17,FP3,0 days 00:37:15.027000,NOR,4,,3.0,1.0,,,0 days 00:00:47.314000,0 days 00:00:59.388000,0 days 00:00:47.692000,0 days 00:35:27.947000,0 days 00:36:27.361000,0 days 00:37:16.173000,123.0,115.0,214.0,211.0,False,SOFT,3.0,True,McLaren,0 days 00:34:40.627000,,1,,False,,False,False
2021-17,FP3,0 days 00:38:51.502000,NOR,4,0 days 00:01:36.475000,4.0,1.0,,,0 days 00:00:25.830000,0 days 00:00:38.806000,0 days 00:00:31.839000,0 days 00:37:40.857000,0 days 00:38:19.663000,0 days 00:38:51.502000,232.0,193.0,210.0,314.0,False,SOFT,4.0,True,McLaren,0 days 00:37:15.027000,,1,,False,,False,True
2021-17,FP3,0 days 00:41:33.201000,NOR,4,,5.0,1.0,,,0 days 00:00:40.058000,0 days 00:01:08.404000,0 days 00:00:53.277000,0 days 00:39:35.081000,0 days 00:40:39.985000,0 days 00:41:33.794000,111.0,75.0,215.0,167.0,False,SOFT,5.0,True,McLaren,0 days 00:38:51.502000,,1,,False,,False,False
2021-17,FP3,0 days 00:43:18.050000,NOR,4,0 days 00:01:44.849000,6.0,1.0,,0 days 00:43:17.127000,0 days 00:00:25.844000,0 days 00:00:39.096000,0 days 00:00:39.909000,0 days 00:41:59.045000,0 days 00:42:38.141000,0 days 00:43:18.050000,214.0,161.0,,309.0,False,SOFT,6.0,True,McLaren,0 days 00:41:33.201000,,12,,False,,False,False
2021-17,FP3,0 days 00:57:07.610000,NOR,4,,7.0,2.0,0 days 00:54:55.436000,,,0 days 00:00:53.990000,0 days 00:00:43.678000,,0 days 00:56:23.984000,0 days 00:57:07.772000,130.0,117.0,215.0,291.0,False,SOFT,1.0,True,McLaren,0 days 00:43:18.050000,,12,,False,,False,False
2021-17,FP3,0 days 00:58:42.555000,NOR,4,0 days 00:01:34.945000,8.0,2.0,,,0 days 00:00:25.520000,0 days 00:00:38.271000,0 days 00:00:31.154000,0 days 00:57:33.130000,0 days 00:58:11.401000,0 days 00:58:42.555000,232.0,193.0,211.0,313.0,True,SOFT,2.0,True,McLaren,0 days 00:57:07.610000,,1,,False,,False,True
2021-17,FP3,0 days 01:01:20.572000,NOR,4,,9.0,2.0,,,0 days 00:00:41.386000,0 days 00:01:04.706000,0 days 00:00:51.940000,0 days 00:59:23.953000,0 days 01:00:28.740000,0 days 01:01:20.770000,116.0,118.0,215.0,189.0,False,SOFT,3.0,True,McLaren,0 days 00:58:42.555000,,1,,False,,False,False
2021-17,FP3,0 days 01:02:56.337000,NOR,4,0 days 00:01:35.765000,10.0,2.0,,,0 days 00:00:25.608000,0 days 00:00:38.555000,0 days 00:00:31.602000,0 days 01:01:46.180000,0 days 01:02:24.735000,0 days 01:02:56.337000,227.0,192.0,212.0,314.0,False,SOFT,4.0,True,McLaren,0 days 01:01:20.572000,,1,,False,,False,True
2021-17,FP3,0 days 01:04:46.818000,NOR,4,0 days 00:01:50.481000,11.0,2.0,,0 days 01:04:46.292000,0 days 00:00:29.560000,0 days 00:00:44.442000,0 days 00:00:36.479000,0 days 01:03:25.897000,0 days 01:04:10.339000,0 days 01:04:46.818000,197.0,149.0,,224.0,False,SOFT,5.0,True,McLaren,0 days 01:02:56.337000,,1,,False,,False,False
2021-17,FP3,0 days 01:14:00.638000,NOR,4,,12.0,3.0,0 days 01:12:10.812000,0 days 01:13:59.716000,,0 days 00:00:49.286000,0 days 00:00:34.563000,,0 days 01:13:26.078000,0 days 01:14:03.182000,193.0,184.0,,203.0,False,SOFT,6.0,False,McLaren,0 days 01:04:46.818000,,1,,False,,False,False
2021-17,FP3,0 days 01:16:25.731000,NOR,4,0 days 00:02:25.093000,13.0,4.0,0 days 01:14:34.973000,0 days 01:16:24.826000,0 days 00:01:07.433000,0 days 00:00:43.419000,0 days 00:00:34.241000,0 days 01:15:08.071000,0 days 01:15:51.490000,0 days 01:16:25.731000,167.0,174.0,,238.0,False,SOFT,7.0,False,McLaren,0 days 01:14:00.638000,,1,,False,,False,False
2021-17,FP3,0 days 00:18:05.427000,VET,5,,1.0,1.0,0 days 00:16:06.437000,,,0 days 00:00:46.609000,0 days 00:00:41.297000,,0 days 00:17:24.130000,0 days 00:18:05.574000,168.0,154.0,188.0,253.0,False,MEDIUM,1.0,True,Aston Martin,0 days 00:16:06.437000,,1,,False,,False,False
2021-17,FP3,0 days 00:20:03.081000,VET,5,0 days 00:01:57.654000,2.0,1.0,,0 days 00:20:02.082000,0 days 00:00:32.537000,0 days 00:00:45.219000,0 days 00:00:39.898000,0 days 00:18:37.964000,0 days 00:19:23.183000,0 days 00:20:03.081000,165.0,149.0,,257.0,False,MEDIUM,2.0,True,Aston Martin,0 days 00:18:05.427000,,1,,False,,False,False
2021-17,FP3,0 days 00:26:40.042000,VET,5,,3.0,2.0,0 days 00:24:49.885000,,,0 days 00:00:43.922000,0 days 00:00:37.176000,,0 days 00:26:02.866000,0 days 00:26:40.337000,178.0,164.0,197.0,283.0,False,MEDIUM,1.0,True,Aston Martin,0 days 00:20:03.081000,,1,,False,,False,False
2021-17,FP3,0 days 00:28:31.387000,VET,5,0 days 00:01:51.345000,4.0,2.0,,0 days 00:28:30.424000,0 days 00:00:29.983000,0 days 00:00:43.903000,0 days 00:00:37.459000,0 days 00:27:10.025000,0 days 00:27:53.928000,0 days 00:28:31.387000,184.0,156.0,,259.0,False,MEDIUM,2.0,True,Aston Martin,0 days 00:26:40.042000,,1,,False,,False,False
2021-17,FP3,0 days 00:40:55.780000,VET,5,,5.0,3.0,0 days 00:38:12.558000,,,0 days 00:01:07.462000,0 days 00:00:57.671000,,0 days 00:39:58.109000,0 days 00:40:55.898000,128.0,112.0,210.0,153.0,False,SOFT,1.0,True,Aston Martin,0 days 00:28:31.387000,,1,,False,,False,False
2021-17,FP3,0 days 00:42:32.595000,VET,5,0 days 00:01:36.815000,6.0,3.0,,,0 days 00:00:26.304000,0 days 00:00:38.807000,0 days 00:00:31.704000,0 days 00:41:22.084000,0 days 00:42:00.891000,0 days 00:42:32.595000,223.0,192.0,210.0,311.0,True,SOFT,2.0,True,Aston Martin,0 days 00:40:55.780000,,12,,False,,False,True
2021-17,FP3,0 days 00:45:17.626000,VET,5,,7.0,3.0,,,0 days 00:00:45.407000,0 days 00:01:08.110000,0 days 00:00:51.517000,0 days 00:43:17.999000,0 days 00:44:26.128000,0 days 00:45:20.568000,116.0,110.0,131.0,148.0,False,SOFT,3.0,True,Aston Martin,0 days 00:42:32.595000,,12,,False,,False,False
2021-17,FP3,0 days 00:47:53.178000,VET,5,,8.0,3.0,,,0 days 00:00:45.626000,0 days 00:01:04.739000,0 days 00:00:45.177000,0 days 00:46:03.288000,0 days 00:47:08.006000,0 days 00:47:54.187000,120.0,137.0,209.0,86.0,False,SOFT,4.0,True,Aston Martin,0 days 00:45:17.626000,,1,,False,,False,False
2021-17,FP3,0 days 00:49:29.850000,VET,5,0 days 00:01:36.672000,9.0,3.0,,,0 days 00:00:26.209000,0 days 00:00:38.698000,0 days 00:00:31.765000,0 days 00:48:19.387000,0 days 00:48:58.085000,0 days 00:49:29.850000,225.0,191.0,210.0,313.0,True,SOFT,5.0,True,Aston Martin,0 days 00:47:53.178000,,1,,False,,False,True
2021-17,FP3,0 days 00:51:15.959000,VET,5,0 days 00:01:46.109000,10.0,3.0,,0 days 00:51:14.975000,0 days 00:00:29.263000,0 days 00:00:42.337000,0 days 00:00:34.509000,0 days 00:49:59.113000,0 days 00:50:41.450000,0 days 00:51:15.959000,197.0,179.0,,284.0,False,SOFT,6.0,True,Aston Martin,0 days 00:49:29.850000,,1,,False,,False,False
2021-17,FP3,0 days 00:53:29.306000,VET,5,0 days 00:02:13.347000,11.0,4.0,0 days 00:51:43.582000,0 days 00:53:28.340000,0 days 00:00:54.316000,0 days 00:00:43.540000,0 days 00:00:35.491000,0 days 00:52:10.275000,0 days 00:52:53.815000,0 days 00:53:29.306000,193.0,177.0,,253.0,False,SOFT,7.0,False,Aston Martin,0 days 00:51:15.959000,,1,,False,,False,False
2021-17,FP3,0 days 01:02:15.525000,VET,5,,12.0,5.0,0 days 00:59:30.099000,,,0 days 00:01:11.497000,0 days 00:00:50.138000,,0 days 01:01:25.419000,0 days 01:02:15.676000,107.0,111.0,211.0,196.0,False,SOFT,1.0,True,Aston Martin,0 days 00:53:29.306000,,1,,False,,False,False
2021-17,FP3,0 days 01:03:51.376000,VET,5,0 days 00:01:35.851000,13.0,5.0,,,0 days 00:00:25.884000,0 days 00:00:38.452000,0 days 00:00:31.515000,0 days 01:02:41.409000,0 days 01:03:19.861000,0 days 01:03:51.376000,228.0,191.0,211.0,312.0,True,SOFT,2.0,True,Aston Martin,0 days 01:02:15.525000,,1,,False,,False,True
2021-17,FP3,0 days 01:06:53.216000,VET,5,,14.0,5.0,,,0 days 00:00:43.319000,0 days 00:01:16.564000,0 days 00:01:01.923000,0 days 01:04:34.729000,0 days 01:05:51.505000,0 days 01:06:53.316000,106.0,56.0,122.0,137.0,False,SOFT,3.0,True,Aston Martin,0 days 01:03:51.376000,,1,,False,,False,False
2021-17,FP3,0 days 01:09:45.647000,VET,5,,15.0,5.0,,,0 days 00:00:48.180000,0 days 00:01:10.309000,0 days 00:00:53.939000,0 days 01:07:41.399000,0 days 01:08:51.722000,0 days 01:09:47.392000,141.0,136.0,212.0,118.0,False,SOFT,4.0,True,Aston Martin,0 days 01:06:53.216000,,1,,False,,False,False
2021-17,FP3,0 days 01:11:21.809000,VET,5,0 days 00:01:36.162000,16.0,5.0,,,0 days 00:00:25.930000,0 days 00:00:38.490000,0 days 00:00:31.742000,0 days 01:10:11.577000,0 days 01:10:50.067000,0 days 01:11:21.809000,223.0,192.0,208.0,314.0,False,SOFT,5.0,True,Aston Martin,0 days 01:09:45.647000,,1,,False,,False,True
2021-17,FP3,0 days 01:13:12.425000,VET,5,0 days 00:01:50.616000,17.0,5.0,,0 days 01:13:12.300000,0 days 00:00:28.897000,0 days 00:00:43.399000,0 days 00:00:38.320000,0 days 01:11:50.706000,0 days 01:12:34.105000,0 days 01:13:12.425000,190.0,163.0,,261.0,False,SOFT,6.0,True,Aston Martin,0 days 01:11:21.809000,,1,,False,,False,False
2021-17,FP3,0 days 01:15:59.121000,VET,5,,18.0,6.0,0 days 01:14:04.645000,0 days 01:15:58.329000,0 days 00:01:18.652000,0 days 00:00:49.781000,0 days 00:00:38.243000,0 days 01:14:31.105000,0 days 01:15:20.878000,0 days 01:15:59.261000,195.0,143.0,,240.0,False,SOFT,7.0,False,Aston Martin,0 days 01:13:12.425000,,1,,False,,False,False
2021-17,FP3,0 days 00:43:46.732000,LAT,6,,1.0,1.0,0 days 00:41:25.152000,,,0 days 00:00:54.590000,0 days 00:00:51.418000,,0 days 00:42:55.387000,0 days 00:43:46.887000,118.0,138.0,211.0,271.0,False,SOFT,1.0,True,Williams,0 days 00:41:25.152000,,12,,False,,False,False
2021-17,FP3,0 days 00:45:23.353000,LAT,6,0 days 00:01:36.621000,2.0,1.0,,,0 days 00:00:25.830000,0 days 00:00:38.928000,0 days 00:00:31.863000,0 days 00:44:12.562000,0 days 00:44:51.490000,0 days 00:45:23.353000,229.0,192.0,211.0,313.0,True,SOFT,2.0,True,Williams,0 days 00:43:46.732000,,12,,False,,False,True
2021-17,FP3,0 days 00:47:34.040000,LAT,6,0 days 00:02:10.687000,3.0,1.0,,0 days 00:47:33.114000,0 days 00:00:39.866000,0 days 00:00:50.788000,0 days 00:00:40.033000,0 days 00:46:03.219000,0 days 00:46:54.007000,0 days 00:47:34.040000,164.0,163.0,,268.0,False,SOFT,3.0,True,Williams,0 days 00:45:23.353000,,1,,False,,False,False
2021-17,FP3,0 days 01:01:51.809000,LAT,6,,4.0,2.0,0 days 00:59:29.991000,,,0 days 00:00:55.441000,0 days 00:00:53.348000,,0 days 01:00:58.506000,0 days 01:01:52.072000,143.0,100.0,211.0,91.0,False,SOFT,1.0,True,Williams,0 days 00:47:34.040000,,1,,False,,False,False
2021-17,FP3,0 days 01:03:27.927000,LAT,6,0 days 00:01:36.118000,5.0,2.0,,,0 days 00:00:25.703000,0 days 00:00:38.728000,0 days 00:00:31.687000,0 days 01:02:17.512000,0 days 01:02:56.240000,0 days 01:03:27.927000,223.0,193.0,211.0,314.0,True,SOFT,2.0,True,Williams,0 days 01:01:51.809000,,1,,False,,False,True
2021-17,FP3,0 days 01:05:36.706000,LAT,6,0 days 00:02:08.779000,6.0,2.0,,0 days 01:05:36.707000,0 days 00:00:36.506000,0 days 00:00:52.067000,0 days 00:00:40.206000,0 days 01:04:04.433000,0 days 01:04:56.500000,0 days 01:05:36.706000,147.0,152.0,,272.0,False,SOFT,3.0,True,Williams,0 days 01:03:27.927000,,1,,False,,False,False
2021-17,FP3,0 days 01:13:08.412000,LAT,6,,7.0,3.0,0 days 01:11:14.079000,0 days 01:13:07.563000,,0 days 00:00:47.841000,0 days 00:00:37.589000,,0 days 01:12:30.823000,0 days 01:13:11.338000,184.0,168.0,,228.0,False,SOFT,4.0,False,Williams,0 days 01:05:36.706000,,1,,False,,False,False
2021-17,FP3,0 days 01:15:39.771000,LAT,6,,8.0,4.0,0 days 01:13:46.653000,0 days 01:15:38.876000,0 days 00:01:05.884000,0 days 00:00:48.782000,0 days 00:00:36.698000,0 days 01:14:14.362000,0 days 01:15:03.073000,0 days 01:15:39.875000,177.0,173.0,,226.0,False,SOFT,5.0,False,Williams,0 days 01:13:08.412000,,1,,False,,False,False
2021-17,FP3,0 days 00:28:29.193000,RAI,7,,1.0,1.0,0 days 00:26:20.122000,,,0 days 00:00:51.505000,0 days 00:00:41.730000,,0 days 00:27:47.484000,0 days 00:28:29.355000,159.0,135.0,217.0,275.0,False,SOFT,1.0,True,Alfa Romeo Racing,0 days 00:26:20.122000,,1,,False,,False,False
2021-17,FP3,0 days 00:30:40.228000,RAI,7,0 days 00:02:11.035000,2.0,1.0,,,0 days 00:00:36.887000,0 days 00:00:54.337000,0 days 00:00:39.811000,0 days 00:29:06.080000,0 days 00:30:00.417000,0 days 00:30:40.228000,128.0,131.0,214.0,267.0,True,SOFT,2.0,True,Alfa Romeo Racing,0 days 00:28:29.193000,,1,,False,,False,True
2021-17,FP3,0 days 00:32:55.370000,RAI,7,0 days 00:02:15.142000,3.0,1.0,,,0 days 00:00:28.500000,0 days 00:00:58.196000,0 days 00:00:48.446000,0 days 00:31:08.728000,0 days 00:32:06.924000,0 days 00:32:55.370000,126.0,111.0,216.0,237.0,False,SOFT,3.0,True,Alfa Romeo Racing,0 days 00:30:40.228000,,1,,False,,False,True
2021-17,FP3,0 days 00:34:32.430000,RAI,7,0 days 00:01:37.060000,4.0,1.0,,,0 days 00:00:26.054000,0 days 00:00:38.829000,0 days 00:00:32.177000,0 days 00:33:21.424000,0 days 00:34:00.253000,0 days 00:34:32.430000,224.0,189.0,210.0,319.0,True,SOFT,4.0,True,Alfa Romeo Racing,0 days 00:32:55.370000,,1,,False,,False,True
2021-17,FP3,0 days 00:37:09.239000,RAI,7,,5.0,1.0,,0 days 00:37:09.322000,0 days 00:00:40.144000,0 days 00:01:04.353000,0 days 00:00:52.323000,0 days 00:35:12.622000,0 days 00:36:16.916000,0 days 00:37:09.850000,137.0,110.0,,179.0,False,SOFT,5.0,True,Alfa Romeo Racing,0 days 00:34:32.430000,,1,,False,,False,False
2021-17,FP3,0 days 00:40:10.912000,RAI,7,,6.0,2.0,0 days 00:37:52.846000,,0 days 00:01:18.284000,0 days 00:00:59.423000,0 days 00:00:43.939000,0 days 00:38:27.563000,0 days 00:39:26.987000,0 days 00:40:10.958000,111.0,160.0,217.0,239.0,False,SOFT,6.0,False,Alfa Romeo Racing,0 days 00:37:09.239000,,1,,False,,False,False
2021-17,FP3,0 days 00:41:47.677000,RAI,7,0 days 00:01:36.765000,7.0,2.0,,,0 days 00:00:25.980000,0 days 00:00:38.904000,0 days 00:00:31.881000,0 days 00:40:36.892000,0 days 00:41:15.796000,0 days 00:41:47.677000,225.0,190.0,209.0,320.0,True,SOFT,7.0,False,Alfa Romeo Racing,0 days 00:40:10.912000,,12,,False,,False,True
2021-17,FP3,0 days 00:44:21.983000,RAI,7,,8.0,2.0,,,0 days 00:00:41.388000,0 days 00:01:11.330000,0 days 00:00:41.616000,0 days 00:42:29.098000,0 days 00:43:40.401000,0 days 00:44:22.160000,114.0,151.0,217.0,153.0,False,SOFT,8.0,False,Alfa Romeo Racing,0 days 00:41:47.677000,,21,,False,,False,False
2021-17,FP3,0 days 00:46:35.818000,RAI,7,0 days 00:02:13.835000,9.0,2.0,,,0 days 00:00:30.518000,0 days 00:00:57.847000,0 days 00:00:45.470000,0 days 00:44:52.501000,0 days 00:45:50.348000,0 days 00:46:35.818000,173.0,129.0,216.0,155.0,False,SOFT,9.0,False,Alfa Romeo Racing,0 days 00:44:21.983000,,12,,True,DOUBLE YELLOW,False,True
2021-17,FP3,0 days 00:48:12.576000,RAI,7,0 days 00:01:36.758000,10.0,2.0,,,0 days 00:00:26.033000,0 days 00:00:38.728000,0 days 00:00:31.997000,0 days 00:47:01.851000,0 days 00:47:40.579000,0 days 00:48:12.576000,221.0,190.0,209.0,319.0,False,SOFT,10.0,False,Alfa Romeo Racing,0 days 00:46:35.818000,,1,,True,TRACK LIMITS AT TURN 9,False,True
2021-17,FP3,0 days 00:50:07.147000,RAI,7,0 days 00:01:54.571000,11.0,2.0,,0 days 00:50:06.244000,0 days 00:00:30.034000,0 days 00:00:47.461000,0 days 00:00:37.076000,0 days 00:48:42.610000,0 days 00:49:30.071000,0 days 00:50:07.147000,176.0,145.0,,216.0,False,SOFT,11.0,False,Alfa Romeo Racing,0 days 00:48:12.576000,,1,,False,,False,False
2021-17,FP3,0 days 01:00:28.845000,RAI,7,,12.0,3.0,0 days 00:58:14.150000,,,0 days 00:00:54.944000,0 days 00:00:43.808000,,0 days 00:59:45.037000,0 days 01:00:28.934000,143.0,141.0,217.0,156.0,False,SOFT,1.0,True,Alfa Romeo Racing,0 days 00:50:07.147000,,1,,False,,False,False
2021-17,FP3,0 days 01:02:04.907000,RAI,7,0 days 00:01:36.062000,13.0,3.0,,,0 days 00:00:25.788000,0 days 00:00:38.575000,0 days 00:00:31.699000,0 days 01:00:54.633000,0 days 01:01:33.208000,0 days 01:02:04.907000,228.0,191.0,210.0,319.0,True,SOFT,2.0,True,Alfa Romeo Racing,0 days 01:00:28.845000,,1,,False,,False,True
2021-17,FP3,0 days 01:04:41.496000,RAI,7,,14.0,3.0,,0 days 01:04:40.234000,0 days 00:00:44.351000,0 days 00:01:00.371000,0 days 00:00:51.895000,0 days 01:02:49.230000,0 days 01:03:49.785000,0 days 01:04:41.611000,132.0,105.0,,174.0,False,SOFT,3.0,True,Alfa Romeo Racing,0 days 01:02:04.907000,,1,,False,,False,False
2021-17,FP3,0 days 01:07:56.085000,RAI,7,,15.0,4.0,0 days 01:05:30.259000,,0 days 00:01:22.516000,0 days 00:01:03.030000,0 days 00:00:49.030000,0 days 01:06:04.025000,0 days 01:07:07.082000,0 days 01:07:56.225000,138.0,150.0,217.0,227.0,False,SOFT,4.0,False,Alfa Romeo Racing,0 days 01:04:41.496000,,1,,False,,False,False
2021-17,FP3,0 days 01:09:32.494000,RAI,7,0 days 00:01:36.409000,16.0,4.0,,,0 days 00:00:25.957000,0 days 00:00:38.556000,0 days 00:00:31.896000,0 days 01:08:22.042000,0 days 01:09:00.598000,0 days 01:09:32.494000,224.0,187.0,209.0,323.0,False,SOFT,5.0,False,Alfa Romeo Racing,0 days 01:07:56.085000,,1,,False,,False,True
2021-17,FP3,0 days 01:12:20.155000,RAI,7,,17.0,4.0,,,0 days 00:00:45.335000,0 days 00:01:15.716000,0 days 00:00:46.606000,0 days 01:10:17.859000,0 days 01:11:33.549000,0 days 01:12:20.271000,168.0,110.0,156.0,150.0,False,SOFT,6.0,False,Alfa Romeo Racing,0 days 01:09:32.494000,,1,,False,,False,False
2021-17,FP3,0 days 01:14:37.498000,RAI,7,0 days 00:02:17.343000,18.0,4.0,,,0 days 00:00:39.563000,0 days 00:00:54.248000,0 days 00:00:43.532000,0 days 01:12:59.718000,0 days 01:13:53.966000,0 days 01:14:37.498000,143.0,151.0,217.0,117.0,False,SOFT,7.0,False,Alfa Romeo Racing,0 days 01:12:20.155000,,1,,False,,False,True
2021-17,FP3,0 days 01:16:14.564000,RAI,7,0 days 00:01:37.066000,19.0,4.0,,,0 days 00:00:26.138000,0 days 00:00:38.787000,0 days 00:00:32.141000,0 days 01:15:03.636000,0 days 01:15:42.423000,0 days 01:16:14.564000,223.0,191.0,209.0,320.0,False,SOFT,8.0,False,Alfa Romeo Racing,0 days 01:14:37.498000,,1,,True,TRACK LIMITS AT TURN 9,False,True
2021-17,FP3,0 days 01:18:04.246000,RAI,7,0 days 00:01:49.682000,20.0,4.0,,0 days 01:18:03.506000,0 days 00:00:30.711000,0 days 00:00:42.739000,0 days 00:00:36.232000,0 days 01:16:45.275000,0 days 01:17:28.014000,0 days 01:18:04.246000,190.0,174.0,,277.0,False,SOFT,9.0,False,Alfa Romeo Racing,0 days 01:16:14.564000,,1,,False,,False,False
2021-17,FP3,0 days 00:29:04.143000,MAZ,9,,1.0,1.0,0 days 00:26:57.137000,,,0 days 00:00:52.928000,0 days 00:00:41.195000,,0 days 00:28:22.948000,0 days 00:29:04.255000,161.0,121.0,210.0,241.0,False,SOFT,1.0,True,Haas F1 Team,0 days 00:26:57.137000,,1,,False,,False,False
2021-17,FP3,0 days 00:30:42.585000,MAZ,9,0 days 00:01:38.442000,2.0,1.0,,,0 days 00:00:26.406000,0 days 00:00:39.609000,0 days 00:00:32.427000,0 days 00:29:30.549000,0 days 00:30:10.158000,0 days 00:30:42.585000,225.0,183.0,207.0,315.0,False,SOFT,2.0,True,Haas F1 Team,0 days 00:29:04.143000,,1,,True,TRACK LIMITS AT TURN 19,False,True
2021-17,FP3,0 days 00:33:19.479000,MAZ,9,,3.0,1.0,,,0 days 00:00:41.040000,0 days 00:01:03.118000,0 days 00:00:52.760000,0 days 00:31:23.601000,0 days 00:32:26.784000,0 days 00:33:19.605000,111.0,110.0,142.0,149.0,False,SOFT,3.0,True,Haas F1 Team,0 days 00:30:42.585000,,1,,False,,False,False
2021-17,FP3,0 days 00:35:36.028000,MAZ,9,0 days 00:02:16.549000,4.0,1.0,,,0 days 00:00:42.472000,0 days 00:00:53.182000,0 days 00:00:40.895000,0 days 00:34:01.951000,0 days 00:34:55.133000,0 days 00:35:36.028000,110.0,136.0,212.0,278.0,True,SOFT,4.0,True,Haas F1 Team,0 days 00:33:19.479000,,1,,False,,False,True
2021-17,FP3,0 days 00:37:39.484000,MAZ,9,0 days 00:02:03.456000,5.0,1.0,,,0 days 00:00:27.009000,0 days 00:00:54.373000,0 days 00:00:42.074000,0 days 00:36:03.037000,0 days 00:36:57.410000,0 days 00:37:39.484000,163.0,118.0,212.0,220.0,True,SOFT,5.0,True,Haas F1 Team,0 days 00:35:36.028000,,1,,False,,False,True
2021-17,FP3,0 days 00:39:39.459000,MAZ,9,0 days 00:01:59.975000,6.0,1.0,,0 days 00:39:37.805000,0 days 00:00:26.152000,0 days 00:00:50.404000,0 days 00:00:43.419000,0 days 00:38:05.636000,0 days 00:38:56.040000,0 days 00:39:39.459000,208.0,135.0,,250.0,False,SOFT,6.0,True,Haas F1 Team,0 days 00:37:39.484000,,1,,False,,False,False
2021-17,FP3,0 days 00:42:23.705000,MAZ,9,,7.0,2.0,0 days 00:40:20.903000,0 days 00:42:22.765000,0 days 00:01:08.780000,0 days 00:00:51.688000,0 days 00:00:43.761000,0 days 00:40:48.285000,0 days 00:41:39.944000,0 days 00:42:25.319000,174.0,126.0,,198.0,False,SOFT,7.0,False,Haas F1 Team,0 days 00:39:39.459000,,12,,False,,False,False
2021-17,FP3,0 days 00:58:09.445000,MAZ,9,,8.0,3.0,0 days 00:55:57.390000,,,0 days 00:00:52.320000,0 days 00:00:44.828000,,0 days 00:57:25.380000,0 days 00:58:11.446000,143.0,123.0,209.0,236.0,False,SOFT,1.0,True,Haas F1 Team,0 days 00:42:23.705000,,12,,False,,False,False
2021-17,FP3,0 days 00:59:46.859000,MAZ,9,0 days 00:01:37.414000,9.0,3.0,,,0 days 00:00:26.215000,0 days 00:00:39.125000,0 days 00:00:32.074000,0 days 00:58:35.660000,0 days 00:59:14.785000,0 days 00:59:46.859000,217.0,188.0,208.0,316.0,False,SOFT,2.0,True,Haas F1 Team,0 days 00:58:09.445000,,1,,True,TRACK LIMITS AT TURN 9,False,True
2021-17,FP3,0 days 01:02:30.236000,MAZ,9,,10.0,3.0,,,0 days 00:00:45.437000,0 days 00:01:06.636000,0 days 00:00:51.339000,0 days 01:00:32.326000,0 days 01:01:38.897000,0 days 01:02:32.113000,106.0,107.0,139.0,185.0,False,SOFT,3.0,True,Haas F1 Team,0 days 00:59:46.859000,,1,,False,,False,False
2021-17,FP3,0 days 01:04:46.259000,MAZ,9,0 days 00:02:16.023000,11.0,3.0,,,0 days 00:00:41.684000,0 days 00:00:52.417000,0 days 00:00:41.922000,0 days 01:03:11.920000,0 days 01:04:04.337000,0 days 01:04:46.259000,150.0,107.0,212.0,268.0,False,SOFT,4.0,True,Haas F1 Team,0 days 01:02:30.236000,,1,,False,,False,True
2021-17,FP3,0 days 01:06:23.603000,MAZ,9,0 days 00:01:37.344000,12.0,3.0,,,0 days 00:00:26.203000,0 days 00:00:39.076000,0 days 00:00:32.065000,0 days 01:05:12.462000,0 days 01:05:51.538000,0 days 01:06:23.603000,207.0,188.0,208.0,316.0,False,SOFT,5.0,True,Haas F1 Team,0 days 01:04:46.259000,,1,,True,TRACK LIMITS AT TURN 19,False,True
2021-17,FP3,0 days 01:08:30.633000,MAZ,9,0 days 00:02:07.030000,13.0,3.0,,0 days 01:08:30.655000,0 days 00:00:36.096000,0 days 00:00:46.843000,0 days 00:00:44.091000,0 days 01:06:59.699000,0 days 01:07:46.542000,0 days 01:08:30.633000,164.0,137.0,,286.0,False,SOFT,6.0,True,Haas F1 Team,0 days 01:06:23.603000,,1,,False,,False,False
2021-17,FP3,0 days 01:11:18.545000,MAZ,9,,14.0,4.0,0 days 01:09:08.560000,0 days 01:11:17.939000,0 days 00:01:09.494000,0 days 00:00:50.772000,0 days 00:00:47.627000,0 days 01:09:40.155000,0 days 01:10:30.918000,0 days 01:11:18.635000,147.0,128.0,,288.0,False,SOFT,7.0,False,Haas F1 Team,0 days 01:08:30.633000,,1,,False,,False,False
2021-17,FP3,0 days 01:14:14.040000,MAZ,9,,15.0,5.0,0 days 01:11:59.008000,0 days 01:14:13.192000,0 days 00:01:11.880000,0 days 00:01:03.405000,0 days 00:00:40.220000,0 days 01:12:30.417000,0 days 01:13:33.820000,0 days 01:14:14.144000,135.0,125.0,,245.0,False,SOFT,8.0,False,Haas F1 Team,0 days 01:11:18.545000,,1,,False,,False,False
2021-17,FP3,0 days 00:34:20.564000,GAS,10,,1.0,1.0,0 days 00:31:46.633000,,,0 days 00:00:59.722000,0 days 00:00:55.031000,,0 days 00:33:25.561000,0 days 00:34:20.702000,122.0,99.0,190.0,216.0,False,MEDIUM,1.0,True,AlphaTauri,0 days 00:31:46.633000,,1,,False,,False,False
2021-17,FP3,0 days 00:35:57.943000,GAS,10,0 days 00:01:37.379000,2.0,1.0,,,0 days 00:00:26.515000,0 days 00:00:39.027000,0 days 00:00:31.837000,0 days 00:34:47.079000,0 days 00:35:26.106000,0 days 00:35:57.943000,224.0,189.0,208.0,312.0,True,MEDIUM,2.0,True,AlphaTauri,0 days 00:34:20.564000,,1,,False,,False,True
2021-17,FP3,0 days 00:38:49.272000,GAS,10,,3.0,1.0,,,0 days 00:00:52.916000,0 days 00:01:08.599000,0 days 00:00:49.807000,0 days 00:36:50.883000,0 days 00:37:59.918000,0 days 00:38:49.361000,99.0,86.0,214.0,225.0,False,MEDIUM,3.0,True,AlphaTauri,0 days 00:35:57.943000,,1,,False,,False,False
2021-17,FP3,0 days 00:40:25.919000,GAS,10,0 days 00:01:36.647000,4.0,1.0,,,0 days 00:00:25.891000,0 days 00:00:38.768000,0 days 00:00:31.988000,0 days 00:39:15.163000,0 days 00:39:53.931000,0 days 00:40:25.919000,223.0,190.0,211.0,321.0,False,MEDIUM,4.0,True,AlphaTauri,0 days 00:38:49.272000,,1,,True,TRACK LIMITS AT TURN 9,False,True
2021-17,FP3,0 days 00:43:22.197000,GAS,10,,5.0,1.0,,,0 days 00:00:51.737000,0 days 00:01:08.652000,0 days 00:00:55.875000,0 days 00:41:17.670000,0 days 00:42:26.564000,0 days 00:43:25.398000,127.0,108.0,147.0,123.0,False,MEDIUM,5.0,True,AlphaTauri,0 days 00:40:25.919000,,12,,False,,False,False
2021-17,FP3,0 days 00:45:59.195000,GAS,10,,6.0,1.0,,,0 days 00:00:45.744000,0 days 00:00:59.146000,0 days 00:00:52.142000,0 days 00:44:07.908000,0 days 00:45:07.101000,0 days 00:45:59.511000,106.0,102.0,211.0,282.0,False,MEDIUM,6.0,True,AlphaTauri,0 days 00:43:22.197000,,12,,False,,False,False
2021-17,FP3,0 days 00:47:36.219000,GAS,10,0 days 00:01:37.024000,7.0,1.0,,,0 days 00:00:26.163000,0 days 00:00:38.922000,0 days 00:00:31.939000,0 days 00:46:25.358000,0 days 00:47:04.280000,0 days 00:47:36.219000,222.0,190.0,201.0,313.0,True,MEDIUM,7.0,True,AlphaTauri,0 days 00:45:59.195000,,1,,False,,False,True
2021-17,FP3,0 days 00:49:39.425000,GAS,10,0 days 00:02:03.206000,8.0,1.0,,0 days 00:49:38.470000,0 days 00:00:35.251000,0 days 00:00:49.636000,0 days 00:00:38.319000,0 days 00:48:11.470000,0 days 00:49:01.106000,0 days 00:49:39.425000,142.0,148.0,,103.0,False,MEDIUM,8.0,True,AlphaTauri,0 days 00:47:36.219000,,1,,False,,False,False
2021-17,FP3,0 days 00:51:57.068000,GAS,10,0 days 00:02:17.643000,9.0,2.0,0 days 00:50:19.238000,0 days 00:51:56.160000,0 days 00:01:03.970000,0 days 00:00:40.483000,0 days 00:00:33.190000,0 days 00:50:43.395000,0 days 00:51:23.878000,0 days 00:51:57.068000,210.0,187.0,,295.0,False,MEDIUM,9.0,False,AlphaTauri,0 days 00:49:39.425000,,1,,False,,False,False
2021-17,FP3,0 days 00:54:00.322000,GAS,10,0 days 00:02:03.254000,10.0,3.0,0 days 00:52:22.053000,0 days 00:54:00.349000,0 days 00:00:49.652000,0 days 00:00:40.384000,0 days 00:00:33.218000,0 days 00:52:46.720000,0 days 00:53:27.104000,0 days 00:54:00.322000,195.0,187.0,,315.0,False,MEDIUM,10.0,False,AlphaTauri,0 days 00:51:57.068000,,1,,False,,False,False
2021-17,FP3,0 days 01:01:58.787000,GAS,10,,11.0,4.0,0 days 00:59:21.616000,,,0 days 00:00:59.753000,0 days 00:00:55.268000,,0 days 01:01:04.025000,0 days 01:01:58.956000,110.0,107.0,208.0,249.0,False,SOFT,1.0,True,AlphaTauri,0 days 00:54:00.322000,,1,,False,,False,False
2021-17,FP3,0 days 01:03:34.185000,GAS,10,0 days 00:01:35.398000,12.0,4.0,,,0 days 00:00:25.793000,0 days 00:00:38.306000,0 days 00:00:31.299000,0 days 01:02:24.580000,0 days 01:03:02.886000,0 days 01:03:34.185000,229.0,190.0,209.0,313.0,True,SOFT,2.0,True,AlphaTauri,0 days 01:01:58.787000,,1,,False,,False,True
2021-17,FP3,0 days 01:06:43.310000,GAS,10,,13.0,4.0,,,0 days 00:00:51.594000,0 days 00:01:16.142000,0 days 00:01:01.388000,0 days 01:04:25.826000,0 days 01:05:41.922000,0 days 01:06:43.423000,83.0,88.0,113.0,153.0,False,SOFT,3.0,True,AlphaTauri,0 days 01:03:34.185000,,1,,False,,False,False
2021-17,FP3,0 days 01:09:22.164000,GAS,10,,14.0,4.0,,,0 days 00:00:51.320000,0 days 00:00:58.478000,0 days 00:00:49.059000,0 days 01:07:34.627000,0 days 01:08:33.138000,0 days 01:09:22.329000,102.0,97.0,214.0,265.0,False,SOFT,4.0,True,AlphaTauri,0 days 01:06:43.310000,,1,,False,,False,False
2021-17,FP3,0 days 01:10:58,GAS,10,0 days 00:01:35.836000,15.0,4.0,,,0 days 00:00:25.491000,0 days 00:00:38.512000,0 days 00:00:31.833000,0 days 01:09:47.655000,0 days 01:10:26.167000,0 days 01:10:58,225.0,191.0,210.0,319.0,False,SOFT,5.0,True,AlphaTauri,0 days 01:09:22.164000,,1,,False,,False,True
2021-17,FP3,0 days 01:12:50.718000,GAS,10,0 days 00:01:52.718000,16.0,4.0,,0 days 01:12:49.785000,0 days 00:00:33.943000,0 days 00:00:43.651000,0 days 00:00:35.124000,0 days 01:11:31.943000,0 days 01:12:15.594000,0 days 01:12:50.718000,170.0,179.0,,276.0,False,SOFT,6.0,True,AlphaTauri,0 days 01:10:58,,1,,False,,False,False
2021-17,FP3,0 days 01:15:05.280000,GAS,10,0 days 00:02:14.562000,17.0,5.0,0 days 01:13:23.071000,0 days 01:15:04.317000,0 days 00:00:57.802000,0 days 00:00:43.215000,0 days 00:00:33.545000,0 days 01:13:48.520000,0 days 01:14:31.735000,0 days 01:15:05.280000,178.0,188.0,,299.0,False,SOFT,7.0,False,AlphaTauri,0 days 01:12:50.718000,,1,,False,,False,False
2021-17,FP3,0 days 00:32:38.123000,PER,11,,1.0,1.0,0 days 00:30:36.834000,,,0 days 00:00:47.252000,0 days 00:00:40.777000,,0 days 00:31:57.407000,0 days 00:32:38.319000,143.0,173.0,215.0,261.0,False,SOFT,1.0,True,Red Bull Racing,0 days 00:30:36.834000,,1,,False,,False,False
2021-17,FP3,0 days 00:34:13.756000,PER,11,0 days 00:01:35.633000,2.0,1.0,,,0 days 00:00:25.854000,0 days 00:00:38.300000,0 days 00:00:31.479000,0 days 00:33:03.977000,0 days 00:33:42.277000,0 days 00:34:13.756000,225.0,190.0,209.0,312.0,True,SOFT,2.0,True,Red Bull Racing,0 days 00:32:38.123000,,1,,False,,False,True
2021-17,FP3,0 days 00:36:39.904000,PER,11,0 days 00:02:26.148000,3.0,1.0,,,0 days 00:00:38.143000,0 days 00:00:57.865000,0 days 00:00:50.140000,0 days 00:34:51.899000,0 days 00:35:49.764000,0 days 00:36:39.904000,159.0,109.0,158.0,206.0,False,SOFT,3.0,True,Red Bull Racing,0 days 00:34:13.756000,,1,,False,,False,True
2021-17,FP3,0 days 00:39:15.028000,PER,11,,4.0,1.0,,,0 days 00:00:37.003000,0 days 00:01:09.687000,0 days 00:00:48.420000,0 days 00:37:18.224000,0 days 00:38:26.610000,0 days 00:39:15.205000,135.0,83.0,216.0,172.0,False,SOFT,4.0,True,Red Bull Racing,0 days 00:36:39.904000,,1,,False,,False,False
2021-17,FP3,0 days 00:40:50.236000,PER,11,0 days 00:01:35.208000,5.0,1.0,,,0 days 00:00:25.668000,0 days 00:00:38.268000,0 days 00:00:31.272000,0 days 00:39:40.696000,0 days 00:40:18.964000,0 days 00:40:50.236000,224.0,192.0,212.0,314.0,True,SOFT,5.0,True,Red Bull Racing,0 days 00:39:15.028000,,1,,False,,False,True
2021-17,FP3,0 days 00:43:03.852000,PER,11,0 days 00:02:13.616000,6.0,1.0,,0 days 00:43:02.898000,0 days 00:00:36.190000,0 days 00:00:54.577000,0 days 00:00:42.849000,0 days 00:41:26.426000,0 days 00:42:21.003000,0 days 00:43:03.852000,168.0,126.0,,188.0,False,SOFT,6.0,True,Red Bull Racing,0 days 00:40:50.236000,,12,,False,,False,False
2021-17,FP3,0 days 00:45:38.008000,PER,11,,7.0,2.0,0 days 00:43:38.411000,0 days 00:45:37.025000,0 days 00:01:03.629000,0 days 00:00:50.530000,0 days 00:00:39.949000,0 days 00:44:07.773000,0 days 00:44:58.059000,0 days 00:45:38.063000,150.0,65.0,,284.0,False,SOFT,7.0,False,Red Bull Racing,0 days 00:43:03.852000,,12,,False,,False,False
2021-17,FP3,0 days 01:00:15.400000,PER,11,,8.0,3.0,0 days 00:58:19.145000,,,0 days 00:00:45.760000,0 days 00:00:37.010000,,0 days 00:59:38.433000,0 days 01:00:15.595000,151.0,176.0,217.0,260.0,False,SOFT,1.0,True,Red Bull Racing,0 days 00:45:38.008000,,1,,False,,False,False
2021-17,FP3,0 days 01:01:50.101000,PER,11,0 days 00:01:34.701000,9.0,3.0,,,0 days 00:00:25.404000,0 days 00:00:38.044000,0 days 00:00:31.253000,0 days 01:00:40.804000,0 days 01:01:18.848000,0 days 01:01:50.101000,225.0,192.0,211.0,314.0,True,SOFT,2.0,True,Red Bull Racing,0 days 01:00:15.400000,,1,,False,,False,True
2021-17,FP3,0 days 01:04:14.232000,PER,11,0 days 00:02:24.131000,10.0,3.0,,,0 days 00:00:38.220000,0 days 00:00:58.723000,0 days 00:00:47.188000,0 days 01:02:28.321000,0 days 01:03:27.044000,0 days 01:04:14.232000,180.0,112.0,139.0,184.0,False,SOFT,3.0,True,Red Bull Racing,0 days 01:01:50.101000,,1,,False,,False,True
2021-17,FP3,0 days 01:07:04.075000,PER,11,,11.0,3.0,,,0 days 00:00:43.756000,0 days 00:01:14.540000,0 days 00:00:51.512000,0 days 01:04:58.037000,0 days 01:06:12.641000,0 days 01:07:04.239000,117.0,50.0,217.0,197.0,False,SOFT,4.0,True,Red Bull Racing,0 days 01:04:14.232000,,1,,False,,False,False
2021-17,FP3,0 days 01:08:52.546000,PER,11,0 days 00:01:48.471000,12.0,3.0,,0 days 01:08:51.618000,0 days 00:00:25.873000,0 days 00:00:44.115000,0 days 00:00:38.483000,0 days 01:07:29.948000,0 days 01:08:14.063000,0 days 01:08:52.546000,222.0,147.0,,248.0,False,SOFT,5.0,True,Red Bull Racing,0 days 01:07:04.075000,,1,,False,,False,False
2021-17,FP3,0 days 01:11:19.556000,PER,11,0 days 00:02:27.010000,13.0,4.0,0 days 01:09:24.377000,0 days 01:11:18.536000,0 days 00:01:05.961000,0 days 00:00:44.206000,0 days 00:00:36.843000,0 days 01:09:58.507000,0 days 01:10:42.713000,0 days 01:11:19.556000,202.0,143.0,,272.0,False,SOFT,6.0,False,Red Bull Racing,0 days 01:08:52.546000,,1,,False,,False,False
2021-17,FP3,0 days 00:22:38.258000,ALO,14,,1.0,1.0,0 days 00:20:40.886000,,,0 days 00:00:47.120000,0 days 00:00:36.910000,,0 days 00:22:01.394000,0 days 00:22:38.397000,165.0,163.0,205.0,228.0,False,SOFT,6.0,False,Alpine,0 days 00:20:40.886000,,1,,False,,False,False
2021-17,FP3,0 days 00:24:19.235000,ALO,14,0 days 00:01:40.977000,2.0,1.0,,,0 days 00:00:27.163000,0 days 00:00:40.707000,0 days 00:00:33.107000,0 days 00:23:05.421000,0 days 00:23:46.128000,0 days 00:24:19.235000,216.0,182.0,203.0,283.0,True,SOFT,7.0,False,Alpine,0 days 00:22:38.258000,,1,,False,,False,True
2021-17,FP3,0 days 00:26:00.973000,ALO,14,0 days 00:01:41.738000,3.0,1.0,,,0 days 00:00:27.384000,0 days 00:00:41.085000,0 days 00:00:33.269000,0 days 00:24:46.619000,0 days 00:25:27.704000,0 days 00:26:00.973000,210.0,180.0,203.0,282.0,False,SOFT,8.0,False,Alpine,0 days 00:24:19.235000,,1,,False,,False,True
2021-17,FP3,0 days 00:27:45.312000,ALO,14,0 days 00:01:44.339000,4.0,1.0,,0 days 00:27:44.356000,0 days 00:00:28.051000,0 days 00:00:41.584000,0 days 00:00:34.704000,0 days 00:26:29.024000,0 days 00:27:10.608000,0 days 00:27:45.312000,192.0,178.0,,285.0,False,SOFT,9.0,False,Alpine,0 days 00:26:00.973000,,1,,False,,False,False
2021-17,FP3,0 days 00:30:02.848000,ALO,14,0 days 00:02:17.536000,5.0,2.0,0 days 00:28:11.080000,,0 days 00:00:52.086000,0 days 00:00:41.767000,0 days 00:00:43.683000,0 days 00:28:37.398000,0 days 00:29:19.165000,0 days 00:30:02.848000,205.0,178.0,202.0,285.0,False,SOFT,10.0,False,Alpine,0 days 00:27:45.312000,,1,,False,,False,False
2021-17,FP3,0 days 00:31:44.660000,ALO,14,0 days 00:01:41.812000,6.0,2.0,,,0 days 00:00:27.506000,0 days 00:00:41.095000,0 days 00:00:33.211000,0 days 00:30:30.354000,0 days 00:31:11.449000,0 days 00:31:44.660000,212.0,180.0,203.0,284.0,False,SOFT,11.0,False,Alpine,0 days 00:30:02.848000,,1,,False,,False,True
2021-17,FP3,0 days 00:33:45.143000,ALO,14,0 days 00:02:00.483000,7.0,2.0,,0 days 00:33:44.553000,0 days 00:00:27.598000,0 days 00:00:49.756000,0 days 00:00:43.129000,0 days 00:32:12.258000,0 days 00:33:02.014000,0 days 00:33:45.143000,204.0,114.0,,199.0,False,SOFT,12.0,False,Alpine,0 days 00:31:44.660000,,1,,False,,False,False
2021-17,FP3,0 days 00:50:46.955000,ALO,14,,8.0,3.0,0 days 00:48:20.864000,,,0 days 00:01:04.164000,0 days 00:00:45.439000,,0 days 00:50:01.516000,0 days 00:50:47.072000,137.0,112.0,215.0,134.0,False,SOFT,1.0,True,Alpine,0 days 00:33:45.143000,,12,,False,,False,False
2021-17,FP3,0 days 00:52:23.445000,ALO,14,0 days 00:01:36.490000,9.0,3.0,,,0 days 00:00:26.035000,0 days 00:00:38.697000,0 days 00:00:31.758000,0 days 00:51:12.990000,0 days 00:51:51.687000,0 days 00:52:23.445000,227.0,189.0,210.0,313.0,True,SOFT,2.0,True,Alpine,0 days 00:50:46.955000,,1,,False,,False,True
2021-17,FP3,0 days 00:54:33.718000,ALO,14,0 days 00:02:10.273000,10.0,3.0,,0 days 00:54:32.862000,0 days 00:00:37.131000,0 days 00:00:53.184000,0 days 00:00:39.958000,0 days 00:53:00.576000,0 days 00:53:53.760000,0 days 00:54:33.718000,162.0,133.0,,183.0,False,SOFT,3.0,True,Alpine,0 days 00:52:23.445000,,1,,False,,False,False
2021-17,FP3,0 days 01:09:49.579000,ALO,14,,11.0,4.0,0 days 01:08:00.627000,0 days 01:09:48.602000,,0 days 00:00:47.840000,0 days 00:00:34.639000,,0 days 01:09:14.962000,0 days 01:09:52.801000,207.0,168.0,,247.0,False,SOFT,4.0,False,Alpine,0 days 00:54:33.718000,,1,,False,,False,False
2021-17,FP3,0 days 01:11:59.697000,ALO,14,0 days 00:02:10.118000,12.0,5.0,0 days 01:10:12.364000,0 days 01:11:59.008000,0 days 00:00:51.470000,0 days 00:00:42.551000,0 days 00:00:36.097000,0 days 01:10:41.049000,0 days 01:11:23.600000,0 days 01:11:59.697000,200.0,173.0,,266.0,False,SOFT,13.0,False,Alpine,0 days 01:09:49.579000,,1,,False,,False,False
2021-17,FP3,0 days 00:33:36.924000,LEC,16,,1.0,1.0,0 days 00:31:13.042000,,,0 days 00:00:54.378000,0 days 00:00:54.760000,,0 days 00:32:42.170000,0 days 00:33:37.041000,154.0,141.0,213.0,219.0,False,SOFT,1.0,True,Ferrari,0 days 00:31:13.042000,,1,,False,,False,False
2021-17,FP3,0 days 00:35:12.612000,LEC,16,0 days 00:01:35.688000,2.0,1.0,,,0 days 00:00:25.734000,0 days 00:00:38.487000,0 days 00:00:31.467000,0 days 00:34:02.658000,0 days 00:34:41.145000,0 days 00:35:12.612000,220.0,190.0,209.0,316.0,True,SOFT,2.0,True,Ferrari,0 days 00:33:36.924000,,1,,False,,False,True
2021-17,FP3,0 days 00:37:40.439000,LEC,16,0 days 00:02:27.827000,3.0,1.0,,0 days 00:37:39.226000,0 days 00:00:38.438000,0 days 00:01:00.702000,0 days 00:00:48.687000,0 days 00:35:51.050000,0 days 00:36:51.752000,0 days 00:37:40.439000,133.0,113.0,,162.0,False,SOFT,3.0,True,Ferrari,0 days 00:35:12.612000,,1,,False,,False,False
2021-17,FP3,0 days 00:40:33.176000,LEC,16,,4.0,2.0,0 days 00:38:30.041000,,0 days 00:01:20.442000,0 days 00:00:47.107000,0 days 00:00:45.194000,0 days 00:39:00.907000,0 days 00:39:47.985000,0 days 00:40:33.296000,162.0,151.0,215.0,243.0,False,SOFT,4.0,False,Ferrari,0 days 00:37:40.439000,,1,,False,,False,False
2021-17,FP3,0 days 00:42:43.583000,LEC,16,0 days 00:02:10.407000,5.0,2.0,,,0 days 00:00:25.614000,0 days 00:00:55.202000,0 days 00:00:49.591000,0 days 00:40:58.790000,0 days 00:41:53.992000,0 days 00:42:43.583000,224.0,114.0,213.0,193.0,False,SOFT,5.0,False,Ferrari,0 days 00:40:33.176000,,12,,False,,False,True
2021-17,FP3,0 days 00:44:19.687000,LEC,16,0 days 00:01:36.104000,6.0,2.0,,,0 days 00:00:25.618000,0 days 00:00:38.696000,0 days 00:00:31.790000,0 days 00:43:09.201000,0 days 00:43:47.897000,0 days 00:44:19.687000,223.0,188.0,209.0,315.0,False,SOFT,6.0,False,Ferrari,0 days 00:42:43.583000,,1,,False,,False,True
2021-17,FP3,0 days 00:46:21.209000,LEC,16,0 days 00:02:01.522000,7.0,2.0,,0 days 00:46:20.652000,0 days 00:00:34.259000,0 days 00:00:48.992000,0 days 00:00:38.271000,0 days 00:44:53.946000,0 days 00:45:42.938000,0 days 00:46:21.209000,167.0,141.0,,282.0,False,SOFT,7.0,False,Ferrari,0 days 00:44:19.687000,,12,,False,,False,False
2021-17,FP3,0 days 00:48:48.095000,LEC,16,0 days 00:02:26.886000,8.0,3.0,0 days 00:46:56.867000,0 days 00:48:47.111000,0 days 00:01:01.568000,0 days 00:00:47.964000,0 days 00:00:37.354000,0 days 00:47:22.777000,0 days 00:48:10.741000,0 days 00:48:48.095000,190.0,166.0,,198.0,False,SOFT,8.0,False,Ferrari,0 days 00:46:21.209000,,1,,False,,False,False
2021-17,FP3,0 days 00:57:22.558000,LEC,16,,9.0,4.0,0 days 00:55:18.487000,,,0 days 00:00:49.403000,0 days 00:00:43.868000,,0 days 00:56:38.701000,0 days 00:57:24.606000,171.0,124.0,216.0,232.0,False,SOFT,1.0,True,Ferrari,0 days 00:48:48.095000,,1,,False,,False,False
2021-17,FP3,0 days 00:58:57.901000,LEC,16,0 days 00:01:35.343000,10.0,4.0,,,0 days 00:00:25.572000,0 days 00:00:38.271000,0 days 00:00:31.500000,0 days 00:57:48.130000,0 days 00:58:26.401000,0 days 00:58:57.901000,219.0,192.0,212.0,319.0,False,SOFT,2.0,True,Ferrari,0 days 00:57:22.558000,,1,,True,TRACK LIMITS AT TURN 19,False,True
2021-17,FP3,0 days 01:01:12.227000,LEC,16,0 days 00:02:14.326000,11.0,4.0,,0 days 01:01:11.277000,0 days 00:00:37.437000,0 days 00:00:49.470000,0 days 00:00:47.419000,0 days 00:59:35.338000,0 days 01:00:24.808000,0 days 01:01:12.227000,164.0,127.0,,193.0,False,SOFT,3.0,True,Ferrari,0 days 00:58:57.901000,,1,,False,,False,False
2021-17,FP3,0 days 01:03:55.036000,LEC,16,,12.0,5.0,0 days 01:01:37.979000,,0 days 00:01:04.835000,0 days 00:00:51.104000,0 days 00:00:46.854000,0 days 01:02:17.078000,0 days 01:03:08.203000,0 days 01:03:55.143000,123.0,153.0,217.0,290.0,False,SOFT,4.0,False,Ferrari,0 days 01:01:12.227000,,1,,False,,False,False
2021-17,FP3,0 days 01:05:41.256000,LEC,16,0 days 00:01:46.220000,13.0,5.0,,0 days 01:05:40.276000,0 days 00:00:25.567000,0 days 00:00:44.152000,0 days 00:00:36.501000,0 days 01:04:20.603000,0 days 01:05:04.755000,0 days 01:05:41.256000,221.0,158.0,,264.0,False,SOFT,5.0,False,Ferrari,0 days 01:03:55.036000,,1,,False,,False,False
2021-17,FP3,0 days 01:12:27.317000,LEC,16,,14.0,6.0,0 days 01:10:42.071000,0 days 01:12:26.335000,,0 days 00:00:43.307000,0 days 00:00:36.513000,,0 days 01:11:52.986000,0 days 01:12:28.032000,204.0,168.0,,267.0,False,SOFT,9.0,False,Ferrari,0 days 01:05:41.256000,,1,,False,,False,False
2021-17,FP3,0 days 01:14:45.698000,LEC,16,0 days 00:02:18.381000,15.0,7.0,0 days 01:13:04.572000,,0 days 00:01:04.108000,0 days 00:00:40.945000,0 days 00:00:33.328000,0 days 01:13:31.425000,0 days 01:14:12.370000,0 days 01:14:45.698000,186.0,182.0,203.0,292.0,False,SOFT,10.0,False,Ferrari,0 days 01:12:27.317000,,1,,False,,False,False
2021-17,FP3,0 days 01:16:27.670000,LEC,16,0 days 00:01:41.972000,16.0,7.0,,,0 days 00:00:27.344000,0 days 00:00:41.062000,0 days 00:00:33.566000,0 days 01:15:13.042000,0 days 01:15:54.104000,0 days 01:16:27.670000,209.0,181.0,200.0,296.0,False,SOFT,11.0,False,Ferrari,0 days 01:14:45.698000,,1,,False,,False,True
2021-17,FP3,0 days 01:18:10.015000,LEC,16,0 days 00:01:42.345000,17.0,7.0,,0 days 01:18:10.007000,0 days 00:00:27.501000,0 days 00:00:41.071000,0 days 00:00:33.773000,0 days 01:16:55.171000,0 days 01:17:36.242000,0 days 01:18:10.015000,206.0,180.0,,295.0,False,SOFT,12.0,False,Ferrari,0 days 01:16:27.670000,,1,,False,,False,False
2021-17,FP3,0 days 00:37:03.793000,STR,18,,1.0,1.0,0 days 00:34:45.478000,,,0 days 00:00:52.031000,0 days 00:00:52.371000,,0 days 00:36:11.422000,0 days 00:37:04.844000,146.0,112.0,210.0,268.0,False,SOFT,1.0,True,Aston Martin,0 days 00:34:45.478000,,1,,False,,False,False
2021-17,FP3,0 days 00:38:40.808000,STR,18,0 days 00:01:37.015000,2.0,1.0,,,0 days 00:00:26.261000,0 days 00:00:38.754000,0 days 00:00:32,0 days 00:37:30.054000,0 days 00:38:08.808000,0 days 00:38:40.808000,219.0,184.0,209.0,310.0,False,SOFT,2.0,True,Aston Martin,0 days 00:37:03.793000,,1,,True,TRACK LIMITS AT TURN 9,False,True
2021-17,FP3,0 days 00:41:39.223000,STR,18,,3.0,1.0,,,0 days 00:00:50.138000,0 days 00:01:12.385000,0 days 00:00:55.924000,0 days 00:39:30.914000,0 days 00:40:43.611000,0 days 00:41:39.370000,89.0,88.0,156.0,130.0,False,SOFT,3.0,True,Aston Martin,0 days 00:38:40.808000,,1,,False,,False,False
2021-17,FP3,0 days 00:44:07.248000,STR,18,0 days 00:02:28.025000,4.0,1.0,,,0 days 00:00:43.461000,0 days 00:00:52.185000,0 days 00:00:52.379000,0 days 00:42:22.684000,0 days 00:43:14.869000,0 days 00:44:07.248000,119.0,106.0,209.0,267.0,True,SOFT,4.0,True,Aston Martin,0 days 00:41:39.223000,,12,,False,,False,True
2021-17,FP3,0 days 00:45:50.076000,STR,18,0 days 00:01:42.828000,5.0,1.0,,0 days 00:45:49.105000,0 days 00:00:26.422000,0 days 00:00:39.171000,0 days 00:00:37.235000,0 days 00:44:33.670000,0 days 00:45:12.841000,0 days 00:45:50.076000,217.0,160.0,,310.0,False,SOFT,5.0,True,Aston Martin,0 days 00:44:07.248000,,12,,False,,False,False
2021-17,FP3,0 days 00:48:00.883000,STR,18,0 days 00:02:10.807000,6.0,2.0,0 days 00:46:11.471000,0 days 00:48:00.799000,0 days 00:00:50.902000,0 days 00:00:42.969000,0 days 00:00:36.936000,0 days 00:46:40.978000,0 days 00:47:23.947000,0 days 00:48:00.883000,177.0,164.0,,295.0,False,SOFT,6.0,False,Aston Martin,0 days 00:45:50.076000,,1,,False,,False,False
2021-17,FP3,0 days 01:01:46.442000,STR,18,,7.0,3.0,0 days 00:59:00.962000,,,0 days 00:01:08.695000,0 days 00:00:50.145000,,0 days 01:00:56.565000,0 days 01:01:47.068000,115.0,100.0,212.0,133.0,False,SOFT,1.0,True,Aston Martin,0 days 00:48:00.883000,,1,,False,,False,False
2021-17,FP3,0 days 01:03:22.834000,STR,18,0 days 00:01:36.392000,8.0,3.0,,,0 days 00:00:26.091000,0 days 00:00:38.713000,0 days 00:00:31.588000,0 days 01:02:12.533000,0 days 01:02:51.246000,0 days 01:03:22.834000,213.0,192.0,210.0,311.0,True,SOFT,2.0,True,Aston Martin,0 days 01:01:46.442000,,1,,False,,False,True
2021-17,FP3,0 days 01:06:20.383000,STR,18,,9.0,3.0,,0 days 01:06:19.698000,0 days 00:00:51.766000,0 days 00:01:15.861000,0 days 00:00:49.953000,0 days 01:04:14.569000,0 days 01:05:32.387000,0 days 01:06:20.806000,123.0,110.0,,125.0,False,SOFT,3.0,True,Aston Martin,0 days 01:03:22.834000,,1,,False,,False,False
2021-17,FP3,0 days 01:09:29.938000,STR,18,,10.0,4.0,0 days 01:06:47.537000,,0 days 00:01:13.225000,0 days 00:01:01.737000,0 days 00:00:54.583000,0 days 01:07:33.626000,0 days 01:08:35.403000,0 days 01:09:31.565000,120.0,150.0,210.0,240.0,False,SOFT,4.0,False,Aston Martin,0 days 01:06:20.383000,,1,,False,,False,False
2021-17,FP3,0 days 01:11:06.528000,STR,18,0 days 00:01:36.590000,11.0,4.0,,,0 days 00:00:26.074000,0 days 00:00:38.943000,0 days 00:00:31.573000,0 days 01:09:56.012000,0 days 01:10:34.955000,0 days 01:11:06.528000,220.0,190.0,210.0,313.0,False,SOFT,5.0,False,Aston Martin,0 days 01:09:29.938000,,1,,False,,False,True
2021-17,FP3,0 days 01:12:55.708000,STR,18,0 days 00:01:49.180000,12.0,4.0,,0 days 01:12:55.050000,0 days 00:00:28.772000,0 days 00:00:41.873000,0 days 00:00:38.535000,0 days 01:11:35.300000,0 days 01:12:17.173000,0 days 01:12:55.708000,184.0,174.0,,293.0,False,SOFT,6.0,False,Aston Martin,0 days 01:11:06.528000,,1,,False,,False,False
2021-17,FP3,0 days 01:15:16.409000,STR,18,0 days 00:02:20.701000,13.0,5.0,0 days 01:13:32.383000,0 days 01:15:15.401000,0 days 00:01:03.011000,0 days 00:00:41.302000,0 days 00:00:36.388000,0 days 01:13:58.719000,0 days 01:14:40.021000,0 days 01:15:16.409000,190.0,181.0,,293.0,False,SOFT,7.0,False,Aston Martin,0 days 01:12:55.708000,,1,,False,,False,False
2021-17,FP3,0 days 00:33:43.507000,TSU,22,,1.0,1.0,0 days 00:31:20.058000,,,0 days 00:00:53.811000,0 days 00:00:51.750000,,0 days 00:32:51.820000,0 days 00:33:44.074000,125.0,116.0,209.0,287.0,False,SOFT,1.0,True,AlphaTauri,0 days 00:31:20.058000,,1,,False,,False,False
2021-17,FP3,0 days 00:35:21.631000,TSU,22,0 days 00:01:38.124000,2.0,1.0,,,0 days 00:00:26.263000,0 days 00:00:39.648000,0 days 00:00:32.213000,0 days 00:34:09.770000,0 days 00:34:49.418000,0 days 00:35:21.631000,228.0,186.0,202.0,310.0,False,SOFT,2.0,True,AlphaTauri,0 days 00:33:43.507000,,1,,True,TRACK LIMITS AT TURN 9,False,True
2021-17,FP3,0 days 00:38:11.162000,TSU,22,,3.0,1.0,,,0 days 00:00:44.264000,0 days 00:01:04.426000,0 days 00:01:00.844000,0 days 00:36:05.892000,0 days 00:37:10.340000,0 days 00:38:11.312000,117.0,92.0,116.0,176.0,False,SOFT,3.0,True,AlphaTauri,0 days 00:35:21.631000,,1,,False,,False,False
2021-17,FP3,0 days 00:40:48.811000,TSU,22,,4.0,1.0,,,0 days 00:00:45.856000,0 days 00:01:00.158000,0 days 00:00:51.633000,0 days 00:38:59.468000,0 days 00:39:57.206000,0 days 00:40:48.973000,117.0,102.0,212.0,230.0,False,SOFT,4.0,True,AlphaTauri,0 days 00:38:11.162000,,1,,False,,False,False
2021-17,FP3,0 days 00:42:25.383000,TSU,22,0 days 00:01:36.572000,5.0,1.0,,,0 days 00:00:25.737000,0 days 00:00:38.885000,0 days 00:00:31.950000,0 days 00:41:14.548000,0 days 00:41:53.433000,0 days 00:42:25.383000,228.0,191.0,209.0,315.0,True,SOFT,5.0,True,AlphaTauri,0 days 00:40:48.811000,,12,,False,,False,True
2021-17,FP3,0 days 00:45:08.653000,TSU,22,,6.0,1.0,,,0 days 00:00:43.314000,0 days 00:01:04.662000,0 days 00:00:55.268000,0 days 00:43:08.807000,0 days 00:44:13.385000,0 days 00:45:10.556000,58.0,97.0,123.0,165.0,False,SOFT,6.0,True,AlphaTauri,0 days 00:42:25.383000,,12,,False,,False,False
2021-17,FP3,0 days 00:47:44.294000,TSU,22,,7.0,1.0,,,0 days 00:00:44.368000,0 days 00:00:58.121000,0 days 00:00:53.163000,0 days 00:45:53.010000,0 days 00:46:51.154000,0 days 00:47:44.472000,124.0,103.0,210.0,250.0,False,SOFT,7.0,True,AlphaTauri,0 days 00:45:08.653000,,1,,False,,False,False
2021-17,FP3,0 days 00:49:38.751000,TSU,22,0 days 00:01:54.457000,8.0,1.0,,0 days 00:49:37.807000,0 days 00:00:26.586000,0 days 00:00:40.781000,0 days 00:00:47.090000,0 days 00:48:10.880000,0 days 00:48:51.661000,0 days 00:49:38.751000,211.0,121.0,210.0,312.0,False,SOFT,8.0,True,AlphaTauri,0 days 00:47:44.294000,,1,,False,,False,False
2021-17,FP3,0 days 00:52:17.381000,TSU,22,,9.0,2.0,0 days 00:50:10.883000,0 days 00:52:17.345000,0 days 00:01:00.587000,0 days 00:00:50.898000,0 days 00:00:47.116000,0 days 00:50:39.376000,0 days 00:51:31.144000,0 days 00:52:18.746000,162.0,110.0,,194.0,False,SOFT,9.0,False,AlphaTauri,0 days 00:49:38.751000,,1,,False,,False,False
2021-17,FP3,0 days 00:54:46.294000,TSU,22,0 days 00:02:28.913000,10.0,3.0,0 days 00:52:44.393000,0 days 00:54:46.273000,0 days 00:00:58.333000,0 days 00:00:46.974000,0 days 00:00:43.606000,0 days 00:53:15.714000,0 days 00:54:02.688000,0 days 00:54:46.294000,158.0,132.0,,263.0,False,SOFT,10.0,False,AlphaTauri,0 days 00:52:17.381000,,1,,False,,False,False
2021-17,FP3,0 days 01:04:55.432000,TSU,22,,11.0,4.0,0 days 01:02:32.903000,,,0 days 00:00:57.887000,0 days 00:00:44.787000,,0 days 01:04:10.726000,0 days 01:04:56.314000,123.0,103.0,212.0,276.0,False,SOFT,1.0,True,AlphaTauri,0 days 00:54:46.294000,,1,,False,,False,False
2021-17,FP3,0 days 01:06:32.041000,TSU,22,0 days 00:01:36.609000,12.0,4.0,,,0 days 00:00:25.959000,0 days 00:00:38.622000,0 days 00:00:32.028000,0 days 01:05:21.391000,0 days 01:06:00.013000,0 days 01:06:32.041000,225.0,188.0,207.0,314.0,False,SOFT,2.0,True,AlphaTauri,0 days 01:04:55.432000,,1,,False,,False,True
2021-17,FP3,0 days 01:09:15.140000,TSU,22,,13.0,4.0,,,0 days 00:00:41.265000,0 days 00:01:08.203000,0 days 00:00:53.600000,0 days 01:07:13.337000,0 days 01:08:21.548000,0 days 01:09:15.271000,96.0,92.0,121.0,153.0,False,SOFT,3.0,True,AlphaTauri,0 days 01:06:32.041000,,1,,False,,False,False
2021-17,FP3,0 days 01:12:05.674000,TSU,22,,14.0,4.0,,,0 days 00:00:49.241000,0 days 00:01:05.586000,0 days 00:00:55.707000,0 days 01:10:04.381000,0 days 01:11:09.982000,0 days 01:12:07.910000,118.0,91.0,214.0,155.0,False,SOFT,4.0,True,AlphaTauri,0 days 01:09:15.140000,,1,,False,,False,False
2021-17,FP3,0 days 01:13:48.291000,TSU,22,0 days 00:01:42.617000,15.0,4.0,,0 days 01:13:48.162000,0 days 00:00:26.362000,0 days 00:00:40.236000,0 days 00:00:36.019000,0 days 01:12:32.036000,0 days 01:13:12.272000,0 days 01:13:48.291000,207.0,188.0,,274.0,False,SOFT,5.0,True,AlphaTauri,0 days 01:12:05.674000,,1,,False,,False,False
2021-17,FP3,0 days 01:16:19.097000,TSU,22,,16.0,5.0,0 days 01:14:17.324000,0 days 01:16:18.370000,0 days 00:01:00.759000,0 days 00:00:47.906000,0 days 00:00:42.109000,0 days 01:14:49.082000,0 days 01:15:37.006000,0 days 01:16:19.175000,150.0,141.0,,268.0,False,SOFT,6.0,False,AlphaTauri,0 days 01:13:48.291000,,1,,False,,False,False
2021-17,FP3,0 days 00:34:27.194000,OCO,31,,1.0,1.0,0 days 00:31:59.273000,,,0 days 00:00:57.854000,0 days 00:00:50.214000,,0 days 00:33:36.988000,0 days 00:34:29.622000,115.0,106.0,212.0,150.0,False,SOFT,1.0,True,Alpine,0 days 00:31:59.273000,,1,,False,,False,False
2021-17,FP3,0 days 00:36:03.966000,OCO,31,0 days 00:01:36.772000,2.0,1.0,,,0 days 00:00:25.841000,0 days 00:00:39.036000,0 days 00:00:31.895000,0 days 00:34:53.035000,0 days 00:35:32.071000,0 days 00:36:03.966000,226.0,186.0,212.0,312.0,True,SOFT,2.0,True,Alpine,0 days 00:34:27.194000,,1,,False,,False,True
2021-17,FP3,0 days 00:38:43.118000,OCO,31,,3.0,1.0,,,0 days 00:00:44.256000,0 days 00:01:05.819000,0 days 00:00:49.087000,0 days 00:36:48.212000,0 days 00:37:54.044000,0 days 00:38:43.232000,140.0,97.0,158.0,138.0,False,SOFT,3.0,True,Alpine,0 days 00:36:03.966000,,1,,False,,False,False
2021-17,FP3,0 days 00:41:16.725000,OCO,31,,4.0,1.0,,,0 days 00:00:42.044000,0 days 00:01:04.354000,0 days 00:00:47.203000,0 days 00:39:25.561000,0 days 00:40:30.152000,0 days 00:41:16.844000,134.0,138.0,213.0,141.0,False,SOFT,4.0,True,Alpine,0 days 00:38:43.118000,,1,,False,,False,False
2021-17,FP3,0 days 00:42:54.797000,OCO,31,0 days 00:01:38.072000,5.0,1.0,,,0 days 00:00:26.218000,0 days 00:00:39.802000,0 days 00:00:32.052000,0 days 00:41:42.943000,0 days 00:42:22.745000,0 days 00:42:54.797000,224.0,186.0,210.0,311.0,False,SOFT,5.0,True,Alpine,0 days 00:41:16.725000,,12,,False,,False,True
2021-17,FP3,0 days 00:45:00.301000,OCO,31,0 days 00:02:05.504000,6.0,1.0,,0 days 00:44:59.338000,0 days 00:00:35.692000,0 days 00:00:51.335000,0 days 00:00:38.477000,0 days 00:43:30.489000,0 days 00:44:21.824000,0 days 00:45:00.301000,158.0,156.0,,184.0,False,SOFT,6.0,True,Alpine,0 days 00:42:54.797000,,12,,False,,False,False
2021-17,FP3,0 days 00:47:21.302000,OCO,31,0 days 00:02:21.001000,7.0,2.0,0 days 00:45:29.664000,0 days 00:47:20.747000,0 days 00:00:58.726000,0 days 00:00:46.030000,0 days 00:00:36.245000,0 days 00:45:59.027000,0 days 00:46:45.057000,0 days 00:47:21.302000,169.0,158.0,,277.0,False,SOFT,7.0,False,Alpine,0 days 00:45:00.301000,,1,,False,,False,False
2021-17,FP3,0 days 01:08:08.373000,OCO,31,,8.0,3.0,0 days 01:05:39.202000,,,0 days 00:01:01.803000,0 days 00:00:46.373000,,0 days 01:07:22,0 days 01:08:08.496000,124.0,99.0,214.0,164.0,False,SOFT,1.0,True,Alpine,0 days 00:47:21.302000,,1,,False,,False,False
2021-17,FP3,0 days 01:09:44.084000,OCO,31,0 days 00:01:35.711000,9.0,3.0,,,0 days 00:00:25.680000,0 days 00:00:38.379000,0 days 00:00:31.652000,0 days 01:08:34.053000,0 days 01:09:12.432000,0 days 01:09:44.084000,229.0,192.0,210.0,325.0,True,SOFT,2.0,True,Alpine,0 days 01:08:08.373000,,1,,False,,False,True
2021-17,FP3,0 days 01:11:48.260000,OCO,31,0 days 00:02:04.176000,10.0,3.0,,0 days 01:11:47.302000,0 days 00:00:40.299000,0 days 00:00:45.009000,0 days 00:00:38.868000,0 days 01:10:24.383000,0 days 01:11:09.392000,0 days 01:11:48.260000,151.0,167.0,,269.0,False,SOFT,3.0,True,Alpine,0 days 01:09:44.084000,,1,,False,,False,False
2021-17,FP3,0 days 00:37:55.573000,VER,33,,1.0,1.0,0 days 00:35:37.381000,,,0 days 00:00:51.936000,0 days 00:00:49.170000,,0 days 00:37:06.403000,0 days 00:37:55.750000,127.0,119.0,215.0,232.0,False,SOFT,1.0,True,Red Bull Racing,0 days 00:35:37.381000,,1,,False,,False,False
2021-17,FP3,0 days 00:39:30.780000,VER,33,0 days 00:01:35.207000,2.0,1.0,,,0 days 00:00:25.603000,0 days 00:00:38.280000,0 days 00:00:31.324000,0 days 00:38:21.176000,0 days 00:38:59.456000,0 days 00:39:30.780000,231.0,191.0,211.0,310.0,True,SOFT,2.0,True,Red Bull Racing,0 days 00:37:55.573000,,1,,False,,False,True
2021-17,FP3,0 days 00:42:03.370000,VER,33,,3.0,1.0,,,0 days 00:00:39.972000,0 days 00:01:02.642000,0 days 00:00:50.007000,0 days 00:40:10.721000,0 days 00:41:13.408000,0 days 00:42:03.496000,123.0,125.0,145.0,180.0,False,SOFT,3.0,True,Red Bull Racing,0 days 00:39:30.780000,,12,,False,,False,False
2021-17,FP3,0 days 00:44:34.042000,VER,33,,4.0,1.0,,,0 days 00:00:40.826000,0 days 00:01:00.937000,0 days 00:00:48.912000,0 days 00:42:45.347000,0 days 00:43:45.191000,0 days 00:44:35.512000,147.0,134.0,216.0,247.0,False,SOFT,4.0,True,Red Bull Racing,0 days 00:42:03.370000,,1,,False,,False,False
2021-17,FP3,0 days 00:46:08.954000,VER,33,0 days 00:01:34.912000,5.0,1.0,,,0 days 00:00:25.416000,0 days 00:00:38.396000,0 days 00:00:31.100000,0 days 00:44:59.458000,0 days 00:45:37.854000,0 days 00:46:08.954000,231.0,192.0,210.0,311.0,True,SOFT,5.0,True,Red Bull Racing,0 days 00:44:34.042000,,12,,False,,False,True
2021-17,FP3,0 days 00:47:54.176000,VER,33,0 days 00:01:45.222000,6.0,1.0,,0 days 00:47:53.202000,0 days 00:00:28.687000,0 days 00:00:42.253000,0 days 00:00:34.282000,0 days 00:46:37.641000,0 days 00:47:19.894000,0 days 00:47:54.176000,200.0,175.0,,265.0,False,SOFT,6.0,True,Red Bull Racing,0 days 00:46:08.954000,,1,,False,,False,False
2021-17,FP3,0 days 00:50:07.775000,VER,33,0 days 00:02:13.599000,7.0,2.0,0 days 00:48:25.662000,0 days 00:50:07.170000,0 days 00:00:56.935000,0 days 00:00:42.007000,0 days 00:00:34.657000,0 days 00:48:51.111000,0 days 00:49:33.118000,0 days 00:50:07.775000,200.0,175.0,,262.0,False,SOFT,7.0,False,Red Bull Racing,0 days 00:47:54.176000,,1,,False,,False,False
2021-17,FP3,0 days 01:05:09.637000,VER,33,,8.0,3.0,0 days 01:02:49.852000,,,0 days 00:00:57.053000,0 days 00:00:45.214000,,0 days 01:04:24.497000,0 days 01:05:12.362000,126.0,121.0,216.0,235.0,False,SOFT,1.0,True,Red Bull Racing,0 days 00:50:07.775000,,1,,False,,False,False
2021-17,FP3,0 days 01:06:44.020000,VER,33,0 days 00:01:34.383000,9.0,3.0,,,0 days 00:00:25.323000,0 days 00:00:38.043000,0 days 00:00:31.017000,0 days 01:05:34.960000,0 days 01:06:13.003000,0 days 01:06:44.020000,231.0,192.0,211.0,314.0,False,SOFT,2.0,True,Red Bull Racing,0 days 01:05:09.637000,,1,,True,TRACK LIMITS AT TURN 19,False,True
2021-17,FP3,0 days 01:09:37.959000,VER,33,,10.0,3.0,,,0 days 00:00:51.389000,0 days 00:01:08.462000,0 days 00:00:54.050000,0 days 01:07:35.447000,0 days 01:08:43.930000,0 days 01:09:38.002000,110.0,115.0,119.0,175.0,False,SOFT,3.0,True,Red Bull Racing,0 days 01:06:44.020000,,1,,False,,False,False
2021-17,FP3,0 days 01:12:15.506000,VER,33,,11.0,3.0,,,0 days 00:00:45.500000,0 days 00:00:58.092000,0 days 00:00:53.981000,0 days 01:10:23.459000,0 days 01:11:21.762000,0 days 01:12:15.665000,121.0,127.0,217.0,219.0,False,SOFT,4.0,True,Red Bull Racing,0 days 01:09:37.959000,,1,,False,,False,False
2021-17,FP3,0 days 01:14:07.254000,VER,33,0 days 00:01:51.748000,12.0,3.0,,0 days 01:14:07.311000,0 days 00:00:25.384000,0 days 00:00:51.351000,0 days 00:00:35.013000,0 days 01:12:40.890000,0 days 01:13:32.241000,0 days 01:14:07.254000,230.0,167.0,,251.0,False,SOFT,5.0,True,Red Bull Racing,0 days 01:12:15.506000,,1,,False,,False,False
2021-17,FP3,0 days 01:16:26.824000,VER,33,0 days 00:02:19.570000,13.0,4.0,0 days 01:14:40.988000,0 days 01:16:25.859000,0 days 00:01:02.189000,0 days 00:00:43.755000,0 days 00:00:33.626000,0 days 01:15:09.443000,0 days 01:15:53.198000,0 days 01:16:26.824000,182.0,173.0,,264.0,False,SOFT,6.0,False,Red Bull Racing,0 days 01:14:07.254000,,1,,False,,False,False
2021-17,FP3,0 days 00:27:40.060000,HAM,44,,1.0,1.0,0 days 00:25:31.854000,,,0 days 00:00:53.237000,0 days 00:00:41.544000,,0 days 00:26:58.528000,0 days 00:27:40.192000,136.0,135.0,213.0,251.0,False,SOFT,1.0,True,Mercedes,0 days 00:25:31.854000,,1,,False,,False,False
2021-17,FP3,0 days 00:29:15.874000,HAM,44,0 days 00:01:35.814000,2.0,1.0,,,0 days 00:00:25.739000,0 days 00:00:38.625000,0 days 00:00:31.450000,0 days 00:28:05.799000,0 days 00:28:44.424000,0 days 00:29:15.874000,230.0,191.0,209.0,314.0,True,SOFT,2.0,True,Mercedes,0 days 00:27:40.060000,,1,,False,,False,True
2021-17,FP3,0 days 00:32:04.591000,HAM,44,,3.0,1.0,,0 days 00:32:03.485000,0 days 00:00:50.424000,0 days 00:01:04.291000,0 days 00:00:54.007000,0 days 00:30:06.293000,0 days 00:31:10.615000,0 days 00:32:05.318000,99.0,78.0,,212.0,False,SOFT,3.0,True,Mercedes,0 days 00:29:15.874000,,1,,False,,False,False
2021-17,FP3,0 days 00:35:00.530000,HAM,44,,4.0,2.0,0 days 00:32:32.324000,,0 days 00:01:09.034000,0 days 00:00:59.675000,0 days 00:00:47.254000,0 days 00:33:13.636000,0 days 00:34:13.278000,0 days 00:35:04.573000,118.0,123.0,213.0,207.0,False,SOFT,4.0,False,Mercedes,0 days 00:32:04.591000,,1,,False,,False,False
2021-17,FP3,0 days 00:36:36.101000,HAM,44,0 days 00:01:35.571000,5.0,2.0,,,0 days 00:00:25.571000,0 days 00:00:38.539000,0 days 00:00:31.461000,0 days 00:35:26.101000,0 days 00:36:04.640000,0 days 00:36:36.101000,232.0,190.0,209.0,313.0,True,SOFT,5.0,False,Mercedes,0 days 00:35:00.530000,,1,,False,,False,True
2021-17,FP3,0 days 00:38:20.856000,HAM,44,0 days 00:01:44.755000,6.0,2.0,,0 days 00:38:19.883000,0 days 00:00:28.826000,0 days 00:00:42.255000,0 days 00:00:33.674000,0 days 00:37:04.927000,0 days 00:37:47.182000,0 days 00:38:20.856000,207.0,162.0,,281.0,False,SOFT,6.0,False,Mercedes,0 days 00:36:36.101000,,1,,False,,False,False
2021-17,FP3,0 days 00:51:18.094000,HAM,44,,7.0,3.0,0 days 00:49:34.825000,,,0 days 00:00:41.848000,0 days 00:00:35.591000,,0 days 00:50:42.521000,0 days 00:51:18.250000,202.0,180.0,204.0,287.0,False,SOFT,7.0,False,Mercedes,0 days 00:38:20.856000,,12,,False,,False,False
2021-17,FP3,0 days 00:52:59.023000,HAM,44,0 days 00:01:40.929000,8.0,3.0,,,0 days 00:00:27.104000,0 days 00:00:40.608000,0 days 00:00:33.217000,0 days 00:51:45.198000,0 days 00:52:25.806000,0 days 00:52:59.023000,208.0,182.0,199.0,289.0,False,SOFT,8.0,False,Mercedes,0 days 00:51:18.094000,,1,,False,,False,True
2021-17,FP3,0 days 00:54:41.343000,HAM,44,0 days 00:01:42.320000,9.0,3.0,,,0 days 00:00:27.636000,0 days 00:00:41.039000,0 days 00:00:33.645000,0 days 00:53:26.659000,0 days 00:54:07.698000,0 days 00:54:41.343000,208.0,180.0,197.0,288.0,False,SOFT,9.0,False,Mercedes,0 days 00:52:59.023000,,1,,False,,False,True
2021-17,FP3,0 days 00:56:25.488000,HAM,44,0 days 00:01:44.145000,10.0,3.0,,0 days 00:56:24.553000,0 days 00:00:27.473000,0 days 00:00:41.762000,0 days 00:00:34.910000,0 days 00:55:08.816000,0 days 00:55:50.578000,0 days 00:56:25.488000,201.0,179.0,,291.0,False,SOFT,10.0,False,Mercedes,0 days 00:54:41.343000,,1,,False,,False,False
2021-17,FP3,0 days 01:06:49.530000,HAM,44,,11.0,4.0,0 days 01:04:07.424000,,,0 days 00:00:59.540000,0 days 00:01:03.216000,,0 days 01:05:46.326000,0 days 01:06:49.594000,119.0,107.0,205.0,226.0,False,SOFT,1.0,True,Mercedes,0 days 00:56:25.488000,,1,,False,,False,False
2021-17,FP3,0 days 01:08:23.988000,HAM,44,0 days 00:01:34.458000,12.0,4.0,,,0 days 00:00:25.471000,0 days 00:00:37.814000,0 days 00:00:31.173000,0 days 01:07:15.001000,0 days 01:07:52.815000,0 days 01:08:23.988000,235.0,192.0,210.0,316.0,False,SOFT,2.0,True,Mercedes,0 days 01:06:49.530000,,1,,True,TRACK LIMITS AT TURN 9,False,True
2021-17,FP3,0 days 01:11:21.746000,HAM,44,,13.0,4.0,,,0 days 00:00:44.454000,0 days 00:01:12.545000,0 days 00:01:00.816000,0 days 01:09:08.385000,0 days 01:10:20.943000,0 days 01:11:21.936000,99.0,84.0,104.0,165.0,False,SOFT,3.0,True,Mercedes,0 days 01:08:23.988000,,1,,False,,False,False
2021-17,FP3,0 days 01:14:10.616000,HAM,44,,14.0,4.0,,,0 days 00:00:49.973000,0 days 00:01:03.955000,0 days 00:00:54.991000,0 days 01:12:11.767000,0 days 01:13:15.736000,0 days 01:14:12.373000,117.0,108.0,212.0,232.0,False,SOFT,4.0,True,Mercedes,0 days 01:11:21.746000,,1,,False,,False,False
2021-17,FP3,0 days 01:15:45.835000,HAM,44,0 days 00:01:35.219000,15.0,4.0,,,0 days 00:00:25.625000,0 days 00:00:38.334000,0 days 00:00:31.260000,0 days 01:14:36.241000,0 days 01:15:14.575000,0 days 01:15:45.835000,234.0,192.0,207.0,314.0,True,SOFT,5.0,True,Mercedes,0 days 01:14:10.616000,,1,,False,,False,True
2021-17,FP3,0 days 01:18:00.263000,HAM,44,0 days 00:02:14.428000,16.0,4.0,,0 days 01:17:59.504000,0 days 00:00:31.003000,0 days 00:01:10.269000,0 days 00:00:33.156000,0 days 01:16:16.838000,0 days 01:17:27.107000,0 days 01:18:00.263000,177.0,180.0,,249.0,False,SOFT,6.0,True,Mercedes,0 days 01:15:45.835000,,1,,False,,False,False
2021-17,FP3,0 days 00:29:53.492000,MSC,47,,1.0,1.0,0 days 00:27:35.022000,,,0 days 00:00:53.637000,0 days 00:00:46.662000,,0 days 00:29:06.830000,0 days 00:29:54.197000,140.0,131.0,210.0,294.0,False,SOFT,1.0,True,Haas F1 Team,0 days 00:27:35.022000,,1,,False,,False,False
2021-17,FP3,0 days 00:31:31.183000,MSC,47,0 days 00:01:37.691000,2.0,1.0,,,0 days 00:00:26.384000,0 days 00:00:39.412000,0 days 00:00:31.895000,0 days 00:30:19.876000,0 days 00:30:59.288000,0 days 00:31:31.183000,218.0,186.0,209.0,312.0,True,SOFT,2.0,True,Haas F1 Team,0 days 00:29:53.492000,,1,,False,,False,True
2021-17,FP3,0 days 00:34:02.844000,MSC,47,,3.0,1.0,,,0 days 00:00:41.776000,0 days 00:01:00.560000,0 days 00:00:49.341000,0 days 00:32:12.945000,0 days 00:33:13.508000,0 days 00:34:02.886000,97.0,120.0,141.0,202.0,False,SOFT,3.0,True,Haas F1 Team,0 days 00:31:31.183000,,1,,False,,False,False
2021-17,FP3,0 days 00:36:19.307000,MSC,47,0 days 00:02:16.463000,4.0,1.0,,,0 days 00:00:39.555000,0 days 00:00:57.978000,0 days 00:00:38.930000,0 days 00:34:42.399000,0 days 00:35:40.377000,0 days 00:36:19.307000,145.0,129.0,212.0,232.0,False,SOFT,4.0,True,Haas F1 Team,0 days 00:34:02.844000,,1,,False,,False,True
2021-17,FP3,0 days 00:37:57.655000,MSC,47,0 days 00:01:38.348000,5.0,1.0,,,0 days 00:00:26.669000,0 days 00:00:39.248000,0 days 00:00:32.431000,0 days 00:36:45.976000,0 days 00:37:25.224000,0 days 00:37:57.655000,214.0,186.0,201.0,313.0,False,SOFT,5.0,True,Haas F1 Team,0 days 00:36:19.307000,,1,,False,,False,True
2021-17,FP3,0 days 00:39:49.246000,MSC,47,0 days 00:01:51.591000,6.0,1.0,,0 days 00:39:48.179000,0 days 00:00:31.633000,0 days 00:00:44.208000,0 days 00:00:35.750000,0 days 00:38:29.288000,0 days 00:39:13.496000,0 days 00:39:49.246000,176.0,171.0,,288.0,False,SOFT,6.0,True,Haas F1 Team,0 days 00:37:57.655000,,1,,False,,False,False
2021-17,FP3,0 days 00:42:41.072000,MSC,47,,7.0,2.0,0 days 00:40:34.204000,0 days 00:42:40.344000,0 days 00:01:11.434000,0 days 00:00:42.651000,0 days 00:00:57.731000,0 days 00:41:00.711000,0 days 00:41:43.341000,0 days 00:42:42.727000,210.0,124.0,,315.0,False,SOFT,7.0,False,Haas F1 Team,0 days 00:39:49.246000,,12,,False,,False,False
2021-17,FP3,0 days 00:59:05.271000,MSC,47,,8.0,3.0,0 days 00:56:43.190000,,,0 days 00:01:00.074000,0 days 00:00:47.267000,,0 days 00:58:18.032000,0 days 00:59:05.433000,139.0,135.0,213.0,255.0,False,SOFT,1.0,True,Haas F1 Team,0 days 00:42:41.072000,,12,,False,,False,False
2021-17,FP3,0 days 01:00:41.942000,MSC,47,0 days 00:01:36.671000,9.0,3.0,,,0 days 00:00:25.948000,0 days 00:00:38.950000,0 days 00:00:31.773000,0 days 00:59:31.219000,0 days 01:00:10.169000,0 days 01:00:41.942000,224.0,192.0,210.0,313.0,True,SOFT,2.0,True,Haas F1 Team,0 days 00:59:05.271000,,1,,False,,False,True
2021-17,FP3,0 days 01:03:09.106000,MSC,47,0 days 00:02:27.164000,10.0,3.0,,,0 days 00:00:41.595000,0 days 00:00:55.229000,0 days 00:00:50.340000,0 days 01:01:23.537000,0 days 01:02:18.766000,0 days 01:03:09.106000,124.0,134.0,133.0,228.0,False,SOFT,3.0,True,Haas F1 Team,0 days 01:00:41.942000,,1,,False,,False,True
2021-17,FP3,0 days 01:05:51.454000,MSC,47,,11.0,3.0,,,0 days 00:00:48.293000,0 days 00:01:11.959000,0 days 00:00:42.095000,0 days 01:03:57.430000,0 days 01:05:09.383000,0 days 01:05:51.572000,113.0,155.0,213.0,258.0,False,SOFT,4.0,True,Haas F1 Team,0 days 01:03:09.106000,,1,,False,,False,False
2021-17,FP3,0 days 01:07:31.999000,MSC,47,0 days 00:01:40.545000,12.0,3.0,,,0 days 00:00:26.011000,0 days 00:00:38.857000,0 days 00:00:35.677000,0 days 01:06:17.465000,0 days 01:06:56.322000,0 days 01:07:31.999000,225.0,188.0,160.0,316.0,False,SOFT,5.0,True,Haas F1 Team,0 days 01:05:51.454000,,1,,True,TRACK LIMITS AT TURN 19,False,True
2021-17,FP3,0 days 01:09:38.936000,MSC,47,0 days 00:02:06.937000,13.0,3.0,,0 days 01:09:38.002000,0 days 00:00:36.301000,0 days 00:00:48.018000,0 days 00:00:42.618000,0 days 01:08:08.300000,0 days 01:08:56.318000,0 days 01:09:38.936000,164.0,173.0,,283.0,False,SOFT,6.0,True,Haas F1 Team,0 days 01:07:31.999000,,1,,False,,False,False
2021-17,FP3,0 days 01:12:01.193000,MSC,47,0 days 00:02:22.257000,14.0,4.0,0 days 01:10:10.611000,0 days 01:12:00.250000,0 days 00:01:03.532000,0 days 00:00:42.135000,0 days 00:00:36.590000,0 days 01:10:42.468000,0 days 01:11:24.603000,0 days 01:12:01.193000,173.0,181.0,,267.0,False,SOFT,7.0,False,Haas F1 Team,0 days 01:09:38.936000,,1,,False,,False,False
2021-17,FP3,0 days 01:14:45.598000,MSC,47,,15.0,5.0,0 days 01:12:37.313000,0 days 01:14:45.563000,0 days 00:01:00.681000,0 days 00:00:49.660000,0 days 00:00:54.031000,0 days 01:13:01.935000,0 days 01:13:51.567000,0 days 01:14:45.706000,212.0,76.0,,199.0,False,SOFT,8.0,False,Haas F1 Team,0 days 01:12:01.193000,,1,,False,,False,False
2021-17,FP3,0 days 00:33:12.997000,SAI,55,,1.0,1.0,0 days 00:31:02.092000,,,0 days 00:00:51.881000,0 days 00:00:44.325000,,0 days 00:32:28.672000,0 days 00:33:13.094000,139.0,123.0,214.0,276.0,False,SOFT,1.0,True,Ferrari,0 days 00:31:02.092000,,1,,False,,False,False
2021-17,FP3,0 days 00:34:48.879000,SAI,55,0 days 00:01:35.882000,2.0,1.0,,,0 days 00:00:25.693000,0 days 00:00:38.451000,0 days 00:00:31.738000,0 days 00:33:38.690000,0 days 00:34:17.141000,0 days 00:34:48.879000,228.0,188.0,211.0,317.0,True,SOFT,2.0,True,Ferrari,0 days 00:33:12.997000,,1,,False,,False,True
2021-17,FP3,0 days 00:37:29.124000,SAI,55,,3.0,1.0,,0 days 00:37:28,0 days 00:00:45.623000,0 days 00:01:04.771000,0 days 00:00:49.859000,0 days 00:35:34.494000,0 days 00:36:39.289000,0 days 00:37:29.213000,128.0,109.0,,155.0,False,SOFT,3.0,True,Ferrari,0 days 00:34:48.879000,,1,,False,,False,False
2021-17,FP3,0 days 00:40:41.977000,SAI,55,,4.0,2.0,0 days 00:38:12.440000,,0 days 00:01:20.034000,0 days 00:00:59.579000,0 days 00:00:53.239000,0 days 00:38:49.164000,0 days 00:39:48.744000,0 days 00:40:42.110000,128.0,91.0,214.0,270.0,False,SOFT,4.0,False,Ferrari,0 days 00:37:29.124000,,1,,False,,False,False
2021-17,FP3,0 days 00:42:17.882000,SAI,55,0 days 00:01:35.905000,5.0,2.0,,,0 days 00:00:25.630000,0 days 00:00:38.681000,0 days 00:00:31.594000,0 days 00:41:07.607000,0 days 00:41:46.288000,0 days 00:42:17.882000,229.0,190.0,204.0,317.0,False,SOFT,5.0,False,Ferrari,0 days 00:40:41.977000,,12,,False,,False,True
2021-17,FP3,0 days 00:44:23.671000,SAI,55,0 days 00:02:05.789000,6.0,2.0,,0 days 00:44:22.643000,0 days 00:00:37.051000,0 days 00:00:46.553000,0 days 00:00:42.185000,0 days 00:42:54.933000,0 days 00:43:41.486000,0 days 00:44:23.671000,161.0,157.0,,255.0,False,SOFT,6.0,False,Ferrari,0 days 00:42:17.882000,,1,,False,,False,False
2021-17,FP3,0 days 00:53:51.724000,SAI,55,,7.0,3.0,0 days 00:51:26.621000,,,0 days 00:01:02.403000,0 days 00:00:45.104000,,0 days 00:53:06.620000,0 days 00:53:51.899000,119.0,98.0,216.0,230.0,False,SOFT,1.0,True,Ferrari,0 days 00:44:23.671000,,12,,False,,False,False
2021-17,FP3,0 days 00:55:26.529000,SAI,55,0 days 00:01:34.805000,8.0,3.0,,,0 days 00:00:25.451000,0 days 00:00:38.108000,0 days 00:00:31.246000,0 days 00:54:17.175000,0 days 00:54:55.283000,0 days 00:55:26.529000,228.0,191.0,208.0,317.0,True,SOFT,2.0,True,Ferrari,0 days 00:53:51.724000,,1,,False,,False,True
2021-17,FP3,0 days 00:57:42.186000,SAI,55,0 days 00:02:15.657000,9.0,3.0,,0 days 00:57:41.235000,0 days 00:00:37.366000,0 days 00:00:54.488000,0 days 00:00:43.803000,0 days 00:56:03.895000,0 days 00:56:58.383000,0 days 00:57:42.186000,144.0,124.0,,196.0,False,SOFT,3.0,True,Ferrari,0 days 00:55:26.529000,,1,,False,,False,False
2021-17,FP3,0 days 00:59:53.172000,SAI,55,0 days 00:02:10.986000,10.0,4.0,0 days 00:58:06.757000,0 days 00:59:52.238000,0 days 00:00:51.495000,0 days 00:00:44.737000,0 days 00:00:34.754000,0 days 00:58:33.681000,0 days 00:59:18.418000,0 days 00:59:53.172000,81.0,166.0,,302.0,False,SOFT,4.0,False,Ferrari,0 days 00:57:42.186000,,1,,False,,False,False
2021-17,FP3,0 days 01:07:56.544000,SAI,55,,11.0,5.0,0 days 01:06:11.007000,0 days 01:07:55.559000,,0 days 00:00:42.115000,0 days 00:00:35.411000,,0 days 01:07:21.136000,0 days 01:07:56.625000,196.0,176.0,,293.0,False,SOFT,7.0,False,Ferrari,0 days 00:59:53.172000,,1,,False,,False,False
2021-17,FP3,0 days 01:10:12.536000,SAI,55,0 days 00:02:15.992000,12.0,6.0,0 days 01:08:32.669000,,0 days 00:01:01.372000,0 days 00:00:40.891000,0 days 00:00:33.729000,0 days 01:08:57.916000,0 days 01:09:38.807000,0 days 01:10:12.536000,203.0,179.0,199.0,297.0,False,SOFT,8.0,False,Ferrari,0 days 01:07:56.544000,,1,,False,,False,False
2021-17,FP3,0 days 01:11:55.471000,SAI,55,0 days 00:01:42.935000,13.0,6.0,,,0 days 00:00:27.564000,0 days 00:00:41.293000,0 days 00:00:34.078000,0 days 01:10:40.100000,0 days 01:11:21.393000,0 days 01:11:55.471000,206.0,169.0,198.0,295.0,False,SOFT,9.0,False,Ferrari,0 days 01:10:12.536000,,1,,False,,False,True
2021-17,FP3,0 days 01:13:38.471000,SAI,55,0 days 00:01:43,14.0,6.0,,,0 days 00:00:27.732000,0 days 00:00:41.377000,0 days 00:00:33.891000,0 days 01:12:23.203000,0 days 01:13:04.580000,0 days 01:13:38.471000,204.0,182.0,199.0,294.0,False,SOFT,10.0,False,Ferrari,0 days 01:11:55.471000,,1,,False,,False,True
2021-17,FP3,0 days 01:15:21.655000,SAI,55,0 days 00:01:43.184000,15.0,6.0,,,0 days 00:00:27.799000,0 days 00:00:41.466000,0 days 00:00:33.919000,0 days 01:14:06.270000,0 days 01:14:47.736000,0 days 01:15:21.655000,202.0,183.0,197.0,294.0,False,SOFT,11.0,False,Ferrari,0 days 01:13:38.471000,,1,,False,,False,True
2021-17,FP3,0 days 01:17:05.078000,SAI,55,0 days 00:01:43.423000,16.0,6.0,,0 days 01:17:04.091000,0 days 00:00:27.745000,0 days 00:00:41.631000,0 days 00:00:34.047000,0 days 01:15:49.400000,0 days 01:16:31.031000,0 days 01:17:05.078000,198.0,182.0,,292.0,False,SOFT,12.0,False,Ferrari,0 days 01:15:21.655000,,1,,False,,False,False
2021-17,FP3,0 days 00:37:29.842000,RUS,63,,1.0,1.0,0 days 00:35:10.977000,,,0 days 00:00:52.879000,0 days 00:00:48.243000,,0 days 00:36:41.661000,0 days 00:37:30.176000,136.0,134.0,212.0,257.0,False,SOFT,1.0,True,Williams,0 days 00:35:10.977000,,1,,False,,False,False
2021-17,FP3,0 days 00:39:06.791000,RUS,63,0 days 00:01:36.949000,2.0,1.0,,,0 days 00:00:25.931000,0 days 00:00:38.981000,0 days 00:00:32.037000,0 days 00:37:55.773000,0 days 00:38:34.754000,0 days 00:39:06.791000,221.0,192.0,211.0,315.0,True,SOFT,2.0,True,Williams,0 days 00:37:29.842000,,1,,False,,False,True
2021-17,FP3,0 days 00:41:25.266000,RUS,63,0 days 00:02:18.475000,3.0,1.0,,0 days 00:41:24.294000,0 days 00:00:39.736000,0 days 00:00:53.286000,0 days 00:00:45.453000,0 days 00:39:46.527000,0 days 00:40:39.813000,0 days 00:41:25.266000,138.0,145.0,,219.0,False,SOFT,3.0,True,Williams,0 days 00:39:06.791000,,1,,False,,False,False
2021-17,FP3,0 days 00:44:13.589000,RUS,63,,4.0,2.0,0 days 00:41:51.221000,,0 days 00:01:01.248000,0 days 00:00:53.286000,0 days 00:00:53.746000,0 days 00:42:26.758000,0 days 00:43:19.911000,0 days 00:44:13.589000,143.0,126.0,211.0,209.0,False,SOFT,4.0,False,Williams,0 days 00:41:25.266000,,12,,False,,False,False
2021-17,FP3,0 days 00:46:28.072000,RUS,63,0 days 00:02:14.483000,5.0,2.0,,0 days 00:46:28.017000,0 days 00:00:34.367000,0 days 00:00:59.761000,0 days 00:00:40.355000,0 days 00:44:47.956000,0 days 00:45:47.717000,0 days 00:46:28.072000,143.0,145.0,,205.0,False,SOFT,5.0,False,Williams,0 days 00:44:13.589000,,12,,False,,False,False
2021-17,FP3,0 days 00:57:38.070000,RUS,63,,6.0,3.0,0 days 00:55:21.953000,,,0 days 00:00:50.988000,0 days 00:00:48.294000,,0 days 00:56:49.873000,0 days 00:57:38.257000,130.0,139.0,213.0,295.0,False,SOFT,1.0,True,Williams,0 days 00:46:28.072000,,1,,False,,False,False
2021-17,FP3,0 days 00:59:14.093000,RUS,63,0 days 00:01:36.023000,7.0,3.0,,,0 days 00:00:25.770000,0 days 00:00:38.580000,0 days 00:00:31.673000,0 days 00:58:03.840000,0 days 00:58:42.420000,0 days 00:59:14.093000,225.0,194.0,211.0,315.0,True,SOFT,2.0,True,Williams,0 days 00:57:38.070000,,1,,False,,False,True
2021-17,FP3,0 days 01:01:32.020000,RUS,63,0 days 00:02:17.927000,8.0,3.0,,0 days 01:01:31.093000,0 days 00:00:41.518000,0 days 00:00:50.925000,0 days 00:00:45.484000,0 days 00:59:55.611000,0 days 01:00:46.536000,0 days 01:01:32.020000,135.0,120.0,,291.0,False,SOFT,3.0,True,Williams,0 days 00:59:14.093000,,1,,False,,False,False
2021-17,FP3,0 days 01:04:02.550000,RUS,63,,9.0,4.0,0 days 01:02:04.117000,0 days 01:04:01.579000,0 days 00:01:04.554000,0 days 00:00:50.316000,0 days 00:00:35.612000,0 days 01:02:36.622000,0 days 01:03:27.083000,0 days 01:04:02.618000,190.0,156.0,,299.0,False,SOFT,4.0,False,Williams,0 days 01:01:32.020000,,1,,False,,False,False
2021-17,FP3,0 days 00:33:28.894000,BOT,77,,1.0,1.0,0 days 00:30:59.217000,,,0 days 00:00:58.767000,0 days 00:00:54.423000,,0 days 00:32:34.479000,0 days 00:33:29.008000,133.0,117.0,210.0,131.0,False,SOFT,1.0,True,Mercedes,0 days 00:30:59.217000,,1,,False,,False,False
2021-17,FP3,0 days 00:35:04.450000,BOT,77,0 days 00:01:35.556000,2.0,1.0,,,0 days 00:00:25.723000,0 days 00:00:38.330000,0 days 00:00:31.503000,0 days 00:33:54.617000,0 days 00:34:32.947000,0 days 00:35:04.450000,225.0,191.0,210.0,310.0,False,SOFT,2.0,True,Mercedes,0 days 00:33:28.894000,,1,,True,TRACK LIMITS AT TURN 19,False,True
2021-17,FP3,0 days 00:37:45.107000,BOT,77,,3.0,1.0,,0 days 00:37:44.902000,0 days 00:00:41.064000,0 days 00:01:04.377000,0 days 00:00:55.286000,0 days 00:35:45.444000,0 days 00:36:49.873000,0 days 00:37:45.654000,126.0,103.0,,167.0,False,SOFT,3.0,True,Mercedes,0 days 00:35:04.450000,,1,,False,,False,False
2021-17,FP3,0 days 00:41:09.506000,BOT,77,,4.0,2.0,0 days 00:38:40.757000,,0 days 00:01:28.625000,,,0 days 00:39:13.773000,,,202.0,103.0,213.0,158.0,False,SOFT,4.0,False,Mercedes,0 days 00:37:45.107000,,1,,False,,False,False
2021-17,FP3,0 days 00:43:39.493000,BOT,77,0 days 00:02:29.987000,5.0,2.0,,0 days 00:43:39.494000,0 days 00:00:25.702000,0 days 00:01:12.679000,0 days 00:00:51.606000,0 days 00:41:35.208000,0 days 00:42:47.887000,0 days 00:43:39.493000,232.0,100.0,,159.0,False,SOFT,5.0,False,Mercedes,0 days 00:41:09.506000,,12,,False,,False,False
2021-17,FP3,0 days 00:52:33.055000,BOT,77,,6.0,3.0,0 days 00:49:53.229000,,,0 days 00:01:04.780000,0 days 00:00:53.379000,,0 days 00:51:39.676000,0 days 00:52:33.151000,117.0,122.0,213.0,150.0,False,SOFT,1.0,True,Mercedes,0 days 00:43:39.493000,,12,,False,,False,False
2021-17,FP3,0 days 00:54:08.043000,BOT,77,0 days 00:01:34.988000,7.0,3.0,,,0 days 00:00:25.885000,0 days 00:00:37.913000,0 days 00:00:31.190000,0 days 00:52:58.940000,0 days 00:53:36.853000,0 days 00:54:08.043000,232.0,193.0,211.0,314.0,True,SOFT,2.0,True,Mercedes,0 days 00:52:33.055000,,1,,False,,False,True
2021-17,FP3,0 days 00:56:44.799000,BOT,77,,8.0,3.0,,,0 days 00:00:39.079000,0 days 00:01:01.010000,0 days 00:00:56.686000,0 days 00:54:47.144000,0 days 00:55:48.113000,0 days 00:56:44.947000,128.0,95.0,136.0,137.0,False,SOFT,3.0,True,Mercedes,0 days 00:54:08.043000,,1,,False,,False,False
2021-17,FP3,0 days 00:59:27.030000,BOT,77,,9.0,3.0,,,0 days 00:00:40.627000,0 days 00:01:06.260000,0 days 00:00:55.360000,0 days 00:57:26.669000,0 days 00:58:31.670000,0 days 00:59:28.866000,133.0,108.0,212.0,152.0,False,SOFT,4.0,True,Mercedes,0 days 00:56:44.799000,,1,,False,,False,False
2021-17,FP3,0 days 01:01:02.518000,BOT,77,0 days 00:01:35.488000,10.0,3.0,,,0 days 00:00:25.759000,0 days 00:00:38.276000,0 days 00:00:31.453000,0 days 00:59:52.789000,0 days 01:00:31.065000,0 days 01:01:02.518000,226.0,193.0,211.0,310.0,False,SOFT,5.0,True,Mercedes,0 days 00:59:27.030000,,1,,False,,False,True
2021-17,FP3,0 days 01:03:09.450000,BOT,77,0 days 00:02:06.932000,11.0,3.0,,0 days 01:03:08.407000,0 days 00:00:31.439000,0 days 00:00:46.300000,0 days 00:00:49.193000,0 days 01:01:33.957000,0 days 01:02:20.257000,0 days 01:03:09.450000,192.0,122.0,,193.0,False,SOFT,6.0,True,Mercedes,0 days 01:01:02.518000,,1,,False,,False,False
2021-17,FP3,0 days 01:11:46.569000,BOT,77,,12.0,4.0,0 days 01:09:47.651000,0 days 01:11:46.589000,,0 days 00:00:43.375000,0 days 00:00:41.098000,,0 days 01:11:05.498000,0 days 01:11:46.688000,192.0,180.0,,271.0,False,SOFT,7.0,False,Mercedes,0 days 01:03:09.450000,,1,,False,,False,False
2021-17,FP3,0 days 01:13:58.915000,BOT,77,0 days 00:02:12.346000,13.0,5.0,0 days 01:12:19.977000,,0 days 00:00:57.174000,0 days 00:00:41.019000,0 days 00:00:34.153000,0 days 01:12:43.743000,0 days 01:13:24.762000,0 days 01:13:58.915000,207.0,179.0,203.0,284.0,False,SOFT,8.0,False,Mercedes,0 days 01:11:46.569000,,1,,False,,False,False
2021-17,FP3,0 days 01:15:41.837000,BOT,77,0 days 00:01:42.922000,14.0,5.0,,,0 days 00:00:27.226000,0 days 00:00:41.969000,0 days 00:00:33.727000,0 days 01:14:26.141000,0 days 01:15:08.110000,0 days 01:15:41.837000,209.0,176.0,200.0,283.0,False,SOFT,9.0,False,Mercedes,0 days 01:13:58.915000,,1,,False,,False,True
2021-17,FP3,0 days 01:17:32.436000,BOT,77,0 days 00:01:50.599000,15.0,5.0,,0 days 01:17:32.442000,0 days 00:00:32.748000,0 days 00:00:43.032000,0 days 00:00:34.819000,0 days 01:16:14.585000,0 days 01:16:57.617000,0 days 01:17:32.436000,177.0,182.0,,298.0,False,SOFT,10.0,False,Mercedes,0 days 01:15:41.837000,,1,,False,,False,False
2021-17,FP3,0 days 00:30:30.192000,GIO,99,,1.0,1.0,0 days 00:28:10.554000,,,0 days 00:00:58.313000,0 days 00:00:44.777000,,0 days 00:29:45.415000,0 days 00:30:30.328000,127.0,130.0,213.0,126.0,False,SOFT,1.0,True,Alfa Romeo Racing,0 days 00:28:10.554000,,1,,False,,False,False
2021-17,FP3,0 days 00:32:07.804000,GIO,99,0 days 00:01:37.612000,2.0,1.0,,,0 days 00:00:26.413000,0 days 00:00:39.114000,0 days 00:00:32.085000,0 days 00:30:56.605000,0 days 00:31:35.719000,0 days 00:32:07.804000,213.0,189.0,209.0,318.0,True,SOFT,2.0,True,Alfa Romeo Racing,0 days 00:30:30.192000,,1,,False,,False,True
2021-17,FP3,0 days 00:34:36.582000,GIO,99,0 days 00:02:28.778000,3.0,1.0,,0 days 00:34:35.610000,0 days 00:00:42.573000,0 days 00:00:59.441000,0 days 00:00:46.764000,0 days 00:32:50.377000,0 days 00:33:49.818000,0 days 00:34:36.582000,115.0,123.0,,154.0,False,SOFT,3.0,True,Alfa Romeo Racing,0 days 00:32:07.804000,,1,,False,,False,False
2021-17,FP3,0 days 00:37:22.700000,GIO,99,,4.0,2.0,0 days 00:35:10.431000,,0 days 00:01:06.845000,0 days 00:00:52.518000,0 days 00:00:46.767000,0 days 00:35:43.471000,0 days 00:36:35.953000,0 days 00:37:24.877000,144.0,149.0,216.0,227.0,False,SOFT,4.0,False,Alfa Romeo Racing,0 days 00:34:36.582000,,1,,False,,False,False
2021-17,FP3,0 days 00:38:59.670000,GIO,99,0 days 00:01:36.970000,5.0,2.0,,,0 days 00:00:25.913000,0 days 00:00:38.917000,0 days 00:00:32.140000,0 days 00:37:48.613000,0 days 00:38:27.530000,0 days 00:38:59.670000,217.0,189.0,210.0,321.0,True,SOFT,5.0,False,Alfa Romeo Racing,0 days 00:37:22.700000,,1,,False,,False,True
2021-17,FP3,0 days 00:41:01.065000,GIO,99,0 days 00:02:01.395000,6.0,2.0,,0 days 00:41:00.204000,0 days 00:00:36.319000,0 days 00:00:50.940000,0 days 00:00:34.136000,0 days 00:39:35.989000,0 days 00:40:26.929000,0 days 00:41:01.065000,152.0,187.0,,300.0,False,SOFT,6.0,False,Alfa Romeo Racing,0 days 00:38:59.670000,,1,,False,,False,False
2021-17,FP3,0 days 00:43:56.284000,GIO,99,,7.0,3.0,0 days 00:41:35.582000,,0 days 00:01:11.162000,0 days 00:00:59.023000,0 days 00:00:45.070000,0 days 00:42:12.276000,0 days 00:43:11.281000,0 days 00:43:56.485000,134.0,112.0,214.0,172.0,False,SOFT,7.0,False,Alfa Romeo Racing,0 days 00:41:01.065000,,12,,False,,False,False
2021-17,FP3,0 days 00:45:33.516000,GIO,99,0 days 00:01:37.232000,8.0,3.0,,,0 days 00:00:26.098000,0 days 00:00:39.044000,0 days 00:00:32.090000,0 days 00:44:22.382000,0 days 00:45:01.426000,0 days 00:45:33.516000,215.0,189.0,210.0,320.0,False,SOFT,8.0,False,Alfa Romeo Racing,0 days 00:43:56.284000,,12,,False,,False,True
2021-17,FP3,0 days 00:47:41.982000,GIO,99,0 days 00:02:08.466000,9.0,3.0,,0 days 00:47:42.016000,0 days 00:00:36.235000,0 days 00:00:50.401000,0 days 00:00:41.830000,0 days 00:46:09.751000,0 days 00:47:00.152000,0 days 00:47:41.982000,151.0,133.0,,245.0,False,SOFT,9.0,False,Alfa Romeo Racing,0 days 00:45:33.516000,,1,,False,,False,False
2021-17,FP3,0 days 01:00:47.460000,GIO,99,,10.0,4.0,0 days 00:58:23.479000,,,0 days 00:00:56.548000,0 days 00:00:48.306000,,0 days 00:59:59.154000,0 days 01:00:47.613000,118.0,136.0,215.0,232.0,False,SOFT,1.0,True,Alfa Romeo Racing,0 days 00:47:41.982000,,1,,False,,False,False
2021-17,FP3,0 days 01:02:23.712000,GIO,99,0 days 00:01:36.252000,11.0,4.0,,,0 days 00:00:25.783000,0 days 00:00:38.634000,0 days 00:00:31.835000,0 days 01:01:13.243000,0 days 01:01:51.877000,0 days 01:02:23.712000,220.0,192.0,211.0,319.0,True,SOFT,2.0,True,Alfa Romeo Racing,0 days 01:00:47.460000,,1,,False,,False,True
2021-17,FP3,0 days 01:05:01.374000,GIO,99,,12.0,4.0,,0 days 01:05:00.676000,0 days 00:00:41.730000,0 days 00:01:03.718000,0 days 00:00:52.207000,0 days 01:03:05.465000,0 days 01:04:09.167000,0 days 01:05:02.351000,120.0,110.0,,160.0,False,SOFT,3.0,True,Alfa Romeo Racing,0 days 01:02:23.712000,,1,,False,,False,False
2021-17,FP3,0 days 01:08:14.886000,GIO,99,,13.0,5.0,0 days 01:05:50.772000,,0 days 00:01:29.696000,0 days 00:00:56.169000,0 days 00:00:47.683000,0 days 01:06:31.100000,0 days 01:07:27.232000,0 days 01:08:15.068000,126.0,135.0,217.0,192.0,False,SOFT,4.0,False,Alfa Romeo Racing,0 days 01:05:01.374000,,1,,False,,False,False
2021-17,FP3,0 days 01:10:26.446000,GIO,99,0 days 00:02:11.560000,14.0,5.0,,,0 days 00:00:32.822000,0 days 00:00:55.016000,0 days 00:00:43.722000,0 days 01:08:47.708000,0 days 01:09:42.724000,0 days 01:10:26.446000,144.0,135.0,216.0,176.0,False,SOFT,5.0,False,Alfa Romeo Racing,0 days 01:08:14.886000,,1,,False,,False,True
2021-17,FP3,0 days 01:12:03.955000,GIO,99,0 days 00:01:37.509000,15.0,5.0,,,0 days 00:00:25.836000,0 days 00:00:38.816000,0 days 00:00:32.857000,0 days 01:10:52.282000,0 days 01:11:31.098000,0 days 01:12:03.955000,218.0,189.0,208.0,322.0,False,SOFT,6.0,False,Alfa Romeo Racing,0 days 01:10:26.446000,,1,,False,,False,True
2021-17,FP3,0 days 01:14:10.080000,GIO,99,0 days 00:02:06.125000,16.0,5.0,,0 days 01:14:09.133000,0 days 00:00:34.741000,0 days 00:00:50.094000,0 days 00:00:41.290000,0 days 01:12:38.696000,0 days 01:13:28.790000,0 days 01:14:10.080000,180.0,146.0,,247.0,False,SOFT,7.0,False,Alfa Romeo Racing,0 days 01:12:03.955000,,1,,False,,False,False
