event_id,Session,Time,Driver,DriverNumber,LapTime,LapNumber,Stint,PitOutTime,PitInTime,Sector1Time,Sector2Time,Sector3Time,Sector1SessionTime,Sector2SessionTime,Sector3SessionTime,SpeedI1,SpeedI2,SpeedFL,SpeedST,IsPersonalBest,Compound,TyreLife,FreshTyre,Team,LapStartTime,LapStartDate,TrackStatus,Position,Deleted,DeletedReason,FastF1Generated,IsAccurate
2021-22,FP1,0 days 00:16:11.265000,RIC,3,,1.0,1.0,0 days 00:14:05.843000,,,0 days 00:00:53.143000,0 days 00:00:55.292000,,0 days 00:15:15.973000,0 days 00:16:11.369000,240.0,182.0,218.0,107.0,False,SOFT,1.0,True,McLaren,0 days 00:14:05.843000,,1,,False,,False,False
2021-22,FP1,0 days 00:17:40.051000,RIC,3,0 days 00:01:28.786000,2.0,1.0,,,0 days 00:00:18.030000,0 days 00:00:37.699000,0 days 00:00:33.057000,0 days 00:16:29.295000,0 days 00:17:06.994000,0 days 00:17:40.051000,281.0,312.0,215.0,312.0,True,SOFT,2.0,True,McLaren,0 days 00:16:11.265000,,1,,False,,False,True
2021-22,FP1,0 days 00:20:04.385000,RIC,3,0 days 00:02:24.334000,3.0,1.0,,,0 days 00:00:28.968000,0 days 00:01:02.644000,0 days 00:00:52.722000,0 days 00:18:09.019000,0 days 00:19:11.663000,0 days 00:20:04.385000,212.0,233.0,217.0,258.0,False,SOFT,3.0,True,McLaren,0 days 00:17:40.051000,,1,,False,,False,True
2021-22,FP1,0 days 00:21:31.720000,RIC,3,0 days 00:01:27.335000,4.0,1.0,,,0 days 00:00:17.894000,0 days 00:00:37.247000,0 days 00:00:32.194000,0 days 00:20:22.279000,0 days 00:20:59.526000,0 days 00:21:31.720000,281.0,313.0,217.0,314.0,True,SOFT,4.0,True,McLaren,0 days 00:20:04.385000,,1,,False,,False,True
2021-22,FP1,0 days 00:24:17.261000,RIC,3,,5.0,1.0,,,0 days 00:00:32.100000,0 days 00:01:17.122000,0 days 00:00:56.317000,0 days 00:22:03.833000,0 days 00:23:20.944000,0 days 00:24:17.369000,132.0,261.0,216.0,220.0,False,SOFT,5.0,True,McLaren,0 days 00:21:31.720000,,1,,False,,False,False
2021-22,FP1,0 days 00:25:44.207000,RIC,3,0 days 00:01:26.946000,6.0,1.0,,,0 days 00:00:17.831000,0 days 00:00:37.237000,0 days 00:00:31.878000,0 days 00:24:35.092000,0 days 00:25:12.329000,0 days 00:25:44.207000,282.0,311.0,214.0,316.0,True,SOFT,6.0,True,McLaren,0 days 00:24:17.261000,,1,,False,,False,True
2021-22,FP1,0 days 00:27:39.033000,RIC,3,0 days 00:01:54.826000,7.0,1.0,,,0 days 00:00:25.910000,0 days 00:00:46.428000,0 days 00:00:42.488000,0 days 00:26:10.117000,0 days 00:26:56.545000,0 days 00:27:39.033000,249.0,246.0,217.0,169.0,False,SOFT,7.0,True,McLaren,0 days 00:25:44.207000,,1,,False,,False,True
2021-22,FP1,0 days 00:29:05.718000,RIC,3,0 days 00:01:26.685000,8.0,1.0,,,0 days 00:00:17.821000,0 days 00:00:37.178000,0 days 00:00:31.686000,0 days 00:27:56.854000,0 days 00:28:34.032000,0 days 00:29:05.718000,284.0,313.0,217.0,313.0,True,SOFT,8.0,True,McLaren,0 days 00:27:39.033000,,1,,False,,False,True
2021-22,FP1,0 days 00:30:42.920000,RIC,3,0 days 00:01:37.202000,9.0,1.0,,0 days 00:30:42.045000,0 days 00:00:19.843000,0 days 00:00:40.651000,0 days 00:00:36.708000,0 days 00:29:25.561000,0 days 00:30:06.212000,0 days 00:30:42.920000,262.0,288.0,,265.0,False,SOFT,9.0,True,McLaren,0 days 00:29:05.718000,,1,,False,,False,False
2021-22,FP1,0 days 00:41:11.918000,RIC,3,,10.0,2.0,0 days 00:39:19.124000,,,0 days 00:00:47.396000,0 days 00:00:43.360000,,0 days 00:40:28.560000,0 days 00:41:12.022000,246.0,267.0,218.0,242.0,False,MEDIUM,1.0,True,McLaren,0 days 00:30:42.920000,,1,,False,,False,False
2021-22,FP1,0 days 00:42:38.960000,RIC,3,0 days 00:01:27.042000,11.0,2.0,,,0 days 00:00:17.822000,0 days 00:00:37.220000,0 days 00:00:32,0 days 00:41:29.740000,0 days 00:42:06.960000,0 days 00:42:38.960000,278.0,309.0,216.0,311.0,False,MEDIUM,2.0,True,McLaren,0 days 00:41:11.918000,,1,,False,,False,True
2021-22,FP1,0 days 00:44:46.787000,RIC,3,0 days 00:02:07.827000,12.0,2.0,,,0 days 00:00:28.688000,0 days 00:00:49.240000,0 days 00:00:49.899000,0 days 00:43:07.648000,0 days 00:43:56.888000,0 days 00:44:46.787000,228.0,251.0,219.0,240.0,False,MEDIUM,3.0,True,McLaren,0 days 00:42:38.960000,,1,,False,,False,True
2021-22,FP1,0 days 00:46:13.463000,RIC,3,0 days 00:01:26.676000,13.0,2.0,,,0 days 00:00:17.798000,0 days 00:00:37.127000,0 days 00:00:31.751000,0 days 00:45:04.585000,0 days 00:45:41.712000,0 days 00:46:13.463000,279.0,313.0,218.0,315.0,True,MEDIUM,4.0,True,McLaren,0 days 00:44:46.787000,,12,,False,,False,True
2021-22,FP1,0 days 00:48:01.182000,RIC,3,0 days 00:01:47.719000,14.0,2.0,,0 days 00:48:00.138000,0 days 00:00:23.865000,0 days 00:00:43.959000,0 days 00:00:39.895000,0 days 00:46:37.328000,0 days 00:47:21.287000,0 days 00:48:01.182000,256.0,258.0,,280.0,False,MEDIUM,5.0,True,McLaren,0 days 00:46:13.463000,,1,,False,,False,False
2021-22,FP1,0 days 00:55:53.204000,RIC,3,,15.0,3.0,0 days 00:54:19.822000,,,0 days 00:00:39.504000,0 days 00:00:34.363000,,0 days 00:55:18.868000,0 days 00:55:53.303000,256.0,281.0,208.0,285.0,False,MEDIUM,6.0,False,McLaren,0 days 00:48:01.182000,,1,,False,,False,False
2021-22,FP1,0 days 00:57:24.391000,RIC,3,0 days 00:01:31.187000,16.0,3.0,,,0 days 00:00:18.468000,0 days 00:00:39.263000,0 days 00:00:33.456000,0 days 00:56:11.672000,0 days 00:56:50.935000,0 days 00:57:24.391000,264.0,279.0,211.0,279.0,False,MEDIUM,7.0,False,McLaren,0 days 00:55:53.204000,,1,,False,,False,True
2021-22,FP1,0 days 00:58:54.893000,RIC,3,0 days 00:01:30.502000,17.0,3.0,,,0 days 00:00:18.296000,0 days 00:00:38.916000,0 days 00:00:33.290000,0 days 00:57:42.687000,0 days 00:58:21.603000,0 days 00:58:54.893000,270.0,287.0,210.0,287.0,False,MEDIUM,8.0,False,McLaren,0 days 00:57:24.391000,,1,,False,,False,True
2021-22,FP1,0 days 01:00:25.785000,RIC,3,0 days 00:01:30.892000,18.0,3.0,,,0 days 00:00:18.280000,0 days 00:00:39.160000,0 days 00:00:33.452000,0 days 00:59:13.173000,0 days 00:59:52.333000,0 days 01:00:25.785000,271.0,281.0,209.0,285.0,False,MEDIUM,9.0,False,McLaren,0 days 00:58:54.893000,,1,,False,,False,True
2021-22,FP1,0 days 01:01:57.964000,RIC,3,0 days 00:01:32.179000,19.0,3.0,,,0 days 00:00:18.704000,0 days 00:00:39.541000,0 days 00:00:33.934000,0 days 01:00:44.489000,0 days 01:01:24.030000,0 days 01:01:57.964000,275.0,285.0,208.0,286.0,False,MEDIUM,10.0,False,McLaren,0 days 01:00:25.785000,,1,,False,,False,True
2021-22,FP1,0 days 01:03:29.184000,RIC,3,0 days 00:01:31.220000,20.0,3.0,,,0 days 00:00:18.423000,0 days 00:00:39.320000,0 days 00:00:33.477000,0 days 01:02:16.387000,0 days 01:02:55.707000,0 days 01:03:29.184000,275.0,283.0,210.0,286.0,False,MEDIUM,11.0,False,McLaren,0 days 01:01:57.964000,,1,,False,,False,True
2021-22,FP1,0 days 01:04:59.860000,RIC,3,0 days 00:01:30.676000,21.0,3.0,,,0 days 00:00:18.374000,0 days 00:00:39.111000,0 days 00:00:33.191000,0 days 01:03:47.558000,0 days 01:04:26.669000,0 days 01:04:59.860000,275.0,286.0,211.0,289.0,False,MEDIUM,12.0,False,McLaren,0 days 01:03:29.184000,,1,,False,,False,True
2021-22,FP1,0 days 01:06:30.464000,RIC,3,0 days 00:01:30.604000,22.0,3.0,,,0 days 00:00:18.302000,0 days 00:00:39.185000,0 days 00:00:33.117000,0 days 01:05:18.162000,0 days 01:05:57.347000,0 days 01:06:30.464000,271.0,288.0,211.0,289.0,False,MEDIUM,13.0,False,McLaren,0 days 01:04:59.860000,,1,,False,,False,True
2021-22,FP1,0 days 01:08:01.277000,RIC,3,0 days 00:01:30.813000,23.0,3.0,,,0 days 00:00:18.276000,0 days 00:00:39.451000,0 days 00:00:33.086000,0 days 01:06:48.740000,0 days 01:07:28.191000,0 days 01:08:01.277000,272.0,284.0,211.0,284.0,False,MEDIUM,14.0,False,McLaren,0 days 01:06:30.464000,,1,,False,,False,True
2021-22,FP1,0 days 01:09:31.735000,RIC,3,0 days 00:01:30.458000,24.0,3.0,,,0 days 00:00:18.270000,0 days 00:00:39.225000,0 days 00:00:32.963000,0 days 01:08:19.547000,0 days 01:08:58.772000,0 days 01:09:31.735000,274.0,287.0,209.0,287.0,False,MEDIUM,15.0,False,McLaren,0 days 01:08:01.277000,,1,,False,,False,True
2021-22,FP1,0 days 01:11:02.245000,RIC,3,0 days 00:01:30.510000,25.0,3.0,,,0 days 00:00:18.358000,0 days 00:00:39.060000,0 days 00:00:33.092000,0 days 01:09:50.093000,0 days 01:10:29.153000,0 days 01:11:02.245000,275.0,287.0,211.0,288.0,False,MEDIUM,16.0,False,McLaren,0 days 01:09:31.735000,,1,,False,,False,True
2021-22,FP1,0 days 01:12:32.698000,RIC,3,0 days 00:01:30.453000,26.0,3.0,,,0 days 00:00:18.412000,0 days 00:00:39.036000,0 days 00:00:33.005000,0 days 01:11:20.657000,0 days 01:11:59.693000,0 days 01:12:32.698000,269.0,291.0,211.0,292.0,False,MEDIUM,17.0,False,McLaren,0 days 01:11:02.245000,,1,,False,,False,True
2021-22,FP1,0 days 01:14:03.232000,RIC,3,0 days 00:01:30.534000,27.0,3.0,,,0 days 00:00:18.278000,0 days 00:00:39.204000,0 days 00:00:33.052000,0 days 01:12:50.976000,0 days 01:13:30.180000,0 days 01:14:03.232000,270.0,291.0,210.0,293.0,False,MEDIUM,18.0,False,McLaren,0 days 01:12:32.698000,,1,,False,,False,True
2021-22,FP1,0 days 01:15:52.876000,RIC,3,0 days 00:01:49.644000,28.0,3.0,,,0 days 00:00:19.106000,0 days 00:00:45.618000,0 days 00:00:44.920000,0 days 01:14:22.338000,0 days 01:15:07.956000,0 days 01:15:52.876000,266.0,235.0,64.0,244.0,False,MEDIUM,19.0,False,McLaren,0 days 01:14:03.232000,,1,,False,,False,True
2021-22,FP1,0 days 01:18:16.960000,RIC,3,0 days 00:02:24.084000,29.0,3.0,,0 days 01:18:15.908000,0 days 00:00:45.594000,0 days 00:00:49.868000,0 days 00:00:48.622000,0 days 01:16:38.470000,0 days 01:17:28.338000,0 days 01:18:16.960000,257.0,171.0,,191.0,False,MEDIUM,20.0,False,McLaren,0 days 01:15:52.876000,,1,,False,,False,False
2021-22,FP1,0 days 00:15:57.693000,NOR,4,,1.0,1.0,0 days 00:14:05.843000,,,0 days 00:00:46.422000,0 days 00:00:54.977000,,0 days 00:15:02.743000,0 days 00:15:57.823000,249.0,253.0,220.0,221.0,False,SOFT,1.0,True,McLaren,0 days 00:14:05.843000,,1,,False,,False,False
2021-22,FP1,0 days 00:17:25.940000,NOR,4,0 days 00:01:28.247000,2.0,1.0,,,0 days 00:00:17.958000,0 days 00:00:37.505000,0 days 00:00:32.784000,0 days 00:16:15.651000,0 days 00:16:53.156000,0 days 00:17:25.940000,281.0,313.0,182.0,314.0,False,SOFT,2.0,True,McLaren,0 days 00:15:57.693000,,1,,True,TRACK LIMITS AT TURN 16,False,True
2021-22,FP1,0 days 00:19:47.013000,NOR,4,0 days 00:02:21.073000,3.0,1.0,,,0 days 00:00:28.639000,0 days 00:00:59.977000,0 days 00:00:52.457000,0 days 00:17:54.579000,0 days 00:18:54.556000,0 days 00:19:47.013000,229.0,250.0,222.0,197.0,False,SOFT,3.0,True,McLaren,0 days 00:17:25.940000,,1,,True,TRACK LIMITS AT TURN 16,False,True
2021-22,FP1,0 days 00:21:13.795000,NOR,4,0 days 00:01:26.782000,4.0,1.0,,,0 days 00:00:17.799000,0 days 00:00:37.203000,0 days 00:00:31.780000,0 days 00:20:04.812000,0 days 00:20:42.015000,0 days 00:21:13.795000,282.0,312.0,217.0,314.0,True,SOFT,4.0,True,McLaren,0 days 00:19:47.013000,,1,,False,,False,True
2021-22,FP1,0 days 00:23:44.805000,NOR,4,,5.0,1.0,,,0 days 00:00:28.792000,0 days 00:01:09.943000,0 days 00:00:52.297000,0 days 00:21:42.586000,0 days 00:22:52.508000,0 days 00:23:45.492000,135.0,150.0,223.0,86.0,False,SOFT,5.0,True,McLaren,0 days 00:21:13.795000,,1,,False,,False,False
2021-22,FP1,0 days 00:25:42.086000,NOR,4,0 days 00:01:57.281000,6.0,1.0,,,0 days 00:00:17.736000,0 days 00:00:52.517000,0 days 00:00:47.028000,0 days 00:24:02.541000,0 days 00:24:55.058000,0 days 00:25:42.086000,282.0,207.0,220.0,315.0,False,SOFT,6.0,True,McLaren,0 days 00:23:44.805000,,1,,True,TRACK LIMITS AT TURN 7,False,True
2021-22,FP1,0 days 00:27:20.188000,NOR,4,0 days 00:01:38.102000,7.0,1.0,,0 days 00:27:19.166000,0 days 00:00:17.777000,0 days 00:00:37.152000,0 days 00:00:43.173000,0 days 00:25:59.863000,0 days 00:26:37.015000,0 days 00:27:20.188000,282.0,312.0,,316.0,False,SOFT,7.0,True,McLaren,0 days 00:25:42.086000,,1,,False,,False,False
2021-22,FP1,0 days 00:40:39.668000,NOR,4,,8.0,2.0,0 days 00:38:49.428000,,,0 days 00:00:46.826000,0 days 00:00:40.981000,,0 days 00:39:58.687000,0 days 00:40:39.813000,256.0,277.0,223.0,282.0,False,SOFT,1.0,True,McLaren,0 days 00:27:20.188000,,1,,False,,False,False
2021-22,FP1,0 days 00:42:05.791000,NOR,4,0 days 00:01:26.123000,9.0,2.0,,,0 days 00:00:17.727000,0 days 00:00:36.936000,0 days 00:00:31.460000,0 days 00:40:57.395000,0 days 00:41:34.331000,0 days 00:42:05.791000,279.0,312.0,216.0,313.0,True,SOFT,2.0,True,McLaren,0 days 00:40:39.668000,,1,,False,,False,True
2021-22,FP1,0 days 00:44:37.906000,NOR,4,,10.0,2.0,,,0 days 00:00:28.746000,0 days 00:01:06.498000,0 days 00:00:56.887000,0 days 00:42:34.554000,0 days 00:43:41.019000,0 days 00:44:39.420000,181.0,141.0,222.0,212.0,False,SOFT,3.0,True,McLaren,0 days 00:42:05.791000,,1,,False,,False,False
2021-22,FP1,0 days 00:46:09.908000,NOR,4,0 days 00:01:32.002000,11.0,2.0,,0 days 00:46:08.880000,0 days 00:00:17.726000,0 days 00:00:37.048000,0 days 00:00:37.228000,0 days 00:44:55.632000,0 days 00:45:32.680000,0 days 00:46:09.908000,280.0,311.0,,314.0,False,SOFT,4.0,True,McLaren,0 days 00:44:37.906000,,12,,False,,False,False
2021-22,FP1,0 days 00:55:07.580000,NOR,4,,12.0,3.0,0 days 00:53:31.792000,,,0 days 00:00:41.146000,0 days 00:00:35.477000,,0 days 00:54:32.127000,0 days 00:55:10.295000,258.0,284.0,215.0,272.0,False,SOFT,5.0,False,McLaren,0 days 00:46:09.908000,,1,,False,,False,False
2021-22,FP1,0 days 00:56:37.953000,NOR,4,0 days 00:01:30.373000,13.0,3.0,,,0 days 00:00:18.269000,0 days 00:00:38.894000,0 days 00:00:33.210000,0 days 00:55:25.849000,0 days 00:56:04.743000,0 days 00:56:37.953000,270.0,284.0,210.0,286.0,False,SOFT,6.0,False,McLaren,0 days 00:55:07.580000,,1,,False,,False,True
2021-22,FP1,0 days 00:58:09.248000,NOR,4,0 days 00:01:31.295000,14.0,3.0,,,0 days 00:00:18.221000,0 days 00:00:38.874000,0 days 00:00:34.200000,0 days 00:56:56.174000,0 days 00:57:35.048000,0 days 00:58:09.248000,270.0,284.0,211.0,287.0,False,SOFT,7.0,False,McLaren,0 days 00:56:37.953000,,1,,False,,False,True
2021-22,FP1,0 days 00:59:40.130000,NOR,4,0 days 00:01:30.882000,15.0,3.0,,,0 days 00:00:18.403000,0 days 00:00:39.102000,0 days 00:00:33.377000,0 days 00:58:27.651000,0 days 00:59:06.753000,0 days 00:59:40.130000,273.0,287.0,213.0,287.0,False,SOFT,8.0,False,McLaren,0 days 00:58:09.248000,,1,,False,,False,True
2021-22,FP1,0 days 01:01:10.497000,NOR,4,0 days 00:01:30.367000,16.0,3.0,,,0 days 00:00:18.235000,0 days 00:00:39.050000,0 days 00:00:33.082000,0 days 00:59:58.365000,0 days 01:00:37.415000,0 days 01:01:10.497000,271.0,287.0,213.0,290.0,False,SOFT,9.0,False,McLaren,0 days 00:59:40.130000,,1,,False,,False,True
2021-22,FP1,0 days 01:02:41.071000,NOR,4,0 days 00:01:30.574000,17.0,3.0,,,0 days 00:00:18.278000,0 days 00:00:39.217000,0 days 00:00:33.079000,0 days 01:01:28.775000,0 days 01:02:07.992000,0 days 01:02:41.071000,272.0,286.0,210.0,287.0,False,SOFT,10.0,False,McLaren,0 days 01:01:10.497000,,1,,False,,False,True
2021-22,FP1,0 days 01:04:11.994000,NOR,4,0 days 00:01:30.923000,18.0,3.0,,,0 days 00:00:18.448000,0 days 00:00:39.353000,0 days 00:00:33.122000,0 days 01:02:59.519000,0 days 01:03:38.872000,0 days 01:04:11.994000,268.0,282.0,212.0,285.0,False,SOFT,11.0,False,McLaren,0 days 01:02:41.071000,,1,,False,,False,True
2021-22,FP1,0 days 01:05:43.627000,NOR,4,0 days 00:01:31.633000,19.0,3.0,,,0 days 00:00:18.383000,0 days 00:00:39.193000,0 days 00:00:34.057000,0 days 01:04:30.377000,0 days 01:05:09.570000,0 days 01:05:43.627000,270.0,289.0,204.0,289.0,False,SOFT,12.0,False,McLaren,0 days 01:04:11.994000,,1,,False,,False,True
2021-22,FP1,0 days 01:07:15.025000,NOR,4,0 days 00:01:31.398000,20.0,3.0,,,0 days 00:00:18.485000,0 days 00:00:39.776000,0 days 00:00:33.137000,0 days 01:06:02.112000,0 days 01:06:41.888000,0 days 01:07:15.025000,279.0,286.0,211.0,287.0,False,SOFT,13.0,False,McLaren,0 days 01:05:43.627000,,1,,False,,False,True
2021-22,FP1,0 days 01:08:46.678000,NOR,4,0 days 00:01:31.653000,21.0,3.0,,,0 days 00:00:18.390000,0 days 00:00:39.646000,0 days 00:00:33.617000,0 days 01:07:33.415000,0 days 01:08:13.061000,0 days 01:08:46.678000,270.0,286.0,203.0,285.0,False,SOFT,14.0,False,McLaren,0 days 01:07:15.025000,,1,,False,,False,True
2021-22,FP1,0 days 01:10:19.873000,NOR,4,0 days 00:01:33.195000,22.0,3.0,,0 days 01:10:18.859000,0 days 00:00:18.534000,0 days 00:00:39.439000,0 days 00:00:35.222000,0 days 01:09:05.212000,0 days 01:09:44.651000,0 days 01:10:19.873000,273.0,288.0,,290.0,False,SOFT,15.0,False,McLaren,0 days 01:08:46.678000,,1,,False,,False,False
2021-22,FP1,0 days 01:12:11.896000,NOR,4,0 days 00:01:52.023000,23.0,4.0,0 days 01:10:40.821000,,0 days 00:00:39.393000,0 days 00:00:39.054000,0 days 00:00:33.576000,0 days 01:10:59.266000,0 days 01:11:38.320000,0 days 01:12:11.896000,278.0,291.0,210.0,294.0,False,SOFT,8.0,False,McLaren,0 days 01:10:19.873000,,1,,False,,False,False
2021-22,FP1,0 days 01:13:44.079000,NOR,4,0 days 00:01:32.183000,24.0,4.0,,,0 days 00:00:18.521000,0 days 00:00:39.385000,0 days 00:00:34.277000,0 days 01:12:30.417000,0 days 01:13:09.802000,0 days 01:13:44.079000,273.0,285.0,211.0,283.0,False,SOFT,9.0,False,McLaren,0 days 01:12:11.896000,,1,,False,,False,True
2021-22,FP1,0 days 01:15:51.166000,NOR,4,0 days 00:02:07.087000,25.0,4.0,,,0 days 00:00:23.594000,0 days 00:00:50.803000,0 days 00:00:52.690000,0 days 01:14:07.673000,0 days 01:14:58.476000,0 days 01:15:51.166000,151.0,175.0,58.0,146.0,False,SOFT,10.0,False,McLaren,0 days 01:13:44.079000,,1,,False,,False,True
2021-22,FP1,0 days 01:18:02.069000,NOR,4,0 days 00:02:10.903000,26.0,4.0,,0 days 01:18:02.051000,0 days 00:00:45.888000,0 days 00:00:43.719000,0 days 00:00:41.296000,0 days 01:16:37.054000,0 days 01:17:20.773000,0 days 01:18:02.069000,255.0,241.0,,177.0,False,SOFT,11.0,False,McLaren,0 days 01:15:51.166000,,1,,False,,False,False
2021-22,FP1,0 days 00:16:49.989000,VET,5,,1.0,1.0,0 days 00:14:40.751000,,,0 days 00:00:47.510000,0 days 00:00:55.243000,,0 days 00:15:54.746000,0 days 00:16:50.083000,253.0,170.0,212.0,189.0,False,SOFT,1.0,True,Aston Martin,0 days 00:14:40.751000,,1,,False,,False,False
2021-22,FP1,0 days 00:18:19.915000,VET,5,0 days 00:01:29.926000,2.0,1.0,,,0 days 00:00:18.351000,0 days 00:00:37.369000,0 days 00:00:34.206000,0 days 00:17:08.340000,0 days 00:17:45.709000,0 days 00:18:19.915000,282.0,273.0,218.0,316.0,True,SOFT,2.0,True,Aston Martin,0 days 00:16:49.989000,,1,,False,,False,True
2021-22,FP1,0 days 00:20:40.016000,VET,5,0 days 00:02:20.101000,3.0,1.0,,,0 days 00:00:24.796000,0 days 00:00:59.480000,0 days 00:00:55.825000,0 days 00:18:44.711000,0 days 00:19:44.191000,0 days 00:20:40.016000,184.0,149.0,217.0,112.0,False,SOFT,3.0,True,Aston Martin,0 days 00:18:19.915000,,1,,False,,False,True
2021-22,FP1,0 days 00:22:07.501000,VET,5,0 days 00:01:27.485000,4.0,1.0,,,0 days 00:00:17.892000,0 days 00:00:37.066000,0 days 00:00:32.527000,0 days 00:20:57.908000,0 days 00:21:34.974000,0 days 00:22:07.501000,286.0,314.0,216.0,314.0,True,SOFT,4.0,True,Aston Martin,0 days 00:20:40.016000,,1,,False,,False,True
2021-22,FP1,0 days 00:24:19.959000,VET,5,0 days 00:02:12.458000,5.0,1.0,,,0 days 00:00:24.562000,0 days 00:01:02.095000,0 days 00:00:45.801000,0 days 00:22:32.063000,0 days 00:23:34.158000,0 days 00:24:19.959000,174.0,176.0,163.0,101.0,False,SOFT,5.0,True,Aston Martin,0 days 00:22:07.501000,,1,,False,,False,True
2021-22,FP1,0 days 00:26:18.320000,VET,5,0 days 00:01:58.361000,6.0,1.0,,,0 days 00:00:24.537000,0 days 00:00:48.991000,0 days 00:00:44.833000,0 days 00:24:44.496000,0 days 00:25:33.487000,0 days 00:26:18.320000,252.0,225.0,219.0,207.0,False,SOFT,6.0,True,Aston Martin,0 days 00:24:19.959000,,1,,False,,False,True
2021-22,FP1,0 days 00:27:45.184000,VET,5,0 days 00:01:26.864000,7.0,1.0,,,0 days 00:00:17.757000,0 days 00:00:36.804000,0 days 00:00:32.303000,0 days 00:26:36.077000,0 days 00:27:12.881000,0 days 00:27:45.184000,285.0,315.0,210.0,315.0,False,SOFT,7.0,True,Aston Martin,0 days 00:26:18.320000,,1,,True,TRACK LIMITS AT TURN 16,False,True
2021-22,FP1,0 days 00:30:06.771000,VET,5,0 days 00:02:21.587000,8.0,1.0,,,0 days 00:00:22.979000,0 days 00:01:00.793000,0 days 00:00:57.815000,0 days 00:28:08.163000,0 days 00:29:08.956000,0 days 00:30:06.771000,179.0,158.0,149.0,124.0,False,SOFT,8.0,True,Aston Martin,0 days 00:27:45.184000,,1,,True,TRACK LIMITS AT TURN 16,False,True
2021-22,FP1,0 days 00:32:06.824000,VET,5,0 days 00:02:00.053000,9.0,1.0,,,0 days 00:00:26.277000,0 days 00:00:49.724000,0 days 00:00:44.052000,0 days 00:30:33.048000,0 days 00:31:22.772000,0 days 00:32:06.824000,212.0,232.0,219.0,114.0,False,SOFT,9.0,True,Aston Martin,0 days 00:30:06.771000,,1,,False,,False,True
2021-22,FP1,0 days 00:33:33.176000,VET,5,0 days 00:01:26.352000,10.0,1.0,,,0 days 00:00:17.659000,0 days 00:00:36.751000,0 days 00:00:31.942000,0 days 00:32:24.483000,0 days 00:33:01.234000,0 days 00:33:33.176000,285.0,315.0,219.0,318.0,True,SOFT,10.0,True,Aston Martin,0 days 00:32:06.824000,,1,,False,,False,True
2021-22,FP1,0 days 00:35:10.114000,VET,5,0 days 00:01:36.938000,11.0,1.0,,0 days 00:35:09.081000,0 days 00:00:20.642000,0 days 00:00:40.067000,0 days 00:00:36.229000,0 days 00:33:53.818000,0 days 00:34:33.885000,0 days 00:35:10.114000,258.0,275.0,,272.0,False,SOFT,11.0,True,Aston Martin,0 days 00:33:33.176000,,1,,False,,False,False
2021-22,FP1,0 days 00:46:36.008000,VET,5,,12.0,2.0,0 days 00:44:41.520000,,,0 days 00:00:48.187000,0 days 00:00:44.472000,,0 days 00:45:51.576000,0 days 00:46:36.163000,165.0,175.0,220.0,190.0,False,SOFT,1.0,True,Aston Martin,0 days 00:35:10.114000,,12,,False,,False,False
2021-22,FP1,0 days 00:48:02.117000,VET,5,0 days 00:01:26.109000,13.0,2.0,,,0 days 00:00:17.631000,0 days 00:00:36.801000,0 days 00:00:31.677000,0 days 00:46:53.639000,0 days 00:47:30.440000,0 days 00:48:02.117000,281.0,311.0,218.0,315.0,True,SOFT,2.0,True,Aston Martin,0 days 00:46:36.008000,,1,,False,,False,True
2021-22,FP1,0 days 00:50:12.030000,VET,5,0 days 00:02:09.913000,14.0,2.0,,,0 days 00:00:23.956000,0 days 00:00:56.727000,0 days 00:00:49.230000,0 days 00:48:26.073000,0 days 00:49:22.800000,0 days 00:50:12.030000,156.0,172.0,166.0,185.0,False,SOFT,3.0,True,Aston Martin,0 days 00:48:02.117000,,1,,False,,False,True
2021-22,FP1,0 days 00:52:13.079000,VET,5,0 days 00:02:01.049000,15.0,2.0,,,0 days 00:00:26.319000,0 days 00:00:52.494000,0 days 00:00:42.236000,0 days 00:50:38.349000,0 days 00:51:30.843000,0 days 00:52:13.079000,190.0,195.0,219.0,158.0,False,SOFT,4.0,True,Aston Martin,0 days 00:50:12.030000,,1,,False,,False,True
2021-22,FP1,0 days 00:53:39.086000,VET,5,0 days 00:01:26.007000,16.0,2.0,,,0 days 00:00:17.651000,0 days 00:00:36.594000,0 days 00:00:31.762000,0 days 00:52:30.730000,0 days 00:53:07.324000,0 days 00:53:39.086000,282.0,312.0,215.0,316.0,True,SOFT,5.0,True,Aston Martin,0 days 00:52:13.079000,,1,,False,,False,True
2021-22,FP1,0 days 00:55:23.270000,VET,5,0 days 00:01:44.184000,17.0,2.0,,0 days 00:55:22.197000,0 days 00:00:20.486000,0 days 00:00:42.656000,0 days 00:00:41.042000,0 days 00:53:59.572000,0 days 00:54:42.228000,0 days 00:55:23.270000,255.0,196.0,,241.0,False,SOFT,6.0,True,Aston Martin,0 days 00:53:39.086000,,1,,False,,False,False
2021-22,FP1,0 days 01:04:47.404000,VET,5,,18.0,3.0,0 days 01:03:09.892000,,,0 days 00:00:42.847000,0 days 00:00:34.856000,,0 days 01:04:12.997000,0 days 01:04:47.509000,256.0,221.0,215.0,277.0,False,SOFT,7.0,False,Aston Martin,0 days 00:55:23.270000,,1,,False,,False,False
2021-22,FP1,0 days 01:06:17.199000,VET,5,0 days 00:01:29.795000,19.0,3.0,,,0 days 00:00:18.212000,0 days 00:00:38.472000,0 days 00:00:33.111000,0 days 01:05:05.616000,0 days 01:05:44.088000,0 days 01:06:17.199000,268.0,283.0,215.0,287.0,False,SOFT,8.0,False,Aston Martin,0 days 01:04:47.404000,,1,,False,,False,True
2021-22,FP1,0 days 01:07:47.504000,VET,5,0 days 00:01:30.305000,20.0,3.0,,,0 days 00:00:18.123000,0 days 00:00:38.959000,0 days 00:00:33.223000,0 days 01:06:35.322000,0 days 01:07:14.281000,0 days 01:07:47.504000,276.0,286.0,213.0,289.0,False,SOFT,9.0,False,Aston Martin,0 days 01:06:17.199000,,1,,False,,False,True
2021-22,FP1,0 days 01:09:17.428000,VET,5,0 days 00:01:29.924000,21.0,3.0,,,0 days 00:00:18.115000,0 days 00:00:38.573000,0 days 00:00:33.236000,0 days 01:08:05.619000,0 days 01:08:44.192000,0 days 01:09:17.428000,283.0,290.0,212.0,295.0,False,SOFT,10.0,False,Aston Martin,0 days 01:07:47.504000,,1,,False,,False,True
2021-22,FP1,0 days 01:10:48.001000,VET,5,0 days 00:01:30.573000,22.0,3.0,,,0 days 00:00:18.369000,0 days 00:00:38.949000,0 days 00:00:33.255000,0 days 01:09:35.797000,0 days 01:10:14.746000,0 days 01:10:48.001000,275.0,285.0,213.0,290.0,False,SOFT,11.0,False,Aston Martin,0 days 01:09:17.428000,,1,,False,,False,True
2021-22,FP1,0 days 01:12:18.680000,VET,5,0 days 00:01:30.679000,23.0,3.0,,,0 days 00:00:18.225000,0 days 00:00:39.043000,0 days 00:00:33.411000,0 days 01:11:06.226000,0 days 01:11:45.269000,0 days 01:12:18.680000,274.0,284.0,212.0,289.0,False,SOFT,12.0,False,Aston Martin,0 days 01:10:48.001000,,1,,False,,False,True
2021-22,FP1,0 days 01:13:56.998000,VET,5,0 days 00:01:38.318000,24.0,3.0,,,0 days 00:00:18.208000,0 days 00:00:38.913000,0 days 00:00:41.197000,0 days 01:12:36.888000,0 days 01:13:15.801000,0 days 01:13:56.998000,274.0,288.0,122.0,294.0,False,SOFT,13.0,False,Aston Martin,0 days 01:12:18.680000,,1,,False,,False,True
2021-22,FP1,0 days 01:16:20.244000,VET,5,0 days 00:02:23.246000,25.0,3.0,,,0 days 00:00:29.480000,0 days 00:00:55.772000,0 days 00:00:57.994000,0 days 01:14:26.478000,0 days 01:15:22.250000,0 days 01:16:20.244000,176.0,135.0,60.0,165.0,False,SOFT,14.0,False,Aston Martin,0 days 01:13:56.998000,,1,,False,,False,True
2021-22,FP1,0 days 01:18:56.393000,VET,5,,26.0,3.0,,0 days 01:18:55.309000,0 days 00:00:49.678000,0 days 00:00:57.902000,0 days 00:00:48.561000,0 days 01:17:09.946000,0 days 01:18:07.832000,0 days 01:18:56.474000,165.0,154.0,,152.0,False,SOFT,15.0,False,Aston Martin,0 days 01:16:20.244000,,1,,False,,False,False
2021-22,FP1,0 days 00:16:43.829000,LAT,6,,1.0,1.0,0 days 00:14:39.517000,,,0 days 00:00:43.916000,0 days 00:00:53.874000,,0 days 00:15:50.087000,0 days 00:16:43.936000,270.0,159.0,216.0,257.0,False,SOFT,1.0,True,Williams,0 days 00:14:39.517000,,1,,False,,False,False
2021-22,FP1,0 days 00:18:15.177000,LAT,6,0 days 00:01:31.348000,2.0,1.0,,,0 days 00:00:18.235000,0 days 00:00:38.173000,0 days 00:00:34.940000,0 days 00:17:02.064000,0 days 00:17:40.237000,0 days 00:18:15.177000,284.0,307.0,217.0,313.0,True,SOFT,2.0,True,Williams,0 days 00:16:43.829000,,1,,False,,False,True
2021-22,FP1,0 days 00:20:18.610000,LAT,6,0 days 00:02:03.433000,3.0,1.0,,,0 days 00:00:22.132000,0 days 00:00:53.319000,0 days 00:00:47.982000,0 days 00:18:37.309000,0 days 00:19:30.628000,0 days 00:20:18.610000,168.0,232.0,220.0,213.0,False,SOFT,3.0,True,Williams,0 days 00:18:15.177000,,1,,False,,False,True
2021-22,FP1,0 days 00:21:47.296000,LAT,6,0 days 00:01:28.686000,4.0,1.0,,,0 days 00:00:17.931000,0 days 00:00:37.710000,0 days 00:00:33.045000,0 days 00:20:36.541000,0 days 00:21:14.251000,0 days 00:21:47.296000,282.0,304.0,216.0,310.0,False,SOFT,4.0,True,Williams,0 days 00:20:18.610000,,1,,True,TRACK LIMITS AT TURN 16,False,True
2021-22,FP1,0 days 00:24:04.774000,LAT,6,0 days 00:02:17.478000,5.0,1.0,,,0 days 00:00:26.826000,0 days 00:00:57.592000,0 days 00:00:53.060000,0 days 00:22:14.122000,0 days 00:23:11.714000,0 days 00:24:04.774000,246.0,183.0,220.0,226.0,False,SOFT,5.0,True,Williams,0 days 00:21:47.296000,,1,,True,TRACK LIMITS AT TURN 16,False,True
2021-22,FP1,0 days 00:25:33.055000,LAT,6,0 days 00:01:28.281000,6.0,1.0,,,0 days 00:00:17.984000,0 days 00:00:37.549000,0 days 00:00:32.748000,0 days 00:24:22.758000,0 days 00:25:00.307000,0 days 00:25:33.055000,283.0,305.0,211.0,309.0,False,SOFT,6.0,True,Williams,0 days 00:24:04.774000,,1,,True,TRACK LIMITS AT TURN 16,False,True
2021-22,FP1,0 days 00:27:17.443000,LAT,6,0 days 00:01:44.388000,7.0,1.0,,0 days 00:27:16.440000,0 days 00:00:20.917000,0 days 00:00:43.675000,0 days 00:00:39.796000,0 days 00:25:53.972000,0 days 00:26:37.647000,0 days 00:27:17.443000,260.0,251.0,,287.0,False,SOFT,7.0,True,Williams,0 days 00:25:33.055000,,1,,False,,False,False
2021-22,FP1,0 days 00:29:26.660000,LAT,6,0 days 00:02:09.217000,8.0,2.0,0 days 00:27:36.675000,0 days 00:29:26.668000,0 days 00:00:42.076000,0 days 00:00:45.365000,0 days 00:00:41.776000,0 days 00:27:59.519000,0 days 00:28:44.884000,0 days 00:29:26.660000,223.0,122.0,,218.0,False,SOFT,8.0,False,Williams,0 days 00:27:17.443000,,1,,False,,False,False
2021-22,FP1,0 days 00:31:30.239000,LAT,6,0 days 00:02:03.579000,9.0,3.0,0 days 00:29:48.190000,0 days 00:31:30.238000,0 days 00:00:39.819000,0 days 00:00:44.962000,0 days 00:00:38.798000,0 days 00:30:06.479000,0 days 00:30:51.441000,0 days 00:31:30.239000,271.0,240.0,,239.0,False,SOFT,9.0,False,Williams,0 days 00:29:26.660000,,1,,False,,False,False
2021-22,FP1,0 days 00:42:26.457000,LAT,6,,10.0,4.0,0 days 00:40:35.316000,,,0 days 00:00:43.739000,0 days 00:00:41.833000,,0 days 00:41:44.624000,0 days 00:42:26.567000,272.0,258.0,219.0,250.0,False,SOFT,1.0,True,Williams,0 days 00:31:30.239000,,1,,False,,False,False
2021-22,FP1,0 days 00:43:54.133000,LAT,6,0 days 00:01:27.676000,11.0,4.0,,,0 days 00:00:17.896000,0 days 00:00:37.405000,0 days 00:00:32.375000,0 days 00:42:44.353000,0 days 00:43:21.758000,0 days 00:43:54.133000,281.0,311.0,218.0,316.0,True,SOFT,2.0,True,Williams,0 days 00:42:26.457000,,1,,False,,False,True
2021-22,FP1,0 days 00:46:15.582000,LAT,6,0 days 00:02:21.449000,12.0,4.0,,,0 days 00:00:23.915000,0 days 00:00:55.371000,0 days 00:01:02.163000,0 days 00:44:18.048000,0 days 00:45:13.419000,0 days 00:46:15.582000,246.0,165.0,219.0,180.0,False,SOFT,3.0,True,Williams,0 days 00:43:54.133000,,12,,False,,False,True
2021-22,FP1,0 days 00:47:43.069000,LAT,6,0 days 00:01:27.487000,13.0,4.0,,,0 days 00:00:17.875000,0 days 00:00:37.209000,0 days 00:00:32.403000,0 days 00:46:33.457000,0 days 00:47:10.666000,0 days 00:47:43.069000,281.0,307.0,215.0,312.0,True,SOFT,4.0,True,Williams,0 days 00:46:15.582000,,1,,False,,False,True
2021-22,FP1,0 days 00:49:51.651000,LAT,6,0 days 00:02:08.582000,14.0,4.0,,,0 days 00:00:22.146000,0 days 00:00:54.228000,0 days 00:00:52.208000,0 days 00:48:05.215000,0 days 00:48:59.443000,0 days 00:49:51.651000,251.0,128.0,220.0,154.0,False,SOFT,5.0,True,Williams,0 days 00:47:43.069000,,1,,False,,False,True
2021-22,FP1,0 days 00:51:19.689000,LAT,6,0 days 00:01:28.038000,15.0,4.0,,,0 days 00:00:17.928000,0 days 00:00:37.460000,0 days 00:00:32.650000,0 days 00:50:09.579000,0 days 00:50:47.039000,0 days 00:51:19.689000,280.0,305.0,213.0,308.0,False,SOFT,6.0,True,Williams,0 days 00:49:51.651000,,1,,False,,False,True
2021-22,FP1,0 days 00:53:24.630000,LAT,6,0 days 00:02:04.941000,16.0,4.0,,0 days 00:53:24.624000,0 days 00:00:32.951000,0 days 00:00:49.023000,0 days 00:00:42.967000,0 days 00:51:52.640000,0 days 00:52:41.663000,0 days 00:53:24.630000,247.0,223.0,,240.0,False,SOFT,7.0,True,Williams,0 days 00:51:19.689000,,1,,False,,False,False
2021-22,FP1,0 days 01:01:43.277000,LAT,6,,17.0,5.0,0 days 00:59:54.586000,0 days 01:01:43.289000,,0 days 00:00:46.069000,0 days 00:00:37.685000,,0 days 01:01:05.605000,0 days 01:01:43.399000,257.0,271.0,,239.0,False,SOFT,8.0,False,Williams,0 days 00:53:24.630000,,1,,False,,False,False
2021-22,FP1,0 days 01:03:55.590000,LAT,6,0 days 00:02:12.313000,18.0,6.0,0 days 01:02:17.982000,,0 days 00:00:53.026000,0 days 00:00:44.260000,0 days 00:00:35.027000,0 days 01:02:36.303000,0 days 01:03:20.563000,0 days 01:03:55.590000,268.0,288.0,216.0,240.0,False,SOFT,9.0,False,Williams,0 days 01:01:43.277000,,1,,False,,False,False
2021-22,FP1,0 days 01:05:26.356000,LAT,6,0 days 00:01:30.766000,19.0,6.0,,,0 days 00:00:18.346000,0 days 00:00:38.659000,0 days 00:00:33.761000,0 days 01:04:13.936000,0 days 01:04:52.595000,0 days 01:05:26.356000,274.0,287.0,214.0,290.0,False,SOFT,10.0,False,Williams,0 days 01:03:55.590000,,1,,False,,False,True
2021-22,FP1,0 days 01:06:57.273000,LAT,6,0 days 00:01:30.917000,20.0,6.0,,,0 days 00:00:18.377000,0 days 00:00:38.948000,0 days 00:00:33.592000,0 days 01:05:44.733000,0 days 01:06:23.681000,0 days 01:06:57.273000,275.0,288.0,213.0,292.0,False,SOFT,11.0,False,Williams,0 days 01:05:26.356000,,1,,False,,False,True
2021-22,FP1,0 days 01:08:28.213000,LAT,6,0 days 00:01:30.940000,21.0,6.0,,,0 days 00:00:18.488000,0 days 00:00:39.001000,0 days 00:00:33.451000,0 days 01:07:15.761000,0 days 01:07:54.762000,0 days 01:08:28.213000,274.0,283.0,212.0,290.0,False,SOFT,12.0,False,Williams,0 days 01:06:57.273000,,1,,False,,False,True
2021-22,FP1,0 days 01:09:59.075000,LAT,6,0 days 00:01:30.862000,22.0,6.0,,,0 days 00:00:18.370000,0 days 00:00:39.034000,0 days 00:00:33.458000,0 days 01:08:46.583000,0 days 01:09:25.617000,0 days 01:09:59.075000,276.0,285.0,211.0,292.0,False,SOFT,13.0,False,Williams,0 days 01:08:28.213000,,1,,False,,False,True
2021-22,FP1,0 days 01:11:30.334000,LAT,6,0 days 00:01:31.259000,23.0,6.0,,,0 days 00:00:18.527000,0 days 00:00:39.072000,0 days 00:00:33.660000,0 days 01:10:17.602000,0 days 01:10:56.674000,0 days 01:11:30.334000,272.0,287.0,213.0,290.0,False,SOFT,14.0,False,Williams,0 days 01:09:59.075000,,1,,False,,False,True
2021-22,FP1,0 days 01:13:01.266000,LAT,6,0 days 00:01:30.932000,24.0,6.0,,,0 days 00:00:18.413000,0 days 00:00:39.129000,0 days 00:00:33.390000,0 days 01:11:48.747000,0 days 01:12:27.876000,0 days 01:13:01.266000,270.0,285.0,212.0,289.0,False,SOFT,15.0,False,Williams,0 days 01:11:30.334000,,1,,False,,False,True
2021-22,FP1,0 days 01:14:33.859000,LAT,6,0 days 00:01:32.593000,25.0,6.0,,,0 days 00:00:18.364000,0 days 00:00:39.311000,0 days 00:00:34.918000,0 days 01:13:19.630000,0 days 01:13:58.941000,0 days 01:14:33.859000,271.0,278.0,210.0,290.0,False,SOFT,16.0,False,Williams,0 days 01:13:01.266000,,1,,False,,False,True
2021-22,FP1,0 days 01:16:47.152000,LAT,6,0 days 00:02:13.293000,26.0,6.0,,,0 days 00:00:22.006000,0 days 00:00:45.529000,0 days 00:01:05.758000,0 days 01:14:55.865000,0 days 01:15:41.394000,0 days 01:16:47.152000,229.0,187.0,71.0,194.0,False,SOFT,17.0,False,Williams,0 days 01:14:33.859000,,1,,False,,False,True
2021-22,FP1,0 days 01:18:59.158000,LAT,6,0 days 00:02:12.006000,27.0,6.0,,0 days 01:18:59.165000,0 days 00:00:45.401000,0 days 00:00:45.980000,0 days 00:00:40.625000,0 days 01:17:32.553000,0 days 01:18:18.533000,0 days 01:18:59.158000,263.0,239.0,,264.0,False,SOFT,18.0,False,Williams,0 days 01:16:47.152000,,1,,False,,False,False
2021-22,FP1,0 days 00:15:12.643000,RAI,7,,1.0,1.0,0 days 00:14:05.843000,,,0 days 00:00:45.896000,0 days 00:00:38.396000,,0 days 00:14:34.285000,0 days 00:15:12.758000,270.0,259.0,219.0,277.0,False,MEDIUM,1.0,True,Alfa Romeo Racing,0 days 00:14:05.843000,,1,,False,,False,False
2021-22,FP1,0 days 00:16:41.519000,RAI,7,0 days 00:01:28.876000,2.0,1.0,,,0 days 00:00:17.901000,0 days 00:00:37.770000,0 days 00:00:33.205000,0 days 00:15:30.544000,0 days 00:16:08.314000,0 days 00:16:41.519000,283.0,311.0,212.0,317.0,True,MEDIUM,2.0,True,Alfa Romeo Racing,0 days 00:15:12.643000,,1,,False,,False,True
2021-22,FP1,0 days 00:18:33.600000,RAI,7,0 days 00:01:52.081000,3.0,1.0,,,0 days 00:00:18.125000,0 days 00:00:53.398000,0 days 00:00:40.558000,0 days 00:16:59.644000,0 days 00:17:53.042000,0 days 00:18:33.600000,278.0,212.0,219.0,232.0,False,MEDIUM,3.0,True,Alfa Romeo Racing,0 days 00:16:41.519000,,1,,False,,False,True
2021-22,FP1,0 days 00:20:01.928000,RAI,7,0 days 00:01:28.328000,4.0,1.0,,,0 days 00:00:17.812000,0 days 00:00:37.580000,0 days 00:00:32.936000,0 days 00:18:51.412000,0 days 00:19:28.992000,0 days 00:20:01.928000,285.0,316.0,213.0,317.0,True,MEDIUM,4.0,True,Alfa Romeo Racing,0 days 00:18:33.600000,,1,,False,,False,True
2021-22,FP1,0 days 00:22:05.389000,RAI,7,0 days 00:02:03.461000,5.0,1.0,,,0 days 00:00:22.676000,0 days 00:00:57.699000,0 days 00:00:43.086000,0 days 00:20:24.604000,0 days 00:21:22.303000,0 days 00:22:05.389000,183.0,203.0,219.0,100.0,False,MEDIUM,5.0,True,Alfa Romeo Racing,0 days 00:20:01.928000,,1,,False,,False,True
2021-22,FP1,0 days 00:23:39.748000,RAI,7,0 days 00:01:34.359000,6.0,1.0,,,0 days 00:00:17.768000,0 days 00:00:37.523000,0 days 00:00:39.068000,0 days 00:22:23.157000,0 days 00:23:00.680000,0 days 00:23:39.748000,285.0,310.0,161.0,317.0,False,MEDIUM,6.0,True,Alfa Romeo Racing,0 days 00:22:05.389000,,1,,False,,False,True
2021-22,FP1,0 days 00:25:54.172000,RAI,7,0 days 00:02:14.424000,7.0,1.0,,,0 days 00:00:25.015000,0 days 00:00:59.835000,0 days 00:00:49.574000,0 days 00:24:04.763000,0 days 00:25:04.598000,0 days 00:25:54.172000,209.0,101.0,217.0,169.0,False,MEDIUM,7.0,True,Alfa Romeo Racing,0 days 00:23:39.748000,,1,,False,,False,True
2021-22,FP1,0 days 00:27:42.560000,RAI,7,0 days 00:01:48.388000,8.0,1.0,,,0 days 00:00:20.820000,0 days 00:00:48.638000,0 days 00:00:38.930000,0 days 00:26:14.992000,0 days 00:27:03.630000,0 days 00:27:42.560000,270.0,121.0,219.0,101.0,False,MEDIUM,8.0,True,Alfa Romeo Racing,0 days 00:25:54.172000,,1,,False,,False,True
2021-22,FP1,0 days 00:29:10.455000,RAI,7,0 days 00:01:27.895000,9.0,1.0,,,0 days 00:00:17.793000,0 days 00:00:37.236000,0 days 00:00:32.866000,0 days 00:28:00.353000,0 days 00:28:37.589000,0 days 00:29:10.455000,288.0,317.0,205.0,320.0,True,MEDIUM,9.0,True,Alfa Romeo Racing,0 days 00:27:42.560000,,1,,False,,False,True
2021-22,FP1,0 days 00:30:53.192000,RAI,7,0 days 00:01:42.737000,10.0,1.0,,0 days 00:30:52.164000,0 days 00:00:20.451000,0 days 00:00:41.618000,0 days 00:00:40.668000,0 days 00:29:30.906000,0 days 00:30:12.524000,0 days 00:30:53.192000,267.0,270.0,,272.0,False,MEDIUM,10.0,True,Alfa Romeo Racing,0 days 00:29:10.455000,,1,,False,,False,False
2021-22,FP1,0 days 00:43:49.382000,RAI,7,,11.0,2.0,0 days 00:42:04.162000,,,0 days 00:00:44.405000,0 days 00:00:43.748000,,0 days 00:43:05.634000,0 days 00:43:51.985000,260.0,243.0,219.0,294.0,False,MEDIUM,11.0,False,Alfa Romeo Racing,0 days 00:30:53.192000,,1,,False,,False,False
2021-22,FP1,0 days 00:45:47.896000,RAI,7,0 days 00:01:58.514000,12.0,2.0,,0 days 00:45:47.892000,0 days 00:00:17.764000,0 days 00:00:37.269000,0 days 00:01:03.481000,0 days 00:44:07.146000,0 days 00:44:44.415000,0 days 00:45:47.896000,284.0,314.0,,317.0,False,MEDIUM,12.0,False,Alfa Romeo Racing,0 days 00:43:49.382000,,12,,False,,False,False
2021-22,FP1,0 days 00:54:05.147000,RAI,7,,13.0,3.0,0 days 00:52:05.227000,,,0 days 00:00:52.432000,0 days 00:00:43.849000,,0 days 00:53:21.298000,0 days 00:54:06.048000,213.0,223.0,221.0,148.0,False,SOFT,1.0,True,Alfa Romeo Racing,0 days 00:45:47.896000,,1,,False,,False,False
2021-22,FP1,0 days 00:55:31.856000,RAI,7,0 days 00:01:26.709000,14.0,3.0,,,0 days 00:00:17.676000,0 days 00:00:36.934000,0 days 00:00:32.099000,0 days 00:54:22.823000,0 days 00:54:59.757000,0 days 00:55:31.856000,279.0,313.0,216.0,319.0,True,SOFT,2.0,True,Alfa Romeo Racing,0 days 00:54:05.147000,,1,,False,,False,True
2021-22,FP1,0 days 00:57:50.245000,RAI,7,0 days 00:02:18.389000,15.0,3.0,,,0 days 00:00:27.461000,0 days 00:01:03.245000,0 days 00:00:47.683000,0 days 00:55:59.317000,0 days 00:57:02.562000,0 days 00:57:50.245000,162.0,97.0,146.0,115.0,False,SOFT,3.0,True,Alfa Romeo Racing,0 days 00:55:31.856000,,1,,False,,False,True
2021-22,FP1,0 days 00:59:38.647000,RAI,7,0 days 00:01:48.402000,16.0,3.0,,,0 days 00:00:26.749000,0 days 00:00:44.618000,0 days 00:00:37.035000,0 days 00:58:16.994000,0 days 00:59:01.612000,0 days 00:59:38.647000,180.0,170.0,220.0,284.0,False,SOFT,4.0,True,Alfa Romeo Racing,0 days 00:57:50.245000,,1,,False,,False,True
2021-22,FP1,0 days 01:01:05.396000,RAI,7,0 days 00:01:26.749000,17.0,3.0,,,0 days 00:00:17.601000,0 days 00:00:37.001000,0 days 00:00:32.147000,0 days 00:59:56.248000,0 days 01:00:33.249000,0 days 01:01:05.396000,281.0,314.0,215.0,318.0,False,SOFT,5.0,True,Alfa Romeo Racing,0 days 00:59:38.647000,,1,,False,,False,True
2021-22,FP1,0 days 01:03:26.504000,RAI,7,0 days 00:02:21.108000,18.0,3.0,,,0 days 00:00:23.942000,0 days 00:01:07.194000,0 days 00:00:49.972000,0 days 01:01:29.338000,0 days 01:02:36.532000,0 days 01:03:26.504000,158.0,198.0,220.0,107.0,False,SOFT,6.0,True,Alfa Romeo Racing,0 days 01:01:05.396000,,1,,False,,False,True
2021-22,FP1,0 days 01:04:52.693000,RAI,7,0 days 00:01:26.189000,19.0,3.0,,,0 days 00:00:17.689000,0 days 00:00:36.857000,0 days 00:00:31.643000,0 days 01:03:44.193000,0 days 01:04:21.050000,0 days 01:04:52.693000,281.0,316.0,214.0,319.0,True,SOFT,7.0,True,Alfa Romeo Racing,0 days 01:03:26.504000,,1,,False,,False,True
2021-22,FP1,0 days 01:06:36.169000,RAI,7,0 days 00:01:43.476000,20.0,3.0,,0 days 01:06:35.163000,0 days 00:00:20.510000,0 days 00:00:41.171000,0 days 00:00:41.795000,0 days 01:05:13.203000,0 days 01:05:54.374000,0 days 01:06:36.169000,253.0,255.0,,284.0,False,SOFT,8.0,True,Alfa Romeo Racing,0 days 01:04:52.693000,,1,,False,,False,False
2021-22,FP1,0 days 01:10:38.194000,RAI,7,,21.0,4.0,0 days 01:08:50.561000,,,0 days 00:00:45.841000,0 days 00:00:38.001000,,0 days 01:10:00.225000,0 days 01:10:38.434000,235.0,244.0,221.0,283.0,False,SOFT,9.0,False,Alfa Romeo Racing,0 days 01:06:36.169000,,1,,False,,False,False
2021-22,FP1,0 days 01:12:05.103000,RAI,7,0 days 00:01:26.909000,22.0,4.0,,,0 days 00:00:17.636000,0 days 00:00:36.938000,0 days 00:00:32.335000,0 days 01:10:55.830000,0 days 01:11:32.768000,0 days 01:12:05.103000,283.0,315.0,213.0,320.0,False,SOFT,10.0,False,Alfa Romeo Racing,0 days 01:10:38.194000,,1,,False,,False,True
2021-22,FP1,0 days 01:13:42.553000,RAI,7,0 days 00:01:37.450000,23.0,4.0,,,0 days 00:00:19.132000,0 days 00:00:41.316000,0 days 00:00:37.002000,0 days 01:12:24.235000,0 days 01:13:05.551000,0 days 01:13:42.553000,260.0,270.0,217.0,277.0,False,SOFT,11.0,False,Alfa Romeo Racing,0 days 01:12:05.103000,,1,,False,,False,True
2021-22,FP1,0 days 01:15:41.027000,RAI,7,0 days 00:01:58.474000,24.0,4.0,,,0 days 00:00:17.929000,0 days 00:00:38.355000,0 days 00:01:02.190000,0 days 01:14:00.482000,0 days 01:14:38.837000,0 days 01:15:41.027000,282.0,273.0,45.0,303.0,False,SOFT,12.0,False,Alfa Romeo Racing,0 days 01:13:42.553000,,1,,False,,False,True
2021-22,FP1,0 days 01:17:42.545000,RAI,7,0 days 00:02:01.518000,25.0,4.0,,0 days 01:17:42.337000,0 days 00:00:42.753000,0 days 00:00:39.522000,0 days 00:00:39.243000,0 days 01:16:23.780000,0 days 01:17:03.302000,0 days 01:17:42.545000,282.0,228.0,,300.0,False,SOFT,13.0,False,Alfa Romeo Racing,0 days 01:15:41.027000,,1,,False,,False,False
2021-22,FP1,0 days 00:16:18.883000,MAZ,9,,1.0,1.0,0 days 00:14:05.843000,,,0 days 00:00:51.102000,0 days 00:01:06.444000,,0 days 00:15:12.439000,0 days 00:16:19.957000,239.0,115.0,206.0,241.0,False,MEDIUM,1.0,True,Haas F1 Team,0 days 00:14:05.843000,,1,,False,,False,False
2021-22,FP1,0 days 00:17:51.848000,MAZ,9,0 days 00:01:32.965000,2.0,1.0,,,0 days 00:00:19.183000,0 days 00:00:38.727000,0 days 00:00:35.055000,0 days 00:16:38.066000,0 days 00:17:16.793000,0 days 00:17:51.848000,276.0,306.0,208.0,313.0,True,MEDIUM,2.0,True,Haas F1 Team,0 days 00:16:18.883000,,1,,False,,False,True
2021-22,FP1,0 days 00:20:11.243000,MAZ,9,0 days 00:02:19.395000,3.0,1.0,,,0 days 00:00:30.001000,0 days 00:00:52.603000,0 days 00:00:56.791000,0 days 00:18:21.849000,0 days 00:19:14.452000,0 days 00:20:11.243000,169.0,215.0,213.0,198.0,False,MEDIUM,3.0,True,Haas F1 Team,0 days 00:17:51.848000,,1,,False,,False,True
2021-22,FP1,0 days 00:21:42.032000,MAZ,9,0 days 00:01:30.789000,4.0,1.0,,,0 days 00:00:18.512000,0 days 00:00:38.290000,0 days 00:00:33.987000,0 days 00:20:29.755000,0 days 00:21:08.045000,0 days 00:21:42.032000,280.0,310.0,209.0,314.0,True,MEDIUM,4.0,True,Haas F1 Team,0 days 00:20:11.243000,,1,,False,,False,True
2021-22,FP1,0 days 00:23:55.989000,MAZ,9,0 days 00:02:13.957000,5.0,1.0,,,0 days 00:00:27.726000,0 days 00:00:57.681000,0 days 00:00:48.550000,0 days 00:22:09.758000,0 days 00:23:07.439000,0 days 00:23:55.989000,167.0,142.0,214.0,188.0,False,MEDIUM,5.0,True,Haas F1 Team,0 days 00:21:42.032000,,1,,False,,False,True
2021-22,FP1,0 days 00:25:26.364000,MAZ,9,0 days 00:01:30.375000,6.0,1.0,,,0 days 00:00:18.343000,0 days 00:00:38.421000,0 days 00:00:33.611000,0 days 00:24:14.332000,0 days 00:24:52.753000,0 days 00:25:26.364000,283.0,309.0,211.0,313.0,True,MEDIUM,6.0,True,Haas F1 Team,0 days 00:23:55.989000,,1,,False,,False,True
2021-22,FP1,0 days 00:27:21.957000,MAZ,9,0 days 00:01:55.593000,7.0,1.0,,0 days 00:27:20.872000,0 days 00:00:22.803000,0 days 00:00:50.188000,0 days 00:00:42.602000,0 days 00:25:49.167000,0 days 00:26:39.355000,0 days 00:27:21.957000,246.0,260.0,,197.0,False,MEDIUM,7.0,True,Haas F1 Team,0 days 00:25:26.364000,,1,,False,,False,False
2021-22,FP1,0 days 00:41:56.346000,MAZ,9,,8.0,2.0,0 days 00:39:44.379000,,,0 days 00:00:54.649000,0 days 00:00:51.329000,,0 days 00:41:05.017000,0 days 00:41:59.159000,206.0,159.0,215.0,217.0,False,SOFT,1.0,True,Haas F1 Team,0 days 00:27:21.957000,,1,,False,,False,False
2021-22,FP1,0 days 00:43:24.989000,MAZ,9,0 days 00:01:28.643000,9.0,2.0,,,0 days 00:00:18.174000,0 days 00:00:37.505000,0 days 00:00:32.964000,0 days 00:42:14.520000,0 days 00:42:52.025000,0 days 00:43:24.989000,280.0,314.0,207.0,316.0,True,SOFT,2.0,True,Haas F1 Team,0 days 00:41:56.346000,,1,,False,,False,True
2021-22,FP1,0 days 00:46:05.600000,MAZ,9,,10.0,2.0,,,0 days 00:00:33.584000,0 days 00:01:08.852000,0 days 00:00:58.189000,0 days 00:43:58.578000,0 days 00:45:07.411000,0 days 00:46:05.754000,108.0,116.0,214.0,169.0,False,SOFT,3.0,True,Haas F1 Team,0 days 00:43:24.989000,,12,,False,,False,False
2021-22,FP1,0 days 00:47:33.905000,MAZ,9,0 days 00:01:28.305000,11.0,2.0,,,0 days 00:00:18.196000,0 days 00:00:37.300000,0 days 00:00:32.809000,0 days 00:46:23.796000,0 days 00:47:01.096000,0 days 00:47:33.905000,282.0,312.0,210.0,318.0,True,SOFT,4.0,True,Haas F1 Team,0 days 00:46:05.600000,,1,,False,,False,True
2021-22,FP1,0 days 00:50:06.724000,MAZ,9,,12.0,2.0,,,0 days 00:00:32.909000,0 days 00:01:08.425000,0 days 00:00:51.474000,0 days 00:48:06.842000,0 days 00:49:15.253000,0 days 00:50:09.624000,109.0,146.0,213.0,136.0,False,SOFT,5.0,True,Haas F1 Team,0 days 00:47:33.905000,,1,,False,,False,False
2021-22,FP1,0 days 00:51:35.633000,MAZ,9,0 days 00:01:28.909000,13.0,2.0,,,0 days 00:00:18.048000,0 days 00:00:37.527000,0 days 00:00:33.334000,0 days 00:50:24.772000,0 days 00:51:02.299000,0 days 00:51:35.633000,282.0,316.0,208.0,320.0,False,SOFT,6.0,True,Haas F1 Team,0 days 00:50:06.724000,,1,,False,,False,True
2021-22,FP1,0 days 00:53:31.494000,MAZ,9,0 days 00:01:55.861000,14.0,2.0,,0 days 00:53:31.161000,0 days 00:00:25.115000,0 days 00:00:48.569000,0 days 00:00:42.177000,0 days 00:52:00.748000,0 days 00:52:49.317000,0 days 00:53:31.494000,226.0,264.0,,198.0,False,SOFT,7.0,True,Haas F1 Team,0 days 00:51:35.633000,,1,,False,,False,False
2021-22,FP1,0 days 01:05:42.993000,MAZ,9,,15.0,3.0,0 days 01:04:04.286000,,,0 days 00:00:41.448000,0 days 00:00:34.711000,,0 days 01:05:08.319000,0 days 01:05:43.621000,240.0,281.0,200.0,288.0,False,MEDIUM,8.0,False,Haas F1 Team,0 days 00:53:31.494000,,1,,False,,False,False
2021-22,FP1,0 days 01:07:18.339000,MAZ,9,0 days 00:01:35.346000,16.0,3.0,,,0 days 00:00:18.989000,0 days 00:00:40.272000,0 days 00:00:36.085000,0 days 01:06:01.982000,0 days 01:06:42.254000,0 days 01:07:18.339000,275.0,232.0,208.0,294.0,False,MEDIUM,9.0,False,Haas F1 Team,0 days 01:05:42.993000,,1,,False,,False,True
2021-22,FP1,0 days 01:08:51.880000,MAZ,9,0 days 00:01:33.541000,17.0,3.0,,,0 days 00:00:18.895000,0 days 00:00:40.032000,0 days 00:00:34.614000,0 days 01:07:37.234000,0 days 01:08:17.266000,0 days 01:08:51.880000,275.0,294.0,204.0,296.0,False,MEDIUM,10.0,False,Haas F1 Team,0 days 01:07:18.339000,,1,,True,TRACK LIMITS AT TURN 7,False,True
2021-22,FP1,0 days 01:10:25.914000,MAZ,9,0 days 00:01:34.034000,18.0,3.0,,,0 days 00:00:18.951000,0 days 00:00:40.223000,0 days 00:00:34.860000,0 days 01:09:10.831000,0 days 01:09:51.054000,0 days 01:10:25.914000,276.0,290.0,205.0,290.0,False,MEDIUM,11.0,False,Haas F1 Team,0 days 01:08:51.880000,,1,,False,,False,True
2021-22,FP1,0 days 01:11:59.399000,MAZ,9,0 days 00:01:33.485000,19.0,3.0,,,0 days 00:00:18.910000,0 days 00:00:39.955000,0 days 00:00:34.620000,0 days 01:10:44.824000,0 days 01:11:24.779000,0 days 01:11:59.399000,276.0,298.0,206.0,291.0,False,MEDIUM,12.0,False,Haas F1 Team,0 days 01:10:25.914000,,1,,False,,False,True
2021-22,FP1,0 days 01:13:33.116000,MAZ,9,0 days 00:01:33.717000,20.0,3.0,,,0 days 00:00:18.946000,0 days 00:00:40.044000,0 days 00:00:34.727000,0 days 01:12:18.345000,0 days 01:12:58.389000,0 days 01:13:33.116000,277.0,301.0,203.0,295.0,False,MEDIUM,13.0,False,Haas F1 Team,0 days 01:11:59.399000,,1,,False,,False,True
2021-22,FP1,0 days 01:15:33.553000,MAZ,9,0 days 00:02:00.437000,21.0,3.0,,,0 days 00:00:22.954000,0 days 00:00:42.028000,0 days 00:00:55.455000,0 days 01:13:56.070000,0 days 01:14:38.098000,0 days 01:15:33.553000,260.0,254.0,53.0,293.0,False,MEDIUM,14.0,False,Haas F1 Team,0 days 01:13:33.116000,,1,,False,,False,True
2021-22,FP1,0 days 01:17:55.364000,MAZ,9,0 days 00:02:21.811000,22.0,3.0,,0 days 01:17:54.571000,0 days 00:00:54.411000,0 days 00:00:47.560000,0 days 00:00:39.840000,0 days 01:16:27.964000,0 days 01:17:15.524000,0 days 01:17:55.364000,266.0,269.0,,183.0,False,MEDIUM,15.0,False,Haas F1 Team,0 days 01:15:33.553000,,1,,False,,False,False
2021-22,FP1,0 days 00:16:36.590000,GAS,10,,1.0,1.0,0 days 00:14:34.769000,,,0 days 00:00:46.770000,0 days 00:00:47.791000,,0 days 00:15:48.823000,0 days 00:16:36.726000,229.0,266.0,221.0,273.0,False,SOFT,1.0,True,AlphaTauri,0 days 00:14:34.769000,,1,,False,,False,False
2021-22,FP1,0 days 00:18:04.312000,GAS,10,0 days 00:01:27.722000,2.0,1.0,,,0 days 00:00:17.817000,0 days 00:00:37.141000,0 days 00:00:32.764000,0 days 00:16:54.407000,0 days 00:17:31.548000,0 days 00:18:04.312000,286.0,317.0,219.0,319.0,True,SOFT,2.0,True,AlphaTauri,0 days 00:16:36.590000,,1,,False,,False,True
2021-22,FP1,0 days 00:20:32.893000,GAS,10,0 days 00:02:28.581000,3.0,1.0,,,0 days 00:00:32.143000,0 days 00:01:00.276000,0 days 00:00:56.162000,0 days 00:18:36.455000,0 days 00:19:36.731000,0 days 00:20:32.893000,128.0,214.0,142.0,136.0,False,SOFT,3.0,True,AlphaTauri,0 days 00:18:04.312000,,1,,False,,False,True
2021-22,FP1,0 days 00:22:34.796000,GAS,10,0 days 00:02:01.903000,4.0,1.0,,,0 days 00:00:24.983000,0 days 00:00:46.194000,0 days 00:00:50.726000,0 days 00:20:57.876000,0 days 00:21:44.070000,0 days 00:22:34.796000,207.0,264.0,219.0,289.0,False,SOFT,4.0,True,AlphaTauri,0 days 00:20:32.893000,,1,,False,,False,True
2021-22,FP1,0 days 00:24:02.080000,GAS,10,0 days 00:01:27.284000,5.0,1.0,,,0 days 00:00:17.778000,0 days 00:00:36.942000,0 days 00:00:32.564000,0 days 00:22:52.574000,0 days 00:23:29.516000,0 days 00:24:02.080000,288.0,318.0,219.0,319.0,True,SOFT,5.0,True,AlphaTauri,0 days 00:22:34.796000,,1,,False,,False,True
2021-22,FP1,0 days 00:26:28.217000,GAS,10,0 days 00:02:26.137000,6.0,1.0,,,0 days 00:00:25.921000,0 days 00:01:01.133000,0 days 00:00:59.083000,0 days 00:24:28.001000,0 days 00:25:29.134000,0 days 00:26:28.217000,121.0,140.0,137.0,157.0,False,SOFT,6.0,True,AlphaTauri,0 days 00:24:02.080000,,1,,False,,False,True
2021-22,FP1,0 days 00:28:34.482000,GAS,10,0 days 00:02:06.265000,7.0,1.0,,,0 days 00:00:29.297000,0 days 00:00:50.857000,0 days 00:00:46.111000,0 days 00:26:57.514000,0 days 00:27:48.371000,0 days 00:28:34.482000,188.0,219.0,216.0,288.0,False,SOFT,7.0,True,AlphaTauri,0 days 00:26:28.217000,,1,,False,,False,True
2021-22,FP1,0 days 00:30:00.931000,GAS,10,0 days 00:01:26.449000,8.0,1.0,,,0 days 00:00:17.656000,0 days 00:00:36.669000,0 days 00:00:32.124000,0 days 00:28:52.138000,0 days 00:29:28.807000,0 days 00:30:00.931000,288.0,314.0,218.0,315.0,True,SOFT,8.0,True,AlphaTauri,0 days 00:28:34.482000,,1,,False,,False,True
2021-22,FP1,0 days 00:31:43.380000,GAS,10,0 days 00:01:42.449000,9.0,1.0,,0 days 00:31:42.364000,0 days 00:00:20.190000,0 days 00:00:42.758000,0 days 00:00:39.501000,0 days 00:30:21.121000,0 days 00:31:03.879000,0 days 00:31:43.380000,260.0,265.0,,270.0,False,SOFT,9.0,True,AlphaTauri,0 days 00:30:00.931000,,1,,False,,False,False
2021-22,FP1,0 days 00:41:43.646000,GAS,10,,10.0,2.0,0 days 00:39:40.319000,,,0 days 00:00:51.573000,0 days 00:00:43.980000,,0 days 00:40:59.666000,0 days 00:41:44.139000,201.0,184.0,224.0,244.0,False,SOFT,1.0,True,AlphaTauri,0 days 00:31:43.380000,,1,,False,,False,False
2021-22,FP1,0 days 00:43:09.765000,GAS,10,0 days 00:01:26.119000,11.0,2.0,,,0 days 00:00:17.766000,0 days 00:00:36.850000,0 days 00:00:31.503000,0 days 00:42:01.412000,0 days 00:42:38.262000,0 days 00:43:09.765000,284.0,313.0,215.0,316.0,True,SOFT,2.0,True,AlphaTauri,0 days 00:41:43.646000,,1,,False,,False,True
2021-22,FP1,0 days 00:45:51.956000,GAS,10,,12.0,2.0,,,0 days 00:00:31.811000,0 days 00:01:08.167000,0 days 00:01:02.245000,0 days 00:43:41.575000,0 days 00:44:49.711000,0 days 00:45:52.081000,117.0,134.0,147.0,187.0,False,SOFT,3.0,True,AlphaTauri,0 days 00:43:09.765000,,12,,False,,False,False
2021-22,FP1,0 days 00:47:58.831000,GAS,10,0 days 00:02:06.875000,13.0,2.0,,,0 days 00:00:28.719000,0 days 00:00:52.317000,0 days 00:00:45.839000,0 days 00:46:20.675000,0 days 00:47:12.992000,0 days 00:47:58.831000,191.0,267.0,223.0,189.0,False,SOFT,4.0,True,AlphaTauri,0 days 00:45:51.956000,,1,,False,,False,True
2021-22,FP1,0 days 00:49:24.653000,GAS,10,0 days 00:01:25.822000,14.0,2.0,,,0 days 00:00:17.478000,0 days 00:00:36.801000,0 days 00:00:31.543000,0 days 00:48:16.309000,0 days 00:48:53.110000,0 days 00:49:24.653000,286.0,315.0,219.0,320.0,True,SOFT,5.0,True,AlphaTauri,0 days 00:47:58.831000,,1,,False,,False,True
2021-22,FP1,0 days 00:51:16.188000,GAS,10,0 days 00:01:51.535000,15.0,2.0,,0 days 00:51:15.601000,0 days 00:00:22.105000,0 days 00:00:45.313000,0 days 00:00:44.117000,0 days 00:49:46.758000,0 days 00:50:32.071000,0 days 00:51:16.188000,244.0,260.0,,250.0,False,SOFT,6.0,True,AlphaTauri,0 days 00:49:24.653000,,1,,False,,False,False
2021-22,FP1,0 days 00:58:45.957000,GAS,10,,16.0,3.0,0 days 00:57:08.129000,,,0 days 00:00:40.437000,0 days 00:00:35.526000,,0 days 00:58:10.451000,0 days 00:58:47.203000,266.0,293.0,212.0,295.0,False,SOFT,10.0,False,AlphaTauri,0 days 00:51:16.188000,,1,,False,,False,False
2021-22,FP1,0 days 01:00:16.427000,GAS,10,0 days 00:01:30.470000,17.0,3.0,,,0 days 00:00:18.483000,0 days 00:00:38.447000,0 days 00:00:33.540000,0 days 00:59:04.440000,0 days 00:59:42.887000,0 days 01:00:16.427000,279.0,291.0,212.0,299.0,False,SOFT,11.0,False,AlphaTauri,0 days 00:58:45.957000,,1,,False,,False,True
2021-22,FP1,0 days 01:01:47.407000,GAS,10,0 days 00:01:30.980000,18.0,3.0,,,0 days 00:00:18.562000,0 days 00:00:38.569000,0 days 00:00:33.849000,0 days 01:00:34.989000,0 days 01:01:13.558000,0 days 01:01:47.407000,279.0,286.0,212.0,297.0,False,SOFT,12.0,False,AlphaTauri,0 days 01:00:16.427000,,1,,False,,False,True
2021-22,FP1,0 days 01:03:18.568000,GAS,10,0 days 00:01:31.161000,19.0,3.0,,,0 days 00:00:18.502000,0 days 00:00:38.675000,0 days 00:00:33.984000,0 days 01:02:05.909000,0 days 01:02:44.584000,0 days 01:03:18.568000,279.0,288.0,211.0,297.0,False,SOFT,13.0,False,AlphaTauri,0 days 01:01:47.407000,,1,,False,,False,True
2021-22,FP1,0 days 01:04:49.438000,GAS,10,0 days 00:01:30.870000,20.0,3.0,,,0 days 00:00:18.526000,0 days 00:00:38.538000,0 days 00:00:33.806000,0 days 01:03:37.094000,0 days 01:04:15.632000,0 days 01:04:49.438000,282.0,295.0,210.0,299.0,False,SOFT,14.0,False,AlphaTauri,0 days 01:03:18.568000,,1,,False,,False,True
2021-22,FP1,0 days 01:06:20.373000,GAS,10,0 days 00:01:30.935000,21.0,3.0,,,0 days 00:00:18.486000,0 days 00:00:38.781000,0 days 00:00:33.668000,0 days 01:05:07.924000,0 days 01:05:46.705000,0 days 01:06:20.373000,280.0,294.0,209.0,298.0,False,SOFT,15.0,False,AlphaTauri,0 days 01:04:49.438000,,1,,False,,False,True
2021-22,FP1,0 days 01:07:51.918000,GAS,10,0 days 00:01:31.545000,22.0,3.0,,,0 days 00:00:18.377000,0 days 00:00:38.664000,0 days 00:00:34.504000,0 days 01:06:38.750000,0 days 01:07:17.414000,0 days 01:07:51.918000,282.0,315.0,209.0,306.0,False,SOFT,16.0,False,AlphaTauri,0 days 01:06:20.373000,,1,,False,,False,True
2021-22,FP1,0 days 01:09:28.098000,GAS,10,0 days 00:01:36.180000,23.0,3.0,,,0 days 00:00:18.352000,0 days 00:00:38.554000,0 days 00:00:39.274000,0 days 01:08:10.270000,0 days 01:08:48.824000,0 days 01:09:28.098000,284.0,306.0,214.0,314.0,False,SOFT,17.0,False,AlphaTauri,0 days 01:07:51.918000,,1,,False,,False,True
2021-22,FP1,0 days 01:10:58.372000,GAS,10,0 days 00:01:30.274000,24.0,3.0,,,0 days 00:00:18.334000,0 days 00:00:38.695000,0 days 00:00:33.245000,0 days 01:09:46.432000,0 days 01:10:25.127000,0 days 01:10:58.372000,281.0,294.0,212.0,304.0,False,SOFT,18.0,False,AlphaTauri,0 days 01:09:28.098000,,1,,False,,False,True
2021-22,FP1,0 days 01:12:28.769000,GAS,10,0 days 00:01:30.397000,25.0,3.0,,,0 days 00:00:18.394000,0 days 00:00:38.688000,0 days 00:00:33.315000,0 days 01:11:16.766000,0 days 01:11:55.454000,0 days 01:12:28.769000,281.0,292.0,212.0,300.0,False,SOFT,19.0,False,AlphaTauri,0 days 01:10:58.372000,,1,,False,,False,True
2021-22,FP1,0 days 01:13:59.227000,GAS,10,0 days 00:01:30.458000,26.0,3.0,,,0 days 00:00:18.282000,0 days 00:00:38.782000,0 days 00:00:33.394000,0 days 01:12:47.051000,0 days 01:13:25.833000,0 days 01:13:59.227000,281.0,290.0,210.0,302.0,False,SOFT,20.0,False,AlphaTauri,0 days 01:12:28.769000,,1,,False,,False,True
2021-22,FP1,0 days 01:15:52.585000,GAS,10,0 days 00:01:53.358000,27.0,3.0,,,0 days 00:00:19.388000,0 days 00:00:40.349000,0 days 00:00:53.621000,0 days 01:14:18.615000,0 days 01:14:58.964000,0 days 01:15:52.585000,266.0,241.0,44.0,294.0,False,SOFT,21.0,False,AlphaTauri,0 days 01:13:59.227000,,1,,False,,False,True
2021-22,FP1,0 days 01:17:49.277000,GAS,10,0 days 00:01:56.692000,28.0,3.0,,0 days 01:17:49.287000,0 days 00:00:41.628000,0 days 00:00:38.652000,0 days 00:00:36.412000,0 days 01:16:34.213000,0 days 01:17:12.865000,0 days 01:17:49.277000,281.0,292.0,,305.0,False,SOFT,22.0,False,AlphaTauri,0 days 01:15:52.585000,,1,,False,,False,False
2021-22,FP1,0 days 00:16:54.137000,PER,11,,1.0,1.0,0 days 00:15:02.112000,,,0 days 00:00:51.016000,0 days 00:00:39.653000,,0 days 00:16:14.484000,0 days 00:16:54.197000,223.0,280.0,217.0,184.0,False,SOFT,1.0,True,Red Bull Racing,0 days 00:15:02.112000,,1,,False,,False,False
2021-22,FP1,0 days 00:18:22.473000,PER,11,0 days 00:01:28.336000,2.0,1.0,,,0 days 00:00:17.945000,0 days 00:00:37.533000,0 days 00:00:32.858000,0 days 00:17:12.082000,0 days 00:17:49.615000,0 days 00:18:22.473000,285.0,314.0,219.0,319.0,True,SOFT,2.0,True,Red Bull Racing,0 days 00:16:54.137000,,1,,False,,False,True
2021-22,FP1,0 days 00:20:52.566000,PER,11,,3.0,1.0,,,0 days 00:00:24.737000,0 days 00:01:08.793000,0 days 00:00:56.592000,0 days 00:18:47.196000,0 days 00:19:55.974000,0 days 00:20:52.628000,152.0,185.0,212.0,142.0,False,SOFT,3.0,True,Red Bull Racing,0 days 00:18:22.473000,,1,,False,,False,False
2021-22,FP1,0 days 00:22:19.218000,PER,11,0 days 00:01:26.652000,4.0,1.0,,,0 days 00:00:17.971000,0 days 00:00:36.925000,0 days 00:00:31.756000,0 days 00:21:10.537000,0 days 00:21:47.462000,0 days 00:22:19.218000,283.0,313.0,211.0,315.0,False,SOFT,4.0,True,Red Bull Racing,0 days 00:20:52.566000,,1,,True,TRACK LIMITS AT TURN 16,False,True
2021-22,FP1,0 days 00:25:09.727000,PER,11,,5.0,1.0,,,0 days 00:00:29.466000,0 days 00:01:16.050000,0 days 00:01:04.997000,0 days 00:22:48.703000,0 days 00:24:04.742000,0 days 00:25:09.867000,120.0,124.0,209.0,128.0,False,SOFT,5.0,True,Red Bull Racing,0 days 00:22:19.218000,,1,,False,,False,False
2021-22,FP1,0 days 00:26:36.087000,PER,11,0 days 00:01:26.360000,6.0,1.0,,,0 days 00:00:17.900000,0 days 00:00:36.932000,0 days 00:00:31.528000,0 days 00:25:27.627000,0 days 00:26:04.559000,0 days 00:26:36.087000,282.0,309.0,219.0,314.0,True,SOFT,6.0,True,Red Bull Racing,0 days 00:25:09.727000,,1,,False,,False,True
2021-22,FP1,0 days 00:29:02.383000,PER,11,0 days 00:02:26.296000,7.0,1.0,,,0 days 00:00:28.282000,0 days 00:01:07.834000,0 days 00:00:50.180000,0 days 00:27:04.369000,0 days 00:28:12.203000,0 days 00:29:02.383000,128.0,136.0,143.0,155.0,False,SOFT,7.0,True,Red Bull Racing,0 days 00:26:36.087000,,1,,False,,False,True
2021-22,FP1,0 days 00:31:10.141000,PER,11,0 days 00:02:07.758000,8.0,1.0,,,0 days 00:00:27.191000,0 days 00:00:49.632000,0 days 00:00:50.935000,0 days 00:29:29.574000,0 days 00:30:19.206000,0 days 00:31:10.141000,224.0,265.0,216.0,214.0,False,SOFT,8.0,True,Red Bull Racing,0 days 00:29:02.383000,,1,,False,,False,True
2021-22,FP1,0 days 00:32:36.135000,PER,11,0 days 00:01:25.994000,9.0,1.0,,,0 days 00:00:17.813000,0 days 00:00:36.922000,0 days 00:00:31.259000,0 days 00:31:27.954000,0 days 00:32:04.876000,0 days 00:32:36.135000,282.0,310.0,215.0,311.0,True,SOFT,9.0,True,Red Bull Racing,0 days 00:31:10.141000,,1,,False,,False,True
2021-22,FP1,0 days 00:34:20.699000,PER,11,0 days 00:01:44.564000,10.0,1.0,,0 days 00:34:20.691000,0 days 00:00:24.242000,0 days 00:00:44.043000,0 days 00:00:36.279000,0 days 00:33:00.377000,0 days 00:33:44.420000,0 days 00:34:20.699000,250.0,273.0,,234.0,False,SOFT,10.0,True,Red Bull Racing,0 days 00:32:36.135000,,1,,False,,False,False
2021-22,FP1,0 days 00:47:10.010000,PER,11,,11.0,2.0,0 days 00:45:07.951000,,,0 days 00:00:51.975000,0 days 00:00:47.452000,,0 days 00:46:22.558000,0 days 00:47:10.723000,208.0,223.0,218.0,224.0,False,SOFT,1.0,True,Red Bull Racing,0 days 00:34:20.699000,,12,,False,,False,False
2021-22,FP1,0 days 00:48:35.554000,PER,11,0 days 00:01:25.544000,12.0,2.0,,,0 days 00:00:17.668000,0 days 00:00:36.712000,0 days 00:00:31.164000,0 days 00:47:27.678000,0 days 00:48:04.390000,0 days 00:48:35.554000,281.0,315.0,218.0,315.0,True,SOFT,2.0,True,Red Bull Racing,0 days 00:47:10.010000,,1,,False,,False,True
2021-22,FP1,0 days 00:51:12.106000,PER,11,,13.0,2.0,,,0 days 00:00:27.219000,0 days 00:01:22.547000,0 days 00:00:46.825000,0 days 00:49:02.777000,0 days 00:50:25.281000,0 days 00:51:14.994000,118.0,158.0,136.0,120.0,False,SOFT,3.0,True,Red Bull Racing,0 days 00:48:35.554000,,1,,False,,False,False
2021-22,FP1,0 days 00:53:18.642000,PER,11,0 days 00:02:06.536000,14.0,2.0,,,0 days 00:00:25.598000,0 days 00:00:56.768000,0 days 00:00:44.170000,0 days 00:51:37.704000,0 days 00:52:34.472000,0 days 00:53:18.642000,209.0,191.0,218.0,204.0,False,SOFT,4.0,True,Red Bull Racing,0 days 00:51:12.106000,,1,,False,,False,True
2021-22,FP1,0 days 00:55:14.249000,PER,11,0 days 00:01:55.607000,15.0,2.0,,,0 days 00:00:17.726000,0 days 00:00:54.206000,0 days 00:00:43.675000,0 days 00:53:36.368000,0 days 00:54:30.574000,0 days 00:55:14.249000,279.0,210.0,218.0,137.0,False,SOFT,5.0,True,Red Bull Racing,0 days 00:53:18.642000,,1,,False,,False,True
2021-22,FP1,0 days 00:56:39.750000,PER,11,0 days 00:01:25.501000,16.0,2.0,,,0 days 00:00:17.628000,0 days 00:00:36.691000,0 days 00:00:31.182000,0 days 00:55:31.877000,0 days 00:56:08.568000,0 days 00:56:39.750000,280.0,313.0,216.0,316.0,True,SOFT,6.0,True,Red Bull Racing,0 days 00:55:14.249000,,1,,False,,False,True
2021-22,FP1,0 days 00:58:31.219000,PER,11,0 days 00:01:51.469000,17.0,2.0,,0 days 00:58:30.595000,0 days 00:00:22.620000,0 days 00:00:44.936000,0 days 00:00:43.913000,0 days 00:57:02.370000,0 days 00:57:47.306000,0 days 00:58:31.219000,243.0,245.0,,233.0,False,SOFT,7.0,True,Red Bull Racing,0 days 00:56:39.750000,,1,,False,,False,False
2021-22,FP1,0 days 01:01:03.631000,PER,11,,18.0,3.0,0 days 00:58:54.864000,,0 days 00:00:47.690000,0 days 00:00:55.405000,0 days 00:00:49.301000,0 days 00:59:18.954000,0 days 01:00:14.330000,0 days 01:01:04.861000,175.0,171.0,215.0,172.0,False,SOFT,8.0,False,Red Bull Racing,0 days 00:58:31.219000,,1,,False,,False,False
2021-22,FP1,0 days 01:02:28.994000,PER,11,0 days 00:01:25.363000,19.0,3.0,,,0 days 00:00:17.696000,0 days 00:00:36.683000,0 days 00:00:30.984000,0 days 01:01:21.327000,0 days 01:01:58.010000,0 days 01:02:28.994000,280.0,310.0,218.0,317.0,True,SOFT,9.0,False,Red Bull Racing,0 days 01:01:03.631000,,1,,False,,False,True
2021-22,FP1,0 days 01:04:06.168000,PER,11,0 days 00:01:37.174000,20.0,3.0,,0 days 01:04:05.109000,0 days 00:00:20.079000,0 days 00:00:40.968000,0 days 00:00:36.127000,0 days 01:02:49.073000,0 days 01:03:30.041000,0 days 01:04:06.168000,259.0,271.0,,276.0,False,SOFT,10.0,False,Red Bull Racing,0 days 01:02:28.994000,,1,,False,,False,False
2021-22,FP1,0 days 01:11:51.183000,PER,11,,21.0,4.0,0 days 01:10:20.828000,,,0 days 00:00:38.557000,0 days 00:00:32.797000,,0 days 01:11:18.386000,0 days 01:11:51.302000,275.0,277.0,214.0,289.0,False,SOFT,11.0,False,Red Bull Racing,0 days 01:04:06.168000,,1,,False,,False,False
2021-22,FP1,0 days 01:13:20.184000,PER,11,0 days 00:01:29.001000,22.0,4.0,,,0 days 00:00:18.130000,0 days 00:00:38.293000,0 days 00:00:32.578000,0 days 01:12:09.313000,0 days 01:12:47.606000,0 days 01:13:20.184000,278.0,292.0,211.0,293.0,False,SOFT,12.0,False,Red Bull Racing,0 days 01:11:51.183000,,1,,False,,False,True
2021-22,FP1,0 days 01:15:00.302000,PER,11,0 days 00:01:40.118000,23.0,4.0,,,0 days 00:00:18.160000,0 days 00:00:38.351000,0 days 00:00:43.607000,0 days 01:13:38.344000,0 days 01:14:16.695000,0 days 01:15:00.302000,279.0,287.0,64.0,293.0,False,SOFT,13.0,False,Red Bull Racing,0 days 01:13:20.184000,,1,,False,,False,True
2021-22,FP1,0 days 01:17:01.958000,PER,11,0 days 00:02:01.656000,24.0,4.0,,0 days 01:17:00.899000,0 days 00:00:41.449000,0 days 00:00:42.628000,0 days 00:00:37.579000,0 days 01:15:41.751000,0 days 01:16:24.379000,0 days 01:17:01.958000,256.0,261.0,,274.0,False,SOFT,14.0,False,Red Bull Racing,0 days 01:15:00.302000,,1,,False,,False,False
2021-22,FP1,0 days 00:17:20.586000,ALO,14,,1.0,1.0,0 days 00:14:47.026000,0 days 00:17:19.848000,,0 days 00:01:05.237000,0 days 00:00:58.035000,,0 days 00:16:22.593000,0 days 00:17:20.674000,172.0,153.0,,138.0,False,HARD,1.0,True,Alpine,0 days 00:14:47.026000,,1,,False,,False,False
2021-22,FP1,0 days 00:19:39.880000,ALO,14,0 days 00:02:19.294000,2.0,2.0,0 days 00:17:43.741000,,0 days 00:00:45.441000,0 days 00:00:48.468000,0 days 00:00:45.385000,0 days 00:18:06.027000,0 days 00:18:54.495000,0 days 00:19:39.880000,232.0,273.0,223.0,202.0,False,SOFT,1.0,True,Alpine,0 days 00:17:20.586000,,1,,False,,False,False
2021-22,FP1,0 days 00:21:07.504000,ALO,14,0 days 00:01:27.624000,3.0,2.0,,,0 days 00:00:17.724000,0 days 00:00:37.510000,0 days 00:00:32.390000,0 days 00:19:57.604000,0 days 00:20:35.114000,0 days 00:21:07.504000,284.0,308.0,215.0,311.0,False,SOFT,2.0,True,Alpine,0 days 00:19:39.880000,,1,,True,TRACK LIMITS AT TURN 15,False,True
2021-22,FP1,0 days 00:23:16.106000,ALO,14,0 days 00:02:08.602000,4.0,2.0,,,0 days 00:00:26.565000,0 days 00:00:54.697000,0 days 00:00:47.340000,0 days 00:21:34.069000,0 days 00:22:28.766000,0 days 00:23:16.106000,160.0,256.0,222.0,181.0,True,SOFT,3.0,True,Alpine,0 days 00:21:07.504000,,1,,False,,False,True
2021-22,FP1,0 days 00:24:42.377000,ALO,14,0 days 00:01:26.271000,5.0,2.0,,,0 days 00:00:17.684000,0 days 00:00:37.109000,0 days 00:00:31.478000,0 days 00:23:33.790000,0 days 00:24:10.899000,0 days 00:24:42.377000,283.0,309.0,219.0,311.0,True,SOFT,4.0,True,Alpine,0 days 00:23:16.106000,,1,,False,,False,True
2021-22,FP1,0 days 00:26:59.775000,ALO,14,0 days 00:02:17.398000,6.0,2.0,,,0 days 00:00:25.358000,0 days 00:01:02.915000,0 days 00:00:49.125000,0 days 00:25:07.735000,0 days 00:26:10.650000,0 days 00:26:59.775000,146.0,206.0,224.0,82.0,False,SOFT,5.0,True,Alpine,0 days 00:24:42.377000,,1,,False,,False,True
2021-22,FP1,0 days 00:28:25.921000,ALO,14,0 days 00:01:26.146000,7.0,2.0,,,0 days 00:00:17.573000,0 days 00:00:37.015000,0 days 00:00:31.558000,0 days 00:27:17.348000,0 days 00:27:54.363000,0 days 00:28:25.921000,283.0,313.0,217.0,313.0,True,SOFT,6.0,True,Alpine,0 days 00:26:59.775000,,1,,False,,False,True
2021-22,FP1,0 days 00:30:33.639000,ALO,14,0 days 00:02:07.718000,8.0,2.0,,,0 days 00:00:22.224000,0 days 00:00:50.106000,0 days 00:00:55.388000,0 days 00:28:48.145000,0 days 00:29:38.251000,0 days 00:30:33.639000,139.0,277.0,223.0,293.0,False,SOFT,7.0,True,Alpine,0 days 00:28:25.921000,,1,,False,,False,True
2021-22,FP1,0 days 00:32:00.144000,ALO,14,0 days 00:01:26.505000,9.0,2.0,,,0 days 00:00:17.524000,0 days 00:00:37.038000,0 days 00:00:31.943000,0 days 00:30:51.163000,0 days 00:31:28.201000,0 days 00:32:00.144000,282.0,313.0,206.0,312.0,False,SOFT,8.0,True,Alpine,0 days 00:30:33.639000,,1,,True,TRACK LIMITS AT TURN 16,False,True
2021-22,FP1,0 days 00:33:40.635000,ALO,14,0 days 00:01:40.491000,10.0,2.0,,0 days 00:33:40.625000,0 days 00:00:18.985000,0 days 00:00:42.702000,0 days 00:00:38.804000,0 days 00:32:19.129000,0 days 00:33:01.831000,0 days 00:33:40.635000,260.0,200.0,,275.0,False,SOFT,9.0,True,Alpine,0 days 00:32:00.144000,,1,,False,,False,False
2021-22,FP1,0 days 00:46:24.177000,ALO,14,,11.0,3.0,0 days 00:44:27.695000,,,0 days 00:00:52.100000,0 days 00:00:41.973000,,0 days 00:45:42.216000,0 days 00:46:24.312000,230.0,228.0,226.0,200.0,False,SOFT,1.0,True,Alpine,0 days 00:33:40.635000,,12,,False,,False,False
2021-22,FP1,0 days 00:48:19.191000,ALO,14,0 days 00:01:55.014000,12.0,3.0,,,0 days 00:00:21.127000,0 days 00:00:49.556000,0 days 00:00:44.331000,0 days 00:46:45.304000,0 days 00:47:34.860000,0 days 00:48:19.191000,238.0,287.0,217.0,250.0,False,SOFT,2.0,True,Alpine,0 days 00:46:24.177000,,1,,False,,False,True
2021-22,FP1,0 days 00:49:45.412000,ALO,14,0 days 00:01:26.221000,13.0,3.0,,,0 days 00:00:17.609000,0 days 00:00:36.954000,0 days 00:00:31.658000,0 days 00:48:36.800000,0 days 00:49:13.754000,0 days 00:49:45.412000,280.0,315.0,213.0,317.0,False,SOFT,3.0,True,Alpine,0 days 00:48:19.191000,,1,,False,,False,True
2021-22,FP1,0 days 00:51:56.343000,ALO,14,0 days 00:02:10.931000,14.0,3.0,,,0 days 00:00:26.702000,0 days 00:00:51.223000,0 days 00:00:53.006000,0 days 00:50:12.114000,0 days 00:51:03.337000,0 days 00:51:56.343000,239.0,151.0,220.0,206.0,False,SOFT,4.0,True,Alpine,0 days 00:49:45.412000,,1,,False,,False,True
2021-22,FP1,0 days 00:53:22.774000,ALO,14,0 days 00:01:26.431000,15.0,3.0,,,0 days 00:00:17.670000,0 days 00:00:37.102000,0 days 00:00:31.659000,0 days 00:52:14.013000,0 days 00:52:51.115000,0 days 00:53:22.774000,277.0,317.0,220.0,313.0,False,SOFT,5.0,True,Alpine,0 days 00:51:56.343000,,1,,False,,False,True
2021-22,FP1,0 days 00:55:36.281000,ALO,14,0 days 00:02:13.507000,16.0,3.0,,,0 days 00:00:27.437000,0 days 00:00:57.466000,0 days 00:00:48.604000,0 days 00:53:50.211000,0 days 00:54:47.677000,0 days 00:55:36.281000,134.0,275.0,224.0,141.0,False,SOFT,6.0,True,Alpine,0 days 00:53:22.774000,,1,,False,,False,True
2021-22,FP1,0 days 00:57:01.906000,ALO,14,0 days 00:01:25.625000,17.0,3.0,,,0 days 00:00:17.612000,0 days 00:00:37.022000,0 days 00:00:30.991000,0 days 00:55:53.893000,0 days 00:56:30.915000,0 days 00:57:01.906000,279.0,307.0,218.0,313.0,True,SOFT,7.0,True,Alpine,0 days 00:55:36.281000,,1,,False,,False,True
2021-22,FP1,0 days 00:59:10.522000,ALO,14,0 days 00:02:08.616000,18.0,3.0,,,0 days 00:00:28.459000,0 days 00:00:51.932000,0 days 00:00:48.225000,0 days 00:57:30.365000,0 days 00:58:22.297000,0 days 00:59:10.522000,127.0,189.0,225.0,179.0,False,SOFT,8.0,True,Alpine,0 days 00:57:01.906000,,1,,False,,False,True
2021-22,FP1,0 days 01:00:36.280000,ALO,14,0 days 00:01:25.758000,19.0,3.0,,,0 days 00:00:17.591000,0 days 00:00:37.130000,0 days 00:00:31.037000,0 days 00:59:28.113000,0 days 01:00:05.243000,0 days 01:00:36.280000,278.0,309.0,217.0,313.0,False,SOFT,9.0,True,Alpine,0 days 00:59:10.522000,,1,,False,,False,True
2021-22,FP1,0 days 01:02:22.784000,ALO,14,0 days 00:01:46.504000,20.0,3.0,,0 days 01:02:22.773000,0 days 00:00:18.799000,0 days 00:00:46.543000,0 days 00:00:41.162000,0 days 01:00:55.079000,0 days 01:01:41.622000,0 days 01:02:22.784000,255.0,276.0,,227.0,False,SOFT,10.0,True,Alpine,0 days 01:00:36.280000,,1,,False,,False,False
2021-22,FP1,0 days 01:08:58.189000,ALO,14,,21.0,4.0,0 days 01:07:22.081000,,,0 days 00:00:39.798000,0 days 00:00:38.743000,,0 days 01:08:19.455000,0 days 01:08:58.788000,231.0,293.0,213.0,297.0,False,SOFT,11.0,False,Alpine,0 days 01:02:22.784000,,1,,False,,False,False
2021-22,FP1,0 days 01:10:28.500000,ALO,14,0 days 00:01:30.311000,22.0,4.0,,,0 days 00:00:18.315000,0 days 00:00:38.802000,0 days 00:00:33.194000,0 days 01:09:16.504000,0 days 01:09:55.306000,0 days 01:10:28.500000,272.0,289.0,212.0,289.0,False,SOFT,12.0,False,Alpine,0 days 01:08:58.189000,,1,,False,,False,True
2021-22,FP1,0 days 01:11:59.931000,ALO,14,0 days 00:01:31.431000,23.0,4.0,,,0 days 00:00:18.233000,0 days 00:00:39.044000,0 days 00:00:34.154000,0 days 01:10:46.733000,0 days 01:11:25.777000,0 days 01:11:59.931000,271.0,288.0,212.0,291.0,False,SOFT,13.0,False,Alpine,0 days 01:10:28.500000,,1,,False,,False,True
2021-22,FP1,0 days 01:13:30.144000,ALO,14,0 days 00:01:30.213000,24.0,4.0,,,0 days 00:00:18.724000,0 days 00:00:38.592000,0 days 00:00:32.897000,0 days 01:12:18.655000,0 days 01:12:57.247000,0 days 01:13:30.144000,266.0,302.0,213.0,313.0,False,SOFT,14.0,False,Alpine,0 days 01:11:59.931000,,1,,False,,False,True
2021-22,FP1,0 days 01:15:32.150000,ALO,14,0 days 00:02:02.006000,25.0,4.0,,,0 days 00:00:21.245000,0 days 00:00:44.798000,0 days 00:00:55.963000,0 days 01:13:51.389000,0 days 01:14:36.187000,0 days 01:15:32.150000,203.0,233.0,43.0,208.0,False,SOFT,15.0,False,Alpine,0 days 01:13:30.144000,,1,,False,,False,True
2021-22,FP1,0 days 01:17:35.276000,ALO,14,0 days 00:02:03.126000,26.0,4.0,,0 days 01:17:34.225000,0 days 00:00:41.929000,0 days 00:00:39.090000,0 days 00:00:42.107000,0 days 01:16:14.079000,0 days 01:16:53.169000,0 days 01:17:35.276000,274.0,293.0,,295.0,False,SOFT,16.0,False,Alpine,0 days 01:15:32.150000,,1,,False,,False,False
2021-22,FP1,0 days 00:15:29.894000,LEC,16,,1.0,1.0,0 days 00:14:05.843000,,,0 days 00:00:46.707000,0 days 00:00:40.035000,,0 days 00:14:49.859000,0 days 00:15:30.036000,243.0,228.0,210.0,223.0,False,SOFT,1.0,True,Ferrari,0 days 00:14:05.843000,,1,,False,,False,False
2021-22,FP1,0 days 00:17:11.480000,LEC,16,0 days 00:01:41.586000,2.0,1.0,,0 days 00:17:10.436000,0 days 00:00:18.924000,0 days 00:00:41.969000,0 days 00:00:40.693000,0 days 00:15:48.818000,0 days 00:16:30.787000,0 days 00:17:11.480000,268.0,263.0,,263.0,False,SOFT,2.0,True,Ferrari,0 days 00:15:29.894000,,1,,False,,False,False
2021-22,FP1,0 days 00:34:56.558000,LEC,16,,3.0,2.0,0 days 00:33:06.539000,,,0 days 00:00:42.053000,0 days 00:00:45.902000,,0 days 00:34:10.671000,0 days 00:34:58.573000,215.0,255.0,217.0,298.0,False,SOFT,3.0,False,Ferrari,0 days 00:17:11.480000,,1,,False,,False,False
2021-22,FP1,0 days 00:36:23.976000,LEC,16,0 days 00:01:27.418000,4.0,2.0,,,0 days 00:00:17.980000,0 days 00:00:37.393000,0 days 00:00:32.045000,0 days 00:35:14.538000,0 days 00:35:51.931000,0 days 00:36:23.976000,279.0,307.0,216.0,310.0,True,SOFT,4.0,False,Ferrari,0 days 00:34:56.558000,,1,,False,,False,True
2021-22,FP1,0 days 00:38:35.891000,LEC,16,0 days 00:02:11.915000,5.0,2.0,,,0 days 00:00:17.840000,0 days 00:00:55.722000,0 days 00:00:58.353000,0 days 00:36:41.816000,0 days 00:37:37.538000,0 days 00:38:35.891000,277.0,138.0,218.0,194.0,False,SOFT,5.0,False,Ferrari,0 days 00:36:23.976000,,1,,False,,False,True
2021-22,FP1,0 days 00:40:03.153000,LEC,16,0 days 00:01:27.262000,6.0,2.0,,,0 days 00:00:17.961000,0 days 00:00:37.378000,0 days 00:00:31.923000,0 days 00:38:53.852000,0 days 00:39:31.230000,0 days 00:40:03.153000,277.0,304.0,215.0,308.0,True,SOFT,6.0,False,Ferrari,0 days 00:38:35.891000,,1,,False,,False,True
2021-22,FP1,0 days 00:41:35.020000,LEC,16,0 days 00:01:31.867000,7.0,2.0,,0 days 00:41:34.127000,0 days 00:00:17.918000,0 days 00:00:37.751000,0 days 00:00:36.198000,0 days 00:40:21.071000,0 days 00:40:58.822000,0 days 00:41:35.020000,279.0,304.0,,310.0,False,SOFT,7.0,False,Ferrari,0 days 00:40:03.153000,,1,,False,,False,False
2021-22,FP1,0 days 00:51:27.450000,LEC,16,,8.0,3.0,0 days 00:49:15.308000,,,0 days 00:00:53.773000,0 days 00:00:50.280000,,0 days 00:50:37.170000,0 days 00:51:28.871000,154.0,204.0,220.0,186.0,False,SOFT,1.0,True,Ferrari,0 days 00:41:35.020000,,12,,False,,False,False
2021-22,FP1,0 days 00:52:53.865000,LEC,16,0 days 00:01:26.415000,9.0,3.0,,,0 days 00:00:17.904000,0 days 00:00:37.069000,0 days 00:00:31.442000,0 days 00:51:45.354000,0 days 00:52:22.423000,0 days 00:52:53.865000,279.0,308.0,220.0,313.0,True,SOFT,2.0,True,Ferrari,0 days 00:51:27.450000,,1,,False,,False,True
2021-22,FP1,0 days 00:55:24.907000,LEC,16,,10.0,3.0,,,0 days 00:00:28.807000,0 days 00:01:10.988000,0 days 00:00:51.270000,0 days 00:53:22.720000,0 days 00:54:33.637000,0 days 00:55:25.047000,149.0,122.0,190.0,96.0,False,SOFT,3.0,True,Ferrari,0 days 00:52:53.865000,,1,,False,,False,False
2021-22,FP1,0 days 00:57:21.351000,LEC,16,0 days 00:01:56.444000,11.0,3.0,,,0 days 00:00:22.281000,0 days 00:00:53.218000,0 days 00:00:40.945000,0 days 00:55:47.188000,0 days 00:56:40.406000,0 days 00:57:21.351000,243.0,208.0,222.0,263.0,False,SOFT,4.0,True,Ferrari,0 days 00:55:24.907000,,1,,False,,False,True
2021-22,FP1,0 days 00:58:47.197000,LEC,16,0 days 00:01:25.846000,12.0,3.0,,,0 days 00:00:17.663000,0 days 00:00:36.802000,0 days 00:00:31.381000,0 days 00:57:39.014000,0 days 00:58:15.816000,0 days 00:58:47.197000,281.0,311.0,218.0,314.0,True,SOFT,5.0,True,Ferrari,0 days 00:57:21.351000,,1,,False,,False,True
2021-22,FP1,0 days 01:01:24.079000,LEC,16,,13.0,3.0,,,0 days 00:00:27.923000,0 days 00:01:10.797000,0 days 00:00:58.168000,0 days 00:59:15.650000,0 days 01:00:25.911000,0 days 01:01:24.213000,133.0,135.0,219.0,127.0,False,SOFT,6.0,True,Ferrari,0 days 00:58:47.197000,,1,,False,,False,False
2021-22,FP1,0 days 01:03:17.251000,LEC,16,0 days 00:01:53.172000,14.0,3.0,,,0 days 00:00:19.491000,0 days 00:00:44.896000,0 days 00:00:48.785000,0 days 01:01:43.570000,0 days 01:02:28.466000,0 days 01:03:17.251000,252.0,183.0,220.0,275.0,False,SOFT,7.0,True,Ferrari,0 days 01:01:24.079000,,1,,False,,False,True
2021-22,FP1,0 days 01:04:46.034000,LEC,16,0 days 00:01:28.783000,15.0,3.0,,0 days 01:04:45.004000,0 days 00:00:17.787000,0 days 00:00:37.083000,0 days 00:00:33.913000,0 days 01:03:35.038000,0 days 01:04:12.121000,0 days 01:04:46.034000,277.0,307.0,,313.0,False,SOFT,8.0,True,Ferrari,0 days 01:03:17.251000,,1,,False,,False,False
2021-22,FP1,0 days 01:10:27.298000,LEC,16,,16.0,4.0,0 days 01:08:46.345000,,,0 days 00:00:44.203000,0 days 00:00:33.561000,,0 days 01:09:53.760000,0 days 01:10:27.418000,241.0,243.0,212.0,251.0,False,SOFT,8.0,False,Ferrari,0 days 01:04:46.034000,,1,,False,,False,False
2021-22,FP1,0 days 01:11:56.835000,LEC,16,0 days 00:01:29.537000,17.0,4.0,,,0 days 00:00:18.200000,0 days 00:00:38.231000,0 days 00:00:33.106000,0 days 01:10:45.498000,0 days 01:11:23.729000,0 days 01:11:56.835000,278.0,297.0,212.0,320.0,False,SOFT,9.0,False,Ferrari,0 days 01:10:27.298000,,1,,False,,False,True
2021-22,FP1,0 days 01:13:26.587000,LEC,16,0 days 00:01:29.752000,18.0,4.0,,,0 days 00:00:18.190000,0 days 00:00:38.633000,0 days 00:00:32.929000,0 days 01:12:15.025000,0 days 01:12:53.658000,0 days 01:13:26.587000,279.0,310.0,210.0,297.0,False,SOFT,10.0,False,Ferrari,0 days 01:11:56.835000,,1,,False,,False,True
2021-22,FP1,0 days 01:15:20.192000,LEC,16,0 days 00:01:53.605000,19.0,4.0,,,0 days 00:00:18.269000,0 days 00:00:43.659000,0 days 00:00:51.677000,0 days 01:13:44.856000,0 days 01:14:28.515000,0 days 01:15:20.192000,277.0,176.0,101.0,294.0,False,SOFT,11.0,False,Ferrari,0 days 01:13:26.587000,,1,,False,,False,True
2021-22,FP1,0 days 01:17:19.286000,LEC,16,0 days 00:01:59.094000,20.0,4.0,,0 days 01:17:19.264000,0 days 00:00:42.482000,0 days 00:00:38.881000,0 days 00:00:37.731000,0 days 01:16:02.674000,0 days 01:16:41.555000,0 days 01:17:19.286000,275.0,290.0,,294.0,False,SOFT,12.0,False,Ferrari,0 days 01:15:20.192000,,1,,False,,False,False
2021-22,FP1,0 days 00:16:05.354000,STR,18,,1.0,1.0,0 days 00:14:05.843000,,,0 days 00:00:48.579000,0 days 00:00:58.818000,,0 days 00:15:06.537000,0 days 00:16:06.835000,203.0,195.0,215.0,233.0,False,SOFT,1.0,True,Aston Martin,0 days 00:14:05.843000,,1,,False,,False,False
2021-22,FP1,0 days 00:18:30.277000,STR,18,0 days 00:02:24.923000,2.0,1.0,,,0 days 00:00:25.193000,0 days 00:01:04.146000,0 days 00:00:55.584000,0 days 00:16:30.547000,0 days 00:17:34.693000,0 days 00:18:30.277000,178.0,207.0,217.0,215.0,True,SOFT,2.0,True,Aston Martin,0 days 00:16:05.354000,,1,,False,,False,True
2021-22,FP1,0 days 00:19:59.060000,STR,18,0 days 00:01:28.783000,3.0,1.0,,,0 days 00:00:17.983000,0 days 00:00:37.539000,0 days 00:00:33.261000,0 days 00:18:48.260000,0 days 00:19:25.799000,0 days 00:19:59.060000,283.0,304.0,215.0,308.0,True,SOFT,3.0,True,Aston Martin,0 days 00:18:30.277000,,1,,False,,False,True
2021-22,FP1,0 days 00:22:24.508000,STR,18,0 days 00:02:25.448000,4.0,1.0,,,0 days 00:00:27.045000,0 days 00:01:00.305000,0 days 00:00:58.098000,0 days 00:20:26.105000,0 days 00:21:26.410000,0 days 00:22:24.508000,181.0,239.0,216.0,146.0,False,SOFT,4.0,True,Aston Martin,0 days 00:19:59.060000,,1,,False,,False,True
2021-22,FP1,0 days 00:23:52.232000,STR,18,0 days 00:01:27.724000,5.0,1.0,,,0 days 00:00:17.963000,0 days 00:00:37.295000,0 days 00:00:32.466000,0 days 00:22:42.471000,0 days 00:23:19.766000,0 days 00:23:52.232000,285.0,312.0,217.0,313.0,True,SOFT,5.0,True,Aston Martin,0 days 00:22:24.508000,,1,,False,,False,True
2021-22,FP1,0 days 00:26:30.591000,STR,18,,6.0,1.0,,,0 days 00:00:31.258000,0 days 00:01:03.989000,0 days 00:01:03.110000,0 days 00:24:23.492000,0 days 00:25:27.691000,0 days 00:26:30.693000,163.0,100.0,117.0,152.0,False,SOFT,6.0,True,Aston Martin,0 days 00:23:52.232000,,1,,False,,False,False
2021-22,FP1,0 days 00:28:41.892000,STR,18,0 days 00:02:11.301000,7.0,1.0,,,0 days 00:00:30.801000,0 days 00:00:49.320000,0 days 00:00:51.180000,0 days 00:27:01.392000,0 days 00:27:50.712000,0 days 00:28:41.892000,246.0,265.0,215.0,286.0,False,SOFT,7.0,True,Aston Martin,0 days 00:26:30.591000,,1,,False,,False,True
2021-22,FP1,0 days 00:30:08.908000,STR,18,0 days 00:01:27.016000,8.0,1.0,,,0 days 00:00:17.908000,0 days 00:00:36.994000,0 days 00:00:32.114000,0 days 00:28:59.800000,0 days 00:29:36.794000,0 days 00:30:08.908000,285.0,313.0,218.0,318.0,True,SOFT,8.0,True,Aston Martin,0 days 00:28:41.892000,,1,,False,,False,True
2021-22,FP1,0 days 00:32:40.756000,STR,18,,9.0,1.0,,,0 days 00:00:34.034000,0 days 00:01:01.684000,0 days 00:00:56.139000,0 days 00:30:42.950000,0 days 00:31:47.034000,0 days 00:32:43.372000,115.0,202.0,137.0,163.0,False,SOFT,9.0,True,Aston Martin,0 days 00:30:08.908000,,1,,False,,False,False
2021-22,FP1,0 days 00:34:47.160000,STR,18,0 days 00:02:06.404000,10.0,1.0,,,0 days 00:00:26.935000,0 days 00:00:49.725000,0 days 00:00:49.744000,0 days 00:33:07.691000,0 days 00:33:57.416000,0 days 00:34:47.160000,227.0,228.0,216.0,282.0,False,SOFT,10.0,True,Aston Martin,0 days 00:32:40.756000,,1,,False,,False,True
2021-22,FP1,0 days 00:36:13.768000,STR,18,0 days 00:01:26.608000,11.0,1.0,,,0 days 00:00:17.795000,0 days 00:00:36.956000,0 days 00:00:31.857000,0 days 00:35:04.955000,0 days 00:35:41.911000,0 days 00:36:13.768000,284.0,313.0,219.0,315.0,True,SOFT,11.0,True,Aston Martin,0 days 00:34:47.160000,,1,,False,,False,True
2021-22,FP1,0 days 00:37:52.123000,STR,18,0 days 00:01:38.355000,12.0,1.0,,0 days 00:37:52.102000,0 days 00:00:19.737000,0 days 00:00:40.940000,0 days 00:00:37.678000,0 days 00:36:33.505000,0 days 00:37:14.445000,0 days 00:37:52.123000,258.0,239.0,,269.0,False,SOFT,12.0,True,Aston Martin,0 days 00:36:13.768000,,1,,False,,False,False
2021-22,FP1,0 days 00:46:55.166000,STR,18,,13.0,2.0,0 days 00:44:49.531000,,,0 days 00:00:51.606000,0 days 00:00:49.371000,,0 days 00:46:05.795000,0 days 00:46:59.610000,251.0,182.0,217.0,220.0,False,SOFT,1.0,True,Aston Martin,0 days 00:37:52.123000,,12,,False,,False,False
2021-22,FP1,0 days 00:48:21.883000,STR,18,0 days 00:01:26.717000,14.0,2.0,,,0 days 00:00:17.814000,0 days 00:00:36.966000,0 days 00:00:31.937000,0 days 00:47:12.980000,0 days 00:47:49.946000,0 days 00:48:21.883000,282.0,312.0,219.0,316.0,False,SOFT,2.0,True,Aston Martin,0 days 00:46:55.166000,,1,,False,,False,True
2021-22,FP1,0 days 00:50:52.466000,STR,18,,15.0,2.0,,0 days 00:50:52.431000,0 days 00:00:33.765000,0 days 00:01:05.093000,0 days 00:00:51.731000,0 days 00:48:55.667000,0 days 00:50:00.735000,0 days 00:50:52.541000,152.0,205.0,,134.0,False,SOFT,3.0,True,Aston Martin,0 days 00:48:21.883000,,1,,False,,False,False
2021-22,FP1,0 days 00:53:26.370000,STR,18,,16.0,3.0,0 days 00:51:16.214000,,0 days 00:00:49.452000,0 days 00:00:57.413000,0 days 00:00:47.041000,0 days 00:51:41.923000,0 days 00:52:39.340000,0 days 00:53:27.049000,167.0,241.0,212.0,208.0,False,SOFT,4.0,False,Aston Martin,0 days 00:50:52.466000,,1,,False,,False,False
2021-22,FP1,0 days 00:54:52.984000,STR,18,0 days 00:01:26.614000,17.0,3.0,,,0 days 00:00:17.874000,0 days 00:00:36.874000,0 days 00:00:31.866000,0 days 00:53:44.244000,0 days 00:54:21.118000,0 days 00:54:52.984000,280.0,312.0,214.0,318.0,False,SOFT,5.0,False,Aston Martin,0 days 00:53:26.370000,,1,,False,,False,True
2021-22,FP1,0 days 00:56:34.503000,STR,18,0 days 00:01:41.519000,18.0,3.0,,0 days 00:56:33.439000,0 days 00:00:20.993000,0 days 00:00:40.457000,0 days 00:00:40.069000,0 days 00:55:13.977000,0 days 00:55:54.434000,0 days 00:56:34.503000,259.0,232.0,,272.0,False,SOFT,6.0,False,Aston Martin,0 days 00:54:52.984000,,1,,False,,False,False
2021-22,FP1,0 days 01:05:49.813000,STR,18,,19.0,4.0,0 days 01:04:11.091000,,,0 days 00:00:40.404000,0 days 00:00:36.462000,,0 days 01:05:13.351000,0 days 01:05:49.908000,258.0,294.0,209.0,283.0,False,SOFT,7.0,False,Aston Martin,0 days 00:56:34.503000,,1,,False,,False,False
2021-22,FP1,0 days 01:07:21.081000,STR,18,0 days 00:01:31.268000,20.0,4.0,,,0 days 00:00:18.947000,0 days 00:00:38.529000,0 days 00:00:33.792000,0 days 01:06:08.760000,0 days 01:06:47.289000,0 days 01:07:21.081000,273.0,288.0,212.0,290.0,False,SOFT,8.0,False,Aston Martin,0 days 01:05:49.813000,,1,,False,,False,True
2021-22,FP1,0 days 01:08:52.916000,STR,18,0 days 00:01:31.835000,21.0,4.0,,,0 days 00:00:18.566000,0 days 00:00:38.999000,0 days 00:00:34.270000,0 days 01:07:39.647000,0 days 01:08:18.646000,0 days 01:08:52.916000,277.0,289.0,211.0,292.0,False,SOFT,9.0,False,Aston Martin,0 days 01:07:21.081000,,1,,False,,False,True
2021-22,FP1,0 days 01:10:23.795000,STR,18,0 days 00:01:30.879000,22.0,4.0,,,0 days 00:00:18.542000,0 days 00:00:38.792000,0 days 00:00:33.545000,0 days 01:09:11.458000,0 days 01:09:50.250000,0 days 01:10:23.795000,275.0,285.0,212.0,310.0,False,SOFT,10.0,False,Aston Martin,0 days 01:08:52.916000,,1,,False,,False,True
2021-22,FP1,0 days 01:11:54.435000,STR,18,0 days 00:01:30.640000,23.0,4.0,,,0 days 00:00:18.277000,0 days 00:00:39.005000,0 days 00:00:33.358000,0 days 01:10:42.072000,0 days 01:11:21.077000,0 days 01:11:54.435000,271.0,283.0,212.0,290.0,False,SOFT,11.0,False,Aston Martin,0 days 01:10:23.795000,,1,,False,,False,True
2021-22,FP1,0 days 01:13:25.146000,STR,18,0 days 00:01:30.711000,24.0,4.0,,,0 days 00:00:18.226000,0 days 00:00:39.317000,0 days 00:00:33.168000,0 days 01:12:12.661000,0 days 01:12:51.978000,0 days 01:13:25.146000,270.0,285.0,211.0,289.0,False,SOFT,12.0,False,Aston Martin,0 days 01:11:54.435000,,1,,False,,False,True
2021-22,FP1,0 days 01:15:23.963000,STR,18,0 days 00:01:58.817000,25.0,4.0,,,0 days 00:00:24.261000,0 days 00:00:42.576000,0 days 00:00:51.980000,0 days 01:13:49.407000,0 days 01:14:31.983000,0 days 01:15:23.963000,247.0,221.0,83.0,259.0,False,SOFT,13.0,False,Aston Martin,0 days 01:13:25.146000,,1,,False,,False,True
2021-22,FP1,0 days 01:17:28.056000,STR,18,0 days 00:02:04.093000,26.0,4.0,,0 days 01:17:27.311000,0 days 00:00:45.721000,0 days 00:00:42.313000,0 days 00:00:36.059000,0 days 01:16:09.684000,0 days 01:16:51.997000,0 days 01:17:28.056000,252.0,251.0,,240.0,False,SOFT,14.0,False,Aston Martin,0 days 01:15:23.963000,,1,,False,,False,False
2021-22,FP1,0 days 00:17:02.287000,TSU,22,,1.0,1.0,0 days 00:14:51.114000,,,0 days 00:00:56.367000,0 days 00:00:46.289000,,0 days 00:16:15.998000,0 days 00:17:02.311000,183.0,255.0,222.0,200.0,False,SOFT,1.0,True,AlphaTauri,0 days 00:14:51.114000,,1,,False,,False,False
2021-22,FP1,0 days 00:19:18.729000,TSU,22,0 days 00:02:16.442000,2.0,1.0,,0 days 00:19:17.696000,0 days 00:00:23.284000,0 days 00:00:59.248000,0 days 00:00:53.910000,0 days 00:17:25.571000,0 days 00:18:24.819000,0 days 00:19:18.729000,208.0,162.0,,184.0,False,SOFT,2.0,True,AlphaTauri,0 days 00:17:02.287000,,1,,False,,False,False
2021-22,FP1,0 days 00:27:17.273000,TSU,22,,3.0,2.0,0 days 00:25:10.822000,,,0 days 00:00:50.101000,0 days 00:00:50.480000,,0 days 00:26:26.930000,0 days 00:27:17.374000,202.0,207.0,219.0,253.0,False,SOFT,3.0,False,AlphaTauri,0 days 00:19:18.729000,,1,,False,,False,False
2021-22,FP1,0 days 00:28:44.365000,TSU,22,0 days 00:01:27.092000,4.0,2.0,,,0 days 00:00:17.856000,,,0 days 00:27:35.129000,,,284.0,207.0,208.0,312.0,False,SOFT,4.0,False,AlphaTauri,0 days 00:27:17.273000,,1,,True,TRACK LIMITS AT TURN 15,False,False
2021-22,FP1,0 days 00:31:03.006000,TSU,22,0 days 00:02:18.641000,5.0,2.0,,,0 days 00:00:32.021000,0 days 00:00:56.695000,0 days 00:00:49.925000,0 days 00:29:16.386000,0 days 00:30:13.081000,0 days 00:31:03.006000,152.0,197.0,133.0,206.0,True,SOFT,5.0,False,AlphaTauri,0 days 00:28:44.365000,,1,,False,,False,True
2021-22,FP1,0 days 00:33:11.221000,TSU,22,0 days 00:02:08.215000,6.0,2.0,,,0 days 00:00:31.740000,0 days 00:00:51.447000,0 days 00:00:45.028000,0 days 00:31:34.746000,0 days 00:32:26.193000,0 days 00:33:11.221000,181.0,244.0,222.0,198.0,True,SOFT,6.0,False,AlphaTauri,0 days 00:31:03.006000,,1,,False,,False,True
2021-22,FP1,0 days 00:34:37.390000,TSU,22,0 days 00:01:26.169000,7.0,2.0,,,0 days 00:00:17.720000,0 days 00:00:36.854000,0 days 00:00:31.595000,0 days 00:33:28.941000,0 days 00:34:05.795000,0 days 00:34:37.390000,283.0,313.0,214.0,314.0,True,SOFT,7.0,False,AlphaTauri,0 days 00:33:11.221000,,1,,False,,False,True
2021-22,FP1,0 days 00:36:40.914000,TSU,22,0 days 00:02:03.524000,8.0,2.0,,0 days 00:36:39.855000,0 days 00:00:26.409000,0 days 00:00:51.941000,0 days 00:00:45.174000,0 days 00:35:03.799000,0 days 00:35:55.740000,0 days 00:36:40.914000,127.0,210.0,,217.0,False,SOFT,8.0,False,AlphaTauri,0 days 00:34:37.390000,,1,,False,,False,False
2021-22,FP1,0 days 00:49:00.521000,TSU,22,,9.0,3.0,0 days 00:46:54.632000,,,0 days 00:00:48.998000,0 days 00:00:44.701000,,0 days 00:48:15.838000,0 days 00:49:00.618000,124.0,223.0,220.0,254.0,False,SOFT,1.0,True,AlphaTauri,0 days 00:36:40.914000,,12,,False,,False,False
2021-22,FP1,0 days 00:50:26.342000,TSU,22,0 days 00:01:25.821000,10.0,3.0,,,0 days 00:00:17.593000,,,0 days 00:49:18.114000,,,283.0,223.0,212.0,317.0,True,SOFT,2.0,True,AlphaTauri,0 days 00:49:00.521000,,1,,False,,False,False
2021-22,FP1,0 days 00:52:56.109000,TSU,22,0 days 00:02:29.767000,11.0,3.0,,,0 days 00:00:27.411000,0 days 00:01:04.674000,0 days 00:00:57.682000,0 days 00:50:53.753000,0 days 00:51:58.427000,0 days 00:52:56.109000,147.0,147.0,140.0,124.0,False,SOFT,3.0,True,AlphaTauri,0 days 00:50:26.342000,,1,,False,,False,True
2021-22,FP1,0 days 00:55:19.406000,TSU,22,0 days 00:02:23.297000,12.0,3.0,,,0 days 00:00:30.918000,0 days 00:01:02.459000,0 days 00:00:49.920000,0 days 00:53:27.027000,0 days 00:54:29.486000,0 days 00:55:19.406000,153.0,238.0,221.0,185.0,False,SOFT,4.0,True,AlphaTauri,0 days 00:52:56.109000,,1,,False,,False,True
2021-22,FP1,0 days 00:56:44.784000,TSU,22,0 days 00:01:25.378000,13.0,3.0,,,0 days 00:00:17.581000,,,0 days 00:55:36.987000,,,282.0,238.0,218.0,319.0,True,SOFT,5.0,True,AlphaTauri,0 days 00:55:19.406000,,1,,False,,False,False
2021-22,FP1,0 days 00:58:34.273000,TSU,22,0 days 00:01:49.489000,14.0,3.0,,0 days 00:58:33.660000,0 days 00:00:21.259000,0 days 00:00:42.729000,0 days 00:00:45.501000,0 days 00:57:06.043000,0 days 00:57:48.772000,0 days 00:58:34.273000,253.0,243.0,,260.0,False,SOFT,6.0,True,AlphaTauri,0 days 00:56:44.784000,,1,,False,,False,False
2021-22,FP1,0 days 01:05:29.284000,TSU,22,,15.0,4.0,0 days 01:03:57.190000,,,0 days 00:00:38.922000,0 days 00:00:33.553000,,0 days 01:04:55.763000,0 days 01:05:29.390000,273.0,298.0,213.0,296.0,False,SOFT,9.0,False,AlphaTauri,0 days 00:58:34.273000,,1,,False,,False,False
2021-22,FP1,0 days 01:06:59.466000,TSU,22,0 days 00:01:30.182000,16.0,4.0,,,0 days 00:00:18.411000,0 days 00:00:38.457000,0 days 00:00:33.314000,0 days 01:05:47.695000,0 days 01:06:26.152000,0 days 01:06:59.466000,280.0,298.0,212.0,300.0,False,SOFT,10.0,False,AlphaTauri,0 days 01:05:29.284000,,1,,False,,False,True
2021-22,FP1,0 days 01:08:29.904000,TSU,22,0 days 00:01:30.438000,17.0,4.0,,,0 days 00:00:18.240000,0 days 00:00:38.671000,0 days 00:00:33.527000,0 days 01:07:17.706000,0 days 01:07:56.377000,0 days 01:08:29.904000,282.0,298.0,211.0,289.0,False,SOFT,11.0,False,AlphaTauri,0 days 01:06:59.466000,,1,,False,,False,True
2021-22,FP1,0 days 01:10:00.495000,TSU,22,0 days 00:01:30.591000,18.0,4.0,,,0 days 00:00:18.435000,0 days 00:00:38.208000,0 days 00:00:33.948000,0 days 01:08:48.339000,0 days 01:09:26.547000,0 days 01:10:00.495000,280.0,292.0,212.0,304.0,False,SOFT,12.0,False,AlphaTauri,0 days 01:08:29.904000,,1,,False,,False,True
2021-22,FP1,0 days 01:11:31.338000,TSU,22,0 days 00:01:30.843000,19.0,4.0,,,0 days 00:00:18.358000,0 days 00:00:38.049000,0 days 00:00:34.436000,0 days 01:10:18.853000,0 days 01:10:56.902000,0 days 01:11:31.338000,282.0,290.0,211.0,312.0,False,SOFT,13.0,False,AlphaTauri,0 days 01:10:00.495000,,1,,False,,False,True
2021-22,FP1,0 days 01:13:02.373000,TSU,22,0 days 00:01:31.035000,20.0,4.0,,,0 days 00:00:18.373000,0 days 00:00:38.352000,0 days 00:00:34.310000,0 days 01:11:49.711000,0 days 01:12:28.063000,0 days 01:13:02.373000,281.0,308.0,212.0,302.0,False,SOFT,14.0,False,AlphaTauri,0 days 01:11:31.338000,,1,,False,,False,True
2021-22,FP1,0 days 01:14:32.398000,TSU,22,0 days 00:01:30.025000,21.0,4.0,,,0 days 00:00:18.192000,0 days 00:00:38.339000,0 days 00:00:33.494000,0 days 01:13:20.565000,0 days 01:13:58.904000,0 days 01:14:32.398000,284.0,314.0,212.0,320.0,False,SOFT,15.0,False,AlphaTauri,0 days 01:13:02.373000,,1,,False,,False,True
2021-22,FP1,0 days 01:16:41.711000,TSU,22,0 days 00:02:09.313000,22.0,4.0,,,0 days 00:00:20.932000,0 days 00:00:42.035000,0 days 00:01:06.346000,0 days 01:14:53.330000,0 days 01:15:35.365000,0 days 01:16:41.711000,268.0,214.0,65.0,251.0,False,SOFT,16.0,False,AlphaTauri,0 days 01:14:32.398000,,1,,False,,False,True
2021-22,FP1,0 days 01:18:45.320000,TSU,22,0 days 00:02:03.609000,23.0,4.0,,0 days 01:18:44.282000,0 days 00:00:33.757000,0 days 00:00:40.994000,0 days 00:00:48.858000,0 days 01:17:15.468000,0 days 01:17:56.462000,0 days 01:18:45.320000,280.0,161.0,,298.0,False,SOFT,17.0,False,AlphaTauri,0 days 01:16:41.711000,,1,,False,,False,False
2021-22,FP1,0 days 00:16:18.657000,OCO,31,,1.0,1.0,0 days 00:14:05.843000,0 days 00:16:17.588000,,0 days 00:01:07.355000,0 days 00:01:09.517000,,0 days 00:15:09.170000,0 days 00:16:18.738000,136.0,123.0,,163.0,False,HARD,1.0,True,Alpine,0 days 00:14:05.843000,,1,,False,,False,False
2021-22,FP1,0 days 00:18:39.258000,OCO,31,0 days 00:02:20.601000,2.0,2.0,0 days 00:16:42.838000,,0 days 00:00:45.758000,0 days 00:00:48.944000,0 days 00:00:45.899000,0 days 00:17:04.415000,0 days 00:17:53.359000,0 days 00:18:39.258000,248.0,241.0,218.0,216.0,False,SOFT,1.0,True,Alpine,0 days 00:16:18.657000,,1,,False,,False,False
2021-22,FP1,0 days 00:20:07.319000,OCO,31,0 days 00:01:28.061000,3.0,2.0,,,0 days 00:00:17.836000,0 days 00:00:37.668000,0 days 00:00:32.557000,0 days 00:18:57.094000,0 days 00:19:34.762000,0 days 00:20:07.319000,286.0,313.0,217.0,314.0,True,SOFT,2.0,True,Alpine,0 days 00:18:39.258000,,1,,False,,False,True
2021-22,FP1,0 days 00:22:30.169000,OCO,31,0 days 00:02:22.850000,4.0,2.0,,,0 days 00:00:24.045000,0 days 00:01:00.993000,0 days 00:00:57.812000,0 days 00:20:31.364000,0 days 00:21:32.357000,0 days 00:22:30.169000,155.0,122.0,217.0,154.0,False,SOFT,3.0,True,Alpine,0 days 00:20:07.319000,,1,,False,,False,True
2021-22,FP1,0 days 00:23:58.023000,OCO,31,0 days 00:01:27.854000,5.0,2.0,,,0 days 00:00:17.791000,0 days 00:00:37.164000,0 days 00:00:32.899000,0 days 00:22:47.960000,0 days 00:23:25.124000,0 days 00:23:58.023000,286.0,312.0,217.0,314.0,True,SOFT,4.0,True,Alpine,0 days 00:22:30.169000,,1,,False,,False,True
2021-22,FP1,0 days 00:26:35.379000,OCO,31,,6.0,2.0,,,0 days 00:00:26.289000,0 days 00:01:09.458000,0 days 00:01:01.622000,0 days 00:24:24.299000,0 days 00:25:36.708000,0 days 00:26:36.108000,157.0,128.0,215.0,149.0,False,SOFT,5.0,True,Alpine,0 days 00:23:58.023000,,1,,False,,False,False
2021-22,FP1,0 days 00:28:02.185000,OCO,31,0 days 00:01:26.806000,7.0,2.0,,,0 days 00:00:17.876000,0 days 00:00:37.280000,0 days 00:00:31.650000,0 days 00:26:53.255000,0 days 00:27:30.535000,0 days 00:28:02.185000,285.0,309.0,216.0,313.0,True,SOFT,6.0,True,Alpine,0 days 00:26:35.379000,,1,,False,,False,True
2021-22,FP1,0 days 00:30:24.339000,OCO,31,0 days 00:02:22.154000,8.0,2.0,,,0 days 00:00:25.963000,0 days 00:01:03.728000,0 days 00:00:52.463000,0 days 00:28:28.148000,0 days 00:29:31.876000,0 days 00:30:24.339000,151.0,143.0,218.0,171.0,False,SOFT,7.0,True,Alpine,0 days 00:28:02.185000,,1,,False,,False,True
2021-22,FP1,0 days 00:31:50.516000,OCO,31,0 days 00:01:26.177000,9.0,2.0,,,0 days 00:00:17.695000,0 days 00:00:37.114000,0 days 00:00:31.368000,0 days 00:30:42.034000,0 days 00:31:19.148000,0 days 00:31:50.516000,284.0,309.0,218.0,313.0,True,SOFT,8.0,True,Alpine,0 days 00:30:24.339000,,1,,False,,False,True
2021-22,FP1,0 days 00:33:32.418000,OCO,31,0 days 00:01:41.902000,10.0,2.0,,0 days 00:33:31.397000,0 days 00:00:19.930000,0 days 00:00:42.082000,0 days 00:00:39.890000,0 days 00:32:10.446000,0 days 00:32:52.528000,0 days 00:33:32.418000,257.0,247.0,,279.0,False,SOFT,9.0,True,Alpine,0 days 00:31:50.516000,,1,,False,,False,False
2021-22,FP1,0 days 00:45:44.567000,OCO,31,,11.0,3.0,0 days 00:43:46.221000,,,0 days 00:00:49.109000,0 days 00:00:44.379000,,0 days 00:45:00.196000,0 days 00:45:46.733000,244.0,189.0,219.0,224.0,False,SOFT,1.0,True,Alpine,0 days 00:33:32.418000,,12,,False,,False,False
2021-22,FP1,0 days 00:47:52.105000,OCO,31,0 days 00:02:07.538000,12.0,3.0,,,0 days 00:00:18.380000,0 days 00:01:03.037000,0 days 00:00:46.121000,0 days 00:46:02.947000,0 days 00:47:05.984000,0 days 00:47:52.105000,193.0,255.0,221.0,101.0,False,SOFT,2.0,True,Alpine,0 days 00:45:44.567000,,1,,False,,False,True
2021-22,FP1,0 days 00:49:18.229000,OCO,31,0 days 00:01:26.124000,13.0,3.0,,,0 days 00:00:17.599000,0 days 00:00:36.910000,0 days 00:00:31.615000,0 days 00:48:09.704000,0 days 00:48:46.614000,0 days 00:49:18.229000,285.0,314.0,211.0,320.0,True,SOFT,3.0,True,Alpine,0 days 00:47:52.105000,,1,,False,,False,True
2021-22,FP1,0 days 00:51:39.260000,OCO,31,0 days 00:02:21.031000,14.0,3.0,,,0 days 00:00:24.597000,0 days 00:00:59.559000,0 days 00:00:56.875000,0 days 00:49:42.826000,0 days 00:50:42.385000,0 days 00:51:39.260000,173.0,157.0,213.0,162.0,False,SOFT,4.0,True,Alpine,0 days 00:49:18.229000,,1,,False,,False,True
2021-22,FP1,0 days 00:53:05.494000,OCO,31,0 days 00:01:26.234000,15.0,3.0,,,0 days 00:00:17.743000,0 days 00:00:37.095000,0 days 00:00:31.396000,0 days 00:51:57.003000,0 days 00:52:34.098000,0 days 00:53:05.494000,282.0,309.0,218.0,316.0,False,SOFT,5.0,True,Alpine,0 days 00:51:39.260000,,1,,False,,False,True
2021-22,FP1,0 days 00:55:43.243000,OCO,31,,16.0,3.0,,,0 days 00:00:28.113000,0 days 00:01:07.914000,0 days 00:01:01.719000,0 days 00:53:33.611000,0 days 00:54:41.524000,0 days 00:55:43.689000,111.0,104.0,215.0,190.0,False,SOFT,6.0,True,Alpine,0 days 00:53:05.494000,,1,,False,,False,False
2021-22,FP1,0 days 00:57:09.268000,OCO,31,0 days 00:01:26.025000,17.0,3.0,,,0 days 00:00:17.687000,0 days 00:00:37.169000,0 days 00:00:31.169000,0 days 00:56:00.930000,0 days 00:56:38.099000,0 days 00:57:09.268000,282.0,311.0,220.0,317.0,True,SOFT,7.0,True,Alpine,0 days 00:55:43.243000,,1,,False,,False,True
2021-22,FP1,0 days 00:59:02.425000,OCO,31,0 days 00:01:53.157000,18.0,3.0,,0 days 00:59:01.407000,0 days 00:00:20.520000,0 days 00:00:49.352000,0 days 00:00:43.285000,0 days 00:57:29.788000,0 days 00:58:19.140000,0 days 00:59:02.425000,214.0,220.0,,248.0,False,SOFT,8.0,True,Alpine,0 days 00:57:09.268000,,1,,False,,False,False
2021-22,FP1,0 days 01:07:50.591000,OCO,31,,19.0,4.0,0 days 01:06:21.350000,,,0 days 00:00:37.851000,0 days 00:00:33.206000,,0 days 01:07:17.432000,0 days 01:07:50.698000,277.0,306.0,212.0,323.0,False,SOFT,9.0,False,Alpine,0 days 00:59:02.425000,,1,,False,,False,False
2021-22,FP1,0 days 01:09:21.876000,OCO,31,0 days 00:01:31.285000,20.0,4.0,,,0 days 00:00:18.695000,0 days 00:00:38.999000,0 days 00:00:33.591000,0 days 01:08:09.286000,0 days 01:08:48.285000,0 days 01:09:21.876000,266.0,288.0,210.0,288.0,False,SOFT,10.0,False,Alpine,0 days 01:07:50.591000,,1,,False,,False,True
2021-22,FP1,0 days 01:10:52.709000,OCO,31,0 days 00:01:30.833000,21.0,4.0,,,0 days 00:00:18.446000,0 days 00:00:39.125000,0 days 00:00:33.262000,0 days 01:09:40.322000,0 days 01:10:19.447000,0 days 01:10:52.709000,271.0,285.0,209.0,288.0,False,SOFT,11.0,False,Alpine,0 days 01:09:21.876000,,1,,False,,False,True
2021-22,FP1,0 days 01:12:23.241000,OCO,31,0 days 00:01:30.532000,22.0,4.0,,,0 days 00:00:18.439000,0 days 00:00:39.223000,0 days 00:00:32.870000,0 days 01:11:11.148000,0 days 01:11:50.371000,0 days 01:12:23.241000,270.0,285.0,210.0,287.0,False,SOFT,12.0,False,Alpine,0 days 01:10:52.709000,,1,,False,,False,True
2021-22,FP1,0 days 01:13:54.065000,OCO,31,0 days 00:01:30.824000,23.0,4.0,,,0 days 00:00:18.343000,0 days 00:00:39.048000,0 days 00:00:33.433000,0 days 01:12:41.584000,0 days 01:13:20.632000,0 days 01:13:54.065000,270.0,286.0,211.0,289.0,False,SOFT,13.0,False,Alpine,0 days 01:12:23.241000,,1,,False,,False,True
2021-22,FP1,0 days 01:16:26.515000,OCO,31,,24.0,4.0,,,0 days 00:00:25.253000,0 days 00:00:57.477000,0 days 00:01:09.736000,0 days 01:14:19.302000,0 days 01:15:16.790000,0 days 01:16:26.618000,161.0,144.0,74.0,190.0,False,SOFT,14.0,False,Alpine,0 days 01:13:54.065000,,1,,False,,False,False
2021-22,FP1,0 days 01:18:27.758000,OCO,31,0 days 00:02:01.243000,25.0,4.0,,0 days 01:18:27.408000,0 days 00:00:40.927000,0 days 00:00:38.544000,0 days 00:00:41.772000,0 days 01:17:07.442000,0 days 01:17:45.986000,0 days 01:18:27.758000,276.0,295.0,,295.0,False,SOFT,15.0,False,Alpine,0 days 01:16:26.515000,,1,,False,,False,False
2021-22,FP1,0 days 00:17:15.642000,VER,33,,1.0,1.0,0 days 00:15:13.568000,,,0 days 00:00:49.940000,0 days 00:00:51.903000,,0 days 00:16:23.739000,0 days 00:17:15.757000,272.0,198.0,220.0,199.0,False,SOFT,1.0,True,Red Bull Racing,0 days 00:15:13.568000,,1,,False,,False,False
2021-22,FP1,0 days 00:19:19.016000,VER,33,0 days 00:02:03.374000,2.0,1.0,,,0 days 00:00:17.840000,0 days 00:00:48.514000,0 days 00:00:57.020000,0 days 00:17:33.482000,0 days 00:18:21.996000,0 days 00:19:19.016000,284.0,141.0,222.0,237.0,True,SOFT,2.0,True,Red Bull Racing,0 days 00:17:15.642000,,1,,False,,False,True
2021-22,FP1,0 days 00:20:45.479000,VER,33,0 days 00:01:26.463000,3.0,1.0,,,0 days 00:00:17.759000,0 days 00:00:37.054000,0 days 00:00:31.650000,0 days 00:19:36.775000,0 days 00:20:13.829000,0 days 00:20:45.479000,283.0,309.0,214.0,312.0,True,SOFT,3.0,True,Red Bull Racing,0 days 00:19:19.016000,,1,,False,,False,True
2021-22,FP1,0 days 00:23:50.093000,VER,33,,4.0,1.0,,,0 days 00:00:39.338000,0 days 00:01:22.822000,0 days 00:01:02.483000,0 days 00:21:24.839000,0 days 00:22:47.707000,0 days 00:23:52.229000,122.0,110.0,130.0,122.0,False,SOFT,4.0,True,Red Bull Racing,0 days 00:20:45.479000,,1,,False,,False,False
2021-22,FP1,0 days 00:26:01.625000,VER,33,0 days 00:02:11.532000,5.0,1.0,,,0 days 00:00:34.538000,0 days 00:00:55.776000,0 days 00:00:41.218000,0 days 00:24:24.631000,0 days 00:25:20.407000,0 days 00:26:01.625000,173.0,197.0,221.0,193.0,False,SOFT,5.0,True,Red Bull Racing,0 days 00:23:50.093000,,1,,False,,False,True
2021-22,FP1,0 days 00:27:27.227000,VER,33,0 days 00:01:25.602000,6.0,1.0,,,0 days 00:00:17.685000,0 days 00:00:36.716000,0 days 00:00:31.201000,0 days 00:26:19.310000,0 days 00:26:56.026000,0 days 00:27:27.227000,283.0,310.0,217.0,315.0,True,SOFT,6.0,True,Red Bull Racing,0 days 00:26:01.625000,,1,,False,,False,True
2021-22,FP1,0 days 00:29:51.847000,VER,33,0 days 00:02:24.620000,7.0,1.0,,0 days 00:29:50.828000,0 days 00:00:29.894000,0 days 00:01:01.752000,0 days 00:00:52.974000,0 days 00:27:57.121000,0 days 00:28:58.873000,0 days 00:29:51.847000,119.0,147.0,,210.0,False,SOFT,7.0,True,Red Bull Racing,0 days 00:27:27.227000,,1,,False,,False,False
2021-22,FP1,0 days 00:32:26.683000,VER,33,,8.0,2.0,0 days 00:30:19.399000,,0 days 00:00:54.271000,0 days 00:00:54.815000,0 days 00:00:45.737000,0 days 00:30:46.150000,0 days 00:31:40.946000,0 days 00:32:26.827000,161.0,198.0,221.0,197.0,False,SOFT,8.0,False,Red Bull Racing,0 days 00:29:51.847000,,1,,False,,False,False
2021-22,FP1,0 days 00:33:51.983000,VER,33,0 days 00:01:25.300000,9.0,2.0,,,0 days 00:00:17.639000,0 days 00:00:36.623000,0 days 00:00:31.038000,0 days 00:32:44.322000,0 days 00:33:20.945000,0 days 00:33:51.983000,282.0,313.0,217.0,315.0,True,SOFT,9.0,False,Red Bull Racing,0 days 00:32:26.683000,,1,,False,,False,True
2021-22,FP1,0 days 00:35:31.128000,VER,33,0 days 00:01:39.145000,10.0,2.0,,0 days 00:35:30.105000,0 days 00:00:22.137000,0 days 00:00:41.186000,0 days 00:00:35.822000,0 days 00:34:14.120000,0 days 00:34:55.306000,0 days 00:35:31.128000,250.0,268.0,,258.0,False,SOFT,10.0,False,Red Bull Racing,0 days 00:33:51.983000,,1,,False,,False,False
2021-22,FP1,0 days 00:49:56.841000,VER,33,,11.0,3.0,0 days 00:47:51.172000,,,0 days 00:00:53.966000,0 days 00:00:48.544000,,0 days 00:49:08.342000,0 days 00:49:59.887000,149.0,198.0,222.0,199.0,False,SOFT,1.0,True,Red Bull Racing,0 days 00:35:31.128000,,12,,False,,False,False
2021-22,FP1,0 days 00:51:21.850000,VER,33,0 days 00:01:25.009000,12.0,3.0,,,0 days 00:00:17.535000,0 days 00:00:36.454000,0 days 00:00:31.020000,0 days 00:50:14.376000,0 days 00:50:50.830000,0 days 00:51:21.850000,283.0,313.0,210.0,320.0,True,SOFT,2.0,True,Red Bull Racing,0 days 00:49:56.841000,,1,,False,,False,True
2021-22,FP1,0 days 00:53:39.015000,VER,33,0 days 00:02:17.165000,13.0,3.0,,0 days 00:53:37.972000,0 days 00:00:32.044000,0 days 00:00:57.474000,0 days 00:00:47.647000,0 days 00:51:53.894000,0 days 00:52:51.368000,0 days 00:53:39.015000,112.0,198.0,,147.0,False,SOFT,3.0,True,Red Bull Racing,0 days 00:51:21.850000,,1,,False,,False,False
2021-22,FP1,0 days 00:56:08.455000,VER,33,0 days 00:02:29.440000,14.0,4.0,0 days 00:54:00.363000,,0 days 00:00:44.800000,0 days 00:00:56.312000,0 days 00:00:48.328000,0 days 00:54:23.815000,0 days 00:55:20.127000,0 days 00:56:08.455000,152.0,187.0,222.0,199.0,False,SOFT,4.0,False,Red Bull Racing,0 days 00:53:39.015000,,1,,False,,False,False
2021-22,FP1,0 days 00:57:33.510000,VER,33,0 days 00:01:25.055000,15.0,4.0,,,0 days 00:00:17.566000,0 days 00:00:36.618000,0 days 00:00:30.871000,0 days 00:56:26.021000,0 days 00:57:02.639000,0 days 00:57:33.510000,281.0,311.0,206.0,315.0,False,SOFT,5.0,False,Red Bull Racing,0 days 00:56:08.455000,,1,,False,,False,True
2021-22,FP1,0 days 00:59:14.476000,VER,33,0 days 00:01:40.966000,16.0,4.0,,0 days 00:59:13.441000,0 days 00:00:22.414000,0 days 00:00:41.459000,0 days 00:00:37.093000,0 days 00:57:55.924000,0 days 00:58:37.383000,0 days 00:59:14.476000,260.0,256.0,,274.0,False,SOFT,6.0,False,Red Bull Racing,0 days 00:57:33.510000,,1,,False,,False,False
2021-22,FP1,0 days 01:07:31.652000,VER,33,,17.0,5.0,0 days 01:05:52.093000,,,0 days 00:00:39.905000,0 days 00:00:38.003000,,0 days 01:06:53.704000,0 days 01:07:32.660000,251.0,284.0,213.0,285.0,False,SOFT,7.0,False,Red Bull Racing,0 days 00:59:14.476000,,1,,False,,False,False
2021-22,FP1,0 days 01:09:01.508000,VER,33,0 days 00:01:29.856000,18.0,5.0,,,0 days 00:00:18.296000,0 days 00:00:38.795000,0 days 00:00:32.765000,0 days 01:07:49.948000,0 days 01:08:28.743000,0 days 01:09:01.508000,276.0,290.0,209.0,292.0,False,SOFT,8.0,False,Red Bull Racing,0 days 01:07:31.652000,,1,,False,,False,True
2021-22,FP1,0 days 01:10:31.359000,VER,33,0 days 00:01:29.851000,19.0,5.0,,,0 days 00:00:18.334000,0 days 00:00:38.525000,0 days 00:00:32.992000,0 days 01:09:19.842000,0 days 01:09:58.367000,0 days 01:10:31.359000,277.0,288.0,210.0,290.0,False,SOFT,9.0,False,Red Bull Racing,0 days 01:09:01.508000,,1,,False,,False,True
2021-22,FP1,0 days 01:12:04.368000,VER,33,0 days 00:01:33.009000,20.0,5.0,,,0 days 00:00:18.302000,0 days 00:00:38.753000,0 days 00:00:35.954000,0 days 01:10:49.661000,0 days 01:11:28.414000,0 days 01:12:04.368000,279.0,286.0,212.0,296.0,False,SOFT,10.0,False,Red Bull Racing,0 days 01:10:31.359000,,1,,False,,False,True
2021-22,FP1,0 days 01:13:33.932000,VER,33,0 days 00:01:29.564000,21.0,5.0,,,0 days 00:00:18.203000,0 days 00:00:38.519000,0 days 00:00:32.842000,0 days 01:12:22.571000,0 days 01:13:01.090000,0 days 01:13:33.932000,279.0,293.0,209.0,297.0,False,SOFT,11.0,False,Red Bull Racing,0 days 01:12:04.368000,,1,,False,,False,True
2021-22,FP1,0 days 01:16:18.367000,VER,33,,22.0,5.0,,,0 days 00:00:26.574000,0 days 00:01:13.191000,0 days 00:01:04.694000,0 days 01:14:00.555000,0 days 01:15:13.673000,0 days 01:16:20.550000,146.0,133.0,50.0,134.0,False,SOFT,12.0,False,Red Bull Racing,0 days 01:13:33.932000,,1,,False,,False,False
2021-22,FP1,0 days 01:18:14.801000,VER,33,0 days 00:01:56.434000,23.0,5.0,,0 days 01:18:14.811000,0 days 00:00:37.682000,0 days 00:00:40.878000,0 days 00:00:37.874000,0 days 01:16:56.049000,0 days 01:17:36.927000,0 days 01:18:14.801000,278.0,238.0,,284.0,False,SOFT,13.0,False,Red Bull Racing,0 days 01:16:18.367000,,1,,False,,False,False
2021-22,FP1,0 days 00:16:30.646000,HAM,44,,1.0,1.0,0 days 00:14:28.073000,,,0 days 00:00:47.864000,0 days 00:00:49.343000,,0 days 00:15:41.306000,0 days 00:16:30.726000,246.0,230.0,219.0,246.0,False,SOFT,1.0,True,Mercedes,0 days 00:14:28.073000,,1,,False,,False,False
2021-22,FP1,0 days 00:17:57.794000,HAM,44,0 days 00:01:27.148000,2.0,1.0,,,0 days 00:00:17.740000,0 days 00:00:37.071000,0 days 00:00:32.337000,0 days 00:16:48.386000,0 days 00:17:25.457000,0 days 00:17:57.794000,288.0,310.0,218.0,315.0,True,SOFT,2.0,True,Mercedes,0 days 00:16:30.646000,,1,,False,,False,True
2021-22,FP1,0 days 00:20:48.471000,HAM,44,,3.0,1.0,,,0 days 00:00:36.462000,0 days 00:01:18.447000,0 days 00:00:55.820000,0 days 00:18:35.805000,0 days 00:19:52.651000,0 days 00:20:49.058000,114.0,146.0,219.0,109.0,False,SOFT,3.0,True,Mercedes,0 days 00:17:57.794000,,1,,False,,False,False
2021-22,FP1,0 days 00:22:14.761000,HAM,44,0 days 00:01:26.290000,4.0,1.0,,,0 days 00:00:17.561000,0 days 00:00:37.240000,0 days 00:00:31.489000,0 days 00:21:06.032000,0 days 00:21:43.272000,0 days 00:22:14.761000,286.0,308.0,218.0,311.0,True,SOFT,4.0,True,Mercedes,0 days 00:20:48.471000,,1,,False,,False,True
2021-22,FP1,0 days 00:25:06.092000,HAM,44,,5.0,1.0,,0 days 00:25:04.990000,0 days 00:00:32.882000,0 days 00:01:08.654000,0 days 00:01:09.777000,0 days 00:22:47.717000,0 days 00:23:56.315000,0 days 00:25:07.642000,140.0,161.0,,147.0,False,SOFT,5.0,True,Mercedes,0 days 00:22:14.761000,,1,,False,,False,False
2021-22,FP1,0 days 00:27:50.851000,HAM,44,,6.0,2.0,0 days 00:25:42.215000,,0 days 00:01:04.569000,0 days 00:00:55.010000,0 days 00:00:45.165000,0 days 00:26:10.941000,0 days 00:27:05.686000,0 days 00:27:50.909000,203.0,243.0,223.0,220.0,False,SOFT,6.0,False,Mercedes,0 days 00:25:06.092000,,1,,False,,False,False
2021-22,FP1,0 days 00:29:16.671000,HAM,44,0 days 00:01:25.820000,7.0,2.0,,,0 days 00:00:17.554000,0 days 00:00:36.855000,0 days 00:00:31.411000,0 days 00:28:08.405000,0 days 00:28:45.260000,0 days 00:29:16.671000,290.0,309.0,219.0,311.0,True,SOFT,7.0,False,Mercedes,0 days 00:27:50.851000,,1,,False,,False,True
2021-22,FP1,0 days 00:31:48.958000,HAM,44,,8.0,2.0,,0 days 00:31:48.275000,0 days 00:00:25.265000,0 days 00:01:08.598000,0 days 00:00:58.421000,0 days 00:29:41.958000,0 days 00:30:50.537000,0 days 00:31:49.059000,149.0,163.0,,153.0,False,SOFT,8.0,False,Mercedes,0 days 00:29:16.671000,,1,,False,,False,False
2021-22,FP1,0 days 00:34:34.731000,HAM,44,,9.0,3.0,0 days 00:32:17.254000,,0 days 00:00:58.486000,0 days 00:00:58.545000,0 days 00:00:48.771000,0 days 00:32:47.446000,0 days 00:33:45.960000,0 days 00:34:34.878000,224.0,131.0,222.0,200.0,False,SOFT,9.0,False,Mercedes,0 days 00:31:48.958000,,1,,False,,False,False
2021-22,FP1,0 days 00:36:00.283000,HAM,44,0 days 00:01:25.552000,10.0,3.0,,,0 days 00:00:17.490000,0 days 00:00:36.911000,0 days 00:00:31.151000,0 days 00:34:52.221000,0 days 00:35:29.132000,0 days 00:36:00.283000,284.0,304.0,220.0,308.0,True,SOFT,10.0,False,Mercedes,0 days 00:34:34.731000,,1,,False,,False,True
2021-22,FP1,0 days 00:37:32.274000,HAM,44,0 days 00:01:31.991000,11.0,3.0,,0 days 00:37:32.316000,0 days 00:00:18.984000,0 days 00:00:38.507000,0 days 00:00:34.500000,0 days 00:36:19.267000,0 days 00:36:57.774000,0 days 00:37:32.274000,267.0,298.0,,295.0,False,SOFT,11.0,False,Mercedes,0 days 00:36:00.283000,,1,,False,,False,False
2021-22,FP1,0 days 00:47:03.033000,HAM,44,,12.0,4.0,0 days 00:44:46.511000,,,0 days 00:00:54.672000,0 days 00:00:53.996000,,0 days 00:46:09.037000,0 days 00:47:03.181000,221.0,226.0,221.0,227.0,False,SOFT,1.0,True,Mercedes,0 days 00:37:32.274000,,12,,False,,False,False
2021-22,FP1,0 days 00:48:28.388000,HAM,44,0 days 00:01:25.355000,13.0,4.0,,,0 days 00:00:17.431000,0 days 00:00:36.743000,0 days 00:00:31.181000,0 days 00:47:20.464000,0 days 00:47:57.207000,0 days 00:48:28.388000,287.0,314.0,220.0,321.0,True,SOFT,2.0,True,Mercedes,0 days 00:47:03.033000,,1,,False,,False,True
2021-22,FP1,0 days 00:51:33.448000,HAM,44,,14.0,4.0,,0 days 00:51:32.287000,0 days 00:00:32.833000,0 days 00:01:22.262000,0 days 00:01:09.978000,0 days 00:49:01.243000,0 days 00:50:23.470000,0 days 00:51:35.012000,112.0,141.0,,133.0,False,SOFT,3.0,True,Mercedes,0 days 00:48:28.388000,,1,,False,,False,False
2021-22,FP1,0 days 00:54:20.937000,HAM,44,,15.0,5.0,0 days 00:51:59.030000,,0 days 00:00:57.545000,0 days 00:00:59.064000,0 days 00:00:50.855000,0 days 00:52:31.044000,0 days 00:53:30.161000,0 days 00:54:21.136000,178.0,218.0,222.0,225.0,False,SOFT,4.0,False,Mercedes,0 days 00:51:33.448000,,1,,False,,False,False
2021-22,FP1,0 days 00:55:45.979000,HAM,44,0 days 00:01:25.042000,16.0,5.0,,,0 days 00:00:17.382000,0 days 00:00:36.809000,0 days 00:00:30.851000,0 days 00:54:38.319000,0 days 00:55:15.128000,0 days 00:55:45.979000,285.0,312.0,220.0,317.0,False,SOFT,5.0,False,Mercedes,0 days 00:54:20.937000,,1,,True,TRACK LIMITS AT TURN 16,False,True
2021-22,FP1,0 days 00:58:27.698000,HAM,44,,17.0,5.0,,,0 days 00:00:29.404000,0 days 00:01:07.725000,0 days 00:01:04.547000,0 days 00:56:15.426000,0 days 00:57:24.408000,0 days 00:58:29.737000,117.0,87.0,119.0,195.0,False,SOFT,6.0,False,Mercedes,0 days 00:55:45.979000,,1,,False,,False,False
2021-22,FP1,0 days 01:00:58.707000,HAM,44,,18.0,5.0,,,0 days 00:00:35.156000,0 days 00:01:04.019000,0 days 00:00:51.884000,0 days 00:59:03.780000,0 days 01:00:06.823000,0 days 01:00:58.817000,135.0,123.0,220.0,258.0,False,SOFT,7.0,False,Mercedes,0 days 00:58:27.698000,,1,,False,,False,False
2021-22,FP1,0 days 01:02:46.486000,HAM,44,0 days 00:01:47.779000,19.0,5.0,,0 days 01:02:45.435000,0 days 00:00:17.525000,0 days 00:00:48.945000,0 days 00:00:41.309000,0 days 01:01:16.232000,0 days 01:02:05.177000,0 days 01:02:46.486000,283.0,245.0,,311.0,False,SOFT,8.0,False,Mercedes,0 days 01:00:58.707000,,1,,False,,False,False
2021-22,FP1,0 days 01:09:43.845000,HAM,44,,20.0,6.0,0 days 01:08:10.818000,,,0 days 00:00:39.827000,0 days 00:00:33.806000,,0 days 01:09:10.039000,0 days 01:09:43.955000,266.0,302.0,216.0,307.0,False,SOFT,12.0,False,Mercedes,0 days 01:02:46.486000,,1,,False,,False,False
2021-22,FP1,0 days 01:11:13.241000,HAM,44,0 days 00:01:29.396000,21.0,6.0,,,0 days 00:00:18.437000,0 days 00:00:38.277000,0 days 00:00:32.682000,0 days 01:10:02.282000,0 days 01:10:40.559000,0 days 01:11:13.241000,283.0,291.0,213.0,296.0,False,SOFT,13.0,False,Mercedes,0 days 01:09:43.845000,,1,,False,,False,True
2021-22,FP1,0 days 01:12:42.590000,HAM,44,0 days 00:01:29.349000,22.0,6.0,,,0 days 00:00:18.154000,0 days 00:00:38.366000,0 days 00:00:32.829000,0 days 01:11:31.395000,0 days 01:12:09.761000,0 days 01:12:42.590000,278.0,295.0,211.0,296.0,False,SOFT,14.0,False,Mercedes,0 days 01:11:13.241000,,1,,False,,False,True
2021-22,FP1,0 days 01:14:11.925000,HAM,44,0 days 00:01:29.335000,23.0,6.0,,,0 days 00:00:18.154000,0 days 00:00:38.427000,0 days 00:00:32.754000,,0 days 01:13:39.171000,0 days 01:14:11.925000,272.0,299.0,212.0,301.0,False,SOFT,15.0,False,Mercedes,0 days 01:12:42.590000,,1,,False,,False,True
2021-22,FP1,0 days 01:16:31.279000,HAM,44,0 days 00:02:19.354000,24.0,6.0,,,0 days 00:00:25.330000,0 days 00:00:48.701000,0 days 00:01:05.323000,0 days 01:14:37.255000,0 days 01:15:25.956000,0 days 01:16:31.279000,178.0,171.0,67.0,225.0,False,SOFT,16.0,False,Mercedes,0 days 01:14:11.925000,,1,,False,,False,True
2021-22,FP1,0 days 01:18:41.924000,HAM,44,0 days 00:02:10.645000,25.0,6.0,,0 days 01:18:40.882000,0 days 00:00:42.130000,0 days 00:00:48.659000,0 days 00:00:39.856000,0 days 01:17:13.409000,0 days 01:18:02.068000,0 days 01:18:41.924000,181.0,190.0,,215.0,False,SOFT,17.0,False,Mercedes,0 days 01:16:31.279000,,1,,False,,False,False
2021-22,FP1,0 days 00:15:42.101000,MSC,47,,1.0,1.0,0 days 00:14:05.843000,,,0 days 00:00:47.029000,0 days 00:00:47.583000,,0 days 00:14:54.520000,0 days 00:15:42.219000,209.0,225.0,218.0,250.0,False,MEDIUM,1.0,True,Haas F1 Team,0 days 00:14:05.843000,,1,,False,,False,False
2021-22,FP1,0 days 00:17:12.981000,MSC,47,0 days 00:01:30.880000,2.0,1.0,,,0 days 00:00:18.200000,0 days 00:00:37.913000,0 days 00:00:34.767000,0 days 00:16:00.301000,0 days 00:16:38.214000,0 days 00:17:12.981000,284.0,310.0,214.0,315.0,True,MEDIUM,2.0,True,Haas F1 Team,0 days 00:15:42.101000,,1,,False,,False,True
2021-22,FP1,0 days 00:18:43.784000,MSC,47,0 days 00:01:30.803000,3.0,1.0,,,0 days 00:00:18.195000,0 days 00:00:38.276000,0 days 00:00:34.332000,0 days 00:17:31.176000,0 days 00:18:09.452000,0 days 00:18:43.784000,286.0,314.0,211.0,319.0,True,MEDIUM,3.0,True,Haas F1 Team,0 days 00:17:12.981000,,1,,False,,False,True
2021-22,FP1,0 days 00:21:15.700000,MSC,47,,4.0,1.0,,,0 days 00:00:32.544000,0 days 00:01:04.631000,0 days 00:00:54.776000,0 days 00:19:16.316000,0 days 00:20:20.924000,0 days 00:21:15.829000,126.0,145.0,218.0,150.0,False,MEDIUM,4.0,True,Haas F1 Team,0 days 00:18:43.784000,,1,,False,,False,False
2021-22,FP1,0 days 00:22:45.386000,MSC,47,0 days 00:01:29.686000,5.0,1.0,,,0 days 00:00:18.337000,0 days 00:00:37.979000,0 days 00:00:33.370000,0 days 00:21:34.037000,0 days 00:22:12.016000,0 days 00:22:45.386000,284.0,311.0,210.0,313.0,True,MEDIUM,5.0,True,Haas F1 Team,0 days 00:21:15.700000,,1,,False,,False,True
2021-22,FP1,0 days 00:25:13.495000,MSC,47,0 days 00:02:28.109000,6.0,1.0,,,0 days 00:00:28.844000,0 days 00:01:03.406000,0 days 00:00:55.859000,0 days 00:23:14.230000,0 days 00:24:17.636000,0 days 00:25:13.495000,125.0,91.0,217.0,218.0,False,MEDIUM,6.0,True,Haas F1 Team,0 days 00:22:45.386000,,1,,False,,False,True
2021-22,FP1,0 days 00:26:42.306000,MSC,47,0 days 00:01:28.811000,7.0,1.0,,,0 days 00:00:18.008000,0 days 00:00:37.717000,0 days 00:00:33.086000,0 days 00:25:31.503000,0 days 00:26:09.220000,0 days 00:26:42.306000,284.0,315.0,212.0,316.0,True,MEDIUM,7.0,True,Haas F1 Team,0 days 00:25:13.495000,,1,,False,,False,True
2021-22,FP1,0 days 00:28:36.784000,MSC,47,0 days 00:01:54.478000,8.0,1.0,,0 days 00:28:35.723000,0 days 00:00:23.831000,0 days 00:00:51.187000,0 days 00:00:39.460000,0 days 00:27:06.137000,0 days 00:27:57.324000,0 days 00:28:36.784000,162.0,307.0,,166.0,False,MEDIUM,8.0,True,Haas F1 Team,0 days 00:26:42.306000,,1,,False,,False,False
2021-22,FP1,0 days 00:41:51.060000,MSC,47,,9.0,2.0,0 days 00:39:24.507000,,,0 days 00:01:09.558000,0 days 00:00:49.888000,,0 days 00:41:01.172000,0 days 00:41:51.148000,156.0,198.0,218.0,135.0,False,SOFT,1.0,True,Haas F1 Team,0 days 00:28:36.784000,,1,,False,,False,False
2021-22,FP1,0 days 00:43:18.963000,MSC,47,0 days 00:01:27.903000,10.0,2.0,,,0 days 00:00:18,0 days 00:00:37.235000,0 days 00:00:32.668000,0 days 00:42:09.060000,0 days 00:42:46.295000,0 days 00:43:18.963000,281.0,313.0,214.0,316.0,True,SOFT,2.0,True,Haas F1 Team,0 days 00:41:51.060000,,1,,False,,False,True
2021-22,FP1,0 days 00:45:58.410000,MSC,47,,11.0,2.0,,,0 days 00:00:37.496000,0 days 00:01:09.167000,0 days 00:00:52.804000,0 days 00:43:56.459000,0 days 00:45:05.606000,0 days 00:45:58.517000,107.0,123.0,217.0,240.0,False,SOFT,3.0,True,Haas F1 Team,0 days 00:43:18.963000,,12,,False,,False,False
2021-22,FP1,0 days 00:47:26.108000,MSC,47,0 days 00:01:27.698000,12.0,2.0,,,0 days 00:00:18.032000,0 days 00:00:37.385000,0 days 00:00:32.281000,0 days 00:46:16.442000,0 days 00:46:53.827000,0 days 00:47:26.108000,282.0,311.0,214.0,315.0,True,SOFT,4.0,True,Haas F1 Team,0 days 00:45:58.410000,,1,,False,,False,True
2021-22,FP1,0 days 00:50:03.521000,MSC,47,,13.0,2.0,,,0 days 00:00:37.921000,0 days 00:01:06.604000,0 days 00:00:52.867000,0 days 00:48:04.394000,0 days 00:49:10.721000,0 days 00:50:03.685000,105.0,98.0,218.0,207.0,False,SOFT,5.0,True,Haas F1 Team,0 days 00:47:26.108000,,1,,False,,False,False
2021-22,FP1,0 days 00:51:31.263000,MSC,47,0 days 00:01:27.742000,14.0,2.0,,,0 days 00:00:18.107000,0 days 00:00:37.401000,0 days 00:00:32.234000,0 days 00:50:21.628000,0 days 00:50:59.029000,0 days 00:51:31.263000,282.0,314.0,214.0,318.0,False,SOFT,6.0,True,Haas F1 Team,0 days 00:50:03.521000,,1,,False,,False,True
2021-22,FP1,0 days 00:53:17.626000,MSC,47,0 days 00:01:46.363000,15.0,2.0,,0 days 00:53:16.544000,0 days 00:00:20.415000,0 days 00:00:46.474000,0 days 00:00:39.474000,0 days 00:51:51.678000,0 days 00:52:38.152000,0 days 00:53:17.626000,247.0,251.0,,198.0,False,SOFT,7.0,True,Haas F1 Team,0 days 00:51:31.263000,,1,,False,,False,False
2021-22,FP1,0 days 01:05:07.406000,MSC,47,,16.0,3.0,0 days 01:03:32.429000,,,0 days 00:00:40.002000,0 days 00:00:35.360000,,0 days 01:04:32.062000,0 days 01:05:07.497000,250.0,290.0,201.0,298.0,False,MEDIUM,9.0,False,Haas F1 Team,0 days 00:53:17.626000,,1,,False,,False,False
2021-22,FP1,0 days 01:06:42.051000,MSC,47,0 days 00:01:34.645000,17.0,3.0,,,0 days 00:00:19.580000,0 days 00:00:39.826000,0 days 00:00:35.239000,0 days 01:05:26.986000,0 days 01:06:06.812000,0 days 01:06:42.051000,269.0,291.0,209.0,294.0,False,MEDIUM,10.0,False,Haas F1 Team,0 days 01:05:07.406000,,1,,False,,False,True
2021-22,FP1,0 days 01:08:14.750000,MSC,47,0 days 00:01:32.699000,18.0,3.0,,,0 days 00:00:18.831000,0 days 00:00:39.610000,0 days 00:00:34.258000,0 days 01:07:00.882000,0 days 01:07:40.492000,0 days 01:08:14.750000,275.0,294.0,209.0,296.0,False,MEDIUM,11.0,False,Haas F1 Team,0 days 01:06:42.051000,,1,,False,,False,True
2021-22,FP1,0 days 01:09:46.926000,MSC,47,0 days 00:01:32.176000,19.0,3.0,,,0 days 00:00:18.750000,0 days 00:00:39.249000,0 days 00:00:34.177000,0 days 01:08:33.500000,0 days 01:09:12.749000,0 days 01:09:46.926000,276.0,298.0,207.0,300.0,False,MEDIUM,12.0,False,Haas F1 Team,0 days 01:08:14.750000,,1,,False,,False,True
2021-22,FP1,0 days 01:11:19.286000,MSC,47,0 days 00:01:32.360000,20.0,3.0,,,0 days 00:00:18.739000,0 days 00:00:39.250000,0 days 00:00:34.371000,0 days 01:10:05.665000,0 days 01:10:44.915000,0 days 01:11:19.286000,280.0,295.0,208.0,299.0,False,MEDIUM,13.0,False,Haas F1 Team,0 days 01:09:46.926000,,1,,False,,False,True
2021-22,FP1,0 days 01:12:51.933000,MSC,47,0 days 00:01:32.647000,21.0,3.0,,,0 days 00:00:18.933000,0 days 00:00:39.593000,0 days 00:00:34.121000,0 days 01:11:38.219000,0 days 01:12:17.812000,0 days 01:12:51.933000,278.0,294.0,206.0,295.0,False,MEDIUM,14.0,False,Haas F1 Team,0 days 01:11:19.286000,,1,,False,,False,True
2021-22,FP1,0 days 01:14:24.675000,MSC,47,0 days 00:01:32.742000,22.0,3.0,,,0 days 00:00:18.622000,0 days 00:00:39.938000,0 days 00:00:34.182000,0 days 01:13:10.555000,0 days 01:13:50.493000,0 days 01:14:24.675000,278.0,293.0,206.0,295.0,False,MEDIUM,15.0,False,Haas F1 Team,0 days 01:12:51.933000,,1,,False,,False,True
2021-22,FP1,0 days 01:16:35.924000,MSC,47,0 days 00:02:11.249000,23.0,3.0,,,0 days 00:00:18.916000,0 days 00:00:48.244000,0 days 00:01:04.089000,0 days 01:14:43.591000,0 days 01:15:31.835000,0 days 01:16:35.924000,275.0,148.0,52.0,198.0,False,MEDIUM,16.0,False,Haas F1 Team,0 days 01:14:24.675000,,1,,False,,False,True
2021-22,FP1,0 days 01:18:43.926000,MSC,47,0 days 00:02:08.002000,24.0,3.0,,0 days 01:18:42.839000,0 days 00:00:49.088000,0 days 00:00:39.268000,0 days 00:00:39.646000,0 days 01:17:25.012000,0 days 01:18:04.280000,0 days 01:18:43.926000,279.0,296.0,,297.0,False,MEDIUM,17.0,False,Haas F1 Team,0 days 01:16:35.924000,,1,,False,,False,False
2021-22,FP1,0 days 00:19:53.702000,SAI,55,,1.0,1.0,0 days 00:17:46.430000,,,0 days 00:00:49.534000,0 days 00:00:56.228000,,0 days 00:18:57.480000,0 days 00:19:53.765000,246.0,253.0,216.0,224.0,False,SOFT,1.0,True,Ferrari,0 days 00:17:46.430000,,1,,False,,False,False
2021-22,FP1,0 days 00:21:21.296000,SAI,55,0 days 00:01:27.594000,2.0,1.0,,,0 days 00:00:17.892000,0 days 00:00:37.470000,0 days 00:00:32.232000,0 days 00:20:11.594000,0 days 00:20:49.064000,0 days 00:21:21.296000,281.0,308.0,217.0,311.0,False,SOFT,2.0,True,Ferrari,0 days 00:19:53.702000,,1,,True,TRACK LIMITS AT TURN 16,False,True
2021-22,FP1,0 days 00:24:11.279000,SAI,55,,3.0,1.0,,,0 days 00:00:26.562000,0 days 00:01:23.836000,0 days 00:00:59.644000,0 days 00:21:47.883000,0 days 00:23:11.635000,0 days 00:24:11.428000,150.0,92.0,216.0,118.0,False,SOFT,3.0,True,Ferrari,0 days 00:21:21.296000,,1,,False,,False,False
2021-22,FP1,0 days 00:26:08.209000,SAI,55,0 days 00:01:56.930000,4.0,1.0,,,0 days 00:00:17.881000,0 days 00:00:49.262000,0 days 00:00:49.787000,0 days 00:24:29.160000,0 days 00:25:18.422000,0 days 00:26:08.209000,282.0,239.0,220.0,153.0,True,SOFT,4.0,True,Ferrari,0 days 00:24:11.279000,,1,,False,,False,True
2021-22,FP1,0 days 00:27:35.650000,SAI,55,0 days 00:01:27.441000,5.0,1.0,,,0 days 00:00:17.888000,0 days 00:00:37.218000,0 days 00:00:32.335000,0 days 00:26:26.097000,0 days 00:27:03.315000,0 days 00:27:35.650000,281.0,309.0,217.0,312.0,True,SOFT,5.0,True,Ferrari,0 days 00:26:08.209000,,1,,False,,False,True
2021-22,FP1,0 days 00:29:37.664000,SAI,55,0 days 00:02:02.014000,6.0,1.0,,0 days 00:29:36.657000,0 days 00:00:27.496000,0 days 00:00:47.912000,0 days 00:00:46.606000,0 days 00:28:03.146000,0 days 00:28:51.058000,0 days 00:29:37.664000,209.0,213.0,,239.0,False,SOFT,6.0,True,Ferrari,0 days 00:27:35.650000,,1,,False,,False,False
2021-22,FP1,0 days 00:32:21.331000,SAI,55,,7.0,2.0,0 days 00:30:03.086000,,0 days 00:00:47.149000,0 days 00:01:00.988000,0 days 00:00:55.505000,0 days 00:30:24.865000,0 days 00:31:25.850000,0 days 00:32:23.344000,232.0,75.0,218.0,168.0,False,SOFT,7.0,False,Ferrari,0 days 00:29:37.664000,,1,,False,,False,False
2021-22,FP1,0 days 00:33:48.303000,SAI,55,0 days 00:01:26.972000,8.0,2.0,,,0 days 00:00:17.913000,0 days 00:00:37.184000,0 days 00:00:31.875000,0 days 00:32:39.244000,0 days 00:33:16.428000,0 days 00:33:48.303000,280.0,310.0,217.0,312.0,True,SOFT,8.0,False,Ferrari,0 days 00:32:21.331000,,1,,False,,False,True
2021-22,FP1,0 days 00:35:58.698000,SAI,55,0 days 00:02:10.395000,9.0,2.0,,0 days 00:35:57.657000,0 days 00:00:27.069000,0 days 00:00:55.666000,0 days 00:00:47.660000,0 days 00:34:15.372000,0 days 00:35:11.038000,0 days 00:35:58.698000,175.0,201.0,,172.0,False,SOFT,9.0,False,Ferrari,0 days 00:33:48.303000,,1,,False,,False,False
2021-22,FP1,0 days 00:38:24.916000,SAI,55,0 days 00:02:26.218000,10.0,3.0,0 days 00:36:20.735000,,0 days 00:00:45.164000,0 days 00:00:52.651000,0 days 00:00:48.403000,0 days 00:36:43.862000,0 days 00:37:36.513000,0 days 00:38:24.916000,241.0,175.0,220.0,197.0,False,SOFT,10.0,False,Ferrari,0 days 00:35:58.698000,,1,,False,,False,False
2021-22,FP1,0 days 00:39:51.919000,SAI,55,0 days 00:01:27.003000,11.0,3.0,,,0 days 00:00:17.920000,0 days 00:00:37.161000,0 days 00:00:31.922000,0 days 00:38:42.836000,0 days 00:39:19.997000,0 days 00:39:51.919000,277.0,306.0,219.0,311.0,False,SOFT,11.0,False,Ferrari,0 days 00:38:24.916000,,1,,False,,False,True
2021-22,FP1,0 days 00:41:47.603000,SAI,55,0 days 00:01:55.684000,12.0,3.0,,0 days 00:41:47.592000,0 days 00:00:23.931000,0 days 00:00:49.585000,0 days 00:00:42.168000,0 days 00:40:15.850000,0 days 00:41:05.435000,0 days 00:41:47.603000,196.0,235.0,,216.0,False,SOFT,12.0,False,Ferrari,0 days 00:39:51.919000,,1,,False,,False,False
2021-22,FP1,0 days 00:52:46.968000,SAI,55,,13.0,4.0,0 days 00:50:41.316000,,,0 days 00:00:53.904000,0 days 00:00:48.656000,,0 days 00:51:58.449000,0 days 00:52:49.357000,206.0,178.0,221.0,205.0,False,SOFT,1.0,True,Ferrari,0 days 00:41:47.603000,,12,,False,,False,False
2021-22,FP1,0 days 00:54:49.139000,SAI,55,0 days 00:02:02.171000,14.0,4.0,,,0 days 00:00:23.375000,0 days 00:00:55.690000,0 days 00:00:43.106000,0 days 00:53:10.343000,0 days 00:54:06.033000,0 days 00:54:49.139000,162.0,179.0,221.0,175.0,False,SOFT,2.0,True,Ferrari,0 days 00:52:46.968000,,1,,False,,False,True
2021-22,FP1,0 days 00:56:15.136000,SAI,55,0 days 00:01:25.997000,15.0,4.0,,,0 days 00:00:17.648000,0 days 00:00:36.888000,0 days 00:00:31.461000,0 days 00:55:06.787000,0 days 00:55:43.675000,0 days 00:56:15.136000,280.0,309.0,219.0,317.0,True,SOFT,3.0,True,Ferrari,0 days 00:54:49.139000,,1,,False,,False,True
2021-22,FP1,0 days 00:58:32.948000,SAI,55,0 days 00:02:17.812000,16.0,4.0,,0 days 00:58:31.911000,0 days 00:00:28.972000,0 days 00:00:58.891000,0 days 00:00:49.949000,0 days 00:56:44.108000,0 days 00:57:42.999000,0 days 00:58:32.948000,141.0,192.0,,163.0,False,SOFT,4.0,True,Ferrari,0 days 00:56:15.136000,,1,,False,,False,False
2021-22,FP1,0 days 01:01:13.199000,SAI,55,,17.0,5.0,0 days 00:59:09.261000,,0 days 00:00:59.655000,0 days 00:00:50.421000,0 days 00:00:50.180000,0 days 00:59:32.652000,0 days 01:00:23.019000,0 days 01:01:13.566000,211.0,176.0,208.0,211.0,False,SOFT,5.0,False,Ferrari,0 days 00:58:32.948000,,1,,False,,False,False
2021-22,FP1,0 days 01:03:10.851000,SAI,55,0 days 00:01:57.652000,18.0,5.0,,,0 days 00:00:21.647000,0 days 00:00:50.539000,0 days 00:00:45.466000,0 days 01:01:34.846000,0 days 01:02:25.385000,0 days 01:03:10.851000,220.0,230.0,221.0,248.0,False,SOFT,6.0,False,Ferrari,0 days 01:01:13.199000,,1,,False,,False,True
2021-22,FP1,0 days 01:05:21.630000,SAI,55,0 days 00:02:10.779000,19.0,5.0,,,0 days 00:00:17.688000,0 days 00:00:52.113000,0 days 00:01:00.978000,0 days 01:03:28.539000,0 days 01:04:20.652000,0 days 01:05:21.630000,279.0,84.0,220.0,316.0,False,SOFT,7.0,False,Ferrari,0 days 01:03:10.851000,,1,,True,TRACK LIMITS AT TURN 7,False,True
2021-22,FP1,0 days 01:07:46.781000,SAI,55,0 days 00:02:25.151000,20.0,5.0,,,0 days 00:00:17.772000,0 days 00:01:11.881000,0 days 00:00:55.498000,0 days 01:05:39.402000,0 days 01:06:51.283000,0 days 01:07:46.781000,280.0,100.0,220.0,133.0,False,SOFT,8.0,False,Ferrari,0 days 01:05:21.630000,,1,,False,,False,True
2021-22,FP1,0 days 01:09:12.667000,SAI,55,0 days 00:01:25.886000,21.0,5.0,,,0 days 00:00:17.733000,0 days 00:00:36.857000,0 days 00:00:31.296000,0 days 01:08:04.514000,0 days 01:08:41.371000,0 days 01:09:12.667000,280.0,313.0,218.0,317.0,True,SOFT,9.0,False,Ferrari,0 days 01:07:46.781000,,1,,False,,False,True
2021-22,FP1,0 days 01:11:11.208000,SAI,55,0 days 00:01:58.541000,22.0,5.0,,,0 days 00:00:24.625000,0 days 00:00:57.065000,0 days 00:00:36.851000,0 days 01:09:37.292000,0 days 01:10:34.357000,0 days 01:11:11.208000,202.0,188.0,217.0,291.0,False,SOFT,10.0,False,Ferrari,0 days 01:09:12.667000,,1,,False,,False,True
2021-22,FP1,0 days 01:12:38.630000,SAI,55,0 days 00:01:27.422000,23.0,5.0,,,0 days 00:00:17.742000,0 days 00:00:38.006000,0 days 00:00:31.674000,0 days 01:11:28.950000,0 days 01:12:06.956000,0 days 01:12:38.630000,280.0,293.0,217.0,295.0,False,SOFT,11.0,False,Ferrari,0 days 01:11:11.208000,,1,,False,,False,True
2021-22,FP1,0 days 01:14:06.764000,SAI,55,0 days 00:01:28.134000,24.0,5.0,,,0 days 00:00:17.768000,0 days 00:00:38.118000,0 days 00:00:32.248000,0 days 01:12:56.398000,0 days 01:13:34.516000,0 days 01:14:06.764000,281.0,292.0,216.0,294.0,False,SOFT,12.0,False,Ferrari,0 days 01:12:38.630000,,1,,False,,False,True
2021-22,FP1,0 days 01:16:32.576000,SAI,55,0 days 00:02:25.812000,25.0,5.0,,,0 days 00:00:19.464000,0 days 00:01:00.488000,0 days 00:01:05.860000,0 days 01:14:26.228000,0 days 01:15:26.716000,0 days 01:16:32.576000,224.0,130.0,65.0,158.0,False,SOFT,13.0,False,Ferrari,0 days 01:14:06.764000,,1,,False,,False,True
2021-22,FP1,0 days 01:18:47.292000,SAI,55,0 days 00:02:14.716000,26.0,5.0,,0 days 01:18:47.280000,0 days 00:00:45.478000,0 days 00:00:47.346000,0 days 00:00:41.892000,0 days 01:17:18.054000,0 days 01:18:05.400000,0 days 01:18:47.292000,282.0,239.0,,186.0,False,SOFT,14.0,False,Ferrari,0 days 01:16:32.576000,,1,,False,,False,False
2021-22,FP1,0 days 00:15:50.925000,BOT,77,,1.0,1.0,0 days 00:14:05.843000,,,0 days 00:00:53.375000,0 days 00:00:51.797000,,0 days 00:14:59.166000,0 days 00:15:51.029000,219.0,192.0,218.0,232.0,False,SOFT,1.0,True,Mercedes,0 days 00:14:05.843000,,1,,False,,False,False
2021-22,FP1,0 days 00:17:17.505000,BOT,77,0 days 00:01:26.580000,2.0,1.0,,,0 days 00:00:17.675000,0 days 00:00:37.006000,0 days 00:00:31.899000,0 days 00:16:08.600000,0 days 00:16:45.606000,0 days 00:17:17.505000,287.0,310.0,215.0,312.0,False,SOFT,2.0,True,Mercedes,0 days 00:15:50.925000,,1,,True,TRACK LIMITS AT TURN 16,False,True
2021-22,FP1,0 days 00:19:29.410000,BOT,77,0 days 00:02:11.905000,3.0,1.0,,,0 days 00:00:24.946000,0 days 00:00:56.591000,0 days 00:00:50.368000,0 days 00:17:42.451000,0 days 00:18:39.042000,0 days 00:19:29.410000,137.0,178.0,220.0,200.0,False,SOFT,3.0,True,Mercedes,0 days 00:17:17.505000,,1,,True,TRACK LIMITS AT TURN 16,False,True
2021-22,FP1,0 days 00:20:56.695000,BOT,77,0 days 00:01:27.285000,4.0,1.0,,,0 days 00:00:17.566000,0 days 00:00:37.330000,0 days 00:00:32.389000,0 days 00:19:46.976000,0 days 00:20:24.306000,0 days 00:20:56.695000,287.0,306.0,214.0,309.0,True,SOFT,4.0,True,Mercedes,0 days 00:19:29.410000,,1,,False,,False,True
2021-22,FP1,0 days 00:23:19.108000,BOT,77,0 days 00:02:22.413000,5.0,1.0,,,0 days 00:00:28.623000,0 days 00:00:58.651000,0 days 00:00:55.139000,0 days 00:21:25.318000,0 days 00:22:23.969000,0 days 00:23:19.108000,156.0,153.0,131.0,170.0,False,SOFT,5.0,True,Mercedes,0 days 00:20:56.695000,,1,,False,,False,True
2021-22,FP1,0 days 00:25:49.194000,BOT,77,,6.0,1.0,,,0 days 00:00:29.230000,0 days 00:00:57.545000,0 days 00:01:03.291000,0 days 00:23:48.366000,0 days 00:24:45.909000,0 days 00:25:49.285000,170.0,181.0,218.0,270.0,False,SOFT,6.0,True,Mercedes,0 days 00:23:19.108000,,1,,False,,False,False
2021-22,FP1,0 days 00:27:57.252000,BOT,77,0 days 00:02:08.058000,7.0,1.0,,,0 days 00:00:28.041000,0 days 00:00:57.354000,0 days 00:00:42.663000,0 days 00:26:17.235000,0 days 00:27:14.589000,0 days 00:27:57.252000,248.0,218.0,219.0,193.0,False,SOFT,7.0,True,Mercedes,0 days 00:25:49.194000,,1,,False,,False,True
2021-22,FP1,0 days 00:29:42.325000,BOT,77,0 days 00:01:45.073000,8.0,1.0,,,0 days 00:00:21.532000,0 days 00:00:41.561000,0 days 00:00:41.980000,0 days 00:28:18.784000,0 days 00:29:00.345000,0 days 00:29:42.325000,263.0,248.0,221.0,266.0,False,SOFT,8.0,True,Mercedes,0 days 00:27:57.252000,,1,,False,,False,True
2021-22,FP1,0 days 00:31:08.419000,BOT,77,0 days 00:01:26.094000,9.0,1.0,,,0 days 00:00:17.563000,0 days 00:00:36.981000,0 days 00:00:31.550000,0 days 00:29:59.888000,0 days 00:30:36.869000,0 days 00:31:08.419000,287.0,306.0,219.0,310.0,True,SOFT,9.0,True,Mercedes,0 days 00:29:42.325000,,1,,False,,False,True
2021-22,FP1,0 days 00:32:51.058000,BOT,77,0 days 00:01:42.639000,10.0,1.0,,0 days 00:32:51.044000,0 days 00:00:25.132000,0 days 00:00:40.195000,0 days 00:00:37.312000,0 days 00:31:33.551000,0 days 00:32:13.746000,0 days 00:32:51.058000,250.0,268.0,,282.0,False,SOFT,10.0,True,Mercedes,0 days 00:31:08.419000,,1,,False,,False,False
2021-22,FP1,0 days 00:42:15.388000,BOT,77,,11.0,2.0,0 days 00:40:09.954000,,,0 days 00:00:50.710000,0 days 00:00:49.621000,,0 days 00:41:25.795000,0 days 00:42:15.510000,225.0,233.0,222.0,229.0,False,SOFT,1.0,True,Mercedes,0 days 00:32:51.058000,,1,,False,,False,False
2021-22,FP1,0 days 00:43:41.404000,BOT,77,0 days 00:01:26.016000,12.0,2.0,,,0 days 00:00:17.545000,0 days 00:00:37.101000,0 days 00:00:31.370000,0 days 00:42:32.933000,0 days 00:43:10.034000,0 days 00:43:41.404000,285.0,315.0,217.0,318.0,True,SOFT,2.0,True,Mercedes,0 days 00:42:15.388000,,1,,False,,False,True
2021-22,FP1,0 days 00:46:03.382000,BOT,77,0 days 00:02:21.978000,13.0,2.0,,,0 days 00:00:24.788000,0 days 00:01:00.085000,0 days 00:00:57.105000,0 days 00:44:06.192000,0 days 00:45:06.277000,0 days 00:46:03.382000,132.0,127.0,155.0,168.0,False,SOFT,3.0,True,Mercedes,0 days 00:43:41.404000,,12,,False,,False,True
2021-22,FP1,0 days 00:48:10.615000,BOT,77,0 days 00:02:07.233000,14.0,2.0,,,0 days 00:00:26.488000,0 days 00:00:52.131000,0 days 00:00:48.614000,0 days 00:46:29.870000,0 days 00:47:22.001000,0 days 00:48:10.615000,252.0,164.0,221.0,254.0,False,SOFT,4.0,True,Mercedes,0 days 00:46:03.382000,,1,,False,,False,True
2021-22,FP1,0 days 00:49:36.173000,BOT,77,0 days 00:01:25.558000,15.0,2.0,,,0 days 00:00:17.448000,0 days 00:00:36.943000,0 days 00:00:31.167000,0 days 00:48:28.063000,0 days 00:49:05.006000,0 days 00:49:36.173000,287.0,314.0,218.0,320.0,True,SOFT,5.0,True,Mercedes,0 days 00:48:10.615000,,1,,False,,False,True
2021-22,FP1,0 days 00:51:59.005000,BOT,77,0 days 00:02:22.832000,16.0,2.0,,0 days 00:51:58.290000,0 days 00:00:25.320000,0 days 00:01:04.811000,0 days 00:00:52.701000,0 days 00:50:01.493000,0 days 00:51:06.304000,0 days 00:51:59.005000,163.0,153.0,,153.0,False,SOFT,6.0,True,Mercedes,0 days 00:49:36.173000,,1,,False,,False,False
2021-22,FP1,0 days 00:54:36.373000,BOT,77,,17.0,3.0,0 days 00:52:24.805000,,0 days 00:00:52.876000,0 days 00:00:59.841000,0 days 00:00:44.654000,0 days 00:52:51.904000,0 days 00:53:51.719000,0 days 00:54:36.514000,223.0,143.0,223.0,264.0,False,SOFT,7.0,False,Mercedes,0 days 00:51:59.005000,,1,,False,,False,False
2021-22,FP1,0 days 00:56:01.578000,BOT,77,0 days 00:01:25.205000,18.0,3.0,,,0 days 00:00:17.445000,0 days 00:00:36.922000,0 days 00:00:30.838000,0 days 00:54:53.818000,0 days 00:55:30.740000,0 days 00:56:01.578000,283.0,306.0,218.0,312.0,True,SOFT,8.0,False,Mercedes,0 days 00:54:36.373000,,1,,False,,False,True
2021-22,FP1,0 days 00:58:04.526000,BOT,77,0 days 00:02:02.948000,19.0,3.0,,0 days 00:58:04.569000,0 days 00:00:23.023000,0 days 00:00:42.985000,0 days 00:00:56.940000,0 days 00:56:24.601000,0 days 00:57:07.586000,0 days 00:58:04.526000,135.0,233.0,,273.0,False,SOFT,9.0,False,Mercedes,0 days 00:56:01.578000,,1,,False,,False,False
2021-22,FP1,0 days 01:01:19.601000,BOT,77,,20.0,4.0,0 days 00:58:33.777000,,0 days 00:00:59.210000,0 days 00:01:04.826000,0 days 00:01:11.015000,0 days 00:59:03.981000,0 days 01:00:08.586000,0 days 01:01:19.687000,114.0,180.0,216.0,248.0,False,SOFT,10.0,False,Mercedes,0 days 00:58:04.526000,,1,,False,,False,False
2021-22,FP1,0 days 01:02:57.330000,BOT,77,0 days 00:01:37.729000,21.0,4.0,,0 days 01:02:56.323000,0 days 00:00:17.570000,0 days 00:00:40.741000,0 days 00:00:39.418000,0 days 01:01:37.171000,0 days 01:02:17.912000,0 days 01:02:57.330000,285.0,240.0,,312.0,False,SOFT,11.0,False,Mercedes,0 days 01:01:19.601000,,1,,False,,False,False
2021-22,FP1,0 days 01:10:14.560000,BOT,77,,22.0,5.0,0 days 01:08:42.004000,,,0 days 00:00:39.186000,0 days 00:00:33.774000,,0 days 01:09:40.788000,0 days 01:10:14.680000,276.0,291.0,215.0,295.0,False,SOFT,11.0,False,Mercedes,0 days 01:02:57.330000,,1,,False,,False,False
2021-22,FP1,0 days 01:11:44.307000,BOT,77,0 days 00:01:29.747000,23.0,5.0,,,0 days 00:00:18.714000,0 days 00:00:38.593000,0 days 00:00:32.440000,0 days 01:10:33.274000,0 days 01:11:11.867000,0 days 01:11:44.307000,281.0,289.0,213.0,292.0,False,SOFT,12.0,False,Mercedes,0 days 01:10:14.560000,,1,,False,,False,True
2021-22,FP1,0 days 01:13:14.073000,BOT,77,0 days 00:01:29.766000,24.0,5.0,,,0 days 00:00:18.166000,0 days 00:00:38.747000,0 days 00:00:32.853000,0 days 01:12:02.473000,0 days 01:12:41.220000,0 days 01:13:14.073000,277.0,292.0,206.0,294.0,False,SOFT,13.0,False,Mercedes,0 days 01:11:44.307000,,1,,True,TRACK LIMITS AT TURN 16,False,True
2021-22,FP1,0 days 01:14:45.390000,BOT,77,0 days 00:01:31.317000,25.0,5.0,,,0 days 00:00:19.584000,0 days 00:00:38.884000,0 days 00:00:32.849000,0 days 01:13:33.657000,0 days 01:14:12.541000,0 days 01:14:45.390000,280.0,293.0,210.0,299.0,False,SOFT,14.0,False,Mercedes,0 days 01:13:14.073000,,1,,True,TRACK LIMITS AT TURN 16,False,True
2021-22,FP1,0 days 01:16:49.860000,BOT,77,0 days 00:02:04.470000,26.0,5.0,,,0 days 00:00:22.948000,0 days 00:00:48.598000,0 days 00:00:52.924000,0 days 01:15:08.338000,0 days 01:15:56.936000,0 days 01:16:49.860000,213.0,214.0,77.0,199.0,False,SOFT,15.0,False,Mercedes,0 days 01:14:45.390000,,1,,False,,False,True
2021-22,FP1,0 days 01:19:05.201000,BOT,77,0 days 00:02:15.341000,27.0,5.0,,0 days 01:19:05.187000,0 days 00:00:39.098000,0 days 00:00:54.552000,0 days 00:00:41.691000,0 days 01:17:28.958000,0 days 01:18:23.510000,0 days 01:19:05.201000,211.0,173.0,,155.0,False,SOFT,16.0,False,Mercedes,0 days 01:16:49.860000,,1,,False,,False,False
2021-22,FP1,0 days 00:16:22.667000,AIT,89,,1.0,1.0,0 days 00:14:14.465000,,,0 days 00:00:44.772000,0 days 00:00:58.866000,,0 days 00:15:23.823000,0 days 00:16:22.795000,260.0,266.0,208.0,294.0,False,SOFT,1.0,True,Williams,0 days 00:14:14.465000,,1,,False,,False,False
2021-22,FP1,0 days 00:17:53.910000,AIT,89,0 days 00:01:31.243000,2.0,1.0,,,0 days 00:00:18.792000,0 days 00:00:38.325000,0 days 00:00:34.126000,0 days 00:16:41.459000,0 days 00:17:19.784000,0 days 00:17:53.910000,282.0,310.0,216.0,318.0,True,SOFT,2.0,True,Williams,0 days 00:16:22.667000,,1,,False,,False,True
2021-22,FP1,0 days 00:19:56.739000,AIT,89,0 days 00:02:02.829000,3.0,1.0,,,0 days 00:00:20.456000,0 days 00:00:46.789000,0 days 00:00:55.584000,0 days 00:18:14.366000,0 days 00:19:01.155000,0 days 00:19:56.739000,255.0,267.0,213.0,244.0,False,SOFT,3.0,True,Williams,0 days 00:17:53.910000,,1,,False,,False,True
2021-22,FP1,0 days 00:21:25.362000,AIT,89,0 days 00:01:28.623000,4.0,1.0,,,0 days 00:00:17.963000,0 days 00:00:37.708000,0 days 00:00:32.952000,0 days 00:20:14.702000,0 days 00:20:52.410000,0 days 00:21:25.362000,284.0,307.0,214.0,315.0,True,SOFT,4.0,True,Williams,0 days 00:19:56.739000,,1,,False,,False,True
2021-22,FP1,0 days 00:23:23.196000,AIT,89,0 days 00:01:57.834000,5.0,1.0,,,0 days 00:00:22.585000,0 days 00:00:50.273000,0 days 00:00:44.976000,0 days 00:21:47.947000,0 days 00:22:38.220000,0 days 00:23:23.196000,247.0,259.0,219.0,239.0,False,SOFT,5.0,True,Williams,0 days 00:21:25.362000,,1,,False,,False,True
2021-22,FP1,0 days 00:24:58.886000,AIT,89,0 days 00:01:35.690000,6.0,1.0,,,0 days 00:00:17.928000,0 days 00:00:38.604000,0 days 00:00:39.158000,0 days 00:23:41.124000,0 days 00:24:19.728000,0 days 00:24:58.886000,283.0,306.0,182.0,311.0,False,SOFT,6.0,True,Williams,0 days 00:23:23.196000,,1,,False,,False,True
2021-22,FP1,0 days 00:26:50.710000,AIT,89,0 days 00:01:51.824000,7.0,1.0,,,0 days 00:00:22.333000,0 days 00:00:44.717000,0 days 00:00:44.774000,0 days 00:25:21.219000,0 days 00:26:05.936000,0 days 00:26:50.710000,250.0,266.0,220.0,256.0,False,SOFT,7.0,True,Williams,0 days 00:24:58.886000,,1,,False,,False,True
2021-22,FP1,0 days 00:28:19.456000,AIT,89,0 days 00:01:28.746000,8.0,1.0,,,0 days 00:00:17.847000,0 days 00:00:37.973000,0 days 00:00:32.926000,0 days 00:27:08.557000,0 days 00:27:46.530000,0 days 00:28:19.456000,285.0,304.0,219.0,312.0,False,SOFT,8.0,True,Williams,0 days 00:26:50.710000,,1,,False,,False,True
2021-22,FP1,0 days 00:29:59.836000,AIT,89,0 days 00:01:40.380000,9.0,1.0,,0 days 00:29:59.835000,0 days 00:00:18.114000,0 days 00:00:39.955000,0 days 00:00:42.311000,0 days 00:28:37.570000,0 days 00:29:17.525000,0 days 00:29:59.836000,274.0,261.0,,292.0,False,SOFT,9.0,True,Williams,0 days 00:28:19.456000,,1,,False,,False,False
2021-22,FP1,0 days 00:42:00.130000,AIT,89,,10.0,2.0,0 days 00:40:03.220000,,,0 days 00:00:42.620000,0 days 00:00:52.545000,,0 days 00:41:07.600000,0 days 00:42:01.433000,271.0,294.0,221.0,313.0,False,SOFT,1.0,True,Williams,0 days 00:29:59.836000,,1,,False,,False,False
2021-22,FP1,0 days 00:43:28.218000,AIT,89,0 days 00:01:28.088000,11.0,2.0,,,0 days 00:00:17.956000,0 days 00:00:37.336000,0 days 00:00:32.796000,0 days 00:42:18.086000,0 days 00:42:55.422000,0 days 00:43:28.218000,280.0,315.0,216.0,317.0,True,SOFT,2.0,True,Williams,0 days 00:42:00.130000,,1,,False,,False,True
2021-22,FP1,0 days 00:45:20.036000,AIT,89,0 days 00:01:51.818000,12.0,2.0,,,0 days 00:00:23.718000,0 days 00:00:45.253000,0 days 00:00:42.847000,0 days 00:43:51.936000,0 days 00:44:37.189000,0 days 00:45:20.036000,250.0,269.0,219.0,281.0,False,SOFT,3.0,True,Williams,0 days 00:43:28.218000,,12,,False,,False,True
2021-22,FP1,0 days 00:46:47.769000,AIT,89,0 days 00:01:27.733000,13.0,2.0,,,0 days 00:00:17.964000,0 days 00:00:37.345000,0 days 00:00:32.424000,0 days 00:45:38,0 days 00:46:15.345000,0 days 00:46:47.769000,285.0,314.0,218.0,322.0,True,SOFT,4.0,True,Williams,0 days 00:45:20.036000,,1,,False,,False,True
2021-22,FP1,0 days 00:48:48.198000,AIT,89,0 days 00:02:00.429000,14.0,2.0,,,0 days 00:00:26.308000,0 days 00:00:48.394000,0 days 00:00:45.727000,0 days 00:47:14.077000,0 days 00:48:02.471000,0 days 00:48:48.198000,176.0,235.0,221.0,200.0,False,SOFT,5.0,True,Williams,0 days 00:46:47.769000,,1,,False,,False,True
2021-22,FP1,0 days 00:50:16.220000,AIT,89,0 days 00:01:28.022000,15.0,2.0,,,0 days 00:00:17.763000,0 days 00:00:37.590000,0 days 00:00:32.669000,0 days 00:49:05.961000,0 days 00:49:43.551000,0 days 00:50:16.220000,281.0,304.0,218.0,312.0,False,SOFT,6.0,True,Williams,0 days 00:48:48.198000,,1,,False,,False,True
2021-22,FP1,0 days 00:52:21.388000,AIT,89,0 days 00:02:05.168000,16.0,2.0,,,0 days 00:00:23.954000,0 days 00:00:51.901000,0 days 00:00:49.313000,0 days 00:50:40.174000,0 days 00:51:32.075000,0 days 00:52:21.388000,250.0,210.0,221.0,214.0,False,SOFT,7.0,True,Williams,0 days 00:50:16.220000,,1,,False,,False,True
2021-22,FP1,0 days 00:53:48.869000,AIT,89,0 days 00:01:27.481000,17.0,2.0,,,0 days 00:00:17.832000,0 days 00:00:37.421000,0 days 00:00:32.228000,0 days 00:52:39.220000,0 days 00:53:16.641000,0 days 00:53:48.869000,281.0,306.0,216.0,315.0,True,SOFT,8.0,True,Williams,0 days 00:52:21.388000,,1,,False,,False,True
2021-22,FP1,0 days 00:55:42.505000,AIT,89,0 days 00:01:53.636000,18.0,2.0,,0 days 00:55:42.537000,0 days 00:00:20.670000,0 days 00:00:43.095000,0 days 00:00:49.871000,0 days 00:54:09.539000,0 days 00:54:52.634000,0 days 00:55:42.505000,243.0,253.0,,249.0,False,SOFT,9.0,True,Williams,0 days 00:53:48.869000,,1,,False,,False,False
2021-22,FP1,0 days 00:58:05.777000,AIT,89,0 days 00:02:23.272000,19.0,3.0,0 days 00:56:11.472000,0 days 00:58:04.683000,0 days 00:00:49.708000,0 days 00:00:47.833000,0 days 00:00:45.731000,0 days 00:56:32.213000,0 days 00:57:20.046000,0 days 00:58:05.777000,259.0,273.0,,236.0,False,SOFT,10.0,False,Williams,0 days 00:55:42.505000,,1,,False,,False,False
2021-22,FP1,0 days 01:06:01.109000,AIT,89,,20.0,4.0,0 days 01:04:28.352000,,,0 days 00:00:39.504000,0 days 00:00:33.642000,,0 days 01:05:27.472000,0 days 01:06:01.211000,267.0,285.0,214.0,287.0,False,SOFT,10.0,False,Williams,0 days 00:58:05.777000,,1,,False,,False,False
2021-22,FP1,0 days 01:07:32.686000,AIT,89,0 days 00:01:31.577000,21.0,4.0,,,0 days 00:00:18.374000,0 days 00:00:39.470000,0 days 00:00:33.733000,0 days 01:06:19.483000,0 days 01:06:58.953000,0 days 01:07:32.686000,269.0,283.0,208.0,288.0,False,SOFT,11.0,False,Williams,0 days 01:06:01.109000,,1,,False,,False,True
2021-22,FP1,0 days 01:09:04.334000,AIT,89,0 days 00:01:31.648000,22.0,4.0,,,0 days 00:00:18.754000,0 days 00:00:38.981000,0 days 00:00:33.913000,0 days 01:07:51.440000,0 days 01:08:30.421000,0 days 01:09:04.334000,275.0,288.0,213.0,294.0,False,SOFT,12.0,False,Williams,0 days 01:07:32.686000,,1,,False,,False,True
2021-22,FP1,0 days 01:10:39.373000,AIT,89,0 days 00:01:35.039000,23.0,4.0,,,0 days 00:00:20.300000,0 days 00:00:40.509000,0 days 00:00:34.230000,0 days 01:09:24.634000,0 days 01:10:05.143000,0 days 01:10:39.373000,182.0,284.0,212.0,289.0,False,SOFT,13.0,False,Williams,0 days 01:09:04.334000,,1,,False,,False,True
2021-22,FP1,0 days 01:12:11.067000,AIT,89,0 days 00:01:31.694000,24.0,4.0,,,0 days 00:00:18.495000,0 days 00:00:39.656000,0 days 00:00:33.543000,0 days 01:10:57.868000,0 days 01:11:37.524000,0 days 01:12:11.067000,273.0,285.0,213.0,291.0,False,SOFT,14.0,False,Williams,0 days 01:10:39.373000,,1,,False,,False,True
2021-22,FP1,0 days 01:13:43.257000,AIT,89,0 days 00:01:32.190000,25.0,4.0,,,0 days 00:00:18.495000,0 days 00:00:39.668000,0 days 00:00:34.027000,,0 days 01:13:09.230000,0 days 01:13:43.257000,270.0,286.0,213.0,287.0,False,SOFT,15.0,False,Williams,0 days 01:12:11.067000,,1,,False,,False,True
2021-22,FP1,0 days 01:15:44.176000,AIT,89,0 days 00:02:00.919000,26.0,4.0,,,0 days 00:00:19.625000,0 days 00:00:43.083000,0 days 00:00:58.211000,0 days 01:14:02.882000,0 days 01:14:45.965000,0 days 01:15:44.176000,260.0,248.0,49.0,259.0,False,SOFT,16.0,False,Williams,0 days 01:13:43.257000,,1,,False,,False,True
2021-22,FP1,0 days 01:17:59.479000,AIT,89,0 days 00:02:15.303000,27.0,4.0,,0 days 01:17:59.517000,0 days 00:00:47.909000,0 days 00:00:45.225000,0 days 00:00:42.169000,0 days 01:16:32.085000,0 days 01:17:17.310000,0 days 01:17:59.479000,258.0,263.0,,179.0,False,SOFT,17.0,False,Williams,0 days 01:15:44.176000,,1,,False,,False,False
2021-22,FP1,0 days 00:15:34.777000,GIO,99,,1.0,1.0,0 days 00:14:05.843000,,,0 days 00:00:44.561000,0 days 00:00:44.304000,,0 days 00:14:50.473000,0 days 00:15:34.876000,249.0,181.0,216.0,205.0,False,HARD,1.0,True,Alfa Romeo Racing,0 days 00:14:05.843000,,1,,False,,False,False
2021-22,FP1,0 days 00:17:10.551000,GIO,99,0 days 00:01:35.774000,2.0,1.0,,,0 days 00:00:18.279000,0 days 00:00:38.002000,0 days 00:00:39.493000,0 days 00:15:53.056000,0 days 00:16:31.058000,0 days 00:17:10.551000,282.0,282.0,218.0,318.0,True,HARD,2.0,True,Alfa Romeo Racing,0 days 00:15:34.777000,,1,,False,,False,True
2021-22,FP1,0 days 00:18:39.963000,GIO,99,0 days 00:01:29.412000,3.0,1.0,,,0 days 00:00:18.060000,0 days 00:00:37.907000,0 days 00:00:33.445000,0 days 00:17:28.611000,0 days 00:18:06.518000,0 days 00:18:39.963000,286.0,311.0,216.0,315.0,True,HARD,3.0,True,Alfa Romeo Racing,0 days 00:17:10.551000,,1,,False,,False,True
2021-22,FP1,0 days 00:21:00.385000,GIO,99,0 days 00:02:20.422000,4.0,1.0,,,0 days 00:00:26.975000,0 days 00:01:06.303000,0 days 00:00:47.144000,0 days 00:19:06.938000,0 days 00:20:13.241000,0 days 00:21:00.385000,165.0,108.0,217.0,124.0,False,HARD,4.0,True,Alfa Romeo Racing,0 days 00:18:39.963000,,1,,False,,False,True
2021-22,FP1,0 days 00:22:28.764000,GIO,99,0 days 00:01:28.379000,5.0,1.0,,,0 days 00:00:18.020000,0 days 00:00:37.624000,0 days 00:00:32.735000,0 days 00:21:18.405000,0 days 00:21:56.029000,0 days 00:22:28.764000,284.0,313.0,216.0,315.0,True,HARD,5.0,True,Alfa Romeo Racing,0 days 00:21:00.385000,,1,,False,,False,True
2021-22,FP1,0 days 00:24:41.137000,GIO,99,0 days 00:02:12.373000,6.0,1.0,,,0 days 00:00:28.838000,0 days 00:00:57.815000,0 days 00:00:45.720000,0 days 00:22:57.602000,0 days 00:23:55.417000,0 days 00:24:41.137000,150.0,149.0,218.0,112.0,False,HARD,6.0,True,Alfa Romeo Racing,0 days 00:22:28.764000,,1,,False,,False,True
2021-22,FP1,0 days 00:26:09.850000,GIO,99,0 days 00:01:28.713000,7.0,1.0,,,0 days 00:00:17.947000,0 days 00:00:37.747000,0 days 00:00:33.019000,0 days 00:24:59.084000,0 days 00:25:36.831000,0 days 00:26:09.850000,284.0,313.0,216.0,313.0,False,HARD,7.0,True,Alfa Romeo Racing,0 days 00:24:41.137000,,1,,False,,False,True
2021-22,FP1,0 days 00:28:48.215000,GIO,99,,8.0,1.0,,,0 days 00:00:28.769000,0 days 00:01:15.982000,0 days 00:00:53.588000,0 days 00:26:38.645000,0 days 00:27:54.680000,0 days 00:28:51.104000,126.0,97.0,215.0,135.0,False,HARD,8.0,True,Alfa Romeo Racing,0 days 00:26:09.850000,,1,,False,,False,False
2021-22,FP1,0 days 00:30:16.036000,GIO,99,0 days 00:01:27.821000,9.0,1.0,,,0 days 00:00:17.926000,0 days 00:00:37.515000,0 days 00:00:32.380000,0 days 00:29:06.141000,0 days 00:29:43.656000,0 days 00:30:16.036000,285.0,315.0,217.0,317.0,True,HARD,9.0,True,Alfa Romeo Racing,0 days 00:28:48.215000,,1,,False,,False,True
2021-22,FP1,0 days 00:32:11.139000,GIO,99,0 days 00:01:55.103000,10.0,1.0,,0 days 00:32:10.469000,0 days 00:00:21.186000,0 days 00:00:50.539000,0 days 00:00:43.378000,0 days 00:30:37.222000,0 days 00:31:27.761000,0 days 00:32:11.139000,250.0,111.0,,195.0,False,HARD,10.0,True,Alfa Romeo Racing,0 days 00:30:16.036000,,1,,False,,False,False
2021-22,FP1,0 days 00:45:00.307000,GIO,99,,11.0,2.0,0 days 00:42:36.102000,,,0 days 00:01:00.680000,0 days 00:00:52.817000,,0 days 00:44:07.490000,0 days 00:45:00.391000,160.0,150.0,220.0,115.0,False,SOFT,1.0,True,Alfa Romeo Racing,0 days 00:32:11.139000,,12,,False,,False,False
2021-22,FP1,0 days 00:46:27.172000,GIO,99,0 days 00:01:26.865000,12.0,2.0,,,0 days 00:00:17.758000,0 days 00:00:37.242000,0 days 00:00:31.865000,0 days 00:45:18.065000,0 days 00:45:55.307000,0 days 00:46:27.172000,283.0,313.0,219.0,316.0,True,SOFT,2.0,True,Alfa Romeo Racing,0 days 00:45:00.307000,,21,,False,,False,True
2021-22,FP1,0 days 00:49:28.856000,GIO,99,,13.0,2.0,,,0 days 00:00:33.301000,0 days 00:01:24.423000,0 days 00:01:03.952000,0 days 00:47:00.510000,0 days 00:48:24.904000,0 days 00:49:29.003000,101.0,147.0,121.0,84.0,False,SOFT,3.0,True,Alfa Romeo Racing,0 days 00:46:27.172000,,1,,False,,False,False
2021-22,FP1,0 days 00:52:02.477000,GIO,99,,14.0,2.0,,,0 days 00:00:34.805000,0 days 00:01:06.597000,0 days 00:00:52.198000,0 days 00:50:04.895000,0 days 00:51:10.286000,0 days 00:52:02.568000,140.0,174.0,219.0,99.0,False,SOFT,4.0,True,Alfa Romeo Racing,0 days 00:49:28.856000,,1,,False,,False,False
2021-22,FP1,0 days 00:54:00.429000,GIO,99,0 days 00:01:57.952000,15.0,2.0,,,0 days 00:00:17.777000,0 days 00:00:48.613000,0 days 00:00:51.562000,0 days 00:52:20.254000,0 days 00:53:08.867000,0 days 00:54:00.429000,281.0,131.0,194.0,319.0,False,SOFT,5.0,True,Alfa Romeo Racing,0 days 00:52:02.477000,,1,,False,,False,True
2021-22,FP1,0 days 00:56:28.043000,GIO,99,0 days 00:02:27.614000,16.0,2.0,,,0 days 00:00:27.774000,0 days 00:01:04.928000,0 days 00:00:54.912000,0 days 00:54:28.203000,0 days 00:55:33.131000,0 days 00:56:28.043000,231.0,128.0,221.0,165.0,False,SOFT,6.0,True,Alfa Romeo Racing,0 days 00:54:00.429000,,1,,False,,False,True
2021-22,FP1,0 days 00:57:54.452000,GIO,99,0 days 00:01:26.409000,17.0,2.0,,,0 days 00:00:17.656000,0 days 00:00:37.026000,0 days 00:00:31.727000,0 days 00:56:45.699000,0 days 00:57:22.725000,0 days 00:57:54.452000,282.0,314.0,218.0,317.0,True,SOFT,7.0,True,Alfa Romeo Racing,0 days 00:56:28.043000,,1,,False,,False,True
2021-22,FP1,0 days 00:59:35.678000,GIO,99,0 days 00:01:41.226000,18.0,2.0,,0 days 00:59:35.661000,0 days 00:00:21.694000,0 days 00:00:42.419000,0 days 00:00:37.113000,0 days 00:58:16.146000,0 days 00:58:58.565000,0 days 00:59:35.678000,247.0,261.0,,256.0,False,SOFT,8.0,True,Alfa Romeo Racing,0 days 00:57:54.452000,,1,,False,,False,False
2021-22,FP1,0 days 01:07:41.512000,GIO,99,,19.0,3.0,0 days 01:05:46.539000,,,0 days 00:00:49.816000,0 days 00:00:39.176000,,0 days 01:07:02.347000,0 days 01:07:46.402000,247.0,218.0,213.0,152.0,False,HARD,11.0,False,Alfa Romeo Racing,0 days 00:59:35.678000,,1,,False,,False,False
2021-22,FP1,0 days 01:09:11.976000,GIO,99,0 days 00:01:30.464000,20.0,3.0,,,0 days 00:00:18.235000,0 days 00:00:38.818000,0 days 00:00:33.411000,0 days 01:07:59.747000,0 days 01:08:38.565000,0 days 01:09:11.976000,278.0,296.0,213.0,295.0,False,HARD,12.0,False,Alfa Romeo Racing,0 days 01:07:41.512000,,1,,False,,False,True
2021-22,FP1,0 days 01:10:42.922000,GIO,99,0 days 00:01:30.946000,21.0,3.0,,,0 days 00:00:18.705000,0 days 00:00:38.826000,0 days 00:00:33.415000,0 days 01:09:30.681000,0 days 01:10:09.507000,0 days 01:10:42.922000,276.0,292.0,211.0,296.0,False,HARD,13.0,False,Alfa Romeo Racing,0 days 01:09:11.976000,,1,,False,,False,True
2021-22,FP1,0 days 01:12:17.260000,GIO,99,0 days 00:01:34.338000,22.0,3.0,,,0 days 00:00:18.812000,0 days 00:00:38.986000,0 days 00:00:36.540000,0 days 01:11:01.734000,0 days 01:11:40.720000,0 days 01:12:17.260000,280.0,297.0,214.0,302.0,False,HARD,14.0,False,Alfa Romeo Racing,0 days 01:10:42.922000,,1,,False,,False,True
2021-22,FP1,0 days 01:13:47.957000,GIO,99,0 days 00:01:30.697000,23.0,3.0,,,0 days 00:00:18.492000,0 days 00:00:38.759000,0 days 00:00:33.446000,0 days 01:12:35.752000,0 days 01:13:14.511000,0 days 01:13:47.957000,279.0,298.0,211.0,300.0,False,HARD,15.0,False,Alfa Romeo Racing,0 days 01:12:17.260000,,1,,False,,False,True
2021-22,FP1,0 days 01:15:46.876000,GIO,99,0 days 00:01:58.919000,24.0,3.0,,,0 days 00:00:22.402000,0 days 00:00:45.006000,0 days 00:00:51.511000,0 days 01:14:10.359000,0 days 01:14:55.365000,0 days 01:15:46.876000,237.0,243.0,49.0,266.0,False,HARD,16.0,False,Alfa Romeo Racing,0 days 01:13:47.957000,,1,,False,,False,True
2021-22,FP1,0 days 01:18:06.381000,GIO,99,0 days 00:02:19.505000,25.0,3.0,,0 days 01:18:05.449000,0 days 00:00:41.463000,0 days 00:00:53.269000,0 days 00:00:44.773000,0 days 01:16:28.339000,0 days 01:17:21.608000,0 days 01:18:06.381000,253.0,183.0,,151.0,False,HARD,17.0,False,Alfa Romeo Racing,0 days 01:15:46.876000,,1,,False,,False,False
2021-22,FP2,0 days 00:21:12.141000,RIC,3,,1.0,1.0,0 days 00:19:11.218000,,,0 days 00:00:48.364000,0 days 00:00:49.015000,,0 days 00:20:23.169000,0 days 00:21:12.253000,241.0,249.0,217.0,269.0,False,SOFT,1.0,True,McLaren,0 days 00:19:11.218000,,1,,False,,False,False
2021-22,FP2,0 days 00:22:38.409000,RIC,3,0 days 00:01:26.268000,2.0,1.0,,,0 days 00:00:17.865000,0 days 00:00:37.036000,0 days 00:00:31.367000,0 days 00:21:30.006000,0 days 00:22:07.042000,0 days 00:22:38.409000,278.0,316.0,220.0,313.0,True,SOFT,2.0,True,McLaren,0 days 00:21:12.141000,,1,,False,,False,True
2021-22,FP2,0 days 00:24:50.526000,RIC,3,0 days 00:02:12.117000,3.0,1.0,,,0 days 00:00:28.453000,0 days 00:00:55.643000,0 days 00:00:48.021000,0 days 00:23:06.862000,0 days 00:24:02.505000,0 days 00:24:50.526000,174.0,243.0,222.0,247.0,False,SOFT,3.0,True,McLaren,0 days 00:22:38.409000,,1,,False,,False,True
2021-22,FP2,0 days 00:26:16.141000,RIC,3,0 days 00:01:25.615000,4.0,1.0,,,0 days 00:00:17.668000,0 days 00:00:36.902000,0 days 00:00:31.045000,0 days 00:25:08.194000,0 days 00:25:45.096000,0 days 00:26:16.141000,279.0,311.0,219.0,313.0,True,SOFT,4.0,True,McLaren,0 days 00:24:50.526000,,1,,False,,False,True
2021-22,FP2,0 days 00:28:26.730000,RIC,3,0 days 00:02:10.589000,5.0,1.0,,,0 days 00:00:27.185000,0 days 00:01:01.431000,0 days 00:00:41.973000,0 days 00:26:43.326000,0 days 00:27:44.757000,0 days 00:28:26.730000,175.0,265.0,223.0,192.0,False,SOFT,5.0,True,McLaren,0 days 00:26:16.141000,,12,,False,,False,True
2021-22,FP2,0 days 00:29:51.922000,RIC,3,0 days 00:01:25.192000,6.0,1.0,,,0 days 00:00:17.591000,0 days 00:00:36.717000,0 days 00:00:30.884000,0 days 00:28:44.321000,0 days 00:29:21.038000,0 days 00:29:51.922000,278.0,311.0,219.0,312.0,True,SOFT,6.0,True,McLaren,0 days 00:28:26.730000,,1,,False,,False,True
2021-22,FP2,0 days 00:31:59.190000,RIC,3,0 days 00:02:07.268000,7.0,1.0,,,0 days 00:00:23.962000,0 days 00:01:01.613000,0 days 00:00:41.693000,0 days 00:30:15.884000,0 days 00:31:17.497000,0 days 00:31:59.190000,240.0,261.0,222.0,223.0,False,SOFT,7.0,True,McLaren,0 days 00:29:51.922000,,1,,False,,False,True
2021-22,FP2,0 days 00:33:24.149000,RIC,3,0 days 00:01:24.959000,8.0,1.0,,,0 days 00:00:17.551000,0 days 00:00:36.705000,0 days 00:00:30.703000,0 days 00:32:16.741000,0 days 00:32:53.446000,0 days 00:33:24.149000,278.0,300.0,219.0,313.0,True,SOFT,8.0,True,McLaren,0 days 00:31:59.190000,,1,,False,,False,True
2021-22,FP2,0 days 00:35:00.721000,RIC,3,0 days 00:01:36.572000,9.0,1.0,,0 days 00:34:59.743000,0 days 00:00:19.024000,0 days 00:00:40.946000,0 days 00:00:36.602000,0 days 00:33:43.173000,0 days 00:34:24.119000,0 days 00:35:00.721000,261.0,282.0,,251.0,False,SOFT,9.0,True,McLaren,0 days 00:33:24.149000,,1,,False,,False,False
2021-22,FP2,0 days 00:43:32.978000,RIC,3,,10.0,2.0,0 days 00:41:34.137000,,,0 days 00:00:44.522000,0 days 00:00:52.326000,,0 days 00:42:40.652000,0 days 00:43:33.231000,255.0,283.0,218.0,273.0,False,SOFT,1.0,True,McLaren,0 days 00:35:00.721000,,1,,False,,False,False
2021-22,FP2,0 days 00:44:57.998000,RIC,3,0 days 00:01:25.020000,11.0,2.0,,,0 days 00:00:17.645000,0 days 00:00:36.657000,0 days 00:00:30.718000,0 days 00:43:50.623000,0 days 00:44:27.280000,0 days 00:44:57.998000,278.0,312.0,220.0,315.0,False,SOFT,2.0,True,McLaren,0 days 00:43:32.978000,,1,,False,,False,True
2021-22,FP2,0 days 00:47:00.317000,RIC,3,0 days 00:02:02.319000,12.0,2.0,,,0 days 00:00:25.572000,0 days 00:00:56.697000,0 days 00:00:40.050000,0 days 00:45:23.570000,0 days 00:46:20.267000,0 days 00:47:00.317000,185.0,250.0,222.0,176.0,False,SOFT,3.0,True,McLaren,0 days 00:44:57.998000,,1,,False,,False,True
2021-22,FP2,0 days 00:48:25.129000,RIC,3,0 days 00:01:24.812000,13.0,2.0,,,0 days 00:00:17.584000,0 days 00:00:36.581000,0 days 00:00:30.647000,0 days 00:47:17.901000,0 days 00:47:54.482000,0 days 00:48:25.129000,280.0,307.0,217.0,315.0,False,SOFT,4.0,True,McLaren,0 days 00:47:00.317000,,1,,True,TRACK LIMITS AT TURN 16,False,True
2021-22,FP2,0 days 00:50:14.397000,RIC,3,0 days 00:01:49.268000,14.0,2.0,,0 days 00:50:13.426000,0 days 00:00:20.671000,0 days 00:00:47.072000,0 days 00:00:41.525000,0 days 00:48:45.800000,0 days 00:49:32.872000,0 days 00:50:14.397000,256.0,242.0,,126.0,False,SOFT,5.0,True,McLaren,0 days 00:48:25.129000,,1,,False,,False,False
2021-22,FP2,0 days 00:59:48.283000,RIC,3,,15.0,3.0,0 days 00:58:16.478000,,,0 days 00:00:39.741000,0 days 00:00:33.260000,,0 days 00:59:15.604000,0 days 00:59:48.366000,267.0,277.0,211.0,283.0,False,SOFT,6.0,False,McLaren,0 days 00:50:14.397000,,1,,False,,False,False
2021-22,FP2,0 days 01:01:18.921000,RIC,3,0 days 00:01:30.638000,16.0,3.0,,,0 days 00:00:18.601000,0 days 00:00:39.082000,0 days 00:00:32.955000,0 days 01:00:06.884000,0 days 01:00:45.966000,0 days 01:01:18.921000,270.0,278.0,212.0,280.0,False,SOFT,7.0,False,McLaren,0 days 00:59:48.283000,,12,,False,,False,True
2021-22,FP2,0 days 01:02:48.685000,RIC,3,0 days 00:01:29.764000,17.0,3.0,,,0 days 00:00:18.272000,0 days 00:00:38.465000,0 days 00:00:33.027000,0 days 01:01:37.193000,0 days 01:02:15.658000,0 days 01:02:48.685000,273.0,287.0,213.0,285.0,False,SOFT,8.0,False,McLaren,0 days 01:01:18.921000,,1,,False,,False,True
2021-22,FP2,0 days 01:04:18.937000,RIC,3,0 days 00:01:30.252000,18.0,3.0,,,0 days 00:00:18.195000,0 days 00:00:38.621000,0 days 00:00:33.436000,0 days 01:03:06.880000,0 days 01:03:45.501000,0 days 01:04:18.937000,280.0,289.0,212.0,291.0,False,SOFT,9.0,False,McLaren,0 days 01:02:48.685000,,1,,False,,False,True
2021-22,FP2,0 days 01:05:49.237000,RIC,3,0 days 00:01:30.300000,19.0,3.0,,,0 days 00:00:18.222000,,,0 days 01:04:37.159000,,,277.0,289.0,211.0,308.0,False,SOFT,10.0,False,McLaren,0 days 01:04:18.937000,,1,,False,,False,False
2021-22,FP2,0 days 01:07:27.505000,RIC,3,0 days 00:01:38.268000,20.0,3.0,,,0 days 00:00:18.173000,0 days 00:00:44.545000,0 days 00:00:35.550000,0 days 01:06:07.410000,0 days 01:06:51.955000,0 days 01:07:27.505000,275.0,268.0,207.0,313.0,False,SOFT,11.0,False,McLaren,0 days 01:05:49.237000,,1,,False,,False,True
2021-22,FP2,0 days 01:08:58.091000,RIC,3,0 days 00:01:30.586000,21.0,3.0,,,0 days 00:00:18.411000,0 days 00:00:38.919000,0 days 00:00:33.256000,0 days 01:07:45.916000,0 days 01:08:24.835000,0 days 01:08:58.091000,276.0,282.0,211.0,287.0,False,SOFT,12.0,False,McLaren,0 days 01:07:27.505000,,1,,False,,False,True
2021-22,FP2,0 days 01:10:34.011000,RIC,3,0 days 00:01:35.920000,22.0,3.0,,,0 days 00:00:18.328000,0 days 00:00:39.172000,0 days 00:00:38.420000,0 days 01:09:16.419000,0 days 01:09:55.591000,0 days 01:10:34.011000,273.0,283.0,197.0,285.0,False,SOFT,13.0,False,McLaren,0 days 01:08:58.091000,,1,,False,,False,True
2021-22,FP2,0 days 01:12:04.428000,RIC,3,0 days 00:01:30.417000,23.0,3.0,,,0 days 00:00:18.436000,0 days 00:00:38.929000,0 days 00:00:33.052000,0 days 01:10:52.447000,0 days 01:11:31.376000,0 days 01:12:04.428000,276.0,278.0,211.0,285.0,False,SOFT,14.0,False,McLaren,0 days 01:10:34.011000,,1,,False,,False,True
2021-22,FP2,0 days 01:13:34.303000,RIC,3,0 days 00:01:29.875000,24.0,3.0,,,0 days 00:00:18.242000,0 days 00:00:39.016000,0 days 00:00:32.617000,0 days 01:12:22.670000,0 days 01:13:01.686000,0 days 01:13:34.303000,273.0,282.0,211.0,283.0,False,SOFT,15.0,False,McLaren,0 days 01:12:04.428000,,1,,False,,False,True
2021-22,FP2,0 days 01:15:04.331000,RIC,3,0 days 00:01:30.028000,25.0,3.0,,,0 days 00:00:18.230000,0 days 00:00:38.966000,0 days 00:00:32.832000,0 days 01:13:52.533000,0 days 01:14:31.499000,0 days 01:15:04.331000,274.0,285.0,209.0,284.0,False,SOFT,16.0,False,McLaren,0 days 01:13:34.303000,,1,,False,,False,True
2021-22,FP2,0 days 01:17:17.170000,RIC,3,0 days 00:02:12.839000,26.0,3.0,,0 days 01:17:17.163000,0 days 00:00:20.261000,0 days 00:00:59.812000,0 days 00:00:52.766000,0 days 01:15:24.592000,0 days 01:16:24.404000,0 days 01:17:17.170000,237.0,164.0,,149.0,False,SOFT,17.0,False,McLaren,0 days 01:15:04.331000,,125,,False,,False,False
2021-22,FP2,0 days 00:18:12.460000,NOR,4,,1.0,1.0,0 days 00:15:49.569000,,,0 days 00:00:44.827000,0 days 00:01:03.053000,,0 days 00:17:09.409000,0 days 00:18:12.582000,240.0,255.0,219.0,303.0,False,SOFT,1.0,True,McLaren,0 days 00:15:49.569000,,1,,False,,False,False
2021-22,FP2,0 days 00:19:37.613000,NOR,4,0 days 00:01:25.153000,2.0,1.0,,,0 days 00:00:17.593000,0 days 00:00:36.705000,0 days 00:00:30.855000,0 days 00:18:30.053000,0 days 00:19:06.758000,0 days 00:19:37.613000,280.0,315.0,220.0,317.0,True,SOFT,2.0,True,McLaren,0 days 00:18:12.460000,,1,,False,,False,True
2021-22,FP2,0 days 00:22:13.157000,NOR,4,,3.0,1.0,,,0 days 00:00:32.705000,0 days 00:01:04.421000,0 days 00:00:58.444000,0 days 00:20:10.292000,0 days 00:21:14.724000,0 days 00:22:15.153000,160.0,221.0,216.0,188.0,False,SOFT,3.0,True,McLaren,0 days 00:19:37.613000,,1,,False,,False,False
2021-22,FP2,0 days 00:23:38.229000,NOR,4,0 days 00:01:25.072000,4.0,1.0,,,0 days 00:00:17.581000,0 days 00:00:36.682000,0 days 00:00:30.809000,0 days 00:22:30.738000,0 days 00:23:07.420000,0 days 00:23:38.229000,280.0,314.0,218.0,316.0,False,SOFT,4.0,True,McLaren,0 days 00:22:13.157000,,1,,True,TRACK LIMITS AT TURN 16,False,True
2021-22,FP2,0 days 00:25:19.845000,NOR,4,0 days 00:01:41.616000,5.0,1.0,,0 days 00:25:19.921000,0 days 00:00:20.308000,0 days 00:00:44.725000,0 days 00:00:36.583000,0 days 00:23:58.537000,0 days 00:24:43.262000,0 days 00:25:19.845000,259.0,255.0,,232.0,False,SOFT,5.0,True,McLaren,0 days 00:23:38.229000,,1,,False,,False,False
2021-22,FP2,0 days 00:35:48.686000,NOR,4,,6.0,2.0,0 days 00:33:57.127000,,,0 days 00:00:44.701000,0 days 00:00:42.728000,,0 days 00:35:05.972000,0 days 00:35:48.775000,260.0,284.0,223.0,295.0,False,MEDIUM,1.0,True,McLaren,0 days 00:25:19.845000,,12,,False,,False,False
2021-22,FP2,0 days 00:37:14.513000,NOR,4,0 days 00:01:25.827000,7.0,2.0,,,0 days 00:00:17.521000,0 days 00:00:37.018000,0 days 00:00:31.288000,0 days 00:36:06.207000,0 days 00:36:43.225000,0 days 00:37:14.513000,280.0,311.0,219.0,313.0,False,MEDIUM,2.0,True,McLaren,0 days 00:35:48.686000,,1,,False,,False,True
2021-22,FP2,0 days 00:39:36.216000,NOR,4,0 days 00:02:21.703000,8.0,2.0,,,0 days 00:00:29.570000,0 days 00:01:01.372000,0 days 00:00:50.761000,0 days 00:37:44.083000,0 days 00:38:45.455000,0 days 00:39:36.216000,178.0,198.0,220.0,264.0,False,MEDIUM,3.0,True,McLaren,0 days 00:37:14.513000,,1,,False,,False,True
2021-22,FP2,0 days 00:41:10.981000,NOR,4,0 days 00:01:34.765000,9.0,2.0,,0 days 00:41:09.953000,0 days 00:00:17.575000,0 days 00:00:36.837000,0 days 00:00:40.353000,0 days 00:39:53.791000,0 days 00:40:30.628000,0 days 00:41:10.981000,280.0,314.0,,314.0,False,MEDIUM,4.0,True,McLaren,0 days 00:39:36.216000,,1,,False,,False,False
2021-22,FP2,0 days 00:50:27.407000,NOR,4,,10.0,3.0,0 days 00:48:54.333000,,,0 days 00:00:40.775000,0 days 00:00:33.360000,,0 days 00:49:54.094000,0 days 00:50:27.518000,258.0,291.0,212.0,272.0,False,MEDIUM,5.0,False,McLaren,0 days 00:41:10.981000,,1,,False,,False,False
2021-22,FP2,0 days 00:51:57.371000,NOR,4,0 days 00:01:29.964000,11.0,3.0,,,0 days 00:00:18.337000,0 days 00:00:39.122000,0 days 00:00:32.505000,0 days 00:50:45.744000,0 days 00:51:24.866000,0 days 00:51:57.371000,269.0,282.0,214.0,283.0,False,MEDIUM,6.0,False,McLaren,0 days 00:50:27.407000,,1,,False,,False,True
2021-22,FP2,0 days 00:53:26.411000,NOR,4,0 days 00:01:29.040000,12.0,3.0,,,0 days 00:00:18.090000,0 days 00:00:38.516000,0 days 00:00:32.434000,0 days 00:52:15.461000,0 days 00:52:53.977000,0 days 00:53:26.411000,274.0,283.0,216.0,286.0,False,MEDIUM,7.0,False,McLaren,0 days 00:51:57.371000,,1,,False,,False,True
2021-22,FP2,0 days 00:54:56.285000,NOR,4,0 days 00:01:29.874000,13.0,3.0,,,0 days 00:00:18.254000,0 days 00:00:38.728000,0 days 00:00:32.892000,0 days 00:53:44.665000,0 days 00:54:23.393000,0 days 00:54:56.285000,269.0,287.0,212.0,286.0,False,MEDIUM,8.0,False,McLaren,0 days 00:53:26.411000,,1,,False,,False,True
2021-22,FP2,0 days 00:56:25.787000,NOR,4,0 days 00:01:29.502000,14.0,3.0,,,0 days 00:00:18.174000,0 days 00:00:38.744000,0 days 00:00:32.584000,0 days 00:55:14.459000,0 days 00:55:53.203000,0 days 00:56:25.787000,271.0,282.0,214.0,285.0,False,MEDIUM,9.0,False,McLaren,0 days 00:54:56.285000,,1,,False,,False,True
2021-22,FP2,0 days 00:57:55.396000,NOR,4,0 days 00:01:29.609000,15.0,3.0,,,0 days 00:00:18.120000,0 days 00:00:39.010000,0 days 00:00:32.479000,0 days 00:56:43.907000,0 days 00:57:22.917000,0 days 00:57:55.396000,271.0,288.0,211.0,283.0,False,MEDIUM,10.0,False,McLaren,0 days 00:56:25.787000,,1,,False,,False,True
2021-22,FP2,0 days 00:59:25.454000,NOR,4,0 days 00:01:30.058000,16.0,3.0,,,0 days 00:00:18.218000,0 days 00:00:38.985000,0 days 00:00:32.855000,0 days 00:58:13.614000,0 days 00:58:52.599000,0 days 00:59:25.454000,269.0,281.0,213.0,282.0,False,MEDIUM,11.0,False,McLaren,0 days 00:57:55.396000,,1,,False,,False,True
2021-22,FP2,0 days 01:00:56.359000,NOR,4,0 days 00:01:30.905000,17.0,3.0,,,0 days 00:00:18.250000,0 days 00:00:39.161000,0 days 00:00:33.494000,0 days 00:59:43.704000,0 days 01:00:22.865000,0 days 01:00:56.359000,271.0,289.0,212.0,292.0,False,MEDIUM,12.0,False,McLaren,0 days 00:59:25.454000,,12,,False,,False,True
2021-22,FP2,0 days 01:02:26.633000,NOR,4,0 days 00:01:30.274000,18.0,3.0,,,0 days 00:00:18.245000,0 days 00:00:39.079000,0 days 00:00:32.950000,0 days 01:01:14.604000,0 days 01:01:53.683000,0 days 01:02:26.633000,268.0,290.0,209.0,291.0,False,MEDIUM,13.0,False,McLaren,0 days 01:00:56.359000,,1,,False,,False,True
2021-22,FP2,0 days 01:03:56.895000,NOR,4,0 days 00:01:30.262000,19.0,3.0,,,0 days 00:00:18.343000,0 days 00:00:38.917000,0 days 00:00:33.002000,0 days 01:02:44.976000,0 days 01:03:23.893000,0 days 01:03:56.895000,267.0,290.0,211.0,291.0,False,MEDIUM,14.0,False,McLaren,0 days 01:02:26.633000,,1,,False,,False,True
2021-22,FP2,0 days 01:05:27.082000,NOR,4,0 days 00:01:30.187000,20.0,3.0,,,0 days 00:00:18.277000,0 days 00:00:38.888000,0 days 00:00:33.022000,0 days 01:04:15.172000,0 days 01:04:54.060000,0 days 01:05:27.082000,270.0,290.0,212.0,293.0,False,MEDIUM,15.0,False,McLaren,0 days 01:03:56.895000,,1,,False,,False,True
2021-22,FP2,0 days 01:06:57.583000,NOR,4,0 days 00:01:30.501000,21.0,3.0,,,0 days 00:00:18.268000,0 days 00:00:39.022000,0 days 00:00:33.211000,0 days 01:05:45.350000,0 days 01:06:24.372000,0 days 01:06:57.583000,272.0,286.0,211.0,285.0,False,MEDIUM,16.0,False,McLaren,0 days 01:05:27.082000,,1,,False,,False,True
2021-22,FP2,0 days 01:08:27.038000,NOR,4,0 days 00:01:29.455000,22.0,3.0,,,0 days 00:00:18.215000,0 days 00:00:38.465000,0 days 00:00:32.775000,0 days 01:07:15.798000,0 days 01:07:54.263000,0 days 01:08:27.038000,276.0,302.0,211.0,293.0,False,MEDIUM,17.0,False,McLaren,0 days 01:06:57.583000,,1,,False,,False,True
2021-22,FP2,0 days 01:09:57.495000,NOR,4,0 days 00:01:30.457000,23.0,3.0,,,0 days 00:00:18.219000,0 days 00:00:39.255000,0 days 00:00:32.983000,0 days 01:08:45.257000,0 days 01:09:24.512000,0 days 01:09:57.495000,270.0,280.0,211.0,282.0,False,MEDIUM,18.0,False,McLaren,0 days 01:08:27.038000,,1,,False,,False,True
2021-22,FP2,0 days 01:11:27.830000,NOR,4,0 days 00:01:30.335000,24.0,3.0,,,0 days 00:00:18.324000,0 days 00:00:39.145000,0 days 00:00:32.866000,0 days 01:10:15.819000,0 days 01:10:54.964000,0 days 01:11:27.830000,269.0,280.0,209.0,282.0,False,MEDIUM,19.0,False,McLaren,0 days 01:09:57.495000,,1,,False,,False,True
2021-22,FP2,0 days 01:13:00.381000,NOR,4,0 days 00:01:32.551000,25.0,3.0,,0 days 01:13:00.381000,0 days 00:00:18.384000,0 days 00:00:39.124000,0 days 00:00:35.043000,0 days 01:11:46.214000,0 days 01:12:25.338000,0 days 01:13:00.381000,270.0,284.0,,283.0,False,MEDIUM,20.0,False,McLaren,0 days 01:11:27.830000,,1,,False,,False,False
2021-22,FP2,0 days 01:14:50.966000,NOR,4,0 days 00:01:50.585000,26.0,4.0,0 days 01:13:21.776000,,0 days 00:00:38.905000,0 days 00:00:39.377000,0 days 00:00:32.303000,0 days 01:13:39.286000,0 days 01:14:18.663000,0 days 01:14:50.966000,269.0,278.0,214.0,277.0,False,SOFT,6.0,False,McLaren,0 days 01:13:00.381000,,1,,False,,False,False
2021-22,FP2,0 days 01:16:46.648000,NOR,4,0 days 00:01:55.682000,27.0,4.0,,0 days 01:16:45.617000,0 days 00:00:18.068000,0 days 00:00:46.808000,0 days 00:00:50.806000,0 days 01:15:09.034000,0 days 01:15:55.842000,0 days 01:16:46.648000,268.0,163.0,,278.0,False,SOFT,7.0,False,McLaren,0 days 01:14:50.966000,,125,,False,,False,False
2021-22,FP2,0 days 00:18:39.446000,VET,5,,1.0,1.0,0 days 00:16:21.326000,,,0 days 00:00:46.724000,0 days 00:01:06.416000,,0 days 00:17:33.072000,0 days 00:18:39.553000,252.0,200.0,209.0,236.0,False,MEDIUM,1.0,True,Aston Martin,0 days 00:16:21.326000,,1,,False,,False,False
2021-22,FP2,0 days 00:20:06.099000,VET,5,0 days 00:01:26.653000,2.0,1.0,,,0 days 00:00:17.841000,0 days 00:00:36.848000,0 days 00:00:31.964000,0 days 00:18:57.287000,0 days 00:19:34.135000,0 days 00:20:06.099000,284.0,316.0,218.0,319.0,True,MEDIUM,2.0,True,Aston Martin,0 days 00:18:39.446000,,1,,False,,False,True
2021-22,FP2,0 days 00:22:18.950000,VET,5,0 days 00:02:12.851000,3.0,1.0,,,0 days 00:00:24.081000,0 days 00:00:50.529000,0 days 00:00:58.241000,0 days 00:20:30.180000,0 days 00:21:20.709000,0 days 00:22:18.950000,208.0,151.0,214.0,190.0,False,MEDIUM,3.0,True,Aston Martin,0 days 00:20:06.099000,,1,,False,,False,True
2021-22,FP2,0 days 00:23:45.250000,VET,5,0 days 00:01:26.300000,4.0,1.0,,,0 days 00:00:17.781000,0 days 00:00:36.814000,0 days 00:00:31.705000,0 days 00:22:36.731000,0 days 00:23:13.545000,0 days 00:23:45.250000,282.0,314.0,219.0,317.0,True,MEDIUM,4.0,True,Aston Martin,0 days 00:22:18.950000,,1,,False,,False,True
2021-22,FP2,0 days 00:26:00.954000,VET,5,0 days 00:02:15.704000,5.0,1.0,,,0 days 00:00:21.787000,0 days 00:00:56.483000,0 days 00:00:57.434000,0 days 00:24:07.037000,0 days 00:25:03.520000,0 days 00:26:00.954000,223.0,206.0,218.0,158.0,False,MEDIUM,5.0,True,Aston Martin,0 days 00:23:45.250000,,1,,False,,False,True
2021-22,FP2,0 days 00:27:26.863000,VET,5,0 days 00:01:25.909000,6.0,1.0,,,0 days 00:00:17.593000,0 days 00:00:36.749000,0 days 00:00:31.567000,0 days 00:26:18.547000,0 days 00:26:55.296000,0 days 00:27:26.863000,282.0,313.0,219.0,316.0,True,MEDIUM,6.0,True,Aston Martin,0 days 00:26:00.954000,,1,,False,,False,True
2021-22,FP2,0 days 00:29:09.553000,VET,5,0 days 00:01:42.690000,7.0,1.0,,0 days 00:29:08.578000,0 days 00:00:20.461000,0 days 00:00:43.249000,0 days 00:00:38.980000,0 days 00:27:47.324000,0 days 00:28:30.573000,0 days 00:29:09.553000,255.0,245.0,,254.0,False,MEDIUM,7.0,True,Aston Martin,0 days 00:27:26.863000,,12,,False,,False,False
2021-22,FP2,0 days 00:40:31.460000,VET,5,,8.0,2.0,0 days 00:38:28.924000,,,0 days 00:00:47.395000,0 days 00:00:51.921000,,0 days 00:39:39.570000,0 days 00:40:33.968000,223.0,208.0,221.0,202.0,False,SOFT,1.0,True,Aston Martin,0 days 00:29:09.553000,,1,,False,,False,False
2021-22,FP2,0 days 00:42:37.608000,VET,5,0 days 00:02:06.148000,9.0,2.0,,,0 days 00:00:20.655000,0 days 00:00:47.391000,0 days 00:00:58.102000,0 days 00:40:52.115000,0 days 00:41:39.506000,0 days 00:42:37.608000,232.0,227.0,220.0,145.0,False,SOFT,2.0,True,Aston Martin,0 days 00:40:31.460000,,1,,False,,False,True
2021-22,FP2,0 days 00:44:02.803000,VET,5,0 days 00:01:25.195000,10.0,2.0,,,0 days 00:00:17.494000,0 days 00:00:36.472000,0 days 00:00:31.229000,0 days 00:42:55.102000,0 days 00:43:31.574000,0 days 00:44:02.803000,286.0,315.0,219.0,317.0,True,SOFT,3.0,True,Aston Martin,0 days 00:42:37.608000,,1,,False,,False,True
2021-22,FP2,0 days 00:46:10.662000,VET,5,0 days 00:02:07.859000,11.0,2.0,,,0 days 00:00:23.152000,0 days 00:00:56.743000,0 days 00:00:47.964000,0 days 00:44:25.955000,0 days 00:45:22.698000,0 days 00:46:10.662000,219.0,127.0,189.0,130.0,False,SOFT,4.0,True,Aston Martin,0 days 00:44:02.803000,,1,,False,,False,True
2021-22,FP2,0 days 00:48:09.507000,VET,5,0 days 00:01:58.845000,12.0,2.0,,,0 days 00:00:22.772000,0 days 00:00:44.216000,0 days 00:00:51.857000,0 days 00:46:33.434000,0 days 00:47:17.650000,0 days 00:48:09.507000,246.0,222.0,219.0,216.0,False,SOFT,5.0,True,Aston Martin,0 days 00:46:10.662000,,1,,False,,False,True
2021-22,FP2,0 days 00:49:34.992000,VET,5,0 days 00:01:25.485000,13.0,2.0,,,0 days 00:00:17.618000,0 days 00:00:36.667000,0 days 00:00:31.200000,0 days 00:48:27.125000,0 days 00:49:03.792000,0 days 00:49:34.992000,280.0,312.0,218.0,313.0,False,SOFT,6.0,True,Aston Martin,0 days 00:48:09.507000,,1,,False,,False,True
2021-22,FP2,0 days 00:51:17.663000,VET,5,0 days 00:01:42.671000,14.0,2.0,,0 days 00:51:16.639000,0 days 00:00:20.816000,0 days 00:00:41.854000,0 days 00:00:40.001000,0 days 00:49:55.808000,0 days 00:50:37.662000,0 days 00:51:17.663000,257.0,255.0,,245.0,False,SOFT,7.0,True,Aston Martin,0 days 00:49:34.992000,,1,,False,,False,False
2021-22,FP2,0 days 00:58:20.637000,VET,5,,15.0,3.0,0 days 00:56:46.240000,,,0 days 00:00:40.027000,0 days 00:00:36.425000,,0 days 00:57:44.715000,0 days 00:58:20.757000,274.0,224.0,215.0,267.0,False,MEDIUM,8.0,False,Aston Martin,0 days 00:51:17.663000,,1,,False,,False,False
2021-22,FP2,0 days 00:59:54.018000,VET,5,0 days 00:01:33.381000,16.0,3.0,,,0 days 00:00:18.187000,0 days 00:00:38.400000,0 days 00:00:36.794000,0 days 00:58:38.824000,0 days 00:59:17.224000,0 days 00:59:54.018000,271.0,287.0,212.0,290.0,False,MEDIUM,9.0,False,Aston Martin,0 days 00:58:20.637000,,1,,False,,False,True
2021-22,FP2,0 days 01:01:23.623000,VET,5,0 days 00:01:29.605000,17.0,3.0,,,0 days 00:00:18.210000,0 days 00:00:38.389000,0 days 00:00:33.006000,0 days 01:00:12.228000,0 days 01:00:50.617000,0 days 01:01:23.623000,273.0,287.0,211.0,289.0,False,MEDIUM,10.0,False,Aston Martin,0 days 00:59:54.018000,,12,,False,,False,True
2021-22,FP2,0 days 01:02:53.966000,VET,5,0 days 00:01:30.343000,18.0,3.0,,,0 days 00:00:18.142000,0 days 00:00:38.905000,0 days 00:00:33.296000,0 days 01:01:41.765000,0 days 01:02:20.670000,0 days 01:02:53.966000,273.0,280.0,213.0,288.0,False,MEDIUM,11.0,False,Aston Martin,0 days 01:01:23.623000,,1,,False,,False,True
2021-22,FP2,0 days 01:04:23.901000,VET,5,0 days 00:01:29.935000,19.0,3.0,,,0 days 00:00:18.099000,0 days 00:00:38.709000,0 days 00:00:33.127000,0 days 01:03:12.065000,0 days 01:03:50.774000,0 days 01:04:23.901000,274.0,285.0,212.0,290.0,False,MEDIUM,12.0,False,Aston Martin,0 days 01:02:53.966000,,1,,False,,False,True
2021-22,FP2,0 days 01:05:53.999000,VET,5,0 days 00:01:30.098000,20.0,3.0,,,0 days 00:00:18.229000,0 days 00:00:38.679000,0 days 00:00:33.190000,0 days 01:04:42.130000,0 days 01:05:20.809000,0 days 01:05:53.999000,273.0,289.0,211.0,290.0,False,MEDIUM,13.0,False,Aston Martin,0 days 01:04:23.901000,,1,,False,,False,True
2021-22,FP2,0 days 01:07:24.218000,VET,5,0 days 00:01:30.219000,21.0,3.0,,,0 days 00:00:18.169000,0 days 00:00:38.842000,0 days 00:00:33.208000,0 days 01:06:12.168000,0 days 01:06:51.010000,0 days 01:07:24.218000,281.0,284.0,211.0,289.0,False,MEDIUM,14.0,False,Aston Martin,0 days 01:05:53.999000,,1,,True,TRACK LIMITS AT TURN 16,False,True
2021-22,FP2,0 days 01:08:55.663000,VET,5,0 days 00:01:31.445000,22.0,3.0,,,0 days 00:00:18.201000,0 days 00:00:38.826000,0 days 00:00:34.418000,0 days 01:07:42.419000,0 days 01:08:21.245000,0 days 01:08:55.663000,272.0,285.0,212.0,289.0,False,MEDIUM,15.0,False,Aston Martin,0 days 01:07:24.218000,,1,,True,TRACK LIMITS AT TURN 16,False,True
2021-22,FP2,0 days 01:10:25.972000,VET,5,0 days 00:01:30.309000,23.0,3.0,,,0 days 00:00:18.158000,0 days 00:00:38.901000,0 days 00:00:33.250000,0 days 01:09:13.821000,0 days 01:09:52.722000,0 days 01:10:25.972000,279.0,282.0,211.0,287.0,False,MEDIUM,16.0,False,Aston Martin,0 days 01:08:55.663000,,1,,False,,False,True
2021-22,FP2,0 days 01:11:56.129000,VET,5,0 days 00:01:30.157000,24.0,3.0,,,0 days 00:00:18.165000,0 days 00:00:38.706000,0 days 00:00:33.286000,0 days 01:10:44.137000,0 days 01:11:22.843000,0 days 01:11:56.129000,276.0,294.0,213.0,297.0,False,MEDIUM,17.0,False,Aston Martin,0 days 01:10:25.972000,,1,,False,,False,True
2021-22,FP2,0 days 01:13:26.344000,VET,5,0 days 00:01:30.215000,25.0,3.0,,,0 days 00:00:18.168000,0 days 00:00:38.572000,0 days 00:00:33.475000,0 days 01:12:14.297000,0 days 01:12:52.869000,0 days 01:13:26.344000,280.0,294.0,213.0,296.0,False,MEDIUM,18.0,False,Aston Martin,0 days 01:11:56.129000,,1,,False,,False,True
2021-22,FP2,0 days 01:14:58.129000,VET,5,0 days 00:01:31.785000,26.0,3.0,,,0 days 00:00:18.438000,0 days 00:00:38.816000,0 days 00:00:34.531000,0 days 01:13:44.782000,0 days 01:14:23.598000,0 days 01:14:58.129000,268.0,296.0,212.0,299.0,False,MEDIUM,19.0,False,Aston Martin,0 days 01:13:26.344000,,1,,False,,False,True
2021-22,FP2,0 days 01:17:00.665000,VET,5,0 days 00:02:02.536000,27.0,3.0,,0 days 01:17:00.639000,0 days 00:00:18.222000,0 days 00:00:54.029000,0 days 00:00:50.285000,0 days 01:15:16.351000,0 days 01:16:10.380000,0 days 01:17:00.665000,270.0,160.0,,101.0,False,MEDIUM,20.0,False,Aston Martin,0 days 01:14:58.129000,,125,,False,,False,False
2021-22,FP2,0 days 00:18:29.718000,LAT,6,,1.0,1.0,0 days 00:16:18.157000,,,0 days 00:00:46.190000,0 days 00:01:01.038000,,0 days 00:17:28.748000,0 days 00:18:29.805000,268.0,171.0,210.0,293.0,False,MEDIUM,1.0,True,Williams,0 days 00:16:18.157000,,1,,False,,False,False
2021-22,FP2,0 days 00:19:57.055000,LAT,6,0 days 00:01:27.337000,2.0,1.0,,,0 days 00:00:17.785000,0 days 00:00:37.501000,0 days 00:00:32.051000,0 days 00:18:47.503000,0 days 00:19:25.004000,0 days 00:19:57.055000,278.0,303.0,219.0,311.0,True,MEDIUM,2.0,True,Williams,0 days 00:18:29.718000,,1,,False,,False,True
2021-22,FP2,0 days 00:22:23.379000,LAT,6,0 days 00:02:26.324000,3.0,1.0,,,0 days 00:00:31.129000,0 days 00:00:49.777000,0 days 00:01:05.418000,0 days 00:20:28.184000,0 days 00:21:17.961000,0 days 00:22:23.379000,98.0,174.0,212.0,278.0,False,MEDIUM,3.0,True,Williams,0 days 00:19:57.055000,,1,,False,,False,True
2021-22,FP2,0 days 00:23:50.262000,LAT,6,0 days 00:01:26.883000,4.0,1.0,,,0 days 00:00:17.788000,0 days 00:00:37.269000,0 days 00:00:31.826000,0 days 00:22:41.167000,0 days 00:23:18.436000,0 days 00:23:50.262000,277.0,301.0,219.0,310.0,True,MEDIUM,4.0,True,Williams,0 days 00:22:23.379000,,1,,False,,False,True
2021-22,FP2,0 days 00:26:05.634000,LAT,6,0 days 00:02:15.372000,5.0,1.0,,,0 days 00:00:24.007000,0 days 00:00:53.055000,0 days 00:00:58.310000,0 days 00:24:14.269000,0 days 00:25:07.324000,0 days 00:26:05.634000,248.0,230.0,220.0,152.0,False,MEDIUM,5.0,True,Williams,0 days 00:23:50.262000,,1,,False,,False,True
2021-22,FP2,0 days 00:28:04.396000,LAT,6,0 days 00:01:58.762000,6.0,1.0,,0 days 00:28:04.418000,0 days 00:00:17.727000,0 days 00:00:37.314000,0 days 00:01:03.721000,0 days 00:26:23.361000,0 days 00:27:00.675000,0 days 00:28:04.396000,278.0,303.0,,310.0,False,MEDIUM,6.0,True,Williams,0 days 00:26:05.634000,,12,,False,,False,False
2021-22,FP2,0 days 00:47:16.742000,LAT,6,,7.0,2.0,0 days 00:45:30.538000,,,0 days 00:00:43.925000,0 days 00:00:38.238000,,0 days 00:46:38.605000,0 days 00:47:17.652000,221.0,200.0,220.0,288.0,False,SOFT,1.0,True,Williams,0 days 00:28:04.396000,,1,,False,,False,False
2021-22,FP2,0 days 00:48:43.359000,LAT,6,0 days 00:01:26.617000,8.0,2.0,,,0 days 00:00:17.739000,0 days 00:00:37.292000,0 days 00:00:31.586000,0 days 00:47:34.481000,0 days 00:48:11.773000,0 days 00:48:43.359000,277.0,300.0,219.0,306.0,True,SOFT,2.0,True,Williams,0 days 00:47:16.742000,,1,,False,,False,True
2021-22,FP2,0 days 00:50:48.344000,LAT,6,0 days 00:02:04.985000,9.0,2.0,,,0 days 00:00:24.698000,0 days 00:00:50.009000,0 days 00:00:50.278000,0 days 00:49:08.057000,0 days 00:49:58.066000,0 days 00:50:48.344000,233.0,154.0,224.0,207.0,False,SOFT,3.0,True,Williams,0 days 00:48:43.359000,,1,,False,,False,True
2021-22,FP2,0 days 00:52:14.031000,LAT,6,0 days 00:01:25.687000,10.0,2.0,,,0 days 00:00:17.497000,0 days 00:00:36.862000,0 days 00:00:31.328000,0 days 00:51:05.841000,0 days 00:51:42.703000,0 days 00:52:14.031000,285.0,313.0,219.0,318.0,True,SOFT,4.0,True,Williams,0 days 00:50:48.344000,,1,,False,,False,True
2021-22,FP2,0 days 00:53:52.554000,LAT,6,0 days 00:01:38.523000,11.0,2.0,,0 days 00:53:51.538000,0 days 00:00:19.588000,0 days 00:00:41.024000,0 days 00:00:37.911000,0 days 00:52:33.619000,0 days 00:53:14.643000,0 days 00:53:52.554000,262.0,269.0,,294.0,False,SOFT,5.0,True,Williams,0 days 00:52:14.031000,,1,,False,,False,False
2021-22,FP2,0 days 01:01:04.757000,LAT,6,,12.0,3.0,0 days 00:59:11.486000,0 days 01:01:03.709000,,0 days 00:00:45.292000,0 days 00:00:38.580000,,0 days 01:00:26.193000,0 days 01:01:04.900000,256.0,224.0,,187.0,False,MEDIUM,7.0,False,Williams,0 days 00:53:52.554000,,12,,False,,False,False
2021-22,FP2,0 days 01:03:01.945000,LAT,6,0 days 00:01:57.188000,13.0,4.0,0 days 01:01:25.243000,,0 days 00:00:42.740000,0 days 00:00:39.872000,0 days 00:00:34.576000,0 days 01:01:47.497000,0 days 01:02:27.369000,0 days 01:03:01.945000,251.0,291.0,214.0,299.0,False,SOFT,6.0,False,Williams,0 days 01:01:04.757000,,1,,False,,False,False
2021-22,FP2,0 days 01:04:32.730000,LAT,6,0 days 00:01:30.785000,14.0,4.0,,,0 days 00:00:18.213000,0 days 00:00:39.016000,0 days 00:00:33.556000,0 days 01:03:20.158000,0 days 01:03:59.174000,0 days 01:04:32.730000,271.0,283.0,212.0,289.0,False,SOFT,7.0,False,Williams,0 days 01:03:01.945000,,1,,False,,False,True
2021-22,FP2,0 days 01:06:03.346000,LAT,6,0 days 00:01:30.616000,15.0,4.0,,,0 days 00:00:18.279000,0 days 00:00:39.017000,0 days 00:00:33.320000,0 days 01:04:51.009000,0 days 01:05:30.026000,0 days 01:06:03.346000,277.0,287.0,211.0,291.0,False,SOFT,8.0,False,Williams,0 days 01:04:32.730000,,1,,False,,False,True
2021-22,FP2,0 days 01:07:34.138000,LAT,6,0 days 00:01:30.792000,16.0,4.0,,,0 days 00:00:18.304000,0 days 00:00:39.078000,0 days 00:00:33.410000,0 days 01:06:21.650000,0 days 01:07:00.728000,0 days 01:07:34.138000,278.0,288.0,213.0,292.0,False,SOFT,9.0,False,Williams,0 days 01:06:03.346000,,1,,False,,False,True
2021-22,FP2,0 days 01:09:04.919000,LAT,6,0 days 00:01:30.781000,17.0,4.0,,,0 days 00:00:18.270000,0 days 00:00:38.999000,0 days 00:00:33.512000,0 days 01:07:52.408000,0 days 01:08:31.407000,0 days 01:09:04.919000,274.0,286.0,211.0,292.0,False,SOFT,10.0,False,Williams,0 days 01:07:34.138000,,1,,False,,False,True
2021-22,FP2,0 days 01:10:36.041000,LAT,6,0 days 00:01:31.122000,18.0,4.0,,,0 days 00:00:18.392000,0 days 00:00:39.135000,0 days 00:00:33.595000,0 days 01:09:23.311000,0 days 01:10:02.446000,0 days 01:10:36.041000,275.0,287.0,213.0,291.0,False,SOFT,11.0,False,Williams,0 days 01:09:04.919000,,1,,False,,False,True
2021-22,FP2,0 days 01:12:07.189000,LAT,6,0 days 00:01:31.148000,19.0,4.0,,,0 days 00:00:18.309000,0 days 00:00:39.043000,0 days 00:00:33.796000,0 days 01:10:54.350000,0 days 01:11:33.393000,0 days 01:12:07.189000,276.0,295.0,212.0,299.0,False,SOFT,12.0,False,Williams,0 days 01:10:36.041000,,1,,False,,False,True
2021-22,FP2,0 days 01:13:38.618000,LAT,6,0 days 00:01:31.429000,20.0,4.0,,,0 days 00:00:18.306000,0 days 00:00:39.341000,0 days 00:00:33.782000,0 days 01:12:25.495000,0 days 01:13:04.836000,0 days 01:13:38.618000,282.0,291.0,212.0,296.0,False,SOFT,13.0,False,Williams,0 days 01:12:07.189000,,1,,False,,False,True
2021-22,FP2,0 days 01:15:09.521000,LAT,6,0 days 00:01:30.903000,21.0,4.0,,,0 days 00:00:18.367000,0 days 00:00:38.919000,0 days 00:00:33.617000,0 days 01:13:56.985000,0 days 01:14:35.904000,0 days 01:15:09.521000,280.0,293.0,212.0,296.0,False,SOFT,14.0,False,Williams,0 days 01:13:38.618000,,1,,False,,False,True
2021-22,FP2,0 days 01:17:34.160000,LAT,6,0 days 00:02:24.639000,22.0,4.0,,0 days 01:17:34.168000,0 days 00:00:21.812000,0 days 00:01:00.678000,0 days 00:01:02.149000,0 days 01:15:31.333000,0 days 01:16:32.011000,0 days 01:17:34.160000,245.0,117.0,,113.0,False,SOFT,15.0,False,Williams,0 days 01:15:09.521000,,125,,False,,False,False
2021-22,FP2,0 days 00:17:03.758000,RAI,7,,1.0,1.0,0 days 00:15:08.555000,,,0 days 00:00:45.593000,0 days 00:00:45.752000,,0 days 00:16:18.025000,0 days 00:17:04.176000,252.0,203.0,215.0,233.0,False,HARD,1.0,True,Alfa Romeo Racing,0 days 00:15:08.555000,,1,,False,,False,False
2021-22,FP2,0 days 00:18:30.361000,RAI,7,0 days 00:01:26.603000,2.0,1.0,,,0 days 00:00:17.660000,0 days 00:00:36.937000,0 days 00:00:32.006000,0 days 00:17:21.418000,0 days 00:17:58.355000,0 days 00:18:30.361000,285.0,317.0,217.0,321.0,True,HARD,2.0,True,Alfa Romeo Racing,0 days 00:17:03.758000,,1,,False,,False,True
2021-22,FP2,0 days 00:20:42.136000,RAI,7,0 days 00:02:11.775000,3.0,1.0,,,0 days 00:00:23.079000,0 days 00:01:02.791000,0 days 00:00:45.905000,0 days 00:18:53.440000,0 days 00:19:56.231000,0 days 00:20:42.136000,156.0,186.0,219.0,112.0,False,HARD,3.0,True,Alfa Romeo Racing,0 days 00:18:30.361000,,1,,False,,False,True
2021-22,FP2,0 days 00:22:32.325000,RAI,7,0 days 00:01:50.189000,4.0,1.0,,,0 days 00:00:20.896000,0 days 00:00:45.507000,0 days 00:00:43.786000,0 days 00:21:03.032000,0 days 00:21:48.539000,0 days 00:22:32.325000,249.0,229.0,218.0,277.0,False,HARD,4.0,True,Alfa Romeo Racing,0 days 00:20:42.136000,,1,,False,,False,True
2021-22,FP2,0 days 00:23:58.283000,RAI,7,0 days 00:01:25.958000,5.0,1.0,,,0 days 00:00:17.572000,0 days 00:00:36.559000,0 days 00:00:31.827000,0 days 00:22:49.897000,0 days 00:23:26.456000,0 days 00:23:58.283000,288.0,323.0,216.0,327.0,True,HARD,5.0,True,Alfa Romeo Racing,0 days 00:22:32.325000,,1,,False,,False,True
2021-22,FP2,0 days 00:26:11.791000,RAI,7,0 days 00:02:13.508000,6.0,1.0,,,0 days 00:00:24.144000,0 days 00:00:47.032000,0 days 00:01:02.332000,0 days 00:24:22.427000,0 days 00:25:09.459000,0 days 00:26:11.791000,209.0,109.0,214.0,251.0,False,HARD,6.0,True,Alfa Romeo Racing,0 days 00:23:58.283000,,1,,False,,False,True
2021-22,FP2,0 days 00:27:54.322000,RAI,7,0 days 00:01:42.531000,7.0,1.0,,,0 days 00:00:18.745000,0 days 00:00:42.810000,0 days 00:00:40.976000,0 days 00:26:30.536000,0 days 00:27:13.346000,0 days 00:27:54.322000,258.0,161.0,220.0,286.0,False,HARD,7.0,True,Alfa Romeo Racing,0 days 00:26:11.791000,,12,,True,DOUBLE YELLOW AT TURN 12,False,True
2021-22,FP2,0 days 00:29:20.472000,RAI,7,0 days 00:01:26.150000,8.0,1.0,,,0 days 00:00:17.595000,0 days 00:00:36.905000,0 days 00:00:31.650000,0 days 00:28:11.917000,0 days 00:28:48.822000,0 days 00:29:20.472000,286.0,316.0,215.0,321.0,False,HARD,8.0,True,Alfa Romeo Racing,0 days 00:27:54.322000,,1,,True,TRACK LIMITS AT TURN 16,False,True
2021-22,FP2,0 days 00:31:00.886000,RAI,7,0 days 00:01:40.414000,9.0,1.0,,0 days 00:31:00.898000,0 days 00:00:18.821000,0 days 00:00:40.835000,0 days 00:00:40.758000,0 days 00:29:39.293000,0 days 00:30:20.128000,0 days 00:31:00.886000,259.0,246.0,,288.0,False,HARD,9.0,True,Alfa Romeo Racing,0 days 00:29:20.472000,,1,,False,,False,False
2021-22,FP2,0 days 00:44:33.549000,RAI,7,,10.0,2.0,0 days 00:42:32.477000,,,0 days 00:00:49.022000,0 days 00:00:49.792000,,0 days 00:43:43.819000,0 days 00:44:33.655000,90.0,155.0,222.0,237.0,False,SOFT,1.0,True,Alfa Romeo Racing,0 days 00:31:00.886000,,1,,False,,False,False
2021-22,FP2,0 days 00:45:58.989000,RAI,7,0 days 00:01:25.440000,11.0,2.0,,,0 days 00:00:17.536000,0 days 00:00:36.532000,0 days 00:00:31.372000,0 days 00:44:51.085000,0 days 00:45:27.617000,0 days 00:45:58.989000,286.0,317.0,217.0,321.0,True,SOFT,2.0,True,Alfa Romeo Racing,0 days 00:44:33.549000,,1,,False,,False,True
2021-22,FP2,0 days 00:48:13.485000,RAI,7,0 days 00:02:14.496000,12.0,2.0,,,0 days 00:00:25.122000,0 days 00:00:59.469000,0 days 00:00:49.905000,0 days 00:46:24.111000,0 days 00:47:23.580000,0 days 00:48:13.485000,159.0,255.0,220.0,117.0,False,SOFT,3.0,True,Alfa Romeo Racing,0 days 00:45:58.989000,,1,,False,,False,True
2021-22,FP2,0 days 00:49:44.259000,RAI,7,0 days 00:01:30.774000,13.0,2.0,,,0 days 00:00:17.462000,0 days 00:00:36.392000,0 days 00:00:36.920000,0 days 00:48:30.947000,0 days 00:49:07.339000,0 days 00:49:44.259000,286.0,319.0,174.0,323.0,False,SOFT,4.0,True,Alfa Romeo Racing,0 days 00:48:13.485000,,1,,False,,False,True
2021-22,FP2,0 days 00:51:51.433000,RAI,7,0 days 00:02:07.174000,14.0,2.0,,,0 days 00:00:25.679000,0 days 00:00:53.800000,0 days 00:00:47.695000,0 days 00:50:09.938000,0 days 00:51:03.738000,0 days 00:51:51.433000,226.0,138.0,220.0,174.0,False,SOFT,5.0,True,Alfa Romeo Racing,0 days 00:49:44.259000,,1,,False,,False,True
2021-22,FP2,0 days 00:53:16.910000,RAI,7,0 days 00:01:25.477000,15.0,2.0,,,0 days 00:00:17.565000,0 days 00:00:36.507000,0 days 00:00:31.405000,0 days 00:52:08.998000,0 days 00:52:45.505000,0 days 00:53:16.910000,286.0,315.0,215.0,319.0,False,SOFT,6.0,True,Alfa Romeo Racing,0 days 00:51:51.433000,,1,,False,,False,True
2021-22,FP2,0 days 00:54:57.469000,RAI,7,0 days 00:01:40.559000,16.0,2.0,,0 days 00:54:56.425000,0 days 00:00:19.814000,0 days 00:00:41.288000,0 days 00:00:39.457000,0 days 00:53:36.724000,0 days 00:54:18.012000,0 days 00:54:57.469000,258.0,249.0,,262.0,False,SOFT,7.0,True,Alfa Romeo Racing,0 days 00:53:16.910000,,1,,False,,False,False
2021-22,FP2,0 days 01:06:23.142000,RAI,7,,17.0,3.0,0 days 01:04:48.048000,,,0 days 00:00:40.217000,0 days 00:00:35.256000,,0 days 01:05:47.886000,0 days 01:06:23.298000,263.0,284.0,216.0,295.0,False,HARD,10.0,False,Alfa Romeo Racing,0 days 00:54:57.469000,,12,,False,,False,False
2021-22,FP2,0 days 01:07:52.597000,RAI,7,0 days 00:01:29.455000,18.0,3.0,,,0 days 00:00:18.161000,0 days 00:00:38.384000,0 days 00:00:32.910000,0 days 01:06:41.303000,0 days 01:07:19.687000,0 days 01:07:52.597000,281.0,296.0,207.0,298.0,False,HARD,11.0,False,Alfa Romeo Racing,0 days 01:06:23.142000,,1,,False,,False,True
2021-22,FP2,0 days 01:09:22.758000,RAI,7,0 days 00:01:30.161000,19.0,3.0,,,0 days 00:00:18.276000,0 days 00:00:38.937000,0 days 00:00:32.948000,0 days 01:08:10.873000,0 days 01:08:49.810000,0 days 01:09:22.758000,282.0,293.0,209.0,297.0,False,HARD,12.0,False,Alfa Romeo Racing,0 days 01:07:52.597000,,1,,False,,False,True
2021-22,FP2,0 days 01:10:52.518000,RAI,7,0 days 00:01:29.760000,20.0,3.0,,,0 days 00:00:18.312000,0 days 00:00:38.617000,0 days 00:00:32.831000,0 days 01:09:41.070000,0 days 01:10:19.687000,0 days 01:10:52.518000,282.0,293.0,208.0,295.0,False,HARD,13.0,False,Alfa Romeo Racing,0 days 01:09:22.758000,,1,,False,,False,True
2021-22,FP2,0 days 01:12:22.868000,RAI,7,0 days 00:01:30.350000,21.0,3.0,,,0 days 00:00:18.204000,0 days 00:00:38.877000,0 days 00:00:33.269000,0 days 01:11:10.722000,0 days 01:11:49.599000,0 days 01:12:22.868000,281.0,292.0,210.0,293.0,False,HARD,14.0,False,Alfa Romeo Racing,0 days 01:10:52.518000,,1,,False,,False,True
2021-22,FP2,0 days 01:13:52.877000,RAI,7,0 days 00:01:30.009000,22.0,3.0,,,0 days 00:00:18.237000,0 days 00:00:38.650000,0 days 00:00:33.122000,0 days 01:12:41.105000,0 days 01:13:19.755000,0 days 01:13:52.877000,282.0,294.0,203.0,303.0,False,HARD,15.0,False,Alfa Romeo Racing,0 days 01:12:22.868000,,1,,False,,False,True
2021-22,FP2,0 days 01:17:56.045000,RAI,7,,23.0,3.0,,0 days 01:17:56.045000,0 days 00:00:18.317000,0 days 00:00:38.581000,,0 days 01:14:11.210000,0 days 01:14:49.810000,,,294.0,,296.0,False,HARD,16.0,False,Alfa Romeo Racing,0 days 01:13:52.877000,,125,,False,,False,False
2021-22,FP2,0 days 00:17:26.239000,MAZ,9,,1.0,1.0,0 days 00:15:21.661000,,,0 days 00:00:49.738000,0 days 00:00:49.274000,,0 days 00:16:36.996000,0 days 00:17:26.364000,226.0,212.0,216.0,228.0,False,MEDIUM,1.0,True,Haas F1 Team,0 days 00:15:21.661000,,1,,False,,False,False
2021-22,FP2,0 days 00:18:54.286000,MAZ,9,0 days 00:01:28.047000,2.0,1.0,,,0 days 00:00:18.065000,0 days 00:00:37.459000,0 days 00:00:32.523000,0 days 00:17:44.304000,0 days 00:18:21.763000,0 days 00:18:54.286000,282.0,315.0,214.0,318.0,True,MEDIUM,2.0,True,Haas F1 Team,0 days 00:17:26.239000,,1,,False,,False,True
2021-22,FP2,0 days 00:21:15.539000,MAZ,9,0 days 00:02:21.253000,3.0,1.0,,,0 days 00:00:30.399000,0 days 00:00:55.394000,0 days 00:00:55.460000,0 days 00:19:24.685000,0 days 00:20:20.079000,0 days 00:21:15.539000,193.0,154.0,215.0,166.0,False,MEDIUM,3.0,True,Haas F1 Team,0 days 00:18:54.286000,,1,,False,,False,True
2021-22,FP2,0 days 00:22:43.335000,MAZ,9,0 days 00:01:27.796000,4.0,1.0,,,0 days 00:00:17.990000,0 days 00:00:37.282000,0 days 00:00:32.524000,0 days 00:21:33.529000,0 days 00:22:10.811000,0 days 00:22:43.335000,281.0,316.0,215.0,318.0,True,MEDIUM,4.0,True,Haas F1 Team,0 days 00:21:15.539000,,1,,False,,False,True
2021-22,FP2,0 days 00:25:09.762000,MAZ,9,0 days 00:02:26.427000,5.0,1.0,,,0 days 00:00:33.546000,0 days 00:01:00.200000,0 days 00:00:52.681000,0 days 00:23:16.881000,0 days 00:24:17.081000,0 days 00:25:09.762000,120.0,144.0,215.0,157.0,False,MEDIUM,5.0,True,Haas F1 Team,0 days 00:22:43.335000,,1,,False,,False,True
2021-22,FP2,0 days 00:26:57.220000,MAZ,9,0 days 00:01:47.458000,6.0,1.0,,0 days 00:26:56.805000,0 days 00:00:20.542000,0 days 00:00:47.193000,0 days 00:00:39.723000,0 days 00:25:30.304000,0 days 00:26:17.497000,0 days 00:26:57.220000,248.0,255.0,,199.0,False,MEDIUM,6.0,True,Haas F1 Team,0 days 00:25:09.762000,,1,,False,,False,False
2021-22,FP2,0 days 00:37:33.038000,MAZ,9,,7.0,2.0,0 days 00:35:33.679000,,,0 days 00:00:52.715000,0 days 00:00:42.617000,,0 days 00:36:50.425000,0 days 00:37:33.143000,193.0,267.0,214.0,182.0,False,SOFT,1.0,True,Haas F1 Team,0 days 00:26:57.220000,,12,,False,,False,False
2021-22,FP2,0 days 00:38:59.912000,MAZ,9,0 days 00:01:26.874000,8.0,2.0,,,0 days 00:00:17.788000,0 days 00:00:37.163000,0 days 00:00:31.923000,0 days 00:37:50.826000,0 days 00:38:27.989000,0 days 00:38:59.912000,282.0,312.0,217.0,314.0,True,SOFT,2.0,True,Haas F1 Team,0 days 00:37:33.038000,,1,,False,,False,True
2021-22,FP2,0 days 00:41:20.929000,MAZ,9,0 days 00:02:21.017000,9.0,2.0,,,0 days 00:00:28.737000,0 days 00:00:58.741000,0 days 00:00:53.539000,0 days 00:39:28.649000,0 days 00:40:27.390000,0 days 00:41:20.929000,160.0,163.0,219.0,110.0,False,SOFT,3.0,True,Haas F1 Team,0 days 00:38:59.912000,,1,,False,,False,True
2021-22,FP2,0 days 00:42:47.265000,MAZ,9,0 days 00:01:26.336000,10.0,2.0,,,0 days 00:00:17.760000,0 days 00:00:37.057000,0 days 00:00:31.519000,0 days 00:41:38.689000,0 days 00:42:15.746000,0 days 00:42:47.265000,282.0,310.0,216.0,320.0,True,SOFT,4.0,True,Haas F1 Team,0 days 00:41:20.929000,,1,,False,,False,True
2021-22,FP2,0 days 00:45:02.072000,MAZ,9,0 days 00:02:14.807000,11.0,2.0,,,0 days 00:00:27.730000,0 days 00:01:01.475000,0 days 00:00:45.602000,0 days 00:43:14.995000,0 days 00:44:16.470000,0 days 00:45:02.072000,152.0,192.0,220.0,120.0,False,SOFT,5.0,True,Haas F1 Team,0 days 00:42:47.265000,,1,,False,,False,True
2021-22,FP2,0 days 00:46:37.354000,MAZ,9,0 days 00:01:35.282000,12.0,2.0,,0 days 00:46:36.311000,0 days 00:00:17.751000,0 days 00:00:37.040000,0 days 00:00:40.491000,0 days 00:45:19.823000,0 days 00:45:56.863000,0 days 00:46:37.354000,281.0,311.0,,313.0,False,SOFT,6.0,True,Haas F1 Team,0 days 00:45:02.072000,,1,,False,,False,False
2021-22,FP2,0 days 00:55:25.568000,MAZ,9,,13.0,3.0,0 days 00:53:52.960000,,,0 days 00:00:39.873000,0 days 00:00:33.689000,,0 days 00:54:51.930000,0 days 00:55:25.671000,271.0,285.0,207.0,288.0,False,MEDIUM,7.0,False,Haas F1 Team,0 days 00:46:37.354000,,1,,False,,False,False
2021-22,FP2,0 days 00:56:56.773000,MAZ,9,0 days 00:01:31.205000,14.0,3.0,,,0 days 00:00:18.590000,0 days 00:00:39.103000,0 days 00:00:33.512000,0 days 00:55:44.158000,0 days 00:56:23.261000,0 days 00:56:56.773000,276.0,287.0,205.0,289.0,False,MEDIUM,8.0,False,Haas F1 Team,0 days 00:55:25.568000,,1,,False,,False,True
2021-22,FP2,0 days 00:58:28.731000,MAZ,9,0 days 00:01:31.958000,15.0,3.0,,,0 days 00:00:18.715000,0 days 00:00:39.240000,0 days 00:00:34.003000,0 days 00:57:15.488000,0 days 00:57:54.728000,0 days 00:58:28.731000,277.0,291.0,204.0,293.0,False,MEDIUM,9.0,False,Haas F1 Team,0 days 00:56:56.773000,,1,,False,,False,True
2021-22,FP2,0 days 01:00:02.751000,MAZ,9,0 days 00:01:34.020000,16.0,3.0,,,0 days 00:00:18.730000,0 days 00:00:39.245000,0 days 00:00:36.045000,0 days 00:58:47.461000,0 days 00:59:26.706000,0 days 01:00:02.751000,280.0,293.0,125.0,296.0,False,MEDIUM,10.0,False,Haas F1 Team,0 days 00:58:28.731000,,12,,True,TRACK LIMITS AT TURN 16,False,True
2021-22,FP2,0 days 01:01:48.905000,MAZ,9,0 days 00:01:46.154000,17.0,3.0,,,0 days 00:00:24.979000,0 days 00:00:44.463000,0 days 00:00:36.712000,0 days 01:00:27.730000,0 days 01:01:12.193000,0 days 01:01:48.905000,208.0,248.0,207.0,274.0,False,MEDIUM,11.0,False,Haas F1 Team,0 days 01:00:02.751000,,1,,True,TRACK LIMITS AT TURN 16,False,True
2021-22,FP2,0 days 01:03:22.720000,MAZ,9,0 days 00:01:33.815000,18.0,3.0,,,0 days 00:00:18.690000,0 days 00:00:39.410000,0 days 00:00:35.715000,0 days 01:02:07.595000,0 days 01:02:47.005000,0 days 01:03:22.720000,276.0,293.0,207.0,293.0,False,MEDIUM,12.0,False,Haas F1 Team,0 days 01:01:48.905000,,1,,False,,False,True
2021-22,FP2,0 days 01:04:55.031000,MAZ,9,0 days 00:01:32.311000,19.0,3.0,,,0 days 00:00:18.715000,0 days 00:00:39.457000,0 days 00:00:34.139000,0 days 01:03:41.435000,0 days 01:04:20.892000,0 days 01:04:55.031000,277.0,292.0,193.0,294.0,False,MEDIUM,13.0,False,Haas F1 Team,0 days 01:03:22.720000,,1,,True,TRACK LIMITS AT TURN 16,False,True
2021-22,FP2,0 days 01:06:27.402000,MAZ,9,0 days 00:01:32.371000,20.0,3.0,,,0 days 00:00:18.942000,0 days 00:00:39.449000,0 days 00:00:33.980000,0 days 01:05:13.973000,0 days 01:05:53.422000,0 days 01:06:27.402000,275.0,292.0,205.0,294.0,False,MEDIUM,14.0,False,Haas F1 Team,0 days 01:04:55.031000,,1,,True,TRACK LIMITS AT TURN 16,False,True
2021-22,FP2,0 days 01:07:59.689000,MAZ,9,0 days 00:01:32.287000,21.0,3.0,,,0 days 00:00:18.671000,0 days 00:00:39.545000,0 days 00:00:34.071000,0 days 01:06:46.073000,0 days 01:07:25.618000,0 days 01:07:59.689000,277.0,291.0,204.0,294.0,False,MEDIUM,15.0,False,Haas F1 Team,0 days 01:06:27.402000,,1,,False,,False,True
2021-22,FP2,0 days 01:09:33.601000,MAZ,9,0 days 00:01:33.912000,22.0,3.0,,,0 days 00:00:18.850000,0 days 00:00:39.947000,0 days 00:00:35.115000,0 days 01:08:18.539000,0 days 01:08:58.486000,0 days 01:09:33.601000,276.0,279.0,205.0,293.0,False,MEDIUM,16.0,False,Haas F1 Team,0 days 01:07:59.689000,,1,,False,,False,True
2021-22,FP2,0 days 01:11:09.207000,MAZ,9,0 days 00:01:35.606000,23.0,3.0,,0 days 01:11:08.163000,0 days 00:00:18.822000,0 days 00:00:40.040000,0 days 00:00:36.744000,0 days 01:09:52.423000,0 days 01:10:32.463000,0 days 01:11:09.207000,277.0,294.0,,295.0,False,MEDIUM,17.0,False,Haas F1 Team,0 days 01:09:33.601000,,1,,False,,False,False
2021-22,FP2,0 days 01:13:05.300000,MAZ,9,0 days 00:01:56.093000,24.0,4.0,0 days 01:11:30.389000,,0 days 00:00:41.471000,0 days 00:00:39.692000,0 days 00:00:34.930000,0 days 01:11:50.678000,0 days 01:12:30.370000,0 days 01:13:05.300000,266.0,288.0,210.0,291.0,False,SOFT,7.0,False,Haas F1 Team,0 days 01:11:09.207000,,1,,False,,False,False
2021-22,FP2,0 days 01:14:36.612000,MAZ,9,0 days 00:01:31.312000,25.0,4.0,,,0 days 00:00:18.548000,0 days 00:00:39.172000,0 days 00:00:33.592000,0 days 01:13:23.848000,0 days 01:14:03.020000,0 days 01:14:36.612000,278.0,293.0,208.0,295.0,False,SOFT,8.0,False,Haas F1 Team,0 days 01:13:05.300000,,1,,False,,False,True
2021-22,FP2,0 days 01:16:26.227000,MAZ,9,0 days 00:01:49.615000,26.0,4.0,,0 days 01:16:26.217000,0 days 00:00:18.482000,0 days 00:00:40.121000,0 days 00:00:51.012000,0 days 01:14:55.094000,0 days 01:15:35.215000,0 days 01:16:26.227000,,177.0,,294.0,False,SOFT,9.0,False,Haas F1 Team,0 days 01:14:36.612000,,125,,False,,False,False
2021-22,FP2,0 days 00:18:52.461000,GAS,10,,1.0,1.0,0 days 00:16:35.823000,,,0 days 00:00:50.665000,0 days 00:00:59.515000,,0 days 00:17:52.946000,0 days 00:18:53.343000,208.0,235.0,217.0,277.0,False,MEDIUM,1.0,True,AlphaTauri,0 days 00:16:35.823000,,1,,False,,False,False
2021-22,FP2,0 days 00:20:19.405000,GAS,10,0 days 00:01:26.944000,2.0,1.0,,,0 days 00:00:17.748000,0 days 00:00:36.946000,0 days 00:00:32.250000,0 days 00:19:10.209000,0 days 00:19:47.155000,0 days 00:20:19.405000,285.0,318.0,216.0,320.0,True,MEDIUM,2.0,True,AlphaTauri,0 days 00:18:52.461000,,1,,False,,False,True
2021-22,FP2,0 days 00:23:00.050000,GAS,10,,3.0,1.0,,,0 days 00:00:32.557000,0 days 00:01:09.674000,0 days 00:00:58.392000,0 days 00:20:52.191000,0 days 00:22:01.658000,0 days 00:23:00.115000,113.0,237.0,220.0,113.0,False,MEDIUM,3.0,True,AlphaTauri,0 days 00:20:19.405000,,1,,False,,False,False
2021-22,FP2,0 days 00:24:26.210000,GAS,10,0 days 00:01:26.160000,4.0,1.0,,,0 days 00:00:17.612000,0 days 00:00:36.837000,0 days 00:00:31.711000,0 days 00:23:17.662000,0 days 00:23:54.499000,0 days 00:24:26.210000,285.0,315.0,217.0,319.0,True,MEDIUM,4.0,True,AlphaTauri,0 days 00:23:00.050000,,1,,False,,False,True
2021-22,FP2,0 days 00:27:08.690000,GAS,10,,5.0,1.0,,,0 days 00:00:30.292000,0 days 00:01:12.876000,0 days 00:00:59.372000,0 days 00:24:56.603000,0 days 00:26:09.406000,0 days 00:27:12.707000,117.0,150.0,153.0,141.0,False,MEDIUM,5.0,True,AlphaTauri,0 days 00:24:26.210000,,1,,False,,False,False
2021-22,FP2,0 days 00:29:01.789000,GAS,10,0 days 00:01:53.099000,6.0,1.0,,,0 days 00:00:25.495000,0 days 00:00:46.698000,0 days 00:00:40.906000,0 days 00:27:34.185000,0 days 00:28:20.883000,0 days 00:29:01.789000,182.0,269.0,222.0,283.0,False,MEDIUM,6.0,True,AlphaTauri,0 days 00:27:08.690000,,12,,False,,False,True
2021-22,FP2,0 days 00:30:27.477000,GAS,10,0 days 00:01:25.688000,7.0,1.0,,,0 days 00:00:17.638000,,,0 days 00:29:19.427000,,,284.0,269.0,219.0,318.0,True,MEDIUM,7.0,True,AlphaTauri,0 days 00:29:01.789000,,1,,False,,False,False
2021-22,FP2,0 days 00:32:12.299000,GAS,10,0 days 00:01:44.822000,8.0,1.0,,0 days 00:32:11.285000,0 days 00:00:23.313000,0 days 00:00:42.063000,0 days 00:00:39.446000,0 days 00:30:50.790000,0 days 00:31:32.853000,0 days 00:32:12.299000,254.0,142.0,,274.0,False,MEDIUM,8.0,True,AlphaTauri,0 days 00:30:27.477000,,1,,False,,False,False
2021-22,FP2,0 days 00:41:41.361000,GAS,10,,9.0,2.0,0 days 00:39:48.768000,,,0 days 00:00:47.447000,0 days 00:00:38.712000,,0 days 00:41:02.649000,0 days 00:41:42.486000,195.0,275.0,219.0,278.0,False,SOFT,1.0,True,AlphaTauri,0 days 00:32:12.299000,,1,,False,,False,False
2021-22,FP2,0 days 00:43:06.450000,GAS,10,0 days 00:01:25.089000,10.0,2.0,,,0 days 00:00:17.525000,0 days 00:00:36.385000,0 days 00:00:31.179000,0 days 00:41:58.886000,0 days 00:42:35.271000,0 days 00:43:06.450000,284.0,317.0,216.0,320.0,True,SOFT,2.0,True,AlphaTauri,0 days 00:41:41.361000,,1,,False,,False,True
2021-22,FP2,0 days 00:45:46.435000,GAS,10,,11.0,2.0,,,0 days 00:00:28.623000,0 days 00:01:11.823000,0 days 00:00:59.515000,0 days 00:43:35.100000,0 days 00:44:46.966000,0 days 00:45:46.683000,128.0,130.0,156.0,141.0,False,SOFT,3.0,True,AlphaTauri,0 days 00:43:06.450000,,1,,False,,False,False
2021-22,FP2,0 days 00:47:44.107000,GAS,10,0 days 00:01:57.672000,12.0,2.0,,,0 days 00:00:26.063000,0 days 00:00:48.645000,0 days 00:00:42.964000,0 days 00:46:12.498000,0 days 00:47:01.143000,0 days 00:47:44.107000,202.0,250.0,223.0,281.0,False,SOFT,4.0,True,AlphaTauri,0 days 00:45:46.435000,,1,,False,,False,True
2021-22,FP2,0 days 00:49:09.047000,GAS,10,0 days 00:01:24.940000,13.0,2.0,,,0 days 00:00:17.487000,0 days 00:00:36.582000,0 days 00:00:30.871000,0 days 00:48:01.594000,0 days 00:48:38.176000,0 days 00:49:09.047000,283.0,313.0,219.0,315.0,True,SOFT,5.0,True,AlphaTauri,0 days 00:47:44.107000,,1,,False,,False,True
2021-22,FP2,0 days 00:50:51.728000,GAS,10,0 days 00:01:42.681000,14.0,2.0,,0 days 00:50:50.663000,0 days 00:00:22.342000,0 days 00:00:42.045000,0 days 00:00:38.294000,0 days 00:49:31.389000,0 days 00:50:13.434000,0 days 00:50:51.728000,250.0,267.0,,268.0,False,SOFT,6.0,True,AlphaTauri,0 days 00:49:09.047000,,1,,False,,False,False
2021-22,FP2,0 days 00:58:26.288000,GAS,10,,15.0,3.0,0 days 00:56:49.760000,,,0 days 00:00:39.750000,0 days 00:00:36.047000,,0 days 00:57:50.241000,0 days 00:58:28.721000,270.0,287.0,213.0,287.0,False,MEDIUM,9.0,False,AlphaTauri,0 days 00:50:51.728000,,1,,False,,False,False
2021-22,FP2,0 days 00:59:56.812000,GAS,10,0 days 00:01:30.524000,16.0,3.0,,,0 days 00:00:18.394000,0 days 00:00:38.720000,0 days 00:00:33.410000,0 days 00:58:44.682000,0 days 00:59:23.402000,0 days 00:59:56.812000,277.0,285.0,212.0,291.0,False,MEDIUM,10.0,False,AlphaTauri,0 days 00:58:26.288000,,1,,False,,False,True
2021-22,FP2,0 days 01:01:27.124000,GAS,10,0 days 00:01:30.312000,17.0,3.0,,,0 days 00:00:18.426000,0 days 00:00:38.605000,0 days 00:00:33.281000,0 days 01:00:15.238000,0 days 01:00:53.843000,0 days 01:01:27.124000,278.0,291.0,213.0,295.0,False,MEDIUM,11.0,False,AlphaTauri,0 days 00:59:56.812000,,12,,False,,False,True
2021-22,FP2,0 days 01:02:57.659000,GAS,10,0 days 00:01:30.535000,18.0,3.0,,,0 days 00:00:18.364000,0 days 00:00:38.775000,0 days 00:00:33.396000,0 days 01:01:45.488000,0 days 01:02:24.263000,0 days 01:02:57.659000,281.0,289.0,213.0,294.0,False,MEDIUM,12.0,False,AlphaTauri,0 days 01:01:27.124000,,1,,False,,False,True
2021-22,FP2,0 days 01:04:28.012000,GAS,10,0 days 00:01:30.353000,19.0,3.0,,,0 days 00:00:18.375000,0 days 00:00:38.689000,0 days 00:00:33.289000,0 days 01:03:16.034000,0 days 01:03:54.723000,0 days 01:04:28.012000,281.0,289.0,211.0,294.0,False,MEDIUM,13.0,False,AlphaTauri,0 days 01:02:57.659000,,1,,False,,False,True
2021-22,FP2,0 days 01:05:58.467000,GAS,10,0 days 00:01:30.455000,20.0,3.0,,,0 days 00:00:18.486000,0 days 00:00:38.725000,0 days 00:00:33.244000,0 days 01:04:46.498000,0 days 01:05:25.223000,0 days 01:05:58.467000,279.0,290.0,209.0,294.0,False,MEDIUM,14.0,False,AlphaTauri,0 days 01:04:28.012000,,1,,False,,False,True
2021-22,FP2,0 days 01:07:29.050000,GAS,10,0 days 00:01:30.583000,21.0,3.0,,,0 days 00:00:18.295000,0 days 00:00:38.698000,0 days 00:00:33.590000,0 days 01:06:16.762000,0 days 01:06:55.460000,0 days 01:07:29.050000,274.0,298.0,208.0,301.0,False,MEDIUM,15.0,False,AlphaTauri,0 days 01:05:58.467000,,1,,False,,False,True
2021-22,FP2,0 days 01:08:59.564000,GAS,10,0 days 00:01:30.514000,22.0,3.0,,,0 days 00:00:18.242000,0 days 00:00:38.032000,0 days 00:00:34.240000,0 days 01:07:47.292000,0 days 01:08:25.324000,0 days 01:08:59.564000,283.0,297.0,212.0,322.0,False,MEDIUM,16.0,False,AlphaTauri,0 days 01:07:29.050000,,1,,False,,False,True
2021-22,FP2,0 days 01:10:29.506000,GAS,10,0 days 00:01:29.942000,23.0,3.0,,,0 days 00:00:18.196000,0 days 00:00:37.925000,0 days 00:00:33.821000,0 days 01:09:17.760000,0 days 01:09:55.685000,0 days 01:10:29.506000,286.0,319.0,214.0,321.0,False,MEDIUM,17.0,False,AlphaTauri,0 days 01:08:59.564000,,1,,False,,False,True
2021-22,FP2,0 days 01:11:59.443000,GAS,10,0 days 00:01:29.937000,24.0,3.0,,,0 days 00:00:18.273000,0 days 00:00:38.542000,0 days 00:00:33.122000,0 days 01:10:47.779000,0 days 01:11:26.321000,0 days 01:11:59.443000,283.0,291.0,216.0,296.0,False,MEDIUM,18.0,False,AlphaTauri,0 days 01:10:29.506000,,1,,False,,False,True
2021-22,FP2,0 days 01:13:29.877000,GAS,10,0 days 00:01:30.434000,25.0,3.0,,,0 days 00:00:18.225000,0 days 00:00:38.888000,0 days 00:00:33.321000,0 days 01:12:17.668000,0 days 01:12:56.556000,0 days 01:13:29.877000,281.0,290.0,212.0,295.0,False,MEDIUM,19.0,False,AlphaTauri,0 days 01:11:59.443000,,1,,False,,False,True
2021-22,FP2,0 days 01:15:01.449000,GAS,10,0 days 00:01:31.572000,26.0,3.0,,,0 days 00:00:18.169000,0 days 00:00:38.867000,0 days 00:00:34.536000,0 days 01:13:48.046000,0 days 01:14:26.913000,0 days 01:15:01.449000,284.0,287.0,211.0,326.0,False,MEDIUM,20.0,False,AlphaTauri,0 days 01:13:29.877000,,1,,False,,False,True
2021-22,FP2,0 days 01:17:14.082000,GAS,10,0 days 00:02:12.633000,27.0,3.0,,0 days 01:17:13.028000,0 days 00:00:18.475000,0 days 00:00:56.490000,0 days 00:00:57.668000,0 days 01:15:19.924000,0 days 01:16:16.414000,0 days 01:17:14.082000,280.0,204.0,,127.0,False,MEDIUM,21.0,False,AlphaTauri,0 days 01:15:01.449000,,125,,False,,False,False
2021-22,FP2,0 days 00:17:59.091000,PER,11,,1.0,1.0,0 days 00:16:03.983000,,,0 days 00:00:41.762000,0 days 00:00:50.925000,,0 days 00:17:08.209000,0 days 00:17:59.197000,253.0,248.0,216.0,282.0,False,MEDIUM,1.0,True,Red Bull Racing,0 days 00:16:03.983000,,1,,False,,False,False
2021-22,FP2,0 days 00:19:24.757000,PER,11,0 days 00:01:25.666000,2.0,1.0,,,0 days 00:00:17.532000,0 days 00:00:36.692000,0 days 00:00:31.442000,0 days 00:18:16.623000,0 days 00:18:53.315000,0 days 00:19:24.757000,287.0,316.0,217.0,320.0,True,MEDIUM,2.0,True,Red Bull Racing,0 days 00:17:59.091000,,1,,False,,False,True
2021-22,FP2,0 days 00:21:13.878000,PER,11,0 days 00:01:49.121000,3.0,1.0,,0 days 00:21:12.814000,0 days 00:00:25.463000,0 days 00:00:42.814000,0 days 00:00:40.844000,0 days 00:19:50.220000,0 days 00:20:33.034000,0 days 00:21:13.878000,198.0,276.0,,260.0,False,MEDIUM,3.0,True,Red Bull Racing,0 days 00:19:24.757000,,1,,False,,False,False
2021-22,FP2,0 days 00:23:31.202000,PER,11,0 days 00:02:17.324000,4.0,2.0,0 days 00:21:37.545000,,0 days 00:00:45.415000,0 days 00:00:55.681000,0 days 00:00:36.228000,0 days 00:21:59.293000,0 days 00:22:54.974000,0 days 00:23:31.202000,164.0,239.0,220.0,195.0,False,MEDIUM,4.0,False,Red Bull Racing,0 days 00:21:13.878000,,1,,False,,False,False
2021-22,FP2,0 days 00:24:56.625000,PER,11,0 days 00:01:25.423000,5.0,2.0,,,0 days 00:00:17.572000,0 days 00:00:36.531000,0 days 00:00:31.320000,0 days 00:23:48.774000,0 days 00:24:25.305000,0 days 00:24:56.625000,285.0,314.0,219.0,316.0,True,MEDIUM,5.0,False,Red Bull Racing,0 days 00:23:31.202000,,1,,False,,False,True
2021-22,FP2,0 days 00:27:19.731000,PER,11,0 days 00:02:23.106000,6.0,2.0,,,0 days 00:00:25.424000,0 days 00:01:01.727000,0 days 00:00:55.955000,0 days 00:25:22.049000,0 days 00:26:23.776000,0 days 00:27:19.731000,179.0,140.0,212.0,154.0,False,MEDIUM,6.0,False,Red Bull Racing,0 days 00:24:56.625000,,1,,False,,False,True
2021-22,FP2,0 days 00:28:45.168000,PER,11,0 days 00:01:25.437000,7.0,2.0,,,0 days 00:00:17.515000,0 days 00:00:36.844000,0 days 00:00:31.078000,0 days 00:27:37.246000,0 days 00:28:14.090000,0 days 00:28:45.168000,286.0,315.0,218.0,318.0,False,MEDIUM,7.0,False,Red Bull Racing,0 days 00:27:19.731000,,12,,False,,False,True
2021-22,FP2,0 days 00:30:28.623000,PER,11,0 days 00:01:43.455000,8.0,2.0,,0 days 00:30:27.579000,0 days 00:00:21.596000,0 days 00:00:44.480000,0 days 00:00:37.379000,0 days 00:29:06.764000,0 days 00:29:51.244000,0 days 00:30:28.623000,210.0,226.0,,257.0,False,MEDIUM,8.0,False,Red Bull Racing,0 days 00:28:45.168000,,1,,False,,False,False
2021-22,FP2,0 days 00:43:05.174000,PER,11,,9.0,3.0,0 days 00:41:15.876000,,,0 days 00:00:45.358000,0 days 00:00:44.369000,,0 days 00:42:20.805000,0 days 00:43:05.295000,249.0,142.0,221.0,241.0,False,SOFT,1.0,True,Red Bull Racing,0 days 00:30:28.623000,,1,,False,,False,False
2021-22,FP2,0 days 00:44:29.865000,PER,11,0 days 00:01:24.691000,10.0,3.0,,,0 days 00:00:17.529000,0 days 00:00:36.497000,0 days 00:00:30.665000,0 days 00:43:22.703000,0 days 00:43:59.200000,0 days 00:44:29.865000,286.0,315.0,218.0,318.0,True,SOFT,2.0,True,Red Bull Racing,0 days 00:43:05.174000,,1,,False,,False,True
2021-22,FP2,0 days 00:46:42.472000,PER,11,0 days 00:02:12.607000,11.0,3.0,,,0 days 00:00:24.915000,0 days 00:00:58.780000,0 days 00:00:48.912000,0 days 00:44:54.780000,0 days 00:45:53.560000,0 days 00:46:42.472000,212.0,192.0,160.0,145.0,False,SOFT,3.0,True,Red Bull Racing,0 days 00:44:29.865000,,1,,False,,False,True
2021-22,FP2,0 days 00:48:34.629000,PER,11,0 days 00:01:52.157000,12.0,3.0,,,0 days 00:00:25.118000,0 days 00:00:42.690000,0 days 00:00:44.349000,0 days 00:47:07.590000,0 days 00:47:50.280000,0 days 00:48:34.629000,222.0,245.0,219.0,256.0,False,SOFT,4.0,True,Red Bull Racing,0 days 00:46:42.472000,,1,,False,,False,True
2021-22,FP2,0 days 00:49:59.029000,PER,11,0 days 00:01:24.400000,13.0,3.0,,,0 days 00:00:17.440000,0 days 00:00:36.272000,0 days 00:00:30.688000,0 days 00:48:52.069000,0 days 00:49:28.341000,0 days 00:49:59.029000,286.0,314.0,219.0,320.0,True,SOFT,5.0,True,Red Bull Racing,0 days 00:48:34.629000,,1,,False,,False,True
2021-22,FP2,0 days 00:51:36.040000,PER,11,0 days 00:01:37.011000,14.0,3.0,,0 days 00:51:36.050000,0 days 00:00:20.992000,0 days 00:00:41.729000,0 days 00:00:34.290000,0 days 00:50:20.021000,0 days 00:51:01.750000,0 days 00:51:36.040000,253.0,278.0,,270.0,False,SOFT,6.0,True,Red Bull Racing,0 days 00:49:59.029000,,1,,False,,False,False
2021-22,FP2,0 days 00:59:38.515000,PER,11,,15.0,4.0,0 days 00:58:03.261000,0 days 00:59:37.463000,,0 days 00:00:38.881000,0 days 00:00:37.914000,,0 days 00:59:00.651000,0 days 00:59:38.987000,282.0,293.0,,292.0,False,MEDIUM,9.0,False,Red Bull Racing,0 days 00:51:36.040000,,1,,False,,False,False
2021-22,FP2,0 days 01:01:37.492000,PER,11,0 days 00:01:58.977000,16.0,5.0,0 days 01:00:05.534000,,0 days 00:00:47.849000,0 days 00:00:38.347000,0 days 00:00:32.781000,0 days 01:00:26.364000,0 days 01:01:04.711000,0 days 01:01:37.492000,274.0,295.0,211.0,294.0,False,MEDIUM,10.0,False,Red Bull Racing,0 days 00:59:38.515000,,12,,False,,False,False
2021-22,FP2,0 days 01:03:07.130000,PER,11,0 days 00:01:29.638000,17.0,5.0,,,0 days 00:00:18.435000,0 days 00:00:38.211000,0 days 00:00:32.992000,0 days 01:01:55.927000,0 days 01:02:34.138000,0 days 01:03:07.130000,282.0,290.0,212.0,302.0,False,MEDIUM,11.0,False,Red Bull Racing,0 days 01:01:37.492000,,1,,False,,False,True
2021-22,FP2,0 days 01:04:36.193000,PER,11,0 days 00:01:29.063000,18.0,5.0,,,0 days 00:00:18.286000,0 days 00:00:38.043000,0 days 00:00:32.734000,0 days 01:03:25.416000,0 days 01:04:03.459000,0 days 01:04:36.193000,283.0,300.0,211.0,298.0,False,MEDIUM,12.0,False,Red Bull Racing,0 days 01:03:07.130000,,1,,False,,False,True
2021-22,FP2,0 days 01:06:05.531000,PER,11,0 days 00:01:29.338000,19.0,5.0,,,0 days 00:00:18.130000,0 days 00:00:38.223000,0 days 00:00:32.985000,0 days 01:04:54.323000,0 days 01:05:32.546000,0 days 01:06:05.531000,287.0,298.0,211.0,302.0,False,MEDIUM,13.0,False,Red Bull Racing,0 days 01:04:36.193000,,1,,False,,False,True
2021-22,FP2,0 days 01:07:39.519000,PER,11,0 days 00:01:33.988000,20.0,5.0,,,0 days 00:00:18.150000,0 days 00:00:37.864000,0 days 00:00:37.974000,0 days 01:06:23.681000,0 days 01:07:01.545000,0 days 01:07:39.519000,287.0,291.0,214.0,312.0,False,MEDIUM,14.0,False,Red Bull Racing,0 days 01:06:05.531000,,1,,False,,False,True
2021-22,FP2,0 days 01:09:07.901000,PER,11,0 days 00:01:28.382000,21.0,5.0,,,0 days 00:00:17.875000,0 days 00:00:37.798000,0 days 00:00:32.709000,0 days 01:07:57.394000,0 days 01:08:35.192000,0 days 01:09:07.901000,287.0,300.0,214.0,302.0,False,MEDIUM,15.0,False,Red Bull Racing,0 days 01:07:39.519000,,1,,False,,False,True
2021-22,FP2,0 days 01:10:37.200000,PER,11,0 days 00:01:29.299000,22.0,5.0,,,0 days 00:00:17.968000,0 days 00:00:37.938000,0 days 00:00:33.393000,0 days 01:09:25.869000,0 days 01:10:03.807000,0 days 01:10:37.200000,286.0,300.0,212.0,303.0,False,MEDIUM,16.0,False,Red Bull Racing,0 days 01:09:07.901000,,1,,False,,False,True
2021-22,FP2,0 days 01:12:10.363000,PER,11,0 days 00:01:33.163000,23.0,5.0,,,0 days 00:00:18.274000,0 days 00:00:38.226000,0 days 00:00:36.663000,0 days 01:10:55.474000,0 days 01:11:33.700000,0 days 01:12:10.363000,291.0,290.0,213.0,303.0,False,MEDIUM,17.0,False,Red Bull Racing,0 days 01:10:37.200000,,1,,False,,False,True
2021-22,FP2,0 days 01:13:39.525000,PER,11,0 days 00:01:29.162000,24.0,5.0,,,0 days 00:00:17.871000,0 days 00:00:37.991000,0 days 00:00:33.300000,0 days 01:12:28.234000,0 days 01:13:06.225000,0 days 01:13:39.525000,289.0,303.0,210.0,305.0,False,MEDIUM,18.0,False,Red Bull Racing,0 days 01:12:10.363000,,1,,False,,False,True
2021-22,FP2,0 days 01:15:13.056000,PER,11,0 days 00:01:33.531000,25.0,5.0,,,0 days 00:00:18.229000,0 days 00:00:38.927000,0 days 00:00:36.375000,0 days 01:13:57.754000,0 days 01:14:36.681000,0 days 01:15:13.056000,288.0,211.0,209.0,297.0,False,MEDIUM,19.0,False,Red Bull Racing,0 days 01:13:39.525000,,1,,False,,False,True
2021-22,FP2,0 days 01:17:36.056000,PER,11,0 days 00:02:23,26.0,5.0,,0 days 01:17:34.972000,0 days 00:00:20.616000,0 days 00:01:02.771000,0 days 00:00:59.613000,0 days 01:15:33.672000,0 days 01:16:36.443000,0 days 01:17:36.056000,143.0,120.0,,135.0,False,MEDIUM,20.0,False,Red Bull Racing,0 days 01:15:13.056000,,125,,False,,False,False
2021-22,FP2,0 days 00:18:34.437000,ALO,14,,1.0,1.0,0 days 00:16:25.954000,,,0 days 00:00:46.714000,0 days 00:00:59.217000,,0 days 00:17:35.255000,0 days 00:18:34.589000,242.0,230.0,223.0,268.0,False,MEDIUM,1.0,True,Alpine,0 days 00:16:25.954000,,1,,False,,False,False
2021-22,FP2,0 days 00:20:00.474000,ALO,14,0 days 00:01:26.037000,2.0,1.0,,,0 days 00:00:17.577000,0 days 00:00:36.970000,0 days 00:00:31.490000,0 days 00:18:52.014000,0 days 00:19:28.984000,0 days 00:20:00.474000,283.0,315.0,218.0,321.0,True,MEDIUM,2.0,True,Alpine,0 days 00:18:34.437000,,1,,False,,False,True
2021-22,FP2,0 days 00:22:29.083000,ALO,14,0 days 00:02:28.609000,3.0,1.0,,,0 days 00:00:27.298000,0 days 00:01:01.008000,0 days 00:01:00.303000,0 days 00:20:27.772000,0 days 00:21:28.780000,0 days 00:22:29.083000,104.0,263.0,226.0,121.0,False,MEDIUM,3.0,True,Alpine,0 days 00:20:00.474000,,1,,False,,False,True
2021-22,FP2,0 days 00:23:54.416000,ALO,14,0 days 00:01:25.333000,4.0,1.0,,,0 days 00:00:17.517000,0 days 00:00:36.855000,0 days 00:00:30.961000,0 days 00:22:46.600000,0 days 00:23:23.455000,0 days 00:23:54.416000,282.0,312.0,217.0,316.0,True,MEDIUM,4.0,True,Alpine,0 days 00:22:29.083000,,1,,False,,False,True
2021-22,FP2,0 days 00:26:21.740000,ALO,14,0 days 00:02:27.324000,5.0,1.0,,0 days 00:26:21.744000,0 days 00:00:26.622000,0 days 00:00:52.910000,0 days 00:01:07.792000,0 days 00:24:21.038000,0 days 00:25:13.948000,0 days 00:26:21.740000,230.0,202.0,,181.0,False,MEDIUM,5.0,True,Alpine,0 days 00:23:54.416000,,1,,False,,False,False
2021-22,FP2,0 days 00:36:27.790000,ALO,14,,6.0,2.0,0 days 00:34:22.713000,,,0 days 00:00:50.809000,0 days 00:00:48.962000,,0 days 00:35:38.854000,0 days 00:36:28.586000,209.0,252.0,221.0,246.0,False,SOFT,1.0,True,Alpine,0 days 00:26:21.740000,,12,,False,,False,False
2021-22,FP2,0 days 00:37:52.015000,ALO,14,0 days 00:01:24.225000,7.0,2.0,,,0 days 00:00:17.340000,0 days 00:00:36.336000,0 days 00:00:30.549000,0 days 00:36:45.130000,0 days 00:37:21.466000,0 days 00:37:52.015000,286.0,315.0,218.0,321.0,False,SOFT,2.0,True,Alpine,0 days 00:36:27.790000,,1,,True,TRACK LIMITS AT TURN 16,False,True
2021-22,FP2,0 days 00:40:17.995000,ALO,14,0 days 00:02:25.980000,8.0,2.0,,,0 days 00:00:28.683000,0 days 00:01:04.301000,0 days 00:00:52.996000,0 days 00:38:20.698000,0 days 00:39:24.999000,0 days 00:40:17.995000,144.0,258.0,223.0,140.0,False,SOFT,3.0,True,Alpine,0 days 00:37:52.015000,,1,,True,TRACK LIMITS AT TURN 16,False,True
2021-22,FP2,0 days 00:41:42.490000,ALO,14,0 days 00:01:24.495000,9.0,2.0,,,0 days 00:00:17.390000,0 days 00:00:36.351000,0 days 00:00:30.754000,0 days 00:40:35.385000,0 days 00:41:11.736000,0 days 00:41:42.490000,283.0,312.0,216.0,314.0,True,SOFT,4.0,True,Alpine,0 days 00:40:17.995000,,1,,False,,False,True
2021-22,FP2,0 days 00:44:19.166000,ALO,14,,10.0,2.0,,,0 days 00:00:27.228000,0 days 00:01:16.863000,0 days 00:00:52.580000,0 days 00:42:09.725000,0 days 00:43:26.587000,0 days 00:44:19.272000,163.0,185.0,224.0,129.0,False,SOFT,5.0,True,Alpine,0 days 00:41:42.490000,,1,,False,,False,False
2021-22,FP2,0 days 00:45:52.989000,ALO,14,0 days 00:01:33.823000,11.0,2.0,,0 days 00:45:51.915000,0 days 00:00:17.356000,0 days 00:00:38.773000,0 days 00:00:37.694000,0 days 00:44:36.522000,0 days 00:45:15.295000,0 days 00:45:52.989000,284.0,270.0,,315.0,False,SOFT,6.0,True,Alpine,0 days 00:44:19.166000,,1,,False,,False,False
2021-22,FP2,0 days 00:53:42.872000,ALO,14,,12.0,3.0,0 days 00:52:02.268000,,,0 days 00:00:42.557000,0 days 00:00:39.568000,,0 days 00:53:03.310000,0 days 00:53:42.960000,268.0,268.0,218.0,282.0,False,MEDIUM,6.0,False,Alpine,0 days 00:45:52.989000,,1,,False,,False,False
2021-22,FP2,0 days 00:55:12.346000,ALO,14,0 days 00:01:29.474000,13.0,3.0,,,0 days 00:00:18.080000,0 days 00:00:38.657000,0 days 00:00:32.737000,0 days 00:54:00.952000,0 days 00:54:39.609000,0 days 00:55:12.346000,273.0,288.0,213.0,289.0,False,MEDIUM,7.0,False,Alpine,0 days 00:53:42.872000,,1,,False,,False,True
2021-22,FP2,0 days 00:56:41.967000,ALO,14,0 days 00:01:29.621000,14.0,3.0,,,0 days 00:00:18.183000,0 days 00:00:38.590000,0 days 00:00:32.848000,0 days 00:55:30.529000,0 days 00:56:09.119000,0 days 00:56:41.967000,274.0,288.0,213.0,290.0,False,MEDIUM,8.0,False,Alpine,0 days 00:55:12.346000,,1,,False,,False,True
2021-22,FP2,0 days 00:58:11.785000,ALO,14,0 days 00:01:29.818000,15.0,3.0,,,0 days 00:00:18.326000,0 days 00:00:38.813000,0 days 00:00:32.679000,0 days 00:57:00.293000,0 days 00:57:39.106000,0 days 00:58:11.785000,274.0,287.0,214.0,289.0,False,MEDIUM,9.0,False,Alpine,0 days 00:56:41.967000,,1,,False,,False,True
2021-22,FP2,0 days 00:59:41.793000,ALO,14,0 days 00:01:30.008000,16.0,3.0,,,0 days 00:00:18.365000,0 days 00:00:38.798000,0 days 00:00:32.845000,0 days 00:58:30.150000,0 days 00:59:08.948000,0 days 00:59:41.793000,274.0,289.0,214.0,292.0,False,MEDIUM,10.0,False,Alpine,0 days 00:58:11.785000,,1,,False,,False,True
2021-22,FP2,0 days 01:01:11.728000,ALO,14,0 days 00:01:29.935000,17.0,3.0,,,0 days 00:00:18.135000,0 days 00:00:38.816000,0 days 00:00:32.984000,0 days 00:59:59.928000,0 days 01:00:38.744000,0 days 01:01:11.728000,276.0,288.0,213.0,290.0,False,MEDIUM,11.0,False,Alpine,0 days 00:59:41.793000,,12,,False,,False,True
2021-22,FP2,0 days 01:02:42.087000,ALO,14,0 days 00:01:30.359000,18.0,3.0,,,0 days 00:00:18.182000,0 days 00:00:38.956000,0 days 00:00:33.221000,0 days 01:01:29.910000,0 days 01:02:08.866000,0 days 01:02:42.087000,275.0,287.0,213.0,289.0,False,MEDIUM,12.0,False,Alpine,0 days 01:01:11.728000,,1,,False,,False,True
2021-22,FP2,0 days 01:04:12.367000,ALO,14,0 days 00:01:30.280000,19.0,3.0,,,0 days 00:00:18.139000,0 days 00:00:38.943000,0 days 00:00:33.198000,0 days 01:03:00.226000,0 days 01:03:39.169000,0 days 01:04:12.367000,275.0,288.0,213.0,292.0,False,MEDIUM,13.0,False,Alpine,0 days 01:02:42.087000,,1,,False,,False,True
2021-22,FP2,0 days 01:05:42.233000,ALO,14,0 days 00:01:29.866000,20.0,3.0,,,0 days 00:00:18.022000,0 days 00:00:38.829000,0 days 00:00:33.015000,0 days 01:04:30.389000,0 days 01:05:09.218000,0 days 01:05:42.233000,281.0,291.0,214.0,294.0,False,MEDIUM,14.0,False,Alpine,0 days 01:04:12.367000,,1,,False,,False,True
2021-22,FP2,0 days 01:07:12.284000,ALO,14,0 days 00:01:30.051000,21.0,3.0,,,0 days 00:00:18.172000,0 days 00:00:38.867000,0 days 00:00:33.012000,0 days 01:06:00.405000,0 days 01:06:39.272000,0 days 01:07:12.284000,277.0,289.0,213.0,292.0,False,MEDIUM,15.0,False,Alpine,0 days 01:05:42.233000,,1,,False,,False,True
2021-22,FP2,0 days 01:08:42.343000,ALO,14,0 days 00:01:30.059000,22.0,3.0,,,0 days 00:00:18.128000,0 days 00:00:38.781000,0 days 00:00:33.150000,0 days 01:07:30.412000,0 days 01:08:09.193000,0 days 01:08:42.343000,277.0,290.0,214.0,293.0,False,MEDIUM,16.0,False,Alpine,0 days 01:07:12.284000,,1,,False,,False,True
2021-22,FP2,0 days 01:10:12.294000,ALO,14,0 days 00:01:29.951000,23.0,3.0,,,0 days 00:00:18.275000,0 days 00:00:38.798000,0 days 00:00:32.878000,0 days 01:09:00.618000,0 days 01:09:39.416000,0 days 01:10:12.294000,277.0,288.0,212.0,292.0,False,MEDIUM,17.0,False,Alpine,0 days 01:08:42.343000,,1,,False,,False,True
2021-22,FP2,0 days 01:11:42.152000,ALO,14,0 days 00:01:29.858000,24.0,3.0,,,0 days 00:00:18.147000,0 days 00:00:38.927000,0 days 00:00:32.784000,0 days 01:10:30.441000,0 days 01:11:09.368000,0 days 01:11:42.152000,277.0,286.0,213.0,289.0,False,MEDIUM,18.0,False,Alpine,0 days 01:10:12.294000,,1,,False,,False,True
2021-22,FP2,0 days 01:13:14.439000,ALO,14,0 days 00:01:32.287000,25.0,3.0,,0 days 01:13:13.968000,0 days 00:00:18.064000,0 days 00:00:38.925000,0 days 00:00:35.298000,0 days 01:12:00.216000,0 days 01:12:39.141000,0 days 01:13:14.439000,275.0,288.0,,289.0,False,MEDIUM,19.0,False,Alpine,0 days 01:11:42.152000,,1,,False,,False,False
2021-22,FP2,0 days 01:15:05.954000,ALO,14,0 days 00:01:51.515000,26.0,4.0,0 days 01:13:35.666000,,0 days 00:00:38.369000,0 days 00:00:39.041000,0 days 00:00:34.105000,0 days 01:13:52.808000,0 days 01:14:31.849000,0 days 01:15:05.954000,277.0,289.0,199.0,276.0,False,SOFT,7.0,False,Alpine,0 days 01:13:14.439000,,1,,False,,False,False
2021-22,FP2,0 days 01:17:31.027000,ALO,14,0 days 00:02:25.073000,27.0,4.0,,0 days 01:17:29.975000,0 days 00:00:20.983000,0 days 00:01:03.616000,0 days 00:01:00.474000,0 days 01:15:26.937000,0 days 01:16:30.553000,0 days 01:17:31.027000,228.0,139.0,,133.0,False,SOFT,8.0,False,Alpine,0 days 01:15:05.954000,,125,,False,,False,False
2021-22,FP2,0 days 00:17:53.943000,LEC,16,,1.0,1.0,0 days 00:15:43.521000,,,0 days 00:00:48.262000,0 days 00:00:52.821000,,0 days 00:17:01.122000,0 days 00:17:54.075000,235.0,224.0,218.0,252.0,False,MEDIUM,1.0,True,Ferrari,0 days 00:15:43.521000,,1,,False,,False,False
2021-22,FP2,0 days 00:19:19.616000,LEC,16,0 days 00:01:25.673000,2.0,1.0,,,0 days 00:00:17.641000,0 days 00:00:36.752000,0 days 00:00:31.280000,0 days 00:18:11.584000,0 days 00:18:48.336000,0 days 00:19:19.616000,282.0,312.0,220.0,315.0,True,MEDIUM,2.0,True,Ferrari,0 days 00:17:53.943000,,1,,False,,False,True
2021-22,FP2,0 days 00:21:52.625000,LEC,16,,3.0,1.0,,,0 days 00:00:31.621000,0 days 00:01:08.104000,0 days 00:00:53.337000,0 days 00:19:51.184000,0 days 00:21:00.605000,0 days 00:21:52.769000,112.0,151.0,220.0,133.0,False,MEDIUM,3.0,True,Ferrari,0 days 00:19:19.616000,,1,,False,,False,False
2021-22,FP2,0 days 00:23:17.819000,LEC,16,0 days 00:01:25.194000,4.0,1.0,,,0 days 00:00:17.623000,0 days 00:00:36.493000,0 days 00:00:31.078000,0 days 00:22:10.248000,0 days 00:22:46.741000,0 days 00:23:17.819000,282.0,312.0,219.0,318.0,True,MEDIUM,4.0,True,Ferrari,0 days 00:21:52.625000,,1,,False,,False,True
2021-22,FP2,0 days 00:25:47.559000,LEC,16,0 days 00:02:29.740000,5.0,1.0,,,0 days 00:00:29.526000,0 days 00:00:55.071000,0 days 00:01:05.143000,0 days 00:23:47.345000,0 days 00:24:42.416000,0 days 00:25:47.559000,70.0,208.0,221.0,170.0,False,MEDIUM,5.0,True,Ferrari,0 days 00:23:17.819000,,1,,False,,False,True
2021-22,FP2,0 days 00:27:12.663000,LEC,16,0 days 00:01:25.104000,6.0,1.0,,,0 days 00:00:17.569000,0 days 00:00:36.527000,0 days 00:00:31.008000,0 days 00:26:05.128000,0 days 00:26:41.655000,0 days 00:27:12.663000,282.0,313.0,218.0,315.0,False,MEDIUM,6.0,True,Ferrari,0 days 00:25:47.559000,,1,,True,TRACK LIMITS AT TURN 16,False,True
2021-22,FP2,0 days 00:29:05.301000,LEC,16,0 days 00:01:52.638000,7.0,1.0,,0 days 00:29:05.328000,0 days 00:00:24.218000,0 days 00:00:44.795000,0 days 00:00:43.625000,0 days 00:27:36.881000,0 days 00:28:21.676000,0 days 00:29:05.301000,150.0,245.0,,264.0,False,MEDIUM,7.0,True,Ferrari,0 days 00:27:12.663000,,12,,False,,False,False
2021-22,FP2,0 days 00:31:22.493000,LEC,16,0 days 00:02:17.192000,8.0,2.0,0 days 00:29:41.970000,0 days 00:31:22.509000,0 days 00:00:55.505000,0 days 00:00:46.262000,0 days 00:00:35.425000,0 days 00:30:00.806000,0 days 00:30:47.068000,0 days 00:31:22.493000,272.0,270.0,,216.0,False,SOFT,1.0,True,Ferrari,0 days 00:29:05.301000,,1,,False,,False,False
2021-22,FP2,0 days 00:37:25.307000,LEC,16,,9.0,3.0,0 days 00:35:13.179000,,,0 days 00:00:55.219000,0 days 00:00:50.598000,,0 days 00:36:34.721000,0 days 00:37:25.461000,179.0,242.0,225.0,200.0,False,SOFT,2.0,False,Ferrari,0 days 00:31:22.493000,,1,,False,,False,False
2021-22,FP2,0 days 00:38:49.864000,LEC,16,0 days 00:01:24.557000,10.0,3.0,,,0 days 00:00:17.502000,0 days 00:00:36.389000,0 days 00:00:30.666000,0 days 00:37:42.809000,0 days 00:38:19.198000,0 days 00:38:49.864000,282.0,313.0,222.0,314.0,True,SOFT,3.0,False,Ferrari,0 days 00:37:25.307000,,1,,False,,False,True
2021-22,FP2,0 days 00:41:12.269000,LEC,16,0 days 00:02:22.405000,11.0,3.0,,,0 days 00:00:24.220000,0 days 00:01:08.066000,0 days 00:00:50.119000,0 days 00:39:14.084000,0 days 00:40:22.150000,0 days 00:41:12.269000,188.0,168.0,177.0,120.0,False,SOFT,4.0,False,Ferrari,0 days 00:38:49.864000,,1,,False,,False,True
2021-22,FP2,0 days 00:43:21.032000,LEC,16,0 days 00:02:08.763000,12.0,3.0,,,0 days 00:00:24.432000,0 days 00:00:52.702000,0 days 00:00:51.629000,0 days 00:41:36.701000,0 days 00:42:29.403000,0 days 00:43:21.032000,121.0,112.0,224.0,105.0,False,SOFT,5.0,False,Ferrari,0 days 00:41:12.269000,,1,,False,,False,True
2021-22,FP2,0 days 00:45:19.046000,LEC,16,0 days 00:01:58.014000,13.0,3.0,,,0 days 00:00:17.470000,0 days 00:00:49.801000,0 days 00:00:50.743000,0 days 00:43:38.502000,0 days 00:44:28.303000,0 days 00:45:19.046000,283.0,182.0,225.0,185.0,False,SOFT,6.0,False,Ferrari,0 days 00:43:21.032000,,1,,False,,False,True
2021-22,FP2,0 days 00:46:43.786000,LEC,16,0 days 00:01:24.740000,14.0,3.0,,,0 days 00:00:17.466000,0 days 00:00:36.550000,0 days 00:00:30.724000,0 days 00:45:36.512000,0 days 00:46:13.062000,0 days 00:46:43.786000,282.0,311.0,221.0,315.0,False,SOFT,7.0,False,Ferrari,0 days 00:45:19.046000,,1,,False,,False,True
2021-22,FP2,0 days 00:48:36.438000,LEC,16,0 days 00:01:52.652000,15.0,3.0,,0 days 00:48:35.400000,0 days 00:00:20.717000,0 days 00:00:54.928000,0 days 00:00:37.007000,0 days 00:47:04.503000,0 days 00:47:59.431000,0 days 00:48:36.438000,203.0,203.0,,175.0,False,SOFT,8.0,False,Ferrari,0 days 00:46:43.786000,,1,,False,,False,False
2021-22,FP2,0 days 00:55:02.260000,LEC,16,,16.0,4.0,0 days 00:53:13.507000,0 days 00:55:01.188000,,0 days 00:00:42.023000,0 days 00:00:41.601000,,0 days 00:54:20.707000,0 days 00:55:02.354000,240.0,266.0,,288.0,False,SOFT,9.0,False,Ferrari,0 days 00:48:36.438000,,1,,False,,False,False
2021-22,FP2,0 days 00:57:16.647000,LEC,16,0 days 00:02:14.387000,17.0,5.0,0 days 00:55:42.011000,,0 days 00:01:00.695000,0 days 00:00:40.139000,0 days 00:00:33.553000,0 days 00:56:02.955000,0 days 00:56:43.094000,0 days 00:57:16.647000,267.0,287.0,214.0,292.0,False,SOFT,10.0,False,Ferrari,0 days 00:55:02.260000,,1,,False,,False,False
2021-22,FP2,0 days 00:58:45.619000,LEC,16,0 days 00:01:28.972000,18.0,5.0,,,0 days 00:00:18.092000,0 days 00:00:38.393000,0 days 00:00:32.487000,0 days 00:57:34.739000,0 days 00:58:13.132000,0 days 00:58:45.619000,279.0,287.0,211.0,289.0,False,SOFT,11.0,False,Ferrari,0 days 00:57:16.647000,,1,,False,,False,True
2021-22,FP2,0 days 01:00:15.198000,LEC,16,0 days 00:01:29.579000,19.0,5.0,,,0 days 00:00:18.111000,0 days 00:00:38.546000,0 days 00:00:32.922000,0 days 00:59:03.730000,0 days 00:59:42.276000,0 days 01:00:15.198000,280.0,292.0,209.0,293.0,False,SOFT,12.0,False,Ferrari,0 days 00:58:45.619000,,12,,False,,False,True
2021-22,FP2,0 days 01:01:44.354000,LEC,16,0 days 00:01:29.156000,20.0,5.0,,,0 days 00:00:18.070000,0 days 00:00:38.208000,0 days 00:00:32.878000,0 days 01:00:33.268000,0 days 01:01:11.476000,0 days 01:01:44.354000,282.0,309.0,210.0,298.0,False,SOFT,13.0,False,Ferrari,0 days 01:00:15.198000,,1,,False,,False,True
2021-22,FP2,0 days 01:03:14.218000,LEC,16,0 days 00:01:29.864000,21.0,5.0,,,0 days 00:00:18.102000,0 days 00:00:38.931000,0 days 00:00:32.831000,0 days 01:02:02.456000,0 days 01:02:41.387000,0 days 01:03:14.218000,283.0,291.0,209.0,295.0,False,SOFT,14.0,False,Ferrari,0 days 01:01:44.354000,,1,,False,,False,True
2021-22,FP2,0 days 01:04:43.886000,LEC,16,0 days 00:01:29.668000,22.0,5.0,,,0 days 00:00:18.381000,0 days 00:00:38.560000,0 days 00:00:32.727000,0 days 01:03:32.599000,0 days 01:04:11.159000,0 days 01:04:43.886000,281.0,291.0,211.0,294.0,False,SOFT,15.0,False,Ferrari,0 days 01:03:14.218000,,1,,True,TRACK LIMITS AT TURN 16,False,True
2021-22,FP2,0 days 01:06:13.325000,LEC,16,0 days 00:01:29.439000,23.0,5.0,,,0 days 00:00:18.062000,0 days 00:00:38.544000,0 days 00:00:32.833000,0 days 01:05:01.948000,0 days 01:05:40.492000,0 days 01:06:13.325000,282.0,289.0,210.0,298.0,False,SOFT,16.0,False,Ferrari,0 days 01:04:43.886000,,1,,True,TRACK LIMITS AT TURN 16,False,True
2021-22,FP2,0 days 01:07:43.338000,LEC,16,0 days 00:01:30.013000,24.0,5.0,,,0 days 00:00:18.172000,0 days 00:00:38.599000,0 days 00:00:33.242000,0 days 01:06:31.497000,0 days 01:07:10.096000,0 days 01:07:43.338000,278.0,298.0,205.0,291.0,False,SOFT,17.0,False,Ferrari,0 days 01:06:13.325000,,1,,False,,False,True
2021-22,FP2,0 days 01:09:14.588000,LEC,16,0 days 00:01:31.250000,25.0,5.0,,,0 days 00:00:18.974000,0 days 00:00:38.887000,0 days 00:00:33.389000,0 days 01:08:02.312000,0 days 01:08:41.199000,0 days 01:09:14.588000,281.0,293.0,209.0,297.0,False,SOFT,18.0,False,Ferrari,0 days 01:07:43.338000,,1,,False,,False,True
2021-22,FP2,0 days 01:10:45.286000,LEC,16,0 days 00:01:30.698000,26.0,5.0,,,0 days 00:00:18.871000,0 days 00:00:38.800000,0 days 00:00:33.027000,0 days 01:09:33.459000,0 days 01:10:12.259000,0 days 01:10:45.286000,278.0,291.0,208.0,292.0,False,SOFT,19.0,False,Ferrari,0 days 01:09:14.588000,,1,,False,,False,True
2021-22,FP2,0 days 01:12:15.985000,LEC,16,0 days 00:01:30.699000,27.0,5.0,,,0 days 00:00:18.667000,0 days 00:00:38.959000,0 days 00:00:33.073000,0 days 01:11:03.953000,0 days 01:11:42.912000,0 days 01:12:15.985000,279.0,294.0,208.0,295.0,False,SOFT,20.0,False,Ferrari,0 days 01:10:45.286000,,1,,False,,False,True
2021-22,FP2,0 days 01:13:51.364000,LEC,16,0 days 00:01:35.379000,28.0,5.0,,0 days 01:13:50.333000,0 days 00:00:18.768000,0 days 00:00:39.184000,0 days 00:00:37.427000,0 days 01:12:34.753000,0 days 01:13:13.937000,0 days 01:13:51.364000,277.0,291.0,,295.0,False,SOFT,21.0,False,Ferrari,0 days 01:12:15.985000,,1,,False,,False,False
2021-22,FP2,0 days 01:15:53.273000,LEC,16,0 days 00:02:01.909000,29.0,6.0,0 days 01:14:11.741000,0 days 01:15:52.224000,0 days 00:00:39.542000,0 days 00:00:38.120000,0 days 00:00:44.247000,0 days 01:14:30.906000,0 days 01:15:09.026000,0 days 01:15:53.273000,261.0,304.0,,309.0,False,MEDIUM,8.0,False,Ferrari,0 days 01:13:51.364000,,125,,False,,False,False
2021-22,FP2,0 days 00:18:06.172000,STR,18,,1.0,1.0,0 days 00:15:52.316000,,,0 days 00:00:42.559000,0 days 00:00:56.747000,,0 days 00:17:11.868000,0 days 00:18:06.245000,247.0,246.0,211.0,275.0,False,MEDIUM,1.0,True,Aston Martin,0 days 00:15:52.316000,,1,,False,,False,False
2021-22,FP2,0 days 00:19:32.895000,STR,18,0 days 00:01:26.723000,2.0,1.0,,,0 days 00:00:17.784000,0 days 00:00:36.980000,0 days 00:00:31.959000,0 days 00:18:23.956000,0 days 00:19:00.936000,0 days 00:19:32.895000,283.0,313.0,218.0,318.0,True,MEDIUM,2.0,True,Aston Martin,0 days 00:18:06.172000,,1,,False,,False,True
2021-22,FP2,0 days 00:22:06.493000,STR,18,,3.0,1.0,,,0 days 00:00:30.297000,0 days 00:01:03.495000,0 days 00:00:59.840000,0 days 00:20:03.298000,0 days 00:21:07.039000,0 days 00:22:06.625000,131.0,209.0,215.0,116.0,False,MEDIUM,3.0,True,Aston Martin,0 days 00:19:32.895000,,1,,False,,False,False
2021-22,FP2,0 days 00:23:32.985000,STR,18,0 days 00:01:26.492000,4.0,1.0,,,0 days 00:00:17.630000,0 days 00:00:36.867000,0 days 00:00:31.995000,0 days 00:22:24.123000,0 days 00:23:00.990000,0 days 00:23:32.985000,280.0,314.0,216.0,312.0,True,MEDIUM,4.0,True,Aston Martin,0 days 00:22:06.493000,,1,,False,,False,True
2021-22,FP2,0 days 00:25:35.100000,STR,18,0 days 00:02:02.115000,5.0,1.0,,0 days 00:25:34.094000,0 days 00:00:24.300000,0 days 00:00:46.723000,0 days 00:00:51.092000,0 days 00:23:57.285000,0 days 00:24:44.008000,0 days 00:25:35.100000,237.0,202.0,,237.0,False,MEDIUM,5.0,True,Aston Martin,0 days 00:23:32.985000,,1,,False,,False,False
2021-22,FP2,0 days 00:36:18.085000,STR,18,,6.0,2.0,0 days 00:34:06.634000,,,0 days 00:00:55.608000,0 days 00:00:48.736000,,0 days 00:35:29.349000,0 days 00:36:18.575000,162.0,184.0,218.0,212.0,False,SOFT,1.0,True,Aston Martin,0 days 00:25:35.100000,,12,,False,,False,False
2021-22,FP2,0 days 00:37:43.470000,STR,18,0 days 00:01:25.385000,7.0,2.0,,,0 days 00:00:17.511000,0 days 00:00:36.368000,0 days 00:00:31.506000,0 days 00:36:35.596000,0 days 00:37:11.964000,0 days 00:37:43.470000,286.0,315.0,221.0,318.0,True,SOFT,2.0,True,Aston Martin,0 days 00:36:18.085000,,1,,False,,False,True
2021-22,FP2,0 days 00:40:09.645000,STR,18,0 days 00:02:26.175000,8.0,2.0,,,0 days 00:00:29.747000,0 days 00:01:05.264000,0 days 00:00:51.164000,0 days 00:38:13.217000,0 days 00:39:18.481000,0 days 00:40:09.645000,160.0,155.0,166.0,179.0,False,SOFT,3.0,True,Aston Martin,0 days 00:37:43.470000,,1,,False,,False,True
2021-22,FP2,0 days 00:42:20.849000,STR,18,0 days 00:02:11.204000,9.0,2.0,,,0 days 00:00:28.683000,0 days 00:00:47.539000,0 days 00:00:54.982000,0 days 00:40:38.328000,0 days 00:41:25.867000,0 days 00:42:20.849000,174.0,276.0,212.0,249.0,False,SOFT,4.0,True,Aston Martin,0 days 00:40:09.645000,,1,,False,,False,True
2021-22,FP2,0 days 00:44:27.602000,STR,18,0 days 00:02:06.753000,10.0,2.0,,,0 days 00:00:26.060000,0 days 00:00:48.900000,0 days 00:00:51.793000,0 days 00:42:46.909000,0 days 00:43:35.809000,0 days 00:44:27.602000,177.0,272.0,217.0,205.0,False,SOFT,5.0,True,Aston Martin,0 days 00:42:20.849000,,1,,False,,False,True
2021-22,FP2,0 days 00:45:53.646000,STR,18,0 days 00:01:26.044000,11.0,2.0,,,0 days 00:00:17.718000,0 days 00:00:36.871000,0 days 00:00:31.455000,0 days 00:44:45.320000,0 days 00:45:22.191000,0 days 00:45:53.646000,278.0,312.0,218.0,310.0,False,SOFT,6.0,True,Aston Martin,0 days 00:44:27.602000,,1,,False,,False,True
2021-22,FP2,0 days 00:47:39.133000,STR,18,0 days 00:01:45.487000,12.0,2.0,,0 days 00:47:38.072000,0 days 00:00:21.400000,0 days 00:00:45.172000,0 days 00:00:38.915000,0 days 00:46:15.046000,0 days 00:47:00.218000,0 days 00:47:39.133000,232.0,233.0,,258.0,False,SOFT,7.0,True,Aston Martin,0 days 00:45:53.646000,,1,,False,,False,False
2021-22,FP2,0 days 00:56:02.078000,STR,18,,13.0,3.0,0 days 00:54:21.463000,,,0 days 00:00:40.506000,0 days 00:00:37.967000,,0 days 00:55:24.113000,0 days 00:56:02.214000,263.0,211.0,211.0,293.0,False,MEDIUM,6.0,False,Aston Martin,0 days 00:47:39.133000,,1,,False,,False,False
2021-22,FP2,0 days 00:57:31.891000,STR,18,0 days 00:01:29.813000,14.0,3.0,,,0 days 00:00:18.263000,0 days 00:00:38.573000,0 days 00:00:32.977000,0 days 00:56:20.341000,0 days 00:56:58.914000,0 days 00:57:31.891000,273.0,285.0,211.0,288.0,False,MEDIUM,7.0,False,Aston Martin,0 days 00:56:02.078000,,1,,False,,False,True
2021-22,FP2,0 days 00:59:02.477000,STR,18,0 days 00:01:30.586000,15.0,3.0,,,0 days 00:00:18.186000,0 days 00:00:38.873000,0 days 00:00:33.527000,0 days 00:57:50.077000,0 days 00:58:28.950000,0 days 00:59:02.477000,272.0,284.0,213.0,287.0,False,MEDIUM,8.0,False,Aston Martin,0 days 00:57:31.891000,,1,,False,,False,True
2021-22,FP2,0 days 01:00:32.970000,STR,18,0 days 00:01:30.493000,16.0,3.0,,,0 days 00:00:18.325000,0 days 00:00:38.767000,0 days 00:00:33.401000,0 days 00:59:20.802000,0 days 00:59:59.569000,0 days 01:00:32.970000,271.0,286.0,212.0,290.0,False,MEDIUM,9.0,False,Aston Martin,0 days 00:59:02.477000,,12,,False,,False,True
2021-22,FP2,0 days 01:02:03.519000,STR,18,0 days 00:01:30.549000,17.0,3.0,,,0 days 00:00:18.399000,0 days 00:00:38.847000,0 days 00:00:33.303000,0 days 01:00:51.369000,0 days 01:01:30.216000,0 days 01:02:03.519000,271.0,286.0,212.0,289.0,False,MEDIUM,10.0,False,Aston Martin,0 days 01:00:32.970000,,1,,False,,False,True
2021-22,FP2,0 days 01:03:34.006000,STR,18,0 days 00:01:30.487000,18.0,3.0,,,0 days 00:00:18.220000,0 days 00:00:38.876000,0 days 00:00:33.391000,0 days 01:02:21.739000,0 days 01:03:00.615000,0 days 01:03:34.006000,275.0,286.0,213.0,289.0,False,MEDIUM,11.0,False,Aston Martin,0 days 01:02:03.519000,,1,,False,,False,True
2021-22,FP2,0 days 01:05:04.670000,STR,18,0 days 00:01:30.664000,19.0,3.0,,,0 days 00:00:18.280000,0 days 00:00:38.850000,0 days 00:00:33.534000,0 days 01:03:52.286000,0 days 01:04:31.136000,0 days 01:05:04.670000,271.0,285.0,211.0,287.0,False,MEDIUM,12.0,False,Aston Martin,0 days 01:03:34.006000,,1,,False,,False,True
2021-22,FP2,0 days 01:06:35.222000,STR,18,0 days 00:01:30.552000,20.0,3.0,,,0 days 00:00:18.483000,0 days 00:00:38.755000,0 days 00:00:33.314000,0 days 01:05:23.153000,0 days 01:06:01.908000,0 days 01:06:35.222000,278.0,290.0,211.0,292.0,False,MEDIUM,13.0,False,Aston Martin,0 days 01:05:04.670000,,1,,False,,False,True
2021-22,FP2,0 days 01:08:05.980000,STR,18,0 days 00:01:30.758000,21.0,3.0,,,0 days 00:00:18.451000,0 days 00:00:38.815000,0 days 00:00:33.492000,0 days 01:06:53.673000,0 days 01:07:32.488000,0 days 01:08:05.980000,277.0,289.0,212.0,292.0,False,MEDIUM,14.0,False,Aston Martin,0 days 01:06:35.222000,,1,,False,,False,True
2021-22,FP2,0 days 01:09:36.495000,STR,18,0 days 00:01:30.515000,22.0,3.0,,,0 days 00:00:18.452000,0 days 00:00:38.795000,0 days 00:00:33.268000,0 days 01:08:24.432000,0 days 01:09:03.227000,0 days 01:09:36.495000,275.0,287.0,212.0,291.0,False,MEDIUM,15.0,False,Aston Martin,0 days 01:08:05.980000,,1,,False,,False,True
2021-22,FP2,0 days 01:11:07.600000,STR,18,0 days 00:01:31.105000,23.0,3.0,,,0 days 00:00:18.413000,0 days 00:00:38.605000,0 days 00:00:34.087000,0 days 01:09:54.908000,0 days 01:10:33.513000,0 days 01:11:07.600000,279.0,292.0,213.0,294.0,False,MEDIUM,16.0,False,Aston Martin,0 days 01:09:36.495000,,1,,False,,False,True
2021-22,FP2,0 days 01:12:40.208000,STR,18,0 days 00:01:32.608000,24.0,3.0,,0 days 01:12:39.158000,0 days 00:00:18.772000,0 days 00:00:38.721000,0 days 00:00:35.115000,0 days 01:11:26.372000,0 days 01:12:05.093000,0 days 01:12:40.208000,278.0,288.0,,291.0,False,MEDIUM,17.0,False,Aston Martin,0 days 01:11:07.600000,,1,,False,,False,False
2021-22,FP2,0 days 01:14:30.681000,STR,18,0 days 00:01:50.473000,25.0,4.0,0 days 01:13:01.194000,,0 days 00:00:38.895000,0 days 00:00:38.649000,0 days 00:00:32.929000,0 days 01:13:19.103000,0 days 01:13:57.752000,0 days 01:14:30.681000,278.0,291.0,212.0,298.0,False,SOFT,8.0,False,Aston Martin,0 days 01:12:40.208000,,1,,False,,False,False
2021-22,FP2,0 days 01:16:15.225000,STR,18,0 days 00:01:44.544000,26.0,4.0,,0 days 01:16:14.162000,0 days 00:00:18.330000,0 days 00:00:38.504000,0 days 00:00:47.710000,0 days 01:14:49.011000,0 days 01:15:27.515000,0 days 01:16:15.225000,279.0,289.0,,291.0,False,SOFT,9.0,False,Aston Martin,0 days 01:14:30.681000,,125,,False,,False,False
2021-22,FP2,0 days 00:18:58.741000,TSU,22,,1.0,1.0,0 days 00:16:46.949000,,,0 days 00:00:56.035000,0 days 00:00:49.728000,,0 days 00:18:09.041000,0 days 00:19:00.989000,229.0,130.0,221.0,91.0,False,MEDIUM,1.0,True,AlphaTauri,0 days 00:16:46.949000,,1,,False,,False,False
2021-22,FP2,0 days 00:20:24.740000,TSU,22,0 days 00:01:25.999000,2.0,1.0,,,0 days 00:00:17.518000,,,0 days 00:19:16.205000,,,285.0,130.0,216.0,319.0,True,MEDIUM,2.0,True,AlphaTauri,0 days 00:18:58.741000,,1,,False,,False,False
2021-22,FP2,0 days 00:22:58.624000,TSU,22,,3.0,1.0,,0 days 00:22:58.660000,0 days 00:00:29.891000,0 days 00:01:07.794000,0 days 00:00:56.279000,0 days 00:20:54.551000,0 days 00:22:02.378000,0 days 00:22:58.772000,131.0,172.0,,149.0,False,MEDIUM,3.0,True,AlphaTauri,0 days 00:20:24.740000,,1,,False,,False,False
2021-22,FP2,0 days 00:25:35.396000,TSU,22,,4.0,2.0,0 days 00:23:25.680000,,0 days 00:00:53.882000,0 days 00:00:50.507000,0 days 00:00:52.405000,0 days 00:23:52.514000,0 days 00:24:43.032000,0 days 00:25:35.923000,187.0,245.0,219.0,233.0,False,MEDIUM,4.0,False,AlphaTauri,0 days 00:22:58.624000,,1,,False,,False,False
2021-22,FP2,0 days 00:27:00.827000,TSU,22,0 days 00:01:25.431000,5.0,2.0,,,0 days 00:00:17.643000,,,0 days 00:25:53.039000,,,283.0,245.0,217.0,317.0,True,MEDIUM,5.0,False,AlphaTauri,0 days 00:25:35.396000,,1,,False,,False,False
2021-22,FP2,0 days 00:28:58.336000,TSU,22,0 days 00:01:57.509000,6.0,2.0,,0 days 00:28:57.915000,0 days 00:00:24.766000,0 days 00:00:52.112000,0 days 00:00:40.631000,0 days 00:27:25.593000,0 days 00:28:17.705000,0 days 00:28:58.336000,211.0,211.0,,190.0,False,MEDIUM,6.0,False,AlphaTauri,0 days 00:27:00.827000,,12,,False,,False,False
2021-22,FP2,0 days 00:38:20.860000,TSU,22,,7.0,3.0,0 days 00:36:06.849000,,,0 days 00:00:56.667000,0 days 00:00:43.099000,,0 days 00:37:37.762000,0 days 00:38:20.899000,104.0,230.0,222.0,101.0,False,SOFT,1.0,True,AlphaTauri,0 days 00:28:58.336000,,1,,False,,False,False
2021-22,FP2,0 days 00:39:45.678000,TSU,22,0 days 00:01:24.818000,8.0,3.0,,,0 days 00:00:17.503000,,,0 days 00:38:38.363000,,,283.0,230.0,217.0,316.0,True,SOFT,2.0,True,AlphaTauri,0 days 00:38:20.860000,,1,,False,,False,False
2021-22,FP2,0 days 00:42:12.714000,TSU,22,0 days 00:02:27.036000,9.0,3.0,,,0 days 00:00:27.515000,0 days 00:01:02.748000,0 days 00:00:56.773000,0 days 00:40:13.193000,0 days 00:41:15.941000,0 days 00:42:12.714000,154.0,198.0,115.0,147.0,False,SOFT,3.0,True,AlphaTauri,0 days 00:39:45.678000,,1,,False,,False,True
2021-22,FP2,0 days 00:44:41.971000,TSU,22,0 days 00:02:29.257000,10.0,3.0,,,0 days 00:00:38.918000,0 days 00:00:58.210000,0 days 00:00:52.129000,0 days 00:42:51.632000,0 days 00:43:49.842000,0 days 00:44:41.971000,148.0,121.0,223.0,191.0,False,SOFT,4.0,True,AlphaTauri,0 days 00:42:12.714000,,1,,False,,False,True
2021-22,FP2,0 days 00:46:06.503000,TSU,22,0 days 00:01:24.532000,11.0,3.0,,,0 days 00:00:17.544000,,,0 days 00:44:59.515000,,,284.0,121.0,218.0,316.0,True,SOFT,5.0,True,AlphaTauri,0 days 00:44:41.971000,,1,,False,,False,False
2021-22,FP2,0 days 00:48:14.422000,TSU,22,0 days 00:02:07.919000,12.0,3.0,,0 days 00:48:13.380000,0 days 00:00:27.134000,0 days 00:00:54.552000,0 days 00:00:46.233000,0 days 00:46:33.637000,0 days 00:47:28.189000,0 days 00:48:14.422000,177.0,92.0,,205.0,False,SOFT,6.0,True,AlphaTauri,0 days 00:46:06.503000,,1,,False,,False,False
2021-22,FP2,0 days 00:56:14.585000,TSU,22,,13.0,4.0,0 days 00:54:36.302000,,,0 days 00:00:44.107000,0 days 00:00:34.015000,,0 days 00:55:41.470000,0 days 00:56:14.650000,274.0,286.0,210.0,238.0,False,SOFT,7.0,False,AlphaTauri,0 days 00:48:14.422000,,1,,False,,False,False
2021-22,FP2,0 days 00:57:44.722000,TSU,22,0 days 00:01:30.137000,14.0,4.0,,,0 days 00:00:18.434000,0 days 00:00:38.648000,0 days 00:00:33.055000,0 days 00:56:33.019000,0 days 00:57:11.667000,0 days 00:57:44.722000,279.0,289.0,212.0,289.0,False,SOFT,8.0,False,AlphaTauri,0 days 00:56:14.585000,,1,,False,,False,True
2021-22,FP2,0 days 00:59:14.363000,TSU,22,0 days 00:01:29.641000,15.0,4.0,,,0 days 00:00:18.313000,0 days 00:00:38.352000,0 days 00:00:32.976000,0 days 00:58:03.035000,0 days 00:58:41.387000,0 days 00:59:14.363000,282.0,292.0,210.0,306.0,False,SOFT,9.0,False,AlphaTauri,0 days 00:57:44.722000,,1,,False,,False,True
2021-22,FP2,0 days 01:00:44.510000,TSU,22,0 days 00:01:30.147000,16.0,4.0,,,0 days 00:00:18.341000,0 days 00:00:38.564000,0 days 00:00:33.242000,0 days 00:59:32.704000,0 days 01:00:11.268000,0 days 01:00:44.510000,281.0,292.0,212.0,293.0,False,SOFT,10.0,False,AlphaTauri,0 days 00:59:14.363000,,12,,False,,False,True
2021-22,FP2,0 days 01:02:15.318000,TSU,22,0 days 00:01:30.808000,17.0,4.0,,,0 days 00:00:18.465000,0 days 00:00:38.836000,0 days 00:00:33.507000,0 days 01:01:02.975000,0 days 01:01:41.811000,0 days 01:02:15.318000,281.0,289.0,210.0,288.0,False,SOFT,11.0,False,AlphaTauri,0 days 01:00:44.510000,,1,,False,,False,True
2021-22,FP2,0 days 01:03:46.036000,TSU,22,0 days 00:01:30.718000,18.0,4.0,,,0 days 00:00:18.284000,0 days 00:00:38.729000,0 days 00:00:33.705000,0 days 01:02:33.602000,0 days 01:03:12.331000,0 days 01:03:46.036000,284.0,295.0,214.0,293.0,False,SOFT,12.0,False,AlphaTauri,0 days 01:02:15.318000,,1,,False,,False,True
2021-22,FP2,0 days 01:05:16.600000,TSU,22,0 days 00:01:30.564000,19.0,4.0,,,0 days 00:00:18.214000,0 days 00:00:38.426000,0 days 00:00:33.924000,0 days 01:04:04.250000,0 days 01:04:42.676000,0 days 01:05:16.600000,286.0,291.0,213.0,298.0,False,SOFT,13.0,False,AlphaTauri,0 days 01:03:46.036000,,1,,False,,False,True
2021-22,FP2,0 days 01:06:46.947000,TSU,22,0 days 00:01:30.347000,20.0,4.0,,,0 days 00:00:18.118000,0 days 00:00:38.303000,0 days 00:00:33.926000,0 days 01:05:34.718000,0 days 01:06:13.021000,0 days 01:06:46.947000,288.0,292.0,213.0,323.0,False,SOFT,14.0,False,AlphaTauri,0 days 01:05:16.600000,,1,,False,,False,True
2021-22,FP2,0 days 01:08:17.315000,TSU,22,0 days 00:01:30.368000,21.0,4.0,,,0 days 00:00:18.197000,0 days 00:00:38.876000,0 days 00:00:33.295000,0 days 01:07:05.144000,0 days 01:07:44.020000,0 days 01:08:17.315000,283.0,288.0,211.0,283.0,False,SOFT,15.0,False,AlphaTauri,0 days 01:06:46.947000,,1,,False,,False,True
2021-22,FP2,0 days 01:09:47.569000,TSU,22,0 days 00:01:30.254000,22.0,4.0,,,0 days 00:00:18.246000,0 days 00:00:38.765000,0 days 00:00:33.243000,0 days 01:08:35.561000,0 days 01:09:14.326000,0 days 01:09:47.569000,281.0,292.0,210.0,293.0,False,SOFT,16.0,False,AlphaTauri,0 days 01:08:17.315000,,1,,False,,False,True
2021-22,FP2,0 days 01:11:17.847000,TSU,22,0 days 00:01:30.278000,23.0,4.0,,,0 days 00:00:18.258000,0 days 00:00:38.718000,0 days 00:00:33.302000,0 days 01:10:05.827000,0 days 01:10:44.545000,0 days 01:11:17.847000,282.0,296.0,210.0,298.0,False,SOFT,17.0,False,AlphaTauri,0 days 01:09:47.569000,,1,,False,,False,True
2021-22,FP2,0 days 01:12:48.435000,TSU,22,0 days 00:01:30.588000,24.0,4.0,,,0 days 00:00:18.372000,0 days 00:00:38.861000,0 days 00:00:33.355000,0 days 01:11:36.219000,0 days 01:12:15.080000,0 days 01:12:48.435000,284.0,301.0,208.0,301.0,False,SOFT,18.0,False,AlphaTauri,0 days 01:11:17.847000,,1,,False,,False,True
2021-22,FP2,0 days 01:14:18.682000,TSU,22,0 days 00:01:30.247000,25.0,4.0,,,0 days 00:00:18.314000,0 days 00:00:38.760000,0 days 00:00:33.173000,0 days 01:13:06.749000,0 days 01:13:45.509000,0 days 01:14:18.682000,282.0,301.0,208.0,303.0,False,SOFT,19.0,False,AlphaTauri,0 days 01:12:48.435000,,1,,False,,False,True
2021-22,FP2,0 days 01:16:03.584000,TSU,22,0 days 00:01:44.902000,26.0,4.0,,0 days 01:16:03.238000,0 days 00:00:18.546000,0 days 00:00:38.596000,0 days 00:00:47.760000,0 days 01:14:37.228000,0 days 01:15:15.824000,0 days 01:16:03.584000,,302.0,,306.0,False,SOFT,20.0,False,AlphaTauri,0 days 01:14:18.682000,,125,,False,,False,False
2021-22,FP2,0 days 00:17:36.435000,OCO,31,,1.0,1.0,0 days 00:15:29.638000,,,0 days 00:00:44.246000,0 days 00:00:58.763000,,0 days 00:16:37.730000,0 days 00:17:36.914000,239.0,253.0,217.0,283.0,False,MEDIUM,1.0,True,Alpine,0 days 00:15:29.638000,,1,,False,,False,False
2021-22,FP2,0 days 00:19:02.129000,OCO,31,0 days 00:01:25.694000,2.0,1.0,,,0 days 00:00:17.499000,0 days 00:00:36.656000,0 days 00:00:31.539000,0 days 00:17:53.934000,0 days 00:18:30.590000,0 days 00:19:02.129000,288.0,315.0,217.0,320.0,True,MEDIUM,2.0,True,Alpine,0 days 00:17:36.435000,,1,,False,,False,True
2021-22,FP2,0 days 00:21:23.752000,OCO,31,0 days 00:02:21.623000,3.0,1.0,,,0 days 00:00:26.106000,0 days 00:00:58.870000,0 days 00:00:56.647000,0 days 00:19:28.235000,0 days 00:20:27.105000,0 days 00:21:23.752000,162.0,189.0,219.0,147.0,False,MEDIUM,3.0,True,Alpine,0 days 00:19:02.129000,,1,,False,,False,True
2021-22,FP2,0 days 00:22:49.901000,OCO,31,0 days 00:01:26.149000,4.0,1.0,,,0 days 00:00:17.670000,0 days 00:00:36.732000,0 days 00:00:31.747000,0 days 00:21:41.422000,0 days 00:22:18.154000,0 days 00:22:49.901000,287.0,316.0,219.0,320.0,False,MEDIUM,4.0,True,Alpine,0 days 00:21:23.752000,,1,,False,,False,True
2021-22,FP2,0 days 00:25:06.122000,OCO,31,0 days 00:02:16.221000,5.0,1.0,,,0 days 00:00:22.632000,0 days 00:00:59.526000,0 days 00:00:54.063000,0 days 00:23:12.533000,0 days 00:24:12.059000,0 days 00:25:06.122000,130.0,203.0,221.0,169.0,False,MEDIUM,5.0,True,Alpine,0 days 00:22:49.901000,,1,,False,,False,True
2021-22,FP2,0 days 00:26:31.236000,OCO,31,0 days 00:01:25.114000,6.0,1.0,,,0 days 00:00:17.369000,0 days 00:00:36.495000,0 days 00:00:31.250000,0 days 00:25:23.491000,0 days 00:25:59.986000,0 days 00:26:31.236000,291.0,319.0,218.0,324.0,True,MEDIUM,6.0,True,Alpine,0 days 00:25:06.122000,,1,,False,,False,True
2021-22,FP2,0 days 00:28:18.326000,OCO,31,0 days 00:01:47.090000,7.0,1.0,,0 days 00:28:17.323000,0 days 00:00:20.471000,0 days 00:00:45.200000,0 days 00:00:41.419000,0 days 00:26:51.707000,0 days 00:27:36.907000,0 days 00:28:18.326000,251.0,226.0,,293.0,False,MEDIUM,7.0,True,Alpine,0 days 00:26:31.236000,,12,,False,,False,False
2021-22,FP2,0 days 00:36:35.946000,OCO,31,,8.0,2.0,0 days 00:34:35.345000,,,0 days 00:00:47.585000,0 days 00:00:48.717000,,0 days 00:35:47.261000,0 days 00:36:36.093000,255.0,259.0,220.0,213.0,False,SOFT,1.0,True,Alpine,0 days 00:28:18.326000,,1,,False,,False,False
2021-22,FP2,0 days 00:38:00.334000,OCO,31,0 days 00:01:24.388000,9.0,2.0,,,0 days 00:00:17.282000,0 days 00:00:36.245000,0 days 00:00:30.861000,0 days 00:36:53.228000,0 days 00:37:29.473000,0 days 00:38:00.334000,290.0,315.0,221.0,320.0,True,SOFT,2.0,True,Alpine,0 days 00:36:35.946000,,1,,False,,False,True
2021-22,FP2,0 days 00:40:23.722000,OCO,31,0 days 00:02:23.388000,10.0,2.0,,,0 days 00:00:25.811000,0 days 00:01:05.122000,0 days 00:00:52.455000,0 days 00:38:26.145000,0 days 00:39:31.267000,0 days 00:40:23.722000,145.0,191.0,174.0,138.0,False,SOFT,3.0,True,Alpine,0 days 00:38:00.334000,,1,,False,,False,True
2021-22,FP2,0 days 00:42:28.851000,OCO,31,0 days 00:02:05.129000,11.0,2.0,,,0 days 00:00:22.901000,0 days 00:00:42.476000,0 days 00:00:59.752000,0 days 00:40:46.623000,0 days 00:41:29.099000,0 days 00:42:28.851000,255.0,285.0,221.0,271.0,False,SOFT,4.0,True,Alpine,0 days 00:40:23.722000,,1,,False,,False,True
2021-22,FP2,0 days 00:43:52.885000,OCO,31,0 days 00:01:24.034000,12.0,2.0,,,0 days 00:00:17.299000,0 days 00:00:36.182000,0 days 00:00:30.553000,0 days 00:42:46.150000,0 days 00:43:22.332000,0 days 00:43:52.885000,290.0,317.0,221.0,321.0,True,SOFT,5.0,True,Alpine,0 days 00:42:28.851000,,1,,False,,False,True
2021-22,FP2,0 days 00:45:47.830000,OCO,31,0 days 00:01:54.945000,13.0,2.0,,0 days 00:45:47.387000,0 days 00:00:22.972000,0 days 00:00:46.503000,0 days 00:00:45.470000,0 days 00:44:15.857000,0 days 00:45:02.360000,0 days 00:45:47.830000,213.0,261.0,,248.0,False,SOFT,6.0,True,Alpine,0 days 00:43:52.885000,,1,,False,,False,False
2021-22,FP2,0 days 00:53:07.083000,OCO,31,,14.0,3.0,0 days 00:51:37.343000,,,0 days 00:00:38.773000,0 days 00:00:33.437000,,0 days 00:52:33.678000,0 days 00:53:10.049000,284.0,293.0,214.0,295.0,False,SOFT,7.0,False,Alpine,0 days 00:45:47.830000,,1,,False,,False,False
2021-22,FP2,0 days 00:54:36.296000,OCO,31,0 days 00:01:29.213000,15.0,3.0,,,0 days 00:00:18.104000,0 days 00:00:38.495000,0 days 00:00:32.614000,0 days 00:53:25.187000,0 days 00:54:03.682000,0 days 00:54:36.296000,276.0,289.0,213.0,291.0,False,SOFT,8.0,False,Alpine,0 days 00:53:07.083000,,1,,False,,False,True
2021-22,FP2,0 days 00:56:06.052000,OCO,31,0 days 00:01:29.756000,16.0,3.0,,,0 days 00:00:18.160000,0 days 00:00:38.667000,0 days 00:00:32.929000,0 days 00:54:54.456000,0 days 00:55:33.123000,0 days 00:56:06.052000,275.0,290.0,214.0,292.0,False,SOFT,9.0,False,Alpine,0 days 00:54:36.296000,,1,,False,,False,True
2021-22,FP2,0 days 00:57:35.835000,OCO,31,0 days 00:01:29.783000,17.0,3.0,,,0 days 00:00:18.186000,0 days 00:00:38.624000,0 days 00:00:32.973000,0 days 00:56:24.238000,0 days 00:57:02.862000,0 days 00:57:35.835000,278.0,293.0,213.0,295.0,False,SOFT,10.0,False,Alpine,0 days 00:56:06.052000,,1,,False,,False,True
2021-22,FP2,0 days 00:59:05.853000,OCO,31,0 days 00:01:30.018000,18.0,3.0,,,0 days 00:00:18.073000,0 days 00:00:38.669000,0 days 00:00:33.276000,0 days 00:57:53.908000,0 days 00:58:32.577000,0 days 00:59:05.853000,281.0,295.0,213.0,297.0,False,SOFT,11.0,False,Alpine,0 days 00:57:35.835000,,1,,False,,False,True
2021-22,FP2,0 days 01:00:40.377000,OCO,31,0 days 00:01:34.524000,19.0,3.0,,,0 days 00:00:18.265000,0 days 00:00:38.756000,0 days 00:00:37.503000,0 days 00:59:24.118000,0 days 01:00:02.874000,0 days 01:00:40.377000,280.0,245.0,213.0,299.0,False,SOFT,12.0,False,Alpine,0 days 00:59:05.853000,,12,,False,,False,True
2021-22,FP2,0 days 01:02:10.264000,OCO,31,0 days 00:01:29.887000,20.0,3.0,,,0 days 00:00:18.193000,0 days 00:00:38.468000,0 days 00:00:33.226000,0 days 01:00:58.570000,0 days 01:01:37.038000,0 days 01:02:10.264000,280.0,294.0,212.0,296.0,False,SOFT,13.0,False,Alpine,0 days 01:00:40.377000,,1,,False,,False,True
2021-22,FP2,0 days 01:03:40.350000,OCO,31,0 days 00:01:30.086000,21.0,3.0,,,0 days 00:00:18.292000,0 days 00:00:38.650000,0 days 00:00:33.144000,0 days 01:02:28.556000,0 days 01:03:07.206000,0 days 01:03:40.350000,278.0,293.0,213.0,295.0,False,SOFT,14.0,False,Alpine,0 days 01:02:10.264000,,1,,False,,False,True
2021-22,FP2,0 days 01:05:10.626000,OCO,31,0 days 00:01:30.276000,22.0,3.0,,,0 days 00:00:18.356000,0 days 00:00:38.799000,0 days 00:00:33.121000,0 days 01:03:58.706000,0 days 01:04:37.505000,0 days 01:05:10.626000,277.0,292.0,213.0,295.0,False,SOFT,15.0,False,Alpine,0 days 01:03:40.350000,,1,,False,,False,True
2021-22,FP2,0 days 01:06:40.681000,OCO,31,0 days 00:01:30.055000,23.0,3.0,,,0 days 00:00:18.236000,0 days 00:00:38.711000,0 days 00:00:33.108000,0 days 01:05:28.862000,0 days 01:06:07.573000,0 days 01:06:40.681000,280.0,294.0,212.0,297.0,False,SOFT,16.0,False,Alpine,0 days 01:05:10.626000,,1,,False,,False,True
2021-22,FP2,0 days 01:08:10.915000,OCO,31,0 days 00:01:30.234000,24.0,3.0,,,0 days 00:00:18.291000,0 days 00:00:38.643000,0 days 00:00:33.300000,0 days 01:06:58.972000,0 days 01:07:37.615000,0 days 01:08:10.915000,280.0,298.0,210.0,299.0,False,SOFT,17.0,False,Alpine,0 days 01:06:40.681000,,1,,False,,False,True
2021-22,FP2,0 days 01:09:41.119000,OCO,31,0 days 00:01:30.204000,25.0,3.0,,,0 days 00:00:18.283000,0 days 00:00:38.649000,0 days 00:00:33.272000,0 days 01:08:29.198000,0 days 01:09:07.847000,0 days 01:09:41.119000,284.0,298.0,212.0,300.0,False,SOFT,18.0,False,Alpine,0 days 01:08:10.915000,,1,,False,,False,True
2021-22,FP2,0 days 01:11:11.420000,OCO,31,0 days 00:01:30.301000,26.0,3.0,,,0 days 00:00:18.359000,0 days 00:00:38.659000,0 days 00:00:33.283000,0 days 01:09:59.478000,0 days 01:10:38.137000,0 days 01:11:11.420000,284.0,297.0,213.0,307.0,False,SOFT,19.0,False,Alpine,0 days 01:09:41.119000,,1,,False,,False,True
2021-22,FP2,0 days 01:12:44.156000,OCO,31,0 days 00:01:32.736000,27.0,3.0,,,0 days 00:00:18.301000,0 days 00:00:38.740000,0 days 00:00:35.695000,0 days 01:11:29.721000,0 days 01:12:08.461000,0 days 01:12:44.156000,283.0,299.0,216.0,301.0,False,SOFT,20.0,False,Alpine,0 days 01:11:11.420000,,1,,False,,False,True
2021-22,FP2,0 days 01:14:13.371000,OCO,31,0 days 00:01:29.215000,28.0,3.0,,,0 days 00:00:18.173000,0 days 00:00:38.108000,0 days 00:00:32.934000,0 days 01:13:02.329000,0 days 01:13:40.437000,0 days 01:14:13.371000,284.0,307.0,213.0,315.0,False,SOFT,21.0,False,Alpine,0 days 01:12:44.156000,,1,,False,,False,True
2021-22,FP2,0 days 01:15:58.399000,OCO,31,0 days 00:01:45.028000,29.0,3.0,,0 days 01:15:57.335000,0 days 00:00:18.336000,0 days 00:00:38.369000,0 days 00:00:48.323000,0 days 01:14:31.707000,0 days 01:15:10.076000,0 days 01:15:58.399000,285.0,310.0,,325.0,False,SOFT,22.0,False,Alpine,0 days 01:14:13.371000,,125,,False,,False,False
2021-22,FP2,0 days 00:18:46.930000,VER,33,,1.0,1.0,0 days 00:16:28.528000,,,0 days 00:00:47.520000,0 days 00:01:09.261000,,0 days 00:17:37.698000,0 days 00:18:46.930000,259.0,228.0,218.0,229.0,False,MEDIUM,1.0,True,Red Bull Racing,0 days 00:16:28.528000,,1,,False,,False,False
2021-22,FP2,0 days 00:20:12.559000,VER,33,0 days 00:01:25.629000,2.0,1.0,,,0 days 00:00:17.731000,0 days 00:00:36.919000,0 days 00:00:30.979000,0 days 00:19:04.661000,0 days 00:19:41.580000,0 days 00:20:12.559000,282.0,311.0,218.0,316.0,True,MEDIUM,2.0,True,Red Bull Racing,0 days 00:18:46.930000,,1,,False,,False,True
2021-22,FP2,0 days 00:22:54.305000,VER,33,,3.0,1.0,,,0 days 00:00:31.978000,0 days 00:01:13.214000,0 days 00:00:56.592000,0 days 00:20:44.600000,0 days 00:21:57.808000,0 days 00:22:54.433000,96.0,142.0,220.0,141.0,False,MEDIUM,3.0,True,Red Bull Racing,0 days 00:20:12.559000,,1,,False,,False,False
2021-22,FP2,0 days 00:24:19.294000,VER,33,0 days 00:01:24.989000,4.0,1.0,,,0 days 00:00:17.641000,0 days 00:00:36.554000,0 days 00:00:30.794000,0 days 00:23:11.946000,0 days 00:23:48.500000,0 days 00:24:19.294000,281.0,311.0,214.0,316.0,False,MEDIUM,4.0,True,Red Bull Racing,0 days 00:22:54.305000,,1,,True,TRACK LIMITS AT TURN 16,False,True
2021-22,FP2,0 days 00:26:40.801000,VER,33,0 days 00:02:21.507000,5.0,1.0,,,0 days 00:00:30.902000,0 days 00:00:59.230000,0 days 00:00:51.375000,0 days 00:24:50.196000,0 days 00:25:49.426000,0 days 00:26:40.801000,181.0,199.0,221.0,129.0,False,MEDIUM,5.0,True,Red Bull Racing,0 days 00:24:19.294000,,1,,True,TRACK LIMITS AT TURN 16,False,True
2021-22,FP2,0 days 00:28:05.866000,VER,33,0 days 00:01:25.065000,6.0,1.0,,,0 days 00:00:17.533000,0 days 00:00:36.787000,0 days 00:00:30.745000,0 days 00:26:58.334000,0 days 00:27:35.121000,0 days 00:28:05.866000,281.0,309.0,207.0,317.0,True,MEDIUM,6.0,True,Red Bull Racing,0 days 00:26:40.801000,,12,,False,,False,True
2021-22,FP2,0 days 00:29:44.629000,VER,33,0 days 00:01:38.763000,7.0,1.0,,0 days 00:29:43.596000,0 days 00:00:20.744000,0 days 00:00:41.428000,0 days 00:00:36.591000,0 days 00:28:26.610000,0 days 00:29:08.038000,0 days 00:29:44.629000,259.0,257.0,,260.0,False,MEDIUM,7.0,True,Red Bull Racing,0 days 00:28:05.866000,,1,,False,,False,False
2021-22,FP2,0 days 00:41:28.722000,VER,33,,8.0,2.0,0 days 00:39:29.333000,,,0 days 00:00:48.876000,0 days 00:00:48.178000,,0 days 00:40:40.544000,0 days 00:41:28.818000,147.0,228.0,224.0,221.0,False,SOFT,1.0,True,Red Bull Racing,0 days 00:29:44.629000,,1,,False,,False,False
2021-22,FP2,0 days 00:42:53.054000,VER,33,0 days 00:01:24.332000,9.0,2.0,,,0 days 00:00:17.381000,0 days 00:00:36.391000,0 days 00:00:30.560000,0 days 00:41:46.103000,0 days 00:42:22.494000,0 days 00:42:53.054000,285.0,316.0,217.0,318.0,True,SOFT,2.0,True,Red Bull Racing,0 days 00:41:28.722000,,1,,False,,False,True
2021-22,FP2,0 days 00:45:47.405000,VER,33,,10.0,2.0,,,0 days 00:00:34.917000,0 days 00:01:19.311000,0 days 00:01:00.136000,0 days 00:43:27.958000,0 days 00:44:47.312000,0 days 00:45:47.498000,122.0,102.0,157.0,113.0,False,SOFT,3.0,True,Red Bull Racing,0 days 00:42:53.054000,,1,,False,,False,False
2021-22,FP2,0 days 00:47:49.099000,VER,33,0 days 00:02:01.694000,11.0,2.0,,,0 days 00:00:26.517000,0 days 00:00:48.222000,0 days 00:00:46.955000,0 days 00:46:13.922000,0 days 00:47:02.144000,0 days 00:47:49.099000,227.0,254.0,222.0,215.0,False,SOFT,4.0,True,Red Bull Racing,0 days 00:45:47.405000,,1,,False,,False,True
2021-22,FP2,0 days 00:49:13.480000,VER,33,0 days 00:01:24.381000,12.0,2.0,,,0 days 00:00:17.488000,0 days 00:00:36.425000,0 days 00:00:30.468000,0 days 00:48:06.587000,0 days 00:48:43.012000,0 days 00:49:13.480000,285.0,312.0,217.0,318.0,False,SOFT,5.0,True,Red Bull Racing,0 days 00:47:49.099000,,1,,False,,False,True
2021-22,FP2,0 days 00:50:52.498000,VER,33,0 days 00:01:39.018000,13.0,2.0,,0 days 00:50:51.721000,0 days 00:00:19.957000,0 days 00:00:41.138000,0 days 00:00:37.923000,0 days 00:49:33.437000,0 days 00:50:14.575000,0 days 00:50:52.498000,265.0,256.0,,250.0,False,SOFT,6.0,True,Red Bull Racing,0 days 00:49:13.480000,,1,,False,,False,False
2021-22,FP2,0 days 00:58:55.099000,VER,33,,14.0,3.0,0 days 00:57:16.367000,,,0 days 00:00:40.931000,0 days 00:00:38.164000,,0 days 00:58:19.102000,0 days 00:58:55.587000,216.0,287.0,216.0,279.0,False,SOFT,7.0,False,Red Bull Racing,0 days 00:50:52.498000,,1,,False,,False,False
2021-22,FP2,0 days 01:00:23.261000,VER,33,0 days 00:01:28.162000,15.0,3.0,,,0 days 00:00:17.966000,0 days 00:00:38.086000,0 days 00:00:32.110000,0 days 00:59:13.065000,0 days 00:59:51.151000,0 days 01:00:23.261000,284.0,290.0,215.0,290.0,False,SOFT,8.0,False,Red Bull Racing,0 days 00:58:55.099000,,12,,False,,False,True
2021-22,FP2,0 days 01:01:51.418000,VER,33,0 days 00:01:28.157000,16.0,3.0,,,0 days 00:00:17.901000,0 days 00:00:37.961000,0 days 00:00:32.295000,0 days 01:00:41.162000,0 days 01:01:19.123000,0 days 01:01:51.418000,285.0,290.0,214.0,295.0,False,SOFT,9.0,False,Red Bull Racing,0 days 01:00:23.261000,,1,,False,,False,True
2021-22,FP2,0 days 01:03:20.514000,VER,33,0 days 00:01:29.096000,17.0,3.0,,,0 days 00:00:17.912000,0 days 00:00:37.854000,0 days 00:00:33.330000,0 days 01:02:09.330000,0 days 01:02:47.184000,0 days 01:03:20.514000,286.0,321.0,216.0,299.0,False,SOFT,10.0,False,Red Bull Racing,0 days 01:01:51.418000,,1,,False,,False,True
2021-22,FP2,0 days 01:04:48.927000,VER,33,0 days 00:01:28.413000,18.0,3.0,,,0 days 00:00:17.948000,0 days 00:00:38.078000,0 days 00:00:32.387000,0 days 01:03:38.462000,0 days 01:04:16.540000,0 days 01:04:48.927000,285.0,292.0,213.0,288.0,False,SOFT,11.0,False,Red Bull Racing,0 days 01:03:20.514000,,1,,False,,False,True
2021-22,FP2,0 days 01:06:17.492000,VER,33,0 days 00:01:28.565000,19.0,3.0,,,0 days 00:00:17.935000,0 days 00:00:38.175000,0 days 00:00:32.455000,0 days 01:05:06.862000,0 days 01:05:45.037000,0 days 01:06:17.492000,286.0,291.0,214.0,294.0,False,SOFT,12.0,False,Red Bull Racing,0 days 01:04:48.927000,,1,,False,,False,True
2021-22,FP2,0 days 01:07:46.238000,VER,33,0 days 00:01:28.746000,20.0,3.0,,,0 days 00:00:17.968000,0 days 00:00:38.128000,0 days 00:00:32.650000,0 days 01:06:35.460000,0 days 01:07:13.588000,0 days 01:07:46.238000,285.0,293.0,212.0,300.0,False,SOFT,13.0,False,Red Bull Racing,0 days 01:06:17.492000,,1,,False,,False,True
2021-22,FP2,0 days 01:09:17.155000,VER,33,0 days 00:01:30.917000,21.0,3.0,,0 days 01:09:16.143000,0 days 00:00:18.153000,0 days 00:00:38.103000,0 days 00:00:34.661000,0 days 01:08:04.391000,0 days 01:08:42.494000,0 days 01:09:17.155000,285.0,297.0,,299.0,False,SOFT,14.0,False,Red Bull Racing,0 days 01:07:46.238000,,1,,False,,False,False
2021-22,FP2,0 days 01:11:16.999000,VER,33,0 days 00:01:59.844000,22.0,4.0,0 days 01:09:37.623000,,0 days 00:00:39.418000,0 days 00:00:42.165000,0 days 00:00:38.261000,0 days 01:09:56.573000,0 days 01:10:38.738000,0 days 01:11:16.999000,263.0,245.0,217.0,275.0,False,MEDIUM,8.0,False,Red Bull Racing,0 days 01:09:17.155000,,1,,False,,False,False
2021-22,FP2,0 days 01:12:45.101000,VER,33,0 days 00:01:28.102000,23.0,4.0,,,0 days 00:00:17.824000,0 days 00:00:37.881000,0 days 00:00:32.397000,0 days 01:11:34.823000,0 days 01:12:12.704000,0 days 01:12:45.101000,286.0,292.0,215.0,296.0,False,MEDIUM,9.0,False,Red Bull Racing,0 days 01:11:16.999000,,1,,False,,False,True
2021-22,FP2,0 days 01:14:17.945000,VER,33,0 days 00:01:32.844000,24.0,4.0,,,0 days 00:00:17.988000,0 days 00:00:37.826000,0 days 00:00:37.030000,0 days 01:13:03.089000,0 days 01:13:40.915000,0 days 01:14:17.945000,291.0,298.0,218.0,328.0,False,MEDIUM,10.0,False,Red Bull Racing,0 days 01:12:45.101000,,1,,False,,False,True
2021-22,FP2,0 days 01:16:00.831000,VER,33,0 days 00:01:42.886000,25.0,4.0,,0 days 01:15:59.412000,0 days 00:00:17.811000,0 days 00:00:37.849000,0 days 00:00:47.226000,0 days 01:14:35.756000,0 days 01:15:13.605000,0 days 01:16:00.831000,282.0,296.0,,299.0,False,MEDIUM,11.0,False,Red Bull Racing,0 days 01:14:17.945000,,125,,False,,False,False
2021-22,FP2,0 days 00:18:24.928000,HAM,44,,1.0,1.0,0 days 00:16:12.622000,,,0 days 00:00:48.417000,0 days 00:00:59.408000,,0 days 00:17:25.860000,0 days 00:18:26.985000,250.0,167.0,218.0,240.0,False,MEDIUM,1.0,True,Mercedes,0 days 00:16:12.622000,,1,,False,,False,False
2021-22,FP2,0 days 00:19:50.055000,HAM,44,0 days 00:01:25.127000,2.0,1.0,,,0 days 00:00:17.425000,0 days 00:00:36.681000,0 days 00:00:31.021000,0 days 00:18:42.353000,0 days 00:19:19.034000,0 days 00:19:50.055000,287.0,310.0,219.0,317.0,True,MEDIUM,2.0,True,Mercedes,0 days 00:18:24.928000,,1,,False,,False,True
2021-22,FP2,0 days 00:22:47.897000,HAM,44,,3.0,1.0,,,0 days 00:00:37.752000,0 days 00:01:29.072000,0 days 00:00:51.076000,0 days 00:20:27.749000,0 days 00:21:57.284000,0 days 00:22:49.670000,102.0,143.0,222.0,109.0,False,MEDIUM,3.0,True,Mercedes,0 days 00:19:50.055000,,1,,False,,False,False
2021-22,FP2,0 days 00:24:12.840000,HAM,44,0 days 00:01:24.943000,4.0,1.0,,,0 days 00:00:17.454000,0 days 00:00:36.699000,0 days 00:00:30.790000,0 days 00:23:05.351000,0 days 00:23:42.050000,0 days 00:24:12.840000,287.0,309.0,219.0,314.0,True,MEDIUM,4.0,True,Mercedes,0 days 00:22:47.897000,,1,,False,,False,True
2021-22,FP2,0 days 00:27:15.673000,HAM,44,,5.0,1.0,,,0 days 00:00:35.415000,0 days 00:01:23.343000,0 days 00:01:04.021000,0 days 00:24:48.364000,0 days 00:26:11.797000,0 days 00:27:15.768000,103.0,93.0,224.0,160.0,False,MEDIUM,5.0,True,Mercedes,0 days 00:24:12.840000,,1,,False,,False,False
2021-22,FP2,0 days 00:28:39.799000,HAM,44,0 days 00:01:24.126000,6.0,1.0,,,0 days 00:00:17.277000,0 days 00:00:36.229000,0 days 00:00:30.620000,0 days 00:27:32.950000,0 days 00:28:09.179000,0 days 00:28:39.799000,289.0,321.0,221.0,323.0,True,MEDIUM,6.0,True,Mercedes,0 days 00:27:15.673000,,12,,False,,False,True
2021-22,FP2,0 days 00:30:18.870000,HAM,44,0 days 00:01:39.071000,7.0,1.0,,0 days 00:30:17.777000,0 days 00:00:19.324000,0 days 00:00:43.905000,0 days 00:00:35.842000,0 days 00:28:59.123000,0 days 00:29:43.028000,0 days 00:30:18.870000,166.0,248.0,,268.0,False,MEDIUM,7.0,True,Mercedes,0 days 00:28:39.799000,,1,,False,,False,False
2021-22,FP2,0 days 00:40:40.711000,HAM,44,,8.0,2.0,0 days 00:38:24.877000,,,0 days 00:00:52.995000,0 days 00:00:57.358000,,0 days 00:39:43.353000,0 days 00:40:40.744000,233.0,182.0,220.0,221.0,False,SOFT,1.0,True,Mercedes,0 days 00:30:18.870000,,1,,False,,False,False
2021-22,FP2,0 days 00:42:04.815000,HAM,44,0 days 00:01:24.104000,9.0,2.0,,,0 days 00:00:17.415000,0 days 00:00:36.218000,0 days 00:00:30.471000,0 days 00:40:58.126000,0 days 00:41:34.344000,0 days 00:42:04.815000,288.0,318.0,221.0,323.0,True,SOFT,2.0,True,Mercedes,0 days 00:40:40.711000,,1,,False,,False,True
2021-22,FP2,0 days 00:44:55.862000,HAM,44,,10.0,2.0,,0 days 00:44:54.851000,0 days 00:00:33.356000,0 days 00:01:13.029000,0 days 00:01:04.632000,0 days 00:42:39.155000,0 days 00:43:51.230000,0 days 00:44:58.010000,124.0,93.0,,176.0,False,SOFT,3.0,True,Mercedes,0 days 00:42:04.815000,,1,,False,,False,False
2021-22,FP2,0 days 00:47:57.610000,HAM,44,,11.0,3.0,0 days 00:45:26.213000,,0 days 00:01:02.209000,0 days 00:01:01.204000,0 days 00:00:58.401000,0 days 00:45:58.043000,0 days 00:46:59.246000,0 days 00:47:57.726000,178.0,220.0,222.0,167.0,False,SOFT,4.0,False,Mercedes,0 days 00:44:55.862000,,1,,False,,False,False
2021-22,FP2,0 days 00:49:49.131000,HAM,44,0 days 00:01:51.521000,12.0,3.0,,,0 days 00:00:17.496000,0 days 00:00:47.648000,0 days 00:00:46.377000,0 days 00:48:15.106000,0 days 00:49:02.754000,0 days 00:49:49.131000,287.0,96.0,224.0,264.0,False,SOFT,5.0,False,Mercedes,0 days 00:47:57.610000,,1,,False,,False,True
2021-22,FP2,0 days 00:51:12.822000,HAM,44,0 days 00:01:23.691000,13.0,3.0,,,0 days 00:00:17.207000,0 days 00:00:36.209000,0 days 00:00:30.275000,0 days 00:50:06.338000,0 days 00:50:42.547000,0 days 00:51:12.822000,288.0,315.0,221.0,319.0,True,SOFT,6.0,False,Mercedes,0 days 00:49:49.131000,,1,,False,,False,True
2021-22,FP2,0 days 00:52:43.155000,HAM,44,0 days 00:01:30.333000,14.0,3.0,,0 days 00:52:42.341000,0 days 00:00:18.110000,0 days 00:00:38.655000,0 days 00:00:33.568000,0 days 00:51:30.932000,0 days 00:52:09.587000,0 days 00:52:43.155000,268.0,290.0,,294.0,False,SOFT,7.0,False,Mercedes,0 days 00:51:12.822000,,1,,False,,False,False
2021-22,FP2,0 days 01:00:12.796000,HAM,44,,15.0,4.0,0 days 00:58:40.286000,,,0 days 00:00:39.604000,0 days 00:00:33.835000,,0 days 00:59:40.673000,0 days 01:00:15.141000,264.0,291.0,217.0,293.0,False,MEDIUM,8.0,False,Mercedes,0 days 00:52:43.155000,,12,,False,,False,False
2021-22,FP2,0 days 01:01:42.015000,HAM,44,0 days 00:01:29.219000,16.0,4.0,,,0 days 00:00:18.066000,0 days 00:00:38.179000,0 days 00:00:32.974000,0 days 01:00:30.862000,0 days 01:01:09.041000,0 days 01:01:42.015000,281.0,291.0,214.0,296.0,False,MEDIUM,9.0,False,Mercedes,0 days 01:00:12.796000,,1,,False,,False,True
2021-22,FP2,0 days 01:03:11.426000,HAM,44,0 days 00:01:29.411000,17.0,4.0,,,0 days 00:00:18.004000,0 days 00:00:38.638000,0 days 00:00:32.769000,0 days 01:02:00.019000,0 days 01:02:38.657000,0 days 01:03:11.426000,280.0,292.0,209.0,296.0,False,MEDIUM,10.0,False,Mercedes,0 days 01:01:42.015000,,1,,False,,False,True
2021-22,FP2,0 days 01:04:40.608000,HAM,44,0 days 00:01:29.182000,18.0,4.0,,,0 days 00:00:18.009000,0 days 00:00:38.495000,0 days 00:00:32.678000,0 days 01:03:29.435000,0 days 01:04:07.930000,0 days 01:04:40.608000,278.0,292.0,211.0,295.0,False,MEDIUM,11.0,False,Mercedes,0 days 01:03:11.426000,,1,,False,,False,True
2021-22,FP2,0 days 01:06:10.035000,HAM,44,0 days 00:01:29.427000,19.0,4.0,,,0 days 00:00:18.037000,0 days 00:00:38.552000,0 days 00:00:32.838000,0 days 01:04:58.645000,0 days 01:05:37.197000,0 days 01:06:10.035000,280.0,291.0,213.0,295.0,False,MEDIUM,12.0,False,Mercedes,0 days 01:04:40.608000,,1,,False,,False,True
2021-22,FP2,0 days 01:07:42.421000,HAM,44,0 days 00:01:32.386000,20.0,4.0,,,0 days 00:00:18.158000,0 days 00:00:38.741000,0 days 00:00:35.487000,0 days 01:06:28.193000,0 days 01:07:06.934000,0 days 01:07:42.421000,275.0,289.0,216.0,294.0,False,MEDIUM,13.0,False,Mercedes,0 days 01:06:10.035000,,1,,False,,False,True
2021-22,FP2,0 days 01:09:11.094000,HAM,44,0 days 00:01:28.673000,21.0,4.0,,,0 days 00:00:17.897000,0 days 00:00:38.210000,0 days 00:00:32.566000,0 days 01:08:00.318000,0 days 01:08:38.528000,0 days 01:09:11.094000,280.0,294.0,209.0,296.0,False,MEDIUM,14.0,False,Mercedes,0 days 01:07:42.421000,,1,,False,,False,True
2021-22,FP2,0 days 01:10:40.242000,HAM,44,0 days 00:01:29.148000,22.0,4.0,,,0 days 00:00:17.977000,0 days 00:00:38.498000,0 days 00:00:32.673000,0 days 01:09:29.071000,0 days 01:10:07.569000,0 days 01:10:40.242000,281.0,294.0,210.0,298.0,False,MEDIUM,15.0,False,Mercedes,0 days 01:09:11.094000,,1,,False,,False,True
2021-22,FP2,0 days 01:12:10.854000,HAM,44,0 days 00:01:30.612000,23.0,4.0,,,0 days 00:00:18.013000,0 days 00:00:38.246000,0 days 00:00:34.353000,0 days 01:10:58.255000,0 days 01:11:36.501000,0 days 01:12:10.854000,279.0,298.0,216.0,297.0,False,MEDIUM,16.0,False,Mercedes,0 days 01:10:40.242000,,1,,False,,False,True
2021-22,FP2,0 days 01:13:45.980000,HAM,44,0 days 00:01:35.126000,24.0,4.0,,,0 days 00:00:18.349000,0 days 00:00:38.139000,0 days 00:00:38.638000,0 days 01:12:29.203000,0 days 01:13:07.342000,0 days 01:13:45.980000,285.0,305.0,217.0,308.0,False,MEDIUM,17.0,False,Mercedes,0 days 01:12:10.854000,,1,,False,,False,True
2021-22,FP2,0 days 01:15:14.712000,HAM,44,0 days 00:01:28.732000,25.0,4.0,,,0 days 00:00:17.851000,0 days 00:00:38.157000,0 days 00:00:32.724000,0 days 01:14:03.831000,0 days 01:14:41.988000,0 days 01:15:14.712000,281.0,294.0,210.0,297.0,False,MEDIUM,18.0,False,Mercedes,0 days 01:13:45.980000,,12,,False,,False,True
2021-22,FP2,0 days 01:17:42.259000,HAM,44,0 days 00:02:27.547000,26.0,4.0,,0 days 01:17:40.474000,0 days 00:00:25.657000,0 days 00:00:56.693000,0 days 00:01:05.197000,0 days 01:15:40.369000,0 days 01:16:37.062000,0 days 01:17:42.259000,196.0,104.0,,131.0,False,MEDIUM,19.0,False,Mercedes,0 days 01:15:14.712000,,25,,False,,False,False
2021-22,FP2,0 days 00:17:08.137000,MSC,47,,1.0,1.0,0 days 00:15:13.564000,,,0 days 00:00:47.579000,0 days 00:00:41.291000,,0 days 00:16:26.908000,0 days 00:17:09.035000,236.0,220.0,221.0,196.0,False,MEDIUM,1.0,True,Haas F1 Team,0 days 00:15:13.564000,,1,,False,,False,False
2021-22,FP2,0 days 00:18:35.338000,MSC,47,0 days 00:01:27.201000,2.0,1.0,,,0 days 00:00:17.671000,0 days 00:00:36.931000,0 days 00:00:32.599000,0 days 00:17:25.808000,0 days 00:18:02.739000,0 days 00:18:35.338000,284.0,316.0,218.0,318.0,True,MEDIUM,2.0,True,Haas F1 Team,0 days 00:17:08.137000,,1,,False,,False,True
2021-22,FP2,0 days 00:20:49.325000,MSC,47,0 days 00:02:13.987000,3.0,1.0,,,0 days 00:00:27.430000,0 days 00:00:56.307000,0 days 00:00:50.250000,0 days 00:19:02.768000,0 days 00:19:59.075000,0 days 00:20:49.325000,132.0,221.0,221.0,158.0,False,MEDIUM,3.0,True,Haas F1 Team,0 days 00:18:35.338000,,1,,False,,False,True
2021-22,FP2,0 days 00:22:16.161000,MSC,47,0 days 00:01:26.836000,4.0,1.0,,,0 days 00:00:17.678000,0 days 00:00:37.052000,0 days 00:00:32.106000,0 days 00:21:07.003000,0 days 00:21:44.055000,0 days 00:22:16.161000,284.0,313.0,216.0,315.0,True,MEDIUM,4.0,True,Haas F1 Team,0 days 00:20:49.325000,,1,,False,,False,True
2021-22,FP2,0 days 00:24:43.110000,MSC,47,0 days 00:02:26.949000,5.0,1.0,,,0 days 00:00:29.017000,0 days 00:01:07.423000,0 days 00:00:50.509000,0 days 00:22:45.178000,0 days 00:23:52.601000,0 days 00:24:43.110000,141.0,129.0,221.0,230.0,False,MEDIUM,5.0,True,Haas F1 Team,0 days 00:22:16.161000,,1,,False,,False,True
2021-22,FP2,0 days 00:26:10.097000,MSC,47,0 days 00:01:26.987000,6.0,1.0,,,0 days 00:00:17.813000,0 days 00:00:37.033000,0 days 00:00:32.141000,0 days 00:25:00.923000,0 days 00:25:37.956000,0 days 00:26:10.097000,283.0,312.0,216.0,317.0,False,MEDIUM,6.0,True,Haas F1 Team,0 days 00:24:43.110000,,1,,False,,False,True
2021-22,FP2,0 days 00:28:01.348000,MSC,47,0 days 00:01:51.251000,7.0,1.0,,0 days 00:28:00.309000,0 days 00:00:23.040000,0 days 00:00:45.810000,0 days 00:00:42.401000,0 days 00:26:33.137000,0 days 00:27:18.947000,0 days 00:28:01.348000,250.0,284.0,,198.0,False,MEDIUM,7.0,True,Haas F1 Team,0 days 00:26:10.097000,,12,,False,,False,False
2021-22,FP2,0 days 00:37:30.347000,MSC,47,,8.0,2.0,0 days 00:35:31.018000,,,0 days 00:00:50.882000,0 days 00:00:43.827000,,0 days 00:36:46.532000,0 days 00:37:33.041000,201.0,244.0,221.0,152.0,False,SOFT,1.0,True,Haas F1 Team,0 days 00:28:01.348000,,1,,False,,False,False
2021-22,FP2,0 days 00:39:22.811000,MSC,47,0 days 00:01:52.464000,9.0,2.0,,,0 days 00:00:23.986000,0 days 00:00:48.973000,0 days 00:00:39.505000,0 days 00:37:54.333000,0 days 00:38:43.306000,0 days 00:39:22.811000,183.0,227.0,223.0,284.0,False,SOFT,2.0,True,Haas F1 Team,0 days 00:37:30.347000,,1,,False,,False,True
2021-22,FP2,0 days 00:40:48.595000,MSC,47,0 days 00:01:25.784000,10.0,2.0,,,0 days 00:00:17.580000,0 days 00:00:36.767000,0 days 00:00:31.437000,0 days 00:39:40.391000,0 days 00:40:17.158000,0 days 00:40:48.595000,284.0,312.0,215.0,315.0,True,SOFT,3.0,True,Haas F1 Team,0 days 00:39:22.811000,,1,,False,,False,True
2021-22,FP2,0 days 00:43:11.389000,MSC,47,0 days 00:02:22.794000,11.0,2.0,,,0 days 00:00:28.305000,0 days 00:01:01.021000,0 days 00:00:53.468000,0 days 00:41:16.900000,0 days 00:42:17.921000,0 days 00:43:11.389000,147.0,199.0,220.0,234.0,False,SOFT,4.0,True,Haas F1 Team,0 days 00:40:48.595000,,1,,False,,False,True
2021-22,FP2,0 days 00:44:37.222000,MSC,47,0 days 00:01:25.833000,12.0,2.0,,,0 days 00:00:17.663000,0 days 00:00:36.761000,0 days 00:00:31.409000,0 days 00:43:29.052000,0 days 00:44:05.813000,0 days 00:44:37.222000,284.0,315.0,216.0,318.0,False,SOFT,5.0,True,Haas F1 Team,0 days 00:43:11.389000,,1,,False,,False,True
2021-22,FP2,0 days 00:46:50.376000,MSC,47,0 days 00:02:13.154000,13.0,2.0,,,0 days 00:00:27.611000,0 days 00:00:57.620000,0 days 00:00:47.923000,0 days 00:45:04.833000,0 days 00:46:02.453000,0 days 00:46:50.376000,202.0,236.0,222.0,86.0,False,SOFT,6.0,True,Haas F1 Team,0 days 00:44:37.222000,,1,,False,,False,True
2021-22,FP2,0 days 00:48:16.277000,MSC,47,0 days 00:01:25.901000,14.0,2.0,,,0 days 00:00:17.585000,0 days 00:00:36.781000,0 days 00:00:31.535000,0 days 00:47:07.961000,0 days 00:47:44.742000,0 days 00:48:16.277000,286.0,313.0,213.0,316.0,False,SOFT,7.0,True,Haas F1 Team,0 days 00:46:50.376000,,1,,False,,False,True
2021-22,FP2,0 days 00:50:07.273000,MSC,47,0 days 00:01:50.996000,15.0,2.0,,0 days 00:50:06.402000,0 days 00:00:21.368000,0 days 00:00:51.507000,0 days 00:00:38.121000,0 days 00:48:37.645000,0 days 00:49:29.152000,0 days 00:50:07.273000,251.0,177.0,,198.0,False,SOFT,8.0,True,Haas F1 Team,0 days 00:48:16.277000,,1,,False,,False,False
2021-22,FP2,0 days 00:59:17.661000,MSC,47,,16.0,3.0,0 days 00:57:42.565000,,,0 days 00:00:41.093000,0 days 00:00:34.691000,,0 days 00:58:44.708000,0 days 00:59:17.698000,250.0,275.0,209.0,285.0,False,MEDIUM,8.0,False,Haas F1 Team,0 days 00:50:07.273000,,1,,False,,False,False
2021-22,FP2,0 days 01:00:49.324000,MSC,47,0 days 00:01:31.663000,17.0,3.0,,,0 days 00:00:18.478000,0 days 00:00:38.968000,0 days 00:00:34.217000,0 days 00:59:36.139000,0 days 01:00:15.107000,0 days 01:00:49.324000,279.0,298.0,206.0,300.0,False,MEDIUM,9.0,False,Haas F1 Team,0 days 00:59:17.661000,,12,,False,,False,True
2021-22,FP2,0 days 01:02:20.981000,MSC,47,0 days 00:01:31.657000,18.0,3.0,,,0 days 00:00:18.564000,0 days 00:00:39.132000,0 days 00:00:33.961000,0 days 01:01:07.888000,0 days 01:01:47.020000,0 days 01:02:20.981000,279.0,293.0,206.0,299.0,False,MEDIUM,10.0,False,Haas F1 Team,0 days 01:00:49.324000,,1,,False,,False,True
2021-22,FP2,0 days 01:03:52.649000,MSC,47,0 days 00:01:31.668000,19.0,3.0,,,0 days 00:00:18.483000,0 days 00:00:39.130000,0 days 00:00:34.055000,0 days 01:02:39.464000,0 days 01:03:18.594000,0 days 01:03:52.649000,279.0,294.0,206.0,296.0,False,MEDIUM,11.0,False,Haas F1 Team,0 days 01:02:20.981000,,1,,False,,False,True
2021-22,FP2,0 days 01:05:24.739000,MSC,47,0 days 00:01:32.090000,20.0,3.0,,,0 days 00:00:18.657000,0 days 00:00:39.403000,0 days 00:00:34.030000,0 days 01:04:11.306000,0 days 01:04:50.709000,0 days 01:05:24.739000,280.0,291.0,207.0,293.0,False,MEDIUM,12.0,False,Haas F1 Team,0 days 01:03:52.649000,,1,,False,,False,True
2021-22,FP2,0 days 01:06:56.369000,MSC,47,0 days 00:01:31.630000,21.0,3.0,,,0 days 00:00:18.471000,0 days 00:00:39.188000,0 days 00:00:33.971000,0 days 01:05:43.210000,0 days 01:06:22.398000,0 days 01:06:56.369000,280.0,292.0,207.0,294.0,False,MEDIUM,13.0,False,Haas F1 Team,0 days 01:05:24.739000,,1,,False,,False,True
2021-22,FP2,0 days 01:08:29.238000,MSC,47,0 days 00:01:32.869000,22.0,3.0,,,0 days 00:00:18.591000,0 days 00:00:39.475000,0 days 00:00:34.803000,0 days 01:07:14.960000,0 days 01:07:54.435000,0 days 01:08:29.238000,280.0,281.0,208.0,295.0,False,MEDIUM,14.0,False,Haas F1 Team,0 days 01:06:56.369000,,1,,False,,False,True
2021-22,FP2,0 days 01:10:00.786000,MSC,47,0 days 00:01:31.548000,23.0,3.0,,,0 days 00:00:18.375000,0 days 00:00:39.172000,0 days 00:00:34.001000,0 days 01:08:47.613000,0 days 01:09:26.785000,0 days 01:10:00.786000,281.0,297.0,206.0,298.0,False,MEDIUM,15.0,False,Haas F1 Team,0 days 01:08:29.238000,,1,,False,,False,True
2021-22,FP2,0 days 01:11:32.891000,MSC,47,0 days 00:01:32.105000,24.0,3.0,,,0 days 00:00:18.761000,0 days 00:00:39.377000,0 days 00:00:33.967000,0 days 01:10:19.547000,0 days 01:10:58.924000,0 days 01:11:32.891000,281.0,293.0,206.0,295.0,False,MEDIUM,16.0,False,Haas F1 Team,0 days 01:10:00.786000,,1,,False,,False,True
2021-22,FP2,0 days 01:13:08.250000,MSC,47,0 days 00:01:35.359000,25.0,3.0,,0 days 01:13:07.204000,0 days 00:00:18.585000,0 days 00:00:39.436000,0 days 00:00:37.338000,0 days 01:11:51.476000,0 days 01:12:30.912000,0 days 01:13:08.250000,281.0,276.0,,269.0,False,MEDIUM,17.0,False,Haas F1 Team,0 days 01:11:32.891000,,1,,False,,False,False
2021-22,FP2,0 days 01:14:59.520000,MSC,47,0 days 00:01:51.270000,26.0,4.0,0 days 01:13:29.037000,,0 days 00:00:38.814000,0 days 00:00:39.331000,0 days 00:00:33.125000,0 days 01:13:47.064000,0 days 01:14:26.395000,0 days 01:14:59.520000,274.0,292.0,210.0,295.0,False,SOFT,9.0,False,Haas F1 Team,0 days 01:13:08.250000,,1,,False,,False,False
2021-22,FP2,0 days 01:17:08.909000,MSC,47,0 days 00:02:09.389000,27.0,4.0,,0 days 01:17:08.900000,0 days 00:00:18.278000,0 days 00:00:55.213000,0 days 00:00:55.898000,0 days 01:15:17.798000,0 days 01:16:13.011000,0 days 01:17:08.909000,280.0,171.0,,141.0,False,SOFT,10.0,False,Haas F1 Team,0 days 01:14:59.520000,,125,,False,,False,False
2021-22,FP2,0 days 00:17:44.335000,SAI,55,,1.0,1.0,0 days 00:15:34.367000,,,0 days 00:00:50.398000,0 days 00:00:55.949000,,0 days 00:16:48.530000,0 days 00:17:44.335000,247.0,257.0,221.0,288.0,False,MEDIUM,1.0,True,Ferrari,0 days 00:15:34.367000,,1,,False,,False,False
2021-22,FP2,0 days 00:19:09.898000,SAI,55,0 days 00:01:25.563000,2.0,1.0,,,0 days 00:00:17.574000,,,0 days 00:18:01.863000,,,282.0,257.0,219.0,316.0,True,MEDIUM,2.0,True,Ferrari,0 days 00:17:44.335000,,1,,False,,False,False
2021-22,FP2,0 days 00:21:44.340000,SAI,55,,3.0,1.0,,,0 days 00:00:28.827000,0 days 00:01:13.073000,0 days 00:00:52.586000,0 days 00:19:41.568000,0 days 00:20:52.015000,0 days 00:21:44.409000,182.0,67.0,221.0,199.0,False,MEDIUM,3.0,True,Ferrari,0 days 00:19:09.898000,,1,,False,,False,False
2021-22,FP2,0 days 00:23:10.173000,SAI,55,0 days 00:01:25.833000,4.0,1.0,,,0 days 00:00:17.566000,0 days 00:00:37.060000,0 days 00:00:31.207000,0 days 00:22:01.906000,0 days 00:22:38.966000,0 days 00:23:10.173000,283.0,311.0,219.0,314.0,False,MEDIUM,4.0,True,Ferrari,0 days 00:21:44.340000,,1,,False,,False,True
2021-22,FP2,0 days 00:25:53.354000,SAI,55,,5.0,1.0,,,0 days 00:00:34.344000,0 days 00:01:14.244000,0 days 00:00:54.617000,0 days 00:23:44.545000,0 days 00:24:58.739000,0 days 00:25:53.449000,57.0,160.0,221.0,150.0,False,MEDIUM,5.0,True,Ferrari,0 days 00:23:10.173000,,1,,False,,False,False
2021-22,FP2,0 days 00:27:18.624000,SAI,55,0 days 00:01:25.270000,6.0,1.0,,,0 days 00:00:17.468000,0 days 00:00:36.619000,0 days 00:00:31.183000,0 days 00:26:10.822000,0 days 00:26:47.441000,0 days 00:27:18.624000,283.0,314.0,219.0,317.0,True,MEDIUM,6.0,True,Ferrari,0 days 00:25:53.354000,,1,,False,,False,True
2021-22,FP2,0 days 00:29:51.348000,SAI,55,,7.0,1.0,,,0 days 00:00:27.631000,0 days 00:01:13.269000,0 days 00:00:51.861000,0 days 00:27:46.218000,0 days 00:29:00.053000,0 days 00:29:51.435000,191.0,131.0,219.0,150.0,False,MEDIUM,7.0,True,Ferrari,0 days 00:27:18.624000,,12,,False,,False,False
2021-22,FP2,0 days 00:31:37.676000,SAI,55,0 days 00:01:46.328000,8.0,1.0,,0 days 00:31:36.635000,0 days 00:00:17.577000,0 days 00:00:46.122000,0 days 00:00:42.629000,0 days 00:30:08.925000,0 days 00:30:55.047000,0 days 00:31:37.676000,282.0,214.0,,199.0,False,MEDIUM,8.0,True,Ferrari,0 days 00:29:51.348000,,1,,False,,False,False
2021-22,FP2,0 days 00:37:05.298000,SAI,55,,9.0,2.0,0 days 00:34:54.064000,,,0 days 00:00:56.616000,0 days 00:00:47.918000,,0 days 00:36:17.412000,0 days 00:37:05.576000,225.0,239.0,224.0,245.0,False,SOFT,1.0,True,Ferrari,0 days 00:31:37.676000,,1,,False,,False,False
2021-22,FP2,0 days 00:39:03.545000,SAI,55,0 days 00:01:58.247000,10.0,2.0,,0 days 00:39:03.570000,0 days 00:00:17.457000,0 days 00:00:46.807000,0 days 00:00:53.983000,0 days 00:37:22.755000,0 days 00:38:09.562000,0 days 00:39:03.545000,283.0,121.0,,314.0,False,SOFT,2.0,True,Ferrari,0 days 00:37:05.298000,,1,,False,,False,False
2021-22,FP2,0 days 00:41:36.344000,SAI,55,,11.0,3.0,0 days 00:39:42.843000,,0 days 00:01:01.346000,0 days 00:00:47.472000,0 days 00:00:43.941000,0 days 00:40:04.942000,0 days 00:40:52.403000,0 days 00:41:36.728000,241.0,244.0,221.0,263.0,False,SOFT,3.0,False,Ferrari,0 days 00:39:03.545000,,1,,False,,False,False
2021-22,FP2,0 days 00:43:01.188000,SAI,55,0 days 00:01:24.844000,12.0,3.0,,,0 days 00:00:17.533000,0 days 00:00:36.336000,0 days 00:00:30.975000,0 days 00:41:53.877000,0 days 00:42:30.213000,0 days 00:43:01.188000,282.0,314.0,220.0,317.0,True,SOFT,4.0,False,Ferrari,0 days 00:41:36.344000,,1,,False,,False,True
2021-22,FP2,0 days 00:45:37.570000,SAI,55,,13.0,3.0,,,0 days 00:00:28.346000,0 days 00:01:03.827000,0 days 00:01:04.228000,0 days 00:43:29.527000,0 days 00:44:33.342000,0 days 00:45:37.729000,142.0,116.0,218.0,148.0,False,SOFT,5.0,False,Ferrari,0 days 00:43:01.188000,,1,,False,,False,False
2021-22,FP2,0 days 00:47:10.322000,SAI,55,0 days 00:01:32.752000,14.0,3.0,,0 days 00:47:09.280000,0 days 00:00:17.552000,0 days 00:00:36.660000,0 days 00:00:38.540000,0 days 00:45:55.122000,0 days 00:46:31.782000,0 days 00:47:10.322000,284.0,311.0,,313.0,False,SOFT,6.0,False,Ferrari,0 days 00:45:37.570000,,1,,False,,False,False
2021-22,FP2,0 days 00:54:27.412000,SAI,55,,15.0,4.0,0 days 00:52:43.179000,,,0 days 00:00:44.369000,0 days 00:00:39.953000,,0 days 00:53:47.487000,0 days 00:54:27.531000,252.0,255.0,215.0,251.0,False,MEDIUM,9.0,False,Ferrari,0 days 00:47:10.322000,,1,,False,,False,False
2021-22,FP2,0 days 00:55:57.715000,SAI,55,0 days 00:01:30.303000,16.0,4.0,,,0 days 00:00:18.280000,0 days 00:00:38.145000,0 days 00:00:33.878000,0 days 00:54:45.692000,0 days 00:55:23.837000,0 days 00:55:57.715000,280.0,300.0,213.0,309.0,False,MEDIUM,10.0,False,Ferrari,0 days 00:54:27.412000,,1,,False,,False,True
2021-22,FP2,0 days 00:57:27.591000,SAI,55,0 days 00:01:29.876000,17.0,4.0,,,0 days 00:00:18.244000,,,0 days 00:56:15.959000,,,280.0,300.0,211.0,293.0,False,MEDIUM,11.0,False,Ferrari,0 days 00:55:57.715000,,1,,False,,False,False
2021-22,FP2,0 days 00:58:57.616000,SAI,55,0 days 00:01:30.025000,18.0,4.0,,,0 days 00:00:18.221000,,,0 days 00:57:45.812000,,,280.0,300.0,210.0,294.0,False,MEDIUM,12.0,False,Ferrari,0 days 00:57:27.591000,,1,,False,,False,False
2021-22,FP2,0 days 01:00:27.679000,SAI,55,0 days 00:01:30.063000,19.0,4.0,,,0 days 00:00:18.197000,,,0 days 00:59:15.813000,,,283.0,300.0,210.0,297.0,False,MEDIUM,13.0,False,Ferrari,0 days 00:58:57.616000,,12,,False,,False,False
2021-22,FP2,0 days 01:01:57.868000,SAI,55,0 days 00:01:30.189000,20.0,4.0,,,0 days 00:00:18.276000,0 days 00:00:38.699000,0 days 00:00:33.214000,0 days 01:00:45.955000,0 days 01:01:24.654000,0 days 01:01:57.868000,281.0,292.0,208.0,294.0,False,MEDIUM,14.0,False,Ferrari,0 days 01:00:27.679000,,1,,False,,False,True
2021-22,FP2,0 days 01:03:27.928000,SAI,55,0 days 00:01:30.060000,21.0,4.0,,,0 days 00:00:18.227000,,,0 days 01:02:16.095000,,,281.0,292.0,211.0,294.0,False,MEDIUM,15.0,False,Ferrari,0 days 01:01:57.868000,,1,,False,,False,False
2021-22,FP2,0 days 01:04:58.166000,SAI,55,0 days 00:01:30.238000,22.0,4.0,,,0 days 00:00:18.271000,,,0 days 01:03:46.199000,,,281.0,292.0,208.0,293.0,False,MEDIUM,16.0,False,Ferrari,0 days 01:03:27.928000,,1,,False,,False,False
2021-22,FP2,0 days 01:06:29.385000,SAI,55,0 days 00:01:31.219000,23.0,4.0,,,0 days 00:00:18.186000,0 days 00:00:39.403000,0 days 00:00:33.630000,0 days 01:05:16.352000,0 days 01:05:55.755000,0 days 01:06:29.385000,281.0,298.0,209.0,295.0,False,MEDIUM,17.0,False,Ferrari,0 days 01:04:58.166000,,1,,False,,False,True
2021-22,FP2,0 days 01:08:00.467000,SAI,55,0 days 00:01:31.082000,24.0,4.0,,,0 days 00:00:18.203000,0 days 00:00:38.594000,0 days 00:00:34.285000,0 days 01:06:47.588000,0 days 01:07:26.182000,0 days 01:08:00.467000,283.0,304.0,210.0,313.0,False,MEDIUM,18.0,False,Ferrari,0 days 01:06:29.385000,,1,,False,,False,True
2021-22,FP2,0 days 01:09:31.425000,SAI,55,0 days 00:01:30.958000,25.0,4.0,,,0 days 00:00:18.661000,0 days 00:00:38.732000,0 days 00:00:33.565000,0 days 01:08:19.128000,0 days 01:08:57.860000,0 days 01:09:31.425000,284.0,296.0,209.0,322.0,False,MEDIUM,19.0,False,Ferrari,0 days 01:08:00.467000,,1,,False,,False,True
2021-22,FP2,0 days 01:11:04.403000,SAI,55,0 days 00:01:32.978000,26.0,4.0,,0 days 01:11:03.344000,0 days 00:00:18.398000,0 days 00:00:38.984000,0 days 00:00:35.596000,0 days 01:09:49.823000,0 days 01:10:28.807000,0 days 01:11:04.403000,278.0,295.0,,292.0,False,MEDIUM,20.0,False,Ferrari,0 days 01:09:31.425000,,1,,False,,False,False
2021-22,FP2,0 days 01:12:54.512000,SAI,55,0 days 00:01:50.109000,27.0,5.0,0 days 01:11:25.120000,,0 days 00:00:38.476000,,,0 days 01:11:42.879000,,,282.0,295.0,212.0,322.0,False,SOFT,7.0,False,Ferrari,0 days 01:11:04.403000,,1,,False,,False,False
2021-22,FP2,0 days 01:14:23.783000,SAI,55,0 days 00:01:29.271000,28.0,5.0,,,0 days 00:00:18.097000,0 days 00:00:38.578000,0 days 00:00:32.596000,0 days 01:13:12.609000,0 days 01:13:51.187000,0 days 01:14:23.783000,281.0,294.0,213.0,288.0,False,SOFT,8.0,False,Ferrari,0 days 01:12:54.512000,,1,,False,,False,True
2021-22,FP2,0 days 01:16:07.279000,SAI,55,0 days 00:01:43.496000,29.0,5.0,,0 days 01:16:06.398000,0 days 00:00:17.976000,0 days 00:00:38.638000,0 days 00:00:46.882000,0 days 01:14:41.759000,0 days 01:15:20.397000,0 days 01:16:07.279000,283.0,294.0,,288.0,False,SOFT,9.0,False,Ferrari,0 days 01:14:23.783000,,125,,False,,False,False
2021-22,FP2,0 days 00:18:17.875000,RUS,63,,1.0,1.0,0 days 00:16:08.665000,,,0 days 00:00:43.606000,0 days 00:01:03.581000,,0 days 00:17:14.378000,0 days 00:18:18.062000,263.0,231.0,217.0,294.0,False,MEDIUM,1.0,True,Williams,0 days 00:16:08.665000,,1,,False,,False,False
2021-22,FP2,0 days 00:19:45.642000,RUS,63,0 days 00:01:27.767000,2.0,1.0,,,0 days 00:00:17.819000,0 days 00:00:37.556000,0 days 00:00:32.392000,0 days 00:18:35.694000,0 days 00:19:13.250000,0 days 00:19:45.642000,278.0,304.0,217.0,310.0,True,MEDIUM,2.0,True,Williams,0 days 00:18:17.875000,,1,,False,,False,True
2021-22,FP2,0 days 00:21:57.423000,RUS,63,0 days 00:02:11.781000,3.0,1.0,,,0 days 00:00:26.260000,0 days 00:00:48.702000,0 days 00:00:56.819000,0 days 00:20:11.902000,0 days 00:21:00.604000,0 days 00:21:57.423000,229.0,204.0,222.0,235.0,False,MEDIUM,3.0,True,Williams,0 days 00:19:45.642000,,1,,False,,False,True
2021-22,FP2,0 days 00:23:24.785000,RUS,63,0 days 00:01:27.362000,4.0,1.0,,,0 days 00:00:17.711000,0 days 00:00:37.683000,0 days 00:00:31.968000,0 days 00:22:15.134000,0 days 00:22:52.817000,0 days 00:23:24.785000,276.0,302.0,217.0,309.0,True,MEDIUM,4.0,True,Williams,0 days 00:21:57.423000,,1,,False,,False,True
2021-22,FP2,0 days 00:25:29.830000,RUS,63,0 days 00:02:05.045000,5.0,1.0,,,0 days 00:00:28.089000,0 days 00:00:49.053000,0 days 00:00:47.903000,0 days 00:23:52.874000,0 days 00:24:41.927000,0 days 00:25:29.830000,157.0,243.0,222.0,257.0,False,MEDIUM,5.0,True,Williams,0 days 00:23:24.785000,,1,,False,,False,True
2021-22,FP2,0 days 00:26:56.808000,RUS,63,0 days 00:01:26.978000,6.0,1.0,,,0 days 00:00:17.706000,0 days 00:00:37.495000,0 days 00:00:31.777000,0 days 00:25:47.536000,0 days 00:26:25.031000,0 days 00:26:56.808000,275.0,301.0,218.0,306.0,True,MEDIUM,6.0,True,Williams,0 days 00:25:29.830000,,1,,False,,False,True
2021-22,FP2,0 days 00:28:56.818000,RUS,63,0 days 00:02:00.010000,7.0,1.0,,0 days 00:28:55.867000,0 days 00:00:23.848000,0 days 00:00:49.187000,0 days 00:00:46.975000,0 days 00:27:20.656000,0 days 00:28:09.843000,0 days 00:28:56.818000,240.0,156.0,,231.0,False,MEDIUM,7.0,True,Williams,0 days 00:26:56.808000,,12,,False,,False,False
2021-22,FP2,0 days 00:35:28.278000,RUS,63,,8.0,2.0,0 days 00:33:40.324000,,,0 days 00:00:43.455000,0 days 00:00:41.274000,,0 days 00:34:47.004000,0 days 00:35:28.396000,260.0,240.0,221.0,299.0,False,SOFT,1.0,True,Williams,0 days 00:28:56.818000,,1,,False,,False,False
2021-22,FP2,0 days 00:36:54.885000,RUS,63,0 days 00:01:26.607000,9.0,2.0,,,0 days 00:00:17.665000,0 days 00:00:37.382000,0 days 00:00:31.560000,0 days 00:35:45.943000,0 days 00:36:23.325000,0 days 00:36:54.885000,275.0,300.0,219.0,303.0,True,SOFT,2.0,True,Williams,0 days 00:35:28.278000,,1,,False,,False,True
2021-22,FP2,0 days 00:39:09.885000,RUS,63,0 days 00:02:15,10.0,2.0,,,0 days 00:00:26.046000,0 days 00:00:50.619000,0 days 00:00:58.335000,0 days 00:37:20.931000,0 days 00:38:11.550000,0 days 00:39:09.885000,207.0,172.0,224.0,264.0,False,SOFT,3.0,True,Williams,0 days 00:36:54.885000,,1,,False,,False,True
2021-22,FP2,0 days 00:40:35.434000,RUS,63,0 days 00:01:25.549000,11.0,2.0,,,0 days 00:00:17.459000,0 days 00:00:36.731000,0 days 00:00:31.359000,0 days 00:39:27.344000,0 days 00:40:04.075000,0 days 00:40:35.434000,282.0,313.0,222.0,318.0,True,SOFT,4.0,True,Williams,0 days 00:39:09.885000,,1,,False,,False,True
2021-22,FP2,0 days 00:42:56.255000,RUS,63,0 days 00:02:20.821000,12.0,2.0,,,0 days 00:00:28.565000,0 days 00:00:53.554000,0 days 00:00:58.702000,0 days 00:41:03.999000,0 days 00:41:57.553000,0 days 00:42:56.255000,233.0,160.0,221.0,223.0,False,SOFT,5.0,True,Williams,0 days 00:40:35.434000,,1,,False,,False,True
2021-22,FP2,0 days 00:44:22.718000,RUS,63,0 days 00:01:26.463000,13.0,2.0,,,0 days 00:00:17.663000,0 days 00:00:37.223000,0 days 00:00:31.577000,0 days 00:43:13.918000,0 days 00:43:51.141000,0 days 00:44:22.718000,276.0,302.0,219.0,305.0,False,SOFT,6.0,True,Williams,0 days 00:42:56.255000,,1,,False,,False,True
2021-22,FP2,0 days 00:46:13.960000,RUS,63,0 days 00:01:51.242000,14.0,2.0,,0 days 00:46:12.931000,0 days 00:00:22.059000,0 days 00:00:50.232000,0 days 00:00:38.951000,0 days 00:44:44.777000,0 days 00:45:35.009000,0 days 00:46:13.960000,133.0,103.0,,257.0,False,SOFT,7.0,True,Williams,0 days 00:44:22.718000,,1,,False,,False,False
2021-22,FP2,0 days 00:54:09.224000,RUS,63,,15.0,3.0,0 days 00:52:37.997000,,,0 days 00:00:39.632000,0 days 00:00:33.152000,,0 days 00:53:36.072000,0 days 00:54:09.332000,273.0,282.0,214.0,285.0,False,SOFT,8.0,False,Williams,0 days 00:46:13.960000,,1,,False,,False,False
2021-22,FP2,0 days 00:55:41.489000,RUS,63,0 days 00:01:32.265000,16.0,3.0,,0 days 00:55:40.588000,0 days 00:00:18.246000,0 days 00:00:39.093000,0 days 00:00:34.926000,0 days 00:54:27.470000,0 days 00:55:06.563000,0 days 00:55:41.489000,268.0,280.0,,283.0,False,SOFT,9.0,False,Williams,0 days 00:54:09.224000,,1,,False,,False,False
2021-22,FP2,0 days 00:57:40.545000,RUS,63,0 days 00:01:59.056000,17.0,4.0,0 days 00:56:10.340000,,0 days 00:00:46.044000,0 days 00:00:39.408000,0 days 00:00:33.604000,0 days 00:56:27.533000,0 days 00:57:06.941000,0 days 00:57:40.545000,270.0,286.0,211.0,289.0,False,MEDIUM,8.0,False,Williams,0 days 00:55:41.489000,,1,,False,,False,False
2021-22,FP2,0 days 00:59:11.362000,RUS,63,0 days 00:01:30.817000,18.0,4.0,,,0 days 00:00:18.324000,0 days 00:00:39.207000,0 days 00:00:33.286000,0 days 00:57:58.869000,0 days 00:58:38.076000,0 days 00:59:11.362000,269.0,281.0,213.0,286.0,False,MEDIUM,9.0,False,Williams,0 days 00:57:40.545000,,1,,False,,False,True
2021-22,FP2,0 days 01:00:42.386000,RUS,63,0 days 00:01:31.024000,19.0,4.0,,,0 days 00:00:18.210000,0 days 00:00:39.095000,0 days 00:00:33.719000,0 days 00:59:29.572000,0 days 01:00:08.667000,0 days 01:00:42.386000,275.0,282.0,212.0,289.0,False,MEDIUM,10.0,False,Williams,0 days 00:59:11.362000,,12,,False,,False,True
2021-22,FP2,0 days 01:02:13.530000,RUS,63,0 days 00:01:31.144000,20.0,4.0,,,0 days 00:00:18.580000,0 days 00:00:38.999000,0 days 00:00:33.565000,0 days 01:01:00.966000,0 days 01:01:39.965000,0 days 01:02:13.530000,270.0,287.0,211.0,292.0,False,MEDIUM,11.0,False,Williams,0 days 01:00:42.386000,,1,,False,,False,True
2021-22,FP2,0 days 01:03:44.536000,RUS,63,0 days 00:01:31.006000,21.0,4.0,,,0 days 00:00:18.456000,0 days 00:00:39.146000,0 days 00:00:33.404000,0 days 01:02:31.986000,0 days 01:03:11.132000,0 days 01:03:44.536000,270.0,282.0,212.0,290.0,False,MEDIUM,12.0,False,Williams,0 days 01:02:13.530000,,1,,False,,False,True
2021-22,FP2,0 days 01:05:15.477000,RUS,63,0 days 00:01:30.941000,22.0,4.0,,,0 days 00:00:18.455000,0 days 00:00:39.001000,0 days 00:00:33.485000,0 days 01:04:02.991000,0 days 01:04:41.992000,0 days 01:05:15.477000,273.0,285.0,212.0,289.0,False,MEDIUM,13.0,False,Williams,0 days 01:03:44.536000,,1,,False,,False,True
2021-22,FP2,0 days 01:06:51.352000,RUS,63,0 days 00:01:35.875000,23.0,4.0,,,0 days 00:00:18.612000,0 days 00:00:40.650000,0 days 00:00:36.613000,0 days 01:05:34.089000,0 days 01:06:14.739000,0 days 01:06:51.352000,272.0,138.0,211.0,300.0,False,MEDIUM,14.0,False,Williams,0 days 01:05:15.477000,,1,,False,,False,True
2021-22,FP2,0 days 01:08:22.421000,RUS,63,0 days 00:01:31.069000,24.0,4.0,,,0 days 00:00:18.441000,0 days 00:00:39.146000,0 days 00:00:33.482000,0 days 01:07:09.793000,0 days 01:07:48.939000,0 days 01:08:22.421000,271.0,282.0,212.0,287.0,False,MEDIUM,15.0,False,Williams,0 days 01:06:51.352000,,1,,False,,False,True
2021-22,FP2,0 days 01:09:53.311000,RUS,63,0 days 00:01:30.890000,25.0,4.0,,,0 days 00:00:18.200000,0 days 00:00:38.924000,0 days 00:00:33.766000,0 days 01:08:40.621000,0 days 01:09:19.545000,0 days 01:09:53.311000,270.0,289.0,212.0,294.0,False,MEDIUM,16.0,False,Williams,0 days 01:08:22.421000,,1,,False,,False,True
2021-22,FP2,0 days 01:11:24.263000,RUS,63,0 days 00:01:30.952000,26.0,4.0,,,0 days 00:00:18.242000,0 days 00:00:39.042000,0 days 00:00:33.668000,0 days 01:10:11.553000,0 days 01:10:50.595000,0 days 01:11:24.263000,268.0,289.0,212.0,294.0,False,MEDIUM,17.0,False,Williams,0 days 01:09:53.311000,,1,,False,,False,True
2021-22,FP2,0 days 01:12:57.438000,RUS,63,0 days 00:01:33.175000,27.0,4.0,,,0 days 00:00:18.340000,0 days 00:00:39.091000,0 days 00:00:35.744000,0 days 01:11:42.603000,0 days 01:12:21.694000,0 days 01:12:57.438000,277.0,271.0,216.0,295.0,False,MEDIUM,18.0,False,Williams,0 days 01:11:24.263000,,1,,False,,False,True
2021-22,FP2,0 days 01:14:28.136000,RUS,63,0 days 00:01:30.698000,28.0,4.0,,,0 days 00:00:18.302000,0 days 00:00:38.715000,0 days 00:00:33.681000,0 days 01:13:15.740000,0 days 01:13:54.455000,0 days 01:14:28.136000,279.0,289.0,212.0,296.0,False,MEDIUM,19.0,False,Williams,0 days 01:12:57.438000,,1,,False,,False,True
2021-22,FP2,0 days 01:16:12.013000,RUS,63,0 days 00:01:43.877000,29.0,4.0,,0 days 01:16:12.005000,0 days 00:00:18.313000,0 days 00:00:38.914000,0 days 00:00:46.650000,0 days 01:14:46.449000,0 days 01:15:25.363000,0 days 01:16:12.013000,,291.0,,295.0,False,MEDIUM,20.0,False,Williams,0 days 01:14:28.136000,,125,,False,,False,False
2021-22,FP2,0 days 00:17:23.431000,BOT,77,,1.0,1.0,0 days 00:15:17.467000,,,0 days 00:00:49.939000,0 days 00:00:49.715000,,0 days 00:16:33.719000,0 days 00:17:25.487000,255.0,195.0,218.0,225.0,False,MEDIUM,1.0,True,Mercedes,0 days 00:15:17.467000,,1,,False,,False,False
2021-22,FP2,0 days 00:18:48.770000,BOT,77,0 days 00:01:25.339000,2.0,1.0,,,0 days 00:00:17.483000,0 days 00:00:36.812000,0 days 00:00:31.044000,0 days 00:17:40.914000,0 days 00:18:17.726000,0 days 00:18:48.770000,287.0,310.0,218.0,314.0,True,MEDIUM,2.0,True,Mercedes,0 days 00:17:23.431000,,1,,False,,False,True
2021-22,FP2,0 days 00:21:06.042000,BOT,77,0 days 00:02:17.272000,3.0,1.0,,,0 days 00:00:26.117000,0 days 00:01:00.955000,0 days 00:00:50.200000,0 days 00:19:14.887000,0 days 00:20:15.842000,0 days 00:21:06.042000,142.0,161.0,219.0,154.0,False,MEDIUM,3.0,True,Mercedes,0 days 00:18:48.770000,,1,,False,,False,True
2021-22,FP2,0 days 00:23:07.612000,BOT,77,0 days 00:02:01.570000,4.0,1.0,,,0 days 00:00:17.415000,0 days 00:00:43.649000,0 days 00:01:00.506000,0 days 00:21:23.457000,0 days 00:22:07.106000,0 days 00:23:07.612000,287.0,177.0,219.0,231.0,False,MEDIUM,4.0,True,Mercedes,0 days 00:21:06.042000,,1,,False,,False,True
2021-22,FP2,0 days 00:24:40.721000,BOT,77,0 days 00:01:33.109000,5.0,1.0,,0 days 00:24:40.758000,0 days 00:00:17.411000,0 days 00:00:36.630000,0 days 00:00:39.068000,0 days 00:23:25.023000,0 days 00:24:01.653000,0 days 00:24:40.721000,286.0,311.0,,315.0,False,MEDIUM,5.0,True,Mercedes,0 days 00:23:07.612000,,1,,False,,False,False
2021-22,FP2,0 days 00:31:45.981000,BOT,77,,6.0,2.0,0 days 00:29:48.205000,,,0 days 00:00:47.648000,0 days 00:00:41.443000,,0 days 00:31:04.574000,0 days 00:31:48.170000,206.0,229.0,223.0,259.0,False,SOFT,1.0,False,Mercedes,0 days 00:24:40.721000,,12,,False,,False,False
2021-22,FP2,0 days 00:33:10.253000,BOT,77,0 days 00:01:24.272000,7.0,2.0,,,0 days 00:00:17.367000,0 days 00:00:36.439000,0 days 00:00:30.466000,0 days 00:32:03.348000,0 days 00:32:39.787000,0 days 00:33:10.253000,287.0,313.0,218.0,318.0,True,SOFT,2.0,False,Mercedes,0 days 00:31:45.981000,,1,,False,,False,True
2021-22,FP2,0 days 00:35:25.308000,BOT,77,0 days 00:02:15.055000,8.0,2.0,,0 days 00:35:24.275000,0 days 00:00:25.159000,0 days 00:00:56.742000,0 days 00:00:53.154000,0 days 00:33:35.412000,0 days 00:34:32.154000,0 days 00:35:25.308000,173.0,153.0,,179.0,False,SOFT,3.0,False,Mercedes,0 days 00:33:10.253000,,1,,False,,False,False
2021-22,FP2,0 days 00:37:49.013000,BOT,77,0 days 00:02:23.705000,9.0,3.0,0 days 00:35:52.149000,,0 days 00:00:52.324000,0 days 00:00:47.812000,0 days 00:00:43.569000,0 days 00:36:17.632000,0 days 00:37:05.444000,0 days 00:37:49.013000,217.0,195.0,224.0,257.0,False,SOFT,1.0,True,Mercedes,0 days 00:35:25.308000,,1,,False,,False,False
2021-22,FP2,0 days 00:39:13.096000,BOT,77,0 days 00:01:24.083000,10.0,3.0,,,0 days 00:00:17.388000,0 days 00:00:36.323000,0 days 00:00:30.372000,0 days 00:38:06.401000,0 days 00:38:42.724000,0 days 00:39:13.096000,286.0,314.0,220.0,320.0,True,SOFT,2.0,True,Mercedes,0 days 00:37:49.013000,,1,,False,,False,True
2021-22,FP2,0 days 00:41:24.806000,BOT,77,0 days 00:02:11.710000,11.0,3.0,,,0 days 00:00:24.415000,0 days 00:01:00.149000,0 days 00:00:47.146000,0 days 00:39:37.511000,0 days 00:40:37.660000,0 days 00:41:24.806000,161.0,208.0,177.0,84.0,False,SOFT,3.0,True,Mercedes,0 days 00:39:13.096000,,1,,False,,False,True
2021-22,FP2,0 days 00:43:27.536000,BOT,77,0 days 00:02:02.730000,12.0,3.0,,,0 days 00:00:25.247000,0 days 00:00:46.262000,0 days 00:00:51.221000,0 days 00:41:50.053000,0 days 00:42:36.315000,0 days 00:43:27.536000,249.0,235.0,224.0,243.0,False,SOFT,4.0,True,Mercedes,0 days 00:41:24.806000,,1,,False,,False,True
2021-22,FP2,0 days 00:45:07.161000,BOT,77,0 days 00:01:39.625000,13.0,3.0,,0 days 00:45:06.050000,0 days 00:00:17.234000,0 days 00:00:36.151000,0 days 00:00:46.240000,0 days 00:43:44.770000,0 days 00:44:20.921000,0 days 00:45:07.161000,289.0,318.0,,322.0,False,SOFT,5.0,True,Mercedes,0 days 00:43:27.536000,,1,,False,,False,False
2021-22,FP2,0 days 00:52:34.025000,BOT,77,,14.0,4.0,0 days 00:50:47.423000,0 days 00:52:33.656000,,0 days 00:00:43.130000,0 days 00:00:39.627000,,0 days 00:51:54.897000,0 days 00:52:35.005000,246.0,244.0,,266.0,False,MEDIUM,6.0,False,Mercedes,0 days 00:45:07.161000,,1,,False,,False,False
2021-22,FP2,0 days 00:54:47.040000,BOT,77,0 days 00:02:13.015000,15.0,5.0,0 days 00:52:59.920000,,0 days 00:00:54.495000,0 days 00:00:41.491000,0 days 00:00:37.029000,0 days 00:53:28.520000,0 days 00:54:10.011000,0 days 00:54:47.040000,255.0,283.0,216.0,275.0,False,MEDIUM,7.0,False,Mercedes,0 days 00:52:34.025000,,1,,False,,False,False
2021-22,FP2,0 days 00:56:16.910000,BOT,77,0 days 00:01:29.870000,16.0,5.0,,,0 days 00:00:18.350000,0 days 00:00:38.328000,0 days 00:00:33.192000,0 days 00:55:05.390000,0 days 00:55:43.718000,0 days 00:56:16.910000,269.0,292.0,215.0,292.0,False,MEDIUM,8.0,False,Mercedes,0 days 00:54:47.040000,,1,,False,,False,True
2021-22,FP2,0 days 00:57:46.142000,BOT,77,0 days 00:01:29.232000,17.0,5.0,,,0 days 00:00:17.911000,0 days 00:00:38.329000,0 days 00:00:32.992000,0 days 00:56:34.821000,0 days 00:57:13.150000,0 days 00:57:46.142000,280.0,295.0,211.0,298.0,False,MEDIUM,9.0,False,Mercedes,0 days 00:56:16.910000,,1,,False,,False,True
2021-22,FP2,0 days 00:59:15.606000,BOT,77,0 days 00:01:29.464000,18.0,5.0,,,0 days 00:00:18.027000,0 days 00:00:38.002000,0 days 00:00:33.435000,0 days 00:58:04.169000,0 days 00:58:42.171000,0 days 00:59:15.606000,287.0,304.0,209.0,318.0,False,MEDIUM,10.0,False,Mercedes,0 days 00:57:46.142000,,1,,False,,False,True
2021-22,FP2,0 days 01:00:47.962000,BOT,77,0 days 00:01:32.356000,19.0,5.0,,,0 days 00:00:18.156000,0 days 00:00:38.159000,0 days 00:00:36.041000,0 days 00:59:33.762000,0 days 01:00:11.921000,0 days 01:00:47.962000,282.0,298.0,216.0,322.0,False,MEDIUM,11.0,False,Mercedes,0 days 00:59:15.606000,,12,,False,,False,True
2021-22,FP2,0 days 01:02:37.895000,BOT,77,0 days 00:01:49.933000,20.0,5.0,,,0 days 00:00:18.021000,0 days 00:00:42.058000,0 days 00:00:49.854000,0 days 01:01:05.983000,0 days 01:01:48.041000,0 days 01:02:37.895000,279.0,217.0,210.0,296.0,False,MEDIUM,12.0,False,Mercedes,0 days 01:00:47.962000,,1,,False,,False,True
2021-22,FP2,0 days 01:04:06.728000,BOT,77,0 days 00:01:28.833000,21.0,5.0,,,0 days 00:00:18.034000,0 days 00:00:38.492000,0 days 00:00:32.307000,0 days 01:02:55.929000,0 days 01:03:34.421000,0 days 01:04:06.728000,281.0,292.0,211.0,294.0,False,MEDIUM,13.0,False,Mercedes,0 days 01:02:37.895000,,1,,False,,False,True
2021-22,FP2,0 days 01:05:35.793000,BOT,77,0 days 00:01:29.065000,22.0,5.0,,,0 days 00:00:18.143000,0 days 00:00:38.391000,0 days 00:00:32.531000,0 days 01:04:24.871000,0 days 01:05:03.262000,0 days 01:05:35.793000,278.0,290.0,212.0,293.0,False,MEDIUM,14.0,False,Mercedes,0 days 01:04:06.728000,,1,,False,,False,True
2021-22,FP2,0 days 01:07:04.853000,BOT,77,0 days 00:01:29.060000,23.0,5.0,,,0 days 00:00:18.079000,0 days 00:00:38.305000,0 days 00:00:32.676000,0 days 01:05:53.872000,0 days 01:06:32.177000,0 days 01:07:04.853000,280.0,295.0,212.0,295.0,False,MEDIUM,15.0,False,Mercedes,0 days 01:05:35.793000,,1,,False,,False,True
2021-22,FP2,0 days 01:08:35.724000,BOT,77,0 days 00:01:30.871000,24.0,5.0,,,0 days 00:00:19.255000,0 days 00:00:38.564000,0 days 00:00:33.052000,0 days 01:07:24.108000,0 days 01:08:02.672000,0 days 01:08:35.724000,279.0,295.0,218.0,297.0,False,MEDIUM,16.0,False,Mercedes,0 days 01:07:04.853000,,1,,False,,False,True
2021-22,FP2,0 days 01:10:04.527000,BOT,77,0 days 00:01:28.803000,25.0,5.0,,,0 days 00:00:17.965000,0 days 00:00:38.080000,0 days 00:00:32.758000,0 days 01:08:53.689000,0 days 01:09:31.769000,0 days 01:10:04.527000,283.0,294.0,213.0,296.0,False,MEDIUM,17.0,False,Mercedes,0 days 01:08:35.724000,,1,,False,,False,True
2021-22,FP2,0 days 01:11:33.688000,BOT,77,0 days 00:01:29.161000,26.0,5.0,,,0 days 00:00:18.069000,0 days 00:00:38.021000,0 days 00:00:33.071000,0 days 01:10:22.596000,0 days 01:11:00.617000,0 days 01:11:33.688000,287.0,299.0,211.0,302.0,False,MEDIUM,18.0,False,Mercedes,0 days 01:10:04.527000,,1,,False,,False,True
2021-22,FP2,0 days 01:13:03.998000,BOT,77,0 days 00:01:30.310000,27.0,5.0,,,0 days 00:00:18.107000,0 days 00:00:38.651000,0 days 00:00:33.552000,0 days 01:11:51.795000,0 days 01:12:30.446000,0 days 01:13:03.998000,285.0,319.0,217.0,313.0,False,MEDIUM,19.0,False,Mercedes,0 days 01:11:33.688000,,1,,False,,False,True
2021-22,FP2,0 days 01:14:33.013000,BOT,77,0 days 00:01:29.015000,28.0,5.0,,,0 days 00:00:17.950000,0 days 00:00:38.199000,0 days 00:00:32.866000,0 days 01:13:21.948000,0 days 01:14:00.147000,0 days 01:14:33.013000,283.0,298.0,212.0,301.0,False,MEDIUM,20.0,False,Mercedes,0 days 01:13:03.998000,,1,,False,,False,True
2021-22,FP2,0 days 01:16:23.755000,BOT,77,0 days 00:01:50.742000,29.0,5.0,,0 days 01:16:23.747000,0 days 00:00:17.983000,0 days 00:00:38.277000,0 days 00:00:54.482000,0 days 01:14:50.996000,0 days 01:15:29.273000,0 days 01:16:23.755000,282.0,297.0,,300.0,False,MEDIUM,21.0,False,Mercedes,0 days 01:14:33.013000,,125,,False,,False,False
2021-22,FP2,0 days 00:17:16.660000,GIO,99,,1.0,1.0,0 days 00:15:15.250000,,,0 days 00:00:53.017000,0 days 00:00:44.086000,,0 days 00:16:32.607000,0 days 00:17:16.771000,215.0,179.0,220.0,152.0,False,MEDIUM,1.0,True,Alfa Romeo Racing,0 days 00:15:15.250000,,1,,False,,False,False
2021-22,FP2,0 days 00:18:43.210000,GIO,99,0 days 00:01:26.550000,2.0,1.0,,,0 days 00:00:17.679000,0 days 00:00:36.975000,0 days 00:00:31.896000,0 days 00:17:34.339000,0 days 00:18:11.314000,0 days 00:18:43.210000,283.0,315.0,219.0,318.0,True,MEDIUM,2.0,True,Alfa Romeo Racing,0 days 00:17:16.660000,,1,,False,,False,True
2021-22,FP2,0 days 00:20:59.164000,GIO,99,0 days 00:02:15.954000,3.0,1.0,,,0 days 00:00:30.418000,0 days 00:00:56.359000,0 days 00:00:49.177000,0 days 00:19:13.628000,0 days 00:20:09.987000,0 days 00:20:59.164000,149.0,136.0,222.0,156.0,False,MEDIUM,3.0,True,Alfa Romeo Racing,0 days 00:18:43.210000,,1,,False,,False,True
2021-22,FP2,0 days 00:22:25.144000,GIO,99,0 days 00:01:25.980000,4.0,1.0,,,0 days 00:00:17.657000,0 days 00:00:36.710000,0 days 00:00:31.613000,0 days 00:21:16.821000,0 days 00:21:53.531000,0 days 00:22:25.144000,284.0,318.0,220.0,320.0,True,MEDIUM,4.0,True,Alfa Romeo Racing,0 days 00:20:59.164000,,1,,False,,False,True
2021-22,FP2,0 days 00:24:59.272000,GIO,99,,5.0,1.0,,,0 days 00:00:29.539000,0 days 00:01:13.060000,0 days 00:00:51.513000,0 days 00:22:54.699000,0 days 00:24:07.769000,0 days 00:24:59.401000,137.0,132.0,218.0,108.0,False,MEDIUM,5.0,True,Alfa Romeo Racing,0 days 00:22:25.144000,,1,,False,,False,False
2021-22,FP2,0 days 00:26:25.087000,GIO,99,0 days 00:01:25.815000,6.0,1.0,,,0 days 00:00:17.698000,0 days 00:00:36.677000,0 days 00:00:31.440000,0 days 00:25:16.970000,0 days 00:25:53.647000,0 days 00:26:25.087000,283.0,317.0,219.0,319.0,True,MEDIUM,6.0,True,Alfa Romeo Racing,0 days 00:24:59.272000,,1,,False,,False,True
2021-22,FP2,0 days 00:28:42.449000,GIO,99,0 days 00:02:17.362000,7.0,1.0,,,0 days 00:00:30.158000,0 days 00:00:59.494000,0 days 00:00:47.710000,0 days 00:26:55.245000,0 days 00:27:54.739000,0 days 00:28:42.449000,93.0,158.0,220.0,223.0,False,MEDIUM,7.0,True,Alfa Romeo Racing,0 days 00:26:25.087000,,12,,False,,False,True
2021-22,FP2,0 days 00:30:39.354000,GIO,99,0 days 00:01:56.905000,8.0,1.0,,,0 days 00:00:17.572000,0 days 00:00:49.422000,0 days 00:00:49.911000,0 days 00:29:00.021000,0 days 00:29:49.443000,0 days 00:30:39.354000,284.0,156.0,223.0,227.0,False,MEDIUM,8.0,True,Alfa Romeo Racing,0 days 00:28:42.449000,,1,,False,,False,True
2021-22,FP2,0 days 00:32:05.009000,GIO,99,0 days 00:01:25.655000,9.0,1.0,,,0 days 00:00:17.482000,0 days 00:00:36.763000,0 days 00:00:31.410000,0 days 00:30:56.836000,0 days 00:31:33.599000,0 days 00:32:05.009000,283.0,316.0,219.0,320.0,True,MEDIUM,9.0,True,Alfa Romeo Racing,0 days 00:30:39.354000,,1,,False,,False,True
2021-22,FP2,0 days 00:33:57.086000,GIO,99,0 days 00:01:52.077000,10.0,1.0,,0 days 00:33:56.037000,0 days 00:00:20.725000,0 days 00:00:47.040000,0 days 00:00:44.312000,0 days 00:32:25.734000,0 days 00:33:12.774000,0 days 00:33:57.086000,251.0,182.0,,191.0,False,MEDIUM,10.0,True,Alfa Romeo Racing,0 days 00:32:05.009000,,1,,False,,False,False
2021-22,FP2,0 days 00:42:44.093000,GIO,99,,11.0,2.0,0 days 00:40:24.120000,,,0 days 00:00:55.932000,0 days 00:00:54.193000,,0 days 00:41:49.931000,0 days 00:42:44.208000,214.0,207.0,221.0,131.0,False,SOFT,1.0,True,Alfa Romeo Racing,0 days 00:33:57.086000,,1,,False,,False,False
2021-22,FP2,0 days 00:44:09.616000,GIO,99,0 days 00:01:25.523000,12.0,2.0,,,0 days 00:00:17.634000,0 days 00:00:36.674000,0 days 00:00:31.215000,0 days 00:43:01.727000,0 days 00:43:38.401000,0 days 00:44:09.616000,283.0,317.0,220.0,319.0,True,SOFT,2.0,True,Alfa Romeo Racing,0 days 00:42:44.093000,,1,,False,,False,True
2021-22,FP2,0 days 00:46:38.580000,GIO,99,0 days 00:02:28.964000,13.0,2.0,,,0 days 00:00:32.648000,0 days 00:01:05.926000,0 days 00:00:50.390000,0 days 00:44:42.264000,0 days 00:45:48.190000,0 days 00:46:38.580000,114.0,179.0,224.0,152.0,False,SOFT,3.0,True,Alfa Romeo Racing,0 days 00:44:09.616000,,1,,False,,False,True
2021-22,FP2,0 days 00:48:03.745000,GIO,99,0 days 00:01:25.165000,14.0,2.0,,,0 days 00:00:17.514000,0 days 00:00:36.581000,0 days 00:00:31.070000,0 days 00:46:56.094000,0 days 00:47:32.675000,0 days 00:48:03.745000,283.0,315.0,218.0,318.0,True,SOFT,4.0,True,Alfa Romeo Racing,0 days 00:46:38.580000,,1,,False,,False,True
2021-22,FP2,0 days 00:50:18.704000,GIO,99,0 days 00:02:14.959000,15.0,2.0,,,0 days 00:00:27.596000,0 days 00:00:57.165000,0 days 00:00:50.198000,0 days 00:48:31.341000,0 days 00:49:28.506000,0 days 00:50:18.704000,141.0,151.0,224.0,177.0,False,SOFT,5.0,True,Alfa Romeo Racing,0 days 00:48:03.745000,,1,,False,,False,True
2021-22,FP2,0 days 00:51:43.812000,GIO,99,0 days 00:01:25.108000,16.0,2.0,,,0 days 00:00:17.448000,0 days 00:00:36.620000,0 days 00:00:31.040000,0 days 00:50:36.152000,0 days 00:51:12.772000,0 days 00:51:43.812000,283.0,314.0,220.0,318.0,True,SOFT,6.0,True,Alfa Romeo Racing,0 days 00:50:18.704000,,1,,False,,False,True
2021-22,FP2,0 days 00:53:38.312000,GIO,99,0 days 00:01:54.500000,17.0,2.0,,0 days 00:53:38.319000,0 days 00:00:22.090000,0 days 00:00:51.300000,0 days 00:00:41.110000,0 days 00:52:05.902000,0 days 00:52:57.202000,0 days 00:53:38.312000,97.0,203.0,,200.0,False,SOFT,7.0,True,Alfa Romeo Racing,0 days 00:51:43.812000,,1,,False,,False,False
2021-22,FP2,0 days 01:02:47.861000,GIO,99,,18.0,3.0,0 days 01:01:06.728000,,,0 days 00:00:44.914000,0 days 00:00:35.796000,,0 days 01:02:12.078000,0 days 01:02:47.980000,257.0,272.0,216.0,234.0,False,MEDIUM,11.0,False,Alfa Romeo Racing,0 days 00:53:38.312000,,12,,False,,False,False
2021-22,FP2,0 days 01:04:17.921000,GIO,99,0 days 00:01:30.060000,19.0,3.0,,,0 days 00:00:18.348000,0 days 00:00:38.402000,0 days 00:00:33.310000,0 days 01:03:06.209000,0 days 01:03:44.611000,0 days 01:04:17.921000,279.0,295.0,213.0,298.0,False,MEDIUM,12.0,False,Alfa Romeo Racing,0 days 01:02:47.861000,,1,,False,,False,True
2021-22,FP2,0 days 01:05:48.487000,GIO,99,0 days 00:01:30.566000,20.0,3.0,,,0 days 00:00:18.331000,0 days 00:00:38.668000,0 days 00:00:33.567000,0 days 01:04:36.252000,0 days 01:05:14.920000,0 days 01:05:48.487000,280.0,294.0,212.0,297.0,False,MEDIUM,13.0,False,Alfa Romeo Racing,0 days 01:04:17.921000,,1,,False,,False,True
2021-22,FP2,0 days 01:07:19.451000,GIO,99,0 days 00:01:30.964000,21.0,3.0,,,0 days 00:00:18.388000,0 days 00:00:38.657000,0 days 00:00:33.919000,0 days 01:06:06.875000,0 days 01:06:45.532000,0 days 01:07:19.451000,280.0,294.0,211.0,302.0,False,MEDIUM,14.0,False,Alfa Romeo Racing,0 days 01:05:48.487000,,1,,False,,False,True
2021-22,FP2,0 days 01:08:50.338000,GIO,99,0 days 00:01:30.887000,22.0,3.0,,,0 days 00:00:18.443000,0 days 00:00:38.843000,0 days 00:00:33.601000,0 days 01:07:37.894000,0 days 01:08:16.737000,0 days 01:08:50.338000,280.0,293.0,211.0,296.0,False,MEDIUM,15.0,False,Alfa Romeo Racing,0 days 01:07:19.451000,,1,,False,,False,True
2021-22,FP2,0 days 01:10:23.002000,GIO,99,0 days 00:01:32.664000,23.0,3.0,,,0 days 00:00:18.310000,0 days 00:00:38.958000,0 days 00:00:35.396000,0 days 01:09:08.648000,0 days 01:09:47.606000,0 days 01:10:23.002000,280.0,293.0,212.0,296.0,False,MEDIUM,16.0,False,Alfa Romeo Racing,0 days 01:08:50.338000,,1,,False,,False,True
2021-22,FP2,0 days 01:11:53.832000,GIO,99,0 days 00:01:30.830000,24.0,3.0,,,0 days 00:00:18.380000,0 days 00:00:38.904000,0 days 00:00:33.546000,0 days 01:10:41.382000,0 days 01:11:20.286000,0 days 01:11:53.832000,280.0,293.0,211.0,295.0,False,MEDIUM,17.0,False,Alfa Romeo Racing,0 days 01:10:23.002000,,1,,False,,False,True
2021-22,FP2,0 days 01:13:24.583000,GIO,99,0 days 00:01:30.751000,25.0,3.0,,,0 days 00:00:18.366000,0 days 00:00:38.904000,0 days 00:00:33.481000,0 days 01:12:12.198000,0 days 01:12:51.102000,0 days 01:13:24.583000,280.0,294.0,211.0,295.0,False,MEDIUM,18.0,False,Alfa Romeo Racing,0 days 01:11:53.832000,,1,,False,,False,True
2021-22,FP2,0 days 01:14:55.601000,GIO,99,0 days 00:01:31.018000,26.0,3.0,,,0 days 00:00:18.236000,0 days 00:00:39.023000,0 days 00:00:33.759000,0 days 01:13:42.819000,0 days 01:14:21.842000,0 days 01:14:55.601000,282.0,296.0,211.0,298.0,False,MEDIUM,19.0,False,Alfa Romeo Racing,0 days 01:13:24.583000,,1,,False,,False,True
2021-22,FP2,0 days 01:16:54.460000,GIO,99,0 days 00:01:58.859000,27.0,3.0,,0 days 01:16:54.443000,0 days 00:00:18.317000,0 days 00:00:49.323000,0 days 00:00:51.219000,0 days 01:15:13.918000,0 days 01:16:03.241000,0 days 01:16:54.460000,281.0,181.0,,129.0,False,MEDIUM,20.0,False,Alfa Romeo Racing,0 days 01:14:55.601000,,125,,False,,False,False
2021-22,FP3,0 days 00:31:42.718000,RIC,3,,1.0,1.0,0 days 00:29:50.027000,,,0 days 00:00:49.919000,0 days 00:00:41.719000,,0 days 00:31:01.071000,0 days 00:31:43.281000,248.0,66.0,222.0,155.0,False,HARD,1.0,True,McLaren,0 days 00:29:50.027000,,1,,False,,False,False
2021-22,FP3,0 days 00:33:31.450000,RIC,3,0 days 00:01:48.732000,2.0,1.0,,,0 days 00:00:17.802000,0 days 00:00:52.283000,0 days 00:00:38.647000,0 days 00:32:00.520000,0 days 00:32:52.803000,0 days 00:33:31.450000,284.0,284.0,222.0,106.0,True,HARD,2.0,True,McLaren,0 days 00:31:42.718000,,1,,False,,False,True
2021-22,FP3,0 days 00:34:57.599000,RIC,3,0 days 00:01:26.149000,3.0,1.0,,,0 days 00:00:17.588000,0 days 00:00:37.131000,0 days 00:00:31.430000,0 days 00:33:49.038000,0 days 00:34:26.169000,0 days 00:34:57.599000,283.0,311.0,219.0,321.0,True,HARD,3.0,True,McLaren,0 days 00:33:31.450000,,1,,False,,False,True
2021-22,FP3,0 days 00:37:10.599000,RIC,3,0 days 00:02:13,4.0,1.0,,,0 days 00:00:26.523000,0 days 00:00:52.187000,0 days 00:00:54.290000,0 days 00:35:24.122000,0 days 00:36:16.309000,0 days 00:37:10.599000,172.0,257.0,221.0,274.0,False,HARD,4.0,True,McLaren,0 days 00:34:57.599000,,1,,False,,False,True
2021-22,FP3,0 days 00:38:57.038000,RIC,3,0 days 00:01:46.439000,5.0,1.0,,,0 days 00:00:17.563000,0 days 00:00:38.175000,0 days 00:00:50.701000,0 days 00:37:28.162000,0 days 00:38:06.337000,0 days 00:38:57.038000,285.0,274.0,216.0,319.0,False,HARD,5.0,True,McLaren,0 days 00:37:10.599000,,1,,False,,False,True
2021-22,FP3,0 days 00:40:23.065000,RIC,3,0 days 00:01:26.027000,6.0,1.0,,,0 days 00:00:17.565000,0 days 00:00:37.114000,0 days 00:00:31.348000,0 days 00:39:14.603000,0 days 00:39:51.717000,0 days 00:40:23.065000,284.0,317.0,218.0,319.0,True,HARD,6.0,True,McLaren,0 days 00:38:57.038000,,1,,False,,False,True
2021-22,FP3,0 days 00:42:02.019000,RIC,3,0 days 00:01:38.954000,7.0,1.0,,0 days 00:42:00.972000,0 days 00:00:19.954000,0 days 00:00:40.431000,0 days 00:00:38.569000,0 days 00:40:43.019000,0 days 00:41:23.450000,0 days 00:42:02.019000,259.0,293.0,,297.0,False,HARD,7.0,True,McLaren,0 days 00:40:23.065000,,1,,False,,False,False
2021-22,FP3,0 days 00:43:58.691000,RIC,3,0 days 00:01:56.672000,8.0,2.0,0 days 00:42:22.077000,0 days 00:43:57.657000,0 days 00:00:38.013000,0 days 00:00:43.066000,0 days 00:00:35.593000,0 days 00:42:40.032000,0 days 00:43:23.098000,0 days 00:43:58.691000,214.0,302.0,,286.0,False,HARD,8.0,False,McLaren,0 days 00:42:02.019000,,1,,False,,False,False
2021-22,FP3,0 days 01:03:00.200000,RIC,3,,9.0,3.0,0 days 01:01:10.881000,,,0 days 00:00:44.553000,0 days 00:00:44.848000,,0 days 01:02:15.355000,0 days 01:03:00.324000,255.0,218.0,226.0,304.0,False,MEDIUM,1.0,True,McLaren,0 days 00:43:58.691000,,1,,False,,False,False
2021-22,FP3,0 days 01:04:24.933000,RIC,3,0 days 00:01:24.733000,10.0,3.0,,,0 days 00:00:17.341000,0 days 00:00:36.522000,0 days 00:00:30.870000,0 days 01:03:17.541000,0 days 01:03:54.063000,0 days 01:04:24.933000,285.0,318.0,221.0,321.0,True,MEDIUM,2.0,True,McLaren,0 days 01:03:00.200000,,1,,False,,False,True
2021-22,FP3,0 days 01:06:14.281000,RIC,3,0 days 00:01:49.348000,11.0,3.0,,,0 days 00:00:21.841000,0 days 00:00:46.304000,0 days 00:00:41.203000,0 days 01:04:46.774000,0 days 01:05:33.078000,0 days 01:06:14.281000,252.0,242.0,223.0,224.0,False,MEDIUM,3.0,True,McLaren,0 days 01:04:24.933000,,1,,False,,False,True
2021-22,FP3,0 days 01:07:54.861000,RIC,3,0 days 00:01:40.580000,12.0,3.0,,,0 days 00:00:17.644000,0 days 00:00:44.997000,0 days 00:00:37.939000,0 days 01:06:31.925000,0 days 01:07:16.922000,0 days 01:07:54.861000,284.0,230.0,225.0,292.0,False,MEDIUM,4.0,True,McLaren,0 days 01:06:14.281000,,1,,False,,False,True
2021-22,FP3,0 days 01:09:24.896000,RIC,3,0 days 00:01:30.035000,13.0,3.0,,0 days 01:09:23.840000,0 days 00:00:17.439000,,,0 days 01:08:12.300000,,,282.0,230.0,,320.0,False,MEDIUM,5.0,True,McLaren,0 days 01:07:54.861000,,1,,False,,False,False
2021-22,FP3,0 days 01:16:12.234000,RIC,3,,14.0,4.0,0 days 01:14:36.967000,,,0 days 00:00:40.865000,0 days 00:00:35.304000,,0 days 01:15:36.937000,0 days 01:16:12.267000,255.0,270.0,198.0,263.0,False,MEDIUM,6.0,False,McLaren,0 days 01:09:24.896000,,1,,False,,False,False
2021-22,FP3,0 days 01:18:19.932000,RIC,3,0 days 00:02:07.698000,15.0,4.0,,,0 days 00:00:19.640000,0 days 00:00:39.931000,0 days 00:01:08.127000,0 days 01:16:31.874000,0 days 01:17:11.805000,0 days 01:18:19.932000,262.0,271.0,61.0,281.0,False,MEDIUM,7.0,False,McLaren,0 days 01:16:12.234000,,1,,False,,False,True
2021-22,FP3,0 days 01:20:14.296000,RIC,3,0 days 00:01:54.364000,16.0,4.0,,0 days 01:20:13.266000,0 days 00:00:38.665000,0 days 00:00:39.824000,0 days 00:00:35.875000,0 days 01:18:58.597000,0 days 01:19:38.421000,0 days 01:20:14.296000,255.0,293.0,,283.0,False,MEDIUM,8.0,False,McLaren,0 days 01:18:19.932000,,1,,False,,False,False
2021-22,FP3,0 days 00:30:56.056000,NOR,4,,1.0,1.0,0 days 00:29:13.614000,,,0 days 00:00:41.044000,0 days 00:00:40.232000,,0 days 00:30:16.015000,0 days 00:30:56.151000,251.0,287.0,188.0,287.0,False,HARD,1.0,True,McLaren,0 days 00:29:13.614000,,1,,False,,False,False
2021-22,FP3,0 days 00:32:42.176000,NOR,4,0 days 00:01:46.120000,2.0,1.0,,,0 days 00:00:18.081000,0 days 00:00:38.362000,0 days 00:00:49.677000,0 days 00:31:14.137000,0 days 00:31:52.499000,0 days 00:32:42.176000,273.0,188.0,223.0,312.0,True,HARD,2.0,True,McLaren,0 days 00:30:56.056000,,1,,False,,False,True
2021-22,FP3,0 days 00:34:08.269000,NOR,4,0 days 00:01:26.093000,3.0,1.0,,,0 days 00:00:17.580000,0 days 00:00:36.974000,0 days 00:00:31.539000,0 days 00:32:59.756000,0 days 00:33:36.730000,0 days 00:34:08.269000,281.0,315.0,217.0,318.0,True,HARD,3.0,True,McLaren,0 days 00:32:42.176000,,1,,False,,False,True
2021-22,FP3,0 days 00:36:21.952000,NOR,4,0 days 00:02:13.683000,4.0,1.0,,,0 days 00:00:29.247000,0 days 00:00:58.200000,0 days 00:00:46.236000,0 days 00:34:37.516000,0 days 00:35:35.716000,0 days 00:36:21.952000,108.0,181.0,223.0,246.0,False,HARD,4.0,True,McLaren,0 days 00:34:08.269000,,1,,False,,False,True
2021-22,FP3,0 days 00:37:58.325000,NOR,4,0 days 00:01:36.373000,5.0,1.0,,,0 days 00:00:17.580000,0 days 00:00:37.165000,0 days 00:00:41.628000,0 days 00:36:39.532000,0 days 00:37:16.697000,0 days 00:37:58.325000,281.0,313.0,157.0,318.0,False,HARD,5.0,True,McLaren,0 days 00:36:21.952000,,1,,False,,False,True
2021-22,FP3,0 days 00:39:54.848000,NOR,4,0 days 00:01:56.523000,6.0,1.0,,,0 days 00:00:24.913000,0 days 00:00:46.746000,0 days 00:00:44.864000,0 days 00:38:23.238000,0 days 00:39:09.984000,0 days 00:39:54.848000,209.0,257.0,222.0,239.0,False,HARD,6.0,True,McLaren,0 days 00:37:58.325000,,1,,False,,False,True
2021-22,FP3,0 days 00:41:20.552000,NOR,4,0 days 00:01:25.704000,7.0,1.0,,,0 days 00:00:17.619000,0 days 00:00:36.895000,0 days 00:00:31.190000,0 days 00:40:12.467000,0 days 00:40:49.362000,0 days 00:41:20.552000,284.0,312.0,217.0,321.0,True,HARD,7.0,True,McLaren,0 days 00:39:54.848000,,1,,False,,False,True
2021-22,FP3,0 days 00:43:36.045000,NOR,4,0 days 00:02:15.493000,8.0,1.0,,,0 days 00:00:22.247000,0 days 00:01:02.916000,0 days 00:00:50.330000,0 days 00:41:42.799000,0 days 00:42:45.715000,0 days 00:43:36.045000,165.0,128.0,223.0,198.0,False,HARD,8.0,True,McLaren,0 days 00:41:20.552000,,1,,False,,False,True
2021-22,FP3,0 days 00:45:07.496000,NOR,4,0 days 00:01:31.451000,9.0,1.0,,0 days 00:45:06.438000,0 days 00:00:17.524000,0 days 00:00:37.163000,0 days 00:00:36.764000,0 days 00:43:53.569000,0 days 00:44:30.732000,0 days 00:45:07.496000,283.0,292.0,,317.0,False,HARD,9.0,True,McLaren,0 days 00:43:36.045000,,1,,False,,False,False
2021-22,FP3,0 days 00:47:13.940000,NOR,4,0 days 00:02:06.444000,10.0,2.0,0 days 00:45:38.797000,0 days 00:47:12.945000,0 days 00:00:49.678000,0 days 00:00:40.735000,0 days 00:00:36.031000,0 days 00:45:57.174000,0 days 00:46:37.909000,0 days 00:47:13.940000,265.0,277.0,,306.0,False,HARD,10.0,False,McLaren,0 days 00:45:07.496000,,1,,False,,False,False
2021-22,FP3,0 days 01:04:39.127000,NOR,4,,11.0,3.0,0 days 01:02:50.315000,,,0 days 00:00:43.735000,0 days 00:00:44.153000,,0 days 01:03:54.974000,0 days 01:04:39.254000,262.0,245.0,229.0,301.0,False,SOFT,1.0,True,McLaren,0 days 00:47:13.940000,,1,,False,,False,False
2021-22,FP3,0 days 01:06:03.233000,NOR,4,0 days 00:01:24.106000,12.0,3.0,,,0 days 00:00:17.201000,0 days 00:00:36.345000,0 days 00:00:30.560000,0 days 01:04:56.328000,0 days 01:05:32.673000,0 days 01:06:03.233000,284.0,307.0,223.0,320.0,True,SOFT,2.0,True,McLaren,0 days 01:04:39.127000,,1,,False,,False,True
2021-22,FP3,0 days 01:08:28.697000,NOR,4,0 days 00:02:25.464000,13.0,3.0,,,0 days 00:00:23.811000,0 days 00:01:06.019000,0 days 00:00:55.634000,0 days 01:06:27.044000,0 days 01:07:33.063000,0 days 01:08:28.697000,144.0,220.0,225.0,153.0,False,SOFT,3.0,True,McLaren,0 days 01:06:03.233000,,1,,False,,False,True
2021-22,FP3,0 days 01:09:58.050000,NOR,4,0 days 00:01:29.353000,14.0,3.0,,0 days 01:09:58.062000,0 days 00:00:17.367000,0 days 00:00:36.735000,0 days 00:00:35.251000,0 days 01:08:46.064000,0 days 01:09:22.799000,0 days 01:09:58.050000,280.0,309.0,,313.0,False,SOFT,4.0,True,McLaren,0 days 01:08:28.697000,,1,,False,,False,False
2021-22,FP3,0 days 01:16:14.678000,NOR,4,,15.0,4.0,0 days 01:14:33.378000,,,0 days 00:00:44.824000,0 days 00:00:35.757000,,0 days 01:15:38.952000,0 days 01:16:14.794000,254.0,222.0,205.0,219.0,False,SOFT,5.0,False,McLaren,0 days 01:09:58.050000,,1,,False,,False,False
2021-22,FP3,0 days 01:18:26.953000,NOR,4,0 days 00:02:12.275000,16.0,4.0,,,0 days 00:00:20.181000,,,0 days 01:16:34.859000,,,194.0,222.0,55.0,169.0,False,SOFT,6.0,False,McLaren,0 days 01:16:14.678000,,1,,False,,False,False
2021-22,FP3,0 days 01:20:30.334000,NOR,4,0 days 00:02:03.381000,17.0,4.0,,0 days 01:20:29.289000,0 days 00:00:43.507000,0 days 00:00:40.456000,0 days 00:00:39.418000,0 days 01:19:10.460000,0 days 01:19:50.916000,0 days 01:20:30.334000,269.0,224.0,,289.0,False,SOFT,7.0,False,McLaren,0 days 01:18:26.953000,,1,,False,,False,False
2021-22,FP3,0 days 00:24:05.032000,VET,5,,1.0,1.0,0 days 00:22:22.384000,,,0 days 00:00:43.431000,0 days 00:00:38.477000,,0 days 00:23:26.586000,0 days 00:24:05.139000,253.0,236.0,211.0,249.0,False,HARD,1.0,True,Aston Martin,0 days 00:22:22.384000,,1,,False,,False,False
2021-22,FP3,0 days 00:25:32.834000,VET,5,0 days 00:01:27.802000,2.0,1.0,,,0 days 00:00:17.983000,,,0 days 00:24:23.015000,,,282.0,236.0,216.0,314.0,True,HARD,2.0,True,Aston Martin,0 days 00:24:05.032000,,1,,False,,False,False
2021-22,FP3,0 days 00:27:28.689000,VET,5,0 days 00:01:55.855000,3.0,1.0,,,0 days 00:00:22.901000,0 days 00:00:50.374000,0 days 00:00:42.580000,0 days 00:25:55.735000,0 days 00:26:46.109000,0 days 00:27:28.689000,237.0,172.0,219.0,174.0,False,HARD,3.0,True,Aston Martin,0 days 00:25:32.834000,,1,,False,,False,True
2021-22,FP3,0 days 00:28:55.625000,VET,5,0 days 00:01:26.936000,4.0,1.0,,,0 days 00:00:17.813000,0 days 00:00:37.341000,0 days 00:00:31.782000,0 days 00:27:46.502000,0 days 00:28:23.843000,0 days 00:28:55.625000,281.0,312.0,215.0,315.0,False,HARD,4.0,True,Aston Martin,0 days 00:27:28.689000,,1,,True,TRACK LIMITS AT TURN 16,False,True
2021-22,FP3,0 days 00:30:52.583000,VET,5,0 days 00:01:56.958000,5.0,1.0,,,0 days 00:00:22.974000,0 days 00:00:46.275000,0 days 00:00:47.709000,0 days 00:29:18.599000,0 days 00:30:04.874000,0 days 00:30:52.583000,231.0,205.0,218.0,199.0,False,HARD,5.0,True,Aston Martin,0 days 00:28:55.625000,,1,,True,TRACK LIMITS AT TURN 16,False,True
2021-22,FP3,0 days 00:32:19.464000,VET,5,0 days 00:01:26.881000,6.0,1.0,,,0 days 00:00:17.705000,,,0 days 00:31:10.288000,,,282.0,205.0,217.0,318.0,True,HARD,6.0,True,Aston Martin,0 days 00:30:52.583000,,1,,False,,False,False
2021-22,FP3,0 days 00:34:37.806000,VET,5,0 days 00:02:18.342000,7.0,1.0,,,0 days 00:00:25.433000,0 days 00:00:55.367000,0 days 00:00:57.542000,0 days 00:32:44.897000,0 days 00:33:40.264000,0 days 00:34:37.806000,210.0,202.0,216.0,164.0,False,HARD,7.0,True,Aston Martin,0 days 00:32:19.464000,,1,,False,,False,True
2021-22,FP3,0 days 00:36:04.316000,VET,5,0 days 00:01:26.510000,8.0,1.0,,,0 days 00:00:17.751000,0 days 00:00:37.100000,0 days 00:00:31.659000,0 days 00:34:55.557000,0 days 00:35:32.657000,0 days 00:36:04.316000,281.0,311.0,216.0,316.0,True,HARD,8.0,True,Aston Martin,0 days 00:34:37.806000,,1,,False,,False,True
2021-22,FP3,0 days 00:38:00.143000,VET,5,0 days 00:01:55.827000,9.0,1.0,,0 days 00:37:59.069000,0 days 00:00:25.503000,0 days 00:00:41.899000,0 days 00:00:48.425000,0 days 00:36:29.819000,0 days 00:37:11.718000,0 days 00:38:00.143000,255.0,235.0,,257.0,False,HARD,9.0,True,Aston Martin,0 days 00:36:04.316000,,1,,False,,False,False
2021-22,FP3,0 days 00:46:21.539000,VET,5,,10.0,2.0,0 days 00:44:43.526000,,,0 days 00:00:41.776000,0 days 00:00:38.605000,,0 days 00:45:43.617000,0 days 00:46:23.688000,263.0,246.0,219.0,248.0,False,HARD,10.0,False,Aston Martin,0 days 00:38:00.143000,,1,,False,,False,False
2021-22,FP3,0 days 00:47:47.814000,VET,5,0 days 00:01:26.275000,11.0,2.0,,,0 days 00:00:17.836000,0 days 00:00:37.033000,0 days 00:00:31.406000,0 days 00:46:39.375000,0 days 00:47:16.408000,0 days 00:47:47.814000,281.0,309.0,219.0,315.0,True,HARD,11.0,False,Aston Martin,0 days 00:46:21.539000,,1,,False,,False,True
2021-22,FP3,0 days 00:49:46.959000,VET,5,0 days 00:01:59.145000,12.0,2.0,,,0 days 00:00:22.779000,0 days 00:00:52.145000,0 days 00:00:44.221000,0 days 00:48:10.593000,0 days 00:49:02.738000,0 days 00:49:46.959000,233.0,197.0,220.0,182.0,False,HARD,12.0,False,Aston Martin,0 days 00:47:47.814000,,1,,False,,False,True
2021-22,FP3,0 days 00:51:13.218000,VET,5,0 days 00:01:26.259000,13.0,2.0,,,0 days 00:00:17.665000,0 days 00:00:37.131000,0 days 00:00:31.463000,0 days 00:50:04.624000,0 days 00:50:41.755000,0 days 00:51:13.218000,280.0,313.0,216.0,314.0,False,HARD,13.0,False,Aston Martin,0 days 00:49:46.959000,,1,,True,TRACK LIMITS AT TURN 16,False,True
2021-22,FP3,0 days 00:52:53.427000,VET,5,0 days 00:01:40.209000,14.0,2.0,,0 days 00:52:52.350000,0 days 00:00:19.873000,0 days 00:00:41.794000,0 days 00:00:38.542000,0 days 00:51:33.091000,0 days 00:52:14.885000,0 days 00:52:53.427000,261.0,233.0,,261.0,False,HARD,14.0,False,Aston Martin,0 days 00:51:13.218000,,1,,False,,False,False
2021-22,FP3,0 days 00:54:53.103000,VET,5,0 days 00:01:59.676000,15.0,3.0,0 days 00:53:15.044000,0 days 00:54:53.068000,0 days 00:00:39.179000,0 days 00:00:40.137000,0 days 00:00:40.360000,0 days 00:53:32.606000,0 days 00:54:12.743000,0 days 00:54:53.103000,282.0,247.0,,315.0,False,HARD,15.0,False,Aston Martin,0 days 00:52:53.427000,,1,,False,,False,False
2021-22,FP3,0 days 01:04:04.647000,VET,5,,16.0,4.0,0 days 01:02:08.587000,,,0 days 00:00:47.511000,0 days 00:00:46.144000,,0 days 01:03:18.674000,0 days 01:04:05.080000,256.0,237.0,224.0,236.0,False,SOFT,1.0,True,Aston Martin,0 days 00:54:53.103000,,1,,False,,False,False
2021-22,FP3,0 days 01:05:29.762000,VET,5,0 days 00:01:25.115000,17.0,4.0,,,0 days 00:00:17.450000,0 days 00:00:36.530000,0 days 00:00:31.135000,0 days 01:04:22.097000,0 days 01:04:58.627000,0 days 01:05:29.762000,285.0,314.0,222.0,321.0,True,SOFT,2.0,True,Aston Martin,0 days 01:04:04.647000,,1,,False,,False,True
2021-22,FP3,0 days 01:07:36.014000,VET,5,0 days 00:02:06.252000,18.0,4.0,,0 days 01:07:35.124000,0 days 00:00:23.548000,0 days 00:00:50.172000,0 days 00:00:52.532000,0 days 01:05:53.310000,0 days 01:06:43.482000,0 days 01:07:36.014000,207.0,197.0,,198.0,False,SOFT,3.0,True,Aston Martin,0 days 01:05:29.762000,,1,,False,,False,False
2021-22,FP3,0 days 01:09:47.737000,VET,5,0 days 00:02:11.723000,19.0,5.0,0 days 01:07:58.019000,,0 days 00:00:43.155000,0 days 00:00:45.055000,0 days 00:00:43.513000,0 days 01:08:19.169000,0 days 01:09:04.224000,0 days 01:09:47.737000,253.0,190.0,223.0,231.0,False,SOFT,4.0,False,Aston Martin,0 days 01:07:36.014000,,1,,False,,False,False
2021-22,FP3,0 days 01:11:13.266000,VET,5,0 days 00:01:25.529000,20.0,5.0,,,0 days 00:00:17.580000,0 days 00:00:36.828000,0 days 00:00:31.121000,0 days 01:10:05.317000,0 days 01:10:42.145000,0 days 01:11:13.266000,277.0,309.0,218.0,310.0,False,SOFT,5.0,False,Aston Martin,0 days 01:09:47.737000,,1,,False,,False,True
2021-22,FP3,0 days 01:13:21.089000,VET,5,0 days 00:02:07.823000,21.0,5.0,,,0 days 00:00:24.614000,0 days 00:00:55.007000,0 days 00:00:48.202000,0 days 01:11:37.880000,0 days 01:12:32.887000,0 days 01:13:21.089000,159.0,210.0,220.0,219.0,False,SOFT,6.0,False,Aston Martin,0 days 01:11:13.266000,,1,,False,,False,True
2021-22,FP3,0 days 01:14:46.567000,VET,5,0 days 00:01:25.478000,22.0,5.0,,,0 days 00:00:17.548000,0 days 00:00:36.671000,0 days 00:00:31.259000,0 days 01:13:38.637000,0 days 01:14:15.308000,0 days 01:14:46.567000,284.0,306.0,219.0,316.0,False,SOFT,7.0,False,Aston Martin,0 days 01:13:21.089000,,1,,False,,False,True
2021-22,FP3,0 days 01:16:28.198000,VET,5,0 days 00:01:41.631000,23.0,5.0,,,0 days 00:00:20.034000,0 days 00:00:43.082000,0 days 00:00:38.515000,0 days 01:15:06.601000,0 days 01:15:49.683000,0 days 01:16:28.198000,255.0,315.0,199.0,233.0,False,SOFT,8.0,False,Aston Martin,0 days 01:14:46.567000,,1,,False,,False,True
2021-22,FP3,0 days 01:18:27.854000,VET,5,0 days 00:01:59.656000,24.0,5.0,,,0 days 00:00:22.130000,0 days 00:00:48.159000,0 days 00:00:49.367000,0 days 01:16:50.328000,0 days 01:17:38.487000,0 days 01:18:27.854000,186.0,310.0,54.0,171.0,False,SOFT,9.0,False,Aston Martin,0 days 01:16:28.198000,,1,,False,,False,True
2021-22,FP3,0 days 01:20:46.742000,VET,5,0 days 00:02:18.888000,25.0,5.0,,0 days 01:20:46.742000,0 days 00:00:51.951000,,,0 days 01:19:19.805000,,,234.0,310.0,,272.0,False,SOFT,10.0,False,Aston Martin,0 days 01:18:27.854000,,1,,False,,False,False
2021-22,FP3,0 days 00:30:44.642000,LAT,6,,1.0,1.0,0 days 00:28:34.348000,,,0 days 00:00:47.766000,0 days 00:00:57.405000,,0 days 00:29:47.291000,0 days 00:30:44.776000,254.0,73.0,218.0,247.0,False,MEDIUM,1.0,True,Williams,0 days 00:28:34.348000,,1,,False,,False,False
2021-22,FP3,0 days 00:32:11.012000,LAT,6,0 days 00:01:26.370000,2.0,1.0,,,0 days 00:00:17.625000,0 days 00:00:37.182000,0 days 00:00:31.563000,0 days 00:31:02.267000,0 days 00:31:39.449000,0 days 00:32:11.012000,284.0,314.0,215.0,321.0,True,MEDIUM,2.0,True,Williams,0 days 00:30:44.642000,,1,,False,,False,True
2021-22,FP3,0 days 00:34:10.369000,LAT,6,0 days 00:01:59.357000,3.0,1.0,,,0 days 00:00:23.821000,0 days 00:00:48.967000,0 days 00:00:46.569000,0 days 00:32:34.833000,0 days 00:33:23.800000,0 days 00:34:10.369000,208.0,188.0,221.0,206.0,False,MEDIUM,3.0,True,Williams,0 days 00:32:11.012000,,1,,False,,False,True
2021-22,FP3,0 days 00:35:44.565000,LAT,6,0 days 00:01:34.196000,4.0,1.0,,,0 days 00:00:17.732000,0 days 00:00:37.300000,0 days 00:00:39.164000,0 days 00:34:28.101000,0 days 00:35:05.401000,0 days 00:35:44.565000,285.0,316.0,131.0,323.0,False,MEDIUM,4.0,True,Williams,0 days 00:34:10.369000,,1,,False,,False,True
2021-22,FP3,0 days 00:38:02.808000,LAT,6,0 days 00:02:18.243000,5.0,1.0,,,0 days 00:00:30.920000,0 days 00:00:53.621000,0 days 00:00:53.702000,0 days 00:36:15.485000,0 days 00:37:09.106000,0 days 00:38:02.808000,241.0,205.0,217.0,115.0,False,MEDIUM,5.0,True,Williams,0 days 00:35:44.565000,,1,,False,,False,True
2021-22,FP3,0 days 00:39:29.423000,LAT,6,0 days 00:01:26.615000,6.0,1.0,,,0 days 00:00:17.612000,0 days 00:00:37.271000,0 days 00:00:31.732000,0 days 00:38:20.420000,0 days 00:38:57.691000,0 days 00:39:29.423000,285.0,313.0,218.0,321.0,False,MEDIUM,6.0,True,Williams,0 days 00:38:02.808000,,1,,False,,False,True
2021-22,FP3,0 days 00:41:17.862000,LAT,6,0 days 00:01:48.439000,7.0,1.0,,0 days 00:41:16.864000,0 days 00:00:21.157000,0 days 00:00:44.821000,0 days 00:00:42.461000,0 days 00:39:50.580000,0 days 00:40:35.401000,0 days 00:41:17.862000,259.0,217.0,,234.0,False,MEDIUM,7.0,True,Williams,0 days 00:39:29.423000,,1,,False,,False,False
2021-22,FP3,0 days 00:43:34.359000,LAT,6,0 days 00:02:16.497000,8.0,2.0,0 days 00:41:39.698000,0 days 00:43:33.414000,0 days 00:00:40.582000,0 days 00:00:53.584000,0 days 00:00:42.331000,0 days 00:41:58.444000,0 days 00:42:52.028000,0 days 00:43:34.359000,215.0,150.0,,129.0,False,MEDIUM,8.0,False,Williams,0 days 00:41:17.862000,,1,,False,,False,False
2021-22,FP3,0 days 00:52:58.817000,LAT,6,,9.0,3.0,0 days 00:51:13.410000,,,0 days 00:00:42.122000,0 days 00:00:41.259000,,0 days 00:52:19.215000,0 days 00:52:58.926000,271.0,211.0,223.0,267.0,False,SOFT,1.0,True,Williams,0 days 00:43:34.359000,,1,,False,,False,False
2021-22,FP3,0 days 00:54:24.139000,LAT,6,0 days 00:01:25.322000,10.0,3.0,,,0 days 00:00:17.354000,0 days 00:00:36.801000,0 days 00:00:31.167000,0 days 00:53:16.171000,0 days 00:53:52.972000,0 days 00:54:24.139000,287.0,315.0,221.0,324.0,True,SOFT,2.0,True,Williams,0 days 00:52:58.817000,,1,,False,,False,True
2021-22,FP3,0 days 00:56:39.382000,LAT,6,0 days 00:02:15.243000,11.0,3.0,,,0 days 00:00:27.036000,0 days 00:00:56.454000,0 days 00:00:51.753000,0 days 00:54:51.175000,0 days 00:55:47.629000,0 days 00:56:39.382000,254.0,50.0,221.0,164.0,False,SOFT,3.0,True,Williams,0 days 00:54:24.139000,,1,,False,,False,True
2021-22,FP3,0 days 00:58:05.591000,LAT,6,0 days 00:01:26.209000,12.0,3.0,,,0 days 00:00:17.598000,0 days 00:00:37.116000,0 days 00:00:31.495000,0 days 00:56:56.980000,0 days 00:57:34.096000,0 days 00:58:05.591000,285.0,312.0,214.0,321.0,False,SOFT,4.0,True,Williams,0 days 00:56:39.382000,,1,,False,,False,True
2021-22,FP3,0 days 00:59:55.357000,LAT,6,0 days 00:01:49.766000,13.0,3.0,,0 days 00:59:54.311000,0 days 00:00:20.679000,0 days 00:00:47.284000,0 days 00:00:41.803000,0 days 00:58:26.270000,0 days 00:59:13.554000,0 days 00:59:55.357000,232.0,252.0,,202.0,False,SOFT,5.0,True,Williams,0 days 00:58:05.591000,,1,,False,,False,False
2021-22,FP3,0 days 01:01:56.782000,LAT,6,0 days 00:02:01.425000,14.0,4.0,0 days 01:00:15.550000,0 days 01:01:55.742000,0 days 00:00:38.188000,0 days 00:00:44.333000,0 days 00:00:38.904000,0 days 01:00:33.545000,0 days 01:01:17.878000,0 days 01:01:56.782000,271.0,238.0,,214.0,False,SOFT,6.0,False,Williams,0 days 00:59:55.357000,,1,,False,,False,False
2021-22,FP3,0 days 01:12:24.406000,LAT,6,,15.0,5.0,0 days 01:10:46.673000,,,0 days 00:00:40.332000,0 days 00:00:34.919000,,0 days 01:11:49.528000,0 days 01:12:24.531000,273.0,295.0,217.0,300.0,False,MEDIUM,9.0,False,Williams,0 days 01:01:56.782000,,1,,False,,False,False
2021-22,FP3,0 days 01:13:54.342000,LAT,6,0 days 00:01:29.936000,16.0,5.0,,,0 days 00:00:18.127000,0 days 00:00:38.870000,0 days 00:00:32.939000,0 days 01:12:42.533000,0 days 01:13:21.403000,0 days 01:13:54.342000,274.0,290.0,215.0,292.0,False,MEDIUM,10.0,False,Williams,0 days 01:12:24.406000,,1,,False,,False,True
2021-22,FP3,0 days 01:15:23.900000,LAT,6,0 days 00:01:29.558000,17.0,5.0,,,0 days 00:00:17.871000,0 days 00:00:38.626000,0 days 00:00:33.061000,0 days 01:14:12.213000,0 days 01:14:50.839000,0 days 01:15:23.900000,277.0,290.0,214.0,294.0,False,MEDIUM,11.0,False,Williams,0 days 01:13:54.342000,,1,,False,,False,True
2021-22,FP3,0 days 01:17:14.427000,LAT,6,0 days 00:01:50.527000,18.0,5.0,,,0 days 00:00:18.743000,0 days 00:00:43.839000,0 days 00:00:47.945000,0 days 01:15:42.643000,0 days 01:16:26.482000,0 days 01:17:14.427000,266.0,212.0,70.0,223.0,False,MEDIUM,12.0,False,Williams,0 days 01:15:23.900000,,1,,False,,False,True
2021-22,FP3,0 days 01:19:21.546000,LAT,6,0 days 00:02:07.119000,19.0,5.0,,0 days 01:19:21.569000,0 days 00:00:45.544000,0 days 00:00:43.816000,0 days 00:00:37.759000,0 days 01:17:59.971000,0 days 01:18:43.787000,0 days 01:19:21.546000,258.0,241.0,,207.0,False,MEDIUM,13.0,False,Williams,0 days 01:17:14.427000,,1,,False,,False,False
2021-22,FP3,0 days 00:18:47.670000,RAI,7,,1.0,1.0,0 days 00:16:48.253000,,,0 days 00:00:54.934000,0 days 00:00:42.059000,,0 days 00:18:05.654000,0 days 00:18:47.816000,254.0,156.0,221.0,171.0,False,SOFT,1.0,True,Alfa Romeo Racing,0 days 00:16:48.253000,,1,,False,,False,False
2021-22,FP3,0 days 00:20:13.496000,RAI,7,0 days 00:01:25.826000,2.0,1.0,,,0 days 00:00:17.520000,0 days 00:00:36.691000,0 days 00:00:31.615000,0 days 00:19:05.190000,0 days 00:19:41.881000,0 days 00:20:13.496000,284.0,314.0,216.0,322.0,True,SOFT,2.0,True,Alfa Romeo Racing,0 days 00:18:47.670000,,1,,False,,False,True
2021-22,FP3,0 days 00:22:23.269000,RAI,7,0 days 00:02:09.773000,3.0,1.0,,,0 days 00:00:26.225000,0 days 00:00:53.026000,0 days 00:00:50.522000,0 days 00:20:39.721000,0 days 00:21:32.747000,0 days 00:22:23.269000,165.0,136.0,221.0,252.0,False,SOFT,3.0,True,Alfa Romeo Racing,0 days 00:20:13.496000,,1,,False,,False,True
2021-22,FP3,0 days 00:23:54.943000,RAI,7,0 days 00:01:31.674000,4.0,1.0,,,0 days 00:00:17.563000,0 days 00:00:36.670000,0 days 00:00:37.441000,0 days 00:22:40.832000,0 days 00:23:17.502000,0 days 00:23:54.943000,284.0,316.0,156.0,322.0,False,SOFT,4.0,True,Alfa Romeo Racing,0 days 00:22:23.269000,,1,,False,,False,True
2021-22,FP3,0 days 00:26:09.314000,RAI,7,0 days 00:02:14.371000,5.0,1.0,,,0 days 00:00:25.693000,0 days 00:01:01.092000,0 days 00:00:47.586000,0 days 00:24:20.636000,0 days 00:25:21.728000,0 days 00:26:09.314000,155.0,192.0,220.0,162.0,False,SOFT,5.0,True,Alfa Romeo Racing,0 days 00:23:54.943000,,1,,False,,False,True
2021-22,FP3,0 days 00:27:58.778000,RAI,7,0 days 00:01:49.464000,6.0,1.0,,,0 days 00:00:17.554000,0 days 00:00:43.852000,0 days 00:00:48.058000,0 days 00:26:26.868000,0 days 00:27:10.720000,0 days 00:27:58.778000,285.0,127.0,219.0,321.0,False,SOFT,6.0,True,Alfa Romeo Racing,0 days 00:26:09.314000,,1,,False,,False,True
2021-22,FP3,0 days 00:29:24.838000,RAI,7,0 days 00:01:26.060000,7.0,1.0,,,0 days 00:00:17.578000,0 days 00:00:36.750000,0 days 00:00:31.732000,0 days 00:28:16.356000,0 days 00:28:53.106000,0 days 00:29:24.838000,285.0,310.0,217.0,319.0,False,SOFT,7.0,True,Alfa Romeo Racing,0 days 00:27:58.778000,,1,,False,,False,True
2021-22,FP3,0 days 00:31:04.315000,RAI,7,0 days 00:01:39.477000,8.0,1.0,,0 days 00:31:03.312000,0 days 00:00:18.956000,0 days 00:00:40.449000,0 days 00:00:40.072000,0 days 00:29:43.794000,0 days 00:30:24.243000,0 days 00:31:04.315000,259.0,289.0,,292.0,False,SOFT,8.0,True,Alfa Romeo Racing,0 days 00:29:24.838000,,1,,False,,False,False
2021-22,FP3,0 days 00:45:42.248000,RAI,7,,9.0,2.0,0 days 00:43:54.047000,,,0 days 00:00:45.176000,0 days 00:00:42.173000,,0 days 00:45:00.086000,0 days 00:45:42.933000,257.0,170.0,222.0,241.0,False,SOFT,9.0,False,Alfa Romeo Racing,0 days 00:31:04.315000,,1,,False,,False,False
2021-22,FP3,0 days 00:47:07.644000,RAI,7,0 days 00:01:25.396000,10.0,2.0,,,0 days 00:00:17.406000,0 days 00:00:36.637000,0 days 00:00:31.353000,0 days 00:45:59.654000,0 days 00:46:36.291000,0 days 00:47:07.644000,285.0,315.0,217.0,331.0,True,SOFT,10.0,False,Alfa Romeo Racing,0 days 00:45:42.248000,,1,,False,,False,True
2021-22,FP3,0 days 00:48:45.469000,RAI,7,0 days 00:01:37.825000,11.0,2.0,,0 days 00:48:44.394000,0 days 00:00:19.349000,0 days 00:00:40.876000,0 days 00:00:37.600000,0 days 00:47:26.993000,0 days 00:48:07.869000,0 days 00:48:45.469000,259.0,251.0,,274.0,False,SOFT,11.0,False,Alfa Romeo Racing,0 days 00:47:07.644000,,1,,False,,False,False
2021-22,FP3,0 days 00:55:22.097000,RAI,7,,12.0,3.0,0 days 00:53:28.496000,,,0 days 00:00:51.732000,0 days 00:00:40.439000,,0 days 00:54:41.687000,0 days 00:55:22.211000,241.0,194.0,223.0,189.0,False,SOFT,1.0,True,Alfa Romeo Racing,0 days 00:48:45.469000,,1,,False,,False,False
2021-22,FP3,0 days 00:56:47.134000,RAI,7,0 days 00:01:25.037000,13.0,3.0,,,0 days 00:00:17.371000,0 days 00:00:36.486000,0 days 00:00:31.180000,0 days 00:55:39.468000,0 days 00:56:15.954000,0 days 00:56:47.134000,285.0,313.0,216.0,324.0,True,SOFT,2.0,True,Alfa Romeo Racing,0 days 00:55:22.097000,,1,,False,,False,True
2021-22,FP3,0 days 00:58:59.835000,RAI,7,0 days 00:02:12.701000,14.0,3.0,,,0 days 00:00:25.790000,0 days 00:00:56.381000,0 days 00:00:50.530000,0 days 00:57:12.924000,0 days 00:58:09.305000,0 days 00:58:59.835000,164.0,189.0,190.0,163.0,False,SOFT,3.0,True,Alfa Romeo Racing,0 days 00:56:47.134000,,1,,False,,False,True
2021-22,FP3,0 days 01:00:55.211000,RAI,7,0 days 00:01:55.376000,15.0,3.0,,,0 days 00:00:22.782000,0 days 00:00:49.248000,0 days 00:00:43.346000,0 days 00:59:22.617000,0 days 01:00:11.865000,0 days 01:00:55.211000,226.0,165.0,224.0,245.0,False,SOFT,4.0,True,Alfa Romeo Racing,0 days 00:58:59.835000,,1,,False,,False,True
2021-22,FP3,0 days 01:02:45.137000,RAI,7,0 days 00:01:49.926000,16.0,3.0,,,0 days 00:00:17.443000,0 days 00:00:47.540000,0 days 00:00:44.943000,0 days 01:01:12.654000,0 days 01:02:00.194000,0 days 01:02:45.137000,283.0,179.0,222.0,320.0,False,SOFT,5.0,True,Alfa Romeo Racing,0 days 01:00:55.211000,,1,,False,,False,True
2021-22,FP3,0 days 01:04:10.514000,RAI,7,0 days 00:01:25.377000,17.0,3.0,,,0 days 00:00:17.467000,0 days 00:00:36.732000,0 days 00:00:31.178000,0 days 01:03:02.604000,0 days 01:03:39.336000,0 days 01:04:10.514000,285.0,316.0,217.0,319.0,False,SOFT,6.0,True,Alfa Romeo Racing,0 days 01:02:45.137000,,1,,False,,False,True
2021-22,FP3,0 days 01:05:51.786000,RAI,7,0 days 00:01:41.272000,18.0,3.0,,0 days 01:05:51.783000,0 days 00:00:19.445000,0 days 00:00:41.292000,0 days 00:00:40.535000,0 days 01:04:29.959000,0 days 01:05:11.251000,0 days 01:05:51.786000,258.0,253.0,,272.0,False,SOFT,7.0,True,Alfa Romeo Racing,0 days 01:04:10.514000,,1,,False,,False,False
2021-22,FP3,0 days 01:12:40.831000,RAI,7,,19.0,4.0,0 days 01:10:55.095000,,,0 days 00:00:42.004000,0 days 00:00:44.161000,,0 days 01:11:56.670000,0 days 01:12:41.034000,260.0,198.0,220.0,274.0,False,SOFT,8.0,False,Alfa Romeo Racing,0 days 01:05:51.786000,,1,,False,,False,False
2021-22,FP3,0 days 01:14:07.168000,RAI,7,0 days 00:01:26.337000,20.0,4.0,,,0 days 00:00:17.593000,0 days 00:00:36.710000,0 days 00:00:32.034000,0 days 01:12:58.424000,0 days 01:13:35.134000,0 days 01:14:07.168000,286.0,319.0,209.0,325.0,False,SOFT,9.0,False,Alfa Romeo Racing,0 days 01:12:40.831000,,1,,True,TRACK LIMITS AT TURN 16,False,True
2021-22,FP3,0 days 01:15:52.762000,RAI,7,0 days 00:01:45.594000,21.0,4.0,,,0 days 00:00:19.168000,0 days 00:00:49.192000,0 days 00:00:37.234000,0 days 01:14:26.336000,0 days 01:15:15.528000,0 days 01:15:52.762000,262.0,225.0,219.0,178.0,False,SOFT,10.0,False,Alfa Romeo Racing,0 days 01:14:07.168000,,1,,True,TRACK LIMITS AT TURN 16,False,True
2021-22,FP3,0 days 01:17:34.169000,RAI,7,0 days 00:01:41.407000,22.0,4.0,,,0 days 00:00:17.531000,0 days 00:00:37.089000,0 days 00:00:46.787000,0 days 01:16:10.293000,0 days 01:16:47.382000,0 days 01:17:34.169000,286.0,318.0,70.0,329.0,False,SOFT,11.0,False,Alfa Romeo Racing,0 days 01:15:52.762000,,1,,False,,False,True
2021-22,FP3,0 days 01:19:43.513000,RAI,7,0 days 00:02:09.344000,23.0,4.0,,0 days 01:19:43.535000,0 days 00:00:40.543000,0 days 00:00:43.576000,0 days 00:00:45.225000,0 days 01:18:14.712000,0 days 01:18:58.288000,0 days 01:19:43.513000,248.0,222.0,,220.0,False,SOFT,12.0,False,Alfa Romeo Racing,0 days 01:17:34.169000,,1,,False,,False,False
2021-22,FP3,0 days 00:17:33.362000,MAZ,9,,1.0,1.0,0 days 00:15:43.750000,,,0 days 00:00:45.101000,0 days 00:00:39.979000,,0 days 00:16:53.383000,0 days 00:17:33.417000,246.0,253.0,184.0,273.0,False,MEDIUM,1.0,True,Haas F1 Team,0 days 00:15:43.750000,,1,,False,,False,False
2021-22,FP3,0 days 00:19:14.982000,MAZ,9,0 days 00:01:41.620000,2.0,1.0,,0 days 00:19:14.965000,0 days 00:00:21.111000,0 days 00:00:40.867000,0 days 00:00:39.642000,0 days 00:17:54.473000,0 days 00:18:35.340000,0 days 00:19:14.982000,265.0,269.0,,312.0,False,MEDIUM,2.0,True,Haas F1 Team,0 days 00:17:33.362000,,1,,False,,False,False
2021-22,FP3,0 days 00:30:02.922000,MAZ,9,,3.0,2.0,0 days 00:28:03.735000,,,0 days 00:00:51.561000,0 days 00:00:42.669000,,0 days 00:29:20.273000,0 days 00:30:03.035000,200.0,161.0,218.0,240.0,False,SOFT,1.0,True,Haas F1 Team,0 days 00:19:14.982000,,1,,False,,False,False
2021-22,FP3,0 days 00:31:53.693000,MAZ,9,0 days 00:01:50.771000,4.0,2.0,,,0 days 00:00:17.766000,0 days 00:00:42.725000,0 days 00:00:50.280000,0 days 00:30:20.688000,0 days 00:31:03.413000,0 days 00:31:53.693000,284.0,149.0,218.0,320.0,False,SOFT,2.0,True,Haas F1 Team,0 days 00:30:02.922000,,1,,True,TRACK LIMITS AT TURN 7,False,True
2021-22,FP3,0 days 00:33:20.642000,MAZ,9,0 days 00:01:26.949000,5.0,2.0,,,0 days 00:00:17.663000,0 days 00:00:37.340000,0 days 00:00:31.946000,0 days 00:32:11.356000,0 days 00:32:48.696000,0 days 00:33:20.642000,283.0,315.0,214.0,323.0,True,SOFT,3.0,True,Haas F1 Team,0 days 00:31:53.693000,,1,,False,,False,True
2021-22,FP3,0 days 00:35:47.857000,MAZ,9,0 days 00:02:27.215000,6.0,2.0,,,0 days 00:00:30.357000,0 days 00:00:57.956000,0 days 00:00:58.902000,0 days 00:33:50.999000,0 days 00:34:48.955000,0 days 00:35:47.857000,142.0,175.0,206.0,180.0,False,SOFT,4.0,True,Haas F1 Team,0 days 00:33:20.642000,,1,,False,,False,True
2021-22,FP3,0 days 00:37:45.869000,MAZ,9,0 days 00:01:58.012000,7.0,2.0,,,0 days 00:00:21.590000,0 days 00:00:48.796000,0 days 00:00:47.626000,0 days 00:36:09.447000,0 days 00:36:58.243000,0 days 00:37:45.869000,244.0,168.0,217.0,215.0,False,SOFT,5.0,True,Haas F1 Team,0 days 00:35:47.857000,,1,,False,,False,True
2021-22,FP3,0 days 00:39:13.178000,MAZ,9,0 days 00:01:27.309000,8.0,2.0,,,0 days 00:00:17.791000,0 days 00:00:37.428000,0 days 00:00:32.090000,0 days 00:38:03.660000,0 days 00:38:41.088000,0 days 00:39:13.178000,281.0,312.0,215.0,320.0,False,SOFT,6.0,True,Haas F1 Team,0 days 00:37:45.869000,,1,,False,,False,True
2021-22,FP3,0 days 00:41:00.087000,MAZ,9,0 days 00:01:46.909000,9.0,2.0,,0 days 00:40:59.081000,0 days 00:00:22.628000,0 days 00:00:46.339000,0 days 00:00:37.942000,0 days 00:39:35.806000,0 days 00:40:22.145000,0 days 00:41:00.087000,244.0,264.0,,199.0,False,SOFT,7.0,True,Haas F1 Team,0 days 00:39:13.178000,,1,,False,,False,False
2021-22,FP3,0 days 00:54:10.328000,MAZ,9,,10.0,3.0,0 days 00:52:11.634000,,,0 days 00:00:48.399000,0 days 00:00:47.790000,,0 days 00:53:22.556000,0 days 00:54:11.050000,204.0,236.0,216.0,242.0,False,SOFT,1.0,True,Haas F1 Team,0 days 00:41:00.087000,,1,,False,,False,False
2021-22,FP3,0 days 00:55:36.660000,MAZ,9,0 days 00:01:26.332000,11.0,3.0,,,0 days 00:00:17.689000,0 days 00:00:37.075000,0 days 00:00:31.568000,0 days 00:54:28.017000,0 days 00:55:05.092000,0 days 00:55:36.660000,284.0,313.0,215.0,324.0,True,SOFT,2.0,True,Haas F1 Team,0 days 00:54:10.328000,,1,,False,,False,True
2021-22,FP3,0 days 00:57:56.878000,MAZ,9,0 days 00:02:20.218000,12.0,3.0,,,0 days 00:00:29.188000,0 days 00:01:01.475000,0 days 00:00:49.555000,0 days 00:56:05.848000,0 days 00:57:07.323000,0 days 00:57:56.878000,148.0,171.0,218.0,162.0,False,SOFT,3.0,True,Haas F1 Team,0 days 00:55:36.660000,,1,,False,,False,True
2021-22,FP3,0 days 00:59:59.423000,MAZ,9,0 days 00:02:02.545000,13.0,3.0,,,0 days 00:00:22.879000,0 days 00:00:54.875000,0 days 00:00:44.791000,0 days 00:58:19.757000,0 days 00:59:14.632000,0 days 00:59:59.423000,113.0,188.0,221.0,205.0,False,SOFT,4.0,True,Haas F1 Team,0 days 00:57:56.878000,,1,,False,,False,True
2021-22,FP3,0 days 01:01:41.296000,MAZ,9,0 days 00:01:41.873000,14.0,3.0,,,0 days 00:00:17.662000,0 days 00:00:37.280000,0 days 00:00:46.931000,0 days 01:00:17.085000,0 days 01:00:54.365000,0 days 01:01:41.296000,282.0,311.0,143.0,317.0,False,SOFT,5.0,True,Haas F1 Team,0 days 00:59:59.423000,,1,,False,,False,True
2021-22,FP3,0 days 01:03:52.538000,MAZ,9,0 days 00:02:11.242000,15.0,3.0,,,0 days 00:00:30.339000,0 days 00:00:55.210000,0 days 00:00:45.693000,0 days 01:02:11.635000,0 days 01:03:06.845000,0 days 01:03:52.538000,161.0,177.0,220.0,166.0,False,SOFT,6.0,True,Haas F1 Team,0 days 01:01:41.296000,,1,,False,,False,True
2021-22,FP3,0 days 01:05:46.260000,MAZ,9,0 days 00:01:53.722000,16.0,3.0,,0 days 01:05:45.730000,0 days 00:00:20.970000,0 days 00:00:50.158000,0 days 00:00:42.594000,0 days 01:04:13.508000,0 days 01:05:03.666000,0 days 01:05:46.260000,247.0,220.0,,169.0,False,SOFT,7.0,True,Haas F1 Team,0 days 01:03:52.538000,,1,,False,,False,False
2021-22,FP3,0 days 01:15:54.946000,MAZ,9,,17.0,4.0,0 days 01:14:13.888000,,,0 days 00:00:41.663000,0 days 00:00:37.468000,,0 days 01:15:17.490000,0 days 01:15:55.053000,253.0,250.0,210.0,275.0,False,SOFT,8.0,False,Haas F1 Team,0 days 01:05:46.260000,,1,,False,,False,False
2021-22,FP3,0 days 01:17:39.447000,MAZ,9,0 days 00:01:44.501000,18.0,4.0,,,0 days 00:00:19.169000,0 days 00:00:40.418000,0 days 00:00:44.914000,0 days 01:16:14.115000,0 days 01:16:54.533000,0 days 01:17:39.447000,276.0,271.0,90.0,287.0,False,SOFT,9.0,False,Haas F1 Team,0 days 01:15:54.946000,,1,,False,,False,True
2021-22,FP3,0 days 01:19:58.389000,MAZ,9,0 days 00:02:18.942000,19.0,4.0,,0 days 01:19:58.386000,0 days 00:00:48.589000,0 days 00:00:47.824000,0 days 00:00:42.529000,0 days 01:18:28.036000,0 days 01:19:15.860000,0 days 01:19:58.389000,269.0,230.0,,194.0,False,SOFT,10.0,False,Haas F1 Team,0 days 01:17:39.447000,,1,,False,,False,False
2021-22,FP3,0 days 00:31:18.754000,GAS,10,,1.0,1.0,0 days 00:29:23.047000,,,0 days 00:00:47.024000,0 days 00:00:42.139000,,0 days 00:30:37.198000,0 days 00:31:18.869000,226.0,262.0,221.0,299.0,False,HARD,1.0,True,AlphaTauri,0 days 00:29:23.047000,,1,,False,,False,False
2021-22,FP3,0 days 00:32:45.157000,GAS,10,0 days 00:01:26.403000,2.0,1.0,,,0 days 00:00:17.707000,,,0 days 00:31:36.461000,,,282.0,262.0,216.0,318.0,True,HARD,2.0,True,AlphaTauri,0 days 00:31:18.754000,,1,,False,,False,False
2021-22,FP3,0 days 00:35:03.995000,GAS,10,0 days 00:02:18.838000,3.0,1.0,,,0 days 00:00:28.602000,0 days 00:00:56.590000,0 days 00:00:53.646000,0 days 00:33:13.759000,0 days 00:34:10.349000,0 days 00:35:03.995000,158.0,206.0,165.0,186.0,False,HARD,3.0,True,AlphaTauri,0 days 00:32:45.157000,,1,,False,,False,True
2021-22,FP3,0 days 00:37:04.404000,GAS,10,0 days 00:02:00.409000,4.0,1.0,,,0 days 00:00:24.584000,0 days 00:00:45.924000,0 days 00:00:49.901000,0 days 00:35:28.579000,0 days 00:36:14.503000,0 days 00:37:04.404000,223.0,264.0,221.0,289.0,False,HARD,4.0,True,AlphaTauri,0 days 00:35:03.995000,,1,,False,,False,True
2021-22,FP3,0 days 00:38:30.316000,GAS,10,0 days 00:01:25.912000,5.0,1.0,,,0 days 00:00:17.627000,,,0 days 00:37:22.031000,,,284.0,264.0,218.0,318.0,True,HARD,5.0,True,AlphaTauri,0 days 00:37:04.404000,,1,,False,,False,False
2021-22,FP3,0 days 00:40:40.106000,GAS,10,0 days 00:02:09.790000,6.0,1.0,,0 days 00:40:39.065000,0 days 00:00:28.198000,0 days 00:00:54.132000,0 days 00:00:47.460000,0 days 00:38:58.514000,0 days 00:39:52.646000,0 days 00:40:40.106000,142.0,194.0,,200.0,False,HARD,6.0,True,AlphaTauri,0 days 00:38:30.316000,,1,,False,,False,False
2021-22,FP3,0 days 00:42:58.748000,GAS,10,0 days 00:02:18.642000,7.0,2.0,0 days 00:41:09.088000,,0 days 00:00:53.637000,0 days 00:00:45.634000,0 days 00:00:39.371000,0 days 00:41:33.743000,0 days 00:42:19.377000,0 days 00:42:58.748000,225.0,256.0,225.0,291.0,False,HARD,7.0,False,AlphaTauri,0 days 00:40:40.106000,,1,,False,,False,False
2021-22,FP3,0 days 00:44:24.150000,GAS,10,0 days 00:01:25.402000,8.0,2.0,,,0 days 00:00:17.499000,0 days 00:00:36.801000,0 days 00:00:31.102000,0 days 00:43:16.247000,0 days 00:43:53.048000,0 days 00:44:24.150000,283.0,314.0,218.0,322.0,True,HARD,8.0,False,AlphaTauri,0 days 00:42:58.748000,,1,,False,,False,True
2021-22,FP3,0 days 00:46:27.309000,GAS,10,0 days 00:02:03.159000,9.0,2.0,,,0 days 00:00:21.977000,0 days 00:00:52.103000,0 days 00:00:49.079000,0 days 00:44:46.127000,0 days 00:45:38.230000,0 days 00:46:27.309000,173.0,190.0,224.0,265.0,False,HARD,9.0,False,AlphaTauri,0 days 00:44:24.150000,,1,,False,,False,True
2021-22,FP3,0 days 00:47:52.219000,GAS,10,0 days 00:01:24.910000,10.0,2.0,,,0 days 00:00:17.335000,0 days 00:00:36.478000,0 days 00:00:31.097000,0 days 00:46:44.644000,0 days 00:47:21.122000,0 days 00:47:52.219000,288.0,320.0,220.0,324.0,True,HARD,10.0,False,AlphaTauri,0 days 00:46:27.309000,,1,,False,,False,True
2021-22,FP3,0 days 00:49:36.124000,GAS,10,0 days 00:01:43.905000,11.0,2.0,,0 days 00:49:36.128000,0 days 00:00:20.868000,0 days 00:00:45.774000,0 days 00:00:37.263000,0 days 00:48:13.087000,0 days 00:48:58.861000,0 days 00:49:36.124000,248.0,276.0,,211.0,False,HARD,11.0,False,AlphaTauri,0 days 00:47:52.219000,,1,,False,,False,False
2021-22,FP3,0 days 00:51:42.457000,GAS,10,0 days 00:02:06.333000,12.0,3.0,0 days 00:49:57.979000,0 days 00:51:41.411000,0 days 00:00:43.256000,0 days 00:00:41.148000,0 days 00:00:41.929000,0 days 00:50:19.380000,0 days 00:51:00.528000,0 days 00:51:42.457000,251.0,279.0,,280.0,False,HARD,12.0,False,AlphaTauri,0 days 00:49:36.124000,,1,,False,,False,False
2021-22,FP3,0 days 01:00:13.012000,GAS,10,,13.0,4.0,0 days 00:58:15.466000,,,0 days 00:00:48.861000,0 days 00:00:41.122000,,0 days 00:59:31.890000,0 days 01:00:13.112000,194.0,261.0,225.0,280.0,False,SOFT,1.0,True,AlphaTauri,0 days 00:51:42.457000,,1,,False,,False,False
2021-22,FP3,0 days 01:01:38.023000,GAS,10,0 days 00:01:25.011000,14.0,4.0,,,0 days 00:00:17.494000,0 days 00:00:36.669000,0 days 00:00:30.848000,0 days 01:00:30.506000,0 days 01:01:07.175000,0 days 01:01:38.023000,282.0,316.0,218.0,319.0,False,SOFT,2.0,True,AlphaTauri,0 days 01:00:13.012000,,1,,False,,False,True
2021-22,FP3,0 days 01:04:11.544000,GAS,10,,15.0,4.0,,0 days 01:04:10.628000,0 days 00:00:30.589000,0 days 00:01:09.198000,0 days 00:00:53.769000,0 days 01:02:08.656000,0 days 01:03:17.775000,0 days 01:04:13.529000,135.0,164.0,,130.0,False,SOFT,3.0,True,AlphaTauri,0 days 01:01:38.023000,,1,,False,,False,False
2021-22,FP3,0 days 01:06:35.911000,GAS,10,0 days 00:02:24.367000,16.0,5.0,0 days 01:04:38.906000,,0 days 00:00:54.301000,0 days 00:00:48.512000,0 days 00:00:41.554000,0 days 01:05:05.845000,0 days 01:05:54.357000,0 days 01:06:35.911000,188.0,256.0,229.0,286.0,False,SOFT,4.0,False,AlphaTauri,0 days 01:04:11.544000,,1,,False,,False,False
2021-22,FP3,0 days 01:08:00.162000,GAS,10,0 days 00:01:24.251000,17.0,5.0,,,0 days 00:00:17.284000,0 days 00:00:36.374000,0 days 00:00:30.593000,0 days 01:06:53.195000,0 days 01:07:29.569000,0 days 01:08:00.162000,285.0,318.0,222.0,319.0,True,SOFT,5.0,False,AlphaTauri,0 days 01:06:35.911000,,1,,False,,False,True
2021-22,FP3,0 days 01:09:38.995000,GAS,10,0 days 00:01:38.833000,18.0,5.0,,0 days 01:09:37.980000,0 days 00:00:20.082000,0 days 00:00:43.132000,0 days 00:00:35.619000,0 days 01:08:20.244000,0 days 01:09:03.376000,0 days 01:09:38.995000,258.0,274.0,,262.0,False,SOFT,6.0,False,AlphaTauri,0 days 01:08:00.162000,,1,,False,,False,False
2021-22,FP3,0 days 01:11:23.843000,GAS,10,0 days 00:01:44.848000,19.0,6.0,0 days 01:09:54.062000,0 days 01:11:23.870000,0 days 00:00:32.204000,0 days 00:00:38.496000,0 days 00:00:34.148000,0 days 01:10:11.199000,0 days 01:10:49.695000,0 days 01:11:23.843000,281.0,297.0,,296.0,False,HARD,13.0,False,AlphaTauri,0 days 01:09:38.995000,,1,,False,,False,False
2021-22,FP3,0 days 01:15:04.358000,GAS,10,,20.0,7.0,0 days 01:11:49.421000,,0 days 00:00:59.605000,0 days 00:01:29.135000,0 days 00:01:11.737000,0 days 01:12:23.490000,0 days 01:13:52.652000,0 days 01:15:04.934000,101.0,105.0,153.0,95.0,False,HARD,14.0,False,AlphaTauri,0 days 01:11:23.843000,,1,,False,,False,False
2021-22,FP3,0 days 01:16:56.334000,GAS,10,0 days 00:01:51.976000,21.0,7.0,,,0 days 00:00:23.396000,0 days 00:00:42.016000,0 days 00:00:46.564000,0 days 01:15:27.754000,0 days 01:16:09.770000,0 days 01:16:56.334000,248.0,275.0,70.0,286.0,False,HARD,15.0,False,AlphaTauri,0 days 01:15:04.358000,,1,,False,,False,True
2021-22,FP3,0 days 01:18:50.190000,GAS,10,0 days 00:01:53.856000,22.0,7.0,,0 days 01:18:49.138000,0 days 00:00:36.656000,0 days 00:00:39.713000,0 days 00:00:37.487000,0 days 01:17:32.990000,0 days 01:18:12.703000,0 days 01:18:50.190000,275.0,272.0,,276.0,False,HARD,16.0,False,AlphaTauri,0 days 01:16:56.334000,,1,,False,,False,False
2021-22,FP3,0 days 00:27:43.649000,PER,11,,1.0,1.0,0 days 00:26:03.474000,,,0 days 00:00:44.621000,0 days 00:00:34.154000,,0 days 00:27:09.508000,0 days 00:27:43.726000,272.0,248.0,219.0,249.0,False,MEDIUM,1.0,True,Red Bull Racing,0 days 00:26:03.474000,,1,,False,,False,False
2021-22,FP3,0 days 00:29:09.230000,PER,11,0 days 00:01:25.581000,2.0,1.0,,,0 days 00:00:17.611000,0 days 00:00:36.867000,0 days 00:00:31.103000,0 days 00:28:01.260000,0 days 00:28:38.127000,0 days 00:29:09.230000,284.0,311.0,217.0,317.0,True,MEDIUM,2.0,True,Red Bull Racing,0 days 00:27:43.649000,,1,,False,,False,True
2021-22,FP3,0 days 00:31:06.573000,PER,11,0 days 00:01:57.343000,3.0,1.0,,0 days 00:31:06.475000,0 days 00:00:25.153000,0 days 00:00:50.514000,0 days 00:00:41.676000,0 days 00:29:34.383000,0 days 00:30:24.897000,0 days 00:31:06.573000,177.0,243.0,,222.0,False,MEDIUM,3.0,True,Red Bull Racing,0 days 00:29:09.230000,,1,,False,,False,False
2021-22,FP3,0 days 00:33:15.222000,PER,11,0 days 00:02:08.649000,4.0,2.0,0 days 00:31:28.785000,,0 days 00:00:43.054000,0 days 00:00:44.728000,0 days 00:00:40.867000,0 days 00:31:49.627000,0 days 00:32:34.355000,0 days 00:33:15.222000,243.0,233.0,224.0,253.0,False,MEDIUM,4.0,False,Red Bull Racing,0 days 00:31:06.573000,,1,,False,,False,False
2021-22,FP3,0 days 00:34:40.054000,PER,11,0 days 00:01:24.832000,5.0,2.0,,,0 days 00:00:17.355000,0 days 00:00:36.447000,0 days 00:00:31.030000,0 days 00:33:32.577000,0 days 00:34:09.024000,0 days 00:34:40.054000,287.0,314.0,221.0,323.0,True,MEDIUM,5.0,False,Red Bull Racing,0 days 00:33:15.222000,,1,,False,,False,True
2021-22,FP3,0 days 00:36:58.858000,PER,11,0 days 00:02:18.804000,6.0,2.0,,,0 days 00:00:24.945000,0 days 00:01:02.241000,0 days 00:00:51.618000,0 days 00:35:04.999000,0 days 00:36:07.240000,0 days 00:36:58.858000,161.0,158.0,156.0,161.0,False,MEDIUM,6.0,False,Red Bull Racing,0 days 00:34:40.054000,,1,,False,,False,True
2021-22,FP3,0 days 00:39:03.535000,PER,11,0 days 00:02:04.677000,7.0,2.0,,,0 days 00:00:24.006000,0 days 00:00:53.373000,0 days 00:00:47.298000,0 days 00:37:22.864000,0 days 00:38:16.237000,0 days 00:39:03.535000,198.0,111.0,223.0,196.0,False,MEDIUM,7.0,False,Red Bull Racing,0 days 00:36:58.858000,,1,,False,,False,True
2021-22,FP3,0 days 00:40:28.258000,PER,11,0 days 00:01:24.723000,8.0,2.0,,,0 days 00:00:17.356000,0 days 00:00:36.414000,0 days 00:00:30.953000,0 days 00:39:20.891000,0 days 00:39:57.305000,0 days 00:40:28.258000,287.0,316.0,220.0,321.0,True,MEDIUM,8.0,False,Red Bull Racing,0 days 00:39:03.535000,,1,,False,,False,True
2021-22,FP3,0 days 00:42:20.660000,PER,11,0 days 00:01:52.402000,9.0,2.0,,0 days 00:42:20.253000,0 days 00:00:25.229000,0 days 00:00:48.400000,0 days 00:00:38.773000,0 days 00:40:53.487000,0 days 00:41:41.887000,0 days 00:42:20.660000,122.0,229.0,,248.0,False,MEDIUM,9.0,False,Red Bull Racing,0 days 00:40:28.258000,,1,,False,,False,False
2021-22,FP3,0 days 00:44:40.768000,PER,11,0 days 00:02:20.108000,10.0,3.0,0 days 00:42:48.181000,0 days 00:44:39.726000,0 days 00:00:50.067000,0 days 00:00:48.316000,0 days 00:00:41.725000,0 days 00:43:10.727000,0 days 00:43:59.043000,0 days 00:44:40.768000,244.0,250.0,,207.0,False,MEDIUM,10.0,False,Red Bull Racing,0 days 00:42:20.660000,,1,,False,,False,False
2021-22,FP3,0 days 01:00:07.366000,PER,11,,11.0,4.0,0 days 00:58:16.542000,,,0 days 00:00:41.808000,0 days 00:00:43.099000,,0 days 00:59:24.286000,0 days 01:00:07.483000,238.0,248.0,224.0,249.0,False,SOFT,1.0,True,Red Bull Racing,0 days 00:44:40.768000,,1,,False,,False,False
2021-22,FP3,0 days 01:01:31.850000,PER,11,0 days 00:01:24.484000,12.0,4.0,,,0 days 00:00:17.387000,0 days 00:00:36.443000,0 days 00:00:30.654000,0 days 01:00:24.753000,0 days 01:01:01.196000,0 days 01:01:31.850000,287.0,314.0,222.0,321.0,True,SOFT,2.0,True,Red Bull Racing,0 days 01:00:07.366000,,1,,False,,False,True
2021-22,FP3,0 days 01:03:52.190000,PER,11,0 days 00:02:20.340000,13.0,4.0,,0 days 01:03:51.159000,0 days 00:00:27.739000,0 days 00:01:04.622000,0 days 00:00:47.979000,0 days 01:01:59.589000,0 days 01:03:04.211000,0 days 01:03:52.190000,147.0,88.0,,177.0,False,SOFT,3.0,True,Red Bull Racing,0 days 01:01:31.850000,,1,,False,,False,False
2021-22,FP3,0 days 01:06:09.522000,PER,11,0 days 00:02:17.332000,14.0,5.0,0 days 01:04:14.254000,,0 days 00:00:46.480000,0 days 00:00:47.215000,0 days 00:00:43.637000,0 days 01:04:38.670000,0 days 01:05:25.885000,0 days 01:06:09.522000,177.0,235.0,224.0,268.0,False,SOFT,4.0,False,Red Bull Racing,0 days 01:03:52.190000,,1,,False,,False,False
2021-22,FP3,0 days 01:07:33.834000,PER,11,0 days 00:01:24.312000,15.0,5.0,,,0 days 00:00:17.223000,0 days 00:00:36.339000,0 days 00:00:30.750000,0 days 01:06:26.745000,0 days 01:07:03.084000,0 days 01:07:33.834000,289.0,317.0,220.0,319.0,True,SOFT,5.0,False,Red Bull Racing,0 days 01:06:09.522000,,1,,False,,False,True
2021-22,FP3,0 days 01:09:34.335000,PER,11,0 days 00:02:00.501000,16.0,5.0,,,0 days 00:00:21.881000,0 days 00:00:54.279000,0 days 00:00:44.341000,0 days 01:07:55.715000,0 days 01:08:49.994000,0 days 01:09:34.335000,247.0,183.0,147.0,191.0,False,SOFT,6.0,False,Red Bull Racing,0 days 01:07:33.834000,,1,,False,,False,True
2021-22,FP3,0 days 01:11:42.891000,PER,11,0 days 00:02:08.556000,17.0,5.0,,,0 days 00:00:25.085000,0 days 00:00:55.122000,0 days 00:00:48.349000,0 days 01:09:59.420000,0 days 01:10:54.542000,0 days 01:11:42.891000,199.0,190.0,225.0,196.0,False,SOFT,7.0,False,Red Bull Racing,0 days 01:09:34.335000,,1,,False,,False,True
2021-22,FP3,0 days 01:13:06.938000,PER,11,0 days 00:01:24.047000,18.0,5.0,,,0 days 00:00:17.308000,0 days 00:00:36.242000,0 days 00:00:30.497000,0 days 01:12:00.199000,0 days 01:12:36.441000,0 days 01:13:06.938000,287.0,317.0,223.0,320.0,True,SOFT,8.0,False,Red Bull Racing,0 days 01:11:42.891000,,1,,False,,False,True
2021-22,FP3,0 days 01:15:08.241000,PER,11,0 days 00:02:01.303000,19.0,5.0,,,0 days 00:00:20.563000,0 days 00:00:51.555000,0 days 00:00:49.185000,0 days 01:13:27.501000,0 days 01:14:19.056000,0 days 01:15:08.241000,253.0,131.0,199.0,239.0,False,SOFT,9.0,False,Red Bull Racing,0 days 01:13:06.938000,,1,,False,,False,True
2021-22,FP3,0 days 01:17:12.124000,PER,11,0 days 00:02:03.883000,20.0,5.0,,,0 days 00:00:26.079000,0 days 00:00:50.653000,0 days 00:00:47.151000,0 days 01:15:34.320000,0 days 01:16:24.973000,0 days 01:17:12.124000,184.0,230.0,49.0,243.0,False,SOFT,10.0,False,Red Bull Racing,0 days 01:15:08.241000,,1,,False,,False,True
2021-22,FP3,0 days 01:19:25.984000,PER,11,0 days 00:02:13.860000,21.0,5.0,,0 days 01:19:26.009000,0 days 00:00:44.558000,0 days 00:00:47.927000,0 days 00:00:41.375000,0 days 01:17:56.682000,0 days 01:18:44.609000,0 days 01:19:25.984000,246.0,177.0,,259.0,False,SOFT,11.0,False,Red Bull Racing,0 days 01:17:12.124000,,1,,False,,False,False
2021-22,FP3,0 days 00:31:00.438000,ALO,14,,1.0,1.0,0 days 00:29:14.457000,,,0 days 00:00:43.353000,0 days 00:00:41.240000,,0 days 00:30:19.251000,0 days 00:31:00.557000,251.0,278.0,226.0,293.0,False,HARD,1.0,True,Alpine,0 days 00:29:14.457000,,1,,False,,False,False
2021-22,FP3,0 days 00:32:26.201000,ALO,14,0 days 00:01:25.763000,2.0,1.0,,,0 days 00:00:17.586000,0 days 00:00:36.935000,0 days 00:00:31.242000,0 days 00:31:18.024000,0 days 00:31:54.959000,0 days 00:32:26.201000,289.0,316.0,213.0,325.0,True,HARD,2.0,True,Alpine,0 days 00:31:00.438000,,1,,False,,False,True
2021-22,FP3,0 days 00:34:26.963000,ALO,14,0 days 00:02:00.762000,3.0,1.0,,,0 days 00:00:22.297000,0 days 00:00:45.996000,0 days 00:00:52.469000,0 days 00:32:48.498000,0 days 00:33:34.494000,0 days 00:34:26.963000,192.0,288.0,214.0,262.0,False,HARD,3.0,True,Alpine,0 days 00:32:26.201000,,1,,False,,False,True
2021-22,FP3,0 days 00:36:08.907000,ALO,14,0 days 00:01:41.944000,4.0,1.0,,,0 days 00:00:17.484000,0 days 00:00:39.922000,0 days 00:00:44.538000,0 days 00:34:44.447000,0 days 00:35:24.369000,0 days 00:36:08.907000,288.0,235.0,221.0,321.0,False,HARD,4.0,True,Alpine,0 days 00:34:26.963000,,1,,False,,False,True
2021-22,FP3,0 days 00:37:35.191000,ALO,14,0 days 00:01:26.284000,5.0,1.0,,,0 days 00:00:17.505000,0 days 00:00:37.465000,0 days 00:00:31.314000,0 days 00:36:26.412000,0 days 00:37:03.877000,0 days 00:37:35.191000,286.0,309.0,219.0,318.0,False,HARD,5.0,True,Alpine,0 days 00:36:08.907000,,1,,False,,False,True
2021-22,FP3,0 days 00:39:22.934000,ALO,14,0 days 00:01:47.743000,6.0,1.0,,0 days 00:39:22.504000,0 days 00:00:20.814000,0 days 00:00:45.008000,0 days 00:00:41.921000,0 days 00:37:56.005000,0 days 00:38:41.013000,0 days 00:39:22.934000,253.0,130.0,,234.0,False,HARD,6.0,True,Alpine,0 days 00:37:35.191000,,1,,False,,False,False
2021-22,FP3,0 days 00:51:35.659000,ALO,14,,7.0,2.0,0 days 00:49:49.207000,,,0 days 00:00:44.817000,0 days 00:00:41.333000,,0 days 00:50:54.353000,0 days 00:51:35.770000,245.0,282.0,223.0,295.0,False,HARD,7.0,False,Alpine,0 days 00:39:22.934000,,1,,False,,False,False
2021-22,FP3,0 days 00:53:01.198000,ALO,14,0 days 00:01:25.539000,8.0,2.0,,,0 days 00:00:17.403000,0 days 00:00:37.046000,0 days 00:00:31.090000,0 days 00:51:53.062000,0 days 00:52:30.108000,0 days 00:53:01.198000,287.0,314.0,217.0,321.0,True,HARD,8.0,False,Alpine,0 days 00:51:35.659000,,1,,False,,False,True
2021-22,FP3,0 days 00:54:54.969000,ALO,14,0 days 00:01:53.771000,9.0,2.0,,,0 days 00:00:21.745000,0 days 00:00:48.104000,0 days 00:00:43.922000,0 days 00:53:22.943000,0 days 00:54:11.047000,0 days 00:54:54.969000,235.0,263.0,219.0,196.0,False,HARD,9.0,False,Alpine,0 days 00:53:01.198000,,1,,False,,False,True
2021-22,FP3,0 days 00:56:20.735000,ALO,14,0 days 00:01:25.766000,10.0,2.0,,,0 days 00:00:17.548000,0 days 00:00:37.165000,0 days 00:00:31.053000,0 days 00:55:12.517000,0 days 00:55:49.682000,0 days 00:56:20.735000,287.0,311.0,219.0,320.0,False,HARD,10.0,False,Alpine,0 days 00:54:54.969000,,1,,False,,False,True
2021-22,FP3,0 days 00:57:57.540000,ALO,14,0 days 00:01:36.805000,11.0,2.0,,0 days 00:57:56.495000,0 days 00:00:18.778000,0 days 00:00:40.010000,0 days 00:00:38.017000,0 days 00:56:39.513000,0 days 00:57:19.523000,0 days 00:57:57.540000,263.0,263.0,,265.0,False,HARD,11.0,False,Alpine,0 days 00:56:20.735000,,1,,False,,False,False
2021-22,FP3,0 days 01:06:47.773000,ALO,14,,12.0,3.0,0 days 01:04:56.025000,,,0 days 00:00:44.247000,0 days 00:00:46.860000,,0 days 01:06:01.976000,0 days 01:06:49.481000,258.0,242.0,221.0,300.0,False,MEDIUM,1.0,True,Alpine,0 days 00:57:57.540000,,1,,False,,False,False
2021-22,FP3,0 days 01:08:12.867000,ALO,14,0 days 00:01:25.094000,13.0,3.0,,,0 days 00:00:17.316000,0 days 00:00:36.613000,0 days 00:00:31.165000,0 days 01:07:05.089000,0 days 01:07:41.702000,0 days 01:08:12.867000,288.0,318.0,219.0,322.0,True,MEDIUM,2.0,True,Alpine,0 days 01:06:47.773000,,1,,False,,False,True
2021-22,FP3,0 days 01:10:23.513000,ALO,14,0 days 00:02:10.646000,14.0,3.0,,,0 days 00:00:25.815000,0 days 00:00:59.204000,0 days 00:00:45.627000,0 days 01:08:38.682000,0 days 01:09:37.886000,0 days 01:10:23.513000,169.0,151.0,223.0,229.0,False,MEDIUM,3.0,True,Alpine,0 days 01:08:12.867000,,1,,False,,False,True
2021-22,FP3,0 days 01:11:48.809000,ALO,14,0 days 00:01:25.296000,15.0,3.0,,,0 days 00:00:17.340000,0 days 00:00:36.852000,0 days 00:00:31.104000,0 days 01:10:40.853000,0 days 01:11:17.705000,0 days 01:11:48.809000,286.0,313.0,219.0,318.0,False,MEDIUM,4.0,True,Alpine,0 days 01:10:23.513000,,1,,False,,False,True
2021-22,FP3,0 days 01:13:45.385000,ALO,14,0 days 00:01:56.576000,16.0,3.0,,,0 days 00:00:22.883000,0 days 00:00:48.775000,0 days 00:00:44.918000,0 days 01:12:11.692000,0 days 01:13:00.467000,0 days 01:13:45.385000,183.0,265.0,221.0,197.0,False,MEDIUM,5.0,True,Alpine,0 days 01:11:48.809000,,1,,False,,False,True
2021-22,FP3,0 days 01:15:11.249000,ALO,14,0 days 00:01:25.864000,17.0,3.0,,,0 days 00:00:17.307000,0 days 00:00:36.979000,0 days 00:00:31.578000,0 days 01:14:02.692000,0 days 01:14:39.671000,0 days 01:15:11.249000,289.0,315.0,215.0,321.0,False,MEDIUM,6.0,True,Alpine,0 days 01:13:45.385000,,1,,False,,False,True
2021-22,FP3,0 days 01:17:01.852000,ALO,14,0 days 00:01:50.603000,18.0,3.0,,,0 days 00:00:20.880000,0 days 00:00:43.349000,0 days 00:00:46.374000,0 days 01:15:32.129000,0 days 01:16:15.478000,0 days 01:17:01.852000,207.0,217.0,50.0,207.0,False,MEDIUM,7.0,True,Alpine,0 days 01:15:11.249000,,1,,False,,False,True
2021-22,FP3,0 days 01:19:00.281000,ALO,14,0 days 00:01:58.429000,19.0,3.0,,0 days 01:18:59.233000,0 days 00:00:40.131000,0 days 00:00:38.496000,0 days 00:00:39.802000,0 days 01:17:41.983000,0 days 01:18:20.479000,0 days 01:19:00.281000,282.0,240.0,,299.0,False,MEDIUM,8.0,True,Alpine,0 days 01:17:01.852000,,1,,False,,False,False
2021-22,FP3,0 days 00:30:30.343000,LEC,16,,1.0,1.0,0 days 00:28:29.460000,,,0 days 00:00:46.629000,0 days 00:00:49.007000,,0 days 00:29:41.401000,0 days 00:30:30.465000,233.0,256.0,221.0,286.0,False,HARD,1.0,True,Ferrari,0 days 00:28:29.460000,,1,,False,,False,False
2021-22,FP3,0 days 00:31:56.363000,LEC,16,0 days 00:01:26.020000,2.0,1.0,,,0 days 00:00:17.596000,0 days 00:00:36.918000,0 days 00:00:31.506000,0 days 00:30:47.939000,0 days 00:31:24.857000,0 days 00:31:56.363000,285.0,311.0,218.0,321.0,True,HARD,2.0,True,Ferrari,0 days 00:30:30.343000,,1,,False,,False,True
2021-22,FP3,0 days 00:34:20.021000,LEC,16,0 days 00:02:23.658000,3.0,1.0,,,0 days 00:00:29.694000,0 days 00:00:57.475000,0 days 00:00:56.489000,0 days 00:32:26.057000,0 days 00:33:23.532000,0 days 00:34:20.021000,103.0,180.0,221.0,157.0,False,HARD,3.0,True,Ferrari,0 days 00:31:56.363000,,1,,False,,False,True
2021-22,FP3,0 days 00:35:45.749000,LEC,16,0 days 00:01:25.728000,4.0,1.0,,,0 days 00:00:17.769000,0 days 00:00:36.641000,0 days 00:00:31.318000,0 days 00:34:37.790000,0 days 00:35:14.431000,0 days 00:35:45.749000,283.0,316.0,219.0,321.0,True,HARD,4.0,True,Ferrari,0 days 00:34:20.021000,,1,,False,,False,True
2021-22,FP3,0 days 00:38:13.437000,LEC,16,0 days 00:02:27.688000,5.0,1.0,,,0 days 00:00:28.128000,0 days 00:01:03.312000,0 days 00:00:56.248000,0 days 00:36:13.877000,0 days 00:37:17.189000,0 days 00:38:13.437000,190.0,88.0,223.0,95.0,False,HARD,5.0,True,Ferrari,0 days 00:35:45.749000,,1,,False,,False,True
2021-22,FP3,0 days 00:40:07.544000,LEC,16,0 days 00:01:54.107000,6.0,1.0,,,0 days 00:00:17.508000,0 days 00:00:40.522000,0 days 00:00:56.077000,0 days 00:38:30.945000,0 days 00:39:11.467000,0 days 00:40:07.544000,282.0,175.0,223.0,323.0,False,HARD,6.0,True,Ferrari,0 days 00:38:13.437000,,1,,False,,False,True
2021-22,FP3,0 days 00:41:57.522000,LEC,16,0 days 00:01:49.978000,7.0,1.0,,,0 days 00:00:17.515000,0 days 00:00:36.899000,0 days 00:00:55.564000,0 days 00:40:25.059000,0 days 00:41:01.958000,0 days 00:41:57.522000,284.0,316.0,222.0,319.0,False,HARD,7.0,True,Ferrari,0 days 00:40:07.544000,,1,,False,,False,True
2021-22,FP3,0 days 00:43:23.262000,LEC,16,0 days 00:01:25.740000,8.0,1.0,,,0 days 00:00:17.556000,0 days 00:00:36.799000,0 days 00:00:31.385000,0 days 00:42:15.078000,0 days 00:42:51.877000,0 days 00:43:23.262000,283.0,317.0,221.0,320.0,False,HARD,8.0,True,Ferrari,0 days 00:41:57.522000,,1,,False,,False,True
2021-22,FP3,0 days 00:45:10.713000,LEC,16,0 days 00:01:47.451000,9.0,1.0,,0 days 00:45:09.691000,0 days 00:00:18.984000,0 days 00:00:52.341000,0 days 00:00:36.126000,0 days 00:43:42.246000,0 days 00:44:34.587000,0 days 00:45:10.713000,258.0,281.0,,110.0,False,HARD,9.0,True,Ferrari,0 days 00:43:23.262000,,1,,False,,False,False
2021-22,FP3,0 days 00:47:37.591000,LEC,16,0 days 00:02:26.878000,10.0,2.0,0 days 00:45:49.688000,0 days 00:47:36.523000,0 days 00:00:58.941000,0 days 00:00:47.658000,0 days 00:00:40.279000,0 days 00:46:09.654000,0 days 00:46:57.312000,0 days 00:47:37.591000,267.0,215.0,,153.0,False,HARD,10.0,False,Ferrari,0 days 00:45:10.713000,,1,,False,,False,False
2021-22,FP3,0 days 00:57:24.298000,LEC,16,,11.0,3.0,0 days 00:55:10.363000,,,0 days 00:00:55.815000,0 days 00:00:48.685000,,0 days 00:56:35.613000,0 days 00:57:24.404000,147.0,194.0,225.0,232.0,False,MEDIUM,1.0,True,Ferrari,0 days 00:47:37.591000,,1,,False,,False,False
2021-22,FP3,0 days 00:59:04.264000,LEC,16,0 days 00:01:39.966000,12.0,3.0,,0 days 00:59:03.124000,0 days 00:00:17.382000,0 days 00:00:36.376000,0 days 00:00:46.208000,0 days 00:57:41.680000,0 days 00:58:18.056000,0 days 00:59:04.264000,284.0,313.0,,320.0,False,MEDIUM,2.0,True,Ferrari,0 days 00:57:24.298000,,1,,False,,False,False
2021-22,FP3,0 days 01:02:10.653000,LEC,16,,13.0,4.0,0 days 00:59:47.889000,,0 days 00:01:12.203000,0 days 00:01:02.959000,0 days 00:00:51.241000,0 days 01:00:16.454000,0 days 01:01:19.416000,0 days 01:02:10.797000,106.0,139.0,224.0,166.0,False,MEDIUM,3.0,False,Ferrari,0 days 00:59:04.264000,,1,,False,,False,False
2021-22,FP3,0 days 01:03:35.411000,LEC,16,0 days 00:01:24.758000,14.0,4.0,,,0 days 00:00:17.392000,0 days 00:00:36.482000,0 days 00:00:30.884000,0 days 01:02:28.045000,0 days 01:03:04.527000,0 days 01:03:35.411000,283.0,316.0,220.0,320.0,True,MEDIUM,4.0,False,Ferrari,0 days 01:02:10.653000,,1,,False,,False,True
2021-22,FP3,0 days 01:05:55.760000,LEC,16,0 days 00:02:20.349000,15.0,4.0,,,0 days 00:00:29.644000,0 days 00:01:04.789000,0 days 00:00:45.916000,0 days 01:04:05.055000,0 days 01:05:09.844000,0 days 01:05:55.760000,113.0,265.0,225.0,100.0,False,MEDIUM,5.0,False,Ferrari,0 days 01:03:35.411000,,1,,False,,False,True
2021-22,FP3,0 days 01:07:45.176000,LEC,16,0 days 00:01:49.416000,16.0,4.0,,,0 days 00:00:17.419000,0 days 00:00:37.276000,0 days 00:00:54.721000,0 days 01:06:13.179000,0 days 01:06:50.455000,0 days 01:07:45.176000,284.0,243.0,225.0,318.0,False,MEDIUM,6.0,False,Ferrari,0 days 01:05:55.760000,,1,,False,,False,True
2021-22,FP3,0 days 01:09:13.203000,LEC,16,0 days 00:01:28.027000,17.0,4.0,,0 days 01:09:12.157000,0 days 00:00:17.450000,0 days 00:00:36.721000,0 days 00:00:33.856000,0 days 01:08:02.626000,0 days 01:08:39.347000,0 days 01:09:13.203000,283.0,314.0,,318.0,False,MEDIUM,7.0,False,Ferrari,0 days 01:07:45.176000,,1,,False,,False,False
2021-22,FP3,0 days 01:14:06.356000,LEC,16,,18.0,5.0,0 days 01:12:29.839000,,,0 days 00:00:38.969000,0 days 00:00:33.872000,,0 days 01:13:32.517000,0 days 01:14:06.462000,248.0,293.0,217.0,296.0,False,MEDIUM,8.0,False,Ferrari,0 days 01:09:13.203000,,1,,False,,False,False
2021-22,FP3,0 days 01:15:35.210000,LEC,16,0 days 00:01:28.854000,19.0,5.0,,,0 days 00:00:17.959000,0 days 00:00:38.474000,0 days 00:00:32.421000,0 days 01:14:24.315000,0 days 01:15:02.789000,0 days 01:15:35.210000,283.0,289.0,215.0,290.0,False,MEDIUM,9.0,False,Ferrari,0 days 01:14:06.356000,,1,,False,,False,True
2021-22,FP3,0 days 01:17:28.073000,LEC,16,0 days 00:01:52.863000,20.0,5.0,,,0 days 00:00:18.031000,0 days 00:00:46.460000,0 days 00:00:48.372000,0 days 01:15:53.241000,0 days 01:16:39.701000,0 days 01:17:28.073000,281.0,174.0,90.0,225.0,False,MEDIUM,10.0,False,Ferrari,0 days 01:15:35.210000,,1,,False,,False,True
2021-22,FP3,0 days 01:20:04.538000,LEC,16,,21.0,5.0,,0 days 01:20:04.526000,0 days 00:00:43.015000,0 days 00:00:46.342000,0 days 00:01:07.089000,0 days 01:18:11.107000,0 days 01:18:57.472000,0 days 01:20:06.093000,278.0,208.0,,187.0,False,MEDIUM,11.0,False,Ferrari,0 days 01:17:28.073000,,1,,False,,False,False
2021-22,FP3,0 days 00:19:57.691000,STR,18,,1.0,1.0,0 days 00:18:20.305000,,,0 days 00:00:40.625000,0 days 00:00:35.013000,,0 days 00:19:22.698000,0 days 00:20:01.223000,256.0,258.0,216.0,295.0,False,HARD,1.0,True,Aston Martin,0 days 00:18:20.305000,,1,,False,,False,False
2021-22,FP3,0 days 00:21:25.902000,STR,18,0 days 00:01:28.211000,2.0,1.0,,,0 days 00:00:17.880000,,,0 days 00:20:15.571000,,,283.0,258.0,215.0,317.0,True,HARD,2.0,True,Aston Martin,0 days 00:19:57.691000,,1,,False,,False,False
2021-22,FP3,0 days 00:23:18.870000,STR,18,0 days 00:01:52.968000,3.0,1.0,,,0 days 00:00:22.694000,0 days 00:00:49.327000,0 days 00:00:40.947000,0 days 00:21:48.596000,0 days 00:22:37.923000,0 days 00:23:18.870000,228.0,244.0,217.0,215.0,False,HARD,3.0,True,Aston Martin,0 days 00:21:25.902000,,1,,False,,False,True
2021-22,FP3,0 days 00:24:46.100000,STR,18,0 days 00:01:27.230000,4.0,1.0,,,0 days 00:00:17.841000,,,0 days 00:23:36.711000,,,280.0,244.0,216.0,315.0,True,HARD,4.0,True,Aston Martin,0 days 00:23:18.870000,,1,,False,,False,False
2021-22,FP3,0 days 00:26:49.278000,STR,18,0 days 00:02:03.178000,5.0,1.0,,,0 days 00:00:26.173000,0 days 00:00:48.210000,0 days 00:00:48.795000,0 days 00:25:12.273000,0 days 00:26:00.483000,0 days 00:26:49.278000,223.0,215.0,217.0,253.0,False,HARD,5.0,True,Aston Martin,0 days 00:24:46.100000,,1,,False,,False,True
2021-22,FP3,0 days 00:28:16.404000,STR,18,0 days 00:01:27.126000,6.0,1.0,,,0 days 00:00:17.744000,,,0 days 00:27:07.022000,,,280.0,215.0,214.0,312.0,True,HARD,6.0,True,Aston Martin,0 days 00:26:49.278000,,1,,False,,False,False
2021-22,FP3,0 days 00:30:10.964000,STR,18,0 days 00:01:54.560000,7.0,1.0,,0 days 00:30:10.197000,0 days 00:00:23.213000,,,0 days 00:28:39.617000,,,231.0,215.0,,232.0,False,HARD,7.0,True,Aston Martin,0 days 00:28:16.404000,,1,,False,,False,False
2021-22,FP3,0 days 00:41:10.918000,STR,18,,8.0,2.0,0 days 00:39:22.903000,,,0 days 00:00:40.196000,0 days 00:00:46.920000,,0 days 00:40:25.106000,0 days 00:41:13.210000,263.0,266.0,215.0,300.0,False,HARD,8.0,False,Aston Martin,0 days 00:30:10.964000,,1,,False,,False,False
2021-22,FP3,0 days 00:42:37.764000,STR,18,0 days 00:01:26.846000,9.0,2.0,,,0 days 00:00:17.855000,,,0 days 00:41:28.773000,,,279.0,266.0,216.0,315.0,True,HARD,9.0,False,Aston Martin,0 days 00:41:10.918000,,1,,False,,False,False
2021-22,FP3,0 days 00:44:28.679000,STR,18,0 days 00:01:50.915000,10.0,2.0,,,0 days 00:00:21.618000,0 days 00:00:43.154000,0 days 00:00:46.143000,0 days 00:42:59.382000,0 days 00:43:42.536000,0 days 00:44:28.679000,249.0,210.0,215.0,279.0,False,HARD,10.0,False,Aston Martin,0 days 00:42:37.764000,,1,,False,,False,True
2021-22,FP3,0 days 00:45:55.317000,STR,18,0 days 00:01:26.638000,11.0,2.0,,,0 days 00:00:17.707000,,,0 days 00:44:46.386000,,,280.0,210.0,214.0,313.0,True,HARD,11.0,False,Aston Martin,0 days 00:44:28.679000,,1,,False,,False,False
2021-22,FP3,0 days 00:47:33.744000,STR,18,0 days 00:01:38.427000,12.0,2.0,,0 days 00:47:32.984000,0 days 00:00:19.193000,0 days 00:00:41.901000,0 days 00:00:37.333000,0 days 00:46:14.510000,0 days 00:46:56.411000,0 days 00:47:33.744000,264.0,268.0,,269.0,False,HARD,12.0,False,Aston Martin,0 days 00:45:55.317000,,1,,False,,False,False
2021-22,FP3,0 days 00:49:32.808000,STR,18,0 days 00:01:59.064000,13.0,3.0,0 days 00:47:54.261000,0 days 00:49:32.075000,0 days 00:00:41.953000,0 days 00:00:40.847000,0 days 00:00:36.264000,0 days 00:48:15.697000,0 days 00:48:56.544000,0 days 00:49:32.808000,267.0,251.0,,274.0,False,HARD,13.0,False,Aston Martin,0 days 00:47:33.744000,,1,,False,,False,False
2021-22,FP3,0 days 01:04:18.494000,STR,18,,14.0,4.0,0 days 01:02:13.936000,,,0 days 00:00:45.513000,0 days 00:00:54.365000,,0 days 01:03:24.129000,0 days 01:04:18.593000,197.0,213.0,218.0,238.0,False,SOFT,1.0,True,Aston Martin,0 days 00:49:32.808000,,1,,False,,False,False
2021-22,FP3,0 days 01:06:21.674000,STR,18,0 days 00:02:03.180000,15.0,4.0,,,0 days 00:00:23.962000,0 days 00:00:52.519000,0 days 00:00:46.699000,0 days 01:04:42.456000,0 days 01:05:34.975000,0 days 01:06:21.674000,218.0,229.0,220.0,270.0,False,SOFT,2.0,True,Aston Martin,0 days 01:04:18.494000,,1,,False,,False,True
2021-22,FP3,0 days 01:07:46.495000,STR,18,0 days 00:01:24.821000,16.0,4.0,,,0 days 00:00:17.394000,,,0 days 01:06:39.068000,,,285.0,229.0,220.0,320.0,True,SOFT,3.0,True,Aston Martin,0 days 01:06:21.674000,,1,,False,,False,False
2021-22,FP3,0 days 01:10:03.265000,STR,18,0 days 00:02:16.770000,17.0,4.0,,0 days 01:10:02.521000,0 days 00:00:28.580000,0 days 00:00:57.641000,0 days 00:00:50.549000,0 days 01:08:15.075000,0 days 01:09:12.716000,0 days 01:10:03.265000,173.0,199.0,,212.0,False,SOFT,4.0,True,Aston Martin,0 days 01:07:46.495000,,1,,False,,False,False
2021-22,FP3,0 days 01:12:31.668000,STR,18,0 days 00:02:28.403000,18.0,5.0,0 days 01:10:28.205000,,0 days 00:00:52.183000,0 days 00:00:44.944000,0 days 00:00:51.276000,0 days 01:10:55.448000,0 days 01:11:40.392000,0 days 01:12:31.668000,250.0,240.0,216.0,256.0,False,SOFT,5.0,False,Aston Martin,0 days 01:10:03.265000,,1,,False,,False,False
2021-22,FP3,0 days 01:13:57.030000,STR,18,0 days 00:01:25.362000,19.0,5.0,,,0 days 00:00:17.588000,0 days 00:00:36.623000,0 days 00:00:31.151000,0 days 01:12:49.256000,0 days 01:13:25.879000,0 days 01:13:57.030000,280.0,309.0,219.0,313.0,False,SOFT,6.0,False,Aston Martin,0 days 01:12:31.668000,,1,,False,,False,True
2021-22,FP3,0 days 01:15:43.270000,STR,18,0 days 00:01:46.240000,20.0,5.0,,,0 days 00:00:22.858000,0 days 00:00:45.360000,0 days 00:00:38.022000,0 days 01:14:19.888000,0 days 01:15:05.248000,0 days 01:15:43.270000,195.0,246.0,201.0,273.0,False,SOFT,7.0,False,Aston Martin,0 days 01:13:57.030000,,1,,False,,False,True
2021-22,FP3,0 days 01:17:38.839000,STR,18,0 days 00:01:55.569000,21.0,5.0,,,0 days 00:00:21.976000,0 days 00:00:43.025000,0 days 00:00:50.568000,0 days 01:16:05.246000,0 days 01:16:48.271000,0 days 01:17:38.839000,224.0,221.0,50.0,283.0,False,SOFT,8.0,False,Aston Martin,0 days 01:15:43.270000,,1,,False,,False,True
2021-22,FP3,0 days 01:19:47.406000,STR,18,0 days 00:02:08.567000,22.0,5.0,,0 days 01:19:46.670000,0 days 00:00:46.168000,0 days 00:00:40.201000,0 days 00:00:42.198000,0 days 01:18:25.007000,0 days 01:19:05.208000,0 days 01:19:47.406000,257.0,224.0,,267.0,False,SOFT,9.0,False,Aston Martin,0 days 01:17:38.839000,,1,,False,,False,False
2021-22,FP3,0 days 00:28:52.290000,TSU,22,,1.0,1.0,0 days 00:26:54.360000,,,0 days 00:00:46.847000,0 days 00:00:39.180000,,0 days 00:28:13.133000,0 days 00:28:52.398000,192.0,257.0,221.0,282.0,False,HARD,1.0,True,AlphaTauri,0 days 00:26:54.360000,,1,,False,,False,False
2021-22,FP3,0 days 00:30:18.639000,TSU,22,0 days 00:01:26.349000,2.0,1.0,,,0 days 00:00:17.664000,,,0 days 00:29:09.954000,,,283.0,257.0,211.0,320.0,True,HARD,2.0,True,AlphaTauri,0 days 00:28:52.290000,,1,,False,,False,False
2021-22,FP3,0 days 00:32:46.990000,TSU,22,0 days 00:02:28.351000,3.0,1.0,,0 days 00:32:45.979000,0 days 00:00:30.342000,0 days 00:01:07.996000,0 days 00:00:50.013000,0 days 00:30:48.981000,0 days 00:31:56.977000,0 days 00:32:46.990000,130.0,152.0,,152.0,False,HARD,3.0,True,AlphaTauri,0 days 00:30:18.639000,,1,,False,,False,False
2021-22,FP3,0 days 00:35:26.780000,TSU,22,,4.0,2.0,0 days 00:33:14.877000,,0 days 00:00:53.200000,0 days 00:00:56.535000,0 days 00:00:50.069000,0 days 00:33:40.229000,0 days 00:34:36.796000,0 days 00:35:27.648000,185.0,137.0,223.0,127.0,False,HARD,4.0,False,AlphaTauri,0 days 00:32:46.990000,,1,,False,,False,False
2021-22,FP3,0 days 00:36:52.521000,TSU,22,0 days 00:01:25.741000,5.0,2.0,,,0 days 00:00:17.733000,,,0 days 00:35:44.513000,,,282.0,137.0,216.0,318.0,True,HARD,5.0,False,AlphaTauri,0 days 00:35:26.780000,,1,,False,,False,False
2021-22,FP3,0 days 00:39:13.507000,TSU,22,0 days 00:02:20.986000,6.0,2.0,,0 days 00:39:12.999000,0 days 00:00:33.587000,0 days 00:00:57.492000,0 days 00:00:49.907000,0 days 00:37:26.108000,0 days 00:38:23.600000,0 days 00:39:13.507000,141.0,167.0,,152.0,False,HARD,6.0,False,AlphaTauri,0 days 00:36:52.521000,,1,,False,,False,False
2021-22,FP3,0 days 00:41:43.918000,TSU,22,,7.0,3.0,0 days 00:39:41.333000,,0 days 00:00:54.063000,0 days 00:00:53.714000,0 days 00:00:42.636000,0 days 00:40:07.626000,0 days 00:41:01.360000,0 days 00:41:44.055000,181.0,122.0,224.0,250.0,False,HARD,7.0,False,AlphaTauri,0 days 00:39:13.507000,,1,,False,,False,False
2021-22,FP3,0 days 00:43:08.978000,TSU,22,0 days 00:01:25.060000,8.0,3.0,,,0 days 00:00:17.450000,0 days 00:00:36.745000,0 days 00:00:30.865000,0 days 00:42:01.368000,0 days 00:42:38.113000,0 days 00:43:08.978000,285.0,307.0,221.0,319.0,True,HARD,8.0,False,AlphaTauri,0 days 00:41:43.918000,,1,,False,,False,True
2021-22,FP3,0 days 00:45:27.484000,TSU,22,0 days 00:02:18.506000,9.0,3.0,,,0 days 00:00:25.194000,0 days 00:01:01.800000,0 days 00:00:51.512000,0 days 00:43:34.172000,0 days 00:44:35.972000,0 days 00:45:27.484000,177.0,156.0,134.0,143.0,False,HARD,9.0,False,AlphaTauri,0 days 00:43:08.978000,,1,,False,,False,True
2021-22,FP3,0 days 00:47:36.357000,TSU,22,0 days 00:02:08.873000,10.0,3.0,,,0 days 00:00:30.586000,0 days 00:00:53.478000,0 days 00:00:44.809000,0 days 00:45:58.070000,0 days 00:46:51.548000,0 days 00:47:36.357000,146.0,236.0,222.0,188.0,False,HARD,10.0,False,AlphaTauri,0 days 00:45:27.484000,,1,,False,,False,True
2021-22,FP3,0 days 00:49:01.826000,TSU,22,0 days 00:01:25.469000,11.0,3.0,,,0 days 00:00:17.588000,,,0 days 00:47:53.945000,,,280.0,236.0,216.0,317.0,False,HARD,11.0,False,AlphaTauri,0 days 00:47:36.357000,,1,,False,,False,False
2021-22,FP3,0 days 00:50:50.517000,TSU,22,0 days 00:01:48.691000,12.0,3.0,,0 days 00:50:49.493000,0 days 00:00:21.828000,0 days 00:00:47.849000,0 days 00:00:39.014000,0 days 00:49:23.654000,0 days 00:50:11.503000,0 days 00:50:50.517000,143.0,233.0,,261.0,False,HARD,12.0,False,AlphaTauri,0 days 00:49:01.826000,,1,,False,,False,False
2021-22,FP3,0 days 00:57:29.325000,TSU,22,,13.0,4.0,0 days 00:55:28.611000,,,0 days 00:00:49.749000,0 days 00:00:44.055000,,0 days 00:56:45.270000,0 days 00:57:29.387000,193.0,236.0,222.0,259.0,False,SOFT,1.0,True,AlphaTauri,0 days 00:50:50.517000,,1,,False,,False,False
2021-22,FP3,0 days 00:58:53.768000,TSU,22,0 days 00:01:24.443000,14.0,4.0,,,0 days 00:00:17.363000,,,0 days 00:57:46.688000,,,283.0,236.0,220.0,321.0,True,SOFT,2.0,True,AlphaTauri,0 days 00:57:29.325000,,1,,False,,False,False
2021-22,FP3,0 days 01:01:28.289000,TSU,22,,15.0,4.0,,,0 days 00:00:38.951000,0 days 00:01:01.922000,0 days 00:00:53.698000,0 days 00:59:32.713000,0 days 01:00:34.591000,0 days 01:01:28.381000,169.0,142.0,129.0,142.0,False,SOFT,3.0,True,AlphaTauri,0 days 00:58:53.768000,,1,,False,,False,False
2021-22,FP3,0 days 01:03:43.737000,TSU,22,0 days 00:02:15.448000,16.0,4.0,,,0 days 00:00:30.489000,0 days 00:00:59.444000,0 days 00:00:45.515000,0 days 01:01:58.778000,0 days 01:02:58.222000,0 days 01:03:43.737000,165.0,240.0,227.0,239.0,False,SOFT,4.0,True,AlphaTauri,0 days 01:01:28.289000,,1,,False,,False,True
2021-22,FP3,0 days 01:05:07.960000,TSU,22,0 days 00:01:24.223000,17.0,4.0,,,0 days 00:00:17.324000,,,0 days 01:04:01.061000,,,284.0,240.0,220.0,318.0,True,SOFT,5.0,True,AlphaTauri,0 days 01:03:43.737000,,1,,False,,False,False
2021-22,FP3,0 days 01:06:50.603000,TSU,22,0 days 00:01:42.643000,18.0,4.0,,0 days 01:06:49.583000,0 days 00:00:21.757000,0 days 00:00:42.955000,0 days 00:00:37.931000,0 days 01:05:29.717000,0 days 01:06:12.672000,0 days 01:06:50.603000,252.0,251.0,,257.0,False,SOFT,6.0,True,AlphaTauri,0 days 01:05:07.960000,,1,,False,,False,False
2021-22,FP3,0 days 01:08:47.297000,TSU,22,0 days 00:01:56.694000,19.0,5.0,0 days 01:07:11.630000,0 days 01:08:46.292000,0 days 00:00:39.357000,0 days 00:00:40.722000,0 days 00:00:36.615000,0 days 01:07:29.960000,0 days 01:08:10.682000,0 days 01:08:47.297000,263.0,238.0,,271.0,False,HARD,13.0,False,AlphaTauri,0 days 01:06:50.603000,,1,,False,,False,False
2021-22,FP3,0 days 01:15:53.356000,TSU,22,,20.0,6.0,0 days 01:13:51.763000,,,0 days 00:00:59.143000,0 days 00:00:36.634000,,0 days 01:15:16.753000,0 days 01:15:53.464000,242.0,202.0,204.0,78.0,False,HARD,14.0,False,AlphaTauri,0 days 01:08:47.297000,,1,,False,,False,False
2021-22,FP3,0 days 01:17:36.242000,TSU,22,0 days 00:01:42.886000,21.0,6.0,,,0 days 00:00:18.706000,0 days 00:00:39.776000,0 days 00:00:44.404000,0 days 01:16:12.062000,0 days 01:16:51.838000,0 days 01:17:36.242000,268.0,278.0,46.0,279.0,False,HARD,15.0,False,AlphaTauri,0 days 01:15:53.356000,,1,,False,,False,True
2021-22,FP3,0 days 01:19:45.407000,TSU,22,0 days 00:02:09.165000,22.0,6.0,,0 days 01:19:44.072000,0 days 00:00:42.141000,0 days 00:00:42.407000,0 days 00:00:44.617000,0 days 01:18:18.383000,0 days 01:19:00.790000,0 days 01:19:45.407000,282.0,214.0,,253.0,False,HARD,16.0,False,AlphaTauri,0 days 01:17:36.242000,,1,,False,,False,False
2021-22,FP3,0 days 00:17:07.419000,OCO,31,,1.0,1.0,0 days 00:15:24.142000,,,0 days 00:00:42.788000,0 days 00:00:37.359000,,0 days 00:16:30.094000,0 days 00:17:07.523000,246.0,282.0,214.0,284.0,False,HARD,1.0,True,Alpine,0 days 00:15:24.142000,,1,,False,,False,False
2021-22,FP3,0 days 00:18:34.064000,OCO,31,0 days 00:01:26.645000,2.0,1.0,,,0 days 00:00:17.711000,0 days 00:00:37.396000,0 days 00:00:31.538000,0 days 00:17:25.130000,0 days 00:18:02.526000,0 days 00:18:34.064000,287.0,310.0,218.0,319.0,True,HARD,2.0,True,Alpine,0 days 00:17:07.419000,,1,,False,,False,True
2021-22,FP3,0 days 00:20:24.463000,OCO,31,0 days 00:01:50.399000,3.0,1.0,,0 days 00:20:23.402000,0 days 00:00:21.654000,0 days 00:00:45.886000,0 days 00:00:42.859000,0 days 00:18:55.718000,0 days 00:19:41.604000,0 days 00:20:24.463000,239.0,126.0,,258.0,False,HARD,3.0,True,Alpine,0 days 00:18:34.064000,,1,,False,,False,False
2021-22,FP3,0 days 00:42:04.533000,OCO,31,,4.0,2.0,0 days 00:40:18.364000,,,0 days 00:00:42.284000,0 days 00:00:45.070000,,0 days 00:41:19.490000,0 days 00:42:07.824000,267.0,285.0,216.0,308.0,False,HARD,4.0,False,Alpine,0 days 00:20:24.463000,,1,,False,,False,False
2021-22,FP3,0 days 00:43:30.520000,OCO,31,0 days 00:01:25.987000,5.0,2.0,,,0 days 00:00:17.602000,0 days 00:00:36.934000,0 days 00:00:31.451000,0 days 00:42:22.135000,0 days 00:42:59.069000,0 days 00:43:30.520000,288.0,315.0,219.0,321.0,True,HARD,5.0,False,Alpine,0 days 00:42:04.533000,,1,,False,,False,True
2021-22,FP3,0 days 00:45:35.900000,OCO,31,0 days 00:02:05.380000,6.0,2.0,,,0 days 00:00:24.356000,0 days 00:00:55.695000,0 days 00:00:45.329000,0 days 00:43:54.876000,0 days 00:44:50.571000,0 days 00:45:35.900000,159.0,220.0,219.0,137.0,False,HARD,6.0,False,Alpine,0 days 00:43:30.520000,,1,,False,,False,True
2021-22,FP3,0 days 00:47:01.670000,OCO,31,0 days 00:01:25.770000,7.0,2.0,,,0 days 00:00:17.605000,0 days 00:00:37.004000,0 days 00:00:31.161000,0 days 00:45:53.505000,0 days 00:46:30.509000,0 days 00:47:01.670000,286.0,312.0,218.0,318.0,True,HARD,7.0,False,Alpine,0 days 00:45:35.900000,,1,,False,,False,True
2021-22,FP3,0 days 00:49:11.679000,OCO,31,0 days 00:02:10.009000,8.0,2.0,,,0 days 00:00:24.660000,0 days 00:00:58.487000,0 days 00:00:46.862000,0 days 00:47:26.330000,0 days 00:48:24.817000,0 days 00:49:11.679000,149.0,210.0,218.0,167.0,False,HARD,8.0,False,Alpine,0 days 00:47:01.670000,,1,,False,,False,True
2021-22,FP3,0 days 00:50:37.310000,OCO,31,0 days 00:01:25.631000,9.0,2.0,,,0 days 00:00:17.601000,0 days 00:00:37.044000,0 days 00:00:30.986000,0 days 00:49:29.280000,0 days 00:50:06.324000,0 days 00:50:37.310000,286.0,312.0,220.0,318.0,True,HARD,9.0,False,Alpine,0 days 00:49:11.679000,,1,,False,,False,True
2021-22,FP3,0 days 00:52:15.558000,OCO,31,0 days 00:01:38.248000,10.0,2.0,,0 days 00:52:14.872000,0 days 00:00:19.852000,0 days 00:00:40.967000,0 days 00:00:37.429000,0 days 00:50:57.162000,0 days 00:51:38.129000,0 days 00:52:15.558000,257.0,281.0,,297.0,False,HARD,10.0,False,Alpine,0 days 00:50:37.310000,,1,,False,,False,False
2021-22,FP3,0 days 01:06:55.391000,OCO,31,,11.0,3.0,0 days 01:04:58.227000,,,0 days 00:00:43.631000,0 days 00:00:52.221000,,0 days 01:06:03.192000,0 days 01:06:55.506000,229.0,255.0,222.0,292.0,False,MEDIUM,1.0,True,Alpine,0 days 00:52:15.558000,,1,,False,,False,False
2021-22,FP3,0 days 01:08:20.715000,OCO,31,0 days 00:01:25.324000,12.0,3.0,,,0 days 00:00:17.416000,0 days 00:00:36.725000,0 days 00:00:31.183000,0 days 01:07:12.807000,0 days 01:07:49.532000,0 days 01:08:20.715000,288.0,315.0,220.0,319.0,True,MEDIUM,2.0,True,Alpine,0 days 01:06:55.391000,,1,,False,,False,True
2021-22,FP3,0 days 01:10:35.223000,OCO,31,0 days 00:02:14.508000,13.0,3.0,,,0 days 00:00:23.537000,0 days 00:01:04.455000,0 days 00:00:46.516000,0 days 01:08:44.252000,0 days 01:09:48.707000,0 days 01:10:35.223000,137.0,165.0,223.0,158.0,False,MEDIUM,3.0,True,Alpine,0 days 01:08:20.715000,,1,,False,,False,True
2021-22,FP3,0 days 01:12:00.057000,OCO,31,0 days 00:01:24.834000,14.0,3.0,,,0 days 00:00:17.358000,0 days 00:00:36.641000,0 days 00:00:30.835000,0 days 01:10:52.581000,0 days 01:11:29.222000,0 days 01:12:00.057000,288.0,316.0,220.0,323.0,True,MEDIUM,4.0,True,Alpine,0 days 01:10:35.223000,,1,,False,,False,True
2021-22,FP3,0 days 01:14:16.464000,OCO,31,0 days 00:02:16.407000,15.0,3.0,,,0 days 00:00:23.428000,0 days 00:00:59.509000,0 days 00:00:53.470000,0 days 01:12:23.485000,0 days 01:13:22.994000,0 days 01:14:16.464000,172.0,143.0,219.0,165.0,False,MEDIUM,5.0,True,Alpine,0 days 01:12:00.057000,,1,,False,,False,True
2021-22,FP3,0 days 01:15:41.531000,OCO,31,0 days 00:01:25.067000,16.0,3.0,,,0 days 00:00:17.343000,0 days 00:00:36.640000,0 days 00:00:31.084000,0 days 01:14:33.807000,0 days 01:15:10.447000,0 days 01:15:41.531000,291.0,316.0,220.0,321.0,False,MEDIUM,6.0,True,Alpine,0 days 01:14:16.464000,,1,,False,,False,True
2021-22,FP3,0 days 01:18:21.645000,OCO,31,,17.0,3.0,,,0 days 00:00:22.732000,0 days 00:00:55.132000,0 days 00:01:22.257000,0 days 01:16:04.256000,0 days 01:16:59.404000,0 days 01:18:22.604000,181.0,174.0,4.0,165.0,False,MEDIUM,7.0,True,Alpine,0 days 01:15:41.531000,,1,,False,,False,False
2021-22,FP3,0 days 01:20:10.265000,OCO,31,0 days 00:01:48.620000,18.0,3.0,,0 days 01:20:09.221000,0 days 00:00:25.062000,0 days 00:00:40.927000,0 days 00:00:42.631000,0 days 01:18:46.707000,0 days 01:19:27.634000,0 days 01:20:10.265000,258.0,281.0,,249.0,False,MEDIUM,8.0,True,Alpine,0 days 01:18:21.645000,,1,,False,,False,False
2021-22,FP3,0 days 00:17:55.564000,VER,33,,1.0,1.0,0 days 00:16:07.794000,,,0 days 00:00:46.601000,0 days 00:00:40.856000,,0 days 00:17:14.749000,0 days 00:17:55.703000,249.0,245.0,223.0,290.0,False,MEDIUM,1.0,True,Red Bull Racing,0 days 00:16:07.794000,,1,,False,,False,False
2021-22,FP3,0 days 00:19:20.561000,VER,33,0 days 00:01:24.997000,2.0,1.0,,,0 days 00:00:17.401000,0 days 00:00:36.798000,0 days 00:00:30.798000,0 days 00:18:12.965000,0 days 00:18:49.763000,0 days 00:19:20.561000,286.0,313.0,220.0,321.0,True,MEDIUM,2.0,True,Red Bull Racing,0 days 00:17:55.564000,,1,,False,,False,True
2021-22,FP3,0 days 00:21:20.683000,VER,33,0 days 00:02:00.122000,3.0,1.0,,0 days 00:21:19.641000,0 days 00:00:28.911000,0 days 00:00:48.207000,0 days 00:00:43.004000,0 days 00:19:49.472000,0 days 00:20:37.679000,0 days 00:21:20.683000,212.0,222.0,,236.0,False,MEDIUM,3.0,True,Red Bull Racing,0 days 00:19:20.561000,,1,,False,,False,False
2021-22,FP3,0 days 00:23:34.212000,VER,33,0 days 00:02:13.529000,4.0,2.0,0 days 00:21:42.599000,,0 days 00:00:43.495000,0 days 00:00:49.925000,0 days 00:00:40.109000,0 days 00:22:04.178000,0 days 00:22:54.103000,0 days 00:23:34.212000,235.0,196.0,221.0,199.0,False,MEDIUM,4.0,False,Red Bull Racing,0 days 00:21:20.683000,,1,,False,,False,False
2021-22,FP3,0 days 00:24:59.040000,VER,33,0 days 00:01:24.828000,5.0,2.0,,,0 days 00:00:17.372000,0 days 00:00:36.584000,0 days 00:00:30.872000,0 days 00:23:51.584000,0 days 00:24:28.168000,0 days 00:24:59.040000,285.0,312.0,217.0,320.0,True,MEDIUM,5.0,False,Red Bull Racing,0 days 00:23:34.212000,,1,,False,,False,True
2021-22,FP3,0 days 00:26:37.799000,VER,33,0 days 00:01:38.759000,6.0,2.0,,0 days 00:26:36.768000,0 days 00:00:19.076000,0 days 00:00:41.177000,0 days 00:00:38.506000,0 days 00:25:18.116000,0 days 00:25:59.293000,0 days 00:26:37.799000,262.0,253.0,,262.0,False,MEDIUM,6.0,False,Red Bull Racing,0 days 00:24:59.040000,,1,,False,,False,False
2021-22,FP3,0 days 00:34:20.691000,VER,33,,7.0,3.0,0 days 00:32:43.651000,,,0 days 00:00:39.671000,0 days 00:00:38.032000,,0 days 00:33:42.693000,0 days 00:34:20.809000,269.0,265.0,215.0,274.0,False,MEDIUM,7.0,False,Red Bull Racing,0 days 00:26:37.799000,,1,,False,,False,False
2021-22,FP3,0 days 00:35:50.059000,VER,33,0 days 00:01:29.368000,8.0,3.0,,,0 days 00:00:18.160000,0 days 00:00:38.410000,0 days 00:00:32.798000,0 days 00:34:38.851000,0 days 00:35:17.261000,0 days 00:35:50.059000,283.0,300.0,213.0,308.0,False,MEDIUM,8.0,False,Red Bull Racing,0 days 00:34:20.691000,,1,,False,,False,True
2021-22,FP3,0 days 00:37:20.439000,VER,33,0 days 00:01:30.380000,9.0,3.0,,,0 days 00:00:18.888000,0 days 00:00:38.778000,0 days 00:00:32.714000,0 days 00:36:08.947000,0 days 00:36:47.725000,0 days 00:37:20.439000,264.0,289.0,212.0,295.0,False,MEDIUM,9.0,False,Red Bull Racing,0 days 00:35:50.059000,,1,,False,,False,True
2021-22,FP3,0 days 00:38:49.822000,VER,33,0 days 00:01:29.383000,10.0,3.0,,,0 days 00:00:18.146000,0 days 00:00:38.376000,0 days 00:00:32.861000,0 days 00:37:38.585000,0 days 00:38:16.961000,0 days 00:38:49.822000,279.0,292.0,211.0,302.0,False,MEDIUM,10.0,False,Red Bull Racing,0 days 00:37:20.439000,,1,,False,,False,True
2021-22,FP3,0 days 00:40:20.944000,VER,33,0 days 00:01:31.122000,11.0,3.0,,,0 days 00:00:18.103000,0 days 00:00:38.430000,0 days 00:00:34.589000,0 days 00:39:07.925000,0 days 00:39:46.355000,0 days 00:40:20.944000,278.0,297.0,214.0,299.0,False,MEDIUM,11.0,False,Red Bull Racing,0 days 00:38:49.822000,,1,,False,,False,True
2021-22,FP3,0 days 00:41:49.754000,VER,33,0 days 00:01:28.810000,12.0,3.0,,,0 days 00:00:17.961000,0 days 00:00:38.258000,0 days 00:00:32.591000,0 days 00:40:38.905000,0 days 00:41:17.163000,0 days 00:41:49.754000,283.0,297.0,214.0,300.0,False,MEDIUM,12.0,False,Red Bull Racing,0 days 00:40:20.944000,,1,,False,,False,True
2021-22,FP3,0 days 00:43:28.900000,VER,33,0 days 00:01:39.146000,13.0,3.0,,0 days 00:43:27.860000,0 days 00:00:18.037000,0 days 00:00:41.270000,0 days 00:00:39.839000,0 days 00:42:07.791000,0 days 00:42:49.061000,0 days 00:43:28.900000,271.0,254.0,,270.0,False,MEDIUM,13.0,False,Red Bull Racing,0 days 00:41:49.754000,,1,,False,,False,False
2021-22,FP3,0 days 00:58:57.229000,VER,33,,14.0,4.0,0 days 00:57:05.517000,,,0 days 00:00:44.810000,0 days 00:00:45.433000,,0 days 00:58:11.824000,0 days 00:58:57.327000,246.0,256.0,226.0,247.0,False,SOFT,1.0,True,Red Bull Racing,0 days 00:43:28.900000,,1,,False,,False,False
2021-22,FP3,0 days 01:00:57.921000,VER,33,0 days 00:02:00.692000,15.0,4.0,,,0 days 00:00:17.187000,0 days 00:00:47.672000,0 days 00:00:55.833000,0 days 00:59:14.416000,0 days 01:00:02.088000,0 days 01:00:57.921000,289.0,155.0,145.0,322.0,False,SOFT,2.0,True,Red Bull Racing,0 days 00:58:57.229000,,1,,False,,False,True
2021-22,FP3,0 days 01:02:51.464000,VER,33,0 days 00:01:53.543000,16.0,4.0,,,0 days 00:00:29.549000,0 days 00:00:44.408000,0 days 00:00:39.586000,0 days 01:01:27.470000,0 days 01:02:11.878000,0 days 01:02:51.464000,243.0,241.0,227.0,249.0,False,SOFT,3.0,True,Red Bull Racing,0 days 01:00:57.921000,,1,,False,,False,True
2021-22,FP3,0 days 01:04:14.952000,VER,33,0 days 00:01:23.488000,17.0,4.0,,,0 days 00:00:17.192000,0 days 00:00:36.109000,0 days 00:00:30.187000,0 days 01:03:08.656000,0 days 01:03:44.765000,0 days 01:04:14.952000,291.0,319.0,223.0,322.0,True,SOFT,4.0,True,Red Bull Racing,0 days 01:02:51.464000,,1,,False,,False,True
2021-22,FP3,0 days 01:06:40.535000,VER,33,0 days 00:02:25.583000,18.0,4.0,,,0 days 00:00:31.733000,0 days 00:01:02.043000,0 days 00:00:51.807000,0 days 01:04:46.685000,0 days 01:05:48.728000,0 days 01:06:40.535000,131.0,182.0,142.0,160.0,False,SOFT,5.0,True,Red Bull Racing,0 days 01:04:14.952000,,1,,False,,False,True
2021-22,FP3,0 days 01:08:43.924000,VER,33,0 days 00:02:03.389000,19.0,4.0,,,0 days 00:00:33.460000,0 days 00:00:50.997000,0 days 00:00:38.932000,0 days 01:07:13.995000,0 days 01:08:04.992000,0 days 01:08:43.924000,156.0,255.0,227.0,199.0,False,SOFT,6.0,True,Red Bull Racing,0 days 01:06:40.535000,,1,,False,,False,True
2021-22,FP3,0 days 01:10:21.814000,VER,33,0 days 00:01:37.890000,20.0,4.0,,0 days 01:10:20.820000,0 days 00:00:17.128000,0 days 00:00:36.055000,0 days 00:00:44.707000,0 days 01:09:01.052000,0 days 01:09:37.107000,0 days 01:10:21.814000,287.0,320.0,,322.0,False,SOFT,7.0,True,Red Bull Racing,0 days 01:08:43.924000,,1,,False,,False,False
2021-22,FP3,0 days 01:15:26.490000,VER,33,,21.0,5.0,0 days 01:13:29.601000,,,0 days 00:00:43.228000,0 days 00:00:51.961000,,0 days 01:14:34.826000,0 days 01:15:27.764000,229.0,276.0,208.0,262.0,False,SOFT,8.0,False,Red Bull Racing,0 days 01:10:21.814000,,1,,False,,False,False
2021-22,FP3,0 days 01:17:07.459000,VER,33,0 days 00:01:40.969000,22.0,5.0,,,0 days 00:00:18.205000,0 days 00:00:39.215000,0 days 00:00:43.549000,0 days 01:15:44.695000,0 days 01:16:23.910000,0 days 01:17:07.459000,276.0,270.0,56.0,274.0,False,SOFT,9.0,False,Red Bull Racing,0 days 01:15:26.490000,,1,,False,,False,True
2021-22,FP3,0 days 01:19:08.506000,VER,33,0 days 00:02:01.047000,23.0,5.0,,0 days 01:19:07.431000,0 days 00:00:47.023000,0 days 00:00:39.186000,0 days 00:00:34.838000,0 days 01:17:54.482000,0 days 01:18:33.668000,0 days 01:19:08.506000,266.0,258.0,,286.0,False,SOFT,10.0,False,Red Bull Racing,0 days 01:17:07.459000,,1,,False,,False,False
2021-22,FP3,0 days 00:18:32.191000,HAM,44,,1.0,1.0,0 days 00:16:41.025000,0 days 00:18:31.921000,,0 days 00:00:46.641000,0 days 00:00:42.248000,,0 days 00:17:49.943000,0 days 00:18:32.261000,223.0,220.0,,222.0,False,HARD,1.0,True,Mercedes,0 days 00:16:41.025000,,1,,False,,False,False
2021-22,FP3,0 days 00:27:04.269000,HAM,44,,2.0,2.0,0 days 00:25:12.436000,,,0 days 00:00:47.553000,0 days 00:00:40.497000,,0 days 00:26:23.772000,0 days 00:27:04.352000,256.0,223.0,223.0,222.0,False,SOFT,1.0,True,Mercedes,0 days 00:18:32.191000,,1,,False,,False,False
2021-22,FP3,0 days 00:28:28.510000,HAM,44,0 days 00:01:24.241000,3.0,2.0,,,0 days 00:00:17.335000,0 days 00:00:36.391000,0 days 00:00:30.515000,0 days 00:27:21.604000,0 days 00:27:57.995000,0 days 00:28:28.510000,289.0,312.0,221.0,319.0,True,SOFT,2.0,True,Mercedes,0 days 00:27:04.269000,,1,,False,,False,True
2021-22,FP3,0 days 00:31:19.487000,HAM,44,,4.0,2.0,,0 days 00:31:18.390000,0 days 00:00:32.819000,0 days 00:01:19.037000,0 days 00:00:59.180000,0 days 00:29:01.270000,0 days 00:30:20.322000,0 days 00:31:19.585000,116.0,127.0,,130.0,False,SOFT,3.0,True,Mercedes,0 days 00:28:28.510000,,1,,False,,False,False
2021-22,FP3,0 days 00:33:45.070000,HAM,44,0 days 00:02:25.583000,5.0,3.0,0 days 00:31:47.305000,,0 days 00:00:51.941000,0 days 00:00:49.800000,0 days 00:00:43.842000,0 days 00:32:11.428000,0 days 00:33:01.228000,0 days 00:33:45.070000,185.0,225.0,223.0,210.0,False,SOFT,4.0,False,Mercedes,0 days 00:31:19.487000,,1,,False,,False,False
2021-22,FP3,0 days 00:35:09.125000,HAM,44,0 days 00:01:24.055000,6.0,3.0,,,0 days 00:00:17.201000,0 days 00:00:36.386000,0 days 00:00:30.468000,0 days 00:34:02.271000,0 days 00:34:38.657000,0 days 00:35:09.125000,290.0,318.0,219.0,330.0,True,SOFT,5.0,False,Mercedes,0 days 00:33:45.070000,,1,,False,,False,True
2021-22,FP3,0 days 00:37:52.821000,HAM,44,,7.0,3.0,,0 days 00:37:52.831000,0 days 00:00:33.737000,0 days 00:01:14.584000,0 days 00:00:55.388000,0 days 00:35:42.883000,0 days 00:36:57.433000,0 days 00:37:53.231000,104.0,197.0,,123.0,False,SOFT,6.0,False,Mercedes,0 days 00:35:09.125000,,1,,False,,False,False
2021-22,FP3,0 days 00:40:32.042000,HAM,44,,8.0,4.0,0 days 00:38:22.818000,,0 days 00:01:00.235000,0 days 00:00:52.418000,0 days 00:00:46.534000,0 days 00:38:53.122000,0 days 00:39:45.509000,0 days 00:40:32.148000,171.0,222.0,221.0,220.0,False,SOFT,7.0,False,Mercedes,0 days 00:37:52.821000,,1,,False,,False,False
2021-22,FP3,0 days 00:42:25.837000,HAM,44,0 days 00:01:53.795000,9.0,4.0,,,0 days 00:00:23.498000,0 days 00:00:48.576000,0 days 00:00:41.721000,0 days 00:40:55.540000,0 days 00:41:44.116000,0 days 00:42:25.837000,232.0,223.0,227.0,223.0,False,SOFT,8.0,False,Mercedes,0 days 00:40:32.042000,,1,,False,,False,True
2021-22,FP3,0 days 00:43:49.111000,HAM,44,0 days 00:01:23.274000,10.0,4.0,,,0 days 00:00:17.003000,0 days 00:00:35.934000,0 days 00:00:30.337000,0 days 00:42:42.840000,0 days 00:43:18.774000,0 days 00:43:49.111000,291.0,318.0,223.0,324.0,True,SOFT,9.0,False,Mercedes,0 days 00:42:25.837000,,1,,False,,False,True
2021-22,FP3,0 days 00:45:19.873000,HAM,44,0 days 00:01:30.762000,11.0,4.0,,0 days 00:45:18.797000,0 days 00:00:18.427000,0 days 00:00:38.522000,0 days 00:00:33.813000,0 days 00:44:07.538000,0 days 00:44:46.060000,0 days 00:45:19.873000,270.0,292.0,,299.0,False,SOFT,10.0,False,Mercedes,0 days 00:43:49.111000,,1,,False,,False,False
2021-22,FP3,0 days 00:53:09.545000,HAM,44,,12.0,5.0,0 days 00:51:16.717000,,,0 days 00:00:50.852000,0 days 00:00:39.140000,,0 days 00:52:30.461000,0 days 00:53:09.673000,259.0,61.0,225.0,224.0,False,SOFT,1.0,True,Mercedes,0 days 00:45:19.873000,,1,,False,,False,False
2021-22,FP3,0 days 00:55:08.667000,HAM,44,0 days 00:01:59.122000,13.0,5.0,,,0 days 00:00:17.211000,0 days 00:00:57.169000,0 days 00:00:44.742000,0 days 00:53:26.756000,0 days 00:54:23.925000,0 days 00:55:08.667000,288.0,184.0,225.0,202.0,False,SOFT,2.0,True,Mercedes,0 days 00:53:09.545000,,1,,False,,False,True
2021-22,FP3,0 days 00:57:14.740000,HAM,44,0 days 00:02:06.073000,14.0,5.0,,0 days 00:57:14.660000,0 days 00:00:17.155000,0 days 00:00:43.923000,0 days 00:01:04.995000,0 days 00:55:25.822000,0 days 00:56:09.745000,0 days 00:57:14.740000,289.0,169.0,,328.0,False,SOFT,3.0,True,Mercedes,0 days 00:55:08.667000,,1,,False,,False,False
2021-22,FP3,0 days 00:59:57.677000,HAM,44,,15.0,6.0,0 days 00:57:45.328000,,0 days 00:01:02.733000,0 days 00:00:56.032000,0 days 00:00:44.138000,0 days 00:58:17.507000,0 days 00:59:13.561000,0 days 00:59:57.779000,168.0,206.0,223.0,162.0,False,SOFT,4.0,False,Mercedes,0 days 00:57:14.740000,,1,,False,,False,False
2021-22,FP3,0 days 01:01:53.731000,HAM,44,0 days 00:01:56.054000,16.0,6.0,,,0 days 00:00:20.119000,0 days 00:00:50.004000,0 days 00:00:45.931000,0 days 01:00:17.796000,0 days 01:01:07.800000,0 days 01:01:53.731000,215.0,140.0,226.0,199.0,False,SOFT,5.0,False,Mercedes,0 days 00:59:57.677000,,1,,False,,False,True
2021-22,FP3,0 days 01:03:27.632000,HAM,44,0 days 00:01:33.901000,17.0,6.0,,0 days 01:03:27.275000,0 days 00:00:16.979000,0 days 00:00:36.143000,0 days 00:00:40.779000,0 days 01:02:10.710000,0 days 01:02:46.853000,0 days 01:03:27.632000,292.0,318.0,,323.0,False,SOFT,6.0,False,Mercedes,0 days 01:01:53.731000,,1,,False,,False,False
2021-22,FP3,0 days 01:10:55.081000,HAM,44,,18.0,7.0,0 days 01:09:14.821000,0 days 01:10:54.040000,,0 days 00:00:41.946000,0 days 00:00:35.804000,,0 days 01:10:19.299000,0 days 01:10:55.201000,238.0,263.0,,253.0,False,SOFT,7.0,False,Mercedes,0 days 01:03:27.632000,,1,,False,,False,False
2021-22,FP3,0 days 01:12:50.119000,HAM,44,0 days 00:01:55.038000,19.0,8.0,0 days 01:11:20.350000,,0 days 00:00:43.447000,0 days 00:00:38.987000,0 days 00:00:32.604000,0 days 01:11:38.528000,0 days 01:12:17.515000,0 days 01:12:50.119000,271.0,290.0,216.0,302.0,False,SOFT,11.0,False,Mercedes,0 days 01:10:55.081000,,1,,False,,False,False
2021-22,FP3,0 days 01:14:18.234000,HAM,44,0 days 00:01:28.115000,20.0,8.0,,,0 days 00:00:17.836000,0 days 00:00:38.053000,0 days 00:00:32.226000,0 days 01:13:07.955000,0 days 01:13:46.008000,0 days 01:14:18.234000,283.0,294.0,214.0,301.0,False,SOFT,12.0,False,Mercedes,0 days 01:12:50.119000,,1,,False,,False,True
2021-22,FP3,0 days 01:15:47.942000,HAM,44,0 days 00:01:29.708000,21.0,8.0,,,0 days 00:00:18.194000,0 days 00:00:38.726000,0 days 00:00:32.788000,0 days 01:14:36.428000,0 days 01:15:15.154000,0 days 01:15:47.942000,280.0,294.0,212.0,301.0,False,SOFT,13.0,False,Mercedes,0 days 01:14:18.234000,,1,,False,,False,True
2021-22,FP3,0 days 01:17:53.862000,HAM,44,0 days 00:02:05.920000,22.0,8.0,,,0 days 00:00:22.709000,0 days 00:00:51.692000,0 days 00:00:51.519000,0 days 01:16:10.651000,0 days 01:17:02.343000,0 days 01:17:53.862000,168.0,217.0,55.0,240.0,False,SOFT,14.0,False,Mercedes,0 days 01:15:47.942000,,1,,False,,False,True
2021-22,FP3,0 days 01:20:01.335000,HAM,44,0 days 00:02:07.473000,23.0,8.0,,0 days 01:20:01.345000,0 days 00:00:46.909000,0 days 00:00:41.194000,0 days 00:00:39.370000,0 days 01:18:40.771000,0 days 01:19:21.965000,0 days 01:20:01.335000,243.0,297.0,,275.0,False,SOFT,15.0,False,Mercedes,0 days 01:17:53.862000,,1,,False,,False,False
2021-22,FP3,0 days 00:17:01.604000,MSC,47,,1.0,1.0,0 days 00:15:10.119000,,,0 days 00:00:44.299000,0 days 00:00:43.163000,,0 days 00:16:18.454000,0 days 00:17:01.685000,248.0,269.0,194.0,246.0,False,MEDIUM,1.0,True,Haas F1 Team,0 days 00:15:10.119000,,1,,False,,False,False
2021-22,FP3,0 days 00:18:56.169000,MSC,47,0 days 00:01:54.565000,2.0,1.0,,0 days 00:18:55.099000,0 days 00:00:24.137000,0 days 00:00:47.872000,0 days 00:00:42.556000,0 days 00:17:25.741000,0 days 00:18:13.613000,0 days 00:18:56.169000,193.0,261.0,,184.0,False,MEDIUM,2.0,True,Haas F1 Team,0 days 00:17:01.604000,,1,,False,,False,False
2021-22,FP3,0 days 00:29:58.228000,MSC,47,,3.0,2.0,0 days 00:28:01.391000,,,0 days 00:00:50.652000,0 days 00:00:40.845000,,0 days 00:29:17.383000,0 days 00:29:58.385000,204.0,184.0,221.0,249.0,False,SOFT,1.0,True,Haas F1 Team,0 days 00:18:56.169000,,1,,False,,False,False
2021-22,FP3,0 days 00:31:24.732000,MSC,47,0 days 00:01:26.504000,4.0,2.0,,,0 days 00:00:17.720000,0 days 00:00:37.162000,0 days 00:00:31.622000,0 days 00:30:15.948000,0 days 00:30:53.110000,0 days 00:31:24.732000,285.0,313.0,216.0,323.0,True,SOFT,2.0,True,Haas F1 Team,0 days 00:29:58.228000,,1,,False,,False,True
2021-22,FP3,0 days 00:33:49.116000,MSC,47,0 days 00:02:24.384000,5.0,2.0,,,0 days 00:00:26.563000,0 days 00:01:05.075000,0 days 00:00:52.746000,0 days 00:31:51.295000,0 days 00:32:56.370000,0 days 00:33:49.116000,175.0,186.0,219.0,145.0,False,SOFT,3.0,True,Haas F1 Team,0 days 00:31:24.732000,,1,,False,,False,True
2021-22,FP3,0 days 00:35:15.632000,MSC,47,0 days 00:01:26.516000,6.0,2.0,,,0 days 00:00:17.672000,0 days 00:00:37.148000,0 days 00:00:31.696000,0 days 00:34:06.788000,0 days 00:34:43.936000,0 days 00:35:15.632000,286.0,317.0,217.0,327.0,False,SOFT,4.0,True,Haas F1 Team,0 days 00:33:49.116000,,1,,False,,False,True
2021-22,FP3,0 days 00:37:40.618000,MSC,47,0 days 00:02:24.986000,7.0,2.0,,,0 days 00:00:28.898000,0 days 00:00:58.652000,0 days 00:00:57.436000,0 days 00:35:44.530000,0 days 00:36:43.182000,0 days 00:37:40.618000,115.0,121.0,219.0,234.0,False,SOFT,5.0,True,Haas F1 Team,0 days 00:35:15.632000,,1,,False,,False,True
2021-22,FP3,0 days 00:39:06.962000,MSC,47,0 days 00:01:26.344000,8.0,2.0,,,0 days 00:00:17.537000,0 days 00:00:37.125000,0 days 00:00:31.682000,0 days 00:37:58.155000,0 days 00:38:35.280000,0 days 00:39:06.962000,286.0,312.0,217.0,322.0,True,SOFT,6.0,True,Haas F1 Team,0 days 00:37:40.618000,,1,,False,,False,True
2021-22,FP3,0 days 00:40:48.401000,MSC,47,0 days 00:01:41.439000,9.0,2.0,,0 days 00:40:47.392000,0 days 00:00:20.063000,0 days 00:00:44.406000,0 days 00:00:36.970000,0 days 00:39:27.025000,0 days 00:40:11.431000,0 days 00:40:48.401000,254.0,261.0,,198.0,False,SOFT,7.0,True,Haas F1 Team,0 days 00:39:06.962000,,1,,False,,False,False
2021-22,FP3,0 days 00:54:07.582000,MSC,47,,10.0,3.0,0 days 00:52:09.203000,,,0 days 00:00:48.101000,0 days 00:00:48.248000,,0 days 00:53:19.334000,0 days 00:54:07.662000,199.0,230.0,220.0,245.0,False,SOFT,1.0,True,Haas F1 Team,0 days 00:40:48.401000,,1,,False,,False,False
2021-22,FP3,0 days 00:55:33.447000,MSC,47,0 days 00:01:25.865000,11.0,3.0,,,0 days 00:00:17.634000,0 days 00:00:36.961000,0 days 00:00:31.270000,0 days 00:54:25.216000,0 days 00:55:02.177000,0 days 00:55:33.447000,284.0,312.0,217.0,323.0,True,SOFT,2.0,True,Haas F1 Team,0 days 00:54:07.582000,,1,,False,,False,True
2021-22,FP3,0 days 00:57:54.229000,MSC,47,0 days 00:02:20.782000,12.0,3.0,,,0 days 00:00:29.503000,0 days 00:00:57.884000,0 days 00:00:53.395000,0 days 00:56:02.950000,0 days 00:57:00.834000,0 days 00:57:54.229000,154.0,213.0,221.0,168.0,False,SOFT,3.0,True,Haas F1 Team,0 days 00:55:33.447000,,1,,False,,False,True
2021-22,FP3,0 days 00:59:19.569000,MSC,47,0 days 00:01:25.340000,13.0,3.0,,,0 days 00:00:17.464000,0 days 00:00:36.705000,0 days 00:00:31.171000,0 days 00:58:11.693000,0 days 00:58:48.398000,0 days 00:59:19.569000,285.0,313.0,215.0,322.0,True,SOFT,4.0,True,Haas F1 Team,0 days 00:57:54.229000,,1,,False,,False,True
2021-22,FP3,0 days 01:01:47.218000,MSC,47,0 days 00:02:27.649000,14.0,3.0,,,0 days 00:00:30.206000,0 days 00:01:03.999000,0 days 00:00:53.444000,0 days 00:59:49.775000,0 days 01:00:53.774000,0 days 01:01:47.218000,128.0,44.0,221.0,239.0,False,SOFT,5.0,True,Haas F1 Team,0 days 00:59:19.569000,,1,,False,,False,True
2021-22,FP3,0 days 01:03:24.377000,MSC,47,0 days 00:01:37.159000,15.0,3.0,,0 days 01:03:23.325000,0 days 00:00:17.569000,0 days 00:00:37.296000,0 days 00:00:42.294000,0 days 01:02:04.787000,0 days 01:02:42.083000,0 days 01:03:24.377000,284.0,284.0,,318.0,False,SOFT,6.0,True,Haas F1 Team,0 days 01:01:47.218000,,1,,False,,False,False
2021-22,FP3,0 days 01:15:53.889000,MSC,47,,16.0,4.0,0 days 01:14:10.122000,,,0 days 00:00:48.517000,0 days 00:00:36.091000,,0 days 01:15:17.805000,0 days 01:15:54.024000,273.0,240.0,208.0,154.0,False,SOFT,8.0,False,Haas F1 Team,0 days 01:03:24.377000,,1,,False,,False,False
2021-22,FP3,0 days 01:17:41.628000,MSC,47,0 days 00:01:47.739000,17.0,4.0,,,0 days 00:00:19.224000,0 days 00:00:39.476000,0 days 00:00:49.039000,0 days 01:16:13.113000,0 days 01:16:52.589000,0 days 01:17:41.628000,281.0,266.0,30.0,302.0,False,SOFT,9.0,False,Haas F1 Team,0 days 01:15:53.889000,,1,,False,,False,True
2021-22,FP3,0 days 01:19:50.567000,MSC,47,0 days 00:02:08.939000,18.0,4.0,,0 days 01:19:50.553000,0 days 00:00:47.273000,0 days 00:00:39.835000,0 days 00:00:41.831000,0 days 01:18:28.901000,0 days 01:19:08.736000,0 days 01:19:50.567000,277.0,226.0,,310.0,False,SOFT,10.0,False,Haas F1 Team,0 days 01:17:41.628000,,1,,False,,False,False
2021-22,FP3,0 days 00:30:11.997000,SAI,55,,1.0,1.0,0 days 00:28:14.058000,,,0 days 00:00:46.171000,0 days 00:00:47.467000,,0 days 00:29:24.608000,0 days 00:30:12.091000,251.0,275.0,222.0,294.0,False,HARD,1.0,True,Ferrari,0 days 00:28:14.058000,,1,,False,,False,False
2021-22,FP3,0 days 00:31:38.242000,SAI,55,0 days 00:01:26.245000,2.0,1.0,,,0 days 00:00:17.524000,0 days 00:00:36.887000,0 days 00:00:31.834000,0 days 00:30:29.521000,0 days 00:31:06.408000,0 days 00:31:38.242000,284.0,312.0,216.0,319.0,True,HARD,2.0,True,Ferrari,0 days 00:30:11.997000,,1,,False,,False,True
2021-22,FP3,0 days 00:33:57.682000,SAI,55,0 days 00:02:19.440000,3.0,1.0,,,0 days 00:00:26.604000,0 days 00:01:06.664000,0 days 00:00:46.172000,0 days 00:32:04.846000,0 days 00:33:11.510000,0 days 00:33:57.682000,237.0,203.0,223.0,183.0,False,HARD,3.0,True,Ferrari,0 days 00:31:38.242000,,1,,False,,False,True
2021-22,FP3,0 days 00:35:23.539000,SAI,55,0 days 00:01:25.857000,4.0,1.0,,,0 days 00:00:17.548000,0 days 00:00:36.960000,0 days 00:00:31.349000,0 days 00:34:15.230000,0 days 00:34:52.190000,0 days 00:35:23.539000,282.0,318.0,219.0,322.0,True,HARD,4.0,True,Ferrari,0 days 00:33:57.682000,,1,,False,,False,True
2021-22,FP3,0 days 00:37:54.223000,SAI,55,,5.0,1.0,,,0 days 00:00:30.115000,0 days 00:01:11.839000,0 days 00:00:48.705000,0 days 00:35:53.679000,0 days 00:37:07.759000,0 days 00:37:54.322000,116.0,211.0,223.0,204.0,False,HARD,5.0,True,Ferrari,0 days 00:35:23.539000,,1,,False,,False,False
2021-22,FP3,0 days 00:39:19.698000,SAI,55,0 days 00:01:25.475000,6.0,1.0,,,0 days 00:00:17.488000,0 days 00:00:36.928000,0 days 00:00:31.059000,0 days 00:38:11.711000,0 days 00:38:48.639000,0 days 00:39:19.698000,282.0,312.0,220.0,319.0,True,HARD,6.0,True,Ferrari,0 days 00:37:54.223000,,1,,False,,False,True
2021-22,FP3,0 days 00:41:15.814000,SAI,55,0 days 00:01:56.116000,7.0,1.0,,0 days 00:41:15.783000,0 days 00:00:24.382000,0 days 00:00:49.220000,0 days 00:00:42.514000,0 days 00:39:44.080000,0 days 00:40:33.300000,0 days 00:41:15.814000,189.0,213.0,,224.0,False,HARD,7.0,True,Ferrari,0 days 00:39:19.698000,,1,,False,,False,False
2021-22,FP3,0 days 00:43:57.161000,SAI,55,,8.0,2.0,0 days 00:42:04.400000,0 days 00:43:56.110000,0 days 00:01:13.212000,0 days 00:00:50.029000,0 days 00:00:38.111000,0 days 00:42:29.039000,0 days 00:43:19.050000,0 days 00:43:57.249000,227.0,184.0,,222.0,False,HARD,8.0,False,Ferrari,0 days 00:41:15.814000,,1,,False,,False,False
2021-22,FP3,0 days 00:54:29.366000,SAI,55,,9.0,3.0,0 days 00:52:17.161000,,,0 days 00:00:53.158000,0 days 00:00:49.445000,,0 days 00:53:39.921000,0 days 00:54:29.577000,226.0,201.0,225.0,246.0,False,MEDIUM,1.0,True,Ferrari,0 days 00:43:57.161000,,1,,False,,False,False
2021-22,FP3,0 days 00:55:53.961000,SAI,55,0 days 00:01:24.595000,10.0,3.0,,,0 days 00:00:17.410000,0 days 00:00:36.449000,0 days 00:00:30.736000,0 days 00:54:46.776000,0 days 00:55:23.225000,0 days 00:55:53.961000,283.0,312.0,222.0,321.0,True,MEDIUM,2.0,True,Ferrari,0 days 00:54:29.366000,,1,,False,,False,True
2021-22,FP3,0 days 00:58:02.579000,SAI,55,0 days 00:02:08.618000,11.0,3.0,,0 days 00:58:01.536000,0 days 00:00:23.848000,0 days 00:00:54.906000,0 days 00:00:49.864000,0 days 00:56:17.809000,0 days 00:57:12.715000,0 days 00:58:02.579000,201.0,175.0,,191.0,False,MEDIUM,3.0,True,Ferrari,0 days 00:55:53.961000,,1,,False,,False,False
2021-22,FP3,0 days 01:01:04.917000,SAI,55,,12.0,4.0,0 days 00:58:56.079000,,0 days 00:01:18.684000,0 days 00:00:53.556000,0 days 00:00:50.092000,0 days 00:59:21.270000,0 days 01:00:14.830000,0 days 01:01:07.228000,172.0,223.0,223.0,252.0,False,MEDIUM,4.0,False,Ferrari,0 days 00:58:02.579000,,1,,False,,False,False
2021-22,FP3,0 days 01:02:35.801000,SAI,55,0 days 00:01:30.884000,13.0,4.0,,,0 days 00:00:17.509000,0 days 00:00:36.627000,0 days 00:00:36.748000,0 days 01:01:22.426000,0 days 01:01:59.053000,0 days 01:02:35.801000,281.0,312.0,148.0,318.0,False,MEDIUM,5.0,False,Ferrari,0 days 01:01:04.917000,,1,,False,,False,True
2021-22,FP3,0 days 01:04:33.706000,SAI,55,0 days 00:01:57.905000,14.0,4.0,,0 days 01:04:32.656000,0 days 00:00:27.745000,0 days 00:00:50.139000,0 days 00:00:40.021000,0 days 01:03:03.546000,0 days 01:03:53.685000,0 days 01:04:33.706000,192.0,164.0,,243.0,False,MEDIUM,6.0,False,Ferrari,0 days 01:02:35.801000,,1,,False,,False,False
2021-22,FP3,0 days 01:10:48.570000,SAI,55,,15.0,5.0,0 days 01:09:08.482000,,,0 days 00:00:41.683000,0 days 00:00:33.489000,,0 days 01:10:15.385000,0 days 01:10:49.733000,242.0,290.0,215.0,288.0,False,MEDIUM,7.0,False,Ferrari,0 days 01:04:33.706000,,1,,False,,False,False
2021-22,FP3,0 days 01:12:17.873000,SAI,55,0 days 00:01:29.303000,16.0,5.0,,,0 days 00:00:18.143000,,,0 days 01:11:06.713000,,,278.0,290.0,214.0,295.0,False,MEDIUM,8.0,False,Ferrari,0 days 01:10:48.570000,,1,,False,,False,False
2021-22,FP3,0 days 01:13:47.379000,SAI,55,0 days 00:01:29.506000,17.0,5.0,,,0 days 00:00:18.114000,0 days 00:00:38.604000,0 days 00:00:32.788000,0 days 01:12:35.987000,0 days 01:13:14.591000,0 days 01:13:47.379000,281.0,291.0,212.0,293.0,False,MEDIUM,9.0,False,Ferrari,0 days 01:12:17.873000,,1,,False,,False,True
2021-22,FP3,0 days 01:15:16.940000,SAI,55,0 days 00:01:29.561000,18.0,5.0,,,0 days 00:00:18.055000,0 days 00:00:38.530000,0 days 00:00:32.976000,0 days 01:14:05.434000,0 days 01:14:43.964000,0 days 01:15:16.940000,283.0,296.0,213.0,301.0,False,MEDIUM,10.0,False,Ferrari,0 days 01:13:47.379000,,1,,False,,False,True
2021-22,FP3,0 days 01:17:23.676000,SAI,55,0 days 00:02:06.736000,19.0,5.0,,,0 days 00:00:18.096000,0 days 00:00:48.637000,0 days 00:01:00.003000,0 days 01:15:35.036000,0 days 01:16:23.673000,0 days 01:17:23.676000,282.0,165.0,80.0,218.0,False,MEDIUM,11.0,False,Ferrari,0 days 01:15:16.940000,,1,,False,,False,True
2021-22,FP3,0 days 01:19:33.073000,SAI,55,0 days 00:02:09.397000,20.0,5.0,,0 days 01:19:33.064000,0 days 00:00:46.115000,0 days 00:00:43.423000,0 days 00:00:39.859000,0 days 01:18:09.791000,0 days 01:18:53.214000,0 days 01:19:33.073000,277.0,208.0,,245.0,False,MEDIUM,12.0,False,Ferrari,0 days 01:17:23.676000,,1,,False,,False,False
2021-22,FP3,0 days 00:33:38.542000,RUS,63,,1.0,1.0,0 days 00:31:35.654000,,,0 days 00:00:47.719000,0 days 00:00:51.299000,,0 days 00:32:47.578000,0 days 00:33:38.642000,264.0,215.0,220.0,297.0,False,MEDIUM,1.0,True,Williams,0 days 00:31:35.654000,,1,,False,,False,False
2021-22,FP3,0 days 00:35:05.268000,RUS,63,0 days 00:01:26.726000,2.0,1.0,,,0 days 00:00:17.548000,0 days 00:00:37.231000,0 days 00:00:31.947000,0 days 00:33:56.090000,0 days 00:34:33.321000,0 days 00:35:05.268000,287.0,311.0,218.0,326.0,True,MEDIUM,2.0,True,Williams,0 days 00:33:38.542000,,1,,False,,False,True
2021-22,FP3,0 days 00:37:18.975000,RUS,63,0 days 00:02:13.707000,3.0,1.0,,,0 days 00:00:27.594000,0 days 00:00:55.488000,0 days 00:00:50.625000,0 days 00:35:32.862000,0 days 00:36:28.350000,0 days 00:37:18.975000,239.0,160.0,222.0,208.0,False,MEDIUM,3.0,True,Williams,0 days 00:35:05.268000,,1,,False,,False,True
2021-22,FP3,0 days 00:38:52.944000,RUS,63,0 days 00:01:33.969000,4.0,1.0,,,0 days 00:00:17.389000,0 days 00:00:37.175000,0 days 00:00:39.405000,0 days 00:37:36.364000,0 days 00:38:13.539000,0 days 00:38:52.944000,287.0,314.0,167.0,324.0,False,MEDIUM,4.0,True,Williams,0 days 00:37:18.975000,,1,,False,,False,True
2021-22,FP3,0 days 00:41:02.701000,RUS,63,0 days 00:02:09.757000,5.0,1.0,,,0 days 00:00:27.362000,0 days 00:00:50.797000,0 days 00:00:51.598000,0 days 00:39:20.306000,0 days 00:40:11.103000,0 days 00:41:02.701000,239.0,175.0,222.0,214.0,False,MEDIUM,5.0,True,Williams,0 days 00:38:52.944000,,1,,False,,False,True
2021-22,FP3,0 days 00:42:33.034000,RUS,63,0 days 00:01:30.333000,6.0,1.0,,,0 days 00:00:17.519000,0 days 00:00:37.086000,0 days 00:00:35.728000,0 days 00:41:20.220000,0 days 00:41:57.306000,0 days 00:42:33.034000,287.0,317.0,195.0,323.0,False,MEDIUM,6.0,True,Williams,0 days 00:41:02.701000,,1,,False,,False,True
2021-22,FP3,0 days 00:44:21.673000,RUS,63,0 days 00:01:48.639000,7.0,1.0,,0 days 00:44:21.668000,0 days 00:00:22.518000,0 days 00:00:44.483000,0 days 00:00:41.638000,0 days 00:42:55.552000,0 days 00:43:40.035000,0 days 00:44:21.673000,253.0,173.0,,285.0,False,MEDIUM,7.0,True,Williams,0 days 00:42:33.034000,,1,,False,,False,False
2021-22,FP3,0 days 00:46:27.290000,RUS,63,0 days 00:02:05.617000,8.0,2.0,0 days 00:44:49.260000,0 days 00:46:27.310000,0 days 00:00:45.902000,0 days 00:00:42.466000,0 days 00:00:37.249000,0 days 00:45:07.575000,0 days 00:45:50.041000,0 days 00:46:27.290000,263.0,209.0,,286.0,False,MEDIUM,8.0,False,Williams,0 days 00:44:21.673000,,1,,False,,False,False
2021-22,FP3,0 days 00:54:01.642000,RUS,63,,9.0,3.0,0 days 00:52:14.023000,,,0 days 00:00:42.316000,0 days 00:00:43.727000,,0 days 00:53:19.302000,0 days 00:54:04.378000,267.0,218.0,224.0,308.0,False,SOFT,1.0,True,Williams,0 days 00:46:27.290000,,1,,False,,False,False
2021-22,FP3,0 days 00:55:26.995000,RUS,63,0 days 00:01:25.353000,10.0,3.0,,,0 days 00:00:17.314000,0 days 00:00:36.843000,0 days 00:00:31.196000,0 days 00:54:18.956000,0 days 00:54:55.799000,0 days 00:55:26.995000,290.0,314.0,221.0,325.0,True,SOFT,2.0,True,Williams,0 days 00:54:01.642000,,1,,False,,False,True
2021-22,FP3,0 days 00:57:39.509000,RUS,63,0 days 00:02:12.514000,11.0,3.0,,,0 days 00:00:29.361000,0 days 00:00:52.740000,0 days 00:00:50.413000,0 days 00:55:56.356000,0 days 00:56:49.096000,0 days 00:57:39.509000,232.0,200.0,222.0,209.0,False,SOFT,3.0,True,Williams,0 days 00:55:26.995000,,1,,False,,False,True
2021-22,FP3,0 days 00:59:04.729000,RUS,63,0 days 00:01:25.220000,12.0,3.0,,,0 days 00:00:17.348000,0 days 00:00:36.743000,0 days 00:00:31.129000,0 days 00:57:56.857000,0 days 00:58:33.600000,0 days 00:59:04.729000,288.0,315.0,218.0,325.0,True,SOFT,4.0,True,Williams,0 days 00:57:39.509000,,1,,False,,False,True
2021-22,FP3,0 days 01:01:19.602000,RUS,63,0 days 00:02:14.873000,13.0,3.0,,,0 days 00:00:27.872000,0 days 00:00:51.935000,0 days 00:00:55.066000,0 days 00:59:32.601000,0 days 01:00:24.536000,0 days 01:01:19.602000,227.0,162.0,222.0,245.0,False,SOFT,5.0,True,Williams,0 days 00:59:04.729000,,1,,False,,False,True
2021-22,FP3,0 days 01:02:56.406000,RUS,63,0 days 00:01:36.804000,14.0,3.0,,0 days 01:02:55.391000,0 days 00:00:17.410000,0 days 00:00:37.734000,0 days 00:00:41.660000,0 days 01:01:37.012000,0 days 01:02:14.746000,0 days 01:02:56.406000,287.0,292.0,,325.0,False,SOFT,6.0,True,Williams,0 days 01:01:19.602000,,1,,False,,False,False
2021-22,FP3,0 days 01:08:36.017000,RUS,63,,15.0,4.0,0 days 01:07:06.185000,,,0 days 00:00:38.382000,0 days 00:00:33.113000,,0 days 01:08:02.953000,0 days 01:08:38.697000,272.0,291.0,217.0,316.0,False,MEDIUM,9.0,False,Williams,0 days 01:02:56.406000,,1,,False,,False,False
2021-22,FP3,0 days 01:10:05.413000,RUS,63,0 days 00:01:29.396000,16.0,4.0,,,0 days 00:00:17.949000,0 days 00:00:38.688000,0 days 00:00:32.759000,0 days 01:08:53.966000,0 days 01:09:32.654000,0 days 01:10:05.413000,273.0,292.0,215.0,295.0,False,MEDIUM,10.0,False,Williams,0 days 01:08:36.017000,,1,,False,,False,True
2021-22,FP3,0 days 01:11:35.014000,RUS,63,0 days 00:01:29.601000,17.0,4.0,,,0 days 00:00:17.989000,0 days 00:00:38.625000,0 days 00:00:32.987000,0 days 01:10:23.402000,0 days 01:11:02.027000,0 days 01:11:35.014000,273.0,290.0,215.0,294.0,False,MEDIUM,11.0,False,Williams,0 days 01:10:05.413000,,1,,False,,False,True
2021-22,FP3,0 days 01:13:04.931000,RUS,63,0 days 00:01:29.917000,18.0,4.0,,,0 days 00:00:17.971000,0 days 00:00:38.853000,0 days 00:00:33.093000,0 days 01:11:52.985000,0 days 01:12:31.838000,0 days 01:13:04.931000,276.0,292.0,215.0,296.0,False,MEDIUM,12.0,False,Williams,0 days 01:11:35.014000,,1,,False,,False,True
2021-22,FP3,0 days 01:14:34.827000,RUS,63,0 days 00:01:29.896000,19.0,4.0,,,0 days 00:00:17.923000,0 days 00:00:38.852000,0 days 00:00:33.121000,0 days 01:13:22.854000,0 days 01:14:01.706000,0 days 01:14:34.827000,278.0,288.0,213.0,297.0,False,MEDIUM,13.0,False,Williams,0 days 01:13:04.931000,,1,,False,,False,True
2021-22,FP3,0 days 01:16:04.555000,RUS,63,0 days 00:01:29.728000,20.0,4.0,,,0 days 00:00:17.984000,0 days 00:00:38.589000,0 days 00:00:33.155000,0 days 01:14:52.811000,0 days 01:15:31.400000,0 days 01:16:04.555000,281.0,285.0,212.0,296.0,False,MEDIUM,14.0,False,Williams,0 days 01:14:34.827000,,1,,False,,False,True
2021-22,FP3,0 days 01:18:15.979000,RUS,63,0 days 00:02:11.424000,21.0,4.0,,,0 days 00:00:22.190000,0 days 00:00:42.693000,0 days 00:01:06.541000,0 days 01:16:26.745000,0 days 01:17:09.438000,0 days 01:18:15.979000,257.0,202.0,7.0,258.0,False,MEDIUM,15.0,False,Williams,0 days 01:16:04.555000,,1,,False,,False,True
2021-22,FP3,0 days 01:20:07.221000,RUS,63,0 days 00:01:51.242000,22.0,4.0,,0 days 01:20:06.683000,0 days 00:00:22.904000,0 days 00:00:44.839000,0 days 00:00:43.499000,0 days 01:18:38.883000,0 days 01:19:23.722000,0 days 01:20:07.221000,223.0,187.0,,258.0,False,MEDIUM,16.0,False,Williams,0 days 01:18:15.979000,,1,,False,,False,False
2021-22,FP3,0 days 00:17:31.180000,BOT,77,,1.0,1.0,0 days 00:15:39.810000,0 days 00:17:30.081000,,0 days 00:00:44.554000,0 days 00:00:41.139000,,0 days 00:16:50.041000,0 days 00:17:33.317000,244.0,244.0,,259.0,False,HARD,1.0,True,Mercedes,0 days 00:15:39.810000,,1,,False,,False,False
2021-22,FP3,0 days 00:26:22.269000,BOT,77,,2.0,2.0,0 days 00:24:19.502000,,,0 days 00:00:50.734000,0 days 00:00:45.509000,,0 days 00:25:36.787000,0 days 00:26:22.388000,220.0,227.0,223.0,215.0,False,SOFT,1.0,True,Mercedes,0 days 00:17:31.180000,,1,,False,,False,False
2021-22,FP3,0 days 00:27:47.559000,BOT,77,0 days 00:01:25.290000,3.0,2.0,,,0 days 00:00:17.536000,0 days 00:00:36.870000,0 days 00:00:30.884000,0 days 00:26:39.805000,0 days 00:27:16.675000,0 days 00:27:47.559000,285.0,307.0,218.0,313.0,True,SOFT,2.0,True,Mercedes,0 days 00:26:22.269000,,1,,False,,False,True
2021-22,FP3,0 days 00:30:15.405000,BOT,77,0 days 00:02:27.846000,4.0,2.0,,,0 days 00:00:26.454000,0 days 00:00:59.601000,0 days 00:01:01.791000,0 days 00:28:14.013000,0 days 00:29:13.614000,0 days 00:30:15.405000,151.0,159.0,179.0,181.0,False,SOFT,3.0,True,Mercedes,0 days 00:27:47.559000,,1,,False,,False,True
2021-22,FP3,0 days 00:32:16.019000,BOT,77,0 days 00:02:00.614000,5.0,2.0,,,0 days 00:00:26.047000,0 days 00:00:49.249000,0 days 00:00:45.318000,0 days 00:30:41.452000,0 days 00:31:30.701000,0 days 00:32:16.019000,233.0,214.0,223.0,208.0,False,SOFT,4.0,True,Mercedes,0 days 00:30:15.405000,,1,,False,,False,True
2021-22,FP3,0 days 00:33:41.064000,BOT,77,0 days 00:01:25.045000,6.0,2.0,,,0 days 00:00:17.366000,0 days 00:00:37.033000,0 days 00:00:30.646000,0 days 00:32:33.385000,0 days 00:33:10.418000,0 days 00:33:41.064000,286.0,312.0,220.0,319.0,True,SOFT,5.0,True,Mercedes,0 days 00:32:16.019000,,1,,False,,False,True
2021-22,FP3,0 days 00:35:39.736000,BOT,77,0 days 00:01:58.672000,7.0,2.0,,0 days 00:35:39.756000,0 days 00:00:19.240000,0 days 00:00:52.003000,0 days 00:00:47.429000,0 days 00:34:00.304000,0 days 00:34:52.307000,0 days 00:35:39.736000,267.0,87.0,,167.0,False,SOFT,6.0,True,Mercedes,0 days 00:33:41.064000,,1,,False,,False,False
2021-22,FP3,0 days 00:38:21.746000,BOT,77,,8.0,3.0,0 days 00:36:02.348000,,0 days 00:00:51.096000,0 days 00:01:08.718000,0 days 00:00:42.210000,0 days 00:36:30.838000,0 days 00:37:39.536000,0 days 00:38:22.161000,173.0,140.0,225.0,159.0,False,SOFT,7.0,False,Mercedes,0 days 00:35:39.736000,,1,,False,,False,False
2021-22,FP3,0 days 00:39:45.771000,BOT,77,0 days 00:01:24.025000,9.0,3.0,,,0 days 00:00:17.191000,0 days 00:00:36.371000,0 days 00:00:30.463000,0 days 00:38:38.937000,0 days 00:39:15.308000,0 days 00:39:45.771000,288.0,316.0,218.0,321.0,True,SOFT,8.0,False,Mercedes,0 days 00:38:21.746000,,1,,False,,False,True
2021-22,FP3,0 days 00:41:30.527000,BOT,77,0 days 00:01:44.756000,10.0,3.0,,0 days 00:41:29.495000,0 days 00:00:20.677000,0 days 00:00:45.175000,0 days 00:00:38.904000,0 days 00:40:06.448000,0 days 00:40:51.623000,0 days 00:41:30.527000,256.0,262.0,,148.0,False,SOFT,9.0,False,Mercedes,0 days 00:39:45.771000,,1,,False,,False,False
2021-22,FP3,0 days 00:50:58.233000,BOT,77,,11.0,4.0,0 days 00:49:06.078000,,,0 days 00:00:50.328000,0 days 00:00:33.987000,,0 days 00:50:24.276000,0 days 00:50:59.099000,211.0,225.0,221.0,223.0,False,SOFT,1.0,True,Mercedes,0 days 00:41:30.527000,,1,,False,,False,False
2021-22,FP3,0 days 00:52:23.042000,BOT,77,0 days 00:01:24.809000,12.0,4.0,,,0 days 00:00:17.409000,0 days 00:00:36.905000,0 days 00:00:30.495000,0 days 00:51:15.642000,0 days 00:51:52.547000,0 days 00:52:23.042000,285.0,309.0,221.0,315.0,False,SOFT,2.0,True,Mercedes,0 days 00:50:58.233000,,1,,False,,False,True
2021-22,FP3,0 days 00:54:48.486000,BOT,77,0 days 00:02:25.444000,13.0,4.0,,,0 days 00:00:28.564000,0 days 00:01:03.780000,0 days 00:00:53.100000,0 days 00:52:51.606000,0 days 00:53:55.386000,0 days 00:54:48.486000,137.0,220.0,159.0,146.0,False,SOFT,3.0,True,Mercedes,0 days 00:52:23.042000,,1,,False,,False,True
2021-22,FP3,0 days 00:57:03.026000,BOT,77,0 days 00:02:14.540000,14.0,4.0,,,0 days 00:00:28.654000,0 days 00:01:01.573000,0 days 00:00:44.313000,0 days 00:55:17.140000,0 days 00:56:18.713000,0 days 00:57:03.026000,246.0,137.0,223.0,224.0,False,SOFT,4.0,True,Mercedes,0 days 00:54:48.486000,,1,,False,,False,True
2021-22,FP3,0 days 00:58:27.290000,BOT,77,0 days 00:01:24.264000,15.0,4.0,,,0 days 00:00:17.369000,0 days 00:00:36.546000,0 days 00:00:30.349000,0 days 00:57:20.395000,0 days 00:57:56.941000,0 days 00:58:27.290000,286.0,309.0,219.0,317.0,False,SOFT,5.0,True,Mercedes,0 days 00:57:03.026000,,1,,False,,False,True
2021-22,FP3,0 days 01:01:03.601000,BOT,77,,16.0,4.0,,0 days 01:01:02.575000,0 days 00:00:25.049000,0 days 00:01:11.172000,0 days 00:01:00.099000,0 days 00:58:52.404000,0 days 01:00:03.502000,0 days 01:01:04.923000,168.0,134.0,,160.0,False,SOFT,6.0,True,Mercedes,0 days 00:58:27.290000,,1,,False,,False,False
2021-22,FP3,0 days 01:04:09.104000,BOT,77,,17.0,5.0,0 days 01:01:24.864000,,0 days 00:00:57.942000,0 days 00:01:07.543000,0 days 00:00:59.992000,0 days 01:02:01.569000,0 days 01:03:09.128000,0 days 01:04:10.553000,161.0,134.0,221.0,131.0,False,SOFT,7.0,False,Mercedes,0 days 01:01:03.601000,,1,,False,,False,False
2021-22,FP3,0 days 01:06:01.968000,BOT,77,0 days 00:01:52.864000,18.0,5.0,,0 days 01:06:00.929000,0 days 00:00:17.241000,0 days 00:00:46.593000,0 days 00:00:49.030000,0 days 01:04:26.345000,0 days 01:05:12.938000,0 days 01:06:01.968000,289.0,158.0,,321.0,False,SOFT,8.0,False,Mercedes,0 days 01:04:09.104000,,1,,False,,False,False
2021-22,FP3,0 days 01:15:04.972000,BOT,77,,19.0,6.0,0 days 01:13:10.818000,,,0 days 00:00:45.650000,0 days 00:00:44.804000,,0 days 01:14:20.168000,0 days 01:15:05.254000,250.0,211.0,145.0,220.0,False,SOFT,9.0,False,Mercedes,0 days 01:06:01.968000,,1,,False,,False,False
2021-22,FP3,0 days 01:17:04.746000,BOT,77,0 days 00:01:59.774000,20.0,6.0,,,0 days 00:00:23.544000,0 days 00:00:45.555000,0 days 00:00:50.675000,0 days 01:15:28.516000,0 days 01:16:14.071000,0 days 01:17:04.746000,229.0,228.0,66.0,247.0,False,SOFT,10.0,False,Mercedes,0 days 01:15:04.972000,,1,,False,,False,True
2021-22,FP3,0 days 01:19:11.540000,BOT,77,0 days 00:02:06.794000,21.0,6.0,,0 days 01:19:10.490000,0 days 00:00:43.906000,0 days 00:00:46.610000,0 days 00:00:36.278000,0 days 01:17:48.652000,0 days 01:18:35.262000,0 days 01:19:11.540000,230.0,183.0,,228.0,False,SOFT,11.0,False,Mercedes,0 days 01:17:04.746000,,1,,False,,False,False
2021-22,FP3,0 days 00:26:40.449000,GIO,99,,1.0,1.0,0 days 00:24:34.092000,,,0 days 00:00:52.832000,0 days 00:00:48.407000,,0 days 00:25:52.079000,0 days 00:26:40.553000,176.0,219.0,222.0,144.0,False,SOFT,1.0,True,Alfa Romeo Racing,0 days 00:24:34.092000,,1,,False,,False,False
2021-22,FP3,0 days 00:28:06.484000,GIO,99,0 days 00:01:26.035000,2.0,1.0,,,0 days 00:00:17.719000,0 days 00:00:36.903000,0 days 00:00:31.413000,0 days 00:26:58.168000,0 days 00:27:35.071000,0 days 00:28:06.484000,283.0,314.0,219.0,320.0,True,SOFT,2.0,True,Alfa Romeo Racing,0 days 00:26:40.449000,,1,,False,,False,True
2021-22,FP3,0 days 00:30:36.206000,GIO,99,0 days 00:02:29.722000,3.0,1.0,,,0 days 00:00:34.736000,0 days 00:00:58.575000,0 days 00:00:56.411000,0 days 00:28:41.220000,0 days 00:29:39.795000,0 days 00:30:36.206000,126.0,85.0,221.0,196.0,False,SOFT,3.0,True,Alfa Romeo Racing,0 days 00:28:06.484000,,1,,False,,False,True
2021-22,FP3,0 days 00:32:01.916000,GIO,99,0 days 00:01:25.710000,4.0,1.0,,,0 days 00:00:17.533000,0 days 00:00:36.700000,0 days 00:00:31.477000,0 days 00:30:53.739000,0 days 00:31:30.439000,0 days 00:32:01.916000,287.0,322.0,217.0,325.0,True,SOFT,4.0,True,Alfa Romeo Racing,0 days 00:30:36.206000,,1,,False,,False,True
2021-22,FP3,0 days 00:34:29.152000,GIO,99,0 days 00:02:27.236000,5.0,1.0,,,0 days 00:00:32.525000,0 days 00:00:58.358000,0 days 00:00:56.353000,0 days 00:32:34.441000,0 days 00:33:32.799000,0 days 00:34:29.152000,180.0,111.0,175.0,98.0,False,SOFT,5.0,True,Alfa Romeo Racing,0 days 00:32:01.916000,,1,,False,,False,True
2021-22,FP3,0 days 00:36:50.101000,GIO,99,0 days 00:02:20.949000,6.0,1.0,,,0 days 00:00:29.190000,0 days 00:00:59.944000,0 days 00:00:51.815000,0 days 00:34:58.342000,0 days 00:35:58.286000,0 days 00:36:50.101000,124.0,150.0,220.0,137.0,False,SOFT,6.0,True,Alfa Romeo Racing,0 days 00:34:29.152000,,1,,False,,False,True
2021-22,FP3,0 days 00:38:15.811000,GIO,99,0 days 00:01:25.710000,7.0,1.0,,,0 days 00:00:17.610000,0 days 00:00:36.761000,0 days 00:00:31.339000,0 days 00:37:07.711000,0 days 00:37:44.472000,0 days 00:38:15.811000,284.0,313.0,219.0,321.0,False,SOFT,7.0,True,Alfa Romeo Racing,0 days 00:36:50.101000,,1,,False,,False,True
2021-22,FP3,0 days 00:40:10.161000,GIO,99,0 days 00:01:54.350000,8.0,1.0,,0 days 00:40:09.160000,0 days 00:00:30.687000,0 days 00:00:45.772000,0 days 00:00:37.891000,0 days 00:38:46.498000,0 days 00:39:32.270000,0 days 00:40:10.161000,220.0,251.0,,257.0,False,SOFT,8.0,True,Alfa Romeo Racing,0 days 00:38:15.811000,,1,,False,,False,False
2021-22,FP3,0 days 00:57:45.808000,GIO,99,,9.0,2.0,0 days 00:55:41.651000,,,0 days 00:00:48.597000,0 days 00:00:52.054000,,0 days 00:56:53.765000,0 days 00:57:46.671000,244.0,223.0,220.0,204.0,False,SOFT,1.0,True,Alfa Romeo Racing,0 days 00:40:10.161000,,1,,False,,False,False
2021-22,FP3,0 days 00:59:10.856000,GIO,99,0 days 00:01:25.048000,10.0,2.0,,,0 days 00:00:17.427000,0 days 00:00:36.646000,0 days 00:00:30.975000,0 days 00:58:03.235000,0 days 00:58:39.881000,0 days 00:59:10.856000,285.0,316.0,216.0,326.0,True,SOFT,2.0,True,Alfa Romeo Racing,0 days 00:57:45.808000,,1,,False,,False,True
2021-22,FP3,0 days 01:01:37.798000,GIO,99,0 days 00:02:26.942000,11.0,2.0,,,0 days 00:00:33.052000,0 days 00:00:57.671000,0 days 00:00:56.219000,0 days 00:59:43.908000,0 days 01:00:41.579000,0 days 01:01:37.798000,115.0,131.0,129.0,185.0,False,SOFT,3.0,True,Alfa Romeo Racing,0 days 00:59:10.856000,,1,,False,,False,True
2021-22,FP3,0 days 01:03:49.664000,GIO,99,0 days 00:02:11.866000,12.0,2.0,,,0 days 00:00:29.291000,0 days 00:00:56.314000,0 days 00:00:46.261000,0 days 01:02:07.089000,0 days 01:03:03.403000,0 days 01:03:49.664000,186.0,84.0,223.0,241.0,False,SOFT,4.0,True,Alfa Romeo Racing,0 days 01:01:37.798000,,1,,False,,False,True
2021-22,FP3,0 days 01:05:42.565000,GIO,99,0 days 00:01:52.901000,13.0,2.0,,,0 days 00:00:21.192000,0 days 00:00:49.383000,0 days 00:00:42.326000,0 days 01:04:10.856000,0 days 01:05:00.239000,0 days 01:05:42.565000,246.0,224.0,224.0,223.0,False,SOFT,5.0,True,Alfa Romeo Racing,0 days 01:03:49.664000,,1,,False,,False,True
2021-22,FP3,0 days 01:07:07.687000,GIO,99,0 days 00:01:25.122000,14.0,2.0,,,0 days 00:00:17.403000,0 days 00:00:36.685000,0 days 00:00:31.034000,0 days 01:05:59.968000,0 days 01:06:36.653000,0 days 01:07:07.687000,286.0,318.0,219.0,323.0,False,SOFT,6.0,True,Alfa Romeo Racing,0 days 01:05:42.565000,,1,,False,,False,True
2021-22,FP3,0 days 01:09:03.675000,GIO,99,0 days 00:01:55.988000,15.0,2.0,,0 days 01:09:02.663000,0 days 00:00:25.985000,0 days 00:00:46.999000,0 days 00:00:43.004000,0 days 01:07:33.672000,0 days 01:08:20.671000,0 days 01:09:03.675000,240.0,206.0,,221.0,False,SOFT,7.0,True,Alfa Romeo Racing,0 days 01:07:07.687000,,1,,False,,False,False
2021-22,FP3,0 days 01:16:00.028000,GIO,99,,16.0,3.0,0 days 01:14:25.798000,,,0 days 00:00:40.368000,0 days 00:00:34.379000,,0 days 01:15:25.649000,0 days 01:16:01.309000,263.0,276.0,213.0,273.0,False,SOFT,8.0,False,Alfa Romeo Racing,0 days 01:09:03.675000,,1,,False,,False,False
2021-22,FP3,0 days 01:18:09.949000,GIO,99,0 days 00:02:09.921000,17.0,3.0,,,0 days 00:00:19.290000,0 days 00:00:41.480000,0 days 00:01:09.151000,0 days 01:16:19.318000,0 days 01:17:00.798000,0 days 01:18:09.949000,263.0,236.0,4.0,221.0,False,SOFT,9.0,False,Alfa Romeo Racing,0 days 01:16:00.028000,,1,,False,,False,True
2021-22,FP3,0 days 01:19:52.857000,GIO,99,0 days 00:01:42.908000,18.0,3.0,,0 days 01:19:51.971000,0 days 00:00:21.950000,0 days 00:00:40.865000,0 days 00:00:40.093000,0 days 01:18:31.899000,0 days 01:19:12.764000,0 days 01:19:52.857000,260.0,284.0,,271.0,False,SOFT,10.0,False,Alfa Romeo Racing,0 days 01:18:09.949000,,1,,False,,False,False
