event_id,Session,Time,Driver,DriverNumber,LapTime,LapNumber,Stint,PitOutTime,PitInTime,Sector1Time,Sector2Time,Sector3Time,Sector1SessionTime,Sector2SessionTime,Sector3SessionTime,SpeedI1,SpeedI2,SpeedFL,SpeedST,IsPersonalBest,Compound,TyreLife,FreshTyre,Team,LapStartTime,LapStartDate,TrackStatus,Position,Deleted,DeletedReason,FastF1Generated,IsAccurate
2021-16,FP1,0 days 00:16:52.738000,RIC,3,,1.0,1.0,0 days 00:15:13.367000,,,0 days 00:00:35.462000,0 days 00:00:29.364000,,0 days 00:16:23.392000,0 days 00:16:52.870000,268.0,280.0,227.0,246.0,False,MEDIUM,1.0,True,McLaren,0 days 00:15:13.367000,,1,,False,,False,False
2021-16,FP1,0 days 00:18:31.189000,RIC,3,0 days 00:01:38.451000,2.0,1.0,,0 days 00:18:30.648000,0 days 00:00:36.105000,0 days 00:00:33.151000,0 days 00:00:29.195000,0 days 00:17:28.843000,0 days 00:18:01.994000,0 days 00:18:31.189000,264.0,280.0,,292.0,False,MEDIUM,2.0,True,McLaren,0 days 00:16:52.738000,,1,,False,,False,False
2021-16,FP1,0 days 00:26:15.290000,RIC,3,,3.0,2.0,0 days 00:24:35.776000,,,0 days 00:00:37.884000,0 days 00:00:26.480000,,0 days 00:25:48.883000,0 days 00:26:15.448000,258.0,264.0,233.0,305.0,False,MEDIUM,3.0,False,McLaren,0 days 00:18:31.189000,,1,,False,,False,False
2021-16,FP1,0 days 00:27:43.035000,RIC,3,0 days 00:01:27.745000,4.0,2.0,,,0 days 00:00:32.860000,0 days 00:00:31.011000,0 days 00:00:23.874000,0 days 00:26:48.150000,0 days 00:27:19.161000,0 days 00:27:43.035000,280.0,280.0,247.0,321.0,True,MEDIUM,4.0,False,McLaren,0 days 00:26:15.290000,,1,,False,,False,True
2021-16,FP1,0 days 00:29:46.051000,RIC,3,0 days 00:02:03.016000,5.0,2.0,,,0 days 00:00:48.528000,0 days 00:00:48.027000,0 days 00:00:26.461000,0 days 00:28:31.563000,0 days 00:29:19.590000,0 days 00:29:46.051000,77.0,191.0,243.0,298.0,False,MEDIUM,5.0,False,McLaren,0 days 00:27:43.035000,,1,,False,,False,True
2021-16,FP1,0 days 00:31:12.467000,RIC,3,0 days 00:01:26.416000,6.0,2.0,,,0 days 00:00:32.116000,0 days 00:00:30.685000,0 days 00:00:23.615000,0 days 00:30:18.167000,0 days 00:30:48.852000,0 days 00:31:12.467000,281.0,280.0,243.0,317.0,True,MEDIUM,6.0,False,McLaren,0 days 00:29:46.051000,,1,,False,,False,True
2021-16,FP1,0 days 00:33:20.666000,RIC,3,0 days 00:02:08.199000,7.0,2.0,,,0 days 00:00:46.754000,0 days 00:00:49.742000,0 days 00:00:31.703000,0 days 00:31:59.221000,0 days 00:32:48.963000,0 days 00:33:20.666000,222.0,246.0,244.0,242.0,False,MEDIUM,7.0,False,McLaren,0 days 00:31:12.467000,,1,,False,,False,True
2021-16,FP1,0 days 00:34:46.768000,RIC,3,0 days 00:01:26.102000,8.0,2.0,,,0 days 00:00:31.918000,0 days 00:00:30.591000,0 days 00:00:23.593000,0 days 00:33:52.584000,0 days 00:34:23.175000,0 days 00:34:46.768000,275.0,282.0,245.0,317.0,True,MEDIUM,8.0,False,McLaren,0 days 00:33:20.666000,,1,,False,,False,True
2021-16,FP1,0 days 00:36:47.858000,RIC,3,0 days 00:02:01.090000,9.0,2.0,,,0 days 00:00:42.360000,0 days 00:00:49.170000,0 days 00:00:29.560000,0 days 00:35:29.128000,0 days 00:36:18.298000,0 days 00:36:47.858000,237.0,214.0,245.0,277.0,False,MEDIUM,9.0,False,McLaren,0 days 00:34:46.768000,,1,,False,,False,True
2021-16,FP1,0 days 00:38:13.608000,RIC,3,0 days 00:01:25.750000,10.0,2.0,,,0 days 00:00:31.810000,0 days 00:00:30.481000,0 days 00:00:23.459000,0 days 00:37:19.668000,0 days 00:37:50.149000,0 days 00:38:13.608000,273.0,284.0,246.0,316.0,True,MEDIUM,10.0,False,McLaren,0 days 00:36:47.858000,,1,,False,,False,True
2021-16,FP1,0 days 00:39:50.889000,RIC,3,0 days 00:01:37.281000,11.0,2.0,,0 days 00:39:50.346000,0 days 00:00:37.326000,0 days 00:00:33.757000,0 days 00:00:26.198000,0 days 00:38:50.934000,0 days 00:39:24.691000,0 days 00:39:50.889000,256.0,271.0,,310.0,False,MEDIUM,11.0,False,McLaren,0 days 00:38:13.608000,,1,,False,,False,False
2021-16,FP1,0 days 00:51:24.721000,RIC,3,,12.0,3.0,0 days 00:49:34.127000,,,0 days 00:00:40.275000,0 days 00:00:26.869000,,0 days 00:50:57.954000,0 days 00:51:28.038000,85.0,242.0,245.0,299.0,False,SOFT,1.0,True,McLaren,0 days 00:39:50.889000,,1,,False,,False,False
2021-16,FP1,0 days 00:53:21.177000,RIC,3,0 days 00:01:56.456000,13.0,3.0,,,0 days 00:00:32.096000,0 days 00:00:49.879000,0 days 00:00:34.481000,0 days 00:51:56.817000,0 days 00:52:46.696000,0 days 00:53:21.177000,250.0,208.0,245.0,152.0,False,SOFT,2.0,True,McLaren,0 days 00:51:24.721000,,1,,False,,False,True
2021-16,FP1,0 days 00:54:49.677000,RIC,3,0 days 00:01:28.500000,14.0,3.0,,0 days 00:54:49.132000,0 days 00:00:31.779000,0 days 00:00:30.714000,0 days 00:00:26.007000,0 days 00:53:52.956000,0 days 00:54:23.670000,0 days 00:54:49.677000,273.0,281.0,,312.0,False,SOFT,3.0,True,McLaren,0 days 00:53:21.177000,,1,,False,,False,False
2021-16,FP1,0 days 00:57:08.368000,RIC,3,0 days 00:02:18.691000,15.0,4.0,0 days 00:55:16.843000,,0 days 00:01:06.841000,0 days 00:00:43.038000,0 days 00:00:28.812000,0 days 00:55:56.518000,0 days 00:56:39.556000,0 days 00:57:08.368000,249.0,207.0,245.0,278.0,False,SOFT,4.0,False,McLaren,0 days 00:54:49.677000,,1,,False,,False,False
2021-16,FP1,0 days 00:58:34.190000,RIC,3,0 days 00:01:25.822000,16.0,4.0,,,0 days 00:00:31.596000,0 days 00:00:30.580000,0 days 00:00:23.646000,0 days 00:57:39.964000,0 days 00:58:10.544000,0 days 00:58:34.190000,275.0,284.0,245.0,315.0,False,SOFT,5.0,False,McLaren,0 days 00:57:08.368000,,1,,False,,False,True
2021-16,FP1,0 days 01:00:14.965000,RIC,3,0 days 00:01:40.775000,17.0,4.0,,0 days 01:00:15.027000,0 days 00:00:36.591000,0 days 00:00:37.135000,0 days 00:00:27.049000,0 days 00:59:10.781000,0 days 00:59:47.916000,0 days 01:00:14.965000,257.0,268.0,,305.0,False,SOFT,6.0,False,McLaren,0 days 00:58:34.190000,,1,,False,,False,False
2021-16,FP1,0 days 01:07:17.708000,RIC,3,,18.0,5.0,0 days 01:05:42.996000,,,0 days 00:00:34.346000,0 days 00:00:25.319000,,0 days 01:06:52.399000,0 days 01:07:18.481000,261.0,267.0,238.0,301.0,False,MEDIUM,12.0,False,McLaren,0 days 01:00:14.965000,,1,,False,,False,False
2021-16,FP1,0 days 01:08:47.156000,RIC,3,0 days 00:01:29.448000,19.0,5.0,,,0 days 00:00:33.219000,0 days 00:00:31.648000,0 days 00:00:24.581000,0 days 01:07:50.927000,0 days 01:08:22.575000,0 days 01:08:47.156000,267.0,283.0,237.0,294.0,False,MEDIUM,13.0,False,McLaren,0 days 01:07:17.708000,,1,,False,,False,True
2021-16,FP1,0 days 01:10:17.327000,RIC,3,0 days 00:01:30.171000,20.0,5.0,,,0 days 00:00:33.462000,0 days 00:00:31.776000,0 days 00:00:24.933000,0 days 01:09:20.618000,0 days 01:09:52.394000,0 days 01:10:17.327000,262.0,280.0,235.0,291.0,False,MEDIUM,14.0,False,McLaren,0 days 01:08:47.156000,,1,,False,,False,True
2021-16,FP1,0 days 01:11:46.672000,RIC,3,0 days 00:01:29.345000,21.0,5.0,,,0 days 00:00:33.160000,0 days 00:00:31.450000,0 days 00:00:24.735000,0 days 01:10:50.487000,0 days 01:11:21.937000,0 days 01:11:46.672000,264.0,282.0,236.0,291.0,False,MEDIUM,15.0,False,McLaren,0 days 01:10:17.327000,,1,,False,,False,True
2021-16,FP1,0 days 01:13:16.019000,RIC,3,0 days 00:01:29.347000,22.0,5.0,,,0 days 00:00:33.124000,0 days 00:00:31.536000,0 days 00:00:24.687000,0 days 01:12:19.796000,0 days 01:12:51.332000,0 days 01:13:16.019000,264.0,280.0,236.0,295.0,False,MEDIUM,16.0,False,McLaren,0 days 01:11:46.672000,,1,,False,,False,True
2021-16,FP1,0 days 01:14:45.586000,RIC,3,0 days 00:01:29.567000,23.0,5.0,,,0 days 00:00:33.152000,0 days 00:00:31.440000,0 days 00:00:24.975000,0 days 01:13:49.171000,0 days 01:14:20.611000,0 days 01:14:45.586000,268.0,281.0,236.0,289.0,False,MEDIUM,17.0,False,McLaren,0 days 01:13:16.019000,,1,,False,,False,True
2021-16,FP1,0 days 01:16:14.411000,RIC,3,0 days 00:01:28.825000,24.0,5.0,,,0 days 00:00:32.739000,0 days 00:00:31.441000,0 days 00:00:24.645000,0 days 01:15:18.325000,0 days 01:15:49.766000,0 days 01:16:14.411000,272.0,280.0,236.0,293.0,False,MEDIUM,18.0,False,McLaren,0 days 01:14:45.586000,,1,,False,,False,True
2021-16,FP1,0 days 01:18:12.929000,RIC,3,0 days 00:01:58.518000,25.0,5.0,,,0 days 00:00:37.556000,0 days 00:00:39.366000,0 days 00:00:41.596000,0 days 01:16:51.967000,0 days 01:17:31.333000,0 days 01:18:12.929000,254.0,258.0,48.0,233.0,False,MEDIUM,19.0,False,McLaren,0 days 01:16:14.411000,,1,,False,,False,True
2021-16,FP1,0 days 01:20:27.481000,RIC,3,0 days 00:02:14.552000,26.0,5.0,,0 days 01:20:27.192000,0 days 00:01:07.684000,0 days 00:00:36.030000,0 days 00:00:30.838000,0 days 01:19:20.613000,0 days 01:19:56.643000,0 days 01:20:27.481000,260.0,201.0,,170.0,False,MEDIUM,20.0,False,McLaren,0 days 01:18:12.929000,,1,,False,,False,False
2021-16,FP1,0 days 00:17:06.384000,NOR,4,,1.0,1.0,0 days 00:15:26.066000,,,0 days 00:00:35.598000,0 days 00:00:28.750000,,0 days 00:16:37.634000,0 days 00:17:06.505000,229.0,276.0,215.0,253.0,False,MEDIUM,1.0,True,McLaren,0 days 00:15:26.066000,,1,,False,,False,False
2021-16,FP1,0 days 00:18:39.627000,NOR,4,0 days 00:01:33.243000,2.0,1.0,,,0 days 00:00:34.560000,0 days 00:00:32.386000,0 days 00:00:26.297000,0 days 00:17:40.944000,0 days 00:18:13.330000,0 days 00:18:39.627000,264.0,262.0,242.0,292.0,True,MEDIUM,2.0,True,McLaren,0 days 00:17:06.384000,,1,,False,,False,True
2021-16,FP1,0 days 00:20:07.365000,NOR,4,0 days 00:01:27.738000,3.0,1.0,,,0 days 00:00:32.730000,0 days 00:00:31.115000,0 days 00:00:23.893000,0 days 00:19:12.357000,0 days 00:19:43.472000,0 days 00:20:07.365000,276.0,281.0,243.0,321.0,True,MEDIUM,3.0,True,McLaren,0 days 00:18:39.627000,,1,,False,,False,True
2021-16,FP1,0 days 00:22:19.728000,NOR,4,0 days 00:02:12.363000,4.0,1.0,,,0 days 00:00:43.562000,0 days 00:00:50.475000,0 days 00:00:38.326000,0 days 00:20:50.927000,0 days 00:21:41.402000,0 days 00:22:19.728000,202.0,241.0,242.0,151.0,False,MEDIUM,4.0,True,McLaren,0 days 00:20:07.365000,,1,,False,,False,True
2021-16,FP1,0 days 00:23:46.244000,NOR,4,0 days 00:01:26.516000,5.0,1.0,,,0 days 00:00:32.095000,0 days 00:00:30.752000,0 days 00:00:23.669000,0 days 00:22:51.823000,0 days 00:23:22.575000,0 days 00:23:46.244000,273.0,282.0,244.0,323.0,True,MEDIUM,5.0,True,McLaren,0 days 00:22:19.728000,,1,,False,,False,True
2021-16,FP1,0 days 00:25:50.874000,NOR,4,0 days 00:02:04.630000,6.0,1.0,,,0 days 00:00:44.836000,0 days 00:00:50.365000,0 days 00:00:29.429000,0 days 00:24:31.080000,0 days 00:25:21.445000,0 days 00:25:50.874000,220.0,194.0,246.0,287.0,False,MEDIUM,6.0,True,McLaren,0 days 00:23:46.244000,,1,,False,,False,True
2021-16,FP1,0 days 00:27:16.900000,NOR,4,0 days 00:01:26.026000,7.0,1.0,,,0 days 00:00:31.833000,0 days 00:00:30.673000,0 days 00:00:23.520000,0 days 00:26:22.707000,0 days 00:26:53.380000,0 days 00:27:16.900000,278.0,281.0,245.0,318.0,True,MEDIUM,7.0,True,McLaren,0 days 00:25:50.874000,,1,,False,,False,True
2021-16,FP1,0 days 00:29:13.742000,NOR,4,0 days 00:01:56.842000,8.0,1.0,,,0 days 00:00:41.739000,0 days 00:00:48.038000,0 days 00:00:27.065000,0 days 00:27:58.639000,0 days 00:28:46.677000,0 days 00:29:13.742000,197.0,219.0,247.0,257.0,False,MEDIUM,8.0,True,McLaren,0 days 00:27:16.900000,,1,,False,,False,True
2021-16,FP1,0 days 00:30:39.771000,NOR,4,0 days 00:01:26.029000,9.0,1.0,,,0 days 00:00:31.701000,0 days 00:00:30.533000,0 days 00:00:23.795000,0 days 00:29:45.443000,0 days 00:30:15.976000,0 days 00:30:39.771000,278.0,280.0,240.0,322.0,False,MEDIUM,9.0,True,McLaren,0 days 00:29:13.742000,,1,,True,TRACK LIMITS AT TURN 14,False,True
2021-16,FP1,0 days 00:32:19.093000,NOR,4,0 days 00:01:39.322000,10.0,1.0,,0 days 00:32:18.575000,0 days 00:00:37.019000,0 days 00:00:34.316000,0 days 00:00:27.987000,0 days 00:31:16.790000,0 days 00:31:51.106000,0 days 00:32:19.093000,246.0,268.0,,251.0,False,MEDIUM,10.0,True,McLaren,0 days 00:30:39.771000,,1,,False,,False,False
2021-16,FP1,0 days 00:46:29.785000,NOR,4,,11.0,2.0,0 days 00:44:44.093000,,,0 days 00:00:41.555000,0 days 00:00:27.933000,,0 days 00:46:01.852000,0 days 00:46:32.937000,249.0,258.0,246.0,282.0,False,SOFT,1.0,True,McLaren,0 days 00:32:19.093000,,1,,False,,False,False
2021-16,FP1,0 days 00:48:12.654000,NOR,4,0 days 00:01:42.869000,12.0,2.0,,,0 days 00:00:31.699000,0 days 00:00:42.823000,0 days 00:00:28.347000,0 days 00:47:01.484000,0 days 00:47:44.307000,0 days 00:48:12.654000,276.0,212.0,246.0,251.0,False,SOFT,2.0,True,McLaren,0 days 00:46:29.785000,,1,,False,,False,True
2021-16,FP1,0 days 00:49:44.343000,NOR,4,0 days 00:01:31.689000,13.0,2.0,,0 days 00:49:43.867000,0 days 00:00:31.914000,0 days 00:00:31.668000,0 days 00:00:28.107000,0 days 00:48:44.568000,0 days 00:49:16.236000,0 days 00:49:44.343000,273.0,277.0,,312.0,False,SOFT,3.0,True,McLaren,0 days 00:48:12.654000,,1,,False,,False,False
2021-16,FP1,0 days 00:52:03.277000,NOR,4,0 days 00:02:18.934000,14.0,3.0,0 days 00:50:11.206000,,0 days 00:01:02.088000,0 days 00:00:48.037000,0 days 00:00:28.809000,0 days 00:50:46.431000,0 days 00:51:34.468000,0 days 00:52:03.277000,206.0,156.0,246.0,265.0,False,SOFT,4.0,False,McLaren,0 days 00:49:44.343000,,1,,False,,False,False
2021-16,FP1,0 days 00:53:28.624000,NOR,4,0 days 00:01:25.347000,15.0,3.0,,,0 days 00:00:31.534000,0 days 00:00:30.505000,0 days 00:00:23.308000,0 days 00:52:34.811000,0 days 00:53:05.316000,0 days 00:53:28.624000,278.0,282.0,245.0,319.0,True,SOFT,5.0,False,McLaren,0 days 00:52:03.277000,,1,,False,,False,True
2021-16,FP1,0 days 00:55:53.455000,NOR,4,0 days 00:02:24.831000,16.0,3.0,,,0 days 00:00:49.549000,0 days 00:00:55.056000,0 days 00:00:40.226000,0 days 00:54:18.173000,0 days 00:55:13.229000,0 days 00:55:53.455000,172.0,131.0,250.0,184.0,False,SOFT,6.0,False,McLaren,0 days 00:53:28.624000,,1,,False,,False,True
2021-16,FP1,0 days 00:57:21.209000,NOR,4,0 days 00:01:27.754000,17.0,3.0,,0 days 00:57:20.692000,0 days 00:00:32.344000,0 days 00:00:30.645000,0 days 00:00:24.765000,0 days 00:56:25.799000,0 days 00:56:56.444000,0 days 00:57:21.209000,276.0,283.0,,303.0,False,SOFT,7.0,False,McLaren,0 days 00:55:53.455000,,1,,False,,False,False
2021-16,FP1,0 days 01:06:36.135000,NOR,4,,18.0,4.0,0 days 01:05:01.953000,,,0 days 00:00:32.062000,0 days 00:00:24.693000,,0 days 01:06:11.461000,0 days 01:06:37.620000,259.0,277.0,237.0,288.0,False,SOFT,8.0,False,McLaren,0 days 00:57:21.209000,,1,,False,,False,False
2021-16,FP1,0 days 01:08:05.122000,NOR,4,0 days 00:01:28.987000,19.0,4.0,,,0 days 00:00:33.172000,0 days 00:00:31.350000,0 days 00:00:24.465000,0 days 01:07:09.307000,0 days 01:07:40.657000,0 days 01:08:05.122000,263.0,284.0,238.0,289.0,False,SOFT,9.0,False,McLaren,0 days 01:06:36.135000,,1,,False,,False,True
2021-16,FP1,0 days 01:09:34.817000,NOR,4,0 days 00:01:29.695000,20.0,4.0,,,0 days 00:00:33.266000,0 days 00:00:31.710000,0 days 00:00:24.719000,0 days 01:08:38.388000,0 days 01:09:10.098000,0 days 01:09:34.817000,262.0,280.0,238.0,291.0,False,SOFT,10.0,False,McLaren,0 days 01:08:05.122000,,1,,False,,False,True
2021-16,FP1,0 days 01:11:05.624000,NOR,4,0 days 00:01:30.807000,21.0,4.0,,,0 days 00:00:33.330000,0 days 00:00:32.544000,0 days 00:00:24.933000,0 days 01:10:08.147000,0 days 01:10:40.691000,0 days 01:11:05.624000,264.0,277.0,239.0,290.0,False,SOFT,11.0,False,McLaren,0 days 01:09:34.817000,,1,,False,,False,True
2021-16,FP1,0 days 01:12:35.357000,NOR,4,0 days 00:01:29.733000,22.0,4.0,,,0 days 00:00:33.341000,0 days 00:00:31.536000,0 days 00:00:24.856000,0 days 01:11:38.965000,0 days 01:12:10.501000,0 days 01:12:35.357000,264.0,280.0,238.0,282.0,False,SOFT,12.0,False,McLaren,0 days 01:11:05.624000,,1,,False,,False,True
2021-16,FP1,0 days 01:14:05.758000,NOR,4,0 days 00:01:30.401000,23.0,4.0,,,0 days 00:00:33.398000,0 days 00:00:31.863000,0 days 00:00:25.140000,0 days 01:13:08.755000,0 days 01:13:40.618000,0 days 01:14:05.758000,267.0,279.0,240.0,284.0,False,SOFT,13.0,False,McLaren,0 days 01:12:35.357000,,1,,False,,False,True
2021-16,FP1,0 days 01:15:37.039000,NOR,4,0 days 00:01:31.281000,24.0,4.0,,,0 days 00:00:33.656000,0 days 00:00:32.105000,0 days 00:00:25.520000,0 days 01:14:39.414000,0 days 01:15:11.519000,0 days 01:15:37.039000,266.0,290.0,239.0,281.0,False,SOFT,14.0,False,McLaren,0 days 01:14:05.758000,,1,,False,,False,True
2021-16,FP1,0 days 01:17:37.817000,NOR,4,0 days 00:02:00.778000,25.0,4.0,,,0 days 00:00:37.888000,0 days 00:00:40.947000,0 days 00:00:41.943000,0 days 01:16:14.927000,0 days 01:16:55.874000,0 days 01:17:37.817000,230.0,235.0,85.0,193.0,False,SOFT,15.0,False,McLaren,0 days 01:15:37.039000,,1,,False,,False,True
2021-16,FP1,0 days 01:20:09.343000,NOR,4,,26.0,4.0,,0 days 01:20:09.377000,0 days 00:01:29.708000,0 days 00:00:34.756000,0 days 00:00:27.052000,0 days 01:19:07.635000,0 days 01:19:42.291000,0 days 01:20:09.486000,213.0,269.0,,227.0,False,SOFT,16.0,False,McLaren,0 days 01:17:37.817000,,1,,False,,False,False
2021-16,FP1,0 days 00:17:51.898000,VET,5,,1.0,1.0,0 days 00:16:14.118000,,,0 days 00:00:36.605000,0 days 00:00:26.619000,,0 days 00:17:25.320000,0 days 00:17:52.068000,256.0,267.0,242.0,273.0,False,SOFT,1.0,True,Aston Martin,0 days 00:16:14.118000,,1,,False,,False,False
2021-16,FP1,0 days 00:19:20.820000,VET,5,0 days 00:01:28.922000,2.0,1.0,,,0 days 00:00:33.270000,0 days 00:00:31.536000,0 days 00:00:24.116000,0 days 00:18:25.168000,0 days 00:18:56.704000,0 days 00:19:20.820000,274.0,281.0,240.0,322.0,True,SOFT,2.0,True,Aston Martin,0 days 00:17:51.898000,,1,,False,,False,True
2021-16,FP1,0 days 00:21:21.528000,VET,5,0 days 00:02:00.708000,3.0,1.0,,,0 days 00:00:47.972000,0 days 00:00:43.735000,0 days 00:00:29.001000,0 days 00:20:08.792000,0 days 00:20:52.527000,0 days 00:21:21.528000,186.0,219.0,242.0,260.0,False,SOFT,3.0,True,Aston Martin,0 days 00:19:20.820000,,1,,False,,False,True
2021-16,FP1,0 days 00:22:48.854000,VET,5,0 days 00:01:27.326000,4.0,1.0,,,0 days 00:00:32.533000,0 days 00:00:31.033000,0 days 00:00:23.760000,0 days 00:21:54.061000,0 days 00:22:25.094000,0 days 00:22:48.854000,275.0,281.0,243.0,321.0,True,SOFT,4.0,True,Aston Martin,0 days 00:21:21.528000,,1,,False,,False,True
2021-16,FP1,0 days 00:24:59.796000,VET,5,0 days 00:02:10.942000,5.0,1.0,,,0 days 00:00:47.154000,0 days 00:00:51.804000,0 days 00:00:31.984000,0 days 00:23:36.008000,0 days 00:24:27.812000,0 days 00:24:59.796000,175.0,163.0,242.0,252.0,False,SOFT,5.0,True,Aston Martin,0 days 00:22:48.854000,,1,,False,,False,True
2021-16,FP1,0 days 00:26:26.597000,VET,5,0 days 00:01:26.801000,6.0,1.0,,,0 days 00:00:32.245000,0 days 00:00:30.889000,0 days 00:00:23.667000,0 days 00:25:32.041000,0 days 00:26:02.930000,0 days 00:26:26.597000,273.0,280.0,241.0,320.0,True,SOFT,6.0,True,Aston Martin,0 days 00:24:59.796000,,1,,False,,False,True
2021-16,FP1,0 days 00:28:10.888000,VET,5,0 days 00:01:44.291000,7.0,1.0,,0 days 00:28:10.328000,0 days 00:00:36.286000,0 days 00:00:40.235000,0 days 00:00:27.770000,0 days 00:27:02.883000,0 days 00:27:43.118000,0 days 00:28:10.888000,252.0,263.0,,262.0,False,SOFT,7.0,True,Aston Martin,0 days 00:26:26.597000,,1,,False,,False,False
2021-16,FP1,0 days 00:34:40.289000,VET,5,,8.0,2.0,0 days 00:33:08.162000,,,0 days 00:00:34.114000,0 days 00:00:25.496000,,0 days 00:34:14.793000,0 days 00:34:40.432000,264.0,267.0,235.0,289.0,False,SOFT,8.0,False,Aston Martin,0 days 00:28:10.888000,,1,,False,,False,False
2021-16,FP1,0 days 00:36:11.874000,VET,5,0 days 00:01:31.585000,9.0,2.0,,,0 days 00:00:33.529000,0 days 00:00:33.227000,0 days 00:00:24.829000,0 days 00:35:13.818000,0 days 00:35:47.045000,0 days 00:36:11.874000,265.0,273.0,236.0,289.0,False,SOFT,9.0,False,Aston Martin,0 days 00:34:40.289000,,1,,False,,False,True
2021-16,FP1,0 days 00:37:42.588000,VET,5,0 days 00:01:30.714000,10.0,2.0,,,0 days 00:00:33.437000,0 days 00:00:32.732000,0 days 00:00:24.545000,0 days 00:36:45.311000,0 days 00:37:18.043000,0 days 00:37:42.588000,264.0,278.0,237.0,290.0,False,SOFT,10.0,False,Aston Martin,0 days 00:36:11.874000,,1,,False,,False,True
2021-16,FP1,0 days 00:39:22.456000,VET,5,0 days 00:01:39.868000,11.0,2.0,,0 days 00:39:21.883000,0 days 00:00:33.556000,0 days 00:00:37.238000,0 days 00:00:29.074000,0 days 00:38:16.144000,0 days 00:38:53.382000,0 days 00:39:22.456000,264.0,267.0,,283.0,False,SOFT,11.0,False,Aston Martin,0 days 00:37:42.588000,,1,,False,,False,False
2021-16,FP1,0 days 00:50:48.054000,VET,5,,12.0,3.0,0 days 00:48:55.560000,,,0 days 00:00:43.184000,0 days 00:00:33.631000,,0 days 00:50:14.564000,0 days 00:50:48.209000,194.0,262.0,244.0,172.0,False,SOFT,1.0,True,Aston Martin,0 days 00:39:22.456000,,1,,False,,False,False
2021-16,FP1,0 days 00:52:13.909000,VET,5,0 days 00:01:25.855000,13.0,3.0,,,0 days 00:00:31.913000,0 days 00:00:30.467000,0 days 00:00:23.475000,0 days 00:51:19.967000,0 days 00:51:50.434000,0 days 00:52:13.909000,277.0,281.0,242.0,319.0,True,SOFT,2.0,True,Aston Martin,0 days 00:50:48.054000,,1,,False,,False,True
2021-16,FP1,0 days 00:54:26.782000,VET,5,0 days 00:02:12.873000,14.0,3.0,,,0 days 00:00:47.413000,0 days 00:00:54.873000,0 days 00:00:30.587000,0 days 00:53:01.322000,0 days 00:53:56.195000,0 days 00:54:26.782000,168.0,230.0,245.0,244.0,False,SOFT,3.0,True,Aston Martin,0 days 00:52:13.909000,,1,,False,,False,True
2021-16,FP1,0 days 00:55:52.592000,VET,5,0 days 00:01:25.810000,15.0,3.0,,,0 days 00:00:31.792000,0 days 00:00:30.553000,0 days 00:00:23.465000,0 days 00:54:58.574000,0 days 00:55:29.127000,0 days 00:55:52.592000,276.0,283.0,241.0,319.0,True,SOFT,4.0,True,Aston Martin,0 days 00:54:26.782000,,1,,False,,False,True
2021-16,FP1,0 days 00:57:34.037000,VET,5,0 days 00:01:41.445000,16.0,3.0,,0 days 00:57:33.488000,0 days 00:00:37.795000,0 days 00:00:37.214000,0 days 00:00:26.436000,0 days 00:56:30.387000,0 days 00:57:07.601000,0 days 00:57:34.037000,246.0,265.0,,252.0,False,SOFT,5.0,True,Aston Martin,0 days 00:55:52.592000,,1,,False,,False,False
2021-16,FP1,0 days 01:04:30.996000,VET,5,,17.0,4.0,0 days 01:02:59.819000,,,0 days 00:00:34.524000,0 days 00:00:24.407000,,0 days 01:04:06.616000,0 days 01:04:32.501000,261.0,271.0,237.0,293.0,False,SOFT,6.0,False,Aston Martin,0 days 00:57:34.037000,,1,,False,,False,False
2021-16,FP1,0 days 01:06:00.382000,VET,5,0 days 00:01:29.386000,18.0,4.0,,,0 days 00:00:33.195000,0 days 00:00:31.839000,0 days 00:00:24.352000,0 days 01:05:04.191000,0 days 01:05:36.030000,0 days 01:06:00.382000,262.0,279.0,237.0,292.0,False,SOFT,7.0,False,Aston Martin,0 days 01:04:30.996000,,1,,False,,False,True
2021-16,FP1,0 days 01:07:30.283000,VET,5,0 days 00:01:29.901000,19.0,4.0,,,0 days 00:00:33.252000,0 days 00:00:31.917000,0 days 00:00:24.732000,0 days 01:06:33.634000,0 days 01:07:05.551000,0 days 01:07:30.283000,263.0,279.0,236.0,290.0,False,SOFT,8.0,False,Aston Martin,0 days 01:06:00.382000,,1,,False,,False,True
2021-16,FP1,0 days 01:09:00.283000,VET,5,0 days 00:01:30,20.0,4.0,,,0 days 00:00:33.523000,0 days 00:00:31.842000,0 days 00:00:24.635000,0 days 01:08:03.806000,0 days 01:08:35.648000,0 days 01:09:00.283000,263.0,279.0,237.0,290.0,False,SOFT,9.0,False,Aston Martin,0 days 01:07:30.283000,,1,,False,,False,True
2021-16,FP1,0 days 01:10:33.933000,VET,5,0 days 00:01:33.650000,21.0,4.0,,,0 days 00:00:33.417000,0 days 00:00:31.907000,0 days 00:00:28.326000,0 days 01:09:33.700000,0 days 01:10:05.607000,0 days 01:10:33.933000,263.0,280.0,236.0,294.0,False,SOFT,10.0,False,Aston Martin,0 days 01:09:00.283000,,1,,True,TRACK LIMITS AT TURN 1,False,True
2021-16,FP1,0 days 01:12:03.662000,VET,5,0 days 00:01:29.729000,22.0,4.0,,,0 days 00:00:33.252000,0 days 00:00:31.794000,0 days 00:00:24.683000,0 days 01:11:07.185000,0 days 01:11:38.979000,0 days 01:12:03.662000,265.0,280.0,236.0,293.0,False,SOFT,11.0,False,Aston Martin,0 days 01:10:33.933000,,1,,False,,False,True
2021-16,FP1,0 days 01:13:33.528000,VET,5,0 days 00:01:29.866000,23.0,4.0,,,0 days 00:00:33.326000,0 days 00:00:31.761000,0 days 00:00:24.779000,0 days 01:12:36.988000,0 days 01:13:08.749000,0 days 01:13:33.528000,263.0,279.0,235.0,293.0,False,SOFT,12.0,False,Aston Martin,0 days 01:12:03.662000,,1,,False,,False,True
2021-16,FP1,0 days 01:15:03.540000,VET,5,0 days 00:01:30.012000,24.0,4.0,,,0 days 00:00:33.326000,0 days 00:00:31.680000,0 days 00:00:25.006000,,0 days 01:14:38.534000,0 days 01:15:03.540000,265.0,279.0,236.0,287.0,False,SOFT,13.0,False,Aston Martin,0 days 01:13:33.528000,,1,,False,,False,True
2021-16,FP1,0 days 01:17:00.513000,VET,5,,25.0,4.0,,,0 days 00:01:16.381000,0 days 00:00:38.153000,0 days 00:00:39.837000,0 days 01:18:17.018000,0 days 01:16:20.676000,0 days 01:18:13.006000,250.0,229.0,236.0,192.0,False,SOFT,14.0,False,Aston Martin,0 days 01:15:03.540000,,1,,False,,False,False
2021-16,FP1,0 days 01:19:16.653000,VET,5,0 days 00:02:16.140000,26.0,4.0,,0 days 01:19:16.232000,0 days 00:01:16.381000,0 days 00:00:33.490000,0 days 00:00:26.269000,,0 days 01:18:50.384000,0 days 01:19:16.653000,250.0,270.0,,270.0,False,SOFT,15.0,False,Aston Martin,0 days 01:17:00.513000,,1,,False,,False,False
2021-16,FP1,0 days 00:19:28.010000,LAT,6,,1.0,1.0,0 days 00:17:38.017000,,,0 days 00:00:37.954000,0 days 00:00:34.076000,,0 days 00:18:53.949000,0 days 00:19:28.193000,202.0,268.0,239.0,85.0,False,HARD,1.0,True,Williams,0 days 00:17:38.017000,,1,,False,,False,False
2021-16,FP1,0 days 00:20:58.457000,LAT,6,0 days 00:01:30.447000,2.0,1.0,,,0 days 00:00:34.093000,0 days 00:00:31.759000,0 days 00:00:24.595000,0 days 00:20:02.103000,0 days 00:20:33.862000,0 days 00:20:58.457000,277.0,280.0,241.0,319.0,True,HARD,2.0,True,Williams,0 days 00:19:28.010000,,1,,False,,False,True
2021-16,FP1,0 days 00:22:27.619000,LAT,6,0 days 00:01:29.162000,3.0,1.0,,,0 days 00:00:33.473000,0 days 00:00:31.379000,0 days 00:00:24.310000,0 days 00:21:31.930000,0 days 00:22:03.309000,0 days 00:22:27.619000,268.0,282.0,245.0,312.0,True,HARD,3.0,True,Williams,0 days 00:20:58.457000,,1,,False,,False,True
2021-16,FP1,0 days 00:24:21.676000,LAT,6,0 days 00:01:54.057000,4.0,1.0,,,0 days 00:00:43.688000,0 days 00:00:38.398000,0 days 00:00:31.971000,0 days 00:23:11.307000,0 days 00:23:49.705000,0 days 00:24:21.676000,256.0,268.0,242.0,210.0,False,HARD,4.0,True,Williams,0 days 00:22:27.619000,,1,,False,,False,True
2021-16,FP1,0 days 00:25:49.081000,LAT,6,0 days 00:01:27.405000,5.0,1.0,,,0 days 00:00:32.546000,0 days 00:00:30.751000,0 days 00:00:24.108000,0 days 00:24:54.222000,0 days 00:25:24.973000,0 days 00:25:49.081000,274.0,281.0,240.0,325.0,True,HARD,5.0,True,Williams,0 days 00:24:21.676000,,1,,False,,False,True
2021-16,FP1,0 days 00:28:00.928000,LAT,6,0 days 00:02:11.847000,6.0,1.0,,,0 days 00:00:49.722000,0 days 00:00:45.353000,0 days 00:00:36.772000,0 days 00:26:38.803000,0 days 00:27:24.156000,0 days 00:28:00.928000,109.0,261.0,244.0,189.0,False,HARD,6.0,True,Williams,0 days 00:25:49.081000,,1,,False,,False,True
2021-16,FP1,0 days 00:29:27.795000,LAT,6,0 days 00:01:26.867000,7.0,1.0,,,0 days 00:00:32.389000,0 days 00:00:30.779000,0 days 00:00:23.699000,0 days 00:28:33.317000,0 days 00:29:04.096000,0 days 00:29:27.795000,274.0,283.0,243.0,316.0,True,HARD,7.0,True,Williams,0 days 00:28:00.928000,,1,,False,,False,True
2021-16,FP1,0 days 00:31:24.544000,LAT,6,0 days 00:01:56.749000,8.0,1.0,,0 days 00:31:23.976000,0 days 00:00:39.364000,0 days 00:00:44.437000,0 days 00:00:32.948000,0 days 00:30:07.159000,0 days 00:30:51.596000,0 days 00:31:24.544000,212.0,208.0,,115.0,False,HARD,8.0,True,Williams,0 days 00:29:27.795000,,1,,False,,False,False
2021-16,FP1,0 days 00:34:04.498000,LAT,6,,9.0,2.0,0 days 00:32:14.853000,0 days 00:34:03.967000,0 days 00:01:26.347000,0 days 00:00:41.927000,0 days 00:00:31.693000,0 days 00:32:50.885000,0 days 00:33:32.805000,0 days 00:34:04.648000,201.0,266.0,,177.0,False,HARD,9.0,False,Williams,0 days 00:31:24.544000,,1,,False,,False,False
2021-16,FP1,0 days 00:42:14.765000,LAT,6,,10.0,3.0,0 days 00:40:22.909000,,,0 days 00:00:40.001000,0 days 00:00:28.821000,,0 days 00:41:45.965000,0 days 00:42:16.842000,79.0,268.0,245.0,200.0,False,SOFT,1.0,True,Williams,0 days 00:34:04.498000,,1,,False,,False,False
2021-16,FP1,0 days 00:43:41.254000,LAT,6,0 days 00:01:26.489000,11.0,3.0,,,0 days 00:00:32.013000,0 days 00:00:30.584000,0 days 00:00:23.892000,0 days 00:42:46.778000,0 days 00:43:17.362000,0 days 00:43:41.254000,278.0,285.0,246.0,322.0,True,SOFT,2.0,True,Williams,0 days 00:42:14.765000,,1,,False,,False,True
2021-16,FP1,0 days 00:45:42.764000,LAT,6,0 days 00:02:01.510000,12.0,3.0,,,0 days 00:00:46.072000,0 days 00:00:44.751000,0 days 00:00:30.687000,0 days 00:44:27.326000,0 days 00:45:12.077000,0 days 00:45:42.764000,117.0,241.0,246.0,184.0,False,SOFT,3.0,True,Williams,0 days 00:43:41.254000,,1,,False,,False,True
2021-16,FP1,0 days 00:47:09.216000,LAT,6,0 days 00:01:26.452000,13.0,3.0,,,0 days 00:00:31.926000,0 days 00:00:30.740000,0 days 00:00:23.786000,0 days 00:46:14.690000,0 days 00:46:45.430000,0 days 00:47:09.216000,273.0,283.0,245.0,320.0,True,SOFT,4.0,True,Williams,0 days 00:45:42.764000,,1,,False,,False,True
2021-16,FP1,0 days 00:49:25.551000,LAT,6,0 days 00:02:16.335000,14.0,3.0,,,0 days 00:00:46.631000,0 days 00:00:50.056000,0 days 00:00:39.648000,0 days 00:47:55.847000,0 days 00:48:45.903000,0 days 00:49:25.551000,132.0,123.0,247.0,88.0,False,SOFT,5.0,True,Williams,0 days 00:47:09.216000,,1,,False,,False,True
2021-16,FP1,0 days 00:50:51.414000,LAT,6,0 days 00:01:25.863000,15.0,3.0,,,0 days 00:00:31.654000,0 days 00:00:30.532000,0 days 00:00:23.677000,0 days 00:49:57.205000,0 days 00:50:27.737000,0 days 00:50:51.414000,273.0,285.0,247.0,318.0,True,SOFT,6.0,True,Williams,0 days 00:49:25.551000,,1,,False,,False,True
2021-16,FP1,0 days 00:52:39.710000,LAT,6,0 days 00:01:48.296000,16.0,3.0,,0 days 00:52:39.746000,0 days 00:00:37.262000,0 days 00:00:42.181000,0 days 00:00:28.853000,0 days 00:51:28.676000,0 days 00:52:10.857000,0 days 00:52:39.710000,179.0,240.0,,230.0,False,SOFT,7.0,True,Williams,0 days 00:50:51.414000,,1,,False,,False,False
2021-16,FP1,0 days 01:01:25.803000,LAT,6,,17.0,4.0,0 days 00:59:40.368000,0 days 01:01:25.535000,,0 days 00:00:37.633000,0 days 00:00:30.238000,,0 days 01:00:55.644000,0 days 01:01:25.948000,183.0,267.0,,160.0,False,HARD,10.0,False,Williams,0 days 00:52:39.710000,,1,,False,,False,False
2021-16,FP1,0 days 01:03:31.171000,LAT,6,0 days 00:02:05.368000,18.0,5.0,0 days 01:02:01.358000,,0 days 00:01:07.532000,0 days 00:00:32.795000,0 days 00:00:25.041000,0 days 01:02:33.335000,0 days 01:03:06.130000,0 days 01:03:31.171000,273.0,280.0,238.0,298.0,False,HARD,11.0,False,Williams,0 days 01:01:25.803000,,1,,False,,False,False
2021-16,FP1,0 days 01:05:00.971000,LAT,6,0 days 00:01:29.800000,19.0,5.0,,,0 days 00:00:33.459000,0 days 00:00:31.748000,0 days 00:00:24.593000,0 days 01:04:04.630000,0 days 01:04:36.378000,0 days 01:05:00.971000,269.0,285.0,240.0,295.0,False,HARD,12.0,False,Williams,0 days 01:03:31.171000,,1,,False,,False,True
2021-16,FP1,0 days 01:06:30.036000,LAT,6,0 days 00:01:29.065000,20.0,5.0,,,0 days 00:00:33.112000,0 days 00:00:31.529000,0 days 00:00:24.424000,0 days 01:05:34.083000,0 days 01:06:05.612000,0 days 01:06:30.036000,270.0,286.0,241.0,299.0,False,HARD,13.0,False,Williams,0 days 01:05:00.971000,,1,,False,,False,True
2021-16,FP1,0 days 01:07:58.842000,LAT,6,0 days 00:01:28.806000,21.0,5.0,,,0 days 00:00:33.194000,0 days 00:00:31.370000,0 days 00:00:24.242000,0 days 01:07:03.230000,0 days 01:07:34.600000,0 days 01:07:58.842000,271.0,292.0,241.0,312.0,False,HARD,14.0,False,Williams,0 days 01:06:30.036000,,1,,False,,False,True
2021-16,FP1,0 days 01:09:28.409000,LAT,6,0 days 00:01:29.567000,22.0,5.0,,,0 days 00:00:33.205000,0 days 00:00:31.778000,0 days 00:00:24.584000,0 days 01:08:32.047000,0 days 01:09:03.825000,0 days 01:09:28.409000,271.0,286.0,238.0,293.0,False,HARD,15.0,False,Williams,0 days 01:07:58.842000,,1,,False,,False,True
2021-16,FP1,0 days 01:10:57.567000,LAT,6,0 days 00:01:29.158000,23.0,5.0,,,0 days 00:00:33.119000,0 days 00:00:31.558000,0 days 00:00:24.481000,0 days 01:10:01.528000,0 days 01:10:33.086000,0 days 01:10:57.567000,272.0,287.0,240.0,294.0,False,HARD,16.0,False,Williams,0 days 01:09:28.409000,,1,,False,,False,True
2021-16,FP1,0 days 01:12:27.210000,LAT,6,0 days 00:01:29.643000,24.0,5.0,,,0 days 00:00:32.927000,0 days 00:00:31.783000,0 days 00:00:24.933000,0 days 01:11:30.494000,0 days 01:12:02.277000,0 days 01:12:27.210000,271.0,287.0,253.0,291.0,False,HARD,17.0,False,Williams,0 days 01:10:57.567000,,1,,False,,False,True
2021-16,FP1,0 days 01:13:57.549000,LAT,6,0 days 00:01:30.339000,25.0,5.0,,,0 days 00:00:33.557000,0 days 00:00:31.828000,0 days 00:00:24.954000,0 days 01:13:00.767000,0 days 01:13:32.595000,0 days 01:13:57.549000,272.0,286.0,234.0,292.0,False,HARD,18.0,False,Williams,0 days 01:12:27.210000,,1,,False,,False,True
2021-16,FP1,0 days 01:15:26.481000,LAT,6,0 days 00:01:28.932000,26.0,5.0,,,0 days 00:00:33.193000,0 days 00:00:31.230000,0 days 00:00:24.509000,0 days 01:14:30.742000,0 days 01:15:01.972000,0 days 01:15:26.481000,271.0,286.0,240.0,296.0,False,HARD,19.0,False,Williams,0 days 01:13:57.549000,,1,,False,,False,True
2021-16,FP1,0 days 01:17:26.319000,LAT,6,0 days 00:01:59.838000,27.0,5.0,,,0 days 00:00:39.311000,0 days 00:00:41.116000,0 days 00:00:39.411000,0 days 01:16:05.792000,0 days 01:16:46.908000,0 days 01:17:26.319000,179.0,219.0,75.0,178.0,False,HARD,20.0,False,Williams,0 days 01:15:26.481000,,1,,False,,False,True
2021-16,FP1,0 days 01:19:39.980000,LAT,6,0 days 00:02:13.661000,28.0,5.0,,0 days 01:19:40.025000,0 days 00:01:06.572000,0 days 00:00:33.187000,0 days 00:00:33.902000,0 days 01:18:32.891000,0 days 01:19:06.078000,0 days 01:19:39.980000,268.0,240.0,,112.0,False,HARD,21.0,False,Williams,0 days 01:17:26.319000,,1,,False,,False,False
2021-16,FP1,0 days 00:16:49.581000,RAI,7,,1.0,1.0,0 days 00:15:07.972000,,,0 days 00:00:39.731000,0 days 00:00:26.801000,,0 days 00:16:22.832000,0 days 00:16:49.776000,254.0,270.0,242.0,283.0,False,SOFT,1.0,True,Alfa Romeo Racing,0 days 00:15:07.972000,,1,,False,,False,False
2021-16,FP1,0 days 00:18:18.847000,RAI,7,0 days 00:01:29.266000,2.0,1.0,,,0 days 00:00:33.252000,0 days 00:00:31.661000,0 days 00:00:24.353000,0 days 00:17:22.833000,0 days 00:17:54.494000,0 days 00:18:18.847000,273.0,280.0,241.0,319.0,False,SOFT,2.0,True,Alfa Romeo Racing,0 days 00:16:49.581000,,1,,True,TRACK LIMITS AT TURN 6,False,True
2021-16,FP1,0 days 00:20:22.164000,RAI,7,0 days 00:02:03.317000,3.0,1.0,,,0 days 00:00:45.660000,0 days 00:00:49.392000,0 days 00:00:28.265000,0 days 00:19:04.507000,0 days 00:19:53.899000,0 days 00:20:22.164000,169.0,238.0,244.0,158.0,True,SOFT,3.0,True,Alfa Romeo Racing,0 days 00:18:18.847000,,1,,False,,False,True
2021-16,FP1,0 days 00:21:51.013000,RAI,7,0 days 00:01:28.849000,4.0,1.0,,,0 days 00:00:32.859000,0 days 00:00:31.699000,0 days 00:00:24.291000,0 days 00:20:55.023000,0 days 00:21:26.722000,0 days 00:21:51.013000,277.0,282.0,245.0,325.0,False,SOFT,4.0,True,Alfa Romeo Racing,0 days 00:20:22.164000,,1,,True,TRACK LIMITS AT TURN 6,False,True
2021-16,FP1,0 days 00:24:04.037000,RAI,7,0 days 00:02:13.024000,5.0,1.0,,,0 days 00:00:46.883000,0 days 00:00:53.140000,0 days 00:00:33.001000,0 days 00:22:37.896000,0 days 00:23:31.036000,0 days 00:24:04.037000,107.0,172.0,244.0,163.0,False,SOFT,5.0,True,Alfa Romeo Racing,0 days 00:21:51.013000,,1,,False,,False,True
2021-16,FP1,0 days 00:25:32.325000,RAI,7,0 days 00:01:28.288000,6.0,1.0,,,0 days 00:00:32.839000,0 days 00:00:31.240000,0 days 00:00:24.209000,0 days 00:24:36.876000,0 days 00:25:08.116000,0 days 00:25:32.325000,280.0,280.0,245.0,326.0,True,SOFT,6.0,True,Alfa Romeo Racing,0 days 00:24:04.037000,,1,,False,,False,True
2021-16,FP1,0 days 00:27:48.473000,RAI,7,0 days 00:02:16.148000,7.0,1.0,,,0 days 00:00:49.651000,0 days 00:00:50.197000,0 days 00:00:36.300000,0 days 00:26:21.976000,0 days 00:27:12.173000,0 days 00:27:48.473000,116.0,134.0,244.0,105.0,False,SOFT,7.0,True,Alfa Romeo Racing,0 days 00:25:32.325000,,1,,False,,False,True
2021-16,FP1,0 days 00:29:15.968000,RAI,7,0 days 00:01:27.495000,8.0,1.0,,,0 days 00:00:32.477000,0 days 00:00:30.891000,0 days 00:00:24.127000,0 days 00:28:20.950000,0 days 00:28:51.841000,0 days 00:29:15.968000,280.0,281.0,245.0,323.0,True,SOFT,8.0,True,Alfa Romeo Racing,0 days 00:27:48.473000,,1,,False,,False,True
2021-16,FP1,0 days 00:31:02.274000,RAI,7,0 days 00:01:46.306000,9.0,1.0,,0 days 00:31:02.333000,0 days 00:00:38.439000,0 days 00:00:39.728000,0 days 00:00:28.139000,0 days 00:29:54.407000,0 days 00:30:34.135000,0 days 00:31:02.274000,254.0,249.0,,259.0,False,SOFT,9.0,True,Alfa Romeo Racing,0 days 00:29:15.968000,,1,,False,,False,False
2021-16,FP1,0 days 00:33:00.426000,RAI,7,0 days 00:01:58.152000,10.0,2.0,0 days 00:31:27.959000,0 days 00:33:00.293000,0 days 00:00:55.601000,0 days 00:00:34.554000,0 days 00:00:27.997000,0 days 00:31:57.875000,0 days 00:32:32.429000,0 days 00:33:00.426000,258.0,259.0,,264.0,False,SOFT,10.0,False,Alfa Romeo Racing,0 days 00:31:02.274000,,1,,False,,False,False
2021-16,FP1,0 days 00:48:22.699000,RAI,7,,11.0,3.0,0 days 00:46:35.513000,,,0 days 00:00:45.086000,0 days 00:00:27.873000,,0 days 00:47:54.863000,0 days 00:48:24.372000,197.0,274.0,245.0,205.0,False,SOFT,11.0,False,Alfa Romeo Racing,0 days 00:33:00.426000,,1,,False,,False,False
2021-16,FP1,0 days 00:49:49.687000,RAI,7,0 days 00:01:26.988000,12.0,3.0,,,0 days 00:00:32.284000,0 days 00:00:30.722000,0 days 00:00:23.982000,0 days 00:48:54.983000,0 days 00:49:25.705000,0 days 00:49:49.687000,278.0,283.0,244.0,328.0,True,SOFT,12.0,False,Alfa Romeo Racing,0 days 00:48:22.699000,,1,,False,,False,True
2021-16,FP1,0 days 00:51:50.062000,RAI,7,0 days 00:02:00.375000,13.0,3.0,,,0 days 00:00:48.166000,0 days 00:00:45.639000,0 days 00:00:26.570000,0 days 00:50:37.853000,0 days 00:51:23.492000,0 days 00:51:50.062000,159.0,258.0,246.0,285.0,False,SOFT,13.0,False,Alfa Romeo Racing,0 days 00:49:49.687000,,1,,False,,False,True
2021-16,FP1,0 days 00:53:17.124000,RAI,7,0 days 00:01:27.062000,14.0,3.0,,,0 days 00:00:32.094000,0 days 00:00:30.969000,0 days 00:00:23.999000,0 days 00:52:22.156000,0 days 00:52:53.125000,0 days 00:53:17.124000,279.0,283.0,245.0,332.0,False,SOFT,14.0,False,Alfa Romeo Racing,0 days 00:51:50.062000,,1,,False,,False,True
2021-16,FP1,0 days 00:54:57.130000,RAI,7,0 days 00:01:40.006000,15.0,3.0,,0 days 00:54:56.585000,0 days 00:00:37.829000,0 days 00:00:34.709000,0 days 00:00:27.468000,0 days 00:53:54.953000,0 days 00:54:29.662000,0 days 00:54:57.130000,251.0,257.0,,268.0,False,SOFT,15.0,False,Alfa Romeo Racing,0 days 00:53:17.124000,,1,,False,,False,False
2021-16,FP1,0 days 01:05:33.570000,RAI,7,,16.0,4.0,0 days 01:03:49.800000,,,0 days 00:00:37.834000,0 days 00:00:26.621000,,0 days 01:05:06.949000,0 days 01:05:33.735000,240.0,258.0,245.0,279.0,False,SOFT,1.0,True,Alfa Romeo Racing,0 days 00:54:57.130000,,1,,False,,False,False
2021-16,FP1,0 days 01:06:59.857000,RAI,7,0 days 00:01:26.287000,17.0,4.0,,,0 days 00:00:31.881000,0 days 00:00:30.728000,0 days 00:00:23.678000,0 days 01:06:05.451000,0 days 01:06:36.179000,0 days 01:06:59.857000,278.0,284.0,246.0,326.0,True,SOFT,2.0,True,Alfa Romeo Racing,0 days 01:05:33.570000,,1,,False,,False,True
2021-16,FP1,0 days 01:09:15.381000,RAI,7,0 days 00:02:15.524000,18.0,4.0,,,0 days 00:00:48.077000,0 days 00:00:54.152000,0 days 00:00:33.295000,0 days 01:07:47.934000,0 days 01:08:42.086000,0 days 01:09:15.381000,148.0,191.0,173.0,166.0,False,SOFT,3.0,True,Alfa Romeo Racing,0 days 01:06:59.857000,,1,,False,,False,True
2021-16,FP1,0 days 01:11:35.137000,RAI,7,0 days 00:02:19.756000,19.0,4.0,,,0 days 00:00:49.308000,0 days 00:01:00.079000,0 days 00:00:30.369000,0 days 01:10:04.689000,0 days 01:11:04.768000,0 days 01:11:35.137000,81.0,105.0,247.0,263.0,False,SOFT,4.0,True,Alfa Romeo Racing,0 days 01:09:15.381000,,1,,False,,False,True
2021-16,FP1,0 days 01:13:01.070000,RAI,7,0 days 00:01:25.933000,20.0,4.0,,,0 days 00:00:31.727000,0 days 00:00:30.522000,0 days 00:00:23.684000,0 days 01:12:06.864000,0 days 01:12:37.386000,0 days 01:13:01.070000,279.0,283.0,244.0,325.0,True,SOFT,5.0,True,Alfa Romeo Racing,0 days 01:11:35.137000,,1,,False,,False,True
2021-16,FP1,0 days 01:14:51.327000,RAI,7,0 days 00:01:50.257000,21.0,4.0,,,0 days 00:00:44.959000,0 days 00:00:36.979000,0 days 00:00:28.319000,0 days 01:13:46.029000,0 days 01:14:23.008000,0 days 01:14:51.327000,241.0,257.0,247.0,270.0,False,SOFT,6.0,True,Alfa Romeo Racing,0 days 01:13:01.070000,,1,,False,,False,True
2021-16,FP1,0 days 01:16:17.463000,RAI,7,0 days 00:01:26.136000,22.0,4.0,,,0 days 00:00:31.778000,0 days 00:00:30.595000,0 days 00:00:23.763000,0 days 01:15:23.105000,0 days 01:15:53.700000,0 days 01:16:17.463000,281.0,282.0,245.0,327.0,False,SOFT,7.0,True,Alfa Romeo Racing,0 days 01:14:51.327000,,1,,False,,False,True
2021-16,FP1,0 days 01:18:29.980000,RAI,7,0 days 00:02:12.517000,23.0,4.0,,,0 days 00:00:43.349000,0 days 00:00:41.820000,0 days 00:00:47.348000,0 days 01:17:00.812000,0 days 01:17:42.632000,0 days 01:18:29.980000,178.0,214.0,245.0,189.0,False,SOFT,8.0,True,Alfa Romeo Racing,0 days 01:16:17.463000,,1,,False,,False,True
2021-16,FP1,0 days 01:20:24.527000,RAI,7,0 days 00:01:54.547000,24.0,4.0,,0 days 01:20:23.985000,0 days 00:00:53.398000,0 days 00:00:34.174000,0 days 00:00:26.975000,0 days 01:19:23.378000,0 days 01:19:57.552000,0 days 01:20:24.527000,273.0,213.0,,257.0,False,SOFT,9.0,True,Alfa Romeo Racing,0 days 01:18:29.980000,,1,,False,,False,False
2021-16,FP1,0 days 00:17:23.472000,MAZ,9,,1.0,1.0,0 days 00:15:36.082000,,,0 days 00:00:40.472000,0 days 00:00:31.543000,,0 days 00:16:51.929000,0 days 00:17:23.582000,250.0,256.0,238.0,199.0,False,HARD,1.0,True,Haas F1 Team,0 days 00:15:36.082000,,1,,False,,False,False
2021-16,FP1,0 days 00:18:57.494000,MAZ,9,0 days 00:01:34.022000,2.0,1.0,,,0 days 00:00:34.890000,0 days 00:00:34.235000,0 days 00:00:24.897000,0 days 00:17:58.362000,0 days 00:18:32.597000,0 days 00:18:57.494000,273.0,276.0,237.0,320.0,True,HARD,2.0,True,Haas F1 Team,0 days 00:17:23.472000,,1,,False,,False,True
2021-16,FP1,0 days 00:20:31.708000,MAZ,9,0 days 00:01:34.214000,3.0,1.0,,,0 days 00:00:36.030000,0 days 00:00:33.444000,0 days 00:00:24.740000,0 days 00:19:33.524000,0 days 00:20:06.968000,0 days 00:20:31.708000,276.0,281.0,245.0,306.0,False,HARD,3.0,True,Haas F1 Team,0 days 00:18:57.494000,,1,,False,,False,True
2021-16,FP1,0 days 00:22:05.025000,MAZ,9,0 days 00:01:33.317000,4.0,1.0,,,0 days 00:00:33.800000,0 days 00:00:33.516000,0 days 00:00:26.001000,0 days 00:21:05.508000,0 days 00:21:39.024000,0 days 00:22:05.025000,278.0,283.0,237.0,285.0,True,HARD,4.0,True,Haas F1 Team,0 days 00:20:31.708000,,1,,False,,False,True
2021-16,FP1,0 days 00:23:34.608000,MAZ,9,0 days 00:01:29.583000,5.0,1.0,,,0 days 00:00:33.572000,0 days 00:00:31.803000,0 days 00:00:24.208000,0 days 00:22:38.597000,0 days 00:23:10.400000,0 days 00:23:34.608000,277.0,281.0,242.0,325.0,True,HARD,5.0,True,Haas F1 Team,0 days 00:22:05.025000,,1,,False,,False,True
2021-16,FP1,0 days 00:25:38.983000,MAZ,9,0 days 00:02:04.375000,6.0,1.0,,,0 days 00:00:51.522000,0 days 00:00:44.927000,0 days 00:00:27.926000,0 days 00:24:26.130000,0 days 00:25:11.057000,0 days 00:25:38.983000,193.0,248.0,246.0,285.0,False,HARD,6.0,True,Haas F1 Team,0 days 00:23:34.608000,,1,,False,,False,True
2021-16,FP1,0 days 00:27:07.450000,MAZ,9,0 days 00:01:28.467000,7.0,1.0,,,0 days 00:00:33.064000,0 days 00:00:31.571000,0 days 00:00:23.832000,0 days 00:26:12.047000,0 days 00:26:43.618000,0 days 00:27:07.450000,280.0,280.0,244.0,328.0,True,HARD,7.0,True,Haas F1 Team,0 days 00:25:38.983000,,1,,False,,False,True
2021-16,FP1,0 days 00:28:39.305000,MAZ,9,0 days 00:01:31.855000,8.0,1.0,,,0 days 00:00:32.876000,0 days 00:00:31.609000,0 days 00:00:27.370000,0 days 00:27:40.326000,0 days 00:28:11.935000,0 days 00:28:39.305000,280.0,280.0,203.0,325.0,False,HARD,8.0,True,Haas F1 Team,0 days 00:27:07.450000,,1,,False,,False,True
2021-16,FP1,0 days 00:30:33.746000,MAZ,9,0 days 00:01:54.441000,9.0,1.0,,0 days 00:30:33.134000,0 days 00:00:38.894000,0 days 00:00:41.408000,0 days 00:00:34.139000,0 days 00:29:18.199000,0 days 00:29:59.607000,0 days 00:30:33.746000,251.0,200.0,,199.0,False,HARD,9.0,True,Haas F1 Team,0 days 00:28:39.305000,,1,,False,,False,False
2021-16,FP1,0 days 00:40:59.477000,MAZ,9,,10.0,2.0,0 days 00:39:10.809000,,,0 days 00:00:43.051000,0 days 00:00:29.794000,,0 days 00:40:29.683000,0 days 00:41:03.765000,215.0,258.0,244.0,247.0,False,SOFT,1.0,True,Haas F1 Team,0 days 00:30:33.746000,,1,,False,,False,False
2021-16,FP1,0 days 00:42:26.997000,MAZ,9,0 days 00:01:27.520000,11.0,2.0,,,0 days 00:00:32.690000,0 days 00:00:30.998000,0 days 00:00:23.832000,0 days 00:41:32.167000,0 days 00:42:03.165000,0 days 00:42:26.997000,278.0,283.0,244.0,324.0,True,SOFT,2.0,True,Haas F1 Team,0 days 00:40:59.477000,,1,,False,,False,True
2021-16,FP1,0 days 00:44:24.688000,MAZ,9,0 days 00:01:57.691000,12.0,2.0,,,0 days 00:00:47.486000,0 days 00:00:43.210000,0 days 00:00:26.995000,0 days 00:43:14.483000,0 days 00:43:57.693000,0 days 00:44:24.688000,237.0,250.0,246.0,268.0,False,SOFT,3.0,True,Haas F1 Team,0 days 00:42:26.997000,,1,,False,,False,True
2021-16,FP1,0 days 00:45:51.707000,MAZ,9,0 days 00:01:27.019000,13.0,2.0,,,0 days 00:00:32.498000,0 days 00:00:30.873000,0 days 00:00:23.648000,0 days 00:44:57.186000,0 days 00:45:28.059000,0 days 00:45:51.707000,279.0,286.0,245.0,331.0,True,SOFT,4.0,True,Haas F1 Team,0 days 00:44:24.688000,,1,,False,,False,True
2021-16,FP1,0 days 00:47:53.128000,MAZ,9,0 days 00:02:01.421000,14.0,2.0,,,0 days 00:00:47.794000,0 days 00:00:45.587000,0 days 00:00:28.040000,0 days 00:46:39.501000,0 days 00:47:25.088000,0 days 00:47:53.128000,198.0,249.0,246.0,217.0,False,SOFT,5.0,True,Haas F1 Team,0 days 00:45:51.707000,,1,,False,,False,True
2021-16,FP1,0 days 00:49:44.877000,MAZ,9,0 days 00:01:51.749000,15.0,2.0,,,0 days 00:00:36.709000,0 days 00:00:41.533000,0 days 00:00:33.507000,0 days 00:48:29.837000,0 days 00:49:11.370000,0 days 00:49:44.877000,227.0,244.0,246.0,157.0,False,SOFT,6.0,True,Haas F1 Team,0 days 00:47:53.128000,,1,,False,,False,True
2021-16,FP1,0 days 00:51:11.905000,MAZ,9,0 days 00:01:27.028000,16.0,2.0,,,0 days 00:00:32.401000,0 days 00:00:30.837000,0 days 00:00:23.790000,0 days 00:50:17.278000,0 days 00:50:48.115000,0 days 00:51:11.905000,281.0,285.0,245.0,323.0,False,SOFT,7.0,True,Haas F1 Team,0 days 00:49:44.877000,,1,,False,,False,True
2021-16,FP1,0 days 00:52:59.935000,MAZ,9,0 days 00:01:48.030000,17.0,2.0,,0 days 00:52:59.330000,0 days 00:00:39.460000,0 days 00:00:37.861000,0 days 00:00:30.709000,0 days 00:51:51.365000,0 days 00:52:29.226000,0 days 00:52:59.935000,247.0,199.0,,199.0,False,SOFT,8.0,True,Haas F1 Team,0 days 00:51:11.905000,,1,,False,,False,False
2021-16,FP1,0 days 01:03:26.023000,MAZ,9,,18.0,3.0,0 days 01:01:51.699000,,,0 days 00:00:34.136000,0 days 00:00:25.393000,,0 days 01:03:00.637000,0 days 01:03:27.504000,265.0,273.0,232.0,292.0,False,HARD,10.0,False,Haas F1 Team,0 days 00:52:59.935000,,1,,False,,False,False
2021-16,FP1,0 days 01:04:57.560000,MAZ,9,0 days 00:01:31.537000,19.0,3.0,,,0 days 00:00:34.035000,0 days 00:00:32.419000,0 days 00:00:25.083000,0 days 01:04:00.058000,0 days 01:04:32.477000,0 days 01:04:57.560000,274.0,276.0,232.0,300.0,False,HARD,11.0,False,Haas F1 Team,0 days 01:03:26.023000,,1,,False,,False,True
2021-16,FP1,0 days 01:06:28.107000,MAZ,9,0 days 00:01:30.547000,20.0,3.0,,,0 days 00:00:33.715000,0 days 00:00:32.171000,0 days 00:00:24.661000,0 days 01:05:31.275000,0 days 01:06:03.446000,0 days 01:06:28.107000,270.0,278.0,233.0,300.0,False,HARD,12.0,False,Haas F1 Team,0 days 01:04:57.560000,,1,,False,,False,True
2021-16,FP1,0 days 01:07:59.903000,MAZ,9,0 days 00:01:31.796000,21.0,3.0,,,0 days 00:00:33.998000,0 days 00:00:32.290000,0 days 00:00:25.508000,0 days 01:07:02.105000,0 days 01:07:34.395000,0 days 01:07:59.903000,271.0,276.0,233.0,279.0,False,HARD,13.0,False,Haas F1 Team,0 days 01:06:28.107000,,1,,True,TRACK LIMITS AT TURN 1,False,True
2021-16,FP1,0 days 01:09:31.386000,MAZ,9,0 days 00:01:31.483000,22.0,3.0,,,0 days 00:00:34.286000,0 days 00:00:32.288000,0 days 00:00:24.909000,0 days 01:08:34.189000,0 days 01:09:06.477000,0 days 01:09:31.386000,275.0,278.0,232.0,304.0,False,HARD,14.0,False,Haas F1 Team,0 days 01:07:59.903000,,1,,False,,False,True
2021-16,FP1,0 days 01:11:02.500000,MAZ,9,0 days 00:01:31.114000,23.0,3.0,,,0 days 00:00:33.851000,0 days 00:00:32.281000,0 days 00:00:24.982000,0 days 01:10:05.237000,0 days 01:10:37.518000,0 days 01:11:02.500000,275.0,280.0,230.0,304.0,False,HARD,15.0,False,Haas F1 Team,0 days 01:09:31.386000,,1,,False,,False,True
2021-16,FP1,0 days 01:12:33.566000,MAZ,9,0 days 00:01:31.066000,24.0,3.0,,,0 days 00:00:33.985000,0 days 00:00:32.162000,0 days 00:00:24.919000,0 days 01:11:36.485000,0 days 01:12:08.647000,0 days 01:12:33.566000,275.0,278.0,232.0,303.0,False,HARD,16.0,False,Haas F1 Team,0 days 01:11:02.500000,,1,,False,,False,True
2021-16,FP1,0 days 01:14:07.662000,MAZ,9,0 days 00:01:34.096000,25.0,3.0,,,0 days 00:00:33.861000,0 days 00:00:34.124000,0 days 00:00:26.111000,0 days 01:13:07.427000,0 days 01:13:41.551000,0 days 01:14:07.662000,271.0,268.0,236.0,288.0,False,HARD,17.0,False,Haas F1 Team,0 days 01:12:33.566000,,1,,True,TRACK LIMITS AT TURN 1,False,True
2021-16,FP1,0 days 01:15:40.802000,MAZ,9,0 days 00:01:33.140000,26.0,3.0,,,0 days 00:00:35.113000,0 days 00:00:32.757000,0 days 00:00:25.270000,0 days 01:14:42.775000,0 days 01:15:15.532000,0 days 01:15:40.802000,278.0,280.0,234.0,297.0,False,HARD,18.0,False,Haas F1 Team,0 days 01:14:07.662000,,1,,False,,False,True
2021-16,FP1,0 days 01:17:35.473000,MAZ,9,0 days 00:01:54.671000,27.0,3.0,,,0 days 00:00:36.085000,0 days 00:00:38.474000,0 days 00:00:40.112000,0 days 01:16:16.887000,0 days 01:16:55.361000,0 days 01:17:35.473000,233.0,277.0,77.0,169.0,False,HARD,19.0,False,Haas F1 Team,0 days 01:15:40.802000,,1,,False,,False,True
2021-16,FP1,0 days 01:20:15.161000,MAZ,9,,28.0,3.0,,0 days 01:20:15.127000,0 days 00:01:28.899000,0 days 00:00:36.791000,0 days 00:00:33.997000,0 days 01:19:04.373000,0 days 01:19:41.330000,0 days 01:20:16.510000,271.0,199.0,,196.0,False,HARD,20.0,False,Haas F1 Team,0 days 01:17:35.473000,,1,,False,,False,False
2021-16,FP1,0 days 00:17:10.244000,GAS,10,,1.0,1.0,0 days 00:15:29.534000,,,0 days 00:00:35.221000,0 days 00:00:30.928000,,0 days 00:16:39.333000,0 days 00:17:10.371000,266.0,262.0,224.0,254.0,False,MEDIUM,1.0,True,AlphaTauri,0 days 00:15:29.534000,,1,,False,,False,False
2021-16,FP1,0 days 00:18:48.542000,GAS,10,0 days 00:01:38.298000,2.0,1.0,,,0 days 00:00:34.096000,0 days 00:00:35.450000,0 days 00:00:28.752000,0 days 00:17:44.340000,0 days 00:18:19.790000,0 days 00:18:48.542000,277.0,263.0,241.0,243.0,True,MEDIUM,2.0,True,AlphaTauri,0 days 00:17:10.244000,,1,,False,,False,True
2021-16,FP1,0 days 00:20:16.194000,GAS,10,0 days 00:01:27.652000,3.0,1.0,,,0 days 00:00:32.570000,0 days 00:00:31.099000,0 days 00:00:23.983000,0 days 00:19:21.112000,0 days 00:19:52.211000,0 days 00:20:16.194000,279.0,281.0,243.0,325.0,True,MEDIUM,3.0,True,AlphaTauri,0 days 00:18:48.542000,,1,,False,,False,True
2021-16,FP1,0 days 00:22:09.200000,GAS,10,0 days 00:01:53.006000,4.0,1.0,,,0 days 00:00:41.620000,0 days 00:00:41.337000,,0 days 00:20:57.814000,0 days 00:21:39.151000,,250.0,223.0,243.0,247.0,False,MEDIUM,4.0,True,AlphaTauri,0 days 00:20:16.194000,,1,,False,,False,False
2021-16,FP1,0 days 00:23:36.363000,GAS,10,0 days 00:01:27.163000,5.0,1.0,,,0 days 00:00:32.440000,0 days 00:00:30.939000,0 days 00:00:23.784000,0 days 00:22:41.640000,0 days 00:23:12.579000,0 days 00:23:36.363000,281.0,282.0,244.0,328.0,False,MEDIUM,5.0,True,AlphaTauri,0 days 00:22:09.200000,,1,,True,TRACK LIMITS AT TURN 14,False,True
2021-16,FP1,0 days 00:25:34.162000,GAS,10,0 days 00:01:57.799000,6.0,1.0,,,0 days 00:00:40.781000,0 days 00:00:46.093000,0 days 00:00:30.925000,0 days 00:24:17.144000,0 days 00:25:03.237000,0 days 00:25:34.162000,231.0,251.0,246.0,275.0,False,MEDIUM,6.0,True,AlphaTauri,0 days 00:23:36.363000,,1,,True,TRACK LIMITS AT TURN 14,False,True
2021-16,FP1,0 days 00:27:00.664000,GAS,10,0 days 00:01:26.502000,7.0,1.0,,,0 days 00:00:32.029000,0 days 00:00:30.749000,0 days 00:00:23.724000,0 days 00:26:06.191000,0 days 00:26:36.940000,0 days 00:27:00.664000,281.0,281.0,243.0,326.0,True,MEDIUM,7.0,True,AlphaTauri,0 days 00:25:34.162000,,1,,False,,False,True
2021-16,FP1,0 days 00:28:53.575000,GAS,10,0 days 00:01:52.911000,8.0,1.0,,,0 days 00:00:44.038000,0 days 00:00:38.193000,0 days 00:00:30.680000,0 days 00:27:44.702000,0 days 00:28:22.895000,0 days 00:28:53.575000,255.0,268.0,244.0,315.0,False,MEDIUM,8.0,True,AlphaTauri,0 days 00:27:00.664000,,1,,False,,False,True
2021-16,FP1,0 days 00:30:20.069000,GAS,10,0 days 00:01:26.494000,9.0,1.0,,,0 days 00:00:31.842000,0 days 00:00:30.723000,0 days 00:00:23.929000,0 days 00:29:25.417000,0 days 00:29:56.140000,0 days 00:30:20.069000,282.0,280.0,243.0,322.0,False,MEDIUM,9.0,True,AlphaTauri,0 days 00:28:53.575000,,1,,True,TRACK LIMITS AT TURN 1,False,True
2021-16,FP1,0 days 00:31:59.475000,GAS,10,0 days 00:01:39.406000,10.0,1.0,,0 days 00:31:58.944000,0 days 00:00:35.964000,0 days 00:00:34.932000,0 days 00:00:28.510000,0 days 00:30:56.033000,0 days 00:31:30.965000,0 days 00:31:59.475000,259.0,261.0,,219.0,False,MEDIUM,10.0,True,AlphaTauri,0 days 00:30:20.069000,,1,,False,,False,False
2021-16,FP1,0 days 00:43:07.497000,GAS,10,,11.0,2.0,0 days 00:41:25.290000,,,0 days 00:00:34.933000,0 days 00:00:32.154000,,0 days 00:42:35.471000,0 days 00:43:07.635000,266.0,260.0,245.0,289.0,False,SOFT,1.0,True,AlphaTauri,0 days 00:31:59.475000,,1,,False,,False,False
2021-16,FP1,0 days 00:44:46.894000,GAS,10,0 days 00:01:39.397000,12.0,2.0,,0 days 00:44:46.342000,0 days 00:00:32.034000,0 days 00:00:37.400000,0 days 00:00:29.963000,0 days 00:43:39.531000,0 days 00:44:16.931000,0 days 00:44:46.894000,278.0,263.0,,268.0,False,SOFT,2.0,True,AlphaTauri,0 days 00:43:07.497000,,1,,False,,False,False
2021-16,FP1,0 days 00:47:00.471000,GAS,10,0 days 00:02:13.577000,13.0,3.0,0 days 00:45:16.810000,,0 days 00:01:03.981000,0 days 00:00:41.980000,0 days 00:00:27.616000,0 days 00:45:50.875000,0 days 00:46:32.855000,0 days 00:47:00.471000,268.0,234.0,246.0,265.0,False,SOFT,3.0,False,AlphaTauri,0 days 00:44:46.894000,,1,,False,,False,False
2021-16,FP1,0 days 00:48:26.402000,GAS,10,0 days 00:01:25.931000,14.0,3.0,,,0 days 00:00:31.783000,0 days 00:00:30.569000,0 days 00:00:23.579000,0 days 00:47:32.254000,0 days 00:48:02.823000,0 days 00:48:26.402000,279.0,281.0,246.0,325.0,True,SOFT,4.0,False,AlphaTauri,0 days 00:47:00.471000,,1,,False,,False,True
2021-16,FP1,0 days 00:50:26.233000,GAS,10,0 days 00:01:59.831000,15.0,3.0,,,0 days 00:00:46.394000,0 days 00:00:45.712000,0 days 00:00:27.725000,0 days 00:49:12.796000,0 days 00:49:58.508000,0 days 00:50:26.233000,241.0,245.0,247.0,267.0,False,SOFT,5.0,False,AlphaTauri,0 days 00:48:26.402000,,1,,False,,False,True
2021-16,FP1,0 days 00:51:51.746000,GAS,10,0 days 00:01:25.513000,16.0,3.0,,,0 days 00:00:31.641000,0 days 00:00:30.404000,0 days 00:00:23.468000,0 days 00:50:57.874000,0 days 00:51:28.278000,0 days 00:51:51.746000,280.0,283.0,247.0,325.0,True,SOFT,6.0,False,AlphaTauri,0 days 00:50:26.233000,,1,,False,,False,True
2021-16,FP1,0 days 00:53:44.250000,GAS,10,0 days 00:01:52.504000,17.0,3.0,,,0 days 00:00:44.091000,0 days 00:00:40.855000,0 days 00:00:27.558000,0 days 00:52:35.837000,0 days 00:53:16.692000,0 days 00:53:44.250000,245.0,256.0,247.0,284.0,False,SOFT,7.0,False,AlphaTauri,0 days 00:51:51.746000,,1,,False,,False,True
2021-16,FP1,0 days 00:55:09.632000,GAS,10,0 days 00:01:25.382000,18.0,3.0,,,0 days 00:00:31.560000,0 days 00:00:30.360000,0 days 00:00:23.462000,0 days 00:54:15.810000,0 days 00:54:46.170000,0 days 00:55:09.632000,278.0,284.0,245.0,324.0,True,SOFT,8.0,False,AlphaTauri,0 days 00:53:44.250000,,1,,False,,False,True
2021-16,FP1,0 days 00:56:46.443000,GAS,10,0 days 00:01:36.811000,19.0,3.0,,0 days 00:56:45.916000,0 days 00:00:36.404000,0 days 00:00:36.215000,0 days 00:00:24.192000,0 days 00:55:46.036000,0 days 00:56:22.251000,0 days 00:56:46.443000,256.0,283.0,,311.0,False,SOFT,9.0,False,AlphaTauri,0 days 00:55:09.632000,,1,,False,,False,False
2021-16,FP1,0 days 01:03:47.667000,GAS,10,,20.0,4.0,0 days 01:02:19.104000,,,0 days 00:00:32.064000,0 days 00:00:26.918000,,0 days 01:03:20.770000,0 days 01:03:47.821000,269.0,278.0,234.0,299.0,False,MEDIUM,11.0,False,AlphaTauri,0 days 00:56:46.443000,,1,,False,,False,False
2021-16,FP1,0 days 01:05:17.052000,GAS,10,0 days 00:01:29.385000,21.0,4.0,,,0 days 00:00:33.078000,0 days 00:00:31.517000,0 days 00:00:24.790000,0 days 01:04:20.745000,0 days 01:04:52.262000,0 days 01:05:17.052000,268.0,279.0,234.0,303.0,False,MEDIUM,12.0,False,AlphaTauri,0 days 01:03:47.667000,,1,,False,,False,True
2021-16,FP1,0 days 01:06:46.921000,GAS,10,0 days 00:01:29.869000,22.0,4.0,,,0 days 00:00:33.187000,0 days 00:00:31.687000,0 days 00:00:24.995000,0 days 01:05:50.239000,0 days 01:06:21.926000,0 days 01:06:46.921000,266.0,281.0,237.0,299.0,False,MEDIUM,13.0,False,AlphaTauri,0 days 01:05:17.052000,,1,,False,,False,True
2021-16,FP1,0 days 01:08:16.534000,GAS,10,0 days 00:01:29.613000,23.0,4.0,,,0 days 00:00:33.473000,0 days 00:00:31.519000,0 days 00:00:24.621000,0 days 01:07:20.394000,0 days 01:07:51.913000,0 days 01:08:16.534000,267.0,280.0,235.0,300.0,False,MEDIUM,14.0,False,AlphaTauri,0 days 01:06:46.921000,,1,,True,TRACK LIMITS AT TURN 1,False,True
2021-16,FP1,0 days 01:09:45.960000,GAS,10,0 days 00:01:29.426000,24.0,4.0,,,0 days 00:00:33.293000,0 days 00:00:31.548000,0 days 00:00:24.585000,0 days 01:08:49.827000,0 days 01:09:21.375000,0 days 01:09:45.960000,269.0,281.0,236.0,304.0,False,MEDIUM,15.0,False,AlphaTauri,0 days 01:08:16.534000,,1,,True,TRACK LIMITS AT TURN 1,False,True
2021-16,FP1,0 days 01:11:16.313000,GAS,10,0 days 00:01:30.353000,25.0,4.0,,,0 days 00:00:33.392000,0 days 00:00:31.907000,0 days 00:00:25.054000,0 days 01:10:19.352000,0 days 01:10:51.259000,0 days 01:11:16.313000,267.0,280.0,236.0,303.0,False,MEDIUM,16.0,False,AlphaTauri,0 days 01:09:45.960000,,1,,True,TRACK LIMITS AT TURN 14,False,True
2021-16,FP1,0 days 01:12:45.751000,GAS,10,0 days 00:01:29.438000,26.0,4.0,,,0 days 00:00:33.272000,0 days 00:00:31.498000,0 days 00:00:24.668000,0 days 01:11:49.585000,0 days 01:12:21.083000,0 days 01:12:45.751000,267.0,279.0,236.0,300.0,False,MEDIUM,17.0,False,AlphaTauri,0 days 01:11:16.313000,,1,,True,TRACK LIMITS AT TURN 1,False,True
2021-16,FP1,0 days 01:14:15.073000,GAS,10,0 days 00:01:29.322000,27.0,4.0,,,0 days 00:00:33.188000,0 days 00:00:31.381000,0 days 00:00:24.753000,0 days 01:13:18.939000,0 days 01:13:50.320000,0 days 01:14:15.073000,268.0,280.0,237.0,299.0,False,MEDIUM,18.0,False,AlphaTauri,0 days 01:12:45.751000,,1,,False,,False,True
2021-16,FP1,0 days 01:15:44.390000,GAS,10,0 days 00:01:29.317000,28.0,4.0,,,0 days 00:00:33.247000,0 days 00:00:31.365000,0 days 00:00:24.705000,0 days 01:14:48.320000,0 days 01:15:19.685000,0 days 01:15:44.390000,270.0,280.0,235.0,295.0,False,MEDIUM,19.0,False,AlphaTauri,0 days 01:14:15.073000,,1,,False,,False,True
2021-16,FP1,0 days 01:17:46.646000,GAS,10,0 days 00:02:02.256000,29.0,4.0,,,0 days 00:00:38.247000,0 days 00:00:34.916000,0 days 00:00:49.093000,0 days 01:16:22.637000,0 days 01:16:57.553000,0 days 01:17:46.646000,258.0,260.0,49.0,171.0,False,MEDIUM,20.0,False,AlphaTauri,0 days 01:15:44.390000,,1,,False,,False,True
2021-16,FP1,0 days 01:19:53.957000,GAS,10,0 days 00:02:07.311000,30.0,4.0,,0 days 01:19:53.441000,0 days 00:01:01.697000,0 days 00:00:40.631000,0 days 00:00:24.983000,0 days 01:18:48.343000,0 days 01:19:28.974000,0 days 01:19:53.957000,269.0,255.0,,292.0,False,MEDIUM,21.0,False,AlphaTauri,0 days 01:17:46.646000,,1,,False,,False,False
2021-16,FP1,0 days 00:20:10.041000,PER,11,,1.0,1.0,0 days 00:18:29.338000,,,0 days 00:00:36.667000,0 days 00:00:29.340000,,0 days 00:19:40.834000,0 days 00:20:10.170000,257.0,257.0,240.0,280.0,False,SOFT,1.0,True,Red Bull Racing,0 days 00:18:29.338000,,1,,False,,False,False
2021-16,FP1,0 days 00:21:38.913000,PER,11,0 days 00:01:28.872000,2.0,1.0,,,0 days 00:00:33.045000,0 days 00:00:31.347000,0 days 00:00:24.480000,0 days 00:20:43.086000,0 days 00:21:14.433000,0 days 00:21:38.913000,276.0,279.0,241.0,322.0,True,SOFT,2.0,True,Red Bull Racing,0 days 00:20:10.041000,,1,,False,,False,True
2021-16,FP1,0 days 00:23:24.939000,PER,11,0 days 00:01:46.026000,3.0,1.0,,,0 days 00:00:39.546000,0 days 00:00:40.198000,0 days 00:00:26.282000,0 days 00:22:18.459000,0 days 00:22:58.657000,0 days 00:23:24.939000,226.0,257.0,241.0,298.0,False,SOFT,3.0,True,Red Bull Racing,0 days 00:21:38.913000,,1,,False,,False,True
2021-16,FP1,0 days 00:24:52.324000,PER,11,0 days 00:01:27.385000,4.0,1.0,,,0 days 00:00:32.356000,0 days 00:00:30.920000,0 days 00:00:24.109000,0 days 00:23:57.295000,0 days 00:24:28.215000,0 days 00:24:52.324000,279.0,281.0,239.0,323.0,True,SOFT,4.0,True,Red Bull Racing,0 days 00:23:24.939000,,1,,False,,False,True
2021-16,FP1,0 days 00:26:50.468000,PER,11,0 days 00:01:58.144000,5.0,1.0,,,0 days 00:00:44.245000,0 days 00:00:41.927000,0 days 00:00:31.972000,0 days 00:25:36.569000,0 days 00:26:18.496000,0 days 00:26:50.468000,210.0,211.0,243.0,113.0,False,SOFT,5.0,True,Red Bull Racing,0 days 00:24:52.324000,,1,,False,,False,True
2021-16,FP1,0 days 00:28:17.178000,PER,11,0 days 00:01:26.710000,6.0,1.0,,,0 days 00:00:32.181000,0 days 00:00:30.863000,0 days 00:00:23.666000,0 days 00:27:22.649000,0 days 00:27:53.512000,0 days 00:28:17.178000,281.0,279.0,242.0,327.0,True,SOFT,6.0,True,Red Bull Racing,0 days 00:26:50.468000,,1,,False,,False,True
2021-16,FP1,0 days 00:30:13.899000,PER,11,0 days 00:01:56.721000,7.0,1.0,,,0 days 00:00:45.311000,0 days 00:00:41.431000,0 days 00:00:29.979000,0 days 00:29:02.489000,0 days 00:29:43.920000,0 days 00:30:13.899000,200.0,217.0,241.0,191.0,False,SOFT,7.0,True,Red Bull Racing,0 days 00:28:17.178000,,1,,False,,False,True
2021-16,FP1,0 days 00:31:40.328000,PER,11,0 days 00:01:26.429000,8.0,1.0,,,0 days 00:00:31.804000,0 days 00:00:30.542000,0 days 00:00:24.083000,0 days 00:30:45.703000,0 days 00:31:16.245000,0 days 00:31:40.328000,281.0,280.0,243.0,323.0,True,SOFT,8.0,True,Red Bull Racing,0 days 00:30:13.899000,,1,,False,,False,True
2021-16,FP1,0 days 00:33:27.854000,PER,11,0 days 00:01:47.526000,9.0,1.0,,0 days 00:33:27.869000,0 days 00:00:41.375000,0 days 00:00:36.567000,0 days 00:00:29.584000,0 days 00:32:21.703000,0 days 00:32:58.270000,0 days 00:33:27.854000,220.0,250.0,,256.0,False,SOFT,9.0,True,Red Bull Racing,0 days 00:31:40.328000,,1,,False,,False,False
2021-16,FP1,0 days 00:50:32.494000,PER,11,,10.0,2.0,0 days 00:48:45.903000,,,0 days 00:00:39.652000,0 days 00:00:30.832000,,0 days 00:50:03.418000,0 days 00:50:32.638000,206.0,258.0,244.0,152.0,False,SOFT,1.0,True,Red Bull Racing,0 days 00:33:27.854000,,1,,False,,False,False
2021-16,FP1,0 days 00:51:58.053000,PER,11,0 days 00:01:25.559000,11.0,2.0,,,0 days 00:00:31.584000,0 days 00:00:30.407000,0 days 00:00:23.568000,0 days 00:51:04.078000,0 days 00:51:34.485000,0 days 00:51:58.053000,278.0,282.0,244.0,322.0,True,SOFT,2.0,True,Red Bull Racing,0 days 00:50:32.494000,,1,,False,,False,True
2021-16,FP1,0 days 00:54:00.978000,PER,11,0 days 00:02:02.925000,12.0,2.0,,,0 days 00:00:42.567000,0 days 00:00:44.539000,0 days 00:00:35.819000,0 days 00:52:40.620000,0 days 00:53:25.159000,0 days 00:54:00.978000,219.0,160.0,243.0,172.0,False,SOFT,3.0,True,Red Bull Racing,0 days 00:51:58.053000,,1,,False,,False,True
2021-16,FP1,0 days 00:55:38.222000,PER,11,0 days 00:01:37.244000,13.0,2.0,,0 days 00:55:37.655000,0 days 00:00:31.647000,0 days 00:00:37.929000,0 days 00:00:27.668000,0 days 00:54:32.625000,0 days 00:55:10.554000,0 days 00:55:38.222000,277.0,214.0,,233.0,False,SOFT,4.0,True,Red Bull Racing,0 days 00:54:00.978000,,1,,False,,False,False
2021-16,FP1,0 days 00:57:53.052000,PER,11,0 days 00:02:14.830000,14.0,3.0,0 days 00:56:02.244000,,0 days 00:00:59.154000,0 days 00:00:41.972000,0 days 00:00:33.704000,0 days 00:56:37.376000,0 days 00:57:19.348000,0 days 00:57:53.052000,223.0,198.0,243.0,114.0,False,SOFT,5.0,False,Red Bull Racing,0 days 00:55:38.222000,,1,,False,,False,False
2021-16,FP1,0 days 00:59:18.511000,PER,11,0 days 00:01:25.459000,15.0,3.0,,,0 days 00:00:31.473000,0 days 00:00:30.415000,0 days 00:00:23.571000,0 days 00:58:24.525000,0 days 00:58:54.940000,0 days 00:59:18.511000,280.0,280.0,244.0,323.0,True,SOFT,6.0,False,Red Bull Racing,0 days 00:57:53.052000,,1,,False,,False,True
2021-16,FP1,0 days 01:00:57.362000,PER,11,0 days 00:01:38.851000,16.0,3.0,,0 days 01:00:57.395000,0 days 00:00:38.218000,0 days 00:00:34.980000,0 days 00:00:25.653000,0 days 00:59:56.729000,0 days 01:00:31.709000,0 days 01:00:57.362000,246.0,253.0,,286.0,False,SOFT,7.0,False,Red Bull Racing,0 days 00:59:18.511000,,1,,False,,False,False
2021-16,FP1,0 days 01:08:38.173000,PER,11,,17.0,4.0,0 days 01:07:08.323000,,,0 days 00:00:33.397000,0 days 00:00:24.811000,,0 days 01:08:13.377000,0 days 01:08:38.382000,261.0,277.0,234.0,285.0,False,SOFT,8.0,False,Red Bull Racing,0 days 01:00:57.362000,,1,,False,,False,False
2021-16,FP1,0 days 01:10:07.683000,PER,11,0 days 00:01:29.510000,18.0,4.0,,,0 days 00:00:33.019000,0 days 00:00:32.108000,0 days 00:00:24.383000,0 days 01:09:11.192000,0 days 01:09:43.300000,0 days 01:10:07.683000,268.0,279.0,234.0,288.0,False,SOFT,9.0,False,Red Bull Racing,0 days 01:08:38.173000,,1,,False,,False,True
2021-16,FP1,0 days 01:11:36.905000,PER,11,0 days 00:01:29.222000,19.0,4.0,,,0 days 00:00:32.907000,0 days 00:00:31.735000,0 days 00:00:24.580000,0 days 01:10:40.590000,0 days 01:11:12.325000,0 days 01:11:36.905000,264.0,280.0,236.0,294.0,False,SOFT,10.0,False,Red Bull Racing,0 days 01:10:07.683000,,1,,False,,False,True
2021-16,FP1,0 days 01:13:05.976000,PER,11,0 days 00:01:29.071000,20.0,4.0,,,0 days 00:00:32.940000,0 days 00:00:31.668000,0 days 00:00:24.463000,0 days 01:12:09.845000,0 days 01:12:41.513000,0 days 01:13:05.976000,264.0,279.0,234.0,300.0,False,SOFT,11.0,False,Red Bull Racing,0 days 01:11:36.905000,,1,,False,,False,True
2021-16,FP1,0 days 01:14:35.016000,PER,11,0 days 00:01:29.040000,21.0,4.0,,,0 days 00:00:32.772000,0 days 00:00:31.602000,0 days 00:00:24.666000,0 days 01:13:38.748000,0 days 01:14:10.350000,0 days 01:14:35.016000,268.0,279.0,233.0,297.0,False,SOFT,12.0,False,Red Bull Racing,0 days 01:13:05.976000,,1,,True,TRACK LIMITS AT TURN 1,False,True
2021-16,FP1,0 days 01:16:04.090000,PER,11,0 days 00:01:29.074000,22.0,4.0,,,0 days 00:00:32.834000,0 days 00:00:31.739000,0 days 00:00:24.501000,0 days 01:15:07.850000,0 days 01:15:39.589000,0 days 01:16:04.090000,271.0,281.0,235.0,302.0,False,SOFT,13.0,False,Red Bull Racing,0 days 01:14:35.016000,,1,,False,,False,True
2021-16,FP1,0 days 01:18:03.749000,PER,11,0 days 00:01:59.659000,23.0,4.0,,,0 days 00:00:38.613000,0 days 00:00:35.853000,0 days 00:00:45.193000,0 days 01:16:42.703000,0 days 01:17:18.556000,0 days 01:18:03.749000,252.0,261.0,71.0,198.0,False,SOFT,14.0,False,Red Bull Racing,0 days 01:16:04.090000,,1,,False,,False,True
2021-16,FP1,0 days 01:20:22.712000,PER,11,0 days 00:02:18.963000,24.0,4.0,,0 days 01:20:22.199000,0 days 00:01:12.663000,0 days 00:00:39.142000,0 days 00:00:27.158000,0 days 01:19:16.412000,0 days 01:19:55.554000,0 days 01:20:22.712000,217.0,203.0,,278.0,False,SOFT,15.0,False,Red Bull Racing,0 days 01:18:03.749000,,1,,False,,False,False
2021-16,FP1,0 days 00:16:54.356000,ALO,14,,1.0,1.0,0 days 00:15:03.591000,0 days 00:16:53.743000,,0 days 00:00:39.790000,0 days 00:00:35.243000,,0 days 00:16:19.134000,0 days 00:16:54.427000,199.0,200.0,,200.0,False,MEDIUM,1.0,True,Alpine,0 days 00:15:03.591000,,1,,False,,False,False
2021-16,FP1,0 days 00:19:19.023000,ALO,14,0 days 00:02:24.667000,2.0,2.0,0 days 00:17:24.048000,0 days 00:19:18.423000,0 days 00:01:09.471000,0 days 00:00:43.883000,0 days 00:00:31.313000,0 days 00:18:03.827000,0 days 00:18:47.710000,0 days 00:19:19.023000,169.0,200.0,,200.0,False,MEDIUM,2.0,False,Alpine,0 days 00:16:54.356000,,1,,False,,False,False
2021-16,FP1,0 days 00:27:41.693000,ALO,14,,3.0,3.0,0 days 00:26:02.089000,,,0 days 00:00:39.310000,0 days 00:00:27.279000,,0 days 00:27:14.416000,0 days 00:27:41.810000,264.0,252.0,242.0,280.0,False,MEDIUM,3.0,False,Alpine,0 days 00:19:19.023000,,1,,False,,False,False
2021-16,FP1,0 days 00:29:09.906000,ALO,14,0 days 00:01:28.213000,4.0,3.0,,,0 days 00:00:32.711000,0 days 00:00:31.296000,0 days 00:00:24.206000,0 days 00:28:14.404000,0 days 00:28:45.700000,0 days 00:29:09.906000,277.0,281.0,242.0,312.0,False,MEDIUM,4.0,False,Alpine,0 days 00:27:41.693000,,1,,True,TRACK LIMITS AT TURN 6,False,True
2021-16,FP1,0 days 00:30:37.769000,ALO,14,0 days 00:01:27.863000,5.0,3.0,,,0 days 00:00:32.717000,0 days 00:00:31.148000,0 days 00:00:23.998000,0 days 00:29:42.623000,0 days 00:30:13.771000,0 days 00:30:37.769000,269.0,282.0,244.0,309.0,True,MEDIUM,5.0,False,Alpine,0 days 00:29:09.906000,,1,,False,,False,True
2021-16,FP1,0 days 00:32:27.955000,ALO,14,0 days 00:01:50.186000,6.0,3.0,,,0 days 00:00:37.253000,0 days 00:00:41.680000,0 days 00:00:31.253000,0 days 00:31:15.022000,0 days 00:31:56.702000,0 days 00:32:27.955000,257.0,254.0,243.0,253.0,False,MEDIUM,6.0,False,Alpine,0 days 00:30:37.769000,,1,,False,,False,True
2021-16,FP1,0 days 00:33:54.029000,ALO,14,0 days 00:01:26.074000,7.0,3.0,,,0 days 00:00:31.844000,0 days 00:00:30.736000,0 days 00:00:23.494000,0 days 00:32:59.799000,0 days 00:33:30.535000,0 days 00:33:54.029000,277.0,283.0,244.0,322.0,True,MEDIUM,7.0,False,Alpine,0 days 00:32:27.955000,,1,,False,,False,True
2021-16,FP1,0 days 00:35:50.144000,ALO,14,0 days 00:01:56.115000,8.0,3.0,,,0 days 00:00:46.959000,0 days 00:00:41.507000,0 days 00:00:27.649000,0 days 00:34:40.988000,0 days 00:35:22.495000,0 days 00:35:50.144000,177.0,251.0,243.0,248.0,False,MEDIUM,8.0,False,Alpine,0 days 00:33:54.029000,,1,,False,,False,True
2021-16,FP1,0 days 00:37:15.527000,ALO,14,0 days 00:01:25.383000,9.0,3.0,,,0 days 00:00:31.588000,0 days 00:00:30.422000,0 days 00:00:23.373000,0 days 00:36:21.732000,0 days 00:36:52.154000,0 days 00:37:15.527000,276.0,285.0,243.0,323.0,True,MEDIUM,9.0,False,Alpine,0 days 00:35:50.144000,,1,,False,,False,True
2021-16,FP1,0 days 00:38:56.235000,ALO,14,0 days 00:01:40.708000,10.0,3.0,,,0 days 00:00:34.109000,0 days 00:00:36.501000,0 days 00:00:30.098000,0 days 00:37:49.636000,0 days 00:38:26.137000,0 days 00:38:56.235000,256.0,259.0,245.0,199.0,False,MEDIUM,10.0,False,Alpine,0 days 00:37:15.527000,,1,,False,,False,True
2021-16,FP1,0 days 00:40:21.702000,ALO,14,0 days 00:01:25.467000,11.0,3.0,,,0 days 00:00:31.447000,0 days 00:00:30.369000,0 days 00:00:23.651000,0 days 00:39:27.682000,0 days 00:39:58.051000,0 days 00:40:21.702000,274.0,284.0,244.0,322.0,False,MEDIUM,11.0,False,Alpine,0 days 00:38:56.235000,,1,,False,,False,True
2021-16,FP1,0 days 00:41:58.601000,ALO,14,0 days 00:01:36.899000,12.0,3.0,,0 days 00:41:58.580000,0 days 00:00:33.476000,0 days 00:00:33.843000,0 days 00:00:29.580000,0 days 00:40:55.178000,0 days 00:41:29.021000,0 days 00:41:58.601000,255.0,200.0,,262.0,False,MEDIUM,12.0,False,Alpine,0 days 00:40:21.702000,,1,,False,,False,False
2021-16,FP1,0 days 00:51:46.166000,ALO,14,,13.0,4.0,0 days 00:49:55.804000,,,0 days 00:00:43.567000,0 days 00:00:28.221000,,0 days 00:51:17.945000,0 days 00:51:46.291000,118.0,200.0,246.0,256.0,False,SOFT,1.0,True,Alpine,0 days 00:41:58.601000,,1,,False,,False,False
2021-16,FP1,0 days 00:53:11.848000,ALO,14,0 days 00:01:25.682000,14.0,4.0,,,0 days 00:00:31.290000,0 days 00:00:30.428000,0 days 00:00:23.964000,0 days 00:52:17.456000,0 days 00:52:47.884000,0 days 00:53:11.848000,276.0,283.0,244.0,322.0,False,SOFT,2.0,True,Alpine,0 days 00:51:46.166000,,1,,False,,False,True
2021-16,FP1,0 days 00:55:17.554000,ALO,14,0 days 00:02:05.706000,15.0,4.0,,,0 days 00:00:48.583000,0 days 00:00:45.400000,0 days 00:00:31.723000,0 days 00:54:00.431000,0 days 00:54:45.831000,0 days 00:55:17.554000,213.0,196.0,245.0,226.0,False,SOFT,3.0,True,Alpine,0 days 00:53:11.848000,,1,,False,,False,True
2021-16,FP1,0 days 00:56:43.311000,ALO,14,0 days 00:01:25.757000,16.0,4.0,,,0 days 00:00:31.563000,0 days 00:00:30.588000,0 days 00:00:23.606000,0 days 00:55:49.117000,0 days 00:56:19.705000,0 days 00:56:43.311000,275.0,284.0,244.0,321.0,False,SOFT,4.0,True,Alpine,0 days 00:55:17.554000,,1,,False,,False,True
2021-16,FP1,0 days 00:58:23.220000,ALO,14,0 days 00:01:39.909000,17.0,4.0,,0 days 00:58:23.219000,0 days 00:00:35.046000,0 days 00:00:34.656000,0 days 00:00:30.207000,0 days 00:57:18.357000,0 days 00:57:53.013000,0 days 00:58:23.220000,255.0,200.0,,241.0,False,SOFT,5.0,True,Alpine,0 days 00:56:43.311000,,1,,False,,False,False
2021-16,FP1,0 days 01:06:45.328000,ALO,14,,18.0,5.0,0 days 01:05:12.811000,,,0 days 00:00:34.678000,0 days 00:00:28.492000,,0 days 01:06:16.858000,0 days 01:06:45.451000,264.0,270.0,235.0,234.0,False,SOFT,6.0,False,Alpine,0 days 00:58:23.220000,,1,,False,,False,False
2021-16,FP1,0 days 01:08:14.643000,ALO,14,0 days 00:01:29.315000,19.0,5.0,,,0 days 00:00:33.193000,0 days 00:00:31.471000,0 days 00:00:24.651000,0 days 01:07:18.521000,0 days 01:07:49.992000,0 days 01:08:14.643000,274.0,281.0,236.0,292.0,False,SOFT,7.0,False,Alpine,0 days 01:06:45.328000,,1,,False,,False,True
2021-16,FP1,0 days 01:09:43.973000,ALO,14,0 days 00:01:29.330000,20.0,5.0,,,0 days 00:00:33.019000,0 days 00:00:31.693000,0 days 00:00:24.618000,0 days 01:08:47.662000,0 days 01:09:19.355000,0 days 01:09:43.973000,266.0,281.0,235.0,296.0,False,SOFT,8.0,False,Alpine,0 days 01:08:14.643000,,1,,False,,False,True
2021-16,FP1,0 days 01:11:12.903000,ALO,14,0 days 00:01:28.930000,21.0,5.0,,,0 days 00:00:32.912000,0 days 00:00:31.412000,0 days 00:00:24.606000,0 days 01:10:16.885000,0 days 01:10:48.297000,0 days 01:11:12.903000,273.0,282.0,236.0,295.0,False,SOFT,9.0,False,Alpine,0 days 01:09:43.973000,,1,,False,,False,True
2021-16,FP1,0 days 01:12:42.352000,ALO,14,0 days 00:01:29.449000,22.0,5.0,,,0 days 00:00:32.968000,0 days 00:00:31.543000,0 days 00:00:24.938000,0 days 01:11:45.871000,0 days 01:12:17.414000,0 days 01:12:42.352000,265.0,280.0,235.0,293.0,False,SOFT,10.0,False,Alpine,0 days 01:11:12.903000,,1,,False,,False,True
2021-16,FP1,0 days 01:14:12.359000,ALO,14,0 days 00:01:30.007000,23.0,5.0,,,0 days 00:00:33.216000,0 days 00:00:31.693000,0 days 00:00:25.098000,0 days 01:13:15.568000,0 days 01:13:47.261000,0 days 01:14:12.359000,265.0,280.0,234.0,295.0,False,SOFT,11.0,False,Alpine,0 days 01:12:42.352000,,1,,True,TRACK LIMITS AT TURN 1,False,True
2021-16,FP1,0 days 01:15:42.186000,ALO,14,0 days 00:01:29.827000,24.0,5.0,,,0 days 00:00:33.372000,0 days 00:00:31.535000,0 days 00:00:24.920000,0 days 01:14:45.731000,0 days 01:15:17.266000,0 days 01:15:42.186000,278.0,281.0,234.0,296.0,False,SOFT,12.0,False,Alpine,0 days 01:14:12.359000,,1,,False,,False,True
2021-16,FP1,0 days 01:17:41.968000,ALO,14,0 days 00:01:59.782000,25.0,5.0,,,0 days 00:00:38.769000,0 days 00:00:35.767000,0 days 00:00:45.246000,0 days 01:16:20.955000,0 days 01:16:56.722000,0 days 01:17:41.968000,195.0,261.0,61.0,182.0,False,SOFT,13.0,False,Alpine,0 days 01:15:42.186000,,1,,False,,False,True
2021-16,FP1,0 days 01:19:46.906000,ALO,14,0 days 00:02:04.938000,26.0,5.0,,0 days 01:19:46.325000,0 days 00:01:02.005000,0 days 00:00:32.226000,0 days 00:00:30.707000,0 days 01:18:43.973000,0 days 01:19:16.199000,0 days 01:19:46.906000,270.0,232.0,,187.0,False,SOFT,14.0,False,Alpine,0 days 01:17:41.968000,,1,,False,,False,False
2021-16,FP1,0 days 00:17:31.210000,LEC,16,,1.0,1.0,0 days 00:15:42.212000,,,0 days 00:00:40.170000,0 days 00:00:32.946000,,0 days 00:16:58.264000,0 days 00:17:31.381000,251.0,149.0,243.0,266.0,False,SOFT,1.0,True,Ferrari,0 days 00:15:42.212000,,1,,False,,False,False
2021-16,FP1,0 days 00:18:58.667000,LEC,16,0 days 00:01:27.457000,2.0,1.0,,,0 days 00:00:32.352000,0 days 00:00:30.802000,0 days 00:00:24.303000,0 days 00:18:03.562000,0 days 00:18:34.364000,0 days 00:18:58.667000,277.0,282.0,244.0,323.0,True,SOFT,2.0,True,Ferrari,0 days 00:17:31.210000,,1,,False,,False,True
2021-16,FP1,0 days 00:20:30.980000,LEC,16,0 days 00:01:32.313000,3.0,1.0,,,0 days 00:00:33.400000,0 days 00:00:32.921000,0 days 00:00:25.992000,0 days 00:19:32.067000,0 days 00:20:04.988000,0 days 00:20:30.980000,274.0,281.0,245.0,263.0,False,SOFT,3.0,True,Ferrari,0 days 00:18:58.667000,,1,,False,,False,True
2021-16,FP1,0 days 00:22:04.607000,LEC,16,0 days 00:01:33.627000,4.0,1.0,,,0 days 00:00:32.082000,0 days 00:00:31.875000,0 days 00:00:29.670000,0 days 00:21:03.062000,0 days 00:21:34.937000,0 days 00:22:04.607000,275.0,256.0,129.0,247.0,False,SOFT,4.0,True,Ferrari,0 days 00:20:30.980000,,1,,False,,False,True
2021-16,FP1,0 days 00:24:11.232000,LEC,16,0 days 00:02:06.625000,5.0,1.0,,,0 days 00:00:51.630000,0 days 00:00:43.622000,0 days 00:00:31.373000,0 days 00:22:56.237000,0 days 00:23:39.859000,0 days 00:24:11.232000,114.0,214.0,243.0,223.0,False,SOFT,5.0,True,Ferrari,0 days 00:22:04.607000,,1,,False,,False,True
2021-16,FP1,0 days 00:25:37.536000,LEC,16,0 days 00:01:26.304000,6.0,1.0,,,0 days 00:00:31.769000,0 days 00:00:30.768000,0 days 00:00:23.767000,0 days 00:24:43.001000,0 days 00:25:13.769000,0 days 00:25:37.536000,280.0,279.0,246.0,327.0,True,SOFT,6.0,True,Ferrari,0 days 00:24:11.232000,,1,,False,,False,True
2021-16,FP1,0 days 00:27:31.454000,LEC,16,0 days 00:01:53.918000,7.0,1.0,,,0 days 00:00:45.398000,0 days 00:00:41.812000,0 days 00:00:26.708000,0 days 00:26:22.934000,0 days 00:27:04.746000,0 days 00:27:31.454000,157.0,248.0,244.0,268.0,False,SOFT,7.0,True,Ferrari,0 days 00:25:37.536000,,1,,False,,False,True
2021-16,FP1,0 days 00:29:05.705000,LEC,16,0 days 00:01:34.251000,8.0,1.0,,,0 days 00:00:31.748000,0 days 00:00:35.828000,0 days 00:00:26.675000,0 days 00:28:03.202000,0 days 00:28:39.030000,0 days 00:29:05.705000,280.0,252.0,244.0,268.0,False,SOFT,8.0,True,Ferrari,0 days 00:27:31.454000,,1,,True,TRACK LIMITS AT TURN 6,False,True
2021-16,FP1,0 days 00:30:31.803000,LEC,16,0 days 00:01:26.098000,9.0,1.0,,,0 days 00:00:31.468000,0 days 00:00:30.594000,0 days 00:00:24.036000,0 days 00:29:37.173000,0 days 00:30:07.767000,0 days 00:30:31.803000,281.0,280.0,247.0,323.0,True,SOFT,9.0,True,Ferrari,0 days 00:29:05.705000,,1,,False,,False,True
2021-16,FP1,0 days 00:32:17.776000,LEC,16,0 days 00:01:45.973000,10.0,1.0,,0 days 00:32:17.098000,0 days 00:00:38.374000,0 days 00:00:38.810000,0 days 00:00:28.789000,0 days 00:31:10.177000,0 days 00:31:48.987000,0 days 00:32:17.776000,159.0,239.0,,236.0,False,SOFT,10.0,True,Ferrari,0 days 00:30:31.803000,,1,,False,,False,False
2021-16,FP1,0 days 00:34:28.486000,LEC,16,0 days 00:02:10.710000,11.0,2.0,0 days 00:32:58.742000,0 days 00:34:27.922000,0 days 00:01:10.037000,0 days 00:00:32.630000,0 days 00:00:28.043000,0 days 00:33:27.813000,0 days 00:34:00.443000,0 days 00:34:28.486000,276.0,240.0,,240.0,False,SOFT,11.0,False,Ferrari,0 days 00:32:17.776000,,1,,False,,False,False
2021-16,FP1,0 days 00:48:35.912000,LEC,16,,12.0,3.0,0 days 00:46:54.613000,,,0 days 00:00:36.342000,0 days 00:00:26.784000,,0 days 00:48:09.157000,0 days 00:48:36.032000,198.0,278.0,248.0,252.0,False,SOFT,1.0,True,Ferrari,0 days 00:34:28.486000,,1,,False,,False,False
2021-16,FP1,0 days 00:50:00.877000,LEC,16,0 days 00:01:24.965000,13.0,3.0,,,0 days 00:00:31.450000,0 days 00:00:30.162000,0 days 00:00:23.353000,0 days 00:49:07.362000,0 days 00:49:37.524000,0 days 00:50:00.877000,280.0,285.0,245.0,326.0,False,SOFT,2.0,True,Ferrari,0 days 00:48:35.912000,,1,,True,TRACK LIMITS AT TURN 6,False,True
2021-16,FP1,0 days 00:52:13.690000,LEC,16,0 days 00:02:12.813000,14.0,3.0,,0 days 00:52:13.089000,0 days 00:00:43.983000,0 days 00:00:51.578000,0 days 00:00:37.252000,0 days 00:50:44.860000,0 days 00:51:36.438000,0 days 00:52:13.690000,146.0,183.0,,115.0,False,SOFT,3.0,True,Ferrari,0 days 00:50:00.877000,,1,,False,,False,False
2021-16,FP1,0 days 00:54:34.755000,LEC,16,0 days 00:02:21.065000,15.0,4.0,0 days 00:52:53.755000,,0 days 00:01:16.038000,0 days 00:00:34.270000,0 days 00:00:30.757000,0 days 00:53:29.728000,0 days 00:54:03.998000,0 days 00:54:34.755000,257.0,263.0,247.0,210.0,False,SOFT,4.0,False,Ferrari,0 days 00:52:13.690000,,1,,False,,False,False
2021-16,FP1,0 days 00:55:59.409000,LEC,16,0 days 00:01:24.654000,16.0,4.0,,,0 days 00:00:31.202000,0 days 00:00:30.007000,0 days 00:00:23.445000,0 days 00:55:05.957000,0 days 00:55:35.964000,0 days 00:55:59.409000,281.0,287.0,247.0,326.0,True,SOFT,5.0,False,Ferrari,0 days 00:54:34.755000,,1,,False,,False,True
2021-16,FP1,0 days 00:58:06.294000,LEC,16,0 days 00:02:06.885000,17.0,4.0,,,0 days 00:00:46.938000,0 days 00:00:51.999000,0 days 00:00:27.948000,0 days 00:56:46.347000,0 days 00:57:38.346000,0 days 00:58:06.294000,127.0,245.0,212.0,260.0,False,SOFT,6.0,False,Ferrari,0 days 00:55:59.409000,,1,,False,,False,True
2021-16,FP1,0 days 00:59:56.870000,LEC,16,0 days 00:01:50.576000,18.0,4.0,,,0 days 00:00:39.437000,0 days 00:00:42.118000,0 days 00:00:29.021000,0 days 00:58:45.731000,0 days 00:59:27.849000,0 days 00:59:56.870000,250.0,149.0,245.0,279.0,False,SOFT,7.0,False,Ferrari,0 days 00:58:06.294000,,1,,False,,False,True
2021-16,FP1,0 days 01:01:21.942000,LEC,16,0 days 00:01:25.072000,19.0,4.0,,,0 days 00:00:31.338000,0 days 00:00:30.252000,0 days 00:00:23.482000,0 days 01:00:28.208000,0 days 01:00:58.460000,0 days 01:01:21.942000,280.0,283.0,243.0,324.0,False,SOFT,8.0,False,Ferrari,0 days 00:59:56.870000,,1,,False,,False,True
2021-16,FP1,0 days 01:02:54.613000,LEC,16,0 days 00:01:32.671000,20.0,4.0,,0 days 01:02:54.590000,0 days 00:00:32.846000,0 days 00:00:31.850000,0 days 00:00:27.975000,0 days 01:01:54.788000,0 days 01:02:26.638000,0 days 01:02:54.613000,278.0,237.0,,240.0,False,SOFT,9.0,False,Ferrari,0 days 01:01:21.942000,,1,,False,,False,False
2021-16,FP1,0 days 01:09:18.239000,LEC,16,,21.0,5.0,0 days 01:07:46.004000,0 days 01:09:18.233000,,0 days 00:00:34.338000,0 days 00:00:25.173000,,0 days 01:08:53.082000,0 days 01:09:19.374000,273.0,281.0,,304.0,False,SOFT,10.0,False,Ferrari,0 days 01:02:54.613000,,1,,False,,False,False
2021-16,FP1,0 days 01:11:22.332000,LEC,16,0 days 00:02:04.093000,22.0,6.0,0 days 01:09:52.158000,,0 days 00:01:07.305000,0 days 00:00:32.510000,0 days 00:00:24.278000,0 days 01:10:25.544000,0 days 01:10:58.054000,0 days 01:11:22.332000,239.0,284.0,238.0,307.0,False,SOFT,11.0,False,Ferrari,0 days 01:09:18.239000,,1,,False,,False,False
2021-16,FP1,0 days 01:12:50.571000,LEC,16,0 days 00:01:28.239000,23.0,6.0,,,0 days 00:00:32.637000,0 days 00:00:31.063000,0 days 00:00:24.539000,0 days 01:11:54.969000,0 days 01:12:26.032000,0 days 01:12:50.571000,274.0,281.0,236.0,305.0,False,SOFT,12.0,False,Ferrari,0 days 01:11:22.332000,,1,,False,,False,True
2021-16,FP1,0 days 01:14:20.432000,LEC,16,0 days 00:01:29.861000,24.0,6.0,,,0 days 00:00:33.092000,0 days 00:00:31.729000,0 days 00:00:25.040000,0 days 01:13:23.663000,0 days 01:13:55.392000,0 days 01:14:20.432000,275.0,279.0,235.0,306.0,False,SOFT,13.0,False,Ferrari,0 days 01:12:50.571000,,1,,True,TRACK LIMITS AT TURN 1,False,True
2021-16,FP1,0 days 01:15:50.540000,LEC,16,0 days 00:01:30.108000,25.0,6.0,,,0 days 00:00:33.389000,0 days 00:00:31.707000,0 days 00:00:25.012000,0 days 01:14:53.821000,0 days 01:15:25.528000,0 days 01:15:50.540000,275.0,280.0,234.0,305.0,False,SOFT,14.0,False,Ferrari,0 days 01:14:20.432000,,1,,False,,False,True
2021-16,FP1,0 days 01:17:48.546000,LEC,16,0 days 00:01:58.006000,26.0,6.0,,,0 days 00:00:33.756000,0 days 00:00:36.590000,0 days 00:00:47.660000,0 days 01:16:24.296000,0 days 01:17:00.886000,0 days 01:17:48.546000,276.0,204.0,47.0,186.0,False,SOFT,15.0,False,Ferrari,0 days 01:15:50.540000,,1,,False,,False,True
2021-16,FP1,0 days 01:20:11.028000,LEC,16,0 days 00:02:22.482000,27.0,6.0,,0 days 01:20:11.011000,0 days 00:01:20.177000,0 days 00:00:34.758000,0 days 00:00:27.547000,0 days 01:19:08.723000,0 days 01:19:43.481000,0 days 01:20:11.028000,217.0,268.0,,210.0,False,SOFT,16.0,False,Ferrari,0 days 01:17:48.546000,,1,,False,,False,False
2021-16,FP1,0 days 00:18:16.879000,STR,18,,1.0,1.0,0 days 00:16:41.651000,,,0 days 00:00:36.363000,0 days 00:00:26.356000,,0 days 00:17:50.548000,0 days 00:18:17.016000,261.0,267.0,241.0,283.0,False,SOFT,1.0,True,Aston Martin,0 days 00:16:41.651000,,1,,False,,False,False
2021-16,FP1,0 days 00:19:45.541000,STR,18,0 days 00:01:28.662000,2.0,1.0,,,0 days 00:00:33.228000,0 days 00:00:31.167000,0 days 00:00:24.267000,0 days 00:18:50.107000,0 days 00:19:21.274000,0 days 00:19:45.541000,272.0,280.0,240.0,317.0,True,SOFT,2.0,True,Aston Martin,0 days 00:18:16.879000,,1,,False,,False,True
2021-16,FP1,0 days 00:21:50.304000,STR,18,0 days 00:02:04.763000,3.0,1.0,,,0 days 00:00:44.889000,0 days 00:00:47.915000,0 days 00:00:31.959000,0 days 00:20:30.430000,0 days 00:21:18.345000,0 days 00:21:50.304000,187.0,254.0,243.0,188.0,False,SOFT,3.0,True,Aston Martin,0 days 00:19:45.541000,,1,,False,,False,True
2021-16,FP1,0 days 00:23:17.851000,STR,18,0 days 00:01:27.547000,4.0,1.0,,,0 days 00:00:32.645000,0 days 00:00:31.085000,0 days 00:00:23.817000,0 days 00:22:22.949000,0 days 00:22:54.034000,0 days 00:23:17.851000,274.0,281.0,244.0,320.0,True,SOFT,4.0,True,Aston Martin,0 days 00:21:50.304000,,1,,False,,False,True
2021-16,FP1,0 days 00:25:24.252000,STR,18,0 days 00:02:06.401000,5.0,1.0,,,0 days 00:00:53.217000,0 days 00:00:47.322000,0 days 00:00:25.862000,0 days 00:24:11.068000,0 days 00:24:58.390000,0 days 00:25:24.252000,175.0,215.0,243.0,280.0,False,SOFT,5.0,True,Aston Martin,0 days 00:23:17.851000,,1,,False,,False,True
2021-16,FP1,0 days 00:26:51.208000,STR,18,0 days 00:01:26.956000,6.0,1.0,,,0 days 00:00:32.305000,0 days 00:00:30.878000,0 days 00:00:23.773000,0 days 00:25:56.557000,0 days 00:26:27.435000,0 days 00:26:51.208000,275.0,280.0,248.0,321.0,True,SOFT,6.0,True,Aston Martin,0 days 00:25:24.252000,,1,,False,,False,True
2021-16,FP1,0 days 00:28:47.762000,STR,18,0 days 00:01:56.554000,7.0,1.0,,,0 days 00:00:50.134000,0 days 00:00:41.293000,0 days 00:00:25.127000,0 days 00:27:41.342000,0 days 00:28:22.635000,0 days 00:28:47.762000,153.0,266.0,243.0,316.0,False,SOFT,7.0,True,Aston Martin,0 days 00:26:51.208000,,1,,False,,False,True
2021-16,FP1,0 days 00:30:23.216000,STR,18,0 days 00:01:35.454000,8.0,1.0,,0 days 00:30:22.617000,0 days 00:00:32.353000,0 days 00:00:31.802000,0 days 00:00:31.299000,0 days 00:29:20.115000,0 days 00:29:51.917000,0 days 00:30:23.216000,278.0,258.0,,233.0,False,SOFT,8.0,True,Aston Martin,0 days 00:28:47.762000,,1,,False,,False,False
2021-16,FP1,0 days 00:39:55.512000,STR,18,,9.0,2.0,0 days 00:38:18.501000,,,0 days 00:00:37.824000,0 days 00:00:25.402000,,0 days 00:39:30.126000,0 days 00:39:55.643000,243.0,266.0,244.0,288.0,False,SOFT,1.0,True,Aston Martin,0 days 00:30:23.216000,,1,,False,,False,False
2021-16,FP1,0 days 00:41:21.733000,STR,18,0 days 00:01:26.221000,10.0,2.0,,,0 days 00:00:32.004000,0 days 00:00:30.733000,0 days 00:00:23.484000,0 days 00:40:27.516000,0 days 00:40:58.249000,0 days 00:41:21.733000,276.0,282.0,244.0,319.0,False,SOFT,2.0,True,Aston Martin,0 days 00:39:55.512000,,1,,True,TRACK LIMITS AT TURN 1,False,True
2021-16,FP1,0 days 00:43:39.537000,STR,18,0 days 00:02:17.804000,11.0,2.0,,,0 days 00:00:55.089000,0 days 00:00:52.472000,0 days 00:00:30.243000,0 days 00:42:16.822000,0 days 00:43:09.294000,0 days 00:43:39.537000,155.0,230.0,245.0,227.0,False,SOFT,3.0,True,Aston Martin,0 days 00:41:21.733000,,1,,False,,False,True
2021-16,FP1,0 days 00:45:05.898000,STR,18,0 days 00:01:26.361000,12.0,2.0,,,0 days 00:00:31.960000,0 days 00:00:30.782000,0 days 00:00:23.619000,0 days 00:44:11.497000,0 days 00:44:42.279000,0 days 00:45:05.898000,276.0,282.0,238.0,320.0,True,SOFT,4.0,True,Aston Martin,0 days 00:43:39.537000,,1,,False,,False,True
2021-16,FP1,0 days 00:46:47.880000,STR,18,0 days 00:01:41.982000,13.0,2.0,,0 days 00:46:47.305000,0 days 00:00:37.435000,0 days 00:00:35.688000,0 days 00:00:28.859000,0 days 00:45:43.333000,0 days 00:46:19.021000,0 days 00:46:47.880000,227.0,268.0,,213.0,False,SOFT,5.0,True,Aston Martin,0 days 00:45:05.898000,,1,,False,,False,False
2021-16,FP1,0 days 00:56:15.965000,STR,18,,14.0,3.0,0 days 00:54:38.710000,,,0 days 00:00:36.905000,0 days 00:00:25.955000,,0 days 00:55:50.014000,0 days 00:56:16.096000,234.0,265.0,234.0,249.0,False,SOFT,6.0,False,Aston Martin,0 days 00:46:47.880000,,1,,False,,False,False
2021-16,FP1,0 days 00:57:47.117000,STR,18,0 days 00:01:31.152000,15.0,3.0,,,0 days 00:00:33.857000,0 days 00:00:32.647000,0 days 00:00:24.648000,0 days 00:56:49.822000,0 days 00:57:22.469000,0 days 00:57:47.117000,265.0,280.0,234.0,293.0,False,SOFT,7.0,False,Aston Martin,0 days 00:56:15.965000,,1,,False,,False,True
2021-16,FP1,0 days 00:59:17.933000,STR,18,0 days 00:01:30.816000,16.0,3.0,,,0 days 00:00:33.542000,0 days 00:00:32.595000,0 days 00:00:24.679000,0 days 00:58:20.659000,0 days 00:58:53.254000,0 days 00:59:17.933000,266.0,277.0,235.0,289.0,False,SOFT,8.0,False,Aston Martin,0 days 00:57:47.117000,,1,,False,,False,True
2021-16,FP1,0 days 01:00:48.467000,STR,18,0 days 00:01:30.534000,17.0,3.0,,,0 days 00:00:33.533000,0 days 00:00:32.364000,0 days 00:00:24.637000,0 days 00:59:51.466000,0 days 01:00:23.830000,0 days 01:00:48.467000,266.0,279.0,234.0,294.0,False,SOFT,9.0,False,Aston Martin,0 days 00:59:17.933000,,1,,False,,False,True
2021-16,FP1,0 days 01:02:18.676000,STR,18,0 days 00:01:30.209000,18.0,3.0,,,0 days 00:00:33.554000,0 days 00:00:32.111000,0 days 00:00:24.544000,0 days 01:01:22.021000,0 days 01:01:54.132000,0 days 01:02:18.676000,266.0,279.0,235.0,291.0,False,SOFT,10.0,False,Aston Martin,0 days 01:00:48.467000,,1,,False,,False,True
2021-16,FP1,0 days 01:03:48.606000,STR,18,0 days 00:01:29.930000,19.0,3.0,,,0 days 00:00:33.419000,0 days 00:00:31.958000,0 days 00:00:24.553000,0 days 01:02:52.095000,0 days 01:03:24.053000,0 days 01:03:48.606000,267.0,278.0,237.0,295.0,False,SOFT,11.0,False,Aston Martin,0 days 01:02:18.676000,,1,,False,,False,True
2021-16,FP1,0 days 01:05:22.962000,STR,18,0 days 00:01:34.356000,20.0,3.0,,,0 days 00:00:33.805000,0 days 00:00:32.100000,0 days 00:00:28.451000,0 days 01:04:22.411000,0 days 01:04:54.511000,0 days 01:05:22.962000,265.0,280.0,234.0,233.0,False,SOFT,12.0,False,Aston Martin,0 days 01:03:48.606000,,1,,False,,False,True
2021-16,FP1,0 days 01:06:53.464000,STR,18,0 days 00:01:30.502000,21.0,3.0,,,0 days 00:00:33.476000,0 days 00:00:31.913000,0 days 00:00:25.113000,0 days 01:05:56.438000,0 days 01:06:28.351000,0 days 01:06:53.464000,266.0,281.0,237.0,292.0,False,SOFT,13.0,False,Aston Martin,0 days 01:05:22.962000,,1,,False,,False,True
2021-16,FP1,0 days 01:08:24.762000,STR,18,0 days 00:01:31.298000,22.0,3.0,,,0 days 00:00:34.003000,0 days 00:00:32.398000,0 days 00:00:24.897000,0 days 01:07:27.467000,0 days 01:07:59.865000,0 days 01:08:24.762000,265.0,280.0,235.0,293.0,False,SOFT,14.0,False,Aston Martin,0 days 01:06:53.464000,,1,,False,,False,True
2021-16,FP1,0 days 01:09:54.850000,STR,18,0 days 00:01:30.088000,23.0,3.0,,,0 days 00:00:33.455000,0 days 00:00:31.889000,0 days 00:00:24.744000,0 days 01:08:58.217000,0 days 01:09:30.106000,0 days 01:09:54.850000,265.0,280.0,237.0,292.0,False,SOFT,15.0,False,Aston Martin,0 days 01:08:24.762000,,1,,False,,False,True
2021-16,FP1,0 days 01:11:25.303000,STR,18,0 days 00:01:30.453000,24.0,3.0,,,0 days 00:00:33.451000,0 days 00:00:32.181000,0 days 00:00:24.821000,0 days 01:10:28.301000,0 days 01:11:00.482000,0 days 01:11:25.303000,263.0,282.0,238.0,295.0,False,SOFT,16.0,False,Aston Martin,0 days 01:09:54.850000,,1,,False,,False,True
2021-16,FP1,0 days 01:12:55.277000,STR,18,0 days 00:01:29.974000,25.0,3.0,,,0 days 00:00:33.337000,0 days 00:00:31.889000,0 days 00:00:24.748000,0 days 01:11:58.640000,0 days 01:12:30.529000,0 days 01:12:55.277000,268.0,279.0,237.0,293.0,False,SOFT,17.0,False,Aston Martin,0 days 01:11:25.303000,,1,,False,,False,True
2021-16,FP1,0 days 01:14:33.349000,STR,18,0 days 00:01:38.072000,26.0,3.0,,,0 days 00:00:33.520000,0 days 00:00:32.089000,0 days 00:00:32.463000,0 days 01:13:28.797000,0 days 01:14:00.886000,0 days 01:14:33.349000,265.0,280.0,234.0,290.0,False,SOFT,18.0,False,Aston Martin,0 days 01:12:55.277000,,1,,False,,False,True
2021-16,FP1,0 days 01:16:03.208000,STR,18,0 days 00:01:29.859000,27.0,3.0,,,0 days 00:00:33.319000,0 days 00:00:31.690000,0 days 00:00:24.850000,0 days 01:15:06.668000,0 days 01:15:38.358000,0 days 01:16:03.208000,269.0,278.0,235.0,290.0,False,SOFT,19.0,False,Aston Martin,0 days 01:14:33.349000,,1,,False,,False,True
2021-16,FP1,0 days 01:18:05.161000,STR,18,0 days 00:02:01.953000,28.0,3.0,,,0 days 00:00:37.454000,0 days 00:00:38.318000,0 days 00:00:46.181000,0 days 01:16:40.662000,0 days 01:17:18.980000,0 days 01:18:05.161000,206.0,175.0,70.0,174.0,False,SOFT,20.0,False,Aston Martin,0 days 01:16:03.208000,,1,,False,,False,True
2021-16,FP1,0 days 01:20:17.209000,STR,18,0 days 00:02:12.048000,29.0,3.0,,0 days 01:20:17.177000,0 days 00:01:08.173000,0 days 00:00:35.327000,0 days 00:00:28.548000,0 days 01:19:13.334000,0 days 01:19:48.661000,0 days 01:20:17.209000,224.0,267.0,,235.0,False,SOFT,21.0,False,Aston Martin,0 days 01:18:05.161000,,1,,False,,False,False
2021-16,FP1,0 days 00:17:20.675000,TSU,22,,1.0,1.0,0 days 00:15:38.112000,,,0 days 00:00:36,0 days 00:00:31.496000,,0 days 00:16:49.179000,0 days 00:17:21.713000,265.0,276.0,235.0,269.0,False,MEDIUM,1.0,True,AlphaTauri,0 days 00:15:38.112000,,1,,False,,False,False
2021-16,FP1,0 days 00:18:51.114000,TSU,22,0 days 00:01:30.439000,2.0,1.0,,,0 days 00:00:34.102000,0 days 00:00:31.892000,0 days 00:00:24.445000,0 days 00:17:54.777000,0 days 00:18:26.669000,0 days 00:18:51.114000,268.0,281.0,239.0,321.0,True,MEDIUM,2.0,True,AlphaTauri,0 days 00:17:20.675000,,1,,False,,False,True
2021-16,FP1,0 days 00:20:26.715000,TSU,22,0 days 00:01:35.601000,3.0,1.0,,,0 days 00:00:34.331000,0 days 00:00:32.792000,0 days 00:00:28.478000,0 days 00:19:25.445000,0 days 00:19:58.237000,0 days 00:20:26.715000,273.0,255.0,242.0,257.0,False,MEDIUM,3.0,True,AlphaTauri,0 days 00:18:51.114000,,1,,False,,False,True
2021-16,FP1,0 days 00:21:57.388000,TSU,22,0 days 00:01:30.673000,4.0,1.0,,,0 days 00:00:33.140000,0 days 00:00:31.620000,0 days 00:00:25.913000,0 days 00:20:59.855000,0 days 00:21:31.475000,0 days 00:21:57.388000,271.0,280.0,242.0,325.0,False,MEDIUM,4.0,True,AlphaTauri,0 days 00:20:26.715000,,1,,False,,False,True
2021-16,FP1,0 days 00:23:26.482000,TSU,22,0 days 00:01:29.094000,5.0,1.0,,,0 days 00:00:32.950000,0 days 00:00:31.981000,0 days 00:00:24.163000,0 days 00:22:30.338000,0 days 00:23:02.319000,0 days 00:23:26.482000,270.0,277.0,241.0,327.0,True,MEDIUM,5.0,True,AlphaTauri,0 days 00:21:57.388000,,1,,False,,False,True
2021-16,FP1,0 days 00:25:29.650000,TSU,22,0 days 00:02:03.168000,6.0,1.0,,,0 days 00:00:46.530000,0 days 00:00:46.057000,0 days 00:00:30.581000,0 days 00:24:13.012000,0 days 00:24:59.069000,0 days 00:25:29.650000,203.0,247.0,243.0,218.0,False,MEDIUM,6.0,True,AlphaTauri,0 days 00:23:26.482000,,1,,False,,False,True
2021-16,FP1,0 days 00:26:57.322000,TSU,22,0 days 00:01:27.672000,7.0,1.0,,,0 days 00:00:32.420000,0 days 00:00:30.943000,0 days 00:00:24.309000,0 days 00:26:02.070000,0 days 00:26:33.013000,0 days 00:26:57.322000,278.0,278.0,239.0,324.0,True,MEDIUM,7.0,True,AlphaTauri,0 days 00:25:29.650000,,1,,False,,False,True
2021-16,FP1,0 days 00:28:25.010000,TSU,22,0 days 00:01:27.688000,8.0,1.0,,,0 days 00:00:32.379000,0 days 00:00:31.081000,0 days 00:00:24.228000,0 days 00:27:29.701000,0 days 00:28:00.782000,0 days 00:28:25.010000,272.0,274.0,242.0,315.0,False,MEDIUM,8.0,True,AlphaTauri,0 days 00:26:57.322000,,1,,False,,False,True
2021-16,FP1,0 days 00:30:26.046000,TSU,22,0 days 00:02:01.036000,9.0,1.0,,,0 days 00:00:44.586000,0 days 00:00:47.102000,0 days 00:00:29.348000,0 days 00:29:09.596000,0 days 00:29:56.698000,0 days 00:30:26.046000,208.0,217.0,245.0,213.0,False,MEDIUM,9.0,True,AlphaTauri,0 days 00:28:25.010000,,1,,False,,False,True
2021-16,FP1,0 days 00:32:06.741000,TSU,22,0 days 00:01:40.695000,10.0,1.0,,,0 days 00:00:34.707000,0 days 00:00:38.296000,0 days 00:00:27.692000,0 days 00:31:00.753000,0 days 00:31:39.049000,0 days 00:32:06.741000,250.0,256.0,237.0,253.0,False,MEDIUM,10.0,True,AlphaTauri,0 days 00:30:26.046000,,1,,False,,False,True
2021-16,FP1,0 days 00:33:33.625000,TSU,22,0 days 00:01:26.884000,11.0,1.0,,,0 days 00:00:32.241000,0 days 00:00:30.851000,0 days 00:00:23.792000,0 days 00:32:38.982000,0 days 00:33:09.833000,0 days 00:33:33.625000,279.0,280.0,242.0,323.0,True,MEDIUM,11.0,True,AlphaTauri,0 days 00:32:06.741000,,1,,False,,False,True
2021-16,FP1,0 days 00:35:28.051000,TSU,22,0 days 00:01:54.426000,12.0,1.0,,,0 days 00:00:43.117000,0 days 00:00:43.490000,0 days 00:00:27.819000,0 days 00:34:16.742000,0 days 00:35:00.232000,0 days 00:35:28.051000,213.0,253.0,244.0,220.0,False,MEDIUM,12.0,True,AlphaTauri,0 days 00:33:33.625000,,1,,False,,False,True
2021-16,FP1,0 days 00:36:54.553000,TSU,22,0 days 00:01:26.502000,13.0,1.0,,,0 days 00:00:32.033000,0 days 00:00:30.711000,0 days 00:00:23.758000,0 days 00:36:00.084000,0 days 00:36:30.795000,0 days 00:36:54.553000,277.0,281.0,242.0,321.0,True,MEDIUM,13.0,True,AlphaTauri,0 days 00:35:28.051000,,1,,False,,False,True
2021-16,FP1,0 days 00:38:38.936000,TSU,22,0 days 00:01:44.383000,14.0,1.0,,0 days 00:38:38.395000,0 days 00:00:37.795000,0 days 00:00:38.640000,0 days 00:00:27.948000,0 days 00:37:32.348000,0 days 00:38:10.988000,0 days 00:38:38.936000,236.0,259.0,,251.0,False,MEDIUM,14.0,True,AlphaTauri,0 days 00:36:54.553000,,1,,False,,False,False
2021-16,FP1,0 days 00:55:07.326000,TSU,22,,15.0,2.0,0 days 00:53:26.662000,,,0 days 00:00:38.074000,0 days 00:00:26.338000,,0 days 00:54:41.096000,0 days 00:55:07.509000,259.0,256.0,245.0,250.0,False,SOFT,1.0,True,AlphaTauri,0 days 00:38:38.936000,,1,,False,,False,False
2021-16,FP1,0 days 00:56:39.652000,TSU,22,0 days 00:01:32.326000,16.0,2.0,,0 days 00:56:39.631000,0 days 00:00:32.698000,0 days 00:00:32.064000,0 days 00:00:27.564000,0 days 00:55:40.024000,0 days 00:56:12.088000,0 days 00:56:39.652000,275.0,262.0,,252.0,False,SOFT,2.0,True,AlphaTauri,0 days 00:55:07.326000,,1,,False,,False,False
2021-16,FP1,0 days 00:59:06.040000,TSU,22,0 days 00:02:26.388000,17.0,3.0,0 days 00:57:09.614000,,0 days 00:01:08.694000,0 days 00:00:48.593000,0 days 00:00:29.101000,0 days 00:57:48.346000,0 days 00:58:36.939000,0 days 00:59:06.040000,193.0,251.0,244.0,220.0,False,SOFT,3.0,False,AlphaTauri,0 days 00:56:39.652000,,1,,False,,False,False
2021-16,FP1,0 days 01:00:32.865000,TSU,22,0 days 00:01:26.825000,18.0,3.0,,,0 days 00:00:32.113000,0 days 00:00:30.966000,0 days 00:00:23.746000,0 days 00:59:38.153000,0 days 01:00:09.119000,0 days 01:00:32.865000,278.0,279.0,241.0,323.0,False,SOFT,4.0,False,AlphaTauri,0 days 00:59:06.040000,,1,,False,,False,True
2021-16,FP1,0 days 01:02:47.847000,TSU,22,0 days 00:02:14.982000,19.0,3.0,,,0 days 00:00:49.707000,0 days 00:00:52.381000,0 days 00:00:32.894000,0 days 01:01:22.572000,0 days 01:02:14.953000,0 days 01:02:47.847000,159.0,205.0,244.0,252.0,False,SOFT,5.0,False,AlphaTauri,0 days 01:00:32.865000,,1,,False,,False,True
2021-16,FP1,0 days 01:04:14.765000,TSU,22,0 days 00:01:26.918000,20.0,3.0,,,0 days 00:00:32.183000,0 days 00:00:30.952000,0 days 00:00:23.783000,0 days 01:03:20.030000,0 days 01:03:50.982000,0 days 01:04:14.765000,277.0,280.0,242.0,322.0,False,SOFT,6.0,False,AlphaTauri,0 days 01:02:47.847000,,1,,False,,False,True
2021-16,FP1,0 days 01:06:13.177000,TSU,22,0 days 00:01:58.412000,21.0,3.0,,0 days 01:06:12.663000,0 days 00:00:44.822000,0 days 00:00:44.024000,0 days 00:00:29.566000,0 days 01:04:59.587000,0 days 01:05:43.611000,0 days 01:06:13.177000,217.0,253.0,,226.0,False,SOFT,7.0,False,AlphaTauri,0 days 01:04:14.765000,,1,,False,,False,False
2021-16,FP1,0 days 01:08:33.363000,TSU,22,0 days 00:02:20.186000,22.0,4.0,0 days 01:06:45.024000,,0 days 00:01:09.672000,0 days 00:00:42.704000,0 days 00:00:27.810000,0 days 01:07:22.849000,0 days 01:08:05.553000,0 days 01:08:33.363000,215.0,257.0,245.0,273.0,False,SOFT,8.0,False,AlphaTauri,0 days 01:06:13.177000,,1,,False,,False,False
2021-16,FP1,0 days 01:10:26.571000,TSU,22,0 days 00:01:53.208000,23.0,4.0,,,0 days 00:00:34.842000,0 days 00:00:41.059000,0 days 00:00:37.307000,0 days 01:09:08.205000,0 days 01:09:49.264000,0 days 01:10:26.571000,256.0,253.0,241.0,226.0,False,SOFT,9.0,False,AlphaTauri,0 days 01:08:33.363000,,1,,False,,False,True
2021-16,FP1,0 days 01:11:53.606000,TSU,22,0 days 00:01:27.035000,24.0,4.0,,,0 days 00:00:32.497000,0 days 00:00:30.678000,0 days 00:00:23.860000,0 days 01:10:59.068000,0 days 01:11:29.746000,0 days 01:11:53.606000,277.0,284.0,243.0,325.0,False,SOFT,10.0,False,AlphaTauri,0 days 01:10:26.571000,,1,,False,,False,True
2021-16,FP1,0 days 01:14:04.454000,TSU,22,0 days 00:02:10.848000,25.0,4.0,,,0 days 00:00:48.568000,0 days 00:00:50.435000,0 days 00:00:31.845000,0 days 01:12:42.174000,0 days 01:13:32.609000,0 days 01:14:04.454000,164.0,183.0,245.0,209.0,False,SOFT,11.0,False,AlphaTauri,0 days 01:11:53.606000,,1,,False,,False,True
2021-16,FP1,0 days 01:15:30.878000,TSU,22,0 days 00:01:26.424000,26.0,4.0,,,0 days 00:00:31.998000,0 days 00:00:30.652000,0 days 00:00:23.774000,0 days 01:14:36.452000,0 days 01:15:07.104000,0 days 01:15:30.878000,279.0,280.0,243.0,322.0,True,SOFT,12.0,False,AlphaTauri,0 days 01:14:04.454000,,1,,False,,False,True
2021-16,FP1,0 days 01:17:32.421000,TSU,22,0 days 00:02:01.543000,27.0,4.0,,,0 days 00:00:41.891000,0 days 00:00:38.603000,0 days 00:00:41.049000,0 days 01:16:12.769000,0 days 01:16:51.372000,0 days 01:17:32.421000,245.0,253.0,54.0,114.0,False,SOFT,13.0,False,AlphaTauri,0 days 01:15:30.878000,,1,,False,,False,True
2021-16,FP1,0 days 01:19:34.152000,TSU,22,0 days 00:02:01.731000,28.0,4.0,,0 days 01:19:34.198000,0 days 00:01:01.082000,0 days 00:00:33.111000,0 days 00:00:27.538000,0 days 01:18:33.503000,0 days 01:19:06.614000,0 days 01:19:34.152000,281.0,241.0,,233.0,False,SOFT,14.0,False,AlphaTauri,0 days 01:17:32.421000,,1,,False,,False,False
2021-16,FP1,0 days 00:16:59.010000,OCO,31,,1.0,1.0,0 days 00:15:19.146000,,,0 days 00:00:35.217000,0 days 00:00:28.380000,,0 days 00:16:30.641000,0 days 00:16:59.148000,246.0,258.0,240.0,297.0,False,HARD,1.0,True,Alpine,0 days 00:15:19.146000,,1,,False,,False,False
2021-16,FP1,0 days 00:18:28.181000,OCO,31,0 days 00:01:29.171000,2.0,1.0,,,0 days 00:00:33.427000,0 days 00:00:31.583000,0 days 00:00:24.161000,0 days 00:17:32.437000,0 days 00:18:04.020000,0 days 00:18:28.181000,279.0,284.0,241.0,313.0,True,HARD,2.0,True,Alpine,0 days 00:16:59.010000,,1,,False,,False,True
2021-16,FP1,0 days 00:19:56.164000,OCO,31,0 days 00:01:27.983000,3.0,1.0,,,0 days 00:00:33.057000,0 days 00:00:30.952000,0 days 00:00:23.974000,0 days 00:19:01.238000,0 days 00:19:32.190000,0 days 00:19:56.164000,278.0,283.0,243.0,313.0,True,HARD,3.0,True,Alpine,0 days 00:18:28.181000,,1,,False,,False,True
2021-16,FP1,0 days 00:21:45.441000,OCO,31,0 days 00:01:49.277000,4.0,1.0,,,0 days 00:00:40.349000,0 days 00:00:41.840000,0 days 00:00:27.088000,0 days 00:20:36.513000,0 days 00:21:18.353000,0 days 00:21:45.441000,157.0,260.0,241.0,280.0,False,HARD,4.0,True,Alpine,0 days 00:19:56.164000,,1,,False,,False,True
2021-16,FP1,0 days 00:23:12.635000,OCO,31,0 days 00:01:27.194000,5.0,1.0,,,0 days 00:00:32.139000,0 days 00:00:30.670000,0 days 00:00:24.385000,0 days 00:22:17.580000,0 days 00:22:48.250000,0 days 00:23:12.635000,276.0,283.0,240.0,321.0,True,HARD,5.0,True,Alpine,0 days 00:21:45.441000,,1,,False,,False,True
2021-16,FP1,0 days 00:25:15.730000,OCO,31,0 days 00:02:03.095000,6.0,1.0,,,0 days 00:00:45.897000,0 days 00:00:44.746000,0 days 00:00:32.452000,0 days 00:23:58.532000,0 days 00:24:43.278000,0 days 00:25:15.730000,200.0,171.0,242.0,249.0,False,HARD,6.0,True,Alpine,0 days 00:23:12.635000,,1,,False,,False,True
2021-16,FP1,0 days 00:26:41.698000,OCO,31,0 days 00:01:25.968000,7.0,1.0,,,0 days 00:00:31.838000,0 days 00:00:30.599000,0 days 00:00:23.531000,0 days 00:25:47.568000,0 days 00:26:18.167000,0 days 00:26:41.698000,279.0,282.0,242.0,323.0,True,HARD,7.0,True,Alpine,0 days 00:25:15.730000,,1,,False,,False,True
2021-16,FP1,0 days 00:28:32.753000,OCO,31,0 days 00:01:51.055000,8.0,1.0,,0 days 00:28:32.713000,0 days 00:00:48.606000,0 days 00:00:35.625000,0 days 00:00:26.824000,0 days 00:27:30.304000,0 days 00:28:05.929000,0 days 00:28:32.753000,132.0,258.0,,291.0,False,HARD,8.0,True,Alpine,0 days 00:26:41.698000,,1,,False,,False,False
2021-16,FP1,0 days 00:30:30.959000,OCO,31,0 days 00:01:58.206000,9.0,2.0,0 days 00:28:58.405000,,0 days 00:00:56.389000,0 days 00:00:34.174000,0 days 00:00:27.643000,0 days 00:29:29.142000,0 days 00:30:03.316000,0 days 00:30:30.959000,271.0,257.0,240.0,284.0,False,HARD,9.0,False,Alpine,0 days 00:28:32.753000,,1,,False,,False,False
2021-16,FP1,0 days 00:31:56.360000,OCO,31,0 days 00:01:25.401000,10.0,2.0,,,0 days 00:00:31.756000,0 days 00:00:30.397000,0 days 00:00:23.248000,0 days 00:31:02.715000,0 days 00:31:33.112000,0 days 00:31:56.360000,281.0,283.0,245.0,322.0,True,HARD,10.0,False,Alpine,0 days 00:30:30.959000,,1,,False,,False,True
2021-16,FP1,0 days 00:33:50.716000,OCO,31,0 days 00:01:54.356000,11.0,2.0,,,0 days 00:00:44.739000,0 days 00:00:40.827000,0 days 00:00:28.790000,0 days 00:32:41.099000,0 days 00:33:21.926000,0 days 00:33:50.716000,217.0,257.0,243.0,229.0,False,HARD,11.0,False,Alpine,0 days 00:31:56.360000,,1,,False,,False,True
2021-16,FP1,0 days 00:35:15.625000,OCO,31,0 days 00:01:24.909000,12.0,2.0,,,0 days 00:00:31.368000,0 days 00:00:30.291000,0 days 00:00:23.250000,0 days 00:34:22.084000,0 days 00:34:52.375000,0 days 00:35:15.625000,276.0,284.0,244.0,321.0,True,HARD,12.0,False,Alpine,0 days 00:33:50.716000,,1,,False,,False,True
2021-16,FP1,0 days 00:36:57.095000,OCO,31,0 days 00:01:41.470000,13.0,2.0,,0 days 00:36:57.104000,0 days 00:00:37.704000,0 days 00:00:38.131000,0 days 00:00:25.635000,0 days 00:35:53.329000,0 days 00:36:31.460000,0 days 00:36:57.095000,223.0,214.0,,281.0,False,HARD,13.0,False,Alpine,0 days 00:35:15.625000,,1,,False,,False,False
2021-16,FP1,0 days 00:46:50.662000,OCO,31,,14.0,3.0,0 days 00:45:10.399000,,,0 days 00:00:39.734000,0 days 00:00:27.046000,,0 days 00:46:23.637000,0 days 00:46:50.769000,262.0,257.0,243.0,253.0,False,SOFT,1.0,True,Alpine,0 days 00:36:57.095000,,1,,False,,False,False
2021-16,FP1,0 days 00:48:19.717000,OCO,31,0 days 00:01:29.055000,15.0,3.0,,0 days 00:48:19.358000,0 days 00:00:31.542000,0 days 00:00:30.454000,0 days 00:00:27.059000,0 days 00:47:22.204000,0 days 00:47:52.658000,0 days 00:48:19.717000,276.0,283.0,,322.0,False,SOFT,2.0,True,Alpine,0 days 00:46:50.662000,,1,,False,,False,False
2021-16,FP1,0 days 00:50:38.814000,OCO,31,0 days 00:02:19.097000,16.0,4.0,0 days 00:48:48.456000,,0 days 00:01:04.535000,0 days 00:00:40.546000,0 days 00:00:34.016000,0 days 00:49:24.252000,0 days 00:50:04.798000,0 days 00:50:38.814000,252.0,259.0,244.0,109.0,False,SOFT,3.0,False,Alpine,0 days 00:48:19.717000,,1,,False,,False,False
2021-16,FP1,0 days 00:52:19.146000,OCO,31,0 days 00:01:40.332000,17.0,4.0,,,0 days 00:00:31.247000,0 days 00:00:35.627000,0 days 00:00:33.458000,0 days 00:51:10.061000,0 days 00:51:45.688000,0 days 00:52:19.146000,278.0,239.0,220.0,137.0,False,SOFT,4.0,False,Alpine,0 days 00:50:38.814000,,1,,False,,False,True
2021-16,FP1,0 days 00:54:16.781000,OCO,31,0 days 00:01:57.635000,18.0,4.0,,,0 days 00:00:43.503000,0 days 00:00:45.341000,0 days 00:00:28.791000,0 days 00:53:02.649000,0 days 00:53:47.990000,0 days 00:54:16.781000,143.0,214.0,242.0,225.0,False,SOFT,5.0,False,Alpine,0 days 00:52:19.146000,,1,,False,,False,True
2021-16,FP1,0 days 00:55:41.831000,OCO,31,0 days 00:01:25.050000,19.0,4.0,,,0 days 00:00:31.564000,0 days 00:00:30.244000,0 days 00:00:23.242000,0 days 00:54:48.345000,0 days 00:55:18.589000,0 days 00:55:41.831000,276.0,287.0,244.0,322.0,False,SOFT,6.0,False,Alpine,0 days 00:54:16.781000,,1,,False,,False,True
2021-16,FP1,0 days 00:57:38.183000,OCO,31,0 days 00:01:56.352000,20.0,4.0,,0 days 00:57:37.590000,0 days 00:00:50.288000,0 days 00:00:38.451000,0 days 00:00:27.613000,0 days 00:56:32.119000,0 days 00:57:10.570000,0 days 00:57:38.183000,237.0,261.0,,227.0,False,SOFT,7.0,False,Alpine,0 days 00:55:41.831000,,1,,False,,False,False
2021-16,FP1,0 days 01:04:35.931000,OCO,31,,21.0,5.0,0 days 01:03:05.420000,,,0 days 00:00:32.172000,0 days 00:00:27.835000,,0 days 01:04:08.172000,0 days 01:04:36.389000,265.0,280.0,234.0,255.0,False,SOFT,8.0,False,Alpine,0 days 00:57:38.183000,,1,,False,,False,False
2021-16,FP1,0 days 01:06:06.462000,OCO,31,0 days 00:01:30.531000,22.0,5.0,,,0 days 00:00:33.616000,0 days 00:00:32.341000,0 days 00:00:24.574000,0 days 01:05:09.547000,0 days 01:05:41.888000,0 days 01:06:06.462000,270.0,280.0,234.0,294.0,False,SOFT,9.0,False,Alpine,0 days 01:04:35.931000,,1,,False,,False,True
2021-16,FP1,0 days 01:07:36.319000,OCO,31,0 days 00:01:29.857000,23.0,5.0,,,0 days 00:00:33.327000,0 days 00:00:31.853000,0 days 00:00:24.677000,0 days 01:06:39.789000,0 days 01:07:11.642000,0 days 01:07:36.319000,267.0,280.0,234.0,293.0,False,SOFT,10.0,False,Alpine,0 days 01:06:06.462000,,1,,False,,False,True
2021-16,FP1,0 days 01:09:05.664000,OCO,31,0 days 00:01:29.345000,24.0,5.0,,,0 days 00:00:33.099000,0 days 00:00:31.675000,0 days 00:00:24.571000,0 days 01:08:09.418000,0 days 01:08:41.093000,0 days 01:09:05.664000,270.0,280.0,235.0,294.0,False,SOFT,11.0,False,Alpine,0 days 01:07:36.319000,,1,,False,,False,True
2021-16,FP1,0 days 01:10:35.152000,OCO,31,0 days 00:01:29.488000,25.0,5.0,,,0 days 00:00:33.068000,0 days 00:00:31.655000,0 days 00:00:24.765000,0 days 01:09:38.732000,0 days 01:10:10.387000,0 days 01:10:35.152000,267.0,282.0,240.0,296.0,False,SOFT,12.0,False,Alpine,0 days 01:09:05.664000,,1,,False,,False,True
2021-16,FP1,0 days 01:12:08.841000,OCO,31,0 days 00:01:33.689000,26.0,5.0,,,0 days 00:00:33.535000,0 days 00:00:31.783000,0 days 00:00:28.371000,0 days 01:11:08.687000,0 days 01:11:40.470000,0 days 01:12:08.841000,278.0,283.0,233.0,305.0,False,SOFT,13.0,False,Alpine,0 days 01:10:35.152000,,1,,False,,False,True
2021-16,FP1,0 days 01:13:38.907000,OCO,31,0 days 00:01:30.066000,27.0,5.0,,,0 days 00:00:33.412000,0 days 00:00:31.692000,0 days 00:00:24.962000,0 days 01:12:42.253000,0 days 01:13:13.945000,0 days 01:13:38.907000,265.0,280.0,233.0,299.0,False,SOFT,14.0,False,Alpine,0 days 01:12:08.841000,,1,,False,,False,True
2021-16,FP1,0 days 01:15:08.658000,OCO,31,0 days 00:01:29.751000,28.0,5.0,,,0 days 00:00:33.274000,0 days 00:00:31.580000,0 days 00:00:24.897000,0 days 01:14:12.181000,0 days 01:14:43.761000,0 days 01:15:08.658000,268.0,281.0,234.0,296.0,False,SOFT,15.0,False,Alpine,0 days 01:13:38.907000,,1,,False,,False,True
2021-16,FP1,0 days 01:17:20.034000,OCO,31,0 days 00:02:11.376000,29.0,5.0,,,0 days 00:00:43.233000,0 days 00:00:45.400000,0 days 00:00:42.743000,0 days 01:15:51.891000,0 days 01:16:37.291000,0 days 01:17:20.034000,204.0,192.0,46.0,177.0,False,SOFT,16.0,False,Alpine,0 days 01:15:08.658000,,1,,False,,False,True
2021-16,FP1,0 days 01:19:19.147000,OCO,31,0 days 00:01:59.113000,30.0,5.0,,0 days 01:19:18.585000,0 days 00:00:58.738000,0 days 00:00:32.103000,0 days 00:00:28.272000,0 days 01:18:18.772000,0 days 01:18:50.875000,0 days 01:19:19.147000,275.0,284.0,,192.0,False,SOFT,17.0,False,Alpine,0 days 01:17:20.034000,,1,,False,,False,False
2021-16,FP1,0 days 00:21:13.262000,VER,33,,1.0,1.0,0 days 00:19:32.805000,,,0 days 00:00:37.513000,0 days 00:00:28.387000,,0 days 00:20:44.967000,0 days 00:21:13.395000,258.0,241.0,241.0,272.0,False,SOFT,1.0,True,Red Bull Racing,0 days 00:19:32.805000,,1,,False,,False,False
2021-16,FP1,0 days 00:22:40.253000,VER,33,0 days 00:01:26.991000,2.0,1.0,,,0 days 00:00:32.046000,0 days 00:00:30.930000,0 days 00:00:24.015000,0 days 00:21:45.308000,0 days 00:22:16.238000,0 days 00:22:40.253000,277.0,278.0,240.0,323.0,True,SOFT,2.0,True,Red Bull Racing,0 days 00:21:13.262000,,1,,False,,False,True
2021-16,FP1,0 days 00:24:31.133000,VER,33,0 days 00:01:50.880000,3.0,1.0,,0 days 00:24:30.595000,0 days 00:00:40.676000,0 days 00:00:41.211000,0 days 00:00:28.993000,0 days 00:23:20.929000,0 days 00:24:02.140000,0 days 00:24:31.133000,229.0,251.0,,226.0,False,SOFT,3.0,True,Red Bull Racing,0 days 00:22:40.253000,,1,,False,,False,False
2021-16,FP1,0 days 00:26:47.408000,VER,33,0 days 00:02:16.275000,4.0,2.0,0 days 00:24:57.017000,,0 days 00:01:04.178000,0 days 00:00:40.251000,0 days 00:00:31.846000,0 days 00:25:35.311000,0 days 00:26:15.562000,0 days 00:26:47.408000,261.0,251.0,241.0,165.0,False,SOFT,4.0,False,Red Bull Racing,0 days 00:24:31.133000,,1,,False,,False,False
2021-16,FP1,0 days 00:28:13.462000,VER,33,0 days 00:01:26.054000,5.0,2.0,,,0 days 00:00:31.868000,0 days 00:00:30.673000,0 days 00:00:23.513000,0 days 00:27:19.276000,0 days 00:27:49.949000,0 days 00:28:13.462000,282.0,278.0,242.0,323.0,True,SOFT,5.0,False,Red Bull Racing,0 days 00:26:47.408000,,1,,False,,False,True
2021-16,FP1,0 days 00:30:08.829000,VER,33,0 days 00:01:55.367000,6.0,2.0,,,0 days 00:00:47.678000,0 days 00:00:40.881000,0 days 00:00:26.808000,0 days 00:29:01.140000,0 days 00:29:42.021000,0 days 00:30:08.829000,223.0,249.0,243.0,248.0,False,SOFT,6.0,False,Red Bull Racing,0 days 00:28:13.462000,,1,,False,,False,True
2021-16,FP1,0 days 00:31:34.243000,VER,33,0 days 00:01:25.414000,7.0,2.0,,,0 days 00:00:31.410000,0 days 00:00:30.437000,0 days 00:00:23.567000,0 days 00:30:40.239000,0 days 00:31:10.676000,0 days 00:31:34.243000,281.0,279.0,242.0,323.0,True,SOFT,7.0,False,Red Bull Racing,0 days 00:30:08.829000,,1,,False,,False,True
2021-16,FP1,0 days 00:33:09.829000,VER,33,0 days 00:01:35.586000,8.0,2.0,,0 days 00:33:09.884000,0 days 00:00:35.683000,0 days 00:00:33.625000,0 days 00:00:26.278000,0 days 00:32:09.926000,0 days 00:32:43.551000,0 days 00:33:09.829000,249.0,258.0,,265.0,False,SOFT,8.0,False,Red Bull Racing,0 days 00:31:34.243000,,1,,False,,False,False
2021-16,FP1,0 days 00:44:20.102000,VER,33,,9.0,3.0,0 days 00:42:17.790000,,,0 days 00:00:47.552000,0 days 00:00:37.548000,,0 days 00:43:42.562000,0 days 00:44:20.215000,188.0,134.0,244.0,90.0,False,SOFT,1.0,True,Red Bull Racing,0 days 00:33:09.829000,,1,,False,,False,False
2021-16,FP1,0 days 00:45:45.157000,VER,33,0 days 00:01:25.055000,10.0,3.0,,,0 days 00:00:31.242000,0 days 00:00:30.241000,0 days 00:00:23.572000,0 days 00:44:51.344000,0 days 00:45:21.585000,0 days 00:45:45.157000,279.0,284.0,245.0,322.0,True,SOFT,2.0,True,Red Bull Racing,0 days 00:44:20.102000,,1,,False,,False,True
2021-16,FP1,0 days 00:48:00.466000,VER,33,0 days 00:02:15.309000,11.0,3.0,,,0 days 00:00:50.297000,0 days 00:00:51.577000,0 days 00:00:33.435000,0 days 00:46:35.454000,0 days 00:47:27.031000,0 days 00:48:00.466000,138.0,150.0,190.0,212.0,False,SOFT,3.0,True,Red Bull Racing,0 days 00:45:45.157000,,1,,False,,False,True
2021-16,FP1,0 days 00:50:03.392000,VER,33,0 days 00:02:02.926000,12.0,3.0,,,0 days 00:00:45.429000,0 days 00:00:44.962000,0 days 00:00:32.535000,0 days 00:48:45.895000,0 days 00:49:30.857000,0 days 00:50:03.392000,246.0,250.0,246.0,270.0,False,SOFT,4.0,True,Red Bull Racing,0 days 00:48:00.466000,,1,,False,,False,True
2021-16,FP1,0 days 00:51:27.995000,VER,33,0 days 00:01:24.603000,13.0,3.0,,,0 days 00:00:31.298000,0 days 00:00:30.119000,0 days 00:00:23.186000,0 days 00:50:34.690000,0 days 00:51:04.809000,0 days 00:51:27.995000,280.0,285.0,246.0,325.0,True,SOFT,5.0,True,Red Bull Racing,0 days 00:50:03.392000,,1,,False,,False,True
2021-16,FP1,0 days 00:53:07.431000,VER,33,0 days 00:01:39.436000,14.0,3.0,,0 days 00:53:07.467000,0 days 00:00:34.901000,0 days 00:00:38.662000,0 days 00:00:25.873000,0 days 00:52:02.896000,0 days 00:52:41.558000,0 days 00:53:07.431000,251.0,260.0,,269.0,False,SOFT,6.0,True,Red Bull Racing,0 days 00:51:27.995000,,1,,False,,False,False
2021-16,FP1,0 days 01:04:24.772000,VER,33,,15.0,4.0,0 days 01:02:57.070000,,,0 days 00:00:32.697000,0 days 00:00:24.608000,,0 days 01:04:00.200000,0 days 01:04:24.931000,259.0,277.0,233.0,291.0,False,SOFT,7.0,False,Red Bull Racing,0 days 00:53:07.431000,,1,,False,,False,False
2021-16,FP1,0 days 01:05:53.270000,VER,33,0 days 00:01:28.498000,16.0,4.0,,,0 days 00:00:32.820000,0 days 00:00:31.397000,0 days 00:00:24.281000,0 days 01:04:57.592000,0 days 01:05:28.989000,0 days 01:05:53.270000,268.0,280.0,233.0,295.0,False,SOFT,8.0,False,Red Bull Racing,0 days 01:04:24.772000,,1,,False,,False,True
2021-16,FP1,0 days 01:07:23.959000,VER,33,0 days 00:01:30.689000,17.0,4.0,,,0 days 00:00:32.625000,0 days 00:00:31.589000,0 days 00:00:26.475000,0 days 01:06:25.895000,0 days 01:06:57.484000,0 days 01:07:23.959000,268.0,280.0,235.0,292.0,False,SOFT,9.0,False,Red Bull Racing,0 days 01:05:53.270000,,1,,False,,False,True
2021-16,FP1,0 days 01:08:53.469000,VER,33,0 days 00:01:29.510000,18.0,4.0,,,0 days 00:00:32.818000,0 days 00:00:31.511000,0 days 00:00:25.181000,0 days 01:07:56.777000,0 days 01:08:28.288000,0 days 01:08:53.469000,270.0,279.0,234.0,280.0,False,SOFT,10.0,False,Red Bull Racing,0 days 01:07:23.959000,,1,,False,,False,True
2021-16,FP1,0 days 01:10:22.866000,VER,33,0 days 00:01:29.397000,19.0,4.0,,,0 days 00:00:32.979000,0 days 00:00:31.538000,0 days 00:00:24.880000,0 days 01:09:26.448000,0 days 01:09:57.986000,0 days 01:10:22.866000,265.0,281.0,233.0,289.0,False,SOFT,11.0,False,Red Bull Racing,0 days 01:08:53.469000,,1,,False,,False,True
2021-16,FP1,0 days 01:11:52.765000,VER,33,0 days 00:01:29.899000,20.0,4.0,,0 days 01:11:52.235000,0 days 00:00:32.979000,0 days 00:00:31.513000,0 days 00:00:25.407000,,0 days 01:11:27.358000,0 days 01:11:52.765000,268.0,283.0,,272.0,False,SOFT,12.0,False,Red Bull Racing,0 days 01:10:22.866000,,1,,False,,False,False
2021-16,FP1,0 days 01:14:06.998000,VER,33,0 days 00:02:14.233000,21.0,5.0,0 days 01:12:16.488000,,0 days 00:00:54.540000,0 days 00:00:47.046000,0 days 00:00:32.647000,0 days 01:12:47.305000,0 days 01:13:34.351000,0 days 01:14:06.998000,239.0,142.0,235.0,243.0,False,SOFT,9.0,False,Red Bull Racing,0 days 01:11:52.765000,,1,,False,,False,False
2021-16,FP1,0 days 01:15:35.835000,VER,33,0 days 00:01:28.837000,22.0,5.0,,,0 days 00:00:33.008000,0 days 00:00:31.290000,0 days 00:00:24.539000,0 days 01:14:40.006000,0 days 01:15:11.296000,0 days 01:15:35.835000,272.0,279.0,236.0,301.0,False,SOFT,10.0,False,Red Bull Racing,0 days 01:14:06.998000,,1,,False,,False,True
2021-16,FP1,0 days 01:17:54.995000,VER,33,0 days 00:02:19.160000,23.0,5.0,,,0 days 00:00:38.313000,0 days 00:00:47.523000,0 days 00:00:53.324000,0 days 01:16:14.148000,0 days 01:17:01.671000,0 days 01:17:54.995000,233.0,146.0,65.0,204.0,False,SOFT,11.0,False,Red Bull Racing,0 days 01:15:35.835000,,1,,False,,False,True
2021-16,FP1,0 days 01:20:00.249000,VER,33,0 days 00:02:05.254000,24.0,5.0,,0 days 01:20:00.315000,0 days 00:01:06.204000,0 days 00:00:33.033000,0 days 00:00:26.017000,0 days 01:19:01.199000,0 days 01:19:34.232000,0 days 01:20:00.249000,259.0,261.0,,260.0,False,SOFT,12.0,False,Red Bull Racing,0 days 01:17:54.995000,,1,,False,,False,False
2021-16,FP1,0 days 00:18:24.681000,HAM,44,,1.0,1.0,0 days 00:16:42.167000,,,0 days 00:00:41.047000,0 days 00:00:26.389000,,0 days 00:17:58.292000,0 days 00:18:24.841000,245.0,268.0,244.0,271.0,False,SOFT,1.0,True,Mercedes,0 days 00:16:42.167000,,1,,False,,False,False
2021-16,FP1,0 days 00:19:52.120000,HAM,44,0 days 00:01:27.439000,2.0,1.0,,,0 days 00:00:32.443000,0 days 00:00:30.936000,0 days 00:00:24.060000,0 days 00:18:57.124000,0 days 00:19:28.060000,0 days 00:19:52.120000,278.0,283.0,244.0,320.0,True,SOFT,2.0,True,Mercedes,0 days 00:18:24.681000,,1,,False,,False,True
2021-16,FP1,0 days 00:22:30.649000,HAM,44,,3.0,1.0,,,0 days 00:00:59.209000,0 days 00:00:56.555000,0 days 00:00:42.759000,0 days 00:20:51.352000,0 days 00:21:47.890000,0 days 00:22:30.797000,168.0,75.0,244.0,216.0,False,SOFT,3.0,True,Mercedes,0 days 00:19:52.120000,,1,,False,,False,False
2021-16,FP1,0 days 00:23:56.692000,HAM,44,0 days 00:01:26.043000,4.0,1.0,,,0 days 00:00:31.760000,0 days 00:00:30.748000,0 days 00:00:23.535000,0 days 00:23:02.409000,0 days 00:23:33.157000,0 days 00:23:56.692000,275.0,282.0,244.0,323.0,True,SOFT,4.0,True,Mercedes,0 days 00:22:30.649000,,1,,False,,False,True
2021-16,FP1,0 days 00:25:53.203000,HAM,44,0 days 00:01:56.511000,5.0,1.0,,0 days 00:25:52.663000,0 days 00:00:44.639000,0 days 00:00:41.966000,0 days 00:00:29.906000,0 days 00:24:41.331000,0 days 00:25:23.297000,0 days 00:25:53.203000,225.0,263.0,,266.0,False,SOFT,5.0,True,Mercedes,0 days 00:23:56.692000,,1,,False,,False,False
2021-16,FP1,0 days 00:28:23.263000,HAM,44,,6.0,2.0,0 days 00:26:18.797000,,0 days 00:01:10.688000,0 days 00:00:46.100000,0 days 00:00:33.262000,0 days 00:27:03.975000,0 days 00:27:50.072000,0 days 00:28:23.435000,167.0,242.0,248.0,143.0,False,SOFT,6.0,False,Mercedes,0 days 00:25:53.203000,,1,,False,,False,False
2021-16,FP1,0 days 00:29:47.774000,HAM,44,0 days 00:01:24.511000,7.0,2.0,,,0 days 00:00:31.312000,0 days 00:00:30.025000,0 days 00:00:23.174000,0 days 00:28:54.575000,0 days 00:29:24.600000,0 days 00:29:47.774000,283.0,287.0,250.0,323.0,True,SOFT,7.0,False,Mercedes,0 days 00:28:23.263000,,1,,False,,False,True
2021-16,FP1,0 days 00:31:18.465000,HAM,44,0 days 00:01:30.691000,8.0,2.0,,0 days 00:31:17.924000,0 days 00:00:33.192000,0 days 00:00:32.392000,0 days 00:00:25.107000,0 days 00:30:20.966000,0 days 00:30:53.358000,0 days 00:31:18.465000,266.0,263.0,,289.0,False,SOFT,8.0,False,Mercedes,0 days 00:29:47.774000,,1,,False,,False,False
2021-16,FP1,0 days 00:42:51.165000,HAM,44,,9.0,3.0,0 days 00:40:54.789000,,,0 days 00:00:45.792000,0 days 00:00:28.908000,,0 days 00:42:22.257000,0 days 00:42:53.901000,208.0,244.0,250.0,232.0,False,SOFT,1.0,True,Mercedes,0 days 00:31:18.465000,,1,,False,,False,False
2021-16,FP1,0 days 00:44:15.415000,HAM,44,0 days 00:01:24.250000,10.0,3.0,,,0 days 00:00:31.131000,0 days 00:00:29.794000,0 days 00:00:23.325000,0 days 00:43:22.296000,0 days 00:43:52.090000,0 days 00:44:15.415000,281.0,289.0,248.0,321.0,True,SOFT,2.0,True,Mercedes,0 days 00:42:51.165000,,1,,False,,False,True
2021-16,FP1,0 days 00:46:21.833000,HAM,44,0 days 00:02:06.418000,11.0,3.0,,0 days 00:46:21.318000,0 days 00:00:49.988000,0 days 00:00:47.172000,0 days 00:00:29.258000,0 days 00:45:05.403000,0 days 00:45:52.575000,0 days 00:46:21.833000,186.0,262.0,,238.0,False,SOFT,3.0,True,Mercedes,0 days 00:44:15.415000,,1,,False,,False,False
2021-16,FP1,0 days 00:48:40.729000,HAM,44,0 days 00:02:18.896000,12.0,4.0,0 days 00:46:47.486000,,0 days 00:01:05.732000,0 days 00:00:40.502000,0 days 00:00:32.662000,0 days 00:47:27.565000,0 days 00:48:08.067000,0 days 00:48:40.729000,244.0,263.0,246.0,208.0,False,SOFT,4.0,False,Mercedes,0 days 00:46:21.833000,,1,,False,,False,False
2021-16,FP1,0 days 00:50:04.907000,HAM,44,0 days 00:01:24.178000,13.0,4.0,,,0 days 00:00:30.991000,0 days 00:00:30.007000,0 days 00:00:23.180000,0 days 00:49:11.720000,0 days 00:49:41.727000,0 days 00:50:04.907000,277.0,286.0,250.0,324.0,True,SOFT,5.0,False,Mercedes,0 days 00:48:40.729000,,1,,False,,False,True
2021-16,FP1,0 days 00:51:50.629000,HAM,44,0 days 00:01:45.722000,14.0,4.0,,0 days 00:51:50.069000,0 days 00:00:35.279000,0 days 00:00:42.675000,0 days 00:00:27.768000,0 days 00:50:40.186000,0 days 00:51:22.861000,0 days 00:51:50.629000,251.0,248.0,,224.0,False,SOFT,6.0,False,Mercedes,0 days 00:50:04.907000,,1,,False,,False,False
2021-16,FP1,0 days 01:01:10.009000,HAM,44,,15.0,5.0,0 days 00:59:35.549000,,,0 days 00:00:33.970000,0 days 00:00:25.677000,,0 days 01:00:44.332000,0 days 01:01:10.184000,254.0,264.0,234.0,273.0,False,SOFT,7.0,False,Mercedes,0 days 00:51:50.629000,,1,,False,,False,False
2021-16,FP1,0 days 01:02:38.919000,HAM,44,0 days 00:01:28.910000,16.0,5.0,,,0 days 00:00:32.774000,0 days 00:00:31.349000,0 days 00:00:24.787000,0 days 01:01:42.783000,0 days 01:02:14.132000,0 days 01:02:38.919000,269.0,280.0,235.0,297.0,False,SOFT,8.0,False,Mercedes,0 days 01:01:10.009000,,1,,False,,False,True
2021-16,FP1,0 days 01:04:07.342000,HAM,44,0 days 00:01:28.423000,17.0,5.0,,,0 days 00:00:32.661000,0 days 00:00:31.224000,0 days 00:00:24.538000,0 days 01:03:11.580000,0 days 01:03:42.804000,0 days 01:04:07.342000,268.0,279.0,235.0,298.0,False,SOFT,9.0,False,Mercedes,0 days 01:02:38.919000,,1,,False,,False,True
2021-16,FP1,0 days 01:05:35.769000,HAM,44,0 days 00:01:28.427000,18.0,5.0,,,0 days 00:00:32.846000,0 days 00:00:31.149000,0 days 00:00:24.432000,0 days 01:04:40.188000,0 days 01:05:11.337000,0 days 01:05:35.769000,265.0,282.0,236.0,298.0,False,SOFT,10.0,False,Mercedes,0 days 01:04:07.342000,,1,,False,,False,True
2021-16,FP1,0 days 01:07:04.305000,HAM,44,0 days 00:01:28.536000,19.0,5.0,,,0 days 00:00:32.870000,0 days 00:00:31.022000,0 days 00:00:24.644000,0 days 01:06:08.639000,0 days 01:06:39.661000,0 days 01:07:04.305000,266.0,282.0,237.0,297.0,False,SOFT,11.0,False,Mercedes,0 days 01:05:35.769000,,1,,False,,False,True
2021-16,FP1,0 days 01:08:43.963000,HAM,44,0 days 00:01:39.658000,20.0,5.0,,0 days 01:08:43.427000,0 days 00:00:33.168000,0 days 00:00:37.750000,0 days 00:00:28.740000,0 days 01:07:37.473000,0 days 01:08:15.223000,0 days 01:08:43.963000,252.0,215.0,,212.0,False,SOFT,12.0,False,Mercedes,0 days 01:07:04.305000,,1,,False,,False,False
2021-16,FP1,0 days 01:10:44.981000,HAM,44,0 days 00:02:01.018000,21.0,6.0,0 days 01:09:17.546000,,0 days 00:01:04.938000,0 days 00:00:31.997000,0 days 00:00:24.083000,0 days 01:09:48.901000,0 days 01:10:20.898000,0 days 01:10:44.981000,275.0,291.0,238.0,295.0,False,SOFT,9.0,False,Mercedes,0 days 01:08:43.963000,,1,,False,,False,False
2021-16,FP1,0 days 01:12:12.694000,HAM,44,0 days 00:01:27.713000,22.0,6.0,,,0 days 00:00:32.440000,0 days 00:00:31.030000,0 days 00:00:24.243000,0 days 01:11:17.421000,0 days 01:11:48.451000,0 days 01:12:12.694000,266.0,282.0,238.0,297.0,False,SOFT,10.0,False,Mercedes,0 days 01:10:44.981000,,1,,False,,False,True
2021-16,FP1,0 days 01:13:41.257000,HAM,44,0 days 00:01:28.563000,23.0,6.0,,,0 days 00:00:32.761000,0 days 00:00:31.085000,0 days 00:00:24.717000,0 days 01:12:45.455000,0 days 01:13:16.540000,0 days 01:13:41.257000,264.0,282.0,239.0,298.0,False,SOFT,11.0,False,Mercedes,0 days 01:12:12.694000,,1,,False,,False,True
2021-16,FP1,0 days 01:15:09.758000,HAM,44,0 days 00:01:28.501000,24.0,6.0,,,0 days 00:00:32.707000,0 days 00:00:31.069000,0 days 00:00:24.725000,0 days 01:14:13.964000,0 days 01:14:45.033000,0 days 01:15:09.758000,271.0,283.0,239.0,300.0,False,SOFT,12.0,False,Mercedes,0 days 01:13:41.257000,,1,,False,,False,True
2021-16,FP1,0 days 01:17:06.489000,HAM,44,0 days 00:01:56.731000,25.0,6.0,,,0 days 00:00:33.694000,0 days 00:00:41.050000,0 days 00:00:41.987000,0 days 01:15:43.452000,0 days 01:16:24.502000,0 days 01:17:06.489000,227.0,215.0,44.0,229.0,False,SOFT,13.0,False,Mercedes,0 days 01:15:09.758000,,1,,False,,False,True
2021-16,FP1,0 days 01:19:14.813000,HAM,44,0 days 00:02:08.324000,26.0,6.0,,0 days 01:19:14.275000,0 days 00:01:09.698000,0 days 00:00:33.707000,0 days 00:00:24.919000,0 days 01:18:16.187000,0 days 01:18:49.894000,0 days 01:19:14.813000,265.0,265.0,,283.0,False,SOFT,14.0,False,Mercedes,0 days 01:17:06.489000,,1,,False,,False,False
2021-16,FP1,0 days 00:17:14.751000,MSC,47,,1.0,1.0,0 days 00:15:28.109000,,,0 days 00:00:38.326000,0 days 00:00:29.565000,,0 days 00:16:45.230000,0 days 00:17:14.900000,165.0,265.0,241.0,250.0,False,MEDIUM,1.0,True,Haas F1 Team,0 days 00:15:28.109000,,1,,False,,False,False
2021-16,FP1,0 days 00:18:44.784000,MSC,47,0 days 00:01:30.033000,2.0,1.0,,,0 days 00:00:33.760000,0 days 00:00:32.167000,0 days 00:00:24.106000,0 days 00:17:48.511000,0 days 00:18:20.678000,0 days 00:18:44.784000,276.0,284.0,241.0,327.0,True,MEDIUM,2.0,True,Haas F1 Team,0 days 00:17:14.751000,,1,,False,,False,True
2021-16,FP1,0 days 00:20:13.651000,MSC,47,0 days 00:01:28.867000,3.0,1.0,,,0 days 00:00:33.111000,0 days 00:00:31.601000,0 days 00:00:24.155000,0 days 00:19:17.895000,0 days 00:19:49.496000,0 days 00:20:13.651000,277.0,282.0,243.0,316.0,True,MEDIUM,3.0,True,Haas F1 Team,0 days 00:18:44.784000,,1,,False,,False,True
2021-16,FP1,0 days 00:22:12.013000,MSC,47,0 days 00:01:58.362000,4.0,1.0,,,0 days 00:00:32.886000,0 days 00:00:49.336000,0 days 00:00:36.140000,0 days 00:20:46.537000,0 days 00:21:35.873000,0 days 00:22:12.013000,238.0,200.0,243.0,201.0,False,MEDIUM,4.0,True,Haas F1 Team,0 days 00:20:13.651000,,1,,False,,False,True
2021-16,FP1,0 days 00:23:42.591000,MSC,47,0 days 00:01:30.578000,5.0,1.0,,,0 days 00:00:32.682000,0 days 00:00:31.104000,0 days 00:00:26.792000,0 days 00:22:44.695000,0 days 00:23:15.799000,0 days 00:23:42.591000,278.0,282.0,235.0,269.0,False,MEDIUM,5.0,True,Haas F1 Team,0 days 00:22:12.013000,,1,,False,,False,True
2021-16,FP1,0 days 00:25:36.598000,MSC,47,0 days 00:01:54.007000,6.0,1.0,,,0 days 00:00:40.363000,0 days 00:00:43.181000,0 days 00:00:30.463000,0 days 00:24:22.954000,0 days 00:25:06.135000,0 days 00:25:36.598000,204.0,256.0,245.0,171.0,False,MEDIUM,6.0,True,Haas F1 Team,0 days 00:23:42.591000,,1,,False,,False,True
2021-16,FP1,0 days 00:27:04.303000,MSC,47,0 days 00:01:27.705000,7.0,1.0,,,0 days 00:00:32.805000,0 days 00:00:30.997000,0 days 00:00:23.903000,0 days 00:26:09.403000,0 days 00:26:40.400000,0 days 00:27:04.303000,280.0,281.0,244.0,322.0,True,MEDIUM,7.0,True,Haas F1 Team,0 days 00:25:36.598000,,1,,False,,False,True
2021-16,FP1,0 days 00:28:57.637000,MSC,47,0 days 00:01:53.334000,8.0,1.0,,0 days 00:28:57.067000,0 days 00:00:41.036000,0 days 00:00:40.614000,0 days 00:00:31.684000,0 days 00:27:45.339000,0 days 00:28:25.953000,0 days 00:28:57.637000,250.0,199.0,,199.0,False,MEDIUM,8.0,True,Haas F1 Team,0 days 00:27:04.303000,,1,,False,,False,False
2021-16,FP1,0 days 00:40:33.060000,MSC,47,,9.0,2.0,0 days 00:38:41.150000,,,0 days 00:00:46.309000,0 days 00:00:27.428000,,0 days 00:40:05.658000,0 days 00:40:33.215000,195.0,254.0,247.0,243.0,False,SOFT,1.0,True,Haas F1 Team,0 days 00:28:57.637000,,1,,False,,False,False
2021-16,FP1,0 days 00:42:00.025000,MSC,47,0 days 00:01:26.965000,10.0,2.0,,,0 days 00:00:32.442000,0 days 00:00:30.781000,0 days 00:00:23.742000,0 days 00:41:05.502000,0 days 00:41:36.283000,0 days 00:42:00.025000,279.0,286.0,246.0,321.0,True,SOFT,2.0,True,Haas F1 Team,0 days 00:40:33.060000,,1,,False,,False,True
2021-16,FP1,0 days 00:44:08.699000,MSC,47,0 days 00:02:08.674000,11.0,2.0,,,0 days 00:00:46.110000,0 days 00:00:50.919000,0 days 00:00:31.645000,0 days 00:42:46.135000,0 days 00:43:37.054000,0 days 00:44:08.699000,130.0,164.0,246.0,174.0,False,SOFT,3.0,True,Haas F1 Team,0 days 00:42:00.025000,,1,,False,,False,True
2021-16,FP1,0 days 00:45:35.335000,MSC,47,0 days 00:01:26.636000,12.0,2.0,,,0 days 00:00:32.120000,0 days 00:00:30.762000,0 days 00:00:23.754000,0 days 00:44:40.819000,0 days 00:45:11.581000,0 days 00:45:35.335000,280.0,284.0,245.0,323.0,True,SOFT,4.0,True,Haas F1 Team,0 days 00:44:08.699000,,1,,False,,False,True
2021-16,FP1,0 days 00:47:33.395000,MSC,47,0 days 00:01:58.060000,13.0,2.0,,,0 days 00:00:42.987000,0 days 00:00:47.920000,0 days 00:00:27.153000,0 days 00:46:18.322000,0 days 00:47:06.242000,0 days 00:47:33.395000,180.0,216.0,247.0,288.0,False,SOFT,5.0,True,Haas F1 Team,0 days 00:45:35.335000,,1,,False,,False,True
2021-16,FP1,0 days 00:49:12.927000,MSC,47,0 days 00:01:39.532000,14.0,2.0,,0 days 00:49:12.363000,0 days 00:00:32.656000,0 days 00:00:35.591000,0 days 00:00:31.285000,0 days 00:48:06.051000,0 days 00:48:41.642000,0 days 00:49:12.927000,268.0,199.0,,199.0,False,SOFT,6.0,True,Haas F1 Team,0 days 00:47:33.395000,,1,,False,,False,False
2021-16,FP1,0 days 01:03:10.558000,MSC,47,,15.0,3.0,0 days 01:01:40.236000,,,0 days 00:00:33.451000,0 days 00:00:24.869000,,0 days 01:02:45.743000,0 days 01:03:11.613000,252.0,277.0,233.0,295.0,False,MEDIUM,9.0,False,Haas F1 Team,0 days 00:49:12.927000,,1,,False,,False,False
2021-16,FP1,0 days 01:04:41.472000,MSC,47,0 days 00:01:30.914000,16.0,3.0,,,0 days 00:00:33.676000,0 days 00:00:32.474000,0 days 00:00:24.764000,0 days 01:03:44.234000,0 days 01:04:16.708000,0 days 01:04:41.472000,274.0,279.0,234.0,304.0,False,MEDIUM,10.0,False,Haas F1 Team,0 days 01:03:10.558000,,1,,False,,False,True
2021-16,FP1,0 days 01:06:12.652000,MSC,47,0 days 00:01:31.180000,17.0,3.0,,,0 days 00:00:33.972000,0 days 00:00:32.250000,0 days 00:00:24.958000,0 days 01:05:15.444000,0 days 01:05:47.694000,0 days 01:06:12.652000,270.0,280.0,234.0,297.0,False,MEDIUM,11.0,False,Haas F1 Team,0 days 01:04:41.472000,,1,,False,,False,True
2021-16,FP1,0 days 01:07:43.681000,MSC,47,0 days 00:01:31.029000,18.0,3.0,,,0 days 00:00:33.655000,0 days 00:00:32.130000,0 days 00:00:25.244000,0 days 01:06:46.307000,0 days 01:07:18.437000,0 days 01:07:43.681000,270.0,280.0,233.0,297.0,False,MEDIUM,12.0,False,Haas F1 Team,0 days 01:06:12.652000,,1,,False,,False,True
2021-16,FP1,0 days 01:09:14.739000,MSC,47,0 days 00:01:31.058000,19.0,3.0,,,0 days 00:00:33.892000,0 days 00:00:32.108000,0 days 00:00:25.058000,0 days 01:08:17.573000,0 days 01:08:49.681000,0 days 01:09:14.739000,271.0,280.0,234.0,300.0,False,MEDIUM,13.0,False,Haas F1 Team,0 days 01:07:43.681000,,1,,False,,False,True
2021-16,FP1,0 days 01:10:46.249000,MSC,47,0 days 00:01:31.510000,20.0,3.0,,,0 days 00:00:33.770000,0 days 00:00:32.181000,0 days 00:00:25.559000,0 days 01:09:48.509000,0 days 01:10:20.690000,0 days 01:10:46.249000,276.0,283.0,236.0,282.0,False,MEDIUM,14.0,False,Haas F1 Team,0 days 01:09:14.739000,,1,,False,,False,True
2021-16,FP1,0 days 01:12:17.814000,MSC,47,0 days 00:01:31.565000,21.0,3.0,,,0 days 00:00:34.008000,0 days 00:00:32.480000,0 days 00:00:25.077000,0 days 01:11:20.257000,0 days 01:11:52.737000,0 days 01:12:17.814000,270.0,281.0,236.0,299.0,False,MEDIUM,15.0,False,Haas F1 Team,0 days 01:10:46.249000,,1,,False,,False,True
2021-16,FP1,0 days 01:13:49.455000,MSC,47,0 days 00:01:31.641000,22.0,3.0,,,0 days 00:00:33.735000,0 days 00:00:32.540000,0 days 00:00:25.366000,0 days 01:12:51.549000,0 days 01:13:24.089000,0 days 01:13:49.455000,273.0,279.0,233.0,303.0,False,MEDIUM,16.0,False,Haas F1 Team,0 days 01:12:17.814000,,1,,False,,False,True
2021-16,FP1,0 days 01:15:21.280000,MSC,47,0 days 00:01:31.825000,23.0,3.0,,,0 days 00:00:33.912000,0 days 00:00:32.561000,0 days 00:00:25.352000,0 days 01:14:23.367000,0 days 01:14:55.928000,0 days 01:15:21.280000,277.0,280.0,233.0,302.0,False,MEDIUM,17.0,False,Haas F1 Team,0 days 01:13:49.455000,,1,,False,,False,True
2021-16,FP1,0 days 01:17:10.804000,MSC,47,0 days 00:01:49.524000,24.0,3.0,,,0 days 00:00:33.891000,0 days 00:00:38.088000,0 days 00:00:37.545000,0 days 01:15:55.171000,0 days 01:16:33.259000,0 days 01:17:10.804000,278.0,256.0,68.0,247.0,False,MEDIUM,18.0,False,Haas F1 Team,0 days 01:15:21.280000,,1,,False,,False,True
2021-16,FP1,0 days 01:19:28.055000,MSC,47,0 days 00:02:17.251000,25.0,3.0,,0 days 01:19:27.531000,0 days 00:01:13.608000,0 days 00:00:32.759000,0 days 00:00:30.884000,0 days 01:18:24.412000,0 days 01:18:57.171000,0 days 01:19:28.055000,278.0,207.0,,199.0,False,MEDIUM,19.0,False,Haas F1 Team,0 days 01:17:10.804000,,1,,False,,False,False
2021-16,FP1,0 days 00:18:49.259000,SAI,55,,1.0,1.0,0 days 00:17:07.087000,,,0 days 00:00:39.228000,0 days 00:00:28.350000,,0 days 00:18:20.936000,0 days 00:18:49.416000,228.0,250.0,231.0,249.0,False,SOFT,1.0,True,Ferrari,0 days 00:17:07.087000,,1,,False,,False,False
2021-16,FP1,0 days 00:20:27.506000,SAI,55,0 days 00:01:38.247000,2.0,1.0,,,0 days 00:00:35.174000,0 days 00:00:34.333000,0 days 00:00:28.740000,0 days 00:19:24.433000,0 days 00:19:58.766000,0 days 00:20:27.506000,248.0,249.0,235.0,244.0,True,SOFT,2.0,True,Ferrari,0 days 00:18:49.259000,,1,,False,,False,True
2021-16,FP1,0 days 00:22:05.301000,SAI,55,0 days 00:01:37.795000,3.0,1.0,,,0 days 00:00:35.616000,0 days 00:00:34.580000,0 days 00:00:27.599000,0 days 00:21:03.122000,0 days 00:21:37.702000,0 days 00:22:05.301000,150.0,250.0,232.0,249.0,True,SOFT,3.0,True,Ferrari,0 days 00:20:27.506000,,1,,False,,False,True
2021-16,FP1,0 days 00:23:41.634000,SAI,55,0 days 00:01:36.333000,4.0,1.0,,,0 days 00:00:34.922000,0 days 00:00:33.448000,0 days 00:00:27.963000,0 days 00:22:40.223000,0 days 00:23:13.671000,0 days 00:23:41.634000,248.0,249.0,232.0,249.0,True,SOFT,4.0,True,Ferrari,0 days 00:22:05.301000,,1,,False,,False,True
2021-16,FP1,0 days 00:25:18.676000,SAI,55,0 days 00:01:37.042000,5.0,1.0,,0 days 00:25:18.094000,0 days 00:00:34.362000,0 days 00:00:34.769000,0 days 00:00:27.911000,0 days 00:24:15.996000,0 days 00:24:50.765000,0 days 00:25:18.676000,248.0,249.0,,250.0,False,SOFT,5.0,True,Ferrari,0 days 00:23:41.634000,,1,,False,,False,False
2021-16,FP1,0 days 00:43:00.423000,SAI,55,,6.0,2.0,0 days 00:41:14.639000,,,0 days 00:00:36.280000,0 days 00:00:35.362000,,0 days 00:42:25.082000,0 days 00:43:03.933000,253.0,271.0,245.0,215.0,False,SOFT,1.0,True,Ferrari,0 days 00:25:18.676000,,1,,False,,False,False
2021-16,FP1,0 days 00:44:26.320000,SAI,55,0 days 00:01:25.897000,7.0,2.0,,,0 days 00:00:31.775000,0 days 00:00:30.371000,0 days 00:00:23.751000,0 days 00:43:32.198000,0 days 00:44:02.569000,0 days 00:44:26.320000,279.0,283.0,247.0,322.0,False,SOFT,2.0,True,Ferrari,0 days 00:43:00.423000,,1,,True,TRACK LIMITS AT TURN 14,False,True
2021-16,FP1,0 days 00:46:23.421000,SAI,55,0 days 00:01:57.101000,8.0,2.0,,0 days 00:46:22.844000,0 days 00:00:44.483000,0 days 00:00:40.979000,0 days 00:00:31.639000,0 days 00:45:10.803000,0 days 00:45:51.782000,0 days 00:46:23.421000,236.0,236.0,,205.0,False,SOFT,3.0,True,Ferrari,0 days 00:44:26.320000,,1,,False,,False,False
2021-16,FP1,0 days 00:48:49.764000,SAI,55,0 days 00:02:26.343000,9.0,3.0,0 days 00:46:50.278000,,0 days 00:01:05.017000,0 days 00:00:42.760000,0 days 00:00:38.566000,0 days 00:47:28.438000,0 days 00:48:11.198000,0 days 00:48:49.764000,223.0,208.0,243.0,232.0,False,SOFT,4.0,False,Ferrari,0 days 00:46:23.421000,,1,,False,,False,False
2021-16,FP1,0 days 00:50:14.966000,SAI,55,0 days 00:01:25.202000,10.0,3.0,,,0 days 00:00:31.481000,0 days 00:00:30.061000,0 days 00:00:23.660000,0 days 00:49:21.245000,0 days 00:49:51.306000,0 days 00:50:14.966000,279.0,283.0,245.0,323.0,True,SOFT,5.0,False,Ferrari,0 days 00:48:49.764000,,1,,False,,False,True
2021-16,FP1,0 days 00:52:28.593000,SAI,55,0 days 00:02:13.627000,11.0,3.0,,,0 days 00:00:50.531000,0 days 00:00:54.596000,0 days 00:00:28.500000,0 days 00:51:05.497000,0 days 00:52:00.093000,0 days 00:52:28.593000,126.0,214.0,246.0,260.0,False,SOFT,6.0,False,Ferrari,0 days 00:50:14.966000,,1,,False,,False,True
2021-16,FP1,0 days 00:53:53.453000,SAI,55,0 days 00:01:24.860000,12.0,3.0,,,0 days 00:00:31.341000,0 days 00:00:30.137000,0 days 00:00:23.382000,0 days 00:52:59.934000,0 days 00:53:30.071000,0 days 00:53:53.453000,279.0,284.0,246.0,324.0,True,SOFT,7.0,False,Ferrari,0 days 00:52:28.593000,,1,,False,,False,True
2021-16,FP1,0 days 00:55:38.857000,SAI,55,0 days 00:01:45.404000,13.0,3.0,,0 days 00:55:38.361000,0 days 00:00:37.969000,0 days 00:00:39.249000,0 days 00:00:28.186000,0 days 00:54:31.422000,0 days 00:55:10.671000,0 days 00:55:38.857000,163.0,239.0,,236.0,False,SOFT,8.0,False,Ferrari,0 days 00:53:53.453000,,1,,False,,False,False
2021-16,FP1,0 days 01:01:38.339000,SAI,55,,14.0,4.0,0 days 01:00:02.463000,0 days 01:01:37.716000,,0 days 00:00:34.228000,0 days 00:00:27.655000,,0 days 01:01:10.696000,0 days 01:01:38.455000,257.0,269.0,,278.0,False,SOFT,1.0,True,Ferrari,0 days 00:55:38.857000,,1,,False,,False,False
2021-16,FP1,0 days 01:03:43.800000,SAI,55,0 days 00:02:05.461000,15.0,5.0,0 days 01:02:11.131000,,0 days 00:01:02.811000,0 days 00:00:32.365000,0 days 00:00:30.285000,0 days 01:02:41.150000,0 days 01:03:13.515000,0 days 01:03:43.800000,276.0,275.0,233.0,253.0,False,SOFT,2.0,False,Ferrari,0 days 01:01:38.339000,,1,,False,,False,False
2021-16,FP1,0 days 01:05:12.898000,SAI,55,0 days 00:01:29.098000,16.0,5.0,,,0 days 00:00:32.972000,0 days 00:00:31.492000,0 days 00:00:24.634000,0 days 01:04:16.772000,0 days 01:04:48.264000,0 days 01:05:12.898000,273.0,280.0,233.0,299.0,False,SOFT,3.0,False,Ferrari,0 days 01:03:43.800000,,1,,False,,False,True
2021-16,FP1,0 days 01:06:41.506000,SAI,55,0 days 00:01:28.608000,17.0,5.0,,,0 days 00:00:33.005000,0 days 00:00:31.600000,0 days 00:00:24.003000,0 days 01:05:45.903000,0 days 01:06:17.503000,0 days 01:06:41.506000,275.0,283.0,235.0,311.0,False,SOFT,4.0,False,Ferrari,0 days 01:05:12.898000,,1,,False,,False,True
2021-16,FP1,0 days 01:08:10.659000,SAI,55,0 days 00:01:29.153000,18.0,5.0,,,0 days 00:00:33.027000,0 days 00:00:31.524000,0 days 00:00:24.602000,0 days 01:07:14.533000,0 days 01:07:46.057000,0 days 01:08:10.659000,275.0,279.0,234.0,302.0,False,SOFT,5.0,False,Ferrari,0 days 01:06:41.506000,,1,,False,,False,True
2021-16,FP1,0 days 01:09:39.578000,SAI,55,0 days 00:01:28.919000,19.0,5.0,,,0 days 00:00:32.934000,0 days 00:00:31.503000,0 days 00:00:24.482000,0 days 01:08:43.593000,0 days 01:09:15.096000,0 days 01:09:39.578000,276.0,280.0,236.0,306.0,False,SOFT,6.0,False,Ferrari,0 days 01:08:10.659000,,1,,False,,False,True
2021-16,FP1,0 days 01:11:08.488000,SAI,55,0 days 00:01:28.910000,20.0,5.0,,,0 days 00:00:32.967000,0 days 00:00:31.527000,0 days 00:00:24.416000,0 days 01:10:12.545000,0 days 01:10:44.072000,0 days 01:11:08.488000,274.0,282.0,236.0,305.0,False,SOFT,7.0,False,Ferrari,0 days 01:09:39.578000,,1,,False,,False,True
2021-16,FP1,0 days 01:12:37.825000,SAI,55,0 days 00:01:29.337000,21.0,5.0,,,0 days 00:00:33.203000,0 days 00:00:31.503000,0 days 00:00:24.631000,0 days 01:11:41.691000,0 days 01:12:13.194000,0 days 01:12:37.825000,275.0,280.0,235.0,307.0,False,SOFT,8.0,False,Ferrari,0 days 01:11:08.488000,,1,,False,,False,True
2021-16,FP1,0 days 01:14:07.713000,SAI,55,0 days 00:01:29.888000,22.0,5.0,,,0 days 00:00:33.034000,0 days 00:00:31.584000,0 days 00:00:25.270000,0 days 01:13:10.859000,0 days 01:13:42.443000,0 days 01:14:07.713000,276.0,281.0,245.0,300.0,False,SOFT,9.0,False,Ferrari,0 days 01:12:37.825000,,1,,False,,False,True
2021-16,FP1,0 days 01:15:39.412000,SAI,55,0 days 00:01:31.699000,23.0,5.0,,,0 days 00:00:33.528000,0 days 00:00:32.903000,0 days 00:00:25.268000,0 days 01:14:41.241000,0 days 01:15:14.144000,0 days 01:15:39.412000,277.0,271.0,236.0,300.0,False,SOFT,10.0,False,Ferrari,0 days 01:14:07.713000,,1,,False,,False,True
2021-16,FP1,0 days 01:17:49.647000,SAI,55,0 days 00:02:10.235000,24.0,5.0,,,0 days 00:00:36.433000,0 days 00:00:43.125000,0 days 00:00:50.677000,0 days 01:16:15.845000,0 days 01:16:58.970000,0 days 01:17:49.647000,224.0,199.0,45.0,205.0,False,SOFT,11.0,False,Ferrari,0 days 01:15:39.412000,,1,,False,,False,True
2021-16,FP1,0 days 01:19:57.401000,SAI,55,0 days 00:02:07.754000,25.0,5.0,,0 days 01:19:57.141000,0 days 00:01:09.875000,0 days 00:00:32.161000,0 days 00:00:25.718000,0 days 01:18:59.522000,0 days 01:19:31.683000,0 days 01:19:57.401000,258.0,268.0,,259.0,False,SOFT,12.0,False,Ferrari,0 days 01:17:49.647000,,1,,False,,False,False
2021-16,FP1,0 days 00:24:27.538000,RUS,63,,1.0,1.0,0 days 00:22:41.533000,,,0 days 00:00:38.608000,0 days 00:00:32.517000,,0 days 00:23:55.109000,0 days 00:24:27.683000,193.0,264.0,241.0,135.0,False,MEDIUM,1.0,True,Williams,0 days 00:22:41.533000,,1,,False,,False,False
2021-16,FP1,0 days 00:25:58.405000,RUS,63,0 days 00:01:30.867000,2.0,1.0,,,0 days 00:00:33.098000,0 days 00:00:31.383000,0 days 00:00:26.386000,0 days 00:25:00.636000,0 days 00:25:32.019000,0 days 00:25:58.405000,270.0,278.0,244.0,247.0,True,MEDIUM,2.0,True,Williams,0 days 00:24:27.538000,,1,,False,,False,True
2021-16,FP1,0 days 00:27:26,RUS,63,0 days 00:01:27.595000,3.0,1.0,,,0 days 00:00:32.498000,0 days 00:00:30.979000,0 days 00:00:24.118000,0 days 00:26:30.903000,0 days 00:27:01.882000,0 days 00:27:26,272.0,280.0,243.0,311.0,True,MEDIUM,3.0,True,Williams,0 days 00:25:58.405000,,1,,False,,False,True
2021-16,FP1,0 days 00:29:25.325000,RUS,63,0 days 00:01:59.325000,4.0,1.0,,,0 days 00:00:45.425000,0 days 00:00:45.723000,0 days 00:00:28.177000,0 days 00:28:11.425000,0 days 00:28:57.148000,0 days 00:29:25.325000,148.0,254.0,244.0,160.0,False,MEDIUM,4.0,True,Williams,0 days 00:27:26,,1,,False,,False,True
2021-16,FP1,0 days 00:30:51.701000,RUS,63,0 days 00:01:26.376000,5.0,1.0,,,0 days 00:00:31.965000,0 days 00:00:30.684000,0 days 00:00:23.727000,0 days 00:29:57.290000,0 days 00:30:27.974000,0 days 00:30:51.701000,278.0,280.0,244.0,318.0,True,MEDIUM,5.0,True,Williams,0 days 00:29:25.325000,,1,,False,,False,True
2021-16,FP1,0 days 00:32:46.490000,RUS,63,0 days 00:01:54.789000,6.0,1.0,,0 days 00:32:45.939000,0 days 00:00:41.957000,0 days 00:00:41.571000,0 days 00:00:31.261000,0 days 00:31:33.658000,0 days 00:32:15.229000,0 days 00:32:46.490000,179.0,240.0,,209.0,False,MEDIUM,6.0,True,Williams,0 days 00:30:51.701000,,1,,False,,False,False
2021-16,FP1,0 days 00:34:53.698000,RUS,63,0 days 00:02:07.208000,7.0,2.0,0 days 00:33:18.564000,0 days 00:34:53.247000,0 days 00:01:02.466000,0 days 00:00:38.227000,0 days 00:00:26.515000,0 days 00:33:48.956000,0 days 00:34:27.183000,0 days 00:34:53.698000,265.0,278.0,,226.0,False,MEDIUM,7.0,False,Williams,0 days 00:32:46.490000,,1,,False,,False,False
2021-16,FP1,0 days 00:46:16.894000,RUS,63,,8.0,3.0,0 days 00:44:34.218000,,,0 days 00:00:39.838000,0 days 00:00:26.848000,,0 days 00:45:50.140000,0 days 00:46:17.044000,253.0,263.0,246.0,222.0,False,SOFT,1.0,True,Williams,0 days 00:34:53.698000,,1,,False,,False,False
2021-16,FP1,0 days 00:47:43.117000,RUS,63,0 days 00:01:26.223000,9.0,3.0,,,0 days 00:00:31.983000,0 days 00:00:30.483000,0 days 00:00:23.757000,0 days 00:46:48.877000,0 days 00:47:19.360000,0 days 00:47:43.117000,275.0,284.0,244.0,320.0,True,SOFT,2.0,True,Williams,0 days 00:46:16.894000,,1,,False,,False,True
2021-16,FP1,0 days 00:49:55.348000,RUS,63,0 days 00:02:12.231000,10.0,3.0,,,0 days 00:00:47.308000,0 days 00:00:50.772000,0 days 00:00:34.151000,0 days 00:48:30.425000,0 days 00:49:21.197000,0 days 00:49:55.348000,128.0,246.0,245.0,120.0,False,SOFT,3.0,True,Williams,0 days 00:47:43.117000,,1,,False,,False,True
2021-16,FP1,0 days 00:51:21.473000,RUS,63,0 days 00:01:26.125000,11.0,3.0,,,0 days 00:00:32.056000,0 days 00:00:30.513000,0 days 00:00:23.556000,0 days 00:50:27.404000,0 days 00:50:57.917000,0 days 00:51:21.473000,277.0,287.0,243.0,319.0,True,SOFT,4.0,True,Williams,0 days 00:49:55.348000,,1,,False,,False,True
2021-16,FP1,0 days 00:53:23.692000,RUS,63,0 days 00:02:02.219000,12.0,3.0,,0 days 00:53:23.162000,0 days 00:00:45.735000,0 days 00:00:44.987000,0 days 00:00:31.497000,0 days 00:52:07.208000,0 days 00:52:52.195000,0 days 00:53:23.692000,90.0,258.0,,179.0,False,SOFT,5.0,True,Williams,0 days 00:51:21.473000,,1,,False,,False,False
2021-16,FP1,0 days 00:55:47.151000,RUS,63,0 days 00:02:23.459000,13.0,4.0,0 days 00:53:52.714000,,0 days 00:01:09.406000,0 days 00:00:44.820000,0 days 00:00:29.233000,0 days 00:54:33.098000,0 days 00:55:17.918000,0 days 00:55:47.151000,157.0,263.0,246.0,224.0,False,SOFT,6.0,False,Williams,0 days 00:53:23.692000,,1,,False,,False,False
2021-16,FP1,0 days 00:57:12.836000,RUS,63,0 days 00:01:25.685000,14.0,4.0,,,0 days 00:00:31.637000,0 days 00:00:30.455000,0 days 00:00:23.593000,0 days 00:56:18.788000,0 days 00:56:49.243000,0 days 00:57:12.836000,273.0,285.0,245.0,319.0,True,SOFT,7.0,False,Williams,0 days 00:55:47.151000,,1,,False,,False,True
2021-16,FP1,0 days 00:58:59.144000,RUS,63,0 days 00:01:46.308000,15.0,4.0,,0 days 00:58:59.198000,0 days 00:00:39.434000,0 days 00:00:38.692000,0 days 00:00:28.182000,0 days 00:57:52.270000,0 days 00:58:30.962000,0 days 00:58:59.144000,219.0,241.0,,184.0,False,SOFT,8.0,False,Williams,0 days 00:57:12.836000,,1,,False,,False,False
2021-16,FP1,0 days 01:05:41.992000,RUS,63,,16.0,5.0,0 days 01:04:12.020000,,,0 days 00:00:33.781000,0 days 00:00:25.155000,,0 days 01:05:16.858000,0 days 01:05:42.175000,266.0,281.0,236.0,278.0,False,MEDIUM,8.0,False,Williams,0 days 00:58:59.144000,,1,,False,,False,False
2021-16,FP1,0 days 01:07:11.568000,RUS,63,0 days 00:01:29.576000,17.0,5.0,,,0 days 00:00:33.239000,0 days 00:00:31.809000,0 days 00:00:24.528000,0 days 01:06:15.231000,0 days 01:06:47.040000,0 days 01:07:11.568000,264.0,284.0,238.0,294.0,False,MEDIUM,9.0,False,Williams,0 days 01:05:41.992000,,1,,False,,False,True
2021-16,FP1,0 days 01:08:40.871000,RUS,63,0 days 00:01:29.303000,18.0,5.0,,,0 days 00:00:33.113000,0 days 00:00:31.663000,0 days 00:00:24.527000,0 days 01:07:44.681000,0 days 01:08:16.344000,0 days 01:08:40.871000,268.0,285.0,238.0,299.0,False,MEDIUM,10.0,False,Williams,0 days 01:07:11.568000,,1,,False,,False,True
2021-16,FP1,0 days 01:10:10.251000,RUS,63,0 days 00:01:29.380000,19.0,5.0,,,0 days 00:00:33.079000,0 days 00:00:31.652000,0 days 00:00:24.649000,0 days 01:09:13.950000,0 days 01:09:45.602000,0 days 01:10:10.251000,271.0,283.0,238.0,291.0,False,MEDIUM,11.0,False,Williams,0 days 01:08:40.871000,,1,,False,,False,True
2021-16,FP1,0 days 01:11:39.523000,RUS,63,0 days 00:01:29.272000,20.0,5.0,,,0 days 00:00:32.906000,0 days 00:00:31.617000,0 days 00:00:24.749000,0 days 01:10:43.157000,0 days 01:11:14.774000,0 days 01:11:39.523000,271.0,284.0,240.0,291.0,False,MEDIUM,12.0,False,Williams,0 days 01:10:10.251000,,1,,False,,False,True
2021-16,FP1,0 days 01:13:08.802000,RUS,63,0 days 00:01:29.279000,21.0,5.0,,,0 days 00:00:32.910000,0 days 00:00:31.692000,0 days 00:00:24.677000,0 days 01:12:12.433000,0 days 01:12:44.125000,0 days 01:13:08.802000,268.0,283.0,238.0,292.0,False,MEDIUM,13.0,False,Williams,0 days 01:11:39.523000,,1,,False,,False,True
2021-16,FP1,0 days 01:14:37.789000,RUS,63,0 days 00:01:28.987000,22.0,5.0,,,0 days 00:00:33.009000,0 days 00:00:31.424000,0 days 00:00:24.554000,0 days 01:13:41.811000,0 days 01:14:13.235000,0 days 01:14:37.789000,270.0,284.0,238.0,290.0,False,MEDIUM,14.0,False,Williams,0 days 01:13:08.802000,,1,,False,,False,True
2021-16,FP1,0 days 01:16:06.837000,RUS,63,0 days 00:01:29.048000,23.0,5.0,,,0 days 00:00:32.852000,0 days 00:00:31.563000,0 days 00:00:24.633000,0 days 01:15:10.641000,0 days 01:15:42.204000,0 days 01:16:06.837000,272.0,285.0,242.0,284.0,False,MEDIUM,15.0,False,Williams,0 days 01:14:37.789000,,1,,False,,False,True
2021-16,FP1,0 days 01:18:06.848000,RUS,63,0 days 00:02:00.011000,24.0,5.0,,,0 days 00:00:42.223000,0 days 00:00:35.958000,0 days 00:00:41.830000,0 days 01:16:49.060000,0 days 01:17:25.018000,0 days 01:18:06.848000,111.0,271.0,54.0,161.0,False,MEDIUM,16.0,False,Williams,0 days 01:16:06.837000,,1,,False,,False,True
2021-16,FP1,0 days 01:20:21.011000,RUS,63,0 days 00:02:14.163000,25.0,5.0,,0 days 01:20:21.055000,0 days 00:01:12.966000,0 days 00:00:34.979000,0 days 00:00:26.218000,0 days 01:19:19.814000,0 days 01:19:54.793000,0 days 01:20:21.011000,211.0,270.0,,227.0,False,MEDIUM,17.0,False,Williams,0 days 01:18:06.848000,,1,,False,,False,False
2021-16,FP1,0 days 00:18:07.241000,BOT,77,,1.0,1.0,0 days 00:16:29.773000,,,0 days 00:00:34.895000,0 days 00:00:26.632000,,0 days 00:17:40.641000,0 days 00:18:07.376000,259.0,266.0,242.0,299.0,False,SOFT,1.0,True,Mercedes,0 days 00:16:29.773000,,1,,False,,False,False
2021-16,FP1,0 days 00:19:35.245000,BOT,77,0 days 00:01:28.004000,2.0,1.0,,,0 days 00:00:32.735000,0 days 00:00:31.350000,0 days 00:00:23.919000,0 days 00:18:39.976000,0 days 00:19:11.326000,0 days 00:19:35.245000,271.0,277.0,240.0,317.0,True,SOFT,2.0,True,Mercedes,0 days 00:18:07.241000,,1,,False,,False,True
2021-16,FP1,0 days 00:21:23.989000,BOT,77,0 days 00:01:48.744000,3.0,1.0,,0 days 00:21:23.394000,0 days 00:00:40.606000,0 days 00:00:38.923000,0 days 00:00:29.215000,0 days 00:20:15.851000,0 days 00:20:54.774000,0 days 00:21:23.989000,238.0,235.0,,148.0,False,SOFT,3.0,True,Mercedes,0 days 00:19:35.245000,,1,,False,,False,False
2021-16,FP1,0 days 00:23:32.789000,BOT,77,0 days 00:02:08.800000,4.0,2.0,0 days 00:21:49.392000,,0 days 00:00:59.251000,0 days 00:00:37.028000,0 days 00:00:32.521000,0 days 00:22:23.240000,0 days 00:23:00.268000,0 days 00:23:32.789000,151.0,261.0,243.0,111.0,False,SOFT,4.0,False,Mercedes,0 days 00:21:23.989000,,1,,False,,False,False
2021-16,FP1,0 days 00:25:10.547000,BOT,77,0 days 00:01:37.758000,5.0,2.0,,,0 days 00:00:36.019000,0 days 00:00:35.207000,0 days 00:00:26.532000,0 days 00:24:08.808000,0 days 00:24:44.015000,0 days 00:25:10.547000,258.0,265.0,245.0,232.0,False,SOFT,5.0,False,Mercedes,0 days 00:23:32.789000,,1,,False,,False,True
2021-16,FP1,0 days 00:26:36.698000,BOT,77,0 days 00:01:26.151000,6.0,2.0,,,0 days 00:00:31.620000,0 days 00:00:30.720000,0 days 00:00:23.811000,0 days 00:25:42.167000,0 days 00:26:12.887000,0 days 00:26:36.698000,273.0,279.0,243.0,319.0,True,SOFT,6.0,False,Mercedes,0 days 00:25:10.547000,,1,,False,,False,True
2021-16,FP1,0 days 00:28:27.585000,BOT,77,0 days 00:01:50.887000,7.0,2.0,,0 days 00:28:27.006000,0 days 00:00:37.290000,0 days 00:00:39.552000,0 days 00:00:34.045000,0 days 00:27:13.988000,0 days 00:27:53.540000,0 days 00:28:27.585000,257.0,156.0,,198.0,False,SOFT,7.0,False,Mercedes,0 days 00:26:36.698000,,1,,False,,False,False
2021-16,FP1,0 days 00:31:49.600000,BOT,77,,8.0,3.0,0 days 00:30:09.816000,,,0 days 00:00:37.641000,0 days 00:00:26.872000,,0 days 00:31:22.733000,0 days 00:31:49.713000,127.0,262.0,246.0,252.0,False,SOFT,8.0,False,Mercedes,0 days 00:28:27.585000,,1,,False,,False,False
2021-16,FP1,0 days 00:33:14.967000,BOT,77,0 days 00:01:25.367000,9.0,3.0,,,0 days 00:00:31.518000,0 days 00:00:30.386000,0 days 00:00:23.463000,0 days 00:32:21.118000,0 days 00:32:51.504000,0 days 00:33:14.967000,277.0,281.0,244.0,325.0,True,SOFT,9.0,False,Mercedes,0 days 00:31:49.600000,,1,,False,,False,True
2021-16,FP1,0 days 00:35:00.729000,BOT,77,0 days 00:01:45.762000,10.0,3.0,,0 days 00:35:00.165000,0 days 00:00:36.889000,0 days 00:00:40.453000,0 days 00:00:28.420000,0 days 00:33:51.856000,0 days 00:34:32.309000,0 days 00:35:00.729000,154.0,215.0,,253.0,False,SOFT,10.0,False,Mercedes,0 days 00:33:14.967000,,1,,False,,False,False
2021-16,FP1,0 days 00:45:58.050000,BOT,77,,11.0,4.0,0 days 00:44:05.952000,,,0 days 00:00:39.518000,0 days 00:00:30.914000,,0 days 00:45:27.181000,0 days 00:45:58.194000,261.0,255.0,249.0,141.0,False,SOFT,1.0,True,Mercedes,0 days 00:35:00.729000,,1,,False,,False,False
2021-16,FP1,0 days 00:47:22.892000,BOT,77,0 days 00:01:24.842000,12.0,4.0,,,0 days 00:00:31.344000,0 days 00:00:30.162000,0 days 00:00:23.336000,0 days 00:46:29.394000,0 days 00:46:59.556000,0 days 00:47:22.892000,280.0,286.0,249.0,327.0,True,SOFT,2.0,True,Mercedes,0 days 00:45:58.050000,,1,,False,,False,True
2021-16,FP1,0 days 00:49:11.481000,BOT,77,0 days 00:01:48.589000,13.0,4.0,,0 days 00:49:11.405000,0 days 00:00:37.738000,0 days 00:00:42.738000,0 days 00:00:28.113000,0 days 00:48:00.630000,0 days 00:48:43.368000,0 days 00:49:11.481000,252.0,264.0,,269.0,False,SOFT,3.0,True,Mercedes,0 days 00:47:22.892000,,1,,False,,False,False
2021-16,FP1,0 days 00:51:36.066000,BOT,77,0 days 00:02:24.585000,14.0,5.0,0 days 00:49:45.635000,,0 days 00:01:11.632000,0 days 00:00:40.797000,0 days 00:00:32.156000,0 days 00:50:23.113000,0 days 00:51:03.910000,0 days 00:51:36.066000,239.0,260.0,246.0,198.0,False,SOFT,4.0,False,Mercedes,0 days 00:49:11.481000,,1,,False,,False,False
2021-16,FP1,0 days 00:53:01.238000,BOT,77,0 days 00:01:25.172000,15.0,5.0,,,0 days 00:00:31.406000,0 days 00:00:30.450000,0 days 00:00:23.316000,0 days 00:52:07.472000,0 days 00:52:37.922000,0 days 00:53:01.238000,272.0,281.0,244.0,322.0,False,SOFT,5.0,False,Mercedes,0 days 00:51:36.066000,,1,,False,,False,True
2021-16,FP1,0 days 00:54:54.436000,BOT,77,0 days 00:01:53.198000,16.0,5.0,,,0 days 00:00:37.759000,0 days 00:00:42.692000,0 days 00:00:32.747000,0 days 00:53:38.997000,0 days 00:54:21.689000,0 days 00:54:54.436000,246.0,210.0,246.0,180.0,False,SOFT,6.0,False,Mercedes,0 days 00:53:01.238000,,1,,False,,False,True
2021-16,FP1,0 days 00:56:26.904000,BOT,77,0 days 00:01:32.468000,17.0,5.0,,0 days 00:56:26.338000,0 days 00:00:31.319000,0 days 00:00:30.750000,0 days 00:00:30.399000,0 days 00:55:25.755000,0 days 00:55:56.505000,0 days 00:56:26.904000,273.0,260.0,,246.0,False,SOFT,7.0,False,Mercedes,0 days 00:54:54.436000,,1,,False,,False,False
2021-16,FP1,0 days 01:03:21.654000,BOT,77,,18.0,6.0,0 days 01:01:46.211000,,,0 days 00:00:35.002000,0 days 00:00:25.765000,,0 days 01:02:55.936000,0 days 01:03:21.833000,237.0,265.0,235.0,266.0,False,SOFT,8.0,False,Mercedes,0 days 00:56:26.904000,,1,,False,,False,False
2021-16,FP1,0 days 01:04:49.701000,BOT,77,0 days 00:01:28.047000,19.0,6.0,,,0 days 00:00:32.442000,0 days 00:00:31.324000,0 days 00:00:24.281000,0 days 01:03:54.096000,0 days 01:04:25.420000,0 days 01:04:49.701000,266.0,279.0,234.0,298.0,False,SOFT,9.0,False,Mercedes,0 days 01:03:21.654000,,1,,False,,False,True
2021-16,FP1,0 days 01:06:17.894000,BOT,77,0 days 00:01:28.193000,20.0,6.0,,,0 days 00:00:32.751000,0 days 00:00:31.194000,0 days 00:00:24.248000,0 days 01:05:22.452000,0 days 01:05:53.646000,0 days 01:06:17.894000,266.0,280.0,236.0,298.0,False,SOFT,10.0,False,Mercedes,0 days 01:04:49.701000,,1,,False,,False,True
2021-16,FP1,0 days 01:07:46.732000,BOT,77,0 days 00:01:28.838000,21.0,6.0,,,0 days 00:00:32.767000,0 days 00:00:31.316000,0 days 00:00:24.755000,0 days 01:06:50.661000,0 days 01:07:21.977000,0 days 01:07:46.732000,264.0,280.0,234.0,296.0,False,SOFT,11.0,False,Mercedes,0 days 01:06:17.894000,,1,,False,,False,True
2021-16,FP1,0 days 01:09:16.631000,BOT,77,0 days 00:01:29.899000,22.0,6.0,,,0 days 00:00:33.173000,0 days 00:00:31.800000,0 days 00:00:24.926000,0 days 01:08:19.905000,0 days 01:08:51.705000,0 days 01:09:16.631000,273.0,281.0,237.0,299.0,False,SOFT,12.0,False,Mercedes,0 days 01:07:46.732000,,1,,False,,False,True
2021-16,FP1,0 days 01:10:46.696000,BOT,77,0 days 00:01:30.065000,23.0,6.0,,,0 days 00:00:33.286000,0 days 00:00:31.897000,0 days 00:00:24.882000,0 days 01:09:49.917000,0 days 01:10:21.814000,0 days 01:10:46.696000,270.0,282.0,242.0,296.0,False,SOFT,13.0,False,Mercedes,0 days 01:09:16.631000,,1,,False,,False,True
2021-16,FP1,0 days 01:12:23.713000,BOT,77,0 days 00:01:37.017000,24.0,6.0,,,0 days 00:00:34.024000,0 days 00:00:32.716000,0 days 00:00:30.277000,0 days 01:11:20.720000,0 days 01:11:53.436000,0 days 01:12:23.713000,278.0,281.0,235.0,265.0,False,SOFT,14.0,False,Mercedes,0 days 01:10:46.696000,,1,,False,,False,True
2021-16,FP1,0 days 01:13:52.713000,BOT,77,0 days 00:01:29,25.0,6.0,,,0 days 00:00:32.745000,0 days 00:00:31.430000,0 days 00:00:24.825000,0 days 01:12:56.458000,0 days 01:13:27.888000,0 days 01:13:52.713000,267.0,279.0,235.0,297.0,False,SOFT,15.0,False,Mercedes,0 days 01:12:23.713000,,1,,False,,False,True
2021-16,FP1,0 days 01:15:22.228000,BOT,77,0 days 00:01:29.515000,26.0,6.0,,,0 days 00:00:33.207000,0 days 00:00:31.512000,0 days 00:00:24.796000,0 days 01:14:25.920000,0 days 01:14:57.432000,0 days 01:15:22.228000,271.0,281.0,236.0,298.0,False,SOFT,16.0,False,Mercedes,0 days 01:13:52.713000,,1,,False,,False,True
2021-16,FP1,0 days 01:17:29.789000,BOT,77,0 days 00:02:07.561000,27.0,6.0,,,0 days 00:00:41.193000,0 days 00:00:41.891000,0 days 00:00:44.477000,0 days 01:16:03.421000,0 days 01:16:45.312000,0 days 01:17:29.789000,188.0,181.0,69.0,134.0,False,SOFT,17.0,False,Mercedes,0 days 01:15:22.228000,,1,,False,,False,True
2021-16,FP1,0 days 01:19:48.626000,BOT,77,0 days 00:02:18.837000,28.0,6.0,,0 days 01:19:48.658000,0 days 00:01:10.950000,0 days 00:00:40.842000,0 days 00:00:27.045000,0 days 01:18:40.739000,0 days 01:19:21.581000,0 days 01:19:48.626000,171.0,261.0,,255.0,False,SOFT,18.0,False,Mercedes,0 days 01:17:29.789000,,1,,False,,False,False
2021-16,FP1,0 days 00:17:04.029000,GIO,99,,1.0,1.0,0 days 00:15:21.016000,,,0 days 00:00:36.091000,0 days 00:00:28.802000,,0 days 00:16:35.233000,0 days 00:17:04.205000,177.0,276.0,243.0,225.0,False,SOFT,1.0,True,Alfa Romeo Racing,0 days 00:15:21.016000,,1,,False,,False,False
2021-16,FP1,0 days 00:18:33.426000,GIO,99,0 days 00:01:29.397000,2.0,1.0,,,0 days 00:00:33.135000,0 days 00:00:31.825000,0 days 00:00:24.437000,0 days 00:17:37.164000,0 days 00:18:08.989000,0 days 00:18:33.426000,276.0,280.0,241.0,322.0,True,SOFT,2.0,True,Alfa Romeo Racing,0 days 00:17:04.029000,,1,,False,,False,True
2021-16,FP1,0 days 00:20:01.879000,GIO,99,0 days 00:01:28.453000,3.0,1.0,,,0 days 00:00:32.952000,0 days 00:00:31.308000,0 days 00:00:24.193000,0 days 00:19:06.378000,0 days 00:19:37.686000,0 days 00:20:01.879000,277.0,282.0,243.0,324.0,True,SOFT,3.0,True,Alfa Romeo Racing,0 days 00:18:33.426000,,1,,False,,False,True
2021-16,FP1,0 days 00:22:24.233000,GIO,99,0 days 00:02:22.354000,4.0,1.0,,,0 days 00:00:50.990000,0 days 00:00:51.921000,0 days 00:00:39.443000,0 days 00:20:52.869000,0 days 00:21:44.790000,0 days 00:22:24.233000,149.0,238.0,243.0,113.0,False,SOFT,4.0,True,Alfa Romeo Racing,0 days 00:20:01.879000,,1,,False,,False,True
2021-16,FP1,0 days 00:23:51.686000,GIO,99,0 days 00:01:27.453000,5.0,1.0,,,0 days 00:00:32.387000,0 days 00:00:30.992000,0 days 00:00:24.074000,0 days 00:22:56.620000,0 days 00:23:27.612000,0 days 00:23:51.686000,280.0,283.0,245.0,328.0,True,SOFT,5.0,True,Alfa Romeo Racing,0 days 00:22:24.233000,,1,,False,,False,True
2021-16,FP1,0 days 00:26:06.360000,GIO,99,0 days 00:02:14.674000,6.0,1.0,,,0 days 00:00:49.291000,0 days 00:00:51.046000,0 days 00:00:34.337000,0 days 00:24:40.977000,0 days 00:25:32.023000,0 days 00:26:06.360000,123.0,152.0,244.0,152.0,False,SOFT,6.0,True,Alfa Romeo Racing,0 days 00:23:51.686000,,1,,False,,False,True
2021-16,FP1,0 days 00:27:33.474000,GIO,99,0 days 00:01:27.114000,7.0,1.0,,,0 days 00:00:32.267000,0 days 00:00:30.819000,0 days 00:00:24.028000,0 days 00:26:38.627000,0 days 00:27:09.446000,0 days 00:27:33.474000,284.0,283.0,246.0,325.0,True,SOFT,7.0,True,Alfa Romeo Racing,0 days 00:26:06.360000,,1,,False,,False,True
2021-16,FP1,0 days 00:29:20.628000,GIO,99,0 days 00:01:47.154000,8.0,1.0,,0 days 00:29:20.072000,0 days 00:00:37.853000,0 days 00:00:40.455000,0 days 00:00:28.846000,0 days 00:28:11.327000,0 days 00:28:51.782000,0 days 00:29:20.628000,256.0,142.0,,249.0,False,SOFT,8.0,True,Alfa Romeo Racing,0 days 00:27:33.474000,,1,,False,,False,False
2021-16,FP1,0 days 00:31:31.601000,GIO,99,0 days 00:02:10.973000,9.0,2.0,0 days 00:29:45.890000,0 days 00:31:31.618000,0 days 00:01:02.814000,0 days 00:00:40.013000,0 days 00:00:28.146000,0 days 00:30:23.442000,0 days 00:31:03.455000,0 days 00:31:31.601000,233.0,255.0,,232.0,False,SOFT,9.0,False,Alfa Romeo Racing,0 days 00:29:20.628000,,1,,False,,False,False
2021-16,FP1,0 days 00:43:30.751000,GIO,99,,10.0,3.0,0 days 00:41:28.802000,,,0 days 00:00:47.813000,0 days 00:00:31.182000,,0 days 00:42:59.599000,0 days 00:43:32.233000,181.0,268.0,244.0,222.0,False,SOFT,10.0,False,Alfa Romeo Racing,0 days 00:31:31.601000,,1,,False,,False,False
2021-16,FP1,0 days 00:44:57.284000,GIO,99,0 days 00:01:26.533000,11.0,3.0,,,0 days 00:00:31.965000,0 days 00:00:30.670000,0 days 00:00:23.898000,0 days 00:44:02.716000,0 days 00:44:33.386000,0 days 00:44:57.284000,280.0,284.0,244.0,326.0,True,SOFT,11.0,False,Alfa Romeo Racing,0 days 00:43:30.751000,,1,,False,,False,True
2021-16,FP1,0 days 00:47:19.329000,GIO,99,0 days 00:02:22.045000,12.0,3.0,,,0 days 00:00:54.322000,0 days 00:00:52.483000,0 days 00:00:35.240000,0 days 00:45:51.606000,0 days 00:46:44.089000,0 days 00:47:19.329000,121.0,251.0,245.0,130.0,False,SOFT,12.0,False,Alfa Romeo Racing,0 days 00:44:57.284000,,1,,False,,False,True
2021-16,FP1,0 days 00:48:47.664000,GIO,99,0 days 00:01:28.335000,13.0,3.0,,,0 days 00:00:31.850000,0 days 00:00:30.917000,0 days 00:00:25.568000,0 days 00:47:51.179000,0 days 00:48:22.096000,0 days 00:48:47.664000,280.0,282.0,242.0,327.0,False,SOFT,13.0,False,Alfa Romeo Racing,0 days 00:47:19.329000,,1,,False,,False,True
2021-16,FP1,0 days 00:51:04.120000,GIO,99,0 days 00:02:16.456000,14.0,3.0,,,0 days 00:00:49.709000,0 days 00:00:52.386000,0 days 00:00:34.361000,0 days 00:49:37.373000,0 days 00:50:29.759000,0 days 00:51:04.120000,113.0,158.0,246.0,150.0,False,SOFT,14.0,False,Alfa Romeo Racing,0 days 00:48:47.664000,,1,,False,,False,True
2021-16,FP1,0 days 00:52:30.931000,GIO,99,0 days 00:01:26.811000,15.0,3.0,,,0 days 00:00:31.861000,0 days 00:00:30.649000,0 days 00:00:24.301000,0 days 00:51:35.981000,0 days 00:52:06.630000,0 days 00:52:30.931000,283.0,284.0,239.0,329.0,False,SOFT,15.0,False,Alfa Romeo Racing,0 days 00:51:04.120000,,1,,True,TRACK LIMITS AT TURN 14,False,True
2021-16,FP1,0 days 00:54:18.240000,GIO,99,0 days 00:01:47.309000,16.0,3.0,,0 days 00:54:18.256000,0 days 00:00:39.131000,0 days 00:00:39.558000,0 days 00:00:28.620000,0 days 00:53:10.062000,0 days 00:53:49.620000,0 days 00:54:18.240000,191.0,239.0,,225.0,False,SOFT,16.0,False,Alfa Romeo Racing,0 days 00:52:30.931000,,1,,False,,False,False
2021-16,FP1,0 days 01:06:52.704000,GIO,99,,17.0,4.0,0 days 01:04:45.441000,,,0 days 00:00:49.861000,0 days 00:00:34.875000,,0 days 01:06:17.908000,0 days 01:06:53.471000,193.0,136.0,242.0,131.0,False,SOFT,1.0,True,Alfa Romeo Racing,0 days 00:54:18.240000,,1,,False,,False,False
2021-16,FP1,0 days 01:08:18.516000,GIO,99,0 days 00:01:25.812000,18.0,4.0,,,0 days 00:00:31.964000,0 days 00:00:30.435000,0 days 00:00:23.413000,0 days 01:07:24.668000,0 days 01:07:55.103000,0 days 01:08:18.516000,281.0,285.0,247.0,327.0,False,SOFT,2.0,True,Alfa Romeo Racing,0 days 01:06:52.704000,,1,,True,TRACK LIMITS AT TURN 1,False,True
2021-16,FP1,0 days 01:10:30.063000,GIO,99,0 days 00:02:11.547000,19.0,4.0,,,0 days 00:00:54.864000,0 days 00:00:49.593000,0 days 00:00:27.090000,0 days 01:09:13.380000,0 days 01:10:02.973000,0 days 01:10:30.063000,89.0,254.0,246.0,242.0,False,SOFT,3.0,True,Alfa Romeo Racing,0 days 01:08:18.516000,,1,,False,,False,True
2021-16,FP1,0 days 01:12:27.095000,GIO,99,0 days 00:01:57.032000,20.0,4.0,,,0 days 00:00:44.724000,0 days 00:00:45.941000,0 days 00:00:26.367000,0 days 01:11:14.787000,0 days 01:12:00.728000,0 days 01:12:27.095000,157.0,255.0,245.0,291.0,False,SOFT,4.0,True,Alfa Romeo Racing,0 days 01:10:30.063000,,1,,True,TRACK LIMITS AT TURN 1,False,True
2021-16,FP1,0 days 01:14:25.911000,GIO,99,0 days 00:01:58.816000,21.0,4.0,,,0 days 00:00:41.666000,0 days 00:00:42.575000,0 days 00:00:34.575000,0 days 01:13:08.761000,0 days 01:13:51.336000,0 days 01:14:25.911000,101.0,193.0,245.0,208.0,False,SOFT,5.0,True,Alfa Romeo Racing,0 days 01:12:27.095000,,1,,False,,False,True
2021-16,FP1,0 days 01:15:51.724000,GIO,99,0 days 00:01:25.813000,22.0,4.0,,,0 days 00:00:31.631000,0 days 00:00:30.315000,0 days 00:00:23.867000,0 days 01:14:57.542000,0 days 01:15:27.857000,0 days 01:15:51.724000,283.0,286.0,246.0,330.0,True,SOFT,6.0,True,Alfa Romeo Racing,0 days 01:14:25.911000,,1,,False,,False,True
2021-16,FP1,0 days 01:17:57.012000,GIO,99,0 days 00:02:05.288000,23.0,4.0,,,0 days 00:00:42.802000,0 days 00:00:38.184000,0 days 00:00:44.302000,0 days 01:16:34.526000,0 days 01:17:12.710000,0 days 01:17:57.012000,173.0,233.0,74.0,194.0,False,SOFT,7.0,True,Alfa Romeo Racing,0 days 01:15:51.724000,,1,,False,,False,True
2021-16,FP1,0 days 01:20:07.822000,GIO,99,0 days 00:02:10.810000,24.0,4.0,,0 days 01:20:07.267000,0 days 00:01:08.811000,0 days 00:00:35.069000,0 days 00:00:26.930000,0 days 01:19:05.823000,0 days 01:19:40.892000,0 days 01:20:07.822000,249.0,262.0,,258.0,False,SOFT,8.0,True,Alfa Romeo Racing,0 days 01:17:57.012000,,1,,False,,False,False
2021-16,FP2,0 days 00:18:25.358000,RIC,3,,1.0,1.0,0 days 00:16:03.184000,,,0 days 00:00:36.562000,0 days 00:01:07.353000,,0 days 00:17:18.011000,0 days 00:18:25.502000,254.0,267.0,242.0,105.0,False,HARD,1.0,True,McLaren,0 days 00:16:03.184000,,1,,False,,False,False
2021-16,FP2,0 days 00:19:51.644000,RIC,3,0 days 00:01:26.286000,2.0,1.0,,,0 days 00:00:31.960000,0 days 00:00:30.495000,0 days 00:00:23.831000,0 days 00:18:57.318000,0 days 00:19:27.813000,0 days 00:19:51.644000,278.0,284.0,248.0,318.0,True,HARD,2.0,True,McLaren,0 days 00:18:25.358000,,1,,False,,False,True
2021-16,FP2,0 days 00:21:45.960000,RIC,3,0 days 00:01:54.316000,3.0,1.0,,,0 days 00:00:43.144000,0 days 00:00:40.301000,0 days 00:00:30.871000,0 days 00:20:34.788000,0 days 00:21:15.089000,0 days 00:21:45.960000,255.0,258.0,245.0,109.0,False,HARD,3.0,True,McLaren,0 days 00:19:51.644000,,1,,False,,False,True
2021-16,FP2,0 days 00:23:11.455000,RIC,3,0 days 00:01:25.495000,4.0,1.0,,,0 days 00:00:31.724000,0 days 00:00:30.359000,0 days 00:00:23.412000,0 days 00:22:17.684000,0 days 00:22:48.043000,0 days 00:23:11.455000,278.0,284.0,248.0,324.0,True,HARD,4.0,True,McLaren,0 days 00:21:45.960000,,12,,False,,False,True
2021-16,FP2,0 days 00:25:13.414000,RIC,3,0 days 00:02:01.959000,5.0,1.0,,,0 days 00:00:42.478000,0 days 00:00:44.570000,0 days 00:00:34.911000,0 days 00:23:53.933000,0 days 00:24:38.503000,0 days 00:25:13.414000,250.0,220.0,244.0,182.0,False,HARD,5.0,True,McLaren,0 days 00:23:11.455000,,21,,False,,False,True
2021-16,FP2,0 days 00:26:38.474000,RIC,3,0 days 00:01:25.060000,6.0,1.0,,,0 days 00:00:31.461000,0 days 00:00:30.195000,0 days 00:00:23.404000,0 days 00:25:44.875000,0 days 00:26:15.070000,0 days 00:26:38.474000,281.0,284.0,247.0,324.0,True,HARD,6.0,True,McLaren,0 days 00:25:13.414000,,1,,False,,False,True
2021-16,FP2,0 days 00:28:24.760000,RIC,3,0 days 00:01:46.286000,7.0,1.0,,0 days 00:28:24.216000,0 days 00:00:39.890000,0 days 00:00:40.844000,0 days 00:00:25.552000,0 days 00:27:18.364000,0 days 00:27:59.208000,0 days 00:28:24.760000,85.0,270.0,,285.0,False,HARD,7.0,True,McLaren,0 days 00:26:38.474000,,1,,False,,False,False
2021-16,FP2,0 days 00:35:34.881000,RIC,3,,8.0,2.0,0 days 00:33:52.127000,,,0 days 00:00:39.276000,0 days 00:00:25.121000,,0 days 00:35:09.840000,0 days 00:35:35.067000,138.0,265.0,246.0,303.0,False,SOFT,1.0,True,McLaren,0 days 00:28:24.760000,,1,,False,,False,False
2021-16,FP2,0 days 00:37:00.183000,RIC,3,0 days 00:01:25.302000,9.0,2.0,,,0 days 00:00:31.519000,0 days 00:00:30.246000,0 days 00:00:23.537000,0 days 00:36:06.400000,0 days 00:36:36.646000,0 days 00:37:00.183000,276.0,288.0,247.0,319.0,False,SOFT,2.0,True,McLaren,0 days 00:35:34.881000,,1,,False,,False,True
2021-16,FP2,0 days 00:38:52.214000,RIC,3,0 days 00:01:52.031000,10.0,2.0,,,0 days 00:00:42.859000,0 days 00:00:41.510000,0 days 00:00:27.662000,0 days 00:37:43.042000,0 days 00:38:24.552000,0 days 00:38:52.214000,219.0,262.0,247.0,264.0,False,SOFT,3.0,True,McLaren,0 days 00:37:00.183000,,1,,False,,False,True
2021-16,FP2,0 days 00:40:17.387000,RIC,3,0 days 00:01:25.173000,11.0,2.0,,,0 days 00:00:31.393000,0 days 00:00:30.256000,0 days 00:00:23.524000,0 days 00:39:23.607000,0 days 00:39:53.863000,0 days 00:40:17.387000,279.0,289.0,248.0,327.0,False,SOFT,4.0,True,McLaren,0 days 00:38:52.214000,,1,,False,,False,True
2021-16,FP2,0 days 00:41:59.894000,RIC,3,0 days 00:01:42.507000,12.0,2.0,,0 days 00:41:59.354000,0 days 00:00:38.350000,0 days 00:00:31.972000,0 days 00:00:32.185000,0 days 00:40:55.737000,0 days 00:41:27.709000,0 days 00:41:59.894000,263.0,272.0,,114.0,False,SOFT,5.0,True,McLaren,0 days 00:40:17.387000,,1,,False,,False,False
2021-16,FP2,0 days 00:57:08.176000,RIC,3,,13.0,3.0,0 days 00:55:15.727000,,,0 days 00:00:41.184000,0 days 00:00:27.510000,,0 days 00:56:40.709000,0 days 00:57:08.324000,253.0,263.0,247.0,281.0,False,SOFT,1.0,True,McLaren,0 days 00:41:59.894000,,1,,False,,False,False
2021-16,FP2,0 days 00:58:44.744000,RIC,3,0 days 00:01:36.568000,14.0,3.0,,,0 days 00:00:31.263000,0 days 00:00:37.348000,0 days 00:00:27.957000,0 days 00:57:39.439000,0 days 00:58:16.787000,0 days 00:58:44.744000,277.0,246.0,247.0,250.0,False,SOFT,2.0,True,McLaren,0 days 00:57:08.176000,,1,,True,TRACK LIMITS AT TURN 1,False,True
2021-16,FP2,0 days 01:00:09.719000,RIC,3,0 days 00:01:24.975000,15.0,3.0,,,0 days 00:00:31.282000,0 days 00:00:30.036000,0 days 00:00:23.657000,0 days 00:59:16.026000,0 days 00:59:46.062000,0 days 01:00:09.719000,279.0,286.0,248.0,321.0,False,SOFT,3.0,True,McLaren,0 days 00:58:44.744000,,1,,True,TRACK LIMITS AT TURN 1,False,True
2021-16,FP2,0 days 01:01:41.254000,RIC,3,0 days 00:01:31.535000,16.0,3.0,,0 days 01:01:40.728000,0 days 00:00:33.762000,0 days 00:00:32.481000,0 days 00:00:25.292000,0 days 01:00:43.481000,0 days 01:01:15.962000,0 days 01:01:41.254000,261.0,272.0,,311.0,False,SOFT,4.0,True,McLaren,0 days 01:00:09.719000,,1,,False,,False,False
2021-16,FP2,0 days 01:10:05.941000,RIC,3,,17.0,4.0,0 days 01:08:25.652000,,,0 days 00:00:38.879000,0 days 00:00:27.473000,,0 days 01:09:38.468000,0 days 01:10:07.476000,264.0,268.0,233.0,270.0,False,SOFT,6.0,False,McLaren,0 days 01:01:41.254000,,12,,False,,False,False
2021-16,FP2,0 days 01:11:35.244000,RIC,3,0 days 00:01:29.303000,18.0,4.0,,,0 days 00:00:32.960000,0 days 00:00:31.745000,0 days 00:00:24.598000,0 days 01:10:38.901000,0 days 01:11:10.646000,0 days 01:11:35.244000,269.0,279.0,238.0,304.0,False,SOFT,7.0,False,McLaren,0 days 01:10:05.941000,,12,,False,,False,True
2021-16,FP2,0 days 01:13:04.116000,RIC,3,0 days 00:01:28.872000,19.0,4.0,,,0 days 00:00:32.884000,0 days 00:00:31.466000,0 days 00:00:24.522000,0 days 01:12:08.128000,0 days 01:12:39.594000,0 days 01:13:04.116000,269.0,281.0,237.0,298.0,False,SOFT,8.0,False,McLaren,0 days 01:11:35.244000,,1,,False,,False,True
2021-16,FP2,0 days 01:14:32.901000,RIC,3,0 days 00:01:28.785000,20.0,4.0,,,0 days 00:00:32.944000,0 days 00:00:31.256000,0 days 00:00:24.585000,0 days 01:13:37.060000,0 days 01:14:08.316000,0 days 01:14:32.901000,270.0,281.0,236.0,299.0,False,SOFT,9.0,False,McLaren,0 days 01:13:04.116000,,12,,False,,False,True
2021-16,FP2,0 days 01:16:02.007000,RIC,3,0 days 00:01:29.106000,21.0,4.0,,,0 days 00:00:33.107000,0 days 00:00:31.383000,0 days 00:00:24.616000,0 days 01:15:06.008000,0 days 01:15:37.391000,0 days 01:16:02.007000,272.0,280.0,238.0,296.0,False,SOFT,10.0,False,McLaren,0 days 01:14:32.901000,,1,,False,,False,True
2021-16,FP2,0 days 01:17:56.698000,RIC,3,0 days 00:01:54.691000,22.0,4.0,,,0 days 00:00:37.997000,0 days 00:00:36.332000,0 days 00:00:40.362000,0 days 01:16:40.004000,0 days 01:17:16.336000,0 days 01:17:56.698000,228.0,266.0,92.0,165.0,False,SOFT,11.0,False,McLaren,0 days 01:16:02.007000,,1,,False,,False,True
2021-16,FP2,0 days 01:19:54.282000,RIC,3,0 days 00:01:57.584000,23.0,4.0,,0 days 01:19:53.776000,0 days 00:00:59.056000,0 days 00:00:33.028000,0 days 00:00:25.500000,0 days 01:18:55.754000,0 days 01:19:28.782000,0 days 01:19:54.282000,265.0,271.0,,296.0,False,SOFT,12.0,False,McLaren,0 days 01:17:56.698000,,1,,False,,False,False
2021-16,FP2,0 days 00:18:42.508000,NOR,4,,1.0,1.0,0 days 00:16:46.521000,,,0 days 00:00:36.030000,0 days 00:00:43.583000,,0 days 00:17:58.998000,0 days 00:18:42.630000,243.0,269.0,242.0,244.0,False,HARD,1.0,True,McLaren,0 days 00:16:46.521000,,1,,False,,False,False
2021-16,FP2,0 days 00:20:08.261000,NOR,4,0 days 00:01:25.753000,2.0,1.0,,,0 days 00:00:31.845000,0 days 00:00:30.459000,0 days 00:00:23.449000,0 days 00:19:14.353000,0 days 00:19:44.812000,0 days 00:20:08.261000,278.0,284.0,246.0,320.0,True,HARD,2.0,True,McLaren,0 days 00:18:42.508000,,1,,False,,False,True
2021-16,FP2,0 days 00:22:13.715000,NOR,4,0 days 00:02:05.454000,3.0,1.0,,,0 days 00:00:45.275000,0 days 00:00:47.050000,0 days 00:00:33.129000,0 days 00:20:53.536000,0 days 00:21:40.586000,0 days 00:22:13.715000,209.0,255.0,244.0,266.0,False,HARD,3.0,True,McLaren,0 days 00:20:08.261000,,1,,False,,False,True
2021-16,FP2,0 days 00:23:41.088000,NOR,4,0 days 00:01:27.373000,4.0,1.0,,,0 days 00:00:31.457000,0 days 00:00:31.525000,0 days 00:00:24.391000,0 days 00:22:45.172000,0 days 00:23:16.697000,0 days 00:23:41.088000,279.0,271.0,229.0,318.0,False,HARD,4.0,True,McLaren,0 days 00:22:13.715000,,12,,False,,False,True
2021-16,FP2,0 days 00:25:40.532000,NOR,4,0 days 00:01:59.444000,5.0,1.0,,,0 days 00:00:43.747000,0 days 00:00:45.771000,0 days 00:00:29.926000,0 days 00:24:24.835000,0 days 00:25:10.606000,0 days 00:25:40.532000,120.0,152.0,249.0,195.0,False,HARD,5.0,True,McLaren,0 days 00:23:41.088000,,1,,False,,False,True
2021-16,FP2,0 days 00:27:05.320000,NOR,4,0 days 00:01:24.788000,6.0,1.0,,,0 days 00:00:31.243000,0 days 00:00:30.228000,0 days 00:00:23.317000,0 days 00:26:11.775000,0 days 00:26:42.003000,0 days 00:27:05.320000,282.0,285.0,247.0,326.0,True,HARD,6.0,True,McLaren,0 days 00:25:40.532000,,1,,False,,False,True
2021-16,FP2,0 days 00:28:47.660000,NOR,4,0 days 00:01:42.340000,7.0,1.0,,0 days 00:28:47.134000,0 days 00:00:41.523000,0 days 00:00:34.508000,0 days 00:00:26.309000,0 days 00:27:46.843000,0 days 00:28:21.351000,0 days 00:28:47.660000,233.0,270.0,,249.0,False,HARD,7.0,True,McLaren,0 days 00:27:05.320000,,1,,False,,False,False
2021-16,FP2,0 days 00:36:30.540000,NOR,4,,8.0,2.0,0 days 00:34:43.110000,,,0 days 00:00:42.762000,0 days 00:00:30.795000,,0 days 00:35:59.752000,0 days 00:36:30.700000,261.0,157.0,246.0,249.0,False,SOFT,1.0,True,McLaren,0 days 00:28:47.660000,,1,,False,,False,False
2021-16,FP2,0 days 00:38:14.551000,NOR,4,0 days 00:01:44.011000,9.0,2.0,,,0 days 00:00:31.189000,0 days 00:00:38.635000,0 days 00:00:34.187000,0 days 00:37:01.729000,0 days 00:37:40.364000,0 days 00:38:14.551000,276.0,137.0,182.0,207.0,False,SOFT,2.0,True,McLaren,0 days 00:36:30.540000,,1,,False,,False,True
2021-16,FP2,0 days 00:40:18.284000,NOR,4,0 days 00:02:03.733000,10.0,2.0,,,0 days 00:00:45.670000,0 days 00:00:42.609000,0 days 00:00:35.454000,0 days 00:39:00.221000,0 days 00:39:42.830000,0 days 00:40:18.284000,197.0,231.0,249.0,238.0,False,SOFT,3.0,True,McLaren,0 days 00:38:14.551000,,1,,False,,False,True
2021-16,FP2,0 days 00:41:43.026000,NOR,4,0 days 00:01:24.742000,11.0,2.0,,,0 days 00:00:31.146000,0 days 00:00:30.260000,0 days 00:00:23.336000,0 days 00:40:49.430000,0 days 00:41:19.690000,0 days 00:41:43.026000,278.0,284.0,247.0,324.0,True,SOFT,4.0,True,McLaren,0 days 00:40:18.284000,,1,,False,,False,True
2021-16,FP2,0 days 00:43:30.842000,NOR,4,0 days 00:01:47.816000,12.0,2.0,,0 days 00:43:30.290000,0 days 00:00:44.651000,0 days 00:00:36.983000,0 days 00:00:26.182000,0 days 00:42:27.677000,0 days 00:43:04.660000,0 days 00:43:30.842000,216.0,263.0,,238.0,False,SOFT,5.0,True,McLaren,0 days 00:41:43.026000,,1,,False,,False,False
2021-16,FP2,0 days 00:56:06.161000,NOR,4,,13.0,3.0,0 days 00:54:21.074000,,,0 days 00:00:43.196000,0 days 00:00:27.105000,,0 days 00:55:39.138000,0 days 00:56:06.286000,245.0,260.0,246.0,298.0,False,SOFT,1.0,True,McLaren,0 days 00:43:30.842000,,1,,False,,False,False
2021-16,FP2,0 days 00:57:30.686000,NOR,4,0 days 00:01:24.525000,14.0,3.0,,,0 days 00:00:31.094000,0 days 00:00:30.063000,0 days 00:00:23.368000,0 days 00:56:37.255000,0 days 00:57:07.318000,0 days 00:57:30.686000,278.0,285.0,246.0,320.0,True,SOFT,2.0,True,McLaren,0 days 00:56:06.161000,,1,,False,,False,True
2021-16,FP2,0 days 00:59:18.211000,NOR,4,0 days 00:01:47.525000,15.0,3.0,,0 days 00:59:17.696000,0 days 00:00:41.358000,0 days 00:00:38.781000,0 days 00:00:27.386000,0 days 00:58:12.044000,0 days 00:58:50.825000,0 days 00:59:18.211000,207.0,261.0,,237.0,False,SOFT,3.0,True,McLaren,0 days 00:57:30.686000,,1,,False,,False,False
2021-16,FP2,0 days 01:06:37.400000,NOR,4,,16.0,4.0,0 days 01:05:10.929000,,,0 days 00:00:31.832000,0 days 00:00:24.423000,,0 days 01:06:12.978000,0 days 01:06:39.043000,273.0,280.0,236.0,292.0,False,HARD,8.0,False,McLaren,0 days 00:59:18.211000,,12,,False,,False,False
2021-16,FP2,0 days 01:08:06.428000,NOR,4,0 days 00:01:29.028000,17.0,4.0,,,0 days 00:00:33.047000,0 days 00:00:31.492000,0 days 00:00:24.489000,0 days 01:07:10.447000,0 days 01:07:41.939000,0 days 01:08:06.428000,265.0,281.0,235.0,289.0,False,HARD,9.0,False,McLaren,0 days 01:06:37.400000,,1,,False,,False,True
2021-16,FP2,0 days 01:09:35.038000,NOR,4,0 days 00:01:28.610000,18.0,4.0,,,0 days 00:00:32.705000,0 days 00:00:31.337000,0 days 00:00:24.568000,0 days 01:08:39.133000,0 days 01:09:10.470000,0 days 01:09:35.038000,268.0,281.0,237.0,281.0,False,HARD,10.0,False,McLaren,0 days 01:08:06.428000,,1,,False,,False,True
2021-16,FP2,0 days 01:11:03.843000,NOR,4,0 days 00:01:28.805000,19.0,4.0,,,0 days 00:00:32.985000,0 days 00:00:31.327000,0 days 00:00:24.493000,0 days 01:10:08.023000,0 days 01:10:39.350000,0 days 01:11:03.843000,266.0,283.0,237.0,295.0,False,HARD,11.0,False,McLaren,0 days 01:09:35.038000,,12,,False,,False,True
2021-16,FP2,0 days 01:12:32.709000,NOR,4,0 days 00:01:28.866000,20.0,4.0,,0 days 01:12:32.138000,0 days 00:00:32.813000,0 days 00:00:31.140000,0 days 00:00:24.913000,0 days 01:11:36.656000,0 days 01:12:07.796000,0 days 01:12:32.709000,269.0,282.0,,295.0,False,HARD,12.0,False,McLaren,0 days 01:11:03.843000,,1,,False,,False,False
2021-16,FP2,0 days 01:14:19.534000,NOR,4,0 days 00:01:46.825000,21.0,5.0,0 days 01:12:56.208000,,0 days 00:00:51.284000,0 days 00:00:31.313000,0 days 00:00:24.228000,0 days 01:13:23.993000,0 days 01:13:55.306000,0 days 01:14:19.534000,267.0,281.0,236.0,293.0,False,SOFT,6.0,False,McLaren,0 days 01:12:32.709000,,12,,False,,False,False
2021-16,FP2,0 days 01:15:47.487000,NOR,4,0 days 00:01:27.953000,22.0,5.0,,,0 days 00:00:32.631000,0 days 00:00:31.076000,0 days 00:00:24.246000,0 days 01:14:52.165000,0 days 01:15:23.241000,0 days 01:15:47.487000,270.0,281.0,235.0,295.0,False,SOFT,7.0,False,McLaren,0 days 01:14:19.534000,,1,,False,,False,True
2021-16,FP2,0 days 01:17:45.641000,NOR,4,0 days 00:01:58.154000,23.0,5.0,,,0 days 00:00:37.110000,0 days 00:00:34.981000,0 days 00:00:46.063000,0 days 01:16:24.597000,0 days 01:16:59.578000,0 days 01:17:45.641000,216.0,267.0,79.0,176.0,False,SOFT,8.0,False,McLaren,0 days 01:15:47.487000,,1,,False,,False,True
2021-16,FP2,0 days 01:20:31.279000,NOR,4,,24.0,5.0,,0 days 01:20:31.274000,,0 days 00:00:37.378000,0 days 00:00:27.449000,,0 days 01:20:03.830000,0 days 01:20:31.371000,245.0,271.0,,225.0,False,SOFT,9.0,False,McLaren,0 days 01:17:45.641000,,1,,False,,False,False
2021-16,FP2,0 days 00:17:52.332000,VET,5,,1.0,1.0,0 days 00:15:48.386000,,,0 days 00:00:38.811000,0 days 00:00:50.019000,,0 days 00:17:02.344000,0 days 00:17:52.808000,252.0,268.0,244.0,169.0,False,MEDIUM,1.0,True,Aston Martin,0 days 00:15:48.386000,,1,,False,,False,False
2021-16,FP2,0 days 00:19:18.964000,VET,5,0 days 00:01:26.632000,2.0,1.0,,,0 days 00:00:32.354000,0 days 00:00:30.664000,0 days 00:00:23.614000,0 days 00:18:24.686000,0 days 00:18:55.350000,0 days 00:19:18.964000,276.0,285.0,246.0,323.0,True,MEDIUM,2.0,True,Aston Martin,0 days 00:17:52.332000,,1,,False,,False,True
2021-16,FP2,0 days 00:21:21.916000,VET,5,0 days 00:02:02.952000,3.0,1.0,,,0 days 00:00:44.537000,0 days 00:00:46.207000,0 days 00:00:32.208000,0 days 00:20:03.501000,0 days 00:20:49.708000,0 days 00:21:21.916000,197.0,218.0,244.0,253.0,False,MEDIUM,3.0,True,Aston Martin,0 days 00:19:18.964000,,1,,False,,False,True
2021-16,FP2,0 days 00:22:47.791000,VET,5,0 days 00:01:25.875000,4.0,1.0,,,0 days 00:00:31.932000,0 days 00:00:30.639000,0 days 00:00:23.304000,0 days 00:21:53.848000,0 days 00:22:24.487000,0 days 00:22:47.791000,276.0,282.0,247.0,328.0,True,MEDIUM,4.0,True,Aston Martin,0 days 00:21:21.916000,,1,,False,,False,True
2021-16,FP2,0 days 00:24:45.223000,VET,5,0 days 00:01:57.432000,5.0,1.0,,0 days 00:24:44.635000,0 days 00:00:43.685000,0 days 00:00:43.164000,0 days 00:00:30.583000,0 days 00:23:31.476000,0 days 00:24:14.640000,0 days 00:24:45.223000,221.0,260.0,,216.0,False,MEDIUM,5.0,True,Aston Martin,0 days 00:22:47.791000,,12,,False,,False,False
2021-16,FP2,0 days 00:33:41.414000,VET,5,,6.0,2.0,0 days 00:31:55.719000,,,0 days 00:00:42.124000,0 days 00:00:27.093000,,0 days 00:33:14.358000,0 days 00:33:42.432000,209.0,249.0,249.0,278.0,False,SOFT,1.0,True,Aston Martin,0 days 00:24:45.223000,,1,,False,,False,False
2021-16,FP2,0 days 00:35:06.643000,VET,5,0 days 00:01:25.229000,7.0,2.0,,,0 days 00:00:31.584000,0 days 00:00:30.325000,0 days 00:00:23.320000,0 days 00:34:12.998000,0 days 00:34:43.323000,0 days 00:35:06.643000,278.0,288.0,247.0,326.0,True,SOFT,2.0,True,Aston Martin,0 days 00:33:41.414000,,1,,False,,False,True
2021-16,FP2,0 days 00:37:11.215000,VET,5,0 days 00:02:04.572000,8.0,2.0,,0 days 00:37:10.640000,0 days 00:00:48.404000,0 days 00:00:44.913000,0 days 00:00:31.255000,0 days 00:35:55.047000,0 days 00:36:39.960000,0 days 00:37:11.215000,169.0,259.0,,187.0,False,SOFT,3.0,True,Aston Martin,0 days 00:35:06.643000,,1,,False,,False,False
2021-16,FP2,0 days 00:39:26.708000,VET,5,0 days 00:02:15.493000,9.0,3.0,0 days 00:37:35.715000,,0 days 00:01:02.012000,0 days 00:00:42.039000,0 days 00:00:31.442000,0 days 00:38:13.227000,0 days 00:38:55.266000,0 days 00:39:26.708000,247.0,268.0,246.0,242.0,False,SOFT,4.0,False,Aston Martin,0 days 00:37:11.215000,,1,,False,,False,False
2021-16,FP2,0 days 00:40:52.037000,VET,5,0 days 00:01:25.329000,10.0,3.0,,,0 days 00:00:31.631000,0 days 00:00:30.331000,0 days 00:00:23.367000,0 days 00:39:58.339000,0 days 00:40:28.670000,0 days 00:40:52.037000,275.0,285.0,248.0,322.0,False,SOFT,5.0,False,Aston Martin,0 days 00:39:26.708000,,1,,False,,False,True
2021-16,FP2,0 days 00:42:33.289000,VET,5,0 days 00:01:41.252000,11.0,3.0,,0 days 00:42:33.296000,0 days 00:00:39.683000,0 days 00:00:34.355000,0 days 00:00:27.214000,0 days 00:41:31.720000,0 days 00:42:06.075000,0 days 00:42:33.289000,235.0,271.0,,238.0,False,SOFT,6.0,False,Aston Martin,0 days 00:40:52.037000,,1,,False,,False,False
2021-16,FP2,0 days 00:51:42.062000,VET,5,,12.0,4.0,0 days 00:50:14.277000,0 days 00:51:42.088000,,0 days 00:00:32.428000,0 days 00:00:25.780000,,0 days 00:51:16.311000,0 days 00:51:42.187000,271.0,279.0,,286.0,False,SOFT,7.0,False,Aston Martin,0 days 00:42:33.289000,,1,,False,,False,False
2021-16,FP2,0 days 00:53:37.700000,VET,5,0 days 00:01:55.638000,13.0,5.0,0 days 00:52:04.589000,,0 days 00:00:53.193000,0 days 00:00:36.927000,0 days 00:00:25.518000,0 days 00:52:35.255000,0 days 00:53:12.182000,0 days 00:53:37.700000,238.0,266.0,235.0,273.0,False,MEDIUM,6.0,False,Aston Martin,0 days 00:51:42.062000,,1,,False,,False,False
2021-16,FP2,0 days 00:55:07.121000,VET,5,0 days 00:01:29.421000,14.0,5.0,,,0 days 00:00:33.190000,0 days 00:00:31.898000,0 days 00:00:24.333000,0 days 00:54:10.890000,0 days 00:54:42.788000,0 days 00:55:07.121000,267.0,281.0,237.0,295.0,False,MEDIUM,7.0,False,Aston Martin,0 days 00:53:37.700000,,1,,False,,False,True
2021-16,FP2,0 days 00:56:36.319000,VET,5,0 days 00:01:29.198000,15.0,5.0,,,0 days 00:00:33.123000,0 days 00:00:31.731000,0 days 00:00:24.344000,0 days 00:55:40.244000,0 days 00:56:11.975000,0 days 00:56:36.319000,264.0,284.0,238.0,294.0,False,MEDIUM,8.0,False,Aston Martin,0 days 00:55:07.121000,,1,,False,,False,True
2021-16,FP2,0 days 00:58:05.390000,VET,5,0 days 00:01:29.071000,16.0,5.0,,,0 days 00:00:32.912000,0 days 00:00:31.725000,0 days 00:00:24.434000,0 days 00:57:09.231000,0 days 00:57:40.956000,0 days 00:58:05.390000,267.0,281.0,237.0,295.0,False,MEDIUM,9.0,False,Aston Martin,0 days 00:56:36.319000,,1,,False,,False,True
2021-16,FP2,0 days 00:59:34.595000,VET,5,0 days 00:01:29.205000,17.0,5.0,,,0 days 00:00:32.992000,0 days 00:00:31.739000,0 days 00:00:24.474000,0 days 00:58:38.382000,0 days 00:59:10.121000,0 days 00:59:34.595000,266.0,282.0,236.0,298.0,False,MEDIUM,10.0,False,Aston Martin,0 days 00:58:05.390000,,1,,False,,False,True
2021-16,FP2,0 days 01:01:03.677000,VET,5,0 days 00:01:29.082000,18.0,5.0,,,0 days 00:00:32.927000,0 days 00:00:31.757000,0 days 00:00:24.398000,0 days 01:00:07.522000,0 days 01:00:39.279000,0 days 01:01:03.677000,266.0,282.0,238.0,296.0,False,MEDIUM,11.0,False,Aston Martin,0 days 00:59:34.595000,,1,,False,,False,True
2021-16,FP2,0 days 01:02:32.579000,VET,5,0 days 00:01:28.902000,19.0,5.0,,,0 days 00:00:32.799000,0 days 00:00:31.760000,0 days 00:00:24.343000,0 days 01:01:36.476000,0 days 01:02:08.236000,0 days 01:02:32.579000,267.0,281.0,238.0,297.0,False,MEDIUM,12.0,False,Aston Martin,0 days 01:01:03.677000,,1,,False,,False,True
2021-16,FP2,0 days 01:04:01.648000,VET,5,0 days 00:01:29.069000,20.0,5.0,,,0 days 00:00:32.849000,0 days 00:00:31.628000,0 days 00:00:24.592000,0 days 01:03:05.428000,0 days 01:03:37.056000,0 days 01:04:01.648000,267.0,281.0,236.0,297.0,False,MEDIUM,13.0,False,Aston Martin,0 days 01:02:32.579000,,12,,False,,False,True
2021-16,FP2,0 days 01:05:30.731000,VET,5,0 days 00:01:29.083000,21.0,5.0,,,0 days 00:00:32.919000,0 days 00:00:31.602000,0 days 00:00:24.562000,0 days 01:04:34.567000,0 days 01:05:06.169000,0 days 01:05:30.731000,268.0,282.0,238.0,295.0,False,MEDIUM,14.0,False,Aston Martin,0 days 01:04:01.648000,,1,,False,,False,True
2021-16,FP2,0 days 01:06:59.833000,VET,5,0 days 00:01:29.102000,22.0,5.0,,,0 days 00:00:32.808000,0 days 00:00:31.682000,0 days 00:00:24.612000,0 days 01:06:03.539000,0 days 01:06:35.221000,0 days 01:06:59.833000,267.0,283.0,236.0,294.0,False,MEDIUM,15.0,False,Aston Martin,0 days 01:05:30.731000,,1,,True,TRACK LIMITS AT TURN 1,False,True
2021-16,FP2,0 days 01:08:28.913000,VET,5,0 days 00:01:29.080000,23.0,5.0,,,0 days 00:00:32.811000,0 days 00:00:31.557000,0 days 00:00:24.712000,0 days 01:07:32.644000,0 days 01:08:04.201000,0 days 01:08:28.913000,268.0,281.0,237.0,292.0,False,MEDIUM,16.0,False,Aston Martin,0 days 01:06:59.833000,,1,,False,,False,True
2021-16,FP2,0 days 01:09:57.837000,VET,5,0 days 00:01:28.924000,24.0,5.0,,,0 days 00:00:32.887000,0 days 00:00:31.496000,0 days 00:00:24.541000,0 days 01:09:01.800000,0 days 01:09:33.296000,0 days 01:09:57.837000,269.0,282.0,237.0,297.0,False,MEDIUM,17.0,False,Aston Martin,0 days 01:08:28.913000,,1,,False,,False,True
2021-16,FP2,0 days 01:11:29.095000,VET,5,0 days 00:01:31.258000,25.0,5.0,,,0 days 00:00:32.935000,0 days 00:00:33.556000,0 days 00:00:24.767000,0 days 01:10:30.772000,0 days 01:11:04.328000,0 days 01:11:29.095000,268.0,281.0,237.0,302.0,False,MEDIUM,18.0,False,Aston Martin,0 days 01:09:57.837000,,12,,False,,False,True
2021-16,FP2,0 days 01:12:58.141000,VET,5,0 days 00:01:29.046000,26.0,5.0,,,0 days 00:00:32.859000,0 days 00:00:31.645000,0 days 00:00:24.542000,0 days 01:12:01.954000,0 days 01:12:33.599000,0 days 01:12:58.141000,269.0,281.0,237.0,297.0,False,MEDIUM,19.0,False,Aston Martin,0 days 01:11:29.095000,,1,,False,,False,True
2021-16,FP2,0 days 01:14:26.864000,VET,5,0 days 00:01:28.723000,27.0,5.0,,,0 days 00:00:32.826000,0 days 00:00:31.426000,0 days 00:00:24.471000,0 days 01:13:30.967000,0 days 01:14:02.393000,0 days 01:14:26.864000,269.0,282.0,237.0,298.0,False,MEDIUM,20.0,False,Aston Martin,0 days 01:12:58.141000,,12,,False,,False,True
2021-16,FP2,0 days 01:15:55.362000,VET,5,0 days 00:01:28.498000,28.0,5.0,,,0 days 00:00:32.783000,0 days 00:00:31.283000,0 days 00:00:24.432000,0 days 01:14:59.647000,0 days 01:15:30.930000,0 days 01:15:55.362000,270.0,281.0,238.0,295.0,False,MEDIUM,21.0,False,Aston Martin,0 days 01:14:26.864000,,1,,False,,False,True
2021-16,FP2,0 days 01:17:57.340000,VET,5,0 days 00:02:01.978000,29.0,5.0,,,0 days 00:00:42.149000,0 days 00:00:37.496000,0 days 00:00:42.333000,0 days 01:16:37.511000,0 days 01:17:15.007000,0 days 01:17:57.340000,210.0,263.0,56.0,169.0,False,MEDIUM,22.0,False,Aston Martin,0 days 01:15:55.362000,,1,,False,,False,True
2021-16,FP2,0 days 01:20:52.017000,VET,5,,30.0,5.0,,0 days 01:20:51.964000,,0 days 00:00:40.211000,0 days 00:00:32.306000,,0 days 01:20:19.711000,0 days 01:20:52.081000,245.0,148.0,,250.0,False,MEDIUM,23.0,False,Aston Martin,0 days 01:17:57.340000,,1,,False,,False,False
2021-16,FP2,0 days 00:18:36.429000,LAT,6,,1.0,1.0,0 days 00:16:24.211000,,,0 days 00:00:37.803000,0 days 00:00:56.984000,,0 days 00:17:39.445000,0 days 00:18:36.590000,216.0,271.0,243.0,190.0,False,MEDIUM,1.0,True,Williams,0 days 00:16:24.211000,,1,,False,,False,False
2021-16,FP2,0 days 00:20:02.025000,LAT,6,0 days 00:01:25.596000,2.0,1.0,,,0 days 00:00:31.802000,0 days 00:00:30.361000,0 days 00:00:23.433000,0 days 00:19:08.231000,0 days 00:19:38.592000,0 days 00:20:02.025000,283.0,293.0,249.0,327.0,True,MEDIUM,2.0,True,Williams,0 days 00:18:36.429000,,1,,False,,False,True
2021-16,FP2,0 days 00:22:07.694000,LAT,6,0 days 00:02:05.669000,3.0,1.0,,,0 days 00:00:44.809000,0 days 00:00:43.402000,0 days 00:00:37.458000,0 days 00:20:46.834000,0 days 00:21:30.236000,0 days 00:22:07.694000,232.0,270.0,247.0,141.0,False,MEDIUM,3.0,True,Williams,0 days 00:20:02.025000,,1,,False,,False,True
2021-16,FP2,0 days 00:24:03.648000,LAT,6,0 days 00:01:55.954000,4.0,1.0,,0 days 00:24:03.111000,0 days 00:00:31.664000,0 days 00:00:55.101000,0 days 00:00:29.189000,0 days 00:22:39.358000,0 days 00:23:34.459000,0 days 00:24:03.648000,278.0,267.0,,191.0,False,MEDIUM,4.0,True,Williams,0 days 00:22:07.694000,,12,,False,,False,False
2021-16,FP2,0 days 00:34:12.580000,LAT,6,,5.0,2.0,0 days 00:32:28.444000,,,0 days 00:00:38.874000,0 days 00:00:28.518000,,0 days 00:33:44.293000,0 days 00:34:13.007000,230.0,156.0,245.0,290.0,False,SOFT,1.0,True,Williams,0 days 00:24:03.648000,,1,,False,,False,False
2021-16,FP2,0 days 00:35:38.169000,LAT,6,0 days 00:01:25.589000,6.0,2.0,,,0 days 00:00:31.587000,0 days 00:00:30.369000,0 days 00:00:23.633000,0 days 00:34:44.167000,0 days 00:35:14.536000,0 days 00:35:38.169000,278.0,289.0,247.0,330.0,True,SOFT,2.0,True,Williams,0 days 00:34:12.580000,,1,,False,,False,True
2021-16,FP2,0 days 00:37:39.244000,LAT,6,0 days 00:02:01.075000,7.0,2.0,,0 days 00:37:38.711000,0 days 00:00:43.160000,0 days 00:00:45.226000,0 days 00:00:32.689000,0 days 00:36:21.329000,0 days 00:37:06.555000,0 days 00:37:39.244000,196.0,265.0,,172.0,False,SOFT,3.0,True,Williams,0 days 00:35:38.169000,,1,,False,,False,False
2021-16,FP2,0 days 00:39:58.721000,LAT,6,0 days 00:02:19.477000,8.0,3.0,0 days 00:38:11.347000,,0 days 00:01:09.723000,0 days 00:00:38.794000,0 days 00:00:30.960000,0 days 00:38:48.967000,0 days 00:39:27.761000,0 days 00:39:58.721000,146.0,274.0,247.0,118.0,False,SOFT,4.0,False,Williams,0 days 00:37:39.244000,,1,,False,,False,False
2021-16,FP2,0 days 00:41:24.028000,LAT,6,0 days 00:01:25.307000,9.0,3.0,,,0 days 00:00:31.423000,0 days 00:00:30.285000,0 days 00:00:23.599000,0 days 00:40:30.144000,0 days 00:41:00.429000,0 days 00:41:24.028000,279.0,288.0,244.0,324.0,True,SOFT,5.0,False,Williams,0 days 00:39:58.721000,,1,,False,,False,True
2021-16,FP2,0 days 00:43:13.725000,LAT,6,0 days 00:01:49.697000,10.0,3.0,,0 days 00:43:13.776000,0 days 00:00:41.013000,0 days 00:00:40.280000,0 days 00:00:28.404000,0 days 00:42:05.041000,0 days 00:42:45.321000,0 days 00:43:13.725000,125.0,240.0,,242.0,False,SOFT,6.0,False,Williams,0 days 00:41:24.028000,,1,,False,,False,False
2021-16,FP2,0 days 00:50:28.141000,LAT,6,,11.0,4.0,0 days 00:48:55.740000,,,0 days 00:00:34.819000,0 days 00:00:24.887000,,0 days 00:50:03.322000,0 days 00:50:28.305000,274.0,283.0,238.0,299.0,False,SOFT,7.0,False,Williams,0 days 00:43:13.725000,,1,,False,,False,False
2021-16,FP2,0 days 00:51:57.845000,LAT,6,0 days 00:01:29.704000,12.0,4.0,,,0 days 00:00:33.156000,0 days 00:00:31.779000,0 days 00:00:24.769000,0 days 00:51:01.297000,0 days 00:51:33.076000,0 days 00:51:57.845000,273.0,285.0,239.0,298.0,False,SOFT,8.0,False,Williams,0 days 00:50:28.141000,,1,,False,,False,True
2021-16,FP2,0 days 00:53:27.209000,LAT,6,0 days 00:01:29.364000,13.0,4.0,,,0 days 00:00:33.071000,0 days 00:00:31.638000,0 days 00:00:24.655000,0 days 00:52:30.916000,0 days 00:53:02.554000,0 days 00:53:27.209000,271.0,287.0,238.0,299.0,False,SOFT,9.0,False,Williams,0 days 00:51:57.845000,,1,,False,,False,True
2021-16,FP2,0 days 00:54:56.499000,LAT,6,0 days 00:01:29.290000,14.0,4.0,,,0 days 00:00:32.896000,0 days 00:00:31.479000,0 days 00:00:24.915000,0 days 00:54:00.105000,0 days 00:54:31.584000,0 days 00:54:56.499000,274.0,287.0,239.0,288.0,False,SOFT,10.0,False,Williams,0 days 00:53:27.209000,,1,,False,,False,True
2021-16,FP2,0 days 00:56:26.576000,LAT,6,0 days 00:01:30.077000,15.0,4.0,,,0 days 00:00:33.329000,0 days 00:00:31.987000,0 days 00:00:24.761000,0 days 00:55:29.828000,0 days 00:56:01.815000,0 days 00:56:26.576000,272.0,288.0,239.0,293.0,False,SOFT,11.0,False,Williams,0 days 00:54:56.499000,,1,,False,,False,True
2021-16,FP2,0 days 00:57:56.682000,LAT,6,0 days 00:01:30.106000,16.0,4.0,,,0 days 00:00:33.285000,0 days 00:00:31.948000,0 days 00:00:24.873000,0 days 00:56:59.861000,0 days 00:57:31.809000,0 days 00:57:56.682000,266.0,285.0,238.0,297.0,False,SOFT,12.0,False,Williams,0 days 00:56:26.576000,,1,,False,,False,True
2021-16,FP2,0 days 00:59:26.728000,LAT,6,0 days 00:01:30.046000,17.0,4.0,,0 days 00:59:26.551000,0 days 00:00:33.294000,0 days 00:00:31.661000,0 days 00:00:25.091000,0 days 00:58:29.976000,0 days 00:59:01.637000,0 days 00:59:26.728000,272.0,286.0,,302.0,False,SOFT,13.0,False,Williams,0 days 00:57:56.682000,,1,,False,,False,False
2021-16,FP2,0 days 01:01:17.940000,LAT,6,0 days 00:01:51.212000,18.0,5.0,0 days 00:59:51.599000,,0 days 00:00:54.428000,0 days 00:00:32.226000,0 days 00:00:24.558000,0 days 01:00:21.156000,0 days 01:00:53.382000,0 days 01:01:17.940000,276.0,290.0,239.0,315.0,False,MEDIUM,5.0,False,Williams,0 days 00:59:26.728000,,1,,False,,False,False
2021-16,FP2,0 days 01:02:47.053000,LAT,6,0 days 00:01:29.113000,19.0,5.0,,,0 days 00:00:33,0 days 00:00:31.403000,0 days 00:00:24.710000,0 days 01:01:50.940000,0 days 01:02:22.343000,0 days 01:02:47.053000,272.0,286.0,241.0,303.0,False,MEDIUM,6.0,False,Williams,0 days 01:01:17.940000,,1,,False,,False,True
2021-16,FP2,0 days 01:04:16.113000,LAT,6,0 days 00:01:29.060000,20.0,5.0,,,0 days 00:00:32.922000,0 days 00:00:31.377000,0 days 00:00:24.761000,0 days 01:03:19.975000,0 days 01:03:51.352000,0 days 01:04:16.113000,274.0,286.0,239.0,300.0,False,MEDIUM,7.0,False,Williams,0 days 01:02:47.053000,,12,,False,,False,True
2021-16,FP2,0 days 01:05:45.141000,LAT,6,0 days 00:01:29.028000,21.0,5.0,,,0 days 00:00:32.821000,0 days 00:00:31.611000,0 days 00:00:24.596000,0 days 01:04:48.934000,0 days 01:05:20.545000,0 days 01:05:45.141000,276.0,286.0,239.0,294.0,False,MEDIUM,8.0,False,Williams,0 days 01:04:16.113000,,1,,False,,False,True
2021-16,FP2,0 days 01:07:13.879000,LAT,6,0 days 00:01:28.738000,22.0,5.0,,,0 days 00:00:32.698000,0 days 00:00:31.440000,0 days 00:00:24.600000,0 days 01:06:17.839000,0 days 01:06:49.279000,0 days 01:07:13.879000,274.0,287.0,239.0,290.0,False,MEDIUM,9.0,False,Williams,0 days 01:05:45.141000,,1,,False,,False,True
2021-16,FP2,0 days 01:08:42.906000,LAT,6,0 days 00:01:29.027000,23.0,5.0,,,0 days 00:00:32.733000,0 days 00:00:31.473000,0 days 00:00:24.821000,0 days 01:07:46.612000,0 days 01:08:18.085000,0 days 01:08:42.906000,275.0,287.0,240.0,286.0,False,MEDIUM,10.0,False,Williams,0 days 01:07:13.879000,,1,,False,,False,True
2021-16,FP2,0 days 01:10:11.797000,LAT,6,0 days 00:01:28.891000,24.0,5.0,,,0 days 00:00:32.820000,0 days 00:00:31.347000,0 days 00:00:24.724000,0 days 01:09:15.726000,0 days 01:09:47.073000,0 days 01:10:11.797000,274.0,288.0,240.0,294.0,False,MEDIUM,11.0,False,Williams,0 days 01:08:42.906000,,1,,False,,False,True
2021-16,FP2,0 days 01:11:40.701000,LAT,6,0 days 00:01:28.904000,25.0,5.0,,,0 days 00:00:32.856000,0 days 00:00:31.471000,0 days 00:00:24.577000,0 days 01:10:44.653000,0 days 01:11:16.124000,0 days 01:11:40.701000,272.0,287.0,241.0,299.0,False,MEDIUM,12.0,False,Williams,0 days 01:10:11.797000,,12,,False,,False,True
2021-16,FP2,0 days 01:13:09.398000,LAT,6,0 days 00:01:28.697000,26.0,5.0,,,0 days 00:00:32.837000,0 days 00:00:31.214000,0 days 00:00:24.646000,0 days 01:12:13.538000,0 days 01:12:44.752000,0 days 01:13:09.398000,272.0,289.0,245.0,310.0,False,MEDIUM,13.0,False,Williams,0 days 01:11:40.701000,,1,,False,,False,True
2021-16,FP2,0 days 01:14:54.856000,LAT,6,0 days 00:01:45.458000,27.0,5.0,,,0 days 00:00:33.106000,0 days 00:00:44.962000,0 days 00:00:27.390000,0 days 01:13:42.504000,0 days 01:14:27.466000,0 days 01:14:54.856000,273.0,265.0,227.0,284.0,False,MEDIUM,14.0,False,Williams,0 days 01:13:09.398000,,12,,False,,False,True
2021-16,FP2,0 days 01:16:26.310000,LAT,6,0 days 00:01:31.454000,28.0,5.0,,,0 days 00:00:34.271000,0 days 00:00:31.474000,0 days 00:00:25.709000,0 days 01:15:29.127000,0 days 01:16:00.601000,0 days 01:16:26.310000,275.0,287.0,239.0,303.0,False,MEDIUM,15.0,False,Williams,0 days 01:14:54.856000,,1,,False,,False,True
2021-16,FP2,0 days 01:18:45.413000,LAT,6,0 days 00:02:19.103000,29.0,5.0,,,0 days 00:00:44.795000,0 days 00:00:48.686000,0 days 00:00:45.622000,0 days 01:17:11.105000,0 days 01:17:59.791000,0 days 01:18:45.413000,164.0,178.0,70.0,180.0,False,MEDIUM,16.0,False,Williams,0 days 01:16:26.310000,,1,,False,,False,True
2021-16,FP2,0 days 01:21:09.532000,LAT,6,0 days 00:02:24.119000,30.0,5.0,,0 days 01:21:09.583000,0 days 00:01:10.610000,0 days 00:00:43.348000,0 days 00:00:30.161000,0 days 01:19:56.023000,0 days 01:20:39.371000,0 days 01:21:09.532000,217.0,240.0,,201.0,False,MEDIUM,17.0,False,Williams,0 days 01:18:45.413000,,1,,False,,False,False
2021-16,FP2,0 days 00:17:22.065000,RAI,7,,1.0,1.0,0 days 00:15:17.221000,,,0 days 00:00:44.948000,0 days 00:00:37.771000,,0 days 00:16:44.299000,0 days 00:17:22.224000,187.0,262.0,246.0,97.0,False,MEDIUM,1.0,True,Alfa Romeo Racing,0 days 00:15:17.221000,,1,,False,,False,False
2021-16,FP2,0 days 00:18:48.505000,RAI,7,0 days 00:01:26.440000,2.0,1.0,,,0 days 00:00:32.074000,0 days 00:00:30.485000,0 days 00:00:23.881000,0 days 00:17:54.139000,0 days 00:18:24.624000,0 days 00:18:48.505000,279.0,287.0,246.0,327.0,True,MEDIUM,2.0,True,Alfa Romeo Racing,0 days 00:17:22.065000,,1,,False,,False,True
2021-16,FP2,0 days 00:21:04.652000,RAI,7,0 days 00:02:16.147000,3.0,1.0,,,0 days 00:00:49.024000,0 days 00:00:53.033000,0 days 00:00:34.090000,0 days 00:19:37.529000,0 days 00:20:30.562000,0 days 00:21:04.652000,136.0,239.0,248.0,87.0,False,MEDIUM,3.0,True,Alfa Romeo Racing,0 days 00:18:48.505000,,1,,False,,False,True
2021-16,FP2,0 days 00:22:29.840000,RAI,7,0 days 00:01:25.188000,4.0,1.0,,,0 days 00:00:31.468000,0 days 00:00:30.277000,0 days 00:00:23.443000,0 days 00:21:36.120000,0 days 00:22:06.397000,0 days 00:22:29.840000,281.0,287.0,248.0,333.0,True,MEDIUM,4.0,True,Alfa Romeo Racing,0 days 00:21:04.652000,,1,,False,,False,True
2021-16,FP2,0 days 00:24:36.830000,RAI,7,0 days 00:02:06.990000,5.0,1.0,,,0 days 00:00:48.912000,0 days 00:00:48.562000,0 days 00:00:29.516000,0 days 00:23:18.752000,0 days 00:24:07.314000,0 days 00:24:36.830000,139.0,256.0,247.0,260.0,False,MEDIUM,5.0,True,Alfa Romeo Racing,0 days 00:22:29.840000,,12,,False,,False,True
2021-16,FP2,0 days 00:26:20.444000,RAI,7,0 days 00:01:43.614000,6.0,1.0,,0 days 00:26:19.854000,0 days 00:00:34.161000,0 days 00:00:39.880000,0 days 00:00:29.573000,0 days 00:25:10.991000,0 days 00:25:50.871000,0 days 00:26:20.444000,253.0,229.0,,240.0,False,MEDIUM,6.0,True,Alfa Romeo Racing,0 days 00:24:36.830000,,1,,False,,False,False
2021-16,FP2,0 days 00:38:36.348000,RAI,7,,7.0,2.0,0 days 00:36:42.267000,,,0 days 00:00:44.991000,0 days 00:00:28.654000,,0 days 00:38:07.705000,0 days 00:38:39.737000,114.0,255.0,248.0,190.0,False,SOFT,1.0,True,Alfa Romeo Racing,0 days 00:26:20.444000,,1,,False,,False,False
2021-16,FP2,0 days 00:40:01.570000,RAI,7,0 days 00:01:25.222000,8.0,2.0,,,0 days 00:00:31.597000,0 days 00:00:30.264000,0 days 00:00:23.361000,0 days 00:39:07.945000,0 days 00:39:38.209000,0 days 00:40:01.570000,280.0,287.0,249.0,328.0,False,SOFT,2.0,True,Alfa Romeo Racing,0 days 00:38:36.348000,,1,,False,,False,True
2021-16,FP2,0 days 00:42:16.578000,RAI,7,0 days 00:02:15.008000,9.0,2.0,,,0 days 00:00:51.844000,0 days 00:00:51.609000,0 days 00:00:31.555000,0 days 00:40:53.414000,0 days 00:41:45.023000,0 days 00:42:16.578000,108.0,221.0,248.0,225.0,False,SOFT,3.0,True,Alfa Romeo Racing,0 days 00:40:01.570000,,1,,False,,False,True
2021-16,FP2,0 days 00:43:41.721000,RAI,7,0 days 00:01:25.143000,10.0,2.0,,,0 days 00:00:31.301000,0 days 00:00:30.281000,0 days 00:00:23.561000,0 days 00:42:47.879000,0 days 00:43:18.160000,0 days 00:43:41.721000,283.0,287.0,247.0,328.0,True,SOFT,4.0,True,Alfa Romeo Racing,0 days 00:42:16.578000,,1,,False,,False,True
2021-16,FP2,0 days 00:45:30.883000,RAI,7,0 days 00:01:49.162000,11.0,2.0,,0 days 00:45:30.271000,0 days 00:00:42.782000,0 days 00:00:38.046000,0 days 00:00:28.334000,0 days 00:44:24.503000,0 days 00:45:02.549000,0 days 00:45:30.883000,204.0,260.0,,272.0,False,SOFT,5.0,True,Alfa Romeo Racing,0 days 00:43:41.721000,,1,,False,,False,False
2021-16,FP2,0 days 00:56:44.157000,RAI,7,,12.0,3.0,0 days 00:55:12.930000,,,0 days 00:00:33.845000,0 days 00:00:26.150000,,0 days 00:56:18.042000,0 days 00:56:46.322000,255.0,258.0,233.0,282.0,False,MEDIUM,7.0,False,Alfa Romeo Racing,0 days 00:45:30.883000,,1,,False,,False,False
2021-16,FP2,0 days 00:58:13.421000,RAI,7,0 days 00:01:29.264000,13.0,3.0,,,0 days 00:00:32.863000,0 days 00:00:32.063000,0 days 00:00:24.338000,0 days 00:57:17.020000,0 days 00:57:49.083000,0 days 00:58:13.421000,275.0,279.0,237.0,325.0,False,MEDIUM,8.0,False,Alfa Romeo Racing,0 days 00:56:44.157000,,1,,False,,False,True
2021-16,FP2,0 days 00:59:42.854000,RAI,7,0 days 00:01:29.433000,14.0,3.0,,,0 days 00:00:33.395000,0 days 00:00:31.609000,0 days 00:00:24.429000,0 days 00:58:46.816000,0 days 00:59:18.425000,0 days 00:59:42.854000,273.0,283.0,234.0,307.0,False,MEDIUM,9.0,False,Alfa Romeo Racing,0 days 00:58:13.421000,,1,,False,,False,True
2021-16,FP2,0 days 01:01:12.377000,RAI,7,0 days 00:01:29.523000,15.0,3.0,,,0 days 00:00:33.098000,0 days 00:00:31.643000,0 days 00:00:24.782000,0 days 01:00:15.952000,0 days 01:00:47.595000,0 days 01:01:12.377000,271.0,282.0,238.0,298.0,False,MEDIUM,10.0,False,Alfa Romeo Racing,0 days 00:59:42.854000,,1,,False,,False,True
2021-16,FP2,0 days 01:02:41.420000,RAI,7,0 days 00:01:29.043000,16.0,3.0,,,0 days 00:00:32.840000,0 days 00:00:31.572000,0 days 00:00:24.631000,0 days 01:01:45.217000,0 days 01:02:16.789000,0 days 01:02:41.420000,274.0,281.0,236.0,306.0,False,MEDIUM,11.0,False,Alfa Romeo Racing,0 days 01:01:12.377000,,1,,False,,False,True
2021-16,FP2,0 days 01:04:10.662000,RAI,7,0 days 00:01:29.242000,17.0,3.0,,,0 days 00:00:33.008000,0 days 00:00:31.533000,0 days 00:00:24.701000,0 days 01:03:14.428000,0 days 01:03:45.961000,0 days 01:04:10.662000,273.0,281.0,235.0,303.0,False,MEDIUM,12.0,False,Alfa Romeo Racing,0 days 01:02:41.420000,,12,,False,,False,True
2021-16,FP2,0 days 01:05:39.927000,RAI,7,0 days 00:01:29.265000,18.0,3.0,,,0 days 00:00:33.006000,0 days 00:00:31.463000,0 days 00:00:24.796000,0 days 01:04:43.668000,0 days 01:05:15.131000,0 days 01:05:39.927000,275.0,282.0,236.0,304.0,False,MEDIUM,13.0,False,Alfa Romeo Racing,0 days 01:04:10.662000,,1,,False,,False,True
2021-16,FP2,0 days 01:07:11.080000,RAI,7,0 days 00:01:31.153000,19.0,3.0,,,0 days 00:00:33.460000,0 days 00:00:32.470000,0 days 00:00:25.223000,0 days 01:06:13.387000,0 days 01:06:45.857000,0 days 01:07:11.080000,260.0,268.0,236.0,292.0,False,MEDIUM,14.0,False,Alfa Romeo Racing,0 days 01:05:39.927000,,1,,False,,False,True
2021-16,FP2,0 days 01:08:40.264000,RAI,7,0 days 00:01:29.184000,20.0,3.0,,,0 days 00:00:32.854000,0 days 00:00:31.432000,0 days 00:00:24.898000,0 days 01:07:43.934000,0 days 01:08:15.366000,0 days 01:08:40.264000,279.0,282.0,237.0,305.0,False,MEDIUM,15.0,False,Alfa Romeo Racing,0 days 01:07:11.080000,,1,,False,,False,True
2021-16,FP2,0 days 01:10:09.437000,RAI,7,0 days 00:01:29.173000,21.0,3.0,,,0 days 00:00:33.079000,0 days 00:00:31.442000,0 days 00:00:24.652000,0 days 01:09:13.343000,0 days 01:09:44.785000,0 days 01:10:09.437000,270.0,282.0,235.0,298.0,False,MEDIUM,16.0,False,Alfa Romeo Racing,0 days 01:08:40.264000,,1,,False,,False,True
2021-16,FP2,0 days 01:11:38.890000,RAI,7,0 days 00:01:29.453000,22.0,3.0,,,0 days 00:00:33.055000,0 days 00:00:31.654000,0 days 00:00:24.744000,0 days 01:10:42.492000,0 days 01:11:14.146000,0 days 01:11:38.890000,277.0,283.0,236.0,309.0,False,MEDIUM,17.0,False,Alfa Romeo Racing,0 days 01:10:09.437000,,12,,False,,False,True
2021-16,FP2,0 days 01:13:08.144000,RAI,7,0 days 00:01:29.254000,23.0,3.0,,,0 days 00:00:33.035000,0 days 00:00:31.638000,0 days 00:00:24.581000,0 days 01:12:11.925000,0 days 01:12:43.563000,0 days 01:13:08.144000,279.0,281.0,235.0,310.0,False,MEDIUM,18.0,False,Alfa Romeo Racing,0 days 01:11:38.890000,,1,,False,,False,True
2021-16,FP2,0 days 01:14:37.062000,RAI,7,0 days 00:01:28.918000,24.0,3.0,,,0 days 00:00:33.165000,0 days 00:00:31.306000,0 days 00:00:24.447000,0 days 01:13:41.309000,0 days 01:14:12.615000,0 days 01:14:37.062000,273.0,282.0,235.0,304.0,False,MEDIUM,19.0,False,Alfa Romeo Racing,0 days 01:13:08.144000,,12,,False,,False,True
2021-16,FP2,0 days 01:16:06.615000,RAI,7,0 days 00:01:29.553000,25.0,3.0,,,0 days 00:00:33.585000,0 days 00:00:31.572000,0 days 00:00:24.396000,0 days 01:15:10.647000,0 days 01:15:42.219000,0 days 01:16:06.615000,273.0,281.0,237.0,321.0,False,MEDIUM,20.0,False,Alfa Romeo Racing,0 days 01:14:37.062000,,1,,False,,False,True
2021-16,FP2,0 days 01:18:02.437000,RAI,7,0 days 00:01:55.822000,26.0,3.0,,,0 days 00:00:35.510000,0 days 00:00:36.668000,0 days 00:00:43.644000,0 days 01:16:42.125000,0 days 01:17:18.793000,0 days 01:18:02.437000,238.0,261.0,65.0,186.0,False,MEDIUM,21.0,False,Alfa Romeo Racing,0 days 01:16:06.615000,,1,,False,,False,True
2021-16,FP2,0 days 01:20:34.005000,RAI,7,,27.0,3.0,,0 days 01:20:33.415000,0 days 00:01:32.126000,0 days 00:00:31.412000,0 days 00:00:28.004000,0 days 01:19:34.597000,0 days 01:20:06.001000,0 days 01:20:34.129000,275.0,284.0,,265.0,False,MEDIUM,22.0,False,Alfa Romeo Racing,0 days 01:18:02.437000,,1,,False,,False,False
2021-16,FP2,0 days 00:17:16.882000,MAZ,9,,1.0,1.0,0 days 00:15:16.078000,,,0 days 00:00:41.382000,0 days 00:00:39.206000,,0 days 00:16:37.691000,0 days 00:17:17.004000,191.0,211.0,242.0,115.0,False,MEDIUM,1.0,True,Haas F1 Team,0 days 00:15:16.078000,,1,,False,,False,False
2021-16,FP2,0 days 00:18:44.921000,MAZ,9,0 days 00:01:28.039000,2.0,1.0,,,0 days 00:00:32.933000,0 days 00:00:31.141000,0 days 00:00:23.965000,0 days 00:17:49.815000,0 days 00:18:20.956000,0 days 00:18:44.921000,278.0,287.0,243.0,324.0,True,MEDIUM,2.0,True,Haas F1 Team,0 days 00:17:16.882000,,1,,False,,False,True
2021-16,FP2,0 days 00:20:48.282000,MAZ,9,0 days 00:02:03.361000,3.0,1.0,,,0 days 00:00:46.487000,0 days 00:00:42.429000,0 days 00:00:34.445000,0 days 00:19:31.408000,0 days 00:20:13.837000,0 days 00:20:48.282000,195.0,254.0,245.0,158.0,False,MEDIUM,3.0,True,Haas F1 Team,0 days 00:18:44.921000,,1,,False,,False,True
2021-16,FP2,0 days 00:22:15.002000,MAZ,9,0 days 00:01:26.720000,4.0,1.0,,,0 days 00:00:32.226000,0 days 00:00:30.572000,0 days 00:00:23.922000,0 days 00:21:20.508000,0 days 00:21:51.080000,0 days 00:22:15.002000,279.0,286.0,247.0,327.0,False,MEDIUM,4.0,True,Haas F1 Team,0 days 00:20:48.282000,,1,,True,TRACK LIMITS AT TURN 6,False,True
2021-16,FP2,0 days 00:24:15.866000,MAZ,9,0 days 00:02:00.864000,5.0,1.0,,,0 days 00:00:45.935000,0 days 00:00:45.935000,0 days 00:00:28.994000,0 days 00:23:00.937000,0 days 00:23:46.872000,0 days 00:24:15.866000,222.0,240.0,246.0,247.0,False,MEDIUM,5.0,True,Haas F1 Team,0 days 00:22:15.002000,,12,,False,,False,True
2021-16,FP2,0 days 00:25:42.164000,MAZ,9,0 days 00:01:26.298000,6.0,1.0,,,0 days 00:00:32.055000,0 days 00:00:30.560000,0 days 00:00:23.683000,0 days 00:24:47.921000,0 days 00:25:18.481000,0 days 00:25:42.164000,281.0,287.0,245.0,325.0,False,MEDIUM,6.0,True,Haas F1 Team,0 days 00:24:15.866000,,1,,True,TRACK LIMITS AT TURN 1,False,True
2021-16,FP2,0 days 00:27:28.588000,MAZ,9,0 days 00:01:46.424000,7.0,1.0,,0 days 00:27:28.578000,0 days 00:00:37.793000,0 days 00:00:38.062000,0 days 00:00:30.569000,0 days 00:26:19.957000,0 days 00:26:58.019000,0 days 00:27:28.588000,254.0,199.0,,193.0,False,MEDIUM,7.0,True,Haas F1 Team,0 days 00:25:42.164000,,1,,False,,False,False
2021-16,FP2,0 days 00:39:36.967000,MAZ,9,,8.0,2.0,0 days 00:37:41.320000,,,0 days 00:00:43.626000,0 days 00:00:33.314000,,0 days 00:39:03.655000,0 days 00:39:37.063000,234.0,258.0,247.0,268.0,False,SOFT,1.0,True,Haas F1 Team,0 days 00:27:28.588000,,1,,False,,False,False
2021-16,FP2,0 days 00:41:02.735000,MAZ,9,0 days 00:01:25.768000,9.0,2.0,,,0 days 00:00:32,0 days 00:00:30.416000,0 days 00:00:23.352000,0 days 00:40:08.967000,0 days 00:40:39.383000,0 days 00:41:02.735000,281.0,289.0,245.0,331.0,False,SOFT,2.0,True,Haas F1 Team,0 days 00:39:36.967000,,1,,True,TRACK LIMITS AT TURN 14,False,True
2021-16,FP2,0 days 00:43:09.176000,MAZ,9,0 days 00:02:06.441000,10.0,2.0,,,0 days 00:00:48.694000,0 days 00:00:49.813000,0 days 00:00:27.934000,0 days 00:41:51.429000,0 days 00:42:41.242000,0 days 00:43:09.176000,176.0,244.0,247.0,258.0,False,SOFT,3.0,True,Haas F1 Team,0 days 00:41:02.735000,,1,,True,TRACK LIMITS AT TURN 14,False,True
2021-16,FP2,0 days 00:44:34.874000,MAZ,9,0 days 00:01:25.698000,11.0,2.0,,,0 days 00:00:31.695000,0 days 00:00:30.389000,0 days 00:00:23.614000,0 days 00:43:40.871000,0 days 00:44:11.260000,0 days 00:44:34.874000,283.0,288.0,244.0,326.0,True,SOFT,4.0,True,Haas F1 Team,0 days 00:43:09.176000,,1,,False,,False,True
2021-16,FP2,0 days 00:46:37.664000,MAZ,9,0 days 00:02:02.790000,12.0,2.0,,,0 days 00:00:50.825000,0 days 00:00:43.652000,0 days 00:00:28.313000,0 days 00:45:25.699000,0 days 00:46:09.351000,0 days 00:46:37.664000,184.0,256.0,247.0,259.0,False,SOFT,5.0,True,Haas F1 Team,0 days 00:44:34.874000,,1,,False,,False,True
2021-16,FP2,0 days 00:48:03.733000,MAZ,9,0 days 00:01:26.069000,13.0,2.0,,,0 days 00:00:31.890000,0 days 00:00:30.479000,0 days 00:00:23.700000,0 days 00:47:09.554000,0 days 00:47:40.033000,0 days 00:48:03.733000,280.0,288.0,246.0,327.0,False,SOFT,6.0,True,Haas F1 Team,0 days 00:46:37.664000,,1,,True,TRACK LIMITS AT TURN 1,False,True
2021-16,FP2,0 days 00:49:49.528000,MAZ,9,0 days 00:01:45.795000,14.0,2.0,,0 days 00:49:49.488000,0 days 00:00:38.940000,0 days 00:00:36.712000,0 days 00:00:30.143000,0 days 00:48:42.673000,0 days 00:49:19.385000,0 days 00:49:49.528000,244.0,199.0,,199.0,False,SOFT,7.0,True,Haas F1 Team,0 days 00:48:03.733000,,1,,False,,False,False
2021-16,FP2,0 days 01:02:21.240000,MAZ,9,,15.0,3.0,0 days 01:00:45.768000,,,0 days 00:00:35.593000,0 days 00:00:24.832000,,0 days 01:01:56.425000,0 days 01:02:21.377000,246.0,278.0,233.0,298.0,False,MEDIUM,8.0,False,Haas F1 Team,0 days 00:49:49.528000,,1,,False,,False,False
2021-16,FP2,0 days 01:03:51.101000,MAZ,9,0 days 00:01:29.861000,16.0,3.0,,,0 days 00:00:33.533000,0 days 00:00:31.759000,0 days 00:00:24.569000,0 days 01:02:54.773000,0 days 01:03:26.532000,0 days 01:03:51.101000,275.0,281.0,233.0,307.0,False,MEDIUM,9.0,False,Haas F1 Team,0 days 01:02:21.240000,,12,,False,,False,True
2021-16,FP2,0 days 01:05:20.957000,MAZ,9,0 days 00:01:29.856000,17.0,3.0,,,0 days 00:00:33.490000,0 days 00:00:31.709000,0 days 00:00:24.657000,0 days 01:04:24.591000,0 days 01:04:56.300000,0 days 01:05:20.957000,269.0,281.0,232.0,296.0,False,MEDIUM,10.0,False,Haas F1 Team,0 days 01:03:51.101000,,1,,False,,False,True
2021-16,FP2,0 days 01:06:50.454000,MAZ,9,0 days 00:01:29.497000,18.0,3.0,,,0 days 00:00:33.227000,0 days 00:00:31.585000,0 days 00:00:24.685000,0 days 01:05:54.184000,0 days 01:06:25.769000,0 days 01:06:50.454000,272.0,280.0,232.0,298.0,False,MEDIUM,11.0,False,Haas F1 Team,0 days 01:05:20.957000,,1,,False,,False,True
2021-16,FP2,0 days 01:08:21.011000,MAZ,9,0 days 00:01:30.557000,19.0,3.0,,,0 days 00:00:33.371000,0 days 00:00:31.808000,0 days 00:00:25.378000,0 days 01:07:23.825000,0 days 01:07:55.633000,0 days 01:08:21.011000,272.0,280.0,234.0,268.0,False,MEDIUM,12.0,False,Haas F1 Team,0 days 01:06:50.454000,,1,,False,,False,True
2021-16,FP2,0 days 01:09:50.946000,MAZ,9,0 days 00:01:29.935000,20.0,3.0,,,0 days 00:00:33.430000,0 days 00:00:31.621000,0 days 00:00:24.884000,0 days 01:08:54.441000,0 days 01:09:26.062000,0 days 01:09:50.946000,275.0,282.0,232.0,309.0,False,MEDIUM,13.0,False,Haas F1 Team,0 days 01:08:21.011000,,1,,False,,False,True
2021-16,FP2,0 days 01:11:45.503000,MAZ,9,0 days 00:01:54.557000,21.0,3.0,,0 days 01:11:44.921000,0 days 00:00:33.652000,0 days 00:00:49.778000,0 days 00:00:31.127000,0 days 01:10:24.598000,0 days 01:11:14.376000,0 days 01:11:45.503000,271.0,168.0,,209.0,False,MEDIUM,14.0,False,Haas F1 Team,0 days 01:09:50.946000,,12,,False,,False,False
2021-16,FP2,0 days 01:13:35.477000,MAZ,9,0 days 00:01:49.974000,22.0,4.0,0 days 01:12:08.688000,,0 days 00:00:52.715000,0 days 00:00:32.665000,0 days 00:00:24.594000,0 days 01:12:38.218000,0 days 01:13:10.883000,0 days 01:13:35.477000,271.0,279.0,233.0,299.0,False,SOFT,8.0,False,Haas F1 Team,0 days 01:11:45.503000,,1,,False,,False,False
2021-16,FP2,0 days 01:15:04.518000,MAZ,9,0 days 00:01:29.041000,23.0,4.0,,,0 days 00:00:33.129000,0 days 00:00:31.447000,0 days 00:00:24.465000,0 days 01:14:08.606000,0 days 01:14:40.053000,0 days 01:15:04.518000,278.0,281.0,232.0,309.0,False,SOFT,9.0,False,Haas F1 Team,0 days 01:13:35.477000,,12,,False,,False,True
2021-16,FP2,0 days 01:16:54.829000,MAZ,9,0 days 00:01:50.311000,24.0,4.0,,,0 days 00:00:37.599000,0 days 00:00:35.396000,0 days 00:00:37.316000,0 days 01:15:42.117000,0 days 01:16:17.513000,0 days 01:16:54.829000,270.0,199.0,120.0,198.0,False,SOFT,10.0,False,Haas F1 Team,0 days 01:15:04.518000,,1,,False,,False,True
2021-16,FP2,0 days 01:19:06.874000,MAZ,9,0 days 00:02:12.045000,25.0,4.0,,0 days 01:19:06.847000,0 days 00:01:11.022000,0 days 00:00:34.097000,0 days 00:00:26.926000,0 days 01:18:05.851000,0 days 01:18:39.948000,0 days 01:19:06.874000,268.0,274.0,,268.0,False,SOFT,11.0,False,Haas F1 Team,0 days 01:16:54.829000,,1,,False,,False,False
2021-16,FP2,0 days 00:17:46.723000,GAS,10,,1.0,1.0,0 days 00:15:47.629000,,,0 days 00:00:37.223000,0 days 00:00:49.132000,,0 days 00:16:57.600000,0 days 00:17:46.839000,269.0,87.0,244.0,248.0,False,HARD,1.0,True,AlphaTauri,0 days 00:15:47.629000,,1,,False,,False,False
2021-16,FP2,0 days 00:19:13.332000,GAS,10,0 days 00:01:26.609000,2.0,1.0,,,0 days 00:00:32.277000,0 days 00:00:30.582000,0 days 00:00:23.750000,0 days 00:18:19,0 days 00:18:49.582000,0 days 00:19:13.332000,280.0,288.0,246.0,324.0,True,HARD,2.0,True,AlphaTauri,0 days 00:17:46.723000,,1,,False,,False,True
2021-16,FP2,0 days 00:21:16.250000,GAS,10,0 days 00:02:02.918000,3.0,1.0,,,0 days 00:00:43.435000,0 days 00:00:38.519000,0 days 00:00:40.964000,0 days 00:19:56.767000,0 days 00:20:35.286000,0 days 00:21:16.250000,255.0,264.0,246.0,139.0,False,HARD,3.0,True,AlphaTauri,0 days 00:19:13.332000,,1,,False,,False,True
2021-16,FP2,0 days 00:22:41.729000,GAS,10,0 days 00:01:25.479000,4.0,1.0,,,0 days 00:00:31.608000,0 days 00:00:30.379000,0 days 00:00:23.492000,0 days 00:21:47.858000,0 days 00:22:18.237000,0 days 00:22:41.729000,281.0,284.0,245.0,328.0,True,HARD,4.0,True,AlphaTauri,0 days 00:21:16.250000,,1,,False,,False,True
2021-16,FP2,0 days 00:24:48.111000,GAS,10,0 days 00:02:06.382000,5.0,1.0,,,0 days 00:00:46.781000,0 days 00:00:39.983000,0 days 00:00:39.618000,0 days 00:23:28.510000,0 days 00:24:08.493000,0 days 00:24:48.111000,246.0,269.0,248.0,245.0,False,HARD,5.0,True,AlphaTauri,0 days 00:22:41.729000,,12,,False,,False,True
2021-16,FP2,0 days 00:26:13.171000,GAS,10,0 days 00:01:25.060000,6.0,1.0,,,0 days 00:00:31.429000,0 days 00:00:30.206000,0 days 00:00:23.425000,0 days 00:25:19.540000,0 days 00:25:49.746000,0 days 00:26:13.171000,282.0,287.0,246.0,327.0,True,HARD,6.0,True,AlphaTauri,0 days 00:24:48.111000,,1,,False,,False,True
2021-16,FP2,0 days 00:28:13.495000,GAS,10,0 days 00:02:00.324000,7.0,1.0,,,0 days 00:00:43.691000,0 days 00:00:42.854000,0 days 00:00:33.779000,0 days 00:26:56.862000,0 days 00:27:39.716000,0 days 00:28:13.495000,241.0,261.0,249.0,244.0,False,HARD,7.0,True,AlphaTauri,0 days 00:26:13.171000,,1,,False,,False,True
2021-16,FP2,0 days 00:29:38.765000,GAS,10,0 days 00:01:25.270000,8.0,1.0,,,0 days 00:00:31.321000,0 days 00:00:30.590000,0 days 00:00:23.359000,0 days 00:28:44.816000,0 days 00:29:15.406000,0 days 00:29:38.765000,281.0,284.0,245.0,327.0,False,HARD,8.0,True,AlphaTauri,0 days 00:28:13.495000,,1,,False,,False,True
2021-16,FP2,0 days 00:31:16.955000,GAS,10,0 days 00:01:38.190000,9.0,1.0,,0 days 00:31:16.417000,0 days 00:00:36.358000,0 days 00:00:34.742000,0 days 00:00:27.090000,0 days 00:30:15.123000,0 days 00:30:49.865000,0 days 00:31:16.955000,261.0,266.0,,267.0,False,HARD,9.0,True,AlphaTauri,0 days 00:29:38.765000,,1,,False,,False,False
2021-16,FP2,0 days 00:39:15.628000,GAS,10,,10.0,2.0,0 days 00:37:29.746000,,,0 days 00:00:39.458000,0 days 00:00:29.963000,,0 days 00:38:45.672000,0 days 00:39:15.776000,262.0,260.0,247.0,264.0,False,SOFT,1.0,True,AlphaTauri,0 days 00:31:16.955000,,1,,False,,False,False
2021-16,FP2,0 days 00:40:40.706000,GAS,10,0 days 00:01:25.078000,11.0,2.0,,,0 days 00:00:31.218000,0 days 00:00:30.444000,0 days 00:00:23.416000,0 days 00:39:46.846000,0 days 00:40:17.290000,0 days 00:40:40.706000,281.0,286.0,247.0,326.0,False,SOFT,2.0,True,AlphaTauri,0 days 00:39:15.628000,,1,,True,TRACK LIMITS AT TURN 1,False,True
2021-16,FP2,0 days 00:42:39.234000,GAS,10,0 days 00:01:58.528000,12.0,2.0,,,0 days 00:00:48.356000,0 days 00:00:42.730000,0 days 00:00:27.442000,0 days 00:41:29.062000,0 days 00:42:11.792000,0 days 00:42:39.234000,245.0,260.0,247.0,272.0,False,SOFT,3.0,True,AlphaTauri,0 days 00:40:40.706000,,1,,False,,False,True
2021-16,FP2,0 days 00:44:04.185000,GAS,10,0 days 00:01:24.951000,13.0,2.0,,,0 days 00:00:31.282000,0 days 00:00:30.211000,0 days 00:00:23.458000,0 days 00:43:10.516000,0 days 00:43:40.727000,0 days 00:44:04.185000,282.0,285.0,245.0,324.0,True,SOFT,4.0,True,AlphaTauri,0 days 00:42:39.234000,,1,,False,,False,True
2021-16,FP2,0 days 00:46:13.221000,GAS,10,0 days 00:02:09.036000,14.0,2.0,,,0 days 00:00:51.842000,0 days 00:00:45.009000,0 days 00:00:32.185000,0 days 00:44:56.027000,0 days 00:45:41.036000,0 days 00:46:13.221000,193.0,254.0,247.0,154.0,False,SOFT,5.0,True,AlphaTauri,0 days 00:44:04.185000,,1,,False,,False,True
2021-16,FP2,0 days 00:47:37.977000,GAS,10,0 days 00:01:24.756000,15.0,2.0,,,0 days 00:00:31.149000,0 days 00:00:30.165000,0 days 00:00:23.442000,0 days 00:46:44.370000,0 days 00:47:14.535000,0 days 00:47:37.977000,280.0,287.0,245.0,326.0,True,SOFT,6.0,True,AlphaTauri,0 days 00:46:13.221000,,1,,False,,False,True
2021-16,FP2,0 days 00:49:16.062000,GAS,10,0 days 00:01:38.085000,16.0,2.0,,0 days 00:49:15.635000,0 days 00:00:36.357000,0 days 00:00:34.587000,0 days 00:00:27.141000,0 days 00:48:14.334000,0 days 00:48:48.921000,0 days 00:49:16.062000,258.0,261.0,,262.0,False,SOFT,7.0,True,AlphaTauri,0 days 00:47:37.977000,,1,,False,,False,False
2021-16,FP2,0 days 00:56:21.225000,GAS,10,,17.0,3.0,0 days 00:54:51.395000,,,0 days 00:00:32.422000,0 days 00:00:26.494000,,0 days 00:55:54.749000,0 days 00:56:21.372000,270.0,284.0,235.0,287.0,False,SOFT,8.0,False,AlphaTauri,0 days 00:49:16.062000,,1,,False,,False,False
2021-16,FP2,0 days 00:57:50.647000,GAS,10,0 days 00:01:29.422000,18.0,3.0,,,0 days 00:00:32.880000,0 days 00:00:31.803000,0 days 00:00:24.739000,0 days 00:56:54.105000,0 days 00:57:25.908000,0 days 00:57:50.647000,271.0,282.0,234.0,293.0,False,SOFT,9.0,False,AlphaTauri,0 days 00:56:21.225000,,1,,False,,False,True
2021-16,FP2,0 days 00:59:19.982000,GAS,10,0 days 00:01:29.335000,19.0,3.0,,,0 days 00:00:32.796000,0 days 00:00:31.779000,0 days 00:00:24.760000,0 days 00:58:23.443000,0 days 00:58:55.222000,0 days 00:59:19.982000,270.0,282.0,234.0,294.0,False,SOFT,10.0,False,AlphaTauri,0 days 00:57:50.647000,,1,,False,,False,True
2021-16,FP2,0 days 01:00:49.085000,GAS,10,0 days 00:01:29.103000,20.0,3.0,,,0 days 00:00:32.631000,0 days 00:00:31.781000,0 days 00:00:24.691000,0 days 00:59:52.613000,0 days 01:00:24.394000,0 days 01:00:49.085000,272.0,284.0,237.0,294.0,False,SOFT,11.0,False,AlphaTauri,0 days 00:59:19.982000,,1,,False,,False,True
2021-16,FP2,0 days 01:02:18.730000,GAS,10,0 days 00:01:29.645000,21.0,3.0,,,0 days 00:00:32.718000,0 days 00:00:32.224000,0 days 00:00:24.703000,0 days 01:01:21.803000,0 days 01:01:54.027000,0 days 01:02:18.730000,276.0,285.0,238.0,293.0,False,SOFT,12.0,False,AlphaTauri,0 days 01:00:49.085000,,1,,False,,False,True
2021-16,FP2,0 days 01:04:16.977000,GAS,10,0 days 00:01:58.247000,22.0,3.0,,0 days 01:04:16.459000,0 days 00:00:42.309000,0 days 00:00:45.478000,0 days 00:00:30.460000,0 days 01:03:01.039000,0 days 01:03:46.517000,0 days 01:04:16.977000,151.0,210.0,,244.0,False,SOFT,13.0,False,AlphaTauri,0 days 01:02:18.730000,,12,,False,,False,False
2021-16,FP2,0 days 01:06:04.098000,GAS,10,0 days 00:01:47.121000,23.0,4.0,0 days 01:04:40.110000,,0 days 00:00:51.979000,0 days 00:00:31.337000,0 days 00:00:23.805000,0 days 01:05:08.956000,0 days 01:05:40.293000,0 days 01:06:04.098000,276.0,290.0,240.0,309.0,False,HARD,10.0,False,AlphaTauri,0 days 01:04:16.977000,,1,,False,,False,False
2021-16,FP2,0 days 01:07:32.122000,GAS,10,0 days 00:01:28.024000,24.0,4.0,,,0 days 00:00:32.478000,0 days 00:00:31.316000,0 days 00:00:24.230000,0 days 01:06:36.576000,0 days 01:07:07.892000,0 days 01:07:32.122000,278.0,284.0,239.0,300.0,False,HARD,11.0,False,AlphaTauri,0 days 01:06:04.098000,,1,,False,,False,True
2021-16,FP2,0 days 01:09:00.047000,GAS,10,0 days 00:01:27.925000,25.0,4.0,,,0 days 00:00:32.333000,0 days 00:00:31.180000,0 days 00:00:24.412000,0 days 01:08:04.455000,0 days 01:08:35.635000,0 days 01:09:00.047000,276.0,285.0,234.0,296.0,False,HARD,12.0,False,AlphaTauri,0 days 01:07:32.122000,,1,,False,,False,True
2021-16,FP2,0 days 01:10:28.452000,GAS,10,0 days 00:01:28.405000,26.0,4.0,,,0 days 00:00:32.662000,0 days 00:00:31.203000,0 days 00:00:24.540000,0 days 01:09:32.709000,0 days 01:10:03.912000,0 days 01:10:28.452000,273.0,282.0,235.0,300.0,False,HARD,13.0,False,AlphaTauri,0 days 01:09:00.047000,,1,,False,,False,True
2021-16,FP2,0 days 01:11:57.072000,GAS,10,0 days 00:01:28.620000,27.0,4.0,,,0 days 00:00:32.653000,0 days 00:00:31.353000,0 days 00:00:24.614000,0 days 01:11:01.105000,0 days 01:11:32.458000,0 days 01:11:57.072000,274.0,282.0,238.0,304.0,False,HARD,14.0,False,AlphaTauri,0 days 01:10:28.452000,,12,,False,,False,True
2021-16,FP2,0 days 01:13:26.084000,GAS,10,0 days 00:01:29.012000,28.0,4.0,,,0 days 00:00:33.175000,0 days 00:00:31.358000,0 days 00:00:24.479000,0 days 01:12:30.247000,0 days 01:13:01.605000,0 days 01:13:26.084000,276.0,283.0,237.0,303.0,False,HARD,15.0,False,AlphaTauri,0 days 01:11:57.072000,,1,,True,TRACK LIMITS AT TURN 1,False,True
2021-16,FP2,0 days 01:14:55.248000,GAS,10,0 days 00:01:29.164000,29.0,4.0,,,0 days 00:00:32.618000,0 days 00:00:31.843000,0 days 00:00:24.703000,0 days 01:13:58.702000,0 days 01:14:30.545000,0 days 01:14:55.248000,278.0,282.0,243.0,300.0,False,HARD,16.0,False,AlphaTauri,0 days 01:13:26.084000,,12,,False,,False,True
2021-16,FP2,0 days 01:16:25.086000,GAS,10,0 days 00:01:29.838000,30.0,4.0,,,0 days 00:00:34.419000,0 days 00:00:31.481000,0 days 00:00:23.938000,0 days 01:15:29.667000,0 days 01:16:01.148000,0 days 01:16:25.086000,279.0,288.0,234.0,323.0,False,HARD,17.0,False,AlphaTauri,0 days 01:14:55.248000,,1,,False,,False,True
2021-16,FP2,0 days 01:18:12.963000,GAS,10,0 days 00:01:47.877000,31.0,4.0,,,0 days 00:00:34.919000,0 days 00:00:33.678000,0 days 00:00:39.280000,0 days 01:17:00.005000,0 days 01:17:33.683000,0 days 01:18:12.963000,258.0,261.0,60.0,283.0,False,HARD,18.0,False,AlphaTauri,0 days 01:16:25.086000,,1,,False,,False,True
2021-16,FP2,0 days 01:21:04.207000,GAS,10,,32.0,4.0,,0 days 01:21:04.200000,,0 days 00:00:32.557000,0 days 00:00:24.951000,,0 days 01:20:39.256000,0 days 01:21:08.404000,272.0,283.0,,290.0,False,HARD,19.0,False,AlphaTauri,0 days 01:18:12.963000,,1,,False,,False,False
2021-16,FP2,0 days 00:17:57.107000,PER,11,,1.0,1.0,0 days 00:15:58.033000,,,0 days 00:00:34.759000,0 days 00:00:48.872000,,0 days 00:17:08.259000,0 days 00:17:57.257000,272.0,261.0,244.0,201.0,False,MEDIUM,1.0,True,Red Bull Racing,0 days 00:15:58.033000,,1,,False,,False,False
2021-16,FP2,0 days 00:19:22.385000,PER,11,0 days 00:01:25.278000,2.0,1.0,,,0 days 00:00:31.485000,0 days 00:00:30.262000,0 days 00:00:23.531000,0 days 00:18:28.592000,0 days 00:18:58.854000,0 days 00:19:22.385000,280.0,287.0,246.0,321.0,True,MEDIUM,2.0,True,Red Bull Racing,0 days 00:17:57.107000,,1,,False,,False,True
2021-16,FP2,0 days 00:21:22.903000,PER,11,0 days 00:02:00.518000,3.0,1.0,,0 days 00:21:22.654000,0 days 00:00:44.303000,0 days 00:00:46.511000,0 days 00:00:29.704000,0 days 00:20:06.688000,0 days 00:20:53.199000,0 days 00:21:22.903000,209.0,256.0,,214.0,False,MEDIUM,3.0,True,Red Bull Racing,0 days 00:19:22.385000,,1,,False,,False,False
2021-16,FP2,0 days 00:23:30.405000,PER,11,0 days 00:02:07.502000,4.0,2.0,0 days 00:21:47.334000,,0 days 00:00:59.605000,0 days 00:00:36.892000,0 days 00:00:31.005000,0 days 00:22:22.508000,0 days 00:22:59.400000,0 days 00:23:30.405000,246.0,256.0,247.0,208.0,False,MEDIUM,4.0,False,Red Bull Racing,0 days 00:21:22.903000,,12,,False,,False,False
2021-16,FP2,0 days 00:24:55.390000,PER,11,0 days 00:01:24.985000,5.0,2.0,,,0 days 00:00:31.357000,0 days 00:00:30.113000,0 days 00:00:23.515000,0 days 00:24:01.762000,0 days 00:24:31.875000,0 days 00:24:55.390000,281.0,286.0,245.0,325.0,True,MEDIUM,5.0,False,Red Bull Racing,0 days 00:23:30.405000,,1,,False,,False,True
2021-16,FP2,0 days 00:26:47.839000,PER,11,0 days 00:01:52.449000,6.0,2.0,,,0 days 00:00:42.121000,0 days 00:00:43.666000,0 days 00:00:26.662000,0 days 00:25:37.511000,0 days 00:26:21.177000,0 days 00:26:47.839000,171.0,231.0,246.0,278.0,False,MEDIUM,6.0,False,Red Bull Racing,0 days 00:24:55.390000,,1,,False,,False,True
2021-16,FP2,0 days 00:28:12.670000,PER,11,0 days 00:01:24.831000,7.0,2.0,,,0 days 00:00:31.410000,0 days 00:00:30.125000,0 days 00:00:23.296000,0 days 00:27:19.249000,0 days 00:27:49.374000,0 days 00:28:12.670000,282.0,286.0,245.0,326.0,True,MEDIUM,7.0,False,Red Bull Racing,0 days 00:26:47.839000,,1,,False,,False,True
2021-16,FP2,0 days 00:29:56.195000,PER,11,0 days 00:01:43.525000,8.0,2.0,,0 days 00:29:56.238000,0 days 00:00:38.440000,0 days 00:00:36.805000,0 days 00:00:28.280000,0 days 00:28:51.110000,0 days 00:29:27.915000,0 days 00:29:56.195000,225.0,263.0,,234.0,False,MEDIUM,8.0,False,Red Bull Racing,0 days 00:28:12.670000,,1,,False,,False,False
2021-16,FP2,0 days 00:40:21.956000,PER,11,,9.0,3.0,0 days 00:38:25.815000,,,0 days 00:00:42.493000,0 days 00:00:33.159000,,0 days 00:39:48.854000,0 days 00:40:23.329000,109.0,227.0,244.0,151.0,False,SOFT,1.0,True,Red Bull Racing,0 days 00:29:56.195000,,1,,False,,False,False
2021-16,FP2,0 days 00:41:46.329000,PER,11,0 days 00:01:24.373000,10.0,3.0,,,0 days 00:00:31.141000,0 days 00:00:29.847000,0 days 00:00:23.385000,0 days 00:40:53.097000,0 days 00:41:22.944000,0 days 00:41:46.329000,281.0,286.0,245.0,326.0,True,SOFT,2.0,True,Red Bull Racing,0 days 00:40:21.956000,,1,,False,,False,True
2021-16,FP2,0 days 00:43:51.123000,PER,11,0 days 00:02:04.794000,11.0,3.0,,,0 days 00:00:45.019000,0 days 00:00:48.811000,0 days 00:00:30.964000,0 days 00:42:31.348000,0 days 00:43:20.159000,0 days 00:43:51.123000,177.0,184.0,196.0,216.0,False,SOFT,3.0,True,Red Bull Racing,0 days 00:41:46.329000,,1,,False,,False,True
2021-16,FP2,0 days 00:45:55.760000,PER,11,0 days 00:02:04.637000,12.0,3.0,,,0 days 00:00:49.639000,0 days 00:00:42.907000,0 days 00:00:32.091000,0 days 00:44:40.762000,0 days 00:45:23.669000,0 days 00:45:55.760000,127.0,256.0,244.0,120.0,False,SOFT,4.0,True,Red Bull Racing,0 days 00:43:51.123000,,1,,False,,False,True
2021-16,FP2,0 days 00:47:20.220000,PER,11,0 days 00:01:24.460000,13.0,3.0,,,0 days 00:00:31.044000,0 days 00:00:29.951000,0 days 00:00:23.465000,0 days 00:46:26.804000,0 days 00:46:56.755000,0 days 00:47:20.220000,281.0,287.0,247.0,327.0,False,SOFT,5.0,True,Red Bull Racing,0 days 00:45:55.760000,,1,,False,,False,True
2021-16,FP2,0 days 00:49:07.074000,PER,11,0 days 00:01:46.854000,14.0,3.0,,0 days 00:49:07.114000,0 days 00:00:38.231000,0 days 00:00:38.566000,0 days 00:00:30.057000,0 days 00:47:58.451000,0 days 00:48:37.017000,0 days 00:49:07.074000,233.0,244.0,,221.0,False,SOFT,6.0,True,Red Bull Racing,0 days 00:47:20.220000,,1,,False,,False,False
2021-16,FP2,0 days 00:59:13.196000,PER,11,,15.0,4.0,0 days 00:57:34.913000,0 days 00:59:12.633000,,0 days 00:00:36.081000,0 days 00:00:28.145000,,0 days 00:58:45.060000,0 days 00:59:13.512000,250.0,260.0,,242.0,False,MEDIUM,9.0,False,Red Bull Racing,0 days 00:49:07.074000,,1,,False,,False,False
2021-16,FP2,0 days 01:01:21.466000,PER,11,0 days 00:02:08.270000,16.0,5.0,0 days 00:59:50.367000,,0 days 00:01:07.297000,0 days 00:00:32.751000,0 days 00:00:28.222000,0 days 01:00:20.493000,0 days 01:00:53.244000,0 days 01:01:21.466000,262.0,280.0,231.0,288.0,False,MEDIUM,10.0,False,Red Bull Racing,0 days 00:59:13.196000,,1,,False,,False,False
2021-16,FP2,0 days 01:02:50.357000,PER,11,0 days 00:01:28.891000,17.0,5.0,,,0 days 00:00:32.961000,0 days 00:00:31.686000,0 days 00:00:24.244000,0 days 01:01:54.427000,0 days 01:02:26.113000,0 days 01:02:50.357000,266.0,281.0,236.0,298.0,False,MEDIUM,11.0,False,Red Bull Racing,0 days 01:01:21.466000,,1,,False,,False,True
2021-16,FP2,0 days 01:04:18.781000,PER,11,0 days 00:01:28.424000,18.0,5.0,,,0 days 00:00:32.669000,0 days 00:00:31.486000,0 days 00:00:24.269000,0 days 01:03:23.026000,0 days 01:03:54.512000,0 days 01:04:18.781000,269.0,282.0,235.0,299.0,False,MEDIUM,12.0,False,Red Bull Racing,0 days 01:02:50.357000,,12,,False,,False,True
2021-16,FP2,0 days 01:05:47.392000,PER,11,0 days 00:01:28.611000,19.0,5.0,,,0 days 00:00:32.760000,0 days 00:00:31.453000,0 days 00:00:24.398000,0 days 01:04:51.541000,0 days 01:05:22.994000,0 days 01:05:47.392000,269.0,282.0,237.0,291.0,False,MEDIUM,13.0,False,Red Bull Racing,0 days 01:04:18.781000,,1,,True,TRACK LIMITS AT TURN 1,False,True
2021-16,FP2,0 days 01:07:15.648000,PER,11,0 days 00:01:28.256000,20.0,5.0,,,0 days 00:00:32.658000,0 days 00:00:31.298000,0 days 00:00:24.300000,0 days 01:06:20.050000,0 days 01:06:51.348000,0 days 01:07:15.648000,269.0,283.0,237.0,306.0,False,MEDIUM,14.0,False,Red Bull Racing,0 days 01:05:47.392000,,1,,False,,False,True
2021-16,FP2,0 days 01:08:49.250000,PER,11,0 days 00:01:33.602000,21.0,5.0,,,0 days 00:00:32.632000,0 days 00:00:31.391000,0 days 00:00:29.579000,0 days 01:07:48.280000,0 days 01:08:19.671000,0 days 01:08:49.250000,270.0,284.0,237.0,196.0,False,MEDIUM,15.0,False,Red Bull Racing,0 days 01:07:15.648000,,1,,False,,False,True
2021-16,FP2,0 days 01:10:17.473000,PER,11,0 days 00:01:28.223000,22.0,5.0,,,0 days 00:00:32.639000,0 days 00:00:31.177000,0 days 00:00:24.407000,0 days 01:09:21.889000,0 days 01:09:53.066000,0 days 01:10:17.473000,270.0,283.0,237.0,294.0,False,MEDIUM,16.0,False,Red Bull Racing,0 days 01:08:49.250000,,1,,True,TRACK LIMITS AT TURN 1,False,True
2021-16,FP2,0 days 01:11:47.663000,PER,11,0 days 00:01:30.190000,23.0,5.0,,,0 days 00:00:32.380000,0 days 00:00:31.346000,0 days 00:00:26.464000,0 days 01:10:49.853000,0 days 01:11:21.199000,0 days 01:11:47.663000,274.0,284.0,239.0,293.0,False,MEDIUM,17.0,False,Red Bull Racing,0 days 01:10:17.473000,,12,,False,,False,True
2021-16,FP2,0 days 01:13:15.901000,PER,11,0 days 00:01:28.238000,24.0,5.0,,,0 days 00:00:32.603000,0 days 00:00:31.211000,0 days 00:00:24.424000,0 days 01:12:20.266000,0 days 01:12:51.477000,0 days 01:13:15.901000,274.0,285.0,238.0,294.0,False,MEDIUM,18.0,False,Red Bull Racing,0 days 01:11:47.663000,,1,,False,,False,True
2021-16,FP2,0 days 01:14:44.856000,PER,11,0 days 00:01:28.955000,25.0,5.0,,,0 days 00:00:32.986000,0 days 00:00:31.449000,0 days 00:00:24.520000,0 days 01:13:48.887000,0 days 01:14:20.336000,0 days 01:14:44.856000,270.0,281.0,234.0,295.0,False,MEDIUM,19.0,False,Red Bull Racing,0 days 01:13:15.901000,,12,,False,,False,True
2021-16,FP2,0 days 01:16:13.558000,PER,11,0 days 00:01:28.702000,26.0,5.0,,,0 days 00:00:32.845000,0 days 00:00:31.326000,0 days 00:00:24.531000,0 days 01:15:17.701000,0 days 01:15:49.027000,0 days 01:16:13.558000,266.0,281.0,234.0,288.0,False,MEDIUM,20.0,False,Red Bull Racing,0 days 01:14:44.856000,,1,,False,,False,True
2021-16,FP2,0 days 01:18:18.576000,PER,11,0 days 00:02:05.018000,27.0,5.0,,,0 days 00:00:40.686000,0 days 00:00:41.636000,0 days 00:00:42.696000,0 days 01:16:54.244000,0 days 01:17:35.880000,0 days 01:18:18.576000,230.0,188.0,39.0,170.0,False,MEDIUM,21.0,False,Red Bull Racing,0 days 01:16:13.558000,,1,,False,,False,True
2021-16,FP2,0 days 01:21:19.372000,PER,11,,28.0,5.0,,0 days 01:21:18.794000,,0 days 00:00:35.146000,0 days 00:00:25.598000,,0 days 01:20:53.774000,0 days 01:21:23.435000,253.0,258.0,,290.0,False,MEDIUM,22.0,False,Red Bull Racing,0 days 01:18:18.576000,,1,,False,,False,False
2021-16,FP2,0 days 00:18:30.593000,ALO,14,,1.0,1.0,0 days 00:16:14.720000,,,0 days 00:00:40.210000,0 days 00:00:58.603000,,0 days 00:17:31.997000,0 days 00:18:30.697000,249.0,120.0,245.0,242.0,False,SOFT,1.0,True,Alpine,0 days 00:16:14.720000,,1,,False,,False,False
2021-16,FP2,0 days 00:19:56.176000,ALO,14,0 days 00:01:25.583000,2.0,1.0,,,0 days 00:00:31.472000,0 days 00:00:30.478000,0 days 00:00:23.633000,0 days 00:19:02.065000,0 days 00:19:32.543000,0 days 00:19:56.176000,278.0,290.0,241.0,330.0,True,SOFT,2.0,True,Alpine,0 days 00:18:30.593000,,1,,False,,False,True
2021-16,FP2,0 days 00:22:02.644000,ALO,14,0 days 00:02:06.468000,3.0,1.0,,,0 days 00:00:48.027000,0 days 00:00:45.576000,0 days 00:00:32.865000,0 days 00:20:44.203000,0 days 00:21:29.779000,0 days 00:22:02.644000,219.0,253.0,247.0,197.0,False,SOFT,3.0,True,Alpine,0 days 00:19:56.176000,,1,,False,,False,True
2021-16,FP2,0 days 00:23:28.148000,ALO,14,0 days 00:01:25.504000,4.0,1.0,,,0 days 00:00:31.585000,0 days 00:00:30.374000,0 days 00:00:23.545000,0 days 00:22:34.229000,0 days 00:23:04.603000,0 days 00:23:28.148000,280.0,288.0,242.0,326.0,True,SOFT,4.0,True,Alpine,0 days 00:22:02.644000,,12,,False,,False,True
2021-16,FP2,0 days 00:25:26.193000,ALO,14,0 days 00:01:58.045000,5.0,1.0,,0 days 00:25:26.173000,0 days 00:00:43.715000,0 days 00:00:44.430000,0 days 00:00:29.900000,0 days 00:24:11.863000,0 days 00:24:56.293000,0 days 00:25:26.193000,176.0,255.0,,253.0,False,SOFT,5.0,True,Alpine,0 days 00:23:28.148000,,1,,False,,False,False
2021-16,FP2,0 days 00:33:28.470000,ALO,14,,6.0,2.0,0 days 00:31:42.131000,,,0 days 00:00:41.255000,0 days 00:00:29.287000,,0 days 00:32:59.203000,0 days 00:33:29.262000,260.0,257.0,249.0,174.0,False,SOFT,1.0,True,Alpine,0 days 00:25:26.193000,,1,,False,,False,False
2021-16,FP2,0 days 00:34:53.453000,ALO,14,0 days 00:01:24.983000,7.0,2.0,,,0 days 00:00:31.295000,0 days 00:00:30.221000,0 days 00:00:23.467000,0 days 00:33:59.765000,0 days 00:34:29.986000,0 days 00:34:53.453000,280.0,289.0,248.0,316.0,True,SOFT,2.0,True,Alpine,0 days 00:33:28.470000,,1,,False,,False,True
2021-16,FP2,0 days 00:36:41.163000,ALO,14,0 days 00:01:47.710000,8.0,2.0,,0 days 00:36:41.154000,0 days 00:00:38.381000,0 days 00:00:38.799000,0 days 00:00:30.530000,0 days 00:35:31.834000,0 days 00:36:10.633000,0 days 00:36:41.163000,250.0,200.0,,197.0,False,SOFT,3.0,True,Alpine,0 days 00:34:53.453000,,1,,False,,False,False
2021-16,FP2,0 days 00:50:53.291000,ALO,14,,9.0,3.0,0 days 00:49:03.708000,,,0 days 00:00:41.886000,0 days 00:00:30.268000,,0 days 00:50:23.023000,0 days 00:50:53.394000,261.0,166.0,249.0,134.0,False,SOFT,1.0,True,Alpine,0 days 00:36:41.163000,,1,,False,,False,False
2021-16,FP2,0 days 00:52:17.951000,ALO,14,0 days 00:01:24.660000,10.0,3.0,,,0 days 00:00:31.159000,0 days 00:00:30.176000,0 days 00:00:23.325000,0 days 00:51:24.450000,0 days 00:51:54.626000,0 days 00:52:17.951000,283.0,289.0,247.0,322.0,True,SOFT,2.0,True,Alpine,0 days 00:50:53.291000,,1,,False,,False,True
2021-16,FP2,0 days 00:54:11.149000,ALO,14,0 days 00:01:53.198000,11.0,3.0,,0 days 00:54:10.964000,0 days 00:00:40.978000,0 days 00:00:42.562000,0 days 00:00:29.658000,0 days 00:52:58.929000,0 days 00:53:41.491000,0 days 00:54:11.149000,227.0,200.0,,246.0,False,SOFT,3.0,True,Alpine,0 days 00:52:17.951000,,1,,False,,False,False
2021-16,FP2,0 days 01:04:39.067000,ALO,14,,12.0,4.0,0 days 01:03:13.733000,,,0 days 00:00:31.738000,0 days 00:00:24.833000,,0 days 01:04:14.267000,0 days 01:04:39.189000,270.0,285.0,239.0,296.0,False,SOFT,6.0,False,Alpine,0 days 00:54:11.149000,,12,,False,,False,False
2021-16,FP2,0 days 01:06:08.058000,ALO,14,0 days 00:01:28.991000,13.0,4.0,,,0 days 00:00:33.065000,0 days 00:00:31.502000,0 days 00:00:24.424000,0 days 01:05:12.132000,0 days 01:05:43.634000,0 days 01:06:08.058000,270.0,285.0,238.0,304.0,False,SOFT,7.0,False,Alpine,0 days 01:04:39.067000,,1,,False,,False,True
2021-16,FP2,0 days 01:07:37.080000,ALO,14,0 days 00:01:29.022000,14.0,4.0,,,0 days 00:00:32.835000,0 days 00:00:31.502000,0 days 00:00:24.685000,0 days 01:06:40.893000,0 days 01:07:12.395000,0 days 01:07:37.080000,269.0,285.0,240.0,304.0,False,SOFT,8.0,False,Alpine,0 days 01:06:08.058000,,1,,False,,False,True
2021-16,FP2,0 days 01:09:07.370000,ALO,14,0 days 00:01:30.290000,15.0,4.0,,,0 days 00:00:33.222000,0 days 00:00:31.888000,0 days 00:00:25.180000,0 days 01:08:10.302000,0 days 01:08:42.190000,0 days 01:09:07.370000,272.0,289.0,241.0,311.0,False,SOFT,9.0,False,Alpine,0 days 01:07:37.080000,,1,,False,,False,True
2021-16,FP2,0 days 01:10:37.343000,ALO,14,0 days 00:01:29.973000,16.0,4.0,,0 days 01:10:37.333000,0 days 00:00:33.132000,0 days 00:00:31.825000,0 days 00:00:25.016000,0 days 01:09:40.502000,0 days 01:10:12.327000,0 days 01:10:37.343000,269.0,285.0,,299.0,False,SOFT,10.0,False,Alpine,0 days 01:09:07.370000,,1,,False,,False,False
2021-16,FP2,0 days 01:12:23.266000,ALO,14,0 days 00:01:45.923000,17.0,5.0,0 days 01:10:59.481000,,0 days 00:00:50.401000,0 days 00:00:31.301000,0 days 00:00:24.221000,0 days 01:11:27.744000,0 days 01:11:59.045000,0 days 01:12:23.266000,271.0,288.0,244.0,318.0,False,SOFT,4.0,False,Alpine,0 days 01:10:37.343000,,12,,False,,False,False
2021-16,FP2,0 days 01:13:51.644000,ALO,14,0 days 00:01:28.378000,18.0,5.0,,,0 days 00:00:32.917000,0 days 00:00:31.376000,0 days 00:00:24.085000,0 days 01:12:56.183000,0 days 01:13:27.559000,0 days 01:13:51.644000,272.0,291.0,236.0,327.0,False,SOFT,5.0,False,Alpine,0 days 01:12:23.266000,,1,,False,,False,True
2021-16,FP2,0 days 01:15:20.692000,ALO,14,0 days 00:01:29.048000,19.0,5.0,,,0 days 00:00:33.005000,0 days 00:00:31.494000,0 days 00:00:24.549000,0 days 01:14:24.649000,0 days 01:14:56.143000,0 days 01:15:20.692000,270.0,285.0,237.0,299.0,False,SOFT,6.0,False,Alpine,0 days 01:13:51.644000,,12,,False,,False,True
2021-16,FP2,0 days 01:17:27.411000,ALO,14,0 days 00:02:06.719000,20.0,5.0,,,0 days 00:00:41.458000,0 days 00:00:42.611000,0 days 00:00:42.650000,0 days 01:16:02.150000,0 days 01:16:44.761000,0 days 01:17:27.411000,182.0,209.0,84.0,155.0,False,SOFT,7.0,False,Alpine,0 days 01:15:20.692000,,1,,False,,False,True
2021-16,FP2,0 days 01:19:41.314000,ALO,14,0 days 00:02:13.903000,21.0,5.0,,0 days 01:19:40.750000,0 days 00:01:15.149000,0 days 00:00:31.421000,0 days 00:00:27.333000,0 days 01:18:42.560000,0 days 01:19:13.981000,0 days 01:19:41.314000,275.0,286.0,,228.0,False,SOFT,8.0,False,Alpine,0 days 01:17:27.411000,,1,,False,,False,False
2021-16,FP2,0 days 00:17:07.738000,LEC,16,,1.0,1.0,0 days 00:15:23.808000,,,0 days 00:00:37.107000,0 days 00:00:32.034000,,0 days 00:16:35.737000,0 days 00:17:08.039000,258.0,284.0,246.0,239.0,False,MEDIUM,1.0,True,Ferrari,0 days 00:15:23.808000,,1,,False,,False,False
2021-16,FP2,0 days 00:18:33.618000,LEC,16,0 days 00:01:25.880000,2.0,1.0,,,0 days 00:00:31.933000,0 days 00:00:30.275000,0 days 00:00:23.672000,0 days 00:17:39.671000,0 days 00:18:09.946000,0 days 00:18:33.618000,283.0,292.0,247.0,326.0,True,MEDIUM,2.0,True,Ferrari,0 days 00:17:07.738000,,1,,False,,False,True
2021-16,FP2,0 days 00:20:43.762000,LEC,16,0 days 00:02:10.144000,3.0,1.0,,,0 days 00:00:52.040000,0 days 00:00:46.571000,0 days 00:00:31.533000,0 days 00:19:25.658000,0 days 00:20:12.229000,0 days 00:20:43.762000,107.0,240.0,247.0,233.0,False,MEDIUM,3.0,True,Ferrari,0 days 00:18:33.618000,,1,,False,,False,True
2021-16,FP2,0 days 00:22:08.783000,LEC,16,0 days 00:01:25.021000,4.0,1.0,,,0 days 00:00:31.313000,0 days 00:00:30.184000,0 days 00:00:23.524000,0 days 00:21:15.075000,0 days 00:21:45.259000,0 days 00:22:08.783000,284.0,290.0,249.0,330.0,True,MEDIUM,4.0,True,Ferrari,0 days 00:20:43.762000,,1,,False,,False,True
2021-16,FP2,0 days 00:24:12.963000,LEC,16,0 days 00:02:04.180000,5.0,1.0,,,0 days 00:00:44.606000,0 days 00:00:49.702000,0 days 00:00:29.872000,0 days 00:22:53.389000,0 days 00:23:43.091000,0 days 00:24:12.963000,185.0,225.0,249.0,269.0,False,MEDIUM,5.0,True,Ferrari,0 days 00:22:08.783000,,12,,False,,False,True
2021-16,FP2,0 days 00:25:37.065000,LEC,16,0 days 00:01:24.102000,6.0,1.0,,,0 days 00:00:30.965000,0 days 00:00:29.877000,0 days 00:00:23.260000,0 days 00:24:43.928000,0 days 00:25:13.805000,0 days 00:25:37.065000,286.0,292.0,248.0,328.0,True,MEDIUM,6.0,True,Ferrari,0 days 00:24:12.963000,,1,,False,,False,True
2021-16,FP2,0 days 00:27:27.086000,LEC,16,0 days 00:01:50.021000,7.0,1.0,,0 days 00:27:26.500000,0 days 00:00:39.333000,0 days 00:00:40.662000,0 days 00:00:30.026000,0 days 00:26:16.398000,0 days 00:26:57.060000,0 days 00:27:27.086000,252.0,215.0,,196.0,False,MEDIUM,7.0,True,Ferrari,0 days 00:25:37.065000,,1,,False,,False,False
2021-16,FP2,0 days 00:29:53.084000,LEC,16,0 days 00:02:25.998000,8.0,2.0,0 days 00:28:04.194000,0 days 00:29:52.495000,0 days 00:01:11.784000,0 days 00:00:47.087000,0 days 00:00:27.127000,0 days 00:28:38.870000,0 days 00:29:25.957000,0 days 00:29:53.084000,107.0,268.0,,250.0,False,MEDIUM,8.0,False,Ferrari,0 days 00:27:27.086000,,1,,False,,False,False
2021-16,FP2,0 days 00:39:09.516000,LEC,16,,9.0,3.0,0 days 00:37:25.095000,,,0 days 00:00:41.056000,0 days 00:00:26.982000,,0 days 00:38:42.557000,0 days 00:39:09.556000,252.0,225.0,247.0,293.0,False,SOFT,1.0,True,Ferrari,0 days 00:29:53.084000,,1,,False,,False,False
2021-16,FP2,0 days 00:40:33.727000,LEC,16,0 days 00:01:24.211000,10.0,3.0,,,0 days 00:00:44.754000,0 days 00:00:29.928000,,0 days 00:39:54.270000,0 days 00:40:10.544000,,225.0,292.0,247.0,326.0,False,SOFT,2.0,True,Ferrari,0 days 00:39:09.516000,,1,,False,,False,False
2021-16,FP2,0 days 00:42:32.433000,LEC,16,0 days 00:01:58.706000,11.0,3.0,,0 days 00:42:32.420000,0 days 00:00:44.754000,0 days 00:00:44.684000,0 days 00:00:29.268000,,0 days 00:42:03.165000,0 days 00:42:32.433000,225.0,255.0,,194.0,False,SOFT,3.0,True,Ferrari,0 days 00:40:33.727000,,1,,False,,False,False
2021-16,FP2,0 days 00:44:51.847000,LEC,16,0 days 00:02:19.414000,12.0,4.0,0 days 00:42:58.560000,,0 days 00:01:05.114000,0 days 00:00:39.928000,0 days 00:00:34.372000,0 days 00:43:37.547000,0 days 00:44:17.475000,0 days 00:44:51.847000,256.0,152.0,248.0,252.0,False,SOFT,4.0,False,Ferrari,0 days 00:42:32.433000,,1,,False,,False,False
2021-16,FP2,0 days 00:46:24.691000,LEC,16,0 days 00:01:32.844000,13.0,4.0,,,0 days 00:00:31.048000,0 days 00:00:32.207000,0 days 00:00:29.589000,0 days 00:45:22.895000,0 days 00:45:55.102000,0 days 00:46:24.691000,283.0,239.0,176.0,224.0,False,SOFT,5.0,False,Ferrari,0 days 00:44:51.847000,,1,,False,,False,True
2021-16,FP2,0 days 00:48:26.301000,LEC,16,0 days 00:02:01.610000,14.0,4.0,,,0 days 00:00:45.972000,0 days 00:00:47.965000,0 days 00:00:27.673000,0 days 00:47:10.663000,0 days 00:47:58.628000,0 days 00:48:26.301000,202.0,189.0,247.0,285.0,False,SOFT,6.0,False,Ferrari,0 days 00:46:24.691000,,1,,False,,False,True
2021-16,FP2,0 days 00:49:50.271000,LEC,16,0 days 00:01:23.970000,15.0,4.0,,,0 days 00:00:30.912000,0 days 00:00:29.784000,0 days 00:00:23.274000,0 days 00:48:57.213000,0 days 00:49:26.997000,0 days 00:49:50.271000,284.0,290.0,247.0,325.0,True,SOFT,7.0,False,Ferrari,0 days 00:48:26.301000,,1,,False,,False,True
2021-16,FP2,0 days 00:51:45.147000,LEC,16,0 days 00:01:54.876000,16.0,4.0,,0 days 00:51:45.144000,0 days 00:00:38.656000,0 days 00:00:42.708000,0 days 00:00:33.512000,0 days 00:50:28.927000,0 days 00:51:11.635000,0 days 00:51:45.147000,189.0,189.0,,176.0,False,SOFT,8.0,False,Ferrari,0 days 00:49:50.271000,,1,,False,,False,False
2021-16,FP2,0 days 01:00:34.593000,LEC,16,,17.0,5.0,0 days 00:58:50.433000,,,0 days 00:00:42.213000,0 days 00:00:30.246000,,0 days 01:00:04.372000,0 days 01:00:34.741000,255.0,256.0,238.0,206.0,False,MEDIUM,9.0,False,Ferrari,0 days 00:51:45.147000,,1,,False,,False,False
2021-16,FP2,0 days 01:02:03.152000,LEC,16,0 days 00:01:28.559000,18.0,5.0,,,0 days 00:00:32.673000,0 days 00:00:31.635000,0 days 00:00:24.251000,0 days 01:01:07.266000,0 days 01:01:38.901000,0 days 01:02:03.152000,279.0,285.0,237.0,310.0,False,MEDIUM,10.0,False,Ferrari,0 days 01:00:34.593000,,1,,False,,False,True
2021-16,FP2,0 days 01:03:31.155000,LEC,16,0 days 00:01:28.003000,19.0,5.0,,,0 days 00:00:32.559000,0 days 00:00:31.260000,0 days 00:00:24.184000,0 days 01:02:35.711000,0 days 01:03:06.971000,0 days 01:03:31.155000,278.0,284.0,237.0,313.0,False,MEDIUM,11.0,False,Ferrari,0 days 01:02:03.152000,,12,,False,,False,True
2021-16,FP2,0 days 01:04:59.345000,LEC,16,0 days 00:01:28.190000,20.0,5.0,,,0 days 00:00:32.589000,0 days 00:00:31.220000,0 days 00:00:24.381000,0 days 01:04:03.744000,0 days 01:04:34.964000,0 days 01:04:59.345000,278.0,286.0,237.0,309.0,False,MEDIUM,12.0,False,Ferrari,0 days 01:03:31.155000,,1,,False,,False,True
2021-16,FP2,0 days 01:06:27.231000,LEC,16,0 days 00:01:27.886000,21.0,5.0,,,0 days 00:00:32.492000,0 days 00:00:31.102000,0 days 00:00:24.292000,0 days 01:05:31.837000,0 days 01:06:02.939000,0 days 01:06:27.231000,278.0,286.0,242.0,313.0,False,MEDIUM,13.0,False,Ferrari,0 days 01:04:59.345000,,1,,False,,False,True
2021-16,FP2,0 days 01:07:55.653000,LEC,16,0 days 00:01:28.422000,22.0,5.0,,,0 days 00:00:32.598000,0 days 00:00:31.262000,0 days 00:00:24.562000,0 days 01:06:59.829000,0 days 01:07:31.091000,0 days 01:07:55.653000,279.0,288.0,243.0,292.0,False,MEDIUM,14.0,False,Ferrari,0 days 01:06:27.231000,,1,,False,,False,True
2021-16,FP2,0 days 01:09:24.715000,LEC,16,0 days 00:01:29.062000,23.0,5.0,,,0 days 00:00:33.111000,0 days 00:00:31.702000,0 days 00:00:24.249000,0 days 01:08:28.764000,0 days 01:09:00.466000,0 days 01:09:24.715000,277.0,291.0,241.0,326.0,False,MEDIUM,15.0,False,Ferrari,0 days 01:07:55.653000,,1,,False,,False,True
2021-16,FP2,0 days 01:10:53.785000,LEC,16,0 days 00:01:29.070000,24.0,5.0,,,0 days 00:00:32.889000,0 days 00:00:31.539000,0 days 00:00:24.642000,0 days 01:09:57.604000,0 days 01:10:29.143000,0 days 01:10:53.785000,268.0,284.0,236.0,312.0,False,MEDIUM,16.0,False,Ferrari,0 days 01:09:24.715000,,12,,True,TRACK LIMITS AT TURN 1,False,True
2021-16,FP2,0 days 01:12:22.624000,LEC,16,0 days 00:01:28.839000,25.0,5.0,,,0 days 00:00:32.750000,0 days 00:00:31.532000,0 days 00:00:24.557000,0 days 01:11:26.535000,0 days 01:11:58.067000,0 days 01:12:22.624000,281.0,284.0,237.0,313.0,False,MEDIUM,17.0,False,Ferrari,0 days 01:10:53.785000,,1,,False,,False,True
2021-16,FP2,0 days 01:13:51.355000,LEC,16,0 days 00:01:28.731000,26.0,5.0,,0 days 01:13:51.355000,0 days 00:00:32.850000,0 days 00:00:31.441000,0 days 00:00:24.440000,0 days 01:12:55.474000,0 days 01:13:26.915000,0 days 01:13:51.355000,278.0,284.0,,323.0,False,MEDIUM,18.0,False,Ferrari,0 days 01:12:22.624000,,1,,False,,False,False
2021-16,FP2,0 days 01:15:37.089000,LEC,16,0 days 00:01:45.734000,27.0,6.0,0 days 01:14:13.448000,,0 days 00:00:50.823000,0 days 00:00:31.168000,0 days 00:00:23.743000,0 days 01:14:42.178000,0 days 01:15:13.346000,0 days 01:15:37.089000,281.0,283.0,237.0,322.0,False,SOFT,9.0,False,Ferrari,0 days 01:13:51.355000,,12,,False,,False,False
2021-16,FP2,0 days 01:17:35.027000,LEC,16,0 days 00:01:57.938000,28.0,6.0,,,0 days 00:00:32.654000,0 days 00:00:39.418000,0 days 00:00:45.866000,0 days 01:16:09.743000,0 days 01:16:49.161000,0 days 01:17:35.027000,274.0,220.0,54.0,147.0,False,SOFT,10.0,False,Ferrari,0 days 01:15:37.089000,,1,,False,,False,True
2021-16,FP2,0 days 01:20:23.505000,LEC,16,,29.0,6.0,,0 days 01:20:22.824000,,0 days 00:00:37.719000,0 days 00:00:27.465000,,0 days 01:19:56.125000,0 days 01:20:23.505000,226.0,260.0,,281.0,False,SOFT,11.0,False,Ferrari,0 days 01:17:35.027000,,1,,False,,False,False
2021-16,FP2,0 days 00:18:13.938000,STR,18,,1.0,1.0,0 days 00:16:00.956000,,,0 days 00:00:36.183000,0 days 00:01:02.623000,,0 days 00:17:11.354000,0 days 00:18:14.046000,265.0,270.0,243.0,92.0,False,MEDIUM,1.0,True,Aston Martin,0 days 00:16:00.956000,,1,,False,,False,False
2021-16,FP2,0 days 00:19:40.448000,STR,18,0 days 00:01:26.510000,2.0,1.0,,,0 days 00:00:32.151000,0 days 00:00:30.738000,0 days 00:00:23.621000,0 days 00:18:46.089000,0 days 00:19:16.827000,0 days 00:19:40.448000,278.0,283.0,244.0,319.0,True,MEDIUM,2.0,True,Aston Martin,0 days 00:18:13.938000,,1,,False,,False,True
2021-16,FP2,0 days 00:21:41.232000,STR,18,0 days 00:02:00.784000,3.0,1.0,,,0 days 00:00:43.641000,0 days 00:00:48.839000,0 days 00:00:28.304000,0 days 00:20:24.089000,0 days 00:21:12.928000,0 days 00:21:41.232000,154.0,241.0,243.0,276.0,False,MEDIUM,3.0,True,Aston Martin,0 days 00:19:40.448000,,1,,False,,False,True
2021-16,FP2,0 days 00:23:26.437000,STR,18,0 days 00:01:45.205000,4.0,1.0,,,0 days 00:00:32.015000,0 days 00:00:44.591000,0 days 00:00:28.599000,0 days 00:22:13.247000,0 days 00:22:57.838000,0 days 00:23:26.437000,277.0,254.0,245.0,234.0,False,MEDIUM,4.0,True,Aston Martin,0 days 00:21:41.232000,,12,,False,,False,True
2021-16,FP2,0 days 00:24:52.069000,STR,18,0 days 00:01:25.632000,5.0,1.0,,,0 days 00:00:31.722000,0 days 00:00:30.456000,0 days 00:00:23.454000,0 days 00:23:58.159000,0 days 00:24:28.615000,0 days 00:24:52.069000,278.0,285.0,247.0,326.0,True,MEDIUM,5.0,True,Aston Martin,0 days 00:23:26.437000,,21,,False,,False,True
2021-16,FP2,0 days 00:26:34.674000,STR,18,0 days 00:01:42.605000,6.0,1.0,,0 days 00:26:34.043000,0 days 00:00:39.501000,0 days 00:00:35.501000,0 days 00:00:27.603000,0 days 00:25:31.570000,0 days 00:26:07.071000,0 days 00:26:34.674000,184.0,263.0,,233.0,False,MEDIUM,6.0,True,Aston Martin,0 days 00:24:52.069000,,1,,False,,False,False
2021-16,FP2,0 days 00:33:58.256000,STR,18,,7.0,2.0,0 days 00:32:23.151000,,,0 days 00:00:35.264000,0 days 00:00:25.102000,,0 days 00:33:33.218000,0 days 00:33:58.410000,262.0,268.0,249.0,285.0,False,SOFT,1.0,True,Aston Martin,0 days 00:26:34.674000,,1,,False,,False,False
2021-16,FP2,0 days 00:35:23.276000,STR,18,0 days 00:01:25.020000,8.0,2.0,,,0 days 00:00:31.558000,0 days 00:00:30.225000,0 days 00:00:23.237000,0 days 00:34:29.814000,0 days 00:35:00.039000,0 days 00:35:23.276000,279.0,290.0,247.0,326.0,True,SOFT,2.0,True,Aston Martin,0 days 00:33:58.256000,,1,,False,,False,True
2021-16,FP2,0 days 00:37:32.068000,STR,18,0 days 00:02:08.792000,9.0,2.0,,,0 days 00:00:51.205000,0 days 00:00:48.459000,0 days 00:00:29.128000,0 days 00:36:14.481000,0 days 00:37:02.940000,0 days 00:37:32.068000,159.0,255.0,218.0,212.0,False,SOFT,3.0,True,Aston Martin,0 days 00:35:23.276000,,1,,False,,False,True
2021-16,FP2,0 days 00:39:34.608000,STR,18,0 days 00:02:02.540000,10.0,2.0,,,0 days 00:00:44.164000,0 days 00:00:39.229000,0 days 00:00:39.147000,0 days 00:38:16.232000,0 days 00:38:55.461000,0 days 00:39:34.608000,208.0,278.0,245.0,201.0,False,SOFT,4.0,True,Aston Martin,0 days 00:37:32.068000,,1,,False,,False,True
2021-16,FP2,0 days 00:41:00.101000,STR,18,0 days 00:01:25.493000,11.0,2.0,,,0 days 00:00:31.711000,0 days 00:00:30.455000,0 days 00:00:23.327000,0 days 00:40:06.319000,0 days 00:40:36.774000,0 days 00:41:00.101000,274.0,285.0,247.0,321.0,False,SOFT,5.0,True,Aston Martin,0 days 00:39:34.608000,,1,,False,,False,True
2021-16,FP2,0 days 00:42:41.833000,STR,18,0 days 00:01:41.732000,12.0,2.0,,0 days 00:42:41.894000,0 days 00:00:35.030000,0 days 00:00:37.382000,0 days 00:00:29.320000,0 days 00:41:35.131000,0 days 00:42:12.513000,0 days 00:42:41.833000,242.0,240.0,,236.0,False,SOFT,6.0,True,Aston Martin,0 days 00:41:00.101000,,1,,False,,False,False
2021-16,FP2,0 days 00:51:47.440000,STR,18,,13.0,3.0,0 days 00:50:04.203000,,,0 days 00:00:37.716000,0 days 00:00:29.361000,,0 days 00:51:18.109000,0 days 00:51:50.884000,242.0,266.0,235.0,171.0,False,SOFT,7.0,False,Aston Martin,0 days 00:42:41.833000,,1,,False,,False,False
2021-16,FP2,0 days 00:53:16.519000,STR,18,0 days 00:01:29.079000,14.0,3.0,,,0 days 00:00:33.173000,0 days 00:00:31.550000,0 days 00:00:24.356000,0 days 00:52:20.613000,0 days 00:52:52.163000,0 days 00:53:16.519000,265.0,282.0,237.0,295.0,False,SOFT,8.0,False,Aston Martin,0 days 00:51:47.440000,,1,,False,,False,True
2021-16,FP2,0 days 00:54:50.175000,STR,18,0 days 00:01:33.656000,15.0,3.0,,0 days 00:54:49.586000,0 days 00:00:34.632000,0 days 00:00:32.989000,0 days 00:00:26.035000,0 days 00:53:51.151000,0 days 00:54:24.140000,0 days 00:54:50.175000,257.0,269.0,,289.0,False,SOFT,9.0,False,Aston Martin,0 days 00:53:16.519000,,1,,False,,False,False
2021-16,FP2,0 days 00:56:50.705000,STR,18,0 days 00:02:00.530000,16.0,4.0,0 days 00:55:19.269000,,0 days 00:01:00.832000,0 days 00:00:32.495000,0 days 00:00:27.203000,0 days 00:55:51.007000,0 days 00:56:23.502000,0 days 00:56:50.705000,271.0,281.0,234.0,275.0,False,MEDIUM,7.0,False,Aston Martin,0 days 00:54:50.175000,,1,,False,,False,False
2021-16,FP2,0 days 00:58:20.031000,STR,18,0 days 00:01:29.326000,17.0,4.0,,,0 days 00:00:32.916000,0 days 00:00:32.004000,0 days 00:00:24.406000,0 days 00:57:23.621000,0 days 00:57:55.625000,0 days 00:58:20.031000,265.0,282.0,236.0,294.0,False,MEDIUM,8.0,False,Aston Martin,0 days 00:56:50.705000,,1,,False,,False,True
2021-16,FP2,0 days 00:59:49.495000,STR,18,0 days 00:01:29.464000,18.0,4.0,,,0 days 00:00:32.891000,0 days 00:00:32.198000,0 days 00:00:24.375000,0 days 00:58:52.922000,0 days 00:59:25.120000,0 days 00:59:49.495000,265.0,283.0,236.0,296.0,False,MEDIUM,9.0,False,Aston Martin,0 days 00:58:20.031000,,1,,False,,False,True
2021-16,FP2,0 days 01:01:26.437000,STR,18,0 days 00:01:36.942000,19.0,4.0,,,0 days 00:00:32.874000,0 days 00:00:32.322000,0 days 00:00:31.746000,0 days 01:00:22.369000,0 days 01:00:54.691000,0 days 01:01:26.437000,270.0,284.0,235.0,296.0,False,MEDIUM,10.0,False,Aston Martin,0 days 00:59:49.495000,,1,,False,,False,True
2021-16,FP2,0 days 01:02:55.139000,STR,18,0 days 00:01:28.702000,20.0,4.0,,,0 days 00:00:32.778000,0 days 00:00:31.719000,0 days 00:00:24.205000,0 days 01:01:59.215000,0 days 01:02:30.934000,0 days 01:02:55.139000,267.0,282.0,239.0,298.0,False,MEDIUM,11.0,False,Aston Martin,0 days 01:01:26.437000,,12,,False,,False,True
2021-16,FP2,0 days 01:04:23.888000,STR,18,0 days 00:01:28.749000,21.0,4.0,,,0 days 00:00:32.817000,0 days 00:00:31.576000,0 days 00:00:24.356000,0 days 01:03:27.956000,0 days 01:03:59.532000,0 days 01:04:23.888000,266.0,281.0,237.0,294.0,False,MEDIUM,12.0,False,Aston Martin,0 days 01:02:55.139000,,21,,False,,False,True
2021-16,FP2,0 days 01:05:52.875000,STR,18,0 days 00:01:28.987000,22.0,4.0,,,0 days 00:00:32.806000,0 days 00:00:31.788000,0 days 00:00:24.393000,0 days 01:04:56.694000,0 days 01:05:28.482000,0 days 01:05:52.875000,267.0,281.0,237.0,295.0,False,MEDIUM,13.0,False,Aston Martin,0 days 01:04:23.888000,,1,,False,,False,True
2021-16,FP2,0 days 01:07:21.955000,STR,18,0 days 00:01:29.080000,23.0,4.0,,,0 days 00:00:32.958000,0 days 00:00:31.811000,0 days 00:00:24.311000,0 days 01:06:25.833000,0 days 01:06:57.644000,0 days 01:07:21.955000,265.0,282.0,238.0,303.0,False,MEDIUM,14.0,False,Aston Martin,0 days 01:05:52.875000,,1,,False,,False,True
2021-16,FP2,0 days 01:08:50.751000,STR,18,0 days 00:01:28.796000,24.0,4.0,,,0 days 00:00:32.738000,0 days 00:00:31.647000,0 days 00:00:24.411000,0 days 01:07:54.693000,0 days 01:08:26.340000,0 days 01:08:50.751000,268.0,282.0,240.0,290.0,False,MEDIUM,15.0,False,Aston Martin,0 days 01:07:21.955000,,1,,False,,False,True
2021-16,FP2,0 days 01:10:19.622000,STR,18,0 days 00:01:28.871000,25.0,4.0,,,0 days 00:00:32.879000,0 days 00:00:31.666000,0 days 00:00:24.326000,0 days 01:09:23.630000,0 days 01:09:55.296000,0 days 01:10:19.622000,269.0,283.0,239.0,295.0,False,MEDIUM,16.0,False,Aston Martin,0 days 01:08:50.751000,,1,,False,,False,True
2021-16,FP2,0 days 01:11:52.091000,STR,18,0 days 00:01:32.469000,26.0,4.0,,,0 days 00:00:32.876000,0 days 00:00:31.677000,0 days 00:00:27.916000,0 days 01:10:52.498000,0 days 01:11:24.175000,0 days 01:11:52.091000,269.0,282.0,237.0,299.0,False,MEDIUM,17.0,False,Aston Martin,0 days 01:10:19.622000,,12,,False,,False,True
2021-16,FP2,0 days 01:13:20.645000,STR,18,0 days 00:01:28.554000,27.0,4.0,,,0 days 00:00:32.638000,0 days 00:00:31.554000,0 days 00:00:24.362000,0 days 01:12:24.729000,0 days 01:12:56.283000,0 days 01:13:20.645000,271.0,282.0,237.0,294.0,False,MEDIUM,18.0,False,Aston Martin,0 days 01:11:52.091000,,1,,False,,False,True
2021-16,FP2,0 days 01:14:50.305000,STR,18,0 days 00:01:29.660000,28.0,4.0,,,0 days 00:00:32.697000,0 days 00:00:32.550000,0 days 00:00:24.413000,0 days 01:13:53.342000,0 days 01:14:25.892000,0 days 01:14:50.305000,270.0,279.0,236.0,296.0,False,MEDIUM,19.0,False,Aston Martin,0 days 01:13:20.645000,,12,,False,,False,True
2021-16,FP2,0 days 01:16:18.326000,STR,18,0 days 00:01:28.021000,29.0,4.0,,,0 days 00:00:32.646000,0 days 00:00:31.233000,0 days 00:00:24.142000,0 days 01:15:22.951000,0 days 01:15:54.184000,0 days 01:16:18.326000,270.0,281.0,237.0,295.0,False,MEDIUM,20.0,False,Aston Martin,0 days 01:14:50.305000,,1,,False,,False,True
2021-16,FP2,0 days 01:18:21.119000,STR,18,0 days 00:02:02.793000,30.0,4.0,,,0 days 00:00:40.535000,0 days 00:00:38.650000,0 days 00:00:43.608000,0 days 01:16:58.861000,0 days 01:17:37.511000,0 days 01:18:21.119000,187.0,227.0,57.0,143.0,False,MEDIUM,21.0,False,Aston Martin,0 days 01:16:18.326000,,1,,False,,False,True
2021-16,FP2,0 days 01:20:28.952000,STR,18,0 days 00:02:07.833000,31.0,4.0,,0 days 01:20:28.347000,0 days 00:01:01.980000,0 days 00:00:40.047000,0 days 00:00:25.806000,0 days 01:19:23.099000,0 days 01:20:03.146000,0 days 01:20:28.952000,221.0,265.0,,253.0,False,MEDIUM,22.0,False,Aston Martin,0 days 01:18:21.119000,,1,,False,,False,False
2021-16,FP2,0 days 00:17:33.215000,TSU,22,,1.0,1.0,0 days 00:15:36.395000,,,0 days 00:00:35.649000,0 days 00:00:44.585000,,0 days 00:16:48.672000,0 days 00:17:33.366000,254.0,265.0,243.0,217.0,False,HARD,1.0,True,AlphaTauri,0 days 00:15:36.395000,,1,,False,,False,False
2021-16,FP2,0 days 00:18:59.932000,TSU,22,0 days 00:01:26.717000,2.0,1.0,,,0 days 00:00:32.444000,0 days 00:00:30.581000,0 days 00:00:23.692000,0 days 00:18:05.659000,0 days 00:18:36.240000,0 days 00:18:59.932000,280.0,288.0,245.0,323.0,True,HARD,2.0,True,AlphaTauri,0 days 00:17:33.215000,,1,,False,,False,True
2021-16,FP2,0 days 00:21:09.714000,TSU,22,0 days 00:02:09.782000,3.0,1.0,,,0 days 00:00:45.287000,0 days 00:00:49.530000,0 days 00:00:34.965000,0 days 00:19:45.219000,0 days 00:20:34.749000,0 days 00:21:09.714000,164.0,210.0,245.0,241.0,False,HARD,3.0,True,AlphaTauri,0 days 00:18:59.932000,,1,,False,,False,True
2021-16,FP2,0 days 00:22:35.290000,TSU,22,0 days 00:01:25.576000,4.0,1.0,,,0 days 00:00:31.714000,0 days 00:00:30.345000,0 days 00:00:23.517000,0 days 00:21:41.428000,0 days 00:22:11.773000,0 days 00:22:35.290000,280.0,285.0,245.0,327.0,True,HARD,4.0,True,AlphaTauri,0 days 00:21:09.714000,,1,,False,,False,True
2021-16,FP2,0 days 00:24:42.117000,TSU,22,0 days 00:02:06.827000,5.0,1.0,,,0 days 00:00:45.313000,0 days 00:00:47.454000,0 days 00:00:34.060000,0 days 00:23:20.603000,0 days 00:24:08.057000,0 days 00:24:42.117000,188.0,266.0,245.0,252.0,False,HARD,5.0,True,AlphaTauri,0 days 00:22:35.290000,,12,,False,,False,True
2021-16,FP2,0 days 00:26:07.362000,TSU,22,0 days 00:01:25.245000,6.0,1.0,,,0 days 00:00:31.596000,0 days 00:00:30.172000,0 days 00:00:23.477000,0 days 00:25:13.713000,0 days 00:25:43.885000,0 days 00:26:07.362000,282.0,286.0,245.0,327.0,True,HARD,6.0,True,AlphaTauri,0 days 00:24:42.117000,,1,,False,,False,True
2021-16,FP2,0 days 00:28:08.988000,TSU,22,0 days 00:02:01.626000,7.0,1.0,,,0 days 00:00:46.806000,0 days 00:00:44.228000,0 days 00:00:30.592000,0 days 00:26:54.168000,0 days 00:27:38.396000,0 days 00:28:08.988000,205.0,261.0,245.0,223.0,False,HARD,7.0,True,AlphaTauri,0 days 00:26:07.362000,,1,,False,,False,True
2021-16,FP2,0 days 00:29:34.247000,TSU,22,0 days 00:01:25.259000,8.0,1.0,,,0 days 00:00:31.629000,0 days 00:00:30.138000,0 days 00:00:23.492000,0 days 00:28:40.617000,0 days 00:29:10.755000,0 days 00:29:34.247000,283.0,286.0,244.0,326.0,False,HARD,8.0,True,AlphaTauri,0 days 00:28:08.988000,,1,,False,,False,True
2021-16,FP2,0 days 00:31:15.207000,TSU,22,0 days 00:01:40.960000,9.0,1.0,,0 days 00:31:14.646000,0 days 00:00:39.153000,0 days 00:00:34.964000,0 days 00:00:26.843000,0 days 00:30:13.400000,0 days 00:30:48.364000,0 days 00:31:15.207000,256.0,263.0,,219.0,False,HARD,9.0,True,AlphaTauri,0 days 00:29:34.247000,,1,,False,,False,False
2021-16,FP2,0 days 00:39:51.928000,TSU,22,,10.0,2.0,0 days 00:38:02.746000,,,0 days 00:00:42.881000,0 days 00:00:26.688000,,0 days 00:39:25.301000,0 days 00:39:52.080000,254.0,264.0,247.0,276.0,False,SOFT,1.0,True,AlphaTauri,0 days 00:31:15.207000,,1,,False,,False,False
2021-16,FP2,0 days 00:41:16.828000,TSU,22,0 days 00:01:24.900000,11.0,2.0,,,0 days 00:00:31.370000,0 days 00:00:30.237000,0 days 00:00:23.293000,0 days 00:40:23.298000,0 days 00:40:53.535000,0 days 00:41:16.828000,282.0,264.0,247.0,276.0,True,SOFT,2.0,True,AlphaTauri,0 days 00:39:51.928000,,1,,False,,False,True
2021-16,FP2,0 days 00:43:24.182000,TSU,22,0 days 00:02:07.354000,12.0,2.0,,,0 days 00:00:49.779000,0 days 00:00:48.786000,0 days 00:00:28.789000,0 days 00:42:06.607000,0 days 00:42:55.393000,0 days 00:43:24.182000,159.0,215.0,246.0,269.0,False,SOFT,3.0,True,AlphaTauri,0 days 00:41:16.828000,,1,,False,,False,True
2021-16,FP2,0 days 00:44:49.064000,TSU,22,0 days 00:01:24.882000,13.0,2.0,,,0 days 00:00:31.283000,0 days 00:00:30.097000,0 days 00:00:23.502000,0 days 00:43:55.465000,0 days 00:44:25.562000,0 days 00:44:49.064000,282.0,287.0,243.0,327.0,True,SOFT,4.0,True,AlphaTauri,0 days 00:43:24.182000,,1,,False,,False,True
2021-16,FP2,0 days 00:46:56.201000,TSU,22,0 days 00:02:07.137000,14.0,2.0,,,0 days 00:00:47.919000,0 days 00:00:49.449000,0 days 00:00:29.769000,0 days 00:45:36.983000,0 days 00:46:26.432000,0 days 00:46:56.201000,220.0,236.0,245.0,242.0,False,SOFT,5.0,True,AlphaTauri,0 days 00:44:49.064000,,1,,False,,False,True
2021-16,FP2,0 days 00:48:34.808000,TSU,22,0 days 00:01:38.607000,15.0,2.0,,,0 days 00:00:31.225000,0 days 00:00:34.610000,0 days 00:00:32.772000,0 days 00:47:27.426000,0 days 00:48:02.036000,0 days 00:48:34.808000,281.0,209.0,173.0,202.0,False,SOFT,6.0,True,AlphaTauri,0 days 00:46:56.201000,,1,,False,,False,True
2021-16,FP2,0 days 00:50:42.625000,TSU,22,0 days 00:02:07.817000,16.0,2.0,,,0 days 00:00:48.760000,0 days 00:00:49.882000,0 days 00:00:29.175000,0 days 00:49:23.568000,0 days 00:50:13.450000,0 days 00:50:42.625000,165.0,202.0,246.0,262.0,False,SOFT,7.0,True,AlphaTauri,0 days 00:48:34.808000,,1,,False,,False,True
2021-16,FP2,0 days 00:52:16.278000,TSU,22,0 days 00:01:33.653000,17.0,2.0,,0 days 00:52:15.931000,0 days 00:00:31.321000,0 days 00:00:30.557000,0 days 00:00:31.775000,0 days 00:51:13.946000,0 days 00:51:44.503000,0 days 00:52:16.278000,282.0,284.0,,194.0,False,SOFT,8.0,True,AlphaTauri,0 days 00:50:42.625000,,1,,False,,False,False
2021-16,FP2,0 days 01:00:06.120000,TSU,22,,18.0,3.0,0 days 00:58:35.783000,,,0 days 00:00:32.081000,0 days 00:00:27.829000,,0 days 00:59:38.291000,0 days 01:00:06.268000,255.0,284.0,233.0,250.0,False,SOFT,9.0,False,AlphaTauri,0 days 00:52:16.278000,,1,,False,,False,False
2021-16,FP2,0 days 01:01:35.319000,TSU,22,0 days 00:01:29.199000,19.0,3.0,,,0 days 00:00:32.966000,0 days 00:00:31.612000,0 days 00:00:24.621000,0 days 01:00:39.086000,0 days 01:01:10.698000,0 days 01:01:35.319000,267.0,281.0,234.0,307.0,False,SOFT,10.0,False,AlphaTauri,0 days 01:00:06.120000,,1,,True,TRACK LIMITS AT TURN 1,False,True
2021-16,FP2,0 days 01:03:05.199000,TSU,22,0 days 00:01:29.880000,20.0,3.0,,,0 days 00:00:33.065000,0 days 00:00:31.712000,0 days 00:00:25.103000,0 days 01:02:08.384000,0 days 01:02:40.096000,0 days 01:03:05.199000,268.0,282.0,235.0,309.0,False,SOFT,11.0,False,AlphaTauri,0 days 01:01:35.319000,,12,,False,,False,True
2021-16,FP2,0 days 01:04:34.958000,TSU,22,0 days 00:01:29.759000,21.0,3.0,,,0 days 00:00:33.109000,0 days 00:00:31.693000,0 days 00:00:24.957000,0 days 01:03:38.308000,0 days 01:04:10.001000,0 days 01:04:34.958000,270.0,283.0,234.0,305.0,False,SOFT,12.0,False,AlphaTauri,0 days 01:03:05.199000,,1,,False,,False,True
2021-16,FP2,0 days 01:06:05.622000,TSU,22,0 days 00:01:30.664000,22.0,3.0,,,0 days 00:00:33.225000,0 days 00:00:31.706000,0 days 00:00:25.733000,0 days 01:05:08.183000,0 days 01:05:39.889000,0 days 01:06:05.622000,270.0,283.0,236.0,293.0,False,SOFT,13.0,False,AlphaTauri,0 days 01:04:34.958000,,1,,False,,False,True
2021-16,FP2,0 days 01:07:36.003000,TSU,22,0 days 00:01:30.381000,23.0,3.0,,,0 days 00:00:33.412000,0 days 00:00:31.872000,0 days 00:00:25.097000,0 days 01:06:39.034000,0 days 01:07:10.906000,0 days 01:07:36.003000,270.0,286.0,238.0,303.0,False,SOFT,14.0,False,AlphaTauri,0 days 01:06:05.622000,,1,,False,,False,True
2021-16,FP2,0 days 01:09:07.224000,TSU,22,0 days 00:01:31.221000,24.0,3.0,,,0 days 00:00:33.450000,0 days 00:00:32.107000,0 days 00:00:25.664000,0 days 01:08:09.453000,0 days 01:08:41.560000,0 days 01:09:07.224000,272.0,284.0,236.0,298.0,False,SOFT,15.0,False,AlphaTauri,0 days 01:07:36.003000,,1,,False,,False,True
2021-16,FP2,0 days 01:10:39.945000,TSU,22,0 days 00:01:32.721000,25.0,3.0,,0 days 01:10:40.029000,0 days 00:00:35.118000,0 days 00:00:32.339000,0 days 00:00:25.264000,0 days 01:09:42.342000,0 days 01:10:14.681000,0 days 01:10:39.945000,274.0,286.0,,305.0,False,SOFT,16.0,False,AlphaTauri,0 days 01:09:07.224000,,1,,False,,False,False
2021-16,FP2,0 days 01:12:27.352000,TSU,22,0 days 00:01:47.407000,26.0,4.0,0 days 01:11:02.040000,,0 days 00:00:51.353000,0 days 00:00:31.614000,0 days 00:00:24.440000,0 days 01:11:31.298000,0 days 01:12:02.912000,0 days 01:12:27.352000,274.0,286.0,240.0,310.0,False,HARD,10.0,False,AlphaTauri,0 days 01:10:39.945000,,12,,False,,False,False
2021-16,FP2,0 days 01:13:56.502000,TSU,22,0 days 00:01:29.150000,27.0,4.0,,,0 days 00:00:32.906000,0 days 00:00:31.513000,0 days 00:00:24.731000,0 days 01:13:00.258000,0 days 01:13:31.771000,0 days 01:13:56.502000,274.0,283.0,234.0,312.0,False,HARD,11.0,False,AlphaTauri,0 days 01:12:27.352000,,1,,False,,False,True
2021-16,FP2,0 days 01:15:25.341000,TSU,22,0 days 00:01:28.839000,28.0,4.0,,,0 days 00:00:32.984000,0 days 00:00:31.488000,0 days 00:00:24.367000,0 days 01:14:29.486000,0 days 01:15:00.974000,0 days 01:15:25.341000,274.0,282.0,234.0,312.0,False,HARD,12.0,False,AlphaTauri,0 days 01:13:56.502000,,12,,True,TRACK LIMITS AT TURN 1,False,True
2021-16,FP2,0 days 01:17:17.197000,TSU,22,0 days 00:01:51.856000,29.0,4.0,,,0 days 00:00:38.605000,0 days 00:00:39.003000,0 days 00:00:34.248000,0 days 01:16:03.946000,0 days 01:16:42.949000,0 days 01:17:17.197000,235.0,259.0,61.0,241.0,False,HARD,13.0,False,AlphaTauri,0 days 01:15:25.341000,,1,,False,,False,True
2021-16,FP2,0 days 01:19:16.392000,TSU,22,0 days 00:01:59.195000,30.0,4.0,,0 days 01:19:16.489000,0 days 00:00:56.474000,0 days 00:00:35.244000,0 days 00:00:27.477000,0 days 01:18:13.671000,0 days 01:18:48.915000,0 days 01:19:16.392000,269.0,279.0,,235.0,False,HARD,14.0,False,AlphaTauri,0 days 01:17:17.197000,,1,,False,,False,False
2021-16,FP2,0 days 00:18:20.233000,OCO,31,,1.0,1.0,0 days 00:15:54.617000,,,0 days 00:00:39.308000,0 days 00:01:08.566000,,0 days 00:17:12.750000,0 days 00:18:20.367000,241.0,222.0,241.0,65.0,False,SOFT,1.0,True,Alpine,0 days 00:15:54.617000,,1,,False,,False,False
2021-16,FP2,0 days 00:19:46.567000,OCO,31,0 days 00:01:26.334000,2.0,1.0,,,0 days 00:00:32.104000,0 days 00:00:30.715000,0 days 00:00:23.515000,0 days 00:18:52.337000,0 days 00:19:23.052000,0 days 00:19:46.567000,273.0,287.0,243.0,325.0,True,SOFT,2.0,True,Alpine,0 days 00:18:20.233000,,1,,False,,False,True
2021-16,FP2,0 days 00:21:47.314000,OCO,31,0 days 00:02:00.747000,3.0,1.0,,0 days 00:21:47.048000,0 days 00:00:49.374000,0 days 00:00:43.266000,0 days 00:00:28.107000,0 days 00:20:35.941000,0 days 00:21:19.207000,0 days 00:21:47.314000,177.0,257.0,,187.0,False,SOFT,3.0,True,Alpine,0 days 00:19:46.567000,,1,,False,,False,False
2021-16,FP2,0 days 00:23:59.211000,OCO,31,0 days 00:02:11.897000,4.0,2.0,0 days 00:22:13.233000,,0 days 00:01:05.057000,0 days 00:00:39.585000,0 days 00:00:27.255000,0 days 00:22:52.371000,0 days 00:23:31.956000,0 days 00:23:59.211000,263.0,260.0,247.0,284.0,False,SOFT,4.0,False,Alpine,0 days 00:21:47.314000,,12,,False,,False,False
2021-16,FP2,0 days 00:25:25.237000,OCO,31,0 days 00:01:26.026000,5.0,2.0,,,0 days 00:00:31.928000,0 days 00:00:30.521000,0 days 00:00:23.577000,0 days 00:24:31.139000,0 days 00:25:01.660000,0 days 00:25:25.237000,279.0,287.0,246.0,321.0,True,SOFT,5.0,False,Alpine,0 days 00:23:59.211000,,1,,False,,False,True
2021-16,FP2,0 days 00:27:18.248000,OCO,31,0 days 00:01:53.011000,6.0,2.0,,0 days 00:27:18.245000,0 days 00:00:43.202000,0 days 00:00:43.921000,0 days 00:00:25.888000,0 days 00:26:08.439000,0 days 00:26:52.360000,0 days 00:27:18.248000,148.0,260.0,,296.0,False,SOFT,6.0,False,Alpine,0 days 00:25:25.237000,,1,,False,,False,False
2021-16,FP2,0 days 00:38:43.758000,OCO,31,,7.0,3.0,0 days 00:36:59.774000,,,0 days 00:00:39.821000,0 days 00:00:30.139000,,0 days 00:38:13.621000,0 days 00:38:43.875000,263.0,262.0,247.0,212.0,False,SOFT,1.0,True,Alpine,0 days 00:27:18.248000,,1,,False,,False,False
2021-16,FP2,0 days 00:40:09.108000,OCO,31,0 days 00:01:25.350000,8.0,3.0,,,0 days 00:00:31.667000,0 days 00:00:30.234000,0 days 00:00:23.449000,0 days 00:39:15.425000,0 days 00:39:45.659000,0 days 00:40:09.108000,278.0,288.0,247.0,324.0,False,SOFT,2.0,True,Alpine,0 days 00:38:43.758000,,1,,True,TRACK LIMITS AT TURN 1,False,True
2021-16,FP2,0 days 00:42:08.584000,OCO,31,0 days 00:01:59.476000,9.0,3.0,,0 days 00:42:07.979000,0 days 00:00:50.505000,0 days 00:00:40.771000,0 days 00:00:28.200000,0 days 00:40:59.613000,0 days 00:41:40.384000,0 days 00:42:08.584000,137.0,258.0,,257.0,False,SOFT,3.0,True,Alpine,0 days 00:40:09.108000,,1,,False,,False,False
2021-16,FP2,0 days 00:46:01.984000,OCO,31,,10.0,4.0,0 days 00:44:19.603000,,,0 days 00:00:36.972000,0 days 00:00:30.567000,,0 days 00:45:31.417000,0 days 00:46:02.128000,265.0,260.0,247.0,177.0,False,SOFT,4.0,False,Alpine,0 days 00:42:08.584000,,1,,False,,False,False
2021-16,FP2,0 days 00:47:27.010000,OCO,31,0 days 00:01:25.026000,11.0,4.0,,,0 days 00:00:31.399000,0 days 00:00:30.184000,0 days 00:00:23.443000,0 days 00:46:33.383000,0 days 00:47:03.567000,0 days 00:47:27.010000,279.0,288.0,248.0,325.0,True,SOFT,5.0,False,Alpine,0 days 00:46:01.984000,,1,,False,,False,True
2021-16,FP2,0 days 00:49:36.794000,OCO,31,0 days 00:02:09.784000,12.0,4.0,,0 days 00:49:36.216000,0 days 00:00:45.552000,0 days 00:00:50.205000,0 days 00:00:34.027000,0 days 00:48:12.562000,0 days 00:49:02.767000,0 days 00:49:36.794000,119.0,125.0,,227.0,False,SOFT,6.0,False,Alpine,0 days 00:47:27.010000,,1,,False,,False,False
2021-16,FP2,0 days 00:53:53.636000,OCO,31,,13.0,5.0,0 days 00:52:16.369000,,,0 days 00:00:36.282000,0 days 00:00:26.298000,,0 days 00:53:27.340000,0 days 00:53:54.256000,265.0,263.0,248.0,297.0,False,SOFT,7.0,False,Alpine,0 days 00:49:36.794000,,1,,False,,False,False
2021-16,FP2,0 days 00:55:18.308000,OCO,31,0 days 00:01:24.672000,14.0,5.0,,,0 days 00:00:31.240000,0 days 00:00:29.955000,0 days 00:00:23.477000,0 days 00:54:24.876000,0 days 00:54:54.831000,0 days 00:55:18.308000,279.0,288.0,242.0,325.0,True,SOFT,8.0,False,Alpine,0 days 00:53:53.636000,,1,,False,,False,True
2021-16,FP2,0 days 00:56:56.720000,OCO,31,0 days 00:01:38.412000,15.0,5.0,,0 days 00:56:56.339000,0 days 00:00:38.111000,0 days 00:00:34.237000,0 days 00:00:26.064000,0 days 00:55:56.419000,0 days 00:56:30.656000,0 days 00:56:56.720000,253.0,261.0,,287.0,False,SOFT,9.0,False,Alpine,0 days 00:55:18.308000,,1,,False,,False,False
2021-16,FP2,0 days 01:03:19.160000,OCO,31,,16.0,6.0,0 days 01:01:51.822000,,,0 days 00:00:31.968000,0 days 00:00:25.822000,,0 days 01:02:53.338000,0 days 01:03:20.009000,270.0,282.0,236.0,306.0,False,HARD,14.0,False,Alpine,0 days 00:56:56.720000,,12,,False,,False,False
2021-16,FP2,0 days 01:04:48.407000,OCO,31,0 days 00:01:29.247000,17.0,6.0,,,0 days 00:00:33.123000,0 days 00:00:31.489000,0 days 00:00:24.635000,0 days 01:03:52.283000,0 days 01:04:23.772000,0 days 01:04:48.407000,269.0,285.0,236.0,300.0,False,HARD,15.0,False,Alpine,0 days 01:03:19.160000,,1,,False,,False,True
2021-16,FP2,0 days 01:06:17.602000,OCO,31,0 days 00:01:29.195000,18.0,6.0,,,0 days 00:00:33.069000,0 days 00:00:31.585000,0 days 00:00:24.541000,0 days 01:05:21.476000,0 days 01:05:53.061000,0 days 01:06:17.602000,269.0,285.0,236.0,302.0,False,HARD,16.0,False,Alpine,0 days 01:04:48.407000,,1,,False,,False,True
2021-16,FP2,0 days 01:07:46.441000,OCO,31,0 days 00:01:28.839000,19.0,6.0,,,0 days 00:00:32.843000,0 days 00:00:31.413000,0 days 00:00:24.583000,0 days 01:06:50.445000,0 days 01:07:21.858000,0 days 01:07:46.441000,269.0,285.0,236.0,298.0,False,HARD,17.0,False,Alpine,0 days 01:06:17.602000,,1,,False,,False,True
2021-16,FP2,0 days 01:09:15.161000,OCO,31,0 days 00:01:28.720000,20.0,6.0,,,0 days 00:00:32.884000,0 days 00:00:31.355000,0 days 00:00:24.481000,0 days 01:08:19.325000,0 days 01:08:50.680000,0 days 01:09:15.161000,269.0,283.0,236.0,299.0,False,HARD,18.0,False,Alpine,0 days 01:07:46.441000,,1,,False,,False,True
2021-16,FP2,0 days 01:10:43.927000,OCO,31,0 days 00:01:28.766000,21.0,6.0,,,0 days 00:00:33.080000,0 days 00:00:31.428000,0 days 00:00:24.258000,0 days 01:09:48.241000,0 days 01:10:19.669000,0 days 01:10:43.927000,268.0,285.0,242.0,317.0,False,HARD,19.0,False,Alpine,0 days 01:09:15.161000,,1,,False,,False,True
2021-16,FP2,0 days 01:12:12.878000,OCO,31,0 days 00:01:28.951000,22.0,6.0,,,0 days 00:00:32.972000,0 days 00:00:31.496000,0 days 00:00:24.483000,0 days 01:11:16.899000,0 days 01:11:48.395000,0 days 01:12:12.878000,272.0,287.0,235.0,331.0,False,HARD,20.0,False,Alpine,0 days 01:10:43.927000,,12,,False,,False,True
2021-16,FP2,0 days 01:13:41.613000,OCO,31,0 days 00:01:28.735000,23.0,6.0,,,0 days 00:00:32.964000,0 days 00:00:31.260000,0 days 00:00:24.511000,0 days 01:12:45.842000,0 days 01:13:17.102000,0 days 01:13:41.613000,269.0,285.0,235.0,297.0,False,HARD,21.0,False,Alpine,0 days 01:12:12.878000,,1,,False,,False,True
2021-16,FP2,0 days 01:15:10.297000,OCO,31,0 days 00:01:28.684000,24.0,6.0,,,0 days 00:00:32.802000,0 days 00:00:31.512000,0 days 00:00:24.370000,0 days 01:14:14.415000,0 days 01:14:45.927000,0 days 01:15:10.297000,270.0,283.0,235.0,298.0,False,HARD,22.0,False,Alpine,0 days 01:13:41.613000,,12,,False,,False,True
2021-16,FP2,0 days 01:17:31.607000,OCO,31,0 days 00:02:21.310000,25.0,6.0,,,0 days 00:00:48.368000,0 days 00:00:47.593000,0 days 00:00:45.349000,0 days 01:15:58.665000,0 days 01:16:46.258000,0 days 01:17:31.607000,174.0,217.0,76.0,165.0,False,HARD,23.0,False,Alpine,0 days 01:15:10.297000,,1,,False,,False,True
2021-16,FP2,0 days 00:18:01.770000,VER,33,,1.0,1.0,0 days 00:16:15.814000,,,0 days 00:00:40.286000,0 days 00:00:31.952000,,0 days 00:17:29.901000,0 days 00:18:01.921000,255.0,229.0,245.0,270.0,False,MEDIUM,1.0,True,Red Bull Racing,0 days 00:16:15.814000,,1,,False,,False,False
2021-16,FP2,0 days 00:19:27.383000,VER,33,0 days 00:01:25.613000,2.0,1.0,,,0 days 00:00:31.569000,0 days 00:00:30.499000,0 days 00:00:23.545000,0 days 00:18:33.339000,0 days 00:19:03.838000,0 days 00:19:27.383000,276.0,283.0,244.0,320.0,True,MEDIUM,2.0,True,Red Bull Racing,0 days 00:18:01.770000,,1,,False,,False,True
2021-16,FP2,0 days 00:21:29.906000,VER,33,0 days 00:02:02.523000,3.0,1.0,,,0 days 00:00:45.145000,0 days 00:00:47.913000,0 days 00:00:29.465000,0 days 00:20:12.528000,0 days 00:21:00.441000,0 days 00:21:29.906000,218.0,241.0,244.0,240.0,False,MEDIUM,3.0,True,Red Bull Racing,0 days 00:19:27.383000,,1,,False,,False,True
2021-16,FP2,0 days 00:22:55.282000,VER,33,0 days 00:01:25.376000,4.0,1.0,,,0 days 00:00:31.440000,0 days 00:00:30.348000,0 days 00:00:23.588000,0 days 00:22:01.346000,0 days 00:22:31.694000,0 days 00:22:55.282000,276.0,282.0,243.0,323.0,True,MEDIUM,4.0,True,Red Bull Racing,0 days 00:21:29.906000,,1,,False,,False,True
2021-16,FP2,0 days 00:24:59.200000,VER,33,0 days 00:02:03.918000,5.0,1.0,,,0 days 00:00:42.609000,0 days 00:00:46.491000,0 days 00:00:34.818000,0 days 00:23:37.891000,0 days 00:24:24.382000,0 days 00:24:59.200000,211.0,241.0,245.0,125.0,False,MEDIUM,5.0,True,Red Bull Racing,0 days 00:22:55.282000,,12,,False,,False,True
2021-16,FP2,0 days 00:26:24.206000,VER,33,0 days 00:01:25.006000,6.0,1.0,,,0 days 00:00:31.326000,0 days 00:00:30.227000,0 days 00:00:23.453000,0 days 00:25:30.526000,0 days 00:26:00.753000,0 days 00:26:24.206000,278.0,283.0,244.0,322.0,True,MEDIUM,6.0,True,Red Bull Racing,0 days 00:24:59.200000,,1,,False,,False,True
2021-16,FP2,0 days 00:28:02.511000,VER,33,0 days 00:01:38.305000,7.0,1.0,,0 days 00:28:01.997000,0 days 00:00:35.470000,0 days 00:00:35.461000,0 days 00:00:27.374000,0 days 00:26:59.676000,0 days 00:27:35.137000,0 days 00:28:02.511000,228.0,258.0,,244.0,False,MEDIUM,7.0,True,Red Bull Racing,0 days 00:26:24.206000,,1,,False,,False,False
2021-16,FP2,0 days 00:40:12.950000,VER,33,,8.0,2.0,0 days 00:38:16.924000,,,0 days 00:00:45.448000,0 days 00:00:32.266000,,0 days 00:39:40.762000,0 days 00:40:13.109000,254.0,227.0,246.0,236.0,False,SOFT,1.0,True,Red Bull Racing,0 days 00:28:02.511000,,1,,False,,False,False
2021-16,FP2,0 days 00:41:37.686000,VER,33,0 days 00:01:24.736000,9.0,2.0,,,0 days 00:00:31.286000,0 days 00:00:30.054000,0 days 00:00:23.396000,0 days 00:40:44.236000,0 days 00:41:14.290000,0 days 00:41:37.686000,279.0,284.0,244.0,324.0,True,SOFT,2.0,True,Red Bull Racing,0 days 00:40:12.950000,,1,,False,,False,True
2021-16,FP2,0 days 00:43:49.422000,VER,33,0 days 00:02:11.736000,10.0,2.0,,,0 days 00:00:50.755000,0 days 00:00:50.198000,0 days 00:00:30.783000,0 days 00:42:28.441000,0 days 00:43:18.639000,0 days 00:43:49.422000,187.0,181.0,184.0,237.0,False,SOFT,3.0,True,Red Bull Racing,0 days 00:41:37.686000,,1,,False,,False,True
2021-16,FP2,0 days 00:45:49.190000,VER,33,0 days 00:01:59.768000,11.0,2.0,,,0 days 00:00:47.077000,0 days 00:00:43.113000,0 days 00:00:29.578000,0 days 00:44:36.499000,0 days 00:45:19.612000,0 days 00:45:49.190000,204.0,242.0,244.0,262.0,False,SOFT,4.0,True,Red Bull Racing,0 days 00:43:49.422000,,1,,False,,False,True
2021-16,FP2,0 days 00:47:13.629000,VER,33,0 days 00:01:24.439000,12.0,2.0,,,0 days 00:00:31.175000,0 days 00:00:30.025000,0 days 00:00:23.239000,0 days 00:46:20.365000,0 days 00:46:50.390000,0 days 00:47:13.629000,278.0,286.0,244.0,326.0,True,SOFT,5.0,True,Red Bull Racing,0 days 00:45:49.190000,,1,,False,,False,True
2021-16,FP2,0 days 00:48:49.870000,VER,33,0 days 00:01:36.241000,13.0,2.0,,0 days 00:48:49.357000,0 days 00:00:36.198000,0 days 00:00:33.852000,0 days 00:00:26.191000,0 days 00:47:49.827000,0 days 00:48:23.679000,0 days 00:48:49.870000,149.0,262.0,,247.0,False,SOFT,6.0,True,Red Bull Racing,0 days 00:47:13.629000,,1,,False,,False,False
2021-16,FP2,0 days 01:00:01.616000,VER,33,,14.0,3.0,0 days 00:58:29.745000,,,0 days 00:00:35.901000,0 days 00:00:24.718000,,0 days 00:59:36.898000,0 days 01:00:01.794000,247.0,265.0,232.0,283.0,False,MEDIUM,8.0,False,Red Bull Racing,0 days 00:48:49.870000,,1,,False,,False,False
2021-16,FP2,0 days 01:01:30.061000,VER,33,0 days 00:01:28.445000,15.0,3.0,,,0 days 00:00:32.686000,0 days 00:00:31.384000,0 days 00:00:24.375000,0 days 01:00:34.302000,0 days 01:01:05.686000,0 days 01:01:30.061000,265.0,279.0,235.0,285.0,False,MEDIUM,9.0,False,Red Bull Racing,0 days 01:00:01.616000,,1,,False,,False,True
2021-16,FP2,0 days 01:03:02.595000,VER,33,0 days 00:01:32.534000,16.0,3.0,,,0 days 00:00:32.620000,0 days 00:00:33.526000,0 days 00:00:26.388000,0 days 01:02:02.681000,0 days 01:02:36.207000,0 days 01:03:02.595000,267.0,280.0,235.0,275.0,False,MEDIUM,10.0,False,Red Bull Racing,0 days 01:01:30.061000,,12,,False,,False,True
2021-16,FP2,0 days 01:04:30.792000,VER,33,0 days 00:01:28.197000,17.0,3.0,,,0 days 00:00:32.601000,0 days 00:00:31.138000,0 days 00:00:24.458000,0 days 01:03:35.196000,0 days 01:04:06.334000,0 days 01:04:30.792000,270.0,280.0,234.0,287.0,False,MEDIUM,11.0,False,Red Bull Racing,0 days 01:03:02.595000,,1,,False,,False,True
2021-16,FP2,0 days 01:05:59.307000,VER,33,0 days 00:01:28.515000,18.0,3.0,,,0 days 00:00:32.844000,0 days 00:00:31.185000,0 days 00:00:24.486000,0 days 01:05:03.636000,0 days 01:05:34.821000,0 days 01:05:59.307000,264.0,280.0,235.0,285.0,False,MEDIUM,12.0,False,Red Bull Racing,0 days 01:04:30.792000,,1,,False,,False,True
2021-16,FP2,0 days 01:07:27.524000,VER,33,0 days 00:01:28.217000,19.0,3.0,,,0 days 00:00:32.634000,0 days 00:00:31.034000,0 days 00:00:24.549000,0 days 01:06:31.941000,0 days 01:07:02.975000,0 days 01:07:27.524000,268.0,281.0,234.0,287.0,False,MEDIUM,13.0,False,Red Bull Racing,0 days 01:05:59.307000,,1,,False,,False,True
2021-16,FP2,0 days 01:08:55.744000,VER,33,0 days 00:01:28.220000,20.0,3.0,,,0 days 00:00:32.576000,0 days 00:00:30.990000,0 days 00:00:24.654000,0 days 01:08:00.100000,0 days 01:08:31.090000,0 days 01:08:55.744000,268.0,281.0,234.0,284.0,False,MEDIUM,14.0,False,Red Bull Racing,0 days 01:07:27.524000,,1,,False,,False,True
2021-16,FP2,0 days 01:10:24.060000,VER,33,0 days 00:01:28.316000,21.0,3.0,,,0 days 00:00:32.812000,0 days 00:00:31.021000,0 days 00:00:24.483000,0 days 01:09:28.556000,0 days 01:09:59.577000,0 days 01:10:24.060000,266.0,281.0,234.0,286.0,False,MEDIUM,15.0,False,Red Bull Racing,0 days 01:08:55.744000,,1,,False,,False,True
2021-16,FP2,0 days 01:11:56.265000,VER,33,0 days 00:01:32.205000,22.0,3.0,,,0 days 00:00:32.815000,0 days 00:00:31.210000,0 days 00:00:28.180000,0 days 01:10:56.875000,0 days 01:11:28.085000,0 days 01:11:56.265000,269.0,280.0,237.0,291.0,False,MEDIUM,16.0,False,Red Bull Racing,0 days 01:10:24.060000,,12,,False,,False,True
2021-16,FP2,0 days 01:13:23.984000,VER,33,0 days 00:01:27.719000,23.0,3.0,,,0 days 00:00:32.438000,0 days 00:00:30.834000,0 days 00:00:24.447000,0 days 01:12:28.703000,0 days 01:12:59.537000,0 days 01:13:23.984000,271.0,284.0,237.0,288.0,False,MEDIUM,17.0,False,Red Bull Racing,0 days 01:11:56.265000,,1,,False,,False,True
2021-16,FP2,0 days 01:14:53.251000,VER,33,0 days 00:01:29.267000,24.0,3.0,,,0 days 00:00:32.517000,0 days 00:00:31.799000,0 days 00:00:24.951000,0 days 01:13:56.501000,0 days 01:14:28.300000,0 days 01:14:53.251000,272.0,285.0,232.0,280.0,False,MEDIUM,18.0,False,Red Bull Racing,0 days 01:13:23.984000,,12,,False,,False,True
2021-16,FP2,0 days 01:16:21.402000,VER,33,0 days 00:01:28.151000,25.0,3.0,,,0 days 00:00:32.662000,0 days 00:00:31.054000,0 days 00:00:24.435000,0 days 01:15:25.913000,0 days 01:15:56.967000,0 days 01:16:21.402000,268.0,280.0,234.0,289.0,False,MEDIUM,19.0,False,Red Bull Racing,0 days 01:14:53.251000,,1,,False,,False,True
2021-16,FP2,0 days 01:18:37.449000,VER,33,0 days 00:02:16.047000,26.0,3.0,,,0 days 00:00:46.896000,0 days 00:00:49.728000,0 days 00:00:39.423000,0 days 01:17:08.298000,0 days 01:17:58.026000,0 days 01:18:37.449000,172.0,178.0,39.0,189.0,False,MEDIUM,20.0,False,Red Bull Racing,0 days 01:16:21.402000,,1,,False,,False,True
2021-16,FP2,0 days 01:20:46.959000,VER,33,0 days 00:02:09.510000,27.0,3.0,,0 days 01:20:46.409000,0 days 00:01:10.207000,0 days 00:00:33.075000,0 days 00:00:26.228000,0 days 01:19:47.656000,0 days 01:20:20.731000,0 days 01:20:46.959000,262.0,263.0,,256.0,False,MEDIUM,21.0,False,Red Bull Racing,0 days 01:18:37.449000,,1,,False,,False,False
2021-16,FP2,0 days 00:18:07.716000,HAM,44,,1.0,1.0,0 days 00:16:18.975000,,,0 days 00:00:37.524000,0 days 00:00:36.557000,,0 days 00:17:31.164000,0 days 00:18:07.868000,231.0,275.0,245.0,231.0,False,MEDIUM,1.0,True,Mercedes,0 days 00:16:18.975000,,1,,False,,False,False
2021-16,FP2,0 days 00:19:50.210000,HAM,44,0 days 00:01:42.494000,2.0,1.0,,,0 days 00:00:37.831000,0 days 00:00:36.843000,0 days 00:00:27.820000,0 days 00:18:45.547000,0 days 00:19:22.390000,0 days 00:19:50.210000,169.0,271.0,248.0,233.0,False,MEDIUM,2.0,True,Mercedes,0 days 00:18:07.716000,,1,,True,TRACK LIMITS AT TURN 1,False,True
2021-16,FP2,0 days 00:21:33.449000,HAM,44,0 days 00:01:43.239000,3.0,1.0,,0 days 00:21:32.834000,0 days 00:00:31.929000,0 days 00:00:41.586000,0 days 00:00:29.724000,0 days 00:20:22.139000,0 days 00:21:03.725000,0 days 00:21:33.449000,279.0,215.0,,229.0,False,MEDIUM,3.0,True,Mercedes,0 days 00:19:50.210000,,1,,False,,False,False
2021-16,FP2,0 days 00:23:45.638000,HAM,44,0 days 00:02:12.189000,4.0,2.0,0 days 00:21:58.703000,,0 days 00:00:59.709000,0 days 00:00:40.310000,0 days 00:00:32.170000,0 days 00:22:33.158000,0 days 00:23:13.468000,0 days 00:23:45.638000,247.0,269.0,247.0,251.0,False,MEDIUM,4.0,False,Mercedes,0 days 00:21:33.449000,,12,,False,,False,False
2021-16,FP2,0 days 00:25:10.624000,HAM,44,0 days 00:01:24.986000,5.0,2.0,,,0 days 00:00:31.510000,0 days 00:00:30.224000,0 days 00:00:23.252000,0 days 00:24:17.148000,0 days 00:24:47.372000,0 days 00:25:10.624000,284.0,288.0,247.0,323.0,True,MEDIUM,5.0,False,Mercedes,0 days 00:23:45.638000,,1,,False,,False,True
2021-16,FP2,0 days 00:26:53.782000,HAM,44,0 days 00:01:43.158000,6.0,2.0,,,0 days 00:00:37.125000,0 days 00:00:34.834000,0 days 00:00:31.199000,0 days 00:25:47.749000,0 days 00:26:22.583000,0 days 00:26:53.782000,262.0,275.0,249.0,221.0,False,MEDIUM,6.0,False,Mercedes,0 days 00:25:10.624000,,1,,False,,False,True
2021-16,FP2,0 days 00:28:17.983000,HAM,44,0 days 00:01:24.201000,7.0,2.0,,,0 days 00:00:31.025000,0 days 00:00:30.059000,0 days 00:00:23.117000,0 days 00:27:24.807000,0 days 00:27:54.866000,0 days 00:28:17.983000,282.0,289.0,247.0,327.0,True,MEDIUM,7.0,False,Mercedes,0 days 00:26:53.782000,,1,,False,,False,True
2021-16,FP2,0 days 00:29:49.090000,HAM,44,0 days 00:01:31.107000,8.0,2.0,,0 days 00:29:48.948000,0 days 00:00:33.795000,0 days 00:00:33.081000,0 days 00:00:24.231000,0 days 00:28:51.778000,0 days 00:29:24.859000,0 days 00:29:49.090000,264.0,274.0,,291.0,False,MEDIUM,8.0,False,Mercedes,0 days 00:28:17.983000,,1,,False,,False,False
2021-16,FP2,0 days 00:38:17.713000,HAM,44,,9.0,3.0,0 days 00:36:35.062000,,,0 days 00:00:36.230000,0 days 00:00:31.811000,,0 days 00:37:45.922000,0 days 00:38:19.694000,251.0,274.0,247.0,142.0,False,SOFT,1.0,True,Mercedes,0 days 00:29:49.090000,,1,,False,,False,False
2021-16,FP2,0 days 00:39:41.553000,HAM,44,0 days 00:01:23.840000,10.0,3.0,,,0 days 00:00:30.795000,0 days 00:00:29.934000,0 days 00:00:23.111000,0 days 00:38:48.508000,0 days 00:39:18.442000,0 days 00:39:41.553000,281.0,289.0,246.0,326.0,True,SOFT,2.0,True,Mercedes,0 days 00:38:17.713000,,1,,False,,False,True
2021-16,FP2,0 days 00:41:35.034000,HAM,44,0 days 00:01:53.481000,11.0,3.0,,,0 days 00:00:40.471000,0 days 00:00:43.128000,0 days 00:00:29.882000,0 days 00:40:22.024000,0 days 00:41:05.152000,0 days 00:41:35.034000,249.0,229.0,248.0,269.0,False,SOFT,3.0,True,Mercedes,0 days 00:39:41.553000,,1,,False,,False,True
2021-16,FP2,0 days 00:42:58.838000,HAM,44,0 days 00:01:23.804000,12.0,3.0,,,0 days 00:00:30.797000,0 days 00:00:29.883000,0 days 00:00:23.124000,0 days 00:42:05.831000,0 days 00:42:35.714000,0 days 00:42:58.838000,282.0,289.0,246.0,328.0,True,SOFT,4.0,True,Mercedes,0 days 00:41:35.034000,,1,,False,,False,True
2021-16,FP2,0 days 00:44:42.883000,HAM,44,0 days 00:01:44.045000,13.0,3.0,,,0 days 00:00:36.670000,0 days 00:00:39.156000,0 days 00:00:28.219000,0 days 00:43:35.508000,0 days 00:44:14.664000,0 days 00:44:42.883000,257.0,262.0,247.0,268.0,False,SOFT,5.0,True,Mercedes,0 days 00:42:58.838000,,1,,False,,False,True
2021-16,FP2,0 days 00:46:06.790000,HAM,44,0 days 00:01:23.907000,14.0,3.0,,,0 days 00:00:30.878000,0 days 00:00:30.002000,0 days 00:00:23.027000,0 days 00:45:13.761000,0 days 00:45:43.763000,0 days 00:46:06.790000,280.0,289.0,247.0,325.0,False,SOFT,6.0,True,Mercedes,0 days 00:44:42.883000,,1,,False,,False,True
2021-16,FP2,0 days 00:47:40.536000,HAM,44,0 days 00:01:33.746000,15.0,3.0,,0 days 00:47:40.044000,0 days 00:00:33.788000,0 days 00:00:35.312000,0 days 00:00:24.646000,0 days 00:46:40.578000,0 days 00:47:15.890000,0 days 00:47:40.536000,258.0,279.0,,268.0,False,SOFT,7.0,True,Mercedes,0 days 00:46:06.790000,,1,,False,,False,False
2021-16,FP2,0 days 00:57:41.386000,HAM,44,,16.0,4.0,0 days 00:56:11.478000,0 days 00:57:40.963000,,0 days 00:00:33.093000,0 days 00:00:25.239000,,0 days 00:57:16.147000,0 days 00:57:46.411000,261.0,269.0,,266.0,False,SOFT,8.0,False,Mercedes,0 days 00:47:40.536000,,1,,False,,False,False
2021-16,FP2,0 days 00:59:31.105000,HAM,44,0 days 00:01:49.719000,17.0,5.0,0 days 00:58:07.300000,,0 days 00:00:54.558000,0 days 00:00:31.200000,0 days 00:00:23.961000,0 days 00:58:35.944000,0 days 00:59:07.144000,0 days 00:59:31.105000,268.0,284.0,237.0,301.0,False,MEDIUM,9.0,False,Mercedes,0 days 00:57:41.386000,,1,,False,,False,False
2021-16,FP2,0 days 01:00:59.086000,HAM,44,0 days 00:01:27.981000,18.0,5.0,,,0 days 00:00:32.829000,0 days 00:00:31.150000,0 days 00:00:24.002000,0 days 01:00:03.934000,0 days 01:00:35.084000,0 days 01:00:59.086000,266.0,286.0,239.0,301.0,False,MEDIUM,10.0,False,Mercedes,0 days 00:59:31.105000,,1,,False,,False,True
2021-16,FP2,0 days 01:02:27.261000,HAM,44,0 days 00:01:28.175000,19.0,5.0,,,0 days 00:00:32.755000,0 days 00:00:31.100000,0 days 00:00:24.320000,0 days 01:01:31.841000,0 days 01:02:02.941000,0 days 01:02:27.261000,270.0,285.0,243.0,307.0,False,MEDIUM,11.0,False,Mercedes,0 days 01:00:59.086000,,1,,False,,False,True
2021-16,FP2,0 days 01:03:56.601000,HAM,44,0 days 00:01:29.340000,20.0,5.0,,,0 days 00:00:33.627000,0 days 00:00:31.157000,0 days 00:00:24.556000,0 days 01:03:00.888000,0 days 01:03:32.045000,0 days 01:03:56.601000,264.0,288.0,239.0,308.0,False,MEDIUM,12.0,False,Mercedes,0 days 01:02:27.261000,,12,,False,,False,True
2021-16,FP2,0 days 01:05:24.343000,HAM,44,0 days 00:01:27.742000,21.0,5.0,,,0 days 00:00:32.630000,0 days 00:00:31.065000,0 days 00:00:24.047000,0 days 01:04:29.231000,0 days 01:05:00.296000,0 days 01:05:24.343000,271.0,285.0,237.0,300.0,False,MEDIUM,13.0,False,Mercedes,0 days 01:03:56.601000,,1,,False,,False,True
2021-16,FP2,0 days 01:06:52.025000,HAM,44,0 days 00:01:27.682000,22.0,5.0,,,0 days 00:00:32.544000,0 days 00:00:31.128000,0 days 00:00:24.010000,0 days 01:05:56.887000,0 days 01:06:28.015000,0 days 01:06:52.025000,269.0,285.0,237.0,305.0,False,MEDIUM,14.0,False,Mercedes,0 days 01:05:24.343000,,1,,False,,False,True
2021-16,FP2,0 days 01:08:19.888000,HAM,44,0 days 00:01:27.863000,23.0,5.0,,,0 days 00:00:32.634000,0 days 00:00:31.239000,0 days 00:00:23.990000,0 days 01:07:24.659000,0 days 01:07:55.898000,0 days 01:08:19.888000,272.0,289.0,236.0,310.0,False,MEDIUM,15.0,False,Mercedes,0 days 01:06:52.025000,,1,,False,,False,True
2021-16,FP2,0 days 01:09:47.592000,HAM,44,0 days 00:01:27.704000,24.0,5.0,,,0 days 00:00:32.568000,0 days 00:00:31.057000,0 days 00:00:24.079000,0 days 01:08:52.456000,0 days 01:09:23.513000,0 days 01:09:47.592000,272.0,284.0,236.0,301.0,False,MEDIUM,16.0,False,Mercedes,0 days 01:08:19.888000,,1,,False,,False,True
2021-16,FP2,0 days 01:11:14.926000,HAM,44,0 days 00:01:27.334000,25.0,5.0,,,0 days 00:00:32.427000,0 days 00:00:30.910000,0 days 00:00:23.997000,0 days 01:10:20.019000,0 days 01:10:50.929000,0 days 01:11:14.926000,271.0,285.0,237.0,303.0,False,MEDIUM,17.0,False,Mercedes,0 days 01:09:47.592000,,12,,False,,False,True
2021-16,FP2,0 days 01:12:42.669000,HAM,44,0 days 00:01:27.743000,26.0,5.0,,,0 days 00:00:32.399000,0 days 00:00:31.142000,0 days 00:00:24.202000,0 days 01:11:47.325000,0 days 01:12:18.467000,0 days 01:12:42.669000,271.0,284.0,235.0,301.0,False,MEDIUM,18.0,False,Mercedes,0 days 01:11:14.926000,,1,,False,,False,True
2021-16,FP2,0 days 01:14:10.248000,HAM,44,0 days 00:01:27.579000,27.0,5.0,,,0 days 00:00:32.540000,0 days 00:00:31.019000,0 days 00:00:24.020000,0 days 01:13:15.209000,0 days 01:13:46.228000,0 days 01:14:10.248000,269.0,285.0,237.0,300.0,False,MEDIUM,19.0,False,Mercedes,0 days 01:12:42.669000,,12,,False,,False,True
2021-16,FP2,0 days 01:15:37.765000,HAM,44,0 days 00:01:27.517000,28.0,5.0,,,0 days 00:00:32.745000,0 days 00:00:31.012000,0 days 00:00:23.760000,0 days 01:14:42.993000,0 days 01:15:14.005000,0 days 01:15:37.765000,276.0,287.0,238.0,310.0,False,MEDIUM,20.0,False,Mercedes,0 days 01:14:10.248000,,21,,False,,False,True
2021-16,FP2,0 days 01:17:38.241000,HAM,44,0 days 00:02:00.476000,29.0,5.0,,,0 days 00:00:38.252000,0 days 00:00:37.382000,0 days 00:00:44.842000,0 days 01:16:16.017000,0 days 01:16:53.399000,0 days 01:17:38.241000,228.0,218.0,43.0,219.0,False,MEDIUM,21.0,False,Mercedes,0 days 01:15:37.765000,,1,,False,,False,True
2021-16,FP2,0 days 01:20:39.207000,HAM,44,,30.0,5.0,,0 days 01:20:39.223000,0 days 00:01:38.555000,0 days 00:00:57.324000,0 days 00:00:25.090000,0 days 01:19:18.258000,0 days 01:20:14.117000,0 days 01:20:39.365000,215.0,268.0,,284.0,False,MEDIUM,22.0,False,Mercedes,0 days 01:17:38.241000,,1,,False,,False,False
2021-16,FP2,0 days 00:16:59.898000,MSC,47,,1.0,1.0,0 days 00:15:06.482000,,,0 days 00:00:45.271000,0 days 00:00:27.541000,,0 days 00:16:32.383000,0 days 00:17:00.056000,161.0,260.0,234.0,274.0,False,HARD,1.0,True,Haas F1 Team,0 days 00:15:06.482000,,1,,False,,False,False
2021-16,FP2,0 days 00:18:28.497000,MSC,47,0 days 00:01:28.599000,2.0,1.0,,,0 days 00:00:33.218000,0 days 00:00:31.103000,0 days 00:00:24.278000,0 days 00:17:33.116000,0 days 00:18:04.219000,0 days 00:18:28.497000,278.0,287.0,247.0,324.0,True,HARD,2.0,True,Haas F1 Team,0 days 00:16:59.898000,,1,,False,,False,True
2021-16,FP2,0 days 00:19:54.885000,MSC,47,0 days 00:01:26.388000,3.0,1.0,,,0 days 00:00:32.007000,0 days 00:00:30.559000,0 days 00:00:23.822000,0 days 00:19:00.504000,0 days 00:19:31.063000,0 days 00:19:54.885000,280.0,288.0,247.0,327.0,True,HARD,3.0,True,Haas F1 Team,0 days 00:18:28.497000,,1,,False,,False,True
2021-16,FP2,0 days 00:21:49.708000,MSC,47,0 days 00:01:54.823000,4.0,1.0,,,0 days 00:00:43.411000,0 days 00:00:41.266000,0 days 00:00:30.146000,0 days 00:20:38.296000,0 days 00:21:19.562000,0 days 00:21:49.708000,189.0,264.0,247.0,249.0,False,HARD,4.0,True,Haas F1 Team,0 days 00:19:54.885000,,1,,False,,False,True
2021-16,FP2,0 days 00:23:38.786000,MSC,47,0 days 00:01:49.078000,5.0,1.0,,,0 days 00:00:38.819000,0 days 00:00:39.057000,0 days 00:00:31.202000,0 days 00:22:28.527000,0 days 00:23:07.584000,0 days 00:23:38.786000,251.0,264.0,246.0,253.0,False,HARD,5.0,True,Haas F1 Team,0 days 00:21:49.708000,,12,,True,TRACK LIMITS AT TURN 1,False,True
2021-16,FP2,0 days 00:25:05.584000,MSC,47,0 days 00:01:26.798000,6.0,1.0,,,0 days 00:00:32.209000,0 days 00:00:30.469000,0 days 00:00:24.120000,0 days 00:24:10.995000,0 days 00:24:41.464000,0 days 00:25:05.584000,281.0,287.0,247.0,326.0,False,HARD,6.0,True,Haas F1 Team,0 days 00:23:38.786000,,1,,False,,False,True
2021-16,FP2,0 days 00:27:05.691000,MSC,47,0 days 00:02:00.107000,7.0,1.0,,0 days 00:27:05.140000,0 days 00:00:38.512000,0 days 00:00:45.718000,0 days 00:00:35.877000,0 days 00:25:44.096000,0 days 00:26:29.814000,0 days 00:27:05.691000,121.0,149.0,,149.0,False,HARD,7.0,True,Haas F1 Team,0 days 00:25:05.584000,,1,,False,,False,False
2021-16,FP2,0 days 00:39:19.614000,MSC,47,,8.0,2.0,0 days 00:37:32.076000,,,0 days 00:00:37.664000,0 days 00:00:30.824000,,0 days 00:38:48.829000,0 days 00:39:23.635000,250.0,280.0,247.0,236.0,False,SOFT,1.0,True,Haas F1 Team,0 days 00:27:05.691000,,1,,False,,False,False
2021-16,FP2,0 days 00:40:45.359000,MSC,47,0 days 00:01:25.745000,9.0,2.0,,,0 days 00:00:31.858000,0 days 00:00:30.395000,0 days 00:00:23.492000,0 days 00:39:51.472000,0 days 00:40:21.867000,0 days 00:40:45.359000,281.0,289.0,247.0,326.0,True,SOFT,2.0,True,Haas F1 Team,0 days 00:39:19.614000,,1,,False,,False,True
2021-16,FP2,0 days 00:42:47.521000,MSC,47,0 days 00:02:02.162000,10.0,2.0,,,0 days 00:00:47.401000,0 days 00:00:45.999000,0 days 00:00:28.762000,0 days 00:41:32.760000,0 days 00:42:18.759000,0 days 00:42:47.521000,181.0,237.0,246.0,286.0,False,SOFT,3.0,True,Haas F1 Team,0 days 00:40:45.359000,,1,,False,,False,True
2021-16,FP2,0 days 00:44:13.386000,MSC,47,0 days 00:01:25.865000,11.0,2.0,,,0 days 00:00:31.742000,0 days 00:00:30.281000,0 days 00:00:23.842000,0 days 00:43:19.263000,0 days 00:43:49.544000,0 days 00:44:13.386000,282.0,288.0,245.0,325.0,False,SOFT,4.0,True,Haas F1 Team,0 days 00:42:47.521000,,1,,False,,False,True
2021-16,FP2,0 days 00:46:16.709000,MSC,47,0 days 00:02:03.323000,12.0,2.0,,,0 days 00:00:46.147000,0 days 00:00:47.133000,0 days 00:00:30.043000,0 days 00:44:59.533000,0 days 00:45:46.666000,0 days 00:46:16.709000,193.0,259.0,248.0,259.0,False,SOFT,5.0,True,Haas F1 Team,0 days 00:44:13.386000,,1,,False,,False,True
2021-16,FP2,0 days 00:47:42.189000,MSC,47,0 days 00:01:25.480000,13.0,2.0,,,0 days 00:00:31.600000,0 days 00:00:30.254000,0 days 00:00:23.626000,0 days 00:46:48.309000,0 days 00:47:18.563000,0 days 00:47:42.189000,281.0,290.0,248.0,329.0,True,SOFT,6.0,True,Haas F1 Team,0 days 00:46:16.709000,,1,,False,,False,True
2021-16,FP2,0 days 00:49:33.658000,MSC,47,0 days 00:01:51.469000,14.0,2.0,,0 days 00:49:33.079000,0 days 00:00:35.318000,0 days 00:00:40.623000,0 days 00:00:35.528000,0 days 00:48:17.507000,0 days 00:48:58.130000,0 days 00:49:33.658000,236.0,149.0,,148.0,False,SOFT,7.0,True,Haas F1 Team,0 days 00:47:42.189000,,1,,False,,False,False
2021-16,FP2,0 days 01:01:43.585000,MSC,47,,15.0,3.0,0 days 01:00:14.305000,,,0 days 00:00:32.994000,0 days 00:00:24.753000,,0 days 01:01:18.881000,0 days 01:01:43.720000,275.0,279.0,234.0,300.0,False,HARD,8.0,False,Haas F1 Team,0 days 00:49:33.658000,,1,,False,,False,False
2021-16,FP2,0 days 01:03:14.326000,MSC,47,0 days 00:01:30.741000,16.0,3.0,,,0 days 00:00:33.569000,0 days 00:00:32.296000,0 days 00:00:24.876000,0 days 01:02:17.154000,0 days 01:02:49.450000,0 days 01:03:14.326000,271.0,280.0,234.0,301.0,False,HARD,9.0,False,Haas F1 Team,0 days 01:01:43.585000,,12,,False,,False,True
2021-16,FP2,0 days 01:04:44.437000,MSC,47,0 days 00:01:30.111000,17.0,3.0,,,0 days 00:00:33.316000,0 days 00:00:31.934000,0 days 00:00:24.861000,0 days 01:03:47.642000,0 days 01:04:19.576000,0 days 01:04:44.437000,276.0,280.0,233.0,302.0,False,HARD,10.0,False,Haas F1 Team,0 days 01:03:14.326000,,1,,False,,False,True
2021-16,FP2,0 days 01:06:14.162000,MSC,47,0 days 00:01:29.725000,18.0,3.0,,,0 days 00:00:33.232000,0 days 00:00:31.912000,0 days 00:00:24.581000,0 days 01:05:17.669000,0 days 01:05:49.581000,0 days 01:06:14.162000,274.0,282.0,233.0,303.0,False,HARD,11.0,False,Haas F1 Team,0 days 01:04:44.437000,,1,,False,,False,True
2021-16,FP2,0 days 01:07:43.709000,MSC,47,0 days 00:01:29.547000,19.0,3.0,,,0 days 00:00:33.164000,0 days 00:00:31.724000,0 days 00:00:24.659000,0 days 01:06:47.326000,0 days 01:07:19.050000,0 days 01:07:43.709000,277.0,280.0,234.0,304.0,False,HARD,12.0,False,Haas F1 Team,0 days 01:06:14.162000,,1,,False,,False,True
2021-16,FP2,0 days 01:09:13.062000,MSC,47,0 days 00:01:29.353000,20.0,3.0,,,0 days 00:00:33.057000,0 days 00:00:31.751000,0 days 00:00:24.545000,0 days 01:08:16.766000,0 days 01:08:48.517000,0 days 01:09:13.062000,276.0,281.0,234.0,306.0,False,HARD,13.0,False,Haas F1 Team,0 days 01:07:43.709000,,1,,False,,False,True
2021-16,FP2,0 days 01:10:42.766000,MSC,47,0 days 00:01:29.704000,21.0,3.0,,,0 days 00:00:33.214000,0 days 00:00:31.736000,0 days 00:00:24.754000,0 days 01:09:46.276000,0 days 01:10:18.012000,0 days 01:10:42.766000,272.0,281.0,232.0,304.0,False,HARD,14.0,False,Haas F1 Team,0 days 01:09:13.062000,,1,,False,,False,True
2021-16,FP2,0 days 01:12:13.731000,MSC,47,0 days 00:01:30.965000,22.0,3.0,,0 days 01:12:13.874000,0 days 00:00:33.212000,0 days 00:00:31.959000,0 days 00:00:25.794000,0 days 01:11:15.978000,0 days 01:11:47.937000,0 days 01:12:13.731000,275.0,281.0,,293.0,False,HARD,15.0,False,Haas F1 Team,0 days 01:10:42.766000,,12,,False,,False,False
2021-16,FP2,0 days 01:14:04.333000,MSC,47,0 days 00:01:50.602000,23.0,4.0,0 days 01:12:38.442000,,0 days 00:00:54.312000,0 days 00:00:31.732000,0 days 00:00:24.558000,0 days 01:13:08.043000,0 days 01:13:39.775000,0 days 01:14:04.333000,273.0,281.0,233.0,299.0,False,SOFT,8.0,False,Haas F1 Team,0 days 01:12:13.731000,,1,,False,,False,False
2021-16,FP2,0 days 01:15:35.045000,MSC,47,0 days 00:01:30.712000,24.0,4.0,,,0 days 00:00:34.098000,0 days 00:00:32.100000,0 days 00:00:24.514000,0 days 01:14:38.431000,0 days 01:15:10.531000,0 days 01:15:35.045000,272.0,280.0,232.0,301.0,False,SOFT,9.0,False,Haas F1 Team,0 days 01:14:04.333000,,12,,False,,False,True
2021-16,FP2,0 days 01:17:21.464000,MSC,47,0 days 00:01:46.419000,25.0,4.0,,,0 days 00:00:33.111000,0 days 00:00:37.910000,0 days 00:00:35.398000,0 days 01:16:08.156000,0 days 01:16:46.066000,0 days 01:17:21.464000,276.0,258.0,69.0,240.0,False,SOFT,10.0,False,Haas F1 Team,0 days 01:15:35.045000,,1,,False,,False,True
2021-16,FP2,0 days 01:19:45.934000,MSC,47,0 days 00:02:24.470000,26.0,4.0,,0 days 01:19:45.959000,0 days 00:01:18.682000,0 days 00:00:35.100000,0 days 00:00:30.688000,0 days 01:18:40.146000,0 days 01:19:15.246000,0 days 01:19:45.934000,274.0,199.0,,199.0,False,SOFT,11.0,False,Haas F1 Team,0 days 01:17:21.464000,,1,,False,,False,False
2021-16,FP2,0 days 00:17:40.570000,SAI,55,,1.0,1.0,0 days 00:15:30.786000,,,0 days 00:00:42.934000,0 days 00:00:46.608000,,0 days 00:16:53.984000,0 days 00:17:40.771000,242.0,273.0,246.0,240.0,False,SOFT,1.0,True,Ferrari,0 days 00:15:30.786000,,1,,False,,False,False
2021-16,FP2,0 days 00:19:06.389000,SAI,55,0 days 00:01:25.819000,2.0,1.0,,,0 days 00:00:31.721000,0 days 00:00:30.511000,0 days 00:00:23.587000,0 days 00:18:12.291000,0 days 00:18:42.802000,0 days 00:19:06.389000,280.0,289.0,246.0,320.0,True,SOFT,2.0,True,Ferrari,0 days 00:17:40.570000,,1,,False,,False,True
2021-16,FP2,0 days 00:21:09.049000,SAI,55,0 days 00:02:02.660000,3.0,1.0,,0 days 00:21:09.035000,0 days 00:00:48.304000,0 days 00:00:42.308000,0 days 00:00:32.048000,0 days 00:19:54.693000,0 days 00:20:37.001000,0 days 00:21:09.049000,198.0,238.0,,190.0,False,SOFT,3.0,True,Ferrari,0 days 00:19:06.389000,,1,,False,,False,False
2021-16,FP2,0 days 00:23:36.678000,SAI,55,0 days 00:02:27.629000,4.0,2.0,0 days 00:21:51.088000,,0 days 00:01:18.862000,0 days 00:00:39.503000,0 days 00:00:29.264000,0 days 00:22:27.911000,0 days 00:23:07.414000,0 days 00:23:36.678000,246.0,259.0,247.0,287.0,False,SOFT,4.0,False,Ferrari,0 days 00:21:09.049000,,12,,False,,False,False
2021-16,FP2,0 days 00:25:01.786000,SAI,55,0 days 00:01:25.108000,5.0,2.0,,,0 days 00:00:31.498000,0 days 00:00:30.084000,0 days 00:00:23.526000,0 days 00:24:08.176000,0 days 00:24:38.260000,0 days 00:25:01.786000,282.0,290.0,248.0,325.0,True,SOFT,5.0,False,Ferrari,0 days 00:23:36.678000,,1,,False,,False,True
2021-16,FP2,0 days 00:27:39.716000,SAI,55,,6.0,2.0,,,0 days 00:01:03.348000,0 days 00:01:00.340000,0 days 00:00:34.269000,0 days 00:26:05.146000,0 days 00:27:05.509000,0 days 00:27:41.597000,106.0,195.0,244.0,187.0,False,SOFT,6.0,False,Ferrari,0 days 00:25:01.786000,,1,,False,,False,False
2021-16,FP2,0 days 00:29:23.098000,SAI,55,0 days 00:01:43.382000,7.0,2.0,,,0 days 00:00:37.904000,0 days 00:00:38.120000,0 days 00:00:27.358000,0 days 00:28:17.620000,0 days 00:28:55.740000,0 days 00:29:23.098000,243.0,245.0,245.0,271.0,False,SOFT,7.0,False,Ferrari,0 days 00:27:39.716000,,1,,True,TRACK LIMITS AT TURN 1,False,True
2021-16,FP2,0 days 00:30:48.001000,SAI,55,0 days 00:01:24.903000,8.0,2.0,,,0 days 00:00:31.435000,0 days 00:00:30.105000,0 days 00:00:23.363000,0 days 00:29:54.533000,0 days 00:30:24.638000,0 days 00:30:48.001000,282.0,288.0,245.0,319.0,True,SOFT,8.0,False,Ferrari,0 days 00:29:23.098000,,1,,False,,False,True
2021-16,FP2,0 days 00:32:27.264000,SAI,55,0 days 00:01:39.263000,9.0,2.0,,0 days 00:32:26.708000,0 days 00:00:37.032000,0 days 00:00:34.177000,0 days 00:00:28.054000,0 days 00:31:25.033000,0 days 00:31:59.210000,0 days 00:32:27.264000,253.0,260.0,,253.0,False,SOFT,9.0,False,Ferrari,0 days 00:30:48.001000,,1,,False,,False,False
2021-16,FP2,0 days 00:41:52.886000,SAI,55,,10.0,3.0,0 days 00:40:07.151000,0 days 00:41:52.307000,,0 days 00:00:39.492000,0 days 00:00:27.536000,,0 days 00:41:25.382000,0 days 00:41:52.918000,230.0,258.0,,268.0,False,MEDIUM,1.0,True,Ferrari,0 days 00:32:27.264000,,1,,False,,False,False
2021-16,FP2,0 days 00:44:09.285000,SAI,55,0 days 00:02:16.399000,11.0,4.0,0 days 00:42:37.521000,,0 days 00:01:15.117000,0 days 00:00:34.942000,0 days 00:00:26.340000,0 days 00:43:08.003000,0 days 00:43:42.945000,0 days 00:44:09.285000,274.0,280.0,234.0,303.0,False,MEDIUM,2.0,False,Ferrari,0 days 00:41:52.886000,,1,,False,,False,False
2021-16,FP2,0 days 00:45:38.162000,SAI,55,0 days 00:01:28.877000,12.0,4.0,,,0 days 00:00:33.102000,0 days 00:00:31.661000,0 days 00:00:24.114000,0 days 00:44:42.387000,0 days 00:45:14.048000,0 days 00:45:38.162000,276.0,281.0,235.0,306.0,False,MEDIUM,3.0,False,Ferrari,0 days 00:44:09.285000,,1,,False,,False,True
2021-16,FP2,0 days 00:47:06.616000,SAI,55,0 days 00:01:28.454000,13.0,4.0,,,0 days 00:00:32.867000,0 days 00:00:31.506000,0 days 00:00:24.081000,0 days 00:46:11.029000,0 days 00:46:42.535000,0 days 00:47:06.616000,275.0,282.0,235.0,309.0,False,MEDIUM,4.0,False,Ferrari,0 days 00:45:38.162000,,1,,False,,False,True
2021-16,FP2,0 days 00:48:35.190000,SAI,55,0 days 00:01:28.574000,14.0,4.0,,,0 days 00:00:32.706000,0 days 00:00:31.486000,0 days 00:00:24.382000,0 days 00:47:39.322000,0 days 00:48:10.808000,0 days 00:48:35.190000,277.0,282.0,237.0,308.0,False,MEDIUM,5.0,False,Ferrari,0 days 00:47:06.616000,,1,,False,,False,True
2021-16,FP2,0 days 00:50:04.206000,SAI,55,0 days 00:01:29.016000,15.0,4.0,,,0 days 00:00:32.838000,0 days 00:00:31.542000,0 days 00:00:24.636000,0 days 00:49:08.028000,0 days 00:49:39.570000,0 days 00:50:04.206000,275.0,282.0,234.0,306.0,False,MEDIUM,6.0,False,Ferrari,0 days 00:48:35.190000,,1,,False,,False,True
2021-16,FP2,0 days 00:51:32.796000,SAI,55,0 days 00:01:28.590000,16.0,4.0,,,0 days 00:00:32.829000,0 days 00:00:31.413000,0 days 00:00:24.348000,0 days 00:50:37.035000,0 days 00:51:08.448000,0 days 00:51:32.796000,277.0,283.0,236.0,306.0,False,MEDIUM,7.0,False,Ferrari,0 days 00:50:04.206000,,1,,False,,False,True
2021-16,FP2,0 days 00:53:01.154000,SAI,55,0 days 00:01:28.358000,17.0,4.0,,,0 days 00:00:32.715000,0 days 00:00:31.337000,0 days 00:00:24.306000,0 days 00:52:05.511000,0 days 00:52:36.848000,0 days 00:53:01.154000,277.0,283.0,234.0,307.0,False,MEDIUM,8.0,False,Ferrari,0 days 00:51:32.796000,,1,,False,,False,True
2021-16,FP2,0 days 00:54:29.685000,SAI,55,0 days 00:01:28.531000,18.0,4.0,,,0 days 00:00:32.839000,0 days 00:00:31.331000,0 days 00:00:24.361000,0 days 00:53:33.993000,0 days 00:54:05.324000,0 days 00:54:29.685000,275.0,282.0,233.0,306.0,False,MEDIUM,9.0,False,Ferrari,0 days 00:53:01.154000,,1,,False,,False,True
2021-16,FP2,0 days 00:55:58.276000,SAI,55,0 days 00:01:28.591000,19.0,4.0,,,0 days 00:00:32.709000,0 days 00:00:31.413000,0 days 00:00:24.469000,0 days 00:55:02.394000,0 days 00:55:33.807000,0 days 00:55:58.276000,275.0,282.0,234.0,305.0,False,MEDIUM,10.0,False,Ferrari,0 days 00:54:29.685000,,1,,False,,False,True
2021-16,FP2,0 days 00:57:26.881000,SAI,55,0 days 00:01:28.605000,20.0,4.0,,,0 days 00:00:32.769000,0 days 00:00:31.342000,0 days 00:00:24.494000,0 days 00:56:31.045000,0 days 00:57:02.387000,0 days 00:57:26.881000,275.0,281.0,234.0,306.0,False,MEDIUM,11.0,False,Ferrari,0 days 00:55:58.276000,,1,,False,,False,True
2021-16,FP2,0 days 00:58:55.194000,SAI,55,0 days 00:01:28.313000,21.0,4.0,,,0 days 00:00:32.676000,0 days 00:00:31.307000,0 days 00:00:24.330000,0 days 00:57:59.557000,0 days 00:58:30.864000,0 days 00:58:55.194000,274.0,283.0,235.0,309.0,False,MEDIUM,12.0,False,Ferrari,0 days 00:57:26.881000,,1,,False,,False,True
2021-16,FP2,0 days 01:00:24.169000,SAI,55,0 days 00:01:28.975000,22.0,4.0,,,0 days 00:00:32.755000,0 days 00:00:31.657000,0 days 00:00:24.563000,0 days 00:59:27.949000,0 days 00:59:59.606000,0 days 01:00:24.169000,266.0,282.0,234.0,308.0,False,MEDIUM,13.0,False,Ferrari,0 days 00:58:55.194000,,1,,False,,False,True
2021-16,FP2,0 days 01:01:53.203000,SAI,55,0 days 00:01:29.034000,23.0,4.0,,,0 days 00:00:33.156000,0 days 00:00:31.529000,0 days 00:00:24.349000,0 days 01:00:57.325000,0 days 01:01:28.854000,0 days 01:01:53.203000,268.0,282.0,235.0,309.0,False,MEDIUM,14.0,False,Ferrari,0 days 01:00:24.169000,,1,,False,,False,True
2021-16,FP2,0 days 01:03:21.716000,SAI,55,0 days 00:01:28.513000,24.0,4.0,,,0 days 00:00:32.807000,0 days 00:00:31.282000,0 days 00:00:24.424000,0 days 01:02:26.010000,0 days 01:02:57.292000,0 days 01:03:21.716000,277.0,281.0,237.0,313.0,False,MEDIUM,15.0,False,Ferrari,0 days 01:01:53.203000,,12,,False,,False,True
2021-16,FP2,0 days 01:04:51.068000,SAI,55,0 days 00:01:29.352000,25.0,4.0,,,0 days 00:00:33.187000,0 days 00:00:31.687000,0 days 00:00:24.478000,0 days 01:03:54.903000,0 days 01:04:26.590000,0 days 01:04:51.068000,279.0,282.0,237.0,317.0,False,MEDIUM,16.0,False,Ferrari,0 days 01:03:21.716000,,1,,True,TRACK LIMITS AT TURN 1,False,True
2021-16,FP2,0 days 01:06:19.996000,SAI,55,0 days 00:01:28.928000,26.0,4.0,,,0 days 00:00:33.039000,0 days 00:00:31.440000,0 days 00:00:24.449000,0 days 01:05:24.107000,0 days 01:05:55.547000,0 days 01:06:19.996000,273.0,282.0,236.0,309.0,False,MEDIUM,17.0,False,Ferrari,0 days 01:04:51.068000,,1,,True,TRACK LIMITS AT TURN 1,False,True
2021-16,FP2,0 days 01:07:48.584000,SAI,55,0 days 00:01:28.588000,27.0,4.0,,,0 days 00:00:32.831000,0 days 00:00:31.299000,0 days 00:00:24.458000,0 days 01:06:52.827000,0 days 01:07:24.126000,0 days 01:07:48.584000,277.0,282.0,236.0,305.0,False,MEDIUM,18.0,False,Ferrari,0 days 01:06:19.996000,,1,,False,,False,True
2021-16,FP2,0 days 01:09:17.392000,SAI,55,0 days 00:01:28.808000,28.0,4.0,,,0 days 00:00:32.807000,0 days 00:00:31.516000,0 days 00:00:24.485000,0 days 01:08:21.391000,0 days 01:08:52.907000,0 days 01:09:17.392000,277.0,281.0,237.0,309.0,False,MEDIUM,19.0,False,Ferrari,0 days 01:07:48.584000,,1,,False,,False,True
2021-16,FP2,0 days 01:10:46.154000,SAI,55,0 days 00:01:28.762000,29.0,4.0,,,0 days 00:00:32.927000,0 days 00:00:31.384000,0 days 00:00:24.451000,0 days 01:09:50.319000,0 days 01:10:21.703000,0 days 01:10:46.154000,277.0,282.0,236.0,315.0,False,MEDIUM,20.0,False,Ferrari,0 days 01:09:17.392000,,12,,False,,False,True
2021-16,FP2,0 days 01:12:15.389000,SAI,55,0 days 00:01:29.235000,30.0,4.0,,,0 days 00:00:32.900000,0 days 00:00:31.762000,0 days 00:00:24.573000,0 days 01:11:19.054000,0 days 01:11:50.816000,0 days 01:12:15.389000,278.0,281.0,236.0,309.0,False,MEDIUM,21.0,False,Ferrari,0 days 01:10:46.154000,,21,,False,,False,True
2021-16,FP2,0 days 01:13:44.345000,SAI,55,0 days 00:01:28.956000,31.0,4.0,,,0 days 00:00:33.055000,0 days 00:00:31.459000,0 days 00:00:24.442000,0 days 01:12:48.444000,0 days 01:13:19.903000,0 days 01:13:44.345000,277.0,282.0,236.0,307.0,False,MEDIUM,22.0,False,Ferrari,0 days 01:12:15.389000,,1,,False,,False,True
2021-16,FP2,0 days 01:15:13.477000,SAI,55,0 days 00:01:29.132000,32.0,4.0,,,0 days 00:00:33.159000,0 days 00:00:31.597000,0 days 00:00:24.376000,0 days 01:14:17.504000,0 days 01:14:49.101000,0 days 01:15:13.477000,277.0,281.0,235.0,310.0,False,MEDIUM,23.0,False,Ferrari,0 days 01:13:44.345000,,12,,False,,False,True
2021-16,FP2,0 days 01:17:03.574000,SAI,55,0 days 00:01:50.097000,33.0,4.0,,,0 days 00:00:41.843000,0 days 00:00:37.665000,0 days 00:00:30.589000,0 days 01:15:55.320000,0 days 01:16:32.985000,0 days 01:17:03.574000,226.0,249.0,80.0,222.0,False,MEDIUM,24.0,False,Ferrari,0 days 01:15:13.477000,,1,,False,,False,True
2021-16,FP2,0 days 01:19:19.832000,SAI,55,0 days 00:02:16.258000,34.0,4.0,,0 days 01:19:19.283000,0 days 00:01:13.728000,0 days 00:00:35.631000,0 days 00:00:26.899000,0 days 01:18:17.302000,0 days 01:18:52.933000,0 days 01:19:19.832000,211.0,258.0,,261.0,False,MEDIUM,25.0,False,Ferrari,0 days 01:17:03.574000,,1,,False,,False,False
2021-16,FP2,0 days 00:17:27.259000,RUS,63,,1.0,1.0,0 days 00:15:34.348000,,,0 days 00:00:37.810000,0 days 00:00:40.310000,,0 days 00:16:47.045000,0 days 00:17:27.394000,254.0,202.0,241.0,218.0,False,HARD,1.0,True,Williams,0 days 00:15:34.348000,,1,,False,,False,False
2021-16,FP2,0 days 00:18:54.223000,RUS,63,0 days 00:01:26.964000,2.0,1.0,,,0 days 00:00:32.393000,0 days 00:00:30.732000,0 days 00:00:23.839000,0 days 00:17:59.652000,0 days 00:18:30.384000,0 days 00:18:54.223000,276.0,286.0,244.0,316.0,False,HARD,2.0,True,Williams,0 days 00:17:27.259000,,1,,True,TRACK LIMITS AT TURN 1,False,True
2021-16,FP2,0 days 00:20:59.751000,RUS,63,0 days 00:02:05.528000,3.0,1.0,,,0 days 00:00:42.219000,0 days 00:00:46.257000,0 days 00:00:37.052000,0 days 00:19:36.442000,0 days 00:20:22.699000,0 days 00:20:59.751000,185.0,265.0,249.0,79.0,True,HARD,3.0,True,Williams,0 days 00:18:54.223000,,1,,False,,False,True
2021-16,FP2,0 days 00:22:25.431000,RUS,63,0 days 00:01:25.680000,4.0,1.0,,,0 days 00:00:31.510000,0 days 00:00:30.638000,0 days 00:00:23.532000,0 days 00:21:31.261000,0 days 00:22:01.899000,0 days 00:22:25.431000,282.0,290.0,247.0,330.0,True,HARD,4.0,True,Williams,0 days 00:20:59.751000,,1,,False,,False,True
2021-16,FP2,0 days 00:24:21.834000,RUS,63,0 days 00:01:56.403000,5.0,1.0,,,0 days 00:00:45.309000,0 days 00:00:42.587000,0 days 00:00:28.507000,0 days 00:23:10.740000,0 days 00:23:53.327000,0 days 00:24:21.834000,165.0,271.0,247.0,241.0,False,HARD,5.0,True,Williams,0 days 00:22:25.431000,,12,,False,,False,True
2021-16,FP2,0 days 00:25:52.395000,RUS,63,0 days 00:01:30.561000,6.0,1.0,,0 days 00:25:51.860000,0 days 00:00:31.569000,0 days 00:00:30.374000,0 days 00:00:28.618000,0 days 00:24:53.403000,0 days 00:25:23.777000,0 days 00:25:52.395000,280.0,286.0,,216.0,False,HARD,6.0,True,Williams,0 days 00:24:21.834000,,1,,False,,False,False
2021-16,FP2,0 days 00:34:32.697000,RUS,63,,7.0,2.0,0 days 00:32:45.866000,,,0 days 00:00:40.583000,0 days 00:00:28.906000,,0 days 00:34:03.791000,0 days 00:34:32.876000,229.0,265.0,246.0,146.0,False,SOFT,1.0,True,Williams,0 days 00:25:52.395000,,1,,False,,False,False
2021-16,FP2,0 days 00:35:58.055000,RUS,63,0 days 00:01:25.358000,8.0,2.0,,,0 days 00:00:31.460000,0 days 00:00:30.480000,0 days 00:00:23.418000,0 days 00:35:04.157000,0 days 00:35:34.637000,0 days 00:35:58.055000,277.0,286.0,245.0,323.0,True,SOFT,2.0,True,Williams,0 days 00:34:32.697000,,1,,False,,False,True
2021-16,FP2,0 days 00:37:53.810000,RUS,63,0 days 00:01:55.755000,9.0,2.0,,0 days 00:37:53.283000,0 days 00:00:43.746000,0 days 00:00:42.411000,0 days 00:00:29.598000,0 days 00:36:41.801000,0 days 00:37:24.212000,0 days 00:37:53.810000,196.0,266.0,,213.0,False,SOFT,3.0,True,Williams,0 days 00:35:58.055000,,1,,False,,False,False
2021-16,FP2,0 days 00:40:32.166000,RUS,63,,10.0,3.0,0 days 00:38:30.712000,,0 days 00:01:15.490000,0 days 00:00:43.902000,,0 days 00:39:09.343000,0 days 00:39:53.219000,,135.0,259.0,245.0,82.0,False,SOFT,4.0,False,Williams,0 days 00:37:53.810000,,1,,False,,False,False
2021-16,FP2,0 days 00:41:57.700000,RUS,63,0 days 00:01:25.534000,11.0,3.0,,,0 days 00:00:31.470000,0 days 00:00:30.284000,0 days 00:00:23.780000,0 days 00:41:03.636000,0 days 00:41:33.920000,0 days 00:41:57.700000,279.0,285.0,244.0,321.0,False,SOFT,5.0,False,Williams,0 days 00:40:32.166000,,1,,False,,False,True
2021-16,FP2,0 days 00:43:58.931000,RUS,63,0 days 00:02:01.231000,12.0,3.0,,0 days 00:43:58.990000,0 days 00:00:42.198000,0 days 00:00:46.144000,0 days 00:00:32.889000,0 days 00:42:39.898000,0 days 00:43:26.042000,0 days 00:43:58.931000,158.0,273.0,,137.0,False,SOFT,6.0,False,Williams,0 days 00:41:57.700000,,1,,False,,False,False
2021-16,FP2,0 days 00:54:37.751000,RUS,63,,13.0,4.0,0 days 00:53:07.161000,,,0 days 00:00:34.056000,0 days 00:00:25.196000,,0 days 00:54:12.566000,0 days 00:54:37.914000,213.0,280.0,237.0,254.0,False,SOFT,7.0,False,Williams,0 days 00:43:58.931000,,1,,False,,False,False
2021-16,FP2,0 days 00:56:07.169000,RUS,63,0 days 00:01:29.418000,14.0,4.0,,,0 days 00:00:33.114000,0 days 00:00:31.492000,0 days 00:00:24.812000,0 days 00:55:10.865000,0 days 00:55:42.357000,0 days 00:56:07.169000,264.0,284.0,238.0,296.0,False,SOFT,8.0,False,Williams,0 days 00:54:37.751000,,1,,False,,False,True
2021-16,FP2,0 days 00:57:39.846000,RUS,63,0 days 00:01:32.677000,15.0,4.0,,0 days 00:57:39.478000,0 days 00:00:33.326000,0 days 00:00:31.782000,0 days 00:00:27.569000,0 days 00:56:40.495000,0 days 00:57:12.277000,0 days 00:57:39.846000,267.0,283.0,,235.0,False,SOFT,9.0,False,Williams,0 days 00:56:07.169000,,1,,False,,False,False
2021-16,FP2,0 days 00:59:28.916000,RUS,63,0 days 00:01:49.070000,16.0,5.0,0 days 00:58:03.228000,,0 days 00:00:52.769000,0 days 00:00:31.776000,0 days 00:00:24.525000,0 days 00:58:32.615000,0 days 00:59:04.391000,0 days 00:59:28.916000,266.0,283.0,237.0,299.0,False,HARD,7.0,False,Williams,0 days 00:57:39.846000,,1,,False,,False,False
2021-16,FP2,0 days 01:00:57.735000,RUS,63,0 days 00:01:28.819000,17.0,5.0,,,0 days 00:00:32.896000,0 days 00:00:31.354000,0 days 00:00:24.569000,0 days 01:00:01.812000,0 days 01:00:33.166000,0 days 01:00:57.735000,265.0,285.0,237.0,295.0,False,HARD,8.0,False,Williams,0 days 00:59:28.916000,,1,,False,,False,True
2021-16,FP2,0 days 01:02:26.406000,RUS,63,0 days 00:01:28.671000,18.0,5.0,,,0 days 00:00:32.888000,0 days 00:00:31.323000,0 days 00:00:24.460000,0 days 01:01:30.623000,0 days 01:02:01.946000,0 days 01:02:26.406000,268.0,284.0,238.0,299.0,False,HARD,9.0,False,Williams,0 days 01:00:57.735000,,1,,False,,False,True
2021-16,FP2,0 days 01:03:56.528000,RUS,63,0 days 00:01:30.122000,19.0,5.0,,,0 days 00:00:33.149000,0 days 00:00:31.850000,0 days 00:00:25.123000,0 days 01:02:59.555000,0 days 01:03:31.405000,0 days 01:03:56.528000,273.0,284.0,238.0,310.0,False,HARD,10.0,False,Williams,0 days 01:02:26.406000,,12,,False,,False,True
2021-16,FP2,0 days 01:05:27.269000,RUS,63,0 days 00:01:30.741000,20.0,5.0,,,0 days 00:00:34.158000,0 days 00:00:31.945000,0 days 00:00:24.638000,0 days 01:04:30.686000,0 days 01:05:02.631000,0 days 01:05:27.269000,276.0,285.0,239.0,299.0,False,HARD,11.0,False,Williams,0 days 01:03:56.528000,,1,,False,,False,True
2021-16,FP2,0 days 01:06:56.119000,RUS,63,0 days 00:01:28.850000,21.0,5.0,,,0 days 00:00:32.845000,0 days 00:00:31.586000,0 days 00:00:24.419000,0 days 01:06:00.114000,0 days 01:06:31.700000,0 days 01:06:56.119000,274.0,286.0,237.0,301.0,False,HARD,12.0,False,Williams,0 days 01:05:27.269000,,1,,False,,False,True
2021-16,FP2,0 days 01:08:24.674000,RUS,63,0 days 00:01:28.555000,22.0,5.0,,,0 days 00:00:32.468000,0 days 00:00:31.402000,0 days 00:00:24.685000,0 days 01:07:28.587000,0 days 01:07:59.989000,0 days 01:08:24.674000,273.0,285.0,238.0,291.0,False,HARD,13.0,False,Williams,0 days 01:06:56.119000,,1,,False,,False,True
2021-16,FP2,0 days 01:09:53.422000,RUS,63,0 days 00:01:28.748000,23.0,5.0,,,0 days 00:00:32.735000,0 days 00:00:31.274000,0 days 00:00:24.739000,0 days 01:08:57.409000,0 days 01:09:28.683000,0 days 01:09:53.422000,270.0,285.0,243.0,291.0,False,HARD,14.0,False,Williams,0 days 01:08:24.674000,,1,,False,,False,True
2021-16,FP2,0 days 01:11:24.009000,RUS,63,0 days 00:01:30.587000,24.0,5.0,,,0 days 00:00:32.873000,0 days 00:00:33.049000,0 days 00:00:24.665000,0 days 01:10:26.295000,0 days 01:10:59.344000,0 days 01:11:24.009000,272.0,284.0,238.0,290.0,False,HARD,15.0,False,Williams,0 days 01:09:53.422000,,12,,False,,False,True
2021-16,FP2,0 days 01:12:53.226000,RUS,63,0 days 00:01:29.217000,25.0,5.0,,,0 days 00:00:32.816000,0 days 00:00:31.759000,0 days 00:00:24.642000,0 days 01:11:56.825000,0 days 01:12:28.584000,0 days 01:12:53.226000,275.0,284.0,238.0,292.0,False,HARD,16.0,False,Williams,0 days 01:11:24.009000,,1,,False,,False,True
2021-16,FP2,0 days 01:14:21.922000,RUS,63,0 days 00:01:28.696000,26.0,5.0,,,0 days 00:00:32.831000,0 days 00:00:31.481000,0 days 00:00:24.384000,0 days 01:13:26.057000,0 days 01:13:57.538000,0 days 01:14:21.922000,278.0,285.0,239.0,297.0,False,HARD,17.0,False,Williams,0 days 01:12:53.226000,,12,,False,,False,True
2021-16,FP2,0 days 01:15:50.312000,RUS,63,0 days 00:01:28.390000,27.0,5.0,,,0 days 00:00:32.632000,0 days 00:00:31.308000,0 days 00:00:24.450000,0 days 01:14:54.554000,0 days 01:15:25.862000,0 days 01:15:50.312000,273.0,284.0,238.0,294.0,False,HARD,18.0,False,Williams,0 days 01:14:21.922000,,1,,False,,False,True
2021-16,FP2,0 days 01:17:49.223000,RUS,63,0 days 00:01:58.911000,28.0,5.0,,,0 days 00:00:39.464000,0 days 00:00:37.455000,0 days 00:00:41.992000,0 days 01:16:29.776000,0 days 01:17:07.231000,0 days 01:17:49.223000,170.0,270.0,70.0,120.0,False,HARD,19.0,False,Williams,0 days 01:15:50.312000,,1,,False,,False,True
2021-16,FP2,0 days 01:20:43.835000,RUS,63,,29.0,5.0,,0 days 01:20:43.231000,,0 days 00:00:36.357000,0 days 00:00:26.134000,,0 days 01:20:17.701000,0 days 01:20:46.304000,174.0,283.0,,185.0,False,HARD,20.0,False,Williams,0 days 01:17:49.223000,,1,,False,,False,False
2021-16,FP2,0 days 00:18:52.681000,BOT,77,,1.0,1.0,0 days 00:16:35.737000,,,0 days 00:00:35.348000,0 days 00:01:08.055000,,0 days 00:17:44.627000,0 days 00:18:52.811000,263.0,97.0,241.0,109.0,False,MEDIUM,1.0,True,Mercedes,0 days 00:16:35.737000,,1,,False,,False,False
2021-16,FP2,0 days 00:20:30.786000,BOT,77,0 days 00:01:38.105000,2.0,1.0,,,0 days 00:00:35.250000,0 days 00:00:37.432000,0 days 00:00:25.423000,0 days 00:19:27.931000,0 days 00:20:05.363000,0 days 00:20:30.786000,254.0,263.0,247.0,277.0,True,MEDIUM,2.0,True,Mercedes,0 days 00:18:52.681000,,1,,False,,False,True
2021-16,FP2,0 days 00:21:55.985000,BOT,77,0 days 00:01:25.199000,3.0,1.0,,,0 days 00:00:31.289000,0 days 00:00:30.546000,0 days 00:00:23.364000,0 days 00:21:02.075000,0 days 00:21:32.621000,0 days 00:21:55.985000,278.0,282.0,244.0,325.0,True,MEDIUM,3.0,True,Mercedes,0 days 00:20:30.786000,,1,,False,,False,True
2021-16,FP2,0 days 00:23:53.929000,BOT,77,0 days 00:01:57.944000,4.0,1.0,,,0 days 00:00:39.081000,0 days 00:00:46.459000,0 days 00:00:32.404000,0 days 00:22:35.066000,0 days 00:23:21.525000,0 days 00:23:53.929000,137.0,202.0,246.0,227.0,False,MEDIUM,4.0,True,Mercedes,0 days 00:21:55.985000,,12,,False,,False,True
2021-16,FP2,0 days 00:25:18.915000,BOT,77,0 days 00:01:24.986000,5.0,1.0,,,0 days 00:00:31.246000,0 days 00:00:30.278000,0 days 00:00:23.462000,0 days 00:24:25.175000,0 days 00:24:55.453000,0 days 00:25:18.915000,280.0,284.0,245.0,317.0,True,MEDIUM,5.0,True,Mercedes,0 days 00:23:53.929000,,1,,False,,False,True
2021-16,FP2,0 days 00:27:14.240000,BOT,77,0 days 00:01:55.325000,6.0,1.0,,,0 days 00:00:38.760000,0 days 00:00:45.405000,0 days 00:00:31.160000,0 days 00:25:57.675000,0 days 00:26:43.080000,0 days 00:27:14.240000,233.0,224.0,247.0,201.0,False,MEDIUM,6.0,True,Mercedes,0 days 00:25:18.915000,,1,,False,,False,True
2021-16,FP2,0 days 00:28:38.663000,BOT,77,0 days 00:01:24.423000,7.0,1.0,,,0 days 00:00:31.291000,0 days 00:00:30.014000,0 days 00:00:23.118000,0 days 00:27:45.531000,0 days 00:28:15.545000,0 days 00:28:38.663000,279.0,285.0,243.0,320.0,True,MEDIUM,7.0,True,Mercedes,0 days 00:27:14.240000,,1,,False,,False,True
2021-16,FP2,0 days 00:30:18.328000,BOT,77,0 days 00:01:39.665000,8.0,1.0,,0 days 00:30:17.740000,0 days 00:00:36.726000,0 days 00:00:34.425000,0 days 00:00:28.514000,0 days 00:29:15.389000,0 days 00:29:49.814000,0 days 00:30:18.328000,259.0,271.0,,271.0,False,MEDIUM,8.0,True,Mercedes,0 days 00:28:38.663000,,1,,False,,False,False
2021-16,FP2,0 days 00:38:06.074000,BOT,77,,9.0,2.0,0 days 00:36:22.913000,,,0 days 00:00:41.208000,0 days 00:00:27.508000,,0 days 00:37:38.572000,0 days 00:38:06.223000,263.0,232.0,246.0,260.0,False,SOFT,1.0,True,Mercedes,0 days 00:30:18.328000,,1,,False,,False,False
2021-16,FP2,0 days 00:40:28.438000,BOT,77,0 days 00:02:22.364000,10.0,2.0,,,0 days 00:00:34.777000,0 days 00:00:52.861000,0 days 00:00:54.726000,0 days 00:38:40.851000,0 days 00:39:33.712000,0 days 00:40:28.438000,241.0,214.0,245.0,49.0,False,SOFT,2.0,True,Mercedes,0 days 00:38:06.074000,,1,,False,,False,True
2021-16,FP2,0 days 00:41:52.786000,BOT,77,0 days 00:01:24.348000,11.0,2.0,,,0 days 00:00:31.043000,0 days 00:00:30.041000,0 days 00:00:23.264000,0 days 00:40:59.481000,0 days 00:41:29.522000,0 days 00:41:52.786000,281.0,286.0,244.0,326.0,True,SOFT,3.0,True,Mercedes,0 days 00:40:28.438000,,1,,False,,False,True
2021-16,FP2,0 days 00:43:57.479000,BOT,77,0 days 00:02:04.693000,12.0,2.0,,,0 days 00:00:41.275000,0 days 00:00:50.179000,0 days 00:00:33.239000,0 days 00:42:34.061000,0 days 00:43:24.240000,0 days 00:43:57.479000,219.0,227.0,245.0,122.0,False,SOFT,4.0,True,Mercedes,0 days 00:41:52.786000,,1,,False,,False,True
2021-16,FP2,0 days 00:45:21.693000,BOT,77,0 days 00:01:24.214000,13.0,2.0,,,0 days 00:00:31.046000,0 days 00:00:29.982000,0 days 00:00:23.186000,0 days 00:44:28.525000,0 days 00:44:58.507000,0 days 00:45:21.693000,280.0,286.0,243.0,320.0,True,SOFT,5.0,True,Mercedes,0 days 00:43:57.479000,,1,,False,,False,True
2021-16,FP2,0 days 00:47:14.252000,BOT,77,0 days 00:01:52.559000,14.0,2.0,,0 days 00:47:13.665000,0 days 00:00:38.568000,0 days 00:00:39.498000,0 days 00:00:34.493000,0 days 00:46:00.261000,0 days 00:46:39.759000,0 days 00:47:14.252000,185.0,204.0,,179.0,False,SOFT,6.0,True,Mercedes,0 days 00:45:21.693000,,1,,False,,False,False
2021-16,FP2,0 days 00:54:17.241000,BOT,77,,15.0,3.0,0 days 00:52:38.180000,0 days 00:54:16.657000,,0 days 00:00:36.684000,0 days 00:00:25.346000,,0 days 00:53:51.918000,0 days 00:54:20.964000,246.0,267.0,,295.0,False,MEDIUM,9.0,False,Mercedes,0 days 00:47:14.252000,,1,,False,,False,False
2021-16,FP2,0 days 00:56:34.550000,BOT,77,0 days 00:02:17.309000,16.0,4.0,0 days 00:54:52.084000,,0 days 00:01:09.079000,0 days 00:00:40.484000,0 days 00:00:27.746000,0 days 00:55:26.320000,0 days 00:56:06.804000,0 days 00:56:34.550000,254.0,260.0,236.0,274.0,False,MEDIUM,10.0,False,Mercedes,0 days 00:54:17.241000,,1,,False,,False,False
2021-16,FP2,0 days 00:58:11.432000,BOT,77,0 days 00:01:36.882000,17.0,4.0,,,0 days 00:00:39.464000,0 days 00:00:32.720000,0 days 00:00:24.698000,0 days 00:57:14.014000,0 days 00:57:46.734000,0 days 00:58:11.432000,259.0,279.0,236.0,298.0,False,MEDIUM,11.0,False,Mercedes,0 days 00:56:34.550000,,1,,True,TRACK LIMITS AT TURN 1,False,True
2021-16,FP2,0 days 00:59:39.684000,BOT,77,0 days 00:01:28.252000,18.0,4.0,,,0 days 00:00:32.736000,0 days 00:00:31.443000,0 days 00:00:24.073000,0 days 00:58:44.168000,0 days 00:59:15.611000,0 days 00:59:39.684000,268.0,281.0,235.0,303.0,False,MEDIUM,12.0,False,Mercedes,0 days 00:58:11.432000,,1,,False,,False,True
2021-16,FP2,0 days 01:01:07.380000,BOT,77,0 days 00:01:27.696000,19.0,4.0,,,0 days 00:00:32.578000,0 days 00:00:31.046000,0 days 00:00:24.072000,0 days 01:00:12.262000,0 days 01:00:43.308000,0 days 01:01:07.380000,268.0,282.0,236.0,299.0,False,MEDIUM,13.0,False,Mercedes,0 days 00:59:39.684000,,1,,False,,False,True
2021-16,FP2,0 days 01:02:35.687000,BOT,77,0 days 00:01:28.307000,20.0,4.0,,,0 days 00:00:32.518000,0 days 00:00:31.582000,0 days 00:00:24.207000,0 days 01:01:39.898000,0 days 01:02:11.480000,0 days 01:02:35.687000,269.0,281.0,236.0,298.0,False,MEDIUM,14.0,False,Mercedes,0 days 01:01:07.380000,,1,,False,,False,True
2021-16,FP2,0 days 01:04:04.119000,BOT,77,0 days 00:01:28.432000,21.0,4.0,,,0 days 00:00:32.512000,0 days 00:00:31.597000,0 days 00:00:24.323000,0 days 01:03:08.199000,0 days 01:03:39.796000,0 days 01:04:04.119000,271.0,281.0,235.0,305.0,False,MEDIUM,15.0,False,Mercedes,0 days 01:02:35.687000,,12,,False,,False,True
2021-16,FP2,0 days 01:05:37.086000,BOT,77,0 days 00:01:32.967000,22.0,4.0,,,0 days 00:00:32.572000,0 days 00:00:31.241000,0 days 00:00:29.154000,0 days 01:04:36.691000,0 days 01:05:07.932000,0 days 01:05:37.086000,272.0,283.0,236.0,242.0,False,MEDIUM,16.0,False,Mercedes,0 days 01:04:04.119000,,1,,False,,False,True
2021-16,FP2,0 days 01:07:04.995000,BOT,77,0 days 00:01:27.909000,23.0,4.0,,,0 days 00:00:32.506000,0 days 00:00:31.133000,0 days 00:00:24.270000,0 days 01:06:09.592000,0 days 01:06:40.725000,0 days 01:07:04.995000,270.0,282.0,234.0,295.0,False,MEDIUM,17.0,False,Mercedes,0 days 01:05:37.086000,,1,,False,,False,True
2021-16,FP2,0 days 01:08:33.076000,BOT,77,0 days 00:01:28.081000,24.0,4.0,,,0 days 00:00:32.533000,0 days 00:00:31.287000,0 days 00:00:24.261000,0 days 01:07:37.528000,0 days 01:08:08.815000,0 days 01:08:33.076000,271.0,280.0,235.0,301.0,False,MEDIUM,18.0,False,Mercedes,0 days 01:07:04.995000,,1,,False,,False,True
2021-16,FP2,0 days 01:10:00.873000,BOT,77,0 days 00:01:27.797000,25.0,4.0,,,0 days 00:00:32.458000,0 days 00:00:31.120000,0 days 00:00:24.219000,0 days 01:09:05.534000,0 days 01:09:36.654000,0 days 01:10:00.873000,274.0,282.0,235.0,302.0,False,MEDIUM,19.0,False,Mercedes,0 days 01:08:33.076000,,1,,False,,False,True
2021-16,FP2,0 days 01:11:33.261000,BOT,77,0 days 00:01:32.388000,26.0,4.0,,,0 days 00:00:32.574000,0 days 00:00:34.550000,0 days 00:00:25.264000,0 days 01:10:33.447000,0 days 01:11:07.997000,0 days 01:11:33.261000,274.0,278.0,238.0,287.0,False,MEDIUM,20.0,False,Mercedes,0 days 01:10:00.873000,,12,,False,,False,True
2021-16,FP2,0 days 01:13:01.352000,BOT,77,0 days 00:01:28.091000,27.0,4.0,,,0 days 00:00:32.470000,0 days 00:00:31.459000,0 days 00:00:24.162000,0 days 01:12:05.731000,0 days 01:12:37.190000,0 days 01:13:01.352000,271.0,281.0,236.0,303.0,False,MEDIUM,21.0,False,Mercedes,0 days 01:11:33.261000,,1,,False,,False,True
2021-16,FP2,0 days 01:14:28.937000,BOT,77,0 days 00:01:27.585000,28.0,4.0,,,0 days 00:00:32.500000,0 days 00:00:31.053000,0 days 00:00:24.032000,0 days 01:13:33.852000,0 days 01:14:04.905000,0 days 01:14:28.937000,277.0,282.0,236.0,301.0,False,MEDIUM,22.0,False,Mercedes,0 days 01:13:01.352000,,12,,False,,False,True
2021-16,FP2,0 days 01:15:56.984000,BOT,77,0 days 00:01:28.047000,29.0,4.0,,,0 days 00:00:32.766000,0 days 00:00:31.159000,0 days 00:00:24.122000,0 days 01:15:01.703000,0 days 01:15:32.862000,0 days 01:15:56.984000,274.0,282.0,237.0,301.0,False,MEDIUM,23.0,False,Mercedes,0 days 01:14:28.937000,,1,,False,,False,True
2021-16,FP2,0 days 01:18:04.843000,BOT,77,0 days 00:02:07.859000,30.0,4.0,,,0 days 00:00:43.186000,0 days 00:00:41.124000,0 days 00:00:43.549000,0 days 01:16:40.170000,0 days 01:17:21.294000,0 days 01:18:04.843000,164.0,215.0,76.0,122.0,False,MEDIUM,24.0,False,Mercedes,0 days 01:15:56.984000,,1,,False,,False,True
2021-16,FP2,0 days 01:20:07.449000,BOT,77,0 days 00:02:02.606000,31.0,4.0,,0 days 01:20:06.889000,0 days 00:01:04.428000,0 days 00:00:32.823000,0 days 00:00:25.355000,0 days 01:19:09.271000,0 days 01:19:42.094000,0 days 01:20:07.449000,257.0,270.0,,272.0,False,MEDIUM,25.0,False,Mercedes,0 days 01:18:04.843000,,1,,False,,False,False
2021-16,FP2,0 days 00:17:12.968000,GIO,99,,1.0,1.0,0 days 00:15:04.672000,,,0 days 00:00:45.941000,0 days 00:00:37.580000,,0 days 00:16:35.737000,0 days 00:17:13.117000,138.0,261.0,243.0,148.0,False,MEDIUM,1.0,True,Alfa Romeo Racing,0 days 00:15:04.672000,,1,,False,,False,False
2021-16,FP2,0 days 00:18:39.918000,GIO,99,0 days 00:01:26.950000,2.0,1.0,,,0 days 00:00:32.468000,0 days 00:00:30.619000,0 days 00:00:23.863000,0 days 00:17:45.436000,0 days 00:18:16.055000,0 days 00:18:39.918000,280.0,289.0,246.0,325.0,True,MEDIUM,2.0,True,Alfa Romeo Racing,0 days 00:17:12.968000,,1,,False,,False,True
2021-16,FP2,0 days 00:20:54.616000,GIO,99,0 days 00:02:14.698000,3.0,1.0,,,0 days 00:00:49.554000,0 days 00:00:44.431000,0 days 00:00:40.713000,0 days 00:19:29.472000,0 days 00:20:13.903000,0 days 00:20:54.616000,123.0,255.0,244.0,89.0,False,MEDIUM,3.0,True,Alfa Romeo Racing,0 days 00:18:39.918000,,1,,False,,False,True
2021-16,FP2,0 days 00:22:20.312000,GIO,99,0 days 00:01:25.696000,4.0,1.0,,,0 days 00:00:31.791000,0 days 00:00:30.332000,0 days 00:00:23.573000,0 days 00:21:26.407000,0 days 00:21:56.739000,0 days 00:22:20.312000,282.0,287.0,247.0,331.0,True,MEDIUM,4.0,True,Alfa Romeo Racing,0 days 00:20:54.616000,,1,,False,,False,True
2021-16,FP2,0 days 00:24:27.742000,GIO,99,0 days 00:02:07.430000,5.0,1.0,,,0 days 00:00:46.661000,0 days 00:00:46.195000,0 days 00:00:34.574000,0 days 00:23:06.973000,0 days 00:23:53.168000,0 days 00:24:27.742000,145.0,256.0,246.0,126.0,False,MEDIUM,5.0,True,Alfa Romeo Racing,0 days 00:22:20.312000,,12,,False,,False,True
2021-16,FP2,0 days 00:25:52.971000,GIO,99,0 days 00:01:25.229000,6.0,1.0,,,0 days 00:00:31.506000,0 days 00:00:30.265000,0 days 00:00:23.458000,0 days 00:24:59.248000,0 days 00:25:29.513000,0 days 00:25:52.971000,284.0,287.0,247.0,330.0,True,MEDIUM,6.0,True,Alfa Romeo Racing,0 days 00:24:27.742000,,1,,False,,False,True
2021-16,FP2,0 days 00:28:00.125000,GIO,99,0 days 00:02:07.154000,7.0,1.0,,,0 days 00:00:46.694000,0 days 00:00:49.818000,0 days 00:00:30.642000,0 days 00:26:39.665000,0 days 00:27:29.483000,0 days 00:28:00.125000,141.0,201.0,245.0,194.0,False,MEDIUM,7.0,True,Alfa Romeo Racing,0 days 00:25:52.971000,,1,,False,,False,True
2021-16,FP2,0 days 00:29:25.608000,GIO,99,0 days 00:01:25.483000,8.0,1.0,,,0 days 00:00:31.566000,0 days 00:00:30.307000,0 days 00:00:23.610000,0 days 00:28:31.691000,0 days 00:29:01.998000,0 days 00:29:25.608000,284.0,286.0,248.0,330.0,False,MEDIUM,8.0,True,Alfa Romeo Racing,0 days 00:28:00.125000,,1,,False,,False,True
2021-16,FP2,0 days 00:31:06.538000,GIO,99,0 days 00:01:40.930000,9.0,1.0,,0 days 00:31:05.979000,0 days 00:00:37.260000,0 days 00:00:36.734000,0 days 00:00:26.936000,0 days 00:30:02.868000,0 days 00:30:39.602000,0 days 00:31:06.538000,244.0,259.0,,258.0,False,MEDIUM,9.0,True,Alfa Romeo Racing,0 days 00:29:25.608000,,1,,False,,False,False
2021-16,FP2,0 days 00:40:05.857000,GIO,99,,10.0,2.0,0 days 00:37:59.643000,,,0 days 00:00:47.989000,0 days 00:00:35.605000,,0 days 00:39:30.267000,0 days 00:40:06.011000,184.0,207.0,248.0,110.0,False,SOFT,1.0,True,Alfa Romeo Racing,0 days 00:31:06.538000,,1,,False,,False,False
2021-16,FP2,0 days 00:41:31.148000,GIO,99,0 days 00:01:25.291000,11.0,2.0,,,0 days 00:00:31.425000,0 days 00:00:30.196000,0 days 00:00:23.670000,0 days 00:40:37.282000,0 days 00:41:07.478000,0 days 00:41:31.148000,283.0,286.0,248.0,334.0,False,SOFT,2.0,True,Alfa Romeo Racing,0 days 00:40:05.857000,,1,,False,,False,True
2021-16,FP2,0 days 00:43:39.911000,GIO,99,0 days 00:02:08.763000,12.0,2.0,,,0 days 00:00:49.192000,0 days 00:00:50.375000,0 days 00:00:29.196000,0 days 00:42:20.340000,0 days 00:43:10.715000,0 days 00:43:39.911000,136.0,177.0,247.0,225.0,False,SOFT,3.0,True,Alfa Romeo Racing,0 days 00:41:31.148000,,1,,False,,False,True
2021-16,FP2,0 days 00:45:04.707000,GIO,99,0 days 00:01:24.796000,13.0,2.0,,,0 days 00:00:31.321000,0 days 00:00:30.100000,0 days 00:00:23.375000,0 days 00:44:11.232000,0 days 00:44:41.332000,0 days 00:45:04.707000,283.0,288.0,247.0,330.0,True,SOFT,4.0,True,Alfa Romeo Racing,0 days 00:43:39.911000,,1,,False,,False,True
2021-16,FP2,0 days 00:47:18.581000,GIO,99,0 days 00:02:13.874000,14.0,2.0,,,0 days 00:00:50.831000,0 days 00:00:48.270000,0 days 00:00:34.773000,0 days 00:45:55.538000,0 days 00:46:43.808000,0 days 00:47:18.581000,138.0,178.0,248.0,142.0,False,SOFT,5.0,True,Alfa Romeo Racing,0 days 00:45:04.707000,,1,,False,,False,True
2021-16,FP2,0 days 00:48:43.675000,GIO,99,0 days 00:01:25.094000,15.0,2.0,,,0 days 00:00:31.579000,0 days 00:00:30.073000,0 days 00:00:23.442000,0 days 00:47:50.160000,0 days 00:48:20.233000,0 days 00:48:43.675000,282.0,288.0,247.0,330.0,False,SOFT,6.0,True,Alfa Romeo Racing,0 days 00:47:18.581000,,1,,True,TRACK LIMITS AT TURN 1,False,True
2021-16,FP2,0 days 00:50:23.404000,GIO,99,0 days 00:01:39.729000,16.0,2.0,,0 days 00:50:22.863000,0 days 00:00:38.251000,0 days 00:00:35.244000,0 days 00:00:26.234000,0 days 00:49:21.926000,0 days 00:49:57.170000,0 days 00:50:23.404000,245.0,259.0,,263.0,False,SOFT,7.0,True,Alfa Romeo Racing,0 days 00:48:43.675000,,1,,False,,False,False
2021-16,FP2,0 days 01:00:21.136000,GIO,99,,17.0,3.0,0 days 00:58:44.207000,,,0 days 00:00:35.318000,0 days 00:00:26.703000,,0 days 00:59:54.452000,0 days 01:00:21.290000,248.0,259.0,236.0,264.0,False,MEDIUM,10.0,False,Alfa Romeo Racing,0 days 00:50:23.404000,,1,,False,,False,False
2021-16,FP2,0 days 01:01:50.811000,GIO,99,0 days 00:01:29.675000,18.0,3.0,,,0 days 00:00:33.174000,0 days 00:00:32.190000,0 days 00:00:24.311000,0 days 01:00:54.310000,0 days 01:01:26.500000,0 days 01:01:50.811000,277.0,282.0,237.0,305.0,False,MEDIUM,11.0,False,Alfa Romeo Racing,0 days 01:00:21.136000,,1,,False,,False,True
2021-16,FP2,0 days 01:03:20.028000,GIO,99,0 days 00:01:29.217000,19.0,3.0,,,0 days 00:00:32.960000,0 days 00:00:31.867000,0 days 00:00:24.390000,0 days 01:02:23.771000,0 days 01:02:55.638000,0 days 01:03:20.028000,277.0,282.0,238.0,310.0,False,MEDIUM,12.0,False,Alfa Romeo Racing,0 days 01:01:50.811000,,12,,False,,False,True
2021-16,FP2,0 days 01:04:54.764000,GIO,99,0 days 00:01:34.736000,20.0,3.0,,,0 days 00:00:34.019000,0 days 00:00:33.157000,0 days 00:00:27.560000,0 days 01:03:54.047000,0 days 01:04:27.204000,0 days 01:04:54.764000,267.0,276.0,226.0,274.0,False,MEDIUM,13.0,False,Alfa Romeo Racing,0 days 01:03:20.028000,,1,,False,,False,True
2021-16,FP2,0 days 01:06:25.836000,GIO,99,0 days 00:01:31.072000,21.0,3.0,,,0 days 00:00:33.802000,0 days 00:00:32.316000,0 days 00:00:24.954000,0 days 01:05:28.566000,0 days 01:06:00.882000,0 days 01:06:25.836000,265.0,269.0,238.0,298.0,False,MEDIUM,14.0,False,Alfa Romeo Racing,0 days 01:04:54.764000,,1,,False,,False,True
2021-16,FP2,0 days 01:07:54.850000,GIO,99,0 days 00:01:29.014000,22.0,3.0,,,0 days 00:00:32.758000,0 days 00:00:31.645000,0 days 00:00:24.611000,0 days 01:06:58.594000,0 days 01:07:30.239000,0 days 01:07:54.850000,277.0,285.0,237.0,305.0,False,MEDIUM,15.0,False,Alfa Romeo Racing,0 days 01:06:25.836000,,1,,False,,False,True
2021-16,FP2,0 days 01:09:26.456000,GIO,99,0 days 00:01:31.606000,23.0,3.0,,,0 days 00:00:33.195000,0 days 00:00:32.062000,0 days 00:00:26.349000,0 days 01:08:28.045000,0 days 01:09:00.107000,0 days 01:09:26.456000,273.0,281.0,236.0,309.0,False,MEDIUM,16.0,False,Alfa Romeo Racing,0 days 01:07:54.850000,,1,,True,TRACK LIMITS AT TURN 1,False,True
2021-16,FP2,0 days 01:10:55.844000,GIO,99,0 days 00:01:29.388000,24.0,3.0,,,0 days 00:00:33.222000,0 days 00:00:31.805000,0 days 00:00:24.361000,0 days 01:09:59.678000,0 days 01:10:31.483000,0 days 01:10:55.844000,278.0,285.0,238.0,315.0,False,MEDIUM,17.0,False,Alfa Romeo Racing,0 days 01:09:26.456000,,12,,False,,False,True
2021-16,FP2,0 days 01:12:25.336000,GIO,99,0 days 00:01:29.492000,25.0,3.0,,,0 days 00:00:33.200000,0 days 00:00:31.864000,0 days 00:00:24.428000,0 days 01:11:29.044000,0 days 01:12:00.908000,0 days 01:12:25.336000,279.0,283.0,238.0,310.0,False,MEDIUM,18.0,False,Alfa Romeo Racing,0 days 01:10:55.844000,,1,,False,,False,True
2021-16,FP2,0 days 01:13:55.047000,GIO,99,0 days 00:01:29.711000,26.0,3.0,,0 days 01:13:54.471000,0 days 00:00:33.052000,0 days 00:00:31.528000,0 days 00:00:25.131000,0 days 01:12:58.388000,0 days 01:13:29.916000,0 days 01:13:55.047000,278.0,283.0,,312.0,False,MEDIUM,19.0,False,Alfa Romeo Racing,0 days 01:12:25.336000,,1,,False,,False,False
2021-16,FP2,0 days 01:15:43.026000,GIO,99,0 days 00:01:47.979000,27.0,4.0,0 days 01:14:17.759000,,0 days 00:00:51.870000,0 days 00:00:31.680000,0 days 00:00:24.429000,0 days 01:14:46.917000,0 days 01:15:18.597000,0 days 01:15:43.026000,279.0,280.0,235.0,309.0,False,MEDIUM,20.0,False,Alfa Romeo Racing,0 days 01:13:55.047000,,12,,False,,False,False
2021-16,FP2,0 days 01:17:39.655000,GIO,99,0 days 00:01:56.629000,28.0,4.0,,,0 days 00:00:37.338000,0 days 00:00:35.369000,0 days 00:00:43.922000,0 days 01:16:20.364000,0 days 01:16:55.733000,0 days 01:17:39.655000,235.0,258.0,43.0,166.0,False,MEDIUM,21.0,False,Alfa Romeo Racing,0 days 01:15:43.026000,,1,,False,,False,True
2021-16,FP2,0 days 01:19:50.642000,GIO,99,0 days 00:02:10.987000,29.0,4.0,,0 days 01:19:50.659000,0 days 00:01:10.121000,0 days 00:00:34.503000,0 days 00:00:26.363000,0 days 01:18:49.776000,0 days 01:19:24.279000,0 days 01:19:50.642000,247.0,262.0,,270.0,False,MEDIUM,22.0,False,Alfa Romeo Racing,0 days 01:17:39.655000,,1,,False,,False,False
2021-16,FP3,0 days 00:23:52.923000,GAS,10,,1.0,1.0,0 days 00:22:13.867000,,,0 days 00:00:35.938000,0 days 00:00:28.469000,,0 days 00:23:24.542000,0 days 00:23:53.038000,252.0,273.0,231.0,259.0,False,WET,1.0,True,AlphaTauri,0 days 00:22:13.867000,,1,,False,,False,False
2021-16,FP3,0 days 00:25:32.911000,GAS,10,0 days 00:01:39.988000,2.0,1.0,,,0 days 00:00:36.778000,0 days 00:00:35.259000,0 days 00:00:27.951000,0 days 00:24:29.701000,0 days 00:25:04.960000,0 days 00:25:32.911000,264.0,270.0,231.0,257.0,True,WET,2.0,True,AlphaTauri,0 days 00:23:52.923000,,1,,False,,False,True
2021-16,FP3,0 days 00:27:36.991000,GAS,10,0 days 00:02:04.080000,3.0,1.0,,0 days 00:27:36.359000,0 days 00:00:47.696000,0 days 00:00:43.666000,0 days 00:00:32.718000,0 days 00:26:20.607000,0 days 00:27:04.273000,0 days 00:27:36.991000,218.0,236.0,,227.0,False,WET,3.0,True,AlphaTauri,0 days 00:25:32.911000,,1,,False,,False,False
2021-16,FP3,0 days 00:36:21.495000,GAS,10,,4.0,2.0,0 days 00:34:20.843000,0 days 00:36:20.900000,,0 days 00:00:37.090000,0 days 00:00:48.704000,,0 days 00:35:32.791000,0 days 00:36:21.584000,264.0,270.0,,148.0,False,INTERMEDIATE,1.0,True,AlphaTauri,0 days 00:27:36.991000,,12,,False,,False,False
2021-16,FP3,0 days 00:45:39.001000,GAS,10,,5.0,3.0,0 days 00:43:56.110000,,,0 days 00:00:37.771000,0 days 00:00:28.784000,,0 days 00:45:10.237000,0 days 00:45:39.201000,265.0,258.0,218.0,240.0,False,INTERMEDIATE,2.0,False,AlphaTauri,0 days 00:43:56.110000,,1,,False,,False,False
2021-16,FP3,0 days 00:47:23.309000,GAS,10,0 days 00:01:44.308000,6.0,3.0,,,0 days 00:00:36.931000,0 days 00:00:37.199000,0 days 00:00:30.178000,0 days 00:46:15.932000,0 days 00:46:53.131000,0 days 00:47:23.309000,268.0,274.0,238.0,251.0,False,INTERMEDIATE,3.0,False,AlphaTauri,0 days 00:45:39.001000,,1,,False,,False,True
2021-16,FP3,0 days 00:48:56.532000,GAS,10,0 days 00:01:33.223000,7.0,3.0,,,0 days 00:00:34.016000,0 days 00:00:33.218000,0 days 00:00:25.989000,0 days 00:47:57.325000,0 days 00:48:30.543000,0 days 00:48:56.532000,274.0,277.0,235.0,295.0,True,INTERMEDIATE,4.0,False,AlphaTauri,0 days 00:47:23.309000,,12,,False,,False,True
2021-16,FP3,0 days 00:50:57.829000,GAS,10,0 days 00:02:01.297000,8.0,3.0,,,0 days 00:00:48.500000,0 days 00:00:42.903000,0 days 00:00:29.894000,0 days 00:49:45.032000,0 days 00:50:27.935000,0 days 00:50:57.829000,139.0,223.0,239.0,256.0,False,INTERMEDIATE,5.0,False,AlphaTauri,0 days 00:48:56.532000,,12,,False,,False,True
2021-16,FP3,0 days 00:52:29.795000,GAS,10,0 days 00:01:31.966000,9.0,3.0,,,0 days 00:00:33.687000,0 days 00:00:32.497000,0 days 00:00:25.782000,0 days 00:51:31.516000,0 days 00:52:04.013000,0 days 00:52:29.795000,275.0,282.0,238.0,301.0,True,INTERMEDIATE,6.0,False,AlphaTauri,0 days 00:50:57.829000,,1,,False,,False,True
2021-16,FP3,0 days 00:54:32.956000,GAS,10,0 days 00:02:03.161000,10.0,3.0,,,0 days 00:00:46.333000,0 days 00:00:46.812000,0 days 00:00:30.016000,0 days 00:53:16.128000,0 days 00:54:02.940000,0 days 00:54:32.956000,237.0,244.0,238.0,264.0,False,INTERMEDIATE,7.0,False,AlphaTauri,0 days 00:52:29.795000,,1,,False,,False,True
2021-16,FP3,0 days 00:56:04.077000,GAS,10,0 days 00:01:31.121000,11.0,3.0,,,0 days 00:00:33.491000,0 days 00:00:32.015000,0 days 00:00:25.615000,0 days 00:55:06.447000,0 days 00:55:38.462000,0 days 00:56:04.077000,274.0,282.0,236.0,299.0,True,INTERMEDIATE,8.0,False,AlphaTauri,0 days 00:54:32.956000,,1,,False,,False,True
2021-16,FP3,0 days 00:58:12.075000,GAS,10,0 days 00:02:07.998000,12.0,3.0,,,0 days 00:00:46.869000,0 days 00:00:45.811000,0 days 00:00:35.318000,0 days 00:56:50.946000,0 days 00:57:36.757000,0 days 00:58:12.075000,240.0,233.0,238.0,251.0,False,INTERMEDIATE,9.0,False,AlphaTauri,0 days 00:56:04.077000,,12,,False,,False,True
2021-16,FP3,0 days 00:59:42.522000,GAS,10,0 days 00:01:30.447000,13.0,3.0,,,0 days 00:00:33.291000,0 days 00:00:31.576000,0 days 00:00:25.580000,0 days 00:58:45.366000,0 days 00:59:16.942000,0 days 00:59:42.522000,277.0,287.0,240.0,304.0,True,INTERMEDIATE,10.0,False,AlphaTauri,0 days 00:58:12.075000,,1,,False,,False,True
2021-16,FP3,0 days 01:01:42.415000,GAS,10,0 days 00:01:59.893000,14.0,3.0,,,0 days 00:00:47.887000,0 days 00:00:42.458000,,0 days 01:00:30.409000,0 days 01:01:12.867000,,239.0,252.0,240.0,256.0,False,INTERMEDIATE,11.0,False,AlphaTauri,0 days 00:59:42.522000,,1,,False,,False,False
2021-16,FP3,0 days 01:03:13.594000,GAS,10,0 days 00:01:31.179000,15.0,3.0,,,0 days 00:00:33.670000,0 days 00:00:31.898000,0 days 00:00:25.611000,0 days 01:02:16.085000,0 days 01:02:47.983000,0 days 01:03:13.594000,276.0,286.0,240.0,302.0,False,INTERMEDIATE,12.0,False,AlphaTauri,0 days 01:01:42.415000,,12,,False,,False,True
2021-16,FP3,0 days 01:05:05.019000,GAS,10,0 days 00:01:51.425000,16.0,3.0,,0 days 01:05:04.936000,0 days 00:00:43.535000,0 days 00:00:37.258000,0 days 00:00:30.632000,0 days 01:03:57.129000,0 days 01:04:34.387000,0 days 01:05:05.019000,250.0,272.0,,253.0,False,INTERMEDIATE,13.0,False,AlphaTauri,0 days 01:03:13.594000,,1,,False,,False,False
2021-16,FP3,0 days 01:15:49.045000,GAS,10,,17.0,4.0,0 days 01:14:03.366000,,,0 days 00:00:37.498000,0 days 00:00:28.794000,,0 days 01:15:20.276000,0 days 01:15:49.166000,175.0,279.0,228.0,277.0,False,INTERMEDIATE,14.0,False,AlphaTauri,0 days 01:05:05.019000,,1,,False,,False,False
2021-16,FP3,0 days 01:17:51.665000,GAS,10,0 days 00:02:02.620000,18.0,4.0,,,0 days 00:00:39.402000,0 days 00:00:38.647000,0 days 00:00:44.571000,0 days 01:16:28.447000,0 days 01:17:07.094000,0 days 01:17:51.665000,220.0,263.0,47.0,242.0,False,INTERMEDIATE,15.0,False,AlphaTauri,0 days 01:15:49.045000,,1,,False,,False,True
2021-16,FP3,0 days 01:20:01.670000,GAS,10,0 days 00:02:10.005000,19.0,4.0,,0 days 01:20:01.516000,0 days 00:01:03.484000,0 days 00:00:36.066000,0 days 00:00:30.455000,0 days 01:18:55.149000,0 days 01:19:31.215000,0 days 01:20:01.670000,251.0,274.0,,225.0,False,INTERMEDIATE,16.0,False,AlphaTauri,0 days 01:17:51.665000,,1,,False,,False,False
2021-16,FP3,0 days 00:45:10.042000,PER,11,,1.0,1.0,0 days 00:43:29.285000,,,0 days 00:00:36.599000,0 days 00:00:29.427000,,0 days 00:44:40.658000,0 days 00:45:10.167000,260.0,274.0,236.0,242.0,False,INTERMEDIATE,1.0,True,Red Bull Racing,0 days 00:43:29.285000,,1,,False,,False,False
2021-16,FP3,0 days 00:46:45.833000,PER,11,0 days 00:01:35.791000,2.0,1.0,,,0 days 00:00:35.882000,0 days 00:00:33.756000,0 days 00:00:26.153000,0 days 00:45:45.924000,0 days 00:46:19.680000,0 days 00:46:45.833000,264.0,280.0,235.0,291.0,True,INTERMEDIATE,2.0,True,Red Bull Racing,0 days 00:45:10.042000,,1,,False,,False,True
2021-16,FP3,0 days 00:48:19.709000,PER,11,0 days 00:01:33.876000,3.0,1.0,,,0 days 00:00:34.746000,0 days 00:00:33.170000,0 days 00:00:25.960000,0 days 00:47:20.579000,0 days 00:47:53.749000,0 days 00:48:19.709000,264.0,281.0,237.0,293.0,True,INTERMEDIATE,3.0,True,Red Bull Racing,0 days 00:46:45.833000,,12,,False,,False,True
2021-16,FP3,0 days 00:50:20.119000,PER,11,0 days 00:02:00.410000,4.0,1.0,,,0 days 00:00:44.284000,0 days 00:00:45.250000,0 days 00:00:30.876000,0 days 00:49:03.993000,0 days 00:49:49.243000,0 days 00:50:20.119000,143.0,232.0,238.0,169.0,False,INTERMEDIATE,4.0,True,Red Bull Racing,0 days 00:48:19.709000,,1,,False,,False,True
2021-16,FP3,0 days 00:51:52.768000,PER,11,0 days 00:01:32.649000,5.0,1.0,,,0 days 00:00:34.126000,0 days 00:00:33.011000,0 days 00:00:25.512000,0 days 00:50:54.245000,0 days 00:51:27.256000,0 days 00:51:52.768000,273.0,281.0,238.0,300.0,True,INTERMEDIATE,5.0,True,Red Bull Racing,0 days 00:50:20.119000,,12,,False,,False,True
2021-16,FP3,0 days 00:53:24.986000,PER,11,0 days 00:01:32.218000,6.0,1.0,,,0 days 00:00:33.837000,0 days 00:00:32.683000,0 days 00:00:25.698000,0 days 00:52:26.605000,0 days 00:52:59.288000,0 days 00:53:24.986000,276.0,283.0,239.0,293.0,True,INTERMEDIATE,6.0,True,Red Bull Racing,0 days 00:51:52.768000,,1,,False,,False,True
2021-16,FP3,0 days 00:55:36.876000,PER,11,0 days 00:02:11.890000,7.0,1.0,,,0 days 00:00:42.657000,0 days 00:00:47.268000,0 days 00:00:41.965000,0 days 00:54:07.643000,0 days 00:54:54.911000,0 days 00:55:36.876000,181.0,169.0,240.0,159.0,False,INTERMEDIATE,7.0,True,Red Bull Racing,0 days 00:53:24.986000,,1,,False,,False,True
2021-16,FP3,0 days 00:57:18.305000,PER,11,0 days 00:01:41.429000,8.0,1.0,,,0 days 00:00:33.516000,0 days 00:00:34.905000,0 days 00:00:33.008000,0 days 00:56:10.392000,0 days 00:56:45.297000,0 days 00:57:18.305000,273.0,250.0,243.0,223.0,False,INTERMEDIATE,8.0,True,Red Bull Racing,0 days 00:55:36.876000,,12,,False,,False,True
2021-16,FP3,0 days 00:58:48.989000,PER,11,0 days 00:01:30.684000,9.0,1.0,,,0 days 00:00:33.313000,0 days 00:00:31.807000,0 days 00:00:25.564000,0 days 00:57:51.618000,0 days 00:58:23.425000,0 days 00:58:48.989000,278.0,289.0,240.0,306.0,True,INTERMEDIATE,9.0,True,Red Bull Racing,0 days 00:57:18.305000,,1,,False,,False,True
2021-16,FP3,0 days 01:00:36.129000,PER,11,0 days 00:01:47.140000,10.0,1.0,,0 days 01:00:36.185000,0 days 00:00:39.603000,0 days 00:00:39.348000,0 days 00:00:28.189000,0 days 00:59:28.592000,0 days 01:00:07.940000,0 days 01:00:36.129000,239.0,252.0,,249.0,False,INTERMEDIATE,10.0,True,Red Bull Racing,0 days 00:58:48.989000,,1,,False,,False,False
2021-16,FP3,0 days 01:15:51.723000,PER,11,,11.0,2.0,0 days 01:14:05.263000,,,0 days 00:00:36.340000,0 days 00:00:30.800000,,0 days 01:15:20.923000,0 days 01:15:53.904000,211.0,270.0,222.0,240.0,False,INTERMEDIATE,11.0,False,Red Bull Racing,0 days 01:00:36.129000,,12,,False,,False,False
2021-16,FP3,0 days 01:17:44.716000,PER,11,0 days 00:01:52.993000,12.0,2.0,,,0 days 00:00:36.710000,0 days 00:00:35.895000,0 days 00:00:40.388000,0 days 01:16:28.433000,0 days 01:17:04.328000,0 days 01:17:44.716000,250.0,264.0,75.0,215.0,False,INTERMEDIATE,12.0,False,Red Bull Racing,0 days 01:15:51.723000,,1,,False,,False,True
2021-16,FP3,0 days 01:19:51.987000,PER,11,0 days 00:02:07.271000,13.0,2.0,,0 days 01:19:52.015000,0 days 00:01:04.769000,0 days 00:00:34.808000,0 days 00:00:27.694000,0 days 01:18:49.485000,0 days 01:19:24.293000,0 days 01:19:51.987000,251.0,263.0,,278.0,False,INTERMEDIATE,13.0,False,Red Bull Racing,0 days 01:17:44.716000,,1,,False,,False,False
2021-16,FP3,0 days 00:37:44.177000,ALO,14,,1.0,1.0,0 days 00:35:55.415000,,,0 days 00:00:41.522000,0 days 00:00:33.921000,,0 days 00:37:10.256000,0 days 00:37:44.263000,242.0,252.0,236.0,245.0,False,INTERMEDIATE,1.0,True,Alpine,0 days 00:35:55.415000,,12,,False,,False,False
2021-16,FP3,0 days 00:42:31.520000,ALO,14,,2.0,1.0,,0 days 00:39:55.872000,,,,,,,,,,,False,INTERMEDIATE,2.0,True,Alpine,0 days 00:37:44.177000,,251,,False,,False,False
2021-16,FP3,0 days 00:44:30.668000,ALO,14,,3.0,2.0,0 days 00:42:31.520000,,,0 days 00:00:36.339000,0 days 00:00:48.394000,,0 days 00:43:42.303000,0 days 00:44:32.474000,258.0,245.0,235.0,221.0,False,INTERMEDIATE,3.0,False,Alpine,0 days 00:42:31.520000,,1,,False,,False,False
2021-16,FP3,0 days 00:46:05.350000,ALO,14,0 days 00:01:34.682000,4.0,2.0,,,0 days 00:00:35.214000,0 days 00:00:33.184000,0 days 00:00:26.284000,0 days 00:45:05.882000,0 days 00:45:39.066000,0 days 00:46:05.350000,274.0,282.0,239.0,294.0,True,INTERMEDIATE,4.0,False,Alpine,0 days 00:44:30.668000,,1,,False,,False,True
2021-16,FP3,0 days 00:47:38.652000,ALO,14,0 days 00:01:33.302000,5.0,2.0,,,0 days 00:00:34.354000,0 days 00:00:32.900000,0 days 00:00:26.048000,0 days 00:46:39.704000,0 days 00:47:12.604000,0 days 00:47:38.652000,268.0,280.0,237.0,300.0,True,INTERMEDIATE,5.0,False,Alpine,0 days 00:46:05.350000,,12,,False,,False,True
2021-16,FP3,0 days 00:49:41.371000,ALO,14,0 days 00:02:02.719000,6.0,2.0,,0 days 00:49:40.779000,0 days 00:00:46.412000,0 days 00:00:43.343000,0 days 00:00:32.964000,0 days 00:48:25.064000,0 days 00:49:08.407000,0 days 00:49:41.371000,220.0,250.0,,223.0,False,INTERMEDIATE,6.0,False,Alpine,0 days 00:47:38.652000,,1,,False,,False,False
2021-16,FP3,0 days 00:54:39.884000,ALO,14,,7.0,3.0,0 days 00:52:58.172000,,,0 days 00:00:36.817000,0 days 00:00:32.254000,,0 days 00:54:07.667000,0 days 00:54:41.421000,262.0,256.0,239.0,235.0,False,INTERMEDIATE,7.0,False,Alpine,0 days 00:49:41.371000,,12,,False,,False,False
2021-16,FP3,0 days 00:56:11.959000,ALO,14,0 days 00:01:32.075000,8.0,3.0,,,0 days 00:00:33.597000,0 days 00:00:32.328000,0 days 00:00:26.150000,0 days 00:55:13.481000,0 days 00:55:45.809000,0 days 00:56:11.959000,271.0,283.0,233.0,300.0,True,INTERMEDIATE,8.0,False,Alpine,0 days 00:54:39.884000,,1,,False,,False,True
2021-16,FP3,0 days 00:58:22.172000,ALO,14,0 days 00:02:10.213000,9.0,3.0,,,0 days 00:00:47.771000,0 days 00:00:49.049000,0 days 00:00:33.393000,0 days 00:56:59.730000,0 days 00:57:48.779000,0 days 00:58:22.172000,195.0,178.0,238.0,229.0,False,INTERMEDIATE,9.0,False,Alpine,0 days 00:56:11.959000,,12,,False,,False,True
2021-16,FP3,0 days 00:59:53.717000,ALO,14,0 days 00:01:31.545000,10.0,3.0,,,0 days 00:00:33.454000,0 days 00:00:32.194000,0 days 00:00:25.897000,0 days 00:58:55.626000,0 days 00:59:27.820000,0 days 00:59:53.717000,272.0,282.0,235.0,300.0,True,INTERMEDIATE,10.0,False,Alpine,0 days 00:58:22.172000,,1,,False,,False,True
2021-16,FP3,0 days 01:01:55.247000,ALO,14,0 days 00:02:01.530000,11.0,3.0,,,0 days 00:00:42.610000,0 days 00:00:38.004000,0 days 00:00:40.916000,0 days 01:00:36.327000,0 days 01:01:14.331000,0 days 01:01:55.247000,231.0,262.0,238.0,111.0,False,INTERMEDIATE,11.0,False,Alpine,0 days 00:59:53.717000,,1,,False,,False,True
2021-16,FP3,0 days 01:04:11.267000,ALO,14,0 days 00:02:16.020000,12.0,3.0,,0 days 01:04:10.674000,0 days 00:00:56.966000,0 days 00:00:46.109000,0 days 00:00:32.945000,0 days 01:02:52.213000,0 days 01:03:38.322000,0 days 01:04:11.267000,229.0,221.0,,177.0,False,INTERMEDIATE,12.0,False,Alpine,0 days 01:01:55.247000,,12,,False,,False,False
2021-16,FP3,0 days 01:15:06.006000,ALO,14,,13.0,4.0,0 days 01:13:13.482000,,,0 days 00:00:36.855000,0 days 00:00:40.385000,,0 days 01:14:25.735000,0 days 01:15:06.113000,210.0,260.0,224.0,150.0,False,INTERMEDIATE,13.0,False,Alpine,0 days 01:04:11.267000,,1,,False,,False,False
2021-16,FP3,0 days 01:17:06.870000,ALO,14,0 days 00:02:00.864000,14.0,4.0,,,0 days 00:00:39.338000,0 days 00:00:36.477000,0 days 00:00:45.049000,0 days 01:15:45.344000,0 days 01:16:21.821000,0 days 01:17:06.870000,200.0,260.0,83.0,107.0,False,INTERMEDIATE,14.0,False,Alpine,0 days 01:15:06.006000,,1,,False,,False,True
2021-16,FP3,0 days 01:19:21.261000,ALO,14,0 days 00:02:14.391000,15.0,4.0,,0 days 01:19:21.161000,0 days 00:01:11.271000,0 days 00:00:33.795000,0 days 00:00:29.325000,0 days 01:18:18.141000,0 days 01:18:51.936000,0 days 01:19:21.261000,257.0,259.0,,214.0,False,INTERMEDIATE,15.0,False,Alpine,0 days 01:17:06.870000,,1,,False,,False,False
2021-16,FP3,0 days 00:28:47.970000,LEC,16,,1.0,1.0,0 days 00:26:53.486000,,,0 days 00:00:40.454000,0 days 00:00:38.173000,,0 days 00:28:09.847000,0 days 00:28:48.099000,241.0,191.0,234.0,165.0,False,WET,1.0,True,Ferrari,0 days 00:26:53.486000,,1,,False,,False,False
2021-16,FP3,0 days 00:30:26.855000,LEC,16,0 days 00:01:38.885000,2.0,1.0,,,0 days 00:00:36.711000,0 days 00:00:34.944000,0 days 00:00:27.230000,0 days 00:29:24.681000,0 days 00:29:59.625000,0 days 00:30:26.855000,267.0,275.0,233.0,289.0,True,WET,2.0,True,Ferrari,0 days 00:28:47.970000,,1,,False,,False,True
2021-16,FP3,0 days 00:32:05.073000,LEC,16,0 days 00:01:38.218000,3.0,1.0,,,0 days 00:00:36.455000,0 days 00:00:34.502000,0 days 00:00:27.261000,0 days 00:31:03.310000,0 days 00:31:37.812000,0 days 00:32:05.073000,268.0,277.0,233.0,293.0,True,WET,3.0,True,Ferrari,0 days 00:30:26.855000,,1,,False,,False,True
2021-16,FP3,0 days 00:34:06.177000,LEC,16,0 days 00:02:01.104000,4.0,1.0,,0 days 00:34:05.586000,0 days 00:00:47.918000,0 days 00:00:42.714000,0 days 00:00:30.472000,0 days 00:32:52.991000,0 days 00:33:35.705000,0 days 00:34:06.177000,227.0,248.0,,255.0,False,WET,4.0,True,Ferrari,0 days 00:32:05.073000,,1,,False,,False,False
2021-16,FP3,0 days 00:36:08.729000,LEC,16,0 days 00:02:02.552000,5.0,2.0,0 days 00:34:30.082000,,0 days 00:00:57.764000,0 days 00:00:35.223000,0 days 00:00:29.565000,0 days 00:35:03.941000,0 days 00:35:39.164000,0 days 00:36:08.729000,251.0,272.0,240.0,247.0,False,INTERMEDIATE,1.0,True,Ferrari,0 days 00:34:06.177000,,12,,False,,False,False
2021-16,FP3,0 days 00:50:16.562000,LEC,16,,6.0,2.0,,0 days 00:40:04.243000,0 days 00:00:39.380000,0 days 00:00:36.523000,,0 days 00:36:48.151000,0 days 00:37:24.653000,,252.0,260.0,,263.0,False,INTERMEDIATE,2.0,True,Ferrari,0 days 00:36:08.729000,,125,,False,,False,False
2021-16,FP3,0 days 00:51:58.868000,LEC,16,,7.0,3.0,0 days 00:50:16.562000,,,0 days 00:00:35.450000,0 days 00:00:27.065000,,0 days 00:51:31.810000,0 days 00:51:58.930000,246.0,276.0,241.0,280.0,False,INTERMEDIATE,3.0,False,Ferrari,0 days 00:50:16.562000,,12,,False,,False,False
2021-16,FP3,0 days 00:53:30.411000,LEC,16,0 days 00:01:31.543000,8.0,3.0,,,0 days 00:00:33.795000,0 days 00:00:32.255000,0 days 00:00:25.493000,0 days 00:52:32.663000,0 days 00:53:04.918000,0 days 00:53:30.411000,270.0,284.0,238.0,299.0,True,INTERMEDIATE,4.0,False,Ferrari,0 days 00:51:58.868000,,1,,False,,False,True
2021-16,FP3,0 days 00:55:22.077000,LEC,16,0 days 00:01:51.666000,9.0,3.0,,,0 days 00:00:40.454000,0 days 00:00:40.159000,0 days 00:00:31.053000,0 days 00:54:10.865000,0 days 00:54:51.024000,0 days 00:55:22.077000,251.0,186.0,241.0,160.0,False,INTERMEDIATE,5.0,False,Ferrari,0 days 00:53:30.411000,,1,,False,,False,True
2021-16,FP3,0 days 00:57:14.396000,LEC,16,0 days 00:01:52.319000,10.0,3.0,,,0 days 00:00:33.615000,0 days 00:00:47.898000,0 days 00:00:30.806000,0 days 00:55:55.692000,0 days 00:56:43.590000,0 days 00:57:14.396000,275.0,229.0,240.0,217.0,False,INTERMEDIATE,6.0,False,Ferrari,0 days 00:55:22.077000,,12,,False,,False,True
2021-16,FP3,0 days 00:58:52.883000,LEC,16,0 days 00:01:38.487000,11.0,3.0,,0 days 00:58:52.866000,0 days 00:00:33.855000,0 days 00:00:32.886000,0 days 00:00:31.746000,0 days 00:57:48.251000,0 days 00:58:21.137000,0 days 00:58:52.883000,275.0,264.0,,166.0,False,INTERMEDIATE,7.0,False,Ferrari,0 days 00:57:14.396000,,1,,False,,False,False
2021-16,FP3,0 days 01:07:29.748000,LEC,16,,12.0,4.0,0 days 01:05:42.539000,,,0 days 00:00:41.842000,0 days 00:00:28.920000,,0 days 01:07:00.831000,0 days 01:07:29.837000,238.0,271.0,241.0,275.0,False,INTERMEDIATE,8.0,False,Ferrari,0 days 00:58:52.883000,,12,,False,,False,False
2021-16,FP3,0 days 01:09:01.868000,LEC,16,0 days 00:01:32.120000,13.0,4.0,,,0 days 00:00:33.989000,0 days 00:00:32.179000,0 days 00:00:25.952000,0 days 01:08:03.737000,0 days 01:08:35.916000,0 days 01:09:01.868000,278.0,285.0,235.0,300.0,False,INTERMEDIATE,9.0,False,Ferrari,0 days 01:07:29.748000,,1,,False,,False,True
2021-16,FP3,0 days 01:10:48.296000,LEC,16,0 days 00:01:46.428000,14.0,4.0,,0 days 01:10:47.699000,0 days 00:00:39.740000,0 days 00:00:37.383000,0 days 00:00:29.305000,0 days 01:09:41.608000,0 days 01:10:18.991000,0 days 01:10:48.296000,248.0,257.0,,261.0,False,INTERMEDIATE,10.0,False,Ferrari,0 days 01:09:01.868000,,1,,False,,False,False
2021-16,FP3,0 days 01:14:48.619000,LEC,16,,15.0,5.0,0 days 01:13:08.726000,,,0 days 00:00:34.911000,0 days 00:00:27.588000,,0 days 01:14:21.035000,0 days 01:14:48.728000,253.0,277.0,240.0,273.0,False,INTERMEDIATE,11.0,False,Ferrari,0 days 01:10:48.296000,,1,,False,,False,False
2021-16,FP3,0 days 01:16:20.546000,LEC,16,0 days 00:01:31.927000,16.0,5.0,,,0 days 00:00:34.326000,0 days 00:00:32.175000,0 days 00:00:25.426000,0 days 01:15:22.945000,0 days 01:15:55.120000,0 days 01:16:20.546000,275.0,286.0,239.0,303.0,False,INTERMEDIATE,12.0,False,Ferrari,0 days 01:14:48.619000,,1,,False,,False,True
2021-16,FP3,0 days 01:18:14.895000,LEC,16,0 days 00:01:54.349000,17.0,5.0,,,0 days 00:00:36.632000,0 days 00:00:38.340000,0 days 00:00:39.377000,0 days 01:16:57.178000,0 days 01:17:35.518000,0 days 01:18:14.895000,230.0,244.0,74.0,180.0,False,INTERMEDIATE,13.0,False,Ferrari,0 days 01:16:20.546000,,1,,False,,False,True
2021-16,FP3,0 days 01:21:00.350000,LEC,16,,18.0,5.0,,0 days 01:20:59.726000,0 days 00:01:36.445000,0 days 00:00:38.120000,0 days 00:00:30.870000,0 days 01:19:51.360000,0 days 01:20:31.256000,0 days 01:21:01.281000,201.0,263.0,,279.0,False,INTERMEDIATE,14.0,False,Ferrari,0 days 01:18:14.895000,,1,,False,,False,False
2021-16,FP3,0 days 00:28:50.115000,STR,18,,1.0,1.0,0 days 00:27:04.172000,0 days 00:28:49.504000,,0 days 00:00:38.101000,0 days 00:00:31.391000,,0 days 00:28:18.724000,0 days 00:28:50.181000,241.0,270.0,,240.0,False,WET,1.0,True,Aston Martin,0 days 00:27:04.172000,,1,,False,,False,False
2021-16,FP3,0 days 00:48:40.286000,STR,18,,2.0,2.0,0 days 00:46:54.349000,,,0 days 00:00:35.458000,0 days 00:00:35.911000,,0 days 00:48:04.387000,0 days 00:48:40.391000,259.0,268.0,239.0,181.0,False,INTERMEDIATE,1.0,True,Aston Martin,0 days 00:46:54.349000,,12,,False,,False,False
2021-16,FP3,0 days 00:50:14.997000,STR,18,0 days 00:01:34.711000,3.0,2.0,,,0 days 00:00:34.893000,0 days 00:00:33.298000,0 days 00:00:26.520000,0 days 00:49:15.179000,0 days 00:49:48.477000,0 days 00:50:14.997000,272.0,280.0,234.0,300.0,True,INTERMEDIATE,2.0,True,Aston Martin,0 days 00:48:40.286000,,1,,False,,False,True
2021-16,FP3,0 days 00:52:21.397000,STR,18,0 days 00:02:06.400000,4.0,2.0,,,0 days 00:00:51.731000,0 days 00:00:47.218000,0 days 00:00:27.451000,0 days 00:51:06.728000,0 days 00:51:53.946000,0 days 00:52:21.397000,142.0,266.0,236.0,274.0,False,INTERMEDIATE,3.0,True,Aston Martin,0 days 00:50:14.997000,,12,,False,,False,True
2021-16,FP3,0 days 00:53:54.745000,STR,18,0 days 00:01:33.348000,5.0,2.0,,,0 days 00:00:34.419000,0 days 00:00:32.778000,0 days 00:00:26.151000,0 days 00:52:55.816000,0 days 00:53:28.594000,0 days 00:53:54.745000,273.0,282.0,239.0,301.0,True,INTERMEDIATE,4.0,True,Aston Martin,0 days 00:52:21.397000,,1,,False,,False,True
2021-16,FP3,0 days 00:55:49.172000,STR,18,0 days 00:01:54.427000,6.0,2.0,,,0 days 00:00:45.142000,0 days 00:00:42.213000,0 days 00:00:27.072000,0 days 00:54:39.887000,0 days 00:55:22.100000,0 days 00:55:49.172000,204.0,268.0,238.0,253.0,False,INTERMEDIATE,5.0,True,Aston Martin,0 days 00:53:54.745000,,1,,False,,False,True
2021-16,FP3,0 days 00:57:24.041000,STR,18,0 days 00:01:34.869000,7.0,2.0,,,0 days 00:00:34.162000,0 days 00:00:32.536000,0 days 00:00:28.171000,0 days 00:56:23.334000,0 days 00:56:55.870000,0 days 00:57:24.041000,272.0,282.0,201.0,303.0,False,INTERMEDIATE,6.0,True,Aston Martin,0 days 00:55:49.172000,,12,,True,TRACK LIMITS AT TURN 14,False,True
2021-16,FP3,0 days 00:59:09.098000,STR,18,0 days 00:01:45.057000,8.0,2.0,,0 days 00:59:09.075000,0 days 00:00:39.505000,0 days 00:00:36.721000,0 days 00:00:28.831000,0 days 00:58:03.546000,0 days 00:58:40.267000,0 days 00:59:09.098000,216.0,270.0,,274.0,False,INTERMEDIATE,7.0,True,Aston Martin,0 days 00:57:24.041000,,1,,False,,False,False
2021-16,FP3,0 days 01:16:07.225000,STR,18,,9.0,3.0,0 days 01:14:30.333000,,,0 days 00:00:35.387000,0 days 00:00:27.081000,,0 days 01:15:40.271000,0 days 01:16:10.909000,256.0,267.0,226.0,265.0,False,INTERMEDIATE,8.0,False,Aston Martin,0 days 00:59:09.098000,,12,,False,,False,False
2021-16,FP3,0 days 01:18:01.189000,STR,18,0 days 00:01:53.964000,10.0,3.0,,,0 days 00:00:36.452000,0 days 00:00:34.563000,0 days 00:00:42.949000,0 days 01:16:43.677000,0 days 01:17:18.240000,0 days 01:18:01.189000,260.0,271.0,56.0,255.0,False,INTERMEDIATE,9.0,False,Aston Martin,0 days 01:16:07.225000,,1,,False,,False,True
2021-16,FP3,0 days 01:20:14.203000,STR,18,0 days 00:02:13.014000,11.0,3.0,,0 days 01:20:13.475000,0 days 00:01:08.050000,0 days 00:00:35.660000,0 days 00:00:29.304000,0 days 01:19:09.239000,0 days 01:19:44.899000,0 days 01:20:14.203000,255.0,266.0,,251.0,False,INTERMEDIATE,10.0,False,Aston Martin,0 days 01:18:01.189000,,1,,False,,False,False
2021-16,FP3,0 days 00:24:35.016000,TSU,22,,1.0,1.0,0 days 00:22:47.204000,,,0 days 00:00:39.133000,0 days 00:00:30.287000,,0 days 00:24:04.776000,0 days 00:24:36.300000,233.0,255.0,229.0,223.0,False,WET,1.0,True,AlphaTauri,0 days 00:22:47.204000,,1,,False,,False,False
2021-16,FP3,0 days 00:26:16.888000,TSU,22,0 days 00:01:41.872000,2.0,1.0,,,0 days 00:00:38.195000,0 days 00:00:35.656000,0 days 00:00:28.021000,0 days 00:25:13.211000,0 days 00:25:48.867000,0 days 00:26:16.888000,263.0,273.0,230.0,281.0,True,WET,2.0,True,AlphaTauri,0 days 00:24:35.016000,,1,,False,,False,True
2021-16,FP3,0 days 00:28:29.843000,TSU,22,0 days 00:02:12.955000,3.0,1.0,,,0 days 00:00:53.743000,0 days 00:00:47.743000,0 days 00:00:31.469000,0 days 00:27:10.631000,0 days 00:27:58.374000,0 days 00:28:29.843000,151.0,253.0,233.0,232.0,False,WET,3.0,True,AlphaTauri,0 days 00:26:16.888000,,1,,False,,False,True
2021-16,FP3,0 days 00:30:09.762000,TSU,22,0 days 00:01:39.919000,4.0,1.0,,,0 days 00:00:37.178000,0 days 00:00:34.963000,0 days 00:00:27.778000,0 days 00:29:07.021000,0 days 00:29:41.984000,0 days 00:30:09.762000,267.0,278.0,231.0,290.0,True,WET,4.0,True,AlphaTauri,0 days 00:28:29.843000,,1,,False,,False,True
2021-16,FP3,0 days 00:32:17.117000,TSU,22,0 days 00:02:07.355000,5.0,1.0,,0 days 00:32:16.555000,0 days 00:00:47.804000,0 days 00:00:48.780000,0 days 00:00:30.771000,0 days 00:30:57.566000,0 days 00:31:46.346000,0 days 00:32:17.117000,213.0,249.0,,228.0,False,WET,5.0,True,AlphaTauri,0 days 00:30:09.762000,,1,,False,,False,False
2021-16,FP3,0 days 00:42:53.249000,TSU,22,,6.0,2.0,0 days 00:36:05.328000,0 days 00:40:10.145000,,0 days 00:00:48.304000,,,0 days 00:37:29.287000,,253.0,259.0,,235.0,False,INTERMEDIATE,1.0,True,AlphaTauri,0 days 00:32:17.117000,,125,,False,,False,False
2021-16,FP3,0 days 00:44:32.976000,TSU,22,,7.0,3.0,0 days 00:42:53.249000,,,0 days 00:00:36.103000,0 days 00:00:29.387000,,0 days 00:44:03.611000,0 days 00:44:33.132000,268.0,260.0,214.0,246.0,False,INTERMEDIATE,2.0,False,AlphaTauri,0 days 00:42:53.249000,,1,,False,,False,False
2021-16,FP3,0 days 00:46:19.011000,TSU,22,0 days 00:01:46.035000,8.0,3.0,,,0 days 00:00:39.568000,0 days 00:00:38.331000,0 days 00:00:28.136000,0 days 00:45:12.544000,0 days 00:45:50.875000,0 days 00:46:19.011000,263.0,260.0,236.0,263.0,False,INTERMEDIATE,3.0,False,AlphaTauri,0 days 00:44:32.976000,,1,,False,,False,True
2021-16,FP3,0 days 00:47:54.246000,TSU,22,0 days 00:01:35.235000,9.0,3.0,,,0 days 00:00:35.502000,0 days 00:00:33.573000,0 days 00:00:26.160000,0 days 00:46:54.513000,0 days 00:47:28.086000,0 days 00:47:54.246000,273.0,280.0,235.0,297.0,True,INTERMEDIATE,4.0,False,AlphaTauri,0 days 00:46:19.011000,,12,,False,,False,True
2021-16,FP3,0 days 00:50:04.027000,TSU,22,0 days 00:02:09.781000,10.0,3.0,,,0 days 00:00:49.353000,0 days 00:00:49.206000,0 days 00:00:31.222000,0 days 00:48:43.599000,0 days 00:49:32.805000,0 days 00:50:04.027000,228.0,233.0,234.0,225.0,False,INTERMEDIATE,5.0,False,AlphaTauri,0 days 00:47:54.246000,,1,,False,,False,True
2021-16,FP3,0 days 00:51:37.571000,TSU,22,0 days 00:01:33.544000,11.0,3.0,,,0 days 00:00:34.791000,0 days 00:00:32.914000,0 days 00:00:25.839000,0 days 00:50:38.818000,0 days 00:51:11.732000,0 days 00:51:37.571000,273.0,283.0,239.0,300.0,True,INTERMEDIATE,6.0,False,AlphaTauri,0 days 00:50:04.027000,,12,,False,,False,True
2021-16,FP3,0 days 00:53:49.090000,TSU,22,0 days 00:02:11.519000,12.0,3.0,,,0 days 00:00:46.717000,0 days 00:00:51.197000,0 days 00:00:33.605000,0 days 00:52:24.288000,0 days 00:53:15.485000,0 days 00:53:49.090000,213.0,103.0,237.0,223.0,False,INTERMEDIATE,7.0,False,AlphaTauri,0 days 00:51:37.571000,,1,,False,,False,True
2021-16,FP3,0 days 00:55:33.972000,TSU,22,0 days 00:01:44.882000,13.0,3.0,,,0 days 00:00:34.291000,0 days 00:00:32.292000,0 days 00:00:38.299000,0 days 00:54:23.381000,0 days 00:54:55.673000,0 days 00:55:33.972000,274.0,287.0,165.0,130.0,False,INTERMEDIATE,8.0,False,AlphaTauri,0 days 00:53:49.090000,,1,,False,,False,True
2021-16,FP3,0 days 00:57:38.050000,TSU,22,0 days 00:02:04.078000,14.0,3.0,,,0 days 00:00:50.131000,0 days 00:00:44.885000,0 days 00:00:29.062000,0 days 00:56:24.103000,0 days 00:57:08.988000,0 days 00:57:38.050000,201.0,253.0,238.0,232.0,False,INTERMEDIATE,9.0,False,AlphaTauri,0 days 00:55:33.972000,,12,,False,,False,True
2021-16,FP3,0 days 00:59:10.031000,TSU,22,0 days 00:01:31.981000,15.0,3.0,,,0 days 00:00:33.928000,0 days 00:00:32.323000,0 days 00:00:25.730000,0 days 00:58:11.978000,0 days 00:58:44.301000,0 days 00:59:10.031000,274.0,288.0,237.0,301.0,True,INTERMEDIATE,10.0,False,AlphaTauri,0 days 00:57:38.050000,,1,,False,,False,True
2021-16,FP3,0 days 01:01:21.206000,TSU,22,0 days 00:02:11.175000,16.0,3.0,,,0 days 00:00:48.278000,0 days 00:00:48.902000,0 days 00:00:33.995000,0 days 00:59:58.309000,0 days 01:00:47.211000,0 days 01:01:21.206000,169.0,204.0,238.0,129.0,False,INTERMEDIATE,11.0,False,AlphaTauri,0 days 00:59:10.031000,,1,,False,,False,True
2021-16,FP3,0 days 01:02:53.463000,TSU,22,0 days 00:01:32.257000,17.0,3.0,,,0 days 00:00:34.070000,0 days 00:00:32.457000,0 days 00:00:25.730000,0 days 01:01:55.276000,0 days 01:02:27.733000,0 days 01:02:53.463000,274.0,283.0,236.0,300.0,False,INTERMEDIATE,12.0,False,AlphaTauri,0 days 01:01:21.206000,,12,,False,,False,True
2021-16,FP3,0 days 01:04:48.065000,TSU,22,0 days 00:01:54.602000,18.0,3.0,,0 days 01:04:47.521000,0 days 00:00:42.698000,0 days 00:00:41.634000,0 days 00:00:30.270000,0 days 01:03:36.161000,0 days 01:04:17.795000,0 days 01:04:48.065000,214.0,254.0,,217.0,False,INTERMEDIATE,13.0,False,AlphaTauri,0 days 01:02:53.463000,,1,,False,,False,False
2021-16,FP3,0 days 01:15:59.144000,TSU,22,,19.0,4.0,0 days 01:14:17.574000,,,0 days 00:00:36.641000,0 days 00:00:28.475000,,0 days 01:15:30.691000,0 days 01:15:59.246000,245.0,263.0,221.0,209.0,False,INTERMEDIATE,14.0,False,AlphaTauri,0 days 01:04:48.065000,,1,,False,,False,False
2021-16,FP3,0 days 01:17:57.293000,TSU,22,0 days 00:01:58.149000,20.0,4.0,,,0 days 00:00:37.520000,0 days 00:00:35.756000,0 days 00:00:44.873000,0 days 01:16:36.664000,0 days 01:17:12.420000,0 days 01:17:57.293000,253.0,264.0,54.0,119.0,False,INTERMEDIATE,15.0,False,AlphaTauri,0 days 01:15:59.144000,,1,,False,,False,True
2021-16,FP3,0 days 01:20:36.785000,TSU,22,,21.0,4.0,,0 days 01:20:36.255000,0 days 00:01:09.266000,0 days 00:00:49.728000,0 days 00:00:40.449000,0 days 01:19:06.637000,0 days 01:19:56.336000,0 days 01:20:39.299000,204.0,195.0,,126.0,False,INTERMEDIATE,16.0,False,AlphaTauri,0 days 01:17:57.293000,,1,,False,,False,False
2021-16,FP3,0 days 00:26:57.009000,RIC,3,,1.0,1.0,0 days 00:25:16.106000,,,0 days 00:00:36.651000,0 days 00:00:29.059000,,0 days 00:26:27.958000,0 days 00:26:57.153000,259.0,271.0,235.0,214.0,False,WET,1.0,True,McLaren,0 days 00:25:16.106000,,1,,False,,False,False
2021-16,FP3,0 days 00:28:36.356000,RIC,3,0 days 00:01:39.347000,2.0,1.0,,,0 days 00:00:37.264000,0 days 00:00:34.648000,0 days 00:00:27.435000,0 days 00:27:34.273000,0 days 00:28:08.921000,0 days 00:28:36.356000,266.0,276.0,235.0,268.0,True,WET,2.0,True,McLaren,0 days 00:26:57.009000,,1,,False,,False,True
2021-16,FP3,0 days 00:30:37.594000,RIC,3,0 days 00:02:01.238000,3.0,1.0,,0 days 00:30:37.054000,0 days 00:00:49.418000,0 days 00:00:40.276000,0 days 00:00:31.544000,0 days 00:29:25.774000,0 days 00:30:06.050000,0 days 00:30:37.594000,136.0,260.0,,272.0,False,WET,3.0,True,McLaren,0 days 00:28:36.356000,,1,,False,,False,False
2021-16,FP3,0 days 00:33:02.234000,RIC,3,0 days 00:02:24.640000,4.0,2.0,0 days 00:31:02.196000,0 days 00:33:02.057000,0 days 00:01:01.945000,0 days 00:00:50.577000,0 days 00:00:32.118000,0 days 00:31:39.539000,0 days 00:32:30.116000,0 days 00:33:02.234000,254.0,257.0,,255.0,False,WET,4.0,False,McLaren,0 days 00:30:37.594000,,1,,False,,False,False
2021-16,FP3,0 days 00:35:14.936000,RIC,3,0 days 00:02:12.702000,5.0,3.0,0 days 00:33:27.404000,,0 days 00:00:58.782000,0 days 00:00:44.351000,0 days 00:00:29.569000,0 days 00:34:01.016000,0 days 00:34:45.367000,0 days 00:35:14.936000,261.0,266.0,230.0,278.0,False,INTERMEDIATE,1.0,True,McLaren,0 days 00:33:02.234000,,1,,False,,False,False
2021-16,FP3,0 days 00:36:51.359000,RIC,3,0 days 00:01:36.423000,6.0,3.0,,,0 days 00:00:35.797000,0 days 00:00:33.692000,0 days 00:00:26.934000,0 days 00:35:50.733000,0 days 00:36:24.425000,0 days 00:36:51.359000,271.0,279.0,238.0,298.0,True,INTERMEDIATE,2.0,True,McLaren,0 days 00:35:14.936000,,12,,False,,False,True
2021-16,FP3,0 days 00:46:35.856000,RIC,3,,7.0,3.0,,0 days 00:38:58.220000,0 days 00:00:45.767000,,,0 days 00:37:37.131000,,,254.0,,,,False,INTERMEDIATE,3.0,True,McLaren,0 days 00:36:51.359000,,125,,False,,False,False
2021-16,FP3,0 days 00:48:23.587000,RIC,3,,8.0,4.0,0 days 00:46:35.856000,,,0 days 00:00:37.015000,0 days 00:00:34.967000,,0 days 00:47:48.626000,0 days 00:48:23.707000,261.0,263.0,232.0,260.0,False,INTERMEDIATE,4.0,False,McLaren,0 days 00:46:35.856000,,12,,False,,False,False
2021-16,FP3,0 days 00:49:57.216000,RIC,3,0 days 00:01:33.629000,9.0,4.0,,,0 days 00:00:34.808000,0 days 00:00:32.818000,0 days 00:00:26.003000,0 days 00:48:58.395000,0 days 00:49:31.213000,0 days 00:49:57.216000,269.0,282.0,240.0,291.0,True,INTERMEDIATE,5.0,False,McLaren,0 days 00:48:23.587000,,1,,False,,False,True
2021-16,FP3,0 days 00:51:30.043000,RIC,3,0 days 00:01:32.827000,10.0,4.0,,,0 days 00:00:34.456000,0 days 00:00:32.586000,0 days 00:00:25.785000,0 days 00:50:31.672000,0 days 00:51:04.258000,0 days 00:51:30.043000,271.0,280.0,238.0,293.0,True,INTERMEDIATE,6.0,False,McLaren,0 days 00:49:57.216000,,12,,False,,False,True
2021-16,FP3,0 days 00:53:28.289000,RIC,3,0 days 00:01:58.246000,11.0,4.0,,,0 days 00:00:41.642000,0 days 00:00:45.011000,0 days 00:00:31.593000,0 days 00:52:11.685000,0 days 00:52:56.696000,0 days 00:53:28.289000,234.0,179.0,237.0,282.0,False,INTERMEDIATE,7.0,False,McLaren,0 days 00:51:30.043000,,1,,False,,False,True
2021-16,FP3,0 days 00:55:00.559000,RIC,3,0 days 00:01:32.270000,12.0,4.0,,,0 days 00:00:34.183000,0 days 00:00:32.246000,0 days 00:00:25.841000,0 days 00:54:02.472000,0 days 00:54:34.718000,0 days 00:55:00.559000,271.0,282.0,239.0,295.0,True,INTERMEDIATE,8.0,False,McLaren,0 days 00:53:28.289000,,1,,False,,False,True
2021-16,FP3,0 days 00:56:49.085000,RIC,3,0 days 00:01:48.526000,13.0,4.0,,0 days 00:56:48.542000,0 days 00:00:38.218000,0 days 00:00:40.966000,0 days 00:00:29.342000,0 days 00:55:38.777000,0 days 00:56:19.743000,0 days 00:56:49.085000,259.0,258.0,,273.0,False,INTERMEDIATE,9.0,False,McLaren,0 days 00:55:00.559000,,12,,False,,False,False
2021-16,FP3,0 days 01:11:55.800000,RIC,3,,14.0,5.0,0 days 01:10:14.620000,,,0 days 00:00:39.019000,0 days 00:00:28.028000,,0 days 01:11:28.351000,0 days 01:11:55.944000,259.0,242.0,240.0,280.0,False,INTERMEDIATE,10.0,False,McLaren,0 days 00:56:49.085000,,12,,False,,False,False
2021-16,FP3,0 days 01:13:28.149000,RIC,3,0 days 00:01:32.349000,15.0,5.0,,,0 days 00:00:33.956000,0 days 00:00:32.280000,0 days 00:00:26.113000,0 days 01:12:29.756000,0 days 01:13:02.036000,0 days 01:13:28.149000,270.0,280.0,235.0,288.0,False,INTERMEDIATE,11.0,False,McLaren,0 days 01:11:55.800000,,1,,False,,False,True
2021-16,FP3,0 days 01:15:01.339000,RIC,3,0 days 00:01:33.190000,16.0,5.0,,,0 days 00:00:34.425000,0 days 00:00:32.568000,0 days 00:00:26.197000,0 days 01:14:02.574000,0 days 01:14:35.142000,0 days 01:15:01.339000,271.0,280.0,235.0,298.0,False,INTERMEDIATE,12.0,False,McLaren,0 days 01:13:28.149000,,1,,False,,False,True
2021-16,FP3,0 days 01:16:52.371000,RIC,3,0 days 00:01:51.032000,17.0,5.0,,,0 days 00:00:37.594000,0 days 00:00:36.128000,0 days 00:00:37.310000,0 days 01:15:38.933000,0 days 01:16:15.061000,0 days 01:16:52.371000,236.0,270.0,79.0,248.0,False,INTERMEDIATE,13.0,False,McLaren,0 days 01:15:01.339000,,1,,False,,False,True
2021-16,FP3,0 days 01:19:00.929000,RIC,3,0 days 00:02:08.558000,18.0,5.0,,0 days 01:19:00.980000,0 days 00:01:03.794000,0 days 00:00:36.623000,0 days 00:00:28.141000,0 days 01:17:56.165000,0 days 01:18:32.788000,0 days 01:19:00.929000,257.0,266.0,,247.0,False,INTERMEDIATE,14.0,False,McLaren,0 days 01:16:52.371000,,1,,False,,False,False
2021-16,FP3,0 days 00:42:17.395000,OCO,31,,1.0,1.0,0 days 00:36:24.918000,0 days 00:38:18.808000,,0 days 00:00:39.674000,,,0 days 00:37:42.405000,,241.0,255.0,,,False,INTERMEDIATE,1.0,True,Alpine,0 days 00:36:24.918000,,125,,False,,False,False
2021-16,FP3,0 days 00:44:01.170000,OCO,31,,2.0,2.0,0 days 00:42:17.395000,,,0 days 00:00:35.402000,0 days 00:00:34.037000,,0 days 00:43:27.216000,0 days 00:44:01.305000,264.0,259.0,236.0,115.0,False,INTERMEDIATE,1.0,False,Alpine,0 days 00:42:17.395000,,1,,False,,False,False
2021-16,FP3,0 days 00:45:35.843000,OCO,31,0 days 00:01:34.673000,3.0,2.0,,,0 days 00:00:35.306000,0 days 00:00:33.041000,0 days 00:00:26.326000,0 days 00:44:36.476000,0 days 00:45:09.517000,0 days 00:45:35.843000,274.0,283.0,236.0,296.0,True,INTERMEDIATE,2.0,False,Alpine,0 days 00:44:01.170000,,1,,False,,False,True
2021-16,FP3,0 days 00:47:09.815000,OCO,31,0 days 00:01:33.972000,4.0,2.0,,,0 days 00:00:34.693000,0 days 00:00:33.240000,0 days 00:00:26.039000,0 days 00:46:10.536000,0 days 00:46:43.776000,0 days 00:47:09.815000,272.0,280.0,237.0,295.0,True,INTERMEDIATE,3.0,False,Alpine,0 days 00:45:35.843000,,1,,False,,False,True
2021-16,FP3,0 days 00:49:04.247000,OCO,31,0 days 00:01:54.432000,5.0,2.0,,,0 days 00:00:41.395000,0 days 00:00:43.783000,0 days 00:00:29.254000,0 days 00:47:51.210000,0 days 00:48:34.993000,0 days 00:49:04.247000,204.0,247.0,239.0,255.0,False,INTERMEDIATE,4.0,False,Alpine,0 days 00:47:09.815000,,12,,False,,False,True
2021-16,FP3,0 days 00:50:36.578000,OCO,31,0 days 00:01:32.331000,6.0,2.0,,,0 days 00:00:34.007000,0 days 00:00:32.398000,0 days 00:00:25.926000,0 days 00:49:38.254000,0 days 00:50:10.652000,0 days 00:50:36.578000,275.0,284.0,239.0,296.0,True,INTERMEDIATE,5.0,False,Alpine,0 days 00:49:04.247000,,12,,False,,False,True
2021-16,FP3,0 days 00:52:27.309000,OCO,31,0 days 00:01:50.731000,7.0,2.0,,0 days 00:52:26.759000,0 days 00:00:41.059000,0 days 00:00:41.088000,0 days 00:00:28.584000,0 days 00:51:17.637000,0 days 00:51:58.725000,0 days 00:52:27.309000,235.0,258.0,,274.0,False,INTERMEDIATE,6.0,False,Alpine,0 days 00:50:36.578000,,1,,False,,False,False
2021-16,FP3,0 days 00:57:44.996000,OCO,31,,8.0,3.0,0 days 00:56:01.157000,,,0 days 00:00:35.414000,0 days 00:00:35.054000,,0 days 00:57:09.942000,0 days 00:57:45.127000,262.0,263.0,240.0,220.0,False,INTERMEDIATE,8.0,False,Alpine,0 days 00:52:27.309000,,12,,False,,False,False
2021-16,FP3,0 days 00:59:17.568000,OCO,31,0 days 00:01:32.572000,9.0,3.0,,,0 days 00:00:33.949000,0 days 00:00:32.465000,0 days 00:00:26.158000,0 days 00:58:18.945000,0 days 00:58:51.410000,0 days 00:59:17.568000,274.0,286.0,235.0,301.0,False,INTERMEDIATE,9.0,False,Alpine,0 days 00:57:44.996000,,1,,False,,False,True
2021-16,FP3,0 days 01:01:15.967000,OCO,31,0 days 00:01:58.399000,10.0,3.0,,0 days 01:01:15.348000,0 days 00:00:47.143000,0 days 00:00:42.623000,0 days 00:00:28.633000,0 days 01:00:04.711000,0 days 01:00:47.334000,0 days 01:01:15.967000,224.0,257.0,,259.0,False,INTERMEDIATE,10.0,False,Alpine,0 days 00:59:17.568000,,1,,False,,False,False
2021-16,FP3,0 days 01:08:02.102000,OCO,31,,11.0,4.0,0 days 01:06:23.559000,,,0 days 00:00:37.521000,0 days 00:00:27.893000,,0 days 01:07:34.215000,0 days 01:08:03.780000,258.0,258.0,238.0,272.0,False,INTERMEDIATE,11.0,False,Alpine,0 days 01:01:15.967000,,12,,False,,False,False
2021-16,FP3,0 days 01:09:34.416000,OCO,31,0 days 00:01:32.314000,12.0,4.0,,,0 days 00:00:33.808000,0 days 00:00:32.434000,0 days 00:00:26.072000,0 days 01:08:35.910000,0 days 01:09:08.344000,0 days 01:09:34.416000,276.0,282.0,235.0,299.0,True,INTERMEDIATE,12.0,False,Alpine,0 days 01:08:02.102000,,1,,False,,False,True
2021-16,FP3,0 days 01:11:28.376000,OCO,31,0 days 00:01:53.960000,13.0,4.0,,0 days 01:11:27.803000,0 days 00:00:45.004000,0 days 00:00:39.424000,0 days 00:00:29.532000,0 days 01:10:19.420000,0 days 01:10:58.844000,0 days 01:11:28.376000,228.0,256.0,,268.0,False,INTERMEDIATE,13.0,False,Alpine,0 days 01:09:34.416000,,1,,False,,False,False
2021-16,FP3,0 days 01:13:40.118000,OCO,31,0 days 00:02:11.742000,14.0,5.0,0 days 01:11:54.053000,,0 days 00:01:02.065000,0 days 00:00:36.980000,0 days 00:00:32.697000,0 days 01:12:30.441000,0 days 01:13:07.421000,0 days 01:13:40.118000,186.0,260.0,238.0,238.0,False,INTERMEDIATE,14.0,False,Alpine,0 days 01:11:28.376000,,1,,False,,False,False
2021-16,FP3,0 days 01:15:12.207000,OCO,31,0 days 00:01:32.089000,15.0,5.0,,,0 days 00:00:33.934000,0 days 00:00:32.279000,0 days 00:00:25.876000,0 days 01:14:14.052000,0 days 01:14:46.331000,0 days 01:15:12.207000,271.0,284.0,235.0,297.0,True,INTERMEDIATE,15.0,False,Alpine,0 days 01:13:40.118000,,1,,False,,False,True
2021-16,FP3,0 days 01:17:15.994000,OCO,31,0 days 00:02:03.787000,16.0,5.0,,,0 days 00:00:41.913000,0 days 00:00:40.118000,0 days 00:00:41.756000,0 days 01:15:54.120000,0 days 01:16:34.238000,0 days 01:17:15.994000,205.0,236.0,53.0,175.0,False,INTERMEDIATE,16.0,False,Alpine,0 days 01:15:12.207000,,1,,False,,False,True
2021-16,FP3,0 days 01:19:34.729000,OCO,31,0 days 00:02:18.735000,17.0,5.0,,0 days 01:19:34.180000,0 days 00:01:08.683000,0 days 00:00:38.346000,0 days 00:00:31.706000,0 days 01:18:24.677000,0 days 01:19:03.023000,0 days 01:19:34.729000,253.0,258.0,,145.0,False,INTERMEDIATE,17.0,False,Alpine,0 days 01:17:15.994000,,1,,False,,False,False
2021-16,FP3,0 days 00:45:02.163000,VER,33,,1.0,1.0,0 days 00:43:13.687000,,,0 days 00:00:34.935000,0 days 00:00:40.656000,,0 days 00:44:21.561000,0 days 00:45:02.286000,271.0,277.0,233.0,121.0,False,INTERMEDIATE,1.0,True,Red Bull Racing,0 days 00:43:13.687000,,1,,False,,False,False
2021-16,FP3,0 days 00:46:34.627000,VER,33,0 days 00:01:32.464000,2.0,1.0,,,0 days 00:00:34.367000,0 days 00:00:32.319000,0 days 00:00:25.778000,0 days 00:45:36.530000,0 days 00:46:08.849000,0 days 00:46:34.627000,273.0,280.0,233.0,299.0,True,INTERMEDIATE,2.0,True,Red Bull Racing,0 days 00:45:02.163000,,1,,False,,False,True
2021-16,FP3,0 days 00:48:26.662000,VER,33,0 days 00:01:52.035000,3.0,1.0,,,0 days 00:00:34.068000,0 days 00:00:40.660000,0 days 00:00:37.307000,0 days 00:47:08.695000,0 days 00:47:49.355000,0 days 00:48:26.662000,273.0,245.0,200.0,88.0,False,INTERMEDIATE,3.0,True,Red Bull Racing,0 days 00:46:34.627000,,12,,False,,False,True
2021-16,FP3,0 days 00:50:31.913000,VER,33,0 days 00:02:05.251000,4.0,1.0,,,0 days 00:00:44.356000,0 days 00:00:40.493000,0 days 00:00:40.402000,0 days 00:49:11.018000,0 days 00:49:51.511000,0 days 00:50:31.913000,240.0,204.0,234.0,87.0,False,INTERMEDIATE,4.0,True,Red Bull Racing,0 days 00:48:26.662000,,12,,False,,False,True
2021-16,FP3,0 days 00:52:02.956000,VER,33,0 days 00:01:31.043000,5.0,1.0,,,0 days 00:00:33.781000,0 days 00:00:31.913000,0 days 00:00:25.349000,0 days 00:51:05.694000,0 days 00:51:37.607000,0 days 00:52:02.956000,275.0,288.0,241.0,302.0,True,INTERMEDIATE,5.0,True,Red Bull Racing,0 days 00:50:31.913000,,1,,False,,False,True
2021-16,FP3,0 days 00:54:02.581000,VER,33,0 days 00:01:59.625000,6.0,1.0,,0 days 00:54:02.479000,0 days 00:00:44.183000,0 days 00:00:45.529000,0 days 00:00:29.913000,0 days 00:52:47.139000,0 days 00:53:32.668000,0 days 00:54:02.581000,234.0,257.0,,212.0,False,INTERMEDIATE,6.0,True,Red Bull Racing,0 days 00:52:02.956000,,1,,False,,False,False
2021-16,FP3,0 days 01:13:08.341000,VER,33,,7.0,2.0,0 days 01:11:23.207000,,,0 days 00:00:42.359000,0 days 00:00:27.600000,,0 days 01:12:40.761000,0 days 01:13:08.406000,243.0,254.0,242.0,269.0,False,INTERMEDIATE,7.0,False,Red Bull Racing,0 days 00:54:02.581000,,12,,False,,False,False
2021-16,FP3,0 days 01:14:38.952000,VER,33,0 days 00:01:30.611000,8.0,2.0,,,0 days 00:00:33.202000,0 days 00:00:31.658000,0 days 00:00:25.751000,0 days 01:13:41.543000,0 days 01:14:13.201000,0 days 01:14:38.952000,276.0,285.0,240.0,302.0,True,INTERMEDIATE,8.0,False,Red Bull Racing,0 days 01:13:08.341000,,1,,False,,False,True
2021-16,FP3,0 days 01:16:33.973000,VER,33,0 days 00:01:55.021000,9.0,2.0,,,0 days 00:00:45.314000,0 days 00:00:40.216000,0 days 00:00:29.491000,0 days 01:15:24.266000,0 days 01:16:04.482000,0 days 01:16:33.973000,150.0,242.0,217.0,205.0,False,INTERMEDIATE,9.0,False,Red Bull Racing,0 days 01:14:38.952000,,1,,False,,False,True
2021-16,FP3,0 days 01:18:28.598000,VER,33,0 days 00:01:54.625000,10.0,2.0,,,0 days 00:00:38.910000,0 days 00:00:38.084000,0 days 00:00:37.631000,0 days 01:17:12.883000,0 days 01:17:50.967000,0 days 01:18:28.598000,227.0,246.0,78.0,221.0,False,INTERMEDIATE,10.0,False,Red Bull Racing,0 days 01:16:33.973000,,1,,False,,False,True
2021-16,FP3,0 days 01:20:45.154000,VER,33,0 days 00:02:16.556000,11.0,2.0,,0 days 01:20:45.191000,0 days 00:01:03.055000,0 days 00:00:36.426000,0 days 00:00:37.075000,0 days 01:19:31.653000,0 days 01:20:08.079000,0 days 01:20:45.154000,228.0,259.0,,200.0,False,INTERMEDIATE,11.0,False,Red Bull Racing,0 days 01:18:28.598000,,1,,False,,False,False
2021-16,FP3,0 days 00:26:36.691000,NOR,4,,1.0,1.0,0 days 00:24:53.918000,,,0 days 00:00:37.962000,0 days 00:00:29.198000,,0 days 00:26:07.514000,0 days 00:26:36.789000,247.0,262.0,224.0,237.0,False,WET,1.0,True,McLaren,0 days 00:24:53.918000,,1,,False,,False,False
2021-16,FP3,0 days 00:28:15.086000,NOR,4,0 days 00:01:38.395000,2.0,1.0,,,0 days 00:00:36.660000,0 days 00:00:34.670000,0 days 00:00:27.065000,0 days 00:27:13.351000,0 days 00:27:48.021000,0 days 00:28:15.086000,266.0,276.0,234.0,278.0,True,WET,2.0,True,McLaren,0 days 00:26:36.691000,,1,,False,,False,True
2021-16,FP3,0 days 00:29:55.046000,NOR,4,0 days 00:01:39.960000,3.0,1.0,,,0 days 00:00:36.701000,0 days 00:00:34.914000,0 days 00:00:28.345000,0 days 00:28:51.787000,0 days 00:29:26.701000,0 days 00:29:55.046000,263.0,277.0,237.0,259.0,False,WET,3.0,True,McLaren,0 days 00:28:15.086000,,1,,False,,False,True
2021-16,FP3,0 days 00:31:33.848000,NOR,4,0 days 00:01:38.802000,4.0,1.0,,0 days 00:31:33.262000,0 days 00:00:36.010000,0 days 00:00:33.991000,0 days 00:00:28.801000,0 days 00:30:31.056000,0 days 00:31:05.047000,0 days 00:31:33.848000,260.0,279.0,,274.0,False,WET,4.0,True,McLaren,0 days 00:29:55.046000,,1,,False,,False,False
2021-16,FP3,0 days 00:33:32.352000,NOR,4,0 days 00:01:58.504000,5.0,2.0,0 days 00:31:59.147000,,0 days 00:00:57.298000,0 days 00:00:33.963000,0 days 00:00:27.243000,0 days 00:32:31.146000,0 days 00:33:05.109000,0 days 00:33:32.352000,262.0,278.0,237.0,285.0,False,INTERMEDIATE,1.0,True,McLaren,0 days 00:31:33.848000,,1,,False,,False,False
2021-16,FP3,0 days 00:35:08.972000,NOR,4,0 days 00:01:36.620000,6.0,2.0,,,0 days 00:00:35.888000,0 days 00:00:33.876000,0 days 00:00:26.856000,0 days 00:34:08.240000,0 days 00:34:42.116000,0 days 00:35:08.972000,263.0,278.0,237.0,285.0,True,INTERMEDIATE,2.0,True,McLaren,0 days 00:33:32.352000,,1,,False,,False,True
2021-16,FP3,0 days 00:36:46.275000,NOR,4,0 days 00:01:37.303000,7.0,2.0,,,0 days 00:00:35.571000,0 days 00:00:33.805000,0 days 00:00:27.927000,0 days 00:35:44.543000,0 days 00:36:18.348000,0 days 00:36:46.275000,270.0,280.0,237.0,233.0,False,INTERMEDIATE,3.0,True,McLaren,0 days 00:35:08.972000,,12,,False,,False,True
2021-16,FP3,0 days 00:52:14.378000,NOR,4,,8.0,2.0,,0 days 00:38:52.450000,0 days 00:00:48.043000,,,0 days 00:37:34.305000,,,260.0,,,,False,INTERMEDIATE,4.0,True,McLaren,0 days 00:36:46.275000,,125,,False,,False,False
2021-16,FP3,0 days 00:53:53.946000,NOR,4,,9.0,3.0,0 days 00:52:14.378000,,,0 days 00:00:36.344000,0 days 00:00:28.684000,,0 days 00:53:25.290000,0 days 00:53:54.074000,233.0,280.0,223.0,281.0,False,INTERMEDIATE,5.0,False,McLaren,0 days 00:52:14.378000,,1,,False,,False,False
2021-16,FP3,0 days 00:55:27.063000,NOR,4,0 days 00:01:33.117000,10.0,3.0,,,0 days 00:00:34.605000,0 days 00:00:32.743000,0 days 00:00:25.769000,0 days 00:54:28.551000,0 days 00:55:01.294000,0 days 00:55:27.063000,269.0,280.0,238.0,298.0,True,INTERMEDIATE,6.0,False,McLaren,0 days 00:53:53.946000,,1,,False,,False,True
2021-16,FP3,0 days 00:57:06.186000,NOR,4,0 days 00:01:39.123000,11.0,3.0,,,0 days 00:00:34.007000,0 days 00:00:36.195000,0 days 00:00:28.921000,0 days 00:56:01.070000,0 days 00:56:37.265000,0 days 00:57:06.186000,266.0,250.0,239.0,242.0,False,INTERMEDIATE,7.0,False,McLaren,0 days 00:55:27.063000,,12,,False,,False,True
2021-16,FP3,0 days 00:58:38.810000,NOR,4,0 days 00:01:32.624000,12.0,3.0,,,0 days 00:00:33.945000,0 days 00:00:32.221000,0 days 00:00:26.458000,0 days 00:57:40.131000,0 days 00:58:12.352000,0 days 00:58:38.810000,273.0,283.0,237.0,300.0,True,INTERMEDIATE,8.0,False,McLaren,0 days 00:57:06.186000,,1,,False,,False,True
2021-16,FP3,0 days 01:00:42.093000,NOR,4,0 days 00:02:03.283000,13.0,3.0,,,0 days 00:00:46.617000,0 days 00:00:44.707000,0 days 00:00:31.959000,0 days 00:59:25.427000,0 days 01:00:10.134000,0 days 01:00:42.093000,230.0,264.0,238.0,227.0,False,INTERMEDIATE,9.0,False,McLaren,0 days 00:58:38.810000,,1,,False,,False,True
2021-16,FP3,0 days 01:02:14.407000,NOR,4,0 days 00:01:32.314000,14.0,3.0,,,0 days 00:00:33.764000,0 days 00:00:32.389000,0 days 00:00:26.161000,0 days 01:01:15.857000,0 days 01:01:48.246000,0 days 01:02:14.407000,272.0,279.0,237.0,295.0,True,INTERMEDIATE,10.0,False,McLaren,0 days 01:00:42.093000,,12,,False,,False,True
2021-16,FP3,0 days 01:04:00.517000,NOR,4,0 days 00:01:46.110000,15.0,3.0,,0 days 01:03:59.946000,0 days 00:00:39.787000,0 days 00:00:37.644000,0 days 00:00:28.679000,0 days 01:02:54.194000,0 days 01:03:31.838000,0 days 01:04:00.517000,212.0,267.0,,244.0,False,INTERMEDIATE,11.0,False,McLaren,0 days 01:02:14.407000,,21,,False,,False,False
2021-16,FP3,0 days 01:15:58.044000,NOR,4,,16.0,4.0,0 days 01:14:24.357000,,,0 days 00:00:33.429000,0 days 00:00:26.926000,,0 days 01:15:31.118000,0 days 01:15:58.147000,269.0,281.0,236.0,287.0,False,INTERMEDIATE,12.0,False,McLaren,0 days 01:04:00.517000,,1,,False,,False,False
2021-16,FP3,0 days 01:17:54.500000,NOR,4,0 days 00:01:56.456000,17.0,4.0,,,0 days 00:00:35.825000,0 days 00:00:36.996000,0 days 00:00:43.635000,0 days 01:16:33.869000,0 days 01:17:10.865000,0 days 01:17:54.500000,231.0,237.0,75.0,184.0,False,INTERMEDIATE,13.0,False,McLaren,0 days 01:15:58.044000,,1,,False,,False,True
2021-16,FP3,0 days 01:20:07.533000,NOR,4,0 days 00:02:13.033000,18.0,4.0,,0 days 01:20:06.962000,0 days 00:01:08.027000,0 days 00:00:35.878000,0 days 00:00:29.128000,0 days 01:19:02.527000,0 days 01:19:38.405000,0 days 01:20:07.533000,210.0,267.0,,209.0,False,INTERMEDIATE,14.0,False,McLaren,0 days 01:17:54.500000,,1,,False,,False,False
2021-16,FP3,0 days 00:37:12.352000,HAM,44,,1.0,1.0,0 days 00:35:25.887000,,,0 days 00:00:36.524000,0 days 00:00:34.980000,,0 days 00:36:37.372000,0 days 00:37:12.481000,246.0,271.0,236.0,165.0,False,INTERMEDIATE,1.0,True,Mercedes,0 days 00:35:25.887000,,12,,False,,False,False
2021-16,FP3,0 days 00:42:34.138000,HAM,44,,2.0,1.0,,0 days 00:39:12.658000,0 days 00:00:39.278000,,,0 days 00:37:51.583000,,,272.0,,,,False,INTERMEDIATE,2.0,True,Mercedes,0 days 00:37:12.352000,,125,,False,,False,False
2021-16,FP3,0 days 00:44:22.045000,HAM,44,,3.0,2.0,0 days 00:42:34.138000,,,0 days 00:00:35.084000,0 days 00:00:39.852000,,0 days 00:43:42.281000,0 days 00:44:23.047000,253.0,271.0,236.0,219.0,False,INTERMEDIATE,3.0,False,Mercedes,0 days 00:42:34.138000,,1,,False,,False,False
2021-16,FP3,0 days 00:45:55.681000,HAM,44,0 days 00:01:33.636000,4.0,2.0,,,0 days 00:00:34.492000,0 days 00:00:33.470000,0 days 00:00:25.674000,0 days 00:44:56.537000,0 days 00:45:30.007000,0 days 00:45:55.681000,272.0,282.0,240.0,302.0,True,INTERMEDIATE,4.0,False,Mercedes,0 days 00:44:22.045000,,1,,False,,False,True
2021-16,FP3,0 days 00:47:49.681000,HAM,44,0 days 00:01:54,5.0,2.0,,0 days 00:47:49.067000,0 days 00:00:41.018000,0 days 00:00:37.732000,0 days 00:00:35.250000,0 days 00:46:36.699000,0 days 00:47:14.431000,0 days 00:47:49.681000,242.0,192.0,,172.0,False,INTERMEDIATE,5.0,False,Mercedes,0 days 00:45:55.681000,,12,,False,,False,False
2021-16,FP3,0 days 00:27:47.911000,MSC,47,,1.0,1.0,0 days 00:26:00.790000,,,0 days 00:00:40.466000,0 days 00:00:29.818000,,0 days 00:27:18.093000,0 days 00:27:48.096000,215.0,268.0,230.0,224.0,False,WET,1.0,True,Haas F1 Team,0 days 00:26:00.790000,,1,,False,,False,False
2021-16,FP3,0 days 00:29:30.036000,MSC,47,0 days 00:01:42.125000,2.0,1.0,,,0 days 00:00:38.332000,0 days 00:00:35.790000,0 days 00:00:28.003000,0 days 00:28:26.243000,0 days 00:29:02.033000,0 days 00:29:30.036000,259.0,273.0,229.0,259.0,True,WET,2.0,True,Haas F1 Team,0 days 00:27:47.911000,,1,,False,,False,True
2021-16,FP3,0 days 00:31:15.583000,MSC,47,0 days 00:01:45.547000,3.0,1.0,,0 days 00:31:15.307000,0 days 00:00:38.812000,0 days 00:00:36.993000,0 days 00:00:29.742000,0 days 00:30:08.848000,0 days 00:30:45.841000,0 days 00:31:15.583000,258.0,274.0,,234.0,False,WET,3.0,True,Haas F1 Team,0 days 00:29:30.036000,,1,,False,,False,False
2021-16,FP3,0 days 00:37:33.222000,MSC,47,,4.0,2.0,0 days 00:35:52.352000,,,0 days 00:00:36.657000,0 days 00:00:28.439000,,0 days 00:37:04.783000,0 days 00:37:33.315000,248.0,270.0,233.0,228.0,False,INTERMEDIATE,1.0,True,Haas F1 Team,0 days 00:31:15.583000,,12,,False,,False,False
2021-16,FP3,0 days 00:42:23.061000,MSC,47,,5.0,2.0,,0 days 00:39:40.204000,,,,,,,,,,,False,INTERMEDIATE,2.0,True,Haas F1 Team,0 days 00:37:33.222000,,251,,False,,False,False
2021-16,FP3,0 days 00:44:13.580000,MSC,47,,6.0,3.0,0 days 00:42:23.061000,,,0 days 00:00:35.591000,0 days 00:00:41.053000,,0 days 00:43:32.598000,0 days 00:44:13.769000,248.0,280.0,232.0,138.0,False,INTERMEDIATE,3.0,False,Haas F1 Team,0 days 00:42:23.061000,,1,,False,,False,False
2021-16,FP3,0 days 00:45:49.384000,MSC,47,0 days 00:01:35.804000,7.0,3.0,,,0 days 00:00:35.584000,0 days 00:00:33.746000,0 days 00:00:26.474000,0 days 00:44:49.164000,0 days 00:45:22.910000,0 days 00:45:49.384000,270.0,281.0,235.0,286.0,True,INTERMEDIATE,4.0,False,Haas F1 Team,0 days 00:44:13.580000,,1,,False,,False,True
2021-16,FP3,0 days 00:47:25.005000,MSC,47,0 days 00:01:35.621000,8.0,3.0,,,0 days 00:00:35.383000,0 days 00:00:33.626000,0 days 00:00:26.612000,0 days 00:46:24.767000,0 days 00:46:58.393000,0 days 00:47:25.005000,270.0,279.0,235.0,294.0,True,INTERMEDIATE,5.0,False,Haas F1 Team,0 days 00:45:49.384000,,1,,False,,False,True
2021-16,FP3,0 days 00:49:25.016000,MSC,47,0 days 00:02:00.011000,9.0,3.0,,,0 days 00:00:39.992000,0 days 00:00:42.960000,0 days 00:00:37.059000,0 days 00:48:04.997000,0 days 00:48:47.957000,0 days 00:49:25.016000,197.0,206.0,236.0,193.0,False,INTERMEDIATE,6.0,False,Haas F1 Team,0 days 00:47:25.005000,,12,,False,,False,True
2021-16,FP3,0 days 00:51:04.351000,MSC,47,0 days 00:01:39.335000,10.0,3.0,,,0 days 00:00:34.717000,0 days 00:00:34.029000,0 days 00:00:30.589000,0 days 00:49:59.733000,0 days 00:50:33.762000,0 days 00:51:04.351000,269.0,276.0,235.0,293.0,False,INTERMEDIATE,7.0,False,Haas F1 Team,0 days 00:49:25.016000,,12,,False,,False,True
2021-16,FP3,0 days 00:52:55.073000,MSC,47,0 days 00:01:50.722000,11.0,3.0,,0 days 00:52:54.528000,0 days 00:00:35.728000,0 days 00:00:43.747000,0 days 00:00:31.247000,0 days 00:51:40.079000,0 days 00:52:23.826000,0 days 00:52:55.073000,265.0,208.0,,221.0,False,INTERMEDIATE,8.0,False,Haas F1 Team,0 days 00:51:04.351000,,1,,False,,False,False
2021-16,FP3,0 days 00:55:07.622000,MSC,47,0 days 00:02:12.549000,12.0,4.0,0 days 00:53:21.240000,,0 days 00:01:00.873000,0 days 00:00:41.062000,0 days 00:00:30.614000,0 days 00:53:55.946000,0 days 00:54:37.008000,0 days 00:55:07.622000,235.0,258.0,237.0,179.0,False,INTERMEDIATE,9.0,False,Haas F1 Team,0 days 00:52:55.073000,,1,,False,,False,False
2021-16,FP3,0 days 00:56:40.843000,MSC,47,0 days 00:01:33.221000,13.0,4.0,,,0 days 00:00:34.655000,0 days 00:00:32.645000,0 days 00:00:25.921000,0 days 00:55:42.277000,0 days 00:56:14.922000,0 days 00:56:40.843000,268.0,283.0,237.0,297.0,True,INTERMEDIATE,10.0,False,Haas F1 Team,0 days 00:55:07.622000,,12,,False,,False,True
2021-16,FP3,0 days 00:58:42.993000,MSC,47,0 days 00:02:02.150000,14.0,4.0,,,0 days 00:00:46.664000,0 days 00:00:45.672000,0 days 00:00:29.814000,0 days 00:57:27.507000,0 days 00:58:13.179000,0 days 00:58:42.993000,203.0,205.0,238.0,238.0,False,INTERMEDIATE,11.0,False,Haas F1 Team,0 days 00:56:40.843000,,1,,False,,False,True
2021-16,FP3,0 days 01:00:15.491000,MSC,47,0 days 00:01:32.498000,15.0,4.0,,,0 days 00:00:34.156000,0 days 00:00:32.280000,0 days 00:00:26.062000,0 days 00:59:17.149000,0 days 00:59:49.429000,0 days 01:00:15.491000,269.0,283.0,235.0,299.0,True,INTERMEDIATE,12.0,False,Haas F1 Team,0 days 00:58:42.993000,,1,,False,,False,True
2021-16,FP3,0 days 01:02:36.981000,MSC,47,0 days 00:02:21.490000,16.0,4.0,,,0 days 00:00:47.615000,0 days 00:00:52.975000,0 days 00:00:40.900000,0 days 01:01:03.106000,0 days 01:01:56.081000,0 days 01:02:36.981000,164.0,195.0,218.0,181.0,False,INTERMEDIATE,13.0,False,Haas F1 Team,0 days 01:00:15.491000,,12,,False,,False,True
2021-16,FP3,0 days 01:04:27.756000,MSC,47,0 days 00:01:50.775000,17.0,4.0,,,0 days 00:00:36.314000,0 days 00:00:43.302000,0 days 00:00:31.159000,0 days 01:03:13.295000,0 days 01:03:56.597000,0 days 01:04:27.756000,196.0,230.0,238.0,249.0,False,INTERMEDIATE,14.0,False,Haas F1 Team,0 days 01:02:36.981000,,1,,False,,False,True
2021-16,FP3,0 days 01:05:59.984000,MSC,47,0 days 00:01:32.228000,18.0,4.0,,,0 days 00:00:34.053000,0 days 00:00:31.955000,0 days 00:00:26.220000,0 days 01:05:01.809000,0 days 01:05:33.764000,0 days 01:05:59.984000,274.0,283.0,236.0,291.0,True,INTERMEDIATE,15.0,False,Haas F1 Team,0 days 01:04:27.756000,,1,,False,,False,True
2021-16,FP3,0 days 01:07:53.537000,MSC,47,0 days 00:01:53.553000,19.0,4.0,,0 days 01:07:53.613000,0 days 00:00:43.679000,0 days 00:00:41.267000,0 days 00:00:28.607000,0 days 01:06:43.663000,0 days 01:07:24.930000,0 days 01:07:53.537000,180.0,255.0,,280.0,False,INTERMEDIATE,16.0,False,Haas F1 Team,0 days 01:05:59.984000,,1,,False,,False,False
2021-16,FP3,0 days 01:13:33.461000,MSC,47,,20.0,5.0,0 days 01:11:48.077000,,,0 days 00:00:42.583000,0 days 00:00:29.356000,,0 days 01:13:04.127000,0 days 01:13:33.575000,247.0,260.0,238.0,229.0,False,INTERMEDIATE,17.0,False,Haas F1 Team,0 days 01:07:53.537000,,1,,False,,False,False
2021-16,FP3,0 days 01:15:06.102000,MSC,47,0 days 00:01:32.641000,21.0,5.0,,,0 days 00:00:34.182000,0 days 00:00:32.336000,0 days 00:00:26.123000,0 days 01:14:07.643000,0 days 01:14:39.979000,0 days 01:15:06.102000,274.0,284.0,238.0,295.0,False,INTERMEDIATE,18.0,False,Haas F1 Team,0 days 01:13:33.461000,,1,,False,,False,True
2021-16,FP3,0 days 01:16:57.545000,MSC,47,0 days 00:01:51.443000,22.0,5.0,,,0 days 00:00:40.551000,0 days 00:00:36.466000,0 days 00:00:34.426000,0 days 01:15:46.653000,0 days 01:16:23.119000,0 days 01:16:57.545000,237.0,267.0,107.0,180.0,False,INTERMEDIATE,19.0,False,Haas F1 Team,0 days 01:15:06.102000,,1,,False,,False,True
2021-16,FP3,0 days 01:19:07.930000,MSC,47,0 days 00:02:10.385000,23.0,5.0,,0 days 01:19:07.920000,0 days 00:01:11.329000,0 days 00:00:32.251000,0 days 00:00:26.805000,0 days 01:18:08.874000,0 days 01:18:41.125000,0 days 01:19:07.930000,272.0,282.0,,294.0,False,INTERMEDIATE,20.0,False,Haas F1 Team,0 days 01:16:57.545000,,1,,False,,False,False
2021-16,FP3,0 days 00:27:43.396000,VET,5,,1.0,1.0,0 days 00:25:52.828000,,,0 days 00:00:41.086000,0 days 00:00:32.586000,,0 days 00:27:10.815000,0 days 00:27:46.576000,211.0,270.0,230.0,221.0,False,WET,1.0,True,Aston Martin,0 days 00:25:52.828000,,1,,False,,False,False
2021-16,FP3,0 days 00:29:27.254000,VET,5,0 days 00:01:43.858000,2.0,1.0,,0 days 00:29:26.777000,0 days 00:00:37.666000,0 days 00:00:35.763000,0 days 00:00:30.429000,0 days 00:28:21.062000,0 days 00:28:56.825000,0 days 00:29:27.254000,264.0,274.0,,277.0,False,WET,2.0,True,Aston Martin,0 days 00:27:43.396000,,1,,False,,False,False
2021-16,FP3,0 days 00:42:18.369000,VET,5,,3.0,2.0,0 days 00:37:26.931000,0 days 00:39:29.452000,,,,,,,,,,,False,INTERMEDIATE,1.0,True,Aston Martin,0 days 00:29:27.254000,,125,,False,,False,False
2021-16,FP3,0 days 00:44:09.369000,VET,5,,4.0,3.0,0 days 00:42:18.369000,,,0 days 00:00:37.892000,0 days 00:00:38.592000,,0 days 00:43:30.817000,0 days 00:44:13.030000,259.0,246.0,238.0,188.0,False,INTERMEDIATE,2.0,False,Aston Martin,0 days 00:42:18.369000,,1,,False,,False,False
2021-16,FP3,0 days 00:45:43.650000,VET,5,0 days 00:01:34.281000,5.0,3.0,,,0 days 00:00:35.183000,0 days 00:00:33.131000,0 days 00:00:25.967000,0 days 00:44:44.552000,0 days 00:45:17.683000,0 days 00:45:43.650000,272.0,283.0,237.0,297.0,True,INTERMEDIATE,3.0,False,Aston Martin,0 days 00:44:09.369000,,1,,False,,False,True
2021-16,FP3,0 days 00:47:16.929000,VET,5,0 days 00:01:33.279000,6.0,3.0,,,0 days 00:00:34.467000,0 days 00:00:32.730000,0 days 00:00:26.082000,0 days 00:46:18.117000,0 days 00:46:50.847000,0 days 00:47:16.929000,274.0,282.0,239.0,295.0,True,INTERMEDIATE,4.0,False,Aston Martin,0 days 00:45:43.650000,,1,,False,,False,True
2021-16,FP3,0 days 00:49:19.792000,VET,5,0 days 00:02:02.863000,7.0,3.0,,,0 days 00:00:49.198000,0 days 00:00:41.783000,0 days 00:00:31.882000,0 days 00:48:06.127000,0 days 00:48:47.910000,0 days 00:49:19.792000,204.0,262.0,237.0,235.0,False,INTERMEDIATE,5.0,False,Aston Martin,0 days 00:47:16.929000,,12,,False,,False,True
2021-16,FP3,0 days 00:51:12.561000,VET,5,0 days 00:01:52.769000,8.0,3.0,,,0 days 00:00:33.931000,0 days 00:00:42.232000,0 days 00:00:36.606000,0 days 00:49:53.723000,0 days 00:50:35.955000,0 days 00:51:12.561000,274.0,188.0,239.0,151.0,False,INTERMEDIATE,6.0,False,Aston Martin,0 days 00:49:19.792000,,12,,False,,False,True
2021-16,FP3,0 days 00:52:44.672000,VET,5,0 days 00:01:32.111000,9.0,3.0,,,0 days 00:00:33.890000,0 days 00:00:32.468000,0 days 00:00:25.753000,0 days 00:51:46.451000,0 days 00:52:18.919000,0 days 00:52:44.672000,274.0,281.0,238.0,299.0,True,INTERMEDIATE,7.0,False,Aston Martin,0 days 00:51:12.561000,,1,,False,,False,True
2021-16,FP3,0 days 00:54:42.097000,VET,5,0 days 00:01:57.425000,10.0,3.0,,0 days 00:54:42.104000,0 days 00:00:42.088000,0 days 00:00:41.916000,0 days 00:00:33.421000,0 days 00:53:26.760000,0 days 00:54:08.676000,0 days 00:54:42.097000,220.0,255.0,,206.0,False,INTERMEDIATE,8.0,False,Aston Martin,0 days 00:52:44.672000,,1,,False,,False,False
2021-16,FP3,0 days 01:13:49.139000,VET,5,,11.0,4.0,0 days 01:12:02.396000,,,0 days 00:00:41.465000,0 days 00:00:28.707000,,0 days 01:13:20.476000,0 days 01:13:49.269000,202.0,262.0,237.0,241.0,False,INTERMEDIATE,9.0,False,Aston Martin,0 days 00:54:42.097000,,12,,False,,False,False
2021-16,FP3,0 days 01:15:21.386000,VET,5,0 days 00:01:32.247000,12.0,4.0,,,0 days 00:00:33.870000,0 days 00:00:32.469000,0 days 00:00:25.908000,0 days 01:14:23.009000,0 days 01:14:55.478000,0 days 01:15:21.386000,271.0,279.0,238.0,300.0,False,INTERMEDIATE,10.0,False,Aston Martin,0 days 01:13:49.139000,,1,,False,,False,True
2021-16,FP3,0 days 01:17:18.199000,VET,5,0 days 00:01:56.813000,13.0,4.0,,,0 days 00:00:38.854000,0 days 00:00:37.373000,0 days 00:00:40.586000,0 days 01:16:00.240000,0 days 01:16:37.613000,0 days 01:17:18.199000,221.0,267.0,53.0,213.0,False,INTERMEDIATE,11.0,False,Aston Martin,0 days 01:15:21.386000,,1,,False,,False,True
2021-16,FP3,0 days 01:19:42.264000,VET,5,0 days 00:02:24.065000,14.0,4.0,,0 days 01:19:42.080000,0 days 00:01:18.035000,0 days 00:00:34.406000,0 days 00:00:31.624000,0 days 01:18:36.234000,0 days 01:19:10.640000,0 days 01:19:42.264000,248.0,269.0,,222.0,False,INTERMEDIATE,12.0,False,Aston Martin,0 days 01:17:18.199000,,1,,False,,False,False
2021-16,FP3,0 days 00:27:36.249000,SAI,55,,1.0,1.0,0 days 00:25:51.973000,,,0 days 00:00:37.124000,0 days 00:00:30.154000,,0 days 00:27:06.131000,0 days 00:27:36.359000,235.0,264.0,233.0,248.0,False,WET,1.0,True,Ferrari,0 days 00:25:51.973000,,1,,False,,False,False
2021-16,FP3,0 days 00:29:14.800000,SAI,55,0 days 00:01:38.551000,2.0,1.0,,,0 days 00:00:36.880000,0 days 00:00:34.411000,0 days 00:00:27.260000,0 days 00:28:13.129000,0 days 00:28:47.540000,0 days 00:29:14.800000,265.0,273.0,233.0,278.0,True,WET,2.0,True,Ferrari,0 days 00:27:36.249000,,1,,False,,False,True
2021-16,FP3,0 days 00:30:52.408000,SAI,55,0 days 00:01:37.608000,3.0,1.0,,,0 days 00:00:36.432000,0 days 00:00:33.961000,0 days 00:00:27.215000,0 days 00:29:51.232000,0 days 00:30:25.193000,0 days 00:30:52.408000,269.0,277.0,228.0,293.0,True,WET,3.0,True,Ferrari,0 days 00:29:14.800000,,1,,False,,False,True
2021-16,FP3,0 days 00:33:02.617000,SAI,55,0 days 00:02:10.209000,4.0,1.0,,,0 days 00:00:48.855000,0 days 00:00:46.667000,0 days 00:00:34.687000,0 days 00:31:41.263000,0 days 00:32:27.930000,0 days 00:33:02.617000,175.0,245.0,234.0,249.0,False,WET,4.0,True,Ferrari,0 days 00:30:52.408000,,1,,False,,False,True
2021-16,FP3,0 days 00:34:38.916000,SAI,55,0 days 00:01:36.299000,5.0,1.0,,,0 days 00:00:35.711000,0 days 00:00:33.671000,0 days 00:00:26.917000,0 days 00:33:38.328000,0 days 00:34:11.999000,0 days 00:34:38.916000,270.0,279.0,220.0,297.0,True,WET,5.0,True,Ferrari,0 days 00:33:02.617000,,1,,False,,False,True
2021-16,FP3,0 days 00:36:30.516000,SAI,55,0 days 00:01:51.600000,6.0,1.0,,0 days 00:36:29.930000,0 days 00:00:41.825000,0 days 00:00:39.219000,0 days 00:00:30.556000,0 days 00:35:20.741000,0 days 00:35:59.960000,0 days 00:36:30.516000,215.0,242.0,,228.0,False,WET,6.0,True,Ferrari,0 days 00:34:38.916000,,12,,False,,False,False
2021-16,FP3,0 days 00:49:51.618000,SAI,55,,7.0,2.0,0 days 00:36:56.459000,0 days 00:38:54.192000,0 days 00:01:04.489000,,,0 days 00:37:35.030000,,,224.0,,,,False,INTERMEDIATE,1.0,True,Ferrari,0 days 00:36:30.516000,,125,,False,,False,False
2021-16,FP3,0 days 00:51:36.373000,SAI,55,,8.0,3.0,0 days 00:49:51.618000,,,0 days 00:00:38.806000,0 days 00:00:30.362000,,0 days 00:51:06.042000,0 days 00:51:36.546000,248.0,259.0,238.0,264.0,False,INTERMEDIATE,2.0,False,Ferrari,0 days 00:49:51.618000,,12,,False,,False,False
2021-16,FP3,0 days 00:53:08.078000,SAI,55,0 days 00:01:31.705000,9.0,3.0,,,0 days 00:00:33.931000,0 days 00:00:32.245000,0 days 00:00:25.529000,0 days 00:52:10.304000,0 days 00:52:42.549000,0 days 00:53:08.078000,270.0,283.0,238.0,300.0,True,INTERMEDIATE,3.0,False,Ferrari,0 days 00:51:36.373000,,1,,False,,False,True
2021-16,FP3,0 days 00:54:57.771000,SAI,55,0 days 00:01:49.693000,10.0,3.0,,,0 days 00:00:41.096000,0 days 00:00:39.199000,0 days 00:00:29.398000,0 days 00:53:49.174000,0 days 00:54:28.373000,0 days 00:54:57.771000,238.0,229.0,239.0,275.0,False,INTERMEDIATE,4.0,False,Ferrari,0 days 00:53:08.078000,,1,,False,,False,True
2021-16,FP3,0 days 00:56:29.528000,SAI,55,0 days 00:01:31.757000,11.0,3.0,,,0 days 00:00:33.752000,0 days 00:00:31.964000,0 days 00:00:26.041000,0 days 00:55:31.523000,0 days 00:56:03.487000,0 days 00:56:29.528000,274.0,284.0,222.0,301.0,False,INTERMEDIATE,5.0,False,Ferrari,0 days 00:54:57.771000,,12,,False,,False,True
2021-16,FP3,0 days 00:58:37.050000,SAI,55,0 days 00:02:07.522000,12.0,3.0,,,0 days 00:00:54.846000,0 days 00:00:44.556000,0 days 00:00:28.120000,0 days 00:57:24.374000,0 days 00:58:08.930000,0 days 00:58:37.050000,160.0,250.0,239.0,271.0,False,INTERMEDIATE,6.0,False,Ferrari,0 days 00:56:29.528000,,21,,False,,False,True
2021-16,FP3,0 days 01:00:08.533000,SAI,55,0 days 00:01:31.483000,13.0,3.0,,,0 days 00:00:33.728000,0 days 00:00:32.009000,0 days 00:00:25.746000,0 days 00:59:10.778000,0 days 00:59:42.787000,0 days 01:00:08.533000,276.0,284.0,239.0,302.0,True,INTERMEDIATE,7.0,False,Ferrari,0 days 00:58:37.050000,,1,,False,,False,True
2021-16,FP3,0 days 01:02:31.517000,SAI,55,0 days 00:02:22.984000,14.0,3.0,,,0 days 00:00:55.739000,0 days 00:00:53.751000,0 days 00:00:33.494000,0 days 01:01:04.272000,0 days 01:01:58.023000,0 days 01:02:31.517000,123.0,247.0,238.0,221.0,False,INTERMEDIATE,8.0,False,Ferrari,0 days 01:00:08.533000,,12,,False,,False,True
2021-16,FP3,0 days 01:04:22.335000,SAI,55,0 days 00:01:50.818000,15.0,3.0,,,0 days 00:00:37.626000,0 days 00:00:45.086000,0 days 00:00:28.106000,0 days 01:03:09.143000,0 days 01:03:54.229000,0 days 01:04:22.335000,174.0,257.0,239.0,266.0,False,INTERMEDIATE,9.0,False,Ferrari,0 days 01:02:31.517000,,1,,False,,False,True
2021-16,FP3,0 days 01:05:53.922000,SAI,55,0 days 00:01:31.587000,16.0,3.0,,,0 days 00:00:33.788000,0 days 00:00:31.928000,0 days 00:00:25.871000,0 days 01:04:56.123000,0 days 01:05:28.051000,0 days 01:05:53.922000,274.0,281.0,235.0,299.0,False,INTERMEDIATE,10.0,False,Ferrari,0 days 01:04:22.335000,,1,,False,,False,True
2021-16,FP3,0 days 01:07:50.921000,SAI,55,0 days 00:01:56.999000,17.0,3.0,,0 days 01:07:50.923000,0 days 00:00:46.412000,0 days 00:00:40.995000,0 days 00:00:29.592000,0 days 01:06:40.334000,0 days 01:07:21.329000,0 days 01:07:50.921000,199.0,246.0,,243.0,False,INTERMEDIATE,11.0,False,Ferrari,0 days 01:05:53.922000,,1,,False,,False,False
2021-16,FP3,0 days 01:12:34.540000,SAI,55,,18.0,4.0,0 days 01:10:57.441000,,,0 days 00:00:35.919000,0 days 00:00:27.527000,,0 days 01:12:07.013000,0 days 01:12:34.657000,254.0,260.0,240.0,277.0,False,INTERMEDIATE,12.0,False,Ferrari,0 days 01:07:50.921000,,1,,False,,False,False
2021-16,FP3,0 days 01:14:05.802000,SAI,55,0 days 00:01:31.262000,19.0,4.0,,,0 days 00:00:33.666000,0 days 00:00:31.894000,0 days 00:00:25.702000,0 days 01:13:08.206000,0 days 01:13:40.100000,0 days 01:14:05.802000,276.0,283.0,239.0,302.0,True,INTERMEDIATE,13.0,False,Ferrari,0 days 01:12:34.540000,,1,,False,,False,True
2021-16,FP3,0 days 01:15:44.298000,SAI,55,0 days 00:01:38.496000,20.0,4.0,,,0 days 00:00:36.540000,0 days 00:00:32.523000,0 days 00:00:29.433000,0 days 01:14:42.342000,0 days 01:15:14.865000,0 days 01:15:44.298000,271.0,280.0,238.0,248.0,False,INTERMEDIATE,14.0,False,Ferrari,0 days 01:14:05.802000,,1,,False,,False,True
2021-16,FP3,0 days 01:17:29.989000,SAI,55,0 days 00:01:45.691000,21.0,4.0,,,0 days 00:00:34.817000,0 days 00:00:35.241000,0 days 00:00:35.633000,0 days 01:16:19.115000,0 days 01:16:54.356000,0 days 01:17:29.989000,260.0,257.0,60.0,234.0,False,INTERMEDIATE,15.0,False,Ferrari,0 days 01:15:44.298000,,1,,False,,False,True
2021-16,FP3,0 days 01:19:49.059000,SAI,55,0 days 00:02:19.070000,22.0,4.0,,0 days 01:19:48.218000,0 days 00:01:14.670000,0 days 00:00:35.996000,0 days 00:00:28.404000,0 days 01:18:44.659000,0 days 01:19:20.655000,0 days 01:19:49.059000,248.0,251.0,,238.0,False,INTERMEDIATE,16.0,False,Ferrari,0 days 01:17:29.989000,,1,,False,,False,False
2021-16,FP3,0 days 00:36:44.315000,LAT,6,,1.0,1.0,0 days 00:34:52.112000,,,0 days 00:00:41.477000,0 days 00:00:29.524000,,0 days 00:36:14.791000,0 days 00:36:44.399000,164.0,265.0,236.0,228.0,False,INTERMEDIATE,1.0,True,Williams,0 days 00:34:52.112000,,12,,False,,False,False
2021-16,FP3,0 days 00:46:58.657000,LAT,6,,2.0,1.0,,0 days 00:38:34.361000,0 days 00:00:37.083000,,,0 days 00:37:21.386000,,,273.0,,,,False,INTERMEDIATE,2.0,True,Williams,0 days 00:36:44.315000,,125,,False,,False,False
2021-16,FP3,0 days 00:48:48.778000,LAT,6,,3.0,2.0,0 days 00:46:58.657000,,,0 days 00:00:39.002000,0 days 00:00:34.481000,,0 days 00:48:14.356000,0 days 00:48:48.916000,206.0,266.0,239.0,133.0,False,INTERMEDIATE,3.0,False,Williams,0 days 00:46:58.657000,,12,,False,,False,False
2021-16,FP3,0 days 00:50:24.459000,LAT,6,0 days 00:01:35.681000,4.0,2.0,,,0 days 00:00:35.383000,0 days 00:00:33.950000,0 days 00:00:26.348000,0 days 00:49:24.161000,0 days 00:49:58.111000,0 days 00:50:24.459000,275.0,282.0,241.0,268.0,True,INTERMEDIATE,4.0,False,Williams,0 days 00:48:48.778000,,12,,False,,False,True
2021-16,FP3,0 days 00:52:01.303000,LAT,6,0 days 00:01:36.844000,5.0,2.0,,0 days 00:52:00.848000,0 days 00:00:35.275000,0 days 00:00:33.698000,0 days 00:00:27.871000,0 days 00:50:59.734000,0 days 00:51:33.432000,0 days 00:52:01.303000,275.0,288.0,,240.0,False,INTERMEDIATE,5.0,False,Williams,0 days 00:50:24.459000,,21,,False,,False,False
2021-16,FP3,0 days 01:15:39.274000,LAT,6,,6.0,3.0,0 days 01:13:48.984000,,,0 days 00:00:39.813000,0 days 00:00:28.407000,,0 days 01:15:10.885000,0 days 01:15:40.208000,180.0,267.0,228.0,229.0,False,INTERMEDIATE,6.0,False,Williams,0 days 00:52:01.303000,,12,,False,,False,False
2021-16,FP3,0 days 01:17:42.005000,LAT,6,0 days 00:02:02.731000,7.0,3.0,,,0 days 00:00:38.420000,0 days 00:00:42.786000,0 days 00:00:41.525000,0 days 01:16:17.694000,0 days 01:17:00.480000,0 days 01:17:42.005000,179.0,268.0,71.0,221.0,False,INTERMEDIATE,7.0,False,Williams,0 days 01:15:39.274000,,1,,False,,False,True
2021-16,FP3,0 days 01:19:55.050000,LAT,6,0 days 00:02:13.045000,8.0,3.0,,0 days 01:19:54.483000,0 days 00:01:04.686000,0 days 00:00:36.824000,0 days 00:00:31.535000,0 days 01:18:46.691000,0 days 01:19:23.515000,0 days 01:19:55.050000,192.0,240.0,,188.0,False,INTERMEDIATE,8.0,False,Williams,0 days 01:17:42.005000,,1,,False,,False,False
2021-16,FP3,0 days 00:37:04.933000,RUS,63,,1.0,1.0,0 days 00:35:22.371000,,,0 days 00:00:38.334000,0 days 00:00:28.312000,,0 days 00:36:36.621000,0 days 00:37:04.969000,210.0,276.0,236.0,236.0,False,INTERMEDIATE,1.0,True,Williams,0 days 00:35:22.371000,,12,,False,,False,False
2021-16,FP3,0 days 00:37:51.859000,RUS,63,,2.0,1.0,,,,,,,,,,,,,,INTERMEDIATE,2.0,True,Williams,0 days 00:37:04.933000,,12,,False,,True,False
2021-16,FP3,0 days 00:33:10.703000,RAI,7,,1.0,1.0,0 days 00:31:15.416000,,,0 days 00:00:39.499000,0 days 00:00:36.769000,,0 days 00:32:33.934000,0 days 00:33:10.799000,238.0,252.0,233.0,162.0,False,WET,1.0,True,Alfa Romeo Racing,0 days 00:31:15.416000,,1,,False,,False,False
2021-16,FP3,0 days 00:34:49.300000,RAI,7,0 days 00:01:38.597000,2.0,1.0,,,0 days 00:00:36.482000,0 days 00:00:34.868000,0 days 00:00:27.247000,0 days 00:33:47.185000,0 days 00:34:22.053000,0 days 00:34:49.300000,269.0,276.0,232.0,278.0,True,WET,2.0,True,Alfa Romeo Racing,0 days 00:33:10.703000,,1,,False,,False,True
2021-16,FP3,0 days 00:36:40.146000,RAI,7,0 days 00:01:50.846000,3.0,1.0,,0 days 00:36:39.392000,0 days 00:00:40.137000,0 days 00:00:37.603000,0 days 00:00:33.106000,0 days 00:35:29.437000,0 days 00:36:07.040000,0 days 00:36:40.146000,247.0,265.0,,239.0,False,WET,3.0,True,Alfa Romeo Racing,0 days 00:34:49.300000,,12,,False,,False,False
2021-16,FP3,0 days 00:43:01.614000,RAI,7,,4.0,2.0,0 days 00:37:10.869000,0 days 00:39:17.580000,,,,,,,,,,,False,INTERMEDIATE,1.0,True,Alfa Romeo Racing,0 days 00:36:40.146000,,125,,False,,False,False
2021-16,FP3,0 days 00:44:45.329000,RAI,7,,5.0,3.0,0 days 00:43:01.614000,,,0 days 00:00:38.223000,0 days 00:00:29.897000,,0 days 00:44:15.811000,0 days 00:44:48.105000,235.0,261.0,236.0,235.0,False,INTERMEDIATE,2.0,False,Alfa Romeo Racing,0 days 00:43:01.614000,,1,,False,,False,False
2021-16,FP3,0 days 00:46:19.473000,RAI,7,0 days 00:01:34.144000,6.0,3.0,,,0 days 00:00:34.982000,0 days 00:00:33.394000,0 days 00:00:25.768000,0 days 00:45:20.311000,0 days 00:45:53.705000,0 days 00:46:19.473000,275.0,285.0,244.0,275.0,True,INTERMEDIATE,3.0,False,Alfa Romeo Racing,0 days 00:44:45.329000,,1,,False,,False,True
2021-16,FP3,0 days 00:48:15.941000,RAI,7,0 days 00:01:56.468000,7.0,3.0,,,0 days 00:00:43.056000,0 days 00:00:43.842000,0 days 00:00:29.570000,0 days 00:47:02.529000,0 days 00:47:46.371000,0 days 00:48:15.941000,201.0,247.0,242.0,249.0,False,INTERMEDIATE,4.0,False,Alfa Romeo Racing,0 days 00:46:19.473000,,12,,False,,False,True
2021-16,FP3,0 days 00:49:48.687000,RAI,7,0 days 00:01:32.746000,8.0,3.0,,,0 days 00:00:34.201000,0 days 00:00:32.870000,0 days 00:00:25.675000,0 days 00:48:50.142000,0 days 00:49:23.012000,0 days 00:49:48.687000,277.0,281.0,241.0,303.0,True,INTERMEDIATE,5.0,False,Alfa Romeo Racing,0 days 00:48:15.941000,,1,,False,,False,True
2021-16,FP3,0 days 00:51:49.581000,RAI,7,0 days 00:02:00.894000,9.0,3.0,,,0 days 00:00:44.553000,0 days 00:00:41.364000,0 days 00:00:34.977000,0 days 00:50:33.240000,0 days 00:51:14.604000,0 days 00:51:49.581000,201.0,243.0,239.0,147.0,False,INTERMEDIATE,6.0,False,Alfa Romeo Racing,0 days 00:49:48.687000,,12,,False,,False,True
2021-16,FP3,0 days 00:53:21.466000,RAI,7,0 days 00:01:31.885000,10.0,3.0,,,0 days 00:00:33.931000,0 days 00:00:32.433000,0 days 00:00:25.521000,0 days 00:52:23.512000,0 days 00:52:55.945000,0 days 00:53:21.466000,277.0,285.0,240.0,303.0,True,INTERMEDIATE,7.0,False,Alfa Romeo Racing,0 days 00:51:49.581000,,1,,False,,False,True
2021-16,FP3,0 days 00:55:17.388000,RAI,7,0 days 00:01:55.922000,11.0,3.0,,0 days 00:55:16.805000,0 days 00:00:42.708000,0 days 00:00:40.520000,0 days 00:00:32.694000,0 days 00:54:04.174000,0 days 00:54:44.694000,0 days 00:55:17.388000,197.0,225.0,,215.0,False,INTERMEDIATE,8.0,False,Alfa Romeo Racing,0 days 00:53:21.466000,,1,,False,,False,False
2021-16,FP3,0 days 01:10:04.817000,RAI,7,,12.0,4.0,0 days 01:08:17.099000,,,0 days 00:00:41.114000,0 days 00:00:30.173000,,0 days 01:09:34.665000,0 days 01:10:04.926000,219.0,252.0,240.0,208.0,False,INTERMEDIATE,9.0,False,Alfa Romeo Racing,0 days 00:55:17.388000,,12,,False,,False,False
2021-16,FP3,0 days 01:11:36.389000,RAI,7,0 days 00:01:31.572000,13.0,4.0,,,0 days 00:00:33.693000,0 days 00:00:32.186000,0 days 00:00:25.693000,0 days 01:10:38.510000,0 days 01:11:10.696000,0 days 01:11:36.389000,277.0,284.0,239.0,302.0,True,INTERMEDIATE,10.0,False,Alfa Romeo Racing,0 days 01:10:04.817000,,1,,False,,False,True
2021-16,FP3,0 days 01:13:23.514000,RAI,7,0 days 00:01:47.125000,14.0,4.0,,0 days 01:13:22.918000,0 days 00:00:40.670000,0 days 00:00:37.818000,0 days 00:00:28.637000,0 days 01:12:17.059000,0 days 01:12:54.877000,0 days 01:13:23.514000,233.0,256.0,,243.0,False,INTERMEDIATE,11.0,False,Alfa Romeo Racing,0 days 01:11:36.389000,,1,,False,,False,False
2021-16,FP3,0 days 01:15:37.260000,RAI,7,0 days 00:02:13.746000,15.0,5.0,0 days 01:13:50.721000,,0 days 00:01:05.526000,0 days 00:00:40.555000,0 days 00:00:27.665000,0 days 01:14:29.040000,0 days 01:15:09.595000,0 days 01:15:37.260000,205.0,258.0,241.0,256.0,False,INTERMEDIATE,12.0,False,Alfa Romeo Racing,0 days 01:13:23.514000,,1,,False,,False,False
2021-16,FP3,0 days 01:17:28.161000,RAI,7,0 days 00:01:50.901000,16.0,5.0,,,0 days 00:00:33.940000,0 days 00:00:35.741000,0 days 00:00:41.220000,0 days 01:16:11.200000,0 days 01:16:46.941000,0 days 01:17:28.161000,275.0,258.0,76.0,226.0,False,INTERMEDIATE,13.0,False,Alfa Romeo Racing,0 days 01:15:37.260000,,1,,False,,False,True
2021-16,FP3,0 days 01:19:43.801000,RAI,7,0 days 00:02:15.640000,17.0,5.0,,0 days 01:19:43.836000,0 days 00:01:10.918000,0 days 00:00:36.162000,0 days 00:00:28.560000,0 days 01:18:39.079000,0 days 01:19:15.241000,0 days 01:19:43.801000,236.0,261.0,,257.0,False,INTERMEDIATE,14.0,False,Alfa Romeo Racing,0 days 01:17:28.161000,,1,,False,,False,False
2021-16,FP3,0 days 00:37:19.944000,BOT,77,,1.0,1.0,0 days 00:35:39.416000,,,0 days 00:00:35.714000,0 days 00:00:30.296000,,0 days 00:36:49.648000,0 days 00:37:20.061000,244.0,277.0,239.0,218.0,False,INTERMEDIATE,1.0,True,Mercedes,0 days 00:35:39.416000,,12,,False,,False,False
2021-16,FP3,0 days 00:42:13.762000,BOT,77,,2.0,1.0,,0 days 00:39:27.787000,,,,,,,,,,,False,INTERMEDIATE,2.0,True,Mercedes,0 days 00:37:19.944000,,251,,False,,False,False
2021-16,FP3,0 days 00:43:54.598000,BOT,77,,3.0,2.0,0 days 00:42:13.762000,,,0 days 00:00:37.298000,0 days 00:00:29.790000,,0 days 00:43:24.849000,0 days 00:43:54.717000,243.0,265.0,238.0,197.0,False,INTERMEDIATE,3.0,False,Mercedes,0 days 00:42:13.762000,,1,,False,,False,False
2021-16,FP3,0 days 00:45:28.974000,BOT,77,0 days 00:01:34.376000,4.0,2.0,,,0 days 00:00:35.599000,0 days 00:00:32.805000,0 days 00:00:25.972000,0 days 00:44:30.197000,0 days 00:45:03.002000,0 days 00:45:28.974000,273.0,284.0,238.0,294.0,True,INTERMEDIATE,4.0,False,Mercedes,0 days 00:43:54.598000,,1,,False,,False,True
2021-16,FP3,0 days 00:47:02.089000,BOT,77,0 days 00:01:33.115000,5.0,2.0,,,0 days 00:00:34.412000,0 days 00:00:32.651000,0 days 00:00:26.052000,0 days 00:46:03.386000,0 days 00:46:36.037000,0 days 00:47:02.089000,268.0,284.0,238.0,290.0,True,INTERMEDIATE,5.0,False,Mercedes,0 days 00:45:28.974000,,1,,False,,False,True
2021-16,FP3,0 days 00:49:12.713000,BOT,77,0 days 00:02:10.624000,6.0,2.0,,,0 days 00:00:46.518000,0 days 00:00:49.749000,0 days 00:00:34.357000,0 days 00:47:48.607000,0 days 00:48:38.356000,0 days 00:49:12.713000,118.0,223.0,239.0,169.0,False,INTERMEDIATE,6.0,False,Mercedes,0 days 00:47:02.089000,,12,,False,,False,True
2021-16,FP3,0 days 00:50:44.709000,BOT,77,0 days 00:01:31.996000,7.0,2.0,,,0 days 00:00:33.742000,0 days 00:00:32.424000,0 days 00:00:25.830000,0 days 00:49:46.455000,0 days 00:50:18.879000,0 days 00:50:44.709000,271.0,285.0,237.0,294.0,True,INTERMEDIATE,7.0,False,Mercedes,0 days 00:49:12.713000,,12,,False,,False,True
2021-16,FP3,0 days 00:52:39.647000,BOT,77,0 days 00:01:54.938000,8.0,2.0,,0 days 00:52:39.660000,0 days 00:00:41.029000,0 days 00:00:41.514000,0 days 00:00:32.395000,0 days 00:51:25.738000,0 days 00:52:07.252000,0 days 00:52:39.647000,245.0,268.0,,211.0,False,INTERMEDIATE,8.0,False,Mercedes,0 days 00:50:44.709000,,1,,False,,False,False
2021-16,FP3,0 days 00:28:07.366000,MAZ,9,,1.0,1.0,0 days 00:26:25.344000,,,0 days 00:00:38.316000,0 days 00:00:27.785000,,0 days 00:27:39.586000,0 days 00:28:07.496000,241.0,271.0,229.0,262.0,False,WET,1.0,True,Haas F1 Team,0 days 00:26:25.344000,,1,,False,,False,False
2021-16,FP3,0 days 00:29:47.662000,MAZ,9,0 days 00:01:40.296000,2.0,1.0,,,0 days 00:00:37.305000,0 days 00:00:35.257000,0 days 00:00:27.734000,0 days 00:28:44.671000,0 days 00:29:19.928000,0 days 00:29:47.662000,265.0,275.0,231.0,287.0,True,WET,2.0,True,Haas F1 Team,0 days 00:28:07.366000,,1,,False,,False,True
2021-16,FP3,0 days 00:31:28.617000,MAZ,9,0 days 00:01:40.955000,3.0,1.0,,0 days 00:31:28.015000,0 days 00:00:36.904000,0 days 00:00:35.301000,0 days 00:00:28.750000,0 days 00:30:24.566000,0 days 00:30:59.867000,0 days 00:31:28.617000,265.0,274.0,,286.0,False,WET,3.0,True,Haas F1 Team,0 days 00:29:47.662000,,1,,False,,False,False
2021-16,FP3,0 days 00:46:48.984000,MAZ,9,,4.0,2.0,0 days 00:36:02.203000,0 days 00:38:09.381000,,0 days 00:00:38.903000,,,0 days 00:37:16.141000,,252.0,260.0,,130.0,False,INTERMEDIATE,1.0,True,Haas F1 Team,0 days 00:31:28.617000,,125,,False,,False,False
2021-16,FP3,0 days 00:48:30.542000,MAZ,9,,5.0,3.0,0 days 00:46:48.984000,,,0 days 00:00:35.893000,0 days 00:00:29.268000,,0 days 00:48:01.293000,0 days 00:48:30.688000,254.0,273.0,236.0,227.0,False,INTERMEDIATE,1.0,True,Haas F1 Team,0 days 00:46:48.984000,,12,,False,,False,False
2021-16,FP3,0 days 00:50:05.636000,MAZ,9,0 days 00:01:35.094000,6.0,3.0,,,0 days 00:00:35.210000,0 days 00:00:33.624000,0 days 00:00:26.260000,0 days 00:49:05.752000,0 days 00:49:39.376000,0 days 00:50:05.636000,275.0,283.0,235.0,300.0,True,INTERMEDIATE,2.0,True,Haas F1 Team,0 days 00:48:30.542000,,1,,False,,False,True
2021-16,FP3,0 days 00:52:08.674000,MAZ,9,0 days 00:02:03.038000,7.0,3.0,,,0 days 00:00:44.369000,0 days 00:00:50.443000,0 days 00:00:28.226000,0 days 00:50:50.005000,0 days 00:51:40.448000,0 days 00:52:08.674000,234.0,255.0,238.0,248.0,False,INTERMEDIATE,3.0,True,Haas F1 Team,0 days 00:50:05.636000,,12,,False,,False,True
2021-16,FP3,0 days 00:53:42.099000,MAZ,9,0 days 00:01:33.425000,8.0,3.0,,,0 days 00:00:34.383000,0 days 00:00:32.966000,0 days 00:00:26.076000,0 days 00:52:43.057000,0 days 00:53:16.023000,0 days 00:53:42.099000,271.0,283.0,236.0,296.0,True,INTERMEDIATE,4.0,True,Haas F1 Team,0 days 00:52:08.674000,,1,,False,,False,True
2021-16,FP3,0 days 00:55:40.783000,MAZ,9,0 days 00:01:58.684000,9.0,3.0,,,0 days 00:00:49.562000,0 days 00:00:38.752000,0 days 00:00:30.370000,0 days 00:54:31.661000,0 days 00:55:10.413000,0 days 00:55:40.783000,234.0,259.0,239.0,275.0,False,INTERMEDIATE,5.0,True,Haas F1 Team,0 days 00:53:42.099000,,1,,False,,False,True
2021-16,FP3,0 days 00:57:19.521000,MAZ,9,0 days 00:01:38.738000,10.0,3.0,,,0 days 00:00:34.548000,0 days 00:00:35.910000,0 days 00:00:28.280000,0 days 00:56:15.331000,0 days 00:56:51.241000,0 days 00:57:19.521000,270.0,271.0,234.0,246.0,False,INTERMEDIATE,6.0,True,Haas F1 Team,0 days 00:55:40.783000,,12,,False,,False,True
2021-16,FP3,0 days 00:59:01.081000,MAZ,9,0 days 00:01:41.560000,11.0,3.0,,0 days 00:59:00.522000,0 days 00:00:36.550000,0 days 00:00:37.022000,0 days 00:00:27.988000,0 days 00:57:56.071000,0 days 00:58:33.093000,0 days 00:59:01.081000,234.0,263.0,,278.0,False,INTERMEDIATE,7.0,True,Haas F1 Team,0 days 00:57:19.521000,,1,,False,,False,False
2021-16,FP3,0 days 01:16:11.576000,MAZ,9,,12.0,4.0,0 days 01:14:33.302000,,,0 days 00:00:36.279000,0 days 00:00:27.078000,,0 days 01:15:44.513000,0 days 01:16:15.090000,245.0,275.0,229.0,273.0,False,INTERMEDIATE,8.0,False,Haas F1 Team,0 days 00:59:01.081000,,12,,False,,False,False
2021-16,FP3,0 days 01:18:06.244000,MAZ,9,0 days 00:01:54.668000,13.0,4.0,,,0 days 00:00:38.231000,0 days 00:00:35.142000,0 days 00:00:41.295000,0 days 01:16:49.807000,0 days 01:17:24.949000,0 days 01:18:06.244000,262.0,280.0,56.0,263.0,False,INTERMEDIATE,9.0,False,Haas F1 Team,0 days 01:16:11.576000,,1,,False,,False,True
2021-16,FP3,0 days 01:20:27.992000,MAZ,9,0 days 00:02:21.748000,14.0,4.0,,0 days 01:20:27.396000,0 days 00:01:12.793000,0 days 00:00:37.528000,0 days 00:00:31.427000,0 days 01:19:19.037000,0 days 01:19:56.565000,0 days 01:20:27.992000,267.0,208.0,,242.0,False,INTERMEDIATE,10.0,False,Haas F1 Team,0 days 01:18:06.244000,,1,,False,,False,False
2021-16,FP3,0 days 00:31:11.913000,GIO,99,,1.0,1.0,0 days 00:29:25.519000,,,0 days 00:00:38.973000,0 days 00:00:30.175000,,0 days 00:30:41.765000,0 days 00:31:12.037000,200.0,236.0,232.0,201.0,False,WET,1.0,True,Alfa Romeo Racing,0 days 00:29:25.519000,,1,,False,,False,False
2021-16,FP3,0 days 00:32:52.432000,GIO,99,0 days 00:01:40.519000,2.0,1.0,,,0 days 00:00:37.451000,0 days 00:00:35.610000,0 days 00:00:27.458000,0 days 00:31:49.364000,0 days 00:32:24.974000,0 days 00:32:52.432000,265.0,278.0,234.0,248.0,True,WET,2.0,True,Alfa Romeo Racing,0 days 00:31:11.913000,,1,,False,,False,True
2021-16,FP3,0 days 00:34:38.611000,GIO,99,0 days 00:01:46.179000,3.0,1.0,,0 days 00:34:38.006000,0 days 00:00:36.827000,0 days 00:00:38.472000,0 days 00:00:30.880000,0 days 00:33:29.259000,0 days 00:34:07.731000,0 days 00:34:38.611000,266.0,257.0,,197.0,False,WET,3.0,True,Alfa Romeo Racing,0 days 00:32:52.432000,,1,,False,,False,False
2021-16,FP3,0 days 00:36:55.914000,GIO,99,0 days 00:02:17.303000,4.0,2.0,0 days 00:35:03.438000,,0 days 00:00:58.869000,0 days 00:00:37.702000,0 days 00:00:40.732000,0 days 00:35:37.480000,0 days 00:36:15.182000,0 days 00:36:55.914000,234.0,283.0,234.0,198.0,False,INTERMEDIATE,1.0,True,Alfa Romeo Racing,0 days 00:34:38.611000,,12,,False,,False,False
2021-16,FP3,0 days 00:43:04.554000,GIO,99,,5.0,2.0,,0 days 00:38:48.205000,0 days 00:00:36.321000,,,0 days 00:37:32.275000,,,273.0,,,,False,INTERMEDIATE,2.0,True,Alfa Romeo Racing,0 days 00:36:55.914000,,125,,False,,False,False
2021-16,FP3,0 days 00:44:51.785000,GIO,99,,6.0,3.0,0 days 00:43:04.554000,,,0 days 00:00:38.519000,0 days 00:00:32.171000,,0 days 00:44:19.667000,0 days 00:44:51.959000,225.0,261.0,239.0,175.0,False,INTERMEDIATE,3.0,False,Alfa Romeo Racing,0 days 00:43:04.554000,,1,,False,,False,False
2021-16,FP3,0 days 00:46:25.897000,GIO,99,0 days 00:01:34.112000,7.0,3.0,,,0 days 00:00:34.966000,0 days 00:00:33.082000,0 days 00:00:26.064000,0 days 00:45:26.751000,0 days 00:45:59.833000,0 days 00:46:25.897000,275.0,285.0,238.0,290.0,True,INTERMEDIATE,4.0,False,Alfa Romeo Racing,0 days 00:44:51.785000,,1,,False,,False,True
2021-16,FP3,0 days 00:48:00.270000,GIO,99,0 days 00:01:34.373000,8.0,3.0,,,0 days 00:00:35.123000,0 days 00:00:33.043000,0 days 00:00:26.207000,0 days 00:47:01.020000,0 days 00:47:34.063000,0 days 00:48:00.270000,276.0,284.0,237.0,298.0,False,INTERMEDIATE,5.0,False,Alfa Romeo Racing,0 days 00:46:25.897000,,12,,False,,False,True
2021-16,FP3,0 days 00:50:10.885000,GIO,99,0 days 00:02:10.615000,9.0,3.0,,,0 days 00:00:34.917000,0 days 00:00:58.805000,0 days 00:00:36.893000,0 days 00:48:35.187000,0 days 00:49:33.992000,0 days 00:50:10.885000,232.0,169.0,239.0,149.0,False,INTERMEDIATE,6.0,False,Alfa Romeo Racing,0 days 00:48:00.270000,,1,,False,,False,True
2021-16,FP3,0 days 00:51:43.937000,GIO,99,0 days 00:01:33.052000,10.0,3.0,,,0 days 00:00:34.525000,0 days 00:00:32.630000,0 days 00:00:25.897000,0 days 00:50:45.410000,0 days 00:51:18.040000,0 days 00:51:43.937000,277.0,287.0,240.0,303.0,True,INTERMEDIATE,7.0,False,Alfa Romeo Racing,0 days 00:50:10.885000,,12,,False,,False,True
2021-16,FP3,0 days 00:54:09.763000,GIO,99,0 days 00:02:25.826000,11.0,3.0,,,0 days 00:00:53.368000,0 days 00:00:56.480000,0 days 00:00:35.978000,0 days 00:52:37.305000,0 days 00:53:33.785000,0 days 00:54:09.763000,147.0,149.0,238.0,150.0,False,INTERMEDIATE,8.0,False,Alfa Romeo Racing,0 days 00:51:43.937000,,1,,False,,False,True
2021-16,FP3,0 days 00:55:42.136000,GIO,99,0 days 00:01:32.373000,12.0,3.0,,,0 days 00:00:34.275000,0 days 00:00:32.225000,0 days 00:00:25.873000,0 days 00:54:44.038000,0 days 00:55:16.263000,0 days 00:55:42.136000,277.0,288.0,241.0,305.0,True,INTERMEDIATE,9.0,False,Alfa Romeo Racing,0 days 00:54:09.763000,,1,,False,,False,True
2021-16,FP3,0 days 00:58:03.608000,GIO,99,0 days 00:02:21.472000,13.0,3.0,,,0 days 00:00:56.566000,0 days 00:00:51.806000,0 days 00:00:33.100000,0 days 00:56:38.702000,0 days 00:57:30.508000,0 days 00:58:03.608000,140.0,181.0,239.0,194.0,False,INTERMEDIATE,10.0,False,Alfa Romeo Racing,0 days 00:55:42.136000,,12,,False,,False,True
2021-16,FP3,0 days 00:59:35.705000,GIO,99,0 days 00:01:32.097000,14.0,3.0,,,0 days 00:00:34.007000,0 days 00:00:32.380000,0 days 00:00:25.710000,0 days 00:58:37.615000,0 days 00:59:09.995000,0 days 00:59:35.705000,278.0,285.0,241.0,303.0,True,INTERMEDIATE,11.0,False,Alfa Romeo Racing,0 days 00:58:03.608000,,1,,False,,False,True
2021-16,FP3,0 days 01:01:30.037000,GIO,99,0 days 00:01:54.332000,15.0,3.0,,0 days 01:01:29.494000,0 days 00:00:44.376000,0 days 00:00:40.318000,0 days 00:00:29.638000,0 days 01:00:20.081000,0 days 01:01:00.399000,0 days 01:01:30.037000,212.0,256.0,,226.0,False,INTERMEDIATE,12.0,False,Alfa Romeo Racing,0 days 00:59:35.705000,,1,,False,,False,False
2021-16,FP3,0 days 01:10:41.021000,GIO,99,,16.0,4.0,0 days 01:08:35.873000,,,0 days 00:00:49.596000,0 days 00:00:33.773000,,0 days 01:10:07.248000,0 days 01:10:45.431000,166.0,195.0,239.0,183.0,False,INTERMEDIATE,13.0,False,Alfa Romeo Racing,0 days 01:01:30.037000,,12,,False,,False,False
2021-16,FP3,0 days 01:12:13.443000,GIO,99,0 days 00:01:32.422000,17.0,4.0,,,0 days 00:00:34.245000,0 days 00:00:32.362000,0 days 00:00:25.815000,0 days 01:11:15.266000,0 days 01:11:47.628000,0 days 01:12:13.443000,277.0,285.0,239.0,301.0,False,INTERMEDIATE,14.0,False,Alfa Romeo Racing,0 days 01:10:41.021000,,1,,False,,False,True
2021-16,FP3,0 days 01:14:36.555000,GIO,99,0 days 00:02:23.112000,18.0,4.0,,,0 days 00:00:55.331000,0 days 00:00:56.206000,0 days 00:00:31.575000,0 days 01:13:08.774000,0 days 01:14:04.980000,0 days 01:14:36.555000,115.0,230.0,240.0,174.0,False,INTERMEDIATE,15.0,False,Alfa Romeo Racing,0 days 01:12:13.443000,,1,,False,,False,True
2021-16,FP3,0 days 01:16:28.432000,GIO,99,0 days 00:01:51.877000,19.0,4.0,,,0 days 00:00:41.020000,0 days 00:00:43.427000,0 days 00:00:27.430000,0 days 01:15:17.575000,0 days 01:16:01.002000,0 days 01:16:28.432000,242.0,260.0,221.0,236.0,False,INTERMEDIATE,16.0,False,Alfa Romeo Racing,0 days 01:14:36.555000,,1,,True,TRACK LIMITS AT TURN 1,False,True
2021-16,FP3,0 days 01:18:23.804000,GIO,99,0 days 00:01:55.372000,20.0,4.0,,,0 days 00:00:40.625000,0 days 00:00:39.138000,0 days 00:00:35.609000,0 days 01:17:09.057000,0 days 01:17:48.195000,0 days 01:18:23.804000,203.0,262.0,78.0,229.0,False,INTERMEDIATE,17.0,False,Alfa Romeo Racing,0 days 01:16:28.432000,,1,,False,,False,True
2021-16,FP3,0 days 01:20:41.423000,GIO,99,0 days 00:02:17.619000,21.0,4.0,,0 days 01:20:41.264000,0 days 00:01:03.854000,0 days 00:00:37.242000,0 days 00:00:36.523000,0 days 01:19:27.658000,0 days 01:20:04.900000,0 days 01:20:41.423000,230.0,262.0,,176.0,False,INTERMEDIATE,18.0,False,Alfa Romeo Racing,0 days 01:18:23.804000,,1,,False,,False,False
