event_id,Session,Time,Driver,DriverNumber,LapTime,LapNumber,Stint,PitOutTime,PitInTime,Sector1Time,Sector2Time,Sector3Time,Sector1SessionTime,Sector2SessionTime,Sector3SessionTime,SpeedI1,SpeedI2,SpeedFL,SpeedST,IsPersonalBest,Compound,TyreLife,FreshTyre,Team,LapStartTime,LapStartDate,TrackStatus,Position,Deleted,DeletedReason,FastF1Generated,IsAccurate
2023-15,FP1,0 days 00:18:40.371000,VER,1,,1.0,1.0,0 days 00:16:30.560000,,,0 days 00:00:46.385000,0 days 00:00:46.886000,,0 days 00:17:53.683000,0 days 00:18:40.479000,286.0,258.0,249.0,,False,HARD,1.0,True,Red Bull Racing,0 days 00:16:30.560000,,1,,False,,False,False
2023-15,FP1,0 days 00:20:18.540000,VER,1,0 days 00:01:38.169000,2.0,1.0,,,0 days 00:00:28.709000,0 days 00:00:41.723000,0 days 00:00:27.737000,0 days 00:19:09.080000,0 days 00:19:50.803000,0 days 00:20:18.540000,305.0,272.0,236.0,294.0,True,HARD,2.0,True,Red Bull Racing,0 days 00:18:40.371000,,1,,False,,False,True
2023-15,FP1,0 days 00:22:58.146000,VER,1,,3.0,1.0,,,0 days 00:00:50.422000,0 days 00:01:10.231000,0 days 00:00:38.932000,0 days 00:21:09.164000,0 days 00:22:19.382000,0 days 00:22:58.272000,131.0,204.0,247.0,219.0,False,HARD,3.0,True,Red Bull Racing,0 days 00:20:18.540000,,1,,False,,False,False
2023-15,FP1,0 days 00:24:34.567000,VER,1,0 days 00:01:36.421000,4.0,1.0,,,0 days 00:00:28.453000,0 days 00:00:40.888000,0 days 00:00:27.080000,0 days 00:23:26.599000,0 days 00:24:07.487000,0 days 00:24:34.567000,306.0,274.0,246.0,295.0,True,HARD,4.0,True,Red Bull Racing,0 days 00:22:58.146000,,1,,False,,False,True
2023-15,FP1,0 days 00:27:15.360000,VER,1,,5.0,1.0,,,0 days 00:00:49.754000,0 days 00:01:08.102000,0 days 00:00:42.962000,0 days 00:25:24.488000,0 days 00:26:32.612000,0 days 00:27:15.455000,128.0,168.0,251.0,212.0,False,HARD,5.0,True,Red Bull Racing,0 days 00:24:34.567000,,1,,False,,False,False
2023-15,FP1,0 days 00:28:51.141000,VER,1,0 days 00:01:35.781000,6.0,1.0,,,0 days 00:00:28.177000,0 days 00:00:40.523000,0 days 00:00:27.081000,0 days 00:27:43.537000,0 days 00:28:24.060000,0 days 00:28:51.141000,305.0,272.0,242.0,296.0,True,HARD,6.0,True,Red Bull Racing,0 days 00:27:15.360000,,1,,False,,False,True
2023-15,FP1,0 days 00:31:36.142000,VER,1,,7.0,1.0,,,0 days 00:00:48.732000,0 days 00:01:14.292000,0 days 00:00:41.926000,0 days 00:29:40.077000,0 days 00:30:54.216000,0 days 00:31:36.200000,144.0,199.0,254.0,204.0,False,HARD,7.0,True,Red Bull Racing,0 days 00:28:51.141000,,1,,False,,False,False
2023-15,FP1,0 days 00:33:21.685000,VER,1,0 days 00:01:45.543000,8.0,1.0,,0 days 00:33:13.917000,0 days 00:00:27.981000,0 days 00:00:40.411000,0 days 00:00:37.151000,0 days 00:32:04.123000,0 days 00:32:44.534000,0 days 00:33:21.685000,303.0,271.0,,296.0,False,HARD,8.0,True,Red Bull Racing,0 days 00:31:36.142000,,1,,False,,False,False
2023-15,FP1,0 days 00:48:50.815000,VER,1,,9.0,2.0,0 days 00:46:30.341000,,,0 days 00:01:01.553000,0 days 00:00:39.280000,,0 days 00:48:11.667000,0 days 00:48:50.838000,238.0,220.0,253.0,296.0,False,SOFT,1.0,True,Red Bull Racing,0 days 00:33:21.685000,,12,,False,,False,False
2023-15,FP1,0 days 00:51:18.070000,VER,1,0 days 00:02:27.255000,10.0,2.0,,,0 days 00:00:27.614000,0 days 00:01:11.197000,0 days 00:00:48.444000,0 days 00:49:18.429000,0 days 00:50:29.626000,0 days 00:51:18.070000,307.0,116.0,129.0,297.0,False,SOFT,2.0,True,Red Bull Racing,0 days 00:48:50.815000,,21,,False,,False,True
2023-15,FP1,0 days 00:53:49.121000,VER,1,,11.0,2.0,,,0 days 00:00:54.532000,0 days 00:01:04.031000,0 days 00:00:32.521000,0 days 00:52:12.725000,0 days 00:53:16.724000,0 days 00:53:49.177000,131.0,222.0,254.0,130.0,False,SOFT,3.0,True,Red Bull Racing,0 days 00:51:18.070000,,1,,False,,False,False
2023-15,FP1,0 days 00:55:22.597000,VER,1,0 days 00:01:33.476000,12.0,2.0,,,0 days 00:00:27.508000,0 days 00:00:39.544000,0 days 00:00:26.424000,0 days 00:54:16.629000,0 days 00:54:56.173000,0 days 00:55:22.597000,306.0,273.0,255.0,296.0,True,SOFT,4.0,True,Red Bull Racing,0 days 00:53:49.121000,,1,,False,,False,True
2023-15,FP1,0 days 00:57:19.385000,VER,1,0 days 00:01:56.788000,13.0,2.0,,0 days 00:57:11.595000,0 days 00:00:32.915000,0 days 00:00:46.498000,0 days 00:00:37.375000,0 days 00:55:55.512000,0 days 00:56:42.010000,0 days 00:57:19.385000,232.0,194.0,,217.0,False,SOFT,5.0,True,Red Bull Racing,0 days 00:55:22.597000,,1,,False,,False,False
2023-15,FP1,0 days 01:05:34.633000,VER,1,,14.0,3.0,0 days 01:03:39.573000,,,0 days 00:00:43.448000,0 days 00:00:28.034000,,0 days 01:05:06.696000,0 days 01:05:34.664000,261.0,249.0,244.0,217.0,False,HARD,9.0,False,Red Bull Racing,0 days 00:57:19.385000,,12,,False,,False,False
2023-15,FP1,0 days 01:07:14.588000,VER,1,0 days 00:01:39.955000,15.0,3.0,,,0 days 00:00:29.364000,0 days 00:00:42.674000,0 days 00:00:27.917000,0 days 01:06:03.997000,0 days 01:06:46.671000,0 days 01:07:14.588000,282.0,254.0,244.0,280.0,False,HARD,10.0,False,Red Bull Racing,0 days 01:05:34.633000,,1,,False,,False,True
2023-15,FP1,0 days 01:08:54.028000,VER,1,0 days 00:01:39.440000,16.0,3.0,,,0 days 00:00:29.135000,0 days 00:00:42.512000,0 days 00:00:27.793000,0 days 01:07:43.723000,0 days 01:08:26.235000,0 days 01:08:54.028000,286.0,258.0,243.0,281.0,False,HARD,11.0,False,Red Bull Racing,0 days 01:07:14.588000,,1,,False,,False,True
2023-15,FP1,0 days 01:10:33.267000,VER,1,0 days 00:01:39.239000,17.0,3.0,,,0 days 00:00:29.044000,0 days 00:00:42.469000,0 days 00:00:27.726000,0 days 01:09:23.072000,0 days 01:10:05.541000,0 days 01:10:33.267000,287.0,257.0,245.0,280.0,False,HARD,12.0,False,Red Bull Racing,0 days 01:08:54.028000,,1,,False,,False,True
2023-15,FP1,0 days 01:12:21.784000,VER,1,0 days 00:01:48.517000,18.0,3.0,,,0 days 00:00:29.119000,0 days 00:00:48.339000,0 days 00:00:31.059000,0 days 01:11:02.386000,0 days 01:11:50.725000,0 days 01:12:21.784000,288.0,255.0,242.0,280.0,False,HARD,13.0,False,Red Bull Racing,0 days 01:10:33.267000,,12,,False,,False,True
2023-15,FP1,0 days 01:14:00.812000,VER,1,0 days 00:01:39.028000,19.0,3.0,,,0 days 00:00:29.052000,0 days 00:00:42.282000,0 days 00:00:27.694000,0 days 01:12:50.836000,0 days 01:13:33.118000,0 days 01:14:00.812000,286.0,257.0,244.0,280.0,False,HARD,14.0,False,Red Bull Racing,0 days 01:12:21.784000,,1,,False,,False,True
2023-15,FP1,0 days 01:15:40.068000,VER,1,0 days 00:01:39.256000,20.0,3.0,,,0 days 00:00:28.966000,0 days 00:00:42.413000,0 days 00:00:27.877000,0 days 01:14:29.778000,0 days 01:15:12.191000,0 days 01:15:40.068000,288.0,255.0,243.0,282.0,False,HARD,15.0,False,Red Bull Racing,0 days 01:14:00.812000,,1,,False,,False,True
2023-15,FP1,0 days 01:17:52.792000,VER,1,0 days 00:02:12.724000,21.0,3.0,,,0 days 00:00:32.714000,0 days 00:00:48.787000,0 days 00:00:51.223000,0 days 01:16:12.782000,0 days 01:17:01.569000,0 days 01:17:52.792000,282.0,231.0,41.0,199.0,False,HARD,16.0,False,Red Bull Racing,0 days 01:15:40.068000,,1,,False,,False,True
2023-15,FP1,0 days 01:20:28.242000,VER,1,,22.0,3.0,,0 days 01:20:20.430000,0 days 00:01:01.547000,0 days 00:00:51.923000,0 days 00:00:41.975000,0 days 01:18:54.494000,0 days 01:19:46.446000,0 days 01:20:28.242000,234.0,191.0,,217.0,False,HARD,17.0,False,Red Bull Racing,0 days 01:17:52.792000,,1,,False,,False,False
2023-15,FP1,0 days 00:20:39.310000,SAR,2,,1.0,1.0,0 days 00:18:27.276000,,,0 days 00:00:58.243000,0 days 00:00:36.787000,,0 days 00:20:02.697000,0 days 00:20:39.384000,293.0,255.0,241.0,,False,HARD,1.0,True,Williams,0 days 00:18:27.276000,,1,,False,,False,False
2023-15,FP1,0 days 00:22:21.282000,SAR,2,0 days 00:01:41.972000,2.0,1.0,,,0 days 00:00:29.329000,0 days 00:00:43.714000,0 days 00:00:28.929000,0 days 00:21:08.639000,0 days 00:21:52.353000,0 days 00:22:21.282000,306.0,275.0,245.0,295.0,True,HARD,2.0,True,Williams,0 days 00:20:39.310000,,1,,False,,False,True
2023-15,FP1,0 days 00:24:00.442000,SAR,2,0 days 00:01:39.160000,3.0,1.0,,,0 days 00:00:29.148000,0 days 00:00:41.972000,0 days 00:00:28.040000,0 days 00:22:50.430000,0 days 00:23:32.402000,0 days 00:24:00.442000,309.0,276.0,247.0,298.0,True,HARD,3.0,True,Williams,0 days 00:22:21.282000,,1,,False,,False,True
2023-15,FP1,0 days 00:26:23.370000,SAR,2,0 days 00:02:22.928000,4.0,1.0,,,0 days 00:00:36.780000,0 days 00:00:57.879000,0 days 00:00:48.269000,0 days 00:24:37.222000,0 days 00:25:35.101000,0 days 00:26:23.370000,262.0,252.0,244.0,296.0,False,HARD,4.0,True,Williams,0 days 00:24:00.442000,,1,,False,,False,True
2023-15,FP1,0 days 00:28:02.030000,SAR,2,0 days 00:01:38.660000,5.0,1.0,,,0 days 00:00:28.424000,0 days 00:00:42.443000,0 days 00:00:27.793000,0 days 00:26:51.794000,0 days 00:27:34.237000,0 days 00:28:02.030000,308.0,275.0,248.0,297.0,True,HARD,5.0,True,Williams,0 days 00:26:23.370000,,1,,False,,False,True
2023-15,FP1,0 days 00:30:28.002000,SAR,2,0 days 00:02:25.972000,6.0,1.0,,,0 days 00:00:42.086000,0 days 00:01:03.939000,0 days 00:00:39.947000,0 days 00:28:44.116000,0 days 00:29:48.055000,0 days 00:30:28.002000,200.0,249.0,247.0,287.0,False,HARD,6.0,True,Williams,0 days 00:28:02.030000,,1,,False,,False,True
2023-15,FP1,0 days 00:32:05.294000,SAR,2,0 days 00:01:37.292000,7.0,1.0,,,0 days 00:00:28.449000,0 days 00:00:41.409000,0 days 00:00:27.434000,0 days 00:30:56.451000,0 days 00:31:37.860000,0 days 00:32:05.294000,308.0,276.0,249.0,300.0,True,HARD,7.0,True,Williams,0 days 00:30:28.002000,,1,,False,,False,True
2023-15,FP1,0 days 00:34:49.032000,SAR,2,,8.0,1.0,,,0 days 00:00:44.057000,0 days 00:01:13.895000,0 days 00:00:45.725000,0 days 00:32:49.605000,0 days 00:34:03.307000,0 days 00:34:49.087000,219.0,203.0,248.0,294.0,False,HARD,8.0,True,Williams,0 days 00:32:05.294000,,1,,False,,False,False
2023-15,FP1,0 days 00:36:26.016000,SAR,2,0 days 00:01:36.984000,9.0,1.0,,,0 days 00:00:28.202000,0 days 00:00:41.186000,0 days 00:00:27.596000,0 days 00:35:17.234000,0 days 00:35:58.420000,0 days 00:36:26.016000,309.0,276.0,248.0,299.0,True,HARD,9.0,True,Williams,0 days 00:34:49.032000,,1,,False,,False,True
2023-15,FP1,0 days 00:38:18.733000,SAR,2,0 days 00:01:52.717000,10.0,1.0,,0 days 00:38:10.881000,0 days 00:00:30.574000,0 days 00:00:45.040000,0 days 00:00:37.103000,0 days 00:36:56.590000,0 days 00:37:41.630000,0 days 00:38:18.733000,286.0,265.0,,298.0,False,HARD,10.0,True,Williams,0 days 00:36:26.016000,,1,,False,,False,False
2023-15,FP1,0 days 00:48:23.667000,SAR,2,,11.0,2.0,0 days 00:46:04.201000,,,0 days 00:00:57.883000,0 days 00:00:44.375000,,0 days 00:47:39.355000,0 days 00:48:23.667000,272.0,254.0,251.0,298.0,False,SOFT,1.0,True,Williams,0 days 00:38:18.733000,,12,,False,,False,False
2023-15,FP1,0 days 00:50:33.698000,SAR,2,0 days 00:02:10.031000,12.0,2.0,,0 days 00:50:25.821000,0 days 00:00:28.028000,0 days 00:00:48.939000,0 days 00:00:53.064000,0 days 00:48:51.695000,0 days 00:49:40.634000,0 days 00:50:33.698000,309.0,232.0,,299.0,False,SOFT,2.0,True,Williams,0 days 00:48:23.667000,,21,,False,,False,False
2023-15,FP1,0 days 00:53:24.585000,SAR,2,,13.0,3.0,0 days 00:50:58.430000,,0 days 00:00:57.982000,0 days 00:01:08.235000,0 days 00:00:44.774000,0 days 00:51:31.789000,0 days 00:52:40.006000,0 days 00:53:24.677000,247.0,241.0,252.0,299.0,False,SOFT,3.0,False,Williams,0 days 00:50:33.698000,,1,,False,,False,False
2023-15,FP1,0 days 00:55:00.363000,SAR,2,0 days 00:01:35.778000,14.0,3.0,,,0 days 00:00:27.847000,0 days 00:00:40.913000,0 days 00:00:27.018000,0 days 00:53:52.432000,0 days 00:54:33.345000,0 days 00:55:00.363000,309.0,276.0,253.0,299.0,True,SOFT,4.0,False,Williams,0 days 00:53:24.585000,,1,,False,,False,True
2023-15,FP1,0 days 00:57:02.466000,SAR,2,0 days 00:02:02.103000,15.0,3.0,,0 days 00:56:54.736000,0 days 00:00:34.806000,0 days 00:00:50.707000,0 days 00:00:36.590000,0 days 00:55:35.169000,0 days 00:56:25.876000,0 days 00:57:02.466000,240.0,245.0,,289.0,False,SOFT,5.0,False,Williams,0 days 00:55:00.363000,,1,,False,,False,False
2023-15,FP1,0 days 01:06:31.180000,SAR,2,,16.0,4.0,0 days 01:04:38.978000,,,0 days 00:00:43.498000,0 days 00:00:28.307000,,0 days 01:06:02.992000,0 days 01:06:31.195000,288.0,264.0,241.0,289.0,False,HARD,11.0,False,Williams,0 days 00:57:02.466000,,12,,False,,False,False
2023-15,FP1,0 days 01:08:10.990000,SAR,2,0 days 00:01:39.810000,17.0,4.0,,,0 days 00:00:29.207000,0 days 00:00:42.635000,0 days 00:00:27.968000,0 days 01:07:00.387000,0 days 01:07:43.022000,0 days 01:08:10.990000,287.0,263.0,245.0,284.0,False,HARD,12.0,False,Williams,0 days 01:06:31.180000,,1,,False,,False,True
2023-15,FP1,0 days 01:09:51.044000,SAR,2,0 days 00:01:40.054000,18.0,4.0,,,0 days 00:00:29.349000,0 days 00:00:42.519000,0 days 00:00:28.186000,0 days 01:08:40.339000,0 days 01:09:22.858000,0 days 01:09:51.044000,292.0,265.0,242.0,286.0,False,HARD,13.0,False,Williams,0 days 01:08:10.990000,,1,,False,,False,True
2023-15,FP1,0 days 01:11:32.458000,SAR,2,0 days 00:01:41.414000,19.0,4.0,,,0 days 00:00:29.457000,0 days 00:00:43.855000,0 days 00:00:28.102000,0 days 01:10:20.501000,0 days 01:11:04.356000,0 days 01:11:32.458000,295.0,266.0,243.0,288.0,False,HARD,14.0,False,Williams,0 days 01:09:51.044000,,12,,False,,False,True
2023-15,FP1,0 days 01:13:12.598000,SAR,2,0 days 00:01:40.140000,20.0,4.0,,,0 days 00:00:29.258000,0 days 00:00:42.660000,0 days 00:00:28.222000,0 days 01:12:01.716000,0 days 01:12:44.376000,0 days 01:13:12.598000,294.0,265.0,243.0,285.0,False,HARD,15.0,False,Williams,0 days 01:11:32.458000,,21,,False,,False,True
2023-15,FP1,0 days 01:14:55.087000,SAR,2,0 days 00:01:42.489000,21.0,4.0,,,0 days 00:00:29.639000,0 days 00:00:44.280000,0 days 00:00:28.570000,0 days 01:13:42.237000,0 days 01:14:26.517000,0 days 01:14:55.087000,293.0,265.0,242.0,285.0,False,HARD,16.0,False,Williams,0 days 01:13:12.598000,,1,,False,,False,True
2023-15,FP1,0 days 01:16:35.796000,SAR,2,0 days 00:01:40.709000,22.0,4.0,,,0 days 00:00:29.412000,0 days 00:00:42.923000,0 days 00:00:28.374000,0 days 01:15:24.499000,0 days 01:16:07.422000,0 days 01:16:35.796000,294.0,264.0,243.0,286.0,False,HARD,17.0,False,Williams,0 days 01:14:55.087000,,1,,False,,False,True
2023-15,FP1,0 days 01:19:04.338000,SAR,2,0 days 00:02:28.542000,23.0,4.0,,,0 days 00:00:34.171000,0 days 00:01:00.973000,0 days 00:00:53.398000,0 days 01:17:09.967000,0 days 01:18:10.940000,0 days 01:19:04.338000,221.0,149.0,76.0,280.0,False,HARD,18.0,False,Williams,0 days 01:16:35.796000,,1,,False,,False,True
2023-15,FP1,0 days 01:21:45.397000,SAR,2,,24.0,4.0,,0 days 01:21:37.460000,0 days 00:01:05.822000,0 days 00:00:50.813000,0 days 00:00:44.338000,0 days 01:20:10.289000,0 days 01:21:01.101000,0 days 01:21:45.397000,239.0,254.0,,217.0,False,HARD,19.0,False,Williams,0 days 01:19:04.338000,,1,,False,,False,False
2023-15,FP1,0 days 00:17:51.918000,NOR,4,,1.0,1.0,0 days 00:15:34.904000,,,0 days 00:00:51.543000,0 days 00:00:34.970000,,0 days 00:17:17.106000,0 days 00:17:51.949000,265.0,234.0,248.0,,False,MEDIUM,1.0,True,McLaren,0 days 00:15:34.904000,,1,,False,,False,False
2023-15,FP1,0 days 00:19:29.813000,NOR,4,0 days 00:01:37.895000,2.0,1.0,,,0 days 00:00:28.646000,0 days 00:00:41.804000,0 days 00:00:27.445000,0 days 00:18:20.564000,0 days 00:19:02.368000,0 days 00:19:29.813000,303.0,273.0,249.0,295.0,True,MEDIUM,2.0,True,McLaren,0 days 00:17:51.918000,,1,,False,,False,True
2023-15,FP1,0 days 00:21:48.395000,NOR,4,0 days 00:02:18.582000,3.0,1.0,,,0 days 00:00:38.037000,0 days 00:01:01.860000,0 days 00:00:38.685000,0 days 00:20:07.850000,0 days 00:21:09.710000,0 days 00:21:48.395000,205.0,128.0,251.0,237.0,False,MEDIUM,3.0,True,McLaren,0 days 00:19:29.813000,,1,,False,,False,True
2023-15,FP1,0 days 00:23:24.177000,NOR,4,0 days 00:01:35.782000,4.0,1.0,,,0 days 00:00:28.103000,0 days 00:00:40.693000,0 days 00:00:26.986000,0 days 00:22:16.498000,0 days 00:22:57.191000,0 days 00:23:24.177000,300.0,272.0,252.0,294.0,True,MEDIUM,4.0,True,McLaren,0 days 00:21:48.395000,,1,,False,,False,True
2023-15,FP1,0 days 00:25:28.463000,NOR,4,0 days 00:02:04.286000,5.0,1.0,,0 days 00:25:20.582000,0 days 00:00:36.825000,0 days 00:00:48.286000,0 days 00:00:39.175000,0 days 00:24:01.002000,0 days 00:24:49.288000,0 days 00:25:28.463000,199.0,218.0,,240.0,False,MEDIUM,5.0,True,McLaren,0 days 00:23:24.177000,,1,,False,,False,False
2023-15,FP1,0 days 00:28:21.104000,NOR,4,,6.0,2.0,0 days 00:26:04.112000,,0 days 00:01:17.987000,0 days 00:00:58.272000,0 days 00:00:36.423000,0 days 00:26:46.627000,0 days 00:27:44.829000,0 days 00:28:21.219000,149.0,181.0,252.0,240.0,False,MEDIUM,6.0,False,McLaren,0 days 00:25:28.463000,,1,,False,,False,False
2023-15,FP1,0 days 00:29:56.796000,NOR,4,0 days 00:01:35.692000,7.0,2.0,,,0 days 00:00:28.056000,0 days 00:00:40.550000,0 days 00:00:27.086000,0 days 00:28:49.160000,0 days 00:29:29.710000,0 days 00:29:56.796000,301.0,273.0,252.0,296.0,True,MEDIUM,7.0,False,McLaren,0 days 00:28:21.104000,,1,,False,,False,True
2023-15,FP1,0 days 00:32:19.065000,NOR,4,0 days 00:02:22.269000,8.0,2.0,,,0 days 00:00:43.522000,0 days 00:01:04.176000,0 days 00:00:34.571000,0 days 00:30:40.318000,0 days 00:31:44.494000,0 days 00:32:19.065000,142.0,149.0,251.0,251.0,False,MEDIUM,8.0,False,McLaren,0 days 00:29:56.796000,,1,,False,,False,True
2023-15,FP1,0 days 00:33:53.841000,NOR,4,0 days 00:01:34.776000,9.0,2.0,,,0 days 00:00:27.702000,0 days 00:00:40.208000,0 days 00:00:26.866000,0 days 00:32:46.767000,0 days 00:33:26.975000,0 days 00:33:53.841000,303.0,273.0,253.0,298.0,True,MEDIUM,9.0,False,McLaren,0 days 00:32:19.065000,,1,,False,,False,True
2023-15,FP1,0 days 00:35:55.915000,NOR,4,0 days 00:02:02.074000,10.0,2.0,,0 days 00:35:48.086000,0 days 00:00:35.028000,0 days 00:00:48.059000,0 days 00:00:38.987000,0 days 00:34:28.869000,0 days 00:35:16.928000,0 days 00:35:55.915000,199.0,198.0,,247.0,False,MEDIUM,10.0,False,McLaren,0 days 00:33:53.841000,,1,,False,,False,False
2023-15,FP1,0 days 00:48:43.658000,NOR,4,,11.0,3.0,0 days 00:46:34.169000,,,0 days 00:00:54.049000,0 days 00:00:36.013000,,0 days 00:48:07.698000,0 days 00:48:43.666000,250.0,197.0,254.0,247.0,False,SOFT,1.0,True,McLaren,0 days 00:35:55.915000,,12,,False,,False,False
2023-15,FP1,0 days 00:50:55.991000,NOR,4,0 days 00:02:12.333000,12.0,3.0,,,0 days 00:00:34.672000,0 days 00:00:57.669000,0 days 00:00:39.992000,0 days 00:49:18.330000,0 days 00:50:15.999000,0 days 00:50:55.991000,147.0,238.0,253.0,297.0,False,SOFT,2.0,True,McLaren,0 days 00:48:43.658000,,21,,False,,False,True
2023-15,FP1,0 days 00:52:29.513000,NOR,4,0 days 00:01:33.522000,13.0,3.0,,,0 days 00:00:27.373000,0 days 00:00:39.527000,0 days 00:00:26.622000,0 days 00:51:23.364000,0 days 00:52:02.891000,0 days 00:52:29.513000,303.0,272.0,251.0,297.0,True,SOFT,3.0,True,McLaren,0 days 00:50:55.991000,,1,,False,,False,True
2023-15,FP1,0 days 00:54:46.379000,NOR,4,0 days 00:02:16.866000,14.0,3.0,,,0 days 00:00:35.953000,0 days 00:01:01.113000,0 days 00:00:39.800000,0 days 00:53:05.466000,0 days 00:54:06.579000,0 days 00:54:46.379000,164.0,135.0,252.0,249.0,False,SOFT,4.0,True,McLaren,0 days 00:52:29.513000,,1,,False,,False,True
2023-15,FP1,0 days 00:56:33.369000,NOR,4,0 days 00:01:46.990000,15.0,3.0,,0 days 00:56:25.408000,0 days 00:00:27.445000,0 days 00:00:39.639000,0 days 00:00:39.906000,0 days 00:55:13.824000,0 days 00:55:53.463000,0 days 00:56:33.369000,302.0,267.0,,298.0,False,SOFT,5.0,True,McLaren,0 days 00:54:46.379000,,1,,False,,False,False
2023-15,FP1,0 days 01:06:07.401000,NOR,4,,16.0,4.0,0 days 01:04:14.697000,,,0 days 00:00:43.021000,0 days 00:00:27.568000,,0 days 01:05:39.961000,0 days 01:06:07.445000,274.0,260.0,239.0,298.0,False,SOFT,6.0,False,McLaren,0 days 00:56:33.369000,,12,,False,,False,False
2023-15,FP1,0 days 01:07:45.240000,NOR,4,0 days 00:01:37.839000,17.0,4.0,,,0 days 00:00:28.821000,0 days 00:00:41.384000,0 days 00:00:27.634000,0 days 01:06:36.222000,0 days 01:07:17.606000,0 days 01:07:45.240000,278.0,256.0,245.0,279.0,False,SOFT,7.0,False,McLaren,0 days 01:06:07.401000,,1,,False,,False,True
2023-15,FP1,0 days 01:09:23.226000,NOR,4,0 days 00:01:37.986000,18.0,4.0,,,0 days 00:00:28.808000,0 days 00:00:41.625000,0 days 00:00:27.553000,0 days 01:08:14.048000,0 days 01:08:55.673000,0 days 01:09:23.226000,283.0,260.0,246.0,276.0,False,SOFT,8.0,False,McLaren,0 days 01:07:45.240000,,1,,False,,False,True
2023-15,FP1,0 days 01:11:01.330000,NOR,4,0 days 00:01:38.104000,19.0,4.0,,,0 days 00:00:28.670000,0 days 00:00:41.748000,0 days 00:00:27.686000,0 days 01:09:51.896000,0 days 01:10:33.644000,0 days 01:11:01.330000,284.0,260.0,243.0,279.0,False,SOFT,9.0,False,McLaren,0 days 01:09:23.226000,,12,,False,,False,True
2023-15,FP1,0 days 01:12:42.063000,NOR,4,0 days 00:01:40.733000,20.0,4.0,,,0 days 00:00:28.734000,0 days 00:00:44.260000,0 days 00:00:27.739000,0 days 01:11:30.064000,0 days 01:12:14.324000,0 days 01:12:42.063000,286.0,260.0,246.0,280.0,False,SOFT,10.0,False,McLaren,0 days 01:11:01.330000,,21,,False,,False,True
2023-15,FP1,0 days 01:14:20.149000,NOR,4,0 days 00:01:38.086000,21.0,4.0,,,0 days 00:00:28.533000,0 days 00:00:41.766000,0 days 00:00:27.787000,0 days 01:13:10.596000,0 days 01:13:52.362000,0 days 01:14:20.149000,286.0,260.0,244.0,283.0,False,SOFT,11.0,False,McLaren,0 days 01:12:42.063000,,1,,False,,False,True
2023-15,FP1,0 days 01:15:59.209000,NOR,4,0 days 00:01:39.060000,22.0,4.0,,,0 days 00:00:28.722000,0 days 00:00:42.652000,0 days 00:00:27.686000,0 days 01:14:48.871000,0 days 01:15:31.523000,0 days 01:15:59.209000,288.0,260.0,245.0,280.0,False,SOFT,12.0,False,McLaren,0 days 01:14:20.149000,,1,,False,,False,True
2023-15,FP1,0 days 01:18:04.631000,NOR,4,0 days 00:02:05.422000,23.0,4.0,,,0 days 00:00:33.644000,0 days 00:00:49.936000,0 days 00:00:41.842000,0 days 01:16:32.853000,0 days 01:17:22.789000,0 days 01:18:04.631000,235.0,210.0,49.0,242.0,False,SOFT,13.0,False,McLaren,0 days 01:15:59.209000,,1,,False,,False,True
2023-15,FP1,0 days 01:20:41.336000,NOR,4,,24.0,4.0,,0 days 01:20:33.461000,0 days 00:01:09.621000,0 days 00:00:46.652000,0 days 00:00:40.460000,0 days 01:19:14.400000,0 days 01:20:00.993000,0 days 01:20:41.336000,227.0,239.0,,213.0,False,SOFT,14.0,False,McLaren,0 days 01:18:04.631000,,1,,False,,False,False
2023-15,FP1,0 days 00:18:45.174000,GAS,10,,1.0,1.0,0 days 00:16:40.591000,,,0 days 00:00:46.883000,0 days 00:00:44.281000,,0 days 00:18:01.089000,0 days 00:18:45.261000,280.0,258.0,245.0,,False,MEDIUM,1.0,True,Alpine,0 days 00:16:40.591000,,1,,False,,False,False
2023-15,FP1,0 days 00:20:23.165000,GAS,10,0 days 00:01:37.991000,2.0,1.0,,,0 days 00:00:28.870000,0 days 00:00:41.636000,0 days 00:00:27.485000,0 days 00:19:14.044000,0 days 00:19:55.680000,0 days 00:20:23.165000,302.0,271.0,247.0,287.0,True,MEDIUM,2.0,True,Alpine,0 days 00:18:45.174000,,1,,False,,False,True
2023-15,FP1,0 days 00:22:49.048000,GAS,10,0 days 00:02:25.883000,3.0,1.0,,,0 days 00:00:44.152000,0 days 00:01:01.874000,0 days 00:00:39.857000,0 days 00:21:07.317000,0 days 00:22:09.191000,0 days 00:22:49.048000,211.0,232.0,249.0,279.0,False,MEDIUM,3.0,True,Alpine,0 days 00:20:23.165000,,1,,False,,False,True
2023-15,FP1,0 days 00:24:26.810000,GAS,10,0 days 00:01:37.762000,4.0,1.0,,,0 days 00:00:28.552000,0 days 00:00:41.535000,0 days 00:00:27.675000,0 days 00:23:17.600000,0 days 00:23:59.135000,0 days 00:24:26.810000,303.0,271.0,250.0,288.0,True,MEDIUM,4.0,True,Alpine,0 days 00:22:49.048000,,1,,False,,False,True
2023-15,FP1,0 days 00:27:04.176000,GAS,10,,5.0,1.0,,,0 days 00:00:46.232000,0 days 00:01:07.435000,0 days 00:00:43.716000,0 days 00:25:13.207000,0 days 00:26:20.674000,0 days 00:27:04.299000,124.0,136.0,168.0,266.0,False,MEDIUM,5.0,True,Alpine,0 days 00:24:26.810000,,1,,False,,False,False
2023-15,FP1,0 days 00:29:13.128000,GAS,10,0 days 00:02:08.952000,6.0,1.0,,,0 days 00:00:41.047000,0 days 00:00:53.098000,0 days 00:00:34.807000,0 days 00:27:45.223000,0 days 00:28:38.321000,0 days 00:29:13.128000,211.0,244.0,248.0,195.0,False,MEDIUM,6.0,True,Alpine,0 days 00:27:04.176000,,1,,False,,False,True
2023-15,FP1,0 days 00:30:49.326000,GAS,10,0 days 00:01:36.198000,7.0,1.0,,,0 days 00:00:28.062000,0 days 00:00:40.745000,0 days 00:00:27.391000,0 days 00:29:41.190000,0 days 00:30:21.935000,0 days 00:30:49.326000,302.0,270.0,250.0,289.0,True,MEDIUM,7.0,True,Alpine,0 days 00:29:13.128000,,1,,False,,False,True
2023-15,FP1,0 days 00:32:56.616000,GAS,10,0 days 00:02:07.290000,8.0,1.0,,0 days 00:32:48.839000,0 days 00:00:37.554000,0 days 00:00:51.522000,0 days 00:00:38.214000,0 days 00:31:26.880000,0 days 00:32:18.402000,0 days 00:32:56.616000,200.0,238.0,,282.0,False,MEDIUM,8.0,True,Alpine,0 days 00:30:49.326000,,1,,False,,False,False
2023-15,FP1,0 days 00:42:12.410000,GAS,10,,9.0,2.0,0 days 00:40:16.878000,,,0 days 00:00:48.730000,0 days 00:00:30.066000,,0 days 00:41:42.518000,0 days 00:42:12.486000,234.0,256.0,248.0,282.0,False,SOFT,1.0,True,Alpine,0 days 00:32:56.616000,,1,,False,,False,False
2023-15,FP1,0 days 00:43:47.390000,GAS,10,0 days 00:01:34.980000,10.0,2.0,,,0 days 00:00:27.834000,0 days 00:00:40.038000,0 days 00:00:27.108000,0 days 00:42:40.244000,0 days 00:43:20.282000,0 days 00:43:47.390000,300.0,269.0,250.0,292.0,True,SOFT,2.0,True,Alpine,0 days 00:42:12.410000,,1,,False,,False,True
2023-15,FP1,0 days 00:46:22.403000,GAS,10,,11.0,2.0,,0 days 00:46:14.560000,0 days 00:00:46.987000,0 days 00:01:01.371000,0 days 00:00:46.595000,0 days 00:44:34.577000,0 days 00:45:35.967000,0 days 00:46:22.403000,122.0,157.0,,279.0,False,SOFT,3.0,True,Alpine,0 days 00:43:47.390000,,1,,False,,False,False
2023-15,FP1,0 days 00:49:03.521000,GAS,10,,12.0,3.0,0 days 00:46:48.278000,,0 days 00:01:06.307000,0 days 00:00:58.583000,0 days 00:00:36.288000,0 days 00:47:28.855000,0 days 00:48:27.417000,0 days 00:49:03.650000,188.0,246.0,249.0,279.0,False,SOFT,4.0,False,Alpine,0 days 00:46:22.403000,,12,,False,,False,False
2023-15,FP1,0 days 00:51:27.762000,GAS,10,0 days 00:02:24.241000,13.0,3.0,,,0 days 00:00:27.906000,0 days 00:01:07.601000,0 days 00:00:48.734000,0 days 00:49:31.427000,0 days 00:50:39.028000,0 days 00:51:27.762000,302.0,106.0,251.0,293.0,False,SOFT,5.0,False,Alpine,0 days 00:49:03.521000,,21,,False,,False,True
2023-15,FP1,0 days 00:53:02.483000,GAS,10,0 days 00:01:34.721000,14.0,3.0,,,0 days 00:00:27.960000,0 days 00:00:39.812000,0 days 00:00:26.949000,0 days 00:51:55.722000,0 days 00:52:35.534000,0 days 00:53:02.483000,300.0,270.0,252.0,293.0,True,SOFT,6.0,False,Alpine,0 days 00:51:27.762000,,1,,False,,False,True
2023-15,FP1,0 days 00:55:21.105000,GAS,10,0 days 00:02:18.622000,15.0,3.0,,,0 days 00:00:44.402000,0 days 00:00:56.433000,0 days 00:00:37.787000,0 days 00:53:46.885000,0 days 00:54:43.318000,0 days 00:55:21.105000,150.0,210.0,186.0,276.0,False,SOFT,7.0,False,Alpine,0 days 00:53:02.483000,,1,,False,,False,True
2023-15,FP1,0 days 00:57:35.845000,GAS,10,0 days 00:02:14.740000,16.0,3.0,,,0 days 00:00:38.694000,0 days 00:00:55.042000,0 days 00:00:41.004000,0 days 00:55:59.799000,0 days 00:56:54.841000,0 days 00:57:35.845000,191.0,197.0,250.0,211.0,False,SOFT,8.0,False,Alpine,0 days 00:55:21.105000,,1,,False,,False,True
2023-15,FP1,0 days 00:59:10.484000,GAS,10,0 days 00:01:34.639000,17.0,3.0,,,0 days 00:00:27.685000,0 days 00:00:39.850000,0 days 00:00:27.104000,0 days 00:58:03.530000,0 days 00:58:43.380000,0 days 00:59:10.484000,302.0,270.0,249.0,295.0,True,SOFT,9.0,False,Alpine,0 days 00:57:35.845000,,1,,False,,False,True
2023-15,FP1,0 days 01:01:05.408000,GAS,10,0 days 00:01:54.924000,18.0,3.0,,0 days 01:00:57.638000,0 days 00:00:32.690000,0 days 00:00:44.663000,0 days 00:00:37.571000,0 days 00:59:43.174000,0 days 01:00:27.837000,0 days 01:01:05.408000,219.0,253.0,,285.0,False,SOFT,10.0,False,Alpine,0 days 00:59:10.484000,,1,,False,,False,False
2023-15,FP1,0 days 01:11:58.783000,GAS,10,,19.0,4.0,0 days 01:09:47.097000,,,0 days 00:00:50.423000,0 days 00:00:28.287000,,0 days 01:11:30.580000,0 days 01:11:58.783000,283.0,260.0,243.0,285.0,False,SOFT,11.0,False,Alpine,0 days 01:01:05.408000,,12,,False,,False,False
2023-15,FP1,0 days 01:13:37.230000,GAS,10,0 days 00:01:38.447000,20.0,4.0,,,0 days 00:00:28.873000,0 days 00:00:41.641000,0 days 00:00:27.933000,0 days 01:12:27.656000,0 days 01:13:09.297000,0 days 01:13:37.230000,285.0,259.0,241.0,278.0,False,SOFT,12.0,False,Alpine,0 days 01:11:58.783000,,1,,False,,False,True
2023-15,FP1,0 days 01:15:15.978000,GAS,10,0 days 00:01:38.748000,21.0,4.0,,,0 days 00:00:28.886000,0 days 00:00:41.889000,0 days 00:00:27.973000,0 days 01:14:06.116000,0 days 01:14:48.005000,0 days 01:15:15.978000,285.0,257.0,240.0,277.0,False,SOFT,13.0,False,Alpine,0 days 01:13:37.230000,,1,,False,,False,True
2023-15,FP1,0 days 01:17:34.575000,GAS,10,0 days 00:02:18.597000,22.0,4.0,,,0 days 00:00:35.577000,0 days 00:00:54.068000,0 days 00:00:48.952000,0 days 01:15:51.555000,0 days 01:16:45.623000,0 days 01:17:34.575000,241.0,201.0,33.0,238.0,False,SOFT,14.0,False,Alpine,0 days 01:15:15.978000,,1,,False,,False,True
2023-15,FP1,0 days 01:19:53.641000,GAS,10,0 days 00:02:19.066000,23.0,4.0,,0 days 01:19:45.821000,0 days 00:00:55.641000,0 days 00:00:43.632000,0 days 00:00:39.793000,0 days 01:18:30.216000,0 days 01:19:13.848000,0 days 01:19:53.641000,286.0,260.0,,193.0,False,SOFT,15.0,False,Alpine,0 days 01:17:34.575000,,1,,False,,False,False
2023-15,FP1,0 days 00:18:05.358000,PER,11,,1.0,1.0,0 days 00:16:06.873000,,,0 days 00:00:49.809000,0 days 00:00:36.167000,,0 days 00:17:29.356000,0 days 00:18:05.449000,245.0,249.0,245.0,,False,HARD,1.0,True,Red Bull Racing,0 days 00:16:06.873000,,1,,False,,False,False
2023-15,FP1,0 days 00:19:44.982000,PER,11,0 days 00:01:39.624000,2.0,1.0,,,0 days 00:00:28.879000,0 days 00:00:42.478000,0 days 00:00:28.267000,0 days 00:18:34.237000,0 days 00:19:16.715000,0 days 00:19:44.982000,305.0,273.0,248.0,294.0,True,HARD,2.0,True,Red Bull Racing,0 days 00:18:05.358000,,1,,False,,False,True
2023-15,FP1,0 days 00:22:08.527000,PER,11,0 days 00:02:23.545000,3.0,1.0,,,0 days 00:00:42.318000,0 days 00:00:58.349000,0 days 00:00:42.878000,0 days 00:20:27.300000,0 days 00:21:25.649000,0 days 00:22:08.527000,120.0,232.0,248.0,209.0,False,HARD,3.0,True,Red Bull Racing,0 days 00:19:44.982000,,1,,False,,False,True
2023-15,FP1,0 days 00:23:45.365000,PER,11,0 days 00:01:36.838000,4.0,1.0,,,0 days 00:00:28.416000,0 days 00:00:41.079000,0 days 00:00:27.343000,0 days 00:22:36.943000,0 days 00:23:18.022000,0 days 00:23:45.365000,307.0,274.0,250.0,295.0,True,HARD,4.0,True,Red Bull Racing,0 days 00:22:08.527000,,1,,False,,False,True
2023-15,FP1,0 days 00:26:32.753000,PER,11,,5.0,1.0,,,0 days 00:00:45.101000,0 days 00:01:09.165000,0 days 00:00:53.107000,0 days 00:24:30.708000,0 days 00:25:39.831000,0 days 00:26:32.830000,131.0,121.0,248.0,197.0,False,HARD,5.0,True,Red Bull Racing,0 days 00:23:45.365000,,1,,False,,False,False
2023-15,FP1,0 days 00:28:41.745000,PER,11,0 days 00:02:08.992000,6.0,1.0,,,0 days 00:00:34.826000,0 days 00:00:53.747000,0 days 00:00:40.419000,0 days 00:27:07.579000,0 days 00:28:01.326000,0 days 00:28:41.745000,270.0,218.0,249.0,297.0,False,HARD,6.0,True,Red Bull Racing,0 days 00:26:32.753000,,1,,False,,False,True
2023-15,FP1,0 days 00:30:18.092000,PER,11,0 days 00:01:36.347000,7.0,1.0,,,0 days 00:00:28.330000,0 days 00:00:40.766000,0 days 00:00:27.251000,0 days 00:29:10.075000,0 days 00:29:50.841000,0 days 00:30:18.092000,307.0,276.0,251.0,296.0,True,HARD,7.0,True,Red Bull Racing,0 days 00:28:41.745000,,1,,False,,False,True
2023-15,FP1,0 days 00:32:42.565000,PER,11,0 days 00:02:24.473000,8.0,1.0,,,0 days 00:00:40.307000,0 days 00:01:04.906000,0 days 00:00:39.260000,0 days 00:30:58.399000,0 days 00:32:03.305000,0 days 00:32:42.565000,193.0,155.0,251.0,231.0,False,HARD,8.0,True,Red Bull Racing,0 days 00:30:18.092000,,1,,False,,False,True
2023-15,FP1,0 days 00:34:17.901000,PER,11,0 days 00:01:35.336000,9.0,1.0,,,0 days 00:00:27.959000,0 days 00:00:40.432000,0 days 00:00:26.945000,0 days 00:33:10.524000,0 days 00:33:50.956000,0 days 00:34:17.901000,308.0,274.0,254.0,297.0,True,HARD,9.0,True,Red Bull Racing,0 days 00:32:42.565000,,1,,False,,False,True
2023-15,FP1,0 days 00:36:17.761000,PER,11,0 days 00:01:59.860000,10.0,1.0,,0 days 00:36:09.930000,0 days 00:00:33.966000,0 days 00:00:47.134000,0 days 00:00:38.760000,0 days 00:34:51.867000,0 days 00:35:39.001000,0 days 00:36:17.761000,235.0,234.0,,240.0,False,HARD,10.0,True,Red Bull Racing,0 days 00:34:17.901000,,1,,False,,False,False
2023-15,FP1,0 days 00:48:35.995000,PER,11,,11.0,2.0,0 days 00:46:09.169000,,,0 days 00:01:07.807000,0 days 00:00:43.853000,,0 days 00:47:52.183000,0 days 00:48:35.995000,264.0,221.0,252.0,240.0,False,SOFT,1.0,True,Red Bull Racing,0 days 00:36:17.761000,,12,,False,,False,False
2023-15,FP1,0 days 00:50:47.542000,PER,11,0 days 00:02:11.547000,12.0,2.0,,,0 days 00:00:27.628000,0 days 00:01:00.785000,0 days 00:00:43.134000,0 days 00:49:03.623000,0 days 00:50:04.408000,0 days 00:50:47.542000,307.0,131.0,183.0,297.0,False,SOFT,2.0,True,Red Bull Racing,0 days 00:48:35.995000,,21,,False,,False,True
2023-15,FP1,0 days 00:53:17.728000,PER,11,,13.0,2.0,,,0 days 00:00:41.168000,0 days 00:01:09.857000,0 days 00:00:39.174000,0 days 00:51:28.835000,0 days 00:52:38.678000,0 days 00:53:17.755000,146.0,119.0,252.0,199.0,False,SOFT,3.0,True,Red Bull Racing,0 days 00:50:47.542000,,1,,False,,False,False
2023-15,FP1,0 days 00:54:51.535000,PER,11,0 days 00:01:33.807000,14.0,2.0,,,0 days 00:00:27.501000,0 days 00:00:39.560000,0 days 00:00:26.746000,0 days 00:53:45.229000,0 days 00:54:24.789000,0 days 00:54:51.535000,306.0,274.0,251.0,297.0,True,SOFT,4.0,True,Red Bull Racing,0 days 00:53:17.728000,,1,,False,,False,True
2023-15,FP1,0 days 00:57:46.278000,PER,11,,15.0,2.0,,,0 days 00:00:48.383000,0 days 00:01:16.517000,0 days 00:00:49.870000,0 days 00:55:40.034000,0 days 00:56:56.408000,0 days 00:57:46.298000,114.0,132.0,137.0,218.0,False,SOFT,5.0,True,Red Bull Racing,0 days 00:54:51.535000,,1,,False,,False,False
2023-15,FP1,0 days 01:00:26.534000,PER,11,,16.0,2.0,,,0 days 00:00:46.221000,0 days 00:01:07.617000,0 days 00:00:46.403000,0 days 00:58:32.640000,0 days 00:59:40.264000,0 days 01:00:26.560000,152.0,88.0,250.0,156.0,False,SOFT,6.0,True,Red Bull Racing,0 days 00:57:46.278000,,1,,False,,False,False
2023-15,FP1,0 days 01:02:00.259000,PER,11,0 days 00:01:33.725000,17.0,2.0,,,0 days 00:00:27.493000,0 days 00:00:39.583000,0 days 00:00:26.649000,0 days 01:00:54.027000,0 days 01:01:33.610000,0 days 01:02:00.259000,306.0,275.0,254.0,296.0,True,SOFT,7.0,True,Red Bull Racing,0 days 01:00:26.534000,,1,,False,,False,True
2023-15,FP1,0 days 01:04:11.635000,PER,11,0 days 00:02:11.376000,18.0,2.0,,0 days 01:04:03.822000,0 days 00:00:31.991000,0 days 00:00:59.976000,0 days 00:00:39.409000,0 days 01:02:32.250000,0 days 01:03:32.226000,0 days 01:04:11.635000,218.0,230.0,,288.0,False,SOFT,8.0,True,Red Bull Racing,0 days 01:02:00.259000,,12,,False,,False,False
2023-15,FP1,0 days 01:13:29.027000,PER,11,,19.0,3.0,0 days 01:11:23.455000,,,0 days 00:00:47.691000,0 days 00:00:28.766000,,0 days 01:13:00.531000,0 days 01:13:29.031000,243.0,255.0,242.0,288.0,False,SOFT,9.0,False,Red Bull Racing,0 days 01:04:11.635000,,12,,False,,False,False
2023-15,FP1,0 days 01:15:08.071000,PER,11,0 days 00:01:39.044000,20.0,3.0,,,0 days 00:00:29.053000,0 days 00:00:42.091000,0 days 00:00:27.900000,0 days 01:13:58.080000,0 days 01:14:40.171000,0 days 01:15:08.071000,284.0,256.0,245.0,280.0,False,SOFT,10.0,False,Red Bull Racing,0 days 01:13:29.027000,,1,,False,,False,True
2023-15,FP1,0 days 01:17:20.558000,PER,11,0 days 00:02:12.487000,21.0,3.0,,,0 days 00:00:29.205000,0 days 00:00:53.899000,0 days 00:00:49.383000,0 days 01:15:37.276000,0 days 01:16:31.175000,0 days 01:17:20.558000,287.0,201.0,87.0,283.0,False,SOFT,11.0,False,Red Bull Racing,0 days 01:15:08.071000,,1,,False,,False,True
2023-15,FP1,0 days 01:19:45.462000,PER,11,0 days 00:02:24.904000,22.0,3.0,,0 days 01:19:37.571000,0 days 00:00:58.334000,0 days 00:00:48.759000,0 days 00:00:37.811000,0 days 01:18:18.892000,0 days 01:19:07.651000,0 days 01:19:45.462000,271.0,231.0,,187.0,False,SOFT,12.0,False,Red Bull Racing,0 days 01:17:20.558000,,1,,False,,False,False
2023-15,FP1,0 days 00:17:18.939000,ALO,14,,1.0,1.0,0 days 00:15:19.858000,,,0 days 00:00:49.190000,0 days 00:00:31.763000,,0 days 00:16:47.325000,0 days 00:17:19.028000,264.0,240.0,245.0,,False,HARD,1.0,True,Aston Martin,0 days 00:15:19.858000,,1,,False,,False,False
2023-15,FP1,0 days 00:18:59.276000,ALO,14,0 days 00:01:40.337000,2.0,1.0,,,0 days 00:00:29.207000,0 days 00:00:42.754000,0 days 00:00:28.376000,0 days 00:17:48.146000,0 days 00:18:30.900000,0 days 00:18:59.276000,291.0,263.0,247.0,285.0,True,HARD,2.0,True,Aston Martin,0 days 00:17:18.939000,,1,,False,,False,True
2023-15,FP1,0 days 00:20:40.239000,ALO,14,0 days 00:01:40.963000,3.0,1.0,,,0 days 00:00:30.148000,0 days 00:00:42.563000,0 days 00:00:28.252000,0 days 00:19:29.424000,0 days 00:20:11.987000,0 days 00:20:40.239000,295.0,264.0,244.0,294.0,False,HARD,3.0,True,Aston Martin,0 days 00:18:59.276000,,1,,False,,False,True
2023-15,FP1,0 days 00:23:11.638000,ALO,14,,4.0,1.0,,,0 days 00:00:39.617000,0 days 00:01:09.859000,0 days 00:00:41.947000,0 days 00:21:20.039000,0 days 00:22:29.897000,0 days 00:23:11.803000,211.0,245.0,249.0,239.0,False,HARD,4.0,True,Aston Martin,0 days 00:20:40.239000,,1,,False,,False,False
2023-15,FP1,0 days 00:24:48.582000,ALO,14,0 days 00:01:36.944000,5.0,1.0,,,0 days 00:00:28.317000,0 days 00:00:41.250000,0 days 00:00:27.377000,0 days 00:23:39.955000,0 days 00:24:21.205000,0 days 00:24:48.582000,306.0,274.0,249.0,298.0,True,HARD,5.0,True,Aston Martin,0 days 00:23:11.638000,,1,,False,,False,True
2023-15,FP1,0 days 00:27:01.064000,ALO,14,0 days 00:02:12.482000,6.0,1.0,,0 days 00:26:53.314000,0 days 00:00:38.936000,0 days 00:00:52.534000,0 days 00:00:41.012000,0 days 00:25:27.518000,0 days 00:26:20.052000,0 days 00:27:01.064000,194.0,223.0,,208.0,False,HARD,6.0,True,Aston Martin,0 days 00:24:48.582000,,1,,False,,False,False
2023-15,FP1,0 days 00:36:03.390000,ALO,14,,7.0,2.0,0 days 00:33:48.792000,,,0 days 00:00:49.157000,0 days 00:00:34.199000,,0 days 00:35:29.415000,0 days 00:36:03.477000,279.0,249.0,242.0,208.0,False,HARD,7.0,False,Aston Martin,0 days 00:27:01.064000,,1,,False,,False,False
2023-15,FP1,0 days 00:37:43.067000,ALO,14,0 days 00:01:39.677000,8.0,2.0,,,0 days 00:00:29.137000,0 days 00:00:42.496000,0 days 00:00:28.044000,0 days 00:36:32.527000,0 days 00:37:15.023000,0 days 00:37:43.067000,283.0,259.0,246.0,283.0,False,HARD,8.0,False,Aston Martin,0 days 00:36:03.390000,,1,,False,,False,True
2023-15,FP1,0 days 00:39:20.417000,ALO,14,0 days 00:01:37.350000,9.0,2.0,,,0 days 00:00:28.722000,0 days 00:00:41.234000,0 days 00:00:27.394000,0 days 00:38:11.789000,0 days 00:38:53.023000,0 days 00:39:20.417000,295.0,266.0,249.0,289.0,False,HARD,9.0,False,Aston Martin,0 days 00:37:43.067000,,1,,False,,False,True
2023-15,FP1,0 days 00:41:39.118000,ALO,14,0 days 00:02:18.701000,10.0,2.0,,,0 days 00:00:34.711000,0 days 00:00:57.020000,0 days 00:00:46.970000,0 days 00:39:55.128000,0 days 00:40:52.148000,0 days 00:41:39.118000,275.0,105.0,252.0,274.0,False,HARD,10.0,False,Aston Martin,0 days 00:39:20.417000,,1,,False,,False,True
2023-15,FP1,0 days 00:43:14.922000,ALO,14,0 days 00:01:35.804000,11.0,2.0,,,0 days 00:00:27.934000,0 days 00:00:40.724000,0 days 00:00:27.146000,0 days 00:42:07.052000,0 days 00:42:47.776000,0 days 00:43:14.922000,304.0,272.0,249.0,297.0,True,HARD,11.0,False,Aston Martin,0 days 00:41:39.118000,,1,,False,,False,True
2023-15,FP1,0 days 00:45:14.926000,ALO,14,0 days 00:02:00.004000,12.0,2.0,,0 days 00:45:07.155000,0 days 00:00:34.183000,0 days 00:00:49.111000,0 days 00:00:36.710000,0 days 00:43:49.105000,0 days 00:44:38.216000,0 days 00:45:14.926000,266.0,239.0,,205.0,False,HARD,12.0,False,Aston Martin,0 days 00:43:14.922000,,1,,False,,False,False
2023-15,FP1,0 days 00:48:07.207000,ALO,14,,13.0,3.0,0 days 00:46:05.279000,,0 days 00:01:25.851000,0 days 00:00:51.750000,0 days 00:00:34.603000,0 days 00:46:40.997000,0 days 00:47:32.699000,0 days 00:48:07.230000,285.0,221.0,251.0,205.0,False,HARD,13.0,False,Aston Martin,0 days 00:45:14.926000,,12,,False,,False,False
2023-15,FP1,0 days 00:50:06.258000,ALO,14,0 days 00:01:59.051000,14.0,3.0,,,0 days 00:00:28.512000,0 days 00:00:48.225000,0 days 00:00:42.314000,0 days 00:48:35.719000,0 days 00:49:23.944000,0 days 00:50:06.258000,306.0,247.0,251.0,298.0,False,HARD,14.0,False,Aston Martin,0 days 00:48:07.207000,,21,,False,,False,True
2023-15,FP1,0 days 00:51:43.413000,ALO,14,0 days 00:01:37.155000,15.0,3.0,,,0 days 00:00:28.142000,0 days 00:00:41.533000,0 days 00:00:27.480000,0 days 00:50:34.400000,0 days 00:51:15.933000,0 days 00:51:43.413000,306.0,272.0,249.0,298.0,False,HARD,15.0,False,Aston Martin,0 days 00:50:06.258000,,1,,False,,False,True
2023-15,FP1,0 days 00:53:35.037000,ALO,14,0 days 00:01:51.624000,16.0,3.0,,0 days 00:53:26.693000,0 days 00:00:30.358000,0 days 00:00:43.068000,0 days 00:00:38.198000,0 days 00:52:13.771000,0 days 00:52:56.839000,0 days 00:53:35.037000,273.0,255.0,,275.0,False,HARD,16.0,False,Aston Martin,0 days 00:51:43.413000,,1,,False,,False,False
2023-15,FP1,0 days 01:00:17.132000,ALO,14,,17.0,4.0,0 days 00:58:10.375000,,,0 days 00:00:52.220000,0 days 00:00:40.044000,,0 days 00:59:37.342000,0 days 01:00:17.217000,280.0,153.0,251.0,275.0,False,SOFT,1.0,True,Aston Martin,0 days 00:53:35.037000,,1,,False,,False,False
2023-15,FP1,0 days 01:01:51.371000,ALO,14,0 days 00:01:34.239000,18.0,4.0,,,0 days 00:00:27.599000,0 days 00:00:39.993000,0 days 00:00:26.647000,0 days 01:00:44.731000,0 days 01:01:24.724000,0 days 01:01:51.371000,307.0,273.0,253.0,298.0,True,SOFT,2.0,True,Aston Martin,0 days 01:00:17.132000,,1,,False,,False,True
2023-15,FP1,0 days 01:04:10.397000,ALO,14,0 days 00:02:19.026000,19.0,4.0,,,0 days 00:00:40.301000,0 days 00:00:57.614000,0 days 00:00:41.111000,0 days 01:02:31.672000,0 days 01:03:29.286000,0 days 01:04:10.397000,232.0,225.0,253.0,185.0,False,SOFT,3.0,True,Aston Martin,0 days 01:01:51.371000,,12,,False,,False,True
2023-15,FP1,0 days 01:05:44.371000,ALO,14,0 days 00:01:33.974000,20.0,4.0,,,0 days 00:00:27.495000,0 days 00:00:39.841000,0 days 00:00:26.638000,0 days 01:04:37.892000,0 days 01:05:17.733000,0 days 01:05:44.371000,306.0,273.0,253.0,298.0,True,SOFT,4.0,True,Aston Martin,0 days 01:04:10.397000,,1,,False,,False,True
2023-15,FP1,0 days 01:07:42.613000,ALO,14,0 days 00:01:58.242000,21.0,4.0,,,0 days 00:00:35.460000,0 days 00:00:50.911000,0 days 00:00:31.871000,0 days 01:06:19.831000,0 days 01:07:10.742000,0 days 01:07:42.613000,265.0,236.0,247.0,173.0,False,SOFT,5.0,True,Aston Martin,0 days 01:05:44.371000,,1,,False,,False,True
2023-15,FP1,0 days 01:09:20.436000,ALO,14,0 days 00:01:37.823000,22.0,4.0,,,0 days 00:00:28.581000,0 days 00:00:41.582000,0 days 00:00:27.660000,0 days 01:08:11.194000,0 days 01:08:52.776000,0 days 01:09:20.436000,290.0,264.0,247.0,285.0,False,SOFT,6.0,True,Aston Martin,0 days 01:07:42.613000,,1,,False,,False,True
2023-15,FP1,0 days 01:10:57.827000,ALO,14,0 days 00:01:37.391000,23.0,4.0,,,0 days 00:00:28.693000,0 days 00:00:41.222000,0 days 00:00:27.476000,0 days 01:09:49.129000,0 days 01:10:30.351000,0 days 01:10:57.827000,282.0,264.0,248.0,285.0,False,SOFT,7.0,True,Aston Martin,0 days 01:09:20.436000,,12,,False,,False,True
2023-15,FP1,0 days 01:12:37.071000,ALO,14,0 days 00:01:39.244000,24.0,4.0,,,0 days 00:00:28.339000,0 days 00:00:43.478000,0 days 00:00:27.427000,0 days 01:11:26.166000,0 days 01:12:09.644000,0 days 01:12:37.071000,291.0,264.0,248.0,285.0,False,SOFT,8.0,True,Aston Martin,0 days 01:10:57.827000,,21,,False,,False,True
2023-15,FP1,0 days 01:14:14.615000,ALO,14,0 days 00:01:37.544000,25.0,4.0,,,0 days 00:00:28.749000,0 days 00:00:41.356000,0 days 00:00:27.439000,0 days 01:13:05.820000,0 days 01:13:47.176000,0 days 01:14:14.615000,289.0,265.0,247.0,286.0,False,SOFT,9.0,True,Aston Martin,0 days 01:12:37.071000,,1,,False,,False,True
2023-15,FP1,0 days 01:15:51.998000,ALO,14,0 days 00:01:37.383000,26.0,4.0,,,0 days 00:00:28.437000,0 days 00:00:41.365000,0 days 00:00:27.581000,0 days 01:14:43.052000,0 days 01:15:24.417000,0 days 01:15:51.998000,291.0,265.0,247.0,286.0,False,SOFT,10.0,True,Aston Martin,0 days 01:14:14.615000,,1,,False,,False,True
2023-15,FP1,0 days 01:18:02.095000,ALO,14,0 days 00:02:10.097000,27.0,4.0,,,0 days 00:00:38.381000,0 days 00:00:51.119000,0 days 00:00:40.597000,0 days 01:16:30.379000,0 days 01:17:21.498000,0 days 01:18:02.095000,193.0,175.0,51.0,190.0,False,SOFT,11.0,True,Aston Martin,0 days 01:15:51.998000,,1,,False,,False,True
2023-15,FP1,0 days 01:20:36.414000,ALO,14,,28.0,4.0,,0 days 01:20:28.492000,0 days 00:01:03.836000,0 days 00:00:49.337000,0 days 00:00:40.971000,0 days 01:19:06.150000,0 days 01:19:55.446000,0 days 01:20:36.414000,297.0,192.0,,209.0,False,SOFT,12.0,True,Aston Martin,0 days 01:18:02.095000,,1,,False,,False,False
2023-15,FP1,0 days 00:18:18.629000,LEC,16,,1.0,1.0,0 days 00:16:13.341000,,,0 days 00:00:47.361000,0 days 00:00:43.724000,,0 days 00:17:35.090000,0 days 00:18:18.745000,268.0,213.0,243.0,,False,HARD,1.0,True,Ferrari,0 days 00:16:13.341000,,1,,False,,False,False
2023-15,FP1,0 days 00:19:56.853000,LEC,16,0 days 00:01:38.224000,2.0,1.0,,,0 days 00:00:28.661000,0 days 00:00:41.605000,0 days 00:00:27.958000,0 days 00:18:47.290000,0 days 00:19:28.895000,0 days 00:19:56.853000,304.0,274.0,250.0,293.0,True,HARD,2.0,True,Ferrari,0 days 00:18:18.629000,,1,,False,,False,True
2023-15,FP1,0 days 00:22:19.545000,LEC,16,0 days 00:02:22.692000,3.0,1.0,,,0 days 00:00:39.257000,0 days 00:01:11.113000,0 days 00:00:32.322000,0 days 00:20:36.110000,0 days 00:21:47.223000,0 days 00:22:19.545000,135.0,149.0,249.0,297.0,False,HARD,3.0,True,Ferrari,0 days 00:19:56.853000,,1,,False,,False,True
2023-15,FP1,0 days 00:23:55.913000,LEC,16,0 days 00:01:36.368000,4.0,1.0,,,0 days 00:00:28.144000,0 days 00:00:40.735000,0 days 00:00:27.489000,0 days 00:22:47.689000,0 days 00:23:28.424000,0 days 00:23:55.913000,306.0,275.0,253.0,295.0,True,HARD,4.0,True,Ferrari,0 days 00:22:19.545000,,1,,False,,False,True
2023-15,FP1,0 days 00:26:49.958000,LEC,16,,5.0,1.0,,,0 days 00:00:54.989000,0 days 00:01:14.507000,0 days 00:00:44.508000,0 days 00:24:51.113000,0 days 00:26:05.456000,0 days 00:26:50.033000,109.0,70.0,248.0,232.0,False,HARD,5.0,True,Ferrari,0 days 00:23:55.913000,,1,,False,,False,False
2023-15,FP1,0 days 00:28:25.641000,LEC,16,0 days 00:01:35.683000,6.0,1.0,,,0 days 00:00:28.046000,0 days 00:00:40.358000,0 days 00:00:27.279000,0 days 00:27:18.004000,0 days 00:27:58.362000,0 days 00:28:25.641000,307.0,276.0,254.0,296.0,True,HARD,6.0,True,Ferrari,0 days 00:26:49.958000,,1,,False,,False,True
2023-15,FP1,0 days 00:31:02.902000,LEC,16,,7.0,1.0,,,0 days 00:00:40.791000,0 days 00:01:17.574000,0 days 00:00:38.922000,0 days 00:29:06.578000,0 days 00:30:24.014000,0 days 00:31:02.998000,101.0,122.0,249.0,295.0,False,HARD,7.0,True,Ferrari,0 days 00:28:25.641000,,1,,False,,False,False
2023-15,FP1,0 days 00:32:38.731000,LEC,16,0 days 00:01:35.829000,8.0,1.0,,,0 days 00:00:27.996000,0 days 00:00:40.569000,0 days 00:00:27.264000,0 days 00:31:30.898000,0 days 00:32:11.467000,0 days 00:32:38.731000,307.0,275.0,254.0,296.0,False,HARD,8.0,True,Ferrari,0 days 00:31:02.902000,,1,,False,,False,True
2023-15,FP1,0 days 00:35:05.531000,LEC,16,0 days 00:02:26.800000,9.0,1.0,,,0 days 00:00:46.107000,0 days 00:01:04.099000,0 days 00:00:36.594000,0 days 00:33:24.838000,0 days 00:34:28.937000,0 days 00:35:05.531000,113.0,169.0,252.0,239.0,False,HARD,9.0,True,Ferrari,0 days 00:32:38.731000,,1,,False,,False,True
2023-15,FP1,0 days 00:36:40.664000,LEC,16,0 days 00:01:35.133000,10.0,1.0,,,0 days 00:00:27.741000,0 days 00:00:40.357000,0 days 00:00:27.035000,0 days 00:35:33.272000,0 days 00:36:13.629000,0 days 00:36:40.664000,306.0,275.0,254.0,296.0,True,HARD,10.0,True,Ferrari,0 days 00:35:05.531000,,1,,False,,False,True
2023-15,FP1,0 days 00:38:46.699000,LEC,16,0 days 00:02:06.035000,11.0,1.0,,0 days 00:38:38.880000,0 days 00:00:32.717000,0 days 00:00:51.219000,0 days 00:00:42.099000,0 days 00:37:13.381000,0 days 00:38:04.600000,0 days 00:38:46.699000,247.0,158.0,,271.0,False,HARD,11.0,True,Ferrari,0 days 00:36:40.664000,,1,,False,,False,False
2023-15,FP1,0 days 00:48:17.558000,LEC,16,,12.0,2.0,0 days 00:45:57.951000,,,0 days 00:00:56.906000,0 days 00:00:39.951000,,0 days 00:47:37.699000,0 days 00:48:17.558000,248.0,240.0,252.0,271.0,False,SOFT,1.0,True,Ferrari,0 days 00:38:46.699000,,12,,False,,False,False
2023-15,FP1,0 days 00:50:39.468000,LEC,16,0 days 00:02:21.910000,13.0,2.0,,,0 days 00:00:27.499000,0 days 00:00:59.545000,0 days 00:00:54.866000,0 days 00:48:45.057000,0 days 00:49:44.602000,0 days 00:50:39.468000,308.0,116.0,253.0,298.0,False,SOFT,2.0,True,Ferrari,0 days 00:48:17.558000,,21,,False,,False,True
2023-15,FP1,0 days 00:53:11.419000,LEC,16,,14.0,2.0,,,0 days 00:00:42.960000,0 days 00:01:11.778000,0 days 00:00:37.316000,0 days 00:51:22.523000,0 days 00:52:34.178000,0 days 00:53:11.521000,98.0,85.0,251.0,299.0,False,SOFT,3.0,True,Ferrari,0 days 00:50:39.468000,,1,,False,,False,False
2023-15,FP1,0 days 00:54:44.769000,LEC,16,0 days 00:01:33.350000,15.0,2.0,,,0 days 00:00:27.268000,0 days 00:00:39.457000,0 days 00:00:26.625000,0 days 00:53:38.687000,0 days 00:54:18.144000,0 days 00:54:44.769000,306.0,276.0,257.0,297.0,True,SOFT,4.0,True,Ferrari,0 days 00:53:11.419000,,1,,False,,False,True
2023-15,FP1,0 days 00:57:40.751000,LEC,16,,16.0,2.0,,0 days 00:57:32.751000,0 days 00:00:53.420000,0 days 00:01:08.836000,0 days 00:00:53.556000,0 days 00:55:38.378000,0 days 00:56:47.205000,0 days 00:57:40.751000,107.0,146.0,,242.0,False,SOFT,5.0,True,Ferrari,0 days 00:54:44.769000,,1,,False,,False,False
2023-15,FP1,0 days 01:00:40.900000,LEC,16,,17.0,3.0,0 days 00:58:08.672000,,0 days 00:01:18.905000,0 days 00:01:00.193000,0 days 00:00:41.097000,0 days 00:58:59.703000,0 days 00:59:59.889000,0 days 01:00:40.935000,127.0,238.0,253.0,242.0,False,SOFT,6.0,False,Ferrari,0 days 00:57:40.751000,,1,,False,,False,False
2023-15,FP1,0 days 01:02:14.355000,LEC,16,0 days 00:01:33.455000,18.0,3.0,,,0 days 00:00:27.187000,0 days 00:00:39.854000,0 days 00:00:26.414000,0 days 01:01:08.087000,0 days 01:01:47.941000,0 days 01:02:14.355000,308.0,276.0,257.0,298.0,False,SOFT,7.0,False,Ferrari,0 days 01:00:40.900000,,12,,False,,False,True
2023-15,FP1,0 days 01:04:58.024000,LEC,16,,19.0,3.0,,,0 days 00:00:49.541000,0 days 00:01:10.560000,0 days 00:00:43.588000,0 days 01:03:03.964000,0 days 01:04:14.541000,0 days 01:04:58.024000,138.0,114.0,253.0,220.0,False,SOFT,8.0,False,Ferrari,0 days 01:02:14.355000,,21,,False,,False,False
2023-15,FP1,0 days 01:06:56.708000,LEC,16,0 days 00:01:58.684000,20.0,3.0,,0 days 01:06:48.804000,0 days 00:00:27.070000,0 days 00:00:46.154000,0 days 00:00:45.460000,0 days 01:05:25.094000,0 days 01:06:11.248000,0 days 01:06:56.708000,310.0,154.0,,298.0,False,SOFT,9.0,False,Ferrari,0 days 01:04:58.024000,,1,,False,,False,False
2023-15,FP1,0 days 01:12:05.219000,LEC,16,,21.0,4.0,0 days 01:10:08.191000,,,0 days 00:00:47.121000,0 days 00:00:28.799000,,0 days 01:11:36.580000,0 days 01:12:05.220000,288.0,264.0,251.0,298.0,False,HARD,12.0,False,Ferrari,0 days 01:06:56.708000,,12,,False,,False,False
2023-15,FP1,0 days 01:13:43.858000,LEC,16,0 days 00:01:38.639000,22.0,4.0,,,0 days 00:00:28.045000,0 days 00:00:42.200000,0 days 00:00:28.394000,0 days 01:12:33.264000,0 days 01:13:15.464000,0 days 01:13:43.858000,295.0,272.0,253.0,287.0,False,HARD,13.0,False,Ferrari,0 days 01:12:05.219000,,1,,False,,False,True
2023-15,FP1,0 days 01:15:21.275000,LEC,16,0 days 00:01:37.417000,23.0,4.0,,,0 days 00:00:28.553000,0 days 00:00:41.417000,0 days 00:00:27.447000,0 days 01:14:12.411000,0 days 01:14:53.828000,0 days 01:15:21.275000,286.0,263.0,249.0,299.0,False,HARD,14.0,False,Ferrari,0 days 01:13:43.858000,,1,,False,,False,True
2023-15,FP1,0 days 01:17:42.823000,LEC,16,0 days 00:02:21.548000,24.0,4.0,,,0 days 00:00:36.085000,0 days 00:00:57.240000,0 days 00:00:48.223000,0 days 01:15:57.360000,0 days 01:16:54.600000,0 days 01:17:42.823000,179.0,145.0,59.0,285.0,False,HARD,15.0,False,Ferrari,0 days 01:15:21.275000,,1,,False,,False,True
2023-15,FP1,0 days 01:20:02.704000,LEC,16,0 days 00:02:19.881000,25.0,4.0,,0 days 01:19:54.821000,0 days 00:00:52.061000,0 days 00:00:47.536000,0 days 00:00:40.284000,0 days 01:18:34.884000,0 days 01:19:22.420000,0 days 01:20:02.704000,286.0,204.0,,202.0,False,HARD,16.0,False,Ferrari,0 days 01:17:42.823000,,1,,False,,False,False
2023-15,FP1,0 days 00:17:01.106000,STR,18,,1.0,1.0,0 days 00:15:03.999000,,,0 days 00:00:51.693000,0 days 00:00:31.884000,,0 days 00:16:29.294000,0 days 00:17:01.106000,297.0,198.0,243.0,,False,HARD,1.0,True,Aston Martin,0 days 00:15:03.999000,,1,,False,,False,False
2023-15,FP1,0 days 00:19:00.542000,STR,18,0 days 00:01:59.436000,2.0,1.0,,0 days 00:18:52.682000,0 days 00:00:29.732000,0 days 00:00:50.693000,0 days 00:00:39.011000,0 days 00:17:30.838000,0 days 00:18:21.531000,0 days 00:19:00.542000,304.0,199.0,,292.0,False,HARD,2.0,True,Aston Martin,0 days 00:17:01.106000,,1,,False,,False,False
2023-15,FP1,0 days 00:33:00.121000,STR,18,,3.0,2.0,0 days 00:31:13.591000,,,0 days 00:00:44.804000,0 days 00:00:30.563000,,0 days 00:32:30.340000,0 days 00:33:00.214000,300.0,257.0,246.0,292.0,False,HARD,3.0,False,Aston Martin,0 days 00:19:00.542000,,1,,False,,False,False
2023-15,FP1,0 days 00:34:40.103000,STR,18,0 days 00:01:39.982000,4.0,2.0,,,0 days 00:00:29.011000,0 days 00:00:41.528000,0 days 00:00:29.443000,0 days 00:33:29.132000,0 days 00:34:10.660000,0 days 00:34:40.103000,292.0,265.0,250.0,286.0,True,HARD,4.0,False,Aston Martin,0 days 00:33:00.121000,,1,,False,,False,True
2023-15,FP1,0 days 00:36:18.190000,STR,18,0 days 00:01:38.087000,5.0,2.0,,,0 days 00:00:28.551000,0 days 00:00:41.741000,0 days 00:00:27.795000,0 days 00:35:08.654000,0 days 00:35:50.395000,0 days 00:36:18.190000,293.0,263.0,248.0,298.0,True,HARD,5.0,False,Aston Martin,0 days 00:34:40.103000,,1,,False,,False,True
2023-15,FP1,0 days 00:38:42.048000,STR,18,0 days 00:02:23.858000,6.0,2.0,,,0 days 00:00:43.448000,0 days 00:01:06.692000,0 days 00:00:33.718000,0 days 00:37:01.638000,0 days 00:38:08.330000,0 days 00:38:42.048000,160.0,72.0,250.0,274.0,False,HARD,6.0,False,Aston Martin,0 days 00:36:18.190000,,1,,False,,False,True
2023-15,FP1,0 days 00:40:18.460000,STR,18,0 days 00:01:36.412000,7.0,2.0,,,0 days 00:00:28.102000,0 days 00:00:41.011000,0 days 00:00:27.299000,0 days 00:39:10.150000,0 days 00:39:51.161000,0 days 00:40:18.460000,304.0,272.0,249.0,298.0,True,HARD,7.0,False,Aston Martin,0 days 00:38:42.048000,,1,,False,,False,True
2023-15,FP1,0 days 00:42:29.385000,STR,18,0 days 00:02:10.925000,8.0,2.0,,0 days 00:42:21.611000,0 days 00:00:36.342000,0 days 00:00:53.039000,0 days 00:00:41.544000,0 days 00:40:54.802000,0 days 00:41:47.841000,0 days 00:42:29.385000,220.0,191.0,,238.0,False,HARD,8.0,False,Aston Martin,0 days 00:40:18.460000,,1,,False,,False,False
2023-15,FP1,0 days 00:45:19.502000,STR,18,,9.0,3.0,0 days 00:43:21.391000,,0 days 00:01:27.036000,0 days 00:00:53.449000,0 days 00:00:29.630000,0 days 00:43:56.687000,0 days 00:44:50.077000,0 days 00:45:19.561000,249.0,243.0,252.0,238.0,False,HARD,9.0,False,Aston Martin,0 days 00:42:29.385000,,1,,False,,False,False
2023-15,FP1,0 days 00:46:55.668000,STR,18,0 days 00:01:36.166000,10.0,3.0,,,0 days 00:00:27.921000,0 days 00:00:41.056000,0 days 00:00:27.189000,0 days 00:45:47.423000,0 days 00:46:28.479000,0 days 00:46:55.668000,305.0,273.0,248.0,297.0,True,HARD,10.0,False,Aston Martin,0 days 00:45:19.502000,,1,,False,,False,True
2023-15,FP1,0 days 00:49:17.651000,STR,18,0 days 00:02:21.983000,11.0,3.0,,,0 days 00:00:47.258000,0 days 00:00:59.920000,0 days 00:00:34.805000,0 days 00:47:42.926000,0 days 00:48:42.846000,0 days 00:49:17.651000,97.0,219.0,250.0,212.0,False,HARD,11.0,False,Aston Martin,0 days 00:46:55.668000,,12,,False,,False,True
2023-15,FP1,0 days 00:51:33.390000,STR,18,0 days 00:02:15.739000,12.0,3.0,,,0 days 00:00:27.882000,0 days 00:00:55.557000,0 days 00:00:52.300000,0 days 00:49:45.533000,0 days 00:50:41.090000,0 days 00:51:33.390000,306.0,172.0,250.0,297.0,False,HARD,12.0,False,Aston Martin,0 days 00:49:17.651000,,21,,False,,False,True
2023-15,FP1,0 days 00:53:27.343000,STR,18,0 days 00:01:53.953000,13.0,3.0,,0 days 00:53:19.568000,0 days 00:00:27.851000,0 days 00:00:45.432000,0 days 00:00:40.670000,0 days 00:52:01.241000,0 days 00:52:46.673000,0 days 00:53:27.343000,304.0,237.0,,297.0,False,HARD,13.0,False,Aston Martin,0 days 00:51:33.390000,,1,,False,,False,False
2023-15,FP1,0 days 01:00:11.761000,STR,18,,14.0,4.0,0 days 00:58:01.735000,,,0 days 00:00:53.601000,0 days 00:00:36.278000,,0 days 00:59:35.639000,0 days 01:00:11.842000,206.0,251.0,252.0,297.0,False,SOFT,1.0,True,Aston Martin,0 days 00:53:27.343000,,1,,False,,False,False
2023-15,FP1,0 days 01:01:46.512000,STR,18,0 days 00:01:34.751000,15.0,4.0,,,0 days 00:00:27.497000,0 days 00:00:40.211000,0 days 00:00:27.043000,0 days 01:00:39.258000,0 days 01:01:19.469000,0 days 01:01:46.512000,305.0,273.0,249.0,298.0,True,SOFT,2.0,True,Aston Martin,0 days 01:00:11.761000,,1,,False,,False,True
2023-15,FP1,0 days 01:04:17.116000,STR,18,,16.0,4.0,,,0 days 00:00:45.650000,0 days 00:01:05.726000,0 days 00:00:39.207000,0 days 01:02:32.371000,0 days 01:03:38.135000,0 days 01:04:17.166000,150.0,145.0,209.0,224.0,False,SOFT,3.0,True,Aston Martin,0 days 01:01:46.512000,,12,,False,,False,False
2023-15,FP1,0 days 01:06:23.063000,STR,18,0 days 00:02:05.947000,17.0,4.0,,,0 days 00:00:39.004000,0 days 00:00:53.918000,0 days 00:00:33.025000,0 days 01:04:56.120000,0 days 01:05:50.038000,0 days 01:06:23.063000,269.0,227.0,253.0,229.0,False,SOFT,4.0,True,Aston Martin,0 days 01:04:17.116000,,1,,False,,False,True
2023-15,FP1,0 days 01:07:57.631000,STR,18,0 days 00:01:34.568000,18.0,4.0,,,0 days 00:00:27.475000,0 days 00:00:40.326000,0 days 00:00:26.767000,0 days 01:06:50.538000,0 days 01:07:30.864000,0 days 01:07:57.631000,307.0,274.0,253.0,297.0,True,SOFT,5.0,True,Aston Martin,0 days 01:06:23.063000,,1,,False,,False,True
2023-15,FP1,0 days 01:09:50.221000,STR,18,0 days 00:01:52.590000,19.0,4.0,,,0 days 00:00:31.768000,0 days 00:00:47.070000,0 days 00:00:33.752000,0 days 01:08:29.399000,0 days 01:09:16.469000,0 days 01:09:50.221000,279.0,227.0,241.0,253.0,False,SOFT,6.0,True,Aston Martin,0 days 01:07:57.631000,,1,,False,,False,True
2023-15,FP1,0 days 01:11:28.966000,STR,18,0 days 00:01:38.745000,20.0,4.0,,,0 days 00:00:28.598000,0 days 00:00:42.710000,0 days 00:00:27.437000,0 days 01:10:18.819000,0 days 01:11:01.529000,0 days 01:11:28.966000,294.0,266.0,248.0,279.0,False,SOFT,7.0,True,Aston Martin,0 days 01:09:50.221000,,12,,False,,False,True
2023-15,FP1,0 days 01:13:06.623000,STR,18,0 days 00:01:37.657000,21.0,4.0,,,0 days 00:00:28.328000,0 days 00:00:41.821000,0 days 00:00:27.508000,0 days 01:11:57.294000,0 days 01:12:39.115000,0 days 01:13:06.623000,289.0,262.0,248.0,287.0,False,SOFT,8.0,True,Aston Martin,0 days 01:11:28.966000,,21,,False,,False,True
2023-15,FP1,0 days 01:14:45.856000,STR,18,0 days 00:01:39.233000,22.0,4.0,,,0 days 00:00:28.854000,0 days 00:00:42.648000,0 days 00:00:27.731000,0 days 01:13:35.477000,0 days 01:14:18.125000,0 days 01:14:45.856000,287.0,264.0,248.0,276.0,False,SOFT,9.0,True,Aston Martin,0 days 01:13:06.623000,,1,,False,,False,True
2023-15,FP1,0 days 01:16:25.238000,STR,18,0 days 00:01:39.382000,23.0,4.0,,,0 days 00:00:29.020000,0 days 00:00:42.635000,0 days 00:00:27.727000,0 days 01:15:14.876000,0 days 01:15:57.511000,0 days 01:16:25.238000,294.0,266.0,246.0,289.0,False,SOFT,10.0,True,Aston Martin,0 days 01:14:45.856000,,1,,False,,False,True
2023-15,FP1,0 days 01:18:59.650000,STR,18,,24.0,4.0,,,0 days 00:00:39.498000,0 days 00:01:01.191000,0 days 00:00:53.630000,0 days 01:17:04.902000,0 days 01:18:06.057000,0 days 01:18:59.650000,146.0,209.0,26.0,234.0,False,SOFT,11.0,True,Aston Martin,0 days 01:16:25.238000,,1,,False,,False,False
2023-15,FP1,0 days 01:21:43.412000,STR,18,,25.0,4.0,,0 days 01:21:35.475000,0 days 00:01:06.208000,0 days 00:00:53.490000,0 days 00:00:44.045000,0 days 01:20:05.930000,0 days 01:20:59.367000,0 days 01:21:43.413000,218.0,177.0,,212.0,False,SOFT,12.0,True,Aston Martin,0 days 01:18:59.650000,,1,,False,,False,False
2023-15,FP1,0 days 00:18:49.071000,MAG,20,,1.0,1.0,0 days 00:16:43.685000,,,0 days 00:00:47.575000,0 days 00:00:45.002000,,0 days 00:18:04.199000,0 days 00:18:49.136000,267.0,246.0,241.0,,False,HARD,1.0,True,Haas F1 Team,0 days 00:16:43.685000,,1,,False,,False,False
2023-15,FP1,0 days 00:20:28.024000,MAG,20,0 days 00:01:38.953000,2.0,1.0,,,0 days 00:00:28.927000,0 days 00:00:41.877000,0 days 00:00:28.149000,0 days 00:19:17.998000,0 days 00:19:59.875000,0 days 00:20:28.024000,305.0,272.0,245.0,293.0,True,HARD,2.0,True,Haas F1 Team,0 days 00:18:49.071000,,1,,False,,False,True
2023-15,FP1,0 days 00:23:04.183000,MAG,20,,3.0,1.0,,,0 days 00:00:43.604000,0 days 00:01:08.030000,0 days 00:00:44.562000,0 days 00:21:11.789000,0 days 00:22:19.819000,0 days 00:23:04.272000,151.0,144.0,247.0,284.0,False,HARD,3.0,True,Haas F1 Team,0 days 00:20:28.024000,,1,,False,,False,False
2023-15,FP1,0 days 00:24:41.832000,MAG,20,0 days 00:01:37.649000,4.0,1.0,,,0 days 00:00:28.526000,0 days 00:00:41.142000,0 days 00:00:27.981000,0 days 00:23:32.709000,0 days 00:24:13.851000,0 days 00:24:41.832000,306.0,273.0,250.0,293.0,True,HARD,4.0,True,Haas F1 Team,0 days 00:23:04.183000,,1,,False,,False,True
2023-15,FP1,0 days 00:27:23.942000,MAG,20,,5.0,1.0,,,0 days 00:00:45.810000,0 days 00:01:09.183000,0 days 00:00:47.133000,0 days 00:25:27.847000,0 days 00:26:37.049000,0 days 00:27:24.064000,145.0,150.0,246.0,291.0,False,HARD,5.0,True,Haas F1 Team,0 days 00:24:41.832000,,1,,False,,False,False
2023-15,FP1,0 days 00:29:01.031000,MAG,20,0 days 00:01:37.089000,6.0,1.0,,,0 days 00:00:28.257000,0 days 00:00:41.074000,0 days 00:00:27.758000,0 days 00:27:52.199000,0 days 00:28:33.273000,0 days 00:29:01.031000,304.0,272.0,247.0,293.0,True,HARD,6.0,True,Haas F1 Team,0 days 00:27:23.942000,,1,,False,,False,True
2023-15,FP1,0 days 00:31:12.527000,MAG,20,0 days 00:02:11.496000,7.0,1.0,,0 days 00:31:04.498000,0 days 00:00:34.184000,0 days 00:00:53.607000,0 days 00:00:43.705000,0 days 00:29:35.215000,0 days 00:30:28.822000,0 days 00:31:12.527000,267.0,198.0,,287.0,False,HARD,7.0,True,Haas F1 Team,0 days 00:29:01.031000,,1,,False,,False,False
2023-15,FP1,0 days 00:45:27.740000,MAG,20,,8.0,2.0,0 days 00:43:16.860000,,,0 days 00:00:59.391000,0 days 00:00:32.283000,,0 days 00:44:55.577000,0 days 00:45:27.795000,177.0,237.0,245.0,287.0,False,SOFT,1.0,True,Haas F1 Team,0 days 00:31:12.527000,,1,,False,,False,False
2023-15,FP1,0 days 00:47:02.746000,MAG,20,0 days 00:01:35.006000,9.0,2.0,,,0 days 00:00:27.883000,0 days 00:00:39.938000,0 days 00:00:27.185000,0 days 00:45:55.623000,0 days 00:46:35.561000,0 days 00:47:02.746000,302.0,273.0,249.0,291.0,True,SOFT,2.0,True,Haas F1 Team,0 days 00:45:27.740000,,1,,False,,False,True
2023-15,FP1,0 days 00:49:51.653000,MAG,20,,10.0,2.0,,,0 days 00:00:46.947000,0 days 00:01:11.413000,0 days 00:00:50.492000,0 days 00:47:49.855000,0 days 00:49:01.276000,0 days 00:49:51.665000,128.0,121.0,143.0,242.0,False,SOFT,3.0,True,Haas F1 Team,0 days 00:47:02.746000,,12,,False,,False,False
2023-15,FP1,0 days 00:52:19.147000,MAG,20,0 days 00:02:27.494000,11.0,2.0,,,0 days 00:00:48.614000,0 days 00:01:04.350000,0 days 00:00:34.530000,0 days 00:50:40.267000,0 days 00:51:44.617000,0 days 00:52:19.147000,156.0,191.0,246.0,153.0,False,SOFT,4.0,True,Haas F1 Team,0 days 00:49:51.653000,,21,,False,,False,True
2023-15,FP1,0 days 00:53:54.034000,MAG,20,0 days 00:01:34.887000,12.0,2.0,,,0 days 00:00:27.714000,0 days 00:00:40.098000,0 days 00:00:27.075000,0 days 00:52:46.861000,0 days 00:53:26.959000,0 days 00:53:54.034000,304.0,273.0,251.0,292.0,True,SOFT,5.0,True,Haas F1 Team,0 days 00:52:19.147000,,1,,False,,False,True
2023-15,FP1,0 days 00:56:10.491000,MAG,20,0 days 00:02:16.457000,13.0,2.0,,0 days 00:56:02.393000,0 days 00:00:33.821000,0 days 00:00:58.200000,0 days 00:00:44.436000,0 days 00:54:27.855000,0 days 00:55:26.055000,0 days 00:56:10.491000,229.0,198.0,,259.0,False,SOFT,6.0,True,Haas F1 Team,0 days 00:53:54.034000,,1,,False,,False,False
2023-15,FP1,0 days 01:03:22.054000,MAG,20,,14.0,3.0,0 days 01:01:22.622000,,,0 days 00:00:45.847000,0 days 00:00:28.473000,,0 days 01:02:53.667000,0 days 01:03:22.057000,277.0,255.0,245.0,259.0,False,HARD,8.0,False,Haas F1 Team,0 days 00:56:10.491000,,12,,False,,False,False
2023-15,FP1,0 days 01:05:01.470000,MAG,20,0 days 00:01:39.416000,15.0,3.0,,,0 days 00:00:28.963000,0 days 00:00:42.139000,0 days 00:00:28.314000,0 days 01:03:51.017000,0 days 01:04:33.156000,0 days 01:05:01.470000,280.0,255.0,245.0,274.0,False,HARD,9.0,False,Haas F1 Team,0 days 01:03:22.054000,,1,,False,,False,True
2023-15,FP1,0 days 01:06:41.710000,MAG,20,0 days 00:01:40.240000,16.0,3.0,,,0 days 00:00:29.023000,0 days 00:00:42.799000,0 days 00:00:28.418000,0 days 01:05:30.493000,0 days 01:06:13.292000,0 days 01:06:41.710000,283.0,257.0,244.0,279.0,False,HARD,10.0,False,Haas F1 Team,0 days 01:05:01.470000,,1,,False,,False,True
2023-15,FP1,0 days 01:08:21.489000,MAG,20,0 days 00:01:39.779000,17.0,3.0,,,0 days 00:00:29.139000,0 days 00:00:42.542000,0 days 00:00:28.098000,0 days 01:07:10.849000,0 days 01:07:53.391000,0 days 01:08:21.489000,283.0,256.0,244.0,276.0,False,HARD,11.0,False,Haas F1 Team,0 days 01:06:41.710000,,1,,False,,False,True
2023-15,FP1,0 days 01:10:01.074000,MAG,20,0 days 00:01:39.585000,18.0,3.0,,,0 days 00:00:29.098000,0 days 00:00:42.422000,0 days 00:00:28.065000,0 days 01:08:50.587000,0 days 01:09:33.009000,0 days 01:10:01.074000,284.0,257.0,244.0,277.0,False,HARD,12.0,False,Haas F1 Team,0 days 01:08:21.489000,,1,,False,,False,True
2023-15,FP1,0 days 01:11:42.236000,MAG,20,0 days 00:01:41.162000,19.0,3.0,,,0 days 00:00:29.238000,0 days 00:00:43.516000,0 days 00:00:28.408000,0 days 01:10:30.312000,0 days 01:11:13.828000,0 days 01:11:42.236000,287.0,258.0,243.0,277.0,False,HARD,13.0,False,Haas F1 Team,0 days 01:10:01.074000,,12,,False,,False,True
2023-15,FP1,0 days 01:13:22.148000,MAG,20,0 days 00:01:39.912000,20.0,3.0,,,0 days 00:00:29.061000,0 days 00:00:42.647000,0 days 00:00:28.204000,0 days 01:12:11.297000,0 days 01:12:53.944000,0 days 01:13:22.148000,286.0,259.0,243.0,280.0,False,HARD,14.0,False,Haas F1 Team,0 days 01:11:42.236000,,21,,False,,False,True
2023-15,FP1,0 days 01:15:03.312000,MAG,20,0 days 00:01:41.164000,21.0,3.0,,,0 days 00:00:29.431000,0 days 00:00:43.263000,0 days 00:00:28.470000,0 days 01:13:51.579000,0 days 01:14:34.842000,0 days 01:15:03.312000,284.0,258.0,242.0,278.0,False,HARD,15.0,False,Haas F1 Team,0 days 01:13:22.148000,,1,,False,,False,True
2023-15,FP1,0 days 01:16:54.023000,MAG,20,0 days 00:01:50.711000,22.0,3.0,,,0 days 00:00:29.539000,0 days 00:00:44.561000,0 days 00:00:36.611000,0 days 01:15:32.851000,0 days 01:16:17.412000,0 days 01:16:54.023000,284.0,198.0,53.0,268.0,False,HARD,16.0,False,Haas F1 Team,0 days 01:15:03.312000,,1,,False,,False,True
2023-15,FP1,0 days 01:19:26.540000,MAG,20,,23.0,3.0,,0 days 01:19:18.400000,0 days 00:00:52.476000,0 days 00:00:59.216000,0 days 00:00:40.757000,0 days 01:17:46.620000,0 days 01:18:45.791000,0 days 01:19:26.540000,286.0,179.0,,185.0,False,HARD,17.0,False,Haas F1 Team,0 days 01:16:54.023000,,1,,False,,False,False
2023-15,FP1,0 days 00:18:25.952000,TSU,22,,1.0,1.0,0 days 00:16:22.216000,,,0 days 00:00:48.859000,0 days 00:00:37.134000,,0 days 00:17:49.027000,0 days 00:18:26.027000,271.0,247.0,238.0,,False,HARD,1.0,True,AlphaTauri,0 days 00:16:22.216000,,1,,False,,False,False
2023-15,FP1,0 days 00:20:06.947000,TSU,22,0 days 00:01:40.995000,2.0,1.0,,,0 days 00:00:29.708000,0 days 00:00:42.752000,0 days 00:00:28.535000,0 days 00:18:55.660000,0 days 00:19:38.412000,0 days 00:20:06.947000,301.0,269.0,243.0,289.0,True,HARD,2.0,True,AlphaTauri,0 days 00:18:25.952000,,1,,False,,False,True
2023-15,FP1,0 days 00:22:25.707000,TSU,22,0 days 00:02:18.760000,3.0,1.0,,,0 days 00:00:41.108000,0 days 00:01:00.076000,0 days 00:00:37.576000,0 days 00:20:48.055000,0 days 00:21:48.131000,0 days 00:22:25.707000,233.0,162.0,246.0,276.0,False,HARD,3.0,True,AlphaTauri,0 days 00:20:06.947000,,1,,False,,False,True
2023-15,FP1,0 days 00:24:03.566000,TSU,22,0 days 00:01:37.859000,4.0,1.0,,,0 days 00:00:28.738000,0 days 00:00:41.481000,0 days 00:00:27.640000,0 days 00:22:54.445000,0 days 00:23:35.926000,0 days 00:24:03.566000,304.0,272.0,246.0,293.0,True,HARD,4.0,True,AlphaTauri,0 days 00:22:25.707000,,1,,False,,False,True
2023-15,FP1,0 days 00:26:28.865000,TSU,22,0 days 00:02:25.299000,5.0,1.0,,,0 days 00:00:42.623000,0 days 00:01:04.088000,0 days 00:00:38.588000,0 days 00:24:46.189000,0 days 00:25:50.277000,0 days 00:26:28.865000,226.0,222.0,245.0,268.0,False,HARD,5.0,True,AlphaTauri,0 days 00:24:03.566000,,1,,False,,False,True
2023-15,FP1,0 days 00:28:05.374000,TSU,22,0 days 00:01:36.509000,6.0,1.0,,,0 days 00:00:28.398000,0 days 00:00:40.799000,0 days 00:00:27.312000,0 days 00:26:57.263000,0 days 00:27:38.062000,0 days 00:28:05.374000,302.0,273.0,241.0,294.0,True,HARD,6.0,True,AlphaTauri,0 days 00:26:28.865000,,1,,False,,False,True
2023-15,FP1,0 days 00:30:45.026000,TSU,22,,7.0,1.0,,,0 days 00:00:46.400000,0 days 00:01:08.503000,0 days 00:00:44.754000,0 days 00:28:51.953000,0 days 00:30:00.608000,0 days 00:30:45.123000,227.0,237.0,243.0,269.0,False,HARD,7.0,True,AlphaTauri,0 days 00:28:05.374000,,1,,False,,False,False
2023-15,FP1,0 days 00:32:21.090000,TSU,22,0 days 00:01:36.064000,8.0,1.0,,,0 days 00:00:28.220000,0 days 00:00:40.653000,0 days 00:00:27.191000,0 days 00:31:13.246000,0 days 00:31:53.899000,0 days 00:32:21.090000,304.0,273.0,247.0,294.0,True,HARD,8.0,True,AlphaTauri,0 days 00:30:45.026000,,1,,False,,False,True
2023-15,FP1,0 days 00:34:36.161000,TSU,22,0 days 00:02:15.071000,9.0,1.0,,,0 days 00:00:42.324000,0 days 00:00:59.309000,0 days 00:00:33.438000,0 days 00:33:03.414000,0 days 00:34:02.723000,0 days 00:34:36.161000,236.0,183.0,246.0,267.0,False,HARD,9.0,True,AlphaTauri,0 days 00:32:21.090000,,1,,False,,False,True
2023-15,FP1,0 days 00:36:11.943000,TSU,22,0 days 00:01:35.782000,10.0,1.0,,,0 days 00:00:28.018000,0 days 00:00:40.636000,0 days 00:00:27.128000,0 days 00:35:04.179000,0 days 00:35:44.815000,0 days 00:36:11.943000,303.0,272.0,250.0,293.0,True,HARD,10.0,True,AlphaTauri,0 days 00:34:36.161000,,1,,False,,False,True
2023-15,FP1,0 days 00:38:12.973000,TSU,22,0 days 00:02:01.030000,11.0,1.0,,0 days 00:38:05.178000,0 days 00:00:32.469000,0 days 00:00:48.844000,0 days 00:00:39.717000,0 days 00:36:44.412000,0 days 00:37:33.256000,0 days 00:38:12.973000,245.0,249.0,,269.0,False,HARD,11.0,True,AlphaTauri,0 days 00:36:11.943000,,1,,False,,False,False
2023-15,FP1,0 days 00:46:57.371000,TSU,22,,12.0,2.0,0 days 00:44:52.046000,,,0 days 00:00:52.228000,0 days 00:00:33.133000,,0 days 00:46:24.372000,0 days 00:46:57.418000,245.0,241.0,250.0,269.0,False,SOFT,1.0,True,AlphaTauri,0 days 00:38:12.973000,,1,,False,,False,False
2023-15,FP1,0 days 00:48:57.118000,TSU,22,0 days 00:01:59.747000,13.0,2.0,,,0 days 00:00:27.689000,0 days 00:00:57.692000,0 days 00:00:34.366000,0 days 00:47:25.060000,0 days 00:48:22.752000,0 days 00:48:57.118000,301.0,134.0,249.0,294.0,False,SOFT,2.0,True,AlphaTauri,0 days 00:46:57.371000,,12,,False,,False,True
2023-15,FP1,0 days 00:51:23.691000,TSU,22,0 days 00:02:26.573000,14.0,2.0,,,0 days 00:00:27.635000,0 days 00:01:07.683000,0 days 00:00:51.255000,0 days 00:49:24.753000,0 days 00:50:32.436000,0 days 00:51:23.691000,304.0,118.0,130.0,294.0,False,SOFT,3.0,True,AlphaTauri,0 days 00:48:57.118000,,21,,False,,False,True
2023-15,FP1,0 days 00:53:52.961000,TSU,22,0 days 00:02:29.270000,15.0,2.0,,,0 days 00:00:49.801000,0 days 00:01:03.579000,0 days 00:00:35.890000,0 days 00:52:13.492000,0 days 00:53:17.071000,0 days 00:53:52.961000,152.0,194.0,249.0,116.0,False,SOFT,4.0,True,AlphaTauri,0 days 00:51:23.691000,,1,,False,,False,True
2023-15,FP1,0 days 00:55:27.003000,TSU,22,0 days 00:01:34.042000,16.0,2.0,,,0 days 00:00:27.466000,0 days 00:00:39.743000,0 days 00:00:26.833000,0 days 00:54:20.427000,0 days 00:55:00.170000,0 days 00:55:27.003000,305.0,273.0,249.0,295.0,True,SOFT,5.0,True,AlphaTauri,0 days 00:53:52.961000,,1,,False,,False,True
2023-15,FP1,0 days 00:57:45.726000,TSU,22,0 days 00:02:18.723000,17.0,2.0,,0 days 00:57:37.829000,0 days 00:00:35.881000,0 days 00:00:55.589000,0 days 00:00:47.253000,0 days 00:56:02.884000,0 days 00:56:58.473000,0 days 00:57:45.726000,239.0,155.0,,254.0,False,SOFT,6.0,True,AlphaTauri,0 days 00:55:27.003000,,1,,False,,False,False
2023-15,FP1,0 days 01:07:52.860000,TSU,22,,18.0,3.0,0 days 01:05:53.867000,,,0 days 00:00:44.081000,0 days 00:00:28.448000,,0 days 01:07:24.490000,0 days 01:07:52.881000,282.0,254.0,240.0,254.0,False,SOFT,7.0,False,AlphaTauri,0 days 00:57:45.726000,,12,,False,,False,False
2023-15,FP1,0 days 01:09:32.254000,TSU,22,0 days 00:01:39.394000,19.0,3.0,,,0 days 00:00:29.157000,0 days 00:00:42.181000,0 days 00:00:28.056000,0 days 01:08:22.017000,0 days 01:09:04.198000,0 days 01:09:32.254000,281.0,255.0,241.0,278.0,False,SOFT,8.0,False,AlphaTauri,0 days 01:07:52.860000,,1,,False,,False,True
2023-15,FP1,0 days 01:11:12.081000,TSU,22,0 days 00:01:39.827000,20.0,3.0,,,0 days 00:00:29.189000,0 days 00:00:42.537000,0 days 00:00:28.101000,0 days 01:10:01.443000,0 days 01:10:43.980000,0 days 01:11:12.081000,281.0,255.0,241.0,278.0,False,SOFT,9.0,False,AlphaTauri,0 days 01:09:32.254000,,12,,False,,False,True
2023-15,FP1,0 days 01:12:52.913000,TSU,22,0 days 00:01:40.832000,21.0,3.0,,,0 days 00:00:29.027000,0 days 00:00:43.712000,0 days 00:00:28.093000,0 days 01:11:41.108000,0 days 01:12:24.820000,0 days 01:12:52.913000,281.0,256.0,242.0,278.0,False,SOFT,10.0,False,AlphaTauri,0 days 01:11:12.081000,,21,,False,,False,True
2023-15,FP1,0 days 01:14:32.351000,TSU,22,0 days 00:01:39.438000,22.0,3.0,,,0 days 00:00:29.100000,0 days 00:00:42.510000,0 days 00:00:27.828000,0 days 01:13:22.013000,0 days 01:14:04.523000,0 days 01:14:32.351000,284.0,257.0,242.0,279.0,False,SOFT,11.0,False,AlphaTauri,0 days 01:12:52.913000,,1,,False,,False,True
2023-15,FP1,0 days 01:16:14.823000,TSU,22,0 days 00:01:42.472000,23.0,3.0,,,0 days 00:00:29.062000,0 days 00:00:44.987000,0 days 00:00:28.423000,0 days 01:15:01.413000,0 days 01:15:46.400000,0 days 01:16:14.823000,282.0,256.0,240.0,279.0,False,SOFT,12.0,False,AlphaTauri,0 days 01:14:32.351000,,1,,False,,False,True
2023-15,FP1,0 days 01:18:16.581000,TSU,22,0 days 00:02:01.758000,24.0,3.0,,,0 days 00:00:34.517000,0 days 00:00:50.085000,0 days 00:00:37.156000,0 days 01:16:49.340000,0 days 01:17:39.425000,0 days 01:18:16.581000,246.0,237.0,67.0,246.0,False,SOFT,13.0,False,AlphaTauri,0 days 01:16:14.823000,,1,,False,,False,True
2023-15,FP1,0 days 01:20:31.633000,TSU,22,0 days 00:02:15.052000,25.0,3.0,,0 days 01:20:23.742000,0 days 00:00:48.495000,0 days 00:00:46.264000,0 days 00:00:40.293000,0 days 01:19:05.076000,0 days 01:19:51.340000,0 days 01:20:31.633000,288.0,229.0,,183.0,False,SOFT,14.0,False,AlphaTauri,0 days 01:18:16.581000,,1,,False,,False,False
2023-15,FP1,0 days 00:21:12.628000,ALB,23,,1.0,1.0,0 days 00:19:20.760000,,,0 days 00:00:47.588000,0 days 00:00:30.484000,,0 days 00:20:42.337000,0 days 00:21:12.680000,298.0,253.0,245.0,,False,MEDIUM,1.0,True,Williams,0 days 00:19:20.760000,,1,,False,,False,False
2023-15,FP1,0 days 00:22:51.743000,ALB,23,0 days 00:01:39.115000,2.0,1.0,,,0 days 00:00:28.654000,0 days 00:00:42.196000,0 days 00:00:28.265000,0 days 00:21:41.282000,0 days 00:22:23.478000,0 days 00:22:51.743000,305.0,275.0,247.0,295.0,True,MEDIUM,2.0,True,Williams,0 days 00:21:12.628000,,1,,False,,False,True
2023-15,FP1,0 days 00:25:06.067000,ALB,23,0 days 00:02:14.324000,3.0,1.0,,,0 days 00:00:40.527000,0 days 00:00:55.583000,0 days 00:00:38.214000,0 days 00:23:32.270000,0 days 00:24:27.853000,0 days 00:25:06.067000,151.0,250.0,248.0,188.0,False,MEDIUM,3.0,True,Williams,0 days 00:22:51.743000,,1,,False,,False,True
2023-15,FP1,0 days 00:26:43.705000,ALB,23,0 days 00:01:37.638000,4.0,1.0,,,0 days 00:00:28.226000,0 days 00:00:41.712000,0 days 00:00:27.700000,0 days 00:25:34.293000,0 days 00:26:16.005000,0 days 00:26:43.705000,306.0,274.0,251.0,298.0,True,MEDIUM,4.0,True,Williams,0 days 00:25:06.067000,,1,,False,,False,True
2023-15,FP1,0 days 00:28:59.610000,ALB,23,0 days 00:02:15.905000,5.0,1.0,,,0 days 00:00:39.277000,0 days 00:01:02.425000,0 days 00:00:34.203000,0 days 00:27:22.982000,0 days 00:28:25.407000,0 days 00:28:59.610000,240.0,179.0,249.0,247.0,False,MEDIUM,5.0,True,Williams,0 days 00:26:43.705000,,1,,False,,False,True
2023-15,FP1,0 days 00:30:36.023000,ALB,23,0 days 00:01:36.413000,6.0,1.0,,,0 days 00:00:28.034000,0 days 00:00:40.986000,0 days 00:00:27.393000,0 days 00:29:27.644000,0 days 00:30:08.630000,0 days 00:30:36.023000,307.0,276.0,251.0,297.0,True,MEDIUM,6.0,True,Williams,0 days 00:28:59.610000,,1,,False,,False,True
2023-15,FP1,0 days 00:32:53.573000,ALB,23,0 days 00:02:17.550000,7.0,1.0,,,0 days 00:00:43.212000,0 days 00:00:58.415000,0 days 00:00:35.923000,0 days 00:31:19.235000,0 days 00:32:17.650000,0 days 00:32:53.573000,125.0,252.0,250.0,274.0,False,MEDIUM,7.0,True,Williams,0 days 00:30:36.023000,,1,,False,,False,True
2023-15,FP1,0 days 00:34:44.511000,ALB,23,0 days 00:01:50.938000,8.0,1.0,,0 days 00:34:36.759000,0 days 00:00:27.944000,0 days 00:00:43.492000,0 days 00:00:39.502000,0 days 00:33:21.517000,0 days 00:34:05.009000,0 days 00:34:44.511000,307.0,211.0,,298.0,False,MEDIUM,8.0,True,Williams,0 days 00:32:53.573000,,1,,False,,False,False
2023-15,FP1,0 days 00:58:42.691000,ALB,23,,9.0,2.0,0 days 00:56:37.627000,,,0 days 00:00:53.577000,0 days 00:00:37.035000,,0 days 00:58:05.766000,0 days 00:58:42.718000,293.0,251.0,252.0,298.0,False,SOFT,1.0,True,Williams,0 days 00:34:44.511000,,12,,False,,False,False
2023-15,FP1,0 days 01:00:18.076000,ALB,23,0 days 00:01:35.385000,10.0,2.0,,,0 days 00:00:27.927000,0 days 00:00:40.557000,0 days 00:00:26.901000,0 days 00:59:10.618000,0 days 00:59:51.175000,0 days 01:00:18.076000,308.0,276.0,253.0,298.0,True,SOFT,2.0,True,Williams,0 days 00:58:42.691000,,1,,False,,False,True
2023-15,FP1,0 days 01:02:49.683000,ALB,23,,11.0,2.0,,0 days 01:02:41.730000,0 days 00:00:40.299000,0 days 00:01:03.583000,0 days 00:00:47.622000,0 days 01:00:58.513000,0 days 01:02:02.137000,0 days 01:02:49.683000,233.0,179.0,,241.0,False,SOFT,3.0,True,Williams,0 days 01:00:18.076000,,12,,False,,False,False
2023-15,FP1,0 days 01:05:24.459000,ALB,23,,12.0,3.0,0 days 01:03:14.307000,,0 days 00:01:00.842000,0 days 00:00:59.816000,0 days 00:00:34.247000,0 days 01:03:50.526000,0 days 01:04:50.337000,0 days 01:05:24.524000,154.0,246.0,255.0,241.0,False,SOFT,4.0,False,Williams,0 days 01:02:49.683000,,1,,False,,False,False
2023-15,FP1,0 days 01:06:59.116000,ALB,23,0 days 00:01:34.657000,13.0,3.0,,,0 days 00:00:27.577000,0 days 00:00:40.287000,0 days 00:00:26.793000,0 days 01:05:52.036000,0 days 01:06:32.323000,0 days 01:06:59.116000,307.0,276.0,254.0,299.0,True,SOFT,5.0,False,Williams,0 days 01:05:24.459000,,1,,False,,False,True
2023-15,FP1,0 days 01:09:13.902000,ALB,23,0 days 00:02:14.786000,14.0,3.0,,0 days 01:09:05.754000,0 days 00:00:34.657000,0 days 00:00:57.542000,0 days 00:00:42.587000,0 days 01:07:33.773000,0 days 01:08:31.315000,0 days 01:09:13.902000,239.0,179.0,,280.0,False,SOFT,6.0,False,Williams,0 days 01:06:59.116000,,1,,False,,False,False
2023-15,FP1,0 days 01:11:51.444000,ALB,23,,15.0,4.0,0 days 01:10:02.425000,,0 days 00:01:20.889000,0 days 00:00:48.631000,0 days 00:00:27.990000,0 days 01:10:34.971000,0 days 01:11:23.580000,0 days 01:11:51.455000,291.0,266.0,246.0,280.0,False,MEDIUM,9.0,False,Williams,0 days 01:09:13.902000,,12,,False,,False,False
2023-15,FP1,0 days 01:13:29.828000,ALB,23,0 days 00:01:38.384000,16.0,4.0,,,0 days 00:00:28.494000,0 days 00:00:42.245000,0 days 00:00:27.645000,0 days 01:12:19.938000,0 days 01:13:02.183000,0 days 01:13:29.828000,293.0,267.0,250.0,285.0,False,MEDIUM,10.0,False,Williams,0 days 01:11:51.444000,,21,,False,,False,True
2023-15,FP1,0 days 01:15:08.811000,ALB,23,0 days 00:01:38.983000,17.0,4.0,,,0 days 00:00:28.583000,0 days 00:00:42.712000,0 days 00:00:27.688000,0 days 01:13:58.411000,0 days 01:14:41.123000,0 days 01:15:08.811000,300.0,276.0,248.0,300.0,False,MEDIUM,11.0,False,Williams,0 days 01:13:29.828000,,1,,False,,False,True
2023-15,FP1,0 days 01:17:24.572000,ALB,23,0 days 00:02:15.761000,18.0,4.0,,,0 days 00:00:28.775000,0 days 00:00:55.133000,0 days 00:00:51.853000,0 days 01:15:37.586000,0 days 01:16:32.719000,0 days 01:17:24.572000,285.0,186.0,75.0,289.0,False,MEDIUM,12.0,False,Williams,0 days 01:15:08.811000,,1,,False,,False,True
2023-15,FP1,0 days 01:19:49.472000,ALB,23,0 days 00:02:24.900000,19.0,4.0,,0 days 01:19:41.618000,0 days 00:01:00.504000,0 days 00:00:46.547000,0 days 00:00:37.849000,0 days 01:18:25.076000,0 days 01:19:11.623000,0 days 01:19:49.472000,288.0,265.0,,189.0,False,MEDIUM,13.0,False,Williams,0 days 01:17:24.572000,,1,,False,,False,False
2023-15,FP1,0 days 00:17:26.056000,ZHO,24,,1.0,1.0,0 days 00:15:23.092000,,,0 days 00:00:50.331000,0 days 00:00:33.684000,,0 days 00:16:52.591000,0 days 00:17:26.121000,230.0,221.0,233.0,,False,HARD,1.0,True,Alfa Romeo,0 days 00:15:23.092000,,1,,False,,False,False
2023-15,FP1,0 days 00:19:08.238000,ZHO,24,0 days 00:01:42.182000,2.0,1.0,,,0 days 00:00:29.844000,0 days 00:00:43.536000,0 days 00:00:28.802000,0 days 00:17:55.900000,0 days 00:18:39.436000,0 days 00:19:08.238000,296.0,269.0,246.0,284.0,True,HARD,2.0,True,Alfa Romeo,0 days 00:17:26.056000,,1,,False,,False,True
2023-15,FP1,0 days 00:20:48.255000,ZHO,24,0 days 00:01:40.017000,3.0,1.0,,,0 days 00:00:28.974000,0 days 00:00:42.636000,0 days 00:00:28.407000,0 days 00:19:37.212000,0 days 00:20:19.848000,0 days 00:20:48.255000,299.0,271.0,247.0,293.0,True,HARD,3.0,True,Alfa Romeo,0 days 00:19:08.238000,,1,,False,,False,True
2023-15,FP1,0 days 00:22:27.922000,ZHO,24,0 days 00:01:39.667000,4.0,1.0,,,0 days 00:00:29.136000,0 days 00:00:42.416000,0 days 00:00:28.115000,0 days 00:21:17.391000,0 days 00:21:59.807000,0 days 00:22:27.922000,299.0,269.0,248.0,293.0,True,HARD,4.0,True,Alfa Romeo,0 days 00:20:48.255000,,1,,False,,False,True
2023-15,FP1,0 days 00:24:46.611000,ZHO,24,0 days 00:02:18.689000,5.0,1.0,,,0 days 00:00:44.522000,0 days 00:00:57.995000,0 days 00:00:36.172000,0 days 00:23:12.444000,0 days 00:24:10.439000,0 days 00:24:46.611000,123.0,239.0,241.0,248.0,False,HARD,5.0,True,Alfa Romeo,0 days 00:22:27.922000,,1,,False,,False,True
2023-15,FP1,0 days 00:26:24.606000,ZHO,24,0 days 00:01:37.995000,6.0,1.0,,,0 days 00:00:28.736000,0 days 00:00:41.429000,0 days 00:00:27.830000,0 days 00:25:15.347000,0 days 00:25:56.776000,0 days 00:26:24.606000,300.0,271.0,250.0,290.0,True,HARD,6.0,True,Alfa Romeo,0 days 00:24:46.611000,,1,,False,,False,True
2023-15,FP1,0 days 00:28:30.988000,ZHO,24,0 days 00:02:06.382000,7.0,1.0,,,0 days 00:00:38.396000,0 days 00:00:53.138000,0 days 00:00:34.848000,0 days 00:27:03.002000,0 days 00:27:56.140000,0 days 00:28:30.988000,268.0,199.0,246.0,251.0,False,HARD,7.0,True,Alfa Romeo,0 days 00:26:24.606000,,1,,False,,False,True
2023-15,FP1,0 days 00:30:08.436000,ZHO,24,0 days 00:01:37.448000,8.0,1.0,,,0 days 00:00:28.539000,0 days 00:00:41.323000,0 days 00:00:27.586000,0 days 00:28:59.527000,0 days 00:29:40.850000,0 days 00:30:08.436000,301.0,271.0,251.0,292.0,True,HARD,8.0,True,Alfa Romeo,0 days 00:28:30.988000,,1,,False,,False,True
2023-15,FP1,0 days 00:32:11.829000,ZHO,24,0 days 00:02:03.393000,9.0,1.0,,0 days 00:32:03.981000,0 days 00:00:31.450000,0 days 00:00:52.590000,0 days 00:00:39.353000,0 days 00:30:39.886000,0 days 00:31:32.476000,0 days 00:32:11.829000,273.0,235.0,,251.0,False,HARD,9.0,True,Alfa Romeo,0 days 00:30:08.436000,,1,,False,,False,False
2023-15,FP1,0 days 00:46:22.780000,ZHO,24,,10.0,2.0,0 days 00:44:17.702000,,,0 days 00:00:48.589000,0 days 00:00:30.873000,,0 days 00:45:52.060000,0 days 00:46:22.872000,269.0,250.0,248.0,251.0,False,MEDIUM,1.0,True,Alfa Romeo,0 days 00:32:11.829000,,1,,False,,False,False
2023-15,FP1,0 days 00:47:58.573000,ZHO,24,0 days 00:01:35.793000,11.0,2.0,,,0 days 00:00:28.130000,0 days 00:00:40.477000,0 days 00:00:27.186000,0 days 00:46:50.910000,0 days 00:47:31.387000,0 days 00:47:58.573000,299.0,271.0,251.0,289.0,True,MEDIUM,2.0,True,Alfa Romeo,0 days 00:46:22.780000,,12,,False,,False,True
2023-15,FP1,0 days 00:50:24.283000,ZHO,24,0 days 00:02:25.710000,12.0,2.0,,,0 days 00:00:39.568000,0 days 00:00:56.464000,0 days 00:00:49.678000,0 days 00:48:38.141000,0 days 00:49:34.605000,0 days 00:50:24.283000,239.0,243.0,248.0,231.0,False,MEDIUM,3.0,True,Alfa Romeo,0 days 00:47:58.573000,,21,,False,,False,True
2023-15,FP1,0 days 00:52:14.549000,ZHO,24,0 days 00:01:50.266000,13.0,2.0,,,0 days 00:00:27.855000,0 days 00:00:49.665000,0 days 00:00:32.746000,0 days 00:50:52.138000,0 days 00:51:41.803000,0 days 00:52:14.549000,302.0,221.0,247.0,293.0,False,MEDIUM,4.0,True,Alfa Romeo,0 days 00:50:24.283000,,1,,False,,False,True
2023-15,FP1,0 days 00:53:50.005000,ZHO,24,0 days 00:01:35.456000,14.0,2.0,,,0 days 00:00:27.947000,0 days 00:00:40.437000,0 days 00:00:27.072000,0 days 00:52:42.496000,0 days 00:53:22.933000,0 days 00:53:50.005000,302.0,273.0,251.0,292.0,True,MEDIUM,5.0,True,Alfa Romeo,0 days 00:52:14.549000,,1,,False,,False,True
2023-15,FP1,0 days 00:56:02.207000,ZHO,24,0 days 00:02:12.202000,15.0,2.0,,,0 days 00:00:36.741000,0 days 00:00:57.371000,0 days 00:00:38.090000,0 days 00:54:26.746000,0 days 00:55:24.117000,0 days 00:56:02.207000,257.0,221.0,241.0,243.0,False,MEDIUM,6.0,True,Alfa Romeo,0 days 00:53:50.005000,,1,,False,,False,True
2023-15,FP1,0 days 00:57:38.370000,ZHO,24,0 days 00:01:36.163000,16.0,2.0,,,0 days 00:00:28.128000,0 days 00:00:40.615000,0 days 00:00:27.420000,0 days 00:56:30.335000,0 days 00:57:10.950000,0 days 00:57:38.370000,301.0,272.0,249.0,289.0,False,MEDIUM,7.0,True,Alfa Romeo,0 days 00:56:02.207000,,1,,False,,False,True
2023-15,FP1,0 days 00:59:42.861000,ZHO,24,0 days 00:02:04.491000,17.0,2.0,,0 days 00:59:34.983000,0 days 00:00:32.616000,0 days 00:00:51.965000,0 days 00:00:39.910000,0 days 00:58:10.986000,0 days 00:59:02.951000,0 days 00:59:42.861000,261.0,243.0,,248.0,False,MEDIUM,8.0,True,Alfa Romeo,0 days 00:57:38.370000,,1,,False,,False,False
2023-15,FP1,0 days 01:06:54.222000,ZHO,24,,18.0,3.0,0 days 01:04:59.696000,,,0 days 00:00:46.764000,0 days 00:00:31.926000,,0 days 01:06:22.382000,0 days 01:06:54.257000,278.0,252.0,237.0,248.0,False,HARD,10.0,False,Alfa Romeo,0 days 00:59:42.861000,,12,,False,,False,False
2023-15,FP1,0 days 01:08:34.932000,ZHO,24,0 days 00:01:40.710000,19.0,3.0,,,0 days 00:00:29.477000,0 days 00:00:42.855000,0 days 00:00:28.378000,0 days 01:07:23.699000,0 days 01:08:06.554000,0 days 01:08:34.932000,282.0,257.0,238.0,275.0,False,HARD,11.0,False,Alfa Romeo,0 days 01:06:54.222000,,1,,False,,False,True
2023-15,FP1,0 days 01:10:15.706000,ZHO,24,0 days 00:01:40.774000,20.0,3.0,,,0 days 00:00:29.424000,0 days 00:00:42.882000,0 days 00:00:28.468000,0 days 01:09:04.356000,0 days 01:09:47.238000,0 days 01:10:15.706000,276.0,253.0,238.0,270.0,False,HARD,12.0,False,Alfa Romeo,0 days 01:08:34.932000,,1,,False,,False,True
2023-15,FP1,0 days 01:12:02.861000,ZHO,24,0 days 00:01:47.155000,21.0,3.0,,,0 days 00:00:29.472000,0 days 00:00:48.688000,0 days 00:00:28.995000,0 days 01:10:45.178000,0 days 01:11:33.866000,0 days 01:12:02.861000,280.0,255.0,240.0,271.0,False,HARD,13.0,False,Alfa Romeo,0 days 01:10:15.706000,,12,,False,,False,True
2023-15,FP1,0 days 01:13:43.667000,ZHO,24,0 days 00:01:40.806000,22.0,3.0,,,0 days 00:00:29.420000,0 days 00:00:42.766000,0 days 00:00:28.620000,0 days 01:12:32.281000,0 days 01:13:15.047000,0 days 01:13:43.667000,279.0,254.0,239.0,273.0,False,HARD,14.0,False,Alfa Romeo,0 days 01:12:02.861000,,1,,False,,False,True
2023-15,FP1,0 days 01:15:25.873000,ZHO,24,0 days 00:01:42.206000,23.0,3.0,,,0 days 00:00:30.246000,0 days 00:00:43.377000,0 days 00:00:28.583000,0 days 01:14:13.913000,0 days 01:14:57.290000,0 days 01:15:25.873000,282.0,260.0,238.0,269.0,False,HARD,15.0,False,Alfa Romeo,0 days 01:13:43.667000,,1,,False,,False,True
2023-15,FP1,0 days 01:17:48.435000,ZHO,24,0 days 00:02:22.562000,24.0,3.0,,,0 days 00:00:34.626000,0 days 00:00:55.054000,0 days 00:00:52.882000,0 days 01:16:00.499000,0 days 01:16:55.553000,0 days 01:17:48.435000,221.0,152.0,61.0,251.0,False,HARD,16.0,False,Alfa Romeo,0 days 01:15:25.873000,,1,,False,,False,True
2023-15,FP1,0 days 01:20:14.428000,ZHO,24,0 days 00:02:25.993000,25.0,3.0,,0 days 01:20:06.524000,0 days 00:00:56.727000,0 days 00:00:47.001000,0 days 00:00:42.265000,0 days 01:18:45.162000,0 days 01:19:32.163000,0 days 01:20:14.428000,279.0,212.0,,208.0,False,HARD,17.0,False,Alfa Romeo,0 days 01:17:48.435000,,1,,False,,False,False
2023-15,FP1,0 days 00:18:53.900000,HUL,27,,1.0,1.0,0 days 00:16:52.591000,,,0 days 00:00:46.671000,0 days 00:00:43.130000,,0 days 00:18:10.949000,0 days 00:18:54.010000,276.0,252.0,244.0,,False,HARD,1.0,True,Haas F1 Team,0 days 00:16:52.591000,,1,,False,,False,False
2023-15,FP1,0 days 00:20:33.009000,HUL,27,0 days 00:01:39.109000,2.0,1.0,,,0 days 00:00:28.875000,0 days 00:00:41.692000,0 days 00:00:28.542000,0 days 00:19:22.775000,0 days 00:20:04.467000,0 days 00:20:33.009000,305.0,273.0,247.0,294.0,True,HARD,2.0,True,Haas F1 Team,0 days 00:18:53.900000,,1,,False,,False,True
2023-15,FP1,0 days 00:22:53.514000,HUL,27,0 days 00:02:20.505000,3.0,1.0,,,0 days 00:00:42.111000,0 days 00:01:01.826000,0 days 00:00:36.568000,0 days 00:21:15.120000,0 days 00:22:16.946000,0 days 00:22:53.514000,174.0,248.0,246.0,213.0,False,HARD,3.0,True,Haas F1 Team,0 days 00:20:33.009000,,1,,False,,False,True
2023-15,FP1,0 days 00:24:30.700000,HUL,27,0 days 00:01:37.186000,4.0,1.0,,,0 days 00:00:28.371000,0 days 00:00:41.107000,0 days 00:00:27.708000,0 days 00:23:21.885000,0 days 00:24:02.992000,0 days 00:24:30.700000,306.0,274.0,248.0,296.0,True,HARD,4.0,True,Haas F1 Team,0 days 00:22:53.514000,,1,,False,,False,True
2023-15,FP1,0 days 00:26:59.519000,HUL,27,0 days 00:02:28.819000,5.0,1.0,,,0 days 00:00:43.237000,0 days 00:01:03.668000,0 days 00:00:41.914000,0 days 00:25:13.937000,0 days 00:26:17.605000,0 days 00:26:59.519000,200.0,143.0,248.0,210.0,False,HARD,5.0,True,Haas F1 Team,0 days 00:24:30.700000,,1,,False,,False,True
2023-15,FP1,0 days 00:28:36.161000,HUL,27,0 days 00:01:36.642000,6.0,1.0,,,0 days 00:00:28.270000,0 days 00:00:40.959000,0 days 00:00:27.413000,0 days 00:27:27.789000,0 days 00:28:08.748000,0 days 00:28:36.161000,305.0,273.0,247.0,294.0,True,HARD,6.0,True,Haas F1 Team,0 days 00:26:59.519000,,1,,False,,False,True
2023-15,FP1,0 days 00:30:41.832000,HUL,27,0 days 00:02:05.671000,7.0,1.0,,0 days 00:30:33.873000,0 days 00:00:36.422000,0 days 00:00:47.896000,0 days 00:00:41.353000,0 days 00:29:12.583000,0 days 00:30:00.479000,0 days 00:30:41.832000,269.0,222.0,,193.0,False,HARD,7.0,True,Haas F1 Team,0 days 00:28:36.161000,,1,,False,,False,False
2023-15,FP1,0 days 00:47:38.790000,HUL,27,,8.0,2.0,0 days 00:45:29.139000,,,0 days 00:00:50.839000,0 days 00:00:34.869000,,0 days 00:47:04.121000,0 days 00:47:38.902000,272.0,251.0,249.0,193.0,False,SOFT,1.0,True,Haas F1 Team,0 days 00:30:41.832000,,1,,False,,False,False
2023-15,FP1,0 days 00:49:51.840000,HUL,27,0 days 00:02:13.050000,9.0,2.0,,,0 days 00:00:27.863000,0 days 00:00:59.058000,0 days 00:00:46.129000,0 days 00:48:06.653000,0 days 00:49:05.711000,0 days 00:49:51.840000,304.0,137.0,169.0,294.0,False,SOFT,2.0,True,Haas F1 Team,0 days 00:47:38.790000,,12,,False,,False,True
2023-15,FP1,0 days 00:52:00.961000,HUL,27,0 days 00:02:09.121000,10.0,2.0,,,0 days 00:00:42.323000,0 days 00:00:52.406000,0 days 00:00:34.392000,0 days 00:50:34.163000,0 days 00:51:26.569000,0 days 00:52:00.961000,160.0,191.0,249.0,195.0,False,SOFT,3.0,True,Haas F1 Team,0 days 00:49:51.840000,,21,,False,,False,True
2023-15,FP1,0 days 00:53:36.049000,HUL,27,0 days 00:01:35.088000,11.0,2.0,,,0 days 00:00:27.884000,0 days 00:00:40.125000,0 days 00:00:27.079000,0 days 00:52:28.845000,0 days 00:53:08.970000,0 days 00:53:36.049000,304.0,274.0,250.0,294.0,True,SOFT,4.0,True,Haas F1 Team,0 days 00:52:00.961000,,1,,False,,False,True
2023-15,FP1,0 days 00:55:58.547000,HUL,27,0 days 00:02:22.498000,12.0,2.0,,,0 days 00:00:44.712000,0 days 00:01:00.853000,0 days 00:00:36.933000,0 days 00:54:20.761000,0 days 00:55:21.614000,0 days 00:55:58.547000,158.0,137.0,248.0,206.0,False,SOFT,5.0,True,Haas F1 Team,0 days 00:53:36.049000,,1,,False,,False,True
2023-15,FP1,0 days 00:57:33.532000,HUL,27,0 days 00:01:34.985000,13.0,2.0,,,0 days 00:00:27.795000,0 days 00:00:40.243000,0 days 00:00:26.947000,0 days 00:56:26.342000,0 days 00:57:06.585000,0 days 00:57:33.532000,303.0,272.0,253.0,293.0,True,SOFT,6.0,True,Haas F1 Team,0 days 00:55:58.547000,,1,,False,,False,True
2023-15,FP1,0 days 00:59:29.481000,HUL,27,0 days 00:01:55.949000,14.0,2.0,,0 days 00:59:21.483000,0 days 00:00:31.864000,0 days 00:00:45.678000,0 days 00:00:38.407000,0 days 00:58:05.396000,0 days 00:58:51.074000,0 days 00:59:29.481000,283.0,198.0,,250.0,False,SOFT,7.0,True,Haas F1 Team,0 days 00:57:33.532000,,1,,False,,False,False
2023-15,FP1,0 days 01:06:37.786000,HUL,27,,15.0,3.0,0 days 01:04:44.446000,,,0 days 00:00:46.890000,0 days 00:00:28.357000,,0 days 01:06:09.523000,0 days 01:06:37.788000,281.0,255.0,241.0,250.0,False,HARD,8.0,False,Haas F1 Team,0 days 00:59:29.481000,,12,,False,,False,False
2023-15,FP1,0 days 01:08:16.975000,HUL,27,0 days 00:01:39.189000,16.0,3.0,,,0 days 00:00:29.033000,0 days 00:00:42.072000,0 days 00:00:28.084000,0 days 01:07:06.819000,0 days 01:07:48.891000,0 days 01:08:16.975000,284.0,258.0,242.0,277.0,False,HARD,9.0,False,Haas F1 Team,0 days 01:06:37.786000,,1,,False,,False,True
2023-15,FP1,0 days 01:09:57.108000,HUL,27,0 days 00:01:40.133000,17.0,3.0,,,0 days 00:00:29.032000,0 days 00:00:42.762000,0 days 00:00:28.339000,0 days 01:08:46.007000,0 days 01:09:28.769000,0 days 01:09:57.108000,288.0,260.0,242.0,279.0,False,HARD,10.0,False,Haas F1 Team,0 days 01:08:16.975000,,1,,False,,False,True
2023-15,FP1,0 days 01:11:37.265000,HUL,27,0 days 00:01:40.157000,18.0,3.0,,,0 days 00:00:29.175000,0 days 00:00:42.868000,0 days 00:00:28.114000,0 days 01:10:26.283000,0 days 01:11:09.151000,0 days 01:11:37.265000,286.0,259.0,242.0,279.0,False,HARD,11.0,False,Haas F1 Team,0 days 01:09:57.108000,,12,,False,,False,True
2023-15,FP1,0 days 01:13:17.359000,HUL,27,0 days 00:01:40.094000,19.0,3.0,,,0 days 00:00:29.213000,0 days 00:00:42.566000,0 days 00:00:28.315000,0 days 01:12:06.478000,0 days 01:12:49.044000,0 days 01:13:17.359000,287.0,260.0,240.0,279.0,False,HARD,12.0,False,Haas F1 Team,0 days 01:11:37.265000,,21,,False,,False,True
2023-15,FP1,0 days 01:15:01.359000,HUL,27,0 days 00:01:44,20.0,3.0,,,0 days 00:00:31.920000,0 days 00:00:43.589000,0 days 00:00:28.491000,0 days 01:13:49.279000,0 days 01:14:32.868000,0 days 01:15:01.359000,288.0,259.0,242.0,279.0,False,HARD,13.0,False,Haas F1 Team,0 days 01:13:17.359000,,1,,False,,False,True
2023-15,FP1,0 days 01:16:49.340000,HUL,27,0 days 00:01:47.981000,21.0,3.0,,,0 days 00:00:29.286000,0 days 00:00:42.851000,0 days 00:00:35.844000,0 days 01:15:30.645000,0 days 01:16:13.496000,0 days 01:16:49.340000,291.0,260.0,75.0,282.0,False,HARD,14.0,False,Haas F1 Team,0 days 01:15:01.359000,,1,,False,,False,True
2023-15,FP1,0 days 01:19:06.467000,HUL,27,0 days 00:02:17.127000,22.0,3.0,,0 days 01:18:58.416000,0 days 00:00:50.982000,0 days 00:00:47.256000,0 days 00:00:38.889000,0 days 01:17:40.322000,0 days 01:18:27.578000,0 days 01:19:06.467000,245.0,198.0,,187.0,False,HARD,15.0,False,Haas F1 Team,0 days 01:16:49.340000,,1,,False,,False,False
2023-15,FP1,0 days 00:17:45.818000,OCO,31,,1.0,1.0,0 days 00:15:27.733000,,,0 days 00:00:50.326000,0 days 00:00:32.465000,,0 days 00:17:13.512000,0 days 00:17:45.902000,258.0,246.0,243.0,,False,MEDIUM,1.0,True,Alpine,0 days 00:15:27.733000,,1,,False,,False,False
2023-15,FP1,0 days 00:19:26.463000,OCO,31,0 days 00:01:40.645000,2.0,1.0,,,0 days 00:00:29.469000,0 days 00:00:42.664000,0 days 00:00:28.512000,0 days 00:18:15.287000,0 days 00:18:57.951000,0 days 00:19:26.463000,301.0,270.0,245.0,285.0,True,MEDIUM,2.0,True,Alpine,0 days 00:17:45.818000,,1,,False,,False,True
2023-15,FP1,0 days 00:22:01.877000,OCO,31,,3.0,1.0,,,0 days 00:00:43.814000,0 days 00:01:03.072000,0 days 00:00:48.483000,0 days 00:20:10.493000,0 days 00:21:13.602000,0 days 00:22:01.945000,146.0,136.0,247.0,219.0,False,MEDIUM,3.0,True,Alpine,0 days 00:19:26.463000,,1,,False,,False,False
2023-15,FP1,0 days 00:23:39.271000,OCO,31,0 days 00:01:37.394000,4.0,1.0,,,0 days 00:00:28.663000,0 days 00:00:41.129000,0 days 00:00:27.602000,0 days 00:22:30.540000,0 days 00:23:11.669000,0 days 00:23:39.271000,300.0,271.0,249.0,286.0,True,MEDIUM,4.0,True,Alpine,0 days 00:22:01.877000,,1,,False,,False,True
2023-15,FP1,0 days 00:26:18.407000,OCO,31,,5.0,1.0,,,0 days 00:00:47.854000,0 days 00:01:05.205000,0 days 00:00:46.088000,0 days 00:24:27.333000,0 days 00:25:32.488000,0 days 00:26:18.487000,137.0,132.0,248.0,261.0,False,MEDIUM,5.0,True,Alpine,0 days 00:23:39.271000,,1,,False,,False,False
2023-15,FP1,0 days 00:27:54.860000,OCO,31,0 days 00:01:36.453000,6.0,1.0,,,0 days 00:00:28.412000,0 days 00:00:40.656000,0 days 00:00:27.385000,0 days 00:26:46.819000,0 days 00:27:27.475000,0 days 00:27:54.860000,301.0,271.0,250.0,287.0,True,MEDIUM,6.0,True,Alpine,0 days 00:26:18.407000,,1,,False,,False,True
2023-15,FP1,0 days 00:30:39.592000,OCO,31,,7.0,1.0,,,0 days 00:00:50.167000,0 days 00:01:10.943000,0 days 00:00:43.651000,0 days 00:28:45.219000,0 days 00:29:56.171000,0 days 00:30:39.686000,120.0,92.0,250.0,247.0,False,MEDIUM,7.0,True,Alpine,0 days 00:27:54.860000,,1,,False,,False,False
2023-15,FP1,0 days 00:32:15.559000,OCO,31,0 days 00:01:35.967000,8.0,1.0,,,0 days 00:00:28.182000,0 days 00:00:40.562000,0 days 00:00:27.223000,0 days 00:31:07.774000,0 days 00:31:48.336000,0 days 00:32:15.559000,302.0,272.0,251.0,289.0,True,MEDIUM,8.0,True,Alpine,0 days 00:30:39.592000,,1,,False,,False,True
2023-15,FP1,0 days 00:34:51.954000,OCO,31,,9.0,1.0,,,0 days 00:00:49.035000,0 days 00:01:05.630000,0 days 00:00:41.703000,0 days 00:33:04.792000,0 days 00:34:10.432000,0 days 00:34:52.040000,122.0,128.0,169.0,247.0,False,MEDIUM,9.0,True,Alpine,0 days 00:32:15.559000,,1,,False,,False,False
2023-15,FP1,0 days 00:37:00.886000,OCO,31,0 days 00:02:08.932000,10.0,1.0,,,0 days 00:00:40.461000,0 days 00:00:54.733000,0 days 00:00:33.738000,0 days 00:35:32.415000,0 days 00:36:27.148000,0 days 00:37:00.886000,145.0,199.0,250.0,180.0,False,MEDIUM,10.0,True,Alpine,0 days 00:34:51.954000,,1,,False,,False,True
2023-15,FP1,0 days 00:38:36.177000,OCO,31,0 days 00:01:35.291000,11.0,1.0,,,0 days 00:00:28.004000,0 days 00:00:40.246000,0 days 00:00:27.041000,0 days 00:37:28.890000,0 days 00:38:09.136000,0 days 00:38:36.177000,301.0,272.0,252.0,287.0,True,MEDIUM,11.0,True,Alpine,0 days 00:37:00.886000,,1,,False,,False,True
2023-15,FP1,0 days 00:40:36.047000,OCO,31,0 days 00:01:59.870000,12.0,1.0,,0 days 00:40:28.238000,0 days 00:00:35.946000,0 days 00:00:46.461000,0 days 00:00:37.463000,0 days 00:39:12.123000,0 days 00:39:58.584000,0 days 00:40:36.047000,193.0,254.0,,266.0,False,MEDIUM,12.0,True,Alpine,0 days 00:38:36.177000,,1,,False,,False,False
2023-15,FP1,0 days 00:53:42.646000,OCO,31,,13.0,2.0,0 days 00:51:32.289000,,,0 days 00:00:55.515000,0 days 00:00:37.107000,,0 days 00:53:05.599000,0 days 00:53:42.646000,222.0,256.0,251.0,266.0,False,SOFT,1.0,True,Alpine,0 days 00:40:36.047000,,12,,False,,False,False
2023-15,FP1,0 days 00:55:16.924000,OCO,31,0 days 00:01:34.278000,14.0,2.0,,,0 days 00:00:27.545000,0 days 00:00:39.826000,0 days 00:00:26.907000,0 days 00:54:10.191000,0 days 00:54:50.017000,0 days 00:55:16.924000,302.0,270.0,252.0,295.0,True,SOFT,2.0,True,Alpine,0 days 00:53:42.646000,,1,,False,,False,True
2023-15,FP1,0 days 00:57:59.688000,OCO,31,,15.0,2.0,,,0 days 00:00:45.806000,0 days 00:01:08.216000,0 days 00:00:48.749000,0 days 00:56:02.831000,0 days 00:57:11.017000,0 days 00:57:59.688000,116.0,113.0,166.0,268.0,False,SOFT,3.0,True,Alpine,0 days 00:55:16.924000,,1,,False,,False,False
2023-15,FP1,0 days 01:00:32.305000,OCO,31,,16.0,2.0,,,0 days 00:00:42.071000,0 days 00:01:01.363000,0 days 00:00:49.286000,0 days 00:58:41.890000,0 days 00:59:43.280000,0 days 01:00:32.404000,154.0,128.0,251.0,159.0,False,SOFT,4.0,True,Alpine,0 days 00:57:59.688000,,1,,False,,False,False
2023-15,FP1,0 days 01:02:06.371000,OCO,31,0 days 00:01:34.066000,17.0,2.0,,,0 days 00:00:27.543000,0 days 00:00:39.766000,0 days 00:00:26.757000,0 days 01:00:59.848000,0 days 01:01:39.614000,0 days 01:02:06.371000,304.0,272.0,253.0,295.0,True,SOFT,5.0,True,Alpine,0 days 01:00:32.305000,,1,,False,,False,True
2023-15,FP1,0 days 01:04:18.924000,OCO,31,0 days 00:02:12.553000,18.0,2.0,,0 days 01:04:11.166000,0 days 00:00:35.706000,0 days 00:00:54.084000,0 days 00:00:42.763000,0 days 01:02:42.077000,0 days 01:03:36.161000,0 days 01:04:18.924000,199.0,198.0,,280.0,False,SOFT,6.0,True,Alpine,0 days 01:02:06.371000,,12,,False,,False,False
2023-15,FP1,0 days 01:11:39.852000,OCO,31,,19.0,3.0,0 days 01:09:58.613000,,,0 days 00:00:42.842000,0 days 00:00:27.864000,,0 days 01:11:12.111000,0 days 01:11:39.877000,287.0,261.0,246.0,280.0,False,SOFT,7.0,False,Alpine,0 days 01:04:18.924000,,12,,False,,False,False
2023-15,FP1,0 days 01:13:18.868000,OCO,31,0 days 00:01:39.016000,20.0,3.0,,,0 days 00:00:28.937000,0 days 00:00:42.126000,0 days 00:00:27.953000,0 days 01:12:08.789000,0 days 01:12:50.915000,0 days 01:13:18.868000,285.0,258.0,244.0,278.0,False,SOFT,8.0,False,Alpine,0 days 01:11:39.852000,,21,,False,,False,True
2023-15,FP1,0 days 01:14:58.677000,OCO,31,0 days 00:01:39.809000,21.0,3.0,,,0 days 00:00:29.319000,0 days 00:00:42.419000,0 days 00:00:28.071000,0 days 01:13:48.187000,0 days 01:14:30.606000,0 days 01:14:58.677000,281.0,255.0,246.0,276.0,False,SOFT,9.0,False,Alpine,0 days 01:13:18.868000,,1,,False,,False,True
2023-15,FP1,0 days 01:16:39.513000,OCO,31,0 days 00:01:40.836000,22.0,3.0,,,0 days 00:00:29.912000,0 days 00:00:42.666000,0 days 00:00:28.258000,0 days 01:15:28.589000,0 days 01:16:11.255000,0 days 01:16:39.513000,281.0,253.0,242.0,276.0,False,SOFT,10.0,False,Alpine,0 days 01:14:58.677000,,1,,False,,False,True
2023-15,FP1,0 days 01:19:00.084000,OCO,31,0 days 00:02:20.571000,23.0,3.0,,,0 days 00:00:36.144000,0 days 00:00:54.345000,0 days 00:00:50.082000,0 days 01:17:15.657000,0 days 01:18:10.002000,0 days 01:19:00.084000,199.0,174.0,55.0,244.0,False,SOFT,11.0,False,Alpine,0 days 01:16:39.513000,,1,,False,,False,True
2023-15,FP1,0 days 01:21:15.195000,OCO,31,0 days 00:02:15.111000,24.0,3.0,,0 days 01:21:07.367000,0 days 00:00:55.249000,0 days 00:00:43.390000,0 days 00:00:36.472000,0 days 01:19:55.333000,0 days 01:20:38.723000,0 days 01:21:15.195000,289.0,258.0,,189.0,False,SOFT,12.0,False,Alpine,0 days 01:19:00.084000,,1,,False,,False,False
2023-15,FP1,0 days 00:17:08.205000,LAW,40,,1.0,1.0,0 days 00:15:07.577000,,,0 days 00:00:52.331000,0 days 00:00:32.833000,,0 days 00:16:35.513000,0 days 00:17:08.262000,264.0,255.0,229.0,,False,HARD,1.0,True,AlphaTauri,0 days 00:15:07.577000,,1,,False,,False,False
2023-15,FP1,0 days 00:19:04.823000,LAW,40,0 days 00:01:56.618000,2.0,1.0,,,0 days 00:00:32.176000,0 days 00:00:46.433000,0 days 00:00:38.009000,0 days 00:17:40.381000,0 days 00:18:26.814000,0 days 00:19:04.823000,273.0,262.0,240.0,286.0,True,HARD,2.0,True,AlphaTauri,0 days 00:17:08.205000,,1,,False,,False,True
2023-15,FP1,0 days 00:20:45.748000,LAW,40,0 days 00:01:40.925000,3.0,1.0,,,0 days 00:00:29.255000,0 days 00:00:43.049000,0 days 00:00:28.621000,0 days 00:19:34.078000,0 days 00:20:17.127000,0 days 00:20:45.748000,302.0,270.0,235.0,291.0,True,HARD,3.0,True,AlphaTauri,0 days 00:19:04.823000,,1,,False,,False,True
2023-15,FP1,0 days 00:23:19.205000,LAW,40,,4.0,1.0,,,0 days 00:00:41.570000,0 days 00:01:03.758000,0 days 00:00:48.054000,0 days 00:21:27.523000,0 days 00:22:31.257000,0 days 00:23:19.209000,212.0,233.0,242.0,258.0,False,HARD,4.0,True,AlphaTauri,0 days 00:20:45.748000,,1,,False,,False,False
2023-15,FP1,0 days 00:24:58.441000,LAW,40,0 days 00:01:39.236000,5.0,1.0,,,0 days 00:00:29.146000,0 days 00:00:42.113000,0 days 00:00:27.977000,0 days 00:23:48.351000,0 days 00:24:30.464000,0 days 00:24:58.441000,302.0,273.0,242.0,292.0,True,HARD,5.0,True,AlphaTauri,0 days 00:23:19.205000,,1,,False,,False,True
2023-15,FP1,0 days 00:27:31.165000,LAW,40,,6.0,1.0,,,0 days 00:00:40.026000,0 days 00:01:02.450000,0 days 00:00:50.341000,0 days 00:25:38.613000,0 days 00:26:40.987000,0 days 00:27:31.251000,260.0,199.0,243.0,273.0,False,HARD,6.0,True,AlphaTauri,0 days 00:24:58.441000,,1,,False,,False,False
2023-15,FP1,0 days 00:29:09.500000,LAW,40,0 days 00:01:38.335000,7.0,1.0,,,0 days 00:00:28.651000,0 days 00:00:41.670000,0 days 00:00:28.014000,0 days 00:27:59.816000,0 days 00:28:41.486000,0 days 00:29:09.500000,304.0,273.0,236.0,294.0,True,HARD,7.0,True,AlphaTauri,0 days 00:27:31.165000,,1,,False,,False,True
2023-15,FP1,0 days 00:31:43.717000,LAW,40,,8.0,1.0,,,0 days 00:00:45.525000,0 days 00:01:07.933000,0 days 00:00:40.740000,0 days 00:29:55.218000,0 days 00:31:03.169000,0 days 00:31:43.794000,213.0,235.0,246.0,280.0,False,HARD,8.0,True,AlphaTauri,0 days 00:29:09.500000,,1,,False,,False,False
2023-15,FP1,0 days 00:33:20.832000,LAW,40,0 days 00:01:37.115000,9.0,1.0,,,0 days 00:00:28.583000,0 days 00:00:41.133000,0 days 00:00:27.399000,0 days 00:32:12.300000,0 days 00:32:53.433000,0 days 00:33:20.832000,303.0,272.0,249.0,294.0,True,HARD,9.0,True,AlphaTauri,0 days 00:31:43.717000,,1,,False,,False,True
2023-15,FP1,0 days 00:35:46.358000,LAW,40,0 days 00:02:25.526000,10.0,1.0,,,0 days 00:00:45.033000,0 days 00:01:04.228000,0 days 00:00:36.265000,0 days 00:34:05.865000,0 days 00:35:10.093000,0 days 00:35:46.358000,197.0,234.0,249.0,285.0,False,HARD,10.0,True,AlphaTauri,0 days 00:33:20.832000,,1,,False,,False,True
2023-15,FP1,0 days 00:37:22.694000,LAW,40,0 days 00:01:36.336000,11.0,1.0,,,0 days 00:00:28.213000,0 days 00:00:40.857000,0 days 00:00:27.266000,0 days 00:36:14.571000,0 days 00:36:55.428000,0 days 00:37:22.694000,302.0,271.0,247.0,294.0,True,HARD,11.0,True,AlphaTauri,0 days 00:35:46.358000,,1,,False,,False,True
2023-15,FP1,0 days 00:39:20.413000,LAW,40,0 days 00:01:57.719000,12.0,1.0,,0 days 00:39:12.614000,0 days 00:00:35.528000,0 days 00:00:45.779000,0 days 00:00:36.412000,0 days 00:37:58.222000,0 days 00:38:44.001000,0 days 00:39:20.413000,276.0,264.0,,282.0,False,HARD,12.0,True,AlphaTauri,0 days 00:37:22.694000,,1,,False,,False,False
2023-15,FP1,0 days 00:48:30.524000,LAW,40,,13.0,2.0,0 days 00:46:01.685000,,,0 days 00:01:01.919000,0 days 00:00:46.611000,,0 days 00:47:44.089000,0 days 00:48:30.729000,252.0,239.0,248.0,282.0,False,SOFT,1.0,True,AlphaTauri,0 days 00:39:20.413000,,12,,False,,False,False
2023-15,FP1,0 days 00:50:44.620000,LAW,40,0 days 00:02:14.096000,14.0,2.0,,,0 days 00:00:28.201000,0 days 00:01:00.187000,0 days 00:00:45.708000,0 days 00:48:58.725000,0 days 00:49:58.912000,0 days 00:50:44.620000,302.0,199.0,249.0,293.0,False,SOFT,2.0,True,AlphaTauri,0 days 00:48:30.524000,,21,,False,,False,True
2023-15,FP1,0 days 00:52:20.085000,LAW,40,0 days 00:01:35.465000,15.0,2.0,,,0 days 00:00:27.937000,0 days 00:00:40.354000,0 days 00:00:27.174000,0 days 00:51:12.557000,0 days 00:51:52.911000,0 days 00:52:20.085000,302.0,273.0,246.0,294.0,True,SOFT,3.0,True,AlphaTauri,0 days 00:50:44.620000,,1,,False,,False,True
2023-15,FP1,0 days 00:54:56.394000,LAW,40,,16.0,2.0,,,0 days 00:00:47.916000,0 days 00:01:04.640000,0 days 00:00:43.628000,0 days 00:53:08.209000,0 days 00:54:12.864000,0 days 00:54:56.394000,158.0,156.0,180.0,291.0,False,SOFT,4.0,True,AlphaTauri,0 days 00:52:20.085000,,1,,False,,False,False
2023-15,FP1,0 days 00:57:29.621000,LAW,40,,17.0,2.0,,,0 days 00:00:43.515000,0 days 00:01:07.559000,0 days 00:00:42.249000,0 days 00:55:40.003000,0 days 00:56:47.486000,0 days 00:57:29.673000,157.0,225.0,248.0,245.0,False,SOFT,5.0,True,AlphaTauri,0 days 00:54:56.394000,,1,,False,,False,False
2023-15,FP1,0 days 00:59:04.515000,LAW,40,0 days 00:01:34.894000,18.0,2.0,,,0 days 00:00:27.910000,0 days 00:00:40.098000,0 days 00:00:26.886000,0 days 00:57:57.531000,0 days 00:58:37.629000,0 days 00:59:04.515000,301.0,272.0,250.0,293.0,True,SOFT,6.0,True,AlphaTauri,0 days 00:57:29.621000,,1,,False,,False,True
2023-15,FP1,0 days 01:01:00.261000,LAW,40,0 days 00:01:55.746000,19.0,2.0,,0 days 01:00:52.482000,0 days 00:00:33.068000,0 days 00:00:46.406000,0 days 00:00:36.272000,0 days 00:59:37.583000,0 days 01:00:23.989000,0 days 01:01:00.261000,275.0,251.0,,285.0,False,SOFT,7.0,True,AlphaTauri,0 days 00:59:04.515000,,1,,False,,False,False
2023-15,FP1,0 days 01:08:03.657000,LAW,40,,20.0,3.0,0 days 01:05:58.992000,,,0 days 00:00:48.501000,0 days 00:00:28.698000,,0 days 01:07:35.037000,0 days 01:08:03.662000,285.0,259.0,240.0,285.0,False,SOFT,8.0,False,AlphaTauri,0 days 01:01:00.261000,,12,,False,,False,False
2023-15,FP1,0 days 01:09:43.755000,LAW,40,0 days 00:01:40.098000,21.0,3.0,,,0 days 00:00:29.383000,0 days 00:00:42.567000,0 days 00:00:28.148000,0 days 01:08:33.040000,0 days 01:09:15.607000,0 days 01:09:43.755000,285.0,258.0,241.0,278.0,False,SOFT,9.0,False,AlphaTauri,0 days 01:08:03.657000,,1,,False,,False,True
2023-15,FP1,0 days 01:11:24.596000,LAW,40,0 days 00:01:40.841000,22.0,3.0,,,0 days 00:00:29.327000,0 days 00:00:43.272000,0 days 00:00:28.242000,0 days 01:10:13.082000,0 days 01:10:56.354000,0 days 01:11:24.596000,284.0,257.0,241.0,278.0,False,SOFT,10.0,False,AlphaTauri,0 days 01:09:43.755000,,12,,False,,False,True
2023-15,FP1,0 days 01:13:04.783000,LAW,40,0 days 00:01:40.187000,23.0,3.0,,,0 days 00:00:29.278000,0 days 00:00:42.761000,0 days 00:00:28.148000,0 days 01:11:53.874000,0 days 01:12:36.635000,0 days 01:13:04.783000,286.0,258.0,243.0,278.0,False,SOFT,11.0,False,AlphaTauri,0 days 01:11:24.596000,,21,,False,,False,True
2023-15,FP1,0 days 01:14:44.830000,LAW,40,0 days 00:01:40.047000,24.0,3.0,,,0 days 00:00:29.378000,0 days 00:00:42.717000,0 days 00:00:27.952000,0 days 01:13:34.161000,0 days 01:14:16.878000,0 days 01:14:44.830000,283.0,256.0,243.0,280.0,False,SOFT,12.0,False,AlphaTauri,0 days 01:13:04.783000,,1,,False,,False,True
2023-15,FP1,0 days 01:16:24.345000,LAW,40,0 days 00:01:39.515000,25.0,3.0,,,0 days 00:00:29.246000,0 days 00:00:42.260000,0 days 00:00:28.009000,0 days 01:15:14.076000,0 days 01:15:56.336000,0 days 01:16:24.345000,286.0,258.0,242.0,279.0,False,SOFT,13.0,False,AlphaTauri,0 days 01:14:44.830000,,1,,False,,False,True
2023-15,FP1,0 days 01:18:55.900000,LAW,40,,26.0,3.0,,,0 days 00:00:39.481000,0 days 00:00:59.632000,0 days 00:00:52.446000,0 days 01:17:03.933000,0 days 01:18:03.542000,0 days 01:18:55.900000,138.0,239.0,52.0,221.0,False,SOFT,14.0,False,AlphaTauri,0 days 01:16:24.345000,,1,,False,,False,False
2023-15,FP1,0 days 01:21:35.819000,LAW,40,,27.0,3.0,,0 days 01:21:27.866000,0 days 00:01:08.695000,0 days 00:00:51.302000,0 days 00:00:39.833000,0 days 01:20:04.743000,0 days 01:20:55.992000,0 days 01:21:35.819000,244.0,250.0,,202.0,False,SOFT,15.0,False,AlphaTauri,0 days 01:18:55.900000,,1,,False,,False,False
2023-15,FP1,0 days 00:18:12.200000,HAM,44,,1.0,1.0,0 days 00:15:52.045000,,,0 days 00:00:55.430000,0 days 00:00:37.810000,,0 days 00:17:34.574000,0 days 00:18:12.292000,270.0,235.0,246.0,,False,HARD,1.0,True,Mercedes,0 days 00:15:52.045000,,1,,False,,False,False
2023-15,FP1,0 days 00:19:51.212000,HAM,44,0 days 00:01:39.012000,2.0,1.0,,,0 days 00:00:28.998000,0 days 00:00:42.021000,0 days 00:00:27.993000,0 days 00:18:41.198000,0 days 00:19:23.219000,0 days 00:19:51.212000,303.0,273.0,246.0,294.0,True,HARD,2.0,True,Mercedes,0 days 00:18:12.200000,,1,,False,,False,True
2023-15,FP1,0 days 00:22:43.822000,HAM,44,,3.0,1.0,,,0 days 00:00:48.803000,0 days 00:01:21.749000,0 days 00:00:42.042000,0 days 00:20:40.227000,0 days 00:22:01.866000,0 days 00:22:43.928000,120.0,117.0,249.0,239.0,False,HARD,3.0,True,Mercedes,0 days 00:19:51.212000,,1,,False,,False,False
2023-15,FP1,0 days 00:24:20.208000,HAM,44,0 days 00:01:36.386000,4.0,1.0,,,0 days 00:00:28.335000,0 days 00:00:41.042000,0 days 00:00:27.009000,0 days 00:23:12.157000,0 days 00:23:53.199000,0 days 00:24:20.208000,303.0,275.0,250.0,296.0,True,HARD,4.0,True,Mercedes,0 days 00:22:43.822000,,1,,False,,False,True
2023-15,FP1,0 days 00:27:29.389000,HAM,44,,5.0,1.0,,0 days 00:27:21.533000,0 days 00:00:56.052000,0 days 00:01:17.732000,0 days 00:00:55.293000,0 days 00:25:16.472000,0 days 00:26:34.096000,0 days 00:27:29.470000,101.0,137.0,,226.0,False,HARD,5.0,True,Mercedes,0 days 00:24:20.208000,,1,,False,,False,False
2023-15,FP1,0 days 00:30:22.722000,HAM,44,,6.0,2.0,0 days 00:27:55.501000,,0 days 00:01:13.590000,0 days 00:01:05.241000,0 days 00:00:34.606000,0 days 00:28:43.063000,0 days 00:29:48.358000,0 days 00:30:22.826000,157.0,258.0,250.0,226.0,False,HARD,6.0,False,Mercedes,0 days 00:27:29.389000,,1,,False,,False,False
2023-15,FP1,0 days 00:31:58.293000,HAM,44,0 days 00:01:35.571000,7.0,2.0,,,0 days 00:00:27.967000,0 days 00:00:40.516000,0 days 00:00:27.088000,0 days 00:30:50.689000,0 days 00:31:31.205000,0 days 00:31:58.293000,304.0,275.0,250.0,297.0,True,HARD,7.0,False,Mercedes,0 days 00:30:22.722000,,1,,False,,False,True
2023-15,FP1,0 days 00:34:43.680000,HAM,44,,8.0,2.0,,,0 days 00:00:45.998000,0 days 00:01:14.068000,0 days 00:00:45.247000,0 days 00:32:44.511000,0 days 00:33:58.433000,0 days 00:34:43.697000,159.0,84.0,250.0,269.0,False,HARD,8.0,False,Mercedes,0 days 00:31:58.293000,,1,,False,,False,False
2023-15,FP1,0 days 00:36:30.369000,HAM,44,0 days 00:01:46.689000,9.0,2.0,,0 days 00:36:22.539000,0 days 00:00:27.792000,0 days 00:00:40.435000,0 days 00:00:38.462000,0 days 00:35:11.472000,0 days 00:35:51.907000,0 days 00:36:30.369000,307.0,276.0,,297.0,False,HARD,9.0,False,Mercedes,0 days 00:34:43.680000,,1,,False,,False,False
2023-15,FP1,0 days 00:50:31.805000,HAM,44,,10.0,3.0,0 days 00:47:34.511000,,,0 days 00:01:08.140000,0 days 00:00:56.172000,,0 days 00:49:35.837000,0 days 00:50:31.868000,148.0,186.0,250.0,297.0,False,SOFT,1.0,True,Mercedes,0 days 00:36:30.369000,,12,,False,,False,False
2023-15,FP1,0 days 00:52:05.960000,HAM,44,0 days 00:01:34.155000,11.0,3.0,,,0 days 00:00:27.545000,0 days 00:00:39.941000,0 days 00:00:26.669000,0 days 00:50:59.350000,0 days 00:51:39.291000,0 days 00:52:05.960000,305.0,274.0,251.0,296.0,True,SOFT,2.0,True,Mercedes,0 days 00:50:31.805000,,1,,False,,False,True
2023-15,FP1,0 days 00:55:22.441000,HAM,44,,12.0,3.0,,0 days 00:55:14.660000,0 days 00:00:56.693000,0 days 00:01:21.631000,0 days 00:00:58.156000,0 days 00:53:02.849000,0 days 00:54:24.285000,0 days 00:55:22.597000,104.0,116.0,,220.0,False,SOFT,3.0,True,Mercedes,0 days 00:52:05.960000,,1,,False,,False,False
2023-15,FP1,0 days 00:58:33.646000,HAM,44,,13.0,4.0,0 days 00:55:48.190000,,0 days 00:01:17.635000,0 days 00:01:15.161000,0 days 00:00:38.421000,0 days 00:56:40.267000,0 days 00:57:55.313000,0 days 00:58:33.765000,145.0,152.0,250.0,220.0,False,SOFT,4.0,False,Mercedes,0 days 00:55:22.441000,,1,,False,,False,False
2023-15,FP1,0 days 01:00:07.186000,HAM,44,0 days 00:01:33.540000,14.0,4.0,,,0 days 00:00:27.474000,0 days 00:00:39.575000,0 days 00:00:26.491000,0 days 00:59:01.120000,0 days 00:59:40.695000,0 days 01:00:07.186000,303.0,275.0,253.0,294.0,True,SOFT,5.0,False,Mercedes,0 days 00:58:33.646000,,1,,False,,False,True
2023-15,FP1,0 days 01:02:10.514000,HAM,44,0 days 00:02:03.328000,15.0,4.0,,0 days 01:02:02.731000,0 days 00:00:33.228000,0 days 00:00:47.084000,0 days 00:00:43.016000,0 days 01:00:40.414000,0 days 01:01:27.498000,0 days 01:02:10.514000,253.0,249.0,,256.0,False,SOFT,6.0,False,Mercedes,0 days 01:00:07.186000,,1,,False,,False,False
2023-15,FP1,0 days 01:10:44.690000,HAM,44,,16.0,5.0,0 days 01:08:44.864000,,,0 days 00:00:44.817000,0 days 00:00:29.603000,,0 days 01:10:15.191000,0 days 01:10:44.690000,267.0,242.0,241.0,256.0,False,HARD,10.0,False,Mercedes,0 days 01:02:10.514000,,12,,False,,False,False
2023-15,FP1,0 days 01:12:25.120000,HAM,44,0 days 00:01:40.430000,17.0,5.0,,,0 days 00:00:29.309000,0 days 00:00:43.123000,0 days 00:00:27.998000,0 days 01:11:13.999000,0 days 01:11:57.122000,0 days 01:12:25.120000,275.0,259.0,241.0,277.0,False,HARD,11.0,False,Mercedes,0 days 01:10:44.690000,,12,,False,,False,True
2023-15,FP1,0 days 01:14:04.244000,HAM,44,0 days 00:01:39.124000,18.0,5.0,,,0 days 00:00:29.127000,0 days 00:00:41.896000,0 days 00:00:28.101000,0 days 01:12:54.247000,0 days 01:13:36.143000,0 days 01:14:04.244000,280.0,259.0,241.0,279.0,False,HARD,12.0,False,Mercedes,0 days 01:12:25.120000,,1,,False,,False,True
2023-15,FP1,0 days 01:15:43.108000,HAM,44,0 days 00:01:38.864000,19.0,5.0,,,0 days 00:00:28.931000,0 days 00:00:42.001000,0 days 00:00:27.932000,0 days 01:14:33.175000,0 days 01:15:15.176000,0 days 01:15:43.108000,287.0,259.0,239.0,278.0,False,HARD,13.0,False,Mercedes,0 days 01:14:04.244000,,1,,False,,False,True
2023-15,FP1,0 days 01:17:58.440000,HAM,44,0 days 00:02:15.332000,20.0,5.0,,,0 days 00:00:38.783000,0 days 00:00:51.976000,0 days 00:00:44.573000,0 days 01:16:21.891000,0 days 01:17:13.867000,0 days 01:17:58.440000,175.0,174.0,43.0,251.0,False,HARD,14.0,False,Mercedes,0 days 01:15:43.108000,,1,,False,,False,True
2023-15,FP1,0 days 01:20:23.575000,HAM,44,0 days 00:02:25.135000,21.0,5.0,,0 days 01:20:15.774000,0 days 00:01:00.032000,0 days 00:00:47.760000,0 days 00:00:37.343000,0 days 01:18:58.472000,0 days 01:19:46.232000,0 days 01:20:23.575000,229.0,239.0,,199.0,False,HARD,15.0,False,Mercedes,0 days 01:17:58.440000,,1,,False,,False,False
2023-15,FP1,0 days 00:17:59.725000,SAI,55,,1.0,1.0,0 days 00:15:53.576000,,,0 days 00:00:50.152000,0 days 00:00:38.688000,,0 days 00:17:21.184000,0 days 00:18:00.027000,266.0,249.0,243.0,,False,HARD,1.0,True,Ferrari,0 days 00:15:53.576000,,1,,False,,False,False
2023-15,FP1,0 days 00:19:38.724000,SAI,55,0 days 00:01:38.999000,2.0,1.0,,,0 days 00:00:28.930000,0 days 00:00:42.094000,0 days 00:00:27.975000,0 days 00:18:28.655000,0 days 00:19:10.749000,0 days 00:19:38.724000,303.0,271.0,250.0,281.0,True,HARD,2.0,True,Ferrari,0 days 00:17:59.725000,,1,,False,,False,True
2023-15,FP1,0 days 00:21:56.268000,SAI,55,0 days 00:02:17.544000,3.0,1.0,,,0 days 00:00:32.525000,0 days 00:01:00.630000,0 days 00:00:44.389000,0 days 00:20:11.249000,0 days 00:21:11.879000,0 days 00:21:56.268000,214.0,162.0,248.0,295.0,False,HARD,3.0,True,Ferrari,0 days 00:19:38.724000,,1,,False,,False,True
2023-15,FP1,0 days 00:23:32.396000,SAI,55,0 days 00:01:36.128000,4.0,1.0,,,0 days 00:00:28.172000,0 days 00:00:40.688000,0 days 00:00:27.268000,0 days 00:22:24.440000,0 days 00:23:05.128000,0 days 00:23:32.396000,306.0,274.0,253.0,295.0,True,HARD,4.0,True,Ferrari,0 days 00:21:56.268000,,1,,False,,False,True
2023-15,FP1,0 days 00:26:12.378000,SAI,55,,5.0,1.0,,,0 days 00:00:47.031000,0 days 00:01:10.345000,0 days 00:00:42.538000,0 days 00:24:19.598000,0 days 00:25:29.957000,0 days 00:26:12.378000,141.0,149.0,244.0,197.0,False,HARD,5.0,True,Ferrari,0 days 00:23:32.396000,,1,,False,,False,False
2023-15,FP1,0 days 00:27:48.096000,SAI,55,0 days 00:01:35.718000,6.0,1.0,,,0 days 00:00:28.090000,0 days 00:00:40.383000,0 days 00:00:27.245000,0 days 00:26:40.468000,0 days 00:27:20.851000,0 days 00:27:48.096000,304.0,274.0,252.0,293.0,True,HARD,6.0,True,Ferrari,0 days 00:26:12.378000,,1,,False,,False,True
2023-15,FP1,0 days 00:30:33.982000,SAI,55,,7.0,1.0,,,0 days 00:00:51.932000,0 days 00:01:12.190000,0 days 00:00:41.846000,0 days 00:28:40.125000,0 days 00:29:52.358000,0 days 00:30:34.061000,142.0,122.0,245.0,148.0,False,HARD,7.0,True,Ferrari,0 days 00:27:48.096000,,1,,False,,False,False
2023-15,FP1,0 days 00:32:09.575000,SAI,55,0 days 00:01:35.593000,8.0,1.0,,,0 days 00:00:27.806000,0 days 00:00:40.583000,0 days 00:00:27.204000,0 days 00:31:01.788000,0 days 00:31:42.371000,0 days 00:32:09.575000,307.0,275.0,255.0,295.0,True,HARD,8.0,True,Ferrari,0 days 00:30:33.982000,,1,,False,,False,True
2023-15,FP1,0 days 00:34:27.848000,SAI,55,0 days 00:02:18.273000,9.0,1.0,,0 days 00:34:19.963000,0 days 00:00:40.342000,0 days 00:00:57.267000,0 days 00:00:40.664000,0 days 00:32:49.917000,0 days 00:33:47.184000,0 days 00:34:27.848000,239.0,158.0,,195.0,False,HARD,9.0,True,Ferrari,0 days 00:32:09.575000,,1,,False,,False,False
2023-15,FP1,0 days 00:47:30.715000,SAI,55,,10.0,2.0,0 days 00:45:16.467000,,,0 days 00:00:54.494000,0 days 00:00:32.386000,,0 days 00:46:58.340000,0 days 00:47:30.715000,260.0,246.0,252.0,195.0,False,SOFT,1.0,True,Ferrari,0 days 00:34:27.848000,,1,,False,,False,False
2023-15,FP1,0 days 00:50:19.715000,SAI,55,,11.0,2.0,,,0 days 00:00:42.724000,0 days 00:01:18.080000,0 days 00:00:48.315000,0 days 00:48:13.542000,0 days 00:49:31.400000,0 days 00:50:19.774000,125.0,212.0,250.0,296.0,False,SOFT,2.0,True,Ferrari,0 days 00:47:30.715000,,12,,False,,False,False
2023-15,FP1,0 days 00:51:53.659000,SAI,55,0 days 00:01:33.944000,12.0,2.0,,,0 days 00:00:27.472000,0 days 00:00:39.685000,0 days 00:00:26.787000,0 days 00:50:47.187000,0 days 00:51:26.872000,0 days 00:51:53.659000,309.0,278.0,258.0,297.0,True,SOFT,3.0,True,Ferrari,0 days 00:50:19.715000,,1,,False,,False,True
2023-15,FP1,0 days 00:54:34.473000,SAI,55,,13.0,2.0,,0 days 00:54:26.457000,0 days 00:00:41.999000,0 days 00:01:08.367000,0 days 00:00:50.315000,0 days 00:52:35.850000,0 days 00:53:44.239000,0 days 00:54:34.473000,172.0,134.0,,190.0,False,SOFT,4.0,True,Ferrari,0 days 00:51:53.659000,,1,,False,,False,False
2023-15,FP1,0 days 00:57:23.963000,SAI,55,,14.0,3.0,0 days 00:54:58.910000,,0 days 00:01:19.039000,0 days 00:00:55.133000,0 days 00:00:35.469000,0 days 00:55:53.628000,0 days 00:56:48.658000,0 days 00:57:24.048000,164.0,246.0,250.0,190.0,False,SOFT,5.0,False,Ferrari,0 days 00:54:34.473000,,1,,False,,False,False
2023-15,FP1,0 days 00:59:42.241000,SAI,55,0 days 00:02:18.278000,15.0,3.0,,,0 days 00:00:36.436000,0 days 00:01:02.344000,0 days 00:00:39.498000,0 days 00:58:00.399000,0 days 00:59:02.743000,0 days 00:59:42.241000,179.0,237.0,250.0,296.0,False,SOFT,6.0,False,Ferrari,0 days 00:57:23.963000,,1,,False,,False,True
2023-15,FP1,0 days 01:01:15.669000,SAI,55,0 days 00:01:33.428000,16.0,3.0,,,0 days 00:00:27.391000,0 days 00:00:39.516000,0 days 00:00:26.521000,0 days 01:00:09.632000,0 days 01:00:49.148000,0 days 01:01:15.669000,308.0,275.0,257.0,296.0,True,SOFT,7.0,False,Ferrari,0 days 00:59:42.241000,,1,,False,,False,True
2023-15,FP1,0 days 01:03:11.592000,SAI,55,0 days 00:01:55.923000,17.0,3.0,,0 days 01:03:03.761000,0 days 00:00:31.538000,0 days 00:00:45.489000,0 days 00:00:38.896000,0 days 01:01:47.207000,0 days 01:02:32.696000,0 days 01:03:11.592000,259.0,224.0,,240.0,False,SOFT,8.0,False,Ferrari,0 days 01:01:15.669000,,12,,False,,False,False
2023-15,FP1,0 days 01:08:48.667000,SAI,55,,18.0,4.0,0 days 01:07:06.366000,,,0 days 00:00:43.616000,0 days 00:00:27.993000,,0 days 01:08:20.818000,0 days 01:08:48.677000,280.0,254.0,242.0,240.0,False,HARD,10.0,False,Ferrari,0 days 01:03:11.592000,,1,,False,,False,False
2023-15,FP1,0 days 01:10:27.063000,SAI,55,0 days 00:01:38.396000,19.0,4.0,,,0 days 00:00:28.817000,0 days 00:00:41.758000,0 days 00:00:27.821000,0 days 01:09:17.484000,0 days 01:09:59.242000,0 days 01:10:27.063000,283.0,258.0,242.0,276.0,False,HARD,11.0,False,Ferrari,0 days 01:08:48.667000,,1,,False,,False,True
2023-15,FP1,0 days 01:12:10.049000,SAI,55,0 days 00:01:42.986000,20.0,4.0,,,0 days 00:00:28.872000,0 days 00:00:42.178000,0 days 00:00:31.936000,0 days 01:10:55.935000,0 days 01:11:38.113000,0 days 01:12:10.049000,284.0,258.0,242.0,276.0,False,HARD,12.0,False,Ferrari,0 days 01:10:27.063000,,12,,False,,False,True
2023-15,FP1,0 days 01:13:48.735000,SAI,55,0 days 00:01:38.686000,21.0,4.0,,,0 days 00:00:28.842000,0 days 00:00:41.907000,0 days 00:00:27.937000,0 days 01:12:38.891000,0 days 01:13:20.798000,0 days 01:13:48.735000,286.0,259.0,243.0,279.0,False,HARD,13.0,False,Ferrari,0 days 01:12:10.049000,,1,,False,,False,True
2023-15,FP1,0 days 01:15:27.247000,SAI,55,0 days 00:01:38.512000,22.0,4.0,,,0 days 00:00:28.686000,0 days 00:00:42.089000,0 days 00:00:27.737000,0 days 01:14:17.421000,0 days 01:14:59.510000,0 days 01:15:27.247000,290.0,262.0,247.0,282.0,False,HARD,14.0,False,Ferrari,0 days 01:13:48.735000,,1,,False,,False,True
2023-15,FP1,0 days 01:17:44.136000,SAI,55,0 days 00:02:16.889000,23.0,4.0,,,0 days 00:00:34.049000,0 days 00:00:55.419000,0 days 00:00:47.421000,0 days 01:16:01.296000,0 days 01:16:56.715000,0 days 01:17:44.136000,205.0,166.0,44.0,283.0,False,HARD,15.0,False,Ferrari,0 days 01:15:27.247000,,1,,False,,False,True
2023-15,FP1,0 days 01:20:15.586000,SAI,55,,24.0,4.0,,0 days 01:20:07.196000,0 days 00:00:53.537000,0 days 00:00:51.012000,0 days 00:00:46.822000,0 days 01:18:37.807000,0 days 01:19:28.775000,0 days 01:20:15.586000,290.0,141.0,,204.0,False,HARD,16.0,False,Ferrari,0 days 01:17:44.136000,,1,,False,,False,False
2023-15,FP1,0 days 00:17:36.053000,RUS,63,,1.0,1.0,0 days 00:15:35.858000,,,0 days 00:00:47.821000,0 days 00:00:40.349000,,0 days 00:16:55.903000,0 days 00:17:36.121000,270.0,252.0,245.0,,False,HARD,1.0,True,Mercedes,0 days 00:15:35.858000,,1,,False,,False,False
2023-15,FP1,0 days 00:19:16.401000,RUS,63,0 days 00:01:40.348000,2.0,1.0,,,0 days 00:00:28.863000,0 days 00:00:43.280000,0 days 00:00:28.205000,0 days 00:18:04.916000,0 days 00:18:48.196000,0 days 00:19:16.401000,300.0,272.0,246.0,293.0,True,HARD,2.0,True,Mercedes,0 days 00:17:36.053000,,1,,False,,False,True
2023-15,FP1,0 days 00:20:55.371000,RUS,63,0 days 00:01:38.970000,3.0,1.0,,,0 days 00:00:28.803000,0 days 00:00:42.398000,0 days 00:00:27.769000,0 days 00:19:45.204000,0 days 00:20:27.602000,0 days 00:20:55.371000,302.0,273.0,249.0,294.0,True,HARD,3.0,True,Mercedes,0 days 00:19:16.401000,,1,,False,,False,True
2023-15,FP1,0 days 00:23:06.224000,RUS,63,0 days 00:02:10.853000,4.0,1.0,,0 days 00:22:58.475000,0 days 00:00:28.420000,0 days 00:00:52.494000,0 days 00:00:49.939000,0 days 00:21:23.791000,0 days 00:22:16.285000,0 days 00:23:06.224000,294.0,168.0,,295.0,False,HARD,4.0,True,Mercedes,0 days 00:20:55.371000,,1,,False,,False,False
2023-15,FP1,0 days 00:25:51.287000,RUS,63,,5.0,2.0,0 days 00:23:22.990000,,0 days 00:01:02.378000,0 days 00:01:06.658000,0 days 00:00:35.987000,0 days 00:24:08.786000,0 days 00:25:15.457000,0 days 00:25:51.331000,151.0,226.0,248.0,295.0,False,HARD,5.0,False,Mercedes,0 days 00:23:06.224000,,1,,False,,False,False
2023-15,FP1,0 days 00:27:28.251000,RUS,63,0 days 00:01:36.964000,6.0,2.0,,,0 days 00:00:28.080000,0 days 00:00:41.444000,0 days 00:00:27.440000,0 days 00:26:19.367000,0 days 00:27:00.811000,0 days 00:27:28.251000,299.0,272.0,250.0,293.0,True,HARD,6.0,False,Mercedes,0 days 00:25:51.287000,,1,,False,,False,True
2023-15,FP1,0 days 00:30:16.552000,RUS,63,,7.0,2.0,,,0 days 00:00:52.787000,0 days 00:01:12.257000,0 days 00:00:43.231000,0 days 00:28:21.204000,0 days 00:29:33.343000,0 days 00:30:16.561000,124.0,145.0,250.0,173.0,False,HARD,7.0,False,Mercedes,0 days 00:27:28.251000,,1,,False,,False,False
2023-15,FP1,0 days 00:31:52.403000,RUS,63,0 days 00:01:35.851000,8.0,2.0,,,0 days 00:00:28.062000,0 days 00:00:40.747000,0 days 00:00:27.042000,0 days 00:30:44.614000,0 days 00:31:25.361000,0 days 00:31:52.403000,301.0,273.0,252.0,295.0,True,HARD,8.0,False,Mercedes,0 days 00:30:16.552000,,1,,False,,False,True
2023-15,FP1,0 days 00:34:57.102000,RUS,63,,9.0,2.0,,,0 days 00:00:49.091000,0 days 00:01:22.898000,0 days 00:00:52.749000,0 days 00:32:41.636000,0 days 00:34:04.385000,0 days 00:34:57.150000,113.0,77.0,164.0,223.0,False,HARD,9.0,False,Mercedes,0 days 00:31:52.403000,,1,,False,,False,False
2023-15,FP1,0 days 00:37:11.906000,RUS,63,0 days 00:02:14.804000,10.0,2.0,,,0 days 00:00:43.591000,0 days 00:00:56.423000,0 days 00:00:34.790000,0 days 00:35:40.693000,0 days 00:36:37.116000,0 days 00:37:11.906000,276.0,242.0,251.0,229.0,False,HARD,10.0,False,Mercedes,0 days 00:34:57.102000,,1,,False,,False,True
2023-15,FP1,0 days 00:38:46.911000,RUS,63,0 days 00:01:35.005000,11.0,2.0,,,0 days 00:00:27.881000,0 days 00:00:40.225000,0 days 00:00:26.899000,0 days 00:37:39.787000,0 days 00:38:20.012000,0 days 00:38:46.911000,302.0,275.0,253.0,295.0,True,HARD,11.0,False,Mercedes,0 days 00:37:11.906000,,1,,False,,False,True
2023-15,FP1,0 days 00:40:57.807000,RUS,63,0 days 00:02:10.896000,12.0,2.0,,0 days 00:40:50.019000,0 days 00:00:33.210000,0 days 00:00:54.147000,0 days 00:00:43.539000,0 days 00:39:20.121000,0 days 00:40:14.268000,0 days 00:40:57.807000,179.0,159.0,,247.0,False,HARD,12.0,False,Mercedes,0 days 00:38:46.911000,,1,,False,,False,False
2023-15,FP1,0 days 00:50:12.629000,RUS,63,,13.0,3.0,0 days 00:47:23.058000,,,0 days 00:01:14.014000,0 days 00:00:48.844000,,0 days 00:49:23.869000,0 days 00:50:12.712000,223.0,110.0,252.0,247.0,False,SOFT,1.0,True,Mercedes,0 days 00:40:57.807000,,12,,False,,False,False
2023-15,FP1,0 days 00:51:46.694000,RUS,63,0 days 00:01:34.065000,14.0,3.0,,,0 days 00:00:27.538000,0 days 00:00:39.906000,0 days 00:00:26.621000,0 days 00:50:40.167000,0 days 00:51:20.073000,0 days 00:51:46.694000,304.0,275.0,252.0,296.0,True,SOFT,2.0,True,Mercedes,0 days 00:50:12.629000,,1,,False,,False,True
2023-15,FP1,0 days 00:54:54.863000,RUS,63,,15.0,3.0,,0 days 00:54:47.066000,0 days 00:00:53.019000,0 days 00:01:18.135000,0 days 00:00:56.968000,0 days 00:52:39.928000,0 days 00:53:57.895000,0 days 00:54:54.988000,89.0,127.0,,216.0,False,SOFT,3.0,True,Mercedes,0 days 00:51:46.694000,,1,,False,,False,False
2023-15,FP1,0 days 00:57:52.976000,RUS,63,,16.0,4.0,0 days 00:55:20.425000,,0 days 00:01:13.537000,0 days 00:01:12.147000,0 days 00:00:32.476000,0 days 00:56:08.565000,0 days 00:57:20.704000,0 days 00:57:53.079000,139.0,244.0,251.0,216.0,False,SOFT,4.0,False,Mercedes,0 days 00:54:54.863000,,1,,False,,False,False
2023-15,FP1,0 days 00:59:26.671000,RUS,63,0 days 00:01:33.695000,17.0,4.0,,,0 days 00:00:27.518000,0 days 00:00:39.513000,0 days 00:00:26.664000,0 days 00:58:20.494000,0 days 00:59:00.007000,0 days 00:59:26.671000,302.0,274.0,253.0,295.0,True,SOFT,5.0,False,Mercedes,0 days 00:57:52.976000,,1,,False,,False,True
2023-15,FP1,0 days 01:01:35.756000,RUS,63,0 days 00:02:09.085000,18.0,4.0,,0 days 01:01:28.012000,0 days 00:00:35.958000,0 days 00:00:51.647000,0 days 00:00:41.480000,0 days 01:00:02.629000,0 days 01:00:54.276000,0 days 01:01:35.756000,194.0,205.0,,237.0,False,SOFT,6.0,False,Mercedes,0 days 00:59:26.671000,,1,,False,,False,False
2023-15,FP1,0 days 01:09:41.866000,RUS,63,,19.0,5.0,0 days 01:07:38.287000,,,0 days 00:00:47.895000,0 days 00:00:28.811000,,0 days 01:09:13.192000,0 days 01:09:41.879000,256.0,245.0,238.0,237.0,False,HARD,13.0,False,Mercedes,0 days 01:01:35.756000,,12,,False,,False,False
2023-15,FP1,0 days 01:11:22.271000,RUS,63,0 days 00:01:40.405000,20.0,5.0,,,0 days 00:00:29.325000,0 days 00:00:42.921000,0 days 00:00:28.159000,0 days 01:10:11.191000,0 days 01:10:54.112000,0 days 01:11:22.271000,278.0,258.0,240.0,276.0,False,HARD,14.0,False,Mercedes,0 days 01:09:41.866000,,12,,False,,False,True
2023-15,FP1,0 days 01:13:02.616000,RUS,63,0 days 00:01:40.345000,21.0,5.0,,,0 days 00:00:29.256000,0 days 00:00:42.961000,0 days 00:00:28.128000,0 days 01:11:51.527000,0 days 01:12:34.488000,0 days 01:13:02.616000,279.0,258.0,241.0,277.0,False,HARD,15.0,False,Mercedes,0 days 01:11:22.271000,,21,,False,,False,True
2023-15,FP1,0 days 01:14:42.023000,RUS,63,0 days 00:01:39.407000,22.0,5.0,,,0 days 00:00:29.042000,0 days 00:00:42.383000,0 days 00:00:27.982000,0 days 01:13:31.658000,0 days 01:14:14.041000,0 days 01:14:42.023000,276.0,260.0,242.0,279.0,False,HARD,16.0,False,Mercedes,0 days 01:13:02.616000,,1,,False,,False,True
2023-15,FP1,0 days 01:16:21.059000,RUS,63,0 days 00:01:39.036000,23.0,5.0,,,0 days 00:00:28.899000,0 days 00:00:42.253000,0 days 00:00:27.884000,0 days 01:15:10.922000,0 days 01:15:53.175000,0 days 01:16:21.059000,281.0,260.0,243.0,279.0,False,HARD,17.0,False,Mercedes,0 days 01:14:42.023000,,1,,False,,False,True
2023-15,FP1,0 days 01:18:48.353000,RUS,63,0 days 00:02:27.294000,24.0,5.0,,,0 days 00:00:41.445000,0 days 00:00:56.383000,0 days 00:00:49.466000,0 days 01:17:02.504000,0 days 01:17:58.887000,0 days 01:18:48.353000,143.0,238.0,48.0,195.0,False,HARD,18.0,False,Mercedes,0 days 01:16:21.059000,,1,,False,,False,True
2023-15,FP1,0 days 01:21:20.788000,RUS,63,,25.0,5.0,,0 days 01:21:12.929000,0 days 00:01:03.459000,0 days 00:00:46.942000,0 days 00:00:41.950000,0 days 01:19:51.930000,0 days 01:20:38.883000,0 days 01:21:20.788000,250.0,170.0,,185.0,False,HARD,19.0,False,Mercedes,0 days 01:18:48.353000,,1,,False,,False,False
2023-15,FP1,0 days 00:17:06.352000,BOT,77,,1.0,1.0,0 days 00:15:09.921000,,,0 days 00:00:47.297000,0 days 00:00:34.294000,,0 days 00:16:32.247000,0 days 00:17:06.434000,271.0,252.0,240.0,,False,MEDIUM,1.0,True,Alfa Romeo,0 days 00:15:09.921000,,1,,False,,False,False
2023-15,FP1,0 days 00:18:45.660000,BOT,77,0 days 00:01:39.308000,2.0,1.0,,,0 days 00:00:29.095000,0 days 00:00:42.086000,0 days 00:00:28.127000,0 days 00:17:35.447000,0 days 00:18:17.533000,0 days 00:18:45.660000,300.0,271.0,244.0,288.0,True,MEDIUM,2.0,True,Alfa Romeo,0 days 00:17:06.352000,,1,,False,,False,True
2023-15,FP1,0 days 00:21:01.873000,BOT,77,0 days 00:02:16.213000,3.0,1.0,,,0 days 00:00:40.847000,0 days 00:00:58.960000,0 days 00:00:36.406000,0 days 00:19:26.507000,0 days 00:20:25.467000,0 days 00:21:01.873000,246.0,235.0,240.0,245.0,False,MEDIUM,3.0,True,Alfa Romeo,0 days 00:18:45.660000,,1,,False,,False,True
2023-15,FP1,0 days 00:22:39.986000,BOT,77,0 days 00:01:38.113000,4.0,1.0,,,0 days 00:00:28.704000,0 days 00:00:41.645000,0 days 00:00:27.764000,0 days 00:21:30.577000,0 days 00:22:12.222000,0 days 00:22:39.986000,300.0,271.0,246.0,288.0,True,MEDIUM,4.0,True,Alfa Romeo,0 days 00:21:01.873000,,1,,False,,False,True
2023-15,FP1,0 days 00:24:56.039000,BOT,77,0 days 00:02:16.053000,5.0,1.0,,,0 days 00:00:37.111000,0 days 00:01:03.028000,0 days 00:00:35.914000,0 days 00:23:17.097000,0 days 00:24:20.125000,0 days 00:24:56.039000,181.0,164.0,242.0,273.0,False,MEDIUM,5.0,True,Alfa Romeo,0 days 00:22:39.986000,,1,,False,,False,True
2023-15,FP1,0 days 00:26:33.377000,BOT,77,0 days 00:01:37.338000,6.0,1.0,,,0 days 00:00:28.431000,0 days 00:00:41.327000,0 days 00:00:27.580000,0 days 00:25:24.470000,0 days 00:26:05.797000,0 days 00:26:33.377000,300.0,270.0,248.0,290.0,True,MEDIUM,6.0,True,Alfa Romeo,0 days 00:24:56.039000,,1,,False,,False,True
2023-15,FP1,0 days 00:28:47.300000,BOT,77,0 days 00:02:13.923000,7.0,1.0,,,0 days 00:00:37.539000,0 days 00:00:54.581000,0 days 00:00:41.803000,0 days 00:27:10.916000,0 days 00:28:05.497000,0 days 00:28:47.300000,256.0,243.0,242.0,237.0,False,MEDIUM,7.0,True,Alfa Romeo,0 days 00:26:33.377000,,1,,False,,False,True
2023-15,FP1,0 days 00:30:24.288000,BOT,77,0 days 00:01:36.988000,8.0,1.0,,,0 days 00:00:28.402000,0 days 00:00:40.968000,0 days 00:00:27.618000,0 days 00:29:15.702000,0 days 00:29:56.670000,0 days 00:30:24.288000,302.0,272.0,247.0,290.0,True,MEDIUM,8.0,True,Alfa Romeo,0 days 00:28:47.300000,,1,,False,,False,True
2023-15,FP1,0 days 00:32:27.885000,BOT,77,0 days 00:02:03.597000,9.0,1.0,,0 days 00:32:20.012000,0 days 00:00:34.374000,0 days 00:00:49.750000,0 days 00:00:39.473000,0 days 00:30:58.662000,0 days 00:31:48.412000,0 days 00:32:27.885000,237.0,136.0,,273.0,False,MEDIUM,9.0,True,Alfa Romeo,0 days 00:30:24.288000,,1,,False,,False,False
2023-15,FP1,0 days 00:44:06.992000,BOT,77,,10.0,2.0,0 days 00:42:05.267000,,,0 days 00:00:47.521000,0 days 00:00:30.502000,,0 days 00:43:36.641000,0 days 00:44:07.046000,267.0,234.0,246.0,273.0,False,MEDIUM,1.0,True,Alfa Romeo,0 days 00:32:27.885000,,1,,False,,False,False
2023-15,FP1,0 days 00:45:42.482000,BOT,77,0 days 00:01:35.490000,11.0,2.0,,,0 days 00:00:28.024000,0 days 00:00:40.221000,0 days 00:00:27.245000,0 days 00:44:35.016000,0 days 00:45:15.237000,0 days 00:45:42.482000,298.0,271.0,246.0,289.0,True,MEDIUM,2.0,True,Alfa Romeo,0 days 00:44:06.992000,,1,,False,,False,True
2023-15,FP1,0 days 00:47:47.648000,BOT,77,0 days 00:02:05.166000,12.0,2.0,,,0 days 00:00:36.940000,0 days 00:00:53.617000,0 days 00:00:34.609000,0 days 00:46:19.422000,0 days 00:47:13.039000,0 days 00:47:47.648000,229.0,226.0,248.0,210.0,False,MEDIUM,3.0,True,Alfa Romeo,0 days 00:45:42.482000,,12,,False,,False,True
2023-15,FP1,0 days 00:49:55.326000,BOT,77,0 days 00:02:07.678000,13.0,2.0,,,0 days 00:00:27.872000,0 days 00:01:05.173000,0 days 00:00:34.633000,0 days 00:48:15.520000,0 days 00:49:20.693000,0 days 00:49:55.326000,302.0,232.0,246.0,292.0,False,MEDIUM,4.0,True,Alfa Romeo,0 days 00:47:47.648000,,2,,False,,False,True
2023-15,FP1,0 days 00:51:52.161000,BOT,77,0 days 00:01:56.835000,14.0,2.0,,,0 days 00:00:31.945000,0 days 00:00:53.499000,0 days 00:00:31.391000,0 days 00:50:27.271000,0 days 00:51:20.770000,0 days 00:51:52.161000,270.0,212.0,248.0,292.0,False,MEDIUM,5.0,True,Alfa Romeo,0 days 00:49:55.326000,,21,,False,,False,True
2023-15,FP1,0 days 00:53:27.360000,BOT,77,0 days 00:01:35.199000,15.0,2.0,,,0 days 00:00:27.835000,0 days 00:00:40.343000,0 days 00:00:27.021000,0 days 00:52:19.996000,0 days 00:53:00.339000,0 days 00:53:27.360000,302.0,273.0,251.0,293.0,True,MEDIUM,6.0,True,Alfa Romeo,0 days 00:51:52.161000,,1,,False,,False,True
2023-15,FP1,0 days 00:55:38.237000,BOT,77,0 days 00:02:10.877000,16.0,2.0,,0 days 00:55:30.362000,0 days 00:00:35.787000,0 days 00:00:54.010000,0 days 00:00:41.080000,0 days 00:54:03.147000,0 days 00:54:57.157000,0 days 00:55:38.237000,244.0,166.0,,228.0,False,MEDIUM,7.0,True,Alfa Romeo,0 days 00:53:27.360000,,1,,False,,False,False
2023-15,FP1,0 days 01:04:22.659000,BOT,77,,17.0,3.0,0 days 01:02:15.762000,,,0 days 00:00:48.003000,0 days 00:00:31.393000,,0 days 01:03:51.463000,0 days 01:04:22.759000,242.0,241.0,245.0,228.0,False,MEDIUM,8.0,False,Alfa Romeo,0 days 00:55:38.237000,,12,,False,,False,False
2023-15,FP1,0 days 01:05:57.461000,BOT,77,0 days 00:01:34.802000,18.0,3.0,,,0 days 00:00:27.767000,0 days 00:00:40.079000,0 days 00:00:26.956000,0 days 01:04:50.426000,0 days 01:05:30.505000,0 days 01:05:57.461000,301.0,271.0,250.0,291.0,True,MEDIUM,9.0,False,Alfa Romeo,0 days 01:04:22.659000,,1,,False,,False,True
2023-15,FP1,0 days 01:08:09.290000,BOT,77,0 days 00:02:11.829000,19.0,3.0,,,0 days 00:00:37.002000,0 days 00:00:57.747000,0 days 00:00:37.080000,0 days 01:06:34.463000,0 days 01:07:32.210000,0 days 01:08:09.290000,161.0,193.0,246.0,221.0,False,MEDIUM,10.0,False,Alfa Romeo,0 days 01:05:57.461000,,1,,False,,False,True
2023-15,FP1,0 days 01:09:46.031000,BOT,77,0 days 00:01:36.741000,20.0,3.0,,,0 days 00:00:28.141000,0 days 00:00:40.812000,0 days 00:00:27.788000,0 days 01:08:37.431000,0 days 01:09:18.243000,0 days 01:09:46.031000,301.0,263.0,240.0,291.0,False,MEDIUM,11.0,False,Alfa Romeo,0 days 01:08:09.290000,,1,,False,,False,True
2023-15,FP1,0 days 01:12:15.232000,BOT,77,0 days 00:02:29.201000,21.0,3.0,,,0 days 00:00:42.725000,0 days 00:01:03.090000,0 days 00:00:43.386000,0 days 01:10:28.756000,0 days 01:11:31.846000,0 days 01:12:15.232000,229.0,204.0,245.0,185.0,False,MEDIUM,12.0,False,Alfa Romeo,0 days 01:09:46.031000,,12,,False,,False,True
2023-15,FP1,0 days 01:13:50.954000,BOT,77,0 days 00:01:35.722000,22.0,3.0,,,0 days 00:00:28.048000,0 days 00:00:40.554000,0 days 00:00:27.120000,0 days 01:12:43.280000,0 days 01:13:23.834000,0 days 01:13:50.954000,301.0,271.0,247.0,290.0,False,MEDIUM,13.0,False,Alfa Romeo,0 days 01:12:15.232000,,1,,False,,False,True
2023-15,FP1,0 days 01:15:45.470000,BOT,77,0 days 00:01:54.516000,23.0,3.0,,,0 days 00:00:34.306000,0 days 00:00:44.961000,0 days 00:00:35.249000,0 days 01:14:25.260000,0 days 01:15:10.221000,0 days 01:15:45.470000,273.0,247.0,220.0,210.0,False,MEDIUM,14.0,False,Alfa Romeo,0 days 01:13:50.954000,,1,,False,,False,True
2023-15,FP1,0 days 01:17:57.981000,BOT,77,0 days 00:02:12.511000,24.0,3.0,,,0 days 00:00:36.837000,0 days 00:00:52.239000,0 days 00:00:43.435000,0 days 01:16:22.307000,0 days 01:17:14.546000,0 days 01:17:57.981000,233.0,190.0,69.0,212.0,False,MEDIUM,15.0,False,Alfa Romeo,0 days 01:15:45.470000,,1,,False,,False,True
2023-15,FP1,0 days 01:20:21.978000,BOT,77,0 days 00:02:23.997000,25.0,3.0,,0 days 01:20:14.102000,0 days 00:00:47.490000,0 days 00:00:54.173000,0 days 00:00:42.334000,0 days 01:18:45.471000,0 days 01:19:39.644000,0 days 01:20:21.978000,295.0,193.0,,187.0,False,MEDIUM,16.0,False,Alfa Romeo,0 days 01:17:57.981000,,1,,False,,False,False
2023-15,FP1,0 days 00:18:32.086000,PIA,81,,1.0,1.0,0 days 00:16:18.185000,,,0 days 00:00:50.147000,0 days 00:00:40.918000,,0 days 00:17:51.402000,0 days 00:18:32.183000,244.0,259.0,245.0,,False,MEDIUM,1.0,True,McLaren,0 days 00:16:18.185000,,1,,False,,False,False
2023-15,FP1,0 days 00:20:12.100000,PIA,81,0 days 00:01:40.014000,2.0,1.0,,,0 days 00:00:29.246000,0 days 00:00:42.914000,0 days 00:00:27.854000,0 days 00:19:01.332000,0 days 00:19:44.246000,0 days 00:20:12.100000,303.0,273.0,247.0,294.0,True,MEDIUM,2.0,True,McLaren,0 days 00:18:32.086000,,1,,False,,False,True
2023-15,FP1,0 days 00:22:34.020000,PIA,81,0 days 00:02:21.920000,3.0,1.0,,,0 days 00:00:42.816000,0 days 00:01:00.305000,0 days 00:00:38.799000,0 days 00:20:54.916000,0 days 00:21:55.221000,0 days 00:22:34.020000,168.0,152.0,249.0,240.0,False,MEDIUM,3.0,True,McLaren,0 days 00:20:12.100000,,1,,False,,False,True
2023-15,FP1,0 days 00:24:11.736000,PIA,81,0 days 00:01:37.716000,4.0,1.0,,,0 days 00:00:28.535000,0 days 00:00:41.720000,0 days 00:00:27.461000,0 days 00:23:02.555000,0 days 00:23:44.275000,0 days 00:24:11.736000,304.0,273.0,248.0,295.0,True,MEDIUM,4.0,True,McLaren,0 days 00:22:34.020000,,1,,False,,False,True
2023-15,FP1,0 days 00:26:38.329000,PIA,81,0 days 00:02:26.593000,5.0,1.0,,,0 days 00:00:40.617000,0 days 00:01:04.263000,0 days 00:00:41.713000,0 days 00:24:52.353000,0 days 00:25:56.616000,0 days 00:26:38.329000,155.0,98.0,248.0,258.0,False,MEDIUM,5.0,True,McLaren,0 days 00:24:11.736000,,1,,False,,False,True
2023-15,FP1,0 days 00:28:15.219000,PIA,81,0 days 00:01:36.890000,6.0,1.0,,,0 days 00:00:28.274000,0 days 00:00:41.260000,0 days 00:00:27.356000,0 days 00:27:06.603000,0 days 00:27:47.863000,0 days 00:28:15.219000,303.0,273.0,250.0,296.0,True,MEDIUM,6.0,True,McLaren,0 days 00:26:38.329000,,1,,False,,False,True
2023-15,FP1,0 days 00:30:51.499000,PIA,81,,7.0,1.0,,,0 days 00:00:42.409000,0 days 00:01:07.170000,0 days 00:00:46.677000,0 days 00:28:57.844000,0 days 00:30:05.030000,0 days 00:30:51.576000,202.0,184.0,248.0,270.0,False,MEDIUM,7.0,True,McLaren,0 days 00:28:15.219000,,1,,False,,False,False
2023-15,FP1,0 days 00:32:27.855000,PIA,81,0 days 00:01:36.356000,8.0,1.0,,,0 days 00:00:28.152000,0 days 00:00:40.987000,0 days 00:00:27.217000,0 days 00:31:19.651000,0 days 00:32:00.638000,0 days 00:32:27.855000,307.0,274.0,249.0,297.0,True,MEDIUM,8.0,True,McLaren,0 days 00:30:51.499000,,1,,False,,False,True
2023-15,FP1,0 days 00:34:53.049000,PIA,81,0 days 00:02:25.194000,9.0,1.0,,0 days 00:34:45.197000,0 days 00:00:37.822000,0 days 00:01:02.218000,0 days 00:00:45.154000,0 days 00:33:05.677000,0 days 00:34:07.895000,0 days 00:34:53.049000,187.0,214.0,,263.0,False,MEDIUM,9.0,True,McLaren,0 days 00:32:27.855000,,1,,False,,False,False
2023-15,FP1,0 days 00:45:33.786000,PIA,81,,10.0,2.0,0 days 00:43:33.922000,,,0 days 00:00:50.050000,0 days 00:00:31.303000,,0 days 00:45:02.624000,0 days 00:45:33.857000,247.0,248.0,251.0,263.0,False,SOFT,1.0,True,McLaren,0 days 00:34:53.049000,,1,,False,,False,False
2023-15,FP1,0 days 00:47:09.481000,PIA,81,0 days 00:01:35.695000,11.0,2.0,,,0 days 00:00:27.726000,0 days 00:00:40.785000,0 days 00:00:27.184000,0 days 00:46:01.512000,0 days 00:46:42.297000,0 days 00:47:09.481000,305.0,273.0,245.0,296.0,True,SOFT,2.0,True,McLaren,0 days 00:45:33.786000,,1,,False,,False,True
2023-15,FP1,0 days 00:49:38.230000,PIA,81,0 days 00:02:28.749000,12.0,2.0,,0 days 00:49:30.447000,0 days 00:00:42.442000,0 days 00:01:06.116000,0 days 00:00:40.191000,0 days 00:47:51.923000,0 days 00:48:58.039000,0 days 00:49:38.230000,158.0,209.0,,262.0,False,SOFT,3.0,True,McLaren,0 days 00:47:09.481000,,12,,False,,False,False
2023-15,FP1,0 days 00:52:24.421000,PIA,81,,13.0,3.0,0 days 00:50:01.181000,,0 days 00:01:05.618000,0 days 00:01:02.726000,0 days 00:00:37.893000,0 days 00:50:44.039000,0 days 00:51:46.679000,0 days 00:52:24.522000,252.0,221.0,251.0,262.0,False,SOFT,4.0,False,McLaren,0 days 00:49:38.230000,,21,,False,,False,False
2023-15,FP1,0 days 00:53:59.895000,PIA,81,0 days 00:01:35.474000,14.0,3.0,,,0 days 00:00:27.665000,0 days 00:00:40.771000,0 days 00:00:27.038000,0 days 00:52:52.086000,0 days 00:53:32.857000,0 days 00:53:59.895000,305.0,273.0,252.0,297.0,True,SOFT,5.0,False,McLaren,0 days 00:52:24.421000,,1,,False,,False,True
2023-15,FP1,0 days 00:56:09.202000,PIA,81,0 days 00:02:09.307000,15.0,3.0,,0 days 00:56:01.362000,0 days 00:00:33.853000,0 days 00:00:53.763000,0 days 00:00:41.691000,0 days 00:54:33.748000,0 days 00:55:27.511000,0 days 00:56:09.202000,238.0,192.0,,265.0,False,SOFT,6.0,False,McLaren,0 days 00:53:59.895000,,1,,False,,False,False
2023-15,FP1,0 days 01:09:54.014000,PIA,81,,16.0,4.0,0 days 01:07:54.131000,,,0 days 00:00:43.224000,0 days 00:00:28.016000,,0 days 01:09:26.160000,0 days 01:09:54.082000,288.0,260.0,244.0,265.0,False,MEDIUM,10.0,False,McLaren,0 days 00:56:09.202000,,12,,False,,False,False
2023-15,FP1,0 days 01:11:34.283000,PIA,81,0 days 00:01:40.269000,17.0,4.0,,,0 days 00:00:29.021000,0 days 00:00:43.254000,0 days 00:00:27.994000,0 days 01:10:23.035000,0 days 01:11:06.289000,0 days 01:11:34.283000,282.0,259.0,244.0,282.0,False,MEDIUM,11.0,False,McLaren,0 days 01:09:54.014000,,12,,False,,False,True
2023-15,FP1,0 days 01:13:13.553000,PIA,81,0 days 00:01:39.270000,18.0,4.0,,,0 days 00:00:28.892000,0 days 00:00:42.368000,0 days 00:00:28.010000,0 days 01:12:03.175000,0 days 01:12:45.543000,0 days 01:13:13.553000,285.0,262.0,244.0,276.0,False,MEDIUM,12.0,False,McLaren,0 days 01:11:34.283000,,21,,False,,False,True
2023-15,FP1,0 days 01:14:52.622000,PIA,81,0 days 00:01:39.069000,19.0,4.0,,,0 days 00:00:28.705000,0 days 00:00:42.598000,0 days 00:00:27.766000,0 days 01:13:42.258000,0 days 01:14:24.856000,0 days 01:14:52.622000,306.0,260.0,245.0,281.0,False,MEDIUM,13.0,False,McLaren,0 days 01:13:13.553000,,1,,False,,False,True
2023-15,FP1,0 days 01:16:32.162000,PIA,81,0 days 00:01:39.540000,20.0,4.0,,,0 days 00:00:28.920000,0 days 00:00:42.783000,0 days 00:00:27.837000,0 days 01:15:21.542000,0 days 01:16:04.325000,0 days 01:16:32.162000,285.0,260.0,245.0,280.0,False,MEDIUM,14.0,False,McLaren,0 days 01:14:52.622000,,1,,False,,False,True
2023-15,FP1,0 days 01:18:50.760000,PIA,81,0 days 00:02:18.598000,21.0,4.0,,,0 days 00:00:32.295000,0 days 00:00:57.475000,0 days 00:00:48.828000,0 days 01:17:04.457000,0 days 01:18:01.932000,0 days 01:18:50.760000,229.0,203.0,67.0,283.0,False,MEDIUM,15.0,False,McLaren,0 days 01:16:32.162000,,1,,False,,False,True
2023-15,FP1,0 days 01:21:30.680000,PIA,81,,22.0,4.0,,0 days 01:21:22.694000,0 days 00:01:09.161000,0 days 00:00:50.991000,0 days 00:00:39.688000,0 days 01:20:00.071000,0 days 01:20:50.992000,0 days 01:21:30.694000,199.0,223.0,,195.0,False,MEDIUM,16.0,False,McLaren,0 days 01:18:50.760000,,1,,False,,False,False
2023-15,FP2,0 days 00:18:36.866000,VER,1,,1.0,1.0,0 days 00:16:25.717000,,,0 days 00:00:49.143000,0 days 00:00:39.666000,,0 days 00:17:57.606000,0 days 00:18:36.949000,274.0,252.0,245.0,,False,MEDIUM,1.0,True,Red Bull Racing,0 days 00:16:25.717000,,1,,False,,False,False
2023-15,FP2,0 days 00:20:11.932000,VER,1,0 days 00:01:35.066000,2.0,1.0,,,0 days 00:00:27.936000,0 days 00:00:40.383000,0 days 00:00:26.747000,0 days 00:19:04.802000,0 days 00:19:45.185000,0 days 00:20:11.932000,308.0,274.0,250.0,293.0,True,MEDIUM,2.0,True,Red Bull Racing,0 days 00:18:36.866000,,1,,False,,False,True
2023-15,FP2,0 days 00:23:12.398000,VER,1,,3.0,1.0,,,0 days 00:01:00.148000,0 days 00:01:19.129000,0 days 00:00:41.173000,0 days 00:21:12.290000,0 days 00:22:31.242000,0 days 00:23:12.444000,119.0,169.0,249.0,171.0,False,MEDIUM,3.0,True,Red Bull Racing,0 days 00:20:11.932000,,1,,False,,False,False
2023-15,FP2,0 days 00:24:46.599000,VER,1,0 days 00:01:34.201000,4.0,1.0,,,0 days 00:00:27.828000,0 days 00:00:39.802000,0 days 00:00:26.571000,0 days 00:23:40.226000,0 days 00:24:20.028000,0 days 00:24:46.599000,306.0,271.0,251.0,294.0,True,MEDIUM,4.0,True,Red Bull Racing,0 days 00:23:12.398000,,1,,False,,False,True
2023-15,FP2,0 days 00:27:45.413000,VER,1,,5.0,1.0,,,0 days 00:00:56.387000,0 days 00:01:12.133000,0 days 00:00:50.254000,0 days 00:25:43.145000,0 days 00:26:55.268000,0 days 00:27:45.424000,109.0,139.0,119.0,234.0,False,MEDIUM,5.0,True,Red Bull Racing,0 days 00:24:46.599000,,1,,False,,False,False
2023-15,FP2,0 days 00:30:04.319000,VER,1,0 days 00:02:18.906000,6.0,1.0,,,0 days 00:00:48.387000,0 days 00:00:54.502000,0 days 00:00:36.017000,0 days 00:28:33.800000,0 days 00:29:28.302000,0 days 00:30:04.319000,152.0,258.0,249.0,138.0,False,MEDIUM,6.0,True,Red Bull Racing,0 days 00:27:45.413000,,1,,False,,False,True
2023-15,FP2,0 days 00:31:54.404000,VER,1,0 days 00:01:50.085000,7.0,1.0,,0 days 00:31:46.576000,0 days 00:00:27.763000,0 days 00:00:45.039000,0 days 00:00:37.283000,0 days 00:30:32.082000,0 days 00:31:17.121000,0 days 00:31:54.404000,307.0,222.0,,295.0,False,MEDIUM,7.0,True,Red Bull Racing,0 days 00:30:04.319000,,1,,False,,False,False
2023-15,FP2,0 days 00:45:01.224000,VER,1,,8.0,2.0,0 days 00:42:48.908000,,,0 days 00:00:55.652000,0 days 00:00:35.827000,,0 days 00:44:25.562000,0 days 00:45:01.296000,221.0,227.0,253.0,295.0,False,SOFT,1.0,True,Red Bull Racing,0 days 00:31:54.404000,,1,,False,,False,False
2023-15,FP2,0 days 00:46:34.076000,VER,1,0 days 00:01:32.852000,9.0,2.0,,,0 days 00:00:27.295000,0 days 00:00:39.195000,0 days 00:00:26.362000,0 days 00:45:28.519000,0 days 00:46:07.714000,0 days 00:46:34.076000,306.0,272.0,252.0,295.0,True,SOFT,2.0,True,Red Bull Racing,0 days 00:45:01.224000,,1,,False,,False,True
2023-15,FP2,0 days 00:49:25.182000,VER,1,,10.0,2.0,,,0 days 00:00:47.789000,0 days 00:01:12.012000,0 days 00:00:51.259000,0 days 00:47:22.044000,0 days 00:48:34.136000,0 days 00:49:25.182000,120.0,127.0,125.0,211.0,False,SOFT,3.0,True,Red Bull Racing,0 days 00:46:34.076000,,1,,False,,False,False
2023-15,FP2,0 days 00:51:59.039000,VER,1,,11.0,2.0,,,0 days 00:00:52.697000,0 days 00:01:07.325000,0 days 00:00:33.776000,0 days 00:50:18.025000,0 days 00:51:25.383000,0 days 00:51:59.039000,147.0,142.0,253.0,114.0,False,SOFT,4.0,True,Red Bull Racing,0 days 00:49:25.182000,,1,,False,,False,False
2023-15,FP2,0 days 00:53:46.301000,VER,1,0 days 00:01:47.262000,12.0,2.0,,0 days 00:53:38.412000,0 days 00:00:27.370000,0 days 00:00:43.022000,0 days 00:00:36.870000,0 days 00:52:26.409000,0 days 00:53:09.431000,0 days 00:53:46.301000,305.0,244.0,,295.0,False,SOFT,5.0,True,Red Bull Racing,0 days 00:51:59.039000,,1,,False,,False,False
2023-15,FP2,0 days 01:02:40.779000,VER,1,,13.0,3.0,0 days 01:00:44.576000,,,0 days 00:00:44.321000,0 days 00:00:28.497000,,0 days 01:02:12.387000,0 days 01:02:40.809000,265.0,248.0,244.0,295.0,False,MEDIUM,8.0,False,Red Bull Racing,0 days 00:53:46.301000,,1,,False,,False,False
2023-15,FP2,0 days 01:04:22.821000,VER,1,0 days 00:01:42.042000,14.0,3.0,,,0 days 00:00:29.018000,0 days 00:00:41.897000,0 days 00:00:31.127000,0 days 01:03:09.797000,0 days 01:03:51.694000,0 days 01:04:22.821000,288.0,256.0,242.0,280.0,False,MEDIUM,9.0,False,Red Bull Racing,0 days 01:02:40.779000,,1,,False,,False,True
2023-15,FP2,0 days 01:06:01.042000,VER,1,0 days 00:01:38.221000,15.0,3.0,,,0 days 00:00:28.869000,0 days 00:00:41.542000,0 days 00:00:27.810000,0 days 01:04:51.690000,0 days 01:05:33.232000,0 days 01:06:01.042000,284.0,252.0,238.0,277.0,False,MEDIUM,10.0,False,Red Bull Racing,0 days 01:04:22.821000,,1,,False,,False,True
2023-15,FP2,0 days 01:07:43.921000,VER,1,0 days 00:01:42.879000,16.0,3.0,,,0 days 00:00:29.257000,0 days 00:00:41.777000,0 days 00:00:31.845000,0 days 01:06:30.299000,0 days 01:07:12.076000,0 days 01:07:43.921000,281.0,251.0,241.0,279.0,False,MEDIUM,11.0,False,Red Bull Racing,0 days 01:06:01.042000,,1,,False,,False,True
2023-15,FP2,0 days 01:09:22.251000,VER,1,0 days 00:01:38.330000,17.0,3.0,,,0 days 00:00:29.028000,0 days 00:00:41.597000,0 days 00:00:27.705000,0 days 01:08:12.949000,0 days 01:08:54.546000,0 days 01:09:22.251000,287.0,254.0,245.0,277.0,False,MEDIUM,12.0,False,Red Bull Racing,0 days 01:07:43.921000,,1,,False,,False,True
2023-15,FP2,0 days 01:11:00.818000,VER,1,0 days 00:01:38.567000,18.0,3.0,,,0 days 00:00:29.003000,0 days 00:00:41.820000,0 days 00:00:27.744000,0 days 01:09:51.254000,0 days 01:10:33.074000,0 days 01:11:00.818000,285.0,252.0,244.0,280.0,False,MEDIUM,13.0,False,Red Bull Racing,0 days 01:09:22.251000,,1,,False,,False,True
2023-15,FP2,0 days 01:12:39.397000,VER,1,0 days 00:01:38.579000,19.0,3.0,,,0 days 00:00:28.919000,0 days 00:00:41.868000,0 days 00:00:27.792000,0 days 01:11:29.737000,0 days 01:12:11.605000,0 days 01:12:39.397000,284.0,253.0,245.0,277.0,False,MEDIUM,14.0,False,Red Bull Racing,0 days 01:11:00.818000,,1,,False,,False,True
2023-15,FP2,0 days 01:14:18.046000,VER,1,0 days 00:01:38.649000,20.0,3.0,,,0 days 00:00:28.978000,0 days 00:00:41.861000,0 days 00:00:27.810000,0 days 01:13:08.375000,0 days 01:13:50.236000,0 days 01:14:18.046000,286.0,253.0,245.0,280.0,False,MEDIUM,15.0,False,Red Bull Racing,0 days 01:12:39.397000,,1,,False,,False,True
2023-15,FP2,0 days 01:15:57.211000,VER,1,0 days 00:01:39.165000,21.0,3.0,,,0 days 00:00:28.884000,0 days 00:00:42.557000,0 days 00:00:27.724000,0 days 01:14:46.930000,0 days 01:15:29.487000,0 days 01:15:57.211000,287.0,253.0,244.0,279.0,False,MEDIUM,16.0,False,Red Bull Racing,0 days 01:14:18.046000,,1,,False,,False,True
2023-15,FP2,0 days 01:18:22.262000,VER,1,0 days 00:02:25.051000,22.0,3.0,,,0 days 00:00:38.072000,0 days 00:00:57.699000,0 days 00:00:49.280000,0 days 01:16:35.283000,0 days 01:17:32.982000,0 days 01:18:22.262000,164.0,141.0,34.0,222.0,False,MEDIUM,17.0,False,Red Bull Racing,0 days 01:15:57.211000,,1,,False,,False,True
2023-15,FP2,0 days 01:21:36.507000,VER,1,,23.0,3.0,,0 days 01:21:29.007000,0 days 00:01:31.030000,0 days 00:00:59.567000,0 days 00:00:43.649000,0 days 01:19:53.447000,0 days 01:20:53.008000,0 days 01:21:36.507000,150.0,147.0,,110.0,False,MEDIUM,18.0,False,Red Bull Racing,0 days 01:18:22.262000,,1,,False,,False,False
2023-15,FP2,0 days 00:17:10.874000,SAR,2,,1.0,1.0,0 days 00:15:01.671000,,,0 days 00:00:58.946000,0 days 00:00:33.461000,,0 days 00:16:37.576000,0 days 00:17:10.935000,304.0,264.0,242.0,,False,MEDIUM,1.0,True,Williams,0 days 00:15:01.671000,,1,,False,,False,False
2023-15,FP2,0 days 00:18:47.771000,SAR,2,0 days 00:01:36.897000,2.0,1.0,,,0 days 00:00:28.391000,0 days 00:00:41.284000,0 days 00:00:27.222000,0 days 00:17:39.265000,0 days 00:18:20.549000,0 days 00:18:47.771000,307.0,276.0,251.0,294.0,True,MEDIUM,2.0,True,Williams,0 days 00:17:10.874000,,1,,False,,False,True
2023-15,FP2,0 days 00:20:58.411000,SAR,2,0 days 00:02:10.640000,3.0,1.0,,,0 days 00:00:39.749000,0 days 00:00:55.615000,0 days 00:00:35.276000,0 days 00:19:27.520000,0 days 00:20:23.135000,0 days 00:20:58.411000,179.0,236.0,253.0,291.0,False,MEDIUM,3.0,True,Williams,0 days 00:18:47.771000,,1,,False,,False,True
2023-15,FP2,0 days 00:22:33.335000,SAR,2,0 days 00:01:34.924000,4.0,1.0,,,0 days 00:00:27.435000,0 days 00:00:40.389000,0 days 00:00:27.100000,0 days 00:21:25.846000,0 days 00:22:06.235000,0 days 00:22:33.335000,311.0,280.0,254.0,300.0,True,MEDIUM,4.0,True,Williams,0 days 00:20:58.411000,,1,,False,,False,True
2023-15,FP2,0 days 00:24:49.431000,SAR,2,0 days 00:02:16.096000,5.0,1.0,,0 days 00:24:41.614000,0 days 00:00:38.057000,0 days 00:00:59.851000,0 days 00:00:38.188000,0 days 00:23:11.392000,0 days 00:24:11.243000,0 days 00:24:49.431000,263.0,248.0,,293.0,False,MEDIUM,5.0,True,Williams,0 days 00:22:33.335000,,1,,False,,False,False
2023-15,FP2,0 days 00:27:39.830000,SAR,2,,6.0,2.0,0 days 00:25:13.958000,,0 days 00:01:00.739000,0 days 00:00:58.906000,0 days 00:00:50.684000,0 days 00:25:50.394000,0 days 00:26:49.300000,0 days 00:27:39.830000,272.0,123.0,250.0,293.0,False,MEDIUM,6.0,False,Williams,0 days 00:24:49.431000,,1,,False,,False,False
2023-15,FP2,0 days 00:29:15.468000,SAR,2,0 days 00:01:35.638000,7.0,2.0,,,0 days 00:00:27.648000,0 days 00:00:40.974000,0 days 00:00:27.016000,0 days 00:28:07.478000,0 days 00:28:48.452000,0 days 00:29:15.468000,310.0,278.0,253.0,300.0,False,MEDIUM,7.0,False,Williams,0 days 00:27:39.830000,,1,,False,,False,True
2023-15,FP2,0 days 00:31:19.019000,SAR,2,0 days 00:02:03.551000,8.0,2.0,,0 days 00:31:11.186000,0 days 00:00:32.560000,0 days 00:00:52.960000,0 days 00:00:38.031000,0 days 00:29:48.028000,0 days 00:30:40.988000,0 days 00:31:19.019000,239.0,247.0,,290.0,False,MEDIUM,8.0,False,Williams,0 days 00:29:15.468000,,1,,False,,False,False
2023-15,FP2,0 days 00:40:35.991000,SAR,2,,9.0,3.0,0 days 00:38:16.850000,,,0 days 00:01:03.955000,0 days 00:00:31.551000,,0 days 00:40:04.629000,0 days 00:40:36.098000,301.0,261.0,252.0,290.0,False,SOFT,1.0,True,Williams,0 days 00:31:19.019000,,1,,False,,False,False
2023-15,FP2,0 days 00:42:10.964000,SAR,2,0 days 00:01:34.973000,10.0,3.0,,,0 days 00:00:27.469000,0 days 00:00:39.646000,0 days 00:00:27.858000,0 days 00:41:03.460000,0 days 00:41:43.106000,0 days 00:42:10.964000,308.0,277.0,210.0,297.0,False,SOFT,2.0,True,Williams,0 days 00:40:35.991000,,1,,False,,False,True
2023-15,FP2,0 days 00:44:27.416000,SAR,2,0 days 00:02:16.452000,11.0,3.0,,,0 days 00:00:42.976000,0 days 00:00:59.312000,0 days 00:00:34.164000,0 days 00:42:53.940000,0 days 00:43:53.252000,0 days 00:44:27.416000,175.0,242.0,208.0,204.0,False,SOFT,3.0,True,Williams,0 days 00:42:10.964000,,1,,False,,False,True
2023-15,FP2,0 days 00:46:32.606000,SAR,2,0 days 00:02:05.190000,12.0,3.0,,,0 days 00:00:35.631000,0 days 00:00:59.110000,0 days 00:00:30.449000,0 days 00:45:03.047000,0 days 00:46:02.157000,0 days 00:46:32.606000,229.0,254.0,251.0,267.0,False,SOFT,4.0,True,Williams,0 days 00:44:27.416000,,1,,False,,False,True
2023-15,FP2,0 days 00:48:06.933000,SAR,2,0 days 00:01:34.327000,13.0,3.0,,,0 days 00:00:27.329000,0 days 00:00:40.063000,0 days 00:00:26.935000,0 days 00:46:59.935000,0 days 00:47:39.998000,0 days 00:48:06.933000,308.0,277.0,254.0,298.0,True,SOFT,5.0,True,Williams,0 days 00:46:32.606000,,1,,False,,False,True
2023-15,FP2,0 days 00:50:10.674000,SAR,2,0 days 00:02:03.741000,14.0,3.0,,0 days 00:50:02.916000,0 days 00:00:30.380000,0 days 00:00:55.630000,0 days 00:00:37.731000,0 days 00:48:37.313000,0 days 00:49:32.943000,0 days 00:50:10.674000,278.0,254.0,,292.0,False,SOFT,6.0,True,Williams,0 days 00:48:06.933000,,1,,False,,False,False
2023-15,FP2,0 days 00:57:54.243000,SAR,2,,15.0,4.0,0 days 00:55:49.378000,0 days 00:57:46.376000,,0 days 00:00:44.787000,0 days 00:00:35.372000,,0 days 00:57:18.971000,0 days 00:57:54.314000,220.0,263.0,,292.0,False,SOFT,7.0,False,Williams,0 days 00:50:10.674000,,1,,False,,False,False
2023-15,FP2,0 days 00:59:55.571000,SAR,2,0 days 00:02:01.328000,16.0,5.0,0 days 00:58:16.891000,,0 days 00:00:51.208000,0 days 00:00:42.153000,0 days 00:00:27.967000,0 days 00:58:45.451000,0 days 00:59:27.604000,0 days 00:59:55.571000,289.0,262.0,241.0,292.0,False,MEDIUM,9.0,False,Williams,0 days 00:57:54.243000,,1,,False,,False,False
2023-15,FP2,0 days 01:01:34.053000,SAR,2,0 days 00:01:38.482000,17.0,5.0,,,0 days 00:00:28.912000,0 days 00:00:41.860000,0 days 00:00:27.710000,0 days 01:00:24.483000,0 days 01:01:06.343000,0 days 01:01:34.053000,289.0,263.0,243.0,280.0,False,MEDIUM,10.0,False,Williams,0 days 00:59:55.571000,,1,,False,,False,True
2023-15,FP2,0 days 01:03:13.498000,SAR,2,0 days 00:01:39.445000,18.0,5.0,,,0 days 00:00:28.949000,0 days 00:00:42.369000,0 days 00:00:28.127000,0 days 01:02:03.002000,0 days 01:02:45.371000,0 days 01:03:13.498000,291.0,263.0,241.0,283.0,False,MEDIUM,11.0,False,Williams,0 days 01:01:34.053000,,1,,False,,False,True
2023-15,FP2,0 days 01:04:53.370000,SAR,2,0 days 00:01:39.872000,19.0,5.0,,,0 days 00:00:29.329000,0 days 00:00:42.435000,0 days 00:00:28.108000,0 days 01:03:42.827000,0 days 01:04:25.262000,0 days 01:04:53.370000,290.0,263.0,241.0,283.0,False,MEDIUM,12.0,False,Williams,0 days 01:03:13.498000,,1,,False,,False,True
2023-15,FP2,0 days 01:06:34.310000,SAR,2,0 days 00:01:40.940000,20.0,5.0,,,0 days 00:00:29.195000,0 days 00:00:43.563000,0 days 00:00:28.182000,0 days 01:05:22.565000,0 days 01:06:06.128000,0 days 01:06:34.310000,292.0,263.0,242.0,283.0,False,MEDIUM,13.0,False,Williams,0 days 01:04:53.370000,,1,,False,,False,True
2023-15,FP2,0 days 01:08:14.321000,SAR,2,0 days 00:01:40.011000,21.0,5.0,,,0 days 00:00:29.166000,0 days 00:00:42.649000,0 days 00:00:28.196000,0 days 01:07:03.476000,0 days 01:07:46.125000,0 days 01:08:14.321000,293.0,264.0,242.0,284.0,False,MEDIUM,14.0,False,Williams,0 days 01:06:34.310000,,1,,False,,False,True
2023-15,FP2,0 days 01:09:55.379000,SAR,2,0 days 00:01:41.058000,22.0,5.0,,,0 days 00:00:29.492000,0 days 00:00:43.267000,0 days 00:00:28.299000,0 days 01:08:43.813000,0 days 01:09:27.080000,0 days 01:09:55.379000,293.0,263.0,241.0,284.0,False,MEDIUM,15.0,False,Williams,0 days 01:08:14.321000,,1,,False,,False,True
2023-15,FP2,0 days 01:11:35.739000,SAR,2,0 days 00:01:40.360000,23.0,5.0,,,0 days 00:00:29.134000,0 days 00:00:42.912000,0 days 00:00:28.314000,0 days 01:10:24.513000,0 days 01:11:07.425000,0 days 01:11:35.739000,293.0,264.0,242.0,284.0,False,MEDIUM,16.0,False,Williams,0 days 01:09:55.379000,,1,,False,,False,True
2023-15,FP2,0 days 01:13:16.267000,SAR,2,0 days 00:01:40.528000,24.0,5.0,,,0 days 00:00:29.155000,0 days 00:00:43.016000,0 days 00:00:28.357000,0 days 01:12:04.894000,0 days 01:12:47.910000,0 days 01:13:16.267000,293.0,264.0,243.0,283.0,False,MEDIUM,17.0,False,Williams,0 days 01:11:35.739000,,1,,False,,False,True
2023-15,FP2,0 days 01:14:56.487000,SAR,2,0 days 00:01:40.220000,25.0,5.0,,,0 days 00:00:29.149000,0 days 00:00:42.886000,0 days 00:00:28.185000,0 days 01:13:45.416000,0 days 01:14:28.302000,0 days 01:14:56.487000,292.0,264.0,242.0,284.0,False,MEDIUM,18.0,False,Williams,0 days 01:13:16.267000,,1,,False,,False,True
2023-15,FP2,0 days 01:16:36.795000,SAR,2,0 days 00:01:40.308000,26.0,5.0,,,0 days 00:00:29.106000,0 days 00:00:43.020000,0 days 00:00:28.182000,0 days 01:15:25.593000,0 days 01:16:08.613000,0 days 01:16:36.795000,294.0,263.0,242.0,284.0,False,MEDIUM,19.0,False,Williams,0 days 01:14:56.487000,,1,,False,,False,True
2023-15,FP2,0 days 01:19:00.835000,SAR,2,0 days 00:02:24.040000,27.0,5.0,,,0 days 00:00:37.236000,0 days 00:00:57.797000,0 days 00:00:49.007000,0 days 01:17:14.031000,0 days 01:18:11.828000,0 days 01:19:00.835000,240.0,140.0,44.0,271.0,False,MEDIUM,20.0,False,Williams,0 days 01:16:36.795000,,1,,False,,False,True
2023-15,FP2,0 days 01:21:41.195000,SAR,2,,28.0,5.0,,0 days 01:21:33.257000,0 days 00:00:58.862000,0 days 00:00:55.733000,0 days 00:00:45.704000,0 days 01:19:59.837000,0 days 01:20:55.539000,0 days 01:21:41.195000,286.0,248.0,,185.0,False,MEDIUM,21.0,False,Williams,0 days 01:19:00.835000,,1,,False,,False,False
2023-15,FP2,0 days 00:18:08.731000,NOR,4,,1.0,1.0,0 days 00:15:43.015000,,,0 days 00:00:48.698000,0 days 00:00:55.994000,,0 days 00:17:12.950000,0 days 00:18:08.809000,268.0,259.0,249.0,,False,HARD,1.0,True,McLaren,0 days 00:15:43.015000,,1,,False,,False,False
2023-15,FP2,0 days 00:19:44.323000,NOR,4,0 days 00:01:35.592000,2.0,1.0,,,0 days 00:00:27.979000,0 days 00:00:40.437000,0 days 00:00:27.176000,0 days 00:18:36.710000,0 days 00:19:17.147000,0 days 00:19:44.323000,306.0,273.0,245.0,294.0,True,HARD,2.0,True,McLaren,0 days 00:18:08.731000,,1,,False,,False,True
2023-15,FP2,0 days 00:22:16.966000,NOR,4,,3.0,1.0,,,0 days 00:00:42.753000,0 days 00:01:10.512000,0 days 00:00:39.391000,0 days 00:20:27.275000,0 days 00:21:37.790000,0 days 00:22:17.070000,183.0,198.0,255.0,241.0,False,HARD,3.0,True,McLaren,0 days 00:19:44.323000,,1,,False,,False,False
2023-15,FP2,0 days 00:23:51.506000,NOR,4,0 days 00:01:34.540000,4.0,1.0,,,0 days 00:00:27.350000,0 days 00:00:40.219000,0 days 00:00:26.971000,0 days 00:22:44.316000,0 days 00:23:24.535000,0 days 00:23:51.506000,310.0,272.0,250.0,300.0,True,HARD,4.0,True,McLaren,0 days 00:22:16.966000,,1,,False,,False,True
2023-15,FP2,0 days 00:26:12.938000,NOR,4,0 days 00:02:21.432000,5.0,1.0,,0 days 00:26:05.113000,0 days 00:00:40.941000,0 days 00:00:56.201000,0 days 00:00:44.290000,0 days 00:24:32.447000,0 days 00:25:28.648000,0 days 00:26:12.938000,145.0,161.0,,271.0,False,HARD,5.0,True,McLaren,0 days 00:23:51.506000,,1,,False,,False,False
2023-15,FP2,0 days 00:41:23.190000,NOR,4,,6.0,2.0,0 days 00:39:04.052000,,,0 days 00:00:50.772000,0 days 00:00:45.710000,,0 days 00:40:37.691000,0 days 00:41:23.269000,255.0,188.0,253.0,271.0,False,SOFT,1.0,True,McLaren,0 days 00:26:12.938000,,1,,False,,False,False
2023-15,FP2,0 days 00:42:56.080000,NOR,4,0 days 00:01:32.890000,7.0,2.0,,,0 days 00:00:27.098000,0 days 00:00:39.453000,0 days 00:00:26.339000,0 days 00:41:50.288000,0 days 00:42:29.741000,0 days 00:42:56.080000,306.0,274.0,254.0,296.0,True,SOFT,2.0,True,McLaren,0 days 00:41:23.190000,,1,,False,,False,True
2023-15,FP2,0 days 00:45:25.884000,NOR,4,0 days 00:02:29.804000,8.0,2.0,,,0 days 00:00:47.699000,0 days 00:01:01.704000,0 days 00:00:40.401000,0 days 00:43:43.779000,0 days 00:44:45.483000,0 days 00:45:25.884000,132.0,160.0,159.0,245.0,False,SOFT,3.0,True,McLaren,0 days 00:42:56.080000,,1,,False,,False,True
2023-15,FP2,0 days 00:47:50.924000,NOR,4,0 days 00:02:25.040000,9.0,2.0,,,0 days 00:00:43.568000,0 days 00:01:00.241000,0 days 00:00:41.231000,0 days 00:46:09.452000,0 days 00:47:09.693000,0 days 00:47:50.924000,172.0,178.0,254.0,146.0,False,SOFT,4.0,True,McLaren,0 days 00:45:25.884000,,1,,False,,False,True
2023-15,FP2,0 days 00:49:23.635000,NOR,4,0 days 00:01:32.711000,10.0,2.0,,,0 days 00:00:27.028000,0 days 00:00:39.227000,0 days 00:00:26.456000,0 days 00:48:17.952000,0 days 00:48:57.179000,0 days 00:49:23.635000,308.0,274.0,251.0,297.0,True,SOFT,5.0,True,McLaren,0 days 00:47:50.924000,,1,,False,,False,True
2023-15,FP2,0 days 00:51:27.768000,NOR,4,0 days 00:02:04.133000,11.0,2.0,,0 days 00:51:20.008000,0 days 00:00:35.469000,0 days 00:00:48.484000,0 days 00:00:40.180000,0 days 00:49:59.104000,0 days 00:50:47.588000,0 days 00:51:27.768000,199.0,203.0,,255.0,False,SOFT,6.0,True,McLaren,0 days 00:49:23.635000,,1,,False,,False,False
2023-15,FP2,0 days 01:00:24.972000,NOR,4,,12.0,3.0,0 days 00:58:34,,,0 days 00:00:42.170000,0 days 00:00:27.838000,,0 days 00:59:57.280000,0 days 01:00:24.983000,276.0,259.0,237.0,255.0,False,SOFT,7.0,False,McLaren,0 days 00:51:27.768000,,1,,False,,False,False
2023-15,FP2,0 days 01:02:03.003000,NOR,4,0 days 00:01:38.031000,13.0,3.0,,,0 days 00:00:29.063000,0 days 00:00:41.542000,0 days 00:00:27.426000,0 days 01:00:54.035000,0 days 01:01:35.577000,0 days 01:02:03.003000,284.0,261.0,246.0,278.0,False,SOFT,8.0,False,McLaren,0 days 01:00:24.972000,,1,,False,,False,True
2023-15,FP2,0 days 01:03:40.882000,NOR,4,0 days 00:01:37.879000,14.0,3.0,,,0 days 00:00:28.720000,0 days 00:00:41.670000,0 days 00:00:27.489000,0 days 01:02:31.723000,0 days 01:03:13.393000,0 days 01:03:40.882000,286.0,261.0,245.0,279.0,False,SOFT,9.0,False,McLaren,0 days 01:02:03.003000,,1,,False,,False,True
2023-15,FP2,0 days 01:05:19.223000,NOR,4,0 days 00:01:38.341000,15.0,3.0,,,0 days 00:00:28.723000,0 days 00:00:42.013000,0 days 00:00:27.605000,0 days 01:04:09.605000,0 days 01:04:51.618000,0 days 01:05:19.223000,286.0,260.0,246.0,278.0,False,SOFT,10.0,False,McLaren,0 days 01:03:40.882000,,1,,False,,False,True
2023-15,FP2,0 days 01:06:57.117000,NOR,4,0 days 00:01:37.894000,16.0,3.0,,,0 days 00:00:28.599000,0 days 00:00:41.736000,0 days 00:00:27.559000,0 days 01:05:47.822000,0 days 01:06:29.558000,0 days 01:06:57.117000,289.0,262.0,246.0,280.0,False,SOFT,11.0,False,McLaren,0 days 01:05:19.223000,,1,,False,,False,True
2023-15,FP2,0 days 01:08:35.792000,NOR,4,0 days 00:01:38.675000,17.0,3.0,,,0 days 00:00:28.627000,0 days 00:00:42.300000,0 days 00:00:27.748000,0 days 01:07:25.744000,0 days 01:08:08.044000,0 days 01:08:35.792000,290.0,260.0,244.0,282.0,False,SOFT,12.0,False,McLaren,0 days 01:06:57.117000,,1,,False,,False,True
2023-15,FP2,0 days 01:10:22.166000,NOR,4,0 days 00:01:46.374000,18.0,3.0,,0 days 01:10:14.301000,0 days 00:00:28.862000,0 days 00:00:42.061000,0 days 00:00:35.451000,0 days 01:09:04.654000,0 days 01:09:46.715000,0 days 01:10:22.166000,288.0,261.0,,283.0,False,SOFT,13.0,False,McLaren,0 days 01:08:35.792000,,1,,False,,False,False
2023-15,FP2,0 days 01:12:23.342000,NOR,4,0 days 00:02:01.176000,19.0,4.0,0 days 01:10:45.472000,,0 days 00:00:51.740000,0 days 00:00:41.867000,0 days 00:00:27.569000,0 days 01:11:13.906000,0 days 01:11:55.773000,0 days 01:12:23.342000,287.0,261.0,246.0,283.0,False,HARD,6.0,False,McLaren,0 days 01:10:22.166000,,1,,False,,False,False
2023-15,FP2,0 days 01:14:01.590000,NOR,4,0 days 00:01:38.248000,20.0,4.0,,,0 days 00:00:28.534000,0 days 00:00:41.746000,0 days 00:00:27.968000,0 days 01:12:51.876000,0 days 01:13:33.622000,0 days 01:14:01.590000,288.0,271.0,247.0,283.0,False,HARD,7.0,False,McLaren,0 days 01:12:23.342000,,1,,False,,False,True
2023-15,FP2,0 days 01:15:42.826000,NOR,4,0 days 00:01:41.236000,21.0,4.0,,,0 days 00:00:28.681000,0 days 00:00:42.397000,0 days 00:00:30.158000,0 days 01:14:30.271000,0 days 01:15:12.668000,0 days 01:15:42.826000,310.0,270.0,245.0,294.0,False,HARD,8.0,False,McLaren,0 days 01:14:01.590000,,1,,False,,False,True
2023-15,FP2,0 days 01:17:49.202000,NOR,4,0 days 00:02:06.376000,22.0,4.0,,,0 days 00:00:33.071000,0 days 00:00:48.809000,0 days 00:00:44.496000,0 days 01:16:15.897000,0 days 01:17:04.706000,0 days 01:17:49.202000,212.0,182.0,34.0,256.0,False,HARD,9.0,False,McLaren,0 days 01:15:42.826000,,1,,False,,False,True
2023-15,FP2,0 days 01:20:09.039000,NOR,4,0 days 00:02:19.837000,23.0,4.0,,0 days 01:20:01.134000,0 days 00:00:55.751000,0 days 00:00:45.531000,0 days 00:00:38.555000,0 days 01:18:44.953000,0 days 01:19:30.484000,0 days 01:20:09.039000,284.0,226.0,,219.0,False,HARD,10.0,False,McLaren,0 days 01:17:49.202000,,1,,False,,False,False
2023-15,FP2,0 days 00:18:31.529000,GAS,10,,1.0,1.0,0 days 00:16:16.264000,,,0 days 00:00:49.554000,0 days 00:00:52.736000,,0 days 00:17:38.950000,0 days 00:18:31.621000,258.0,272.0,245.0,,False,HARD,1.0,True,Alpine,0 days 00:16:16.264000,,1,,False,,False,False
2023-15,FP2,0 days 00:20:08.135000,GAS,10,0 days 00:01:36.606000,2.0,1.0,,,0 days 00:00:28.389000,0 days 00:00:40.890000,0 days 00:00:27.327000,0 days 00:18:59.918000,0 days 00:19:40.808000,0 days 00:20:08.135000,305.0,273.0,250.0,295.0,True,HARD,2.0,True,Alpine,0 days 00:18:31.529000,,1,,False,,False,True
2023-15,FP2,0 days 00:22:38.570000,GAS,10,,3.0,1.0,,,0 days 00:00:45.002000,0 days 00:01:05.308000,0 days 00:00:40.052000,0 days 00:20:53.337000,0 days 00:21:58.602000,0 days 00:22:38.570000,252.0,232.0,248.0,284.0,False,HARD,3.0,True,Alpine,0 days 00:20:08.135000,,1,,False,,False,False
2023-15,FP2,0 days 00:24:13.796000,GAS,10,0 days 00:01:35.226000,4.0,1.0,,,0 days 00:00:28.033000,0 days 00:00:40.196000,0 days 00:00:26.997000,0 days 00:23:06.603000,0 days 00:23:46.799000,0 days 00:24:13.796000,302.0,272.0,252.0,295.0,True,HARD,4.0,True,Alpine,0 days 00:22:38.570000,,1,,False,,False,True
2023-15,FP2,0 days 00:27:01.205000,GAS,10,,5.0,1.0,,,0 days 00:00:54.744000,0 days 00:01:14.551000,0 days 00:00:38.214000,0 days 00:25:08.661000,0 days 00:26:23.050000,0 days 00:27:01.315000,126.0,215.0,251.0,282.0,False,HARD,5.0,True,Alpine,0 days 00:24:13.796000,,1,,False,,False,False
2023-15,FP2,0 days 00:28:35.938000,GAS,10,0 days 00:01:34.733000,6.0,1.0,,,0 days 00:00:27.708000,0 days 00:00:40.181000,0 days 00:00:26.844000,0 days 00:27:28.913000,0 days 00:28:09.094000,0 days 00:28:35.938000,304.0,274.0,247.0,295.0,True,HARD,6.0,True,Alpine,0 days 00:27:01.205000,,1,,False,,False,True
2023-15,FP2,0 days 00:31:23.241000,GAS,10,,7.0,1.0,,,0 days 00:00:51.324000,0 days 00:01:09.007000,0 days 00:00:46.936000,0 days 00:29:27.594000,0 days 00:30:36.468000,0 days 00:31:23.310000,154.0,186.0,251.0,280.0,False,HARD,7.0,True,Alpine,0 days 00:28:35.938000,,1,,False,,False,False
2023-15,FP2,0 days 00:32:58.231000,GAS,10,0 days 00:01:34.990000,8.0,1.0,,,0 days 00:00:27.819000,0 days 00:00:40.238000,0 days 00:00:26.933000,0 days 00:31:51.060000,0 days 00:32:31.298000,0 days 00:32:58.231000,302.0,272.0,250.0,293.0,False,HARD,8.0,True,Alpine,0 days 00:31:23.241000,,1,,False,,False,True
2023-15,FP2,0 days 00:34:56.324000,GAS,10,0 days 00:01:58.093000,9.0,1.0,,0 days 00:34:48.526000,0 days 00:00:32.672000,0 days 00:00:47.510000,0 days 00:00:37.911000,0 days 00:33:30.903000,0 days 00:34:18.413000,0 days 00:34:56.324000,216.0,250.0,,278.0,False,HARD,9.0,True,Alpine,0 days 00:32:58.231000,,1,,False,,False,False
2023-15,FP2,0 days 00:42:33.707000,GAS,10,,10.0,2.0,0 days 00:40:30.738000,,,0 days 00:00:52.258000,0 days 00:00:33.131000,,0 days 00:42:00.768000,0 days 00:42:33.814000,248.0,259.0,251.0,278.0,False,SOFT,1.0,True,Alpine,0 days 00:34:56.324000,,1,,False,,False,False
2023-15,FP2,0 days 00:44:07.531000,GAS,10,0 days 00:01:33.824000,11.0,2.0,,,0 days 00:00:27.538000,0 days 00:00:39.692000,0 days 00:00:26.594000,0 days 00:43:01.245000,0 days 00:43:40.937000,0 days 00:44:07.531000,305.0,274.0,248.0,296.0,True,SOFT,2.0,True,Alpine,0 days 00:42:33.707000,,1,,False,,False,True
2023-15,FP2,0 days 00:47:18.044000,GAS,10,,12.0,2.0,,,0 days 00:00:53.383000,0 days 00:01:18.526000,0 days 00:00:58.531000,0 days 00:45:01.124000,0 days 00:46:19.513000,0 days 00:47:18.075000,120.0,107.0,112.0,283.0,False,SOFT,3.0,True,Alpine,0 days 00:44:07.531000,,1,,False,,False,False
2023-15,FP2,0 days 00:49:35.750000,GAS,10,0 days 00:02:17.706000,13.0,2.0,,,0 days 00:00:49.449000,0 days 00:00:56.262000,0 days 00:00:31.995000,0 days 00:48:07.493000,0 days 00:49:03.755000,0 days 00:49:35.750000,260.0,248.0,253.0,104.0,False,SOFT,4.0,True,Alpine,0 days 00:47:18.044000,,1,,False,,False,True
2023-15,FP2,0 days 00:51:09.956000,GAS,10,0 days 00:01:34.206000,14.0,2.0,,,0 days 00:00:27.486000,0 days 00:00:39.888000,0 days 00:00:26.832000,0 days 00:50:03.236000,0 days 00:50:43.124000,0 days 00:51:09.956000,304.0,272.0,251.0,295.0,False,SOFT,5.0,True,Alpine,0 days 00:49:35.750000,,1,,False,,False,True
2023-15,FP2,0 days 00:53:12.733000,GAS,10,0 days 00:02:02.777000,15.0,2.0,,0 days 00:53:04.881000,0 days 00:00:31.569000,0 days 00:00:54.183000,0 days 00:00:37.025000,0 days 00:51:41.525000,0 days 00:52:35.708000,0 days 00:53:12.733000,245.0,255.0,,280.0,False,SOFT,6.0,True,Alpine,0 days 00:51:09.956000,,1,,False,,False,False
2023-15,FP2,0 days 01:05:57.525000,GAS,10,,16.0,3.0,0 days 01:03:54.745000,,,0 days 00:00:43.280000,0 days 00:00:28.741000,,0 days 01:05:28.899000,0 days 01:05:57.586000,283.0,259.0,242.0,280.0,False,HARD,10.0,False,Alpine,0 days 00:53:12.733000,,1,,False,,False,False
2023-15,FP2,0 days 01:07:36.397000,GAS,10,0 days 00:01:38.872000,17.0,3.0,,,0 days 00:00:29.002000,0 days 00:00:42.014000,0 days 00:00:27.856000,0 days 01:06:26.527000,0 days 01:07:08.541000,0 days 01:07:36.397000,284.0,258.0,242.0,277.0,False,HARD,11.0,False,Alpine,0 days 01:05:57.525000,,1,,False,,False,True
2023-15,FP2,0 days 01:09:15.186000,GAS,10,0 days 00:01:38.789000,18.0,3.0,,,0 days 00:00:29.095000,0 days 00:00:41.831000,0 days 00:00:27.863000,0 days 01:08:05.492000,0 days 01:08:47.323000,0 days 01:09:15.186000,284.0,257.0,243.0,276.0,False,HARD,12.0,False,Alpine,0 days 01:07:36.397000,,1,,False,,False,True
2023-15,FP2,0 days 01:10:54.282000,GAS,10,0 days 00:01:39.096000,19.0,3.0,,,0 days 00:00:29.095000,0 days 00:00:42.131000,0 days 00:00:27.870000,,0 days 01:10:26.412000,0 days 01:10:54.282000,284.0,256.0,244.0,276.0,False,HARD,13.0,False,Alpine,0 days 01:09:15.186000,,1,,False,,False,True
2023-15,FP2,0 days 01:12:33.417000,GAS,10,0 days 00:01:39.135000,20.0,3.0,,,0 days 00:00:29.101000,0 days 00:00:42.125000,0 days 00:00:27.909000,0 days 01:11:23.383000,0 days 01:12:05.508000,0 days 01:12:33.417000,286.0,257.0,244.0,277.0,False,HARD,14.0,False,Alpine,0 days 01:10:54.282000,,1,,False,,False,True
2023-15,FP2,0 days 01:14:12.640000,GAS,10,0 days 00:01:39.223000,21.0,3.0,,,0 days 00:00:29.070000,0 days 00:00:42.232000,0 days 00:00:27.921000,0 days 01:13:02.487000,0 days 01:13:44.719000,0 days 01:14:12.640000,284.0,256.0,244.0,277.0,False,HARD,15.0,False,Alpine,0 days 01:12:33.417000,,1,,False,,False,True
2023-15,FP2,0 days 01:15:52.231000,GAS,10,0 days 00:01:39.591000,22.0,3.0,,,0 days 00:00:29.066000,0 days 00:00:42.476000,0 days 00:00:28.049000,0 days 01:14:41.706000,0 days 01:15:24.182000,0 days 01:15:52.231000,285.0,256.0,242.0,277.0,False,HARD,16.0,False,Alpine,0 days 01:14:12.640000,,1,,False,,False,True
2023-15,FP2,0 days 01:18:18.298000,GAS,10,0 days 00:02:26.067000,23.0,3.0,,,0 days 00:00:34.510000,0 days 00:00:56.685000,0 days 00:00:54.872000,0 days 01:16:26.741000,0 days 01:17:23.426000,0 days 01:18:18.298000,240.0,162.0,20.0,259.0,False,HARD,17.0,False,Alpine,0 days 01:15:52.231000,,1,,False,,False,True
2023-15,FP2,0 days 01:20:40.395000,GAS,10,0 days 00:02:22.097000,24.0,3.0,,0 days 01:20:32.383000,0 days 00:01:00.384000,0 days 00:00:44.740000,0 days 00:00:36.973000,0 days 01:19:18.682000,0 days 01:20:03.422000,0 days 01:20:40.395000,290.0,258.0,,205.0,False,HARD,18.0,False,Alpine,0 days 01:18:18.298000,,1,,False,,False,False
2023-15,FP2,0 days 00:18:21.747000,PER,11,,1.0,1.0,0 days 00:16:00.999000,,,0 days 00:00:57.229000,0 days 00:00:52.234000,,0 days 00:17:29.669000,0 days 00:18:21.809000,254.0,261.0,249.0,,False,MEDIUM,1.0,True,Red Bull Racing,0 days 00:16:00.999000,,1,,False,,False,False
2023-15,FP2,0 days 00:19:56.854000,PER,11,0 days 00:01:35.107000,2.0,1.0,,,0 days 00:00:27.980000,0 days 00:00:40.101000,0 days 00:00:27.026000,0 days 00:18:49.727000,0 days 00:19:29.828000,0 days 00:19:56.854000,307.0,273.0,246.0,294.0,True,MEDIUM,2.0,True,Red Bull Racing,0 days 00:18:21.747000,,1,,False,,False,True
2023-15,FP2,0 days 00:22:31.775000,PER,11,,3.0,1.0,,,0 days 00:00:47.376000,0 days 00:01:09.837000,0 days 00:00:37.721000,0 days 00:20:44.415000,0 days 00:21:54.336000,0 days 00:22:31.867000,146.0,114.0,251.0,204.0,False,MEDIUM,3.0,True,Red Bull Racing,0 days 00:19:56.854000,,1,,False,,False,False
2023-15,FP2,0 days 00:24:05.803000,PER,11,0 days 00:01:34.028000,4.0,1.0,,,0 days 00:00:27.769000,0 days 00:00:39.622000,0 days 00:00:26.637000,0 days 00:22:59.544000,0 days 00:23:39.166000,0 days 00:24:05.803000,306.0,273.0,251.0,295.0,True,MEDIUM,4.0,True,Red Bull Racing,0 days 00:22:31.775000,,1,,False,,False,True
2023-15,FP2,0 days 00:26:54.018000,PER,11,,5.0,1.0,,,0 days 00:00:44.259000,0 days 00:01:14.056000,0 days 00:00:49.832000,0 days 00:24:50.255000,0 days 00:26:04.207000,0 days 00:26:54.034000,142.0,115.0,249.0,196.0,False,MEDIUM,5.0,True,Red Bull Racing,0 days 00:24:05.803000,,1,,False,,False,False
2023-15,FP2,0 days 00:28:57.672000,PER,11,0 days 00:02:03.654000,6.0,1.0,,,0 days 00:00:27.672000,0 days 00:00:46.865000,0 days 00:00:49.117000,0 days 00:27:21.690000,0 days 00:28:08.555000,0 days 00:28:57.672000,308.0,104.0,160.0,294.0,False,MEDIUM,6.0,True,Red Bull Racing,0 days 00:26:54.018000,,1,,False,,False,True
2023-15,FP2,0 days 00:31:30.693000,PER,11,,7.0,1.0,,,0 days 00:00:44.412000,0 days 00:01:14.722000,0 days 00:00:33.963000,0 days 00:29:42.219000,0 days 00:30:56.905000,0 days 00:31:30.779000,145.0,134.0,250.0,159.0,False,MEDIUM,7.0,True,Red Bull Racing,0 days 00:28:57.672000,,1,,False,,False,False
2023-15,FP2,0 days 00:33:04.543000,PER,11,0 days 00:01:33.850000,8.0,1.0,,,0 days 00:00:27.585000,0 days 00:00:39.605000,0 days 00:00:26.660000,0 days 00:31:58.278000,0 days 00:32:37.883000,0 days 00:33:04.543000,306.0,274.0,253.0,294.0,True,MEDIUM,8.0,True,Red Bull Racing,0 days 00:31:30.693000,,1,,False,,False,True
2023-15,FP2,0 days 00:35:02.871000,PER,11,0 days 00:01:58.328000,9.0,1.0,,0 days 00:34:54.994000,0 days 00:00:32.699000,0 days 00:00:47.932000,0 days 00:00:37.697000,0 days 00:33:37.242000,0 days 00:34:25.174000,0 days 00:35:02.871000,264.0,227.0,,236.0,False,MEDIUM,9.0,True,Red Bull Racing,0 days 00:33:04.543000,,1,,False,,False,False
2023-15,FP2,0 days 00:48:42.267000,PER,11,,10.0,2.0,0 days 00:46:06.826000,,,0 days 00:01:08.257000,0 days 00:00:47.673000,,0 days 00:47:54.793000,0 days 00:48:42.370000,154.0,180.0,252.0,236.0,False,SOFT,1.0,True,Red Bull Racing,0 days 00:35:02.871000,,1,,False,,False,False
2023-15,FP2,0 days 00:50:15.228000,PER,11,0 days 00:01:32.961000,11.0,2.0,,,0 days 00:00:27.279000,0 days 00:00:39.210000,0 days 00:00:26.472000,0 days 00:49:09.546000,0 days 00:49:48.756000,0 days 00:50:15.228000,307.0,273.0,253.0,294.0,True,SOFT,2.0,True,Red Bull Racing,0 days 00:48:42.267000,,1,,False,,False,True
2023-15,FP2,0 days 00:52:59.647000,PER,11,,12.0,2.0,,0 days 00:52:51.475000,0 days 00:00:41.982000,0 days 00:01:09.296000,0 days 00:00:52.995000,0 days 00:50:57.415000,0 days 00:52:06.757000,0 days 00:52:59.647000,155.0,121.0,,220.0,False,SOFT,3.0,True,Red Bull Racing,0 days 00:50:15.228000,,1,,False,,False,False
2023-15,FP2,0 days 00:56:08.314000,PER,11,,13.0,3.0,0 days 00:53:25.943000,,0 days 00:01:17.729000,0 days 00:01:16.635000,0 days 00:00:34.451000,0 days 00:54:17.442000,0 days 00:55:33.972000,0 days 00:56:08.409000,126.0,126.0,251.0,220.0,False,SOFT,4.0,False,Red Bull Racing,0 days 00:52:59.647000,,1,,False,,False,False
2023-15,FP2,0 days 00:57:41.126000,PER,11,0 days 00:01:32.812000,14.0,3.0,,,0 days 00:00:27.359000,0 days 00:00:39.018000,0 days 00:00:26.435000,0 days 00:56:35.673000,0 days 00:57:14.691000,0 days 00:57:41.126000,305.0,273.0,254.0,293.0,True,SOFT,5.0,False,Red Bull Racing,0 days 00:56:08.314000,,1,,False,,False,True
2023-15,FP2,0 days 00:59:31.787000,PER,11,0 days 00:01:50.661000,15.0,3.0,,0 days 00:59:24.031000,0 days 00:00:30.736000,0 days 00:00:43.594000,0 days 00:00:36.331000,0 days 00:58:11.862000,0 days 00:58:55.456000,0 days 00:59:31.787000,282.0,242.0,,250.0,False,SOFT,6.0,False,Red Bull Racing,0 days 00:57:41.126000,,1,,False,,False,False
2023-15,FP2,0 days 01:07:48.338000,PER,11,,16.0,4.0,0 days 01:05:57.383000,,,0 days 00:00:42.683000,0 days 00:00:27.998000,,0 days 01:07:20.491000,0 days 01:07:48.366000,278.0,255.0,240.0,250.0,False,MEDIUM,10.0,False,Red Bull Racing,0 days 00:59:31.787000,,1,,False,,False,False
2023-15,FP2,0 days 01:09:26.416000,PER,11,0 days 00:01:38.078000,17.0,4.0,,,0 days 00:00:28.932000,0 days 00:00:41.497000,0 days 00:00:27.649000,0 days 01:08:17.270000,0 days 01:08:58.767000,0 days 01:09:26.416000,287.0,257.0,242.0,280.0,False,MEDIUM,11.0,False,Red Bull Racing,0 days 01:07:48.338000,,1,,False,,False,True
2023-15,FP2,0 days 01:11:04.844000,PER,11,0 days 00:01:38.428000,18.0,4.0,,,0 days 00:00:28.954000,0 days 00:00:41.804000,0 days 00:00:27.670000,0 days 01:09:55.370000,0 days 01:10:37.174000,0 days 01:11:04.844000,287.0,256.0,244.0,281.0,False,MEDIUM,12.0,False,Red Bull Racing,0 days 01:09:26.416000,,1,,False,,False,True
2023-15,FP2,0 days 01:12:43.126000,PER,11,0 days 00:01:38.282000,19.0,4.0,,,0 days 00:00:28.857000,0 days 00:00:41.742000,0 days 00:00:27.683000,0 days 01:11:33.701000,0 days 01:12:15.443000,0 days 01:12:43.126000,289.0,257.0,242.0,281.0,False,MEDIUM,13.0,False,Red Bull Racing,0 days 01:11:04.844000,,1,,False,,False,True
2023-15,FP2,0 days 01:14:21.175000,PER,11,0 days 00:01:38.049000,20.0,4.0,,,0 days 00:00:28.744000,0 days 00:00:41.657000,0 days 00:00:27.648000,0 days 01:13:11.870000,0 days 01:13:53.527000,0 days 01:14:21.175000,289.0,260.0,244.0,283.0,False,MEDIUM,14.0,False,Red Bull Racing,0 days 01:12:43.126000,,1,,False,,False,True
2023-15,FP2,0 days 01:15:59.434000,PER,11,0 days 00:01:38.259000,21.0,4.0,,,0 days 00:00:28.742000,0 days 00:00:41.809000,0 days 00:00:27.708000,0 days 01:14:49.917000,0 days 01:15:31.726000,0 days 01:15:59.434000,292.0,260.0,237.0,284.0,False,MEDIUM,15.0,False,Red Bull Racing,0 days 01:14:21.175000,,1,,False,,False,True
2023-15,FP2,0 days 01:18:36.070000,PER,11,,22.0,4.0,,,0 days 00:00:42.678000,0 days 00:01:04.094000,0 days 00:00:49.852000,0 days 01:16:42.231000,0 days 01:17:46.371000,0 days 01:18:36.073000,143.0,138.0,61.0,233.0,False,MEDIUM,16.0,False,Red Bull Racing,0 days 01:15:59.434000,,1,,False,,False,False
2023-15,FP2,0 days 01:20:58.508000,PER,11,0 days 00:02:22.438000,23.0,4.0,,0 days 01:20:50.680000,0 days 00:00:57.536000,0 days 00:00:44.198000,0 days 00:00:40.704000,0 days 01:19:33.606000,0 days 01:20:17.804000,0 days 01:20:58.508000,279.0,240.0,,195.0,False,MEDIUM,17.0,False,Red Bull Racing,0 days 01:18:36.070000,,1,,False,,False,False
2023-15,FP2,0 days 00:17:45.364000,ALO,14,,1.0,1.0,0 days 00:15:30.312000,,,0 days 00:00:49.651000,0 days 00:00:44.977000,,0 days 00:17:00.529000,0 days 00:17:45.419000,289.0,256.0,248.0,,False,MEDIUM,1.0,True,Aston Martin,0 days 00:15:30.312000,,1,,False,,False,False
2023-15,FP2,0 days 00:19:20.714000,ALO,14,0 days 00:01:35.350000,2.0,1.0,,,0 days 00:00:28.010000,0 days 00:00:40.317000,0 days 00:00:27.023000,0 days 00:18:13.374000,0 days 00:18:53.691000,0 days 00:19:20.714000,304.0,273.0,250.0,296.0,True,MEDIUM,2.0,True,Aston Martin,0 days 00:17:45.364000,,1,,False,,False,True
2023-15,FP2,0 days 00:21:53.605000,ALO,14,,3.0,1.0,,,0 days 00:00:47.684000,0 days 00:01:00.471000,0 days 00:00:44.763000,0 days 00:20:08.572000,0 days 00:21:09.024000,0 days 00:21:53.680000,194.0,244.0,252.0,244.0,False,MEDIUM,3.0,True,Aston Martin,0 days 00:19:20.714000,,1,,False,,False,False
2023-15,FP2,0 days 00:23:27.569000,ALO,14,0 days 00:01:33.964000,4.0,1.0,,,0 days 00:00:27.542000,0 days 00:00:39.733000,0 days 00:00:26.689000,0 days 00:22:21.147000,0 days 00:23:00.880000,0 days 00:23:27.569000,308.0,274.0,251.0,297.0,True,MEDIUM,4.0,True,Aston Martin,0 days 00:21:53.605000,,1,,False,,False,True
2023-15,FP2,0 days 00:26:03.588000,ALO,14,,5.0,1.0,,,0 days 00:00:49.868000,0 days 00:01:07.748000,0 days 00:00:38.414000,0 days 00:24:17.646000,0 days 00:25:25.379000,0 days 00:26:03.691000,265.0,216.0,252.0,197.0,False,MEDIUM,5.0,True,Aston Martin,0 days 00:23:27.569000,,1,,False,,False,False
2023-15,FP2,0 days 00:27:37.377000,ALO,14,0 days 00:01:33.789000,6.0,1.0,,,0 days 00:00:27.402000,0 days 00:00:39.707000,0 days 00:00:26.680000,0 days 00:26:30.990000,0 days 00:27:10.697000,0 days 00:27:37.377000,309.0,273.0,252.0,297.0,True,MEDIUM,6.0,True,Aston Martin,0 days 00:26:03.588000,,1,,False,,False,True
2023-15,FP2,0 days 00:30:01.133000,ALO,14,0 days 00:02:23.756000,7.0,1.0,,0 days 00:29:53.421000,0 days 00:00:39.447000,0 days 00:00:57.362000,0 days 00:00:46.947000,0 days 00:28:16.824000,0 days 00:29:14.186000,0 days 00:30:01.133000,239.0,210.0,,214.0,False,MEDIUM,7.0,True,Aston Martin,0 days 00:27:37.377000,,1,,False,,False,False
2023-15,FP2,0 days 00:41:13.048000,ALO,14,,8.0,2.0,0 days 00:38:55.131000,,,0 days 00:00:54.482000,0 days 00:00:41.134000,,0 days 00:40:32.129000,0 days 00:41:13.144000,283.0,243.0,252.0,214.0,False,SOFT,1.0,True,Aston Martin,0 days 00:30:01.133000,,1,,False,,False,False
2023-15,FP2,0 days 00:42:45.752000,ALO,14,0 days 00:01:32.704000,9.0,2.0,,,0 days 00:00:27.283000,0 days 00:00:39.043000,0 days 00:00:26.378000,0 days 00:41:40.331000,0 days 00:42:19.374000,0 days 00:42:45.752000,304.0,275.0,251.0,297.0,True,SOFT,2.0,True,Aston Martin,0 days 00:41:13.048000,,1,,False,,False,True
2023-15,FP2,0 days 00:45:15.655000,ALO,14,0 days 00:02:29.903000,10.0,2.0,,,0 days 00:00:46.053000,0 days 00:00:59.690000,0 days 00:00:44.160000,0 days 00:43:31.805000,0 days 00:44:31.495000,0 days 00:45:15.655000,157.0,212.0,179.0,159.0,False,SOFT,3.0,True,Aston Martin,0 days 00:42:45.752000,,1,,False,,False,True
2023-15,FP2,0 days 00:47:38.938000,ALO,14,0 days 00:02:23.283000,11.0,2.0,,,0 days 00:00:38.646000,0 days 00:01:04.819000,0 days 00:00:39.818000,0 days 00:45:54.301000,0 days 00:46:59.120000,0 days 00:47:38.938000,186.0,218.0,255.0,255.0,False,SOFT,4.0,True,Aston Martin,0 days 00:45:15.655000,,1,,False,,False,True
2023-15,FP2,0 days 00:49:11.416000,ALO,14,0 days 00:01:32.478000,12.0,2.0,,,0 days 00:00:27.087000,0 days 00:00:39.156000,0 days 00:00:26.235000,0 days 00:48:06.025000,0 days 00:48:45.181000,0 days 00:49:11.416000,309.0,272.0,254.0,299.0,True,SOFT,5.0,True,Aston Martin,0 days 00:47:38.938000,,1,,False,,False,True
2023-15,FP2,0 days 00:51:17.088000,ALO,14,0 days 00:02:05.672000,13.0,2.0,,0 days 00:51:09.368000,0 days 00:00:34.818000,0 days 00:00:49.235000,0 days 00:00:41.619000,0 days 00:49:46.234000,0 days 00:50:35.469000,0 days 00:51:17.088000,228.0,218.0,,193.0,False,SOFT,6.0,True,Aston Martin,0 days 00:49:11.416000,,1,,False,,False,False
2023-15,FP2,0 days 01:00:00.666000,ALO,14,,14.0,3.0,0 days 00:57:53.579000,0 days 00:59:52.858000,,0 days 00:00:43.566000,0 days 00:00:35.870000,,0 days 00:59:24.921000,0 days 01:00:00.733000,271.0,248.0,,193.0,False,SOFT,7.0,False,Aston Martin,0 days 00:51:17.088000,,1,,False,,False,False
2023-15,FP2,0 days 01:02:16.774000,ALO,14,0 days 00:02:16.108000,15.0,4.0,0 days 01:00:30.920000,,0 days 00:00:58.898000,0 days 00:00:45.753000,0 days 00:00:31.457000,0 days 01:00:59.564000,0 days 01:01:45.317000,0 days 01:02:16.774000,289.0,244.0,243.0,193.0,False,MEDIUM,8.0,False,Aston Martin,0 days 01:00:00.666000,,1,,False,,False,False
2023-15,FP2,0 days 01:03:54.643000,ALO,14,0 days 00:01:37.869000,16.0,4.0,,,0 days 00:00:28.780000,0 days 00:00:41.429000,0 days 00:00:27.660000,0 days 01:02:45.554000,0 days 01:03:26.983000,0 days 01:03:54.643000,289.0,261.0,244.0,281.0,False,MEDIUM,9.0,False,Aston Martin,0 days 01:02:16.774000,,1,,False,,False,True
2023-15,FP2,0 days 01:05:33.277000,ALO,14,0 days 00:01:38.634000,17.0,4.0,,,0 days 00:00:28.791000,0 days 00:00:42.076000,0 days 00:00:27.767000,0 days 01:04:23.434000,0 days 01:05:05.510000,0 days 01:05:33.277000,290.0,260.0,244.0,281.0,False,MEDIUM,10.0,False,Aston Martin,0 days 01:03:54.643000,,1,,False,,False,True
2023-15,FP2,0 days 01:07:11.179000,ALO,14,0 days 00:01:37.902000,18.0,4.0,,,0 days 00:00:28.837000,0 days 00:00:41.467000,0 days 00:00:27.598000,0 days 01:06:02.114000,0 days 01:06:43.581000,0 days 01:07:11.179000,288.0,261.0,244.0,281.0,False,MEDIUM,11.0,False,Aston Martin,0 days 01:05:33.277000,,1,,False,,False,True
2023-15,FP2,0 days 01:08:49.608000,ALO,14,0 days 00:01:38.429000,19.0,4.0,,,0 days 00:00:28.957000,0 days 00:00:41.790000,0 days 00:00:27.682000,0 days 01:07:40.136000,0 days 01:08:21.926000,0 days 01:08:49.608000,292.0,262.0,244.0,281.0,False,MEDIUM,12.0,False,Aston Martin,0 days 01:07:11.179000,,1,,False,,False,True
2023-15,FP2,0 days 01:10:27.723000,ALO,14,0 days 00:01:38.115000,20.0,4.0,,,0 days 00:00:28.850000,0 days 00:00:41.599000,0 days 00:00:27.666000,0 days 01:09:18.458000,0 days 01:10:00.057000,0 days 01:10:27.723000,288.0,256.0,246.0,283.0,False,MEDIUM,13.0,False,Aston Martin,0 days 01:08:49.608000,,1,,False,,False,True
2023-15,FP2,0 days 01:12:05.893000,ALO,14,0 days 00:01:38.170000,21.0,4.0,,,0 days 00:00:28.849000,0 days 00:00:41.682000,0 days 00:00:27.639000,0 days 01:10:56.572000,0 days 01:11:38.254000,0 days 01:12:05.893000,286.0,257.0,244.0,284.0,False,MEDIUM,14.0,False,Aston Martin,0 days 01:10:27.723000,,1,,False,,False,True
2023-15,FP2,0 days 01:13:44.139000,ALO,14,0 days 00:01:38.246000,22.0,4.0,,,0 days 00:00:28.818000,0 days 00:00:41.835000,0 days 00:00:27.593000,0 days 01:12:34.711000,0 days 01:13:16.546000,0 days 01:13:44.139000,290.0,260.0,244.0,283.0,False,MEDIUM,15.0,False,Aston Martin,0 days 01:12:05.893000,,1,,False,,False,True
2023-15,FP2,0 days 01:15:22.699000,ALO,14,0 days 00:01:38.560000,23.0,4.0,,,0 days 00:00:28.761000,0 days 00:00:42.142000,0 days 00:00:27.657000,0 days 01:14:12.900000,0 days 01:14:55.042000,0 days 01:15:22.699000,292.0,259.0,243.0,284.0,False,MEDIUM,16.0,False,Aston Martin,0 days 01:13:44.139000,,1,,False,,False,True
2023-15,FP2,0 days 01:17:37.775000,ALO,14,0 days 00:02:15.076000,24.0,4.0,,,0 days 00:00:35.509000,0 days 00:00:49.613000,0 days 00:00:49.954000,0 days 01:15:58.208000,0 days 01:16:47.821000,0 days 01:17:37.775000,172.0,179.0,17.0,190.0,False,MEDIUM,17.0,False,Aston Martin,0 days 01:15:22.699000,,1,,False,,False,True
2023-15,FP2,0 days 01:20:06.231000,ALO,14,0 days 00:02:28.456000,25.0,4.0,,0 days 01:19:58.415000,0 days 00:00:59.220000,0 days 00:00:47.438000,0 days 00:00:41.798000,0 days 01:18:36.995000,0 days 01:19:24.433000,0 days 01:20:06.231000,293.0,140.0,,209.0,False,MEDIUM,18.0,False,Aston Martin,0 days 01:17:37.775000,,1,,False,,False,False
2023-15,FP2,0 days 00:18:42.964000,LEC,16,,1.0,1.0,0 days 00:16:19.936000,,,0 days 00:00:49.811000,0 days 00:00:53.499000,,0 days 00:17:49.559000,0 days 00:18:42.964000,271.0,253.0,237.0,,False,MEDIUM,1.0,True,Ferrari,0 days 00:16:19.936000,,1,,False,,False,False
2023-15,FP2,0 days 00:20:17.464000,LEC,16,0 days 00:01:34.500000,2.0,1.0,,,0 days 00:00:28.012000,0 days 00:00:39.772000,0 days 00:00:26.716000,0 days 00:19:10.976000,0 days 00:19:50.748000,0 days 00:20:17.464000,307.0,276.0,249.0,292.0,True,MEDIUM,2.0,True,Ferrari,0 days 00:18:42.964000,,1,,False,,False,True
2023-15,FP2,0 days 00:23:00.696000,LEC,16,,3.0,1.0,,,0 days 00:00:57.603000,0 days 00:01:12.596000,0 days 00:00:33.110000,0 days 00:21:15.149000,0 days 00:22:27.617000,0 days 00:23:00.757000,99.0,179.0,254.0,231.0,False,MEDIUM,3.0,True,Ferrari,0 days 00:20:17.464000,,1,,False,,False,False
2023-15,FP2,0 days 00:24:34.490000,LEC,16,0 days 00:01:33.794000,4.0,1.0,,,0 days 00:00:27.257000,0 days 00:00:39.948000,0 days 00:00:26.589000,0 days 00:23:27.953000,0 days 00:24:07.901000,0 days 00:24:34.490000,311.0,278.0,257.0,299.0,True,MEDIUM,4.0,True,Ferrari,0 days 00:23:00.696000,,1,,False,,False,True
2023-15,FP2,0 days 00:27:32.594000,LEC,16,,5.0,1.0,,,0 days 00:00:50.913000,0 days 00:01:22.621000,0 days 00:00:44.529000,0 days 00:25:25.567000,0 days 00:26:48.065000,0 days 00:27:32.627000,94.0,133.0,254.0,258.0,False,MEDIUM,5.0,True,Ferrari,0 days 00:24:34.490000,,1,,False,,False,False
2023-15,FP2,0 days 00:29:23.309000,LEC,16,0 days 00:01:50.715000,6.0,1.0,,0 days 00:29:15.391000,0 days 00:00:27.216000,0 days 00:00:39.724000,0 days 00:00:43.775000,0 days 00:27:59.810000,0 days 00:28:39.534000,0 days 00:29:23.309000,313.0,278.0,,300.0,False,MEDIUM,6.0,True,Ferrari,0 days 00:27:32.594000,,1,,False,,False,False
2023-15,FP2,0 days 00:32:04.709000,LEC,16,,7.0,2.0,0 days 00:29:40.031000,,0 days 00:01:07.863000,0 days 00:01:01.085000,0 days 00:00:32.529000,0 days 00:30:31.280000,0 days 00:31:32.685000,0 days 00:32:04.841000,85.0,171.0,255.0,300.0,False,MEDIUM,7.0,False,Ferrari,0 days 00:29:23.309000,,1,,False,,False,False
2023-15,FP2,0 days 00:33:37.683000,LEC,16,0 days 00:01:32.974000,8.0,2.0,,,0 days 00:00:27.154000,0 days 00:00:39.447000,0 days 00:00:26.373000,0 days 00:32:31.863000,0 days 00:33:11.310000,0 days 00:33:37.683000,309.0,278.0,256.0,298.0,True,MEDIUM,8.0,False,Ferrari,0 days 00:32:04.709000,,1,,False,,False,True
2023-15,FP2,0 days 00:35:39.120000,LEC,16,0 days 00:02:01.437000,9.0,2.0,,0 days 00:35:31.337000,0 days 00:00:32.016000,0 days 00:00:49.055000,0 days 00:00:40.366000,0 days 00:34:09.699000,0 days 00:34:58.754000,0 days 00:35:39.120000,252.0,158.0,,231.0,False,MEDIUM,9.0,False,Ferrari,0 days 00:33:37.683000,,1,,False,,False,False
2023-15,FP2,0 days 00:41:03.051000,LEC,16,,10.0,3.0,0 days 00:38:49.865000,,,0 days 00:00:57.149000,0 days 00:00:33.864000,,0 days 00:40:29.363000,0 days 00:41:03.160000,192.0,254.0,256.0,231.0,False,SOFT,1.0,True,Ferrari,0 days 00:35:39.120000,,1,,False,,False,False
2023-15,FP2,0 days 00:42:35.189000,LEC,16,0 days 00:01:32.138000,11.0,3.0,,,0 days 00:00:26.972000,0 days 00:00:38.869000,0 days 00:00:26.297000,0 days 00:41:30.023000,0 days 00:42:08.892000,0 days 00:42:35.189000,311.0,279.0,254.0,299.0,True,SOFT,2.0,True,Ferrari,0 days 00:41:03.051000,,1,,False,,False,True
2023-15,FP2,0 days 00:45:21.593000,LEC,16,,12.0,3.0,,0 days 00:45:13.593000,0 days 00:00:44.690000,0 days 00:01:08.746000,0 days 00:00:52.812000,0 days 00:43:20.064000,0 days 00:44:28.797000,0 days 00:45:21.593000,142.0,136.0,,231.0,False,SOFT,3.0,True,Ferrari,0 days 00:42:35.189000,,1,,False,,False,False
2023-15,FP2,0 days 00:48:15.949000,LEC,16,,13.0,4.0,0 days 00:45:40.811000,,0 days 00:01:09.257000,0 days 00:00:58.964000,0 days 00:00:46.214000,0 days 00:46:30.873000,0 days 00:47:29.840000,0 days 00:48:15.949000,127.0,221.0,254.0,231.0,False,SOFT,4.0,False,Ferrari,0 days 00:45:21.593000,,1,,False,,False,False
2023-15,FP2,0 days 00:50:26.687000,LEC,16,0 days 00:02:10.738000,14.0,4.0,,,0 days 00:00:27.048000,0 days 00:00:54.428000,0 days 00:00:49.262000,0 days 00:48:42.997000,0 days 00:49:37.425000,0 days 00:50:26.687000,312.0,113.0,255.0,299.0,False,SOFT,5.0,False,Ferrari,0 days 00:48:15.949000,,1,,False,,False,True
2023-15,FP2,0 days 00:52:11.774000,LEC,16,0 days 00:01:45.087000,15.0,4.0,,0 days 00:52:03.601000,0 days 00:00:27.033000,0 days 00:00:39.242000,0 days 00:00:38.812000,0 days 00:50:53.720000,0 days 00:51:32.962000,0 days 00:52:11.774000,312.0,278.0,,300.0,False,SOFT,6.0,False,Ferrari,0 days 00:50:26.687000,,1,,False,,False,False
2023-15,FP2,0 days 01:00:47.759000,LEC,16,,16.0,5.0,0 days 00:58:39.657000,,,0 days 00:00:48.337000,0 days 00:00:31.772000,,0 days 01:00:16.155000,0 days 01:00:47.795000,273.0,234.0,241.0,300.0,False,MEDIUM,10.0,False,Ferrari,0 days 00:52:11.774000,,1,,False,,False,False
2023-15,FP2,0 days 01:02:25.881000,LEC,16,0 days 00:01:38.122000,17.0,5.0,,,0 days 00:00:28.993000,0 days 00:00:41.415000,0 days 00:00:27.714000,0 days 01:01:16.752000,0 days 01:01:58.167000,0 days 01:02:25.881000,284.0,257.0,242.0,275.0,False,MEDIUM,11.0,False,Ferrari,0 days 01:00:47.759000,,1,,False,,False,True
2023-15,FP2,0 days 01:04:04.120000,LEC,16,0 days 00:01:38.239000,18.0,5.0,,,0 days 00:00:28.910000,0 days 00:00:41.704000,0 days 00:00:27.625000,0 days 01:02:54.791000,0 days 01:03:36.495000,0 days 01:04:04.120000,291.0,262.0,243.0,281.0,False,MEDIUM,12.0,False,Ferrari,0 days 01:02:25.881000,,1,,False,,False,True
2023-15,FP2,0 days 01:05:47.344000,LEC,16,0 days 00:01:43.224000,19.0,5.0,,,0 days 00:00:28.819000,0 days 00:00:42.738000,0 days 00:00:31.667000,0 days 01:04:32.939000,0 days 01:05:15.677000,0 days 01:05:47.344000,287.0,256.0,243.0,278.0,False,MEDIUM,13.0,False,Ferrari,0 days 01:04:04.120000,,1,,False,,False,True
2023-15,FP2,0 days 01:07:25.435000,LEC,16,0 days 00:01:38.091000,20.0,5.0,,,0 days 00:00:28.761000,0 days 00:00:41.630000,0 days 00:00:27.700000,0 days 01:06:16.105000,0 days 01:06:57.735000,0 days 01:07:25.435000,285.0,257.0,243.0,278.0,False,MEDIUM,14.0,False,Ferrari,0 days 01:05:47.344000,,1,,False,,False,True
2023-15,FP2,0 days 01:09:04.318000,LEC,16,0 days 00:01:38.883000,21.0,5.0,,,0 days 00:00:28.842000,0 days 00:00:41.655000,0 days 00:00:28.386000,0 days 01:07:54.277000,0 days 01:08:35.932000,0 days 01:09:04.318000,284.0,256.0,242.0,276.0,False,MEDIUM,15.0,False,Ferrari,0 days 01:07:25.435000,,1,,False,,False,True
2023-15,FP2,0 days 01:10:42.790000,LEC,16,0 days 00:01:38.472000,22.0,5.0,,,0 days 00:00:28.789000,0 days 00:00:41.962000,0 days 00:00:27.721000,0 days 01:09:33.107000,0 days 01:10:15.069000,0 days 01:10:42.790000,289.0,260.0,244.0,281.0,False,MEDIUM,16.0,False,Ferrari,0 days 01:09:04.318000,,1,,False,,False,True
2023-15,FP2,0 days 01:12:21.768000,LEC,16,0 days 00:01:38.978000,23.0,5.0,,,0 days 00:00:28.891000,0 days 00:00:42.085000,0 days 00:00:28.002000,0 days 01:11:11.681000,0 days 01:11:53.766000,0 days 01:12:21.768000,285.0,257.0,242.0,277.0,False,MEDIUM,17.0,False,Ferrari,0 days 01:10:42.790000,,1,,False,,False,True
2023-15,FP2,0 days 01:14:01.136000,LEC,16,0 days 00:01:39.368000,24.0,5.0,,,0 days 00:00:29.007000,0 days 00:00:42.325000,0 days 00:00:28.036000,0 days 01:12:50.775000,0 days 01:13:33.100000,0 days 01:14:01.136000,284.0,256.0,243.0,278.0,False,MEDIUM,18.0,False,Ferrari,0 days 01:12:21.768000,,1,,False,,False,True
2023-15,FP2,0 days 01:15:40.291000,LEC,16,0 days 00:01:39.155000,25.0,5.0,,,0 days 00:00:28.729000,0 days 00:00:42.360000,0 days 00:00:28.066000,0 days 01:14:29.865000,0 days 01:15:12.225000,0 days 01:15:40.291000,300.0,262.0,242.0,278.0,False,MEDIUM,19.0,False,Ferrari,0 days 01:14:01.136000,,1,,False,,False,True
2023-15,FP2,0 days 01:17:57.042000,LEC,16,0 days 00:02:16.751000,26.0,5.0,,,0 days 00:00:37.204000,0 days 00:00:51.670000,0 days 00:00:47.877000,0 days 01:16:17.495000,0 days 01:17:09.165000,0 days 01:17:57.042000,159.0,187.0,50.0,249.0,False,MEDIUM,20.0,False,Ferrari,0 days 01:15:40.291000,,1,,False,,False,True
2023-15,FP2,0 days 01:20:18.130000,LEC,16,0 days 00:02:21.088000,27.0,5.0,,0 days 01:20:10.259000,0 days 00:00:55.009000,0 days 00:00:47.267000,0 days 00:00:38.812000,0 days 01:18:52.051000,0 days 01:19:39.318000,0 days 01:20:18.130000,239.0,221.0,,224.0,False,MEDIUM,21.0,False,Ferrari,0 days 01:17:57.042000,,1,,False,,False,False
2023-15,FP2,0 days 00:17:27.453000,STR,18,,1.0,1.0,0 days 00:15:18.984000,,,0 days 00:00:47.773000,0 days 00:00:40.488000,,0 days 00:16:47.154000,0 days 00:17:27.544000,268.0,261.0,247.0,,False,MEDIUM,1.0,True,Aston Martin,0 days 00:15:18.984000,,1,,False,,False,False
2023-15,FP2,0 days 00:19:03.381000,STR,18,0 days 00:01:35.928000,2.0,1.0,,,0 days 00:00:28.109000,0 days 00:00:40.798000,0 days 00:00:27.021000,0 days 00:17:55.562000,0 days 00:18:36.360000,0 days 00:19:03.381000,307.0,274.0,250.0,296.0,True,MEDIUM,2.0,True,Aston Martin,0 days 00:17:27.453000,,1,,False,,False,True
2023-15,FP2,0 days 00:21:17.639000,STR,18,0 days 00:02:14.258000,3.0,1.0,,,0 days 00:00:40.283000,0 days 00:00:58.540000,0 days 00:00:35.435000,0 days 00:19:43.664000,0 days 00:20:42.204000,0 days 00:21:17.639000,213.0,203.0,252.0,247.0,False,MEDIUM,3.0,True,Aston Martin,0 days 00:19:03.381000,,1,,False,,False,True
2023-15,FP2,0 days 00:22:52.366000,STR,18,0 days 00:01:34.727000,4.0,1.0,,,0 days 00:00:27.762000,0 days 00:00:40.161000,0 days 00:00:26.804000,0 days 00:21:45.401000,0 days 00:22:25.562000,0 days 00:22:52.366000,306.0,274.0,250.0,297.0,True,MEDIUM,4.0,True,Aston Martin,0 days 00:21:17.639000,,1,,False,,False,True
2023-15,FP2,0 days 00:25:35.301000,STR,18,,5.0,1.0,,,0 days 00:00:55.233000,0 days 00:00:59.500000,0 days 00:00:48.108000,0 days 00:23:47.820000,0 days 00:24:47.271000,0 days 00:25:35.301000,105.0,248.0,250.0,240.0,False,MEDIUM,5.0,True,Aston Martin,0 days 00:22:52.366000,,1,,False,,False,False
2023-15,FP2,0 days 00:27:09.939000,STR,18,0 days 00:01:34.638000,6.0,1.0,,,0 days 00:00:27.613000,0 days 00:00:40.247000,0 days 00:00:26.778000,0 days 00:26:02.914000,0 days 00:26:43.161000,0 days 00:27:09.939000,306.0,274.0,248.0,296.0,True,MEDIUM,6.0,True,Aston Martin,0 days 00:25:35.301000,,1,,False,,False,True
2023-15,FP2,0 days 00:29:04.632000,STR,18,0 days 00:01:54.693000,7.0,1.0,,0 days 00:28:56.813000,0 days 00:00:32.113000,0 days 00:00:42.262000,0 days 00:00:40.318000,0 days 00:27:42.052000,0 days 00:28:24.314000,0 days 00:29:04.632000,285.0,256.0,,254.0,False,MEDIUM,7.0,True,Aston Martin,0 days 00:27:09.939000,,1,,False,,False,False
2023-15,FP2,0 days 00:41:28.939000,STR,18,,8.0,2.0,0 days 00:39:08.990000,,,0 days 00:00:51.612000,0 days 00:00:48.787000,,0 days 00:40:40.348000,0 days 00:41:29.034000,235.0,230.0,250.0,254.0,False,SOFT,1.0,True,Aston Martin,0 days 00:29:04.632000,,1,,False,,False,False
2023-15,FP2,0 days 00:43:02.329000,STR,18,0 days 00:01:33.390000,9.0,2.0,,,0 days 00:00:27.333000,0 days 00:00:39.421000,0 days 00:00:26.636000,0 days 00:41:56.272000,0 days 00:42:35.693000,0 days 00:43:02.329000,308.0,275.0,251.0,298.0,True,SOFT,2.0,True,Aston Martin,0 days 00:41:28.939000,,1,,False,,False,True
2023-15,FP2,0 days 00:45:41.467000,STR,18,,10.0,2.0,,,0 days 00:00:47.510000,0 days 00:01:01.752000,0 days 00:00:49.750000,0 days 00:43:50.110000,0 days 00:44:51.796000,0 days 00:45:41.467000,227.0,213.0,204.0,221.0,False,SOFT,3.0,True,Aston Martin,0 days 00:43:02.329000,,1,,False,,False,False
2023-15,FP2,0 days 00:48:33.562000,STR,18,,11.0,2.0,,,0 days 00:00:44.779000,0 days 00:01:15.470000,0 days 00:00:51.894000,0 days 00:46:26.341000,0 days 00:47:41.668000,0 days 00:48:33.589000,138.0,206.0,252.0,225.0,False,SOFT,4.0,True,Aston Martin,0 days 00:45:41.467000,,1,,False,,False,False
2023-15,FP2,0 days 00:50:35.861000,STR,18,0 days 00:02:02.299000,12.0,2.0,,,0 days 00:00:27.235000,0 days 00:00:53.305000,0 days 00:00:41.759000,0 days 00:49:00.797000,0 days 00:49:54.102000,0 days 00:50:35.861000,309.0,103.0,205.0,297.0,False,SOFT,5.0,True,Aston Martin,0 days 00:48:33.562000,,1,,False,,False,True
2023-15,FP2,0 days 00:53:14.222000,STR,18,,13.0,2.0,,,0 days 00:00:45.323000,0 days 00:01:04.200000,0 days 00:00:48.839000,0 days 00:51:21.367000,0 days 00:52:25.507000,0 days 00:53:14.272000,238.0,227.0,252.0,229.0,False,SOFT,6.0,True,Aston Martin,0 days 00:50:35.861000,,1,,False,,False,False
2023-15,FP2,0 days 00:55:05.504000,STR,18,0 days 00:01:51.282000,14.0,2.0,,0 days 00:54:57.692000,0 days 00:00:27.227000,0 days 00:00:45.488000,0 days 00:00:38.567000,0 days 00:53:41.449000,0 days 00:54:26.937000,0 days 00:55:05.504000,309.0,207.0,,298.0,False,SOFT,7.0,True,Aston Martin,0 days 00:53:14.222000,,1,,False,,False,False
2023-15,FP2,0 days 01:02:57.664000,STR,18,,15.0,3.0,0 days 01:01:15.732000,,,0 days 00:00:42.676000,0 days 00:00:27.749000,,0 days 01:02:30.043000,0 days 01:02:57.668000,286.0,261.0,242.0,298.0,False,MEDIUM,8.0,False,Aston Martin,0 days 00:55:05.504000,,1,,False,,False,False
2023-15,FP2,0 days 01:04:36.101000,STR,18,0 days 00:01:38.437000,16.0,3.0,,,0 days 00:00:28.917000,0 days 00:00:41.884000,0 days 00:00:27.636000,0 days 01:03:26.581000,0 days 01:04:08.465000,0 days 01:04:36.101000,285.0,258.0,240.0,280.0,False,MEDIUM,9.0,False,Aston Martin,0 days 01:02:57.664000,,1,,False,,False,True
2023-15,FP2,0 days 01:06:14.303000,STR,18,0 days 00:01:38.202000,17.0,3.0,,,0 days 00:00:28.754000,0 days 00:00:41.802000,0 days 00:00:27.646000,0 days 01:05:04.855000,0 days 01:05:46.657000,0 days 01:06:14.303000,289.0,261.0,243.0,280.0,False,MEDIUM,10.0,False,Aston Martin,0 days 01:04:36.101000,,1,,False,,False,True
2023-15,FP2,0 days 01:07:52.965000,STR,18,0 days 00:01:38.662000,18.0,3.0,,,0 days 00:00:28.795000,0 days 00:00:42.119000,0 days 00:00:27.748000,0 days 01:06:43.098000,0 days 01:07:25.217000,0 days 01:07:52.965000,291.0,262.0,243.0,282.0,False,MEDIUM,11.0,False,Aston Martin,0 days 01:06:14.303000,,1,,False,,False,True
2023-15,FP2,0 days 01:09:35.301000,STR,18,0 days 00:01:42.336000,19.0,3.0,,,0 days 00:00:28.935000,0 days 00:00:42.441000,0 days 00:00:30.960000,0 days 01:08:21.900000,0 days 01:09:04.341000,0 days 01:09:35.301000,293.0,261.0,243.0,284.0,False,MEDIUM,12.0,False,Aston Martin,0 days 01:07:52.965000,,1,,False,,False,True
2023-15,FP2,0 days 01:11:13.765000,STR,18,0 days 00:01:38.464000,20.0,3.0,,,0 days 00:00:28.874000,0 days 00:00:41.924000,0 days 00:00:27.666000,0 days 01:10:04.175000,0 days 01:10:46.099000,0 days 01:11:13.765000,292.0,262.0,244.0,284.0,False,MEDIUM,13.0,False,Aston Martin,0 days 01:09:35.301000,,1,,False,,False,True
2023-15,FP2,0 days 01:12:57.729000,STR,18,0 days 00:01:43.964000,21.0,3.0,,,0 days 00:00:28.920000,0 days 00:00:42.407000,0 days 00:00:32.637000,0 days 01:11:42.685000,0 days 01:12:25.092000,0 days 01:12:57.729000,293.0,263.0,241.0,283.0,False,MEDIUM,14.0,False,Aston Martin,0 days 01:11:13.765000,,1,,False,,False,True
2023-15,FP2,0 days 01:14:36.546000,STR,18,0 days 00:01:38.817000,22.0,3.0,,,0 days 00:00:28.815000,0 days 00:00:42.147000,0 days 00:00:27.855000,0 days 01:13:26.544000,0 days 01:14:08.691000,0 days 01:14:36.546000,289.0,261.0,242.0,282.0,False,MEDIUM,15.0,False,Aston Martin,0 days 01:12:57.729000,,1,,False,,False,True
2023-15,FP2,0 days 01:16:22.136000,STR,18,0 days 00:01:45.590000,23.0,3.0,,,0 days 00:00:28.944000,0 days 00:00:44.023000,0 days 00:00:32.623000,0 days 01:15:05.490000,0 days 01:15:49.513000,0 days 01:16:22.136000,292.0,210.0,243.0,282.0,False,MEDIUM,16.0,False,Aston Martin,0 days 01:14:36.546000,,1,,False,,False,True
2023-15,FP2,0 days 01:18:38.879000,STR,18,0 days 00:02:16.743000,24.0,3.0,,,0 days 00:00:36.515000,0 days 00:00:52.505000,0 days 00:00:47.723000,0 days 01:16:58.651000,0 days 01:17:51.156000,0 days 01:18:38.879000,172.0,156.0,73.0,207.0,False,MEDIUM,17.0,False,Aston Martin,0 days 01:16:22.136000,,1,,False,,False,True
2023-15,FP2,0 days 01:21:03.441000,STR,18,0 days 00:02:24.562000,25.0,3.0,,0 days 01:20:55.633000,0 days 00:00:59.544000,0 days 00:00:44.420000,0 days 00:00:40.598000,0 days 01:19:38.423000,0 days 01:20:22.843000,0 days 01:21:03.441000,302.0,205.0,,215.0,False,MEDIUM,18.0,False,Aston Martin,0 days 01:18:38.879000,,1,,False,,False,False
2023-15,FP2,0 days 00:18:46.283000,MAG,20,,1.0,1.0,0 days 00:16:14.311000,,,0 days 00:00:50.185000,0 days 00:01:07.357000,,0 days 00:17:39.138000,0 days 00:18:46.355000,271.0,216.0,243.0,,False,MEDIUM,1.0,True,Haas F1 Team,0 days 00:16:14.311000,,1,,False,,False,False
2023-15,FP2,0 days 00:20:21.728000,MAG,20,0 days 00:01:35.445000,2.0,1.0,,,0 days 00:00:28.226000,0 days 00:00:40.233000,0 days 00:00:26.986000,0 days 00:19:14.509000,0 days 00:19:54.742000,0 days 00:20:21.728000,306.0,275.0,252.0,293.0,True,MEDIUM,2.0,True,Haas F1 Team,0 days 00:18:46.283000,,1,,False,,False,True
2023-15,FP2,0 days 00:23:20.867000,MAG,20,,3.0,1.0,,,0 days 00:00:57.619000,0 days 00:01:16.030000,0 days 00:00:45.484000,0 days 00:21:19.540000,0 days 00:22:35.414000,0 days 00:23:20.928000,97.0,140.0,249.0,262.0,False,MEDIUM,3.0,True,Haas F1 Team,0 days 00:20:21.728000,,1,,False,,False,False
2023-15,FP2,0 days 00:24:55.895000,MAG,20,0 days 00:01:35.028000,4.0,1.0,,,0 days 00:00:27.627000,0 days 00:00:40.586000,0 days 00:00:26.815000,0 days 00:23:48.494000,0 days 00:24:29.080000,0 days 00:24:55.895000,306.0,273.0,253.0,292.0,True,MEDIUM,4.0,True,Haas F1 Team,0 days 00:23:20.867000,,1,,False,,False,True
2023-15,FP2,0 days 00:28:12.060000,MAG,20,,5.0,1.0,,,0 days 00:00:53.393000,0 days 00:01:21.232000,0 days 00:01:01.465000,0 days 00:25:49.457000,0 days 00:27:10.596000,0 days 00:28:12.079000,111.0,104.0,249.0,259.0,False,MEDIUM,5.0,True,Haas F1 Team,0 days 00:24:55.895000,,1,,False,,False,False
2023-15,FP2,0 days 00:29:47.312000,MAG,20,0 days 00:01:35.252000,6.0,1.0,,,0 days 00:00:27.930000,0 days 00:00:40.514000,0 days 00:00:26.808000,0 days 00:28:39.990000,0 days 00:29:20.504000,0 days 00:29:47.312000,305.0,273.0,253.0,294.0,False,MEDIUM,6.0,True,Haas F1 Team,0 days 00:28:12.060000,,1,,False,,False,True
2023-15,FP2,0 days 00:31:49.690000,MAG,20,0 days 00:02:02.378000,7.0,1.0,,0 days 00:31:41.857000,0 days 00:00:32.474000,0 days 00:00:50.083000,0 days 00:00:39.821000,0 days 00:30:19.786000,0 days 00:31:09.869000,0 days 00:31:49.690000,266.0,188.0,,292.0,False,MEDIUM,7.0,True,Haas F1 Team,0 days 00:29:47.312000,,1,,False,,False,False
2023-15,FP2,0 days 00:42:28.343000,MAG,20,,8.0,2.0,0 days 00:40:03.723000,,,0 days 00:01:06.322000,0 days 00:00:42.430000,,0 days 00:41:46.003000,0 days 00:42:28.721000,176.0,221.0,253.0,292.0,False,SOFT,1.0,True,Haas F1 Team,0 days 00:31:49.690000,,1,,False,,False,False
2023-15,FP2,0 days 00:44:01.360000,MAG,20,0 days 00:01:33.017000,9.0,2.0,,,0 days 00:00:27.316000,0 days 00:00:39.319000,0 days 00:00:26.382000,0 days 00:42:55.659000,0 days 00:43:34.978000,0 days 00:44:01.360000,310.0,277.0,256.0,298.0,True,SOFT,2.0,True,Haas F1 Team,0 days 00:42:28.343000,,1,,False,,False,True
2023-15,FP2,0 days 00:47:16.200000,MAG,20,,10.0,2.0,,,0 days 00:00:55.019000,0 days 00:01:21.742000,0 days 00:00:58.078000,0 days 00:44:56.468000,0 days 00:46:18.139000,0 days 00:47:16.200000,107.0,105.0,120.0,243.0,False,SOFT,3.0,True,Haas F1 Team,0 days 00:44:01.360000,,1,,False,,False,False
2023-15,FP2,0 days 00:50:02.533000,MAG,20,,11.0,2.0,,,0 days 00:00:55.425000,0 days 00:01:13.930000,0 days 00:00:37.007000,0 days 00:48:11.730000,0 days 00:49:25.526000,0 days 00:50:02.556000,124.0,218.0,254.0,100.0,False,SOFT,4.0,True,Haas F1 Team,0 days 00:47:16.200000,,1,,False,,False,False
2023-15,FP2,0 days 00:51:36.059000,MAG,20,0 days 00:01:33.526000,12.0,2.0,,,0 days 00:00:27.333000,0 days 00:00:39.613000,0 days 00:00:26.580000,0 days 00:50:29.866000,0 days 00:51:09.479000,0 days 00:51:36.059000,310.0,275.0,253.0,297.0,False,SOFT,5.0,True,Haas F1 Team,0 days 00:50:02.533000,,1,,False,,False,True
2023-15,FP2,0 days 00:53:40.015000,MAG,20,0 days 00:02:03.956000,13.0,2.0,,0 days 00:53:30.521000,0 days 00:00:37.375000,0 days 00:00:47.281000,0 days 00:00:39.300000,0 days 00:52:13.434000,0 days 00:53:00.715000,0 days 00:53:40.015000,213.0,197.0,,257.0,False,SOFT,6.0,True,Haas F1 Team,0 days 00:51:36.059000,,1,,False,,False,False
2023-15,FP2,0 days 01:01:10.035000,MAG,20,,14.0,3.0,0 days 00:59:12.015000,,,0 days 00:00:43.526000,0 days 00:00:28.716000,,0 days 01:00:41.451000,0 days 01:01:10.060000,277.0,250.0,239.0,257.0,False,SOFT,7.0,False,Haas F1 Team,0 days 00:53:40.015000,,1,,False,,False,False
2023-15,FP2,0 days 01:02:51.074000,MAG,20,0 days 00:01:41.039000,15.0,3.0,,,0 days 00:00:29.609000,0 days 00:00:42.895000,0 days 00:00:28.535000,0 days 01:01:39.644000,0 days 01:02:22.539000,0 days 01:02:51.074000,286.0,257.0,238.0,275.0,False,SOFT,8.0,False,Haas F1 Team,0 days 01:01:10.035000,,1,,False,,False,True
2023-15,FP2,0 days 01:04:30.903000,MAG,20,0 days 00:01:39.829000,16.0,3.0,,,0 days 00:00:29.400000,0 days 00:00:42.205000,0 days 00:00:28.224000,0 days 01:03:20.474000,0 days 01:04:02.679000,0 days 01:04:30.903000,283.0,255.0,240.0,275.0,False,SOFT,9.0,False,Haas F1 Team,0 days 01:02:51.074000,,1,,False,,False,True
2023-15,FP2,0 days 01:06:10.813000,MAG,20,0 days 00:01:39.910000,17.0,3.0,,,0 days 00:00:29.482000,0 days 00:00:42.341000,0 days 00:00:28.087000,0 days 01:05:00.385000,0 days 01:05:42.726000,0 days 01:06:10.813000,281.0,254.0,242.0,274.0,False,SOFT,10.0,False,Haas F1 Team,0 days 01:04:30.903000,,1,,False,,False,True
2023-15,FP2,0 days 01:07:50.701000,MAG,20,0 days 00:01:39.888000,18.0,3.0,,,0 days 00:00:29.151000,0 days 00:00:42.568000,0 days 00:00:28.169000,0 days 01:06:39.964000,0 days 01:07:22.532000,0 days 01:07:50.701000,287.0,258.0,240.0,277.0,False,SOFT,11.0,False,Haas F1 Team,0 days 01:06:10.813000,,1,,False,,False,True
2023-15,FP2,0 days 01:09:30.535000,MAG,20,0 days 00:01:39.834000,19.0,3.0,,,0 days 00:00:29.330000,0 days 00:00:42.426000,0 days 00:00:28.078000,0 days 01:08:20.031000,0 days 01:09:02.457000,0 days 01:09:30.535000,286.0,256.0,241.0,277.0,False,SOFT,12.0,False,Haas F1 Team,0 days 01:07:50.701000,,1,,False,,False,True
2023-15,FP2,0 days 01:11:10.881000,MAG,20,0 days 00:01:40.346000,20.0,3.0,,,0 days 00:00:29.407000,0 days 00:00:42.734000,0 days 00:00:28.205000,0 days 01:09:59.942000,0 days 01:10:42.676000,0 days 01:11:10.881000,284.0,255.0,240.0,275.0,False,SOFT,13.0,False,Haas F1 Team,0 days 01:09:30.535000,,1,,False,,False,True
2023-15,FP2,0 days 01:12:51.273000,MAG,20,0 days 00:01:40.392000,21.0,3.0,,,0 days 00:00:29.482000,0 days 00:00:42.813000,0 days 00:00:28.097000,0 days 01:11:40.363000,0 days 01:12:23.176000,0 days 01:12:51.273000,285.0,257.0,242.0,276.0,False,SOFT,14.0,False,Haas F1 Team,0 days 01:11:10.881000,,1,,False,,False,True
2023-15,FP2,0 days 01:14:31.514000,MAG,20,0 days 00:01:40.241000,22.0,3.0,,,0 days 00:00:29.408000,0 days 00:00:42.768000,0 days 00:00:28.065000,0 days 01:13:20.681000,0 days 01:14:03.449000,0 days 01:14:31.514000,283.0,255.0,242.0,276.0,False,SOFT,15.0,False,Haas F1 Team,0 days 01:12:51.273000,,1,,False,,False,True
2023-15,FP2,0 days 01:16:11.834000,MAG,20,0 days 00:01:40.320000,23.0,3.0,,,0 days 00:00:29.543000,0 days 00:00:42.652000,0 days 00:00:28.125000,0 days 01:15:01.057000,0 days 01:15:43.709000,0 days 01:16:11.834000,284.0,255.0,241.0,276.0,False,SOFT,16.0,False,Haas F1 Team,0 days 01:14:31.514000,,1,,False,,False,True
2023-15,FP2,0 days 01:18:08.212000,MAG,20,0 days 00:01:56.378000,24.0,3.0,,,0 days 00:00:29.455000,0 days 00:00:47.016000,0 days 00:00:39.907000,0 days 01:16:41.289000,0 days 01:17:28.305000,0 days 01:18:08.212000,282.0,198.0,105.0,275.0,False,SOFT,17.0,False,Haas F1 Team,0 days 01:16:11.834000,,1,,False,,False,True
2023-15,FP2,0 days 01:20:32.075000,MAG,20,0 days 00:02:23.863000,25.0,3.0,,0 days 01:20:24.227000,0 days 00:00:56.979000,0 days 00:00:49.023000,0 days 00:00:37.861000,0 days 01:19:05.191000,0 days 01:19:54.214000,0 days 01:20:32.075000,284.0,238.0,,187.0,False,SOFT,18.0,False,Haas F1 Team,0 days 01:18:08.212000,,1,,False,,False,False
2023-15,FP2,0 days 00:18:14.981000,TSU,22,,1.0,1.0,0 days 00:15:58.780000,,,0 days 00:00:48.254000,0 days 00:00:52.083000,,0 days 00:17:22.982000,0 days 00:18:14.981000,268.0,242.0,243.0,,False,MEDIUM,1.0,True,AlphaTauri,0 days 00:15:58.780000,,1,,False,,False,False
2023-15,FP2,0 days 00:19:50.578000,TSU,22,0 days 00:01:35.597000,2.0,1.0,,,0 days 00:00:28.276000,0 days 00:00:40.381000,0 days 00:00:26.940000,0 days 00:18:43.257000,0 days 00:19:23.638000,0 days 00:19:50.578000,305.0,274.0,248.0,291.0,True,MEDIUM,2.0,True,AlphaTauri,0 days 00:18:14.981000,,1,,False,,False,True
2023-15,FP2,0 days 00:22:22.521000,TSU,22,,3.0,1.0,,,0 days 00:00:46.856000,0 days 00:01:04.641000,0 days 00:00:40.519000,0 days 00:20:37.525000,0 days 00:21:42.227000,0 days 00:22:22.570000,135.0,128.0,141.0,260.0,False,MEDIUM,3.0,True,AlphaTauri,0 days 00:19:50.578000,,1,,False,,False,False
2023-15,FP2,0 days 00:24:39.063000,TSU,22,0 days 00:02:16.542000,4.0,1.0,,,0 days 00:00:46.442000,0 days 00:00:57.843000,0 days 00:00:32.257000,0 days 00:23:08.963000,0 days 00:24:06.806000,0 days 00:24:39.063000,214.0,182.0,248.0,152.0,False,MEDIUM,4.0,True,AlphaTauri,0 days 00:22:22.521000,,1,,False,,False,True
2023-15,FP2,0 days 00:26:13.457000,TSU,22,0 days 00:01:34.394000,5.0,1.0,,,0 days 00:00:27.914000,0 days 00:00:39.784000,0 days 00:00:26.696000,0 days 00:25:06.977000,0 days 00:25:46.761000,0 days 00:26:13.457000,302.0,273.0,251.0,292.0,True,MEDIUM,5.0,True,AlphaTauri,0 days 00:24:39.063000,,1,,False,,False,True
2023-15,FP2,0 days 00:28:49.943000,TSU,22,,6.0,1.0,,,0 days 00:00:46.234000,0 days 00:01:06.561000,0 days 00:00:43.689000,0 days 00:26:59.878000,0 days 00:28:06.439000,0 days 00:28:50.016000,130.0,113.0,166.0,257.0,False,MEDIUM,6.0,True,AlphaTauri,0 days 00:26:13.457000,,1,,False,,False,False
2023-15,FP2,0 days 00:30:57.639000,TSU,22,0 days 00:02:07.696000,7.0,1.0,,,0 days 00:00:38.507000,0 days 00:00:57.191000,0 days 00:00:31.998000,0 days 00:29:28.450000,0 days 00:30:25.641000,0 days 00:30:57.639000,242.0,229.0,252.0,235.0,False,MEDIUM,7.0,True,AlphaTauri,0 days 00:28:49.943000,,1,,False,,False,True
2023-15,FP2,0 days 00:32:31.122000,TSU,22,0 days 00:01:33.483000,8.0,1.0,,,0 days 00:00:27.418000,0 days 00:00:39.518000,0 days 00:00:26.547000,0 days 00:31:25.057000,0 days 00:32:04.575000,0 days 00:32:31.122000,303.0,274.0,253.0,293.0,True,MEDIUM,8.0,True,AlphaTauri,0 days 00:30:57.639000,,1,,False,,False,True
2023-15,FP2,0 days 00:34:27.768000,TSU,22,0 days 00:01:56.646000,9.0,1.0,,0 days 00:34:19.917000,0 days 00:00:32.049000,0 days 00:00:46.569000,0 days 00:00:38.028000,0 days 00:33:03.171000,0 days 00:33:49.740000,0 days 00:34:27.768000,258.0,242.0,,264.0,False,MEDIUM,9.0,True,AlphaTauri,0 days 00:32:31.122000,,1,,False,,False,False
2023-15,FP2,0 days 00:42:02.717000,TSU,22,,10.0,2.0,0 days 00:39:41.614000,,,0 days 00:00:59.672000,0 days 00:00:31.433000,,0 days 00:41:31.378000,0 days 00:42:02.721000,204.0,243.0,250.0,264.0,False,SOFT,1.0,True,AlphaTauri,0 days 00:34:27.768000,,1,,False,,False,False
2023-15,FP2,0 days 00:44:04.860000,TSU,22,0 days 00:02:02.143000,11.0,2.0,,,0 days 00:00:27.531000,0 days 00:00:57.599000,0 days 00:00:37.013000,0 days 00:42:30.248000,0 days 00:43:27.847000,0 days 00:44:04.860000,302.0,135.0,248.0,291.0,False,SOFT,2.0,True,AlphaTauri,0 days 00:42:02.717000,,1,,False,,False,True
2023-15,FP2,0 days 00:45:38.684000,TSU,22,0 days 00:01:33.824000,12.0,2.0,,,0 days 00:00:27.445000,0 days 00:00:39.522000,0 days 00:00:26.857000,0 days 00:44:32.305000,0 days 00:45:11.827000,0 days 00:45:38.684000,303.0,271.0,222.0,293.0,False,SOFT,3.0,True,AlphaTauri,0 days 00:44:04.860000,,1,,False,,False,True
2023-15,FP2,0 days 00:48:26.339000,TSU,22,,13.0,2.0,,0 days 00:48:18.402000,0 days 00:00:46.203000,0 days 00:01:05.277000,0 days 00:00:56.112000,0 days 00:46:25.013000,0 days 00:47:30.325000,0 days 00:48:26.339000,145.0,125.0,,203.0,False,SOFT,4.0,True,AlphaTauri,0 days 00:45:38.684000,,1,,False,,False,False
2023-15,FP2,0 days 00:51:22.779000,TSU,22,,14.0,3.0,0 days 00:48:54.839000,,0 days 00:01:15.678000,0 days 00:01:01.800000,0 days 00:00:39.112000,0 days 00:49:42.057000,0 days 00:50:43.899000,0 days 00:51:22.867000,136.0,220.0,250.0,203.0,False,SOFT,5.0,False,AlphaTauri,0 days 00:48:26.339000,,1,,False,,False,False
2023-15,FP2,0 days 00:52:56.256000,TSU,22,0 days 00:01:33.477000,15.0,3.0,,,0 days 00:00:27.468000,0 days 00:00:39.514000,0 days 00:00:26.495000,0 days 00:51:50.247000,0 days 00:52:29.761000,0 days 00:52:56.256000,305.0,273.0,252.0,293.0,True,SOFT,6.0,False,AlphaTauri,0 days 00:51:22.779000,,1,,False,,False,True
2023-15,FP2,0 days 00:54:55.476000,TSU,22,0 days 00:01:59.220000,16.0,3.0,,0 days 00:54:47.661000,0 days 00:00:33.577000,0 days 00:00:47.002000,0 days 00:00:38.641000,0 days 00:53:29.833000,0 days 00:54:16.835000,0 days 00:54:55.476000,263.0,215.0,,226.0,False,SOFT,7.0,False,AlphaTauri,0 days 00:52:56.256000,,1,,False,,False,False
2023-15,FP2,0 days 01:02:07.634000,TSU,22,,17.0,4.0,0 days 01:00:13.077000,,,0 days 00:00:42.771000,0 days 00:00:27.988000,,0 days 01:01:39.794000,0 days 01:02:07.669000,285.0,258.0,237.0,226.0,False,MEDIUM,10.0,False,AlphaTauri,0 days 00:54:55.476000,,1,,False,,False,False
2023-15,FP2,0 days 01:03:46.112000,TSU,22,0 days 00:01:38.478000,18.0,4.0,,,0 days 00:00:29.137000,0 days 00:00:41.690000,0 days 00:00:27.651000,0 days 01:02:36.771000,0 days 01:03:18.461000,0 days 01:03:46.112000,285.0,256.0,240.0,278.0,False,MEDIUM,11.0,False,AlphaTauri,0 days 01:02:07.634000,,1,,False,,False,True
2023-15,FP2,0 days 01:05:24.524000,TSU,22,0 days 00:01:38.412000,19.0,4.0,,,0 days 00:00:28.972000,0 days 00:00:41.700000,0 days 00:00:27.740000,0 days 01:04:15.084000,0 days 01:04:56.784000,0 days 01:05:24.524000,283.0,254.0,241.0,278.0,False,MEDIUM,12.0,False,AlphaTauri,0 days 01:03:46.112000,,1,,False,,False,True
2023-15,FP2,0 days 01:07:03.181000,TSU,22,0 days 00:01:38.657000,20.0,4.0,,,0 days 00:00:29.010000,0 days 00:00:41.774000,0 days 00:00:27.873000,0 days 01:05:53.534000,0 days 01:06:35.308000,0 days 01:07:03.181000,281.0,253.0,241.0,277.0,False,MEDIUM,13.0,False,AlphaTauri,0 days 01:05:24.524000,,1,,False,,False,True
2023-15,FP2,0 days 01:08:42.412000,TSU,22,0 days 00:01:39.231000,21.0,4.0,,,0 days 00:00:29.003000,0 days 00:00:42.247000,0 days 00:00:27.981000,0 days 01:07:32.184000,0 days 01:08:14.431000,0 days 01:08:42.412000,283.0,253.0,241.0,276.0,False,MEDIUM,14.0,False,AlphaTauri,0 days 01:07:03.181000,,1,,False,,False,True
2023-15,FP2,0 days 01:10:21.342000,TSU,22,0 days 00:01:38.930000,22.0,4.0,,,0 days 00:00:28.985000,0 days 00:00:42.123000,0 days 00:00:27.822000,0 days 01:09:11.397000,0 days 01:09:53.520000,0 days 01:10:21.342000,285.0,256.0,241.0,278.0,False,MEDIUM,15.0,False,AlphaTauri,0 days 01:08:42.412000,,1,,False,,False,True
2023-15,FP2,0 days 01:12:00.085000,TSU,22,0 days 00:01:38.743000,23.0,4.0,,,0 days 00:00:28.921000,0 days 00:00:42.010000,0 days 00:00:27.812000,0 days 01:10:50.263000,0 days 01:11:32.273000,0 days 01:12:00.085000,289.0,258.0,243.0,278.0,False,MEDIUM,16.0,False,AlphaTauri,0 days 01:10:21.342000,,1,,False,,False,True
2023-15,FP2,0 days 01:13:38.850000,TSU,22,0 days 00:01:38.765000,24.0,4.0,,,0 days 00:00:28.981000,0 days 00:00:42.083000,0 days 00:00:27.701000,0 days 01:12:29.066000,0 days 01:13:11.149000,0 days 01:13:38.850000,285.0,262.0,243.0,280.0,False,MEDIUM,17.0,False,AlphaTauri,0 days 01:12:00.085000,,1,,False,,False,True
2023-15,FP2,0 days 01:15:17.895000,TSU,22,0 days 00:01:39.045000,25.0,4.0,,,0 days 00:00:29.090000,0 days 00:00:42.213000,0 days 00:00:27.742000,0 days 01:14:07.940000,0 days 01:14:50.153000,0 days 01:15:17.895000,288.0,259.0,242.0,280.0,False,MEDIUM,18.0,False,AlphaTauri,0 days 01:13:38.850000,,1,,False,,False,True
2023-15,FP2,0 days 01:17:22.009000,TSU,22,0 days 00:02:04.114000,26.0,4.0,,,0 days 00:00:35.852000,0 days 00:00:47.666000,0 days 00:00:40.596000,0 days 01:15:53.747000,0 days 01:16:41.413000,0 days 01:17:22.009000,241.0,233.0,73.0,229.0,False,MEDIUM,19.0,False,AlphaTauri,0 days 01:15:17.895000,,1,,False,,False,True
2023-15,FP2,0 days 01:19:43.053000,TSU,22,0 days 00:02:21.044000,27.0,4.0,,0 days 01:19:35.228000,0 days 00:00:56.021000,0 days 00:00:46.453000,0 days 00:00:38.570000,0 days 01:18:18.030000,0 days 01:19:04.483000,0 days 01:19:43.053000,275.0,236.0,,195.0,False,MEDIUM,20.0,False,AlphaTauri,0 days 01:17:22.009000,,1,,False,,False,False
2023-15,FP2,0 days 00:17:38.300000,ALB,23,,1.0,1.0,0 days 00:15:20.593000,,,0 days 00:00:48.466000,0 days 00:00:43.628000,,0 days 00:16:54.873000,0 days 00:17:38.403000,284.0,264.0,244.0,,False,HARD,1.0,True,Williams,0 days 00:15:20.593000,,1,,False,,False,False
2023-15,FP2,0 days 00:19:14.980000,ALB,23,0 days 00:01:36.680000,2.0,1.0,,,0 days 00:00:28.311000,0 days 00:00:41.108000,0 days 00:00:27.261000,0 days 00:18:06.611000,0 days 00:18:47.719000,0 days 00:19:14.980000,308.0,276.0,251.0,296.0,True,HARD,2.0,True,Williams,0 days 00:17:38.300000,,1,,False,,False,True
2023-15,FP2,0 days 00:21:38.553000,ALB,23,0 days 00:02:23.573000,3.0,1.0,,,0 days 00:00:40.305000,0 days 00:01:01.782000,0 days 00:00:41.486000,0 days 00:19:55.285000,0 days 00:20:57.067000,0 days 00:21:38.553000,244.0,252.0,248.0,273.0,False,HARD,3.0,True,Williams,0 days 00:19:14.980000,,1,,False,,False,True
2023-15,FP2,0 days 00:23:14.111000,ALB,23,0 days 00:01:35.558000,4.0,1.0,,,0 days 00:00:27.820000,0 days 00:00:40.589000,0 days 00:00:27.149000,0 days 00:22:06.373000,0 days 00:22:46.962000,0 days 00:23:14.111000,308.0,276.0,241.0,298.0,True,HARD,4.0,True,Williams,0 days 00:21:38.553000,,1,,False,,False,True
2023-15,FP2,0 days 00:25:44.832000,ALB,23,,5.0,1.0,,0 days 00:25:36.942000,0 days 00:00:44.139000,0 days 00:01:01.061000,0 days 00:00:45.344000,0 days 00:23:59.037000,0 days 00:24:59.520000,0 days 00:25:44.832000,202.0,177.0,,249.0,False,HARD,5.0,True,Williams,0 days 00:23:14.111000,,1,,False,,False,False
2023-15,FP2,0 days 00:18:03.528000,ZHO,24,,1.0,1.0,0 days 00:15:35.546000,,,0 days 00:00:48.546000,0 days 00:00:52.337000,,0 days 00:17:11.388000,0 days 00:18:03.621000,251.0,250.0,241.0,,False,MEDIUM,1.0,True,Alfa Romeo,0 days 00:15:35.546000,,1,,False,,False,False
2023-15,FP2,0 days 00:19:41.168000,ZHO,24,0 days 00:01:37.640000,2.0,1.0,,,0 days 00:00:28.671000,0 days 00:00:41.205000,0 days 00:00:27.764000,0 days 00:18:32.199000,0 days 00:19:13.404000,0 days 00:19:41.168000,302.0,272.0,242.0,289.0,True,MEDIUM,2.0,True,Alfa Romeo,0 days 00:18:03.528000,,1,,False,,False,True
2023-15,FP2,0 days 00:22:05.942000,ZHO,24,0 days 00:02:24.774000,3.0,1.0,,,0 days 00:00:36.953000,0 days 00:00:58.420000,0 days 00:00:49.401000,0 days 00:20:18.121000,0 days 00:21:16.541000,0 days 00:22:05.942000,215.0,150.0,245.0,224.0,False,MEDIUM,3.0,True,Alfa Romeo,0 days 00:19:41.168000,,1,,False,,False,True
2023-15,FP2,0 days 00:23:41.846000,ZHO,24,0 days 00:01:35.904000,4.0,1.0,,,0 days 00:00:28.144000,0 days 00:00:40.556000,0 days 00:00:27.204000,0 days 00:22:34.086000,0 days 00:23:14.642000,0 days 00:23:41.846000,303.0,273.0,247.0,291.0,True,MEDIUM,4.0,True,Alfa Romeo,0 days 00:22:05.942000,,1,,False,,False,True
2023-15,FP2,0 days 00:25:55.928000,ZHO,24,0 days 00:02:14.082000,5.0,1.0,,,0 days 00:00:38.676000,0 days 00:00:58.871000,0 days 00:00:36.535000,0 days 00:24:20.522000,0 days 00:25:19.393000,0 days 00:25:55.928000,232.0,228.0,244.0,229.0,False,MEDIUM,5.0,True,Alfa Romeo,0 days 00:23:41.846000,,1,,False,,False,True
2023-15,FP2,0 days 00:27:35.724000,ZHO,24,0 days 00:01:39.796000,6.0,1.0,,,0 days 00:00:28.095000,0 days 00:00:40.579000,0 days 00:00:31.122000,0 days 00:26:24.023000,0 days 00:27:04.602000,0 days 00:27:35.724000,302.0,272.0,217.0,289.0,False,MEDIUM,6.0,True,Alfa Romeo,0 days 00:25:55.928000,,1,,False,,False,True
2023-15,FP2,0 days 00:29:56.457000,ZHO,24,0 days 00:02:20.733000,7.0,1.0,,,0 days 00:00:44.413000,0 days 00:01:02.596000,0 days 00:00:33.724000,0 days 00:28:20.137000,0 days 00:29:22.733000,0 days 00:29:56.457000,258.0,202.0,247.0,222.0,False,MEDIUM,7.0,True,Alfa Romeo,0 days 00:27:35.724000,,1,,False,,False,True
2023-15,FP2,0 days 00:31:31.607000,ZHO,24,0 days 00:01:35.150000,8.0,1.0,,,0 days 00:00:27.855000,0 days 00:00:40.197000,0 days 00:00:27.098000,0 days 00:30:24.312000,0 days 00:31:04.509000,0 days 00:31:31.607000,302.0,272.0,251.0,290.0,True,MEDIUM,8.0,True,Alfa Romeo,0 days 00:29:56.457000,,1,,False,,False,True
2023-15,FP2,0 days 00:33:27.995000,ZHO,24,0 days 00:01:56.388000,9.0,1.0,,0 days 00:33:20.152000,0 days 00:00:32.077000,0 days 00:00:45.812000,0 days 00:00:38.499000,0 days 00:32:03.684000,0 days 00:32:49.496000,0 days 00:33:27.995000,269.0,247.0,,259.0,False,MEDIUM,9.0,True,Alfa Romeo,0 days 00:31:31.607000,,1,,False,,False,False
2023-15,FP2,0 days 00:45:28.726000,ZHO,24,,10.0,2.0,0 days 00:43:26.751000,,,0 days 00:00:51.220000,0 days 00:00:36.279000,,0 days 00:44:52.515000,0 days 00:45:28.733000,247.0,195.0,250.0,259.0,False,SOFT,1.0,True,Alfa Romeo,0 days 00:33:27.995000,,1,,False,,False,False
2023-15,FP2,0 days 00:47:03.013000,ZHO,24,0 days 00:01:34.287000,11.0,2.0,,,0 days 00:00:27.544000,0 days 00:00:39.936000,0 days 00:00:26.807000,0 days 00:45:56.270000,0 days 00:46:36.206000,0 days 00:47:03.013000,308.0,275.0,246.0,294.0,True,SOFT,2.0,True,Alfa Romeo,0 days 00:45:28.726000,,1,,False,,False,True
2023-15,FP2,0 days 00:49:35.604000,ZHO,24,,12.0,2.0,,0 days 00:49:27.636000,0 days 00:00:40.652000,0 days 00:01:01.788000,0 days 00:00:50.098000,0 days 00:47:44.090000,0 days 00:48:45.511000,0 days 00:49:35.604000,168.0,117.0,,252.0,False,SOFT,3.0,True,Alfa Romeo,0 days 00:47:03.013000,,1,,False,,False,False
2023-15,FP2,0 days 00:52:10.743000,ZHO,24,,13.0,3.0,0 days 00:49:53.838000,,0 days 00:01:07.976000,0 days 00:00:50.826000,0 days 00:00:36.402000,0 days 00:50:43.634000,0 days 00:51:34.398000,0 days 00:52:10.773000,241.0,229.0,252.0,252.0,False,SOFT,4.0,False,Alfa Romeo,0 days 00:49:35.604000,,1,,False,,False,False
2023-15,FP2,0 days 00:53:44.318000,ZHO,24,0 days 00:01:33.575000,14.0,3.0,,,0 days 00:00:27.267000,0 days 00:00:39.605000,0 days 00:00:26.703000,0 days 00:52:38.010000,0 days 00:53:17.615000,0 days 00:53:44.318000,306.0,275.0,252.0,295.0,True,SOFT,5.0,False,Alfa Romeo,0 days 00:52:10.743000,,1,,False,,False,True
2023-15,FP2,0 days 00:55:49.181000,ZHO,24,0 days 00:02:04.863000,15.0,3.0,,0 days 00:55:41.207000,0 days 00:00:35.987000,0 days 00:00:49.827000,0 days 00:00:39.049000,0 days 00:54:20.305000,0 days 00:55:10.132000,0 days 00:55:49.181000,81.0,222.0,,253.0,False,SOFT,6.0,False,Alfa Romeo,0 days 00:53:44.318000,,1,,False,,False,False
2023-15,FP2,0 days 01:04:25.101000,ZHO,24,,16.0,4.0,0 days 01:02:23.043000,0 days 01:04:17.166000,,0 days 00:00:43.772000,0 days 00:00:36.373000,,0 days 01:03:48.854000,0 days 01:04:25.166000,284.0,254.0,,253.0,False,SOFT,7.0,False,Alfa Romeo,0 days 00:55:49.181000,,1,,False,,False,False
2023-15,FP2,0 days 01:06:31.332000,ZHO,24,0 days 00:02:06.231000,17.0,5.0,0 days 01:04:48.603000,,0 days 00:00:54.488000,0 days 00:00:43.426000,0 days 00:00:28.317000,0 days 01:05:19.589000,0 days 01:06:03.015000,0 days 01:06:31.332000,277.0,253.0,241.0,253.0,False,MEDIUM,10.0,False,Alfa Romeo,0 days 01:04:25.101000,,1,,False,,False,False
2023-15,FP2,0 days 01:08:10.709000,ZHO,24,0 days 00:01:39.377000,18.0,5.0,,,0 days 00:00:29.220000,0 days 00:00:42.136000,0 days 00:00:28.021000,0 days 01:07:00.552000,0 days 01:07:42.688000,0 days 01:08:10.709000,279.0,255.0,242.0,271.0,False,MEDIUM,11.0,False,Alfa Romeo,0 days 01:06:31.332000,,1,,False,,False,True
2023-15,FP2,0 days 01:09:50.121000,ZHO,24,0 days 00:01:39.412000,19.0,5.0,,,0 days 00:00:29.119000,0 days 00:00:42.135000,0 days 00:00:28.158000,0 days 01:08:39.828000,0 days 01:09:21.963000,0 days 01:09:50.121000,279.0,253.0,241.0,271.0,False,MEDIUM,12.0,False,Alfa Romeo,0 days 01:08:10.709000,,1,,False,,False,True
2023-15,FP2,0 days 01:11:29.410000,ZHO,24,0 days 00:01:39.289000,20.0,5.0,,,0 days 00:00:29.046000,0 days 00:00:42.208000,0 days 00:00:28.035000,0 days 01:10:19.167000,0 days 01:11:01.375000,0 days 01:11:29.410000,282.0,256.0,243.0,273.0,False,MEDIUM,13.0,False,Alfa Romeo,0 days 01:09:50.121000,,1,,False,,False,True
2023-15,FP2,0 days 01:13:10.167000,ZHO,24,0 days 00:01:40.757000,21.0,5.0,,,0 days 00:00:29.283000,0 days 00:00:42.998000,0 days 00:00:28.476000,0 days 01:11:58.693000,0 days 01:12:41.691000,0 days 01:13:10.167000,282.0,254.0,241.0,272.0,False,MEDIUM,14.0,False,Alfa Romeo,0 days 01:11:29.410000,,1,,False,,False,True
2023-15,FP2,0 days 01:14:50.600000,ZHO,24,0 days 00:01:40.433000,22.0,5.0,,,0 days 00:00:29.380000,0 days 00:00:42.799000,0 days 00:00:28.254000,0 days 01:13:39.547000,0 days 01:14:22.346000,0 days 01:14:50.600000,279.0,254.0,241.0,268.0,False,MEDIUM,15.0,False,Alfa Romeo,0 days 01:13:10.167000,,1,,False,,False,True
2023-15,FP2,0 days 01:16:31.120000,ZHO,24,0 days 00:01:40.520000,23.0,5.0,,,0 days 00:00:29.391000,0 days 00:00:42.848000,0 days 00:00:28.281000,0 days 01:15:19.991000,0 days 01:16:02.839000,0 days 01:16:31.120000,286.0,254.0,242.0,273.0,False,MEDIUM,16.0,False,Alfa Romeo,0 days 01:14:50.600000,,1,,False,,False,True
2023-15,FP2,0 days 01:18:56.328000,ZHO,24,0 days 00:02:25.208000,24.0,5.0,,,0 days 00:00:38.809000,0 days 00:00:56.478000,0 days 00:00:49.921000,0 days 01:17:09.929000,0 days 01:18:06.407000,0 days 01:18:56.328000,179.0,170.0,44.0,256.0,False,MEDIUM,17.0,False,Alfa Romeo,0 days 01:16:31.120000,,1,,False,,False,True
2023-15,FP2,0 days 01:21:23.185000,ZHO,24,0 days 00:02:26.857000,25.0,5.0,,0 days 01:21:15.258000,0 days 00:00:53.735000,0 days 00:00:52.429000,0 days 00:00:40.693000,0 days 01:19:50.063000,0 days 01:20:42.492000,0 days 01:21:23.185000,197.0,209.0,,223.0,False,MEDIUM,18.0,False,Alfa Romeo,0 days 01:18:56.328000,,1,,False,,False,False
2023-15,FP2,0 days 00:17:16.939000,HUL,27,,1.0,1.0,0 days 00:15:14.968000,,,0 days 00:00:46.829000,0 days 00:00:32.181000,,0 days 00:16:44.951000,0 days 00:17:17.029000,290.0,253.0,249.0,,False,MEDIUM,1.0,True,Haas F1 Team,0 days 00:15:14.968000,,1,,False,,False,False
2023-15,FP2,0 days 00:18:52.714000,HUL,27,0 days 00:01:35.775000,2.0,1.0,,,0 days 00:00:28.072000,0 days 00:00:40.641000,0 days 00:00:27.062000,0 days 00:17:45.011000,0 days 00:18:25.652000,0 days 00:18:52.714000,306.0,274.0,254.0,294.0,True,MEDIUM,2.0,True,Haas F1 Team,0 days 00:17:16.939000,,1,,False,,False,True
2023-15,FP2,0 days 00:21:26.826000,HUL,27,,3.0,1.0,,,0 days 00:00:49.174000,0 days 00:01:05.158000,0 days 00:00:39.755000,0 days 00:19:42.135000,0 days 00:20:47.212000,0 days 00:21:26.915000,134.0,135.0,250.0,175.0,False,MEDIUM,3.0,True,Haas F1 Team,0 days 00:18:52.714000,,1,,False,,False,False
2023-15,FP2,0 days 00:23:01.679000,HUL,27,0 days 00:01:34.853000,4.0,1.0,,,0 days 00:00:27.754000,0 days 00:00:40.133000,0 days 00:00:26.966000,0 days 00:21:54.580000,0 days 00:22:34.713000,0 days 00:23:01.679000,305.0,275.0,254.0,295.0,True,MEDIUM,4.0,True,Haas F1 Team,0 days 00:21:26.826000,,1,,False,,False,True
2023-15,FP2,0 days 00:25:08.438000,HUL,27,0 days 00:02:06.759000,5.0,1.0,,0 days 00:25:00.677000,0 days 00:00:38.719000,0 days 00:00:49.626000,0 days 00:00:38.414000,0 days 00:23:40.398000,0 days 00:24:30.024000,0 days 00:25:08.438000,185.0,195.0,,251.0,False,MEDIUM,5.0,True,Haas F1 Team,0 days 00:23:01.679000,,1,,False,,False,False
2023-15,FP2,0 days 00:27:39.439000,HUL,27,,6.0,2.0,0 days 00:25:27.082000,0 days 00:27:31.486000,0 days 00:01:05.697000,0 days 00:00:46.615000,0 days 00:00:38.545000,0 days 00:26:14.378000,0 days 00:27:00.924000,0 days 00:27:39.439000,277.0,198.0,,251.0,False,MEDIUM,6.0,False,Haas F1 Team,0 days 00:25:08.438000,,1,,False,,False,False
2023-15,FP2,0 days 00:47:23.364000,HUL,27,,7.0,3.0,0 days 00:45:21.327000,,,0 days 00:00:54.209000,0 days 00:00:33.913000,,0 days 00:46:49.622000,0 days 00:47:23.434000,200.0,245.0,254.0,251.0,False,SOFT,1.0,True,Haas F1 Team,0 days 00:27:39.439000,,1,,False,,False,False
2023-15,FP2,0 days 00:48:56.526000,HUL,27,0 days 00:01:33.162000,8.0,3.0,,,0 days 00:00:27.322000,0 days 00:00:39.358000,0 days 00:00:26.482000,0 days 00:47:50.686000,0 days 00:48:30.044000,0 days 00:48:56.526000,310.0,277.0,255.0,299.0,True,SOFT,2.0,True,Haas F1 Team,0 days 00:47:23.364000,,1,,False,,False,True
2023-15,FP2,0 days 00:51:29.306000,HUL,27,,9.0,3.0,,,0 days 00:00:45.943000,0 days 00:01:02.626000,0 days 00:00:44.199000,0 days 00:49:42.682000,0 days 00:50:45.274000,0 days 00:51:29.461000,133.0,163.0,164.0,212.0,False,SOFT,3.0,True,Haas F1 Team,0 days 00:48:56.526000,,1,,False,,False,False
2023-15,FP2,0 days 00:53:52.459000,HUL,27,0 days 00:02:23.153000,10.0,3.0,,,0 days 00:00:46.860000,0 days 00:01:01.257000,0 days 00:00:35.036000,0 days 00:52:16.166000,0 days 00:53:17.423000,0 days 00:53:52.459000,145.0,99.0,253.0,163.0,False,SOFT,4.0,True,Haas F1 Team,0 days 00:51:29.306000,,1,,False,,False,True
2023-15,FP2,0 days 00:55:25.598000,HUL,27,0 days 00:01:33.139000,11.0,3.0,,,0 days 00:00:27.264000,0 days 00:00:39.403000,0 days 00:00:26.472000,0 days 00:54:19.723000,0 days 00:54:59.126000,0 days 00:55:25.598000,309.0,276.0,255.0,298.0,True,SOFT,5.0,True,Haas F1 Team,0 days 00:53:52.459000,,1,,False,,False,True
2023-15,FP2,0 days 00:57:14.699000,HUL,27,0 days 00:01:49.101000,12.0,3.0,,0 days 00:57:06.908000,0 days 00:00:29.554000,0 days 00:00:43.041000,0 days 00:00:36.506000,0 days 00:55:55.152000,0 days 00:56:38.193000,0 days 00:57:14.699000,277.0,252.0,,283.0,False,SOFT,6.0,True,Haas F1 Team,0 days 00:55:25.598000,,1,,False,,False,False
2023-15,FP2,0 days 01:03:58.485000,HUL,27,,13.0,4.0,0 days 01:02:08.465000,,,0 days 00:00:43.337000,0 days 00:00:28.339000,,0 days 01:03:30.261000,0 days 01:03:58.510000,282.0,254.0,239.0,283.0,False,MEDIUM,7.0,False,Haas F1 Team,0 days 00:57:14.699000,,1,,False,,False,False
2023-15,FP2,0 days 01:05:38.045000,HUL,27,0 days 00:01:39.560000,14.0,4.0,,,0 days 00:00:29.420000,0 days 00:00:42.009000,0 days 00:00:28.131000,0 days 01:04:27.905000,0 days 01:05:09.914000,0 days 01:05:38.045000,284.0,256.0,240.0,276.0,False,MEDIUM,8.0,False,Haas F1 Team,0 days 01:03:58.485000,,1,,False,,False,True
2023-15,FP2,0 days 01:07:17.635000,HUL,27,0 days 00:01:39.590000,15.0,4.0,,,0 days 00:00:29.243000,0 days 00:00:42.211000,0 days 00:00:28.136000,0 days 01:06:07.288000,0 days 01:06:49.499000,0 days 01:07:17.635000,285.0,257.0,239.0,276.0,False,MEDIUM,9.0,False,Haas F1 Team,0 days 01:05:38.045000,,1,,False,,False,True
2023-15,FP2,0 days 01:08:57.753000,HUL,27,0 days 00:01:40.118000,16.0,4.0,,,0 days 00:00:29.373000,0 days 00:00:42.416000,0 days 00:00:28.329000,0 days 01:07:47.008000,0 days 01:08:29.424000,0 days 01:08:57.753000,282.0,254.0,239.0,275.0,False,MEDIUM,10.0,False,Haas F1 Team,0 days 01:07:17.635000,,1,,False,,False,True
2023-15,FP2,0 days 01:10:37.291000,HUL,27,0 days 00:01:39.538000,17.0,4.0,,,0 days 00:00:29.396000,0 days 00:00:42.151000,0 days 00:00:27.991000,0 days 01:09:27.149000,0 days 01:10:09.300000,0 days 01:10:37.291000,284.0,256.0,240.0,275.0,False,MEDIUM,11.0,False,Haas F1 Team,0 days 01:08:57.753000,,1,,False,,False,True
2023-15,FP2,0 days 01:12:17.673000,HUL,27,0 days 00:01:40.382000,18.0,4.0,,,0 days 00:00:29.493000,0 days 00:00:42.465000,0 days 00:00:28.424000,0 days 01:11:06.784000,0 days 01:11:49.249000,0 days 01:12:17.673000,283.0,254.0,239.0,274.0,False,MEDIUM,12.0,False,Haas F1 Team,0 days 01:10:37.291000,,1,,False,,False,True
2023-15,FP2,0 days 01:13:57.775000,HUL,27,0 days 00:01:40.102000,19.0,4.0,,,0 days 00:00:29.338000,0 days 00:00:42.635000,0 days 00:00:28.129000,0 days 01:12:47.011000,0 days 01:13:29.646000,0 days 01:13:57.775000,282.0,255.0,240.0,274.0,False,MEDIUM,13.0,False,Haas F1 Team,0 days 01:12:17.673000,,1,,False,,False,True
2023-15,FP2,0 days 01:15:37.519000,HUL,27,0 days 00:01:39.744000,20.0,4.0,,,0 days 00:00:29.335000,0 days 00:00:42.392000,0 days 00:00:28.017000,0 days 01:14:27.110000,0 days 01:15:09.502000,0 days 01:15:37.519000,284.0,255.0,241.0,275.0,False,MEDIUM,14.0,False,Haas F1 Team,0 days 01:13:57.775000,,1,,False,,False,True
2023-15,FP2,0 days 01:17:32.616000,HUL,27,0 days 00:01:55.097000,21.0,4.0,,,0 days 00:00:29.321000,0 days 00:00:42.572000,0 days 00:00:43.204000,0 days 01:16:06.840000,0 days 01:16:49.412000,0 days 01:17:32.616000,282.0,256.0,35.0,275.0,False,MEDIUM,15.0,False,Haas F1 Team,0 days 01:15:37.519000,,1,,False,,False,True
2023-15,FP2,0 days 01:19:54.735000,HUL,27,0 days 00:02:22.119000,22.0,4.0,,0 days 01:19:46.900000,0 days 00:00:57.260000,0 days 00:00:47.361000,0 days 00:00:37.498000,0 days 01:18:29.876000,0 days 01:19:17.237000,0 days 01:19:54.735000,253.0,228.0,,203.0,False,MEDIUM,16.0,False,Haas F1 Team,0 days 01:17:32.616000,,1,,False,,False,False
2023-15,FP2,0 days 00:17:57.759000,OCO,31,,1.0,1.0,0 days 00:15:43.374000,,,0 days 00:00:50.093000,0 days 00:00:49.057000,,0 days 00:17:08.872000,0 days 00:17:57.825000,267.0,252.0,249.0,,False,HARD,1.0,True,Alpine,0 days 00:15:43.374000,,1,,False,,False,False
2023-15,FP2,0 days 00:19:34.292000,OCO,31,0 days 00:01:36.533000,2.0,1.0,,,0 days 00:00:28.115000,0 days 00:00:40.945000,0 days 00:00:27.473000,0 days 00:18:25.874000,0 days 00:19:06.819000,0 days 00:19:34.292000,305.0,272.0,247.0,295.0,True,HARD,2.0,True,Alpine,0 days 00:17:57.759000,,1,,False,,False,True
2023-15,FP2,0 days 00:22:12.238000,OCO,31,,3.0,1.0,,,0 days 00:00:47.585000,0 days 00:01:07.012000,0 days 00:00:43.347000,0 days 00:20:22.056000,0 days 00:21:29.102000,0 days 00:22:12.367000,120.0,157.0,251.0,254.0,False,HARD,3.0,True,Alpine,0 days 00:19:34.292000,,1,,False,,False,False
2023-15,FP2,0 days 00:23:47.820000,OCO,31,0 days 00:01:35.582000,4.0,1.0,,,0 days 00:00:27.913000,0 days 00:00:40.525000,0 days 00:00:27.144000,0 days 00:22:40.151000,0 days 00:23:20.676000,0 days 00:23:47.820000,306.0,273.0,252.0,296.0,True,HARD,4.0,True,Alpine,0 days 00:22:12.238000,,1,,False,,False,True
2023-15,FP2,0 days 00:26:20.874000,OCO,31,,5.0,1.0,,,0 days 00:00:46.186000,0 days 00:01:04.047000,0 days 00:00:42.818000,0 days 00:24:34.208000,0 days 00:25:38.223000,0 days 00:26:20.956000,126.0,216.0,251.0,249.0,False,HARD,5.0,True,Alpine,0 days 00:23:47.820000,,1,,False,,False,False
2023-15,FP2,0 days 00:27:55.674000,OCO,31,0 days 00:01:34.800000,6.0,1.0,,,0 days 00:00:27.711000,0 days 00:00:40.097000,0 days 00:00:26.992000,0 days 00:26:48.585000,0 days 00:27:28.682000,0 days 00:27:55.674000,304.0,273.0,253.0,295.0,True,HARD,6.0,True,Alpine,0 days 00:26:20.874000,,1,,False,,False,True
2023-15,FP2,0 days 00:30:12.924000,OCO,31,0 days 00:02:17.250000,7.0,1.0,,0 days 00:30:05.156000,0 days 00:00:38.736000,0 days 00:00:54.385000,0 days 00:00:44.129000,0 days 00:28:34.410000,0 days 00:29:28.795000,0 days 00:30:12.924000,187.0,217.0,,284.0,False,HARD,7.0,True,Alpine,0 days 00:27:55.674000,,1,,False,,False,False
2023-15,FP2,0 days 00:43:56.216000,OCO,31,,8.0,2.0,0 days 00:41:42.768000,,,0 days 00:00:58.554000,0 days 00:00:36.169000,,0 days 00:43:20.204000,0 days 00:43:56.297000,205.0,254.0,252.0,284.0,False,SOFT,1.0,True,Alpine,0 days 00:30:12.924000,,1,,False,,False,False
2023-15,FP2,0 days 00:45:29.577000,OCO,31,0 days 00:01:33.361000,9.0,2.0,,,0 days 00:00:27.392000,0 days 00:00:39.386000,0 days 00:00:26.583000,0 days 00:44:23.608000,0 days 00:45:02.994000,0 days 00:45:29.577000,304.0,273.0,255.0,296.0,True,SOFT,2.0,True,Alpine,0 days 00:43:56.216000,,1,,False,,False,True
2023-15,FP2,0 days 00:48:12.234000,OCO,31,,10.0,2.0,,,0 days 00:00:46.488000,0 days 00:01:06.492000,0 days 00:00:49.615000,0 days 00:46:16.279000,0 days 00:47:22.684000,0 days 00:48:12.246000,141.0,122.0,144.0,191.0,False,SOFT,3.0,True,Alpine,0 days 00:45:29.577000,,1,,False,,False,False
2023-15,FP2,0 days 00:50:41.493000,OCO,31,0 days 00:02:29.259000,11.0,2.0,,,0 days 00:00:43.302000,0 days 00:01:03.057000,0 days 00:00:42.900000,0 days 00:48:55.536000,0 days 00:49:58.593000,0 days 00:50:41.493000,156.0,147.0,253.0,132.0,False,SOFT,4.0,True,Alpine,0 days 00:48:12.234000,,1,,False,,False,True
2023-15,FP2,0 days 00:52:15.728000,OCO,31,0 days 00:01:34.235000,12.0,2.0,,,0 days 00:00:27.599000,0 days 00:00:39.830000,0 days 00:00:26.806000,0 days 00:51:09.092000,0 days 00:51:48.922000,0 days 00:52:15.728000,305.0,272.0,254.0,295.0,False,SOFT,5.0,True,Alpine,0 days 00:50:41.493000,,1,,False,,False,True
2023-15,FP2,0 days 00:54:16.823000,OCO,31,0 days 00:02:01.095000,13.0,2.0,,0 days 00:54:08.958000,0 days 00:00:35.490000,0 days 00:00:47.261000,0 days 00:00:38.344000,0 days 00:52:51.218000,0 days 00:53:38.479000,0 days 00:54:16.823000,199.0,242.0,,282.0,False,SOFT,6.0,True,Alpine,0 days 00:52:15.728000,,1,,False,,False,False
2023-15,FP2,0 days 01:01:24.670000,OCO,31,,14.0,3.0,0 days 00:59:41.546000,,,0 days 00:00:43.603000,0 days 00:00:28.501000,,0 days 01:00:56.295000,0 days 01:01:24.716000,279.0,259.0,242.0,282.0,False,HARD,8.0,False,Alpine,0 days 00:54:16.823000,,1,,False,,False,False
2023-15,FP2,0 days 01:03:04.121000,OCO,31,0 days 00:01:39.451000,15.0,3.0,,,0 days 00:00:29.061000,0 days 00:00:42.387000,0 days 00:00:28.003000,0 days 01:01:53.731000,0 days 01:02:36.118000,0 days 01:03:04.121000,281.0,255.0,243.0,273.0,False,HARD,9.0,False,Alpine,0 days 01:01:24.670000,,1,,False,,False,True
2023-15,FP2,0 days 01:04:43.656000,OCO,31,0 days 00:01:39.535000,16.0,3.0,,,0 days 00:00:29.243000,0 days 00:00:42.148000,0 days 00:00:28.144000,0 days 01:03:33.364000,0 days 01:04:15.512000,0 days 01:04:43.656000,278.0,251.0,243.0,271.0,False,HARD,10.0,False,Alpine,0 days 01:03:04.121000,,1,,False,,False,True
2023-15,FP2,0 days 01:06:23.074000,OCO,31,0 days 00:01:39.418000,17.0,3.0,,,0 days 00:00:29.232000,0 days 00:00:42.217000,0 days 00:00:27.969000,0 days 01:05:12.888000,0 days 01:05:55.105000,0 days 01:06:23.074000,280.0,253.0,245.0,271.0,False,HARD,11.0,False,Alpine,0 days 01:04:43.656000,,1,,False,,False,True
2023-15,FP2,0 days 01:08:02.273000,OCO,31,0 days 00:01:39.199000,18.0,3.0,,,0 days 00:00:29.269000,0 days 00:00:42.086000,0 days 00:00:27.844000,0 days 01:06:52.343000,0 days 01:07:34.429000,0 days 01:08:02.273000,281.0,254.0,244.0,274.0,False,HARD,12.0,False,Alpine,0 days 01:06:23.074000,,1,,False,,False,True
2023-15,FP2,0 days 01:09:41.339000,OCO,31,0 days 00:01:39.066000,19.0,3.0,,,0 days 00:00:29.092000,0 days 00:00:42.096000,0 days 00:00:27.878000,0 days 01:08:31.365000,0 days 01:09:13.461000,0 days 01:09:41.339000,282.0,254.0,244.0,274.0,False,HARD,13.0,False,Alpine,0 days 01:08:02.273000,,1,,False,,False,True
2023-15,FP2,0 days 01:11:20.565000,OCO,31,0 days 00:01:39.226000,20.0,3.0,,,0 days 00:00:29.108000,0 days 00:00:42.199000,0 days 00:00:27.919000,0 days 01:10:10.447000,0 days 01:10:52.646000,0 days 01:11:20.565000,283.0,255.0,244.0,275.0,False,HARD,14.0,False,Alpine,0 days 01:09:41.339000,,1,,False,,False,True
2023-15,FP2,0 days 01:13:00.365000,OCO,31,0 days 00:01:39.800000,21.0,3.0,,,0 days 00:00:29.227000,0 days 00:00:42.394000,0 days 00:00:28.179000,0 days 01:11:49.792000,0 days 01:12:32.186000,0 days 01:13:00.365000,284.0,256.0,244.0,276.0,False,HARD,15.0,False,Alpine,0 days 01:11:20.565000,,1,,False,,False,True
2023-15,FP2,0 days 01:14:40.083000,OCO,31,0 days 00:01:39.718000,22.0,3.0,,,0 days 00:00:29.184000,0 days 00:00:42.438000,0 days 00:00:28.096000,0 days 01:13:29.549000,0 days 01:14:11.987000,0 days 01:14:40.083000,284.0,256.0,244.0,277.0,False,HARD,16.0,False,Alpine,0 days 01:13:00.365000,,1,,False,,False,True
2023-15,FP2,0 days 01:16:19.935000,OCO,31,0 days 00:01:39.852000,23.0,3.0,,,0 days 00:00:29.298000,0 days 00:00:42.365000,0 days 00:00:28.189000,0 days 01:15:09.381000,0 days 01:15:51.746000,0 days 01:16:19.935000,285.0,255.0,244.0,277.0,False,HARD,17.0,False,Alpine,0 days 01:14:40.083000,,1,,False,,False,True
2023-15,FP2,0 days 01:18:31.021000,OCO,31,0 days 00:02:11.086000,24.0,3.0,,,0 days 00:00:36.036000,0 days 00:00:53.393000,0 days 00:00:41.657000,0 days 01:16:55.971000,0 days 01:17:49.364000,0 days 01:18:31.021000,199.0,167.0,68.0,233.0,False,HARD,18.0,False,Alpine,0 days 01:16:19.935000,,1,,False,,False,True
2023-15,FP2,0 days 01:20:56.055000,OCO,31,0 days 00:02:25.034000,25.0,3.0,,0 days 01:20:48.227000,0 days 00:00:54.288000,0 days 00:00:42.932000,0 days 00:00:47.814000,0 days 01:19:25.309000,0 days 01:20:08.241000,0 days 01:20:56.055000,290.0,259.0,,187.0,False,HARD,19.0,False,Alpine,0 days 01:18:31.021000,,1,,False,,False,False
2023-15,FP2,0 days 00:17:23.433000,LAW,40,,1.0,1.0,0 days 00:15:05,,,0 days 00:00:56.308000,0 days 00:00:43.465000,,0 days 00:16:40.123000,0 days 00:17:23.466000,222.0,237.0,247.0,,False,MEDIUM,1.0,True,AlphaTauri,0 days 00:15:05,,1,,False,,False,False
2023-15,FP2,0 days 00:18:58.949000,LAW,40,0 days 00:01:35.516000,2.0,1.0,,,0 days 00:00:28.095000,0 days 00:00:40.299000,0 days 00:00:27.122000,0 days 00:17:51.528000,0 days 00:18:31.827000,0 days 00:18:58.949000,301.0,273.0,242.0,292.0,True,MEDIUM,2.0,True,AlphaTauri,0 days 00:17:23.433000,,1,,False,,False,True
2023-15,FP2,0 days 00:21:33.962000,LAW,40,,3.0,1.0,,,0 days 00:00:45.954000,0 days 00:01:04.699000,0 days 00:00:44.405000,0 days 00:19:45.057000,0 days 00:20:49.712000,0 days 00:21:34.055000,155.0,146.0,183.0,210.0,False,MEDIUM,3.0,True,AlphaTauri,0 days 00:18:58.949000,,1,,False,,False,False
2023-15,FP2,0 days 00:23:45.871000,LAW,40,0 days 00:02:11.909000,4.0,1.0,,,0 days 00:00:38.270000,0 days 00:00:58.373000,0 days 00:00:35.266000,0 days 00:22:12.232000,0 days 00:23:10.605000,0 days 00:23:45.871000,285.0,231.0,250.0,240.0,False,MEDIUM,4.0,True,AlphaTauri,0 days 00:21:33.962000,,1,,False,,False,True
2023-15,FP2,0 days 00:25:33.134000,LAW,40,0 days 00:01:47.263000,5.0,1.0,,,0 days 00:00:27.828000,0 days 00:00:40.861000,0 days 00:00:38.574000,0 days 00:24:13.699000,0 days 00:24:54.560000,0 days 00:25:33.134000,302.0,270.0,158.0,294.0,False,MEDIUM,5.0,True,AlphaTauri,0 days 00:23:45.871000,,1,,False,,False,True
2023-15,FP2,0 days 00:28:01.003000,LAW,40,0 days 00:02:27.869000,6.0,1.0,,,0 days 00:00:42.043000,0 days 00:01:07.719000,0 days 00:00:38.107000,0 days 00:26:15.177000,0 days 00:27:22.896000,0 days 00:28:01.003000,246.0,202.0,251.0,166.0,False,MEDIUM,6.0,True,AlphaTauri,0 days 00:25:33.134000,,1,,False,,False,True
2023-15,FP2,0 days 00:29:35.109000,LAW,40,0 days 00:01:34.106000,7.0,1.0,,,0 days 00:00:27.665000,0 days 00:00:39.809000,0 days 00:00:26.632000,0 days 00:28:28.668000,0 days 00:29:08.477000,0 days 00:29:35.109000,305.0,275.0,253.0,295.0,True,MEDIUM,7.0,True,AlphaTauri,0 days 00:28:01.003000,,1,,False,,False,True
2023-15,FP2,0 days 00:31:42.002000,LAW,40,0 days 00:02:06.893000,8.0,1.0,,0 days 00:31:34.232000,0 days 00:00:34.207000,0 days 00:00:49.436000,0 days 00:00:43.250000,0 days 00:30:09.316000,0 days 00:30:58.752000,0 days 00:31:42.002000,262.0,221.0,,287.0,False,MEDIUM,8.0,True,AlphaTauri,0 days 00:29:35.109000,,1,,False,,False,False
2023-15,FP2,0 days 00:41:40.763000,LAW,40,,9.0,2.0,0 days 00:39:21.880000,,,0 days 00:01:04.704000,0 days 00:00:37.520000,,0 days 00:41:03.441000,0 days 00:41:40.878000,273.0,229.0,250.0,287.0,False,SOFT,1.0,True,AlphaTauri,0 days 00:31:42.002000,,1,,False,,False,False
2023-15,FP2,0 days 00:43:14.048000,LAW,40,0 days 00:01:33.285000,10.0,2.0,,,0 days 00:00:27.570000,0 days 00:00:39.254000,0 days 00:00:26.461000,0 days 00:42:08.333000,0 days 00:42:47.587000,0 days 00:43:14.048000,303.0,272.0,252.0,292.0,True,SOFT,2.0,True,AlphaTauri,0 days 00:41:40.763000,,1,,False,,False,True
2023-15,FP2,0 days 00:45:34.936000,LAW,40,0 days 00:02:20.888000,11.0,2.0,,,0 days 00:00:40.018000,0 days 00:00:59.769000,0 days 00:00:41.101000,0 days 00:43:54.066000,0 days 00:44:53.835000,0 days 00:45:34.936000,193.0,186.0,186.0,289.0,False,SOFT,3.0,True,AlphaTauri,0 days 00:43:14.048000,,1,,False,,False,True
2023-15,FP2,0 days 00:48:06.105000,LAW,40,,12.0,2.0,,,0 days 00:00:42.030000,0 days 00:01:04.231000,0 days 00:00:44.807000,0 days 00:46:17.154000,0 days 00:47:21.356000,0 days 00:48:06.105000,143.0,239.0,250.0,228.0,False,SOFT,4.0,True,AlphaTauri,0 days 00:45:34.936000,,1,,False,,False,False
2023-15,FP2,0 days 00:49:40.427000,LAW,40,0 days 00:01:34.322000,13.0,2.0,,,0 days 00:00:27.470000,0 days 00:00:39.300000,0 days 00:00:27.552000,0 days 00:48:33.575000,0 days 00:49:12.875000,0 days 00:49:40.427000,305.0,272.0,211.0,293.0,False,SOFT,5.0,True,AlphaTauri,0 days 00:48:06.105000,,1,,False,,False,True
2023-15,FP2,0 days 00:52:07.553000,LAW,40,0 days 00:02:27.126000,14.0,2.0,,0 days 00:51:59.664000,0 days 00:00:43.983000,0 days 00:01:01.715000,0 days 00:00:41.428000,0 days 00:50:24.410000,0 days 00:51:26.125000,0 days 00:52:07.553000,156.0,138.0,,183.0,False,SOFT,6.0,True,AlphaTauri,0 days 00:49:40.427000,,1,,False,,False,False
2023-15,FP2,0 days 01:00:06.952000,LAW,40,,15.0,3.0,0 days 00:58:12.860000,,,0 days 00:00:42.736000,0 days 00:00:28.313000,,0 days 00:59:38.765000,0 days 01:00:06.952000,284.0,257.0,239.0,183.0,False,MEDIUM,9.0,False,AlphaTauri,0 days 00:52:07.553000,,1,,False,,False,False
2023-15,FP2,0 days 01:01:46.061000,LAW,40,0 days 00:01:39.109000,16.0,3.0,,,0 days 00:00:29.333000,0 days 00:00:41.932000,0 days 00:00:27.844000,0 days 01:00:36.285000,0 days 01:01:18.217000,0 days 01:01:46.061000,278.0,253.0,243.0,272.0,False,MEDIUM,10.0,False,AlphaTauri,0 days 01:00:06.952000,,1,,False,,False,True
2023-15,FP2,0 days 01:03:24.648000,LAW,40,0 days 00:01:38.587000,17.0,3.0,,,0 days 00:00:29.174000,0 days 00:00:41.699000,0 days 00:00:27.714000,0 days 01:02:15.235000,0 days 01:02:56.934000,0 days 01:03:24.648000,279.0,252.0,241.0,274.0,False,MEDIUM,11.0,False,AlphaTauri,0 days 01:01:46.061000,,1,,False,,False,True
2023-15,FP2,0 days 01:05:02.805000,LAW,40,0 days 00:01:38.157000,18.0,3.0,,,0 days 00:00:28.995000,0 days 00:00:41.499000,0 days 00:00:27.663000,0 days 01:03:53.643000,0 days 01:04:35.142000,0 days 01:05:02.805000,281.0,255.0,246.0,278.0,False,MEDIUM,12.0,False,AlphaTauri,0 days 01:03:24.648000,,1,,False,,False,True
2023-15,FP2,0 days 01:06:41.653000,LAW,40,0 days 00:01:38.848000,19.0,3.0,,,0 days 00:00:28.875000,0 days 00:00:42.124000,0 days 00:00:27.849000,0 days 01:05:31.680000,0 days 01:06:13.804000,0 days 01:06:41.653000,284.0,257.0,244.0,278.0,False,MEDIUM,13.0,False,AlphaTauri,0 days 01:05:02.805000,,1,,False,,False,True
2023-15,FP2,0 days 01:08:20.016000,LAW,40,0 days 00:01:38.363000,20.0,3.0,,,0 days 00:00:28.966000,0 days 00:00:41.647000,0 days 00:00:27.750000,0 days 01:07:10.619000,0 days 01:07:52.266000,0 days 01:08:20.016000,290.0,263.0,241.0,277.0,False,MEDIUM,14.0,False,AlphaTauri,0 days 01:06:41.653000,,1,,False,,False,True
2023-15,FP2,0 days 01:09:59.200000,LAW,40,0 days 00:01:39.184000,21.0,3.0,,,0 days 00:00:29.127000,0 days 00:00:41.863000,0 days 00:00:28.194000,0 days 01:08:49.143000,0 days 01:09:31.006000,0 days 01:09:59.200000,284.0,257.0,241.0,278.0,False,MEDIUM,15.0,False,AlphaTauri,0 days 01:08:20.016000,,1,,False,,False,True
2023-15,FP2,0 days 01:11:39.801000,LAW,40,0 days 00:01:40.601000,22.0,3.0,,,0 days 00:00:29.173000,0 days 00:00:42.422000,0 days 00:00:29.006000,0 days 01:10:28.373000,0 days 01:11:10.795000,0 days 01:11:39.801000,286.0,257.0,240.0,278.0,False,MEDIUM,16.0,False,AlphaTauri,0 days 01:09:59.200000,,1,,False,,False,True
2023-15,FP2,0 days 01:13:19.467000,LAW,40,0 days 00:01:39.666000,23.0,3.0,,,0 days 00:00:29.351000,0 days 00:00:42.251000,0 days 00:00:28.064000,0 days 01:12:09.152000,0 days 01:12:51.403000,0 days 01:13:19.467000,287.0,257.0,243.0,275.0,False,MEDIUM,17.0,False,AlphaTauri,0 days 01:11:39.801000,,1,,False,,False,True
2023-15,FP2,0 days 01:14:59.030000,LAW,40,0 days 00:01:39.563000,24.0,3.0,,,0 days 00:00:29.303000,0 days 00:00:42.202000,0 days 00:00:28.058000,0 days 01:13:48.770000,0 days 01:14:30.972000,0 days 01:14:59.030000,285.0,256.0,243.0,278.0,False,MEDIUM,18.0,False,AlphaTauri,0 days 01:13:19.467000,,1,,False,,False,True
2023-15,FP2,0 days 01:16:38.717000,LAW,40,0 days 00:01:39.687000,25.0,3.0,,,0 days 00:00:29.232000,0 days 00:00:42.360000,0 days 00:00:28.095000,0 days 01:15:28.262000,0 days 01:16:10.622000,0 days 01:16:38.717000,285.0,257.0,243.0,280.0,False,MEDIUM,19.0,False,AlphaTauri,0 days 01:14:59.030000,,1,,False,,False,True
2023-15,FP2,0 days 01:19:05.824000,LAW,40,0 days 00:02:27.107000,26.0,3.0,,,0 days 00:00:46.064000,0 days 00:00:53.181000,0 days 00:00:47.862000,0 days 01:17:24.781000,0 days 01:18:17.962000,0 days 01:19:05.824000,167.0,242.0,52.0,196.0,False,MEDIUM,20.0,False,AlphaTauri,0 days 01:16:38.717000,,1,,False,,False,True
2023-15,FP2,0 days 01:21:26.503000,LAW,40,0 days 00:02:20.679000,27.0,3.0,,0 days 01:21:18.633000,0 days 00:00:50.738000,0 days 00:00:48.117000,0 days 00:00:41.824000,0 days 01:19:56.562000,0 days 01:20:44.679000,0 days 01:21:26.503000,263.0,246.0,,229.0,False,MEDIUM,21.0,False,AlphaTauri,0 days 01:19:05.824000,,1,,False,,False,False
2023-15,FP2,0 days 00:18:54.576000,HAM,44,,1.0,1.0,0 days 00:15:54.936000,,,0 days 00:00:57.935000,0 days 00:01:04.474000,,0 days 00:17:50.262000,0 days 00:18:54.652000,190.0,165.0,241.0,,False,MEDIUM,1.0,True,Mercedes,0 days 00:15:54.936000,,1,,False,,False,False
2023-15,FP2,0 days 00:20:29.338000,HAM,44,0 days 00:01:34.762000,2.0,1.0,,,0 days 00:00:28.109000,0 days 00:00:40.027000,0 days 00:00:26.626000,0 days 00:19:22.685000,0 days 00:20:02.712000,0 days 00:20:29.338000,304.0,273.0,247.0,293.0,True,MEDIUM,2.0,True,Mercedes,0 days 00:18:54.576000,,1,,False,,False,True
2023-15,FP2,0 days 00:23:38.047000,HAM,44,,3.0,1.0,,0 days 00:23:30.225000,0 days 00:00:57.414000,0 days 00:01:17.368000,0 days 00:00:53.899000,0 days 00:21:26.962000,0 days 00:22:44.148000,0 days 00:23:38.179000,97.0,153.0,,262.0,False,MEDIUM,3.0,True,Mercedes,0 days 00:20:29.338000,,1,,False,,False,False
2023-15,FP2,0 days 00:26:31.940000,HAM,44,,4.0,2.0,0 days 00:24:05.553000,,0 days 00:01:13.983000,0 days 00:01:03.433000,0 days 00:00:36.498000,0 days 00:24:52.208000,0 days 00:25:55.629000,0 days 00:26:32.019000,155.0,177.0,247.0,262.0,False,MEDIUM,4.0,False,Mercedes,0 days 00:23:38.047000,,1,,False,,False,False
2023-15,FP2,0 days 00:28:06.001000,HAM,44,0 days 00:01:34.061000,5.0,2.0,,,0 days 00:00:27.804000,0 days 00:00:39.689000,0 days 00:00:26.568000,0 days 00:26:59.744000,0 days 00:27:39.433000,0 days 00:28:06.001000,305.0,273.0,251.0,292.0,True,MEDIUM,5.0,False,Mercedes,0 days 00:26:31.940000,,1,,False,,False,True
2023-15,FP2,0 days 00:30:17.635000,HAM,44,0 days 00:02:11.634000,6.0,2.0,,0 days 00:30:09.859000,0 days 00:00:38.216000,0 days 00:00:53.506000,0 days 00:00:39.912000,0 days 00:28:44.217000,0 days 00:29:37.723000,0 days 00:30:17.635000,179.0,179.0,,258.0,False,MEDIUM,6.0,False,Mercedes,0 days 00:28:06.001000,,1,,False,,False,False
2023-15,FP2,0 days 00:42:17.978000,HAM,44,,7.0,3.0,0 days 00:39:37.583000,,,0 days 00:01:10.192000,0 days 00:00:36.661000,,0 days 00:41:41.550000,0 days 00:42:18.080000,143.0,116.0,252.0,258.0,False,SOFT,1.0,True,Mercedes,0 days 00:30:17.635000,,1,,False,,False,False
2023-15,FP2,0 days 00:43:50.563000,HAM,44,0 days 00:01:32.585000,8.0,3.0,,,0 days 00:00:27.264000,0 days 00:00:39.027000,0 days 00:00:26.294000,0 days 00:42:45.242000,0 days 00:43:24.269000,0 days 00:43:50.563000,307.0,275.0,253.0,296.0,True,SOFT,2.0,True,Mercedes,0 days 00:42:17.978000,,1,,False,,False,True
2023-15,FP2,0 days 00:47:09.815000,HAM,44,,9.0,3.0,,,0 days 00:00:54.283000,0 days 00:01:30.105000,0 days 00:00:54.770000,0 days 00:44:45.046000,0 days 00:46:15.045000,0 days 00:47:09.825000,96.0,124.0,115.0,250.0,False,SOFT,3.0,True,Mercedes,0 days 00:43:50.563000,,1,,False,,False,False
2023-15,FP2,0 days 00:49:57.822000,HAM,44,,10.0,3.0,,,0 days 00:00:58.974000,0 days 00:01:11.792000,0 days 00:00:37.237000,0 days 00:48:08.918000,0 days 00:49:20.635000,0 days 00:49:57.822000,132.0,188.0,253.0,139.0,False,SOFT,4.0,True,Mercedes,0 days 00:47:09.815000,,1,,False,,False,False
2023-15,FP2,0 days 00:52:12.623000,HAM,44,0 days 00:02:14.801000,11.0,3.0,,0 days 00:52:04.414000,0 days 00:00:27.271000,0 days 00:01:02.726000,0 days 00:00:44.804000,0 days 00:50:25.093000,0 days 00:51:27.819000,0 days 00:52:12.623000,307.0,195.0,,296.0,False,SOFT,5.0,True,Mercedes,0 days 00:49:57.822000,,1,,False,,False,False
2023-15,FP2,0 days 01:00:21.750000,HAM,44,,12.0,4.0,0 days 00:58:16.141000,,,0 days 00:00:44.561000,0 days 00:00:32.544000,,0 days 00:59:49.374000,0 days 01:00:21.795000,265.0,246.0,241.0,296.0,False,MEDIUM,7.0,False,Mercedes,0 days 00:52:12.623000,,1,,False,,False,False
2023-15,FP2,0 days 01:02:00.285000,HAM,44,0 days 00:01:38.535000,13.0,4.0,,,0 days 00:00:29.037000,0 days 00:00:41.708000,0 days 00:00:27.790000,0 days 01:00:50.787000,0 days 01:01:32.495000,0 days 01:02:00.285000,279.0,253.0,241.0,275.0,False,MEDIUM,8.0,False,Mercedes,0 days 01:00:21.750000,,1,,False,,False,True
2023-15,FP2,0 days 01:03:38.707000,HAM,44,0 days 00:01:38.422000,14.0,4.0,,,0 days 00:00:29.102000,0 days 00:00:41.772000,0 days 00:00:27.548000,0 days 01:02:29.387000,0 days 01:03:11.159000,0 days 01:03:38.707000,279.0,258.0,242.0,268.0,False,MEDIUM,9.0,False,Mercedes,0 days 01:02:00.285000,,1,,False,,False,True
2023-15,FP2,0 days 01:05:16.898000,HAM,44,0 days 00:01:38.191000,15.0,4.0,,,0 days 00:00:28.952000,0 days 00:00:41.647000,0 days 00:00:27.592000,0 days 01:04:07.659000,0 days 01:04:49.306000,0 days 01:05:16.898000,285.0,260.0,243.0,273.0,False,MEDIUM,10.0,False,Mercedes,0 days 01:03:38.707000,,1,,False,,False,True
2023-15,FP2,0 days 01:06:55.190000,HAM,44,0 days 00:01:38.292000,16.0,4.0,,,0 days 00:00:29.103000,0 days 00:00:41.593000,0 days 00:00:27.596000,0 days 01:05:46.001000,0 days 01:06:27.594000,0 days 01:06:55.190000,285.0,259.0,243.0,277.0,False,MEDIUM,11.0,False,Mercedes,0 days 01:05:16.898000,,1,,False,,False,True
2023-15,FP2,0 days 01:08:33.414000,HAM,44,0 days 00:01:38.224000,17.0,4.0,,,0 days 00:00:28.904000,0 days 00:00:41.763000,0 days 00:00:27.557000,0 days 01:07:24.094000,0 days 01:08:05.857000,0 days 01:08:33.414000,285.0,258.0,243.0,280.0,False,MEDIUM,12.0,False,Mercedes,0 days 01:06:55.190000,,1,,False,,False,True
2023-15,FP2,0 days 01:10:11.527000,HAM,44,0 days 00:01:38.113000,18.0,4.0,,,0 days 00:00:28.800000,0 days 00:00:41.770000,0 days 00:00:27.543000,0 days 01:09:02.214000,0 days 01:09:43.984000,0 days 01:10:11.527000,292.0,263.0,245.0,279.0,False,MEDIUM,13.0,False,Mercedes,0 days 01:08:33.414000,,1,,False,,False,True
2023-15,FP2,0 days 01:11:50.500000,HAM,44,0 days 00:01:38.973000,19.0,4.0,,,0 days 00:00:28.946000,0 days 00:00:41.939000,0 days 00:00:28.088000,0 days 01:10:40.473000,0 days 01:11:22.412000,0 days 01:11:50.500000,294.0,263.0,243.0,283.0,False,MEDIUM,14.0,False,Mercedes,0 days 01:10:11.527000,,1,,False,,False,True
2023-15,FP2,0 days 01:13:34.192000,HAM,44,0 days 00:01:43.692000,20.0,4.0,,,0 days 00:00:28.933000,0 days 00:00:42.173000,0 days 00:00:32.586000,0 days 01:12:19.433000,0 days 01:13:01.606000,0 days 01:13:34.192000,291.0,263.0,244.0,281.0,False,MEDIUM,15.0,False,Mercedes,0 days 01:11:50.500000,,1,,False,,False,True
2023-15,FP2,0 days 01:15:12.531000,HAM,44,0 days 00:01:38.339000,21.0,4.0,,,0 days 00:00:28.807000,0 days 00:00:41.986000,0 days 00:00:27.546000,0 days 01:14:02.999000,0 days 01:14:44.985000,0 days 01:15:12.531000,285.0,259.0,242.0,283.0,False,MEDIUM,16.0,False,Mercedes,0 days 01:13:34.192000,,1,,False,,False,True
2023-15,FP2,0 days 01:17:29.262000,HAM,44,0 days 00:02:16.731000,22.0,4.0,,,0 days 00:00:40.854000,0 days 00:00:51.752000,0 days 00:00:44.125000,0 days 01:15:53.385000,0 days 01:16:45.137000,0 days 01:17:29.262000,170.0,181.0,40.0,211.0,False,MEDIUM,17.0,False,Mercedes,0 days 01:15:12.531000,,1,,False,,False,True
2023-15,FP2,0 days 01:19:48.772000,HAM,44,0 days 00:02:19.510000,23.0,4.0,,0 days 01:19:40.962000,0 days 00:00:56.561000,0 days 00:00:45.874000,0 days 00:00:37.075000,0 days 01:18:25.823000,0 days 01:19:11.697000,0 days 01:19:48.772000,257.0,208.0,,197.0,False,MEDIUM,18.0,False,Mercedes,0 days 01:17:29.262000,,1,,False,,False,False
2023-15,FP2,0 days 00:18:28.454000,SAI,55,,1.0,1.0,0 days 00:16:06.998000,,,0 days 00:00:52.596000,0 days 00:00:52.175000,,0 days 00:17:36.434000,0 days 00:18:28.512000,288.0,247.0,250.0,,False,MEDIUM,1.0,True,Ferrari,0 days 00:16:06.998000,,1,,False,,False,False
2023-15,FP2,0 days 00:20:02.604000,SAI,55,0 days 00:01:34.150000,2.0,1.0,,,0 days 00:00:27.626000,0 days 00:00:39.848000,0 days 00:00:26.676000,0 days 00:18:56.080000,0 days 00:19:35.928000,0 days 00:20:02.604000,308.0,276.0,250.0,295.0,True,MEDIUM,2.0,True,Ferrari,0 days 00:18:28.454000,,1,,False,,False,True
2023-15,FP2,0 days 00:22:51.140000,SAI,55,,3.0,1.0,,,0 days 00:00:53.113000,0 days 00:01:12.478000,0 days 00:00:42.951000,0 days 00:20:55.900000,0 days 00:22:08.211000,0 days 00:22:51.210000,156.0,185.0,252.0,132.0,False,MEDIUM,3.0,True,Ferrari,0 days 00:20:02.604000,,1,,False,,False,False
2023-15,FP2,0 days 00:24:24.443000,SAI,55,0 days 00:01:33.303000,4.0,1.0,,,0 days 00:00:27.301000,0 days 00:00:39.567000,0 days 00:00:26.435000,0 days 00:23:18.441000,0 days 00:23:58.008000,0 days 00:24:24.443000,311.0,277.0,255.0,298.0,True,MEDIUM,4.0,True,Ferrari,0 days 00:22:51.140000,,1,,False,,False,True
2023-15,FP2,0 days 00:27:26.943000,SAI,55,,5.0,1.0,,,0 days 00:00:52.516000,0 days 00:01:27.487000,0 days 00:00:42.518000,0 days 00:25:17.145000,0 days 00:26:44.425000,0 days 00:27:27.049000,117.0,146.0,254.0,215.0,False,MEDIUM,5.0,True,Ferrari,0 days 00:24:24.443000,,1,,False,,False,False
2023-15,FP2,0 days 00:29:00.156000,SAI,55,0 days 00:01:33.213000,6.0,1.0,,,0 days 00:00:27.238000,0 days 00:00:39.529000,0 days 00:00:26.446000,0 days 00:27:54.181000,0 days 00:28:33.710000,0 days 00:29:00.156000,310.0,277.0,256.0,298.0,True,MEDIUM,6.0,True,Ferrari,0 days 00:27:26.943000,,1,,False,,False,True
2023-15,FP2,0 days 00:31:09.639000,SAI,55,0 days 00:02:09.483000,7.0,1.0,,0 days 00:31:01.795000,0 days 00:00:33.040000,0 days 00:00:53.979000,0 days 00:00:42.464000,0 days 00:29:33.196000,0 days 00:30:27.175000,0 days 00:31:09.639000,216.0,180.0,,262.0,False,MEDIUM,7.0,True,Ferrari,0 days 00:29:00.156000,,1,,False,,False,False
2023-15,FP2,0 days 00:40:49.207000,SAI,55,,8.0,2.0,0 days 00:38:26.069000,,,0 days 00:00:55.972000,0 days 00:00:38.129000,,0 days 00:40:11.114000,0 days 00:40:49.207000,260.0,240.0,256.0,262.0,False,SOFT,1.0,True,Ferrari,0 days 00:31:09.639000,,1,,False,,False,False
2023-15,FP2,0 days 00:42:21.327000,SAI,55,0 days 00:01:32.120000,9.0,2.0,,,0 days 00:00:27.051000,0 days 00:00:38.945000,0 days 00:00:26.124000,0 days 00:41:16.258000,0 days 00:41:55.203000,0 days 00:42:21.327000,311.0,278.0,258.0,299.0,True,SOFT,2.0,True,Ferrari,0 days 00:40:49.207000,,1,,False,,False,True
2023-15,FP2,0 days 00:44:55.215000,SAI,55,,10.0,2.0,,0 days 00:44:47.249000,0 days 00:00:42.686000,0 days 00:00:59.335000,0 days 00:00:51.840000,0 days 00:43:04.095000,0 days 00:44:03.375000,0 days 00:44:55.234000,204.0,154.0,,229.0,False,SOFT,3.0,True,Ferrari,0 days 00:42:21.327000,,1,,False,,False,False
2023-15,FP2,0 days 00:47:59.293000,SAI,55,,11.0,3.0,0 days 00:45:13.015000,,0 days 00:01:20.372000,0 days 00:00:55.366000,0 days 00:00:48.393000,0 days 00:46:15.639000,0 days 00:47:10.966000,0 days 00:47:59.293000,171.0,219.0,255.0,229.0,False,SOFT,4.0,False,Ferrari,0 days 00:44:55.215000,,1,,False,,False,False
2023-15,FP2,0 days 00:50:12.968000,SAI,55,0 days 00:02:13.675000,12.0,3.0,,,0 days 00:00:28.858000,0 days 00:00:55.245000,0 days 00:00:49.572000,0 days 00:48:28.151000,0 days 00:49:23.396000,0 days 00:50:12.968000,259.0,120.0,255.0,300.0,False,SOFT,5.0,False,Ferrari,0 days 00:47:59.293000,,1,,False,,False,True
2023-15,FP2,0 days 00:52:01.890000,SAI,55,0 days 00:01:48.922000,13.0,3.0,,0 days 00:51:53.898000,0 days 00:00:27.072000,0 days 00:00:44.157000,0 days 00:00:37.693000,0 days 00:50:40.040000,0 days 00:51:24.197000,0 days 00:52:01.890000,312.0,185.0,,299.0,False,SOFT,6.0,False,Ferrari,0 days 00:50:12.968000,,1,,False,,False,False
2023-15,FP2,0 days 00:58:34.766000,SAI,55,,14.0,4.0,0 days 00:56:39.862000,,,0 days 00:00:44.883000,0 days 00:00:29.018000,,0 days 00:58:05.923000,0 days 00:58:34.766000,274.0,248.0,239.0,299.0,False,MEDIUM,8.0,False,Ferrari,0 days 00:52:01.890000,,1,,False,,False,False
2023-15,FP2,0 days 01:00:13.546000,SAI,55,0 days 00:01:38.780000,15.0,4.0,,,0 days 00:00:29.103000,0 days 00:00:41.731000,0 days 00:00:27.946000,0 days 00:59:03.869000,0 days 00:59:45.600000,0 days 01:00:13.546000,285.0,257.0,241.0,274.0,False,MEDIUM,9.0,False,Ferrari,0 days 00:58:34.766000,,1,,False,,False,True
2023-15,FP2,0 days 01:01:52.105000,SAI,55,0 days 00:01:38.559000,16.0,4.0,,,0 days 00:00:28.941000,0 days 00:00:41.787000,0 days 00:00:27.831000,0 days 01:00:42.487000,0 days 01:01:24.274000,0 days 01:01:52.105000,286.0,257.0,241.0,277.0,False,MEDIUM,10.0,False,Ferrari,0 days 01:00:13.546000,,1,,False,,False,True
2023-15,FP2,0 days 01:03:30.679000,SAI,55,0 days 00:01:38.574000,17.0,4.0,,,0 days 00:00:28.880000,0 days 00:00:41.866000,0 days 00:00:27.828000,0 days 01:02:20.985000,0 days 01:03:02.851000,0 days 01:03:30.679000,283.0,255.0,243.0,275.0,False,MEDIUM,11.0,False,Ferrari,0 days 01:01:52.105000,,1,,False,,False,True
2023-15,FP2,0 days 01:05:08.912000,SAI,55,0 days 00:01:38.233000,18.0,4.0,,,0 days 00:00:28.890000,0 days 00:00:41.542000,0 days 00:00:27.801000,0 days 01:03:59.569000,0 days 01:04:41.111000,0 days 01:05:08.912000,284.0,255.0,243.0,277.0,False,MEDIUM,12.0,False,Ferrari,0 days 01:03:30.679000,,1,,False,,False,True
2023-15,FP2,0 days 01:06:47.011000,SAI,55,0 days 00:01:38.099000,19.0,4.0,,,0 days 00:00:28.788000,0 days 00:00:41.541000,0 days 00:00:27.770000,0 days 01:05:37.700000,0 days 01:06:19.241000,0 days 01:06:47.011000,286.0,256.0,244.0,278.0,False,MEDIUM,13.0,False,Ferrari,0 days 01:05:08.912000,,1,,False,,False,True
2023-15,FP2,0 days 01:08:27.557000,SAI,55,0 days 00:01:40.546000,20.0,4.0,,,0 days 00:00:28.917000,0 days 00:00:42.364000,0 days 00:00:29.265000,0 days 01:07:15.928000,0 days 01:07:58.292000,0 days 01:08:27.557000,287.0,256.0,242.0,278.0,False,MEDIUM,14.0,False,Ferrari,0 days 01:06:47.011000,,1,,False,,False,True
2023-15,FP2,0 days 01:10:05.942000,SAI,55,0 days 00:01:38.385000,21.0,4.0,,,0 days 00:00:28.922000,0 days 00:00:41.696000,0 days 00:00:27.767000,0 days 01:08:56.479000,0 days 01:09:38.175000,0 days 01:10:05.942000,284.0,255.0,239.0,277.0,False,MEDIUM,15.0,False,Ferrari,0 days 01:08:27.557000,,1,,False,,False,True
2023-15,FP2,0 days 01:11:44.767000,SAI,55,0 days 00:01:38.825000,22.0,4.0,,,0 days 00:00:29.046000,0 days 00:00:42.043000,0 days 00:00:27.736000,0 days 01:10:34.988000,0 days 01:11:17.031000,0 days 01:11:44.767000,285.0,255.0,245.0,275.0,False,MEDIUM,16.0,False,Ferrari,0 days 01:10:05.942000,,1,,False,,False,True
2023-15,FP2,0 days 01:13:27.185000,SAI,55,0 days 00:01:42.418000,23.0,4.0,,,0 days 00:00:28.995000,0 days 00:00:42.365000,0 days 00:00:31.058000,0 days 01:12:13.762000,0 days 01:12:56.127000,0 days 01:13:27.185000,283.0,254.0,246.0,275.0,False,MEDIUM,17.0,False,Ferrari,0 days 01:11:44.767000,,1,,False,,False,True
2023-15,FP2,0 days 01:15:05.695000,SAI,55,0 days 00:01:38.510000,24.0,4.0,,,0 days 00:00:28.841000,0 days 00:00:42.114000,0 days 00:00:27.555000,0 days 01:13:56.026000,0 days 01:14:38.140000,0 days 01:15:05.695000,287.0,257.0,246.0,279.0,False,MEDIUM,18.0,False,Ferrari,0 days 01:13:27.185000,,1,,False,,False,True
2023-15,FP2,0 days 01:17:15.134000,SAI,55,0 days 00:02:09.439000,25.0,4.0,,,0 days 00:00:32.860000,0 days 00:00:55.361000,0 days 00:00:41.218000,0 days 01:15:38.555000,0 days 01:16:33.916000,0 days 01:17:15.134000,188.0,166.0,83.0,280.0,False,MEDIUM,19.0,False,Ferrari,0 days 01:15:05.695000,,1,,False,,False,True
2023-15,FP2,0 days 01:19:29.092000,SAI,55,0 days 00:02:13.958000,26.0,4.0,,0 days 01:19:21.213000,0 days 00:00:56.073000,0 days 00:00:42.360000,0 days 00:00:35.525000,0 days 01:18:11.207000,0 days 01:18:53.567000,0 days 01:19:29.092000,285.0,253.0,,188.0,False,MEDIUM,20.0,False,Ferrari,0 days 01:17:15.134000,,1,,False,,False,False
2023-15,FP2,0 days 00:17:33.778000,RUS,63,,1.0,1.0,0 days 00:15:11.499000,,,0 days 00:00:56.602000,0 days 00:00:39.405000,,0 days 00:16:54.482000,0 days 00:17:33.778000,261.0,255.0,249.0,,False,MEDIUM,1.0,True,Mercedes,0 days 00:15:11.499000,,1,,False,,False,False
2023-15,FP2,0 days 00:19:09.202000,RUS,63,0 days 00:01:35.424000,2.0,1.0,,,0 days 00:00:28.110000,0 days 00:00:40.514000,0 days 00:00:26.800000,0 days 00:18:01.888000,0 days 00:18:42.402000,0 days 00:19:09.202000,305.0,274.0,248.0,294.0,True,MEDIUM,2.0,True,Mercedes,0 days 00:17:33.778000,,1,,False,,False,True
2023-15,FP2,0 days 00:22:00.515000,RUS,63,,3.0,1.0,,,0 days 00:00:52.642000,0 days 00:01:14.145000,0 days 00:00:44.589000,0 days 00:20:01.994000,0 days 00:21:16.134000,0 days 00:22:00.602000,112.0,112.0,249.0,233.0,False,MEDIUM,3.0,True,Mercedes,0 days 00:19:09.202000,,1,,False,,False,False
2023-15,FP2,0 days 00:23:35.037000,RUS,63,0 days 00:01:34.522000,4.0,1.0,,,0 days 00:00:27.697000,0 days 00:00:40.092000,0 days 00:00:26.733000,0 days 00:22:28.212000,0 days 00:23:08.304000,0 days 00:23:35.037000,303.0,273.0,252.0,294.0,True,MEDIUM,4.0,True,Mercedes,0 days 00:22:00.515000,,1,,False,,False,True
2023-15,FP2,0 days 00:26:10.885000,RUS,63,,5.0,1.0,,,0 days 00:00:52.125000,0 days 00:01:05.014000,0 days 00:00:38.714000,0 days 00:24:27.365000,0 days 00:25:32.364000,0 days 00:26:10.957000,125.0,223.0,171.0,240.0,False,MEDIUM,5.0,True,Mercedes,0 days 00:23:35.037000,,1,,False,,False,False
2023-15,FP2,0 days 00:28:25.577000,RUS,63,0 days 00:02:14.692000,6.0,1.0,,,0 days 00:00:43.235000,0 days 00:00:58.542000,0 days 00:00:32.915000,0 days 00:26:54.120000,0 days 00:27:52.662000,0 days 00:28:25.577000,216.0,229.0,252.0,232.0,False,MEDIUM,6.0,True,Mercedes,0 days 00:26:10.885000,,1,,False,,False,True
2023-15,FP2,0 days 00:29:59.406000,RUS,63,0 days 00:01:33.829000,7.0,1.0,,,0 days 00:00:27.465000,0 days 00:00:39.752000,0 days 00:00:26.612000,0 days 00:28:53.042000,0 days 00:29:32.794000,0 days 00:29:59.406000,304.0,275.0,255.0,294.0,True,MEDIUM,7.0,True,Mercedes,0 days 00:28:25.577000,,1,,False,,False,True
2023-15,FP2,0 days 00:32:04.450000,RUS,63,0 days 00:02:05.044000,8.0,1.0,,0 days 00:31:56.716000,0 days 00:00:35.848000,0 days 00:00:49.275000,0 days 00:00:39.921000,0 days 00:30:35.254000,0 days 00:31:24.529000,0 days 00:32:04.450000,242.0,238.0,,265.0,False,MEDIUM,8.0,True,Mercedes,0 days 00:29:59.406000,,1,,False,,False,False
2023-15,FP2,0 days 00:44:40.548000,RUS,63,,9.0,2.0,0 days 00:42:38.127000,,,0 days 00:00:51.876000,0 days 00:00:35.132000,,0 days 00:44:05.610000,0 days 00:44:40.640000,256.0,253.0,254.0,265.0,False,SOFT,1.0,True,Mercedes,0 days 00:32:04.450000,,1,,False,,False,False
2023-15,FP2,0 days 00:46:13.342000,RUS,63,0 days 00:01:32.794000,10.0,2.0,,,0 days 00:00:27.216000,0 days 00:00:39.218000,0 days 00:00:26.360000,0 days 00:45:07.764000,0 days 00:45:46.982000,0 days 00:46:13.342000,306.0,275.0,257.0,296.0,True,SOFT,2.0,True,Mercedes,0 days 00:44:40.548000,,1,,False,,False,True
2023-15,FP2,0 days 00:48:57.002000,RUS,63,,11.0,2.0,,,0 days 00:00:48.237000,0 days 00:01:06.765000,0 days 00:00:48.555000,0 days 00:47:01.810000,0 days 00:48:08.605000,0 days 00:48:57.026000,151.0,139.0,152.0,245.0,False,SOFT,3.0,True,Mercedes,0 days 00:46:13.342000,,1,,False,,False,False
2023-15,FP2,0 days 00:51:17.196000,RUS,63,0 days 00:02:20.194000,12.0,2.0,,,0 days 00:00:45.007000,0 days 00:00:59.950000,0 days 00:00:35.237000,0 days 00:49:42.009000,0 days 00:50:41.959000,0 days 00:51:17.196000,238.0,160.0,242.0,183.0,False,SOFT,4.0,True,Mercedes,0 days 00:48:57.002000,,1,,False,,False,True
2023-15,FP2,0 days 00:52:49.551000,RUS,63,0 days 00:01:32.355000,13.0,2.0,,,0 days 00:00:27.176000,0 days 00:00:38.879000,0 days 00:00:26.300000,0 days 00:51:44.372000,0 days 00:52:23.251000,0 days 00:52:49.551000,306.0,274.0,247.0,291.0,True,SOFT,5.0,True,Mercedes,0 days 00:51:17.196000,,1,,False,,False,True
2023-15,FP2,0 days 00:54:43.165000,RUS,63,0 days 00:01:53.614000,14.0,2.0,,0 days 00:54:35.302000,0 days 00:00:31.475000,0 days 00:00:44.789000,0 days 00:00:37.350000,0 days 00:53:21.026000,0 days 00:54:05.815000,0 days 00:54:43.165000,273.0,253.0,,250.0,False,SOFT,6.0,True,Mercedes,0 days 00:52:49.551000,,1,,False,,False,False
2023-15,FP2,0 days 01:02:23.452000,RUS,63,,15.0,3.0,0 days 01:00:26.498000,,,0 days 00:00:42.834000,0 days 00:00:29.771000,,0 days 01:01:53.778000,0 days 01:02:23.465000,281.0,258.0,240.0,250.0,False,MEDIUM,9.0,False,Mercedes,0 days 00:54:43.165000,,1,,False,,False,False
2023-15,FP2,0 days 01:04:01.666000,RUS,63,0 days 00:01:38.214000,16.0,3.0,,,0 days 00:00:28.951000,0 days 00:00:41.438000,0 days 00:00:27.825000,0 days 01:02:52.403000,0 days 01:03:33.841000,0 days 01:04:01.666000,284.0,268.0,243.0,276.0,False,MEDIUM,10.0,False,Mercedes,0 days 01:02:23.452000,,1,,False,,False,True
2023-15,FP2,0 days 01:05:53.514000,RUS,63,0 days 00:01:51.848000,17.0,3.0,,,0 days 00:00:28.774000,0 days 00:00:53.904000,0 days 00:00:29.170000,0 days 01:04:30.440000,0 days 01:05:24.344000,0 days 01:05:53.514000,285.0,117.0,242.0,279.0,False,MEDIUM,11.0,False,Mercedes,0 days 01:04:01.666000,,1,,False,,False,True
2023-15,FP2,0 days 01:07:31.275000,RUS,63,0 days 00:01:37.761000,18.0,3.0,,,0 days 00:00:28.716000,0 days 00:00:41.429000,0 days 00:00:27.616000,0 days 01:06:22.230000,0 days 01:07:03.659000,0 days 01:07:31.275000,285.0,259.0,241.0,277.0,False,MEDIUM,12.0,False,Mercedes,0 days 01:05:53.514000,,1,,False,,False,True
2023-15,FP2,0 days 01:09:09.661000,RUS,63,0 days 00:01:38.386000,19.0,3.0,,,0 days 00:00:28.903000,0 days 00:00:41.714000,0 days 00:00:27.769000,0 days 01:08:00.178000,0 days 01:08:41.892000,0 days 01:09:09.661000,284.0,259.0,244.0,278.0,False,MEDIUM,13.0,False,Mercedes,0 days 01:07:31.275000,,1,,False,,False,True
2023-15,FP2,0 days 01:10:48.261000,RUS,63,0 days 00:01:38.600000,20.0,3.0,,,0 days 00:00:28.875000,0 days 00:00:41.915000,0 days 00:00:27.810000,0 days 01:09:38.536000,0 days 01:10:20.451000,0 days 01:10:48.261000,284.0,260.0,243.0,276.0,False,MEDIUM,14.0,False,Mercedes,0 days 01:09:09.661000,,1,,False,,False,True
2023-15,FP2,0 days 01:12:26.837000,RUS,63,0 days 00:01:38.576000,21.0,3.0,,,0 days 00:00:28.887000,0 days 00:00:42.066000,0 days 00:00:27.623000,0 days 01:11:17.148000,0 days 01:11:59.214000,0 days 01:12:26.837000,290.0,263.0,245.0,279.0,False,MEDIUM,15.0,False,Mercedes,0 days 01:10:48.261000,,1,,False,,False,True
2023-15,FP2,0 days 01:14:05.437000,RUS,63,0 days 00:01:38.600000,22.0,3.0,,,0 days 00:00:28.886000,0 days 00:00:41.913000,0 days 00:00:27.801000,0 days 01:12:55.723000,0 days 01:13:37.636000,0 days 01:14:05.437000,289.0,262.0,245.0,282.0,False,MEDIUM,16.0,False,Mercedes,0 days 01:12:26.837000,,1,,False,,False,True
2023-15,FP2,0 days 01:15:44.575000,RUS,63,0 days 00:01:39.138000,23.0,3.0,,,0 days 00:00:29.198000,0 days 00:00:42.096000,0 days 00:00:27.844000,0 days 01:14:34.635000,0 days 01:15:16.731000,0 days 01:15:44.575000,291.0,262.0,243.0,282.0,False,MEDIUM,17.0,False,Mercedes,0 days 01:14:05.437000,,1,,False,,False,True
2023-15,FP2,0 days 01:18:13.858000,RUS,63,0 days 00:02:29.283000,24.0,3.0,,,0 days 00:00:37.086000,0 days 00:00:57.385000,0 days 00:00:54.812000,0 days 01:16:21.661000,0 days 01:17:19.046000,0 days 01:18:13.858000,189.0,229.0,44.0,192.0,False,MEDIUM,18.0,False,Mercedes,0 days 01:15:44.575000,,1,,False,,False,True
2023-15,FP2,0 days 01:20:57.430000,RUS,63,,25.0,3.0,,0 days 01:20:49.430000,0 days 00:01:02.362000,0 days 00:00:55.911000,0 days 00:00:45.210000,0 days 01:19:16.353000,0 days 01:20:12.243000,0 days 01:20:57.430000,262.0,238.0,,196.0,False,MEDIUM,19.0,False,Mercedes,0 days 01:18:13.858000,,1,,False,,False,False
2023-15,FP2,0 days 00:17:51.472000,BOT,77,,1.0,1.0,0 days 00:15:22.452000,,,0 days 00:00:49.620000,0 days 00:00:49.251000,,0 days 00:17:02.388000,0 days 00:17:51.559000,289.0,226.0,243.0,,False,HARD,1.0,True,Alfa Romeo,0 days 00:15:22.452000,,1,,False,,False,False
2023-15,FP2,0 days 00:19:27.455000,BOT,77,0 days 00:01:35.983000,2.0,1.0,,,0 days 00:00:28.253000,0 days 00:00:40.459000,0 days 00:00:27.271000,0 days 00:18:19.725000,0 days 00:19:00.184000,0 days 00:19:27.455000,301.0,272.0,244.0,291.0,True,HARD,2.0,True,Alfa Romeo,0 days 00:17:51.472000,,1,,False,,False,True
2023-15,FP2,0 days 00:21:31.050000,BOT,77,0 days 00:02:03.595000,3.0,1.0,,,0 days 00:00:36.063000,0 days 00:00:48.952000,0 days 00:00:38.580000,0 days 00:20:03.518000,0 days 00:20:52.470000,0 days 00:21:31.050000,243.0,226.0,247.0,215.0,False,HARD,3.0,True,Alfa Romeo,0 days 00:19:27.455000,,1,,False,,False,True
2023-15,FP2,0 days 00:23:06.663000,BOT,77,0 days 00:01:35.613000,4.0,1.0,,,0 days 00:00:27.858000,0 days 00:00:40.180000,0 days 00:00:27.575000,0 days 00:21:58.908000,0 days 00:22:39.088000,0 days 00:23:06.663000,303.0,273.0,245.0,292.0,True,HARD,4.0,True,Alfa Romeo,0 days 00:21:31.050000,,1,,False,,False,True
2023-15,FP2,0 days 00:25:12.690000,BOT,77,0 days 00:02:06.027000,5.0,1.0,,,0 days 00:00:36.740000,0 days 00:00:53.077000,0 days 00:00:36.210000,0 days 00:23:43.403000,0 days 00:24:36.480000,0 days 00:25:12.690000,244.0,182.0,248.0,244.0,False,HARD,5.0,True,Alfa Romeo,0 days 00:23:06.663000,,1,,False,,False,True
2023-15,FP2,0 days 00:26:47.405000,BOT,77,0 days 00:01:34.715000,6.0,1.0,,,0 days 00:00:27.873000,0 days 00:00:39.943000,0 days 00:00:26.899000,0 days 00:25:40.563000,0 days 00:26:20.506000,0 days 00:26:47.405000,300.0,271.0,247.0,291.0,True,HARD,6.0,True,Alfa Romeo,0 days 00:25:12.690000,,1,,False,,False,True
2023-15,FP2,0 days 00:28:49.400000,BOT,77,0 days 00:02:01.995000,7.0,1.0,,0 days 00:28:41.548000,0 days 00:00:32.055000,0 days 00:00:50.888000,0 days 00:00:39.052000,0 days 00:27:19.460000,0 days 00:28:10.348000,0 days 00:28:49.400000,271.0,167.0,,240.0,False,HARD,7.0,True,Alfa Romeo,0 days 00:26:47.405000,,1,,False,,False,False
2023-15,FP2,0 days 00:41:17.689000,BOT,77,,8.0,2.0,0 days 00:38:57.303000,,,0 days 00:00:54.484000,0 days 00:00:43.200000,,0 days 00:40:34.676000,0 days 00:41:17.784000,247.0,233.0,251.0,240.0,False,SOFT,1.0,True,Alfa Romeo,0 days 00:28:49.400000,,1,,False,,False,False
2023-15,FP2,0 days 00:42:50.923000,BOT,77,0 days 00:01:33.234000,9.0,2.0,,,0 days 00:00:27.424000,0 days 00:00:39.306000,0 days 00:00:26.504000,0 days 00:41:45.113000,0 days 00:42:24.419000,0 days 00:42:50.923000,307.0,275.0,251.0,295.0,True,SOFT,2.0,True,Alfa Romeo,0 days 00:41:17.689000,,1,,False,,False,True
2023-15,FP2,0 days 00:45:16.715000,BOT,77,0 days 00:02:25.792000,10.0,2.0,,,0 days 00:00:42.796000,0 days 00:01:00.213000,0 days 00:00:42.783000,0 days 00:43:33.719000,0 days 00:44:33.932000,0 days 00:45:16.715000,176.0,204.0,160.0,225.0,False,SOFT,3.0,True,Alfa Romeo,0 days 00:42:50.923000,,1,,False,,False,True
2023-15,FP2,0 days 00:47:45.194000,BOT,77,0 days 00:02:28.479000,11.0,2.0,,,0 days 00:00:41.609000,0 days 00:01:02.679000,0 days 00:00:44.191000,0 days 00:45:58.324000,0 days 00:47:01.003000,0 days 00:47:45.194000,229.0,198.0,250.0,218.0,False,SOFT,4.0,True,Alfa Romeo,0 days 00:45:16.715000,,1,,False,,False,True
2023-15,FP2,0 days 00:49:18.299000,BOT,77,0 days 00:01:33.105000,12.0,2.0,,,0 days 00:00:27.270000,0 days 00:00:39.342000,0 days 00:00:26.493000,0 days 00:48:12.464000,0 days 00:48:51.806000,0 days 00:49:18.299000,308.0,275.0,249.0,294.0,True,SOFT,5.0,True,Alfa Romeo,0 days 00:47:45.194000,,1,,False,,False,True
2023-15,FP2,0 days 00:51:20.999000,BOT,77,0 days 00:02:02.700000,13.0,2.0,,0 days 00:51:13.180000,0 days 00:00:33.792000,0 days 00:00:47.636000,0 days 00:00:41.272000,0 days 00:49:52.091000,0 days 00:50:39.727000,0 days 00:51:20.999000,266.0,243.0,,253.0,False,SOFT,6.0,True,Alfa Romeo,0 days 00:49:18.299000,,1,,False,,False,False
2023-15,FP2,0 days 01:01:18.310000,BOT,77,,14.0,3.0,0 days 00:59:17,0 days 01:01:10.326000,,0 days 00:00:43.485000,0 days 00:00:35.126000,,0 days 01:00:43.264000,0 days 01:01:18.373000,278.0,253.0,,253.0,False,SOFT,7.0,False,Alfa Romeo,0 days 00:51:20.999000,,1,,False,,False,False
2023-15,FP2,0 days 01:03:33.654000,BOT,77,0 days 00:02:15.344000,15.0,4.0,0 days 01:01:51.919000,,0 days 00:01:03.960000,0 days 00:00:43.106000,0 days 00:00:28.278000,0 days 01:02:22.270000,0 days 01:03:05.376000,0 days 01:03:33.654000,279.0,254.0,240.0,253.0,False,HARD,8.0,False,Alfa Romeo,0 days 01:01:18.310000,,1,,False,,False,False
2023-15,FP2,0 days 01:05:12.269000,BOT,77,0 days 00:01:38.615000,16.0,4.0,,,0 days 00:00:29.152000,0 days 00:00:41.516000,0 days 00:00:27.947000,0 days 01:04:02.806000,0 days 01:04:44.322000,0 days 01:05:12.269000,280.0,254.0,241.0,273.0,False,HARD,9.0,False,Alfa Romeo,0 days 01:03:33.654000,,1,,False,,False,True
2023-15,FP2,0 days 01:06:50.907000,BOT,77,0 days 00:01:38.638000,17.0,4.0,,,0 days 00:00:29.197000,0 days 00:00:41.607000,0 days 00:00:27.834000,0 days 01:05:41.466000,0 days 01:06:23.073000,0 days 01:06:50.907000,278.0,252.0,242.0,270.0,False,HARD,10.0,False,Alfa Romeo,0 days 01:05:12.269000,,1,,False,,False,True
2023-15,FP2,0 days 01:08:29.956000,BOT,77,0 days 00:01:39.049000,18.0,4.0,,,0 days 00:00:29.255000,0 days 00:00:41.897000,0 days 00:00:27.897000,0 days 01:07:20.162000,0 days 01:08:02.059000,0 days 01:08:29.956000,279.0,253.0,244.0,271.0,False,HARD,11.0,False,Alfa Romeo,0 days 01:06:50.907000,,1,,False,,False,True
2023-15,FP2,0 days 01:10:08.762000,BOT,77,0 days 00:01:38.806000,19.0,4.0,,,0 days 00:00:29.075000,0 days 00:00:42.028000,0 days 00:00:27.703000,0 days 01:08:59.031000,0 days 01:09:41.059000,0 days 01:10:08.762000,284.0,257.0,244.0,276.0,False,HARD,12.0,False,Alfa Romeo,0 days 01:08:29.956000,,1,,False,,False,True
2023-15,FP2,0 days 01:11:47.861000,BOT,77,0 days 00:01:39.099000,20.0,4.0,,,0 days 00:00:29.096000,0 days 00:00:42.028000,0 days 00:00:27.975000,0 days 01:10:37.858000,0 days 01:11:19.886000,0 days 01:11:47.861000,284.0,257.0,235.0,276.0,False,HARD,13.0,False,Alfa Romeo,0 days 01:10:08.762000,,1,,False,,False,True
2023-15,FP2,0 days 01:13:27.907000,BOT,77,0 days 00:01:40.046000,21.0,4.0,,,0 days 00:00:29.331000,0 days 00:00:42.232000,0 days 00:00:28.483000,0 days 01:12:17.192000,0 days 01:12:59.424000,0 days 01:13:27.907000,282.0,254.0,236.0,273.0,False,HARD,14.0,False,Alfa Romeo,0 days 01:11:47.861000,,1,,False,,False,True
2023-15,FP2,0 days 01:15:08.339000,BOT,77,0 days 00:01:40.432000,22.0,4.0,,,0 days 00:00:29.384000,0 days 00:00:42.767000,0 days 00:00:28.281000,0 days 01:13:57.291000,0 days 01:14:40.058000,0 days 01:15:08.339000,302.0,255.0,237.0,274.0,False,HARD,15.0,False,Alfa Romeo,0 days 01:13:27.907000,,1,,False,,False,True
2023-15,FP2,0 days 01:17:18.148000,BOT,77,0 days 00:02:09.809000,23.0,4.0,,,0 days 00:00:36.924000,0 days 00:00:51.863000,0 days 00:00:41.022000,0 days 01:15:45.263000,0 days 01:16:37.126000,0 days 01:17:18.148000,198.0,167.0,72.0,198.0,False,HARD,16.0,False,Alfa Romeo,0 days 01:15:08.339000,,1,,False,,False,True
2023-15,FP2,0 days 01:20:23.571000,BOT,77,,24.0,4.0,,0 days 01:19:31.806000,0 days 00:00:57.059000,0 days 00:00:47.168000,0 days 00:01:21.155000,0 days 01:18:15.323000,0 days 01:19:02.463000,0 days 01:20:23.571000,282.0,236.0,,185.0,False,HARD,17.0,False,Alfa Romeo,0 days 01:17:18.148000,,1,,False,,False,False
2023-15,FP2,0 days 00:19:00.957000,PIA,81,,1.0,1.0,0 days 00:16:19.795000,,,0 days 00:00:49.560000,0 days 00:00:56.486000,,0 days 00:18:04.653000,0 days 00:19:01.058000,242.0,255.0,245.0,,False,MEDIUM,1.0,True,McLaren,0 days 00:16:19.795000,,1,,False,,False,False
2023-15,FP2,0 days 00:20:36.728000,PIA,81,0 days 00:01:35.771000,2.0,1.0,,,0 days 00:00:28.251000,0 days 00:00:40.383000,0 days 00:00:27.137000,0 days 00:19:29.208000,0 days 00:20:09.591000,0 days 00:20:36.728000,304.0,273.0,224.0,295.0,True,MEDIUM,2.0,True,McLaren,0 days 00:19:00.957000,,1,,False,,False,True
2023-15,FP2,0 days 00:23:26.785000,PIA,81,,3.0,1.0,,,0 days 00:00:46.974000,0 days 00:01:13.481000,0 days 00:00:49.626000,0 days 00:21:23.884000,0 days 00:22:37.257000,0 days 00:23:26.881000,80.0,127.0,247.0,233.0,False,MEDIUM,3.0,True,McLaren,0 days 00:20:36.728000,,1,,False,,False,False
2023-15,FP2,0 days 00:25:01.989000,PIA,81,0 days 00:01:35.204000,4.0,1.0,,,0 days 00:00:27.982000,0 days 00:00:40.443000,0 days 00:00:26.779000,0 days 00:23:54.767000,0 days 00:24:35.210000,0 days 00:25:01.989000,306.0,273.0,252.0,295.0,True,MEDIUM,4.0,True,McLaren,0 days 00:23:26.785000,,1,,False,,False,True
2023-15,FP2,0 days 00:27:45.079000,PIA,81,,5.0,1.0,,,0 days 00:00:42.300000,0 days 00:01:07.195000,0 days 00:00:53.584000,0 days 00:25:44.504000,0 days 00:26:51.643000,0 days 00:27:45.174000,155.0,147.0,247.0,261.0,False,MEDIUM,5.0,True,McLaren,0 days 00:25:01.989000,,1,,False,,False,False
2023-15,FP2,0 days 00:29:20.031000,PIA,81,0 days 00:01:34.952000,6.0,1.0,,,0 days 00:00:27.735000,0 days 00:00:40.244000,0 days 00:00:26.973000,0 days 00:28:12.814000,0 days 00:28:53.058000,0 days 00:29:20.031000,306.0,272.0,253.0,295.0,True,MEDIUM,6.0,True,McLaren,0 days 00:27:45.079000,,1,,False,,False,True
2023-15,FP2,0 days 00:31:24.276000,PIA,81,0 days 00:02:04.245000,7.0,1.0,,0 days 00:31:16.451000,0 days 00:00:36.122000,0 days 00:00:49.624000,0 days 00:00:38.499000,0 days 00:29:56.153000,0 days 00:30:45.777000,0 days 00:31:24.276000,200.0,233.0,,276.0,False,MEDIUM,7.0,True,McLaren,0 days 00:29:20.031000,,1,,False,,False,False
2023-15,FP2,0 days 00:44:47.031000,PIA,81,,8.0,2.0,0 days 00:42:41.439000,,,0 days 00:00:54.345000,0 days 00:00:36.809000,,0 days 00:44:10.297000,0 days 00:44:47.031000,279.0,247.0,255.0,276.0,False,SOFT,1.0,True,McLaren,0 days 00:31:24.276000,,1,,False,,False,False
2023-15,FP2,0 days 00:46:20.492000,PIA,81,0 days 00:01:33.461000,9.0,2.0,,,0 days 00:00:27.248000,0 days 00:00:39.433000,0 days 00:00:26.780000,0 days 00:45:14.279000,0 days 00:45:53.712000,0 days 00:46:20.492000,310.0,276.0,245.0,299.0,True,SOFT,2.0,True,McLaren,0 days 00:44:47.031000,,1,,False,,False,True
2023-15,FP2,0 days 00:49:00.862000,PIA,81,,10.0,2.0,,,0 days 00:00:42.921000,0 days 00:01:07.791000,0 days 00:00:49.672000,0 days 00:47:03.528000,0 days 00:48:11.246000,0 days 00:49:00.886000,153.0,145.0,156.0,268.0,False,SOFT,3.0,True,McLaren,0 days 00:46:20.492000,,1,,False,,False,False
2023-15,FP2,0 days 00:51:26.117000,PIA,81,0 days 00:02:25.255000,11.0,2.0,,,0 days 00:00:47.333000,0 days 00:01:00.800000,0 days 00:00:37.122000,0 days 00:49:48.195000,0 days 00:50:48.995000,0 days 00:51:26.117000,195.0,234.0,251.0,189.0,False,SOFT,4.0,True,McLaren,0 days 00:49:00.862000,,1,,False,,False,True
2023-15,FP2,0 days 00:53:00.452000,PIA,81,0 days 00:01:34.335000,12.0,2.0,,,0 days 00:00:27.314000,0 days 00:00:40.294000,0 days 00:00:26.727000,0 days 00:51:53.431000,0 days 00:52:33.725000,0 days 00:53:00.452000,310.0,275.0,249.0,297.0,False,SOFT,5.0,True,McLaren,0 days 00:51:26.117000,,1,,False,,False,True
2023-15,FP2,0 days 00:55:07.941000,PIA,81,0 days 00:02:07.489000,13.0,2.0,,0 days 00:55:00.020000,0 days 00:00:32.634000,0 days 00:00:54.785000,0 days 00:00:40.070000,0 days 00:53:33.086000,0 days 00:54:27.871000,0 days 00:55:07.941000,212.0,227.0,,264.0,False,SOFT,6.0,True,McLaren,0 days 00:53:00.452000,,1,,False,,False,False
2023-15,FP2,0 days 01:02:56.581000,PIA,81,,14.0,3.0,0 days 01:01:00.076000,0 days 01:02:48.683000,,0 days 00:00:42.066000,0 days 00:00:35.708000,,0 days 01:02:21.012000,0 days 01:02:56.590000,285.0,259.0,,264.0,False,SOFT,7.0,False,McLaren,0 days 00:55:07.941000,,1,,False,,False,False
2023-15,FP2,0 days 01:04:57.806000,PIA,81,0 days 00:02:01.225000,15.0,4.0,0 days 01:03:18.370000,,0 days 00:00:50.935000,0 days 00:00:42.395000,0 days 00:00:27.895000,0 days 01:03:47.516000,0 days 01:04:29.911000,0 days 01:04:57.806000,287.0,258.0,242.0,264.0,False,MEDIUM,8.0,False,McLaren,0 days 01:02:56.581000,,1,,False,,False,False
2023-15,FP2,0 days 01:06:36.659000,PIA,81,0 days 00:01:38.853000,16.0,4.0,,,0 days 00:00:28.742000,0 days 00:00:42.201000,0 days 00:00:27.910000,0 days 01:05:26.548000,0 days 01:06:08.749000,0 days 01:06:36.659000,283.0,259.0,243.0,280.0,False,MEDIUM,9.0,False,McLaren,0 days 01:04:57.806000,,1,,False,,False,True
2023-15,FP2,0 days 01:08:15.711000,PIA,81,0 days 00:01:39.052000,17.0,4.0,,,0 days 00:00:28.761000,0 days 00:00:42.394000,0 days 00:00:27.897000,0 days 01:07:05.420000,0 days 01:07:47.814000,0 days 01:08:15.711000,285.0,258.0,243.0,277.0,False,MEDIUM,10.0,False,McLaren,0 days 01:06:36.659000,,1,,False,,False,True
2023-15,FP2,0 days 01:09:55.929000,PIA,81,0 days 00:01:40.218000,18.0,4.0,,,0 days 00:00:28.624000,0 days 00:00:43.214000,0 days 00:00:28.380000,0 days 01:08:44.335000,0 days 01:09:27.549000,0 days 01:09:55.929000,304.0,271.0,245.0,277.0,False,MEDIUM,11.0,False,McLaren,0 days 01:08:15.711000,,1,,False,,False,True
2023-15,FP2,0 days 01:11:36.268000,PIA,81,0 days 00:01:40.339000,19.0,4.0,,,0 days 00:00:28.884000,0 days 00:00:43.400000,0 days 00:00:28.055000,0 days 01:10:24.813000,0 days 01:11:08.213000,0 days 01:11:36.268000,302.0,270.0,243.0,294.0,False,MEDIUM,12.0,False,McLaren,0 days 01:09:55.929000,,1,,False,,False,True
2023-15,FP2,0 days 01:13:22.540000,PIA,81,0 days 00:01:46.272000,20.0,4.0,,,0 days 00:00:28.877000,0 days 00:00:49.429000,0 days 00:00:27.966000,0 days 01:12:05.145000,0 days 01:12:54.574000,0 days 01:13:22.540000,308.0,263.0,245.0,281.0,False,MEDIUM,13.0,False,McLaren,0 days 01:11:36.268000,,1,,False,,False,True
2023-15,FP2,0 days 01:15:02.107000,PIA,81,0 days 00:01:39.567000,21.0,4.0,,,0 days 00:00:28.984000,0 days 00:00:42.630000,0 days 00:00:27.953000,0 days 01:13:51.524000,0 days 01:14:34.154000,0 days 01:15:02.107000,284.0,258.0,241.0,283.0,False,MEDIUM,14.0,False,McLaren,0 days 01:13:22.540000,,1,,False,,False,True
2023-15,FP2,0 days 01:16:55.383000,PIA,81,0 days 00:01:53.276000,22.0,4.0,,,0 days 00:00:29.685000,0 days 00:00:45.189000,0 days 00:00:38.402000,0 days 01:15:31.792000,0 days 01:16:16.981000,0 days 01:16:55.383000,254.0,250.0,72.0,282.0,False,MEDIUM,15.0,False,McLaren,0 days 01:15:02.107000,,1,,False,,False,True
2023-15,FP2,0 days 01:19:09.069000,PIA,81,0 days 00:02:13.686000,23.0,4.0,,0 days 01:19:01.197000,0 days 00:00:53.338000,0 days 00:00:43.956000,0 days 00:00:36.392000,0 days 01:17:48.721000,0 days 01:18:32.677000,0 days 01:19:09.069000,286.0,250.0,,191.0,False,MEDIUM,16.0,False,McLaren,0 days 01:16:55.383000,,1,,False,,False,False
2023-15,FP3,0 days 00:20:38.087000,VER,1,,1.0,1.0,0 days 00:18:39.288000,,,0 days 00:00:50.121000,0 days 00:00:35.317000,,0 days 00:20:03.006000,0 days 00:20:38.208000,265.0,250.0,253.0,,False,MEDIUM,1.0,True,Red Bull Racing,0 days 00:18:39.288000,,1,,False,,False,False
2023-15,FP3,0 days 00:22:12.489000,VER,1,0 days 00:01:34.402000,2.0,1.0,,,0 days 00:00:27.663000,0 days 00:00:40.099000,0 days 00:00:26.640000,0 days 00:21:05.750000,0 days 00:21:45.849000,0 days 00:22:12.489000,308.0,275.0,254.0,296.0,True,MEDIUM,2.0,True,Red Bull Racing,0 days 00:20:38.087000,,1,,False,,False,True
2023-15,FP3,0 days 00:25:18.612000,VER,1,,3.0,1.0,,0 days 00:25:10.893000,0 days 00:00:51.496000,0 days 00:01:18.697000,0 days 00:00:55.880000,0 days 00:23:04.207000,0 days 00:24:22.768000,0 days 00:25:18.768000,122.0,124.0,,209.0,False,MEDIUM,3.0,True,Red Bull Racing,0 days 00:22:12.489000,,1,,False,,False,False
2023-15,FP3,0 days 00:27:36.136000,VER,1,0 days 00:02:17.524000,4.0,2.0,0 days 00:25:35.221000,,0 days 00:00:59.276000,0 days 00:00:48.608000,0 days 00:00:29.640000,0 days 00:26:17.888000,0 days 00:27:06.496000,0 days 00:27:36.136000,228.0,248.0,257.0,209.0,False,MEDIUM,4.0,False,Red Bull Racing,0 days 00:25:18.612000,,1,,False,,False,False
2023-15,FP3,0 days 00:29:09.796000,VER,1,0 days 00:01:33.660000,5.0,2.0,,,0 days 00:00:27.440000,0 days 00:00:39.808000,0 days 00:00:26.412000,0 days 00:28:03.576000,0 days 00:28:43.384000,0 days 00:29:09.796000,306.0,275.0,258.0,298.0,True,MEDIUM,5.0,False,Red Bull Racing,0 days 00:27:36.136000,,1,,False,,False,True
2023-15,FP3,0 days 00:31:07.938000,VER,1,0 days 00:01:58.142000,6.0,2.0,,0 days 00:31:00.201000,0 days 00:00:33.438000,0 days 00:00:47.212000,0 days 00:00:37.492000,0 days 00:29:43.234000,0 days 00:30:30.446000,0 days 00:31:07.938000,235.0,220.0,,217.0,False,MEDIUM,6.0,False,Red Bull Racing,0 days 00:29:09.796000,,1,,False,,False,False
2023-15,FP3,0 days 00:39:54.617000,VER,1,,7.0,3.0,0 days 00:37:51.478000,,,0 days 00:00:48.226000,0 days 00:00:28.032000,,0 days 00:39:26.711000,0 days 00:39:54.617000,277.0,255.0,241.0,217.0,False,MEDIUM,7.0,False,Red Bull Racing,0 days 00:31:07.938000,,1,,False,,False,False
2023-15,FP3,0 days 00:41:33.376000,VER,1,0 days 00:01:38.759000,8.0,3.0,,,0 days 00:00:29.075000,0 days 00:00:41.986000,0 days 00:00:27.698000,0 days 00:40:23.692000,0 days 00:41:05.678000,0 days 00:41:33.376000,282.0,256.0,243.0,276.0,False,MEDIUM,8.0,False,Red Bull Racing,0 days 00:39:54.617000,,12,,False,,False,True
2023-15,FP3,0 days 00:43:11.561000,VER,1,0 days 00:01:38.185000,9.0,3.0,,,0 days 00:00:29.034000,0 days 00:00:41.618000,0 days 00:00:27.533000,0 days 00:42:02.410000,0 days 00:42:44.028000,0 days 00:43:11.561000,285.0,256.0,245.0,277.0,False,MEDIUM,9.0,False,Red Bull Racing,0 days 00:41:33.376000,,1,,False,,False,True
2023-15,FP3,0 days 00:44:50.144000,VER,1,0 days 00:01:38.583000,10.0,3.0,,,0 days 00:00:29.118000,0 days 00:00:41.832000,0 days 00:00:27.633000,0 days 00:43:40.679000,0 days 00:44:22.511000,0 days 00:44:50.144000,282.0,251.0,246.0,279.0,False,MEDIUM,10.0,False,Red Bull Racing,0 days 00:43:11.561000,,1,,False,,False,True
2023-15,FP3,0 days 00:46:28.568000,VER,1,0 days 00:01:38.424000,11.0,3.0,,,0 days 00:00:29.091000,0 days 00:00:41.655000,0 days 00:00:27.678000,0 days 00:45:19.235000,0 days 00:46:00.890000,0 days 00:46:28.568000,278.0,256.0,247.0,276.0,False,MEDIUM,11.0,False,Red Bull Racing,0 days 00:44:50.144000,,1,,False,,False,True
2023-15,FP3,0 days 00:48:23.793000,VER,1,0 days 00:01:55.225000,12.0,3.0,,0 days 00:48:15.956000,0 days 00:00:32.010000,0 days 00:00:45.322000,0 days 00:00:37.893000,0 days 00:47:00.578000,0 days 00:47:45.900000,0 days 00:48:23.793000,260.0,232.0,,279.0,False,MEDIUM,12.0,False,Red Bull Racing,0 days 00:46:28.568000,,1,,False,,False,False
2023-15,FP3,0 days 01:01:49.700000,VER,1,,13.0,4.0,0 days 00:59:51.760000,,,0 days 00:00:51.608000,0 days 00:00:32.068000,,0 days 01:01:17.806000,0 days 01:01:49.775000,266.0,238.0,257.0,279.0,False,SOFT,1.0,True,Red Bull Racing,0 days 00:48:23.793000,,1,,False,,False,False
2023-15,FP3,0 days 01:03:22.336000,VER,1,0 days 00:01:32.636000,14.0,4.0,,,0 days 00:00:27.269000,0 days 00:00:39.144000,0 days 00:00:26.223000,0 days 01:02:16.969000,0 days 01:02:56.113000,0 days 01:03:22.336000,308.0,275.0,259.0,299.0,True,SOFT,2.0,True,Red Bull Racing,0 days 01:01:49.700000,,1,,False,,False,True
2023-15,FP3,0 days 01:06:13.412000,VER,1,,15.0,4.0,,0 days 01:06:05.475000,0 days 00:00:50.404000,0 days 00:01:07.962000,0 days 00:00:52.506000,0 days 01:04:12.945000,0 days 01:05:20.960000,0 days 01:06:13.412000,142.0,130.0,,194.0,False,SOFT,3.0,True,Red Bull Racing,0 days 01:03:22.336000,,12,,False,,False,False
2023-15,FP3,0 days 01:08:51.083000,VER,1,,16.0,5.0,0 days 01:06:29.850000,0 days 01:08:43.192000,0 days 00:01:01.941000,0 days 00:00:51.534000,0 days 00:00:44.279000,0 days 01:07:15.349000,0 days 01:08:06.864000,0 days 01:08:51.083000,120.0,193.0,,194.0,False,SOFT,4.0,False,Red Bull Racing,0 days 01:06:13.412000,,1,,False,,False,False
2023-15,FP3,0 days 01:13:08.654000,VER,1,,17.0,6.0,0 days 01:11:11.940000,,,0 days 00:00:48.652000,0 days 00:00:31.149000,,0 days 01:12:37.705000,0 days 01:13:08.736000,190.0,252.0,258.0,194.0,False,SOFT,5.0,False,Red Bull Racing,0 days 01:08:51.083000,,1,,False,,False,False
2023-15,FP3,0 days 01:14:41.032000,VER,1,0 days 00:01:32.378000,18.0,6.0,,,0 days 00:00:27.178000,0 days 00:00:38.985000,0 days 00:00:26.215000,0 days 01:13:35.832000,0 days 01:14:14.817000,0 days 01:14:41.032000,310.0,276.0,259.0,300.0,True,SOFT,6.0,False,Red Bull Racing,0 days 01:13:08.654000,,1,,False,,False,True
2023-15,FP3,0 days 01:16:48.210000,VER,1,0 days 00:02:07.178000,19.0,6.0,,,0 days 00:00:44.004000,0 days 00:00:49.307000,0 days 00:00:33.867000,0 days 01:15:25.036000,0 days 01:16:14.343000,0 days 01:16:48.210000,183.0,191.0,170.0,246.0,False,SOFT,7.0,False,Red Bull Racing,0 days 01:14:41.032000,,1,,False,,False,True
2023-15,FP3,0 days 01:19:09.834000,VER,1,0 days 00:02:21.624000,20.0,6.0,,,0 days 00:00:42.539000,0 days 00:00:52.893000,0 days 00:00:46.192000,0 days 01:17:30.749000,0 days 01:18:23.642000,0 days 01:19:09.834000,148.0,176.0,80.0,131.0,False,SOFT,8.0,False,Red Bull Racing,0 days 01:16:48.210000,,1,,False,,False,True
2023-15,FP3,0 days 01:21:34.372000,VER,1,0 days 00:02:24.538000,21.0,6.0,,0 days 01:21:26.590000,0 days 00:00:57.118000,0 days 00:00:48.484000,0 days 00:00:38.936000,0 days 01:20:06.952000,0 days 01:20:55.436000,0 days 01:21:34.372000,205.0,183.0,,208.0,False,SOFT,9.0,False,Red Bull Racing,0 days 01:19:09.834000,,1,,False,,False,False
2023-15,FP3,0 days 00:35:22.324000,SAR,2,,1.0,1.0,0 days 00:33:02.872000,,,0 days 00:00:55.335000,0 days 00:00:49.853000,,0 days 00:34:32.637000,0 days 00:35:22.324000,301.0,251.0,249.0,,False,SOFT,1.0,True,Williams,0 days 00:33:02.872000,,1,,False,,False,False
2023-15,FP3,0 days 00:36:57.153000,SAR,2,0 days 00:01:34.829000,2.0,1.0,,,0 days 00:00:27.908000,0 days 00:00:40.134000,0 days 00:00:26.787000,0 days 00:35:50.232000,0 days 00:36:30.366000,0 days 00:36:57.153000,308.0,277.0,247.0,298.0,True,SOFT,2.0,True,Williams,0 days 00:35:22.324000,,1,,False,,False,True
2023-15,FP3,0 days 00:39:32.957000,SAR,2,,3.0,1.0,,,0 days 00:00:47.261000,0 days 00:01:07.298000,0 days 00:00:41.298000,0 days 00:37:44.525000,0 days 00:38:51.868000,0 days 00:39:33.039000,156.0,217.0,191.0,286.0,False,SOFT,3.0,True,Williams,0 days 00:36:57.153000,,1,,False,,False,False
2023-15,FP3,0 days 00:41:58.526000,SAR,2,0 days 00:02:25.569000,4.0,1.0,,,0 days 00:00:35.641000,0 days 00:01:00.439000,0 days 00:00:49.489000,0 days 00:40:08.598000,0 days 00:41:09.037000,0 days 00:41:58.526000,270.0,254.0,250.0,252.0,False,SOFT,4.0,True,Williams,0 days 00:39:32.957000,,12,,False,,False,True
2023-15,FP3,0 days 00:43:32.662000,SAR,2,0 days 00:01:34.136000,5.0,1.0,,,0 days 00:00:27.688000,0 days 00:00:39.783000,0 days 00:00:26.665000,0 days 00:42:26.214000,0 days 00:43:05.997000,0 days 00:43:32.662000,308.0,277.0,253.0,298.0,True,SOFT,5.0,True,Williams,0 days 00:41:58.526000,,1,,False,,False,True
2023-15,FP3,0 days 00:45:25.936000,SAR,2,0 days 00:01:53.274000,6.0,1.0,,0 days 00:45:18.129000,0 days 00:00:30.608000,0 days 00:00:46.284000,0 days 00:00:36.382000,0 days 00:44:03.270000,0 days 00:44:49.554000,0 days 00:45:25.936000,272.0,248.0,,288.0,False,SOFT,6.0,True,Williams,0 days 00:43:32.662000,,1,,False,,False,False
2023-15,FP3,0 days 00:56:12.351000,SAR,2,,7.0,2.0,0 days 00:54:04.358000,,,0 days 00:00:55.466000,0 days 00:00:36.621000,,0 days 00:55:35.935000,0 days 00:56:12.419000,301.0,271.0,253.0,288.0,False,SOFT,1.0,True,Williams,0 days 00:45:25.936000,,1,,False,,False,False
2023-15,FP3,0 days 00:57:46.059000,SAR,2,0 days 00:01:33.708000,8.0,2.0,,,0 days 00:00:27.490000,0 days 00:00:39.668000,0 days 00:00:26.550000,0 days 00:56:39.841000,0 days 00:57:19.509000,0 days 00:57:46.059000,308.0,277.0,255.0,299.0,True,SOFT,2.0,True,Williams,0 days 00:56:12.351000,,1,,False,,False,True
2023-15,FP3,0 days 01:00:11.874000,SAR,2,0 days 00:02:25.815000,9.0,2.0,,,0 days 00:00:41.971000,0 days 00:01:02.235000,0 days 00:00:41.609000,0 days 00:58:28.030000,0 days 00:59:30.265000,0 days 01:00:11.874000,225.0,239.0,188.0,283.0,False,SOFT,3.0,True,Williams,0 days 00:57:46.059000,,1,,False,,False,True
2023-15,FP3,0 days 01:02:28.006000,SAR,2,0 days 00:02:16.132000,10.0,2.0,,,0 days 00:00:39.650000,0 days 00:01:01.716000,0 days 00:00:34.766000,0 days 01:00:51.524000,0 days 01:01:53.240000,0 days 01:02:28.006000,219.0,249.0,253.0,252.0,False,SOFT,4.0,True,Williams,0 days 01:00:11.874000,,1,,False,,False,True
2023-15,FP3,0 days 01:04:02.947000,SAR,2,0 days 00:01:34.941000,11.0,2.0,,,0 days 00:00:27.746000,0 days 00:00:40.483000,0 days 00:00:26.712000,0 days 01:02:55.752000,0 days 01:03:36.235000,0 days 01:04:02.947000,308.0,276.0,253.0,298.0,False,SOFT,5.0,True,Williams,0 days 01:02:28.006000,,12,,False,,False,True
2023-15,FP3,0 days 01:06:21.708000,SAR,2,0 days 00:02:18.761000,12.0,2.0,,0 days 01:06:13.912000,0 days 00:00:33.196000,0 days 00:01:01.066000,0 days 00:00:44.499000,0 days 01:04:36.143000,0 days 01:05:37.209000,0 days 01:06:21.708000,240.0,255.0,,286.0,False,SOFT,6.0,True,Williams,0 days 01:04:02.947000,,21,,False,,False,False
2023-15,FP3,0 days 01:08:44.840000,SAR,2,0 days 00:02:23.132000,13.0,3.0,0 days 01:06:50.584000,0 days 01:08:37.067000,0 days 00:01:00.277000,0 days 00:00:45.899000,0 days 00:00:36.956000,0 days 01:07:21.985000,0 days 01:08:07.884000,0 days 01:08:44.840000,280.0,265.0,,286.0,False,SOFT,7.0,False,Williams,0 days 01:06:21.708000,,1,,False,,False,False
2023-15,FP3,0 days 01:16:46.640000,SAR,2,,14.0,4.0,0 days 01:14:38.188000,,,0 days 00:00:49.286000,0 days 00:00:35.329000,,0 days 01:16:11.437000,0 days 01:16:46.640000,211.0,250.0,159.0,286.0,False,SOFT,7.0,False,Williams,0 days 01:08:44.840000,,1,,False,,False,False
2023-15,FP3,0 days 01:19:00.403000,SAR,2,0 days 00:02:13.763000,15.0,4.0,,,0 days 00:00:40.617000,0 days 00:00:52.234000,0 days 00:00:40.912000,0 days 01:17:27.257000,0 days 01:18:19.491000,0 days 01:19:00.403000,240.0,245.0,61.0,189.0,False,SOFT,8.0,False,Williams,0 days 01:16:46.640000,,1,,False,,False,True
2023-15,FP3,0 days 01:21:29.188000,SAR,2,0 days 00:02:28.785000,16.0,4.0,,0 days 01:21:20.777000,0 days 00:00:58.318000,0 days 00:00:48.638000,0 days 00:00:41.829000,0 days 01:19:58.721000,0 days 01:20:47.359000,0 days 01:21:29.188000,240.0,235.0,,208.0,False,SOFT,9.0,False,Williams,0 days 01:19:00.403000,,1,,False,,False,False
2023-15,FP3,0 days 00:26:11.802000,NOR,4,,1.0,1.0,0 days 00:24:05.472000,,,0 days 00:00:48.388000,0 days 00:00:32.013000,,0 days 00:25:39.971000,0 days 00:26:11.892000,260.0,251.0,251.0,,False,MEDIUM,1.0,True,McLaren,0 days 00:24:05.472000,,1,,False,,False,False
2023-15,FP3,0 days 00:27:46.063000,NOR,4,0 days 00:01:34.261000,2.0,1.0,,,0 days 00:00:27.789000,0 days 00:00:39.827000,0 days 00:00:26.645000,0 days 00:26:39.591000,0 days 00:27:19.418000,0 days 00:27:46.063000,304.0,273.0,256.0,294.0,True,MEDIUM,2.0,True,McLaren,0 days 00:26:11.802000,,1,,False,,False,True
2023-15,FP3,0 days 00:30:19.517000,NOR,4,,3.0,1.0,,,0 days 00:00:48.938000,0 days 00:01:06.433000,0 days 00:00:38.078000,0 days 00:28:35.203000,0 days 00:29:41.687000,0 days 00:30:19.671000,101.0,145.0,253.0,222.0,False,MEDIUM,3.0,True,McLaren,0 days 00:27:46.063000,,1,,False,,False,False
2023-15,FP3,0 days 00:31:53.451000,NOR,4,0 days 00:01:33.934000,4.0,1.0,,,0 days 00:00:27.519000,0 days 00:00:39.787000,0 days 00:00:26.628000,0 days 00:30:47.036000,0 days 00:31:26.823000,0 days 00:31:53.451000,305.0,273.0,253.0,296.0,True,MEDIUM,4.0,True,McLaren,0 days 00:30:19.517000,,1,,False,,False,True
2023-15,FP3,0 days 00:34:13.019000,NOR,4,0 days 00:02:19.568000,5.0,1.0,,0 days 00:34:05.199000,0 days 00:00:40.436000,0 days 00:00:55.475000,0 days 00:00:43.657000,0 days 00:32:33.887000,0 days 00:33:29.362000,0 days 00:34:13.019000,148.0,179.0,,245.0,False,MEDIUM,5.0,True,McLaren,0 days 00:31:53.451000,,1,,False,,False,False
2023-15,FP3,0 days 00:41:50.058000,NOR,4,,6.0,2.0,0 days 00:39:44.024000,,,0 days 00:00:52.035000,0 days 00:00:37.458000,,0 days 00:41:12.788000,0 days 00:41:50.163000,221.0,215.0,254.0,245.0,False,MEDIUM,6.0,False,McLaren,0 days 00:34:13.019000,,12,,False,,False,False
2023-15,FP3,0 days 00:43:23.834000,NOR,4,0 days 00:01:33.776000,7.0,2.0,,,0 days 00:00:27.393000,0 days 00:00:39.756000,0 days 00:00:26.627000,0 days 00:42:17.451000,0 days 00:42:57.207000,0 days 00:43:23.834000,306.0,274.0,253.0,297.0,True,MEDIUM,7.0,False,McLaren,0 days 00:41:50.058000,,1,,False,,False,True
2023-15,FP3,0 days 00:45:58.645000,NOR,4,,8.0,2.0,,0 days 00:45:50.770000,0 days 00:00:41.590000,0 days 00:01:03.781000,0 days 00:00:49.369000,0 days 00:44:05.646000,0 days 00:45:09.379000,0 days 00:45:58.645000,156.0,192.0,,263.0,False,MEDIUM,8.0,False,McLaren,0 days 00:43:23.834000,,1,,False,,False,False
2023-15,FP3,0 days 00:56:28.740000,NOR,4,,9.0,3.0,0 days 00:54:15.795000,,,0 days 00:00:52.034000,0 days 00:00:45.147000,,0 days 00:55:43.748000,0 days 00:56:28.809000,256.0,168.0,258.0,263.0,False,SOFT,1.0,True,McLaren,0 days 00:45:58.645000,,1,,False,,False,False
2023-15,FP3,0 days 00:58:01.043000,NOR,4,0 days 00:01:32.303000,10.0,3.0,,,0 days 00:00:26.973000,0 days 00:00:39.106000,0 days 00:00:26.224000,0 days 00:56:55.713000,0 days 00:57:34.819000,0 days 00:58:01.043000,310.0,277.0,256.0,302.0,True,SOFT,2.0,True,McLaren,0 days 00:56:28.740000,,1,,False,,False,True
2023-15,FP3,0 days 01:00:39.720000,NOR,4,,11.0,3.0,,,0 days 00:00:45.723000,0 days 00:01:07.626000,0 days 00:00:45.306000,0 days 00:58:46.964000,0 days 00:59:54.620000,0 days 01:00:39.760000,138.0,136.0,151.0,225.0,False,SOFT,3.0,True,McLaren,0 days 00:58:01.043000,,1,,False,,False,False
2023-15,FP3,0 days 01:03:05.547000,NOR,4,0 days 00:02:25.827000,12.0,3.0,,,0 days 00:00:44.795000,0 days 00:01:03.731000,0 days 00:00:37.301000,0 days 01:01:24.515000,0 days 01:02:28.246000,0 days 01:03:05.547000,180.0,159.0,256.0,170.0,False,SOFT,4.0,True,McLaren,0 days 01:00:39.720000,,1,,False,,False,True
2023-15,FP3,0 days 01:04:38.132000,NOR,4,0 days 00:01:32.585000,13.0,3.0,,,0 days 00:00:27.094000,0 days 00:00:39.365000,0 days 00:00:26.126000,0 days 01:03:32.641000,0 days 01:04:12.006000,0 days 01:04:38.132000,305.0,264.0,258.0,297.0,False,SOFT,5.0,True,McLaren,0 days 01:03:05.547000,,12,,False,,False,True
2023-15,FP3,0 days 01:06:36.715000,NOR,4,0 days 00:01:58.583000,14.0,3.0,,0 days 01:06:28.897000,0 days 00:00:32.750000,0 days 00:00:47.745000,0 days 00:00:38.088000,0 days 01:05:10.882000,0 days 01:05:58.627000,0 days 01:06:36.715000,227.0,181.0,,241.0,False,SOFT,6.0,True,McLaren,0 days 01:04:38.132000,,1,,False,,False,False
2023-15,FP3,0 days 01:16:08.281000,NOR,4,,15.0,4.0,0 days 01:14:17.110000,,,0 days 00:00:42.949000,0 days 00:00:26.829000,,0 days 01:15:41.562000,0 days 01:16:08.281000,282.0,264.0,251.0,241.0,False,SOFT,7.0,False,McLaren,0 days 01:06:36.715000,,1,,False,,False,False
2023-15,FP3,0 days 01:18:17.091000,NOR,4,0 days 00:02:08.810000,16.0,4.0,,,0 days 00:00:31.515000,0 days 00:00:47.054000,0 days 00:00:50.241000,0 days 01:16:39.796000,0 days 01:17:26.850000,0 days 01:18:17.091000,227.0,209.0,65.0,285.0,False,SOFT,8.0,False,McLaren,0 days 01:16:08.281000,,1,,False,,False,True
2023-15,FP3,0 days 01:20:51.137000,NOR,4,,17.0,4.0,,0 days 01:20:42.622000,0 days 00:01:00.919000,0 days 00:00:47.059000,0 days 00:00:45.975000,0 days 01:19:18.154000,0 days 01:20:05.185000,0 days 01:20:51.137000,281.0,221.0,,213.0,False,SOFT,9.0,False,McLaren,0 days 01:18:17.091000,,1,,False,,False,False
2023-15,FP3,0 days 00:23:11.043000,GAS,10,,1.0,1.0,0 days 00:21:04.614000,,,0 days 00:00:57.481000,0 days 00:00:33.578000,,0 days 00:22:37.676000,0 days 00:23:11.129000,278.0,201.0,253.0,,False,MEDIUM,1.0,True,Alpine,0 days 00:21:04.614000,,1,,False,,False,False
2023-15,FP3,0 days 00:25:32.058000,GAS,10,0 days 00:02:21.015000,2.0,1.0,,,0 days 00:00:44.628000,0 days 00:01:05.084000,0 days 00:00:31.303000,0 days 00:23:55.671000,0 days 00:25:00.755000,0 days 00:25:32.058000,146.0,191.0,253.0,295.0,True,MEDIUM,2.0,True,Alpine,0 days 00:23:11.043000,,1,,False,,False,True
2023-15,FP3,0 days 00:27:07.845000,GAS,10,0 days 00:01:35.787000,3.0,1.0,,,0 days 00:00:28.200000,0 days 00:00:40.642000,0 days 00:00:26.945000,0 days 00:26:00.258000,0 days 00:26:40.900000,0 days 00:27:07.845000,304.0,271.0,252.0,295.0,True,MEDIUM,3.0,True,Alpine,0 days 00:25:32.058000,,1,,False,,False,True
2023-15,FP3,0 days 00:29:50.104000,GAS,10,,4.0,1.0,,,0 days 00:00:50.494000,0 days 00:01:06.790000,0 days 00:00:44.960000,0 days 00:27:58.563000,0 days 00:29:05.390000,0 days 00:29:50.155000,116.0,143.0,167.0,276.0,False,MEDIUM,4.0,True,Alpine,0 days 00:27:07.845000,,1,,False,,False,False
2023-15,FP3,0 days 00:32:00.893000,GAS,10,0 days 00:02:10.789000,5.0,1.0,,,0 days 00:00:38.045000,0 days 00:00:54.386000,0 days 00:00:38.358000,0 days 00:30:28.149000,0 days 00:31:22.535000,0 days 00:32:00.893000,185.0,224.0,253.0,232.0,False,MEDIUM,5.0,True,Alpine,0 days 00:29:50.104000,,1,,False,,False,True
2023-15,FP3,0 days 00:33:35.575000,GAS,10,0 days 00:01:34.682000,6.0,1.0,,,0 days 00:00:27.899000,0 days 00:00:40.045000,0 days 00:00:26.738000,0 days 00:32:28.792000,0 days 00:33:08.837000,0 days 00:33:35.575000,304.0,274.0,254.0,297.0,True,MEDIUM,6.0,True,Alpine,0 days 00:32:00.893000,,1,,False,,False,True
2023-15,FP3,0 days 00:36:08.620000,GAS,10,,7.0,1.0,,,0 days 00:00:43.443000,0 days 00:01:04.795000,0 days 00:00:44.725000,0 days 00:34:19.230000,0 days 00:35:24.042000,0 days 00:36:08.620000,145.0,150.0,129.0,285.0,False,MEDIUM,7.0,True,Alpine,0 days 00:33:35.575000,,1,,False,,False,False
2023-15,FP3,0 days 00:38:38.737000,GAS,10,,8.0,1.0,,,0 days 00:00:47.991000,0 days 00:01:03.107000,0 days 00:00:39.023000,0 days 00:36:56.760000,0 days 00:37:59.837000,0 days 00:38:38.743000,141.0,191.0,253.0,152.0,False,MEDIUM,8.0,True,Alpine,0 days 00:36:08.620000,,1,,False,,False,False
2023-15,FP3,0 days 00:40:14.023000,GAS,10,0 days 00:01:35.286000,9.0,1.0,,,0 days 00:00:27.851000,0 days 00:00:40.402000,0 days 00:00:27.033000,0 days 00:39:06.588000,0 days 00:39:46.990000,0 days 00:40:14.023000,305.0,274.0,245.0,297.0,False,MEDIUM,9.0,True,Alpine,0 days 00:38:38.737000,,1,,False,,False,True
2023-15,FP3,0 days 00:42:15.510000,GAS,10,0 days 00:02:01.487000,10.0,1.0,,0 days 00:42:06.397000,0 days 00:00:37.818000,0 days 00:00:44.211000,0 days 00:00:39.458000,0 days 00:40:51.841000,0 days 00:41:36.052000,0 days 00:42:15.510000,231.0,252.0,,283.0,False,MEDIUM,10.0,True,Alpine,0 days 00:40:14.023000,,12,,False,,False,False
2023-15,FP3,0 days 00:59:38.401000,GAS,10,,11.0,2.0,0 days 00:57:28.653000,,,0 days 00:00:55.913000,0 days 00:00:31.006000,,0 days 00:59:07.573000,0 days 00:59:38.511000,160.0,234.0,253.0,283.0,False,SOFT,1.0,True,Alpine,0 days 00:42:15.510000,,1,,False,,False,False
2023-15,FP3,0 days 01:01:11.916000,GAS,10,0 days 00:01:33.515000,12.0,2.0,,,0 days 00:00:27.459000,0 days 00:00:39.553000,0 days 00:00:26.503000,0 days 01:00:05.860000,0 days 01:00:45.413000,0 days 01:01:11.916000,305.0,274.0,253.0,296.0,True,SOFT,2.0,True,Alpine,0 days 00:59:38.401000,,1,,False,,False,True
2023-15,FP3,0 days 01:03:55.776000,GAS,10,,13.0,2.0,,,0 days 00:00:50.050000,0 days 00:01:09.241000,0 days 00:00:44.563000,0 days 01:02:02.196000,0 days 01:03:11.508000,0 days 01:03:55.867000,124.0,136.0,150.0,282.0,False,SOFT,3.0,True,Alpine,0 days 01:01:11.916000,,1,,False,,False,False
2023-15,FP3,0 days 01:06:08.060000,GAS,10,0 days 00:02:12.284000,14.0,2.0,,,0 days 00:00:44.732000,0 days 00:00:56.433000,0 days 00:00:31.119000,0 days 01:04:40.508000,0 days 01:05:36.941000,0 days 01:06:08.060000,213.0,255.0,254.0,187.0,False,SOFT,4.0,True,Alpine,0 days 01:03:55.776000,,12,,False,,False,True
2023-15,FP3,0 days 01:07:41.411000,GAS,10,0 days 00:01:33.351000,15.0,2.0,,,0 days 00:00:27.470000,0 days 00:00:39.477000,0 days 00:00:26.404000,0 days 01:06:35.530000,0 days 01:07:15.007000,0 days 01:07:41.411000,306.0,274.0,254.0,298.0,True,SOFT,5.0,True,Alpine,0 days 01:06:08.060000,,1,,False,,False,True
2023-15,FP3,0 days 01:09:34.586000,GAS,10,0 days 00:01:53.175000,16.0,2.0,,0 days 01:09:26.504000,0 days 00:00:31.472000,0 days 00:00:44.016000,0 days 00:00:37.687000,0 days 01:08:12.883000,0 days 01:08:56.899000,0 days 01:09:34.586000,262.0,245.0,,285.0,False,SOFT,6.0,True,Alpine,0 days 01:07:41.411000,,1,,False,,False,False
2023-15,FP3,0 days 01:15:27.934000,GAS,10,,17.0,3.0,0 days 01:13:11.392000,,,0 days 00:00:49.075000,0 days 00:00:31.731000,,0 days 01:14:56.313000,0 days 01:15:27.953000,226.0,215.0,212.0,285.0,False,MEDIUM,11.0,False,Alpine,0 days 01:09:34.586000,,1,,False,,False,False
2023-15,FP3,0 days 01:17:27.365000,GAS,10,0 days 00:01:59.431000,18.0,3.0,,,0 days 00:00:33.121000,0 days 00:00:46.728000,0 days 00:00:39.582000,0 days 01:16:01.055000,0 days 01:16:47.783000,0 days 01:17:27.365000,237.0,236.0,48.0,253.0,False,MEDIUM,12.0,False,Alpine,0 days 01:15:27.934000,,1,,False,,False,True
2023-15,FP3,0 days 01:19:45.310000,GAS,10,0 days 00:02:17.945000,19.0,3.0,,0 days 01:19:37.497000,0 days 00:01:00.066000,0 days 00:00:42.515000,0 days 00:00:35.364000,0 days 01:18:27.431000,0 days 01:19:09.946000,0 days 01:19:45.310000,291.0,262.0,,191.0,False,MEDIUM,13.0,False,Alpine,0 days 01:17:27.365000,,1,,False,,False,False
2023-15,FP3,0 days 00:19:49.662000,PER,11,,1.0,1.0,0 days 00:17:46.507000,,,0 days 00:00:55.847000,0 days 00:00:32.711000,,0 days 00:19:17.147000,0 days 00:19:49.740000,276.0,250.0,253.0,,False,MEDIUM,1.0,True,Red Bull Racing,0 days 00:17:46.507000,,1,,False,,False,False
2023-15,FP3,0 days 00:21:24.895000,PER,11,0 days 00:01:35.233000,2.0,1.0,,,0 days 00:00:27.980000,0 days 00:00:40.396000,0 days 00:00:26.857000,0 days 00:20:17.642000,0 days 00:20:58.038000,0 days 00:21:24.895000,307.0,277.0,252.0,297.0,True,MEDIUM,2.0,True,Red Bull Racing,0 days 00:19:49.662000,,1,,False,,False,True
2023-15,FP3,0 days 00:24:11.034000,PER,11,,3.0,1.0,,0 days 00:24:03.065000,0 days 00:00:46.715000,0 days 00:01:04.551000,0 days 00:00:54.788000,0 days 00:22:11.879000,0 days 00:23:16.425000,0 days 00:24:11.034000,137.0,135.0,,196.0,False,MEDIUM,3.0,True,Red Bull Racing,0 days 00:21:24.895000,,1,,False,,False,False
2023-15,FP3,0 days 00:26:50.777000,PER,11,,4.0,2.0,0 days 00:24:36.112000,,0 days 00:01:07.340000,0 days 00:01:00.228000,0 days 00:00:32.256000,0 days 00:25:18.533000,0 days 00:26:18.736000,0 days 00:26:50.876000,241.0,214.0,252.0,196.0,False,MEDIUM,4.0,False,Red Bull Racing,0 days 00:24:11.034000,,1,,False,,False,False
2023-15,FP3,0 days 00:28:25.094000,PER,11,0 days 00:01:34.317000,5.0,2.0,,,0 days 00:00:27.606000,0 days 00:00:39.869000,0 days 00:00:26.842000,0 days 00:27:18.383000,0 days 00:27:58.252000,0 days 00:28:25.094000,308.0,277.0,253.0,297.0,True,MEDIUM,5.0,False,Red Bull Racing,0 days 00:26:50.777000,,1,,False,,False,True
2023-15,FP3,0 days 00:30:34.313000,PER,11,0 days 00:02:09.219000,6.0,2.0,,0 days 00:30:26.592000,0 days 00:00:44.269000,0 days 00:00:47.095000,0 days 00:00:37.855000,0 days 00:29:09.363000,0 days 00:29:56.458000,0 days 00:30:34.313000,222.0,248.0,,207.0,False,MEDIUM,6.0,False,Red Bull Racing,0 days 00:28:25.094000,,1,,False,,False,False
2023-15,FP3,0 days 00:41:44.710000,PER,11,,7.0,3.0,0 days 00:39:12.727000,,,0 days 00:01:03.735000,0 days 00:00:36.104000,,0 days 00:41:08.710000,0 days 00:41:44.710000,160.0,227.0,253.0,207.0,False,MEDIUM,7.0,False,Red Bull Racing,0 days 00:30:34.313000,,12,,False,,False,False
2023-15,FP3,0 days 00:43:19.208000,PER,11,0 days 00:01:34.498000,8.0,3.0,,,0 days 00:00:27.789000,0 days 00:00:40.005000,0 days 00:00:26.704000,0 days 00:42:12.499000,0 days 00:42:52.504000,0 days 00:43:19.208000,307.0,276.0,250.0,296.0,False,MEDIUM,8.0,False,Red Bull Racing,0 days 00:41:44.710000,,1,,False,,False,True
2023-15,FP3,0 days 00:45:59.738000,PER,11,,9.0,3.0,,,0 days 00:00:44.019000,0 days 00:01:06.302000,0 days 00:00:50.210000,0 days 00:44:03.380000,0 days 00:45:09.676000,0 days 00:45:59.738000,141.0,134.0,141.0,211.0,False,MEDIUM,9.0,False,Red Bull Racing,0 days 00:43:19.208000,,1,,False,,False,False
2023-15,FP3,0 days 00:48:36.999000,PER,11,,10.0,3.0,,,0 days 00:00:48.044000,0 days 00:01:09.620000,0 days 00:00:39.691000,0 days 00:46:47.941000,0 days 00:47:57.503000,0 days 00:48:37.002000,146.0,221.0,250.0,145.0,False,MEDIUM,10.0,False,Red Bull Racing,0 days 00:45:59.738000,,1,,False,,False,False
2023-15,FP3,0 days 00:50:10.954000,PER,11,0 days 00:01:33.955000,11.0,3.0,,,0 days 00:00:27.752000,0 days 00:00:39.672000,0 days 00:00:26.531000,0 days 00:49:04.751000,0 days 00:49:44.423000,0 days 00:50:10.954000,305.0,273.0,253.0,296.0,True,MEDIUM,11.0,False,Red Bull Racing,0 days 00:48:36.999000,,1,,False,,False,True
2023-15,FP3,0 days 00:52:08.312000,PER,11,0 days 00:01:57.358000,12.0,3.0,,0 days 00:52:00.578000,0 days 00:00:33.342000,0 days 00:00:46.665000,0 days 00:00:37.351000,0 days 00:50:44.296000,0 days 00:51:30.961000,0 days 00:52:08.312000,263.0,252.0,,239.0,False,MEDIUM,12.0,False,Red Bull Racing,0 days 00:50:10.954000,,1,,False,,False,False
2023-15,FP3,0 days 01:04:17.185000,PER,11,,13.0,4.0,0 days 01:01:54.743000,,,0 days 00:01:07.020000,0 days 00:00:36.233000,,0 days 01:03:41.180000,0 days 01:04:17.304000,197.0,200.0,256.0,239.0,False,SOFT,1.0,True,Red Bull Racing,0 days 00:52:08.312000,,12,,False,,False,False
2023-15,FP3,0 days 01:05:50.147000,PER,11,0 days 00:01:32.962000,14.0,4.0,,,0 days 00:00:27.306000,0 days 00:00:39.221000,0 days 00:00:26.435000,0 days 01:04:44.491000,0 days 01:05:23.712000,0 days 01:05:50.147000,310.0,277.0,256.0,299.0,True,SOFT,2.0,True,Red Bull Racing,0 days 01:04:17.185000,,1,,False,,False,True
2023-15,FP3,0 days 01:08:38.286000,PER,11,,15.0,4.0,,0 days 01:08:30.005000,0 days 00:00:45.779000,0 days 00:01:07.934000,0 days 00:00:54.258000,0 days 01:06:36.147000,0 days 01:07:44.083000,0 days 01:08:38.286000,122.0,112.0,,230.0,False,SOFT,3.0,True,Red Bull Racing,0 days 01:05:50.147000,,1,,False,,False,False
2023-15,FP3,0 days 01:11:48.374000,PER,11,,16.0,5.0,0 days 01:09:06.864000,,0 days 00:01:17.914000,0 days 00:01:17.642000,0 days 00:00:34.677000,0 days 01:09:56.269000,0 days 01:11:13.815000,0 days 01:11:48.471000,122.0,125.0,255.0,230.0,False,SOFT,4.0,False,Red Bull Racing,0 days 01:08:38.286000,,1,,False,,False,False
2023-15,FP3,0 days 01:13:21.158000,PER,11,0 days 00:01:32.784000,17.0,5.0,,,0 days 00:00:27.255000,0 days 00:00:39.266000,0 days 00:00:26.263000,0 days 01:12:15.629000,0 days 01:12:54.895000,0 days 01:13:21.158000,309.0,277.0,253.0,298.0,True,SOFT,5.0,False,Red Bull Racing,0 days 01:11:48.374000,,1,,False,,False,True
2023-15,FP3,0 days 01:15:44.690000,PER,11,0 days 00:02:23.532000,18.0,5.0,,,0 days 00:00:42.573000,0 days 00:01:08.270000,0 days 00:00:32.689000,0 days 01:14:03.731000,0 days 01:15:12.001000,0 days 01:15:44.690000,146.0,132.0,227.0,246.0,False,SOFT,6.0,False,Red Bull Racing,0 days 01:13:21.158000,,1,,False,,False,True
2023-15,FP3,0 days 01:18:00.160000,PER,11,0 days 00:02:15.470000,19.0,5.0,,,0 days 00:00:32.624000,0 days 00:00:57.797000,0 days 00:00:45.049000,0 days 01:16:17.314000,0 days 01:17:15.111000,0 days 01:18:00.160000,241.0,175.0,52.0,229.0,False,SOFT,7.0,False,Red Bull Racing,0 days 01:15:44.690000,,1,,False,,False,True
2023-15,FP3,0 days 01:20:21.632000,PER,11,0 days 00:02:21.472000,20.0,5.0,,0 days 01:20:13.934000,0 days 00:01:01.476000,0 days 00:00:42.521000,0 days 00:00:37.475000,0 days 01:19:01.636000,0 days 01:19:44.157000,0 days 01:20:21.632000,281.0,254.0,,195.0,False,SOFT,8.0,False,Red Bull Racing,0 days 01:18:00.160000,,1,,False,,False,False
2023-15,FP3,0 days 00:29:39.860000,ALO,14,,1.0,1.0,0 days 00:27:19.360000,,,0 days 00:00:50.733000,0 days 00:00:37.521000,,0 days 00:29:02.515000,0 days 00:29:39.952000,276.0,257.0,244.0,,False,MEDIUM,1.0,True,Aston Martin,0 days 00:27:19.360000,,1,,False,,False,False
2023-15,FP3,0 days 00:31:15.404000,ALO,14,0 days 00:01:35.544000,2.0,1.0,,,0 days 00:00:28.365000,0 days 00:00:40.272000,0 days 00:00:26.907000,0 days 00:30:08.225000,0 days 00:30:48.497000,0 days 00:31:15.404000,302.0,272.0,251.0,293.0,True,MEDIUM,2.0,True,Aston Martin,0 days 00:29:39.860000,,1,,False,,False,True
2023-15,FP3,0 days 00:33:27.864000,ALO,14,0 days 00:02:12.460000,3.0,1.0,,,0 days 00:00:39.264000,0 days 00:00:58.950000,0 days 00:00:34.246000,0 days 00:31:54.668000,0 days 00:32:53.618000,0 days 00:33:27.864000,168.0,244.0,253.0,204.0,False,MEDIUM,3.0,True,Aston Martin,0 days 00:31:15.404000,,1,,False,,False,True
2023-15,FP3,0 days 00:35:01.929000,ALO,14,0 days 00:01:34.065000,4.0,1.0,,,0 days 00:00:27.601000,0 days 00:00:39.905000,0 days 00:00:26.559000,0 days 00:33:55.465000,0 days 00:34:35.370000,0 days 00:35:01.929000,307.0,276.0,253.0,299.0,True,MEDIUM,4.0,True,Aston Martin,0 days 00:33:27.864000,,1,,False,,False,True
2023-15,FP3,0 days 00:37:18.331000,ALO,14,0 days 00:02:16.402000,5.0,1.0,,,0 days 00:00:40.156000,0 days 00:01:01.520000,0 days 00:00:34.726000,0 days 00:35:42.085000,0 days 00:36:43.605000,0 days 00:37:18.331000,159.0,243.0,254.0,199.0,False,MEDIUM,5.0,True,Aston Martin,0 days 00:35:01.929000,,1,,False,,False,True
2023-15,FP3,0 days 00:39:45.720000,ALO,14,0 days 00:02:27.389000,6.0,1.0,,,0 days 00:00:36.739000,0 days 00:01:10.059000,0 days 00:00:40.591000,0 days 00:37:55.070000,0 days 00:39:05.129000,0 days 00:39:45.720000,147.0,204.0,253.0,299.0,False,MEDIUM,6.0,True,Aston Martin,0 days 00:37:18.331000,,1,,False,,False,True
2023-15,FP3,0 days 00:41:19.714000,ALO,14,0 days 00:01:33.994000,7.0,1.0,,,0 days 00:00:27.834000,0 days 00:00:39.641000,0 days 00:00:26.519000,0 days 00:40:13.554000,0 days 00:40:53.195000,0 days 00:41:19.714000,308.0,273.0,253.0,299.0,True,MEDIUM,7.0,True,Aston Martin,0 days 00:39:45.720000,,12,,False,,False,True
2023-15,FP3,0 days 00:43:31.957000,ALO,14,0 days 00:02:12.243000,8.0,1.0,,0 days 00:43:24.256000,0 days 00:00:35.762000,0 days 00:00:53.454000,0 days 00:00:43.027000,0 days 00:41:55.476000,0 days 00:42:48.930000,0 days 00:43:31.957000,222.0,245.0,,244.0,False,MEDIUM,8.0,True,Aston Martin,0 days 00:41:19.714000,,1,,False,,False,False
2023-15,FP3,0 days 00:56:23.086000,ALO,14,,9.0,2.0,0 days 00:54:06.405000,,,0 days 00:00:57.028000,0 days 00:00:42.386000,,0 days 00:55:40.810000,0 days 00:56:23.106000,141.0,250.0,256.0,244.0,False,SOFT,1.0,True,Aston Martin,0 days 00:43:31.957000,,1,,False,,False,False
2023-15,FP3,0 days 00:57:56.137000,ALO,14,0 days 00:01:33.051000,10.0,2.0,,,0 days 00:00:27.532000,0 days 00:00:39.246000,0 days 00:00:26.273000,0 days 00:56:50.618000,0 days 00:57:29.864000,0 days 00:57:56.137000,306.0,275.0,254.0,300.0,True,SOFT,2.0,True,Aston Martin,0 days 00:56:23.086000,,1,,False,,False,True
2023-15,FP3,0 days 01:00:12.130000,ALO,14,0 days 00:02:15.993000,11.0,2.0,,0 days 01:00:04.323000,0 days 00:00:38.160000,0 days 00:00:54.888000,0 days 00:00:42.945000,0 days 00:58:34.297000,0 days 00:59:29.185000,0 days 01:00:12.130000,193.0,216.0,,167.0,False,SOFT,3.0,True,Aston Martin,0 days 00:57:56.137000,,1,,False,,False,False
2023-15,FP3,0 days 01:06:58.123000,ALO,14,,12.0,3.0,0 days 01:04:48.726000,,,0 days 00:00:53.208000,0 days 00:00:36.995000,,0 days 01:06:21.256000,0 days 01:06:58.131000,165.0,246.0,254.0,167.0,False,SOFT,4.0,False,Aston Martin,0 days 01:00:12.130000,,12,,False,,False,False
2023-15,FP3,0 days 01:08:31.313000,ALO,14,0 days 00:01:33.190000,13.0,3.0,,,0 days 00:00:27.347000,0 days 00:00:39.537000,0 days 00:00:26.306000,0 days 01:07:25.470000,0 days 01:08:05.007000,0 days 01:08:31.313000,309.0,276.0,255.0,298.0,False,SOFT,5.0,False,Aston Martin,0 days 01:06:58.123000,,1,,False,,False,True
2023-15,FP3,0 days 01:10:57.073000,ALO,14,0 days 00:02:25.760000,14.0,3.0,,,0 days 00:00:44.013000,0 days 00:01:04.176000,0 days 00:00:37.571000,0 days 01:09:15.326000,0 days 01:10:19.502000,0 days 01:10:57.073000,274.0,241.0,257.0,195.0,False,SOFT,6.0,False,Aston Martin,0 days 01:08:31.313000,,1,,False,,False,True
2023-15,FP3,0 days 01:12:30.283000,ALO,14,0 days 00:01:33.210000,15.0,3.0,,,0 days 00:00:27.328000,0 days 00:00:39.500000,0 days 00:00:26.382000,0 days 01:11:24.401000,0 days 01:12:03.901000,0 days 01:12:30.283000,309.0,275.0,254.0,300.0,False,SOFT,7.0,False,Aston Martin,0 days 01:10:57.073000,,1,,False,,False,True
2023-15,FP3,0 days 01:14:34.843000,ALO,14,0 days 00:02:04.560000,16.0,3.0,,,0 days 00:00:40.358000,0 days 00:00:52.854000,0 days 00:00:31.348000,0 days 01:13:10.641000,0 days 01:14:03.495000,0 days 01:14:34.843000,217.0,203.0,247.0,200.0,False,SOFT,8.0,False,Aston Martin,0 days 01:12:30.283000,,1,,False,,False,True
2023-15,FP3,0 days 01:16:13.774000,ALO,14,0 days 00:01:38.931000,17.0,3.0,,,0 days 00:00:28.621000,0 days 00:00:42.966000,0 days 00:00:27.344000,0 days 01:15:03.464000,0 days 01:15:46.430000,0 days 01:16:13.774000,294.0,265.0,249.0,286.0,False,SOFT,9.0,False,Aston Martin,0 days 01:14:34.843000,,1,,False,,False,True
2023-15,FP3,0 days 01:18:17.813000,ALO,14,0 days 00:02:04.039000,18.0,3.0,,,0 days 00:00:33.718000,0 days 00:00:48.219000,0 days 00:00:42.102000,0 days 01:16:47.492000,0 days 01:17:35.711000,0 days 01:18:17.813000,215.0,176.0,42.0,200.0,False,SOFT,10.0,False,Aston Martin,0 days 01:16:13.774000,,1,,False,,False,True
2023-15,FP3,0 days 01:20:41.184000,ALO,14,,19.0,3.0,,0 days 01:20:41.184000,0 days 00:01:05.548000,0 days 00:00:44.374000,,0 days 01:19:23.498000,0 days 01:20:07.825000,,293.0,240.0,,217.0,False,SOFT,11.0,False,Aston Martin,0 days 01:18:17.813000,,1,,False,,False,False
2023-15,FP3,0 days 00:20:26.977000,LEC,16,,1.0,1.0,0 days 00:18:24.132000,,,0 days 00:00:52.521000,0 days 00:00:35.650000,,0 days 00:19:51.506000,0 days 00:20:27.052000,246.0,207.0,246.0,,False,MEDIUM,1.0,True,Ferrari,0 days 00:18:24.132000,,1,,False,,False,False
2023-15,FP3,0 days 00:22:02.395000,LEC,16,0 days 00:01:35.418000,2.0,1.0,,,0 days 00:00:27.991000,0 days 00:00:40.327000,0 days 00:00:27.100000,0 days 00:20:54.968000,0 days 00:21:35.295000,0 days 00:22:02.395000,307.0,275.0,253.0,294.0,True,MEDIUM,2.0,True,Ferrari,0 days 00:20:26.977000,,1,,False,,False,True
2023-15,FP3,0 days 00:24:57.735000,LEC,16,,3.0,1.0,,,0 days 00:00:54.176000,0 days 00:01:15.713000,0 days 00:00:45.446000,0 days 00:22:56.769000,0 days 00:24:12.362000,0 days 00:24:57.799000,136.0,140.0,253.0,201.0,False,MEDIUM,3.0,True,Ferrari,0 days 00:22:02.395000,,1,,False,,False,False
2023-15,FP3,0 days 00:27:06.124000,LEC,16,0 days 00:02:08.389000,4.0,1.0,,,0 days 00:00:34.630000,0 days 00:01:02.812000,0 days 00:00:30.947000,0 days 00:25:32.365000,0 days 00:26:35.177000,0 days 00:27:06.124000,144.0,156.0,254.0,300.0,False,MEDIUM,4.0,True,Ferrari,0 days 00:24:57.735000,,1,,False,,False,True
2023-15,FP3,0 days 00:28:40.219000,LEC,16,0 days 00:01:34.095000,5.0,1.0,,,0 days 00:00:27.502000,0 days 00:00:39.810000,0 days 00:00:26.783000,0 days 00:27:33.626000,0 days 00:28:13.436000,0 days 00:28:40.219000,311.0,279.0,255.0,300.0,True,MEDIUM,5.0,True,Ferrari,0 days 00:27:06.124000,,1,,False,,False,True
2023-15,FP3,0 days 00:31:34.568000,LEC,16,,6.0,1.0,,,0 days 00:00:48.721000,0 days 00:01:14.792000,0 days 00:00:50.833000,0 days 00:29:29.140000,0 days 00:30:43.764000,0 days 00:31:34.670000,120.0,125.0,253.0,253.0,False,MEDIUM,6.0,True,Ferrari,0 days 00:28:40.219000,,1,,False,,False,False
2023-15,FP3,0 days 00:33:08.231000,LEC,16,0 days 00:01:33.663000,7.0,1.0,,,0 days 00:00:27.394000,0 days 00:00:39.767000,0 days 00:00:26.502000,0 days 00:32:01.962000,0 days 00:32:41.729000,0 days 00:33:08.231000,312.0,279.0,256.0,300.0,True,MEDIUM,7.0,True,Ferrari,0 days 00:31:34.568000,,1,,False,,False,True
2023-15,FP3,0 days 00:35:55.917000,LEC,16,,8.0,1.0,,,0 days 00:00:43.957000,0 days 00:01:14.581000,0 days 00:00:49.125000,0 days 00:33:52.418000,0 days 00:35:06.792000,0 days 00:35:55.979000,114.0,136.0,253.0,267.0,False,MEDIUM,8.0,True,Ferrari,0 days 00:33:08.231000,,1,,False,,False,False
2023-15,FP3,0 days 00:38:09.084000,LEC,16,0 days 00:02:13.167000,9.0,1.0,,0 days 00:38:01.275000,0 days 00:00:33.758000,0 days 00:00:56.348000,0 days 00:00:43.061000,0 days 00:36:29.675000,0 days 00:37:26.023000,0 days 00:38:09.084000,211.0,166.0,,301.0,False,MEDIUM,9.0,True,Ferrari,0 days 00:35:55.917000,,1,,False,,False,False
2023-15,FP3,0 days 00:40:38.777000,LEC,16,0 days 00:02:29.693000,10.0,2.0,0 days 00:38:33.837000,,0 days 00:01:03.671000,0 days 00:00:56.352000,0 days 00:00:29.670000,0 days 00:39:12.755000,0 days 00:40:09.107000,0 days 00:40:38.777000,205.0,224.0,253.0,301.0,False,MEDIUM,10.0,False,Ferrari,0 days 00:38:09.084000,,12,,False,,False,False
2023-15,FP3,0 days 00:42:21.763000,LEC,16,0 days 00:01:42.986000,11.0,2.0,,0 days 00:42:13.960000,0 days 00:00:28.455000,0 days 00:00:39.471000,0 days 00:00:35.060000,0 days 00:41:07.232000,0 days 00:41:46.703000,0 days 00:42:21.763000,310.0,279.0,,231.0,False,MEDIUM,11.0,False,Ferrari,0 days 00:40:38.777000,,21,,False,,False,False
2023-15,FP3,0 days 00:48:52.596000,LEC,16,,12.0,3.0,0 days 00:46:52.331000,,,0 days 00:00:49.037000,0 days 00:00:28.255000,,0 days 00:48:24.440000,0 days 00:48:52.596000,255.0,256.0,245.0,231.0,False,MEDIUM,12.0,False,Ferrari,0 days 00:42:21.763000,,1,,False,,False,False
2023-15,FP3,0 days 00:50:29.044000,LEC,16,0 days 00:01:36.448000,13.0,3.0,,,0 days 00:00:28.458000,0 days 00:00:40.782000,0 days 00:00:27.208000,0 days 00:49:21.054000,0 days 00:50:01.836000,0 days 00:50:29.044000,286.0,262.0,246.0,281.0,False,MEDIUM,13.0,False,Ferrari,0 days 00:48:52.596000,,1,,False,,False,True
2023-15,FP3,0 days 00:52:05.531000,LEC,16,0 days 00:01:36.487000,14.0,3.0,,,0 days 00:00:28.377000,0 days 00:00:40.842000,0 days 00:00:27.268000,0 days 00:50:57.421000,0 days 00:51:38.263000,0 days 00:52:05.531000,291.0,264.0,248.0,284.0,False,MEDIUM,14.0,False,Ferrari,0 days 00:50:29.044000,,1,,False,,False,True
2023-15,FP3,0 days 00:53:42.541000,LEC,16,0 days 00:01:37.010000,15.0,3.0,,,0 days 00:00:28.676000,0 days 00:00:41.010000,0 days 00:00:27.324000,0 days 00:52:34.207000,0 days 00:53:15.217000,0 days 00:53:42.541000,285.0,261.0,247.0,282.0,False,MEDIUM,15.0,False,Ferrari,0 days 00:52:05.531000,,1,,False,,False,True
2023-15,FP3,0 days 00:55:27.389000,LEC,16,0 days 00:01:44.848000,16.0,3.0,,0 days 00:55:19.467000,0 days 00:00:28.497000,0 days 00:00:40.847000,0 days 00:00:35.504000,0 days 00:54:11.038000,0 days 00:54:51.885000,0 days 00:55:27.389000,287.0,263.0,,282.0,False,MEDIUM,16.0,False,Ferrari,0 days 00:53:42.541000,,1,,False,,False,False
2023-15,FP3,0 days 01:03:32.655000,LEC,16,,17.0,4.0,0 days 01:01:21.197000,,,0 days 00:00:57.922000,0 days 00:00:35.500000,,0 days 01:02:57.321000,0 days 01:03:32.727000,189.0,172.0,256.0,282.0,False,SOFT,1.0,True,Ferrari,0 days 00:55:27.389000,,1,,False,,False,False
2023-15,FP3,0 days 01:05:48.812000,LEC,16,0 days 00:02:16.157000,18.0,4.0,,,0 days 00:00:27.100000,0 days 00:00:57.130000,0 days 00:00:51.927000,0 days 01:03:59.755000,0 days 01:04:56.885000,0 days 01:05:48.812000,311.0,126.0,256.0,301.0,False,SOFT,2.0,True,Ferrari,0 days 01:03:32.655000,,12,,False,,False,True
2023-15,FP3,0 days 01:07:21.193000,LEC,16,0 days 00:01:32.381000,19.0,4.0,,,0 days 00:00:27.018000,0 days 00:00:38.884000,0 days 00:00:26.479000,0 days 01:06:15.830000,0 days 01:06:54.714000,0 days 01:07:21.193000,313.0,280.0,259.0,302.0,True,SOFT,3.0,True,Ferrari,0 days 01:05:48.812000,,1,,False,,False,True
2023-15,FP3,0 days 01:10:14.925000,LEC,16,,20.0,4.0,,0 days 01:10:06.988000,0 days 00:00:51.879000,0 days 00:01:08.147000,0 days 00:00:53.570000,0 days 01:08:13.255000,0 days 01:09:21.410000,0 days 01:10:14.925000,131.0,131.0,,219.0,False,SOFT,4.0,True,Ferrari,0 days 01:07:21.193000,,1,,False,,False,False
2023-15,FP3,0 days 01:12:55.192000,LEC,16,,21.0,5.0,0 days 01:10:33.988000,,0 days 00:01:05.079000,0 days 00:01:01.443000,0 days 00:00:33.835000,0 days 01:11:20.050000,0 days 01:12:21.502000,0 days 01:12:55.221000,191.0,192.0,256.0,219.0,False,SOFT,5.0,False,Ferrari,0 days 01:10:14.925000,,1,,False,,False,False
2023-15,FP3,0 days 01:14:48.054000,LEC,16,0 days 00:01:52.862000,22.0,5.0,,,0 days 00:00:26.950000,0 days 00:00:52.225000,0 days 00:00:33.687000,0 days 01:13:22.142000,0 days 01:14:14.367000,0 days 01:14:48.054000,312.0,128.0,257.0,300.0,False,SOFT,6.0,False,Ferrari,0 days 01:12:55.192000,,1,,False,,False,True
2023-15,FP3,0 days 01:16:21.687000,LEC,16,0 days 00:01:33.633000,23.0,5.0,,,0 days 00:00:27.208000,0 days 00:00:39.453000,0 days 00:00:26.972000,0 days 01:15:15.262000,0 days 01:15:54.715000,0 days 01:16:21.687000,313.0,280.0,205.0,302.0,False,SOFT,7.0,False,Ferrari,0 days 01:14:48.054000,,1,,False,,False,True
2023-15,FP3,0 days 01:18:53.592000,LEC,16,,24.0,5.0,,,0 days 00:00:38.561000,0 days 00:00:56.723000,0 days 00:00:56.616000,0 days 01:17:00.515000,0 days 01:17:57.092000,0 days 01:18:53.592000,183.0,160.0,39.0,181.0,False,SOFT,8.0,False,Ferrari,0 days 01:16:21.687000,,1,,False,,False,False
2023-15,FP3,0 days 01:21:12.683000,LEC,16,0 days 00:02:19.091000,25.0,5.0,,0 days 01:21:04.840000,0 days 00:00:46.023000,0 days 00:00:49.359000,0 days 00:00:43.709000,0 days 01:19:39.615000,0 days 01:20:28.974000,0 days 01:21:12.683000,299.0,202.0,,196.0,False,SOFT,9.0,False,Ferrari,0 days 01:18:53.592000,,1,,False,,False,False
2023-15,FP3,0 days 00:20:01.599000,STR,18,,1.0,1.0,0 days 00:18:11.397000,,,0 days 00:00:44.278000,0 days 00:00:33.064000,,0 days 00:19:28.725000,0 days 00:20:01.693000,300.0,258.0,252.0,,False,MEDIUM,1.0,True,Aston Martin,0 days 00:18:11.397000,,1,,False,,False,False
2023-15,FP3,0 days 00:21:36.676000,STR,18,0 days 00:01:35.077000,2.0,1.0,,,0 days 00:00:27.885000,0 days 00:00:40.320000,0 days 00:00:26.872000,0 days 00:20:29.484000,0 days 00:21:09.804000,0 days 00:21:36.676000,307.0,275.0,246.0,299.0,True,MEDIUM,2.0,True,Aston Martin,0 days 00:20:01.599000,,1,,False,,False,True
2023-15,FP3,0 days 00:24:04.388000,STR,18,0 days 00:02:27.712000,3.0,1.0,,,0 days 00:00:45.301000,0 days 00:01:04.791000,0 days 00:00:37.620000,0 days 00:22:21.977000,0 days 00:23:26.768000,0 days 00:24:04.388000,110.0,233.0,252.0,233.0,False,MEDIUM,3.0,True,Aston Martin,0 days 00:21:36.676000,,1,,False,,False,True
2023-15,FP3,0 days 00:25:38.962000,STR,18,0 days 00:01:34.574000,4.0,1.0,,,0 days 00:00:27.687000,0 days 00:00:39.968000,0 days 00:00:26.919000,0 days 00:24:32.075000,0 days 00:25:12.043000,0 days 00:25:38.962000,309.0,276.0,249.0,299.0,True,MEDIUM,4.0,True,Aston Martin,0 days 00:24:04.388000,,1,,False,,False,True
2023-15,FP3,0 days 00:28:01.673000,STR,18,0 days 00:02:22.711000,5.0,1.0,,,0 days 00:00:42.785000,0 days 00:01:00.163000,0 days 00:00:39.763000,0 days 00:26:21.747000,0 days 00:27:21.910000,0 days 00:28:01.673000,192.0,180.0,249.0,218.0,False,MEDIUM,5.0,True,Aston Martin,0 days 00:25:38.962000,,1,,False,,False,True
2023-15,FP3,0 days 00:29:37.483000,STR,18,0 days 00:01:35.810000,6.0,1.0,,,0 days 00:00:28.244000,0 days 00:00:40.534000,0 days 00:00:27.032000,0 days 00:28:29.917000,0 days 00:29:10.451000,0 days 00:29:37.483000,292.0,266.0,246.0,287.0,False,MEDIUM,6.0,True,Aston Martin,0 days 00:28:01.673000,,1,,False,,False,True
2023-15,FP3,0 days 00:31:43.903000,STR,18,0 days 00:02:06.420000,7.0,1.0,,0 days 00:31:36.201000,0 days 00:00:35.544000,0 days 00:00:49.131000,0 days 00:00:41.745000,0 days 00:30:13.027000,0 days 00:31:02.158000,0 days 00:31:43.903000,263.0,216.0,,250.0,False,MEDIUM,7.0,True,Aston Martin,0 days 00:29:37.483000,,1,,False,,False,False
2023-15,FP3,0 days 00:42:03.490000,STR,18,,8.0,2.0,0 days 00:39:53.367000,,,0 days 00:00:49.855000,0 days 00:00:43.764000,,0 days 00:41:19.726000,0 days 00:42:03.569000,265.0,243.0,249.0,250.0,False,MEDIUM,8.0,False,Aston Martin,0 days 00:31:43.903000,,12,,False,,False,False
2023-15,FP3,0 days 00:43:57.914000,STR,18,0 days 00:01:54.424000,9.0,2.0,,,0 days 00:00:32.946000,0 days 00:00:51.766000,0 days 00:00:29.712000,0 days 00:42:36.436000,0 days 00:43:28.202000,0 days 00:43:57.914000,228.0,248.0,253.0,261.0,False,MEDIUM,9.0,False,Aston Martin,0 days 00:42:03.490000,,1,,False,,False,True
2023-15,FP3,0 days 00:45:32.703000,STR,18,0 days 00:01:34.789000,10.0,2.0,,,0 days 00:00:27.457000,0 days 00:00:40.476000,0 days 00:00:26.856000,0 days 00:44:25.371000,0 days 00:45:05.847000,0 days 00:45:32.703000,309.0,275.0,251.0,299.0,False,MEDIUM,10.0,False,Aston Martin,0 days 00:43:57.914000,,1,,False,,False,True
2023-15,FP3,0 days 00:48:11.206000,STR,18,,11.0,2.0,,,0 days 00:00:51.327000,0 days 00:01:06.244000,0 days 00:00:40.827000,0 days 00:46:24.222000,0 days 00:47:30.487000,0 days 00:48:11.206000,108.0,217.0,254.0,221.0,False,MEDIUM,11.0,False,Aston Martin,0 days 00:45:32.703000,,1,,False,,False,False
2023-15,FP3,0 days 00:49:45.702000,STR,18,0 days 00:01:34.496000,12.0,2.0,,,0 days 00:00:27.570000,0 days 00:00:40.194000,0 days 00:00:26.732000,0 days 00:48:38.776000,0 days 00:49:18.970000,0 days 00:49:45.702000,309.0,275.0,252.0,300.0,True,MEDIUM,12.0,False,Aston Martin,0 days 00:48:11.206000,,1,,False,,False,True
2023-15,FP3,0 days 00:51:38.588000,STR,18,0 days 00:01:52.886000,13.0,2.0,,0 days 00:51:30.735000,0 days 00:00:32.604000,0 days 00:00:43.256000,0 days 00:00:37.026000,0 days 00:50:18.306000,0 days 00:51:01.562000,0 days 00:51:38.588000,270.0,251.0,,234.0,False,MEDIUM,13.0,False,Aston Martin,0 days 00:49:45.702000,,1,,False,,False,False
2023-15,FP3,0 days 00:58:34.916000,STR,18,,14.0,3.0,0 days 00:56:36.419000,,,0 days 00:00:53.602000,0 days 00:00:32.156000,,0 days 00:58:02.933000,0 days 00:58:34.996000,236.0,205.0,255.0,234.0,False,SOFT,1.0,True,Aston Martin,0 days 00:51:38.588000,,1,,False,,False,False
2023-15,FP3,0 days 01:00:08.042000,STR,18,0 days 00:01:33.126000,15.0,3.0,,,0 days 00:00:27.173000,0 days 00:00:39.384000,0 days 00:00:26.569000,0 days 00:59:02.089000,0 days 00:59:41.473000,0 days 01:00:08.042000,308.0,274.0,249.0,300.0,True,SOFT,2.0,True,Aston Martin,0 days 00:58:34.916000,,1,,False,,False,True
2023-15,FP3,0 days 01:02:38.727000,STR,18,,16.0,3.0,,0 days 01:02:30.821000,0 days 00:00:44.925000,0 days 00:01:02.046000,0 days 00:00:43.570000,0 days 01:00:53.197000,0 days 01:01:55.197000,0 days 01:02:38.727000,211.0,187.0,,233.0,False,SOFT,3.0,True,Aston Martin,0 days 01:00:08.042000,,1,,False,,False,False
2023-15,FP3,0 days 01:05:32.031000,STR,18,,17.0,4.0,0 days 01:03:02.868000,,0 days 00:01:10.078000,0 days 00:01:05.547000,0 days 00:00:37.742000,0 days 01:03:48.898000,0 days 01:04:54.413000,0 days 01:05:32.040000,215.0,192.0,253.0,233.0,False,SOFT,4.0,False,Aston Martin,0 days 01:02:38.727000,,12,,False,,False,False
2023-15,FP3,0 days 01:07:05.802000,STR,18,0 days 00:01:33.771000,18.0,4.0,,,0 days 00:00:27.511000,0 days 00:00:39.615000,0 days 00:00:26.645000,0 days 01:05:59.542000,0 days 01:06:39.157000,0 days 01:07:05.802000,309.0,276.0,250.0,300.0,False,SOFT,5.0,False,Aston Martin,0 days 01:05:32.031000,,1,,False,,False,True
2023-15,FP3,0 days 01:08:57.865000,STR,18,0 days 00:01:52.063000,19.0,4.0,,,0 days 00:00:31.319000,0 days 00:00:45.179000,0 days 00:00:35.565000,0 days 01:07:37.121000,0 days 01:08:22.300000,0 days 01:08:57.865000,248.0,237.0,251.0,243.0,False,SOFT,6.0,False,Aston Martin,0 days 01:07:05.802000,,1,,False,,False,True
2023-15,FP3,0 days 01:10:52.777000,STR,18,0 days 00:01:54.912000,20.0,4.0,,0 days 01:10:44.956000,0 days 00:00:27.966000,0 days 00:00:45.904000,0 days 00:00:41.042000,0 days 01:09:25.831000,0 days 01:10:11.735000,0 days 01:10:52.777000,292.0,203.0,,287.0,False,SOFT,7.0,False,Aston Martin,0 days 01:08:57.865000,,1,,False,,False,False
2023-15,FP3,0 days 01:15:49.969000,STR,18,,21.0,5.0,0 days 01:14:01.235000,,,0 days 00:00:46.458000,0 days 00:00:29.528000,,0 days 01:15:20.500000,0 days 01:15:49.969000,256.0,249.0,236.0,287.0,False,SOFT,8.0,False,Aston Martin,0 days 01:10:52.777000,,1,,False,,False,False
2023-15,FP3,0 days 01:17:57.078000,STR,18,0 days 00:02:07.109000,22.0,5.0,,,0 days 00:00:33.379000,0 days 00:00:46.603000,0 days 00:00:47.127000,0 days 01:16:23.348000,0 days 01:17:09.951000,0 days 01:17:57.078000,237.0,222.0,69.0,218.0,False,SOFT,9.0,False,Aston Martin,0 days 01:15:49.969000,,1,,False,,False,True
2023-15,FP3,0 days 01:20:10.044000,STR,18,,23.0,5.0,,0 days 01:20:10.044000,0 days 00:00:55.334000,0 days 00:00:45.294000,,0 days 01:18:52.529000,0 days 01:19:37.779000,,302.0,247.0,,216.0,False,SOFT,10.0,False,Aston Martin,0 days 01:17:57.078000,,1,,False,,False,False
2023-15,FP3,0 days 00:30:52.583000,MAG,20,,1.0,1.0,0 days 00:28:55.672000,,,0 days 00:00:51.050000,0 days 00:00:33.859000,,0 days 00:30:18.921000,0 days 00:30:52.670000,272.0,207.0,253.0,,False,MEDIUM,1.0,True,Haas F1 Team,0 days 00:28:55.672000,,1,,False,,False,False
2023-15,FP3,0 days 00:32:26.701000,MAG,20,0 days 00:01:34.118000,2.0,1.0,,,0 days 00:00:27.576000,0 days 00:00:39.773000,0 days 00:00:26.769000,0 days 00:31:20.159000,0 days 00:31:59.932000,0 days 00:32:26.701000,311.0,278.0,254.0,298.0,True,MEDIUM,2.0,True,Haas F1 Team,0 days 00:30:52.583000,,1,,False,,False,True
2023-15,FP3,0 days 00:35:10.823000,MAG,20,,3.0,1.0,,,0 days 00:00:44.344000,0 days 00:01:10.939000,0 days 00:00:48.821000,0 days 00:33:11.262000,0 days 00:34:22.027000,0 days 00:35:10.886000,150.0,135.0,149.0,289.0,False,MEDIUM,3.0,True,Haas F1 Team,0 days 00:32:26.701000,,1,,False,,False,False
2023-15,FP3,0 days 00:37:33.588000,MAG,20,0 days 00:02:22.765000,4.0,1.0,,,0 days 00:00:47.185000,0 days 00:01:02.855000,0 days 00:00:32.725000,0 days 00:35:58.008000,0 days 00:37:00.863000,0 days 00:37:33.588000,214.0,176.0,256.0,129.0,False,MEDIUM,4.0,True,Haas F1 Team,0 days 00:35:10.823000,,1,,False,,False,True
2023-15,FP3,0 days 00:39:25.044000,MAG,20,0 days 00:01:51.456000,5.0,1.0,,,0 days 00:00:27.511000,0 days 00:00:49.594000,0 days 00:00:34.351000,0 days 00:38:01.099000,0 days 00:38:50.693000,0 days 00:39:25.044000,311.0,159.0,255.0,300.0,False,MEDIUM,5.0,True,Haas F1 Team,0 days 00:37:33.588000,,1,,False,,False,True
2023-15,FP3,0 days 00:40:59.054000,MAG,20,0 days 00:01:34.010000,6.0,1.0,,,0 days 00:00:27.479000,0 days 00:00:39.809000,0 days 00:00:26.722000,0 days 00:39:52.523000,0 days 00:40:32.332000,0 days 00:40:59.054000,312.0,278.0,255.0,301.0,True,MEDIUM,6.0,True,Haas F1 Team,0 days 00:39:25.044000,,12,,False,,False,True
2023-15,FP3,0 days 00:42:58.565000,MAG,20,0 days 00:01:59.511000,7.0,1.0,,0 days 00:42:50.834000,0 days 00:00:34.243000,0 days 00:00:47.854000,0 days 00:00:37.414000,0 days 00:41:33.297000,0 days 00:42:21.151000,0 days 00:42:58.565000,241.0,197.0,,279.0,False,MEDIUM,7.0,True,Haas F1 Team,0 days 00:40:59.054000,,1,,False,,False,False
2023-15,FP3,0 days 00:45:37.582000,MAG,20,,8.0,2.0,0 days 00:43:26.427000,0 days 00:45:29.676000,0 days 00:01:15.737000,0 days 00:00:46.568000,0 days 00:00:36.563000,0 days 00:44:14.552000,0 days 00:45:01.036000,0 days 00:45:37.582000,272.0,246.0,,279.0,False,MEDIUM,8.0,False,Haas F1 Team,0 days 00:42:58.565000,,1,,False,,False,False
2023-15,FP3,0 days 01:05:42.082000,MAG,20,,9.0,3.0,0 days 01:03:37.149000,,,0 days 00:00:55.228000,0 days 00:00:32.742000,,0 days 01:05:09.616000,0 days 01:05:42.178000,200.0,245.0,250.0,279.0,False,SOFT,1.0,True,Haas F1 Team,0 days 00:45:37.582000,,12,,False,,False,False
2023-15,FP3,0 days 01:07:15.052000,MAG,20,0 days 00:01:32.970000,10.0,3.0,,,0 days 00:00:27.260000,0 days 00:00:39.360000,0 days 00:00:26.350000,0 days 01:06:09.342000,0 days 01:06:48.702000,0 days 01:07:15.052000,313.0,280.0,257.0,300.0,True,SOFT,2.0,True,Haas F1 Team,0 days 01:05:42.082000,,1,,False,,False,True
2023-15,FP3,0 days 01:09:56.672000,MAG,20,,11.0,3.0,,,0 days 00:00:46.433000,0 days 00:01:09.652000,0 days 00:00:45.463000,0 days 01:08:01.708000,0 days 01:09:11.379000,0 days 01:09:56.676000,135.0,130.0,160.0,260.0,False,SOFT,3.0,True,Haas F1 Team,0 days 01:07:15.052000,,1,,False,,False,False
2023-15,FP3,0 days 01:12:17.737000,MAG,20,0 days 00:02:21.065000,12.0,3.0,,,0 days 00:00:50.877000,0 days 00:00:59.890000,0 days 00:00:30.298000,0 days 01:10:47.549000,0 days 01:11:47.439000,0 days 01:12:17.737000,193.0,201.0,256.0,78.0,False,SOFT,4.0,True,Haas F1 Team,0 days 01:09:56.672000,,1,,False,,False,True
2023-15,FP3,0 days 01:13:50.879000,MAG,20,0 days 00:01:33.142000,13.0,3.0,,,0 days 00:00:27.233000,0 days 00:00:39.405000,0 days 00:00:26.504000,0 days 01:12:44.970000,0 days 01:13:24.375000,0 days 01:13:50.879000,309.0,278.0,256.0,300.0,False,SOFT,5.0,True,Haas F1 Team,0 days 01:12:17.737000,,1,,False,,False,True
2023-15,FP3,0 days 01:15:47.875000,MAG,20,0 days 00:01:56.996000,14.0,3.0,,,0 days 00:00:38.832000,0 days 00:00:48.284000,0 days 00:00:29.880000,0 days 01:14:29.711000,0 days 01:15:17.995000,0 days 01:15:47.875000,184.0,242.0,234.0,299.0,False,SOFT,6.0,True,Haas F1 Team,0 days 01:13:50.879000,,1,,False,,False,True
2023-15,FP3,0 days 01:17:39.319000,MAG,20,0 days 00:01:51.444000,15.0,3.0,,,0 days 00:00:33.456000,0 days 00:00:44.208000,0 days 00:00:33.780000,0 days 01:16:21.331000,0 days 01:17:05.539000,0 days 01:17:39.319000,271.0,244.0,123.0,260.0,False,SOFT,7.0,True,Haas F1 Team,0 days 01:15:47.875000,,1,,False,,False,True
2023-15,FP3,0 days 01:19:55.508000,MAG,20,0 days 00:02:16.189000,16.0,3.0,,0 days 01:19:47.716000,0 days 00:00:50.505000,0 days 00:00:49.065000,0 days 00:00:36.619000,0 days 01:18:29.824000,0 days 01:19:18.889000,0 days 01:19:55.508000,291.0,198.0,,202.0,False,SOFT,8.0,True,Haas F1 Team,0 days 01:17:39.319000,,1,,False,,False,False
2023-15,FP3,0 days 00:32:46.010000,TSU,22,,1.0,1.0,0 days 00:30:17.608000,,,0 days 00:01:08.516000,0 days 00:00:35.122000,,0 days 00:32:11.091000,0 days 00:32:46.138000,199.0,220.0,246.0,,False,MEDIUM,1.0,True,AlphaTauri,0 days 00:30:17.608000,,1,,False,,False,False
2023-15,FP3,0 days 00:34:22.027000,TSU,22,0 days 00:01:36.017000,2.0,1.0,,,0 days 00:00:28.209000,0 days 00:00:40.627000,0 days 00:00:27.181000,0 days 00:33:14.219000,0 days 00:33:54.846000,0 days 00:34:22.027000,303.0,273.0,250.0,291.0,True,MEDIUM,2.0,True,AlphaTauri,0 days 00:32:46.010000,,1,,False,,False,True
2023-15,FP3,0 days 00:37:03.847000,TSU,22,,3.0,1.0,,,0 days 00:00:46.233000,0 days 00:01:10.990000,0 days 00:00:44.568000,0 days 00:35:08.527000,0 days 00:36:19.526000,0 days 00:37:03.916000,126.0,131.0,163.0,265.0,False,MEDIUM,3.0,True,AlphaTauri,0 days 00:34:22.027000,,1,,False,,False,False
2023-15,FP3,0 days 00:39:30.127000,TSU,22,0 days 00:02:26.280000,4.0,1.0,,,0 days 00:00:44.437000,0 days 00:01:04.099000,0 days 00:00:37.744000,0 days 00:37:48.284000,0 days 00:38:52.383000,0 days 00:39:30.127000,117.0,216.0,245.0,229.0,False,MEDIUM,4.0,True,AlphaTauri,0 days 00:37:03.847000,,1,,False,,False,True
2023-15,FP3,0 days 00:41:04.570000,TSU,22,0 days 00:01:34.443000,5.0,1.0,,,0 days 00:00:27.872000,0 days 00:00:39.846000,0 days 00:00:26.725000,0 days 00:39:57.999000,0 days 00:40:37.845000,0 days 00:41:04.570000,305.0,273.0,248.0,293.0,True,MEDIUM,5.0,True,AlphaTauri,0 days 00:39:30.127000,,12,,False,,False,True
2023-15,FP3,0 days 00:43:54.458000,TSU,22,,6.0,1.0,,,0 days 00:00:47.502000,0 days 00:01:12.570000,0 days 00:00:49.745000,0 days 00:41:52.272000,0 days 00:43:04.787000,0 days 00:43:54.458000,112.0,100.0,120.0,245.0,False,MEDIUM,6.0,True,AlphaTauri,0 days 00:41:04.570000,,1,,False,,False,False
2023-15,FP3,0 days 00:46:26.519000,TSU,22,,7.0,1.0,,,0 days 00:00:51.592000,0 days 00:01:07.990000,0 days 00:00:32.426000,0 days 00:44:46.177000,0 days 00:45:54.129000,0 days 00:46:26.519000,126.0,149.0,250.0,126.0,False,MEDIUM,7.0,True,AlphaTauri,0 days 00:43:54.458000,,1,,False,,False,False
2023-15,FP3,0 days 00:48:00.302000,TSU,22,0 days 00:01:33.783000,8.0,1.0,,,0 days 00:00:27.627000,0 days 00:00:39.566000,0 days 00:00:26.590000,0 days 00:46:54.146000,0 days 00:47:33.712000,0 days 00:48:00.302000,304.0,276.0,254.0,294.0,True,MEDIUM,8.0,True,AlphaTauri,0 days 00:46:26.519000,,1,,False,,False,True
2023-15,FP3,0 days 00:50:08.869000,TSU,22,0 days 00:02:08.567000,9.0,1.0,,0 days 00:50:00.970000,0 days 00:00:33.089000,0 days 00:00:56.289000,0 days 00:00:39.189000,0 days 00:48:33.391000,0 days 00:49:29.680000,0 days 00:50:08.869000,246.0,186.0,,265.0,False,MEDIUM,9.0,True,AlphaTauri,0 days 00:48:00.302000,,1,,False,,False,False
2023-15,FP3,0 days 00:52:36.990000,TSU,22,0 days 00:02:28.121000,10.0,2.0,0 days 00:50:26.610000,0 days 00:52:29.047000,0 days 00:00:59.178000,0 days 00:00:48.043000,0 days 00:00:40.900000,0 days 00:51:08.047000,0 days 00:51:56.090000,0 days 00:52:36.990000,276.0,261.0,,265.0,False,MEDIUM,10.0,False,AlphaTauri,0 days 00:50:08.869000,,1,,False,,False,False
2023-15,FP3,0 days 00:54:45.541000,TSU,22,0 days 00:02:08.551000,11.0,3.0,0 days 00:52:53.546000,0 days 00:54:37.623000,0 days 00:00:46.475000,0 days 00:00:45.429000,0 days 00:00:36.647000,0 days 00:53:23.465000,0 days 00:54:08.894000,0 days 00:54:45.541000,280.0,243.0,,265.0,False,MEDIUM,11.0,False,AlphaTauri,0 days 00:52:36.990000,,1,,False,,False,False
2023-15,FP3,0 days 01:06:37.825000,TSU,22,,12.0,4.0,0 days 01:04:02.164000,,,0 days 00:01:03.895000,0 days 00:00:40.647000,,0 days 01:05:57.413000,0 days 01:06:37.928000,136.0,198.0,248.0,265.0,False,SOFT,1.0,True,AlphaTauri,0 days 00:54:45.541000,,12,,False,,False,False
2023-15,FP3,0 days 01:08:10.849000,TSU,22,0 days 00:01:33.024000,13.0,4.0,,,0 days 00:00:27.536000,0 days 00:00:39.161000,0 days 00:00:26.327000,0 days 01:07:05.361000,0 days 01:07:44.522000,0 days 01:08:10.849000,302.0,272.0,251.0,294.0,True,SOFT,2.0,True,AlphaTauri,0 days 01:06:37.825000,,1,,False,,False,True
2023-15,FP3,0 days 01:11:09.036000,TSU,22,,14.0,4.0,,,0 days 00:00:49.704000,0 days 00:01:15.552000,0 days 00:00:52.861000,0 days 01:09:00.754000,0 days 01:10:16.175000,0 days 01:11:09.050000,123.0,110.0,112.0,258.0,False,SOFT,3.0,True,AlphaTauri,0 days 01:08:10.849000,,1,,False,,False,False
2023-15,FP3,0 days 01:13:49.680000,TSU,22,,15.0,4.0,,,0 days 00:00:56.457000,0 days 00:01:08.296000,0 days 00:00:35.942000,0 days 01:12:05.643000,0 days 01:13:13.939000,0 days 01:13:49.751000,140.0,203.0,250.0,119.0,False,SOFT,4.0,True,AlphaTauri,0 days 01:11:09.036000,,1,,False,,False,False
2023-15,FP3,0 days 01:15:22.625000,TSU,22,0 days 00:01:32.945000,16.0,4.0,,,0 days 00:00:27.367000,0 days 00:00:39.165000,0 days 00:00:26.413000,0 days 01:14:17.047000,0 days 01:14:56.212000,0 days 01:15:22.625000,305.0,275.0,255.0,294.0,True,SOFT,5.0,True,AlphaTauri,0 days 01:13:49.680000,,1,,False,,False,True
2023-15,FP3,0 days 01:17:30.988000,TSU,22,0 days 00:02:08.363000,17.0,4.0,,,0 days 00:00:38.822000,0 days 00:00:52.638000,0 days 00:00:36.903000,0 days 01:16:01.447000,0 days 01:16:54.085000,0 days 01:17:30.988000,211.0,239.0,97.0,262.0,False,SOFT,6.0,True,AlphaTauri,0 days 01:15:22.625000,,1,,False,,False,True
2023-15,FP3,0 days 01:19:49.482000,TSU,22,0 days 00:02:18.494000,18.0,4.0,,0 days 01:19:41.700000,0 days 00:00:48.532000,0 days 00:00:51.441000,0 days 00:00:38.521000,0 days 01:18:19.520000,0 days 01:19:10.961000,0 days 01:19:49.482000,241.0,195.0,,195.0,False,SOFT,7.0,True,AlphaTauri,0 days 01:17:30.988000,,1,,False,,False,False
2023-15,FP3,0 days 00:31:48.118000,ALB,23,,1.0,1.0,0 days 00:29:43.671000,,,0 days 00:00:54.496000,0 days 00:00:35.816000,,0 days 00:31:12.529000,0 days 00:31:48.216000,296.0,263.0,253.0,,False,SOFT,1.0,True,Williams,0 days 00:29:43.671000,,1,,False,,False,False
2023-15,FP3,0 days 00:33:22.716000,ALB,23,0 days 00:01:34.598000,2.0,1.0,,,0 days 00:00:27.696000,0 days 00:00:40.106000,0 days 00:00:26.796000,0 days 00:32:15.814000,0 days 00:32:55.920000,0 days 00:33:22.716000,308.0,277.0,254.0,299.0,True,SOFT,2.0,True,Williams,0 days 00:31:48.118000,,1,,False,,False,True
2023-15,FP3,0 days 00:35:51.137000,ALB,23,0 days 00:02:28.421000,3.0,1.0,,,0 days 00:00:41.784000,0 days 00:01:03.286000,0 days 00:00:43.351000,0 days 00:34:04.500000,0 days 00:35:07.786000,0 days 00:35:51.137000,239.0,191.0,160.0,258.0,False,SOFT,3.0,True,Williams,0 days 00:33:22.716000,,1,,False,,False,True
2023-15,FP3,0 days 00:38:15.694000,ALB,23,0 days 00:02:24.557000,4.0,1.0,,,0 days 00:00:42.437000,0 days 00:01:03.565000,0 days 00:00:38.555000,0 days 00:36:33.574000,0 days 00:37:37.139000,0 days 00:38:15.694000,271.0,222.0,254.0,253.0,False,SOFT,4.0,True,Williams,0 days 00:35:51.137000,,1,,False,,False,True
2023-15,FP3,0 days 00:39:49.836000,ALB,23,0 days 00:01:34.142000,5.0,1.0,,,0 days 00:00:27.441000,0 days 00:00:39.936000,0 days 00:00:26.765000,0 days 00:38:43.135000,0 days 00:39:23.071000,0 days 00:39:49.836000,309.0,276.0,254.0,300.0,True,SOFT,5.0,True,Williams,0 days 00:38:15.694000,,1,,False,,False,True
2023-15,FP3,0 days 00:42:11.078000,ALB,23,0 days 00:02:21.242000,6.0,1.0,,0 days 00:42:03.335000,0 days 00:00:37.689000,0 days 00:00:55.940000,0 days 00:00:47.613000,0 days 00:40:27.525000,0 days 00:41:23.465000,0 days 00:42:11.078000,267.0,246.0,,289.0,False,SOFT,6.0,True,Williams,0 days 00:39:49.836000,,12,,False,,False,False
2023-15,FP3,0 days 00:44:32.895000,ALB,23,0 days 00:02:21.817000,7.0,2.0,0 days 00:42:37.319000,0 days 00:44:25.161000,0 days 00:00:58.795000,0 days 00:00:45.409000,0 days 00:00:37.613000,0 days 00:43:09.873000,0 days 00:43:55.282000,0 days 00:44:32.895000,245.0,261.0,,289.0,False,SOFT,7.0,False,Williams,0 days 00:42:11.078000,,1,,False,,False,False
2023-15,FP3,0 days 00:55:42.751000,ALB,23,,8.0,3.0,0 days 00:53:37.796000,,,0 days 00:00:58.181000,0 days 00:00:31.037000,,0 days 00:55:11.888000,0 days 00:55:42.826000,272.0,266.0,255.0,289.0,False,SOFT,1.0,True,Williams,0 days 00:44:32.895000,,1,,False,,False,False
2023-15,FP3,0 days 00:57:16.121000,ALB,23,0 days 00:01:33.370000,9.0,3.0,,,0 days 00:00:27.296000,0 days 00:00:39.696000,0 days 00:00:26.378000,0 days 00:56:10.047000,0 days 00:56:49.743000,0 days 00:57:16.121000,306.0,276.0,257.0,299.0,True,SOFT,2.0,True,Williams,0 days 00:55:42.751000,,1,,False,,False,True
2023-15,FP3,0 days 00:59:47.823000,ALB,23,,10.0,3.0,,0 days 00:59:39.870000,0 days 00:00:43.247000,0 days 00:01:03.195000,0 days 00:00:45.116000,0 days 00:57:59.574000,0 days 00:59:02.730000,0 days 00:59:47.823000,240.0,242.0,,263.0,False,SOFT,3.0,True,Williams,0 days 00:57:16.121000,,1,,False,,False,False
2023-15,FP3,0 days 01:02:46.040000,ALB,23,,11.0,4.0,0 days 01:00:13.604000,,0 days 00:01:08.561000,0 days 00:01:10.943000,0 days 00:00:38.766000,0 days 01:00:56.447000,0 days 01:02:07.368000,0 days 01:02:46.040000,262.0,194.0,254.0,263.0,False,SOFT,4.0,False,Williams,0 days 00:59:47.823000,,1,,False,,False,False
2023-15,FP3,0 days 01:04:42.146000,ALB,23,0 days 00:01:56.106000,12.0,4.0,,0 days 01:04:34.023000,0 days 00:00:27.445000,0 days 00:00:39.912000,0 days 00:00:48.749000,0 days 01:03:13.485000,0 days 01:03:53.397000,0 days 01:04:42.146000,308.0,276.0,,299.0,False,SOFT,5.0,False,Williams,0 days 01:02:46.040000,,12,,False,,False,False
2023-15,FP3,0 days 01:15:36.828000,ALB,23,,13.0,5.0,0 days 01:13:06.205000,,,0 days 00:00:55.550000,0 days 00:00:28.853000,,0 days 01:15:08.094000,0 days 01:15:36.828000,238.0,257.0,240.0,299.0,False,SOFT,8.0,False,Williams,0 days 01:04:42.146000,,1,,False,,False,False
2023-15,FP3,0 days 01:17:53.155000,ALB,23,0 days 00:02:16.327000,14.0,5.0,,,0 days 00:00:34.361000,0 days 00:00:55.067000,0 days 00:00:46.899000,0 days 01:16:11.189000,0 days 01:17:06.256000,0 days 01:17:53.155000,268.0,163.0,49.0,281.0,False,SOFT,9.0,False,Williams,0 days 01:15:36.828000,,1,,False,,False,True
2023-15,FP3,0 days 01:20:07.919000,ALB,23,,15.0,5.0,,0 days 01:20:07.919000,0 days 00:00:53.207000,0 days 00:00:49.472000,,0 days 01:18:46.529000,0 days 01:19:35.951000,,274.0,242.0,,204.0,False,SOFT,10.0,False,Williams,0 days 01:17:53.155000,,1,,False,,False,False
2023-15,FP3,0 days 00:17:12.949000,ZHO,24,,1.0,1.0,0 days 00:15:06.009000,,,0 days 00:00:53.306000,0 days 00:00:37.302000,,0 days 00:16:35.852000,0 days 00:17:13.039000,219.0,226.0,244.0,,False,SOFT,1.0,True,Alfa Romeo,0 days 00:15:06.009000,,1,,False,,False,False
2023-15,FP3,0 days 00:18:49.444000,ZHO,24,0 days 00:01:36.495000,2.0,1.0,,,0 days 00:00:28.350000,0 days 00:00:40.863000,0 days 00:00:27.282000,0 days 00:17:41.299000,0 days 00:18:22.162000,0 days 00:18:49.444000,300.0,272.0,249.0,290.0,True,SOFT,2.0,True,Alfa Romeo,0 days 00:17:12.949000,,1,,False,,False,True
2023-15,FP3,0 days 00:21:06.980000,ZHO,24,0 days 00:02:17.536000,3.0,1.0,,0 days 00:20:59.177000,0 days 00:00:36.916000,0 days 00:00:55.596000,0 days 00:00:45.024000,0 days 00:19:26.360000,0 days 00:20:21.956000,0 days 00:21:06.980000,226.0,202.0,,250.0,False,SOFT,3.0,True,Alfa Romeo,0 days 00:18:49.444000,,1,,False,,False,False
2023-15,FP3,0 days 00:23:41.501000,ZHO,24,,4.0,2.0,0 days 00:21:24.708000,,0 days 00:01:03.316000,0 days 00:00:55.818000,0 days 00:00:35.407000,0 days 00:22:10.535000,0 days 00:23:06.285000,0 days 00:23:41.613000,235.0,220.0,248.0,250.0,False,SOFT,4.0,False,Alfa Romeo,0 days 00:21:06.980000,,1,,False,,False,False
2023-15,FP3,0 days 00:25:16.799000,ZHO,24,0 days 00:01:35.298000,5.0,2.0,,,0 days 00:00:28.103000,0 days 00:00:40.337000,0 days 00:00:26.858000,0 days 00:24:09.604000,0 days 00:24:49.941000,0 days 00:25:16.799000,303.0,273.0,252.0,291.0,True,SOFT,5.0,False,Alfa Romeo,0 days 00:23:41.501000,,1,,False,,False,True
2023-15,FP3,0 days 00:27:24.040000,ZHO,24,0 days 00:02:07.241000,6.0,2.0,,0 days 00:27:16.251000,0 days 00:00:36.272000,0 days 00:00:52.271000,0 days 00:00:38.698000,0 days 00:25:53.071000,0 days 00:26:45.342000,0 days 00:27:24.040000,264.0,237.0,,261.0,False,SOFT,6.0,False,Alfa Romeo,0 days 00:25:16.799000,,1,,False,,False,False
2023-15,FP3,0 days 00:35:13.324000,ZHO,24,,7.0,3.0,0 days 00:32:55.247000,,,0 days 00:00:49.946000,0 days 00:00:40.954000,,0 days 00:34:32.496000,0 days 00:35:13.355000,280.0,263.0,236.0,261.0,False,SOFT,7.0,False,Alfa Romeo,0 days 00:27:24.040000,,1,,False,,False,False
2023-15,FP3,0 days 00:36:53.431000,ZHO,24,0 days 00:01:40.107000,8.0,3.0,,,0 days 00:00:29.662000,0 days 00:00:42.162000,0 days 00:00:28.283000,0 days 00:35:42.986000,0 days 00:36:25.148000,0 days 00:36:53.431000,279.0,256.0,242.0,271.0,False,SOFT,8.0,False,Alfa Romeo,0 days 00:35:13.324000,,1,,False,,False,True
2023-15,FP3,0 days 00:38:33.615000,ZHO,24,0 days 00:01:40.184000,9.0,3.0,,,0 days 00:00:29.584000,0 days 00:00:42.595000,0 days 00:00:28.005000,0 days 00:37:23.015000,0 days 00:38:05.610000,0 days 00:38:33.615000,280.0,254.0,243.0,275.0,False,SOFT,9.0,False,Alfa Romeo,0 days 00:36:53.431000,,1,,False,,False,True
2023-15,FP3,0 days 00:40:13.088000,ZHO,24,0 days 00:01:39.473000,10.0,3.0,,,0 days 00:00:29.268000,0 days 00:00:42.174000,0 days 00:00:28.031000,0 days 00:39:02.883000,0 days 00:39:45.057000,0 days 00:40:13.088000,280.0,255.0,244.0,275.0,False,SOFT,10.0,False,Alfa Romeo,0 days 00:38:33.615000,,1,,False,,False,True
2023-15,FP3,0 days 00:42:01.641000,ZHO,24,0 days 00:01:48.553000,11.0,3.0,,,0 days 00:00:33.265000,0 days 00:00:44.027000,0 days 00:00:31.261000,0 days 00:40:46.353000,0 days 00:41:30.380000,0 days 00:42:01.641000,280.0,257.0,241.0,278.0,False,SOFT,11.0,False,Alfa Romeo,0 days 00:40:13.088000,,12,,False,,False,True
2023-15,FP3,0 days 00:43:41.554000,ZHO,24,0 days 00:01:39.913000,12.0,3.0,,,0 days 00:00:29.368000,0 days 00:00:42.401000,0 days 00:00:28.144000,0 days 00:42:31.009000,0 days 00:43:13.410000,0 days 00:43:41.554000,282.0,257.0,243.0,276.0,False,SOFT,12.0,False,Alfa Romeo,0 days 00:42:01.641000,,1,,False,,False,True
2023-15,FP3,0 days 00:45:21.801000,ZHO,24,0 days 00:01:40.247000,13.0,3.0,,,0 days 00:00:29.409000,0 days 00:00:42.785000,0 days 00:00:28.053000,0 days 00:44:10.963000,0 days 00:44:53.748000,0 days 00:45:21.801000,282.0,257.0,243.0,276.0,False,SOFT,13.0,False,Alfa Romeo,0 days 00:43:41.554000,,1,,False,,False,True
2023-15,FP3,0 days 00:47:02.199000,ZHO,24,0 days 00:01:40.398000,14.0,3.0,,,0 days 00:00:29.481000,0 days 00:00:42.674000,0 days 00:00:28.243000,0 days 00:45:51.282000,0 days 00:46:33.956000,0 days 00:47:02.199000,281.0,257.0,244.0,275.0,False,SOFT,14.0,False,Alfa Romeo,0 days 00:45:21.801000,,1,,False,,False,True
2023-15,FP3,0 days 00:48:42.439000,ZHO,24,0 days 00:01:40.240000,15.0,3.0,,,0 days 00:00:29.487000,0 days 00:00:42.716000,0 days 00:00:28.037000,0 days 00:47:31.686000,0 days 00:48:14.402000,0 days 00:48:42.439000,281.0,257.0,243.0,276.0,False,SOFT,15.0,False,Alfa Romeo,0 days 00:47:02.199000,,1,,False,,False,True
2023-15,FP3,0 days 00:50:22.487000,ZHO,24,0 days 00:01:40.048000,16.0,3.0,,,0 days 00:00:29.353000,0 days 00:00:42.701000,0 days 00:00:27.994000,0 days 00:49:11.792000,0 days 00:49:54.493000,0 days 00:50:22.487000,287.0,258.0,244.0,277.0,False,SOFT,16.0,False,Alfa Romeo,0 days 00:48:42.439000,,1,,False,,False,True
2023-15,FP3,0 days 00:52:23.288000,ZHO,24,0 days 00:02:00.801000,17.0,3.0,,0 days 00:52:15.422000,0 days 00:00:31.306000,0 days 00:00:50.672000,0 days 00:00:38.823000,0 days 00:50:53.793000,0 days 00:51:44.465000,0 days 00:52:23.288000,269.0,246.0,,275.0,False,SOFT,17.0,False,Alfa Romeo,0 days 00:50:22.487000,,1,,False,,False,False
2023-15,FP3,0 days 01:06:46.967000,ZHO,24,,18.0,4.0,0 days 01:04:43.585000,,,0 days 00:00:55.221000,0 days 00:00:31.938000,,0 days 01:06:15.241000,0 days 01:06:47.068000,275.0,254.0,254.0,275.0,False,SOFT,1.0,True,Alfa Romeo,0 days 00:52:23.288000,,12,,False,,False,False
2023-15,FP3,0 days 01:08:20.645000,ZHO,24,0 days 00:01:33.678000,19.0,4.0,,,0 days 00:00:27.436000,0 days 00:00:39.583000,0 days 00:00:26.659000,0 days 01:07:14.403000,0 days 01:07:53.986000,0 days 01:08:20.645000,309.0,277.0,255.0,298.0,True,SOFT,2.0,True,Alfa Romeo,0 days 01:06:46.967000,,1,,False,,False,True
2023-15,FP3,0 days 01:10:59.222000,ZHO,24,,20.0,4.0,,0 days 01:10:51.222000,0 days 00:00:41.975000,0 days 00:01:04.308000,0 days 00:00:52.122000,0 days 01:09:02.832000,0 days 01:10:07.160000,0 days 01:10:59.222000,150.0,146.0,,257.0,False,SOFT,3.0,True,Alfa Romeo,0 days 01:08:20.645000,,1,,False,,False,False
2023-15,FP3,0 days 01:13:29.941000,ZHO,24,,21.0,5.0,0 days 01:11:17.128000,,0 days 00:01:04.068000,0 days 00:00:53.718000,0 days 00:00:33.099000,0 days 01:12:03.362000,0 days 01:12:57.033000,0 days 01:13:30.033000,255.0,238.0,254.0,257.0,False,SOFT,4.0,False,Alfa Romeo,0 days 01:10:59.222000,,1,,False,,False,False
2023-15,FP3,0 days 01:15:03.578000,ZHO,24,0 days 00:01:33.637000,22.0,5.0,,,0 days 00:00:27.383000,0 days 00:00:39.508000,0 days 00:00:26.746000,0 days 01:13:57.324000,0 days 01:14:36.832000,0 days 01:15:03.578000,307.0,277.0,254.0,298.0,True,SOFT,5.0,False,Alfa Romeo,0 days 01:13:29.941000,,1,,False,,False,True
2023-15,FP3,0 days 01:17:13.971000,ZHO,24,0 days 00:02:10.393000,23.0,5.0,,,0 days 00:00:35.786000,0 days 00:00:53.938000,0 days 00:00:40.669000,0 days 01:15:39.364000,0 days 01:16:33.302000,0 days 01:17:13.971000,184.0,186.0,76.0,258.0,False,SOFT,6.0,False,Alfa Romeo,0 days 01:15:03.578000,,1,,False,,False,True
2023-15,FP3,0 days 01:19:40.719000,ZHO,24,0 days 00:02:26.748000,24.0,5.0,,0 days 01:19:32.888000,0 days 00:00:49.690000,0 days 00:00:54.385000,0 days 00:00:42.673000,0 days 01:18:03.661000,0 days 01:18:58.046000,0 days 01:19:40.719000,292.0,212.0,,191.0,False,SOFT,7.0,False,Alfa Romeo,0 days 01:17:13.971000,,1,,False,,False,False
2023-15,FP3,0 days 00:26:18.021000,HUL,27,,1.0,1.0,0 days 00:24:21.596000,,,0 days 00:00:47.611000,0 days 00:00:35.249000,,0 days 00:25:42.939000,0 days 00:26:18.095000,280.0,254.0,252.0,,False,MEDIUM,1.0,True,Haas F1 Team,0 days 00:24:21.596000,,1,,False,,False,False
2023-15,FP3,0 days 00:27:53.141000,HUL,27,0 days 00:01:35.120000,2.0,1.0,,,0 days 00:00:27.786000,0 days 00:00:40.415000,0 days 00:00:26.919000,0 days 00:26:45.807000,0 days 00:27:26.222000,0 days 00:27:53.141000,313.0,279.0,256.0,299.0,True,MEDIUM,2.0,True,Haas F1 Team,0 days 00:26:18.021000,,1,,False,,False,True
2023-15,FP3,0 days 00:30:16.528000,HUL,27,0 days 00:02:23.387000,3.0,1.0,,0 days 00:30:08.764000,0 days 00:00:39.605000,0 days 00:01:00.382000,0 days 00:00:43.400000,0 days 00:28:32.746000,0 days 00:29:33.128000,0 days 00:30:16.528000,188.0,159.0,,224.0,False,MEDIUM,3.0,True,Haas F1 Team,0 days 00:27:53.141000,,1,,False,,False,False
2023-15,FP3,0 days 00:32:56.105000,HUL,27,,4.0,2.0,0 days 00:30:34.311000,,0 days 00:01:04.664000,0 days 00:00:56.311000,0 days 00:00:38.601000,0 days 00:31:21.389000,0 days 00:32:17.685000,0 days 00:32:56.184000,181.0,243.0,254.0,224.0,False,MEDIUM,4.0,False,Haas F1 Team,0 days 00:30:16.528000,,1,,False,,False,False
2023-15,FP3,0 days 00:34:30.824000,HUL,27,0 days 00:01:34.719000,5.0,2.0,,,0 days 00:00:27.730000,0 days 00:00:40.192000,0 days 00:00:26.797000,0 days 00:33:23.835000,0 days 00:34:04.027000,0 days 00:34:30.824000,313.0,280.0,243.0,301.0,True,MEDIUM,5.0,False,Haas F1 Team,0 days 00:32:56.105000,,1,,False,,False,True
2023-15,FP3,0 days 00:36:52.319000,HUL,27,0 days 00:02:21.495000,6.0,2.0,,,0 days 00:00:42.556000,0 days 00:01:02.315000,0 days 00:00:36.624000,0 days 00:35:13.380000,0 days 00:36:15.695000,0 days 00:36:52.319000,158.0,151.0,247.0,204.0,False,MEDIUM,6.0,False,Haas F1 Team,0 days 00:34:30.824000,,1,,False,,False,True
2023-15,FP3,0 days 00:38:57.401000,HUL,27,0 days 00:02:05.082000,7.0,2.0,,0 days 00:38:49.665000,0 days 00:00:27.921000,0 days 00:00:55.251000,0 days 00:00:41.910000,0 days 00:37:20.240000,0 days 00:38:15.491000,0 days 00:38:57.401000,306.0,173.0,,294.0,False,MEDIUM,7.0,False,Haas F1 Team,0 days 00:36:52.319000,,1,,False,,False,False
2023-15,FP3,0 days 00:41:24.526000,HUL,27,0 days 00:02:27.125000,8.0,3.0,0 days 00:39:21.196000,,0 days 00:00:57.534000,0 days 00:00:53.954000,0 days 00:00:35.637000,0 days 00:39:54.935000,0 days 00:40:48.889000,0 days 00:41:24.526000,308.0,165.0,248.0,294.0,False,MEDIUM,8.0,False,Haas F1 Team,0 days 00:38:57.401000,,12,,False,,False,False
2023-15,FP3,0 days 00:42:59.255000,HUL,27,0 days 00:01:34.729000,9.0,3.0,,,0 days 00:00:27.898000,0 days 00:00:40.070000,0 days 00:00:26.761000,0 days 00:41:52.424000,0 days 00:42:32.494000,0 days 00:42:59.255000,307.0,276.0,254.0,296.0,False,MEDIUM,9.0,False,Haas F1 Team,0 days 00:41:24.526000,,1,,False,,False,True
2023-15,FP3,0 days 00:44:54.201000,HUL,27,0 days 00:01:54.946000,10.0,3.0,,0 days 00:44:46.489000,0 days 00:00:31.821000,0 days 00:00:45.791000,0 days 00:00:37.334000,0 days 00:43:31.076000,0 days 00:44:16.867000,0 days 00:44:54.201000,278.0,198.0,,268.0,False,MEDIUM,10.0,False,Haas F1 Team,0 days 00:42:59.255000,,1,,False,,False,False
2023-15,FP3,0 days 01:06:02.879000,HUL,27,,11.0,4.0,0 days 01:03:57.039000,,,0 days 00:00:52.483000,0 days 00:00:38.460000,,0 days 01:05:24.632000,0 days 01:06:02.959000,201.0,238.0,254.0,268.0,False,SOFT,1.0,True,Haas F1 Team,0 days 00:44:54.201000,,12,,False,,False,False
2023-15,FP3,0 days 01:07:35.840000,HUL,27,0 days 00:01:32.961000,12.0,4.0,,,0 days 00:00:27.334000,0 days 00:00:39.327000,0 days 00:00:26.300000,0 days 01:06:30.213000,0 days 01:07:09.540000,0 days 01:07:35.840000,312.0,279.0,258.0,301.0,True,SOFT,2.0,True,Haas F1 Team,0 days 01:06:02.879000,,1,,False,,False,True
2023-15,FP3,0 days 01:10:03.875000,HUL,27,0 days 00:02:28.035000,13.0,4.0,,,0 days 00:00:43.156000,0 days 00:01:02.879000,0 days 00:00:42,0 days 01:08:18.996000,0 days 01:09:21.875000,0 days 01:10:03.875000,144.0,148.0,153.0,209.0,False,SOFT,3.0,True,Haas F1 Team,0 days 01:07:35.840000,,1,,False,,False,True
2023-15,FP3,0 days 01:12:25.293000,HUL,27,0 days 00:02:21.418000,14.0,4.0,,,0 days 00:00:47.416000,0 days 00:01:02.007000,0 days 00:00:31.995000,0 days 01:10:51.291000,0 days 01:11:53.298000,0 days 01:12:25.293000,171.0,240.0,253.0,149.0,False,SOFT,4.0,True,Haas F1 Team,0 days 01:10:03.875000,,1,,False,,False,True
2023-15,FP3,0 days 01:13:58.189000,HUL,27,0 days 00:01:32.896000,15.0,4.0,,,0 days 00:00:27.190000,0 days 00:00:39.446000,0 days 00:00:26.260000,0 days 01:12:52.483000,0 days 01:13:31.929000,0 days 01:13:58.189000,312.0,278.0,259.0,299.0,True,SOFT,5.0,True,Haas F1 Team,0 days 01:12:25.293000,,1,,False,,False,True
2023-15,FP3,0 days 01:15:45.905000,HUL,27,0 days 00:01:47.716000,16.0,4.0,,,0 days 00:00:31.824000,0 days 00:00:43.837000,0 days 00:00:32.055000,0 days 01:14:30.013000,0 days 01:15:13.850000,0 days 01:15:45.905000,278.0,230.0,232.0,269.0,False,SOFT,6.0,True,Haas F1 Team,0 days 01:13:58.189000,,1,,False,,False,True
2023-15,FP3,0 days 01:17:47.591000,HUL,27,0 days 00:02:01.686000,17.0,4.0,,,0 days 00:00:32.083000,0 days 00:00:46.749000,0 days 00:00:42.854000,0 days 01:16:17.988000,0 days 01:17:04.737000,0 days 01:17:47.591000,270.0,232.0,107.0,245.0,False,SOFT,7.0,True,Haas F1 Team,0 days 01:15:45.905000,,1,,False,,False,True
2023-15,FP3,0 days 01:20:14.280000,HUL,27,0 days 00:02:26.689000,18.0,4.0,,0 days 01:20:06.559000,0 days 00:00:51.971000,0 days 00:00:50.680000,0 days 00:00:44.038000,0 days 01:18:39.562000,0 days 01:19:30.242000,0 days 01:20:14.280000,238.0,198.0,,195.0,False,SOFT,8.0,True,Haas F1 Team,0 days 01:17:47.591000,,1,,False,,False,False
2023-15,FP3,0 days 00:25:22.065000,OCO,31,,1.0,1.0,0 days 00:22:50.238000,,,0 days 00:00:57.650000,0 days 00:00:38.993000,,0 days 00:24:43.174000,0 days 00:25:22.065000,245.0,237.0,253.0,,False,MEDIUM,1.0,True,Alpine,0 days 00:22:50.238000,,1,,False,,False,False
2023-15,FP3,0 days 00:26:57.217000,OCO,31,0 days 00:01:35.152000,2.0,1.0,,,0 days 00:00:27.972000,0 days 00:00:40.272000,0 days 00:00:26.908000,0 days 00:25:50.037000,0 days 00:26:30.309000,0 days 00:26:57.217000,305.0,273.0,256.0,296.0,True,MEDIUM,2.0,True,Alpine,0 days 00:25:22.065000,,1,,False,,False,True
2023-15,FP3,0 days 00:29:34.702000,OCO,31,,3.0,1.0,,,0 days 00:00:46.531000,0 days 00:01:09.607000,0 days 00:00:41.416000,0 days 00:27:43.891000,0 days 00:28:53.547000,0 days 00:29:34.749000,145.0,156.0,140.0,262.0,False,MEDIUM,3.0,True,Alpine,0 days 00:26:57.217000,,1,,False,,False,False
2023-15,FP3,0 days 00:31:54.841000,OCO,31,0 days 00:02:20.139000,4.0,1.0,,,0 days 00:00:43.450000,0 days 00:00:58.325000,0 days 00:00:38.364000,0 days 00:30:18.152000,0 days 00:31:16.477000,0 days 00:31:54.841000,175.0,156.0,254.0,141.0,False,MEDIUM,4.0,True,Alpine,0 days 00:29:34.702000,,1,,False,,False,True
2023-15,FP3,0 days 00:33:29.497000,OCO,31,0 days 00:01:34.656000,5.0,1.0,,,0 days 00:00:27.823000,0 days 00:00:40.064000,0 days 00:00:26.769000,0 days 00:32:22.664000,0 days 00:33:02.728000,0 days 00:33:29.497000,306.0,275.0,252.0,299.0,True,MEDIUM,5.0,True,Alpine,0 days 00:31:54.841000,,1,,False,,False,True
2023-15,FP3,0 days 00:36:05.575000,OCO,31,,6.0,1.0,,,0 days 00:00:45.467000,0 days 00:01:05.740000,0 days 00:00:44.894000,0 days 00:34:15.168000,0 days 00:35:20.964000,0 days 00:36:05.667000,142.0,155.0,130.0,284.0,False,MEDIUM,6.0,True,Alpine,0 days 00:33:29.497000,,1,,False,,False,False
2023-15,FP3,0 days 00:38:27.283000,OCO,31,0 days 00:02:21.708000,7.0,1.0,,,0 days 00:00:47.043000,0 days 00:01:02.158000,0 days 00:00:32.507000,0 days 00:36:52.618000,0 days 00:37:54.776000,0 days 00:38:27.283000,151.0,180.0,255.0,154.0,False,MEDIUM,7.0,True,Alpine,0 days 00:36:05.575000,,1,,False,,False,True
2023-15,FP3,0 days 00:40:01.414000,OCO,31,0 days 00:01:34.131000,8.0,1.0,,,0 days 00:00:27.858000,0 days 00:00:39.735000,0 days 00:00:26.538000,0 days 00:38:55.141000,0 days 00:39:34.876000,0 days 00:40:01.414000,305.0,274.0,258.0,297.0,True,MEDIUM,8.0,True,Alpine,0 days 00:38:27.283000,,1,,False,,False,True
2023-15,FP3,0 days 00:42:10.006000,OCO,31,0 days 00:02:08.592000,9.0,1.0,,0 days 00:42:02.257000,0 days 00:00:35.997000,0 days 00:00:51.833000,0 days 00:00:40.762000,0 days 00:40:37.411000,0 days 00:41:29.244000,0 days 00:42:10.006000,199.0,129.0,,280.0,False,MEDIUM,9.0,True,Alpine,0 days 00:40:01.414000,,12,,False,,False,False
2023-15,FP3,0 days 00:56:05.408000,OCO,31,,10.0,2.0,0 days 00:53:56.592000,,,0 days 00:00:56.740000,0 days 00:00:33.322000,,0 days 00:55:32.294000,0 days 00:56:05.513000,201.0,245.0,256.0,280.0,False,SOFT,1.0,True,Alpine,0 days 00:42:10.006000,,1,,False,,False,False
2023-15,FP3,0 days 00:57:38.387000,OCO,31,0 days 00:01:32.979000,11.0,2.0,,,0 days 00:00:27.436000,0 days 00:00:39.265000,0 days 00:00:26.278000,0 days 00:56:32.844000,0 days 00:57:12.109000,0 days 00:57:38.387000,305.0,275.0,258.0,298.0,True,SOFT,2.0,True,Alpine,0 days 00:56:05.408000,,1,,False,,False,True
2023-15,FP3,0 days 01:00:14.026000,OCO,31,,12.0,2.0,,,0 days 00:00:43.365000,0 days 00:01:04.424000,0 days 00:00:47.755000,0 days 00:58:21.980000,0 days 00:59:26.433000,0 days 01:00:14.026000,152.0,125.0,152.0,260.0,False,SOFT,3.0,True,Alpine,0 days 00:57:38.387000,,1,,False,,False,False
2023-15,FP3,0 days 01:02:35.071000,OCO,31,0 days 00:02:21.045000,13.0,2.0,,,0 days 00:00:45.529000,0 days 00:00:59.397000,0 days 00:00:36.119000,0 days 01:00:59.555000,0 days 01:01:58.952000,0 days 01:02:35.071000,161.0,165.0,255.0,176.0,False,SOFT,4.0,True,Alpine,0 days 01:00:14.026000,,1,,False,,False,True
2023-15,FP3,0 days 01:04:08.717000,OCO,31,0 days 00:01:33.646000,14.0,2.0,,,0 days 00:00:27.441000,0 days 00:00:39.638000,0 days 00:00:26.567000,0 days 01:03:02.512000,0 days 01:03:42.150000,0 days 01:04:08.717000,306.0,276.0,256.0,297.0,False,SOFT,5.0,True,Alpine,0 days 01:02:35.071000,,12,,False,,False,True
2023-15,FP3,0 days 01:06:16.358000,OCO,31,0 days 00:02:07.641000,15.0,2.0,,0 days 01:06:08.522000,0 days 00:00:35.047000,0 days 00:00:54.645000,0 days 00:00:37.949000,0 days 01:04:43.764000,0 days 01:05:38.409000,0 days 01:06:16.358000,197.0,241.0,,278.0,False,SOFT,6.0,True,Alpine,0 days 01:04:08.717000,,1,,False,,False,False
2023-15,FP3,0 days 01:14:25.485000,OCO,31,,16.0,3.0,0 days 01:12:00.034000,0 days 01:14:17.563000,,0 days 00:00:51.024000,0 days 00:00:41.863000,,0 days 01:13:43.658000,0 days 01:14:25.485000,178.0,245.0,,278.0,False,MEDIUM,10.0,False,Alpine,0 days 01:06:16.358000,,1,,False,,False,False
2023-15,FP3,0 days 01:16:56.838000,OCO,31,,17.0,4.0,0 days 01:14:43.110000,,0 days 00:01:13.607000,0 days 00:00:46.364000,0 days 00:00:31.499000,0 days 01:15:39.125000,0 days 01:16:25.468000,0 days 01:16:56.858000,239.0,243.0,222.0,278.0,False,MEDIUM,11.0,False,Alpine,0 days 01:14:25.485000,,1,,False,,False,False
2023-15,FP3,0 days 01:18:55.393000,OCO,31,0 days 00:01:58.555000,18.0,4.0,,,0 days 00:00:33.882000,0 days 00:00:47.965000,0 days 00:00:36.708000,0 days 01:17:30.720000,0 days 01:18:18.685000,0 days 01:18:55.393000,217.0,209.0,60.0,213.0,False,MEDIUM,12.0,False,Alpine,0 days 01:16:56.838000,,1,,False,,False,True
2023-15,FP3,0 days 01:21:13.371000,OCO,31,0 days 00:02:17.978000,19.0,4.0,,0 days 01:21:05.574000,0 days 00:00:55.815000,0 days 00:00:44.851000,0 days 00:00:37.312000,0 days 01:19:51.208000,0 days 01:20:36.059000,0 days 01:21:13.371000,292.0,260.0,,202.0,False,MEDIUM,13.0,False,Alpine,0 days 01:18:55.393000,,1,,False,,False,False
2023-15,FP3,0 days 00:31:22.524000,LAW,40,,1.0,1.0,0 days 00:29:01.109000,,,0 days 00:01:04.656000,0 days 00:00:40.794000,,0 days 00:30:41.905000,0 days 00:31:22.576000,254.0,229.0,247.0,,False,MEDIUM,1.0,True,AlphaTauri,0 days 00:29:01.109000,,1,,False,,False,False
2023-15,FP3,0 days 00:32:57.669000,LAW,40,0 days 00:01:35.145000,2.0,1.0,,,0 days 00:00:28.097000,0 days 00:00:40.136000,0 days 00:00:26.912000,0 days 00:31:50.621000,0 days 00:32:30.757000,0 days 00:32:57.669000,301.0,272.0,251.0,292.0,True,MEDIUM,2.0,True,AlphaTauri,0 days 00:31:22.524000,,1,,False,,False,True
2023-15,FP3,0 days 00:35:38.923000,LAW,40,,3.0,1.0,,,0 days 00:00:44.669000,0 days 00:01:09.264000,0 days 00:00:47.257000,0 days 00:33:42.543000,0 days 00:34:51.761000,0 days 00:35:38.964000,151.0,154.0,133.0,292.0,False,MEDIUM,3.0,True,AlphaTauri,0 days 00:32:57.669000,,1,,False,,False,False
2023-15,FP3,0 days 00:38:08.134000,LAW,40,0 days 00:02:29.211000,4.0,1.0,,,0 days 00:00:50.015000,0 days 00:01:01.763000,0 days 00:00:37.433000,0 days 00:36:28.938000,0 days 00:37:30.701000,0 days 00:38:08.134000,100.0,242.0,249.0,158.0,False,MEDIUM,4.0,True,AlphaTauri,0 days 00:35:38.923000,,1,,False,,False,True
2023-15,FP3,0 days 00:40:07.738000,LAW,40,0 days 00:01:59.604000,5.0,1.0,,,0 days 00:00:28.018000,0 days 00:00:53.858000,0 days 00:00:37.728000,0 days 00:38:36.152000,0 days 00:39:30.010000,0 days 00:40:07.738000,302.0,212.0,250.0,292.0,False,MEDIUM,5.0,True,AlphaTauri,0 days 00:38:08.134000,,1,,False,,False,True
2023-15,FP3,0 days 00:42:38.600000,LAW,40,,6.0,1.0,,,0 days 00:01:00.126000,0 days 00:00:57.033000,0 days 00:00:33.695000,0 days 00:41:08.023000,0 days 00:42:05.022000,0 days 00:42:38.600000,139.0,240.0,247.0,294.0,False,MEDIUM,6.0,True,AlphaTauri,0 days 00:40:07.738000,,12,,False,,False,False
2023-15,FP3,0 days 00:44:32.237000,LAW,40,0 days 00:01:53.637000,7.0,1.0,,0 days 00:44:24.396000,0 days 00:00:28.782000,0 days 00:00:45.550000,0 days 00:00:39.305000,0 days 00:43:07.382000,0 days 00:43:52.932000,0 days 00:44:32.237000,295.0,219.0,,292.0,False,MEDIUM,7.0,True,AlphaTauri,0 days 00:42:38.600000,,1,,False,,False,False
2023-15,FP3,0 days 00:47:03.363000,LAW,40,,8.0,2.0,0 days 00:44:50.880000,0 days 00:46:55.456000,0 days 00:01:06.741000,0 days 00:00:45.792000,0 days 00:00:38.516000,0 days 00:45:39.160000,0 days 00:46:24.894000,0 days 00:47:03.363000,239.0,235.0,,292.0,False,MEDIUM,8.0,False,AlphaTauri,0 days 00:44:32.237000,,1,,False,,False,False
2023-15,FP3,0 days 00:59:18.034000,LAW,40,,9.0,3.0,0 days 00:56:55.294000,,,0 days 00:01:05.159000,0 days 00:00:35.523000,,0 days 00:58:42.730000,0 days 00:59:18.136000,181.0,236.0,251.0,292.0,False,SOFT,1.0,True,AlphaTauri,0 days 00:47:03.363000,,1,,False,,False,False
2023-15,FP3,0 days 01:00:51.557000,LAW,40,0 days 00:01:33.523000,10.0,3.0,,,0 days 00:00:27.672000,0 days 00:00:39.297000,0 days 00:00:26.554000,0 days 00:59:45.706000,0 days 01:00:25.003000,0 days 01:00:51.557000,302.0,272.0,253.0,293.0,True,SOFT,2.0,True,AlphaTauri,0 days 00:59:18.034000,,1,,False,,False,True
2023-15,FP3,0 days 01:03:28.043000,LAW,40,,11.0,3.0,,,0 days 00:00:44.815000,0 days 00:01:08.399000,0 days 00:00:43.274000,0 days 01:01:36.587000,0 days 01:02:45.040000,0 days 01:03:28.164000,140.0,163.0,145.0,286.0,False,SOFT,3.0,True,AlphaTauri,0 days 01:00:51.557000,,1,,False,,False,False
2023-15,FP3,0 days 01:05:55.089000,LAW,40,0 days 00:02:27.046000,12.0,3.0,,,0 days 00:00:43.819000,0 days 00:00:57.462000,0 days 00:00:45.765000,0 days 01:04:11.862000,0 days 01:05:09.324000,0 days 01:05:55.089000,243.0,238.0,253.0,114.0,False,SOFT,4.0,True,AlphaTauri,0 days 01:03:28.043000,,12,,False,,False,True
2023-15,FP3,0 days 01:07:28.505000,LAW,40,0 days 00:01:33.416000,13.0,3.0,,,0 days 00:00:27.665000,0 days 00:00:39.246000,0 days 00:00:26.505000,0 days 01:06:22.754000,0 days 01:07:02,0 days 01:07:28.505000,307.0,276.0,254.0,297.0,True,SOFT,5.0,True,AlphaTauri,0 days 01:05:55.089000,,1,,False,,False,True
2023-15,FP3,0 days 01:10:10.616000,LAW,40,,14.0,3.0,,,0 days 00:00:46.570000,0 days 00:01:09.507000,0 days 00:00:46.001000,0 days 01:08:15.317000,0 days 01:09:24.770000,0 days 01:10:10.707000,110.0,151.0,161.0,288.0,False,SOFT,6.0,True,AlphaTauri,0 days 01:07:28.505000,,1,,False,,False,False
2023-15,FP3,0 days 01:12:40.613000,LAW,40,0 days 00:02:29.997000,15.0,3.0,,,0 days 00:00:44.875000,0 days 00:01:01.130000,0 days 00:00:43.992000,0 days 01:10:55.491000,0 days 01:11:56.621000,0 days 01:12:40.613000,196.0,234.0,253.0,237.0,False,SOFT,7.0,True,AlphaTauri,0 days 01:10:10.616000,,1,,False,,False,True
2023-15,FP3,0 days 01:14:13.970000,LAW,40,0 days 00:01:33.357000,16.0,3.0,,,0 days 00:00:27.713000,0 days 00:00:39.312000,0 days 00:00:26.332000,0 days 01:13:08.326000,0 days 01:13:47.638000,0 days 01:14:13.970000,307.0,276.0,256.0,296.0,True,SOFT,8.0,True,AlphaTauri,0 days 01:12:40.613000,,1,,False,,False,True
2023-15,FP3,0 days 01:15:58.763000,LAW,40,0 days 00:01:44.793000,17.0,3.0,,,0 days 00:00:31.856000,0 days 00:00:44.634000,0 days 00:00:28.303000,0 days 01:14:45.826000,0 days 01:15:30.460000,0 days 01:15:58.763000,266.0,256.0,233.0,292.0,False,SOFT,9.0,True,AlphaTauri,0 days 01:14:13.970000,,1,,False,,False,True
2023-15,FP3,0 days 01:18:13.657000,LAW,40,0 days 00:02:14.894000,18.0,3.0,,,0 days 00:00:34.996000,0 days 00:00:48.807000,0 days 00:00:51.091000,0 days 01:16:33.759000,0 days 01:17:22.566000,0 days 01:18:13.657000,261.0,129.0,52.0,231.0,False,SOFT,10.0,True,AlphaTauri,0 days 01:15:58.763000,,1,,False,,False,True
2023-15,FP3,0 days 01:20:26.040000,LAW,40,0 days 00:02:12.383000,19.0,3.0,,0 days 01:20:18.278000,0 days 00:00:51.336000,0 days 00:00:44.724000,0 days 00:00:36.323000,0 days 01:19:04.993000,0 days 01:19:49.717000,0 days 01:20:26.040000,288.0,260.0,,221.0,False,SOFT,11.0,True,AlphaTauri,0 days 01:18:13.657000,,1,,False,,False,False
2023-15,FP3,0 days 00:25:03.745000,HAM,44,,1.0,1.0,0 days 00:22:32.535000,,,0 days 00:01:00.809000,0 days 00:00:42.407000,,0 days 00:24:21.550000,0 days 00:25:03.846000,182.0,225.0,250.0,,False,SOFT,1.0,True,Mercedes,0 days 00:22:32.535000,,1,,False,,False,False
2023-15,FP3,0 days 00:26:38.157000,HAM,44,0 days 00:01:34.412000,2.0,1.0,,,0 days 00:00:27.798000,0 days 00:00:39.970000,0 days 00:00:26.644000,0 days 00:25:31.543000,0 days 00:26:11.513000,0 days 00:26:38.157000,306.0,273.0,251.0,295.0,True,SOFT,2.0,True,Mercedes,0 days 00:25:03.745000,,1,,False,,False,True
2023-15,FP3,0 days 00:29:46.468000,HAM,44,,3.0,1.0,,0 days 00:29:38.530000,0 days 00:00:58.941000,0 days 00:01:13.564000,0 days 00:00:55.613000,0 days 00:27:37.313000,0 days 00:28:50.922000,0 days 00:29:46.468000,116.0,134.0,,202.0,False,SOFT,3.0,True,Mercedes,0 days 00:26:38.157000,,1,,False,,False,False
2023-15,FP3,0 days 00:32:52.169000,HAM,44,,4.0,2.0,0 days 00:30:12.655000,,0 days 00:01:16.417000,0 days 00:01:11.987000,0 days 00:00:37.470000,0 days 00:31:02.920000,0 days 00:32:14.966000,0 days 00:32:52.263000,146.0,172.0,251.0,202.0,False,SOFT,4.0,False,Mercedes,0 days 00:29:46.468000,,1,,False,,False,False
2023-15,FP3,0 days 00:34:25.918000,HAM,44,0 days 00:01:33.749000,5.0,2.0,,,0 days 00:00:27.487000,0 days 00:00:39.448000,0 days 00:00:26.814000,0 days 00:33:19.656000,0 days 00:33:59.104000,0 days 00:34:25.918000,308.0,277.0,249.0,297.0,True,SOFT,5.0,False,Mercedes,0 days 00:32:52.169000,,1,,False,,False,True
2023-15,FP3,0 days 00:36:51.672000,HAM,44,0 days 00:02:25.754000,6.0,2.0,,0 days 00:36:43.948000,0 days 00:00:37.136000,0 days 00:01:00.162000,0 days 00:00:48.456000,0 days 00:35:03.054000,0 days 00:36:03.216000,0 days 00:36:51.672000,220.0,155.0,,248.0,False,SOFT,6.0,False,Mercedes,0 days 00:34:25.918000,,1,,False,,False,False
2023-15,FP3,0 days 00:43:29.571000,HAM,44,,7.0,3.0,0 days 00:40:49.023000,,,0 days 00:01:07.963000,0 days 00:00:40.609000,,0 days 00:42:49.147000,0 days 00:43:29.646000,162.0,220.0,251.0,248.0,False,SOFT,7.0,False,Mercedes,0 days 00:36:51.672000,,12,,False,,False,False
2023-15,FP3,0 days 00:45:02.676000,HAM,44,0 days 00:01:33.105000,8.0,3.0,,,0 days 00:00:27.420000,0 days 00:00:39.266000,0 days 00:00:26.419000,0 days 00:43:56.991000,0 days 00:44:36.257000,0 days 00:45:02.676000,306.0,275.0,255.0,298.0,True,SOFT,8.0,False,Mercedes,0 days 00:43:29.571000,,1,,False,,False,True
2023-15,FP3,0 days 00:46:54.672000,HAM,44,0 days 00:01:51.996000,9.0,3.0,,0 days 00:46:46.941000,0 days 00:00:33.791000,0 days 00:00:42.399000,0 days 00:00:35.806000,0 days 00:45:36.467000,0 days 00:46:18.866000,0 days 00:46:54.672000,264.0,250.0,,263.0,False,SOFT,9.0,False,Mercedes,0 days 00:45:02.676000,,1,,False,,False,False
2023-15,FP3,0 days 00:57:25.663000,HAM,44,,10.0,4.0,0 days 00:54:59.889000,,,0 days 00:00:57.774000,0 days 00:00:41.121000,,0 days 00:56:44.731000,0 days 00:57:25.746000,170.0,238.0,255.0,263.0,False,SOFT,1.0,True,Mercedes,0 days 00:46:54.672000,,1,,False,,False,False
2023-15,FP3,0 days 00:58:58.198000,HAM,44,0 days 00:01:32.535000,11.0,4.0,,,0 days 00:00:27.317000,0 days 00:00:39.035000,0 days 00:00:26.183000,0 days 00:57:52.980000,0 days 00:58:32.015000,0 days 00:58:58.198000,306.0,275.0,256.0,298.0,True,SOFT,2.0,True,Mercedes,0 days 00:57:25.663000,,1,,False,,False,True
2023-15,FP3,0 days 01:02:12.858000,HAM,44,,12.0,4.0,,0 days 01:02:04.978000,0 days 00:00:50.028000,0 days 00:01:21.622000,0 days 00:01:02.927000,0 days 00:59:48.432000,0 days 01:01:09.931000,0 days 01:02:12.962000,143.0,108.0,,219.0,False,SOFT,3.0,True,Mercedes,0 days 00:58:58.198000,,1,,False,,False,False
2023-15,FP3,0 days 01:05:00.694000,HAM,44,,13.0,5.0,0 days 01:02:42.665000,,0 days 00:01:18.322000,0 days 00:01:00.019000,0 days 00:00:29.491000,0 days 01:03:31.320000,0 days 01:04:31.304000,0 days 01:05:00.694000,119.0,252.0,258.0,219.0,False,SOFT,4.0,False,Mercedes,0 days 01:02:12.858000,,12,,False,,False,False
2023-15,FP3,0 days 01:06:33.320000,HAM,44,0 days 00:01:32.626000,14.0,5.0,,,0 days 00:00:27.183000,0 days 00:00:39.180000,0 days 00:00:26.263000,0 days 01:05:27.877000,0 days 01:06:07.057000,0 days 01:06:33.320000,308.0,276.0,256.0,300.0,False,SOFT,5.0,False,Mercedes,0 days 01:05:00.694000,,1,,False,,False,True
2023-15,FP3,0 days 01:08:42.123000,HAM,44,0 days 00:02:08.803000,15.0,5.0,,0 days 01:08:34.286000,0 days 00:00:40.412000,0 days 00:00:46.226000,0 days 00:00:42.165000,0 days 01:07:13.732000,0 days 01:07:59.958000,0 days 01:08:42.123000,203.0,223.0,,243.0,False,SOFT,6.0,False,Mercedes,0 days 01:06:33.320000,,1,,False,,False,False
2023-15,FP3,0 days 01:15:54.906000,HAM,44,,16.0,6.0,0 days 01:13:52.360000,,,0 days 00:00:42.306000,0 days 00:00:33.945000,,0 days 01:15:21.094000,0 days 01:15:54.906000,292.0,258.0,241.0,243.0,False,SOFT,10.0,False,Mercedes,0 days 01:08:42.123000,,1,,False,,False,False
2023-15,FP3,0 days 01:18:16.738000,HAM,44,0 days 00:02:21.832000,17.0,6.0,,,0 days 00:00:31.926000,0 days 00:00:54.295000,0 days 00:00:55.611000,0 days 01:16:26.832000,0 days 01:17:21.127000,0 days 01:18:16.738000,195.0,110.0,37.0,273.0,False,SOFT,11.0,False,Mercedes,0 days 01:15:54.906000,,1,,False,,False,True
2023-15,FP3,0 days 01:20:45.206000,HAM,44,0 days 00:02:28.468000,18.0,6.0,,0 days 01:20:37.200000,0 days 00:01:00.590000,0 days 00:00:46.585000,0 days 00:00:41.293000,0 days 01:19:17.328000,0 days 01:20:03.913000,0 days 01:20:45.206000,215.0,194.0,,199.0,False,SOFT,12.0,False,Mercedes,0 days 01:18:16.738000,,1,,False,,False,False
2023-15,FP3,0 days 00:20:15.677000,SAI,55,,1.0,1.0,0 days 00:18:09.085000,,,0 days 00:00:53.429000,0 days 00:00:34.230000,,0 days 00:19:41.646000,0 days 00:20:15.787000,289.0,250.0,250.0,,False,MEDIUM,1.0,True,Ferrari,0 days 00:18:09.085000,,1,,False,,False,False
2023-15,FP3,0 days 00:21:50.692000,SAI,55,0 days 00:01:35.015000,2.0,1.0,,,0 days 00:00:27.926000,0 days 00:00:40.189000,0 days 00:00:26.900000,0 days 00:20:43.603000,0 days 00:21:23.792000,0 days 00:21:50.692000,306.0,275.0,254.0,295.0,True,MEDIUM,2.0,True,Ferrari,0 days 00:20:15.677000,,1,,False,,False,True
2023-15,FP3,0 days 00:24:47.802000,SAI,55,,3.0,1.0,,,0 days 00:00:57.205000,0 days 00:01:18.211000,0 days 00:00:41.683000,0 days 00:22:48.113000,0 days 00:24:06.206000,0 days 00:24:47.893000,120.0,151.0,255.0,134.0,False,MEDIUM,3.0,True,Ferrari,0 days 00:21:50.692000,,1,,False,,False,False
2023-15,FP3,0 days 00:26:21.580000,SAI,55,0 days 00:01:33.778000,4.0,1.0,,,0 days 00:00:27.643000,0 days 00:00:39.673000,0 days 00:00:26.462000,0 days 00:25:15.445000,0 days 00:25:55.118000,0 days 00:26:21.580000,310.0,278.0,258.0,299.0,True,MEDIUM,4.0,True,Ferrari,0 days 00:24:47.802000,,1,,False,,False,True
2023-15,FP3,0 days 00:28:53.203000,SAI,55,,5.0,1.0,,0 days 00:28:45.250000,0 days 00:00:42.277000,0 days 00:01:01.313000,0 days 00:00:47.845000,0 days 00:27:04.095000,0 days 00:28:05.438000,0 days 00:28:53.203000,180.0,166.0,,160.0,False,MEDIUM,5.0,True,Ferrari,0 days 00:26:21.580000,,1,,False,,False,False
2023-15,FP3,0 days 00:31:42.995000,SAI,55,,6.0,2.0,0 days 00:29:11.015000,,0 days 00:01:17.624000,0 days 00:00:49.666000,0 days 00:00:42.651000,0 days 00:30:10.874000,0 days 00:31:00.530000,0 days 00:31:43.092000,239.0,252.0,256.0,160.0,False,MEDIUM,6.0,False,Ferrari,0 days 00:28:53.203000,,1,,False,,False,False
2023-15,FP3,0 days 00:33:41.816000,SAI,55,0 days 00:01:58.821000,7.0,2.0,,,0 days 00:00:30.350000,0 days 00:00:55.651000,0 days 00:00:32.820000,0 days 00:32:13.345000,0 days 00:33:08.996000,0 days 00:33:41.816000,237.0,108.0,255.0,301.0,False,MEDIUM,7.0,False,Ferrari,0 days 00:31:42.995000,,1,,False,,False,True
2023-15,FP3,0 days 00:35:15.011000,SAI,55,0 days 00:01:33.195000,8.0,2.0,,,0 days 00:00:27.284000,0 days 00:00:39.481000,0 days 00:00:26.430000,0 days 00:34:09.100000,0 days 00:34:48.581000,0 days 00:35:15.011000,312.0,279.0,258.0,302.0,True,MEDIUM,8.0,False,Ferrari,0 days 00:33:41.816000,,1,,False,,False,True
2023-15,FP3,0 days 00:37:27.061000,SAI,55,0 days 00:02:12.050000,9.0,2.0,,0 days 00:37:19.260000,0 days 00:00:40.791000,0 days 00:00:49.448000,0 days 00:00:41.811000,0 days 00:35:55.802000,0 days 00:36:45.250000,0 days 00:37:27.061000,178.0,179.0,,200.0,False,MEDIUM,9.0,False,Ferrari,0 days 00:35:15.011000,,1,,False,,False,False
2023-15,FP3,0 days 00:48:19.034000,SAI,55,,10.0,3.0,0 days 00:46:10.613000,,,0 days 00:00:50.955000,0 days 00:00:31.258000,,0 days 00:47:47.862000,0 days 00:48:19.034000,262.0,251.0,245.0,200.0,False,MEDIUM,10.0,False,Ferrari,0 days 00:37:27.061000,,12,,False,,False,False
2023-15,FP3,0 days 00:49:56.136000,SAI,55,0 days 00:01:37.102000,11.0,3.0,,,0 days 00:00:28.708000,0 days 00:00:41.068000,0 days 00:00:27.326000,0 days 00:48:47.742000,0 days 00:49:28.810000,0 days 00:49:56.136000,287.0,262.0,247.0,282.0,False,MEDIUM,11.0,False,Ferrari,0 days 00:48:19.034000,,1,,False,,False,True
2023-15,FP3,0 days 00:51:33.016000,SAI,55,0 days 00:01:36.880000,12.0,3.0,,,0 days 00:00:28.540000,0 days 00:00:41.097000,0 days 00:00:27.243000,0 days 00:50:24.676000,0 days 00:51:05.773000,0 days 00:51:33.016000,287.0,262.0,247.0,282.0,False,MEDIUM,12.0,False,Ferrari,0 days 00:49:56.136000,,1,,False,,False,True
2023-15,FP3,0 days 00:53:09.422000,SAI,55,0 days 00:01:36.406000,13.0,3.0,,,0 days 00:00:28.408000,0 days 00:00:40.914000,0 days 00:00:27.084000,0 days 00:52:01.424000,0 days 00:52:42.338000,0 days 00:53:09.422000,285.0,260.0,250.0,280.0,False,MEDIUM,13.0,False,Ferrari,0 days 00:51:33.016000,,1,,False,,False,True
2023-15,FP3,0 days 00:54:54.452000,SAI,55,0 days 00:01:45.030000,14.0,3.0,,0 days 00:54:46.639000,0 days 00:00:28.294000,0 days 00:00:40.867000,0 days 00:00:35.869000,0 days 00:53:37.716000,0 days 00:54:18.583000,0 days 00:54:54.452000,285.0,261.0,,281.0,False,MEDIUM,14.0,False,Ferrari,0 days 00:53:09.422000,,1,,False,,False,False
2023-15,FP3,0 days 01:03:19.348000,SAI,55,,15.0,4.0,0 days 01:01:10.291000,,,0 days 00:00:50.415000,0 days 00:00:35.054000,,0 days 01:02:44.462000,0 days 01:03:19.430000,189.0,244.0,257.0,281.0,False,SOFT,1.0,True,Ferrari,0 days 00:54:54.452000,,1,,False,,False,False
2023-15,FP3,0 days 01:04:51.413000,SAI,55,0 days 00:01:32.065000,16.0,4.0,,,0 days 00:00:27.135000,0 days 00:00:38.760000,0 days 00:00:26.170000,0 days 01:03:46.483000,0 days 01:04:25.243000,0 days 01:04:51.413000,311.0,278.0,257.0,301.0,True,SOFT,2.0,True,Ferrari,0 days 01:03:19.348000,,12,,False,,False,True
2023-15,FP3,0 days 01:07:23.959000,SAI,55,,17.0,4.0,,0 days 01:07:14.662000,0 days 00:00:39.477000,0 days 00:00:57.541000,0 days 00:00:55.395000,0 days 01:05:31.132000,0 days 01:06:28.662000,0 days 01:07:23.959000,188.0,148.0,,224.0,False,SOFT,3.0,True,Ferrari,0 days 01:04:51.413000,,1,,False,,False,False
2023-15,FP3,0 days 01:10:15.601000,SAI,55,,18.0,5.0,0 days 01:07:41.255000,,0 days 00:01:13.493000,0 days 00:01:00.227000,0 days 00:00:38,0 days 01:08:37.505000,0 days 01:09:37.691000,0 days 01:10:15.628000,127.0,229.0,256.0,224.0,False,SOFT,4.0,False,Ferrari,0 days 01:07:23.959000,,1,,False,,False,False
2023-15,FP3,0 days 01:12:33.797000,SAI,55,0 days 00:02:18.196000,19.0,5.0,,,0 days 00:00:27.166000,0 days 00:01:08.197000,0 days 00:00:42.833000,0 days 01:10:42.767000,0 days 01:11:50.964000,0 days 01:12:33.797000,310.0,151.0,256.0,302.0,False,SOFT,5.0,False,Ferrari,0 days 01:10:15.601000,,1,,False,,False,True
2023-15,FP3,0 days 01:14:06.380000,SAI,55,0 days 00:01:32.583000,20.0,5.0,,,0 days 00:00:27.182000,0 days 00:00:39.203000,0 days 00:00:26.198000,0 days 01:13:00.979000,0 days 01:13:40.182000,0 days 01:14:06.380000,313.0,278.0,258.0,302.0,False,SOFT,6.0,False,Ferrari,0 days 01:12:33.797000,,1,,False,,False,True
2023-15,FP3,0 days 01:16:11.921000,SAI,55,0 days 00:02:05.541000,21.0,5.0,,,0 days 00:00:33.669000,0 days 00:00:56.259000,0 days 00:00:35.613000,0 days 01:14:40.049000,0 days 01:15:36.308000,0 days 01:16:11.921000,208.0,153.0,230.0,283.0,False,SOFT,7.0,False,Ferrari,0 days 01:14:06.380000,,1,,False,,False,True
2023-15,FP3,0 days 01:18:22.162000,SAI,55,0 days 00:02:10.241000,22.0,5.0,,,0 days 00:00:37.021000,0 days 00:00:52.239000,0 days 00:00:40.981000,0 days 01:16:48.942000,0 days 01:17:41.181000,0 days 01:18:22.162000,176.0,176.0,44.0,206.0,False,SOFT,8.0,False,Ferrari,0 days 01:16:11.921000,,1,,False,,False,True
2023-15,FP3,0 days 01:20:42.618000,SAI,55,0 days 00:02:20.456000,23.0,5.0,,0 days 01:20:34.794000,0 days 00:00:51.839000,0 days 00:00:47.975000,0 days 00:00:40.642000,0 days 01:19:14.001000,0 days 01:20:01.976000,0 days 01:20:42.618000,290.0,188.0,,232.0,False,SOFT,9.0,False,Ferrari,0 days 01:18:22.162000,,1,,False,,False,False
2023-15,FP3,0 days 00:25:44.110000,RUS,63,,1.0,1.0,0 days 00:23:27.925000,,,0 days 00:00:55.144000,0 days 00:00:42.061000,,0 days 00:25:02.237000,0 days 00:25:44.183000,173.0,254.0,252.0,,False,SOFT,1.0,True,Mercedes,0 days 00:23:27.925000,,1,,False,,False,False
2023-15,FP3,0 days 00:27:18.204000,RUS,63,0 days 00:01:34.094000,2.0,1.0,,,0 days 00:00:27.707000,0 days 00:00:39.741000,0 days 00:00:26.646000,0 days 00:26:11.817000,0 days 00:26:51.558000,0 days 00:27:18.204000,304.0,275.0,254.0,296.0,True,SOFT,2.0,True,Mercedes,0 days 00:25:44.110000,,1,,False,,False,True
2023-15,FP3,0 days 00:30:09.343000,RUS,63,,3.0,1.0,,,0 days 00:00:46.631000,0 days 00:01:11.443000,0 days 00:00:53.076000,0 days 00:28:05.063000,0 days 00:29:16.281000,0 days 00:30:09.405000,154.0,112.0,121.0,235.0,False,SOFT,3.0,True,Mercedes,0 days 00:27:18.204000,,1,,False,,False,False
2023-15,FP3,0 days 00:32:33.384000,RUS,63,0 days 00:02:24.041000,4.0,1.0,,,0 days 00:00:48.418000,0 days 00:01:04.124000,0 days 00:00:31.499000,0 days 00:30:57.761000,0 days 00:32:01.885000,0 days 00:32:33.384000,237.0,215.0,254.0,158.0,False,SOFT,4.0,True,Mercedes,0 days 00:30:09.343000,,1,,False,,False,True
2023-15,FP3,0 days 00:34:06.824000,RUS,63,0 days 00:01:33.440000,5.0,1.0,,,0 days 00:00:27.515000,0 days 00:00:39.413000,0 days 00:00:26.512000,0 days 00:33:00.899000,0 days 00:33:40.312000,0 days 00:34:06.824000,303.0,276.0,255.0,297.0,True,SOFT,5.0,True,Mercedes,0 days 00:32:33.384000,,1,,False,,False,True
2023-15,FP3,0 days 00:36:53.824000,RUS,63,,6.0,1.0,,,0 days 00:00:51.586000,0 days 00:01:11.410000,0 days 00:00:44.009000,0 days 00:34:58.668000,0 days 00:36:09.979000,0 days 00:36:53.916000,108.0,224.0,129.0,248.0,False,SOFT,6.0,True,Mercedes,0 days 00:34:06.824000,,1,,False,,False,False
2023-15,FP3,0 days 00:39:16.671000,RUS,63,0 days 00:02:22.847000,7.0,1.0,,,0 days 00:00:45.853000,0 days 00:01:01.931000,0 days 00:00:35.063000,0 days 00:37:39.677000,0 days 00:38:41.608000,0 days 00:39:16.671000,235.0,250.0,253.0,231.0,False,SOFT,7.0,True,Mercedes,0 days 00:36:53.824000,,1,,False,,False,True
2023-15,FP3,0 days 00:40:49.554000,RUS,63,0 days 00:01:32.883000,8.0,1.0,,,0 days 00:00:27.347000,0 days 00:00:39.111000,0 days 00:00:26.425000,0 days 00:39:44.018000,0 days 00:40:23.129000,0 days 00:40:49.554000,304.0,274.0,257.0,296.0,True,SOFT,8.0,True,Mercedes,0 days 00:39:16.671000,,12,,False,,False,True
2023-15,FP3,0 days 00:42:52.022000,RUS,63,0 days 00:02:02.468000,9.0,1.0,,0 days 00:42:44.303000,0 days 00:00:34.042000,0 days 00:00:49.923000,0 days 00:00:38.503000,0 days 00:41:23.596000,0 days 00:42:13.519000,0 days 00:42:52.022000,238.0,250.0,,240.0,False,SOFT,9.0,True,Mercedes,0 days 00:40:49.554000,,1,,False,,False,False
2023-15,FP3,0 days 00:54:45.524000,RUS,63,,10.0,2.0,0 days 00:52:49.203000,,,0 days 00:00:50.239000,0 days 00:00:29.680000,,0 days 00:54:16.030000,0 days 00:54:45.639000,262.0,254.0,255.0,240.0,False,SOFT,1.0,True,Mercedes,0 days 00:42:52.022000,,1,,False,,False,False
2023-15,FP3,0 days 00:56:17.888000,RUS,63,0 days 00:01:32.364000,11.0,2.0,,,0 days 00:00:27.050000,0 days 00:00:39.044000,0 days 00:00:26.270000,0 days 00:55:12.574000,0 days 00:55:51.618000,0 days 00:56:17.888000,307.0,277.0,256.0,299.0,True,SOFT,2.0,True,Mercedes,0 days 00:54:45.524000,,1,,False,,False,True
2023-15,FP3,0 days 00:58:55.573000,RUS,63,,12.0,2.0,,0 days 00:58:47.683000,0 days 00:00:48.001000,0 days 00:01:04.438000,0 days 00:00:45.087000,0 days 00:57:06.106000,0 days 00:58:10.496000,0 days 00:58:55.573000,189.0,220.0,,212.0,False,SOFT,3.0,True,Mercedes,0 days 00:56:17.888000,,1,,False,,False,False
2023-15,FP3,0 days 01:05:25.415000,RUS,63,,13.0,3.0,0 days 01:03:12.336000,,,0 days 00:00:59.887000,0 days 00:00:31.572000,,0 days 01:04:54.070000,0 days 01:05:25.507000,227.0,248.0,255.0,212.0,False,SOFT,4.0,False,Mercedes,0 days 00:58:55.573000,,12,,False,,False,False
2023-15,FP3,0 days 01:07:47.827000,RUS,63,0 days 00:02:22.412000,14.0,3.0,,,0 days 00:00:27.162000,0 days 00:01:05.176000,0 days 00:00:50.074000,0 days 01:05:52.577000,0 days 01:06:57.753000,0 days 01:07:47.827000,306.0,131.0,141.0,298.0,False,SOFT,5.0,False,Mercedes,0 days 01:05:25.415000,,1,,False,,False,True
2023-15,FP3,0 days 01:10:04.103000,RUS,63,0 days 00:02:16.276000,15.0,3.0,,,0 days 00:00:42.891000,0 days 00:00:57.561000,0 days 00:00:35.824000,0 days 01:08:30.718000,0 days 01:09:28.279000,0 days 01:10:04.103000,255.0,239.0,255.0,233.0,False,SOFT,6.0,False,Mercedes,0 days 01:07:47.827000,,1,,False,,False,True
2023-15,FP3,0 days 01:11:36.237000,RUS,63,0 days 00:01:32.134000,16.0,3.0,,,0 days 00:00:27.070000,0 days 00:00:38.802000,0 days 00:00:26.262000,0 days 01:10:31.173000,0 days 01:11:09.975000,0 days 01:11:36.237000,305.0,276.0,258.0,298.0,True,SOFT,7.0,False,Mercedes,0 days 01:10:04.103000,,1,,False,,False,True
2023-15,FP3,0 days 01:13:40.510000,RUS,63,0 days 00:02:04.273000,17.0,3.0,,0 days 01:13:32.814000,0 days 00:00:33.502000,0 days 00:00:51.482000,0 days 00:00:39.289000,0 days 01:12:09.739000,0 days 01:13:01.221000,0 days 01:13:40.510000,193.0,243.0,,217.0,False,SOFT,8.0,False,Mercedes,0 days 01:11:36.237000,,1,,False,,False,False
2023-15,FP3,0 days 01:16:23.703000,RUS,63,,18.0,4.0,0 days 01:13:59.767000,,0 days 00:01:15.600000,0 days 00:00:53.082000,0 days 00:00:34.409000,0 days 01:14:56.329000,0 days 01:15:49.406000,0 days 01:16:23.703000,247.0,250.0,196.0,217.0,False,SOFT,9.0,False,Mercedes,0 days 01:13:40.510000,,1,,False,,False,False
2023-15,FP3,0 days 01:18:47.836000,RUS,63,0 days 00:02:24.133000,19.0,4.0,,,0 days 00:00:36.160000,0 days 00:00:49.418000,0 days 00:00:58.555000,0 days 01:16:59.863000,0 days 01:17:49.281000,0 days 01:18:47.836000,261.0,253.0,35.0,207.0,False,SOFT,10.0,False,Mercedes,0 days 01:16:23.703000,,1,,False,,False,True
2023-15,FP3,0 days 01:21:25.262000,RUS,63,,20.0,4.0,,0 days 01:21:17.324000,0 days 00:00:59.509000,0 days 00:00:57.990000,0 days 00:00:39.837000,0 days 01:19:47.482000,0 days 01:20:45.497000,0 days 01:21:25.262000,277.0,212.0,,191.0,False,SOFT,11.0,False,Mercedes,0 days 01:18:47.836000,,1,,False,,False,False
2023-15,FP3,0 days 00:17:04.346000,BOT,77,,1.0,1.0,0 days 00:15:02.071000,,,0 days 00:00:54.468000,0 days 00:00:33.023000,,0 days 00:16:31.539000,0 days 00:17:04.445000,233.0,240.0,244.0,,False,SOFT,1.0,True,Alfa Romeo,0 days 00:15:02.071000,,1,,False,,False,False
2023-15,FP3,0 days 00:18:39.428000,BOT,77,0 days 00:01:35.082000,2.0,1.0,,,0 days 00:00:28.003000,0 days 00:00:40.255000,0 days 00:00:26.824000,0 days 00:17:32.349000,0 days 00:18:12.604000,0 days 00:18:39.428000,295.0,268.0,244.0,285.0,True,SOFT,2.0,True,Alfa Romeo,0 days 00:17:04.346000,,1,,False,,False,True
2023-15,FP3,0 days 00:20:55.720000,BOT,77,0 days 00:02:16.292000,3.0,1.0,,,0 days 00:00:41.080000,0 days 00:00:56.474000,0 days 00:00:38.738000,0 days 00:19:20.508000,0 days 00:20:16.982000,0 days 00:20:55.720000,189.0,182.0,170.0,226.0,False,SOFT,3.0,True,Alfa Romeo,0 days 00:18:39.428000,,1,,False,,False,True
2023-15,FP3,0 days 00:23:17.683000,BOT,77,0 days 00:02:21.963000,4.0,1.0,,,0 days 00:00:43.123000,0 days 00:01:00.905000,0 days 00:00:37.935000,0 days 00:21:38.843000,0 days 00:22:39.748000,0 days 00:23:17.683000,172.0,221.0,247.0,234.0,False,SOFT,4.0,True,Alfa Romeo,0 days 00:20:55.720000,,1,,False,,False,True
2023-15,FP3,0 days 00:24:52.668000,BOT,77,0 days 00:01:34.985000,5.0,1.0,,,0 days 00:00:27.725000,0 days 00:00:40.038000,0 days 00:00:27.222000,0 days 00:23:45.408000,0 days 00:24:25.446000,0 days 00:24:52.668000,300.0,271.0,249.0,290.0,True,SOFT,5.0,True,Alfa Romeo,0 days 00:23:17.683000,,1,,False,,False,True
2023-15,FP3,0 days 00:27:02.019000,BOT,77,0 days 00:02:09.351000,6.0,1.0,,0 days 00:26:54.235000,0 days 00:00:36.877000,0 days 00:00:49.503000,0 days 00:00:42.971000,0 days 00:25:29.545000,0 days 00:26:19.048000,0 days 00:27:02.019000,269.0,217.0,,220.0,False,SOFT,6.0,True,Alfa Romeo,0 days 00:24:52.668000,,1,,False,,False,False
2023-15,FP3,0 days 00:34:02.400000,BOT,77,,7.0,2.0,0 days 00:32:07.169000,,,0 days 00:00:45.252000,0 days 00:00:29.102000,,0 days 00:33:33.403000,0 days 00:34:02.418000,276.0,253.0,239.0,220.0,False,SOFT,7.0,False,Alfa Romeo,0 days 00:27:02.019000,,1,,False,,False,False
2023-15,FP3,0 days 00:35:41.321000,BOT,77,0 days 00:01:38.921000,8.0,2.0,,,0 days 00:00:29.151000,0 days 00:00:41.896000,0 days 00:00:27.874000,0 days 00:34:31.551000,0 days 00:35:13.447000,0 days 00:35:41.321000,278.0,255.0,241.0,272.0,False,SOFT,8.0,False,Alfa Romeo,0 days 00:34:02.400000,,1,,False,,False,True
2023-15,FP3,0 days 00:37:21.103000,BOT,77,0 days 00:01:39.782000,9.0,2.0,,,0 days 00:00:29.372000,0 days 00:00:42.274000,0 days 00:00:28.136000,0 days 00:36:10.693000,0 days 00:36:52.967000,0 days 00:37:21.103000,274.0,252.0,240.0,269.0,False,SOFT,9.0,False,Alfa Romeo,0 days 00:35:41.321000,,1,,False,,False,True
2023-15,FP3,0 days 00:39:00.684000,BOT,77,0 days 00:01:39.581000,10.0,2.0,,,0 days 00:00:29.483000,0 days 00:00:42.139000,0 days 00:00:27.959000,0 days 00:37:50.586000,0 days 00:38:32.725000,0 days 00:39:00.684000,278.0,254.0,241.0,274.0,False,SOFT,10.0,False,Alfa Romeo,0 days 00:37:21.103000,,1,,False,,False,True
2023-15,FP3,0 days 00:40:40.199000,BOT,77,0 days 00:01:39.515000,11.0,2.0,,,0 days 00:00:29.242000,0 days 00:00:42.097000,0 days 00:00:28.176000,0 days 00:39:29.926000,0 days 00:40:12.023000,0 days 00:40:40.199000,277.0,255.0,241.0,272.0,False,SOFT,11.0,False,Alfa Romeo,0 days 00:39:00.684000,,12,,False,,False,True
2023-15,FP3,0 days 00:42:23.891000,BOT,77,0 days 00:01:43.692000,12.0,2.0,,,0 days 00:00:32.047000,0 days 00:00:43.293000,0 days 00:00:28.352000,0 days 00:41:12.246000,0 days 00:41:55.539000,0 days 00:42:23.891000,281.0,254.0,242.0,275.0,False,SOFT,12.0,False,Alfa Romeo,0 days 00:40:40.199000,,21,,False,,False,True
2023-15,FP3,0 days 00:44:03.288000,BOT,77,0 days 00:01:39.397000,13.0,2.0,,,0 days 00:00:29.193000,0 days 00:00:42.259000,0 days 00:00:27.945000,0 days 00:42:53.084000,0 days 00:43:35.343000,0 days 00:44:03.288000,282.0,258.0,240.0,276.0,False,SOFT,13.0,False,Alfa Romeo,0 days 00:42:23.891000,,1,,False,,False,True
2023-15,FP3,0 days 00:45:43.405000,BOT,77,0 days 00:01:40.117000,14.0,2.0,,,0 days 00:00:29.609000,0 days 00:00:42.373000,0 days 00:00:28.135000,0 days 00:44:32.897000,0 days 00:45:15.270000,0 days 00:45:43.405000,281.0,256.0,240.0,274.0,False,SOFT,14.0,False,Alfa Romeo,0 days 00:44:03.288000,,1,,False,,False,True
2023-15,FP3,0 days 00:47:23.067000,BOT,77,0 days 00:01:39.662000,15.0,2.0,,,0 days 00:00:29.311000,0 days 00:00:42.357000,0 days 00:00:27.994000,0 days 00:46:12.716000,0 days 00:46:55.073000,0 days 00:47:23.067000,280.0,255.0,244.0,273.0,False,SOFT,15.0,False,Alfa Romeo,0 days 00:45:43.405000,,1,,False,,False,True
2023-15,FP3,0 days 00:49:02.705000,BOT,77,0 days 00:01:39.638000,16.0,2.0,,,0 days 00:00:29.286000,0 days 00:00:42.479000,0 days 00:00:27.873000,0 days 00:47:52.353000,0 days 00:48:34.832000,0 days 00:49:02.705000,277.0,255.0,243.0,274.0,False,SOFT,16.0,False,Alfa Romeo,0 days 00:47:23.067000,,1,,False,,False,True
2023-15,FP3,0 days 00:50:42.135000,BOT,77,0 days 00:01:39.430000,17.0,2.0,,,0 days 00:00:29.160000,0 days 00:00:42.538000,0 days 00:00:27.732000,0 days 00:49:31.865000,0 days 00:50:14.403000,0 days 00:50:42.135000,282.0,259.0,244.0,275.0,False,SOFT,17.0,False,Alfa Romeo,0 days 00:49:02.705000,,1,,False,,False,True
2023-15,FP3,0 days 00:52:30.231000,BOT,77,0 days 00:01:48.096000,18.0,2.0,,0 days 00:52:22.343000,0 days 00:00:29.159000,0 days 00:00:42.872000,0 days 00:00:36.065000,0 days 00:51:11.294000,0 days 00:51:54.166000,0 days 00:52:30.231000,287.0,254.0,,276.0,False,SOFT,18.0,False,Alfa Romeo,0 days 00:50:42.135000,,1,,False,,False,False
2023-15,FP3,0 days 01:04:24.324000,BOT,77,,19.0,3.0,0 days 01:02:07.149000,,,0 days 00:00:58.997000,0 days 00:00:40.427000,,0 days 01:03:44.086000,0 days 01:04:24.460000,205.0,185.0,254.0,276.0,False,SOFT,1.0,True,Alfa Romeo,0 days 00:52:30.231000,,12,,False,,False,False
2023-15,FP3,0 days 01:05:57.881000,BOT,77,0 days 00:01:33.557000,20.0,3.0,,,0 days 00:00:27.523000,0 days 00:00:39.446000,0 days 00:00:26.588000,0 days 01:04:51.847000,0 days 01:05:31.293000,0 days 01:05:57.881000,307.0,275.0,247.0,296.0,True,SOFT,2.0,True,Alfa Romeo,0 days 01:04:24.324000,,1,,False,,False,True
2023-15,FP3,0 days 01:08:36.751000,BOT,77,,21.0,3.0,,,0 days 00:00:40.540000,0 days 00:01:09.428000,0 days 00:00:48.878000,0 days 01:06:38.678000,0 days 01:07:48.114000,0 days 01:08:36.848000,167.0,109.0,180.0,221.0,False,SOFT,3.0,True,Alfa Romeo,0 days 01:05:57.881000,,1,,False,,False,False
2023-15,FP3,0 days 01:11:03.462000,BOT,77,0 days 00:02:26.711000,22.0,3.0,,,0 days 00:00:45.190000,0 days 00:01:01.673000,0 days 00:00:39.848000,0 days 01:09:21.941000,0 days 01:10:23.614000,0 days 01:11:03.462000,212.0,200.0,253.0,199.0,False,SOFT,4.0,True,Alfa Romeo,0 days 01:08:36.751000,,1,,False,,False,True
2023-15,FP3,0 days 01:12:37.002000,BOT,77,0 days 00:01:33.540000,23.0,3.0,,,0 days 00:00:27.317000,0 days 00:00:39.608000,0 days 00:00:26.615000,0 days 01:11:30.779000,0 days 01:12:10.387000,0 days 01:12:37.002000,306.0,276.0,254.0,296.0,True,SOFT,5.0,True,Alfa Romeo,0 days 01:11:03.462000,,1,,False,,False,True
2023-15,FP3,0 days 01:15:08.985000,BOT,77,,24.0,3.0,,,0 days 00:00:38.007000,0 days 00:01:01.604000,0 days 00:00:52.279000,0 days 01:13:15.298000,0 days 01:14:16.829000,0 days 01:15:08.985000,197.0,102.0,167.0,216.0,False,SOFT,6.0,True,Alfa Romeo,0 days 01:12:37.002000,,1,,False,,False,False
2023-15,FP3,0 days 01:17:18.547000,BOT,77,0 days 00:02:09.562000,25.0,3.0,,,0 days 00:00:42.061000,0 days 00:00:49.652000,0 days 00:00:37.849000,0 days 01:15:51.046000,0 days 01:16:40.698000,0 days 01:17:18.547000,170.0,239.0,106.0,162.0,False,SOFT,7.0,True,Alfa Romeo,0 days 01:15:08.985000,,1,,False,,False,True
2023-15,FP3,0 days 01:19:23.411000,BOT,77,0 days 00:02:04.864000,26.0,3.0,,0 days 01:19:15.498000,0 days 00:00:43.571000,0 days 00:00:44.453000,0 days 00:00:36.840000,0 days 01:18:02.118000,0 days 01:18:46.571000,0 days 01:19:23.411000,288.0,249.0,,196.0,False,SOFT,8.0,True,Alfa Romeo,0 days 01:17:18.547000,,1,,False,,False,False
2023-15,FP3,0 days 00:28:07.680000,PIA,81,,1.0,1.0,0 days 00:25:53.220000,,,0 days 00:00:51.364000,0 days 00:00:32.767000,,0 days 00:27:35.094000,0 days 00:28:07.781000,269.0,256.0,248.0,,False,HARD,1.0,True,McLaren,0 days 00:25:53.220000,,1,,False,,False,False
2023-15,FP3,0 days 00:29:43.810000,PIA,81,0 days 00:01:36.130000,2.0,1.0,,,0 days 00:00:28.170000,0 days 00:00:40.904000,0 days 00:00:27.056000,0 days 00:28:35.850000,0 days 00:29:16.754000,0 days 00:29:43.810000,305.0,273.0,251.0,294.0,True,HARD,2.0,True,McLaren,0 days 00:28:07.680000,,1,,False,,False,True
2023-15,FP3,0 days 00:32:08.174000,PIA,81,0 days 00:02:24.364000,3.0,1.0,,,0 days 00:00:40.359000,0 days 00:01:01.796000,0 days 00:00:42.209000,0 days 00:30:24.169000,0 days 00:31:25.965000,0 days 00:32:08.174000,168.0,86.0,249.0,263.0,False,HARD,3.0,True,McLaren,0 days 00:29:43.810000,,1,,False,,False,True
2023-15,FP3,0 days 00:33:43.746000,PIA,81,0 days 00:01:35.572000,4.0,1.0,,,0 days 00:00:28.045000,0 days 00:00:40.340000,0 days 00:00:27.187000,0 days 00:32:36.219000,0 days 00:33:16.559000,0 days 00:33:43.746000,307.0,273.0,251.0,296.0,True,HARD,4.0,True,McLaren,0 days 00:32:08.174000,,1,,False,,False,True
2023-15,FP3,0 days 00:36:01.744000,PIA,81,0 days 00:02:17.998000,5.0,1.0,,0 days 00:35:53.901000,0 days 00:00:41.634000,0 days 00:00:56.703000,0 days 00:00:39.661000,0 days 00:34:25.380000,0 days 00:35:22.083000,0 days 00:36:01.744000,206.0,221.0,,271.0,False,HARD,5.0,True,McLaren,0 days 00:33:43.746000,,1,,False,,False,False
2023-15,FP3,0 days 00:46:54.127000,PIA,81,,6.0,2.0,0 days 00:45:06.098000,,,0 days 00:00:46.352000,0 days 00:00:29.856000,,0 days 00:46:24.457000,0 days 00:46:54.222000,291.0,259.0,253.0,271.0,False,HARD,6.0,False,McLaren,0 days 00:36:01.744000,,12,,False,,False,False
2023-15,FP3,0 days 00:48:28.705000,PIA,81,0 days 00:01:34.578000,7.0,2.0,,,0 days 00:00:27.543000,0 days 00:00:40.281000,0 days 00:00:26.754000,0 days 00:47:21.670000,0 days 00:48:01.951000,0 days 00:48:28.705000,305.0,273.0,254.0,296.0,True,HARD,7.0,False,McLaren,0 days 00:46:54.127000,,1,,False,,False,True
2023-15,FP3,0 days 00:50:49.646000,PIA,81,0 days 00:02:20.941000,8.0,2.0,,,0 days 00:00:38.549000,0 days 00:01:00.375000,0 days 00:00:42.017000,0 days 00:49:07.254000,0 days 00:50:07.629000,0 days 00:50:49.646000,185.0,207.0,252.0,266.0,False,HARD,8.0,False,McLaren,0 days 00:48:28.705000,,1,,False,,False,True
2023-15,FP3,0 days 00:52:35.544000,PIA,81,0 days 00:01:45.898000,9.0,2.0,,0 days 00:52:27.687000,0 days 00:00:28.678000,0 days 00:00:40.546000,0 days 00:00:36.674000,0 days 00:51:18.324000,0 days 00:51:58.870000,0 days 00:52:35.544000,307.0,273.0,,297.0,False,HARD,9.0,False,McLaren,0 days 00:50:49.646000,,1,,False,,False,False
2023-15,FP3,0 days 00:58:43.280000,PIA,81,,10.0,3.0,0 days 00:56:49.591000,,,0 days 00:00:48.652000,0 days 00:00:31.847000,,0 days 00:58:11.621000,0 days 00:58:43.370000,287.0,254.0,257.0,297.0,False,SOFT,1.0,True,McLaren,0 days 00:52:35.544000,,1,,False,,False,False
2023-15,FP3,0 days 01:00:16.010000,PIA,81,0 days 00:01:32.730000,11.0,3.0,,,0 days 00:00:27.171000,0 days 00:00:39.341000,0 days 00:00:26.218000,0 days 00:59:10.451000,0 days 00:59:49.792000,0 days 01:00:16.010000,310.0,277.0,255.0,300.0,True,SOFT,2.0,True,McLaren,0 days 00:58:43.280000,,1,,False,,False,True
2023-15,FP3,0 days 01:02:46.404000,PIA,81,,12.0,3.0,,0 days 01:02:38.430000,0 days 00:00:40.131000,0 days 00:01:04.880000,0 days 00:00:45.239000,0 days 01:00:56.338000,0 days 01:02:01.165000,0 days 01:02:46.415000,175.0,182.0,,250.0,False,SOFT,3.0,True,McLaren,0 days 01:00:16.010000,,1,,False,,False,False
2023-15,FP3,0 days 01:05:37.725000,PIA,81,,13.0,4.0,0 days 01:03:27.352000,,0 days 00:01:23.102000,0 days 00:00:55.087000,0 days 00:00:33.212000,0 days 01:04:09.617000,0 days 01:05:04.601000,0 days 01:05:37.725000,191.0,237.0,254.0,250.0,False,SOFT,4.0,False,McLaren,0 days 01:02:46.404000,,12,,False,,False,False
2023-15,FP3,0 days 01:07:10.986000,PIA,81,0 days 00:01:33.261000,14.0,4.0,,,0 days 00:00:27.228000,0 days 00:00:39.688000,0 days 00:00:26.345000,0 days 01:06:04.953000,0 days 01:06:44.641000,0 days 01:07:10.986000,308.0,275.0,257.0,298.0,False,SOFT,5.0,False,McLaren,0 days 01:05:37.725000,,1,,False,,False,True
2023-15,FP3,0 days 01:09:11.816000,PIA,81,0 days 00:02:00.830000,15.0,4.0,,0 days 01:09:03.942000,0 days 00:00:32.254000,0 days 00:00:50.373000,0 days 00:00:38.203000,0 days 01:07:43.240000,0 days 01:08:33.613000,0 days 01:09:11.816000,236.0,231.0,,274.0,False,SOFT,6.0,False,McLaren,0 days 01:07:10.986000,,1,,False,,False,False
2023-15,FP3,0 days 01:16:24.749000,PIA,81,,16.0,5.0,0 days 01:14:30.501000,,,0 days 00:00:44.783000,0 days 00:00:34.204000,,0 days 01:15:50.656000,0 days 01:16:24.749000,291.0,264.0,202.0,274.0,False,SOFT,7.0,False,McLaren,0 days 01:09:11.816000,,1,,False,,False,False
2023-15,FP3,0 days 01:18:51.187000,PIA,81,0 days 00:02:26.438000,17.0,5.0,,,0 days 00:00:38.422000,0 days 00:00:51.420000,0 days 00:00:56.596000,0 days 01:17:03.171000,0 days 01:17:54.591000,0 days 01:18:51.187000,277.0,244.0,41.0,173.0,False,SOFT,8.0,False,McLaren,0 days 01:16:24.749000,,1,,False,,False,True
2023-15,FP3,0 days 01:21:22.150000,PIA,81,,18.0,5.0,,0 days 01:21:14.168000,0 days 00:01:03.948000,0 days 00:00:49.283000,0 days 00:00:37.653000,0 days 01:19:55.247000,0 days 01:20:44.497000,0 days 01:21:22.152000,267.0,222.0,,200.0,False,SOFT,9.0,False,McLaren,0 days 01:18:51.187000,,1,,False,,False,False
