event_id,Session,Time,Driver,DriverNumber,LapTime,LapNumber,Stint,PitOutTime,PitInTime,Sector1Time,Sector2Time,Sector3Time,Sector1SessionTime,Sector2SessionTime,Sector3SessionTime,SpeedI1,SpeedI2,SpeedFL,SpeedST,IsPersonalBest,Compound,TyreLife,FreshTyre,Team,LapStartTime,LapStartDate,TrackStatus,Position,Deleted,DeletedReason,FastF1Generated,IsAccurate
2021-13,FP1,0 days 00:17:25.299000,RIC,3,,1.0,1.0,0 days 00:15:41.273000,,,0 days 00:00:35.250000,0 days 00:00:29.619000,,0 days 00:16:55.736000,0 days 00:17:25.437000,253.0,249.0,287.0,,False,MEDIUM,1.0,True,McLaren,0 days 00:15:41.273000,,12,,False,,False,False
2021-13,FP1,0 days 00:18:41.030000,RIC,3,0 days 00:01:15.731000,2.0,1.0,,,0 days 00:00:27.135000,0 days 00:00:25.513000,0 days 00:00:23.083000,0 days 00:17:52.434000,0 days 00:18:17.947000,0 days 00:18:41.030000,269.0,282.0,297.0,286.0,True,MEDIUM,2.0,True,McLaren,0 days 00:17:25.299000,,1,,False,,False,True
2021-13,FP1,0 days 00:20:21.269000,RIC,3,0 days 00:01:40.239000,3.0,1.0,,,0 days 00:00:34.172000,0 days 00:00:37.028000,0 days 00:00:29.039000,0 days 00:19:15.202000,0 days 00:19:52.230000,0 days 00:20:21.269000,227.0,257.0,301.0,295.0,False,MEDIUM,3.0,True,McLaren,0 days 00:18:41.030000,,12,,False,,False,True
2021-13,FP1,0 days 00:21:35.007000,RIC,3,0 days 00:01:13.738000,4.0,1.0,,,0 days 00:00:25.988000,0 days 00:00:25.051000,0 days 00:00:22.699000,0 days 00:20:47.257000,0 days 00:21:12.308000,0 days 00:21:35.007000,270.0,283.0,298.0,309.0,True,MEDIUM,4.0,True,McLaren,0 days 00:20:21.269000,,1,,False,,False,True
2021-13,FP1,0 days 00:23:13.969000,RIC,3,0 days 00:01:38.962000,5.0,1.0,,,0 days 00:00:32.770000,0 days 00:00:40.725000,0 days 00:00:25.467000,0 days 00:22:07.777000,0 days 00:22:48.502000,0 days 00:23:13.969000,224.0,249.0,299.0,301.0,False,MEDIUM,5.0,True,McLaren,0 days 00:21:35.007000,,1,,False,,False,True
2021-13,FP1,0 days 00:24:27.181000,RIC,3,0 days 00:01:13.212000,6.0,1.0,,,0 days 00:00:25.736000,0 days 00:00:24.959000,0 days 00:00:22.517000,0 days 00:23:39.705000,0 days 00:24:04.664000,0 days 00:24:27.181000,274.0,282.0,300.0,310.0,True,MEDIUM,6.0,True,McLaren,0 days 00:23:13.969000,,1,,False,,False,True
2021-13,FP1,0 days 00:26:02.252000,RIC,3,0 days 00:01:35.071000,7.0,1.0,,,0 days 00:00:33.532000,0 days 00:00:34.865000,0 days 00:00:26.674000,0 days 00:25:00.713000,0 days 00:25:35.578000,0 days 00:26:02.252000,177.0,266.0,302.0,305.0,False,MEDIUM,7.0,True,McLaren,0 days 00:24:27.181000,,1,,False,,False,True
2021-13,FP1,0 days 00:27:28.386000,RIC,3,0 days 00:01:26.134000,8.0,1.0,,,0 days 00:00:25.534000,0 days 00:00:29.287000,0 days 00:00:31.313000,0 days 00:26:27.786000,0 days 00:26:57.073000,0 days 00:27:28.386000,277.0,113.0,299.0,313.0,False,MEDIUM,8.0,True,McLaren,0 days 00:26:02.252000,,1,,False,,False,True
2021-13,FP1,0 days 00:28:43.456000,RIC,3,0 days 00:01:15.070000,9.0,1.0,,,0 days 00:00:25.667000,0 days 00:00:24.968000,0 days 00:00:24.435000,0 days 00:27:54.053000,0 days 00:28:19.021000,0 days 00:28:43.456000,273.0,284.0,261.0,308.0,False,MEDIUM,9.0,True,McLaren,0 days 00:27:28.386000,,1,,False,,False,True
2021-13,FP1,0 days 00:30:35.044000,RIC,3,0 days 00:01:51.588000,10.0,1.0,,,0 days 00:00:38.847000,0 days 00:00:42.914000,0 days 00:00:29.827000,0 days 00:29:22.303000,0 days 00:30:05.217000,0 days 00:30:35.044000,129.0,169.0,297.0,264.0,False,MEDIUM,10.0,True,McLaren,0 days 00:28:43.456000,,1,,False,,False,True
2021-13,FP1,0 days 00:31:48.255000,RIC,3,0 days 00:01:13.211000,11.0,1.0,,,0 days 00:00:25.618000,0 days 00:00:24.819000,0 days 00:00:22.774000,0 days 00:31:00.662000,0 days 00:31:25.481000,0 days 00:31:48.255000,274.0,286.0,281.0,307.0,True,MEDIUM,11.0,True,McLaren,0 days 00:30:35.044000,,12,,False,,False,True
2021-13,FP1,0 days 01:09:42.786000,RIC,3,,12.0,1.0,,0 days 00:33:48.181000,,,,,,,,,,174.0,False,MEDIUM,12.0,True,McLaren,0 days 00:31:48.255000,,251,,False,,False,False
2021-13,FP1,0 days 01:11:43.538000,RIC,3,,13.0,2.0,0 days 01:09:42.772000,,,0 days 00:00:33.503000,0 days 00:00:34.521000,,0 days 01:11:09.031000,0 days 01:11:44.007000,255.0,261.0,296.0,174.0,False,SOFT,1.0,True,McLaren,0 days 01:09:42.772000,,12,,False,,False,False
2021-13,FP1,0 days 01:12:56.619000,RIC,3,0 days 00:01:13.081000,14.0,2.0,,,0 days 00:00:25.409000,0 days 00:00:24.660000,0 days 00:00:23.012000,0 days 01:12:08.947000,0 days 01:12:33.607000,0 days 01:12:56.619000,272.0,282.0,296.0,305.0,True,SOFT,2.0,True,McLaren,0 days 01:11:43.538000,,12,,False,,False,True
2021-13,FP1,0 days 01:14:46.102000,RIC,3,0 days 00:01:49.483000,15.0,2.0,,,0 days 00:00:40.246000,0 days 00:00:35.725000,0 days 00:00:33.512000,0 days 01:13:36.865000,0 days 01:14:12.590000,0 days 01:14:46.102000,206.0,246.0,298.0,266.0,False,SOFT,3.0,True,McLaren,0 days 01:12:56.619000,,1,,False,,False,True
2021-13,FP1,0 days 01:16:05.416000,RIC,3,0 days 00:01:19.314000,16.0,2.0,,,0 days 00:00:25.409000,0 days 00:00:24.897000,0 days 00:00:29.008000,0 days 01:15:11.511000,0 days 01:15:36.408000,0 days 01:16:05.416000,272.0,282.0,260.0,309.0,False,SOFT,4.0,True,McLaren,0 days 01:14:46.102000,,12,,False,,False,True
2021-13,FP1,0 days 01:18:09.013000,RIC,3,0 days 00:02:03.597000,17.0,2.0,,,0 days 00:00:34.219000,0 days 00:00:36.712000,0 days 00:00:52.666000,0 days 01:16:39.635000,0 days 01:17:16.347000,0 days 01:18:09.013000,244.0,202.0,32.0,264.0,False,SOFT,5.0,True,McLaren,0 days 01:16:05.416000,,1,,False,,False,True
2021-13,FP1,0 days 01:19:58.075000,RIC,3,0 days 00:01:49.062000,18.0,2.0,,0 days 01:19:56.516000,0 days 00:00:50.320000,0 days 00:00:29.417000,0 days 00:00:29.325000,0 days 01:18:59.333000,0 days 01:19:28.750000,0 days 01:19:58.075000,258.0,268.0,,229.0,False,SOFT,6.0,True,McLaren,0 days 01:18:09.013000,,1,,False,,False,False
2021-13,FP1,0 days 00:17:16.157000,NOR,4,,1.0,1.0,0 days 00:15:31.284000,,,0 days 00:00:34.555000,0 days 00:00:26.677000,,0 days 00:16:49.520000,0 days 00:17:16.289000,195.0,241.0,289.0,,False,MEDIUM,1.0,True,McLaren,0 days 00:15:31.284000,,12,,False,,False,False
2021-13,FP1,0 days 00:18:32.658000,NOR,4,0 days 00:01:16.501000,2.0,1.0,,,0 days 00:00:27.184000,0 days 00:00:25.992000,0 days 00:00:23.325000,0 days 00:17:43.341000,0 days 00:18:09.333000,0 days 00:18:32.658000,266.0,279.0,292.0,288.0,True,MEDIUM,2.0,True,McLaren,0 days 00:17:16.157000,,1,,False,,False,True
2021-13,FP1,0 days 00:19:57.432000,NOR,4,0 days 00:01:24.774000,3.0,1.0,,,0 days 00:00:26.302000,0 days 00:00:25.557000,0 days 00:00:32.915000,0 days 00:18:58.960000,0 days 00:19:24.517000,0 days 00:19:57.432000,268.0,200.0,291.0,303.0,False,MEDIUM,3.0,True,McLaren,0 days 00:18:32.658000,,12,,False,,False,True
2021-13,FP1,0 days 00:21:11.183000,NOR,4,0 days 00:01:13.751000,4.0,1.0,,,0 days 00:00:25.935000,0 days 00:00:25.168000,0 days 00:00:22.648000,0 days 00:20:23.367000,0 days 00:20:48.535000,0 days 00:21:11.183000,268.0,282.0,299.0,305.0,True,MEDIUM,4.0,True,McLaren,0 days 00:19:57.432000,,1,,False,,False,True
2021-13,FP1,0 days 00:22:52.413000,NOR,4,0 days 00:01:41.230000,5.0,1.0,,,0 days 00:00:32.174000,0 days 00:00:40.562000,0 days 00:00:28.494000,0 days 00:21:43.357000,0 days 00:22:23.919000,0 days 00:22:52.413000,166.0,217.0,294.0,277.0,False,MEDIUM,5.0,True,McLaren,0 days 00:21:11.183000,,1,,False,,False,True
2021-13,FP1,0 days 00:24:05.466000,NOR,4,0 days 00:01:13.053000,6.0,1.0,,,0 days 00:00:25.721000,0 days 00:00:24.895000,0 days 00:00:22.437000,0 days 00:23:18.134000,0 days 00:23:43.029000,0 days 00:24:05.466000,270.0,281.0,300.0,304.0,True,MEDIUM,6.0,True,McLaren,0 days 00:22:52.413000,,1,,False,,False,True
2021-13,FP1,0 days 00:25:57.350000,NOR,4,0 days 00:01:51.884000,7.0,1.0,,,0 days 00:00:34.879000,0 days 00:00:41.831000,0 days 00:00:35.174000,0 days 00:24:40.345000,0 days 00:25:22.176000,0 days 00:25:57.350000,227.0,128.0,300.0,276.0,False,MEDIUM,7.0,True,McLaren,0 days 00:24:05.466000,,1,,False,,False,True
2021-13,FP1,0 days 00:27:44.658000,NOR,4,0 days 00:01:47.308000,8.0,1.0,,,0 days 00:00:30.980000,0 days 00:00:32.849000,0 days 00:00:43.479000,0 days 00:26:28.330000,0 days 00:27:01.179000,0 days 00:27:44.658000,189.0,205.0,295.0,310.0,False,MEDIUM,8.0,True,McLaren,0 days 00:25:57.350000,,1,,False,,False,True
2021-13,FP1,0 days 00:28:57.594000,NOR,4,0 days 00:01:12.936000,9.0,1.0,,,0 days 00:00:25.685000,0 days 00:00:24.903000,0 days 00:00:22.348000,0 days 00:28:10.343000,0 days 00:28:35.246000,0 days 00:28:57.594000,271.0,282.0,298.0,303.0,True,MEDIUM,9.0,True,McLaren,0 days 00:27:44.658000,,1,,False,,False,True
2021-13,FP1,0 days 00:30:43.705000,NOR,4,0 days 00:01:46.111000,10.0,1.0,,,0 days 00:00:33.086000,0 days 00:00:39.027000,0 days 00:00:33.998000,0 days 00:29:30.680000,0 days 00:30:09.707000,0 days 00:30:43.705000,136.0,181.0,296.0,280.0,False,MEDIUM,10.0,True,McLaren,0 days 00:28:57.594000,,1,,False,,False,True
2021-13,FP1,0 days 00:31:56.384000,NOR,4,0 days 00:01:12.679000,11.0,1.0,,,0 days 00:00:25.563000,0 days 00:00:24.611000,0 days 00:00:22.505000,0 days 00:31:09.268000,0 days 00:31:33.879000,0 days 00:31:56.384000,271.0,284.0,279.0,306.0,True,MEDIUM,11.0,True,McLaren,0 days 00:30:43.705000,,12,,False,,False,True
2021-13,FP1,0 days 01:09:30.511000,NOR,4,,12.0,1.0,,0 days 00:33:54.843000,,,,,,,,,,203.0,False,MEDIUM,12.0,True,McLaren,0 days 00:31:56.384000,,251,,False,,False,False
2021-13,FP1,0 days 01:11:32.495000,NOR,4,,13.0,2.0,0 days 01:09:30.511000,,,0 days 00:00:29.152000,0 days 00:00:38.685000,,0 days 01:10:56.039000,0 days 01:11:35.137000,245.0,246.0,295.0,203.0,False,SOFT,1.0,True,McLaren,0 days 01:09:30.511000,,12,,False,,False,False
2021-13,FP1,0 days 01:12:45.188000,NOR,4,0 days 00:01:12.693000,14.0,2.0,,,0 days 00:00:25.558000,0 days 00:00:24.399000,0 days 00:00:22.736000,0 days 01:11:58.053000,0 days 01:12:22.452000,0 days 01:12:45.188000,270.0,283.0,296.0,304.0,False,SOFT,2.0,True,McLaren,0 days 01:11:32.495000,,12,,False,,False,True
2021-13,FP1,0 days 01:14:40.671000,NOR,4,0 days 00:01:55.483000,15.0,2.0,,,0 days 00:00:37.871000,0 days 00:00:45.928000,0 days 00:00:31.684000,0 days 01:13:23.059000,0 days 01:14:08.987000,0 days 01:14:40.671000,184.0,226.0,295.0,278.0,False,SOFT,3.0,True,McLaren,0 days 01:12:45.188000,,1,,False,,False,True
2021-13,FP1,0 days 01:16:02.818000,NOR,4,0 days 00:01:22.147000,16.0,2.0,,,0 days 00:00:25.427000,0 days 00:00:24.487000,0 days 00:00:32.233000,0 days 01:15:06.098000,0 days 01:15:30.585000,0 days 01:16:02.818000,273.0,282.0,251.0,307.0,False,SOFT,4.0,True,McLaren,0 days 01:14:40.671000,,12,,False,,False,True
2021-13,FP1,0 days 01:18:05.361000,NOR,4,0 days 00:02:02.543000,17.0,2.0,,,0 days 00:00:31.822000,0 days 00:00:35.059000,0 days 00:00:55.662000,0 days 01:16:34.640000,0 days 01:17:09.699000,0 days 01:18:05.361000,191.0,170.0,56.0,228.0,False,SOFT,5.0,True,McLaren,0 days 01:16:02.818000,,1,,False,,False,True
2021-13,FP1,0 days 01:19:56.426000,NOR,4,0 days 00:01:51.065000,18.0,2.0,,0 days 01:19:55.049000,0 days 00:00:51.753000,0 days 00:00:28.239000,0 days 00:00:31.073000,0 days 01:18:57.114000,0 days 01:19:25.353000,0 days 01:19:56.426000,256.0,238.0,,226.0,False,SOFT,6.0,True,McLaren,0 days 01:18:05.361000,,1,,False,,False,False
2021-13,FP1,0 days 00:17:54.277000,VET,5,,1.0,1.0,0 days 00:16:20.433000,,,0 days 00:00:32.202000,0 days 00:00:27.525000,,0 days 00:17:26.850000,0 days 00:17:54.402000,248.0,267.0,296.0,,False,HARD,1.0,True,Aston Martin,0 days 00:16:20.433000,,12,,False,,False,False
2021-13,FP1,0 days 00:19:15.369000,VET,5,0 days 00:01:21.092000,2.0,1.0,,,0 days 00:00:27.123000,0 days 00:00:27.675000,0 days 00:00:26.294000,0 days 00:18:21.400000,0 days 00:18:49.075000,0 days 00:19:15.369000,274.0,281.0,299.0,290.0,True,HARD,2.0,True,Aston Martin,0 days 00:17:54.277000,,1,,False,,False,True
2021-13,FP1,0 days 00:21:12.778000,VET,5,0 days 00:01:57.409000,3.0,1.0,,0 days 00:21:11.534000,0 days 00:00:26.586000,0 days 00:00:37.352000,0 days 00:00:53.471000,0 days 00:19:41.955000,0 days 00:20:19.307000,0 days 00:21:12.778000,270.0,92.0,,298.0,False,HARD,3.0,True,Aston Martin,0 days 00:19:15.369000,,12,,False,,False,False
2021-13,FP1,0 days 00:29:40.721000,VET,5,,4.0,2.0,0 days 00:28:11.261000,,,0 days 00:00:32.244000,0 days 00:00:27.403000,,0 days 00:29:13.318000,0 days 00:29:40.821000,242.0,270.0,300.0,298.0,False,HARD,4.0,False,Aston Martin,0 days 00:21:12.778000,,1,,False,,False,False
2021-13,FP1,0 days 00:30:56.705000,VET,5,0 days 00:01:15.984000,5.0,2.0,,,0 days 00:00:26.573000,0 days 00:00:25.851000,0 days 00:00:23.560000,0 days 00:30:07.294000,0 days 00:30:33.145000,0 days 00:30:56.705000,271.0,282.0,279.0,298.0,True,HARD,5.0,False,Aston Martin,0 days 00:29:40.721000,,1,,False,,False,True
2021-13,FP1,0 days 01:08:45.630000,VET,5,,6.0,2.0,,0 days 01:08:45.630000,,,,,,,,,,178.0,False,HARD,6.0,False,Aston Martin,0 days 00:30:56.705000,,125,,False,,False,False
2021-13,FP1,0 days 00:17:58.174000,LAT,6,,1.0,1.0,0 days 00:16:10.766000,,,0 days 00:00:35.744000,0 days 00:00:29.622000,,0 days 00:17:28.589000,0 days 00:17:58.299000,257.0,240.0,292.0,,False,MEDIUM,1.0,True,Williams,0 days 00:16:10.766000,,12,,False,,False,False
2021-13,FP1,0 days 00:19:15.595000,LAT,6,0 days 00:01:17.421000,2.0,1.0,,,0 days 00:00:26.836000,0 days 00:00:26.879000,0 days 00:00:23.706000,0 days 00:18:25.010000,0 days 00:18:51.889000,0 days 00:19:15.595000,271.0,279.0,307.0,302.0,True,MEDIUM,2.0,True,Williams,0 days 00:17:58.174000,,1,,False,,False,True
2021-13,FP1,0 days 00:20:50.234000,LAT,6,0 days 00:01:34.639000,3.0,1.0,,,0 days 00:00:31.001000,0 days 00:00:34.490000,0 days 00:00:29.148000,0 days 00:19:46.596000,0 days 00:20:21.086000,0 days 00:20:50.234000,249.0,155.0,294.0,207.0,False,MEDIUM,3.0,True,Williams,0 days 00:19:15.595000,,12,,False,,False,True
2021-13,FP1,0 days 00:22:05.594000,LAT,6,0 days 00:01:15.360000,4.0,1.0,,,0 days 00:00:26.235000,0 days 00:00:25.897000,0 days 00:00:23.228000,0 days 00:21:16.469000,0 days 00:21:42.366000,0 days 00:22:05.594000,271.0,281.0,302.0,304.0,True,MEDIUM,4.0,True,Williams,0 days 00:20:50.234000,,1,,False,,False,True
2021-13,FP1,0 days 00:23:40.365000,LAT,6,0 days 00:01:34.771000,5.0,1.0,,,0 days 00:00:32.492000,0 days 00:00:34.362000,0 days 00:00:27.917000,0 days 00:22:38.086000,0 days 00:23:12.448000,0 days 00:23:40.365000,248.0,260.0,294.0,294.0,False,MEDIUM,5.0,True,Williams,0 days 00:22:05.594000,,1,,False,,False,True
2021-13,FP1,0 days 00:24:54.790000,LAT,6,0 days 00:01:14.425000,6.0,1.0,,,0 days 00:00:25.833000,0 days 00:00:25.406000,0 days 00:00:23.186000,0 days 00:24:06.198000,0 days 00:24:31.604000,0 days 00:24:54.790000,270.0,280.0,297.0,305.0,True,MEDIUM,6.0,True,Williams,0 days 00:23:40.365000,,1,,False,,False,True
2021-13,FP1,0 days 00:26:34.338000,LAT,6,0 days 00:01:39.548000,7.0,1.0,,,0 days 00:00:34.520000,0 days 00:00:35.050000,0 days 00:00:29.978000,0 days 00:25:29.310000,0 days 00:26:04.360000,0 days 00:26:34.338000,249.0,243.0,294.0,293.0,False,MEDIUM,7.0,True,Williams,0 days 00:24:54.790000,,1,,False,,False,True
2021-13,FP1,0 days 00:27:48.448000,LAT,6,0 days 00:01:14.110000,8.0,1.0,,,0 days 00:00:25.823000,0 days 00:00:25.344000,0 days 00:00:22.943000,0 days 00:27:00.161000,0 days 00:27:25.505000,0 days 00:27:48.448000,269.0,280.0,297.0,303.0,True,MEDIUM,8.0,True,Williams,0 days 00:26:34.338000,,1,,False,,False,True
2021-13,FP1,0 days 00:29:21.812000,LAT,6,0 days 00:01:33.364000,9.0,1.0,,0 days 00:29:20.534000,0 days 00:00:30.896000,0 days 00:00:32.017000,0 days 00:00:30.451000,0 days 00:28:19.344000,0 days 00:28:51.361000,0 days 00:29:21.812000,229.0,232.0,,274.0,False,MEDIUM,9.0,True,Williams,0 days 00:27:48.448000,,1,,False,,False,False
2021-13,FP1,0 days 00:31:19.460000,LAT,6,0 days 00:01:57.648000,10.0,2.0,0 days 00:29:40.589000,0 days 00:31:18.974000,0 days 00:00:50.636000,0 days 00:00:36.757000,0 days 00:00:30.255000,0 days 00:30:12.448000,0 days 00:30:49.205000,0 days 00:31:19.460000,255.0,226.0,,274.0,False,MEDIUM,10.0,False,Williams,0 days 00:29:21.812000,,12,,False,,False,False
2021-13,FP1,0 days 01:11:15.386000,LAT,6,,11.0,3.0,0 days 01:09:16.954000,,,0 days 00:00:31.703000,0 days 00:00:39.205000,,0 days 01:10:36.210000,0 days 01:11:15.540000,243.0,200.0,293.0,274.0,False,SOFT,1.0,True,Williams,0 days 01:09:16.954000,,12,,False,,False,False
2021-13,FP1,0 days 01:12:28.856000,LAT,6,0 days 00:01:13.470000,12.0,3.0,,,0 days 00:00:25.810000,0 days 00:00:25.046000,0 days 00:00:22.614000,0 days 01:11:41.196000,0 days 01:12:06.242000,0 days 01:12:28.856000,269.0,280.0,302.0,301.0,True,SOFT,2.0,True,Williams,0 days 01:11:15.386000,,1,,False,,False,True
2021-13,FP1,0 days 01:14:18.559000,LAT,6,0 days 00:01:49.703000,13.0,3.0,,,0 days 00:00:37.693000,0 days 00:00:39.247000,0 days 00:00:32.763000,0 days 01:13:06.549000,0 days 01:13:45.796000,0 days 01:14:18.559000,156.0,249.0,295.0,301.0,False,SOFT,3.0,True,Williams,0 days 01:12:28.856000,,12,,False,,False,True
2021-13,FP1,0 days 01:15:31.466000,LAT,6,0 days 00:01:12.907000,14.0,3.0,,,0 days 00:00:25.462000,0 days 00:00:24.920000,0 days 00:00:22.525000,0 days 01:14:44.021000,0 days 01:15:08.941000,0 days 01:15:31.466000,269.0,279.0,294.0,305.0,True,SOFT,4.0,True,Williams,0 days 01:14:18.559000,,1,,False,,False,True
2021-13,FP1,0 days 01:17:40.947000,LAT,6,0 days 00:02:09.481000,15.0,3.0,,,0 days 00:00:31.212000,0 days 00:00:35.402000,0 days 00:01:02.867000,0 days 01:16:02.678000,0 days 01:16:38.080000,0 days 01:17:40.947000,207.0,247.0,33.0,282.0,False,SOFT,5.0,True,Williams,0 days 01:15:31.466000,,12,,False,,False,True
2021-13,FP1,0 days 01:19:36.099000,LAT,6,0 days 00:01:55.152000,16.0,3.0,,0 days 01:19:34.839000,0 days 00:00:52.812000,0 days 00:00:31.950000,0 days 00:00:30.390000,0 days 01:18:33.759000,0 days 01:19:05.709000,0 days 01:19:36.099000,179.0,239.0,,213.0,False,SOFT,6.0,True,Williams,0 days 01:17:40.947000,,1,,False,,False,False
2021-13,FP1,0 days 00:16:48.935000,RAI,7,,1.0,1.0,0 days 00:15:11.351000,,,0 days 00:00:32.010000,0 days 00:00:28.169000,,0 days 00:16:20.843000,0 days 00:16:49.092000,220.0,248.0,295.0,,False,HARD,1.0,True,Alfa Romeo Racing,0 days 00:15:11.351000,,12,,False,,False,False
2021-13,FP1,0 days 00:18:09.137000,RAI,7,0 days 00:01:20.202000,2.0,1.0,,,0 days 00:00:28.381000,0 days 00:00:27.955000,0 days 00:00:23.866000,0 days 00:17:17.316000,0 days 00:17:45.271000,0 days 00:18:09.137000,272.0,278.0,303.0,280.0,True,HARD,2.0,True,Alfa Romeo Racing,0 days 00:16:48.935000,,21,,False,,False,True
2021-13,FP1,0 days 00:19:26.490000,RAI,7,0 days 00:01:17.353000,3.0,1.0,,,0 days 00:00:26.944000,0 days 00:00:26.734000,0 days 00:00:23.675000,0 days 00:18:36.081000,0 days 00:19:02.815000,0 days 00:19:26.490000,277.0,285.0,300.0,313.0,True,HARD,3.0,True,Alfa Romeo Racing,0 days 00:18:09.137000,,1,,False,,False,True
2021-13,FP1,0 days 00:20:46.769000,RAI,7,0 days 00:01:20.279000,4.0,1.0,,,0 days 00:00:27.152000,0 days 00:00:27.427000,0 days 00:00:25.700000,0 days 00:19:53.642000,0 days 00:20:21.069000,0 days 00:20:46.769000,274.0,206.0,299.0,284.0,False,HARD,4.0,True,Alfa Romeo Racing,0 days 00:19:26.490000,,12,,False,,False,True
2021-13,FP1,0 days 00:22:04.602000,RAI,7,0 days 00:01:17.833000,5.0,1.0,,,0 days 00:00:26.161000,0 days 00:00:26.039000,0 days 00:00:25.633000,0 days 00:21:12.930000,0 days 00:21:38.969000,0 days 00:22:04.602000,276.0,286.0,302.0,309.0,False,HARD,5.0,True,Alfa Romeo Racing,0 days 00:20:46.769000,,1,,False,,False,True
2021-13,FP1,0 days 00:23:27.695000,RAI,7,0 days 00:01:23.093000,6.0,1.0,,,0 days 00:00:26.380000,0 days 00:00:26.270000,0 days 00:00:30.443000,0 days 00:22:30.982000,0 days 00:22:57.252000,0 days 00:23:27.695000,275.0,280.0,300.0,311.0,False,HARD,6.0,True,Alfa Romeo Racing,0 days 00:22:04.602000,,1,,False,,False,True
2021-13,FP1,0 days 00:24:43.195000,RAI,7,0 days 00:01:15.500000,7.0,1.0,,,0 days 00:00:26.168000,0 days 00:00:26.166000,0 days 00:00:23.166000,0 days 00:23:53.863000,0 days 00:24:20.029000,0 days 00:24:43.195000,278.0,282.0,306.0,309.0,True,HARD,7.0,True,Alfa Romeo Racing,0 days 00:23:27.695000,,1,,False,,False,True
2021-13,FP1,0 days 00:26:12.033000,RAI,7,0 days 00:01:28.838000,8.0,1.0,,,0 days 00:00:29.223000,0 days 00:00:34.938000,0 days 00:00:24.677000,0 days 00:25:12.418000,0 days 00:25:47.356000,0 days 00:26:12.033000,241.0,247.0,300.0,316.0,False,HARD,8.0,True,Alfa Romeo Racing,0 days 00:24:43.195000,,1,,False,,False,True
2021-13,FP1,0 days 00:27:36.769000,RAI,7,0 days 00:01:24.736000,9.0,1.0,,,0 days 00:00:26.633000,0 days 00:00:30.744000,0 days 00:00:27.359000,0 days 00:26:38.666000,0 days 00:27:09.410000,0 days 00:27:36.769000,258.0,269.0,302.0,310.0,False,HARD,9.0,True,Alfa Romeo Racing,0 days 00:26:12.033000,,1,,False,,False,True
2021-13,FP1,0 days 00:28:51.917000,RAI,7,0 days 00:01:15.148000,10.0,1.0,,,0 days 00:00:26.086000,0 days 00:00:25.927000,0 days 00:00:23.135000,0 days 00:28:02.855000,0 days 00:28:28.782000,0 days 00:28:51.917000,274.0,283.0,300.0,310.0,True,HARD,10.0,True,Alfa Romeo Racing,0 days 00:27:36.769000,,1,,False,,False,True
2021-13,FP1,0 days 00:30:16.779000,RAI,7,0 days 00:01:24.862000,11.0,1.0,,,0 days 00:00:28.044000,0 days 00:00:33.192000,0 days 00:00:23.626000,0 days 00:29:19.961000,0 days 00:29:53.153000,0 days 00:30:16.779000,192.0,273.0,296.0,306.0,False,HARD,11.0,True,Alfa Romeo Racing,0 days 00:28:51.917000,,1,,False,,False,True
2021-13,FP1,0 days 00:31:31.286000,RAI,7,0 days 00:01:14.507000,12.0,1.0,,,0 days 00:00:25.984000,0 days 00:00:25.505000,0 days 00:00:23.018000,0 days 00:30:42.763000,0 days 00:31:08.268000,0 days 00:31:31.286000,274.0,282.0,285.0,305.0,True,HARD,12.0,True,Alfa Romeo Racing,0 days 00:30:16.779000,,12,,False,,False,True
2021-13,FP1,0 days 01:09:04.500000,RAI,7,,13.0,1.0,,0 days 00:33:21.977000,0 days 00:00:35.061000,,,0 days 00:32:07.900000,,,247.0,,,176.0,False,HARD,13.0,True,Alfa Romeo Racing,0 days 00:31:31.286000,,251,,False,,False,False
2021-13,FP1,0 days 01:10:48.265000,RAI,7,,14.0,2.0,0 days 01:09:04.500000,,,0 days 00:00:42.057000,0 days 00:00:28.807000,,0 days 01:10:19.458000,0 days 01:10:48.432000,263.0,95.0,294.0,176.0,False,SOFT,1.0,True,Alfa Romeo Racing,0 days 01:09:04.500000,,12,,False,,False,False
2021-13,FP1,0 days 01:12:18.116000,RAI,7,0 days 00:01:29.851000,15.0,2.0,,,0 days 00:00:26.205000,0 days 00:00:31.428000,0 days 00:00:32.218000,0 days 01:11:14.470000,0 days 01:11:45.898000,0 days 01:12:18.116000,258.0,230.0,301.0,303.0,False,SOFT,2.0,True,Alfa Romeo Racing,0 days 01:10:48.265000,,1,,False,,False,True
2021-13,FP1,0 days 01:13:31.169000,RAI,7,0 days 00:01:13.053000,16.0,2.0,,,0 days 00:00:25.526000,0 days 00:00:25.103000,0 days 00:00:22.424000,0 days 01:12:43.642000,0 days 01:13:08.745000,0 days 01:13:31.169000,278.0,285.0,300.0,313.0,True,SOFT,3.0,True,Alfa Romeo Racing,0 days 01:12:18.116000,,12,,False,,False,True
2021-13,FP1,0 days 01:14:57.199000,RAI,7,0 days 00:01:26.030000,17.0,2.0,,,0 days 00:00:30.799000,0 days 00:00:30.771000,0 days 00:00:24.460000,0 days 01:14:01.968000,0 days 01:14:32.739000,0 days 01:14:57.199000,211.0,258.0,303.0,284.0,False,SOFT,4.0,True,Alfa Romeo Racing,0 days 01:13:31.169000,,1,,False,,False,True
2021-13,FP1,0 days 01:16:10.717000,RAI,7,0 days 00:01:13.518000,18.0,2.0,,,0 days 00:00:25.416000,0 days 00:00:25.440000,0 days 00:00:22.662000,0 days 01:15:22.615000,0 days 01:15:48.055000,0 days 01:16:10.717000,277.0,282.0,304.0,316.0,False,SOFT,5.0,True,Alfa Romeo Racing,0 days 01:14:57.199000,,12,,False,,False,True
2021-13,FP1,0 days 01:18:31.240000,RAI,7,0 days 00:02:20.523000,19.0,2.0,,,0 days 00:00:36.699000,0 days 00:00:30.767000,0 days 00:01:13.057000,0 days 01:16:47.416000,0 days 01:17:18.183000,0 days 01:18:31.240000,184.0,259.0,5.0,203.0,False,SOFT,6.0,True,Alfa Romeo Racing,0 days 01:16:10.717000,,1,,False,,False,True
2021-13,FP1,0 days 01:20:01.186000,RAI,7,0 days 00:01:29.946000,20.0,2.0,,0 days 01:20:01.289000,0 days 00:00:30.749000,0 days 00:00:28.070000,0 days 00:00:31.127000,0 days 01:19:01.989000,0 days 01:19:30.059000,0 days 01:20:01.186000,235.0,264.0,,239.0,False,SOFT,7.0,True,Alfa Romeo Racing,0 days 01:18:31.240000,,1,,False,,False,False
2021-13,FP1,0 days 00:17:51.561000,MAZ,9,,1.0,1.0,0 days 00:16:03.025000,,,0 days 00:00:32.631000,0 days 00:00:30.738000,,0 days 00:17:21.138000,0 days 00:17:51.655000,252.0,258.0,291.0,,False,MEDIUM,1.0,True,Haas F1 Team,0 days 00:16:03.025000,,12,,False,,False,False
2021-13,FP1,0 days 00:19:09.271000,MAZ,9,0 days 00:01:17.710000,2.0,1.0,,,0 days 00:00:27.260000,0 days 00:00:27.397000,0 days 00:00:23.053000,0 days 00:18:18.821000,0 days 00:18:46.218000,0 days 00:19:09.271000,276.0,283.0,300.0,304.0,True,MEDIUM,2.0,True,Haas F1 Team,0 days 00:17:51.561000,,1,,False,,False,True
2021-13,FP1,0 days 00:20:25.673000,MAZ,9,0 days 00:01:16.402000,3.0,1.0,,,0 days 00:00:26.216000,0 days 00:00:25.865000,0 days 00:00:24.321000,0 days 00:19:35.487000,0 days 00:20:01.352000,0 days 00:20:25.673000,275.0,283.0,307.0,310.0,True,MEDIUM,3.0,True,Haas F1 Team,0 days 00:19:09.271000,,12,,False,,False,True
2021-13,FP1,0 days 00:22:00.387000,MAZ,9,0 days 00:01:34.714000,4.0,1.0,,,0 days 00:00:35.960000,0 days 00:00:34.688000,0 days 00:00:24.066000,0 days 00:21:01.633000,0 days 00:21:36.321000,0 days 00:22:00.387000,216.0,259.0,300.0,268.0,False,MEDIUM,4.0,True,Haas F1 Team,0 days 00:20:25.673000,,1,,False,,False,True
2021-13,FP1,0 days 00:23:15.501000,MAZ,9,0 days 00:01:15.114000,5.0,1.0,,,0 days 00:00:26.445000,0 days 00:00:25.709000,0 days 00:00:22.960000,0 days 00:22:26.832000,0 days 00:22:52.541000,0 days 00:23:15.501000,273.0,282.0,306.0,309.0,True,MEDIUM,5.0,True,Haas F1 Team,0 days 00:22:00.387000,,1,,False,,False,True
2021-13,FP1,0 days 00:24:49.292000,MAZ,9,0 days 00:01:33.791000,6.0,1.0,,,0 days 00:00:34.470000,0 days 00:00:35.173000,0 days 00:00:24.148000,0 days 00:23:49.971000,0 days 00:24:25.144000,0 days 00:24:49.292000,152.0,256.0,299.0,263.0,False,MEDIUM,6.0,True,Haas F1 Team,0 days 00:23:15.501000,,1,,False,,False,True
2021-13,FP1,0 days 00:26:03.762000,MAZ,9,0 days 00:01:14.470000,7.0,1.0,,,0 days 00:00:26.101000,0 days 00:00:25.540000,0 days 00:00:22.829000,0 days 00:25:15.393000,0 days 00:25:40.933000,0 days 00:26:03.762000,275.0,281.0,307.0,308.0,True,MEDIUM,7.0,True,Haas F1 Team,0 days 00:24:49.292000,,1,,False,,False,True
2021-13,FP1,0 days 00:28:02.687000,MAZ,9,0 days 00:01:58.925000,8.0,1.0,,0 days 00:28:01.020000,0 days 00:00:33.193000,0 days 00:00:40.838000,0 days 00:00:44.894000,0 days 00:26:36.955000,0 days 00:27:17.793000,0 days 00:28:02.687000,169.0,179.0,,264.0,False,MEDIUM,8.0,True,Haas F1 Team,0 days 00:26:03.762000,,1,,False,,False,False
2021-13,FP1,0 days 01:11:19.844000,MAZ,9,,9.0,2.0,0 days 01:09:21.758000,,,0 days 00:00:32.656000,0 days 00:00:38.941000,,0 days 01:10:40.927000,0 days 01:11:19.983000,263.0,269.0,299.0,264.0,False,SOFT,1.0,True,Haas F1 Team,0 days 01:09:21.758000,,12,,False,,False,False
2021-13,FP1,0 days 01:12:34.025000,MAZ,9,0 days 00:01:14.181000,10.0,2.0,,,0 days 00:00:26.141000,0 days 00:00:25.236000,0 days 00:00:22.804000,0 days 01:11:45.985000,0 days 01:12:11.221000,0 days 01:12:34.025000,275.0,283.0,301.0,306.0,True,SOFT,2.0,True,Haas F1 Team,0 days 01:11:19.844000,,12,,False,,False,True
2021-13,FP1,0 days 01:14:23.374000,MAZ,9,0 days 00:01:49.349000,11.0,2.0,,,0 days 00:00:36.178000,0 days 00:00:40.306000,0 days 00:00:32.865000,0 days 01:13:10.203000,0 days 01:13:50.509000,0 days 01:14:23.374000,156.0,206.0,300.0,239.0,False,SOFT,3.0,True,Haas F1 Team,0 days 01:12:34.025000,,21,,False,,False,True
2021-13,FP1,0 days 01:15:36.890000,MAZ,9,0 days 00:01:13.516000,12.0,2.0,,,0 days 00:00:25.600000,0 days 00:00:25.348000,0 days 00:00:22.568000,0 days 01:14:48.974000,0 days 01:15:14.322000,0 days 01:15:36.890000,275.0,278.0,300.0,308.0,True,SOFT,4.0,True,Haas F1 Team,0 days 01:14:23.374000,,1,,False,,False,True
2021-13,FP1,0 days 01:17:45.678000,MAZ,9,0 days 00:02:08.788000,13.0,2.0,,,0 days 00:00:32.852000,0 days 00:00:35.232000,0 days 00:01:00.704000,0 days 01:16:09.742000,0 days 01:16:44.974000,0 days 01:17:45.678000,213.0,199.0,31.0,251.0,False,SOFT,5.0,True,Haas F1 Team,0 days 01:15:36.890000,,12,,False,,False,True
2021-13,FP1,0 days 01:19:53.064000,MAZ,9,0 days 00:02:07.386000,14.0,2.0,,0 days 01:19:53.046000,0 days 00:00:52.816000,0 days 00:00:32.320000,0 days 00:00:42.250000,0 days 01:18:38.494000,0 days 01:19:10.814000,0 days 01:19:53.064000,233.0,199.0,,223.0,False,SOFT,6.0,True,Haas F1 Team,0 days 01:17:45.678000,,1,,False,,False,False
2021-13,FP1,0 days 00:17:00.659000,GAS,10,,1.0,1.0,0 days 00:15:24.243000,,,0 days 00:00:30.236000,0 days 00:00:31.244000,,0 days 00:16:29.441000,0 days 00:17:00.782000,258.0,263.0,296.0,,False,MEDIUM,1.0,True,AlphaTauri,0 days 00:15:24.243000,,12,,False,,False,False
2021-13,FP1,0 days 00:18:15.960000,GAS,10,0 days 00:01:15.301000,2.0,1.0,,,0 days 00:00:26.122000,0 days 00:00:26.039000,0 days 00:00:23.140000,0 days 00:17:26.781000,0 days 00:17:52.820000,0 days 00:18:15.960000,273.0,280.0,298.0,305.0,True,MEDIUM,2.0,True,AlphaTauri,0 days 00:17:00.659000,,1,,False,,False,True
2021-13,FP1,0 days 00:19:46.326000,GAS,10,0 days 00:01:30.366000,3.0,1.0,,,0 days 00:00:26.889000,0 days 00:00:30.871000,0 days 00:00:32.606000,0 days 00:18:42.849000,0 days 00:19:13.720000,0 days 00:19:46.326000,252.0,242.0,299.0,310.0,False,MEDIUM,3.0,True,AlphaTauri,0 days 00:18:15.960000,,12,,False,,False,True
2021-13,FP1,0 days 00:21:06.400000,GAS,10,0 days 00:01:20.074000,4.0,1.0,,,0 days 00:00:27.378000,0 days 00:00:27.352000,0 days 00:00:25.344000,0 days 00:20:13.704000,0 days 00:20:41.056000,0 days 00:21:06.400000,269.0,254.0,297.0,309.0,False,MEDIUM,4.0,True,AlphaTauri,0 days 00:19:46.326000,,1,,False,,False,True
2021-13,FP1,0 days 00:22:20.002000,GAS,10,0 days 00:01:13.602000,5.0,1.0,,,0 days 00:00:25.643000,0 days 00:00:25.353000,0 days 00:00:22.606000,0 days 00:21:32.043000,0 days 00:21:57.396000,0 days 00:22:20.002000,274.0,281.0,299.0,308.0,True,MEDIUM,5.0,True,AlphaTauri,0 days 00:21:06.400000,,1,,False,,False,True
2021-13,FP1,0 days 00:24:01.428000,GAS,10,0 days 00:01:41.426000,6.0,1.0,,,0 days 00:00:35.712000,0 days 00:00:38.506000,0 days 00:00:27.208000,0 days 00:22:55.714000,0 days 00:23:34.220000,0 days 00:24:01.428000,241.0,241.0,301.0,268.0,False,MEDIUM,6.0,True,AlphaTauri,0 days 00:22:20.002000,,1,,False,,False,True
2021-13,FP1,0 days 00:25:14.615000,GAS,10,0 days 00:01:13.187000,7.0,1.0,,,0 days 00:00:25.602000,0 days 00:00:25.215000,0 days 00:00:22.370000,0 days 00:24:27.030000,0 days 00:24:52.245000,0 days 00:25:14.615000,277.0,281.0,301.0,310.0,True,MEDIUM,7.0,True,AlphaTauri,0 days 00:24:01.428000,,1,,False,,False,True
2021-13,FP1,0 days 00:26:53.164000,GAS,10,0 days 00:01:38.549000,8.0,1.0,,0 days 00:26:52.027000,0 days 00:00:29.867000,0 days 00:00:34.212000,0 days 00:00:34.470000,0 days 00:25:44.482000,0 days 00:26:18.694000,0 days 00:26:53.164000,253.0,200.0,,286.0,False,MEDIUM,8.0,True,AlphaTauri,0 days 00:25:14.615000,,1,,False,,False,False
2021-13,FP1,0 days 00:29:26.343000,GAS,10,,9.0,2.0,0 days 00:27:52.654000,,0 days 00:01:31.934000,0 days 00:00:30.230000,0 days 00:00:31.008000,0 days 00:28:25.112000,0 days 00:28:55.351000,0 days 00:29:26.453000,268.0,264.0,296.0,286.0,False,MEDIUM,9.0,False,AlphaTauri,0 days 00:26:53.164000,,1,,False,,False,False
2021-13,FP1,0 days 00:30:39.246000,GAS,10,0 days 00:01:12.903000,10.0,2.0,,,0 days 00:00:25.521000,0 days 00:00:24.915000,0 days 00:00:22.467000,0 days 00:29:51.864000,0 days 00:30:16.779000,0 days 00:30:39.246000,273.0,281.0,300.0,304.0,True,MEDIUM,10.0,False,AlphaTauri,0 days 00:29:26.343000,,1,,False,,False,True
2021-13,FP1,0 days 00:32:12.774000,GAS,10,0 days 00:01:33.528000,11.0,2.0,,,0 days 00:00:31.793000,0 days 00:00:33.706000,0 days 00:00:28.029000,0 days 00:31:11.039000,0 days 00:31:44.745000,0 days 00:32:12.774000,227.0,257.0,255.0,295.0,False,MEDIUM,11.0,False,AlphaTauri,0 days 00:30:39.246000,,12,,False,,False,True
2021-13,FP1,0 days 01:09:12.081000,GAS,10,,12.0,2.0,,0 days 00:34:07.453000,,,,,,,,,,209.0,False,MEDIUM,12.0,False,AlphaTauri,0 days 00:32:12.774000,,251,,False,,False,False
2021-13,FP1,0 days 01:10:53.399000,GAS,10,,13.0,3.0,0 days 01:09:12.071000,,,0 days 00:00:31.234000,0 days 00:00:31.577000,,0 days 01:10:21.850000,0 days 01:10:53.816000,264.0,246.0,297.0,209.0,False,SOFT,1.0,True,AlphaTauri,0 days 01:09:12.071000,,12,,False,,False,False
2021-13,FP1,0 days 01:12:06.167000,GAS,10,0 days 00:01:12.768000,14.0,3.0,,,0 days 00:00:25.591000,0 days 00:00:25.002000,0 days 00:00:22.175000,0 days 01:11:18.990000,0 days 01:11:43.992000,0 days 01:12:06.167000,275.0,283.0,301.0,306.0,True,SOFT,2.0,True,AlphaTauri,0 days 01:10:53.399000,,1,,False,,False,True
2021-13,FP1,0 days 01:13:46.402000,GAS,10,0 days 00:01:40.235000,15.0,3.0,,,0 days 00:00:36.217000,0 days 00:00:36.436000,0 days 00:00:27.582000,0 days 01:12:42.384000,0 days 01:13:18.820000,0 days 01:13:46.402000,210.0,241.0,300.0,280.0,False,SOFT,3.0,True,AlphaTauri,0 days 01:12:06.167000,,12,,False,,False,True
2021-13,FP1,0 days 01:14:58.917000,GAS,10,0 days 00:01:12.515000,16.0,3.0,,,0 days 00:00:25.215000,0 days 00:00:24.697000,0 days 00:00:22.603000,0 days 01:14:11.617000,0 days 01:14:36.314000,0 days 01:14:58.917000,278.0,288.0,304.0,310.0,True,SOFT,4.0,True,AlphaTauri,0 days 01:13:46.402000,,1,,False,,False,True
2021-13,FP1,0 days 01:16:32.811000,GAS,10,0 days 00:01:33.894000,17.0,3.0,,,0 days 00:00:28.497000,0 days 00:00:35.095000,0 days 00:00:30.302000,0 days 01:15:27.414000,0 days 01:16:02.509000,0 days 01:16:32.811000,258.0,157.0,258.0,315.0,False,SOFT,5.0,True,AlphaTauri,0 days 01:14:58.917000,,12,,False,,False,True
2021-13,FP1,0 days 01:18:28.204000,GAS,10,0 days 00:01:55.393000,18.0,3.0,,,0 days 00:00:32.606000,0 days 00:00:31.360000,0 days 00:00:51.427000,0 days 01:17:05.417000,0 days 01:17:36.777000,0 days 01:18:28.204000,271.0,196.0,52.0,244.0,False,SOFT,6.0,True,AlphaTauri,0 days 01:16:32.811000,,1,,False,,False,True
2021-13,FP1,0 days 01:20:06.935000,GAS,10,0 days 00:01:38.731000,19.0,3.0,,0 days 01:20:07.013000,0 days 00:00:45.906000,0 days 00:00:26.072000,0 days 00:00:26.753000,0 days 01:19:14.110000,0 days 01:19:40.182000,0 days 01:20:06.935000,262.0,273.0,,210.0,False,SOFT,7.0,True,AlphaTauri,0 days 01:18:28.204000,,1,,False,,False,False
2021-13,FP1,0 days 00:17:42.863000,PER,11,,1.0,1.0,0 days 00:15:57.358000,,,0 days 00:00:31.745000,0 days 00:00:30.257000,,0 days 00:17:12.702000,0 days 00:17:43.004000,224.0,265.0,287.0,,False,HARD,1.0,True,Red Bull Racing,0 days 00:15:57.358000,,12,,False,,False,False
2021-13,FP1,0 days 00:19:02.574000,PER,11,0 days 00:01:19.711000,2.0,1.0,,,0 days 00:00:28.166000,0 days 00:00:27.711000,0 days 00:00:23.834000,0 days 00:18:11.029000,0 days 00:18:38.740000,0 days 00:19:02.574000,269.0,276.0,291.0,286.0,True,HARD,2.0,True,Red Bull Racing,0 days 00:17:42.863000,,1,,False,,False,True
2021-13,FP1,0 days 00:20:19.599000,PER,11,0 days 00:01:17.025000,3.0,1.0,,,0 days 00:00:26.996000,0 days 00:00:26.535000,0 days 00:00:23.494000,0 days 00:19:29.570000,0 days 00:19:56.105000,0 days 00:20:19.599000,270.0,278.0,284.0,302.0,True,HARD,3.0,True,Red Bull Racing,0 days 00:19:02.574000,,12,,False,,False,True
2021-13,FP1,0 days 00:21:49.679000,PER,11,0 days 00:01:30.080000,4.0,1.0,,,0 days 00:00:33.094000,0 days 00:00:30.504000,0 days 00:00:26.482000,0 days 00:20:52.693000,0 days 00:21:23.197000,0 days 00:21:49.679000,249.0,254.0,294.0,274.0,False,HARD,4.0,True,Red Bull Racing,0 days 00:20:19.599000,,1,,False,,False,True
2021-13,FP1,0 days 00:23:05.744000,PER,11,0 days 00:01:16.065000,5.0,1.0,,,0 days 00:00:26.677000,0 days 00:00:26.143000,0 days 00:00:23.245000,0 days 00:22:16.356000,0 days 00:22:42.499000,0 days 00:23:05.744000,270.0,280.0,294.0,302.0,True,HARD,5.0,True,Red Bull Racing,0 days 00:21:49.679000,,1,,False,,False,True
2021-13,FP1,0 days 00:24:20.997000,PER,11,0 days 00:01:15.253000,6.0,1.0,,,0 days 00:00:26.244000,0 days 00:00:25.868000,0 days 00:00:23.141000,0 days 00:23:31.988000,0 days 00:23:57.856000,0 days 00:24:20.997000,273.0,279.0,296.0,305.0,True,HARD,6.0,True,Red Bull Racing,0 days 00:23:05.744000,,1,,False,,False,True
2021-13,FP1,0 days 00:25:47.815000,PER,11,0 days 00:01:26.818000,7.0,1.0,,,0 days 00:00:29.137000,0 days 00:00:31.004000,0 days 00:00:26.677000,0 days 00:24:50.134000,0 days 00:25:21.138000,0 days 00:25:47.815000,252.0,150.0,298.0,258.0,False,HARD,7.0,True,Red Bull Racing,0 days 00:24:20.997000,,1,,False,,False,True
2021-13,FP1,0 days 00:27:02.743000,PER,11,0 days 00:01:14.928000,8.0,1.0,,,0 days 00:00:26.171000,0 days 00:00:25.705000,0 days 00:00:23.052000,0 days 00:26:13.986000,0 days 00:26:39.691000,0 days 00:27:02.743000,271.0,280.0,296.0,306.0,True,HARD,8.0,True,Red Bull Racing,0 days 00:25:47.815000,,1,,False,,False,True
2021-13,FP1,0 days 00:28:32.824000,PER,11,0 days 00:01:30.081000,9.0,1.0,,,0 days 00:00:30.506000,0 days 00:00:31.035000,0 days 00:00:28.540000,0 days 00:27:33.249000,0 days 00:28:04.284000,0 days 00:28:32.824000,236.0,253.0,298.0,275.0,False,HARD,9.0,True,Red Bull Racing,0 days 00:27:02.743000,,1,,False,,False,True
2021-13,FP1,0 days 00:29:47.211000,PER,11,0 days 00:01:14.387000,10.0,1.0,,,0 days 00:00:26.036000,0 days 00:00:25.452000,0 days 00:00:22.899000,0 days 00:28:58.860000,0 days 00:29:24.312000,0 days 00:29:47.211000,273.0,279.0,299.0,305.0,True,HARD,10.0,True,Red Bull Racing,0 days 00:28:32.824000,,1,,False,,False,True
2021-13,FP1,0 days 00:31:20.216000,PER,11,0 days 00:01:33.005000,11.0,1.0,,,0 days 00:00:32.811000,0 days 00:00:31.684000,0 days 00:00:28.510000,0 days 00:30:20.022000,0 days 00:30:51.706000,0 days 00:31:20.216000,222.0,226.0,282.0,285.0,False,HARD,11.0,True,Red Bull Racing,0 days 00:29:47.211000,,12,,False,,False,True
2021-13,FP1,0 days 01:10:00.509000,PER,11,,12.0,1.0,,0 days 00:32:49.186000,0 days 00:00:29.323000,0 days 00:00:25.444000,,0 days 00:31:49.540000,0 days 00:32:15.003000,,270.0,279.0,,229.0,False,HARD,12.0,True,Red Bull Racing,0 days 00:31:20.216000,,251,,False,,False,False
2021-13,FP1,0 days 01:11:48.312000,PER,11,,13.0,2.0,0 days 01:10:00.509000,,,0 days 00:00:30.647000,0 days 00:00:34.291000,,0 days 01:11:14.045000,0 days 01:11:49.292000,263.0,227.0,294.0,229.0,False,SOFT,1.0,True,Red Bull Racing,0 days 01:10:00.509000,,12,,False,,False,False
2021-13,FP1,0 days 01:13:01.640000,PER,11,0 days 00:01:13.328000,14.0,2.0,,,0 days 00:00:25.848000,0 days 00:00:24.938000,0 days 00:00:22.542000,0 days 01:12:14.160000,0 days 01:12:39.098000,0 days 01:13:01.640000,272.0,280.0,295.0,303.0,True,SOFT,2.0,True,Red Bull Racing,0 days 01:11:48.312000,,12,,False,,False,True
2021-13,FP1,0 days 01:14:41.557000,PER,11,0 days 00:01:39.917000,15.0,2.0,,,0 days 00:00:29.907000,0 days 00:00:32.937000,0 days 00:00:37.073000,0 days 01:13:31.547000,0 days 01:14:04.484000,0 days 01:14:41.557000,232.0,216.0,280.0,269.0,False,SOFT,3.0,True,Red Bull Racing,0 days 01:13:01.640000,,1,,False,,False,True
2021-13,FP1,0 days 01:16:18.225000,PER,11,0 days 00:01:36.668000,16.0,2.0,,,0 days 00:00:27.484000,0 days 00:00:37.192000,0 days 00:00:31.992000,0 days 01:15:09.041000,0 days 01:15:46.233000,0 days 01:16:18.225000,220.0,141.0,259.0,267.0,False,SOFT,4.0,True,Red Bull Racing,0 days 01:14:41.557000,,12,,False,,False,True
2021-13,FP1,0 days 01:18:46.565000,PER,11,0 days 00:02:28.340000,17.0,2.0,,,0 days 00:00:33.827000,0 days 00:00:32.709000,0 days 00:01:21.804000,0 days 01:16:52.052000,0 days 01:17:24.761000,0 days 01:18:46.565000,232.0,216.0,71.0,225.0,False,SOFT,5.0,True,Red Bull Racing,0 days 01:16:18.225000,,1,,False,,False,True
2021-13,FP1,0 days 01:20:33.318000,PER,11,0 days 00:01:46.753000,18.0,2.0,,0 days 01:20:33.254000,0 days 00:00:38.431000,0 days 00:00:36.773000,0 days 00:00:31.549000,0 days 01:19:24.996000,0 days 01:20:01.769000,0 days 01:20:33.318000,205.0,202.0,,193.0,False,SOFT,6.0,True,Red Bull Racing,0 days 01:18:46.565000,,1,,False,,False,False
2021-13,FP1,0 days 00:17:37.471000,ALO,14,,1.0,1.0,0 days 00:15:55.712000,,,0 days 00:00:33.687000,0 days 00:00:31.468000,,0 days 00:17:06.073000,0 days 00:17:37.608000,244.0,258.0,299.0,,False,MEDIUM,1.0,True,Alpine,0 days 00:15:55.712000,,12,,False,,False,False
2021-13,FP1,0 days 00:18:53.062000,ALO,14,0 days 00:01:15.591000,2.0,1.0,,,0 days 00:00:26.358000,0 days 00:00:26.426000,0 days 00:00:22.807000,0 days 00:18:03.829000,0 days 00:18:30.255000,0 days 00:18:53.062000,271.0,280.0,304.0,304.0,True,MEDIUM,2.0,True,Alpine,0 days 00:17:37.471000,,1,,False,,False,True
2021-13,FP1,0 days 00:20:19.437000,ALO,14,0 days 00:01:26.375000,3.0,1.0,,0 days 00:20:18.147000,0 days 00:00:26.033000,0 days 00:00:26.306000,0 days 00:00:34.036000,0 days 00:19:19.095000,0 days 00:19:45.401000,0 days 00:20:19.437000,273.0,206.0,,310.0,False,MEDIUM,3.0,True,Alpine,0 days 00:18:53.062000,,12,,False,,False,False
2021-13,FP1,0 days 00:22:00.639000,ALO,14,0 days 00:01:41.202000,4.0,2.0,0 days 00:20:43.046000,,0 days 00:00:49.878000,0 days 00:00:27.126000,0 days 00:00:24.198000,0 days 00:21:09.315000,0 days 00:21:36.441000,0 days 00:22:00.639000,262.0,276.0,314.0,310.0,False,MEDIUM,4.0,False,Alpine,0 days 00:20:19.437000,,1,,False,,False,False
2021-13,FP1,0 days 00:23:20.499000,ALO,14,0 days 00:01:19.860000,5.0,2.0,,,0 days 00:00:26.841000,0 days 00:00:28.533000,0 days 00:00:24.486000,0 days 00:22:27.480000,0 days 00:22:56.013000,0 days 00:23:20.499000,266.0,270.0,300.0,296.0,False,MEDIUM,5.0,False,Alpine,0 days 00:22:00.639000,,1,,False,,False,True
2021-13,FP1,0 days 00:24:34.230000,ALO,14,0 days 00:01:13.731000,6.0,2.0,,,0 days 00:00:25.655000,0 days 00:00:25.539000,0 days 00:00:22.537000,0 days 00:23:46.154000,0 days 00:24:11.693000,0 days 00:24:34.230000,276.0,280.0,303.0,306.0,True,MEDIUM,6.0,False,Alpine,0 days 00:23:20.499000,,1,,False,,False,True
2021-13,FP1,0 days 00:25:52.587000,ALO,14,0 days 00:01:18.357000,7.0,2.0,,,0 days 00:00:25.406000,0 days 00:00:25.585000,0 days 00:00:27.366000,0 days 00:24:59.636000,0 days 00:25:25.221000,0 days 00:25:52.587000,275.0,278.0,301.0,307.0,False,MEDIUM,7.0,False,Alpine,0 days 00:24:34.230000,,1,,False,,False,True
2021-13,FP1,0 days 00:27:05.912000,ALO,14,0 days 00:01:13.325000,8.0,2.0,,,0 days 00:00:25.400000,0 days 00:00:25.462000,0 days 00:00:22.463000,0 days 00:26:17.987000,0 days 00:26:43.449000,0 days 00:27:05.912000,273.0,279.0,308.0,304.0,True,MEDIUM,8.0,False,Alpine,0 days 00:25:52.587000,,1,,False,,False,True
2021-13,FP1,0 days 00:28:36.568000,ALO,14,0 days 00:01:30.656000,9.0,2.0,,,0 days 00:00:36.273000,0 days 00:00:29.253000,0 days 00:00:25.130000,0 days 00:27:42.185000,0 days 00:28:11.438000,0 days 00:28:36.568000,124.0,270.0,302.0,270.0,False,MEDIUM,9.0,False,Alpine,0 days 00:27:05.912000,,1,,False,,False,True
2021-13,FP1,0 days 00:29:49.478000,ALO,14,0 days 00:01:12.910000,10.0,2.0,,,0 days 00:00:25.410000,0 days 00:00:25.189000,0 days 00:00:22.311000,0 days 00:29:01.978000,0 days 00:29:27.167000,0 days 00:29:49.478000,275.0,283.0,304.0,311.0,True,MEDIUM,10.0,False,Alpine,0 days 00:28:36.568000,,1,,False,,False,True
2021-13,FP1,0 days 00:31:28.598000,ALO,14,0 days 00:01:39.120000,11.0,2.0,,,0 days 00:00:32.020000,0 days 00:00:37.826000,0 days 00:00:29.274000,0 days 00:30:21.498000,0 days 00:30:59.324000,0 days 00:31:28.598000,232.0,254.0,250.0,315.0,False,MEDIUM,11.0,False,Alpine,0 days 00:29:49.478000,,12,,False,,False,True
2021-13,FP1,0 days 01:10:22.626000,ALO,14,,12.0,2.0,,0 days 00:33:25.736000,0 days 00:00:34.146000,,,0 days 00:32:02.756000,,,222.0,,,187.0,False,MEDIUM,12.0,False,Alpine,0 days 00:31:28.598000,,251,,False,,False,False
2021-13,FP1,0 days 01:12:08.295000,ALO,14,,13.0,3.0,0 days 01:10:22.626000,,,0 days 00:00:30.087000,0 days 00:00:31.485000,,0 days 01:11:37.478000,0 days 01:12:08.784000,255.0,264.0,301.0,187.0,False,SOFT,1.0,True,Alpine,0 days 01:10:22.626000,,1,,False,,False,False
2021-13,FP1,0 days 01:13:20.453000,ALO,14,0 days 00:01:12.158000,14.0,3.0,,,0 days 00:00:25.299000,0 days 00:00:24.575000,0 days 00:00:22.284000,0 days 01:12:33.594000,0 days 01:12:58.169000,0 days 01:13:20.453000,274.0,283.0,299.0,313.0,True,SOFT,2.0,True,Alpine,0 days 01:12:08.295000,,12,,False,,False,True
2021-13,FP1,0 days 01:14:55.054000,ALO,14,0 days 00:01:34.601000,15.0,3.0,,,0 days 00:00:31.273000,0 days 00:00:33.991000,0 days 00:00:29.337000,0 days 01:13:51.726000,0 days 01:14:25.717000,0 days 01:14:55.054000,169.0,266.0,301.0,294.0,False,SOFT,3.0,True,Alpine,0 days 01:13:20.453000,,1,,False,,False,True
2021-13,FP1,0 days 01:16:07.617000,ALO,14,0 days 00:01:12.563000,16.0,3.0,,,0 days 00:00:25.162000,0 days 00:00:24.866000,0 days 00:00:22.535000,0 days 01:15:20.216000,0 days 01:15:45.082000,0 days 01:16:07.617000,275.0,282.0,276.0,313.0,False,SOFT,4.0,True,Alpine,0 days 01:14:55.054000,,12,,False,,False,True
2021-13,FP1,0 days 01:18:01.451000,ALO,14,0 days 00:01:53.834000,17.0,3.0,,,0 days 00:00:33.485000,0 days 00:00:33.418000,0 days 00:00:46.931000,0 days 01:16:41.102000,0 days 01:17:14.520000,0 days 01:18:01.451000,216.0,163.0,69.0,202.0,False,SOFT,5.0,True,Alpine,0 days 01:16:07.617000,,1,,False,,False,True
2021-13,FP1,0 days 01:19:50.915000,ALO,14,0 days 00:01:49.464000,18.0,3.0,,0 days 01:19:50.972000,0 days 00:00:46.539000,0 days 00:00:25.711000,0 days 00:00:37.214000,0 days 01:18:47.990000,0 days 01:19:13.701000,0 days 01:19:50.915000,272.0,274.0,,222.0,False,SOFT,6.0,True,Alpine,0 days 01:18:01.451000,,1,,False,,False,False
2021-13,FP1,0 days 00:16:44.208000,LEC,16,,1.0,1.0,0 days 00:15:08.215000,,,0 days 00:00:33.172000,0 days 00:00:27.484000,,0 days 00:16:16.758000,0 days 00:16:44.453000,192.0,200.0,287.0,,False,HARD,1.0,True,Ferrari,0 days 00:15:08.215000,,12,,False,,False,False
2021-13,FP1,0 days 00:18:02.127000,LEC,16,0 days 00:01:17.919000,2.0,1.0,,,0 days 00:00:27.074000,0 days 00:00:27.203000,0 days 00:00:23.642000,0 days 00:17:11.282000,0 days 00:17:38.485000,0 days 00:18:02.127000,270.0,278.0,303.0,278.0,True,HARD,2.0,True,Ferrari,0 days 00:16:44.208000,,21,,False,,False,True
2021-13,FP1,0 days 00:19:40.443000,LEC,16,0 days 00:01:38.316000,3.0,1.0,,,0 days 00:00:27.431000,0 days 00:00:32.908000,0 days 00:00:37.977000,0 days 00:18:29.558000,0 days 00:19:02.466000,0 days 00:19:40.443000,241.0,78.0,292.0,292.0,False,HARD,3.0,True,Ferrari,0 days 00:18:02.127000,,12,,False,,False,True
2021-13,FP1,0 days 00:20:55.119000,LEC,16,0 days 00:01:14.676000,4.0,1.0,,,0 days 00:00:26.134000,0 days 00:00:25.558000,0 days 00:00:22.984000,0 days 00:20:06.577000,0 days 00:20:32.135000,0 days 00:20:55.119000,271.0,280.0,301.0,295.0,True,HARD,4.0,True,Ferrari,0 days 00:19:40.443000,,21,,False,,False,True
2021-13,FP1,0 days 00:22:09.962000,LEC,16,0 days 00:01:14.843000,5.0,1.0,,,0 days 00:00:25.951000,0 days 00:00:25.595000,0 days 00:00:23.297000,0 days 00:21:21.070000,0 days 00:21:46.665000,0 days 00:22:09.962000,276.0,282.0,301.0,312.0,False,HARD,5.0,True,Ferrari,0 days 00:20:55.119000,,1,,False,,False,True
2021-13,FP1,0 days 00:23:47.779000,LEC,16,0 days 00:01:37.817000,6.0,1.0,,,0 days 00:00:33.563000,0 days 00:00:37.009000,0 days 00:00:27.245000,0 days 00:22:43.525000,0 days 00:23:20.534000,0 days 00:23:47.779000,172.0,235.0,294.0,258.0,False,HARD,6.0,True,Ferrari,0 days 00:22:09.962000,,1,,False,,False,True
2021-13,FP1,0 days 00:25:01.912000,LEC,16,0 days 00:01:14.133000,7.0,1.0,,,0 days 00:00:25.995000,0 days 00:00:25.450000,0 days 00:00:22.688000,0 days 00:24:13.774000,0 days 00:24:39.224000,0 days 00:25:01.912000,272.0,278.0,295.0,299.0,True,HARD,7.0,True,Ferrari,0 days 00:23:47.779000,,1,,False,,False,True
2021-13,FP1,0 days 00:26:15.469000,LEC,16,0 days 00:01:13.557000,8.0,1.0,,,0 days 00:00:25.613000,0 days 00:00:25.383000,0 days 00:00:22.561000,0 days 00:25:27.525000,0 days 00:25:52.908000,0 days 00:26:15.469000,274.0,279.0,298.0,303.0,True,HARD,8.0,True,Ferrari,0 days 00:25:01.912000,,1,,False,,False,True
2021-13,FP1,0 days 00:27:51.983000,LEC,16,0 days 00:01:36.514000,9.0,1.0,,,0 days 00:00:25.786000,0 days 00:00:32.757000,0 days 00:00:37.971000,0 days 00:26:41.255000,0 days 00:27:14.012000,0 days 00:27:51.983000,277.0,101.0,295.0,304.0,False,HARD,9.0,True,Ferrari,0 days 00:26:15.469000,,1,,False,,False,True
2021-13,FP1,0 days 00:29:05.667000,LEC,16,0 days 00:01:13.684000,10.0,1.0,,,0 days 00:00:25.818000,0 days 00:00:25.256000,0 days 00:00:22.610000,0 days 00:28:17.801000,0 days 00:28:43.057000,0 days 00:29:05.667000,273.0,280.0,295.0,300.0,False,HARD,10.0,True,Ferrari,0 days 00:27:51.983000,,1,,False,,False,True
2021-13,FP1,0 days 00:30:18.911000,LEC,16,0 days 00:01:13.244000,11.0,1.0,,,0 days 00:00:25.572000,0 days 00:00:25.244000,0 days 00:00:22.428000,0 days 00:29:31.239000,0 days 00:29:56.483000,0 days 00:30:18.911000,273.0,280.0,297.0,300.0,True,HARD,11.0,True,Ferrari,0 days 00:29:05.667000,,1,,False,,False,True
2021-13,FP1,0 days 00:31:49.140000,LEC,16,0 days 00:01:30.229000,12.0,1.0,0 days 00:32:24.631000,0 days 00:34:13.998000,0 days 00:00:27.821000,0 days 00:00:28.206000,0 days 00:00:34.202000,0 days 00:30:46.732000,0 days 00:31:14.938000,0 days 00:31:49.140000,239.0,199.0,,302.0,False,HARD,12.0,True,Ferrari,0 days 00:30:18.911000,,12,,False,,False,False
2021-13,FP1,0 days 01:11:10.370000,LEC,16,,13.0,2.0,0 days 01:09:13.979000,,,0 days 00:00:32.797000,0 days 00:00:39.033000,,0 days 01:10:32.405000,0 days 01:11:12.454000,134.0,272.0,295.0,302.0,False,SOFT,1.0,True,Ferrari,0 days 01:09:13.979000,,12,,False,,False,False
2021-13,FP1,0 days 01:12:22.658000,LEC,16,0 days 00:01:12.288000,14.0,2.0,,,0 days 00:00:25.643000,0 days 00:00:24.547000,0 days 00:00:22.098000,0 days 01:11:36.013000,0 days 01:12:00.560000,0 days 01:12:22.658000,273.0,280.0,311.0,300.0,True,SOFT,2.0,True,Ferrari,0 days 01:11:10.370000,,1,,False,,False,True
2021-13,FP1,0 days 01:14:13.347000,LEC,16,0 days 00:01:50.689000,15.0,2.0,,,0 days 00:00:42.581000,0 days 00:00:38.254000,0 days 00:00:29.854000,0 days 01:13:05.239000,0 days 01:13:43.493000,0 days 01:14:13.347000,194.0,197.0,295.0,133.0,False,SOFT,3.0,True,Ferrari,0 days 01:12:22.658000,,12,,False,,False,True
2021-13,FP1,0 days 01:15:24.970000,LEC,16,0 days 00:01:11.623000,16.0,2.0,,,0 days 00:00:25.082000,0 days 00:00:24.477000,0 days 00:00:22.064000,0 days 01:14:38.429000,0 days 01:15:02.906000,0 days 01:15:24.970000,272.0,281.0,296.0,302.0,True,SOFT,4.0,True,Ferrari,0 days 01:14:13.347000,,1,,False,,False,True
2021-13,FP1,0 days 01:17:21.267000,LEC,16,0 days 00:01:56.297000,17.0,2.0,,,0 days 00:00:29.121000,0 days 00:00:26.029000,0 days 00:01:01.147000,0 days 01:15:54.091000,0 days 01:16:20.120000,0 days 01:17:21.267000,272.0,204.0,58.0,230.0,False,SOFT,5.0,True,Ferrari,0 days 01:15:24.970000,,12,,False,,False,True
2021-13,FP1,0 days 01:19:07.678000,LEC,16,0 days 00:01:46.411000,18.0,2.0,,0 days 01:19:06.396000,0 days 00:00:50.697000,0 days 00:00:25.520000,0 days 00:00:30.194000,0 days 01:18:11.964000,0 days 01:18:37.484000,0 days 01:19:07.678000,270.0,279.0,,209.0,False,SOFT,6.0,True,Ferrari,0 days 01:17:21.267000,,1,,False,,False,False
2021-13,FP1,0 days 00:17:47.660000,STR,18,,1.0,1.0,0 days 00:16:00.429000,,,0 days 00:00:30.585000,0 days 00:00:33.775000,,0 days 00:17:13.901000,0 days 00:17:47.738000,258.0,269.0,294.0,,False,HARD,1.0,True,Aston Martin,0 days 00:16:00.429000,,12,,False,,False,False
2021-13,FP1,0 days 00:19:03.805000,STR,18,0 days 00:01:16.145000,2.0,1.0,,,0 days 00:00:26.740000,0 days 00:00:26.126000,0 days 00:00:23.279000,0 days 00:18:14.400000,0 days 00:18:40.526000,0 days 00:19:03.805000,271.0,285.0,301.0,304.0,True,HARD,2.0,True,Aston Martin,0 days 00:17:47.660000,,1,,False,,False,True
2021-13,FP1,0 days 00:20:24.286000,STR,18,0 days 00:01:20.481000,3.0,1.0,,,0 days 00:00:27.987000,0 days 00:00:27.382000,0 days 00:00:25.112000,0 days 00:19:31.792000,0 days 00:19:59.174000,0 days 00:20:24.286000,256.0,281.0,298.0,284.0,False,HARD,3.0,True,Aston Martin,0 days 00:19:03.805000,,12,,False,,False,True
2021-13,FP1,0 days 00:21:43.820000,STR,18,0 days 00:01:19.534000,4.0,1.0,,,0 days 00:00:27.220000,0 days 00:00:27.213000,0 days 00:00:25.101000,0 days 00:20:51.506000,0 days 00:21:18.719000,0 days 00:21:43.820000,271.0,280.0,297.0,312.0,False,HARD,4.0,True,Aston Martin,0 days 00:20:24.286000,,1,,False,,False,True
2021-13,FP1,0 days 00:22:57.912000,STR,18,0 days 00:01:14.092000,5.0,1.0,,,0 days 00:00:25.676000,0 days 00:00:25.740000,0 days 00:00:22.676000,0 days 00:22:09.496000,0 days 00:22:35.236000,0 days 00:22:57.912000,267.0,279.0,305.0,307.0,True,HARD,5.0,True,Aston Martin,0 days 00:21:43.820000,,1,,False,,False,True
2021-13,FP1,0 days 00:24:17.546000,STR,18,0 days 00:01:19.634000,6.0,1.0,,,0 days 00:00:27.690000,0 days 00:00:27.751000,0 days 00:00:24.193000,0 days 00:23:25.602000,0 days 00:23:53.353000,0 days 00:24:17.546000,268.0,268.0,299.0,257.0,False,HARD,6.0,True,Aston Martin,0 days 00:22:57.912000,,1,,False,,False,True
2021-13,FP1,0 days 00:25:30.769000,STR,18,0 days 00:01:13.223000,7.0,1.0,,,0 days 00:00:25.496000,0 days 00:00:25.192000,0 days 00:00:22.535000,0 days 00:24:43.042000,0 days 00:25:08.234000,0 days 00:25:30.769000,273.0,282.0,300.0,310.0,True,HARD,7.0,True,Aston Martin,0 days 00:24:17.546000,,1,,False,,False,True
2021-13,FP1,0 days 00:26:57.993000,STR,18,0 days 00:01:27.224000,8.0,1.0,,,0 days 00:00:28.173000,0 days 00:00:32.522000,0 days 00:00:26.529000,0 days 00:25:58.942000,0 days 00:26:31.464000,0 days 00:26:57.993000,252.0,233.0,297.0,276.0,False,HARD,8.0,True,Aston Martin,0 days 00:25:30.769000,,1,,False,,False,True
2021-13,FP1,0 days 00:28:10.942000,STR,18,0 days 00:01:12.949000,9.0,1.0,,,0 days 00:00:25.454000,0 days 00:00:24.986000,0 days 00:00:22.509000,0 days 00:27:23.447000,0 days 00:27:48.433000,0 days 00:28:10.942000,272.0,283.0,297.0,306.0,True,HARD,9.0,True,Aston Martin,0 days 00:26:57.993000,,1,,False,,False,True
2021-13,FP1,0 days 00:29:38.097000,STR,18,0 days 00:01:27.155000,10.0,1.0,,,0 days 00:00:29.533000,0 days 00:00:31.803000,0 days 00:00:25.819000,0 days 00:28:40.475000,0 days 00:29:12.278000,0 days 00:29:38.097000,187.0,265.0,297.0,267.0,False,HARD,10.0,True,Aston Martin,0 days 00:28:10.942000,,1,,False,,False,True
2021-13,FP1,0 days 00:30:51.189000,STR,18,0 days 00:01:13.092000,11.0,1.0,,,0 days 00:00:25.453000,0 days 00:00:24.754000,0 days 00:00:22.885000,0 days 00:30:03.550000,0 days 00:30:28.304000,0 days 00:30:51.189000,273.0,283.0,297.0,306.0,False,HARD,11.0,True,Aston Martin,0 days 00:29:38.097000,,1,,False,,False,True
2021-13,FP1,0 days 01:10:05.486000,STR,18,,12.0,1.0,,0 days 00:32:29.765000,0 days 00:00:31.269000,0 days 00:00:34.722000,,0 days 00:31:23.194000,0 days 00:31:57.202000,,166.0,227.0,,262.0,False,HARD,12.0,True,Aston Martin,0 days 00:30:51.189000,,125,,False,,False,False
2021-13,FP1,0 days 01:11:54.035000,STR,18,,13.0,2.0,0 days 01:10:05.486000,,,0 days 00:00:26.987000,0 days 00:00:37.972000,,0 days 01:11:16.895000,0 days 01:11:54.155000,256.0,266.0,296.0,262.0,False,SOFT,1.0,True,Aston Martin,0 days 01:10:05.486000,,12,,False,,False,False
2021-13,FP1,0 days 01:13:06.603000,STR,18,0 days 00:01:12.568000,14.0,2.0,,,0 days 00:00:25.307000,0 days 00:00:24.471000,0 days 00:00:22.790000,0 days 01:12:19.342000,0 days 01:12:43.813000,0 days 01:13:06.603000,272.0,283.0,298.0,307.0,True,SOFT,2.0,True,Aston Martin,0 days 01:11:54.035000,,12,,False,,False,True
2021-13,FP1,0 days 01:14:52.309000,STR,18,0 days 00:01:45.706000,15.0,2.0,,,0 days 00:00:35.667000,0 days 00:00:35.094000,0 days 00:00:34.945000,0 days 01:13:42.270000,0 days 01:14:17.364000,0 days 01:14:52.309000,188.0,205.0,303.0,242.0,False,SOFT,3.0,True,Aston Martin,0 days 01:13:06.603000,,1,,False,,False,True
2021-13,FP1,0 days 01:16:04.740000,STR,18,0 days 00:01:12.431000,16.0,2.0,,,0 days 00:00:25.206000,0 days 00:00:24.533000,0 days 00:00:22.692000,0 days 01:15:17.515000,0 days 01:15:42.048000,0 days 01:16:04.740000,270.0,282.0,298.0,314.0,True,SOFT,4.0,True,Aston Martin,0 days 01:14:52.309000,,12,,False,,False,True
2021-13,FP1,0 days 01:18:21.184000,STR,18,0 days 00:02:16.444000,17.0,2.0,,,0 days 00:00:31.202000,0 days 00:00:36.174000,0 days 00:01:09.068000,0 days 01:16:35.942000,0 days 01:17:12.116000,0 days 01:18:21.184000,189.0,194.0,5.0,243.0,False,SOFT,5.0,True,Aston Martin,0 days 01:16:04.740000,,1,,False,,False,True
2021-13,FP1,0 days 01:19:54.911000,STR,18,0 days 00:01:33.727000,18.0,2.0,,0 days 01:19:53.145000,0 days 00:00:31.439000,0 days 00:00:27.040000,0 days 00:00:35.248000,0 days 01:18:52.623000,0 days 01:19:19.663000,0 days 01:19:54.911000,253.0,242.0,,212.0,False,SOFT,6.0,True,Aston Martin,0 days 01:18:21.184000,,1,,False,,False,False
2021-13,FP1,0 days 00:17:36.509000,TSU,22,,1.0,1.0,0 days 00:15:17.617000,,,0 days 00:00:59.095000,0 days 00:00:34.133000,,0 days 00:17:02.412000,0 days 00:17:36.601000,142.0,199.0,266.0,,False,HARD,1.0,True,AlphaTauri,0 days 00:15:17.617000,,12,,False,,False,False
2021-13,FP1,0 days 00:19:36.893000,TSU,22,0 days 00:02:00.384000,2.0,1.0,,0 days 00:19:36.221000,0 days 00:00:39.227000,0 days 00:00:41.313000,0 days 00:00:39.844000,0 days 00:18:15.736000,0 days 00:18:57.049000,0 days 00:19:36.893000,139.0,193.0,,134.0,False,HARD,2.0,True,AlphaTauri,0 days 00:17:36.509000,,1,,False,,False,False
2021-13,FP1,0 days 00:22:18.588000,TSU,22,,3.0,2.0,0 days 00:20:17.060000,0 days 00:22:16.968000,0 days 00:01:19.608000,0 days 00:00:40.429000,0 days 00:00:41.675000,0 days 00:20:56.484000,0 days 00:21:36.931000,0 days 00:22:20.154000,195.0,198.0,,134.0,False,HARD,3.0,False,AlphaTauri,0 days 00:19:36.893000,,12,,False,,False,False
2021-13,FP1,0 days 00:18:07.627000,OCO,31,,1.0,1.0,0 days 00:16:26.796000,,,0 days 00:00:30.528000,0 days 00:00:32.443000,,0 days 00:17:35.234000,0 days 00:18:07.743000,233.0,256.0,295.0,,False,HARD,1.0,True,Alpine,0 days 00:16:26.796000,,12,,False,,False,False
2021-13,FP1,0 days 00:20:09.636000,OCO,31,0 days 00:02:02.009000,2.0,1.0,,,0 days 00:00:27.197000,0 days 00:00:26.568000,0 days 00:01:08.244000,0 days 00:18:34.824000,0 days 00:19:01.392000,0 days 00:20:09.636000,270.0,283.0,294.0,278.0,True,HARD,2.0,True,Alpine,0 days 00:18:07.627000,,12,,False,,False,True
2021-13,FP1,0 days 00:21:25.310000,OCO,31,0 days 00:01:15.674000,3.0,1.0,,,0 days 00:00:26.551000,0 days 00:00:25.824000,0 days 00:00:23.299000,0 days 00:20:36.187000,0 days 00:21:02.011000,0 days 00:21:25.310000,268.0,277.0,303.0,291.0,True,HARD,3.0,True,Alpine,0 days 00:20:09.636000,,1,,False,,False,True
2021-13,FP1,0 days 00:22:57.110000,OCO,31,0 days 00:01:31.800000,4.0,1.0,,,0 days 00:00:32.211000,0 days 00:00:33.239000,0 days 00:00:26.350000,0 days 00:21:57.521000,0 days 00:22:30.760000,0 days 00:22:57.110000,185.0,241.0,296.0,303.0,False,HARD,4.0,True,Alpine,0 days 00:21:25.310000,,1,,False,,False,True
2021-13,FP1,0 days 00:24:11.343000,OCO,31,0 days 00:01:14.233000,5.0,1.0,,,0 days 00:00:25.997000,0 days 00:00:25.347000,0 days 00:00:22.889000,0 days 00:23:23.107000,0 days 00:23:48.454000,0 days 00:24:11.343000,271.0,280.0,298.0,306.0,True,HARD,5.0,True,Alpine,0 days 00:22:57.110000,,1,,False,,False,True
2021-13,FP1,0 days 00:25:59.222000,OCO,31,0 days 00:01:47.879000,6.0,1.0,,,0 days 00:00:33.625000,0 days 00:00:41.103000,0 days 00:00:33.151000,0 days 00:24:44.968000,0 days 00:25:26.071000,0 days 00:25:59.222000,190.0,122.0,303.0,281.0,False,HARD,6.0,True,Alpine,0 days 00:24:11.343000,,1,,False,,False,True
2021-13,FP1,0 days 00:27:15.967000,OCO,31,0 days 00:01:16.745000,7.0,1.0,,,0 days 00:00:25.963000,0 days 00:00:26.833000,0 days 00:00:23.949000,0 days 00:26:25.185000,0 days 00:26:52.018000,0 days 00:27:15.967000,273.0,277.0,295.0,314.0,False,HARD,7.0,True,Alpine,0 days 00:25:59.222000,,1,,False,,False,True
2021-13,FP1,0 days 00:28:29.615000,OCO,31,0 days 00:01:13.648000,8.0,1.0,,,0 days 00:00:25.755000,0 days 00:00:25.256000,0 days 00:00:22.637000,0 days 00:27:41.722000,0 days 00:28:06.978000,0 days 00:28:29.615000,272.0,282.0,299.0,304.0,True,HARD,8.0,True,Alpine,0 days 00:27:15.967000,,1,,False,,False,True
2021-13,FP1,0 days 00:30:03.658000,OCO,31,0 days 00:01:34.043000,9.0,1.0,,,0 days 00:00:36.291000,0 days 00:00:33.376000,0 days 00:00:24.376000,0 days 00:29:05.906000,0 days 00:29:39.282000,0 days 00:30:03.658000,185.0,260.0,295.0,263.0,False,HARD,9.0,True,Alpine,0 days 00:28:29.615000,,1,,False,,False,True
2021-13,FP1,0 days 00:31:17.145000,OCO,31,0 days 00:01:13.487000,10.0,1.0,,,0 days 00:00:25.633000,0 days 00:00:25.046000,0 days 00:00:22.808000,0 days 00:30:29.291000,0 days 00:30:54.337000,0 days 00:31:17.145000,271.0,283.0,280.0,304.0,True,HARD,10.0,True,Alpine,0 days 00:30:03.658000,,12,,False,,False,True
2021-13,FP1,0 days 01:09:35.245000,OCO,31,,11.0,1.0,,0 days 00:33:12.516000,0 days 00:00:36.310000,,,0 days 00:31:53.463000,,,152.0,,,209.0,False,HARD,11.0,True,Alpine,0 days 00:31:17.145000,,251,,False,,False,False
2021-13,FP1,0 days 01:11:38.350000,OCO,31,,12.0,2.0,0 days 01:09:35.245000,,,0 days 00:00:29.345000,0 days 00:00:39.638000,,0 days 01:10:58.735000,0 days 01:11:38.472000,242.0,261.0,294.0,209.0,False,SOFT,1.0,True,Alpine,0 days 01:09:35.245000,,12,,False,,False,False
2021-13,FP1,0 days 01:12:51.325000,OCO,31,0 days 00:01:12.975000,13.0,2.0,,,0 days 00:00:25.528000,0 days 00:00:24.909000,0 days 00:00:22.538000,0 days 01:12:03.878000,0 days 01:12:28.787000,0 days 01:12:51.325000,270.0,281.0,295.0,303.0,True,SOFT,2.0,True,Alpine,0 days 01:11:38.350000,,12,,False,,False,True
2021-13,FP1,0 days 01:14:37.588000,OCO,31,0 days 00:01:46.263000,14.0,2.0,,,0 days 00:00:34.825000,0 days 00:00:36.644000,0 days 00:00:34.794000,0 days 01:13:26.150000,0 days 01:14:02.794000,0 days 01:14:37.588000,150.0,246.0,294.0,287.0,False,SOFT,3.0,True,Alpine,0 days 01:12:51.325000,,1,,False,,False,True
2021-13,FP1,0 days 01:15:49.819000,OCO,31,0 days 00:01:12.231000,15.0,2.0,,,0 days 00:00:25.315000,0 days 00:00:24.558000,0 days 00:00:22.358000,0 days 01:15:02.903000,0 days 01:15:27.461000,0 days 01:15:49.819000,269.0,280.0,294.0,303.0,True,SOFT,4.0,True,Alpine,0 days 01:14:37.588000,,12,,False,,False,True
2021-13,FP1,0 days 01:18:00.107000,OCO,31,0 days 00:02:10.288000,16.0,2.0,,,0 days 00:00:35.196000,0 days 00:00:42.141000,0 days 00:00:52.951000,0 days 01:16:25.015000,0 days 01:17:07.156000,0 days 01:18:00.107000,190.0,167.0,41.0,267.0,False,SOFT,5.0,True,Alpine,0 days 01:15:49.819000,,21,,False,,False,True
2021-13,FP1,0 days 01:19:39.250000,OCO,31,0 days 00:01:39.143000,17.0,2.0,,0 days 01:19:37.638000,0 days 00:00:40.549000,0 days 00:00:27.538000,0 days 00:00:31.056000,0 days 01:18:40.656000,0 days 01:19:08.194000,0 days 01:19:39.250000,271.0,269.0,,230.0,False,SOFT,6.0,True,Alpine,0 days 01:18:00.107000,,1,,False,,False,False
2021-13,FP1,0 days 00:17:31.509000,VER,33,,1.0,1.0,0 days 00:15:49.369000,,,0 days 00:00:32.664000,0 days 00:00:33.981000,,0 days 00:16:57.556000,0 days 00:17:32.781000,266.0,257.0,293.0,,False,HARD,1.0,True,Red Bull Racing,0 days 00:15:49.369000,,12,,False,,False,False
2021-13,FP1,0 days 00:18:51.609000,VER,33,0 days 00:01:20.100000,2.0,1.0,,,0 days 00:00:26.268000,0 days 00:00:26.028000,0 days 00:00:27.804000,0 days 00:17:57.777000,0 days 00:18:23.805000,0 days 00:18:51.609000,274.0,261.0,295.0,302.0,True,HARD,2.0,True,Red Bull Racing,0 days 00:17:31.509000,,1,,False,,False,True
2021-13,FP1,0 days 00:20:13.262000,VER,33,0 days 00:01:21.653000,3.0,1.0,,,0 days 00:00:25.765000,0 days 00:00:25.135000,0 days 00:00:30.753000,0 days 00:19:17.374000,0 days 00:19:42.509000,0 days 00:20:13.262000,275.0,268.0,296.0,305.0,False,HARD,3.0,True,Red Bull Racing,0 days 00:18:51.609000,,12,,False,,False,True
2021-13,FP1,0 days 00:21:26.307000,VER,33,0 days 00:01:13.045000,4.0,1.0,,,0 days 00:00:25.498000,0 days 00:00:24.921000,0 days 00:00:22.626000,0 days 00:20:38.760000,0 days 00:21:03.681000,0 days 00:21:26.307000,275.0,283.0,305.0,308.0,True,HARD,4.0,True,Red Bull Racing,0 days 00:20:13.262000,,1,,False,,False,True
2021-13,FP1,0 days 00:23:07.986000,VER,33,0 days 00:01:41.679000,5.0,1.0,,,0 days 00:00:35.314000,0 days 00:00:41.212000,0 days 00:00:25.153000,0 days 00:22:01.621000,0 days 00:22:42.833000,0 days 00:23:07.986000,195.0,192.0,299.0,263.0,False,HARD,5.0,True,Red Bull Racing,0 days 00:21:26.307000,,1,,False,,False,True
2021-13,FP1,0 days 00:24:31.478000,VER,33,0 days 00:01:23.492000,6.0,1.0,,,0 days 00:00:25.507000,0 days 00:00:32.374000,0 days 00:00:25.611000,0 days 00:23:33.493000,0 days 00:24:05.867000,0 days 00:24:31.478000,278.0,208.0,298.0,310.0,False,HARD,6.0,True,Red Bull Racing,0 days 00:23:07.986000,,1,,False,,False,True
2021-13,FP1,0 days 00:25:44.328000,VER,33,0 days 00:01:12.850000,7.0,1.0,,,0 days 00:00:25.437000,0 days 00:00:24.929000,0 days 00:00:22.484000,0 days 00:24:56.915000,0 days 00:25:21.844000,0 days 00:25:44.328000,275.0,281.0,297.0,309.0,True,HARD,7.0,True,Red Bull Racing,0 days 00:24:31.478000,,1,,False,,False,True
2021-13,FP1,0 days 00:27:32.563000,VER,33,0 days 00:01:48.235000,8.0,1.0,,,0 days 00:00:35.758000,0 days 00:00:40.257000,0 days 00:00:32.220000,0 days 00:26:20.086000,0 days 00:27:00.343000,0 days 00:27:32.563000,200.0,191.0,298.0,266.0,False,HARD,8.0,True,Red Bull Racing,0 days 00:25:44.328000,,1,,False,,False,True
2021-13,FP1,0 days 00:28:45.318000,VER,33,0 days 00:01:12.755000,9.0,1.0,,,0 days 00:00:25.457000,0 days 00:00:24.795000,0 days 00:00:22.503000,0 days 00:27:58.020000,0 days 00:28:22.815000,0 days 00:28:45.318000,274.0,281.0,300.0,305.0,True,HARD,9.0,True,Red Bull Racing,0 days 00:27:32.563000,,1,,False,,False,True
2021-13,FP1,0 days 00:30:30.775000,VER,33,0 days 00:01:45.457000,10.0,1.0,,,0 days 00:00:39.092000,0 days 00:00:37.800000,0 days 00:00:28.565000,0 days 00:29:24.410000,0 days 00:30:02.210000,0 days 00:30:30.775000,204.0,172.0,295.0,270.0,False,HARD,10.0,True,Red Bull Racing,0 days 00:28:45.318000,,1,,False,,False,True
2021-13,FP1,0 days 00:31:43.723000,VER,33,0 days 00:01:12.948000,11.0,1.0,,,0 days 00:00:25.556000,0 days 00:00:24.832000,0 days 00:00:22.560000,0 days 00:30:56.331000,0 days 00:31:21.163000,0 days 00:31:43.723000,273.0,281.0,280.0,304.0,False,HARD,11.0,True,Red Bull Racing,0 days 00:30:30.775000,,12,,False,,False,True
2021-13,FP1,0 days 01:10:45.099000,VER,33,,12.0,1.0,,0 days 00:33:28.537000,0 days 00:00:32.930000,,,0 days 00:32:16.654000,,,249.0,,,176.0,False,HARD,12.0,True,Red Bull Racing,0 days 00:31:43.723000,,251,,False,,False,False
2021-13,FP1,0 days 01:12:27.573000,VER,33,,13.0,2.0,0 days 01:10:45.099000,,,0 days 00:00:33.889000,0 days 00:00:31.276000,,0 days 01:11:56.315000,0 days 01:12:27.696000,262.0,253.0,295.0,176.0,False,SOFT,1.0,True,Red Bull Racing,0 days 01:10:45.099000,,1,,False,,False,False
2021-13,FP1,0 days 01:13:39.412000,VER,33,0 days 00:01:11.839000,14.0,2.0,,,0 days 00:00:25.151000,0 days 00:00:24.414000,0 days 00:00:22.274000,0 days 01:12:52.724000,0 days 01:13:17.138000,0 days 01:13:39.412000,273.0,280.0,298.0,305.0,True,SOFT,2.0,True,Red Bull Racing,0 days 01:12:27.573000,,12,,False,,False,True
2021-13,FP1,0 days 01:14:51.009000,VER,33,0 days 00:01:11.597000,15.0,2.0,,,0 days 00:00:25.108000,0 days 00:00:24.309000,0 days 00:00:22.180000,0 days 01:14:04.520000,0 days 01:14:28.829000,0 days 01:14:51.009000,276.0,280.0,299.0,308.0,True,SOFT,3.0,True,Red Bull Racing,0 days 01:13:39.412000,,1,,False,,False,True
2021-13,FP1,0 days 01:16:38.559000,VER,33,0 days 00:01:47.550000,16.0,2.0,,,0 days 00:00:33.962000,0 days 00:00:37.932000,0 days 00:00:35.656000,0 days 01:15:24.971000,0 days 01:16:02.903000,0 days 01:16:38.559000,186.0,154.0,192.0,253.0,False,SOFT,4.0,True,Red Bull Racing,0 days 01:14:51.009000,,12,,False,,False,True
2021-13,FP1,0 days 01:19:02.865000,VER,33,0 days 00:02:24.306000,17.0,2.0,,,0 days 00:00:49.909000,0 days 00:00:46.093000,0 days 00:00:48.304000,0 days 01:17:28.468000,0 days 01:18:14.561000,0 days 01:19:02.865000,122.0,151.0,72.0,145.0,False,SOFT,5.0,True,Red Bull Racing,0 days 01:16:38.559000,,1,,False,,False,True
2021-13,FP1,0 days 01:20:39.464000,VER,33,0 days 00:01:36.599000,18.0,2.0,,0 days 01:20:38.254000,0 days 00:00:42.963000,0 days 00:00:26.029000,0 days 00:00:27.607000,0 days 01:19:45.828000,0 days 01:20:11.857000,0 days 01:20:39.464000,249.0,249.0,,209.0,False,SOFT,6.0,True,Red Bull Racing,0 days 01:19:02.865000,,1,,False,,False,False
2021-13,FP1,0 days 00:17:28.128000,HAM,44,,1.0,1.0,0 days 00:15:46.984000,,,0 days 00:00:33.744000,0 days 00:00:26.814000,,0 days 00:17:01.354000,0 days 00:17:28.256000,202.0,232.0,293.0,,False,HARD,1.0,True,Mercedes,0 days 00:15:46.984000,,12,,False,,False,False
2021-13,FP1,0 days 00:18:46.172000,HAM,44,0 days 00:01:18.044000,2.0,1.0,,,0 days 00:00:27.727000,0 days 00:00:26.912000,0 days 00:00:23.405000,0 days 00:17:55.855000,0 days 00:18:22.767000,0 days 00:18:46.172000,265.0,281.0,296.0,290.0,True,HARD,2.0,True,Mercedes,0 days 00:17:28.128000,,1,,False,,False,True
2021-13,FP1,0 days 00:20:04.705000,HAM,44,0 days 00:01:18.533000,3.0,1.0,,,0 days 00:00:26.426000,0 days 00:00:26.043000,0 days 00:00:26.064000,0 days 00:19:12.598000,0 days 00:19:38.641000,0 days 00:20:04.705000,265.0,266.0,297.0,306.0,False,HARD,3.0,True,Mercedes,0 days 00:18:46.172000,,12,,False,,False,True
2021-13,FP1,0 days 00:21:24.141000,HAM,44,0 days 00:01:19.436000,4.0,1.0,,,0 days 00:00:25.923000,0 days 00:00:25.896000,0 days 00:00:27.617000,0 days 00:20:30.628000,0 days 00:20:56.524000,0 days 00:21:24.141000,271.0,244.0,298.0,308.0,False,HARD,4.0,True,Mercedes,0 days 00:20:04.705000,,1,,False,,False,True
2021-13,FP1,0 days 00:22:38.003000,HAM,44,0 days 00:01:13.862000,5.0,1.0,,,0 days 00:00:25.724000,0 days 00:00:25.416000,0 days 00:00:22.722000,0 days 00:21:49.865000,0 days 00:22:15.281000,0 days 00:22:38.003000,273.0,282.0,297.0,309.0,True,HARD,5.0,True,Mercedes,0 days 00:21:24.141000,,1,,False,,False,True
2021-13,FP1,0 days 00:23:55.226000,HAM,44,0 days 00:01:17.223000,6.0,1.0,,,0 days 00:00:25.777000,0 days 00:00:26.332000,0 days 00:00:25.114000,0 days 00:23:03.780000,0 days 00:23:30.112000,0 days 00:23:55.226000,274.0,258.0,300.0,308.0,False,HARD,6.0,True,Mercedes,0 days 00:22:38.003000,,1,,False,,False,True
2021-13,FP1,0 days 00:25:08.824000,HAM,44,0 days 00:01:13.598000,7.0,1.0,,,0 days 00:00:25.771000,0 days 00:00:25.133000,0 days 00:00:22.694000,0 days 00:24:20.997000,0 days 00:24:46.130000,0 days 00:25:08.824000,276.0,281.0,298.0,310.0,True,HARD,7.0,True,Mercedes,0 days 00:23:55.226000,,1,,False,,False,True
2021-13,FP1,0 days 00:26:39.448000,HAM,44,0 days 00:01:30.624000,8.0,1.0,,,0 days 00:00:30.775000,0 days 00:00:33.106000,0 days 00:00:26.743000,0 days 00:25:39.599000,0 days 00:26:12.705000,0 days 00:26:39.448000,216.0,239.0,298.0,284.0,False,HARD,8.0,True,Mercedes,0 days 00:25:08.824000,,1,,False,,False,True
2021-13,FP1,0 days 00:27:52.706000,HAM,44,0 days 00:01:13.258000,9.0,1.0,,,0 days 00:00:25.684000,0 days 00:00:25.141000,0 days 00:00:22.433000,0 days 00:27:05.132000,0 days 00:27:30.273000,0 days 00:27:52.706000,273.0,283.0,307.0,307.0,True,HARD,9.0,True,Mercedes,0 days 00:26:39.448000,,1,,False,,False,True
2021-13,FP1,0 days 00:29:33.893000,HAM,44,0 days 00:01:41.187000,10.0,1.0,,,0 days 00:00:37.327000,0 days 00:00:37.257000,0 days 00:00:26.603000,0 days 00:28:30.033000,0 days 00:29:07.290000,0 days 00:29:33.893000,151.0,250.0,295.0,230.0,False,HARD,10.0,True,Mercedes,0 days 00:27:52.706000,,1,,False,,False,True
2021-13,FP1,0 days 00:30:46.755000,HAM,44,0 days 00:01:12.862000,11.0,1.0,,,0 days 00:00:25.695000,0 days 00:00:24.834000,0 days 00:00:22.333000,0 days 00:29:59.588000,0 days 00:30:24.422000,0 days 00:30:46.755000,271.0,282.0,298.0,303.0,True,HARD,11.0,True,Mercedes,0 days 00:29:33.893000,,1,,False,,False,True
2021-13,FP1,0 days 01:10:19.667000,HAM,44,,12.0,1.0,,0 days 00:34:08.728000,0 days 00:00:35.033000,0 days 00:00:34.172000,,0 days 00:31:22.456000,0 days 00:31:55.976000,,188.0,236.0,,227.0,False,HARD,12.0,True,Mercedes,0 days 00:30:46.755000,,125,,False,,False,False
2021-13,FP1,0 days 01:12:15.318000,HAM,44,,13.0,2.0,0 days 01:10:19.667000,,,0 days 00:00:37.369000,0 days 00:00:29.782000,,0 days 01:11:45.929000,0 days 01:12:17.547000,228.0,264.0,297.0,227.0,False,SOFT,1.0,True,Mercedes,0 days 01:10:19.667000,,1,,False,,False,False
2021-13,FP1,0 days 01:13:26.818000,HAM,44,0 days 00:01:11.500000,14.0,2.0,,,0 days 00:00:25.346000,0 days 00:00:24.225000,0 days 00:00:21.929000,0 days 01:12:40.664000,0 days 01:13:04.889000,0 days 01:13:26.818000,273.0,284.0,298.0,307.0,True,SOFT,2.0,True,Mercedes,0 days 01:12:15.318000,,12,,False,,False,True
2021-13,FP1,0 days 01:15:04.829000,HAM,44,0 days 00:01:38.011000,15.0,2.0,,,0 days 00:00:35.360000,0 days 00:00:32.715000,0 days 00:00:29.936000,0 days 01:14:02.178000,0 days 01:14:34.893000,0 days 01:15:04.829000,128.0,263.0,299.0,245.0,False,SOFT,3.0,True,Mercedes,0 days 01:13:26.818000,,1,,False,,False,True
2021-13,FP1,0 days 01:16:57.740000,HAM,44,0 days 00:01:52.911000,16.0,2.0,,,0 days 00:00:25.112000,0 days 00:00:28.752000,0 days 00:00:59.047000,0 days 01:15:29.941000,0 days 01:15:58.693000,0 days 01:16:57.740000,275.0,110.0,62.0,309.0,False,SOFT,4.0,True,Mercedes,0 days 01:15:04.829000,,12,,False,,False,True
2021-13,FP1,0 days 01:18:53.449000,HAM,44,0 days 00:01:55.709000,17.0,2.0,,0 days 01:18:52.150000,0 days 00:00:55,0 days 00:00:27.936000,0 days 00:00:32.773000,0 days 01:17:52.740000,0 days 01:18:20.676000,0 days 01:18:53.449000,252.0,268.0,,212.0,False,SOFT,5.0,True,Mercedes,0 days 01:16:57.740000,,1,,False,,False,False
2021-13,FP1,0 days 00:18:01.452000,MSC,47,,1.0,1.0,0 days 00:16:23.852000,,,0 days 00:00:32.978000,0 days 00:00:27.765000,,0 days 00:17:33.727000,0 days 00:18:01.560000,225.0,269.0,295.0,,False,MEDIUM,1.0,True,Haas F1 Team,0 days 00:16:23.852000,,12,,False,,False,False
2021-13,FP1,0 days 00:19:22.329000,MSC,47,0 days 00:01:20.877000,2.0,1.0,,,0 days 00:00:27.959000,0 days 00:00:28.715000,0 days 00:00:24.203000,0 days 00:18:29.411000,0 days 00:18:58.126000,0 days 00:19:22.329000,253.0,276.0,296.0,281.0,True,MEDIUM,2.0,True,Haas F1 Team,0 days 00:18:01.452000,,1,,False,,False,True
2021-13,FP1,0 days 00:20:40.421000,MSC,47,0 days 00:01:18.092000,3.0,1.0,,,0 days 00:00:26.884000,0 days 00:00:27.474000,0 days 00:00:23.734000,0 days 00:19:49.213000,0 days 00:20:16.687000,0 days 00:20:40.421000,273.0,278.0,296.0,301.0,True,MEDIUM,3.0,True,Haas F1 Team,0 days 00:19:22.329000,,12,,False,,False,True
2021-13,FP1,0 days 00:21:56.434000,MSC,47,0 days 00:01:16.013000,4.0,1.0,,,0 days 00:00:26.355000,0 days 00:00:26.652000,0 days 00:00:23.006000,0 days 00:21:06.776000,0 days 00:21:33.428000,0 days 00:21:56.434000,273.0,280.0,303.0,302.0,True,MEDIUM,4.0,True,Haas F1 Team,0 days 00:20:40.421000,,1,,False,,False,True
2021-13,FP1,0 days 00:23:34.811000,MSC,47,0 days 00:01:38.377000,5.0,1.0,,,0 days 00:00:36.695000,0 days 00:00:35.084000,0 days 00:00:26.598000,0 days 00:22:33.129000,0 days 00:23:08.213000,0 days 00:23:34.811000,153.0,254.0,297.0,285.0,False,MEDIUM,5.0,True,Haas F1 Team,0 days 00:21:56.434000,,1,,False,,False,True
2021-13,FP1,0 days 00:24:49.957000,MSC,47,0 days 00:01:15.146000,6.0,1.0,,,0 days 00:00:26.144000,0 days 00:00:26.079000,0 days 00:00:22.923000,0 days 00:24:00.955000,0 days 00:24:27.034000,0 days 00:24:49.957000,274.0,281.0,307.0,302.0,True,MEDIUM,6.0,True,Haas F1 Team,0 days 00:23:34.811000,,1,,False,,False,True
2021-13,FP1,0 days 00:26:23.560000,MSC,47,0 days 00:01:33.603000,7.0,1.0,,,0 days 00:00:33.792000,0 days 00:00:35.035000,0 days 00:00:24.776000,0 days 00:25:23.749000,0 days 00:25:58.784000,0 days 00:26:23.560000,194.0,250.0,297.0,276.0,False,MEDIUM,7.0,True,Haas F1 Team,0 days 00:24:49.957000,,1,,False,,False,True
2021-13,FP1,0 days 00:27:38.129000,MSC,47,0 days 00:01:14.569000,8.0,1.0,,,0 days 00:00:25.959000,0 days 00:00:25.848000,0 days 00:00:22.762000,0 days 00:26:49.519000,0 days 00:27:15.367000,0 days 00:27:38.129000,274.0,281.0,304.0,304.0,True,MEDIUM,8.0,True,Haas F1 Team,0 days 00:26:23.560000,,1,,False,,False,True
2021-13,FP1,0 days 00:29:11.807000,MSC,47,0 days 00:01:33.678000,9.0,1.0,,,0 days 00:00:33.951000,0 days 00:00:35.264000,0 days 00:00:24.463000,0 days 00:28:12.080000,0 days 00:28:47.344000,0 days 00:29:11.807000,209.0,255.0,297.0,308.0,False,MEDIUM,9.0,True,Haas F1 Team,0 days 00:27:38.129000,,1,,False,,False,True
2021-13,FP1,0 days 00:30:26.074000,MSC,47,0 days 00:01:14.267000,10.0,1.0,,,0 days 00:00:25.809000,0 days 00:00:25.709000,0 days 00:00:22.749000,0 days 00:29:37.616000,0 days 00:30:03.325000,0 days 00:30:26.074000,273.0,281.0,296.0,304.0,True,MEDIUM,10.0,True,Haas F1 Team,0 days 00:29:11.807000,,1,,False,,False,True
2021-13,FP1,0 days 00:32:07.916000,MSC,47,0 days 00:01:41.842000,11.0,1.0,,0 days 00:32:06.374000,0 days 00:00:32.212000,0 days 00:00:33.403000,0 days 00:00:36.227000,0 days 00:30:58.286000,0 days 00:31:31.689000,0 days 00:32:07.916000,147.0,199.0,,301.0,False,MEDIUM,11.0,True,Haas F1 Team,0 days 00:30:26.074000,,12,,False,,False,False
2021-13,FP1,0 days 01:12:01.991000,MSC,47,,12.0,2.0,0 days 01:10:11.850000,,,0 days 00:00:31.318000,0 days 00:00:32.978000,,0 days 01:11:29.023000,0 days 01:12:02.527000,222.0,269.0,298.0,301.0,False,SOFT,1.0,True,Haas F1 Team,0 days 01:10:11.850000,,12,,False,,False,False
2021-13,FP1,0 days 01:13:15.838000,MSC,47,0 days 00:01:13.847000,13.0,2.0,,,0 days 00:00:25.802000,0 days 00:00:25.440000,0 days 00:00:22.605000,0 days 01:12:27.793000,0 days 01:12:53.233000,0 days 01:13:15.838000,275.0,282.0,300.0,307.0,True,SOFT,2.0,True,Haas F1 Team,0 days 01:12:01.991000,,12,,False,,False,True
2021-13,FP1,0 days 01:14:59.128000,MSC,47,0 days 00:01:43.290000,14.0,2.0,,,0 days 00:00:32.628000,0 days 00:00:36.499000,0 days 00:00:34.163000,0 days 01:13:48.466000,0 days 01:14:24.965000,0 days 01:14:59.128000,186.0,237.0,316.0,277.0,False,SOFT,3.0,True,Haas F1 Team,0 days 01:13:15.838000,,1,,False,,False,True
2021-13,FP1,0 days 01:16:14.407000,MSC,47,0 days 00:01:15.279000,15.0,2.0,,,0 days 00:00:26.600000,0 days 00:00:25.803000,0 days 00:00:22.876000,0 days 01:15:25.728000,0 days 01:15:51.531000,0 days 01:16:14.407000,275.0,282.0,301.0,265.0,False,SOFT,4.0,True,Haas F1 Team,0 days 01:14:59.128000,,12,,False,,False,True
2021-13,FP1,0 days 01:18:42.246000,MSC,47,0 days 00:02:27.839000,16.0,2.0,,,0 days 00:00:36.604000,0 days 00:00:29.265000,0 days 00:01:21.970000,0 days 01:16:51.011000,0 days 01:17:20.276000,0 days 01:18:42.246000,237.0,265.0,35.0,230.0,False,SOFT,5.0,True,Haas F1 Team,0 days 01:16:14.407000,,1,,False,,False,True
2021-13,FP1,0 days 01:20:44.440000,MSC,47,0 days 00:02:02.194000,17.0,2.0,,0 days 01:20:43.079000,0 days 00:00:46.358000,0 days 00:00:47.819000,0 days 00:00:28.017000,0 days 01:19:28.604000,0 days 01:20:16.423000,0 days 01:20:44.440000,199.0,265.0,,216.0,False,SOFT,6.0,True,Haas F1 Team,0 days 01:18:42.246000,,1,,False,,False,False
2021-13,FP1,0 days 00:16:32.059000,SAI,55,,1.0,1.0,0 days 00:15:04.394000,,,0 days 00:00:30.274000,0 days 00:00:26.100000,,0 days 00:16:05.977000,0 days 00:16:32.172000,249.0,256.0,288.0,,False,HARD,1.0,True,Ferrari,0 days 00:15:04.394000,,1,,False,,False,False
2021-13,FP1,0 days 00:17:52.387000,SAI,55,0 days 00:01:20.328000,2.0,1.0,,,0 days 00:00:27.026000,0 days 00:00:26.260000,0 days 00:00:27.042000,0 days 00:16:59.085000,0 days 00:17:25.345000,0 days 00:17:52.387000,272.0,277.0,301.0,275.0,True,HARD,2.0,True,Ferrari,0 days 00:16:32.059000,,12,,False,,False,True
2021-13,FP1,0 days 00:19:13.450000,SAI,55,0 days 00:01:21.063000,3.0,1.0,,,0 days 00:00:26.600000,0 days 00:00:27.596000,0 days 00:00:26.867000,0 days 00:18:18.987000,0 days 00:18:46.583000,0 days 00:19:13.450000,262.0,286.0,295.0,298.0,False,HARD,3.0,True,Ferrari,0 days 00:17:52.387000,,1,,False,,False,True
2021-13,FP1,0 days 00:20:28.060000,SAI,55,0 days 00:01:14.610000,4.0,1.0,,,0 days 00:00:26.195000,0 days 00:00:25.388000,0 days 00:00:23.027000,0 days 00:19:39.645000,0 days 00:20:05.033000,0 days 00:20:28.060000,273.0,282.0,299.0,224.0,True,HARD,4.0,True,Ferrari,0 days 00:19:13.450000,,12,,False,,False,True
2021-13,FP1,0 days 00:21:55.311000,SAI,55,0 days 00:01:27.251000,5.0,1.0,,,0 days 00:00:30.762000,0 days 00:00:30.528000,0 days 00:00:25.961000,0 days 00:20:58.822000,0 days 00:21:29.350000,0 days 00:21:55.311000,240.0,253.0,294.0,224.0,False,HARD,5.0,True,Ferrari,0 days 00:20:28.060000,,1,,False,,False,True
2021-13,FP1,0 days 00:23:09.084000,SAI,55,0 days 00:01:13.773000,6.0,1.0,,,0 days 00:00:25.758000,0 days 00:00:25.314000,0 days 00:00:22.701000,0 days 00:22:21.069000,0 days 00:22:46.383000,0 days 00:23:09.084000,272.0,280.0,304.0,303.0,True,HARD,6.0,True,Ferrari,0 days 00:21:55.311000,,1,,False,,False,True
2021-13,FP1,0 days 00:24:41.859000,SAI,55,0 days 00:01:32.775000,7.0,1.0,,,0 days 00:00:34.021000,0 days 00:00:32.989000,0 days 00:00:25.765000,0 days 00:23:43.105000,0 days 00:24:16.094000,0 days 00:24:41.859000,242.0,246.0,294.0,216.0,False,HARD,7.0,True,Ferrari,0 days 00:23:09.084000,,1,,False,,False,True
2021-13,FP1,0 days 00:25:55.507000,SAI,55,0 days 00:01:13.648000,8.0,1.0,,,0 days 00:00:25.652000,0 days 00:00:25.266000,0 days 00:00:22.730000,0 days 00:25:07.511000,0 days 00:25:32.777000,0 days 00:25:55.507000,275.0,279.0,300.0,300.0,True,HARD,8.0,True,Ferrari,0 days 00:24:41.859000,,1,,False,,False,True
2021-13,FP1,0 days 00:27:24.264000,SAI,55,0 days 00:01:28.757000,9.0,1.0,,,0 days 00:00:27.849000,0 days 00:00:34.563000,0 days 00:00:26.345000,0 days 00:26:23.356000,0 days 00:26:57.919000,0 days 00:27:24.264000,209.0,242.0,293.0,307.0,False,HARD,9.0,True,Ferrari,0 days 00:25:55.507000,,1,,False,,False,True
2021-13,FP1,0 days 00:28:37.620000,SAI,55,0 days 00:01:13.356000,10.0,1.0,,,0 days 00:00:25.673000,0 days 00:00:25.115000,0 days 00:00:22.568000,0 days 00:27:49.937000,0 days 00:28:15.052000,0 days 00:28:37.620000,272.0,280.0,305.0,300.0,True,HARD,10.0,True,Ferrari,0 days 00:27:24.264000,,1,,False,,False,True
2021-13,FP1,0 days 00:29:52.837000,SAI,55,0 days 00:01:15.217000,11.0,1.0,,,0 days 00:00:26.052000,0 days 00:00:26.077000,0 days 00:00:23.088000,0 days 00:29:03.672000,0 days 00:29:29.749000,0 days 00:29:52.837000,275.0,273.0,303.0,314.0,False,HARD,11.0,True,Ferrari,0 days 00:28:37.620000,,1,,False,,False,True
2021-13,FP1,0 days 00:31:16.441000,SAI,55,0 days 00:01:23.604000,12.0,1.0,,0 days 00:31:14.970000,0 days 00:00:26.183000,0 days 00:00:29.096000,0 days 00:00:28.325000,0 days 00:30:19.020000,0 days 00:30:48.116000,0 days 00:31:16.441000,257.0,213.0,,300.0,False,HARD,12.0,True,Ferrari,0 days 00:29:52.837000,,12,,False,,False,False
2021-13,FP1,0 days 01:09:24.669000,SAI,55,,13.0,2.0,0 days 00:31:44.977000,0 days 00:33:34.194000,,,,,,,,,,,False,HARD,13.0,False,Ferrari,0 days 00:31:16.441000,,251,,False,,False,False
2021-13,FP1,0 days 01:11:25.092000,SAI,55,,14.0,3.0,0 days 01:09:24.660000,,,0 days 00:00:29.626000,0 days 00:00:39.652000,,0 days 01:10:45.486000,0 days 01:11:27.473000,253.0,269.0,297.0,300.0,False,SOFT,1.0,True,Ferrari,0 days 01:09:24.660000,,12,,False,,False,False
2021-13,FP1,0 days 01:12:37.042000,SAI,55,0 days 00:01:11.950000,15.0,3.0,,,0 days 00:00:25.227000,0 days 00:00:24.577000,0 days 00:00:22.146000,0 days 01:11:50.319000,0 days 01:12:14.896000,0 days 01:12:37.042000,275.0,283.0,301.0,305.0,True,SOFT,2.0,True,Ferrari,0 days 01:11:25.092000,,12,,False,,False,True
2021-13,FP1,0 days 01:14:31.121000,SAI,55,0 days 00:01:54.079000,16.0,3.0,,,0 days 00:00:42.670000,0 days 00:00:42.593000,0 days 00:00:28.816000,0 days 01:13:19.712000,0 days 01:14:02.305000,0 days 01:14:31.121000,120.0,254.0,297.0,210.0,False,SOFT,3.0,True,Ferrari,0 days 01:12:37.042000,,1,,False,,False,True
2021-13,FP1,0 days 01:15:42.722000,SAI,55,0 days 00:01:11.601000,17.0,3.0,,,0 days 00:00:25.058000,0 days 00:00:24.365000,0 days 00:00:22.178000,0 days 01:14:56.179000,0 days 01:15:20.544000,0 days 01:15:42.722000,274.0,281.0,298.0,306.0,True,SOFT,4.0,True,Ferrari,0 days 01:14:31.121000,,1,,False,,False,True
2021-13,FP1,0 days 01:17:24.992000,SAI,55,0 days 00:01:42.270000,18.0,3.0,,,0 days 00:00:28.656000,0 days 00:00:27.358000,0 days 00:00:46.256000,0 days 01:16:11.378000,0 days 01:16:38.736000,0 days 01:17:24.992000,275.0,268.0,42.0,220.0,False,SOFT,5.0,True,Ferrari,0 days 01:15:42.722000,,12,,False,,False,True
2021-13,FP1,0 days 01:19:29.280000,SAI,55,0 days 00:02:04.288000,19.0,3.0,,0 days 01:19:27.629000,0 days 00:00:51.172000,0 days 00:00:40.381000,0 days 00:00:32.735000,0 days 01:18:16.164000,0 days 01:18:56.545000,0 days 01:19:29.280000,274.0,252.0,,225.0,False,SOFT,6.0,True,Ferrari,0 days 01:17:24.992000,,1,,False,,False,False
2021-13,FP1,0 days 00:19:51.500000,RUS,63,,1.0,1.0,0 days 00:18:17.586000,,,0 days 00:00:30.298000,0 days 00:00:31.158000,,0 days 00:19:20.443000,0 days 00:19:51.622000,267.0,247.0,294.0,,False,MEDIUM,1.0,True,Williams,0 days 00:18:17.586000,,12,,False,,False,False
2021-13,FP1,0 days 00:21:08.557000,RUS,63,0 days 00:01:17.057000,2.0,1.0,,,0 days 00:00:27.043000,0 days 00:00:26.587000,0 days 00:00:23.427000,0 days 00:20:18.543000,0 days 00:20:45.130000,0 days 00:21:08.557000,271.0,278.0,298.0,297.0,True,MEDIUM,2.0,True,Williams,0 days 00:19:51.500000,,1,,False,,False,True
2021-13,FP1,0 days 00:22:26.891000,RUS,63,0 days 00:01:18.334000,3.0,1.0,,,0 days 00:00:29.030000,0 days 00:00:26.144000,0 days 00:00:23.160000,0 days 00:21:37.587000,0 days 00:22:03.731000,0 days 00:22:26.891000,267.0,278.0,296.0,307.0,False,MEDIUM,3.0,True,Williams,0 days 00:21:08.557000,,1,,False,,False,True
2021-13,FP1,0 days 00:23:41.977000,RUS,63,0 days 00:01:15.086000,4.0,1.0,,,0 days 00:00:26.457000,0 days 00:00:25.760000,0 days 00:00:22.869000,0 days 00:22:53.348000,0 days 00:23:19.108000,0 days 00:23:41.977000,263.0,276.0,302.0,301.0,True,MEDIUM,4.0,True,Williams,0 days 00:22:26.891000,,1,,False,,False,True
2021-13,FP1,0 days 00:25:25.765000,RUS,63,0 days 00:01:43.788000,5.0,1.0,,,0 days 00:00:37.708000,0 days 00:00:37.767000,0 days 00:00:28.313000,0 days 00:24:19.685000,0 days 00:24:57.452000,0 days 00:25:25.765000,181.0,250.0,297.0,228.0,False,MEDIUM,5.0,True,Williams,0 days 00:23:41.977000,,1,,False,,False,True
2021-13,FP1,0 days 00:26:39.642000,RUS,63,0 days 00:01:13.877000,6.0,1.0,,,0 days 00:00:25.781000,0 days 00:00:25.279000,0 days 00:00:22.817000,0 days 00:25:51.546000,0 days 00:26:16.825000,0 days 00:26:39.642000,271.0,281.0,314.0,307.0,True,MEDIUM,6.0,True,Williams,0 days 00:25:25.765000,,1,,False,,False,True
2021-13,FP1,0 days 00:28:17.513000,RUS,63,0 days 00:01:37.871000,7.0,1.0,,,0 days 00:00:32.933000,0 days 00:00:37.226000,0 days 00:00:27.712000,0 days 00:27:12.575000,0 days 00:27:49.801000,0 days 00:28:17.513000,253.0,190.0,296.0,165.0,False,MEDIUM,7.0,True,Williams,0 days 00:26:39.642000,,1,,False,,False,True
2021-13,FP1,0 days 00:29:51.672000,RUS,63,0 days 00:01:34.159000,8.0,1.0,,,0 days 00:00:25.479000,0 days 00:00:35.551000,0 days 00:00:33.129000,0 days 00:28:42.992000,0 days 00:29:18.543000,0 days 00:29:51.672000,275.0,134.0,302.0,304.0,False,MEDIUM,8.0,True,Williams,0 days 00:28:17.513000,,1,,False,,False,True
2021-13,FP1,0 days 00:31:05.248000,RUS,63,0 days 00:01:13.576000,9.0,1.0,,,0 days 00:00:25.861000,0 days 00:00:25.122000,0 days 00:00:22.593000,0 days 00:30:17.533000,0 days 00:30:42.655000,0 days 00:31:05.248000,273.0,281.0,306.0,312.0,True,MEDIUM,9.0,True,Williams,0 days 00:29:51.672000,,1,,False,,False,True
2021-13,FP1,0 days 01:10:30.498000,RUS,63,,10.0,1.0,,0 days 00:32:45.704000,0 days 00:00:33.676000,0 days 00:00:32.284000,,0 days 00:31:38.929000,0 days 00:32:11.221000,,250.0,262.0,,214.0,False,MEDIUM,10.0,True,Williams,0 days 00:31:05.248000,,125,,False,,False,False
2021-13,FP1,0 days 01:12:22.143000,RUS,63,,11.0,2.0,0 days 01:10:30.498000,,,0 days 00:00:35.853000,0 days 00:00:32.900000,,0 days 01:11:49.309000,0 days 01:12:22.507000,252.0,82.0,296.0,214.0,False,SOFT,1.0,True,Williams,0 days 01:10:30.498000,,1,,False,,False,False
2021-13,FP1,0 days 01:13:35.324000,RUS,63,0 days 00:01:13.181000,12.0,2.0,,,0 days 00:00:25.665000,0 days 00:00:24.947000,0 days 00:00:22.569000,0 days 01:12:47.808000,0 days 01:13:12.755000,0 days 01:13:35.324000,273.0,281.0,299.0,303.0,True,SOFT,2.0,True,Williams,0 days 01:12:22.143000,,12,,False,,False,True
2021-13,FP1,0 days 01:15:08.453000,RUS,63,0 days 00:01:33.129000,13.0,2.0,,,0 days 00:00:32.176000,0 days 00:00:28.056000,0 days 00:00:32.897000,0 days 01:14:07.500000,0 days 01:14:35.556000,0 days 01:15:08.453000,255.0,190.0,296.0,221.0,False,SOFT,3.0,True,Williams,0 days 01:13:35.324000,,1,,False,,False,True
2021-13,FP1,0 days 01:17:13.046000,RUS,63,0 days 00:02:04.593000,14.0,2.0,,,0 days 00:00:25.589000,0 days 00:00:30.411000,0 days 00:01:08.593000,0 days 01:15:34.042000,0 days 01:16:04.453000,0 days 01:17:13.046000,273.0,106.0,62.0,304.0,False,SOFT,4.0,True,Williams,0 days 01:15:08.453000,,12,,False,,False,True
2021-13,FP1,0 days 01:19:03.203000,RUS,63,0 days 00:01:50.157000,15.0,2.0,,0 days 01:19:01.953000,0 days 00:00:44.012000,0 days 00:00:33.010000,0 days 00:00:33.135000,0 days 01:17:57.058000,0 days 01:18:30.068000,0 days 01:19:03.203000,245.0,166.0,63.0,212.0,False,SOFT,5.0,True,Williams,0 days 01:17:13.046000,,1,,False,,False,False
2021-13,FP1,0 days 00:16:54.306000,BOT,77,,1.0,1.0,0 days 00:15:14.799000,,,0 days 00:00:32.433000,0 days 00:00:32.379000,,0 days 00:16:21.968000,0 days 00:16:54.582000,211.0,165.0,293.0,,False,HARD,1.0,True,Mercedes,0 days 00:15:14.799000,,12,,False,,False,False
2021-13,FP1,0 days 00:18:10.533000,BOT,77,0 days 00:01:16.227000,2.0,1.0,,,0 days 00:00:26.738000,0 days 00:00:26.483000,0 days 00:00:23.006000,0 days 00:17:21.044000,0 days 00:17:47.527000,0 days 00:18:10.533000,271.0,282.0,304.0,300.0,True,HARD,2.0,True,Mercedes,0 days 00:16:54.306000,,21,,False,,False,True
2021-13,FP1,0 days 00:19:33.567000,BOT,77,0 days 00:01:23.034000,3.0,1.0,,,0 days 00:00:26.305000,0 days 00:00:29.816000,0 days 00:00:26.913000,0 days 00:18:36.838000,0 days 00:19:06.654000,0 days 00:19:33.567000,273.0,225.0,298.0,306.0,False,HARD,3.0,True,Mercedes,0 days 00:18:10.533000,,1,,False,,False,True
2021-13,FP1,0 days 00:20:53.603000,BOT,77,0 days 00:01:20.036000,4.0,1.0,,,0 days 00:00:25.878000,0 days 00:00:25.466000,0 days 00:00:28.692000,0 days 00:19:59.445000,0 days 00:20:24.911000,0 days 00:20:53.603000,270.0,282.0,299.0,308.0,False,HARD,4.0,True,Mercedes,0 days 00:19:33.567000,,12,,False,,False,True
2021-13,FP1,0 days 00:22:08.559000,BOT,77,0 days 00:01:14.956000,5.0,1.0,,,0 days 00:00:25.648000,0 days 00:00:25.661000,0 days 00:00:23.647000,0 days 00:21:19.251000,0 days 00:21:44.912000,0 days 00:22:08.559000,273.0,281.0,300.0,311.0,True,HARD,5.0,True,Mercedes,0 days 00:20:53.603000,,1,,False,,False,True
2021-13,FP1,0 days 00:23:21.580000,BOT,77,0 days 00:01:13.021000,6.0,1.0,,,0 days 00:00:25.545000,0 days 00:00:25.075000,0 days 00:00:22.401000,0 days 00:22:34.104000,0 days 00:22:59.179000,0 days 00:23:21.580000,273.0,286.0,305.0,313.0,True,HARD,6.0,True,Mercedes,0 days 00:22:08.559000,,1,,False,,False,True
2021-13,FP1,0 days 00:24:52.209000,BOT,77,0 days 00:01:30.629000,7.0,1.0,,0 days 00:24:50.599000,0 days 00:00:28.287000,0 days 00:00:28.985000,0 days 00:00:33.357000,0 days 00:23:49.867000,0 days 00:24:18.852000,0 days 00:24:52.209000,212.0,201.0,,284.0,False,HARD,7.0,True,Mercedes,0 days 00:23:21.580000,,1,,False,,False,False
2021-13,FP1,0 days 00:27:04.849000,BOT,77,0 days 00:02:12.640000,8.0,2.0,0 days 00:25:28.399000,,0 days 00:01:07.968000,0 days 00:00:32.822000,0 days 00:00:31.850000,0 days 00:26:00.177000,0 days 00:26:32.999000,0 days 00:27:04.849000,234.0,231.0,300.0,284.0,False,HARD,8.0,False,Mercedes,0 days 00:24:52.209000,,1,,False,,False,False
2021-13,FP1,0 days 00:28:25.999000,BOT,77,0 days 00:01:21.150000,9.0,2.0,,,0 days 00:00:27.545000,0 days 00:00:28.786000,0 days 00:00:24.819000,0 days 00:27:32.394000,0 days 00:28:01.180000,0 days 00:28:25.999000,252.0,257.0,297.0,309.0,False,HARD,9.0,False,Mercedes,0 days 00:27:04.849000,,1,,False,,False,True
2021-13,FP1,0 days 00:29:38.778000,BOT,77,0 days 00:01:12.779000,10.0,2.0,,,0 days 00:00:25.618000,0 days 00:00:24.907000,0 days 00:00:22.254000,0 days 00:28:51.617000,0 days 00:29:16.524000,0 days 00:29:38.778000,268.0,281.0,306.0,303.0,True,HARD,10.0,False,Mercedes,0 days 00:28:25.999000,,1,,False,,False,True
2021-13,FP1,0 days 00:31:04.706000,BOT,77,0 days 00:01:25.928000,11.0,2.0,,,0 days 00:00:29.523000,0 days 00:00:28.996000,0 days 00:00:27.409000,0 days 00:30:08.301000,0 days 00:30:37.297000,0 days 00:31:04.706000,263.0,163.0,297.0,275.0,False,HARD,11.0,False,Mercedes,0 days 00:29:38.778000,,1,,False,,False,True
2021-13,FP1,0 days 01:10:08.474000,BOT,77,,12.0,2.0,,0 days 00:32:42.475000,0 days 00:00:28.027000,0 days 00:00:31.761000,,0 days 00:31:33.924000,0 days 00:32:04.519000,,257.0,215.0,,308.0,False,HARD,12.0,False,Mercedes,0 days 00:31:04.706000,,125,,False,,False,False
2021-13,FP1,0 days 01:11:58.556000,BOT,77,,13.0,3.0,0 days 01:10:08.462000,,,0 days 00:00:28.702000,0 days 00:00:36.863000,,0 days 01:11:21.699000,0 days 01:11:58.701000,256.0,268.0,297.0,308.0,False,SOFT,1.0,True,Mercedes,0 days 01:10:08.462000,,12,,False,,False,False
2021-13,FP1,0 days 01:13:10.294000,BOT,77,0 days 00:01:11.738000,14.0,3.0,,,0 days 00:00:25.267000,0 days 00:00:24.380000,0 days 00:00:22.091000,0 days 01:12:23.823000,0 days 01:12:48.203000,0 days 01:13:10.294000,274.0,286.0,299.0,308.0,True,SOFT,2.0,True,Mercedes,0 days 01:11:58.556000,,12,,False,,False,True
2021-13,FP1,0 days 01:14:58.874000,BOT,77,0 days 00:01:48.580000,15.0,3.0,,,0 days 00:00:32.683000,0 days 00:00:37.035000,0 days 00:00:38.862000,0 days 01:13:42.977000,0 days 01:14:20.012000,0 days 01:14:58.874000,169.0,237.0,302.0,262.0,False,SOFT,3.0,True,Mercedes,0 days 01:13:10.294000,,1,,False,,False,True
2021-13,FP1,0 days 01:16:38.291000,BOT,77,0 days 00:01:39.417000,16.0,3.0,,,0 days 00:00:36.869000,0 days 00:00:30.233000,0 days 00:00:32.315000,0 days 01:15:35.743000,0 days 01:16:05.976000,0 days 01:16:38.291000,259.0,136.0,245.0,315.0,False,SOFT,4.0,True,Mercedes,0 days 01:14:58.874000,,12,,False,,False,True
2021-13,FP1,0 days 01:18:32.489000,BOT,77,0 days 00:01:54.198000,17.0,3.0,,,0 days 00:00:30.161000,0 days 00:00:34.146000,0 days 00:00:49.891000,0 days 01:17:08.452000,0 days 01:17:42.598000,0 days 01:18:32.489000,199.0,209.0,37.0,225.0,False,SOFT,5.0,True,Mercedes,0 days 01:16:38.291000,,1,,False,,False,True
2021-13,FP1,0 days 01:20:16.852000,BOT,77,0 days 00:01:44.363000,18.0,3.0,,0 days 01:20:16.418000,0 days 00:00:46.282000,0 days 00:00:29.266000,0 days 00:00:28.815000,0 days 01:19:18.771000,0 days 01:19:48.037000,0 days 01:20:16.852000,256.0,238.0,,219.0,False,SOFT,6.0,True,Mercedes,0 days 01:18:32.489000,,1,,False,,False,False
2021-13,FP1,0 days 00:17:18.625000,GIO,99,,1.0,1.0,0 days 00:15:35.478000,,,0 days 00:00:34.666000,0 days 00:00:27.908000,,0 days 00:16:50.750000,0 days 00:17:18.756000,208.0,223.0,295.0,,False,HARD,1.0,True,Alfa Romeo Racing,0 days 00:15:35.478000,,12,,False,,False,False
2021-13,FP1,0 days 00:18:36.890000,GIO,99,0 days 00:01:18.265000,2.0,1.0,,,0 days 00:00:27.449000,0 days 00:00:27.207000,0 days 00:00:23.609000,0 days 00:17:46.074000,0 days 00:18:13.281000,0 days 00:18:36.890000,272.0,279.0,297.0,290.0,True,HARD,2.0,True,Alfa Romeo Racing,0 days 00:17:18.625000,,1,,False,,False,True
2021-13,FP1,0 days 00:19:59.373000,GIO,99,0 days 00:01:22.483000,3.0,1.0,,,0 days 00:00:26.769000,0 days 00:00:26.530000,0 days 00:00:29.184000,0 days 00:19:03.659000,0 days 00:19:30.189000,0 days 00:19:59.373000,272.0,245.0,300.0,305.0,False,HARD,3.0,True,Alfa Romeo Racing,0 days 00:18:36.890000,,12,,False,,False,True
2021-13,FP1,0 days 00:21:18.934000,GIO,99,0 days 00:01:19.561000,4.0,1.0,,,0 days 00:00:28.074000,0 days 00:00:27.979000,0 days 00:00:23.508000,0 days 00:20:27.447000,0 days 00:20:55.426000,0 days 00:21:18.934000,257.0,280.0,296.0,308.0,False,HARD,4.0,True,Alfa Romeo Racing,0 days 00:19:59.373000,,1,,False,,False,True
2021-13,FP1,0 days 00:22:34.227000,GIO,99,0 days 00:01:15.293000,5.0,1.0,,,0 days 00:00:26.139000,0 days 00:00:26.004000,0 days 00:00:23.150000,0 days 00:21:45.073000,0 days 00:22:11.077000,0 days 00:22:34.227000,275.0,280.0,299.0,307.0,True,HARD,5.0,True,Alfa Romeo Racing,0 days 00:21:18.934000,,1,,False,,False,True
2021-13,FP1,0 days 00:23:49.085000,GIO,99,0 days 00:01:14.858000,6.0,1.0,,,0 days 00:00:26.061000,0 days 00:00:25.731000,0 days 00:00:23.066000,0 days 00:23:00.288000,0 days 00:23:26.019000,0 days 00:23:49.085000,274.0,281.0,305.0,306.0,True,HARD,6.0,True,Alfa Romeo Racing,0 days 00:22:34.227000,,1,,False,,False,True
2021-13,FP1,0 days 00:25:34.305000,GIO,99,0 days 00:01:45.220000,7.0,1.0,,,0 days 00:00:34.305000,0 days 00:00:38.330000,0 days 00:00:32.585000,0 days 00:24:23.390000,0 days 00:25:01.720000,0 days 00:25:34.305000,222.0,178.0,300.0,204.0,False,HARD,7.0,True,Alfa Romeo Racing,0 days 00:23:49.085000,,1,,False,,False,True
2021-13,FP1,0 days 00:26:50.969000,GIO,99,0 days 00:01:16.664000,8.0,1.0,,,0 days 00:00:26.126000,0 days 00:00:26.032000,0 days 00:00:24.506000,0 days 00:26:00.431000,0 days 00:26:26.463000,0 days 00:26:50.969000,279.0,281.0,297.0,306.0,False,HARD,8.0,True,Alfa Romeo Racing,0 days 00:25:34.305000,,1,,False,,False,True
2021-13,FP1,0 days 00:28:05.370000,GIO,99,0 days 00:01:14.401000,9.0,1.0,,,0 days 00:00:26.010000,0 days 00:00:25.573000,0 days 00:00:22.818000,0 days 00:27:16.979000,0 days 00:27:42.552000,0 days 00:28:05.370000,275.0,281.0,298.0,305.0,True,HARD,9.0,True,Alfa Romeo Racing,0 days 00:26:50.969000,,1,,False,,False,True
2021-13,FP1,0 days 00:29:44.435000,GIO,99,0 days 00:01:39.065000,10.0,1.0,,,0 days 00:00:33.131000,0 days 00:00:39.917000,0 days 00:00:26.017000,0 days 00:28:38.501000,0 days 00:29:18.418000,0 days 00:29:44.435000,115.0,223.0,300.0,217.0,False,HARD,10.0,True,Alfa Romeo Racing,0 days 00:28:05.370000,,1,,False,,False,True
2021-13,FP1,0 days 00:31:01.663000,GIO,99,0 days 00:01:17.228000,11.0,1.0,,,0 days 00:00:26.358000,0 days 00:00:26.774000,0 days 00:00:24.096000,0 days 00:30:10.793000,0 days 00:30:37.567000,0 days 00:31:01.663000,276.0,281.0,298.0,305.0,False,HARD,11.0,True,Alfa Romeo Racing,0 days 00:29:44.435000,,1,,False,,False,True
2021-13,FP1,0 days 01:09:07.270000,GIO,99,,12.0,1.0,,0 days 00:32:25.752000,0 days 00:00:28.410000,0 days 00:00:27.079000,,0 days 00:31:30.108000,0 days 00:31:57.190000,,273.0,273.0,,304.0,False,HARD,12.0,True,Alfa Romeo Racing,0 days 00:31:01.663000,,125,,False,,False,False
2021-13,FP1,0 days 01:10:58.567000,GIO,99,,13.0,2.0,0 days 01:09:07.270000,,,0 days 00:00:39.737000,0 days 00:00:36.566000,,0 days 01:10:22.001000,0 days 01:10:58.716000,216.0,181.0,295.0,304.0,False,SOFT,1.0,True,Alfa Romeo Racing,0 days 01:09:07.270000,,12,,False,,False,False
2021-13,FP1,0 days 01:12:11.618000,GIO,99,0 days 00:01:13.051000,14.0,2.0,,,0 days 00:00:25.705000,0 days 00:00:24.999000,0 days 00:00:22.347000,0 days 01:11:24.272000,0 days 01:11:49.271000,0 days 01:12:11.618000,277.0,285.0,301.0,306.0,True,SOFT,2.0,True,Alfa Romeo Racing,0 days 01:10:58.567000,,1,,False,,False,True
2021-13,FP1,0 days 01:13:59.123000,GIO,99,0 days 00:01:47.505000,15.0,2.0,,,0 days 00:00:39.215000,0 days 00:00:40.263000,0 days 00:00:28.027000,0 days 01:12:50.833000,0 days 01:13:31.096000,0 days 01:13:59.123000,117.0,151.0,296.0,300.0,False,SOFT,3.0,True,Alfa Romeo Racing,0 days 01:12:11.618000,,12,,False,,False,True
2021-13,FP1,0 days 01:15:11.482000,GIO,99,0 days 00:01:12.359000,16.0,2.0,,,0 days 00:00:25.330000,0 days 00:00:24.833000,0 days 00:00:22.196000,0 days 01:14:24.453000,0 days 01:14:49.286000,0 days 01:15:11.482000,275.0,281.0,302.0,307.0,True,SOFT,4.0,True,Alfa Romeo Racing,0 days 01:13:59.123000,,1,,False,,False,True
2021-13,FP1,0 days 01:17:15.973000,GIO,99,0 days 00:02:04.491000,17.0,2.0,,,0 days 00:00:29.818000,0 days 00:00:31.059000,0 days 00:01:03.614000,0 days 01:15:41.300000,0 days 01:16:12.359000,0 days 01:17:15.973000,247.0,184.0,61.0,236.0,False,SOFT,5.0,True,Alfa Romeo Racing,0 days 01:15:11.482000,,12,,False,,False,True
2021-13,FP1,0 days 01:18:58.392000,GIO,99,0 days 00:01:42.419000,18.0,2.0,,0 days 01:18:56.767000,0 days 00:00:45.409000,0 days 00:00:28.087000,0 days 00:00:28.923000,0 days 01:18:01.382000,0 days 01:18:29.469000,0 days 01:18:58.392000,250.0,247.0,,219.0,False,SOFT,6.0,True,Alfa Romeo Racing,0 days 01:17:15.973000,,1,,False,,False,False
2021-13,FP2,0 days 00:21:16.694000,RIC,3,,1.0,1.0,0 days 00:19:07.089000,,,0 days 00:00:30.947000,0 days 00:00:36.511000,,0 days 00:20:40.189000,0 days 00:21:16.802000,251.0,264.0,297.0,,False,HARD,1.0,True,McLaren,0 days 00:19:07.089000,,1,,False,,False,False
2021-13,FP2,0 days 00:22:46.053000,RIC,3,0 days 00:01:29.359000,2.0,1.0,,,0 days 00:00:32.134000,0 days 00:00:31.529000,0 days 00:00:25.696000,0 days 00:21:48.828000,0 days 00:22:20.357000,0 days 00:22:46.053000,228.0,104.0,300.0,302.0,True,HARD,2.0,True,McLaren,0 days 00:21:16.694000,,1,,False,,False,True
2021-13,FP2,0 days 00:32:02.431000,RIC,3,,3.0,1.0,,0 days 00:24:17.612000,0 days 00:00:25.892000,0 days 00:00:25.082000,,0 days 00:23:11.985000,0 days 00:23:37.102000,,272.0,278.0,,309.0,False,HARD,3.0,True,McLaren,0 days 00:22:46.053000,,125,,False,,False,False
2021-13,FP2,0 days 00:34:01.490000,RIC,3,,4.0,2.0,0 days 00:32:02.431000,,,0 days 00:00:29.684000,0 days 00:00:32.705000,,0 days 00:33:28.827000,0 days 00:34:01.617000,250.0,265.0,298.0,309.0,False,HARD,4.0,False,McLaren,0 days 00:32:02.431000,,1,,False,,False,False
2021-13,FP2,0 days 00:35:15.501000,RIC,3,0 days 00:01:14.011000,5.0,2.0,,,0 days 00:00:26.220000,0 days 00:00:25.120000,0 days 00:00:22.671000,0 days 00:34:27.710000,0 days 00:34:52.830000,0 days 00:35:15.501000,271.0,282.0,300.0,307.0,True,HARD,5.0,False,McLaren,0 days 00:34:01.490000,,1,,False,,False,True
2021-13,FP2,0 days 00:37:02.812000,RIC,3,0 days 00:01:47.311000,6.0,2.0,,,0 days 00:00:31.676000,0 days 00:00:32.922000,0 days 00:00:42.713000,0 days 00:35:47.177000,0 days 00:36:20.099000,0 days 00:37:02.812000,221.0,188.0,298.0,292.0,False,HARD,6.0,False,McLaren,0 days 00:35:15.501000,,1,,False,,False,True
2021-13,FP2,0 days 00:38:16.714000,RIC,3,0 days 00:01:13.902000,7.0,2.0,,,0 days 00:00:25.968000,0 days 00:00:25.094000,0 days 00:00:22.840000,0 days 00:37:28.780000,0 days 00:37:53.874000,0 days 00:38:16.714000,273.0,283.0,301.0,308.0,True,HARD,7.0,False,McLaren,0 days 00:37:02.812000,,1,,False,,False,True
2021-13,FP2,0 days 00:39:47.441000,RIC,3,0 days 00:01:30.727000,8.0,2.0,,0 days 00:39:47.426000,0 days 00:00:31.408000,0 days 00:00:31.481000,0 days 00:00:27.838000,0 days 00:38:48.122000,0 days 00:39:19.603000,0 days 00:39:47.441000,240.0,267.0,,296.0,False,HARD,8.0,False,McLaren,0 days 00:38:16.714000,,1,,False,,False,False
2021-13,FP2,0 days 00:47:39.593000,RIC,3,,9.0,3.0,0 days 00:46:08.041000,,,0 days 00:00:32.282000,0 days 00:00:25.863000,,0 days 00:47:13.730000,0 days 00:47:40.050000,255.0,264.0,298.0,296.0,False,SOFT,1.0,True,McLaren,0 days 00:39:47.441000,,1,,False,,False,False
2021-13,FP2,0 days 00:54:44.422000,RIC,3,,10.0,3.0,,0 days 00:49:17.893000,0 days 00:00:25.322000,,,0 days 00:48:04.970000,,,273.0,,,307.0,False,SOFT,2.0,True,McLaren,0 days 00:47:39.593000,,125,,False,,False,False
2021-13,FP2,0 days 00:56:20.503000,RIC,3,,11.0,4.0,0 days 00:54:44.422000,,,0 days 00:00:33.333000,0 days 00:00:25.960000,,0 days 00:55:54.568000,0 days 00:56:20.826000,256.0,263.0,299.0,307.0,False,SOFT,3.0,False,McLaren,0 days 00:54:44.422000,,1,,False,,False,False
2021-13,FP2,0 days 00:57:54.248000,RIC,3,0 days 00:01:33.745000,12.0,4.0,,,0 days 00:00:25.469000,0 days 00:00:40.211000,0 days 00:00:28.065000,0 days 00:56:45.972000,0 days 00:57:26.183000,0 days 00:57:54.248000,275.0,122.0,299.0,309.0,False,SOFT,4.0,False,McLaren,0 days 00:56:20.503000,,1,,False,,False,True
2021-13,FP2,0 days 00:59:06.405000,RIC,3,0 days 00:01:12.157000,13.0,4.0,,,0 days 00:00:25.372000,0 days 00:00:24.592000,0 days 00:00:22.193000,0 days 00:58:19.620000,0 days 00:58:44.212000,0 days 00:59:06.405000,273.0,281.0,294.0,308.0,True,SOFT,5.0,False,McLaren,0 days 00:57:54.248000,,1,,False,,False,True
2021-13,FP2,0 days 01:00:38.267000,RIC,3,0 days 00:01:31.862000,14.0,4.0,,,0 days 00:00:30.308000,0 days 00:00:34.601000,0 days 00:00:26.953000,0 days 00:59:36.713000,0 days 01:00:11.314000,0 days 01:00:38.267000,251.0,255.0,298.0,297.0,False,SOFT,6.0,False,McLaren,0 days 00:59:06.405000,,1,,False,,False,True
2021-13,FP2,0 days 01:01:55.036000,RIC,3,0 days 00:01:16.769000,15.0,4.0,,0 days 01:01:53.750000,0 days 00:00:25.435000,0 days 00:00:24.530000,0 days 00:00:26.804000,0 days 01:01:03.702000,0 days 01:01:28.232000,0 days 01:01:55.036000,274.0,282.0,,307.0,False,SOFT,7.0,False,McLaren,0 days 01:00:38.267000,,1,,False,,False,False
2021-13,FP2,0 days 01:09:37.535000,RIC,3,,16.0,5.0,0 days 01:08:13.568000,,,0 days 00:00:29.780000,0 days 00:00:24.932000,,0 days 01:09:12.611000,0 days 01:09:37.609000,216.0,249.0,280.0,307.0,False,SOFT,8.0,False,McLaren,0 days 01:01:55.036000,,1,,False,,False,False
2021-13,FP2,0 days 01:10:54.480000,RIC,3,0 days 00:01:16.945000,17.0,5.0,,,0 days 00:00:27.051000,0 days 00:00:26.354000,0 days 00:00:23.540000,0 days 01:10:04.586000,0 days 01:10:30.940000,0 days 01:10:54.480000,268.0,265.0,282.0,285.0,False,SOFT,9.0,False,McLaren,0 days 01:09:37.535000,,1,,False,,False,True
2021-13,FP2,0 days 01:12:11.385000,RIC,3,0 days 00:01:16.905000,18.0,5.0,,,0 days 00:00:26.664000,0 days 00:00:26.513000,0 days 00:00:23.728000,0 days 01:11:21.144000,0 days 01:11:47.657000,0 days 01:12:11.385000,278.0,268.0,290.0,292.0,False,SOFT,10.0,False,McLaren,0 days 01:10:54.480000,,1,,False,,False,True
2021-13,FP2,0 days 01:13:28.251000,RIC,3,0 days 00:01:16.866000,19.0,5.0,,,0 days 00:00:26.936000,0 days 00:00:26.416000,0 days 00:00:23.514000,0 days 01:12:38.321000,0 days 01:13:04.737000,0 days 01:13:28.251000,273.0,270.0,287.0,287.0,False,SOFT,11.0,False,McLaren,0 days 01:12:11.385000,,1,,False,,False,True
2021-13,FP2,0 days 01:14:48.493000,RIC,3,0 days 00:01:20.242000,20.0,5.0,,0 days 01:14:47.579000,0 days 00:00:26.682000,0 days 00:00:26.598000,0 days 00:00:26.962000,0 days 01:13:54.933000,0 days 01:14:21.531000,0 days 01:14:48.493000,265.0,268.0,,287.0,False,SOFT,12.0,False,McLaren,0 days 01:13:28.251000,,1,,False,,False,False
2021-13,FP2,0 days 01:16:31.507000,RIC,3,0 days 00:01:43.014000,21.0,6.0,0 days 01:15:08.124000,,0 days 00:00:48.781000,0 days 00:00:29.354000,0 days 00:00:24.879000,0 days 01:15:37.274000,0 days 01:16:06.628000,0 days 01:16:31.507000,266.0,267.0,281.0,287.0,False,HARD,9.0,False,McLaren,0 days 01:14:48.493000,,1,,False,,False,False
2021-13,FP2,0 days 01:17:47.909000,RIC,3,0 days 00:01:16.402000,22.0,6.0,,,0 days 00:00:26.666000,0 days 00:00:26.312000,0 days 00:00:23.424000,0 days 01:16:58.173000,0 days 01:17:24.485000,0 days 01:17:47.909000,267.0,266.0,283.0,288.0,False,HARD,10.0,False,McLaren,0 days 01:16:31.507000,,1,,False,,False,True
2021-13,FP2,0 days 01:19:03.999000,RIC,3,0 days 00:01:16.090000,23.0,6.0,,,0 days 00:00:26.511000,0 days 00:00:26.217000,0 days 00:00:23.362000,0 days 01:18:14.420000,0 days 01:18:40.637000,0 days 01:19:03.999000,270.0,266.0,283.0,285.0,False,HARD,11.0,False,McLaren,0 days 01:17:47.909000,,1,,False,,False,True
2021-13,FP2,0 days 01:21:13.028000,RIC,3,0 days 00:02:09.029000,24.0,6.0,,,0 days 00:00:29.589000,0 days 00:00:29.964000,0 days 00:01:09.476000,0 days 01:19:33.588000,0 days 01:20:03.552000,0 days 01:21:13.028000,247.0,237.0,4.0,283.0,False,HARD,12.0,False,McLaren,0 days 01:19:03.999000,,12,,False,,False,True
2021-13,FP2,0 days 01:22:46.008000,RIC,3,0 days 00:01:32.980000,25.0,6.0,,0 days 01:22:45.991000,0 days 00:00:31.966000,0 days 00:00:29.312000,0 days 00:00:31.702000,0 days 01:21:44.994000,0 days 01:22:14.306000,0 days 01:22:46.008000,238.0,226.0,,232.0,False,HARD,13.0,False,McLaren,0 days 01:21:13.028000,,1,,False,,False,False
2021-13,FP2,0 days 00:21:06.870000,NOR,4,,1.0,1.0,0 days 00:18:59.460000,,,0 days 00:00:31.985000,0 days 00:00:36.076000,,0 days 00:20:30.813000,0 days 00:21:06.996000,244.0,246.0,294.0,,False,HARD,4.0,False,McLaren,0 days 00:18:59.460000,,1,,False,,False,False
2021-13,FP2,0 days 00:22:20.988000,NOR,4,0 days 00:01:14.118000,2.0,1.0,,,0 days 00:00:26.109000,0 days 00:00:25.045000,0 days 00:00:22.964000,0 days 00:21:32.979000,0 days 00:21:58.024000,0 days 00:22:20.988000,272.0,284.0,304.0,304.0,True,HARD,5.0,False,McLaren,0 days 00:21:06.870000,,1,,False,,False,True
2021-13,FP2,0 days 00:31:43.617000,NOR,4,,3.0,1.0,,0 days 00:24:20.969000,0 days 00:00:31.028000,0 days 00:00:35.749000,,0 days 00:22:52.017000,0 days 00:23:27.755000,,222.0,193.0,,283.0,False,HARD,6.0,False,McLaren,0 days 00:22:20.988000,,125,,False,,False,False
2021-13,FP2,0 days 00:33:22.168000,NOR,4,,4.0,1.0,0 days 00:31:43.617000,,,0 days 00:00:26.818000,0 days 00:00:33.475000,,0 days 00:32:48.768000,0 days 00:33:23.342000,256.0,255.0,297.0,283.0,False,HARD,7.0,False,McLaren,0 days 00:31:43.617000,,1,,False,,False,False
2021-13,FP2,0 days 00:34:35.461000,NOR,4,0 days 00:01:13.293000,5.0,2.0,,,0 days 00:00:25.717000,0 days 00:00:24.910000,0 days 00:00:22.666000,0 days 00:33:47.885000,0 days 00:34:12.795000,0 days 00:34:35.461000,270.0,281.0,309.0,304.0,True,None,,False,McLaren,0 days 00:33:22.168000,,1,,False,,False,True
2021-13,FP2,0 days 00:36:10.834000,NOR,4,0 days 00:01:35.373000,6.0,2.0,,,0 days 00:00:30.422000,0 days 00:00:35.844000,0 days 00:00:29.107000,0 days 00:35:05.883000,0 days 00:35:41.727000,0 days 00:36:10.834000,248.0,267.0,298.0,268.0,False,None,,False,McLaren,0 days 00:34:35.461000,,1,,False,,False,True
2021-13,FP2,0 days 00:37:23.733000,NOR,4,0 days 00:01:12.899000,7.0,2.0,,,0 days 00:00:25.446000,0 days 00:00:24.911000,0 days 00:00:22.542000,0 days 00:36:36.280000,0 days 00:37:01.191000,0 days 00:37:23.733000,272.0,282.0,305.0,307.0,True,None,,False,McLaren,0 days 00:36:10.834000,,1,,False,,False,True
2021-13,FP2,0 days 00:39:03.049000,NOR,4,0 days 00:01:39.316000,8.0,2.0,,,0 days 00:00:32.437000,0 days 00:00:39.490000,0 days 00:00:27.389000,0 days 00:37:56.170000,0 days 00:38:35.660000,0 days 00:39:03.049000,247.0,222.0,299.0,288.0,False,None,,False,McLaren,0 days 00:37:23.733000,,1,,False,,False,True
2021-13,FP2,0 days 00:40:16.195000,NOR,4,0 days 00:01:13.146000,9.0,2.0,,,0 days 00:00:25.563000,0 days 00:00:25.057000,0 days 00:00:22.526000,0 days 00:39:28.612000,0 days 00:39:53.669000,0 days 00:40:16.195000,273.0,280.0,301.0,307.0,False,None,,False,McLaren,0 days 00:39:03.049000,,1,,False,,False,True
2021-13,FP2,0 days 00:41:38.019000,NOR,4,0 days 00:01:21.824000,10.0,2.0,,0 days 00:41:36.713000,0 days 00:00:28.268000,0 days 00:00:26.458000,0 days 00:00:27.098000,0 days 00:40:44.463000,0 days 00:41:10.921000,0 days 00:41:38.019000,253.0,259.0,,282.0,False,None,,False,McLaren,0 days 00:40:16.195000,,1,,False,,False,False
2021-13,FP2,0 days 00:53:50.595000,NOR,4,,11.0,3.0,0 days 00:46:53.272000,0 days 00:48:31.955000,,0 days 00:00:32.205000,,,0 days 00:47:58.927000,,231.0,264.0,,,False,SOFT,1.0,True,McLaren,0 days 00:41:38.019000,,125,,False,,False,False
2021-13,FP2,0 days 00:55:34.947000,NOR,4,,12.0,4.0,0 days 00:53:50.595000,,,0 days 00:00:30.994000,0 days 00:00:25.482000,,0 days 00:55:09.485000,0 days 00:55:35.749000,252.0,253.0,297.0,282.0,False,SOFT,1.0,False,McLaren,0 days 00:53:50.595000,,1,,False,,False,False
2021-13,FP2,0 days 00:56:46.565000,NOR,4,0 days 00:01:11.618000,13.0,4.0,,,0 days 00:00:25.099000,0 days 00:00:24.351000,0 days 00:00:22.168000,0 days 00:56:00.046000,0 days 00:56:24.397000,0 days 00:56:46.565000,272.0,282.0,299.0,305.0,True,SOFT,2.0,False,McLaren,0 days 00:55:34.947000,,1,,False,,False,True
2021-13,FP2,0 days 00:58:33.100000,NOR,4,0 days 00:01:46.535000,14.0,4.0,,,0 days 00:00:36.368000,0 days 00:00:41.300000,0 days 00:00:28.867000,0 days 00:57:22.933000,0 days 00:58:04.233000,0 days 00:58:33.100000,246.0,231.0,298.0,260.0,False,SOFT,3.0,False,McLaren,0 days 00:56:46.565000,,1,,False,,False,True
2021-13,FP2,0 days 00:59:44.588000,NOR,4,0 days 00:01:11.488000,15.0,4.0,,,0 days 00:00:25.003000,0 days 00:00:24.354000,0 days 00:00:22.131000,0 days 00:58:58.103000,0 days 00:59:22.457000,0 days 00:59:44.588000,273.0,281.0,300.0,306.0,True,SOFT,4.0,False,McLaren,0 days 00:58:33.100000,,1,,False,,False,True
2021-13,FP2,0 days 01:01:36.678000,NOR,4,0 days 00:01:52.090000,16.0,4.0,,,0 days 00:00:35.984000,0 days 00:00:42.751000,0 days 00:00:33.355000,0 days 01:00:20.572000,0 days 01:01:03.323000,0 days 01:01:36.678000,157.0,155.0,297.0,275.0,False,SOFT,5.0,False,McLaren,0 days 00:59:44.588000,,1,,False,,False,True
2021-13,FP2,0 days 01:02:54.298000,NOR,4,0 days 00:01:17.620000,17.0,4.0,,0 days 01:02:54.334000,0 days 00:00:25.106000,0 days 00:00:25.683000,0 days 00:00:26.831000,0 days 01:02:01.784000,0 days 01:02:27.467000,0 days 01:02:54.298000,275.0,253.0,,308.0,False,SOFT,6.0,False,McLaren,0 days 01:01:36.678000,,1,,False,,False,False
2021-13,FP2,0 days 01:10:04.378000,NOR,4,,18.0,5.0,0 days 01:08:43.662000,,,0 days 00:00:26.276000,0 days 00:00:26.497000,,0 days 01:09:37.910000,0 days 01:10:04.501000,270.0,272.0,283.0,308.0,False,SOFT,8.0,False,McLaren,0 days 01:02:54.298000,,1,,False,,False,False
2021-13,FP2,0 days 01:11:20.121000,NOR,4,0 days 00:01:15.743000,19.0,5.0,,,0 days 00:00:25.879000,0 days 00:00:25.863000,0 days 00:00:24.001000,0 days 01:10:30.257000,0 days 01:10:56.120000,0 days 01:11:20.121000,276.0,268.0,286.0,289.0,False,SOFT,9.0,False,McLaren,0 days 01:10:04.378000,,1,,False,,False,True
2021-13,FP2,0 days 01:12:35.532000,NOR,4,0 days 00:01:15.411000,20.0,5.0,,,0 days 00:00:26.172000,0 days 00:00:26.045000,0 days 00:00:23.194000,0 days 01:11:46.293000,0 days 01:12:12.338000,0 days 01:12:35.532000,273.0,263.0,282.0,281.0,False,SOFT,10.0,False,McLaren,0 days 01:11:20.121000,,1,,False,,False,True
2021-13,FP2,0 days 01:13:50.979000,NOR,4,0 days 00:01:15.447000,21.0,5.0,,,0 days 00:00:26.145000,0 days 00:00:26.077000,0 days 00:00:23.225000,0 days 01:13:01.677000,0 days 01:13:27.754000,0 days 01:13:50.979000,275.0,266.0,284.0,287.0,False,SOFT,11.0,False,McLaren,0 days 01:12:35.532000,,1,,False,,False,True
2021-13,FP2,0 days 01:15:06.462000,NOR,4,0 days 00:01:15.483000,22.0,5.0,,,0 days 00:00:26.172000,0 days 00:00:26.127000,0 days 00:00:23.184000,0 days 01:14:17.151000,0 days 01:14:43.278000,0 days 01:15:06.462000,274.0,268.0,305.0,289.0,False,SOFT,12.0,False,McLaren,0 days 01:13:50.979000,,1,,False,,False,True
2021-13,FP2,0 days 01:16:22.502000,NOR,4,0 days 00:01:16.040000,23.0,5.0,,,0 days 00:00:26.229000,0 days 00:00:26.569000,0 days 00:00:23.242000,0 days 01:15:32.691000,0 days 01:15:59.260000,0 days 01:16:22.502000,280.0,281.0,303.0,306.0,False,SOFT,13.0,False,McLaren,0 days 01:15:06.462000,,1,,False,,False,True
2021-13,FP2,0 days 01:17:39.258000,NOR,4,0 days 00:01:16.756000,24.0,5.0,,,0 days 00:00:26.256000,0 days 00:00:26.712000,0 days 00:00:23.788000,0 days 01:16:48.758000,0 days 01:17:15.470000,0 days 01:17:39.258000,277.0,280.0,285.0,307.0,False,SOFT,14.0,False,McLaren,0 days 01:16:22.502000,,1,,False,,False,True
2021-13,FP2,0 days 01:18:54.800000,NOR,4,0 days 00:01:15.542000,25.0,5.0,,,0 days 00:00:26.292000,0 days 00:00:26.081000,0 days 00:00:23.169000,0 days 01:18:05.550000,0 days 01:18:31.631000,0 days 01:18:54.800000,271.0,269.0,285.0,286.0,False,SOFT,15.0,False,McLaren,0 days 01:17:39.258000,,1,,False,,False,True
2021-13,FP2,0 days 01:20:49.652000,NOR,4,0 days 00:01:54.852000,26.0,5.0,,,0 days 00:00:31.468000,0 days 00:00:31.899000,0 days 00:00:51.485000,0 days 01:19:26.268000,0 days 01:19:58.167000,0 days 01:20:49.652000,238.0,180.0,46.0,222.0,False,SOFT,16.0,False,McLaren,0 days 01:18:54.800000,,12,,False,,False,True
2021-13,FP2,0 days 01:22:42.530000,NOR,4,0 days 00:01:52.878000,27.0,5.0,,0 days 01:22:41.196000,0 days 00:00:51.641000,0 days 00:00:30.306000,0 days 00:00:30.931000,0 days 01:21:41.293000,0 days 01:22:11.599000,0 days 01:22:42.530000,222.0,229.0,,227.0,False,SOFT,17.0,False,McLaren,0 days 01:20:49.652000,,1,,False,,False,False
2021-13,FP2,0 days 00:34:29.005000,VET,5,,1.0,1.0,0 days 00:32:57.395000,,,0 days 00:00:27.180000,0 days 00:00:32.628000,,0 days 00:33:56.436000,0 days 00:34:29.131000,256.0,272.0,302.0,,False,MEDIUM,1.0,True,Aston Martin,0 days 00:32:57.395000,,1,,False,,False,False
2021-13,FP2,0 days 00:35:42.484000,VET,5,0 days 00:01:13.479000,2.0,1.0,,,0 days 00:00:25.608000,0 days 00:00:25.238000,0 days 00:00:22.633000,0 days 00:34:54.613000,0 days 00:35:19.851000,0 days 00:35:42.484000,272.0,282.0,305.0,312.0,True,MEDIUM,2.0,True,Aston Martin,0 days 00:34:29.005000,,1,,False,,False,True
2021-13,FP2,0 days 00:37:22.221000,VET,5,0 days 00:01:39.737000,3.0,1.0,,,0 days 00:00:29.461000,0 days 00:00:37.964000,0 days 00:00:32.312000,0 days 00:36:11.945000,0 days 00:36:49.909000,0 days 00:37:22.221000,214.0,143.0,299.0,253.0,False,MEDIUM,3.0,True,Aston Martin,0 days 00:35:42.484000,,1,,False,,False,True
2021-13,FP2,0 days 00:38:34.764000,VET,5,0 days 00:01:12.543000,4.0,1.0,,,0 days 00:00:25.184000,0 days 00:00:24.934000,0 days 00:00:22.425000,0 days 00:37:47.405000,0 days 00:38:12.339000,0 days 00:38:34.764000,273.0,282.0,300.0,310.0,True,MEDIUM,4.0,True,Aston Martin,0 days 00:37:22.221000,,1,,False,,False,True
2021-13,FP2,0 days 00:40:09.816000,VET,5,0 days 00:01:35.052000,5.0,1.0,,,0 days 00:00:34.311000,0 days 00:00:33.899000,0 days 00:00:26.842000,0 days 00:39:09.075000,0 days 00:39:42.974000,0 days 00:40:09.816000,174.0,221.0,299.0,243.0,False,MEDIUM,5.0,True,Aston Martin,0 days 00:38:34.764000,,1,,False,,False,True
2021-13,FP2,0 days 00:41:22.010000,VET,5,0 days 00:01:12.194000,6.0,1.0,,,0 days 00:00:25.062000,0 days 00:00:24.962000,0 days 00:00:22.170000,0 days 00:40:34.878000,0 days 00:40:59.840000,0 days 00:41:22.010000,272.0,281.0,293.0,309.0,True,MEDIUM,6.0,True,Aston Martin,0 days 00:40:09.816000,,1,,False,,False,True
2021-13,FP2,0 days 00:42:55.939000,VET,5,0 days 00:01:33.929000,7.0,1.0,,,0 days 00:00:32.116000,0 days 00:00:34.690000,0 days 00:00:27.123000,0 days 00:41:54.126000,0 days 00:42:28.816000,0 days 00:42:55.939000,207.0,243.0,298.0,249.0,False,MEDIUM,7.0,True,Aston Martin,0 days 00:41:22.010000,,1,,False,,False,True
2021-13,FP2,0 days 00:44:17.796000,VET,5,0 days 00:01:21.857000,8.0,1.0,,0 days 00:44:16.636000,0 days 00:00:25.189000,0 days 00:00:24.925000,0 days 00:00:31.743000,0 days 00:43:21.128000,0 days 00:43:46.053000,0 days 00:44:17.796000,271.0,284.0,,306.0,False,MEDIUM,8.0,True,Aston Martin,0 days 00:42:55.939000,,1,,False,,False,False
2021-13,FP2,0 days 00:55:41.792000,VET,5,,9.0,2.0,0 days 00:53:57.538000,,,0 days 00:00:35.244000,0 days 00:00:25.042000,,0 days 00:55:18.371000,0 days 00:55:41.911000,241.0,261.0,302.0,306.0,False,SOFT,1.0,True,Aston Martin,0 days 00:53:57.538000,,1,,False,,False,False
2021-13,FP2,0 days 00:56:53.566000,VET,5,0 days 00:01:11.774000,10.0,2.0,,,0 days 00:00:24.805000,0 days 00:00:24.375000,0 days 00:00:22.594000,0 days 00:56:06.597000,0 days 00:56:30.972000,0 days 00:56:53.566000,276.0,284.0,303.0,311.0,True,SOFT,2.0,True,Aston Martin,0 days 00:55:41.792000,,1,,False,,False,True
2021-13,FP2,0 days 00:58:38.814000,VET,5,0 days 00:01:45.248000,11.0,2.0,,,0 days 00:00:33.152000,0 days 00:00:39.279000,0 days 00:00:32.817000,0 days 00:57:26.718000,0 days 00:58:05.997000,0 days 00:58:38.814000,150.0,191.0,299.0,232.0,False,SOFT,3.0,True,Aston Martin,0 days 00:56:53.566000,,1,,False,,False,True
2021-13,FP2,0 days 00:59:50.527000,VET,5,0 days 00:01:11.713000,12.0,2.0,,,0 days 00:00:25.078000,0 days 00:00:24.450000,0 days 00:00:22.185000,0 days 00:59:03.892000,0 days 00:59:28.342000,0 days 00:59:50.527000,272.0,281.0,299.0,308.0,True,SOFT,4.0,True,Aston Martin,0 days 00:58:38.814000,,1,,False,,False,True
2021-13,FP2,0 days 01:01:19.189000,VET,5,0 days 00:01:28.662000,13.0,2.0,,0 days 01:01:19.498000,0 days 00:00:29.436000,0 days 00:00:30.494000,0 days 00:00:28.732000,0 days 01:00:19.963000,0 days 01:00:50.457000,0 days 01:01:19.189000,214.0,260.0,,250.0,False,SOFT,5.0,True,Aston Martin,0 days 00:59:50.527000,,1,,False,,False,False
2021-13,FP2,0 days 01:08:24.176000,VET,5,,14.0,3.0,0 days 01:07:05.134000,,,0 days 00:00:27.711000,0 days 00:00:23.717000,,0 days 01:08:00.465000,0 days 01:08:25.904000,254.0,256.0,281.0,250.0,False,SOFT,6.0,False,Aston Martin,0 days 01:01:19.189000,,1,,False,,False,False
2021-13,FP2,0 days 01:09:40.006000,VET,5,0 days 00:01:15.830000,15.0,3.0,,,0 days 00:00:26.194000,0 days 00:00:26.382000,0 days 00:00:23.254000,0 days 01:08:50.370000,0 days 01:09:16.752000,0 days 01:09:40.006000,269.0,264.0,283.0,287.0,False,SOFT,7.0,False,Aston Martin,0 days 01:08:24.176000,,1,,False,,False,True
2021-13,FP2,0 days 01:10:56.459000,VET,5,0 days 00:01:16.453000,16.0,3.0,,,0 days 00:00:26.321000,0 days 00:00:26.852000,0 days 00:00:23.280000,0 days 01:10:06.327000,0 days 01:10:33.179000,0 days 01:10:56.459000,266.0,264.0,281.0,285.0,False,SOFT,8.0,False,Aston Martin,0 days 01:09:40.006000,,1,,False,,False,True
2021-13,FP2,0 days 01:12:14.420000,VET,5,0 days 00:01:17.961000,17.0,3.0,,,0 days 00:00:26.232000,0 days 00:00:26.663000,0 days 00:00:25.066000,0 days 01:11:22.691000,0 days 01:11:49.354000,0 days 01:12:14.420000,273.0,267.0,282.0,286.0,False,SOFT,9.0,False,Aston Martin,0 days 01:10:56.459000,,1,,False,,False,True
2021-13,FP2,0 days 01:13:31.008000,VET,5,0 days 00:01:16.588000,18.0,3.0,,,0 days 00:00:26.411000,0 days 00:00:26.659000,0 days 00:00:23.518000,0 days 01:12:40.831000,0 days 01:13:07.490000,0 days 01:13:31.008000,272.0,267.0,282.0,288.0,False,SOFT,10.0,False,Aston Martin,0 days 01:12:14.420000,,1,,False,,False,True
2021-13,FP2,0 days 01:14:47.555000,VET,5,0 days 00:01:16.547000,19.0,3.0,,,0 days 00:00:26.471000,0 days 00:00:26.709000,0 days 00:00:23.367000,0 days 01:13:57.479000,0 days 01:14:24.188000,0 days 01:14:47.555000,271.0,266.0,283.0,282.0,False,SOFT,11.0,False,Aston Martin,0 days 01:13:31.008000,,1,,False,,False,True
2021-13,FP2,0 days 01:16:03.770000,VET,5,0 days 00:01:16.215000,20.0,3.0,,,0 days 00:00:26.436000,0 days 00:00:26.530000,0 days 00:00:23.249000,0 days 01:15:13.991000,0 days 01:15:40.521000,0 days 01:16:03.770000,271.0,267.0,284.0,280.0,False,SOFT,12.0,False,Aston Martin,0 days 01:14:47.555000,,1,,False,,False,True
2021-13,FP2,0 days 01:17:24.497000,VET,5,0 days 00:01:20.727000,21.0,3.0,,,0 days 00:00:26.362000,0 days 00:00:26.692000,0 days 00:00:27.673000,0 days 01:16:30.132000,0 days 01:16:56.824000,0 days 01:17:24.497000,269.0,263.0,284.0,282.0,False,SOFT,13.0,False,Aston Martin,0 days 01:16:03.770000,,1,,False,,False,True
2021-13,FP2,0 days 01:18:40.342000,VET,5,0 days 00:01:15.845000,22.0,3.0,,,0 days 00:00:26.267000,0 days 00:00:26.376000,0 days 00:00:23.202000,0 days 01:17:50.764000,0 days 01:18:17.140000,0 days 01:18:40.342000,271.0,267.0,285.0,290.0,False,SOFT,14.0,False,Aston Martin,0 days 01:17:24.497000,,1,,False,,False,True
2021-13,FP2,0 days 01:20:42.500000,VET,5,0 days 00:02:02.158000,23.0,3.0,,,0 days 00:00:32.261000,0 days 00:00:34.919000,0 days 00:00:54.978000,0 days 01:19:12.603000,0 days 01:19:47.522000,0 days 01:20:42.500000,170.0,149.0,53.0,248.0,False,SOFT,15.0,False,Aston Martin,0 days 01:18:40.342000,,12,,False,,False,True
2021-13,FP2,0 days 01:22:55.696000,VET,5,0 days 00:02:13.196000,24.0,3.0,,0 days 01:22:55.578000,0 days 00:00:57.690000,0 days 00:00:34.637000,0 days 00:00:40.869000,0 days 01:21:40.190000,0 days 01:22:14.827000,0 days 01:22:55.696000,192.0,81.0,,218.0,False,SOFT,16.0,False,Aston Martin,0 days 01:20:42.500000,,1,,False,,False,False
2021-13,FP2,0 days 00:21:27.754000,LAT,6,,1.0,1.0,0 days 00:19:41.267000,,,0 days 00:00:29.653000,0 days 00:00:36.493000,,0 days 00:20:51.307000,0 days 00:21:27.864000,254.0,206.0,296.0,,False,HARD,1.0,True,Williams,0 days 00:19:41.267000,,1,,False,,False,False
2021-13,FP2,0 days 00:22:42.869000,LAT,6,0 days 00:01:15.115000,2.0,1.0,,,0 days 00:00:26.452000,0 days 00:00:25.728000,0 days 00:00:22.935000,0 days 00:21:54.206000,0 days 00:22:19.934000,0 days 00:22:42.869000,272.0,281.0,299.0,306.0,True,HARD,2.0,True,Williams,0 days 00:21:27.754000,,1,,False,,False,True
2021-13,FP2,0 days 00:37:39.218000,LAT,6,,3.0,1.0,,0 days 00:24:32.878000,0 days 00:00:31.959000,,,0 days 00:23:14.819000,,,216.0,,,277.0,False,HARD,3.0,True,Williams,0 days 00:22:42.869000,,125,,False,,False,False
2021-13,FP2,0 days 00:39:14.340000,LAT,6,,4.0,2.0,0 days 00:37:39.218000,,,0 days 00:00:32.282000,0 days 00:00:26.618000,,0 days 00:38:47.743000,0 days 00:39:14.485000,249.0,262.0,300.0,277.0,False,SOFT,1.0,True,Williams,0 days 00:37:39.218000,,1,,False,,False,False
2021-13,FP2,0 days 00:40:26.950000,LAT,6,0 days 00:01:12.610000,5.0,2.0,,,0 days 00:00:25.244000,0 days 00:00:24.921000,0 days 00:00:22.445000,0 days 00:39:39.584000,0 days 00:40:04.505000,0 days 00:40:26.950000,274.0,282.0,306.0,308.0,True,SOFT,2.0,True,Williams,0 days 00:39:14.340000,,1,,False,,False,True
2021-13,FP2,0 days 00:42:16.969000,LAT,6,0 days 00:01:50.019000,6.0,2.0,,,0 days 00:00:36.001000,0 days 00:00:39.375000,0 days 00:00:34.643000,0 days 00:41:02.951000,0 days 00:41:42.326000,0 days 00:42:16.969000,133.0,151.0,200.0,295.0,False,SOFT,3.0,True,Williams,0 days 00:40:26.950000,,1,,False,,False,True
2021-13,FP2,0 days 00:43:58.996000,LAT,6,0 days 00:01:42.027000,7.0,2.0,,,0 days 00:00:34.799000,0 days 00:00:38.804000,0 days 00:00:28.424000,0 days 00:42:51.768000,0 days 00:43:30.572000,0 days 00:43:58.996000,255.0,228.0,295.0,183.0,False,SOFT,4.0,True,Williams,0 days 00:42:16.969000,,1,,False,,False,True
2021-13,FP2,0 days 00:45:12.438000,LAT,6,0 days 00:01:13.442000,8.0,2.0,,,0 days 00:00:25.771000,0 days 00:00:25.047000,0 days 00:00:22.624000,0 days 00:44:24.767000,0 days 00:44:49.814000,0 days 00:45:12.438000,273.0,281.0,297.0,303.0,False,SOFT,5.0,True,Williams,0 days 00:43:58.996000,,1,,False,,False,True
2021-13,FP2,0 days 00:46:45.721000,LAT,6,0 days 00:01:33.283000,9.0,2.0,,0 days 00:46:44.116000,0 days 00:00:32.909000,0 days 00:00:31.715000,0 days 00:00:28.659000,0 days 00:45:45.347000,0 days 00:46:17.062000,0 days 00:46:45.721000,186.0,240.0,,278.0,False,SOFT,6.0,True,Williams,0 days 00:45:12.438000,,1,,False,,False,False
2021-13,FP2,0 days 00:55:20.445000,LAT,6,,10.0,3.0,0 days 00:53:41.282000,,,0 days 00:00:31.053000,0 days 00:00:27.827000,,0 days 00:54:52.693000,0 days 00:55:20.720000,249.0,229.0,283.0,278.0,False,SOFT,7.0,False,Williams,0 days 00:53:41.282000,,1,,False,,False,False
2021-13,FP2,0 days 00:56:41.121000,LAT,6,0 days 00:01:20.676000,11.0,3.0,,0 days 00:56:39.915000,0 days 00:00:27.199000,0 days 00:00:26.704000,0 days 00:00:26.773000,0 days 00:55:47.644000,0 days 00:56:14.348000,0 days 00:56:41.121000,268.0,266.0,,288.0,False,SOFT,8.0,False,Williams,0 days 00:55:20.445000,,1,,False,,False,False
2021-13,FP2,0 days 00:58:21.885000,LAT,6,0 days 00:01:40.764000,12.0,4.0,0 days 00:56:59.388000,,0 days 00:00:46.599000,0 days 00:00:29.988000,0 days 00:00:24.177000,0 days 00:57:27.720000,0 days 00:57:57.708000,0 days 00:58:21.885000,263.0,262.0,281.0,288.0,False,HARD,4.0,False,Williams,0 days 00:56:41.121000,,1,,False,,False,False
2021-13,FP2,0 days 00:59:39.231000,LAT,6,0 days 00:01:17.346000,13.0,4.0,,,0 days 00:00:27.079000,0 days 00:00:26.635000,0 days 00:00:23.632000,0 days 00:58:48.964000,0 days 00:59:15.599000,0 days 00:59:39.231000,269.0,265.0,281.0,277.0,False,HARD,5.0,False,Williams,0 days 00:58:21.885000,,1,,False,,False,True
2021-13,FP2,0 days 01:00:56.636000,LAT,6,0 days 00:01:17.405000,14.0,4.0,,,0 days 00:00:26.647000,0 days 00:00:26.973000,0 days 00:00:23.785000,0 days 01:00:05.878000,0 days 01:00:32.851000,0 days 01:00:56.636000,270.0,264.0,281.0,280.0,False,HARD,6.0,False,Williams,0 days 00:59:39.231000,,1,,False,,False,True
2021-13,FP2,0 days 01:02:13.922000,LAT,6,0 days 00:01:17.286000,15.0,4.0,,,0 days 00:00:27.020000,0 days 00:00:26.651000,0 days 00:00:23.615000,0 days 01:01:23.656000,0 days 01:01:50.307000,0 days 01:02:13.922000,270.0,275.0,301.0,286.0,False,HARD,7.0,False,Williams,0 days 01:00:56.636000,,1,,False,,False,True
2021-13,FP2,0 days 01:03:31.448000,LAT,6,0 days 00:01:17.526000,16.0,4.0,,,0 days 00:00:26.906000,0 days 00:00:26.882000,0 days 00:00:23.738000,0 days 01:02:40.828000,0 days 01:03:07.710000,0 days 01:03:31.448000,270.0,274.0,282.0,311.0,False,HARD,8.0,False,Williams,0 days 01:02:13.922000,,1,,False,,False,True
2021-13,FP2,0 days 01:04:49.220000,LAT,6,0 days 00:01:17.772000,17.0,4.0,,,0 days 00:00:27.002000,0 days 00:00:26.896000,0 days 00:00:23.874000,0 days 01:03:58.450000,0 days 01:04:25.346000,0 days 01:04:49.220000,271.0,265.0,276.0,281.0,False,HARD,9.0,False,Williams,0 days 01:03:31.448000,,1,,False,,False,True
2021-13,FP2,0 days 01:06:07.669000,LAT,6,0 days 00:01:18.449000,18.0,4.0,,,0 days 00:00:27.320000,0 days 00:00:27.291000,0 days 00:00:23.838000,0 days 01:05:16.540000,0 days 01:05:43.831000,0 days 01:06:07.669000,262.0,258.0,280.0,270.0,False,HARD,10.0,False,Williams,0 days 01:04:49.220000,,1,,False,,False,True
2021-13,FP2,0 days 01:07:25.293000,LAT,6,0 days 00:01:17.624000,19.0,4.0,,,0 days 00:00:27.037000,0 days 00:00:26.869000,0 days 00:00:23.718000,0 days 01:06:34.706000,0 days 01:07:01.575000,0 days 01:07:25.293000,269.0,264.0,280.0,286.0,False,HARD,11.0,False,Williams,0 days 01:06:07.669000,,1,,False,,False,True
2021-13,FP2,0 days 01:08:42.423000,LAT,6,0 days 00:01:17.130000,20.0,4.0,,,0 days 00:00:26.744000,0 days 00:00:26.642000,0 days 00:00:23.744000,0 days 01:07:52.037000,0 days 01:08:18.679000,0 days 01:08:42.423000,270.0,265.0,281.0,285.0,False,HARD,12.0,False,Williams,0 days 01:07:25.293000,,1,,False,,False,True
2021-13,FP2,0 days 01:10:00.500000,LAT,6,0 days 00:01:18.077000,21.0,4.0,,,0 days 00:00:26.828000,0 days 00:00:27.305000,0 days 00:00:23.944000,0 days 01:09:09.251000,0 days 01:09:36.556000,0 days 01:10:00.500000,274.0,276.0,285.0,282.0,False,HARD,13.0,False,Williams,0 days 01:08:42.423000,,1,,False,,False,True
2021-13,FP2,0 days 01:11:21.774000,LAT,6,0 days 00:01:21.274000,22.0,4.0,,,0 days 00:00:26.895000,0 days 00:00:26.806000,0 days 00:00:27.573000,0 days 01:10:27.395000,0 days 01:10:54.201000,0 days 01:11:21.774000,274.0,266.0,285.0,290.0,False,HARD,14.0,False,Williams,0 days 01:10:00.500000,,1,,False,,False,True
2021-13,FP2,0 days 01:12:49.200000,LAT,6,0 days 00:01:27.426000,23.0,4.0,,,0 days 00:00:29.025000,0 days 00:00:31.618000,0 days 00:00:26.783000,0 days 01:11:50.799000,0 days 01:12:22.417000,0 days 01:12:49.200000,259.0,255.0,264.0,290.0,False,HARD,15.0,False,Williams,0 days 01:11:21.774000,,1,,False,,False,True
2021-13,FP2,0 days 01:14:20.065000,LAT,6,0 days 00:01:30.865000,24.0,4.0,,0 days 01:14:19.462000,0 days 00:00:29.790000,0 days 00:00:31.860000,0 days 00:00:29.215000,0 days 01:13:18.990000,0 days 01:13:50.850000,0 days 01:14:20.065000,258.0,215.0,,253.0,False,HARD,16.0,False,Williams,0 days 01:12:49.200000,,1,,False,,False,False
2021-13,FP2,0 days 01:19:31.920000,LAT,6,,25.0,5.0,0 days 01:17:53.615000,,,0 days 00:00:35.553000,0 days 00:00:27.561000,,0 days 01:19:04.364000,0 days 01:19:32.041000,230.0,243.0,269.0,253.0,False,SOFT,9.0,False,Williams,0 days 01:14:20.065000,,1,,False,,False,False
2021-13,FP2,0 days 01:21:36.447000,LAT,6,0 days 00:02:04.527000,26.0,5.0,,,0 days 00:00:33.310000,0 days 00:00:32.958000,0 days 00:00:58.259000,0 days 01:20:05.230000,0 days 01:20:38.188000,0 days 01:21:36.447000,255.0,171.0,57.0,185.0,False,SOFT,10.0,False,Williams,0 days 01:19:31.920000,,12,,False,,False,True
2021-13,FP2,0 days 01:23:33.174000,LAT,6,0 days 00:01:56.727000,27.0,5.0,,0 days 01:23:31.560000,0 days 00:00:48.478000,0 days 00:00:33.111000,0 days 00:00:35.138000,0 days 01:22:24.925000,0 days 01:22:58.036000,0 days 01:23:33.174000,155.0,256.0,,205.0,False,SOFT,11.0,False,Williams,0 days 01:21:36.447000,,1,,False,,False,False
2021-13,FP2,0 days 00:20:09.644000,RAI,7,,1.0,1.0,0 days 00:18:36.368000,,,0 days 00:00:30.258000,0 days 00:00:26.602000,,0 days 00:19:43.050000,0 days 00:20:09.761000,253.0,260.0,295.0,,False,MEDIUM,1.0,True,Alfa Romeo Racing,0 days 00:18:36.368000,,1,,False,,False,False
2021-13,FP2,0 days 00:21:23.900000,RAI,7,0 days 00:01:14.256000,2.0,1.0,,,0 days 00:00:25.706000,0 days 00:00:25.675000,0 days 00:00:22.875000,0 days 00:20:35.350000,0 days 00:21:01.025000,0 days 00:21:23.900000,277.0,285.0,322.0,304.0,True,MEDIUM,2.0,True,Alfa Romeo Racing,0 days 00:20:09.644000,,1,,False,,False,True
2021-13,FP2,0 days 00:23:13.064000,RAI,7,0 days 00:01:49.164000,3.0,1.0,,,0 days 00:00:44.148000,0 days 00:00:32.914000,0 days 00:00:32.102000,0 days 00:22:08.048000,0 days 00:22:40.962000,0 days 00:23:13.064000,199.0,252.0,301.0,204.0,False,MEDIUM,3.0,True,Alfa Romeo Racing,0 days 00:21:23.900000,,1,,False,,False,True
2021-13,FP2,0 days 00:31:46.216000,RAI,7,,4.0,1.0,,0 days 00:24:56.890000,0 days 00:00:25.338000,,,0 days 00:23:38.420000,,,280.0,,,311.0,False,MEDIUM,4.0,True,Alfa Romeo Racing,0 days 00:23:13.064000,,125,,False,,False,False
2021-13,FP2,0 days 00:33:31.998000,RAI,7,,5.0,2.0,0 days 00:31:46.216000,,,0 days 00:00:30.462000,0 days 00:00:28.239000,,0 days 00:33:08.749000,0 days 00:33:32.100000,266.0,268.0,302.0,311.0,False,MEDIUM,5.0,False,Alfa Romeo Racing,0 days 00:31:46.216000,,1,,False,,False,False
2021-13,FP2,0 days 00:34:44.746000,RAI,7,0 days 00:01:12.748000,6.0,2.0,,,0 days 00:00:25.284000,0 days 00:00:25.064000,0 days 00:00:22.400000,0 days 00:33:57.282000,0 days 00:34:22.346000,0 days 00:34:44.746000,279.0,286.0,304.0,313.0,True,MEDIUM,6.0,False,Alfa Romeo Racing,0 days 00:33:31.998000,,1,,False,,False,True
2021-13,FP2,0 days 00:36:37.420000,RAI,7,0 days 00:01:52.674000,7.0,2.0,,,0 days 00:00:39.768000,0 days 00:00:40.631000,0 days 00:00:32.275000,0 days 00:35:24.514000,0 days 00:36:05.145000,0 days 00:36:37.420000,199.0,117.0,300.0,214.0,False,MEDIUM,7.0,False,Alfa Romeo Racing,0 days 00:34:44.746000,,1,,False,,False,True
2021-13,FP2,0 days 00:37:50.186000,RAI,7,0 days 00:01:12.766000,8.0,2.0,,,0 days 00:00:25.347000,0 days 00:00:25.124000,0 days 00:00:22.295000,0 days 00:37:02.767000,0 days 00:37:27.891000,0 days 00:37:50.186000,276.0,285.0,306.0,310.0,False,MEDIUM,8.0,False,Alfa Romeo Racing,0 days 00:36:37.420000,,1,,False,,False,True
2021-13,FP2,0 days 00:39:29.577000,RAI,7,0 days 00:01:39.391000,9.0,2.0,,,0 days 00:00:36.889000,0 days 00:00:36.526000,0 days 00:00:25.976000,0 days 00:38:27.075000,0 days 00:39:03.601000,0 days 00:39:29.577000,200.0,253.0,301.0,252.0,False,MEDIUM,9.0,False,Alfa Romeo Racing,0 days 00:37:50.186000,,1,,False,,False,True
2021-13,FP2,0 days 00:40:42.031000,RAI,7,0 days 00:01:12.454000,10.0,2.0,,,0 days 00:00:25.090000,0 days 00:00:25.017000,0 days 00:00:22.347000,0 days 00:39:54.667000,0 days 00:40:19.684000,0 days 00:40:42.031000,278.0,284.0,305.0,310.0,True,MEDIUM,10.0,False,Alfa Romeo Racing,0 days 00:39:29.577000,,1,,False,,False,True
2021-13,FP2,0 days 00:42:05.024000,RAI,7,0 days 00:01:22.993000,11.0,2.0,,0 days 00:42:03.806000,0 days 00:00:27.443000,0 days 00:00:27.646000,0 days 00:00:27.904000,0 days 00:41:09.474000,0 days 00:41:37.120000,0 days 00:42:05.024000,251.0,257.0,,310.0,False,MEDIUM,11.0,False,Alfa Romeo Racing,0 days 00:40:42.031000,,1,,False,,False,False
2021-13,FP2,0 days 00:43:48.581000,RAI,7,0 days 00:01:43.557000,12.0,3.0,0 days 00:42:25.004000,0 days 00:43:48.637000,0 days 00:00:48.132000,0 days 00:00:27.662000,0 days 00:00:27.763000,0 days 00:42:53.156000,0 days 00:43:20.818000,0 days 00:43:48.581000,255.0,259.0,,310.0,False,MEDIUM,12.0,False,Alfa Romeo Racing,0 days 00:42:05.024000,,1,,False,,False,False
2021-13,FP2,0 days 00:53:38.731000,RAI,7,,13.0,4.0,0 days 00:47:25.784000,0 days 00:49:22.384000,,,,,,,239.0,,,,False,SOFT,1.0,True,Alfa Romeo Racing,0 days 00:43:48.581000,,125,,False,,False,False
2021-13,FP2,0 days 00:55:18.350000,RAI,7,,14.0,5.0,0 days 00:53:38.731000,,,0 days 00:00:32.128000,0 days 00:00:27.040000,,0 days 00:54:51.330000,0 days 00:55:18.487000,232.0,259.0,302.0,310.0,False,SOFT,1.0,False,Alfa Romeo Racing,0 days 00:53:38.731000,,1,,False,,False,False
2021-13,FP2,0 days 00:56:30.917000,RAI,7,0 days 00:01:12.567000,15.0,5.0,,,0 days 00:00:25.253000,0 days 00:00:24.832000,0 days 00:00:22.482000,0 days 00:55:43.603000,0 days 00:56:08.435000,0 days 00:56:30.917000,280.0,285.0,303.0,312.0,False,SOFT,2.0,False,Alfa Romeo Racing,0 days 00:55:18.350000,,1,,False,,False,True
2021-13,FP2,0 days 00:58:14.077000,RAI,7,0 days 00:01:43.160000,16.0,5.0,,,0 days 00:00:37.245000,0 days 00:00:36.251000,0 days 00:00:29.664000,0 days 00:57:08.162000,0 days 00:57:44.413000,0 days 00:58:14.077000,228.0,201.0,300.0,208.0,False,SOFT,3.0,False,Alfa Romeo Racing,0 days 00:56:30.917000,,1,,False,,False,True
2021-13,FP2,0 days 00:59:26.283000,RAI,7,0 days 00:01:12.206000,17.0,5.0,,,0 days 00:00:25.205000,0 days 00:00:24.755000,0 days 00:00:22.246000,0 days 00:58:39.282000,0 days 00:59:04.037000,0 days 00:59:26.283000,278.0,284.0,304.0,311.0,True,SOFT,4.0,False,Alfa Romeo Racing,0 days 00:58:14.077000,,1,,False,,False,True
2021-13,FP2,0 days 01:01:09.164000,RAI,7,0 days 00:01:42.881000,18.0,5.0,,,0 days 00:00:36.975000,0 days 00:00:39.351000,0 days 00:00:26.555000,0 days 01:00:03.258000,0 days 01:00:42.609000,0 days 01:01:09.164000,211.0,112.0,298.0,265.0,False,SOFT,5.0,False,Alfa Romeo Racing,0 days 00:59:26.283000,,1,,False,,False,True
2021-13,FP2,0 days 01:02:27.999000,RAI,7,0 days 00:01:18.835000,19.0,5.0,,0 days 01:02:26.459000,0 days 00:00:25.054000,0 days 00:00:24.897000,0 days 00:00:28.884000,0 days 01:01:34.218000,0 days 01:01:59.115000,0 days 01:02:27.999000,278.0,283.0,,308.0,False,SOFT,6.0,False,Alfa Romeo Racing,0 days 01:01:09.164000,,1,,False,,False,False
2021-13,FP2,0 days 01:07:53.230000,RAI,7,,20.0,6.0,0 days 01:06:30.542000,,,0 days 00:00:28.075000,0 days 00:00:23.725000,,0 days 01:07:29.525000,0 days 01:07:53.369000,249.0,255.0,284.0,308.0,False,MEDIUM,13.0,False,Alfa Romeo Racing,0 days 01:02:27.999000,,1,,False,,False,False
2021-13,FP2,0 days 01:09:08.856000,RAI,7,0 days 00:01:15.626000,21.0,6.0,,,0 days 00:00:26.084000,0 days 00:00:26.272000,0 days 00:00:23.270000,0 days 01:08:19.314000,0 days 01:08:45.586000,0 days 01:09:08.856000,272.0,269.0,283.0,289.0,False,MEDIUM,14.0,False,Alfa Romeo Racing,0 days 01:07:53.230000,,1,,False,,False,True
2021-13,FP2,0 days 01:10:29.241000,RAI,7,0 days 00:01:20.385000,22.0,6.0,,0 days 01:10:27.950000,0 days 00:00:26.235000,0 days 00:00:27.101000,0 days 00:00:27.049000,0 days 01:09:35.091000,0 days 01:10:02.192000,0 days 01:10:29.241000,273.0,279.0,,286.0,False,MEDIUM,15.0,False,Alfa Romeo Racing,0 days 01:09:08.856000,,1,,False,,False,False
2021-13,FP2,0 days 01:12:05.725000,RAI,7,0 days 00:01:36.484000,23.0,7.0,0 days 01:10:47.621000,,0 days 00:00:46.482000,0 days 00:00:26.498000,0 days 00:00:23.504000,0 days 01:11:15.723000,0 days 01:11:42.221000,0 days 01:12:05.725000,274.0,267.0,286.0,286.0,False,SOFT,8.0,False,Alfa Romeo Racing,0 days 01:10:29.241000,,1,,False,,False,False
2021-13,FP2,0 days 01:13:22.657000,RAI,7,0 days 00:01:16.932000,24.0,7.0,,,0 days 00:00:26.149000,0 days 00:00:26.714000,0 days 00:00:24.069000,0 days 01:12:31.874000,0 days 01:12:58.588000,0 days 01:13:22.657000,277.0,269.0,285.0,290.0,False,SOFT,9.0,False,Alfa Romeo Racing,0 days 01:12:05.725000,,1,,False,,False,True
2021-13,FP2,0 days 01:14:39.099000,RAI,7,0 days 00:01:16.442000,25.0,7.0,,,0 days 00:00:26.384000,0 days 00:00:26.560000,0 days 00:00:23.498000,0 days 01:13:49.041000,0 days 01:14:15.601000,0 days 01:14:39.099000,273.0,267.0,285.0,289.0,False,SOFT,10.0,False,Alfa Romeo Racing,0 days 01:13:22.657000,,1,,False,,False,True
2021-13,FP2,0 days 01:15:55.184000,RAI,7,0 days 00:01:16.085000,26.0,7.0,,,0 days 00:00:26.257000,0 days 00:00:26.525000,0 days 00:00:23.303000,0 days 01:15:05.356000,0 days 01:15:31.881000,0 days 01:15:55.184000,276.0,267.0,285.0,289.0,False,SOFT,11.0,False,Alfa Romeo Racing,0 days 01:14:39.099000,,1,,False,,False,True
2021-13,FP2,0 days 01:17:12.089000,RAI,7,0 days 00:01:16.905000,27.0,7.0,,,0 days 00:00:26.766000,0 days 00:00:26.654000,0 days 00:00:23.485000,0 days 01:16:21.950000,0 days 01:16:48.604000,0 days 01:17:12.089000,275.0,267.0,287.0,289.0,False,SOFT,12.0,False,Alfa Romeo Racing,0 days 01:15:55.184000,,1,,False,,False,True
2021-13,FP2,0 days 01:18:28.730000,RAI,7,0 days 00:01:16.641000,28.0,7.0,,,0 days 00:00:26.485000,0 days 00:00:26.684000,0 days 00:00:23.472000,0 days 01:17:38.574000,0 days 01:18:05.258000,0 days 01:18:28.730000,275.0,268.0,286.0,291.0,False,SOFT,13.0,False,Alfa Romeo Racing,0 days 01:17:12.089000,,1,,False,,False,True
2021-13,FP2,0 days 01:19:48.602000,RAI,7,0 days 00:01:19.872000,29.0,7.0,,,0 days 00:00:26.547000,0 days 00:00:28.670000,0 days 00:00:24.655000,0 days 01:18:55.277000,0 days 01:19:23.947000,0 days 01:19:48.602000,274.0,265.0,287.0,289.0,False,SOFT,14.0,False,Alfa Romeo Racing,0 days 01:18:28.730000,,1,,False,,False,True
2021-13,FP2,0 days 01:21:52.421000,RAI,7,0 days 00:02:03.819000,30.0,7.0,,,0 days 00:00:31.137000,0 days 00:00:35.372000,0 days 00:00:57.310000,0 days 01:20:19.739000,0 days 01:20:55.111000,0 days 01:21:52.421000,188.0,241.0,71.0,282.0,False,SOFT,15.0,False,Alfa Romeo Racing,0 days 01:19:48.602000,,12,,False,,False,True
2021-13,FP2,0 days 01:23:42.729000,RAI,7,0 days 00:01:50.308000,31.0,7.0,,0 days 01:23:41.438000,0 days 00:00:53.943000,0 days 00:00:26.882000,0 days 00:00:29.483000,0 days 01:22:46.364000,0 days 01:23:13.246000,0 days 01:23:42.729000,273.0,256.0,,220.0,False,SOFT,16.0,False,Alfa Romeo Racing,0 days 01:21:52.421000,,1,,False,,False,False
2021-13,FP2,0 days 00:20:18.291000,MAZ,9,,1.0,1.0,0 days 00:18:44.381000,,,0 days 00:00:31.097000,0 days 00:00:27.765000,,0 days 00:19:50.547000,0 days 00:20:18.437000,255.0,252.0,300.0,,False,MEDIUM,1.0,True,Haas F1 Team,0 days 00:18:44.381000,,1,,False,,False,False
2021-13,FP2,0 days 00:21:32.933000,MAZ,9,0 days 00:01:14.642000,2.0,1.0,,,0 days 00:00:26.251000,0 days 00:00:25.651000,0 days 00:00:22.740000,0 days 00:20:44.542000,0 days 00:21:10.193000,0 days 00:21:32.933000,275.0,283.0,306.0,308.0,True,MEDIUM,2.0,True,Haas F1 Team,0 days 00:20:18.291000,,1,,False,,False,True
2021-13,FP2,0 days 00:23:22.059000,MAZ,9,0 days 00:01:49.126000,3.0,1.0,,,0 days 00:00:39.143000,0 days 00:00:38.635000,0 days 00:00:31.348000,0 days 00:22:12.076000,0 days 00:22:50.711000,0 days 00:23:22.059000,195.0,225.0,301.0,297.0,False,MEDIUM,3.0,True,Haas F1 Team,0 days 00:21:32.933000,,1,,False,,False,True
2021-13,FP2,0 days 00:31:35.530000,MAZ,9,,4.0,1.0,,0 days 00:25:07.733000,,,,,,,,,,310.0,False,MEDIUM,4.0,True,Haas F1 Team,0 days 00:23:22.059000,,125,,False,,False,False
2021-13,FP2,0 days 00:33:00.610000,MAZ,9,,5.0,2.0,0 days 00:31:35.530000,,,0 days 00:00:28.834000,0 days 00:00:24.715000,,0 days 00:32:38.703000,0 days 00:33:00.730000,265.0,268.0,297.0,310.0,False,MEDIUM,5.0,False,Haas F1 Team,0 days 00:31:35.530000,,1,,False,,False,False
2021-13,FP2,0 days 00:34:17.591000,MAZ,9,0 days 00:01:16.981000,6.0,2.0,,,0 days 00:00:26.096000,0 days 00:00:25.464000,0 days 00:00:25.421000,0 days 00:33:26.706000,0 days 00:33:52.170000,0 days 00:34:17.591000,276.0,280.0,302.0,304.0,False,MEDIUM,6.0,False,Haas F1 Team,0 days 00:33:00.610000,,1,,False,,False,True
2021-13,FP2,0 days 00:35:31.222000,MAZ,9,0 days 00:01:13.631000,7.0,2.0,,,0 days 00:00:25.666000,0 days 00:00:25.300000,0 days 00:00:22.665000,0 days 00:34:43.257000,0 days 00:35:08.557000,0 days 00:35:31.222000,274.0,281.0,302.0,310.0,True,MEDIUM,7.0,False,Haas F1 Team,0 days 00:34:17.591000,,1,,False,,False,True
2021-13,FP2,0 days 00:37:04.254000,MAZ,9,0 days 00:01:33.032000,8.0,2.0,,0 days 00:37:02.798000,0 days 00:00:29.987000,0 days 00:00:31.114000,0 days 00:00:31.931000,0 days 00:36:01.209000,0 days 00:36:32.323000,0 days 00:37:04.254000,250.0,199.0,,265.0,False,MEDIUM,8.0,False,Haas F1 Team,0 days 00:35:31.222000,,1,,False,,False,False
2021-13,FP2,0 days 00:44:22.460000,MAZ,9,,9.0,3.0,0 days 00:42:47.921000,,,0 days 00:00:33.650000,0 days 00:00:26.336000,,0 days 00:43:56.135000,0 days 00:44:24.784000,242.0,259.0,299.0,265.0,False,SOFT,1.0,True,Haas F1 Team,0 days 00:37:04.254000,,1,,False,,False,False
2021-13,FP2,0 days 00:45:35.295000,MAZ,9,0 days 00:01:12.835000,10.0,3.0,,,0 days 00:00:25.407000,0 days 00:00:24.982000,0 days 00:00:22.446000,0 days 00:44:47.867000,0 days 00:45:12.849000,0 days 00:45:35.295000,276.0,283.0,303.0,310.0,True,SOFT,2.0,True,Haas F1 Team,0 days 00:44:22.460000,,1,,False,,False,True
2021-13,FP2,0 days 00:47:13.562000,MAZ,9,0 days 00:01:38.267000,11.0,3.0,,,0 days 00:00:35.111000,0 days 00:00:35.908000,0 days 00:00:27.248000,0 days 00:46:10.406000,0 days 00:46:46.314000,0 days 00:47:13.562000,213.0,228.0,301.0,255.0,False,SOFT,3.0,True,Haas F1 Team,0 days 00:45:35.295000,,1,,False,,False,True
2021-13,FP2,0 days 00:52:30.518000,MAZ,9,,12.0,3.0,,0 days 00:52:30.518000,0 days 00:00:25.454000,0 days 00:00:25.147000,,0 days 00:47:39.021000,0 days 00:48:04.178000,,277.0,283.0,,311.0,False,SOFT,4.0,True,Haas F1 Team,0 days 00:47:13.562000,,125,,False,,False,False
2021-13,FP2,0 days 00:21:34.645000,GAS,10,,1.0,1.0,0 days 00:19:47.270000,,,0 days 00:00:30.276000,0 days 00:00:41.531000,,0 days 00:20:53.114000,0 days 00:21:34.742000,259.0,258.0,297.0,,False,HARD,1.0,True,AlphaTauri,0 days 00:19:47.270000,,1,,False,,False,False
2021-13,FP2,0 days 00:22:49.131000,GAS,10,0 days 00:01:14.486000,2.0,1.0,,,0 days 00:00:26.437000,0 days 00:00:25.240000,0 days 00:00:22.809000,0 days 00:22:01.082000,0 days 00:22:26.322000,0 days 00:22:49.131000,281.0,281.0,303.0,305.0,True,HARD,2.0,True,AlphaTauri,0 days 00:21:34.645000,,1,,False,,False,True
2021-13,FP2,0 days 00:31:55.448000,GAS,10,,3.0,1.0,,0 days 00:24:34.247000,0 days 00:00:28.682000,,,0 days 00:23:17.825000,,,244.0,,,313.0,False,HARD,3.0,True,AlphaTauri,0 days 00:22:49.131000,,125,,False,,False,False
2021-13,FP2,0 days 00:33:50.190000,GAS,10,,4.0,2.0,0 days 00:31:55.448000,,,0 days 00:00:32.925000,0 days 00:00:32.675000,,0 days 00:33:17.546000,0 days 00:33:50.282000,272.0,273.0,300.0,313.0,False,HARD,4.0,False,AlphaTauri,0 days 00:31:55.448000,,1,,False,,False,False
2021-13,FP2,0 days 00:35:03.648000,GAS,10,0 days 00:01:13.458000,5.0,2.0,,,0 days 00:00:25.969000,0 days 00:00:25.003000,0 days 00:00:22.486000,0 days 00:34:16.159000,0 days 00:34:41.162000,0 days 00:35:03.648000,275.0,282.0,302.0,307.0,True,HARD,5.0,False,AlphaTauri,0 days 00:33:50.190000,,1,,False,,False,True
2021-13,FP2,0 days 00:36:53.923000,GAS,10,0 days 00:01:50.275000,6.0,2.0,,,0 days 00:00:32.659000,0 days 00:00:41.916000,0 days 00:00:35.700000,0 days 00:35:36.307000,0 days 00:36:18.223000,0 days 00:36:53.923000,203.0,248.0,299.0,284.0,False,HARD,6.0,False,AlphaTauri,0 days 00:35:03.648000,,1,,False,,False,True
2021-13,FP2,0 days 00:38:06.754000,GAS,10,0 days 00:01:12.831000,7.0,2.0,,,0 days 00:00:25.669000,0 days 00:00:24.835000,0 days 00:00:22.327000,0 days 00:37:19.592000,0 days 00:37:44.427000,0 days 00:38:06.754000,275.0,281.0,300.0,308.0,True,HARD,7.0,False,AlphaTauri,0 days 00:36:53.923000,,1,,False,,False,True
2021-13,FP2,0 days 00:39:35.351000,GAS,10,0 days 00:01:28.597000,8.0,2.0,,0 days 00:39:34.039000,0 days 00:00:29.878000,0 days 00:00:28.934000,0 days 00:00:29.785000,0 days 00:38:36.632000,0 days 00:39:05.566000,0 days 00:39:35.351000,228.0,256.0,,285.0,False,HARD,8.0,False,AlphaTauri,0 days 00:38:06.754000,,1,,False,,False,False
2021-13,FP2,0 days 00:44:58.924000,GAS,10,,9.0,3.0,0 days 00:43:24.408000,,,0 days 00:00:33.393000,0 days 00:00:25.163000,,0 days 00:44:33.761000,0 days 00:44:59.061000,204.0,263.0,296.0,285.0,False,SOFT,1.0,True,AlphaTauri,0 days 00:39:35.351000,,1,,False,,False,False
2021-13,FP2,0 days 00:46:10.572000,GAS,10,0 days 00:01:11.648000,10.0,3.0,,,0 days 00:00:25.086000,0 days 00:00:24.460000,0 days 00:00:22.102000,0 days 00:45:24.010000,0 days 00:45:48.470000,0 days 00:46:10.572000,274.0,281.0,300.0,306.0,True,SOFT,2.0,True,AlphaTauri,0 days 00:44:58.924000,,1,,False,,False,True
2021-13,FP2,0 days 00:48:07.944000,GAS,10,0 days 00:01:57.372000,11.0,3.0,,,0 days 00:00:42.925000,0 days 00:00:42.964000,0 days 00:00:31.483000,0 days 00:46:53.497000,0 days 00:47:36.461000,0 days 00:48:07.944000,138.0,175.0,264.0,293.0,False,SOFT,3.0,True,AlphaTauri,0 days 00:46:10.572000,,1,,False,,False,True
2021-13,FP2,0 days 00:54:11.948000,GAS,10,,12.0,3.0,,0 days 00:50:02.330000,,,,,,,,,,164.0,False,SOFT,4.0,True,AlphaTauri,0 days 00:48:07.944000,,125,,False,,False,False
2021-13,FP2,0 days 00:55:56.623000,GAS,10,,13.0,4.0,0 days 00:54:11.948000,,,0 days 00:00:30.704000,0 days 00:00:30.641000,,0 days 00:55:25.985000,0 days 00:55:58.385000,273.0,263.0,303.0,164.0,False,SOFT,5.0,False,AlphaTauri,0 days 00:54:11.948000,,1,,False,,False,False
2021-13,FP2,0 days 00:57:08.085000,GAS,10,0 days 00:01:11.462000,14.0,4.0,,,0 days 00:00:24.978000,0 days 00:00:24.409000,0 days 00:00:22.075000,0 days 00:56:21.601000,0 days 00:56:46.010000,0 days 00:57:08.085000,279.0,285.0,306.0,312.0,True,SOFT,6.0,False,AlphaTauri,0 days 00:55:56.623000,,1,,False,,False,True
2021-13,FP2,0 days 00:58:39.406000,GAS,10,0 days 00:01:31.321000,15.0,4.0,,0 days 00:58:37.840000,0 days 00:00:30.125000,0 days 00:00:31.348000,0 days 00:00:29.848000,0 days 00:57:38.210000,0 days 00:58:09.558000,0 days 00:58:39.406000,230.0,237.0,,289.0,False,SOFT,7.0,False,AlphaTauri,0 days 00:57:08.085000,,1,,False,,False,False
2021-13,FP2,0 days 01:05:02.272000,GAS,10,,16.0,5.0,0 days 01:03:43.129000,,,0 days 00:00:27.795000,0 days 00:00:24.035000,,0 days 01:04:38.281000,0 days 01:05:02.394000,272.0,265.0,284.0,289.0,False,SOFT,8.0,False,AlphaTauri,0 days 00:58:39.406000,,1,,False,,False,False
2021-13,FP2,0 days 01:06:17.875000,GAS,10,0 days 00:01:15.603000,17.0,5.0,,,0 days 00:00:26.224000,0 days 00:00:26.343000,0 days 00:00:23.036000,0 days 01:05:28.496000,0 days 01:05:54.839000,0 days 01:06:17.875000,274.0,268.0,285.0,290.0,False,SOFT,9.0,False,AlphaTauri,0 days 01:05:02.272000,,1,,False,,False,True
2021-13,FP2,0 days 01:07:33.241000,GAS,10,0 days 00:01:15.366000,18.0,5.0,,,0 days 00:00:26.067000,0 days 00:00:26.290000,0 days 00:00:23.009000,0 days 01:06:43.942000,0 days 01:07:10.232000,0 days 01:07:33.241000,274.0,269.0,285.0,292.0,False,SOFT,10.0,False,AlphaTauri,0 days 01:06:17.875000,,1,,False,,False,True
2021-13,FP2,0 days 01:08:49.178000,GAS,10,0 days 00:01:15.937000,19.0,5.0,,,0 days 00:00:26.209000,0 days 00:00:26.434000,0 days 00:00:23.294000,0 days 01:07:59.450000,0 days 01:08:25.884000,0 days 01:08:49.178000,275.0,270.0,286.0,293.0,False,SOFT,11.0,False,AlphaTauri,0 days 01:07:33.241000,,1,,False,,False,True
2021-13,FP2,0 days 01:10:05.454000,GAS,10,0 days 00:01:16.276000,20.0,5.0,,,0 days 00:00:26.160000,0 days 00:00:26.466000,0 days 00:00:23.650000,0 days 01:09:15.338000,0 days 01:09:41.804000,0 days 01:10:05.454000,277.0,270.0,293.0,293.0,False,SOFT,12.0,False,AlphaTauri,0 days 01:08:49.178000,,1,,False,,False,True
2021-13,FP2,0 days 01:11:22.022000,GAS,10,0 days 00:01:16.568000,21.0,5.0,,,0 days 00:00:26.555000,0 days 00:00:26.626000,0 days 00:00:23.387000,0 days 01:10:32.009000,0 days 01:10:58.635000,0 days 01:11:22.022000,277.0,271.0,310.0,299.0,False,SOFT,13.0,False,AlphaTauri,0 days 01:10:05.454000,,1,,False,,False,True
2021-13,FP2,0 days 01:12:38.323000,GAS,10,0 days 00:01:16.301000,22.0,5.0,,,0 days 00:00:26.228000,0 days 00:00:26.671000,0 days 00:00:23.402000,0 days 01:11:48.250000,0 days 01:12:14.921000,0 days 01:12:38.323000,279.0,270.0,288.0,316.0,False,SOFT,14.0,False,AlphaTauri,0 days 01:11:22.022000,,1,,False,,False,True
2021-13,FP2,0 days 01:13:54.387000,GAS,10,0 days 00:01:16.064000,23.0,5.0,,,0 days 00:00:26.282000,0 days 00:00:26.618000,0 days 00:00:23.164000,0 days 01:13:04.605000,0 days 01:13:31.223000,0 days 01:13:54.387000,281.0,274.0,290.0,294.0,False,SOFT,15.0,False,AlphaTauri,0 days 01:12:38.323000,,1,,False,,False,True
2021-13,FP2,0 days 01:15:10.110000,GAS,10,0 days 00:01:15.723000,24.0,5.0,,,0 days 00:00:26.009000,0 days 00:00:26.569000,0 days 00:00:23.145000,0 days 01:14:20.396000,0 days 01:14:46.965000,0 days 01:15:10.110000,281.0,271.0,291.0,297.0,False,SOFT,16.0,False,AlphaTauri,0 days 01:13:54.387000,,1,,False,,False,True
2021-13,FP2,0 days 01:16:28.865000,GAS,10,0 days 00:01:18.755000,25.0,5.0,,0 days 01:16:27.253000,0 days 00:00:26.347000,0 days 00:00:26.714000,0 days 00:00:25.694000,0 days 01:15:36.457000,0 days 01:16:03.171000,0 days 01:16:28.865000,281.0,274.0,,299.0,False,SOFT,17.0,False,AlphaTauri,0 days 01:15:10.110000,,1,,False,,False,False
2021-13,FP2,0 days 01:18:03.554000,GAS,10,0 days 00:01:34.689000,26.0,6.0,0 days 01:16:46.452000,,0 days 00:00:44.622000,0 days 00:00:26.640000,0 days 00:00:23.427000,0 days 01:17:13.487000,0 days 01:17:40.127000,0 days 01:18:03.554000,279.0,270.0,287.0,299.0,False,HARD,9.0,False,AlphaTauri,0 days 01:16:28.865000,,1,,False,,False,False
2021-13,FP2,0 days 01:19:19.847000,GAS,10,0 days 00:01:16.293000,27.0,6.0,,,0 days 00:00:26.281000,0 days 00:00:26.836000,0 days 00:00:23.176000,0 days 01:18:29.835000,0 days 01:18:56.671000,0 days 01:19:19.847000,278.0,273.0,292.0,293.0,False,HARD,10.0,False,AlphaTauri,0 days 01:18:03.554000,,1,,False,,False,True
2021-13,FP2,0 days 01:21:20.152000,GAS,10,0 days 00:02:00.305000,28.0,6.0,,,0 days 00:00:27.076000,0 days 00:00:28.797000,0 days 00:01:04.432000,0 days 01:19:46.923000,0 days 01:20:15.720000,0 days 01:21:20.152000,279.0,253.0,6.0,297.0,False,HARD,11.0,False,AlphaTauri,0 days 01:19:19.847000,,12,,False,,False,True
2021-13,FP2,0 days 01:22:52.087000,GAS,10,0 days 00:01:31.935000,29.0,6.0,,0 days 01:22:50.474000,0 days 00:00:31.507000,0 days 00:00:27.708000,0 days 00:00:32.720000,0 days 01:21:51.659000,0 days 01:22:19.367000,0 days 01:22:52.087000,190.0,267.0,,234.0,False,HARD,12.0,False,AlphaTauri,0 days 01:21:20.152000,,1,,False,,False,False
2021-13,FP2,0 days 00:20:15.107000,PER,11,,1.0,1.0,0 days 00:18:41.821000,,,0 days 00:00:32.898000,0 days 00:00:28.447000,,0 days 00:19:46.713000,0 days 00:20:15.243000,266.0,253.0,290.0,,False,MEDIUM,1.0,True,Red Bull Racing,0 days 00:18:41.821000,,1,,False,,False,False
2021-13,FP2,0 days 00:21:28.656000,PER,11,0 days 00:01:13.549000,2.0,1.0,,,0 days 00:00:25.747000,0 days 00:00:24.874000,0 days 00:00:22.928000,0 days 00:20:40.854000,0 days 00:21:05.728000,0 days 00:21:28.656000,270.0,281.0,304.0,281.0,True,MEDIUM,2.0,True,Red Bull Racing,0 days 00:20:15.107000,,1,,False,,False,True
2021-13,FP2,0 days 00:23:18.406000,PER,11,0 days 00:01:49.750000,3.0,1.0,,,0 days 00:00:40.010000,0 days 00:00:34.625000,0 days 00:00:35.115000,0 days 00:22:08.666000,0 days 00:22:43.291000,0 days 00:23:18.406000,215.0,133.0,294.0,281.0,False,MEDIUM,3.0,True,Red Bull Racing,0 days 00:21:28.656000,,1,,False,,False,True
2021-13,FP2,0 days 00:32:43.763000,PER,11,,4.0,1.0,,0 days 00:25:06.097000,0 days 00:00:25.782000,,,0 days 00:23:44.250000,,,271.0,,,303.0,False,MEDIUM,4.0,True,Red Bull Racing,0 days 00:23:18.406000,,125,,False,,False,False
2021-13,FP2,0 days 00:34:21.290000,PER,11,,5.0,2.0,0 days 00:32:43.751000,,,0 days 00:00:30.636000,0 days 00:00:30.968000,,0 days 00:33:50.342000,0 days 00:34:21.659000,251.0,123.0,299.0,303.0,False,MEDIUM,5.0,False,Red Bull Racing,0 days 00:32:43.751000,,1,,False,,False,False
2021-13,FP2,0 days 00:35:34.312000,PER,11,0 days 00:01:13.022000,6.0,2.0,,,0 days 00:00:25.593000,0 days 00:00:24.957000,0 days 00:00:22.472000,0 days 00:34:46.883000,0 days 00:35:11.840000,0 days 00:35:34.312000,273.0,280.0,297.0,308.0,True,MEDIUM,6.0,False,Red Bull Racing,0 days 00:34:21.290000,,1,,False,,False,True
2021-13,FP2,0 days 00:37:18.829000,PER,11,0 days 00:01:44.517000,7.0,2.0,,,0 days 00:00:30.721000,0 days 00:00:33.931000,0 days 00:00:39.865000,0 days 00:36:05.033000,0 days 00:36:38.964000,0 days 00:37:18.829000,227.0,231.0,296.0,267.0,False,MEDIUM,7.0,False,Red Bull Racing,0 days 00:35:34.312000,,1,,False,,False,True
2021-13,FP2,0 days 00:38:31.569000,PER,11,0 days 00:01:12.740000,8.0,2.0,,,0 days 00:00:25.590000,0 days 00:00:24.711000,0 days 00:00:22.439000,0 days 00:37:44.419000,0 days 00:38:09.130000,0 days 00:38:31.569000,270.0,281.0,296.0,305.0,True,MEDIUM,8.0,False,Red Bull Racing,0 days 00:37:18.829000,,1,,False,,False,True
2021-13,FP2,0 days 00:40:04.333000,PER,11,0 days 00:01:32.764000,9.0,2.0,,,0 days 00:00:32.749000,0 days 00:00:34.721000,0 days 00:00:25.294000,0 days 00:39:04.318000,0 days 00:39:39.039000,0 days 00:40:04.333000,181.0,241.0,295.0,260.0,False,MEDIUM,9.0,False,Red Bull Racing,0 days 00:38:31.569000,,1,,False,,False,True
2021-13,FP2,0 days 00:41:17.087000,PER,11,0 days 00:01:12.754000,10.0,2.0,,,0 days 00:00:25.583000,0 days 00:00:24.835000,0 days 00:00:22.336000,0 days 00:40:29.916000,0 days 00:40:54.751000,0 days 00:41:17.087000,271.0,279.0,301.0,303.0,False,MEDIUM,10.0,False,Red Bull Racing,0 days 00:40:04.333000,,1,,False,,False,True
2021-13,FP2,0 days 00:42:43.445000,PER,11,0 days 00:01:26.358000,11.0,2.0,,0 days 00:42:42.582000,0 days 00:00:30.063000,0 days 00:00:27.904000,0 days 00:00:28.391000,0 days 00:41:47.150000,0 days 00:42:15.054000,0 days 00:42:43.445000,249.0,248.0,,258.0,False,MEDIUM,11.0,False,Red Bull Racing,0 days 00:41:17.087000,,1,,False,,False,False
2021-13,FP2,0 days 00:56:12.694000,PER,11,,12.0,3.0,0 days 00:54:32.351000,,,0 days 00:00:32.781000,0 days 00:00:26.539000,,0 days 00:55:46.155000,0 days 00:56:12.846000,259.0,242.0,294.0,258.0,False,SOFT,1.0,True,Red Bull Racing,0 days 00:54:32.351000,,1,,False,,False,False
2021-13,FP2,0 days 00:57:24.855000,PER,11,0 days 00:01:12.161000,13.0,3.0,,,0 days 00:00:25.158000,0 days 00:00:24.404000,0 days 00:00:22.599000,0 days 00:56:37.852000,0 days 00:57:02.256000,0 days 00:57:24.855000,272.0,281.0,299.0,303.0,True,SOFT,2.0,True,Red Bull Racing,0 days 00:56:12.694000,,1,,False,,False,True
2021-13,FP2,0 days 00:59:16.517000,PER,11,0 days 00:01:51.662000,14.0,3.0,,,0 days 00:00:38.034000,0 days 00:00:45.195000,0 days 00:00:28.433000,0 days 00:58:02.889000,0 days 00:58:48.084000,0 days 00:59:16.517000,160.0,191.0,295.0,249.0,False,SOFT,3.0,True,Red Bull Racing,0 days 00:57:24.855000,,1,,False,,False,True
2021-13,FP2,0 days 01:00:28.463000,PER,11,0 days 00:01:11.946000,15.0,3.0,,,0 days 00:00:25.137000,0 days 00:00:24.422000,0 days 00:00:22.387000,0 days 00:59:41.654000,0 days 01:00:06.076000,0 days 01:00:28.463000,272.0,280.0,297.0,306.0,True,SOFT,4.0,True,Red Bull Racing,0 days 00:59:16.517000,,1,,False,,False,True
2021-13,FP2,0 days 01:01:52.345000,PER,11,0 days 00:01:23.882000,16.0,3.0,,0 days 01:01:50.802000,0 days 00:00:29.601000,0 days 00:00:25.607000,0 days 00:00:28.674000,0 days 01:00:58.064000,0 days 01:01:23.671000,0 days 01:01:52.345000,249.0,257.0,,263.0,False,SOFT,5.0,True,Red Bull Racing,0 days 01:00:28.463000,,1,,False,,False,False
2021-13,FP2,0 days 01:09:24.842000,PER,11,,17.0,4.0,0 days 01:08:00.158000,,,0 days 00:00:27.280000,0 days 00:00:29.028000,,0 days 01:08:55.841000,0 days 01:09:24.982000,269.0,236.0,283.0,263.0,False,SOFT,6.0,False,Red Bull Racing,0 days 01:01:52.345000,,1,,False,,False,False
2021-13,FP2,0 days 01:10:40.706000,PER,11,0 days 00:01:15.864000,18.0,4.0,,,0 days 00:00:26.620000,0 days 00:00:25.913000,0 days 00:00:23.331000,0 days 01:09:51.462000,0 days 01:10:17.375000,0 days 01:10:40.706000,270.0,267.0,282.0,287.0,False,SOFT,7.0,False,Red Bull Racing,0 days 01:09:24.842000,,1,,False,,False,True
2021-13,FP2,0 days 01:11:56.444000,PER,11,0 days 00:01:15.738000,19.0,4.0,,,0 days 00:00:26.523000,0 days 00:00:25.946000,0 days 00:00:23.269000,0 days 01:11:07.229000,0 days 01:11:33.175000,0 days 01:11:56.444000,270.0,267.0,282.0,285.0,False,SOFT,8.0,False,Red Bull Racing,0 days 01:10:40.706000,,1,,False,,False,True
2021-13,FP2,0 days 01:13:11.948000,PER,11,0 days 00:01:15.504000,20.0,4.0,,,0 days 00:00:26.334000,0 days 00:00:25.979000,0 days 00:00:23.191000,0 days 01:12:22.778000,0 days 01:12:48.757000,0 days 01:13:11.948000,272.0,268.0,284.0,288.0,False,SOFT,9.0,False,Red Bull Racing,0 days 01:11:56.444000,,1,,False,,False,True
2021-13,FP2,0 days 01:14:32.527000,PER,11,0 days 00:01:20.579000,21.0,4.0,,,0 days 00:00:26.434000,0 days 00:00:27.179000,0 days 00:00:26.966000,0 days 01:13:38.382000,0 days 01:14:05.561000,0 days 01:14:32.527000,273.0,264.0,282.0,289.0,False,SOFT,10.0,False,Red Bull Racing,0 days 01:13:11.948000,,1,,False,,False,True
2021-13,FP2,0 days 01:15:47.768000,PER,11,0 days 00:01:15.241000,22.0,4.0,,,0 days 00:00:26.263000,0 days 00:00:25.895000,0 days 00:00:23.083000,0 days 01:14:58.790000,0 days 01:15:24.685000,0 days 01:15:47.768000,272.0,265.0,283.0,288.0,False,SOFT,11.0,False,Red Bull Racing,0 days 01:14:32.527000,,1,,False,,False,True
2021-13,FP2,0 days 01:17:03.790000,PER,11,0 days 00:01:16.022000,23.0,4.0,,,0 days 00:00:26.517000,0 days 00:00:26.189000,0 days 00:00:23.316000,0 days 01:16:14.285000,0 days 01:16:40.474000,0 days 01:17:03.790000,274.0,269.0,286.0,289.0,False,SOFT,12.0,False,Red Bull Racing,0 days 01:15:47.768000,,1,,False,,False,True
2021-13,FP2,0 days 01:18:19.669000,PER,11,0 days 00:01:15.879000,24.0,4.0,,,0 days 00:00:26.502000,0 days 00:00:26.194000,0 days 00:00:23.183000,0 days 01:17:30.292000,0 days 01:17:56.486000,0 days 01:18:19.669000,276.0,268.0,286.0,283.0,False,SOFT,13.0,False,Red Bull Racing,0 days 01:17:03.790000,,1,,False,,False,True
2021-13,FP2,0 days 01:19:35.815000,PER,11,0 days 00:01:16.146000,25.0,4.0,,,0 days 00:00:26.509000,0 days 00:00:26.165000,0 days 00:00:23.472000,0 days 01:18:46.178000,0 days 01:19:12.343000,0 days 01:19:35.815000,271.0,266.0,283.0,283.0,False,SOFT,14.0,False,Red Bull Racing,0 days 01:18:19.669000,,1,,False,,False,True
2021-13,FP2,0 days 01:21:45.606000,PER,11,0 days 00:02:09.791000,26.0,4.0,,,0 days 00:00:43.867000,0 days 00:00:33.124000,0 days 00:00:52.800000,0 days 01:20:19.682000,0 days 01:20:52.806000,0 days 01:21:45.606000,187.0,245.0,69.0,234.0,False,SOFT,15.0,False,Red Bull Racing,0 days 01:19:35.815000,,12,,False,,False,True
2021-13,FP2,0 days 01:23:35.610000,PER,11,0 days 00:01:50.004000,27.0,4.0,,0 days 01:23:35.706000,0 days 00:00:46.864000,0 days 00:00:27.116000,0 days 00:00:36.024000,0 days 01:22:32.470000,0 days 01:22:59.586000,0 days 01:23:35.610000,251.0,208.0,,211.0,False,SOFT,16.0,False,Red Bull Racing,0 days 01:21:45.606000,,1,,False,,False,False
2021-13,FP2,0 days 00:21:16.695000,ALO,14,,1.0,1.0,0 days 00:19:39.612000,,,0 days 00:00:31.013000,0 days 00:00:27.972000,,0 days 00:20:48.723000,0 days 00:21:16.802000,243.0,263.0,306.0,,False,HARD,1.0,True,Alpine,0 days 00:19:39.612000,,1,,False,,False,False
2021-13,FP2,0 days 00:22:31.407000,ALO,14,0 days 00:01:14.712000,2.0,1.0,,,0 days 00:00:26.189000,0 days 00:00:25.579000,0 days 00:00:22.944000,0 days 00:21:42.884000,0 days 00:22:08.463000,0 days 00:22:31.407000,273.0,279.0,299.0,310.0,True,HARD,2.0,True,Alpine,0 days 00:21:16.695000,,1,,False,,False,True
2021-13,FP2,0 days 00:32:34.828000,ALO,14,,3.0,1.0,,0 days 00:25:45.492000,0 days 00:00:25.871000,0 days 00:00:25.547000,,0 days 00:22:57.291000,0 days 00:23:22.817000,,275.0,279.0,,308.0,False,HARD,3.0,True,Alpine,0 days 00:22:31.407000,,125,,False,,False,False
2021-13,FP2,0 days 00:34:03.723000,ALO,14,,4.0,2.0,0 days 00:32:34.828000,,,0 days 00:00:27.504000,0 days 00:00:26.293000,,0 days 00:33:37.478000,0 days 00:34:03.861000,258.0,266.0,303.0,308.0,False,HARD,4.0,False,Alpine,0 days 00:32:34.828000,,1,,False,,False,False
2021-13,FP2,0 days 00:35:20.006000,ALO,14,0 days 00:01:16.283000,5.0,2.0,,,0 days 00:00:25.819000,0 days 00:00:26.655000,0 days 00:00:23.809000,0 days 00:34:29.542000,0 days 00:34:56.197000,0 days 00:35:20.006000,275.0,265.0,300.0,314.0,False,HARD,5.0,False,Alpine,0 days 00:34:03.723000,,1,,False,,False,True
2021-13,FP2,0 days 00:36:33.760000,ALO,14,0 days 00:01:13.754000,6.0,2.0,,,0 days 00:00:25.671000,0 days 00:00:25.328000,0 days 00:00:22.755000,0 days 00:35:45.677000,0 days 00:36:11.005000,0 days 00:36:33.760000,273.0,281.0,297.0,310.0,True,HARD,6.0,False,Alpine,0 days 00:35:20.006000,,1,,False,,False,True
2021-13,FP2,0 days 00:37:47.376000,ALO,14,0 days 00:01:13.616000,7.0,2.0,,,0 days 00:00:25.484000,0 days 00:00:25.305000,0 days 00:00:22.827000,0 days 00:36:59.244000,0 days 00:37:24.549000,0 days 00:37:47.376000,275.0,282.0,301.0,306.0,True,HARD,7.0,False,Alpine,0 days 00:36:33.760000,,1,,False,,False,True
2021-13,FP2,0 days 00:39:18.676000,ALO,14,0 days 00:01:31.300000,8.0,2.0,,,0 days 00:00:30.823000,0 days 00:00:33.407000,0 days 00:00:27.070000,0 days 00:38:18.199000,0 days 00:38:51.606000,0 days 00:39:18.676000,252.0,244.0,301.0,269.0,False,HARD,8.0,False,Alpine,0 days 00:37:47.376000,,1,,False,,False,True
2021-13,FP2,0 days 00:40:32.109000,ALO,14,0 days 00:01:13.433000,9.0,2.0,,,0 days 00:00:25.331000,0 days 00:00:25.448000,0 days 00:00:22.654000,0 days 00:39:44.007000,0 days 00:40:09.455000,0 days 00:40:32.109000,275.0,280.0,306.0,311.0,True,HARD,9.0,False,Alpine,0 days 00:39:18.676000,,1,,False,,False,True
2021-13,FP2,0 days 00:42:15.464000,ALO,14,0 days 00:01:43.355000,10.0,2.0,,0 days 00:42:13.721000,0 days 00:00:33.086000,0 days 00:00:36.236000,0 days 00:00:34.033000,0 days 00:41:05.195000,0 days 00:41:41.431000,0 days 00:42:15.464000,175.0,192.0,,249.0,False,HARD,10.0,False,Alpine,0 days 00:40:32.109000,,1,,False,,False,False
2021-13,FP2,0 days 00:44:14.052000,ALO,14,0 days 00:01:58.588000,11.0,3.0,0 days 00:42:38.061000,,0 days 00:00:54.418000,0 days 00:00:33.198000,0 days 00:00:30.972000,0 days 00:43:09.882000,0 days 00:43:43.080000,0 days 00:44:14.052000,258.0,243.0,295.0,249.0,False,SOFT,1.0,True,Alpine,0 days 00:42:15.464000,,1,,False,,False,False
2021-13,FP2,0 days 00:45:52.426000,ALO,14,0 days 00:01:38.374000,12.0,3.0,,,0 days 00:00:37.135000,0 days 00:00:34.691000,0 days 00:00:26.548000,0 days 00:44:51.187000,0 days 00:45:25.878000,0 days 00:45:52.426000,234.0,261.0,302.0,169.0,False,SOFT,2.0,True,Alpine,0 days 00:44:14.052000,,1,,False,,False,True
2021-13,FP2,0 days 00:47:03.995000,ALO,14,0 days 00:01:11.569000,13.0,3.0,,,0 days 00:00:24.947000,0 days 00:00:24.637000,0 days 00:00:21.985000,0 days 00:46:17.373000,0 days 00:46:42.010000,0 days 00:47:03.995000,277.0,285.0,303.0,313.0,True,SOFT,3.0,True,Alpine,0 days 00:45:52.426000,,1,,False,,False,True
2021-13,FP2,0 days 00:53:46.276000,ALO,14,,14.0,3.0,,0 days 00:48:59.257000,0 days 00:00:37.955000,,,0 days 00:47:41.992000,,,243.0,,,215.0,False,SOFT,4.0,True,Alpine,0 days 00:47:03.995000,,125,,False,,False,False
2021-13,FP2,0 days 00:55:26.532000,ALO,14,,15.0,4.0,0 days 00:53:46.276000,,,0 days 00:00:31.337000,0 days 00:00:27.863000,,0 days 00:54:58.942000,0 days 00:55:26.998000,258.0,79.0,301.0,215.0,False,SOFT,4.0,False,Alpine,0 days 00:53:46.276000,,1,,False,,False,False
2021-13,FP2,0 days 00:56:38.298000,ALO,14,0 days 00:01:11.766000,16.0,4.0,,,0 days 00:00:24.820000,0 days 00:00:24.633000,0 days 00:00:22.313000,0 days 00:55:51.352000,0 days 00:56:15.985000,0 days 00:56:38.298000,276.0,286.0,305.0,310.0,False,SOFT,5.0,False,Alpine,0 days 00:55:26.532000,,1,,False,,False,True
2021-13,FP2,0 days 00:58:19.607000,ALO,14,0 days 00:01:41.309000,17.0,4.0,,,0 days 00:00:35.879000,0 days 00:00:40.374000,0 days 00:00:25.056000,0 days 00:57:14.177000,0 days 00:57:54.551000,0 days 00:58:19.607000,152.0,188.0,303.0,238.0,False,SOFT,6.0,False,Alpine,0 days 00:56:38.298000,,1,,False,,False,True
2021-13,FP2,0 days 00:59:30.887000,ALO,14,0 days 00:01:11.280000,18.0,4.0,,,0 days 00:00:24.747000,0 days 00:00:24.501000,0 days 00:00:22.032000,0 days 00:58:44.354000,0 days 00:59:08.855000,0 days 00:59:30.887000,277.0,284.0,301.0,313.0,True,SOFT,7.0,False,Alpine,0 days 00:58:19.607000,,1,,False,,False,True
2021-13,FP2,0 days 01:00:56.673000,ALO,14,0 days 00:01:25.786000,19.0,4.0,,0 days 01:00:55.007000,0 days 00:00:29.275000,0 days 00:00:28.327000,0 days 00:00:28.184000,0 days 01:00:00.162000,0 days 01:00:28.489000,0 days 01:00:56.673000,250.0,199.0,,253.0,False,SOFT,8.0,False,Alpine,0 days 00:59:30.887000,,1,,False,,False,False
2021-13,FP2,0 days 01:08:28.085000,ALO,14,,20.0,5.0,0 days 01:07:08.036000,,,0 days 00:00:26.969000,0 days 00:00:25.598000,,0 days 01:08:02.508000,0 days 01:08:28.208000,256.0,257.0,288.0,253.0,False,SOFT,10.0,False,Alpine,0 days 01:00:56.673000,,1,,False,,False,False
2021-13,FP2,0 days 01:09:43.236000,ALO,14,0 days 00:01:15.151000,21.0,5.0,,,0 days 00:00:25.992000,0 days 00:00:26.076000,0 days 00:00:23.083000,0 days 01:08:54.077000,0 days 01:09:20.153000,0 days 01:09:43.236000,274.0,270.0,288.0,292.0,False,SOFT,11.0,False,Alpine,0 days 01:08:28.085000,,1,,False,,False,True
2021-13,FP2,0 days 01:10:58.949000,ALO,14,0 days 00:01:15.713000,22.0,5.0,,,0 days 00:00:26.145000,0 days 00:00:26.332000,0 days 00:00:23.236000,0 days 01:10:09.381000,0 days 01:10:35.713000,0 days 01:10:58.949000,275.0,268.0,288.0,288.0,False,SOFT,12.0,False,Alpine,0 days 01:09:43.236000,,1,,False,,False,True
2021-13,FP2,0 days 01:12:15.155000,ALO,14,0 days 00:01:16.206000,23.0,5.0,,,0 days 00:00:26.354000,0 days 00:00:26.599000,0 days 00:00:23.253000,0 days 01:11:25.303000,0 days 01:11:51.902000,0 days 01:12:15.155000,271.0,263.0,292.0,286.0,False,SOFT,13.0,False,Alpine,0 days 01:10:58.949000,,1,,False,,False,True
2021-13,FP2,0 days 01:13:32.038000,ALO,14,0 days 00:01:16.883000,24.0,5.0,,,0 days 00:00:26.421000,0 days 00:00:26.908000,0 days 00:00:23.554000,0 days 01:12:41.576000,0 days 01:13:08.484000,0 days 01:13:32.038000,275.0,270.0,290.0,291.0,False,SOFT,14.0,False,Alpine,0 days 01:12:15.155000,,1,,False,,False,True
2021-13,FP2,0 days 01:14:54.905000,ALO,14,0 days 00:01:22.867000,25.0,5.0,,,0 days 00:00:26.564000,0 days 00:00:27.005000,0 days 00:00:29.298000,0 days 01:13:58.602000,0 days 01:14:25.607000,0 days 01:14:54.905000,276.0,262.0,286.0,288.0,False,SOFT,15.0,False,Alpine,0 days 01:13:32.038000,,1,,False,,False,True
2021-13,FP2,0 days 01:16:10.863000,ALO,14,0 days 00:01:15.958000,26.0,5.0,,,0 days 00:00:26.314000,0 days 00:00:26.434000,0 days 00:00:23.210000,0 days 01:15:21.219000,0 days 01:15:47.653000,0 days 01:16:10.863000,272.0,264.0,285.0,284.0,False,SOFT,16.0,False,Alpine,0 days 01:14:54.905000,,1,,False,,False,True
2021-13,FP2,0 days 01:17:26.674000,ALO,14,0 days 00:01:15.811000,27.0,5.0,,,0 days 00:00:26.265000,0 days 00:00:26.436000,0 days 00:00:23.110000,0 days 01:16:37.128000,0 days 01:17:03.564000,0 days 01:17:26.674000,272.0,265.0,290.0,284.0,False,SOFT,17.0,False,Alpine,0 days 01:16:10.863000,,1,,False,,False,True
2021-13,FP2,0 days 01:18:42.890000,ALO,14,0 days 00:01:16.216000,28.0,5.0,,,0 days 00:00:26.170000,0 days 00:00:26.677000,0 days 00:00:23.369000,0 days 01:17:52.844000,0 days 01:18:19.521000,0 days 01:18:42.890000,275.0,266.0,287.0,290.0,False,SOFT,18.0,False,Alpine,0 days 01:17:26.674000,,1,,False,,False,True
2021-13,FP2,0 days 01:20:36.382000,ALO,14,0 days 00:01:53.492000,29.0,5.0,,,0 days 00:00:30.973000,0 days 00:00:34.623000,0 days 00:00:47.896000,0 days 01:19:13.863000,0 days 01:19:48.486000,0 days 01:20:36.382000,148.0,194.0,56.0,222.0,False,SOFT,19.0,False,Alpine,0 days 01:18:42.890000,,12,,False,,False,True
2021-13,FP2,0 days 01:22:25.047000,ALO,14,0 days 00:01:48.665000,30.0,5.0,,0 days 01:22:23.702000,0 days 00:00:52.420000,0 days 00:00:27.022000,0 days 00:00:29.223000,0 days 01:21:28.802000,0 days 01:21:55.824000,0 days 01:22:25.047000,271.0,268.0,,215.0,False,SOFT,20.0,False,Alpine,0 days 01:20:36.382000,,1,,False,,False,False
2021-13,FP2,0 days 00:20:33.953000,LEC,16,,1.0,1.0,0 days 00:18:46.421000,,,0 days 00:00:36.665000,0 days 00:00:27.959000,,0 days 00:20:05.999000,0 days 00:20:34.068000,226.0,161.0,293.0,,False,MEDIUM,1.0,True,Ferrari,0 days 00:18:46.421000,,1,,False,,False,False
2021-13,FP2,0 days 00:21:46.050000,LEC,16,0 days 00:01:12.097000,2.0,1.0,,,0 days 00:00:25.373000,0 days 00:00:24.405000,0 days 00:00:22.319000,0 days 00:20:59.326000,0 days 00:21:23.731000,0 days 00:21:46.050000,272.0,281.0,298.0,300.0,True,MEDIUM,2.0,True,Ferrari,0 days 00:20:33.953000,,1,,False,,False,True
2021-13,FP2,0 days 00:23:35.528000,LEC,16,0 days 00:01:49.478000,3.0,1.0,,,0 days 00:00:40.784000,0 days 00:00:42.187000,0 days 00:00:26.507000,0 days 00:22:26.834000,0 days 00:23:09.021000,0 days 00:23:35.528000,135.0,232.0,295.0,231.0,False,MEDIUM,3.0,True,Ferrari,0 days 00:21:46.050000,,12,,False,,False,True
2021-13,FP2,0 days 00:32:50.793000,LEC,16,,4.0,1.0,,0 days 00:25:11.019000,,,,,,,,,,304.0,False,MEDIUM,4.0,True,Ferrari,0 days 00:23:35.528000,,251,,False,,False,False
2021-13,FP2,0 days 00:34:26.827000,LEC,16,,5.0,2.0,0 days 00:32:50.793000,,,0 days 00:00:34.179000,0 days 00:00:31.455000,,0 days 00:33:55.399000,0 days 00:34:26.945000,230.0,258.0,300.0,304.0,False,MEDIUM,5.0,False,Ferrari,0 days 00:32:50.793000,,1,,False,,False,False
2021-13,FP2,0 days 00:35:38.927000,LEC,16,0 days 00:01:12.100000,6.0,2.0,,,0 days 00:00:25.275000,0 days 00:00:24.580000,0 days 00:00:22.245000,0 days 00:34:52.102000,0 days 00:35:16.682000,0 days 00:35:38.927000,272.0,285.0,301.0,310.0,False,MEDIUM,6.0,False,Ferrari,0 days 00:34:26.827000,,1,,False,,False,True
2021-13,FP2,0 days 00:37:29.223000,LEC,16,0 days 00:01:50.296000,7.0,2.0,,,0 days 00:00:36.055000,0 days 00:00:39.647000,0 days 00:00:34.594000,0 days 00:36:14.982000,0 days 00:36:54.629000,0 days 00:37:29.223000,176.0,117.0,299.0,293.0,False,MEDIUM,7.0,False,Ferrari,0 days 00:35:38.927000,,1,,False,,False,True
2021-13,FP2,0 days 00:38:41.121000,LEC,16,0 days 00:01:11.898000,8.0,2.0,,,0 days 00:00:25.224000,0 days 00:00:24.534000,0 days 00:00:22.140000,0 days 00:37:54.447000,0 days 00:38:18.981000,0 days 00:38:41.121000,272.0,284.0,301.0,307.0,True,MEDIUM,8.0,False,Ferrari,0 days 00:37:29.223000,,1,,False,,False,True
2021-13,FP2,0 days 00:40:24.631000,LEC,16,0 days 00:01:43.510000,9.0,2.0,,,0 days 00:00:34.219000,0 days 00:00:43.775000,0 days 00:00:25.516000,0 days 00:39:15.340000,0 days 00:39:59.115000,0 days 00:40:24.631000,159.0,189.0,299.0,302.0,False,MEDIUM,9.0,False,Ferrari,0 days 00:38:41.121000,,1,,False,,False,True
2021-13,FP2,0 days 00:41:36.392000,LEC,16,0 days 00:01:11.761000,10.0,2.0,,,0 days 00:00:25.026000,0 days 00:00:24.570000,0 days 00:00:22.165000,0 days 00:40:49.657000,0 days 00:41:14.227000,0 days 00:41:36.392000,272.0,281.0,300.0,308.0,True,MEDIUM,10.0,False,Ferrari,0 days 00:40:24.631000,,1,,False,,False,True
2021-13,FP2,0 days 00:43:08.316000,LEC,16,0 days 00:01:31.924000,11.0,2.0,,0 days 00:43:06.693000,0 days 00:00:29.466000,0 days 00:00:30.478000,0 days 00:00:31.980000,0 days 00:42:05.858000,0 days 00:42:36.336000,0 days 00:43:08.316000,198.0,199.0,,295.0,False,MEDIUM,11.0,False,Ferrari,0 days 00:41:36.392000,,1,,False,,False,False
2021-13,FP2,0 days 00:45:39.222000,LEC,16,,12.0,3.0,0 days 00:43:45.599000,0 days 00:45:37.590000,0 days 00:01:10.222000,0 days 00:00:40.067000,0 days 00:00:40.596000,0 days 00:44:18.572000,0 days 00:44:58.626000,0 days 00:45:39.877000,192.0,182.0,,295.0,False,MEDIUM,12.0,False,Ferrari,0 days 00:43:08.316000,,1,,False,,False,False
2021-13,FP2,0 days 00:55:50.922000,LEC,16,,13.0,4.0,0 days 00:54:05.781000,,,0 days 00:00:31.009000,0 days 00:00:25.647000,,0 days 00:55:25.290000,0 days 00:55:51.027000,254.0,269.0,298.0,295.0,False,SOFT,1.0,True,Ferrari,0 days 00:54:05.781000,,1,,False,,False,False
2021-13,FP2,0 days 00:57:01.824000,LEC,16,0 days 00:01:10.902000,14.0,4.0,,,0 days 00:00:24.842000,0 days 00:00:24.077000,0 days 00:00:21.983000,0 days 00:56:15.764000,0 days 00:56:39.841000,0 days 00:57:01.824000,274.0,282.0,297.0,306.0,True,SOFT,2.0,True,Ferrari,0 days 00:55:50.922000,,1,,False,,False,True
2021-13,FP2,0 days 00:58:55.302000,LEC,16,0 days 00:01:53.478000,15.0,4.0,,0 days 00:58:53.686000,0 days 00:00:34.912000,0 days 00:00:39.735000,0 days 00:00:38.831000,0 days 00:57:36.736000,0 days 00:58:16.471000,0 days 00:58:55.302000,156.0,167.0,,276.0,False,SOFT,3.0,True,Ferrari,0 days 00:57:01.824000,,1,,False,,False,False
2021-13,FP2,0 days 01:00:46.316000,LEC,16,0 days 00:01:51.014000,16.0,5.0,0 days 00:59:07.822000,,0 days 00:00:49.094000,0 days 00:00:32.236000,0 days 00:00:29.684000,0 days 00:59:44.396000,0 days 01:00:16.632000,0 days 01:00:46.316000,189.0,253.0,297.0,276.0,False,SOFT,2.0,False,Ferrari,0 days 00:58:55.302000,,1,,False,,False,False
2021-13,FP2,0 days 01:02:12.572000,LEC,16,0 days 00:01:26.256000,17.0,5.0,,,0 days 00:00:27.667000,0 days 00:00:31.051000,0 days 00:00:27.538000,0 days 01:01:13.983000,0 days 01:01:45.034000,0 days 01:02:12.572000,215.0,213.0,298.0,305.0,False,SOFT,3.0,False,Ferrari,0 days 01:00:46.316000,,1,,False,,False,True
2021-13,FP2,0 days 01:03:23.716000,LEC,16,0 days 00:01:11.144000,18.0,5.0,,,0 days 00:00:24.800000,0 days 00:00:24.402000,0 days 00:00:21.942000,0 days 01:02:37.372000,0 days 01:03:01.774000,0 days 01:03:23.716000,275.0,281.0,303.0,307.0,False,SOFT,4.0,False,Ferrari,0 days 01:02:12.572000,,1,,False,,False,True
2021-13,FP2,0 days 01:04:48.140000,LEC,16,0 days 00:01:24.424000,19.0,5.0,,0 days 01:04:46.517000,0 days 00:00:27.499000,0 days 00:00:29.749000,0 days 00:00:27.176000,0 days 01:03:51.215000,0 days 01:04:20.964000,0 days 01:04:48.140000,236.0,199.0,,296.0,False,SOFT,5.0,False,Ferrari,0 days 01:03:23.716000,,1,,False,,False,False
2021-13,FP2,0 days 01:10:24.511000,LEC,16,,20.0,6.0,0 days 01:09:06.313000,,,0 days 00:00:26.133000,0 days 00:00:23.465000,,0 days 01:10:01.705000,0 days 01:10:24.591000,267.0,274.0,279.0,296.0,False,MEDIUM,13.0,False,Ferrari,0 days 01:04:48.140000,,1,,False,,False,False
2021-13,FP2,0 days 01:11:41.267000,LEC,16,0 days 00:01:16.756000,21.0,6.0,,,0 days 00:00:26.924000,0 days 00:00:26.270000,0 days 00:00:23.562000,0 days 01:10:51.435000,0 days 01:11:17.705000,0 days 01:11:41.267000,268.0,265.0,279.0,281.0,False,MEDIUM,14.0,False,Ferrari,0 days 01:10:24.511000,,1,,False,,False,True
2021-13,FP2,0 days 01:12:57.487000,LEC,16,0 days 00:01:16.220000,22.0,6.0,,,0 days 00:00:26.714000,0 days 00:00:26.216000,0 days 00:00:23.290000,0 days 01:12:07.981000,0 days 01:12:34.197000,0 days 01:12:57.487000,269.0,266.0,281.0,281.0,False,MEDIUM,15.0,False,Ferrari,0 days 01:11:41.267000,,1,,False,,False,True
2021-13,FP2,0 days 01:14:13.554000,LEC,16,0 days 00:01:16.067000,23.0,6.0,,,0 days 00:00:26.528000,0 days 00:00:26.252000,0 days 00:00:23.287000,0 days 01:13:24.015000,0 days 01:13:50.267000,0 days 01:14:13.554000,271.0,264.0,279.0,283.0,False,MEDIUM,16.0,False,Ferrari,0 days 01:12:57.487000,,1,,False,,False,True
2021-13,FP2,0 days 01:15:29.470000,LEC,16,0 days 00:01:15.916000,24.0,6.0,,,0 days 00:00:26.480000,0 days 00:00:26.341000,0 days 00:00:23.095000,0 days 01:14:40.034000,0 days 01:15:06.375000,0 days 01:15:29.470000,271.0,264.0,280.0,283.0,False,MEDIUM,17.0,False,Ferrari,0 days 01:14:13.554000,,1,,False,,False,True
2021-13,FP2,0 days 01:16:45.130000,LEC,16,0 days 00:01:15.660000,25.0,6.0,,,0 days 00:00:26.375000,0 days 00:00:26.218000,0 days 00:00:23.067000,0 days 01:15:55.845000,0 days 01:16:22.063000,0 days 01:16:45.130000,270.0,265.0,281.0,284.0,False,MEDIUM,18.0,False,Ferrari,0 days 01:15:29.470000,,1,,False,,False,True
2021-13,FP2,0 days 01:18:00.856000,LEC,16,0 days 00:01:15.726000,26.0,6.0,,,0 days 00:00:26.338000,0 days 00:00:26.293000,0 days 00:00:23.095000,0 days 01:17:11.468000,0 days 01:17:37.761000,0 days 01:18:00.856000,272.0,265.0,282.0,284.0,False,MEDIUM,19.0,False,Ferrari,0 days 01:16:45.130000,,1,,False,,False,True
2021-13,FP2,0 days 01:19:18.078000,LEC,16,0 days 00:01:17.222000,27.0,6.0,,,0 days 00:00:26.471000,0 days 00:00:27.521000,0 days 00:00:23.230000,0 days 01:18:27.327000,0 days 01:18:54.848000,0 days 01:19:18.078000,278.0,277.0,300.0,284.0,False,MEDIUM,20.0,False,Ferrari,0 days 01:18:00.856000,,1,,False,,False,True
2021-13,FP2,0 days 01:21:24.298000,LEC,16,0 days 00:02:06.220000,28.0,6.0,,,0 days 00:00:26.856000,0 days 00:00:27.644000,0 days 00:01:11.720000,0 days 01:19:44.934000,0 days 01:20:12.578000,0 days 01:21:24.298000,276.0,239.0,9.0,286.0,False,MEDIUM,21.0,False,Ferrari,0 days 01:19:18.078000,,12,,False,,False,True
2021-13,FP2,0 days 01:22:57.293000,LEC,16,0 days 00:01:32.995000,29.0,6.0,,0 days 01:22:56.008000,0 days 00:00:28.553000,0 days 00:00:27.474000,0 days 00:00:36.968000,0 days 01:21:52.851000,0 days 01:22:20.325000,0 days 01:22:57.293000,271.0,265.0,,235.0,False,MEDIUM,22.0,False,Ferrari,0 days 01:21:24.298000,,1,,False,,False,False
2021-13,FP2,0 days 00:21:21.587000,STR,18,,1.0,1.0,0 days 00:19:21.632000,,,0 days 00:00:33.392000,0 days 00:00:38.282000,,0 days 00:20:43.305000,0 days 00:21:21.713000,261.0,148.0,296.0,,False,MEDIUM,1.0,True,Aston Martin,0 days 00:19:21.632000,,1,,False,,False,False
2021-13,FP2,0 days 00:22:34.839000,STR,18,0 days 00:01:13.252000,2.0,1.0,,,0 days 00:00:25.687000,0 days 00:00:24.758000,0 days 00:00:22.807000,0 days 00:21:47.274000,0 days 00:22:12.032000,0 days 00:22:34.839000,272.0,281.0,298.0,308.0,True,MEDIUM,2.0,True,Aston Martin,0 days 00:21:21.587000,,1,,False,,False,True
2021-13,FP2,0 days 00:32:23.271000,STR,18,,3.0,1.0,,0 days 00:24:28.812000,0 days 00:00:31.630000,,,0 days 00:23:06.449000,,,194.0,,,254.0,False,MEDIUM,3.0,True,Aston Martin,0 days 00:22:34.839000,,125,,False,,False,False
2021-13,FP2,0 days 00:34:08.184000,STR,18,,4.0,2.0,0 days 00:32:23.271000,,,0 days 00:00:27.652000,0 days 00:00:37.007000,,0 days 00:33:31.189000,0 days 00:34:08.324000,252.0,267.0,300.0,254.0,False,MEDIUM,4.0,False,Aston Martin,0 days 00:32:23.271000,,1,,False,,False,False
2021-13,FP2,0 days 00:35:20.828000,STR,18,0 days 00:01:12.644000,5.0,2.0,,,0 days 00:00:25.584000,0 days 00:00:24.630000,0 days 00:00:22.430000,0 days 00:34:33.768000,0 days 00:34:58.398000,0 days 00:35:20.828000,273.0,283.0,305.0,310.0,True,MEDIUM,5.0,False,Aston Martin,0 days 00:34:08.184000,,1,,False,,False,True
2021-13,FP2,0 days 00:37:08.821000,STR,18,0 days 00:01:47.993000,6.0,2.0,,,0 days 00:00:28.319000,0 days 00:00:32.646000,0 days 00:00:47.028000,0 days 00:35:49.147000,0 days 00:36:21.793000,0 days 00:37:08.821000,255.0,248.0,296.0,253.0,False,MEDIUM,6.0,False,Aston Martin,0 days 00:35:20.828000,,1,,False,,False,True
2021-13,FP2,0 days 00:38:20.957000,STR,18,0 days 00:01:12.136000,7.0,2.0,,,0 days 00:00:25.253000,0 days 00:00:24.634000,0 days 00:00:22.249000,0 days 00:37:34.074000,0 days 00:37:58.708000,0 days 00:38:20.957000,272.0,282.0,300.0,307.0,True,MEDIUM,7.0,False,Aston Martin,0 days 00:37:08.821000,,1,,False,,False,True
2021-13,FP2,0 days 00:39:54.385000,STR,18,0 days 00:01:33.428000,8.0,2.0,,0 days 00:39:52.736000,0 days 00:00:29.405000,0 days 00:00:31.618000,0 days 00:00:32.405000,0 days 00:38:50.362000,0 days 00:39:21.980000,0 days 00:39:54.385000,229.0,225.0,,266.0,False,MEDIUM,8.0,False,Aston Martin,0 days 00:38:20.957000,,1,,False,,False,False
2021-13,FP2,0 days 00:47:26.915000,STR,18,,9.0,3.0,0 days 00:45:57.310000,,,0 days 00:00:32.216000,0 days 00:00:24.998000,,0 days 00:47:01.917000,0 days 00:47:28.637000,252.0,259.0,301.0,266.0,False,SOFT,1.0,True,Aston Martin,0 days 00:39:54.385000,,1,,False,,False,False
2021-13,FP2,0 days 00:55:58.510000,STR,18,,10.0,3.0,,0 days 00:48:58.013000,0 days 00:00:24.660000,0 days 00:00:24.401000,,0 days 00:47:51.589000,0 days 00:48:15.962000,,277.0,262.0,,310.0,False,SOFT,2.0,True,Aston Martin,0 days 00:47:26.915000,,125,,False,,False,False
2021-13,FP2,0 days 00:57:22.630000,STR,18,,11.0,4.0,0 days 00:55:58.510000,,,0 days 00:00:30.221000,0 days 00:00:23.906000,,0 days 00:56:58.752000,0 days 00:57:22.970000,255.0,254.0,281.0,310.0,False,MEDIUM,9.0,False,Aston Martin,0 days 00:55:58.510000,,1,,False,,False,False
2021-13,FP2,0 days 00:58:40.095000,STR,18,0 days 00:01:17.465000,12.0,4.0,,,0 days 00:00:26.829000,0 days 00:00:26.034000,0 days 00:00:24.602000,0 days 00:57:49.459000,0 days 00:58:15.493000,0 days 00:58:40.095000,269.0,265.0,286.0,288.0,False,MEDIUM,10.0,False,Aston Martin,0 days 00:57:22.630000,,1,,False,,False,True
2021-13,FP2,0 days 00:59:55.673000,STR,18,0 days 00:01:15.578000,13.0,4.0,,,0 days 00:00:26.455000,0 days 00:00:25.950000,0 days 00:00:23.173000,0 days 00:59:06.550000,0 days 00:59:32.500000,0 days 00:59:55.673000,272.0,267.0,282.0,293.0,False,MEDIUM,11.0,False,Aston Martin,0 days 00:58:40.095000,,1,,False,,False,True
2021-13,FP2,0 days 01:01:12.065000,STR,18,0 days 00:01:16.392000,14.0,4.0,,,0 days 00:00:26.215000,0 days 00:00:26.924000,0 days 00:00:23.253000,0 days 01:00:21.888000,0 days 01:00:48.812000,0 days 01:01:12.065000,263.0,265.0,282.0,290.0,False,MEDIUM,12.0,False,Aston Martin,0 days 00:59:55.673000,,1,,False,,False,True
2021-13,FP2,0 days 01:02:27.602000,STR,18,0 days 00:01:15.537000,15.0,4.0,,,0 days 00:00:26.151000,0 days 00:00:26.023000,0 days 00:00:23.363000,0 days 01:01:38.216000,0 days 01:02:04.239000,0 days 01:02:27.602000,272.0,265.0,280.0,288.0,False,MEDIUM,13.0,False,Aston Martin,0 days 01:01:12.065000,,1,,False,,False,True
2021-13,FP2,0 days 01:03:48.018000,STR,18,0 days 00:01:20.416000,16.0,4.0,,0 days 01:03:46.723000,0 days 00:00:26.638000,0 days 00:00:26.539000,0 days 00:00:27.239000,0 days 01:02:54.240000,0 days 01:03:20.779000,0 days 01:03:48.018000,271.0,265.0,,285.0,False,MEDIUM,14.0,False,Aston Martin,0 days 01:02:27.602000,,1,,False,,False,False
2021-13,FP2,0 days 01:05:45.226000,STR,18,0 days 00:01:57.208000,17.0,5.0,0 days 01:04:26.048000,,0 days 00:01:05.977000,0 days 00:00:26.485000,0 days 00:00:24.746000,0 days 01:04:53.995000,0 days 01:05:20.480000,0 days 01:05:45.226000,270.0,264.0,282.0,285.0,False,SOFT,3.0,False,Aston Martin,0 days 01:03:48.018000,,1,,False,,False,False
2021-13,FP2,0 days 01:07:01.518000,STR,18,0 days 00:01:16.292000,18.0,5.0,,,0 days 00:00:26.433000,0 days 00:00:26.396000,0 days 00:00:23.463000,0 days 01:06:11.659000,0 days 01:06:38.055000,0 days 01:07:01.518000,271.0,264.0,281.0,289.0,False,SOFT,4.0,False,Aston Martin,0 days 01:05:45.226000,,1,,False,,False,True
2021-13,FP2,0 days 01:08:17.196000,STR,18,0 days 00:01:15.678000,19.0,5.0,,,0 days 00:00:26.260000,0 days 00:00:26.225000,0 days 00:00:23.193000,0 days 01:07:27.778000,0 days 01:07:54.003000,0 days 01:08:17.196000,272.0,266.0,284.0,288.0,False,SOFT,5.0,False,Aston Martin,0 days 01:07:01.518000,,1,,False,,False,True
2021-13,FP2,0 days 01:09:33.016000,STR,18,0 days 00:01:15.820000,20.0,5.0,,,0 days 00:00:26.258000,0 days 00:00:26.302000,0 days 00:00:23.260000,0 days 01:08:43.454000,0 days 01:09:09.756000,0 days 01:09:33.016000,275.0,266.0,283.0,290.0,False,SOFT,6.0,False,Aston Martin,0 days 01:08:17.196000,,1,,False,,False,True
2021-13,FP2,0 days 01:10:52.916000,STR,18,0 days 00:01:19.900000,21.0,5.0,,,0 days 00:00:26.572000,0 days 00:00:26.940000,0 days 00:00:26.388000,0 days 01:09:59.588000,0 days 01:10:26.528000,0 days 01:10:52.916000,274.0,271.0,276.0,289.0,False,SOFT,7.0,False,Aston Martin,0 days 01:09:33.016000,,1,,False,,False,True
2021-13,FP2,0 days 01:12:09.689000,STR,18,0 days 00:01:16.773000,22.0,5.0,,,0 days 00:00:26.833000,0 days 00:00:26.389000,0 days 00:00:23.551000,0 days 01:11:19.749000,0 days 01:11:46.138000,0 days 01:12:09.689000,257.0,269.0,283.0,284.0,False,SOFT,8.0,False,Aston Martin,0 days 01:10:52.916000,,1,,False,,False,True
2021-13,FP2,0 days 01:13:26.516000,STR,18,0 days 00:01:16.827000,23.0,5.0,,,0 days 00:00:26.652000,0 days 00:00:26.462000,0 days 00:00:23.713000,0 days 01:12:36.341000,0 days 01:13:02.803000,0 days 01:13:26.516000,271.0,269.0,284.0,289.0,False,SOFT,9.0,False,Aston Martin,0 days 01:12:09.689000,,1,,False,,False,True
2021-13,FP2,0 days 01:14:43.668000,STR,18,0 days 00:01:17.152000,24.0,5.0,,,0 days 00:00:26.827000,0 days 00:00:26.716000,0 days 00:00:23.609000,0 days 01:13:53.343000,0 days 01:14:20.059000,0 days 01:14:43.668000,276.0,270.0,303.0,291.0,False,SOFT,10.0,False,Aston Martin,0 days 01:13:26.516000,,1,,False,,False,True
2021-13,FP2,0 days 01:16:01.164000,STR,18,0 days 00:01:17.496000,25.0,5.0,,,0 days 00:00:26.773000,0 days 00:00:27.180000,0 days 00:00:23.543000,0 days 01:15:10.441000,0 days 01:15:37.621000,0 days 01:16:01.164000,276.0,279.0,303.0,291.0,False,SOFT,11.0,False,Aston Martin,0 days 01:14:43.668000,,1,,False,,False,True
2021-13,FP2,0 days 01:17:22.175000,STR,18,0 days 00:01:21.011000,26.0,5.0,,,0 days 00:00:26.841000,0 days 00:00:27.160000,0 days 00:00:27.010000,0 days 01:16:28.005000,0 days 01:16:55.165000,0 days 01:17:22.175000,273.0,280.0,279.0,280.0,False,SOFT,12.0,False,Aston Martin,0 days 01:16:01.164000,,1,,False,,False,True
2021-13,FP2,0 days 01:18:38.532000,STR,18,0 days 00:01:16.357000,27.0,5.0,,,0 days 00:00:26.623000,0 days 00:00:26.314000,0 days 00:00:23.420000,0 days 01:17:48.798000,0 days 01:18:15.112000,0 days 01:18:38.532000,269.0,269.0,284.0,287.0,False,SOFT,13.0,False,Aston Martin,0 days 01:17:22.175000,,1,,False,,False,True
2021-13,FP2,0 days 01:20:24.438000,STR,18,0 days 00:01:45.906000,28.0,5.0,,,0 days 00:00:30.934000,0 days 00:00:32.856000,0 days 00:00:42.116000,0 days 01:19:09.466000,0 days 01:19:42.322000,0 days 01:20:24.438000,204.0,158.0,57.0,244.0,False,SOFT,14.0,False,Aston Martin,0 days 01:18:38.532000,,12,,False,,False,True
2021-13,FP2,0 days 01:22:17.710000,STR,18,0 days 00:01:53.272000,29.0,5.0,,0 days 01:22:16.448000,0 days 00:00:56.536000,0 days 00:00:29.299000,0 days 00:00:27.437000,0 days 01:21:20.974000,0 days 01:21:50.273000,0 days 01:22:17.710000,255.0,256.0,,198.0,False,SOFT,15.0,False,Aston Martin,0 days 01:20:24.438000,,21,,False,,False,False
2021-13,FP2,0 days 00:21:01.904000,TSU,22,,1.0,1.0,0 days 00:18:57.877000,,,0 days 00:00:32.315000,0 days 00:00:39.204000,,0 days 00:20:22.734000,0 days 00:21:02.009000,249.0,257.0,291.0,,False,MEDIUM,1.0,True,AlphaTauri,0 days 00:18:57.877000,,1,,False,,False,False
2021-13,FP2,0 days 00:22:20.129000,TSU,22,0 days 00:01:18.225000,2.0,1.0,,,0 days 00:00:27.290000,0 days 00:00:27.648000,0 days 00:00:23.287000,0 days 00:21:29.194000,0 days 00:21:56.842000,0 days 00:22:20.129000,271.0,277.0,295.0,289.0,True,MEDIUM,2.0,True,AlphaTauri,0 days 00:21:01.904000,,1,,False,,False,True
2021-13,FP2,0 days 00:23:36.439000,TSU,22,0 days 00:01:16.310000,3.0,1.0,,,0 days 00:00:26.381000,0 days 00:00:27.081000,0 days 00:00:22.848000,0 days 00:22:46.510000,0 days 00:23:13.591000,0 days 00:23:36.439000,270.0,278.0,304.0,302.0,True,MEDIUM,3.0,True,AlphaTauri,0 days 00:22:20.129000,,12,,False,,False,True
2021-13,FP2,0 days 00:31:59.841000,TSU,22,,4.0,1.0,,0 days 00:25:23.438000,,,,,,,,,,288.0,False,MEDIUM,4.0,True,AlphaTauri,0 days 00:23:36.439000,,251,,False,,False,False
2021-13,FP2,0 days 00:33:56.796000,TSU,22,,5.0,2.0,0 days 00:31:59.841000,,,0 days 00:00:30.018000,0 days 00:00:33.470000,,0 days 00:33:23.776000,0 days 00:33:57.350000,259.0,262.0,300.0,288.0,False,MEDIUM,5.0,False,AlphaTauri,0 days 00:31:59.841000,,1,,False,,False,False
2021-13,FP2,0 days 00:35:11.337000,TSU,22,0 days 00:01:14.541000,6.0,2.0,,,0 days 00:00:26.110000,0 days 00:00:26.047000,0 days 00:00:22.384000,0 days 00:34:22.906000,0 days 00:34:48.953000,0 days 00:35:11.337000,274.0,281.0,300.0,309.0,True,MEDIUM,6.0,False,AlphaTauri,0 days 00:33:56.796000,,1,,False,,False,True
2021-13,FP2,0 days 00:36:59.257000,TSU,22,0 days 00:01:47.920000,7.0,2.0,,,0 days 00:00:35.027000,0 days 00:00:33.359000,0 days 00:00:39.534000,0 days 00:35:46.364000,0 days 00:36:19.723000,0 days 00:36:59.257000,163.0,255.0,298.0,257.0,False,MEDIUM,7.0,False,AlphaTauri,0 days 00:35:11.337000,,1,,False,,False,True
2021-13,FP2,0 days 00:38:13.500000,TSU,22,0 days 00:01:14.243000,8.0,2.0,,,0 days 00:00:25.984000,0 days 00:00:25.831000,0 days 00:00:22.428000,0 days 00:37:25.241000,0 days 00:37:51.072000,0 days 00:38:13.500000,276.0,281.0,299.0,308.0,True,MEDIUM,8.0,False,AlphaTauri,0 days 00:36:59.257000,,1,,False,,False,True
2021-13,FP2,0 days 00:39:53.017000,TSU,22,0 days 00:01:39.517000,9.0,2.0,,,0 days 00:00:33.453000,0 days 00:00:34.794000,0 days 00:00:31.270000,0 days 00:38:46.953000,0 days 00:39:21.747000,0 days 00:39:53.017000,238.0,253.0,298.0,248.0,False,MEDIUM,9.0,False,AlphaTauri,0 days 00:38:13.500000,,1,,False,,False,True
2021-13,FP2,0 days 00:41:06.742000,TSU,22,0 days 00:01:13.725000,10.0,2.0,,,0 days 00:00:25.756000,0 days 00:00:25.670000,0 days 00:00:22.299000,0 days 00:40:18.773000,0 days 00:40:44.443000,0 days 00:41:06.742000,279.0,281.0,299.0,307.0,True,MEDIUM,10.0,False,AlphaTauri,0 days 00:39:53.017000,,1,,False,,False,True
2021-13,FP2,0 days 00:42:47.884000,TSU,22,0 days 00:01:41.142000,11.0,2.0,,,0 days 00:00:35.915000,0 days 00:00:38.861000,0 days 00:00:26.366000,0 days 00:41:42.657000,0 days 00:42:21.518000,0 days 00:42:47.884000,228.0,245.0,299.0,234.0,False,MEDIUM,11.0,False,AlphaTauri,0 days 00:41:06.742000,,1,,False,,False,True
2021-13,FP2,0 days 00:44:01.424000,TSU,22,0 days 00:01:13.540000,12.0,2.0,,,0 days 00:00:25.663000,0 days 00:00:25.579000,0 days 00:00:22.298000,0 days 00:43:13.547000,0 days 00:43:39.126000,0 days 00:44:01.424000,277.0,283.0,303.0,306.0,True,MEDIUM,12.0,False,AlphaTauri,0 days 00:42:47.884000,,1,,False,,False,True
2021-13,FP2,0 days 00:45:41.615000,TSU,22,0 days 00:01:40.191000,13.0,2.0,,,0 days 00:00:35.107000,0 days 00:00:39.084000,0 days 00:00:26,0 days 00:44:36.531000,0 days 00:45:15.615000,0 days 00:45:41.615000,219.0,229.0,300.0,259.0,False,MEDIUM,13.0,False,AlphaTauri,0 days 00:44:01.424000,,1,,False,,False,True
2021-13,FP2,0 days 00:46:54.848000,TSU,22,0 days 00:01:13.233000,14.0,2.0,,,0 days 00:00:25.492000,0 days 00:00:25.387000,0 days 00:00:22.354000,0 days 00:46:07.107000,0 days 00:46:32.494000,0 days 00:46:54.848000,276.0,282.0,301.0,310.0,True,MEDIUM,14.0,False,AlphaTauri,0 days 00:45:41.615000,,1,,False,,False,True
2021-13,FP2,0 days 00:54:22.523000,TSU,22,,15.0,2.0,,0 days 00:48:23.952000,0 days 00:00:29.903000,0 days 00:00:31.071000,,0 days 00:47:24.798000,0 days 00:47:55.847000,,246.0,248.0,,249.0,False,MEDIUM,15.0,False,AlphaTauri,0 days 00:46:54.848000,,125,,False,,False,False
2021-13,FP2,0 days 00:56:04.056000,TSU,22,,16.0,3.0,0 days 00:54:22.506000,,,0 days 00:00:33.250000,0 days 00:00:26.146000,,0 days 00:55:37.944000,0 days 00:56:04.227000,267.0,272.0,300.0,249.0,False,SOFT,1.0,True,AlphaTauri,0 days 00:54:22.506000,,1,,False,,False,False
2021-13,FP2,0 days 00:57:17.304000,TSU,22,0 days 00:01:13.248000,17.0,3.0,,,0 days 00:00:25.373000,0 days 00:00:25.641000,0 days 00:00:22.234000,0 days 00:56:29.429000,0 days 00:56:55.070000,0 days 00:57:17.304000,280.0,281.0,301.0,309.0,False,SOFT,2.0,True,AlphaTauri,0 days 00:56:04.056000,,1,,False,,False,True
2021-13,FP2,0 days 00:59:09.323000,TSU,22,0 days 00:01:52.019000,18.0,3.0,,,0 days 00:00:37.979000,0 days 00:00:39.301000,0 days 00:00:34.739000,0 days 00:57:55.283000,0 days 00:58:34.584000,0 days 00:59:09.323000,146.0,246.0,303.0,252.0,False,SOFT,3.0,True,AlphaTauri,0 days 00:57:17.304000,,1,,False,,False,True
2021-13,FP2,0 days 01:00:21.982000,TSU,22,0 days 00:01:12.659000,19.0,3.0,,,0 days 00:00:25.302000,0 days 00:00:25.077000,0 days 00:00:22.280000,0 days 00:59:34.625000,0 days 00:59:59.702000,0 days 01:00:21.982000,276.0,282.0,300.0,314.0,True,SOFT,4.0,True,AlphaTauri,0 days 00:59:09.323000,,1,,False,,False,True
2021-13,FP2,0 days 01:02:05.660000,TSU,22,0 days 00:01:43.678000,20.0,3.0,,,0 days 00:00:37.985000,0 days 00:00:38.278000,0 days 00:00:27.415000,0 days 01:00:59.967000,0 days 01:01:38.245000,0 days 01:02:05.660000,175.0,210.0,302.0,218.0,False,SOFT,5.0,True,AlphaTauri,0 days 01:00:21.982000,,1,,False,,False,True
2021-13,FP2,0 days 01:03:17.756000,TSU,22,0 days 00:01:12.096000,21.0,3.0,,,0 days 00:00:25.015000,0 days 00:00:24.983000,0 days 00:00:22.098000,0 days 01:02:30.675000,0 days 01:02:55.658000,0 days 01:03:17.756000,278.0,284.0,303.0,310.0,True,SOFT,6.0,True,AlphaTauri,0 days 01:02:05.660000,,1,,False,,False,True
2021-13,FP2,0 days 01:04:54.026000,TSU,22,0 days 00:01:36.270000,22.0,3.0,,0 days 01:04:54.001000,0 days 00:00:34.017000,0 days 00:00:32.395000,0 days 00:00:29.858000,0 days 01:03:51.773000,0 days 01:04:24.168000,0 days 01:04:54.026000,138.0,247.0,,215.0,False,SOFT,7.0,True,AlphaTauri,0 days 01:03:17.756000,,1,,False,,False,False
2021-13,FP2,0 days 01:11:12.247000,TSU,22,,23.0,4.0,0 days 01:09:52.794000,,,0 days 00:00:27.157000,0 days 00:00:23.518000,,0 days 01:10:48.747000,0 days 01:11:12.377000,271.0,268.0,283.0,215.0,False,MEDIUM,16.0,False,AlphaTauri,0 days 01:04:54.026000,,1,,False,,False,False
2021-13,FP2,0 days 01:12:29.138000,TSU,22,0 days 00:01:16.891000,24.0,4.0,,,0 days 00:00:26.543000,0 days 00:00:26.843000,0 days 00:00:23.505000,0 days 01:11:38.790000,0 days 01:12:05.633000,0 days 01:12:29.138000,270.0,268.0,284.0,287.0,False,MEDIUM,17.0,False,AlphaTauri,0 days 01:11:12.247000,,1,,False,,False,True
2021-13,FP2,0 days 01:13:45.708000,TSU,22,0 days 00:01:16.570000,25.0,4.0,,,0 days 00:00:26.651000,0 days 00:00:26.765000,0 days 00:00:23.154000,0 days 01:12:55.789000,0 days 01:13:22.554000,0 days 01:13:45.708000,274.0,270.0,286.0,289.0,False,MEDIUM,18.0,False,AlphaTauri,0 days 01:12:29.138000,,1,,False,,False,True
2021-13,FP2,0 days 01:15:02.002000,TSU,22,0 days 00:01:16.294000,26.0,4.0,,,0 days 00:00:26.436000,0 days 00:00:26.827000,0 days 00:00:23.031000,0 days 01:14:12.144000,0 days 01:14:38.971000,0 days 01:15:02.002000,280.0,272.0,290.0,292.0,False,MEDIUM,19.0,False,AlphaTauri,0 days 01:13:45.708000,,1,,False,,False,True
2021-13,FP2,0 days 01:16:18.532000,TSU,22,0 days 00:01:16.530000,27.0,4.0,,,0 days 00:00:26.660000,0 days 00:00:26.838000,0 days 00:00:23.032000,0 days 01:15:28.662000,0 days 01:15:55.500000,0 days 01:16:18.532000,278.0,272.0,289.0,293.0,False,MEDIUM,20.0,False,AlphaTauri,0 days 01:15:02.002000,,1,,False,,False,True
2021-13,FP2,0 days 01:17:38.412000,TSU,22,0 days 00:01:19.880000,28.0,4.0,,0 days 01:17:36.888000,0 days 00:00:26.438000,0 days 00:00:26.847000,0 days 00:00:26.595000,0 days 01:16:44.970000,0 days 01:17:11.817000,0 days 01:17:38.412000,279.0,274.0,,293.0,False,MEDIUM,21.0,False,AlphaTauri,0 days 01:16:18.532000,,1,,False,,False,False
2021-13,FP2,0 days 01:19:16.877000,TSU,22,0 days 00:01:38.465000,29.0,5.0,0 days 01:17:56.645000,,0 days 00:00:48.206000,0 days 00:00:27.003000,0 days 00:00:23.256000,0 days 01:18:26.618000,0 days 01:18:53.621000,0 days 01:19:16.877000,270.0,272.0,284.0,293.0,False,SOFT,8.0,False,AlphaTauri,0 days 01:17:38.412000,,1,,False,,False,False
2021-13,FP2,0 days 01:21:13.497000,TSU,22,0 days 00:01:56.620000,30.0,5.0,,,0 days 00:00:26.684000,0 days 00:00:27.402000,0 days 00:01:02.534000,0 days 01:19:43.561000,0 days 01:20:10.963000,0 days 01:21:13.497000,275.0,271.0,5.0,290.0,False,SOFT,9.0,False,AlphaTauri,0 days 01:19:16.877000,,12,,False,,False,True
2021-13,FP2,0 days 01:22:48.736000,TSU,22,0 days 00:01:35.239000,31.0,5.0,,0 days 01:22:47.449000,0 days 00:00:32.545000,0 days 00:00:29.768000,0 days 00:00:32.926000,0 days 01:21:46.042000,0 days 01:22:15.810000,0 days 01:22:48.736000,241.0,221.0,,205.0,False,SOFT,10.0,False,AlphaTauri,0 days 01:21:13.497000,,1,,False,,False,False
2021-13,FP2,0 days 00:20:44.458000,OCO,31,,1.0,1.0,0 days 00:18:50.802000,,,0 days 00:00:33.027000,0 days 00:00:33.448000,,0 days 00:20:11.010000,0 days 00:20:44.586000,263.0,164.0,298.0,,False,MEDIUM,1.0,True,Alpine,0 days 00:18:50.802000,,1,,False,,False,False
2021-13,FP2,0 days 00:21:56.963000,OCO,31,0 days 00:01:12.505000,2.0,1.0,,,0 days 00:00:25.390000,0 days 00:00:24.846000,0 days 00:00:22.269000,0 days 00:21:09.848000,0 days 00:21:34.694000,0 days 00:21:56.963000,273.0,284.0,301.0,307.0,True,MEDIUM,2.0,True,Alpine,0 days 00:20:44.458000,,1,,False,,False,True
2021-13,FP2,0 days 00:31:52.272000,OCO,31,,3.0,1.0,,0 days 00:25:33.003000,0 days 00:00:39.234000,0 days 00:00:41.857000,,0 days 00:22:36.189000,0 days 00:23:18.052000,,144.0,247.0,,266.0,False,MEDIUM,3.0,True,Alpine,0 days 00:21:56.963000,,125,,False,,False,False
2021-13,FP2,0 days 00:33:44.235000,OCO,31,,4.0,2.0,0 days 00:31:52.272000,,,0 days 00:00:27.303000,0 days 00:00:34.662000,,0 days 00:33:09.577000,0 days 00:33:44.365000,261.0,270.0,303.0,266.0,False,MEDIUM,4.0,False,Alpine,0 days 00:31:52.272000,,1,,False,,False,False
2021-13,FP2,0 days 00:34:56.131000,OCO,31,0 days 00:01:11.896000,5.0,2.0,,,0 days 00:00:25.105000,0 days 00:00:24.686000,0 days 00:00:22.105000,0 days 00:34:09.340000,0 days 00:34:34.026000,0 days 00:34:56.131000,275.0,285.0,304.0,312.0,True,MEDIUM,5.0,False,Alpine,0 days 00:33:44.235000,,1,,False,,False,True
2021-13,FP2,0 days 00:36:48.198000,OCO,31,0 days 00:01:52.067000,6.0,2.0,,,0 days 00:00:35.738000,0 days 00:00:42.541000,0 days 00:00:33.788000,0 days 00:35:31.869000,0 days 00:36:14.410000,0 days 00:36:48.198000,155.0,113.0,298.0,282.0,False,MEDIUM,6.0,False,Alpine,0 days 00:34:56.131000,,1,,False,,False,True
2021-13,FP2,0 days 00:38:00.558000,OCO,31,0 days 00:01:12.360000,7.0,2.0,,,0 days 00:00:25.266000,0 days 00:00:24.820000,0 days 00:00:22.274000,0 days 00:37:13.464000,0 days 00:37:38.284000,0 days 00:38:00.558000,273.0,283.0,300.0,308.0,False,MEDIUM,7.0,False,Alpine,0 days 00:36:48.198000,,1,,False,,False,True
2021-13,FP2,0 days 00:39:24.998000,OCO,31,0 days 00:01:24.440000,8.0,2.0,,0 days 00:39:23.373000,0 days 00:00:29.806000,0 days 00:00:27.597000,0 days 00:00:27.037000,0 days 00:38:30.364000,0 days 00:38:57.961000,0 days 00:39:24.998000,250.0,269.0,,258.0,False,MEDIUM,8.0,False,Alpine,0 days 00:38:00.558000,,1,,False,,False,False
2021-13,FP2,0 days 00:41:14.736000,OCO,31,0 days 00:01:49.738000,9.0,3.0,0 days 00:39:45.163000,,0 days 00:00:52.153000,0 days 00:00:32.609000,0 days 00:00:24.976000,0 days 00:40:17.151000,0 days 00:40:49.760000,0 days 00:41:14.736000,240.0,228.0,302.0,258.0,False,SOFT,1.0,True,Alpine,0 days 00:39:24.998000,,1,,False,,False,False
2021-13,FP2,0 days 00:42:25.810000,OCO,31,0 days 00:01:11.074000,10.0,3.0,,,0 days 00:00:24.717000,0 days 00:00:24.347000,0 days 00:00:22.010000,0 days 00:41:39.453000,0 days 00:42:03.800000,0 days 00:42:25.810000,277.0,285.0,301.0,261.0,True,SOFT,2.0,True,Alpine,0 days 00:41:14.736000,,1,,False,,False,True
2021-13,FP2,0 days 00:44:16.614000,OCO,31,0 days 00:01:50.804000,11.0,3.0,,,0 days 00:00:37.304000,0 days 00:00:41.212000,0 days 00:00:32.288000,0 days 00:43:03.114000,0 days 00:43:44.326000,0 days 00:44:16.614000,161.0,157.0,264.0,261.0,False,SOFT,3.0,True,Alpine,0 days 00:42:25.810000,,1,,False,,False,True
2021-13,FP2,0 days 00:45:47.364000,OCO,31,0 days 00:01:30.750000,12.0,3.0,,,0 days 00:00:33.844000,0 days 00:00:31.717000,0 days 00:00:25.189000,0 days 00:44:50.458000,0 days 00:45:22.175000,0 days 00:45:47.364000,214.0,262.0,303.0,164.0,False,SOFT,4.0,True,Alpine,0 days 00:44:16.614000,,1,,False,,False,True
2021-13,FP2,0 days 00:46:58.578000,OCO,31,0 days 00:01:11.214000,13.0,3.0,,,0 days 00:00:24.714000,0 days 00:00:24.508000,0 days 00:00:21.992000,0 days 00:46:12.078000,0 days 00:46:36.586000,0 days 00:46:58.578000,280.0,287.0,305.0,313.0,False,SOFT,5.0,True,Alpine,0 days 00:45:47.364000,,1,,False,,False,True
2021-13,FP2,0 days 00:56:23.122000,OCO,31,,14.0,3.0,,0 days 00:48:33.983000,0 days 00:00:30.047000,0 days 00:00:30.910000,,0 days 00:47:29.494000,0 days 00:47:59.567000,,252.0,219.0,,258.0,False,SOFT,6.0,True,Alpine,0 days 00:46:58.578000,,125,,False,,False,False
2021-13,FP2,0 days 00:57:45.306000,OCO,31,,15.0,4.0,0 days 00:56:23.122000,,,0 days 00:00:27.777000,0 days 00:00:25.825000,,0 days 00:57:20.039000,0 days 00:57:45.940000,273.0,262.0,288.0,258.0,False,MEDIUM,9.0,False,Alpine,0 days 00:56:23.122000,,1,,False,,False,False
2021-13,FP2,0 days 00:59:00.565000,OCO,31,0 days 00:01:15.259000,16.0,4.0,,,0 days 00:00:26.080000,0 days 00:00:26.025000,0 days 00:00:23.154000,0 days 00:58:11.386000,0 days 00:58:37.411000,0 days 00:59:00.565000,275.0,272.0,286.0,292.0,False,MEDIUM,10.0,False,Alpine,0 days 00:57:45.306000,,1,,False,,False,True
2021-13,FP2,0 days 01:00:15.901000,OCO,31,0 days 00:01:15.336000,17.0,4.0,,,0 days 00:00:26.220000,0 days 00:00:26.089000,0 days 00:00:23.027000,0 days 00:59:26.785000,0 days 00:59:52.874000,0 days 01:00:15.901000,275.0,270.0,288.0,290.0,False,MEDIUM,11.0,False,Alpine,0 days 00:59:00.565000,,1,,False,,False,True
2021-13,FP2,0 days 01:01:31.888000,OCO,31,0 days 00:01:15.987000,18.0,4.0,,,0 days 00:00:26.238000,0 days 00:00:26.317000,0 days 00:00:23.432000,0 days 01:00:42.139000,0 days 01:01:08.456000,0 days 01:01:31.888000,276.0,268.0,288.0,289.0,False,MEDIUM,12.0,False,Alpine,0 days 01:00:15.901000,,1,,False,,False,True
2021-13,FP2,0 days 01:02:47.879000,OCO,31,0 days 00:01:15.991000,19.0,4.0,,,0 days 00:00:26.218000,0 days 00:00:26.464000,0 days 00:00:23.309000,0 days 01:01:58.106000,0 days 01:02:24.570000,0 days 01:02:47.879000,278.0,267.0,290.0,290.0,False,MEDIUM,13.0,False,Alpine,0 days 01:01:31.888000,,1,,False,,False,True
2021-13,FP2,0 days 01:04:03.989000,OCO,31,0 days 00:01:16.110000,20.0,4.0,,,0 days 00:00:26.310000,0 days 00:00:26.554000,0 days 00:00:23.246000,0 days 01:03:14.189000,0 days 01:03:40.743000,0 days 01:04:03.989000,277.0,269.0,292.0,291.0,False,MEDIUM,14.0,False,Alpine,0 days 01:02:47.879000,,1,,False,,False,True
2021-13,FP2,0 days 01:05:24.585000,OCO,31,0 days 00:01:20.596000,21.0,4.0,,,0 days 00:00:30.117000,0 days 00:00:26.407000,0 days 00:00:24.072000,0 days 01:04:34.106000,0 days 01:05:00.513000,0 days 01:05:24.585000,275.0,271.0,288.0,193.0,False,MEDIUM,15.0,False,Alpine,0 days 01:04:03.989000,,1,,False,,False,True
2021-13,FP2,0 days 01:06:40.655000,OCO,31,0 days 00:01:16.070000,22.0,4.0,,,0 days 00:00:26.202000,0 days 00:00:26.416000,0 days 00:00:23.452000,0 days 01:05:50.787000,0 days 01:06:17.203000,0 days 01:06:40.655000,269.0,261.0,286.0,289.0,False,MEDIUM,16.0,False,Alpine,0 days 01:05:24.585000,,1,,False,,False,True
2021-13,FP2,0 days 01:08:00.022000,OCO,31,0 days 00:01:19.367000,23.0,4.0,,,0 days 00:00:26.350000,0 days 00:00:26.496000,0 days 00:00:26.521000,0 days 01:07:07.005000,0 days 01:07:33.501000,0 days 01:08:00.022000,270.0,266.0,285.0,284.0,False,MEDIUM,17.0,False,Alpine,0 days 01:06:40.655000,,1,,False,,False,True
2021-13,FP2,0 days 01:09:15.933000,OCO,31,0 days 00:01:15.911000,24.0,4.0,,,0 days 00:00:26.199000,0 days 00:00:26.408000,0 days 00:00:23.304000,0 days 01:08:26.221000,0 days 01:08:52.629000,0 days 01:09:15.933000,271.0,264.0,288.0,285.0,False,MEDIUM,18.0,False,Alpine,0 days 01:08:00.022000,,1,,False,,False,True
2021-13,FP2,0 days 01:10:32.305000,OCO,31,0 days 00:01:16.372000,25.0,4.0,,,0 days 00:00:26.391000,0 days 00:00:26.648000,0 days 00:00:23.333000,0 days 01:09:42.324000,0 days 01:10:08.972000,0 days 01:10:32.305000,271.0,266.0,286.0,292.0,False,MEDIUM,19.0,False,Alpine,0 days 01:09:15.933000,,1,,False,,False,True
2021-13,FP2,0 days 01:11:48.757000,OCO,31,0 days 00:01:16.452000,26.0,4.0,,,0 days 00:00:26.434000,0 days 00:00:26.441000,0 days 00:00:23.577000,0 days 01:10:58.739000,0 days 01:11:25.180000,0 days 01:11:48.757000,269.0,265.0,286.0,283.0,False,MEDIUM,20.0,False,Alpine,0 days 01:10:32.305000,,1,,False,,False,True
2021-13,FP2,0 days 01:13:05.003000,OCO,31,0 days 00:01:16.246000,27.0,4.0,,,0 days 00:00:26.321000,0 days 00:00:26.502000,0 days 00:00:23.423000,0 days 01:12:15.078000,0 days 01:12:41.580000,0 days 01:13:05.003000,275.0,263.0,286.0,285.0,False,MEDIUM,21.0,False,Alpine,0 days 01:11:48.757000,,1,,False,,False,True
2021-13,FP2,0 days 01:14:21.308000,OCO,31,0 days 00:01:16.305000,28.0,4.0,,,0 days 00:00:26.359000,0 days 00:00:26.527000,0 days 00:00:23.419000,0 days 01:13:31.362000,0 days 01:13:57.889000,0 days 01:14:21.308000,273.0,266.0,285.0,284.0,False,MEDIUM,22.0,False,Alpine,0 days 01:13:05.003000,,1,,False,,False,True
2021-13,FP2,0 days 01:15:37.451000,OCO,31,0 days 00:01:16.143000,29.0,4.0,,,0 days 00:00:26.424000,0 days 00:00:26.492000,0 days 00:00:23.227000,0 days 01:14:47.732000,0 days 01:15:14.224000,0 days 01:15:37.451000,273.0,266.0,284.0,284.0,False,MEDIUM,23.0,False,Alpine,0 days 01:14:21.308000,,1,,False,,False,True
2021-13,FP2,0 days 01:16:56.449000,OCO,31,0 days 00:01:18.998000,30.0,4.0,,0 days 01:16:55.132000,0 days 00:00:26.190000,0 days 00:00:26.646000,0 days 00:00:26.162000,0 days 01:16:03.641000,0 days 01:16:30.287000,0 days 01:16:56.449000,273.0,265.0,,284.0,False,MEDIUM,24.0,False,Alpine,0 days 01:15:37.451000,,1,,False,,False,False
2021-13,FP2,0 days 01:18:46.964000,OCO,31,0 days 00:01:50.515000,31.0,5.0,0 days 01:17:14.890000,,0 days 00:00:45.075000,0 days 00:00:30.860000,0 days 00:00:34.580000,0 days 01:17:41.524000,0 days 01:18:12.384000,0 days 01:18:46.964000,272.0,84.0,228.0,284.0,False,SOFT,7.0,False,Alpine,0 days 01:16:56.449000,,1,,False,,False,False
2021-13,FP2,0 days 01:20:48.631000,OCO,31,0 days 00:02:01.667000,32.0,5.0,,,0 days 00:00:33.535000,0 days 00:00:34.246000,0 days 00:00:53.886000,0 days 01:19:20.499000,0 days 01:19:54.745000,0 days 01:20:48.631000,202.0,167.0,38.0,191.0,False,SOFT,8.0,False,Alpine,0 days 01:18:46.964000,,12,,False,,False,True
2021-13,FP2,0 days 01:22:32.651000,OCO,31,0 days 00:01:44.020000,33.0,5.0,,0 days 01:22:32.507000,0 days 00:00:49.443000,0 days 00:00:27.033000,0 days 00:00:27.544000,0 days 01:21:38.074000,0 days 01:22:05.107000,0 days 01:22:32.651000,272.0,268.0,,224.0,False,SOFT,9.0,False,Alpine,0 days 01:20:48.631000,,1,,False,,False,False
2021-13,FP2,0 days 00:21:37.177000,VER,33,,1.0,1.0,0 days 00:19:59.541000,,,0 days 00:00:37.156000,0 days 00:00:32.236000,,0 days 00:21:04.977000,0 days 00:21:37.260000,265.0,99.0,300.0,,False,MEDIUM,1.0,True,Red Bull Racing,0 days 00:19:59.541000,,1,,False,,False,False
2021-13,FP2,0 days 00:22:57.406000,VER,33,0 days 00:01:20.229000,2.0,1.0,,,0 days 00:00:25.118000,0 days 00:00:30.635000,0 days 00:00:24.476000,0 days 00:22:02.295000,0 days 00:22:32.930000,0 days 00:22:57.406000,279.0,242.0,298.0,309.0,True,MEDIUM,2.0,True,Red Bull Racing,0 days 00:21:37.177000,,1,,False,,False,True
2021-13,FP2,0 days 00:33:05.372000,VER,33,,3.0,1.0,,0 days 00:24:24.496000,0 days 00:00:24.962000,,,0 days 00:23:22.354000,,,276.0,,,305.0,False,MEDIUM,3.0,True,Red Bull Racing,0 days 00:22:57.406000,,125,,False,,False,False
2021-13,FP2,0 days 00:34:34.565000,VER,33,,4.0,2.0,0 days 00:33:05.372000,,,0 days 00:00:33.853000,0 days 00:00:26.871000,,0 days 00:34:07.705000,0 days 00:34:34.675000,186.0,207.0,299.0,305.0,False,MEDIUM,4.0,False,Red Bull Racing,0 days 00:33:05.372000,,1,,False,,False,False
2021-13,FP2,0 days 00:35:46.258000,VER,33,0 days 00:01:11.693000,5.0,2.0,,,0 days 00:00:25.052000,0 days 00:00:24.279000,0 days 00:00:22.362000,0 days 00:34:59.617000,0 days 00:35:23.896000,0 days 00:35:46.258000,276.0,280.0,300.0,307.0,True,MEDIUM,5.0,False,Red Bull Racing,0 days 00:34:34.565000,,1,,False,,False,True
2021-13,FP2,0 days 00:37:34.403000,VER,33,0 days 00:01:48.145000,6.0,2.0,,,0 days 00:00:34.358000,0 days 00:00:38.432000,0 days 00:00:35.355000,0 days 00:36:20.616000,0 days 00:36:59.048000,0 days 00:37:34.403000,203.0,80.0,297.0,264.0,False,MEDIUM,6.0,False,Red Bull Racing,0 days 00:35:46.258000,,1,,False,,False,True
2021-13,FP2,0 days 00:38:46.322000,VER,33,0 days 00:01:11.919000,7.0,2.0,,,0 days 00:00:25.106000,0 days 00:00:24.432000,0 days 00:00:22.381000,0 days 00:37:59.509000,0 days 00:38:23.941000,0 days 00:38:46.322000,276.0,282.0,300.0,305.0,False,MEDIUM,7.0,False,Red Bull Racing,0 days 00:37:34.403000,,1,,False,,False,True
2021-13,FP2,0 days 00:40:14.659000,VER,33,0 days 00:01:28.337000,8.0,2.0,,0 days 00:40:14.387000,0 days 00:00:28.259000,0 days 00:00:29.608000,0 days 00:00:30.470000,0 days 00:39:14.581000,0 days 00:39:44.189000,0 days 00:40:14.659000,243.0,220.0,,243.0,False,MEDIUM,8.0,False,Red Bull Racing,0 days 00:38:46.322000,,1,,False,,False,False
2021-13,FP2,0 days 00:47:34.158000,VER,33,,9.0,3.0,0 days 00:45:59.539000,,,0 days 00:00:36.982000,0 days 00:00:25.158000,,0 days 00:47:09,0 days 00:47:34.328000,181.0,238.0,296.0,243.0,False,SOFT,1.0,True,Red Bull Racing,0 days 00:40:14.659000,,1,,False,,False,False
2021-13,FP2,0 days 00:53:37.085000,VER,33,,10.0,3.0,,0 days 00:49:12.908000,0 days 00:00:24.836000,,,0 days 00:47:59.018000,,,274.0,,,305.0,False,SOFT,2.0,True,Red Bull Racing,0 days 00:47:34.158000,,125,,False,,False,False
2021-13,FP2,0 days 00:55:11.529000,VER,33,,11.0,4.0,0 days 00:53:37.085000,,,0 days 00:00:35.227000,0 days 00:00:25.146000,,0 days 00:54:46.383000,0 days 00:55:11.649000,230.0,227.0,292.0,305.0,False,SOFT,2.0,False,Red Bull Racing,0 days 00:53:37.085000,,1,,False,,False,False
2021-13,FP2,0 days 00:56:22.793000,VER,33,0 days 00:01:11.264000,12.0,4.0,,,0 days 00:00:24.916000,0 days 00:00:24.284000,0 days 00:00:22.064000,0 days 00:55:36.445000,0 days 00:56:00.729000,0 days 00:56:22.793000,274.0,281.0,304.0,299.0,True,SOFT,3.0,False,Red Bull Racing,0 days 00:55:11.529000,,1,,False,,False,True
2021-13,FP2,0 days 00:57:46.984000,VER,33,0 days 00:01:24.191000,13.0,4.0,,0 days 00:57:45.331000,0 days 00:00:28.422000,0 days 00:00:27.310000,0 days 00:00:28.459000,0 days 00:56:51.215000,0 days 00:57:18.525000,0 days 00:57:46.984000,254.0,245.0,,252.0,False,SOFT,4.0,False,Red Bull Racing,0 days 00:56:22.793000,,1,,False,,False,False
2021-13,FP2,0 days 01:04:20.414000,VER,33,,14.0,5.0,0 days 01:03:02.275000,,,0 days 00:00:26.890000,0 days 00:00:23.422000,,0 days 01:03:57.026000,0 days 01:04:20.543000,270.0,265.0,281.0,252.0,False,SOFT,6.0,False,Red Bull Racing,0 days 00:57:46.984000,,1,,False,,False,False
2021-13,FP2,0 days 01:05:35.799000,VER,33,0 days 00:01:15.385000,15.0,5.0,,,0 days 00:00:26.267000,0 days 00:00:26.152000,0 days 00:00:22.966000,0 days 01:04:46.681000,0 days 01:05:12.833000,0 days 01:05:35.799000,271.0,265.0,282.0,284.0,False,SOFT,7.0,False,Red Bull Racing,0 days 01:04:20.414000,,1,,False,,False,True
2021-13,FP2,0 days 01:06:50.972000,VER,33,0 days 00:01:15.173000,16.0,5.0,,,0 days 00:00:26.083000,0 days 00:00:26.135000,0 days 00:00:22.955000,0 days 01:06:01.882000,0 days 01:06:28.017000,0 days 01:06:50.972000,273.0,264.0,283.0,284.0,False,SOFT,8.0,False,Red Bull Racing,0 days 01:05:35.799000,,1,,False,,False,True
2021-13,FP2,0 days 01:08:06.267000,VER,33,0 days 00:01:15.295000,17.0,5.0,,,0 days 00:00:26.131000,0 days 00:00:26.062000,0 days 00:00:23.102000,0 days 01:07:17.103000,0 days 01:07:43.165000,0 days 01:08:06.267000,272.0,266.0,286.0,284.0,False,SOFT,9.0,False,Red Bull Racing,0 days 01:06:50.972000,,1,,False,,False,True
2021-13,FP2,0 days 01:09:21.830000,VER,33,0 days 00:01:15.563000,18.0,5.0,,,0 days 00:00:26,0 days 00:00:26.488000,0 days 00:00:23.075000,0 days 01:08:32.267000,0 days 01:08:58.755000,0 days 01:09:21.830000,277.0,268.0,284.0,288.0,False,SOFT,10.0,False,Red Bull Racing,0 days 01:08:06.267000,,1,,False,,False,True
2021-13,FP2,0 days 01:10:37.205000,VER,33,0 days 00:01:15.375000,19.0,5.0,,,0 days 00:00:25.979000,0 days 00:00:26.064000,0 days 00:00:23.332000,0 days 01:09:47.809000,0 days 01:10:13.873000,0 days 01:10:37.205000,274.0,269.0,286.0,287.0,False,SOFT,11.0,False,Red Bull Racing,0 days 01:09:21.830000,,1,,False,,False,True
2021-13,FP2,0 days 01:11:52.161000,VER,33,0 days 00:01:14.956000,20.0,5.0,,,0 days 00:00:25.888000,0 days 00:00:26.035000,0 days 00:00:23.033000,0 days 01:11:03.093000,0 days 01:11:29.128000,0 days 01:11:52.161000,277.0,270.0,289.0,286.0,False,SOFT,12.0,False,Red Bull Racing,0 days 01:10:37.205000,,1,,False,,False,True
2021-13,FP2,0 days 01:13:07.299000,VER,33,0 days 00:01:15.138000,21.0,5.0,,,0 days 00:00:25.927000,0 days 00:00:26.204000,0 days 00:00:23.007000,0 days 01:12:18.088000,0 days 01:12:44.292000,0 days 01:13:07.299000,280.0,271.0,289.0,287.0,False,SOFT,13.0,False,Red Bull Racing,0 days 01:11:52.161000,,1,,False,,False,True
2021-13,FP2,0 days 01:14:27.447000,VER,33,0 days 00:01:20.148000,22.0,5.0,,,0 days 00:00:26.159000,0 days 00:00:26.345000,0 days 00:00:27.644000,0 days 01:13:33.458000,0 days 01:13:59.803000,0 days 01:14:27.447000,277.0,266.0,284.0,286.0,False,SOFT,14.0,False,Red Bull Racing,0 days 01:13:07.299000,,1,,False,,False,True
2021-13,FP2,0 days 01:15:42.587000,VER,33,0 days 00:01:15.140000,23.0,5.0,,,0 days 00:00:26.053000,0 days 00:00:26.093000,0 days 00:00:22.994000,0 days 01:14:53.500000,0 days 01:15:19.593000,0 days 01:15:42.587000,274.0,265.0,283.0,285.0,False,SOFT,15.0,False,Red Bull Racing,0 days 01:14:27.447000,,1,,False,,False,True
2021-13,FP2,0 days 01:16:57.917000,VER,33,0 days 00:01:15.330000,24.0,5.0,,,0 days 00:00:25.994000,0 days 00:00:26.246000,0 days 00:00:23.090000,0 days 01:16:08.581000,0 days 01:16:34.827000,0 days 01:16:57.917000,270.0,268.0,284.0,283.0,False,SOFT,16.0,False,Red Bull Racing,0 days 01:15:42.587000,,1,,False,,False,True
2021-13,FP2,0 days 01:18:13.498000,VER,33,0 days 00:01:15.581000,25.0,5.0,,,0 days 00:00:26.094000,0 days 00:00:26.332000,0 days 00:00:23.155000,0 days 01:17:24.011000,0 days 01:17:50.343000,0 days 01:18:13.498000,268.0,266.0,284.0,281.0,False,SOFT,17.0,False,Red Bull Racing,0 days 01:16:57.917000,,1,,False,,False,True
2021-13,FP2,0 days 01:19:29.716000,VER,33,0 days 00:01:16.218000,26.0,5.0,,,0 days 00:00:25.950000,0 days 00:00:26.458000,0 days 00:00:23.810000,0 days 01:18:39.448000,0 days 01:19:05.906000,0 days 01:19:29.716000,274.0,268.0,288.0,287.0,False,SOFT,18.0,False,Red Bull Racing,0 days 01:18:13.498000,,1,,False,,False,True
2021-13,FP2,0 days 01:21:57.354000,VER,33,0 days 00:02:27.638000,27.0,5.0,,,0 days 00:00:47.532000,0 days 00:00:46.761000,0 days 00:00:53.345000,0 days 01:20:17.248000,0 days 01:21:04.009000,0 days 01:21:57.354000,128.0,143.0,56.0,212.0,False,SOFT,19.0,False,Red Bull Racing,0 days 01:19:29.716000,,12,,False,,False,True
2021-13,FP2,0 days 01:23:57.381000,VER,33,0 days 00:02:00.027000,28.0,5.0,,0 days 01:23:55.883000,0 days 00:00:56.331000,0 days 00:00:35.525000,0 days 00:00:28.171000,0 days 01:22:53.685000,0 days 01:23:29.210000,0 days 01:23:57.381000,159.0,246.0,,207.0,False,SOFT,20.0,False,Red Bull Racing,0 days 01:21:57.354000,,1,,False,,False,False
2021-13,FP2,0 days 00:21:13.512000,HAM,44,,1.0,1.0,0 days 00:19:04.719000,,,0 days 00:00:32.062000,0 days 00:00:34.626000,,0 days 00:20:38.886000,0 days 00:21:13.613000,219.0,232.0,296.0,,False,MEDIUM,1.0,True,Mercedes,0 days 00:19:04.719000,,1,,False,,False,False
2021-13,FP2,0 days 00:22:25.423000,HAM,44,0 days 00:01:11.911000,2.0,1.0,,,0 days 00:00:25.456000,0 days 00:00:24.253000,0 days 00:00:22.202000,0 days 00:21:38.968000,0 days 00:22:03.221000,0 days 00:22:25.423000,273.0,282.0,299.0,305.0,True,MEDIUM,2.0,True,Mercedes,0 days 00:21:13.512000,,1,,False,,False,True
2021-13,FP2,0 days 00:29:23.861000,HAM,44,,3.0,1.0,,0 days 00:29:23.861000,0 days 00:00:40.269000,,,0 days 00:23:05.669000,,,134.0,,,237.0,False,MEDIUM,3.0,True,Mercedes,0 days 00:22:25.423000,,125,,False,,False,False
2021-13,FP2,0 days 00:21:23.745000,MSC,47,,1.0,1.0,0 days 00:19:34.689000,,,0 days 00:00:34.940000,0 days 00:00:36.223000,,0 days 00:20:47.522000,0 days 00:21:23.837000,224.0,256.0,303.0,,False,MEDIUM,1.0,True,Haas F1 Team,0 days 00:19:34.689000,,1,,False,,False,False
2021-13,FP2,0 days 00:22:37.402000,MSC,47,0 days 00:01:13.657000,2.0,1.0,,,0 days 00:00:25.744000,0 days 00:00:25.492000,0 days 00:00:22.421000,0 days 00:21:49.489000,0 days 00:22:14.981000,0 days 00:22:37.402000,277.0,283.0,306.0,312.0,True,MEDIUM,2.0,True,Haas F1 Team,0 days 00:21:23.745000,,1,,False,,False,True
2021-13,FP2,0 days 00:31:36.383000,MSC,47,,3.0,1.0,,0 days 00:24:36.623000,0 days 00:00:36.545000,,,0 days 00:23:13.935000,,,207.0,,,248.0,False,MEDIUM,3.0,True,Haas F1 Team,0 days 00:22:37.402000,,125,,False,,False,False
2021-13,FP2,0 days 00:33:09.353000,MSC,47,,4.0,2.0,0 days 00:31:36.383000,,,0 days 00:00:31.414000,0 days 00:00:26.317000,,0 days 00:32:43.053000,0 days 00:33:09.466000,229.0,271.0,299.0,248.0,False,MEDIUM,4.0,False,Haas F1 Team,0 days 00:31:36.383000,,1,,False,,False,False
2021-13,FP2,0 days 00:34:22.673000,MSC,47,0 days 00:01:13.320000,5.0,2.0,,,0 days 00:00:25.615000,0 days 00:00:25.252000,0 days 00:00:22.453000,0 days 00:33:34.968000,0 days 00:34:00.220000,0 days 00:34:22.673000,275.0,281.0,311.0,305.0,True,MEDIUM,5.0,False,Haas F1 Team,0 days 00:33:09.353000,,1,,False,,False,True
2021-13,FP2,0 days 00:35:58.097000,MSC,47,0 days 00:01:35.424000,6.0,2.0,,,0 days 00:00:34.543000,0 days 00:00:34.810000,0 days 00:00:26.071000,0 days 00:34:57.216000,0 days 00:35:32.026000,0 days 00:35:58.097000,140.0,241.0,300.0,321.0,False,MEDIUM,6.0,False,Haas F1 Team,0 days 00:34:22.673000,,1,,False,,False,True
2021-13,FP2,0 days 00:37:12.206000,MSC,47,0 days 00:01:14.109000,7.0,2.0,,,0 days 00:00:25.749000,0 days 00:00:25.643000,0 days 00:00:22.717000,0 days 00:36:23.846000,0 days 00:36:49.489000,0 days 00:37:12.206000,275.0,283.0,304.0,308.0,False,MEDIUM,7.0,False,Haas F1 Team,0 days 00:35:58.097000,,1,,False,,False,True
2021-13,FP2,0 days 00:38:54.040000,MSC,47,0 days 00:01:41.834000,8.0,2.0,,0 days 00:38:52.539000,0 days 00:00:34.176000,0 days 00:00:36.649000,0 days 00:00:31.009000,0 days 00:37:46.382000,0 days 00:38:23.031000,0 days 00:38:54.040000,158.0,197.0,,269.0,False,MEDIUM,8.0,False,Haas F1 Team,0 days 00:37:12.206000,,1,,False,,False,False
2021-13,FP2,0 days 00:45:08.360000,MSC,47,,9.0,3.0,0 days 00:43:38.801000,,,0 days 00:00:32.132000,0 days 00:00:24.399000,,0 days 00:44:43.969000,0 days 00:45:08.471000,266.0,267.0,298.0,269.0,False,SOFT,1.0,True,Haas F1 Team,0 days 00:38:54.040000,,1,,False,,False,False
2021-13,FP2,0 days 00:46:20.967000,MSC,47,0 days 00:01:12.607000,10.0,3.0,,,0 days 00:00:25.301000,0 days 00:00:24.982000,0 days 00:00:22.324000,0 days 00:45:33.661000,0 days 00:45:58.643000,0 days 00:46:20.967000,276.0,283.0,300.0,309.0,True,SOFT,2.0,True,Haas F1 Team,0 days 00:45:08.360000,,1,,False,,False,True
2021-13,FP2,0 days 00:48:09.143000,MSC,47,0 days 00:01:48.176000,11.0,3.0,,,0 days 00:00:38.801000,0 days 00:00:39.532000,0 days 00:00:29.843000,0 days 00:46:59.768000,0 days 00:47:39.300000,0 days 00:48:09.143000,151.0,250.0,305.0,267.0,False,SOFT,3.0,True,Haas F1 Team,0 days 00:46:20.967000,,1,,False,,False,True
2021-13,FP2,0 days 00:56:02.355000,MSC,47,,12.0,3.0,,0 days 00:49:58.043000,,,,,,,,,,314.0,False,SOFT,4.0,True,Haas F1 Team,0 days 00:48:09.143000,,125,,False,,False,False
2021-13,FP2,0 days 00:57:27.131000,MSC,47,,13.0,4.0,0 days 00:56:02.355000,,,0 days 00:00:28.499000,0 days 00:00:25.702000,,0 days 00:57:01.447000,0 days 00:57:27.623000,251.0,193.0,292.0,314.0,False,MEDIUM,9.0,False,Haas F1 Team,0 days 00:56:02.355000,,1,,False,,False,False
2021-13,FP2,0 days 00:58:45.586000,MSC,47,0 days 00:01:18.455000,14.0,4.0,,,0 days 00:00:27.291000,0 days 00:00:27.354000,0 days 00:00:23.810000,0 days 00:57:54.422000,0 days 00:58:21.776000,0 days 00:58:45.586000,273.0,266.0,285.0,295.0,False,MEDIUM,10.0,False,Haas F1 Team,0 days 00:57:27.131000,,1,,False,,False,True
2021-13,FP2,0 days 01:00:02.867000,MSC,47,0 days 00:01:17.281000,15.0,4.0,,,0 days 00:00:26.711000,0 days 00:00:26.800000,0 days 00:00:23.770000,0 days 00:59:12.297000,0 days 00:59:39.097000,0 days 01:00:02.867000,271.0,266.0,284.0,291.0,False,MEDIUM,11.0,False,Haas F1 Team,0 days 00:58:45.586000,,1,,False,,False,True
2021-13,FP2,0 days 01:01:20.417000,MSC,47,0 days 00:01:17.550000,16.0,4.0,,,0 days 00:00:26.801000,0 days 00:00:27.144000,0 days 00:00:23.605000,0 days 01:00:29.668000,0 days 01:00:56.812000,0 days 01:01:20.417000,272.0,266.0,284.0,291.0,False,MEDIUM,12.0,False,Haas F1 Team,0 days 01:00:02.867000,,1,,False,,False,True
2021-13,FP2,0 days 01:02:37.932000,MSC,47,0 days 00:01:17.515000,17.0,4.0,,,0 days 00:00:26.585000,0 days 00:00:27.233000,0 days 00:00:23.697000,0 days 01:01:47.002000,0 days 01:02:14.235000,0 days 01:02:37.932000,271.0,263.0,284.0,288.0,False,MEDIUM,13.0,False,Haas F1 Team,0 days 01:01:20.417000,,1,,False,,False,True
2021-13,FP2,0 days 01:03:55.554000,MSC,47,0 days 00:01:17.622000,18.0,4.0,,,0 days 00:00:26.795000,0 days 00:00:27.135000,0 days 00:00:23.692000,0 days 01:03:04.727000,0 days 01:03:31.862000,0 days 01:03:55.554000,271.0,264.0,284.0,288.0,False,MEDIUM,14.0,False,Haas F1 Team,0 days 01:02:37.932000,,1,,False,,False,True
2021-13,FP2,0 days 01:05:13.134000,MSC,47,0 days 00:01:17.580000,19.0,4.0,,,0 days 00:00:26.673000,0 days 00:00:27.221000,0 days 00:00:23.686000,0 days 01:04:22.227000,0 days 01:04:49.448000,0 days 01:05:13.134000,271.0,264.0,284.0,288.0,False,MEDIUM,15.0,False,Haas F1 Team,0 days 01:03:55.554000,,1,,False,,False,True
2021-13,FP2,0 days 01:06:30.950000,MSC,47,0 days 00:01:17.816000,20.0,4.0,,,0 days 00:00:26.690000,0 days 00:00:27.359000,0 days 00:00:23.767000,0 days 01:05:39.824000,0 days 01:06:07.183000,0 days 01:06:30.950000,272.0,264.0,284.0,283.0,False,MEDIUM,16.0,False,Haas F1 Team,0 days 01:05:13.134000,,1,,False,,False,True
2021-13,FP2,0 days 01:07:48.752000,MSC,47,0 days 00:01:17.802000,21.0,4.0,,,0 days 00:00:26.772000,0 days 00:00:27.174000,0 days 00:00:23.856000,0 days 01:06:57.722000,0 days 01:07:24.896000,0 days 01:07:48.752000,273.0,266.0,284.0,282.0,False,MEDIUM,17.0,False,Haas F1 Team,0 days 01:06:30.950000,,1,,False,,False,True
2021-13,FP2,0 days 01:09:10.419000,MSC,47,0 days 00:01:21.667000,22.0,4.0,,0 days 01:09:08.833000,0 days 00:00:26.851000,0 days 00:00:27.446000,0 days 00:00:27.370000,0 days 01:08:15.603000,0 days 01:08:43.049000,0 days 01:09:10.419000,271.0,266.0,,281.0,False,MEDIUM,18.0,False,Haas F1 Team,0 days 01:07:48.752000,,1,,False,,False,False
2021-13,FP2,0 days 01:10:49.310000,MSC,47,0 days 00:01:38.891000,23.0,5.0,0 days 01:09:29.309000,,0 days 00:00:46.630000,0 days 00:00:28.485000,0 days 00:00:23.776000,0 days 01:09:57.049000,0 days 01:10:25.534000,0 days 01:10:49.310000,272.0,267.0,290.0,281.0,False,SOFT,5.0,False,Haas F1 Team,0 days 01:09:10.419000,,1,,False,,False,False
2021-13,FP2,0 days 01:12:07.337000,MSC,47,0 days 00:01:18.027000,24.0,5.0,,,0 days 00:00:26.829000,0 days 00:00:27.658000,0 days 00:00:23.540000,0 days 01:11:16.139000,0 days 01:11:43.797000,0 days 01:12:07.337000,277.0,268.0,288.0,288.0,False,SOFT,6.0,False,Haas F1 Team,0 days 01:10:49.310000,,1,,False,,False,True
2021-13,FP2,0 days 01:13:25.153000,MSC,47,0 days 00:01:17.816000,25.0,5.0,,,0 days 00:00:26.700000,0 days 00:00:27.388000,0 days 00:00:23.728000,0 days 01:12:34.037000,0 days 01:13:01.425000,0 days 01:13:25.153000,275.0,267.0,288.0,293.0,False,SOFT,7.0,False,Haas F1 Team,0 days 01:12:07.337000,,1,,False,,False,True
2021-13,FP2,0 days 01:14:43.089000,MSC,47,0 days 00:01:17.936000,26.0,5.0,,,0 days 00:00:26.733000,0 days 00:00:27.529000,0 days 00:00:23.674000,0 days 01:13:51.886000,0 days 01:14:19.415000,0 days 01:14:43.089000,276.0,269.0,288.0,293.0,False,SOFT,8.0,False,Haas F1 Team,0 days 01:13:25.153000,,1,,False,,False,True
2021-13,FP2,0 days 01:16:00.705000,MSC,47,0 days 00:01:17.616000,27.0,5.0,,,0 days 00:00:26.769000,0 days 00:00:27.280000,0 days 00:00:23.567000,0 days 01:15:09.858000,0 days 01:15:37.138000,0 days 01:16:00.705000,274.0,268.0,285.0,291.0,False,SOFT,9.0,False,Haas F1 Team,0 days 01:14:43.089000,,1,,False,,False,True
2021-13,FP2,0 days 01:17:18.745000,MSC,47,0 days 00:01:18.040000,28.0,5.0,,,0 days 00:00:26.767000,0 days 00:00:27.434000,0 days 00:00:23.839000,0 days 01:16:27.472000,0 days 01:16:54.906000,0 days 01:17:18.745000,274.0,268.0,286.0,289.0,False,SOFT,10.0,False,Haas F1 Team,0 days 01:16:00.705000,,1,,False,,False,True
2021-13,FP2,0 days 01:18:35.857000,MSC,47,0 days 00:01:17.112000,29.0,5.0,,,0 days 00:00:26.530000,0 days 00:00:27.222000,0 days 00:00:23.360000,0 days 01:17:45.275000,0 days 01:18:12.497000,0 days 01:18:35.857000,275.0,269.0,286.0,290.0,False,SOFT,11.0,False,Haas F1 Team,0 days 01:17:18.745000,,1,,False,,False,True
2021-13,FP2,0 days 01:20:22.902000,MSC,47,0 days 00:01:47.045000,30.0,5.0,,,0 days 00:00:27.098000,0 days 00:00:36.236000,0 days 00:00:43.711000,0 days 01:19:02.955000,0 days 01:19:39.191000,0 days 01:20:22.902000,273.0,219.0,54.0,290.0,False,SOFT,12.0,False,Haas F1 Team,0 days 01:18:35.857000,,12,,False,,False,True
2021-13,FP2,0 days 01:22:29.073000,MSC,47,0 days 00:02:06.171000,31.0,5.0,,0 days 01:22:27.645000,0 days 00:01:00.450000,0 days 00:00:35.466000,0 days 00:00:30.255000,0 days 01:21:23.352000,0 days 01:21:58.818000,0 days 01:22:29.073000,173.0,241.0,,208.0,False,SOFT,13.0,False,Haas F1 Team,0 days 01:20:22.902000,,21,,False,,False,False
2021-13,FP2,0 days 00:20:50.291000,SAI,55,,1.0,1.0,0 days 00:18:53.663000,,,0 days 00:00:32.245000,0 days 00:00:36.093000,,0 days 00:20:14.227000,0 days 00:20:51.307000,250.0,261.0,296.0,,False,MEDIUM,1.0,True,Ferrari,0 days 00:18:53.663000,,1,,False,,False,False
2021-13,FP2,0 days 00:22:02.395000,SAI,55,0 days 00:01:12.104000,2.0,1.0,,,0 days 00:00:25.395000,0 days 00:00:24.517000,0 days 00:00:22.192000,0 days 00:21:15.686000,0 days 00:21:40.203000,0 days 00:22:02.395000,274.0,284.0,298.0,305.0,True,MEDIUM,2.0,True,Ferrari,0 days 00:20:50.291000,,1,,False,,False,True
2021-13,FP2,0 days 00:31:44.132000,SAI,55,,3.0,1.0,,0 days 00:24:10.757000,0 days 00:00:42.717000,0 days 00:00:41.517000,,0 days 00:22:45.081000,0 days 00:23:26.614000,,131.0,243.0,,210.0,False,MEDIUM,3.0,True,Ferrari,0 days 00:22:02.395000,,125,,False,,False,False
2021-13,FP2,0 days 00:33:27.930000,SAI,55,,4.0,2.0,0 days 00:31:44.132000,,,0 days 00:00:28.510000,0 days 00:00:31.316000,,0 days 00:32:56.617000,0 days 00:33:28.049000,240.0,254.0,295.0,210.0,False,MEDIUM,4.0,False,Ferrari,0 days 00:31:44.132000,,1,,False,,False,False
2021-13,FP2,0 days 00:34:49.526000,SAI,55,0 days 00:01:21.596000,5.0,2.0,,,0 days 00:00:26.412000,0 days 00:00:29.890000,0 days 00:00:25.294000,0 days 00:33:54.342000,0 days 00:34:24.232000,0 days 00:34:49.526000,270.0,258.0,299.0,305.0,False,MEDIUM,5.0,False,Ferrari,0 days 00:33:27.930000,,1,,False,,False,True
2021-13,FP2,0 days 00:36:06.166000,SAI,55,0 days 00:01:16.640000,6.0,2.0,,,0 days 00:00:25.147000,0 days 00:00:24.851000,0 days 00:00:26.642000,0 days 00:35:14.673000,0 days 00:35:39.524000,0 days 00:36:06.166000,271.0,281.0,233.0,307.0,False,MEDIUM,6.0,False,Ferrari,0 days 00:34:49.526000,,1,,False,,False,True
2021-13,FP2,0 days 00:37:43.917000,SAI,55,0 days 00:01:37.751000,7.0,2.0,,,0 days 00:00:34.480000,0 days 00:00:38.049000,0 days 00:00:25.222000,0 days 00:36:40.646000,0 days 00:37:18.695000,0 days 00:37:43.917000,204.0,225.0,295.0,235.0,False,MEDIUM,7.0,False,Ferrari,0 days 00:36:06.166000,,1,,False,,False,True
2021-13,FP2,0 days 00:38:56.022000,SAI,55,0 days 00:01:12.105000,8.0,2.0,,,0 days 00:00:25.310000,0 days 00:00:24.680000,0 days 00:00:22.115000,0 days 00:38:09.227000,0 days 00:38:33.907000,0 days 00:38:56.022000,272.0,281.0,300.0,304.0,False,MEDIUM,8.0,False,Ferrari,0 days 00:37:43.917000,,1,,False,,False,True
2021-13,FP2,0 days 00:40:37.296000,SAI,55,0 days 00:01:41.274000,9.0,2.0,,0 days 00:40:37.375000,0 days 00:00:36.895000,0 days 00:00:32.560000,0 days 00:00:31.819000,0 days 00:39:32.917000,0 days 00:40:05.477000,0 days 00:40:37.296000,209.0,183.0,,238.0,False,MEDIUM,9.0,False,Ferrari,0 days 00:38:56.022000,,1,,False,,False,False
2021-13,FP2,0 days 00:42:35.444000,SAI,55,0 days 00:01:58.148000,10.0,3.0,0 days 00:41:03.356000,,0 days 00:00:58.953000,0 days 00:00:34.463000,0 days 00:00:24.732000,0 days 00:41:36.249000,0 days 00:42:10.712000,0 days 00:42:35.444000,202.0,249.0,296.0,238.0,False,MEDIUM,10.0,False,Ferrari,0 days 00:40:37.296000,,1,,False,,False,False
2021-13,FP2,0 days 00:43:47.144000,SAI,55,0 days 00:01:11.700000,11.0,3.0,,,0 days 00:00:25.027000,0 days 00:00:24.658000,0 days 00:00:22.015000,0 days 00:43:00.471000,0 days 00:43:25.129000,0 days 00:43:47.144000,273.0,284.0,298.0,303.0,True,MEDIUM,11.0,False,Ferrari,0 days 00:42:35.444000,,1,,False,,False,True
2021-13,FP2,0 days 00:45:19.828000,SAI,55,0 days 00:01:32.684000,12.0,3.0,,0 days 00:45:19.805000,0 days 00:00:30.847000,0 days 00:00:30.974000,0 days 00:00:30.863000,0 days 00:44:17.991000,0 days 00:44:48.965000,0 days 00:45:19.828000,205.0,180.0,,264.0,False,MEDIUM,12.0,False,Ferrari,0 days 00:43:47.144000,,1,,False,,False,False
2021-13,FP2,0 days 00:56:36.372000,SAI,55,,13.0,4.0,0 days 00:54:47.192000,,,0 days 00:00:37.594000,0 days 00:00:31.828000,,0 days 00:56:04.544000,0 days 00:56:36.484000,257.0,207.0,299.0,264.0,False,SOFT,1.0,True,Ferrari,0 days 00:54:47.192000,,1,,False,,False,False
2021-13,FP2,0 days 00:57:47.428000,SAI,55,0 days 00:01:11.056000,14.0,4.0,,,0 days 00:00:24.791000,0 days 00:00:24.167000,0 days 00:00:22.098000,0 days 00:57:01.163000,0 days 00:57:25.330000,0 days 00:57:47.428000,275.0,283.0,304.0,309.0,True,SOFT,2.0,True,Ferrari,0 days 00:56:36.372000,,1,,False,,False,True
2021-13,FP2,0 days 00:59:35.061000,SAI,55,0 days 00:01:47.633000,15.0,4.0,,0 days 00:59:33.436000,0 days 00:00:36.125000,0 days 00:00:36.446000,0 days 00:00:35.062000,0 days 00:58:23.553000,0 days 00:58:59.999000,0 days 00:59:35.061000,207.0,185.0,,235.0,False,SOFT,3.0,True,Ferrari,0 days 00:57:47.428000,,1,,False,,False,False
2021-13,FP2,0 days 01:01:44.563000,SAI,55,0 days 00:02:09.502000,16.0,5.0,0 days 00:59:48.265000,,0 days 00:00:51.060000,0 days 00:00:43.761000,0 days 00:00:34.681000,0 days 01:00:26.121000,0 days 01:01:09.882000,0 days 01:01:44.563000,153.0,214.0,296.0,235.0,False,SOFT,2.0,False,Ferrari,0 days 00:59:35.061000,,1,,False,,False,False
2021-13,FP2,0 days 01:02:55.842000,SAI,55,0 days 00:01:11.279000,17.0,5.0,,,0 days 00:00:24.925000,0 days 00:00:24.393000,0 days 00:00:21.961000,0 days 01:02:09.488000,0 days 01:02:33.881000,0 days 01:02:55.842000,274.0,281.0,301.0,306.0,False,SOFT,3.0,False,Ferrari,0 days 01:01:44.563000,,1,,False,,False,True
2021-13,FP2,0 days 01:04:22.786000,SAI,55,0 days 00:01:26.944000,18.0,5.0,,0 days 01:04:21.169000,0 days 00:00:29.421000,0 days 00:00:30.115000,0 days 00:00:27.408000,0 days 01:03:25.263000,0 days 01:03:55.378000,0 days 01:04:22.786000,229.0,242.0,,246.0,False,SOFT,4.0,False,Ferrari,0 days 01:02:55.842000,,1,,False,,False,False
2021-13,FP2,0 days 01:09:58.868000,SAI,55,,19.0,6.0,0 days 01:08:37.499000,,,0 days 00:00:26.935000,0 days 00:00:23.520000,,0 days 01:09:35.364000,0 days 01:09:58.991000,266.0,266.0,280.0,246.0,False,SOFT,7.0,False,Ferrari,0 days 01:04:22.786000,,1,,False,,False,False
2021-13,FP2,0 days 01:11:14.646000,SAI,55,0 days 00:01:15.778000,20.0,6.0,,,0 days 00:00:26.368000,0 days 00:00:26.247000,0 days 00:00:23.163000,0 days 01:10:25.236000,0 days 01:10:51.483000,0 days 01:11:14.646000,272.0,268.0,283.0,282.0,False,SOFT,8.0,False,Ferrari,0 days 01:09:58.868000,,1,,False,,False,True
2021-13,FP2,0 days 01:12:30.658000,SAI,55,0 days 00:01:16.012000,21.0,6.0,,,0 days 00:00:26.420000,0 days 00:00:26.368000,0 days 00:00:23.224000,0 days 01:11:41.066000,0 days 01:12:07.434000,0 days 01:12:30.658000,273.0,269.0,285.0,285.0,False,SOFT,9.0,False,Ferrari,0 days 01:11:14.646000,,1,,False,,False,True
2021-13,FP2,0 days 01:13:46.853000,SAI,55,0 days 00:01:16.195000,22.0,6.0,,,0 days 00:00:26.465000,0 days 00:00:26.575000,0 days 00:00:23.155000,0 days 01:12:57.123000,0 days 01:13:23.698000,0 days 01:13:46.853000,275.0,278.0,300.0,287.0,False,SOFT,10.0,False,Ferrari,0 days 01:12:30.658000,,1,,False,,False,True
2021-13,FP2,0 days 01:15:05.867000,SAI,55,0 days 00:01:19.014000,23.0,6.0,,,0 days 00:00:26.479000,0 days 00:00:28.480000,0 days 00:00:24.055000,0 days 01:14:13.332000,0 days 01:14:41.812000,0 days 01:15:05.867000,277.0,236.0,287.0,308.0,False,SOFT,11.0,False,Ferrari,0 days 01:13:46.853000,,1,,False,,False,True
2021-13,FP2,0 days 01:16:21.846000,SAI,55,0 days 00:01:15.979000,24.0,6.0,,,0 days 00:00:26.256000,0 days 00:00:26.518000,0 days 00:00:23.205000,0 days 01:15:32.123000,0 days 01:15:58.641000,0 days 01:16:21.846000,273.0,267.0,285.0,292.0,False,SOFT,12.0,False,Ferrari,0 days 01:15:05.867000,,1,,False,,False,True
2021-13,FP2,0 days 01:17:40.821000,SAI,55,0 days 00:01:18.975000,25.0,6.0,,0 days 01:17:39.271000,0 days 00:00:26.441000,0 days 00:00:26.566000,0 days 00:00:25.968000,0 days 01:16:48.287000,0 days 01:17:14.853000,0 days 01:17:40.821000,274.0,267.0,,287.0,False,SOFT,13.0,False,Ferrari,0 days 01:16:21.846000,,1,,False,,False,False
2021-13,FP2,0 days 01:19:25,SAI,55,0 days 00:01:44.179000,26.0,7.0,0 days 01:18:02.442000,,0 days 00:00:51.284000,0 days 00:00:27.770000,0 days 00:00:25.125000,0 days 01:18:32.105000,0 days 01:18:59.875000,0 days 01:19:25,273.0,259.0,282.0,287.0,False,MEDIUM,13.0,False,Ferrari,0 days 01:17:40.821000,,1,,False,,False,False
2021-13,FP2,0 days 01:21:28.586000,SAI,55,0 days 00:02:03.586000,27.0,7.0,,,0 days 00:00:26.464000,0 days 00:00:26.275000,0 days 00:01:10.847000,0 days 01:19:51.464000,0 days 01:20:17.739000,0 days 01:21:28.586000,273.0,267.0,65.0,273.0,False,MEDIUM,14.0,False,Ferrari,0 days 01:19:25,,12,,False,,False,True
2021-13,FP2,0 days 01:23:20.707000,SAI,55,0 days 00:01:52.121000,28.0,7.0,,0 days 01:23:20.709000,0 days 00:00:28.332000,0 days 00:00:26.767000,0 days 00:00:57.022000,0 days 01:21:56.918000,0 days 01:22:23.685000,0 days 01:23:20.707000,271.0,249.0,,236.0,False,MEDIUM,15.0,False,Ferrari,0 days 01:21:28.586000,,1,,False,,False,False
2021-13,FP2,0 days 00:21:30.419000,RUS,63,,1.0,1.0,0 days 00:19:45.021000,,,0 days 00:00:30.237000,0 days 00:00:38.151000,,0 days 00:20:52.268000,0 days 00:21:30.517000,274.0,222.0,300.0,,False,HARD,1.0,True,Williams,0 days 00:19:45.021000,,1,,False,,False,False
2021-13,FP2,0 days 00:23:07.500000,RUS,63,0 days 00:01:37.081000,2.0,1.0,,,0 days 00:00:30.081000,0 days 00:00:36.463000,0 days 00:00:30.537000,0 days 00:22:00.500000,0 days 00:22:36.963000,0 days 00:23:07.500000,254.0,255.0,301.0,255.0,True,HARD,2.0,True,Williams,0 days 00:21:30.419000,,1,,False,,False,True
2021-13,FP2,0 days 00:31:38.903000,RUS,63,,3.0,1.0,,0 days 00:24:39.448000,0 days 00:00:25.723000,,,0 days 00:23:33.217000,,,278.0,,,305.0,False,HARD,3.0,True,Williams,0 days 00:23:07.500000,,125,,False,,False,False
2021-13,FP2,0 days 00:33:15.264000,RUS,63,,4.0,2.0,0 days 00:31:38.903000,,,0 days 00:00:29.167000,0 days 00:00:30.146000,,0 days 00:32:45.187000,0 days 00:33:15.382000,270.0,266.0,296.0,305.0,False,HARD,4.0,False,Williams,0 days 00:31:38.903000,,1,,False,,False,False
2021-13,FP2,0 days 00:34:29.650000,RUS,63,0 days 00:01:14.386000,5.0,2.0,,,0 days 00:00:26.077000,0 days 00:00:25.603000,0 days 00:00:22.706000,0 days 00:33:41.341000,0 days 00:34:06.944000,0 days 00:34:29.650000,272.0,280.0,311.0,305.0,True,HARD,5.0,False,Williams,0 days 00:33:15.264000,,1,,False,,False,True
2021-13,FP2,0 days 00:36:02.877000,RUS,63,0 days 00:01:33.227000,6.0,2.0,,0 days 00:36:02.821000,0 days 00:00:29.628000,0 days 00:00:35.039000,0 days 00:00:28.560000,0 days 00:34:59.278000,0 days 00:35:34.317000,0 days 00:36:02.877000,209.0,260.0,,309.0,False,HARD,6.0,False,Williams,0 days 00:34:29.650000,,1,,False,,False,False
2021-13,FP2,0 days 00:37:47.650000,RUS,63,0 days 00:01:44.773000,7.0,3.0,0 days 00:36:25.300000,0 days 00:37:46.051000,0 days 00:00:51.621000,0 days 00:00:26.247000,0 days 00:00:26.905000,0 days 00:36:54.498000,0 days 00:37:20.745000,0 days 00:37:47.650000,261.0,279.0,,309.0,False,HARD,7.0,False,Williams,0 days 00:36:02.877000,,1,,False,,False,False
2021-13,FP2,0 days 00:43:01.135000,RUS,63,,8.0,4.0,0 days 00:41:26.207000,,,0 days 00:00:34.356000,0 days 00:00:28.333000,,0 days 00:42:32.802000,0 days 00:43:03.137000,267.0,261.0,297.0,309.0,False,SOFT,1.0,True,Williams,0 days 00:37:47.650000,,1,,False,,False,False
2021-13,FP2,0 days 00:44:13.990000,RUS,63,0 days 00:01:12.855000,9.0,4.0,,,0 days 00:00:25.318000,0 days 00:00:24.884000,0 days 00:00:22.653000,0 days 00:43:26.453000,0 days 00:43:51.337000,0 days 00:44:13.990000,274.0,282.0,298.0,301.0,True,SOFT,2.0,True,Williams,0 days 00:43:01.135000,,1,,False,,False,True
2021-13,FP2,0 days 00:46:00.811000,RUS,63,0 days 00:01:46.821000,10.0,4.0,,0 days 00:45:59.539000,0 days 00:00:35.981000,0 days 00:00:38.240000,0 days 00:00:32.600000,0 days 00:44:49.971000,0 days 00:45:28.211000,0 days 00:46:00.811000,187.0,252.0,,176.0,False,SOFT,3.0,True,Williams,0 days 00:44:13.990000,,1,,False,,False,False
2021-13,FP2,0 days 00:47:58.836000,RUS,63,0 days 00:01:58.025000,11.0,5.0,0 days 00:46:23.684000,,0 days 00:00:54.355000,0 days 00:00:35.150000,0 days 00:00:28.520000,0 days 00:46:55.166000,0 days 00:47:30.316000,0 days 00:47:58.836000,256.0,258.0,295.0,176.0,False,SOFT,4.0,False,Williams,0 days 00:46:00.811000,,1,,False,,False,False
2021-13,FP2,0 days 00:54:50.005000,RUS,63,,12.0,5.0,,0 days 00:49:40.380000,,,,,,,,,,301.0,False,SOFT,5.0,False,Williams,0 days 00:47:58.836000,,125,,False,,False,False
2021-13,FP2,0 days 00:56:21.521000,RUS,63,,13.0,6.0,0 days 00:54:50.005000,,,0 days 00:00:28.568000,0 days 00:00:25.402000,,0 days 00:55:56.194000,0 days 00:56:22.802000,206.0,274.0,290.0,301.0,False,SOFT,6.0,False,Williams,0 days 00:54:50.005000,,1,,False,,False,False
2021-13,FP2,0 days 00:57:38.907000,RUS,63,0 days 00:01:17.386000,14.0,6.0,,,0 days 00:00:26.710000,0 days 00:00:27.054000,0 days 00:00:23.622000,0 days 00:56:48.231000,0 days 00:57:15.285000,0 days 00:57:38.907000,272.0,264.0,284.0,299.0,False,SOFT,7.0,False,Williams,0 days 00:56:21.521000,,1,,False,,False,True
2021-13,FP2,0 days 00:58:55.619000,RUS,63,0 days 00:01:16.712000,15.0,6.0,,,0 days 00:00:26.549000,0 days 00:00:26.758000,0 days 00:00:23.405000,0 days 00:58:05.456000,0 days 00:58:32.214000,0 days 00:58:55.619000,272.0,266.0,283.0,289.0,False,SOFT,8.0,False,Williams,0 days 00:57:38.907000,,1,,False,,False,True
2021-13,FP2,0 days 01:00:12.065000,RUS,63,0 days 00:01:16.446000,16.0,6.0,,,0 days 00:00:26.579000,0 days 00:00:26.466000,0 days 00:00:23.401000,0 days 00:59:22.198000,0 days 00:59:48.664000,0 days 01:00:12.065000,271.0,267.0,282.0,287.0,False,SOFT,9.0,False,Williams,0 days 00:58:55.619000,,1,,False,,False,True
2021-13,FP2,0 days 01:01:28.665000,RUS,63,0 days 00:01:16.600000,17.0,6.0,,,0 days 00:00:26.582000,0 days 00:00:26.564000,0 days 00:00:23.454000,0 days 01:00:38.647000,0 days 01:01:05.211000,0 days 01:01:28.665000,273.0,266.0,284.0,285.0,False,SOFT,10.0,False,Williams,0 days 01:00:12.065000,,1,,False,,False,True
2021-13,FP2,0 days 01:02:45.327000,RUS,63,0 days 00:01:16.662000,18.0,6.0,,,0 days 00:00:26.589000,0 days 00:00:26.642000,0 days 00:00:23.431000,0 days 01:01:55.254000,0 days 01:02:21.896000,0 days 01:02:45.327000,274.0,265.0,284.0,288.0,False,SOFT,11.0,False,Williams,0 days 01:01:28.665000,,1,,False,,False,True
2021-13,FP2,0 days 01:04:02.092000,RUS,63,0 days 00:01:16.765000,19.0,6.0,,,0 days 00:00:26.641000,0 days 00:00:26.755000,0 days 00:00:23.369000,0 days 01:03:11.968000,0 days 01:03:38.723000,0 days 01:04:02.092000,274.0,266.0,298.0,286.0,False,SOFT,12.0,False,Williams,0 days 01:02:45.327000,,1,,False,,False,True
2021-13,FP2,0 days 01:05:18.833000,RUS,63,0 days 00:01:16.741000,20.0,6.0,,,0 days 00:00:26.491000,0 days 00:00:26.718000,0 days 00:00:23.532000,0 days 01:04:28.583000,0 days 01:04:55.301000,0 days 01:05:18.833000,273.0,275.0,284.0,306.0,False,SOFT,13.0,False,Williams,0 days 01:04:02.092000,,1,,False,,False,True
2021-13,FP2,0 days 01:06:35.745000,RUS,63,0 days 00:01:16.912000,21.0,6.0,,,0 days 00:00:26.470000,0 days 00:00:26.878000,0 days 00:00:23.564000,0 days 01:05:45.303000,0 days 01:06:12.181000,0 days 01:06:35.745000,273.0,266.0,284.0,285.0,False,SOFT,14.0,False,Williams,0 days 01:05:18.833000,,1,,False,,False,True
2021-13,FP2,0 days 01:07:53.621000,RUS,63,0 days 00:01:17.876000,22.0,6.0,,,0 days 00:00:26.507000,0 days 00:00:27.613000,0 days 00:00:23.756000,0 days 01:07:02.252000,0 days 01:07:29.865000,0 days 01:07:53.621000,276.0,274.0,304.0,286.0,False,SOFT,15.0,False,Williams,0 days 01:06:35.745000,,1,,False,,False,True
2021-13,FP2,0 days 01:09:10.828000,RUS,63,0 days 00:01:17.207000,23.0,6.0,,,0 days 00:00:26.819000,0 days 00:00:26.925000,0 days 00:00:23.463000,0 days 01:08:20.440000,0 days 01:08:47.365000,0 days 01:09:10.828000,277.0,270.0,287.0,282.0,False,SOFT,16.0,False,Williams,0 days 01:07:53.621000,,1,,False,,False,True
2021-13,FP2,0 days 01:10:27.871000,RUS,63,0 days 00:01:17.043000,24.0,6.0,,,0 days 00:00:26.553000,0 days 00:00:26.975000,0 days 00:00:23.515000,0 days 01:09:37.381000,0 days 01:10:04.356000,0 days 01:10:27.871000,276.0,272.0,285.0,292.0,False,SOFT,17.0,False,Williams,0 days 01:09:10.828000,,1,,False,,False,True
2021-13,FP2,0 days 01:11:44.738000,RUS,63,0 days 00:01:16.867000,25.0,6.0,,,0 days 00:00:26.459000,0 days 00:00:26.614000,0 days 00:00:23.794000,0 days 01:10:54.330000,0 days 01:11:20.944000,0 days 01:11:44.738000,273.0,267.0,284.0,285.0,False,SOFT,18.0,False,Williams,0 days 01:10:27.871000,,1,,False,,False,True
2021-13,FP2,0 days 01:13:04.792000,RUS,63,0 days 00:01:20.054000,26.0,6.0,,0 days 01:13:04.655000,0 days 00:00:26.888000,0 days 00:00:26.818000,0 days 00:00:26.348000,0 days 01:12:11.626000,0 days 01:12:38.444000,0 days 01:13:04.792000,275.0,276.0,,287.0,False,SOFT,19.0,False,Williams,0 days 01:11:44.738000,,1,,False,,False,False
2021-13,FP2,0 days 01:14:43.808000,RUS,63,0 days 00:01:39.016000,27.0,7.0,0 days 01:13:22.420000,0 days 01:14:42.185000,0 days 00:00:45.798000,0 days 00:00:26.729000,0 days 00:00:26.489000,0 days 01:13:50.590000,0 days 01:14:17.319000,0 days 01:14:43.808000,275.0,276.0,,287.0,False,HARD,8.0,False,Williams,0 days 01:13:04.792000,,1,,False,,False,False
2021-13,FP2,0 days 01:19:27.955000,RUS,63,,28.0,8.0,0 days 01:18:01.096000,,,0 days 00:00:28.763000,0 days 00:00:25.335000,,0 days 01:19:02.628000,0 days 01:19:28.079000,255.0,265.0,287.0,287.0,False,HARD,9.0,False,Williams,0 days 01:14:43.808000,,1,,False,,False,False
2021-13,FP2,0 days 01:21:33.632000,RUS,63,0 days 00:02:05.677000,29.0,8.0,,,0 days 00:00:32.348000,0 days 00:00:33.067000,0 days 00:01:00.262000,0 days 01:20:00.303000,0 days 01:20:33.370000,0 days 01:21:33.632000,253.0,255.0,43.0,217.0,False,HARD,10.0,False,Williams,0 days 01:19:27.955000,,12,,False,,False,True
2021-13,FP2,0 days 01:23:15.102000,RUS,63,0 days 00:01:41.470000,30.0,8.0,,0 days 01:23:13.495000,0 days 00:00:44.164000,0 days 00:00:28.879000,0 days 00:00:28.427000,0 days 01:22:17.796000,0 days 01:22:46.675000,0 days 01:23:15.102000,256.0,262.0,,209.0,False,HARD,11.0,False,Williams,0 days 01:21:33.632000,,1,,False,,False,False
2021-13,FP2,0 days 00:20:55.281000,BOT,77,,1.0,1.0,0 days 00:18:55.570000,,,0 days 00:00:31.643000,0 days 00:00:38.791000,,0 days 00:20:16.492000,0 days 00:20:55.398000,259.0,252.0,301.0,,False,MEDIUM,1.0,True,Mercedes,0 days 00:18:55.570000,,1,,False,,False,False
2021-13,FP2,0 days 00:22:06.945000,BOT,77,0 days 00:01:11.664000,2.0,1.0,,,0 days 00:00:25.383000,0 days 00:00:24.359000,0 days 00:00:21.922000,0 days 00:21:20.664000,0 days 00:21:45.023000,0 days 00:22:06.945000,278.0,286.0,303.0,310.0,True,MEDIUM,2.0,True,Mercedes,0 days 00:20:55.281000,,1,,False,,False,True
2021-13,FP2,0 days 00:32:47.847000,BOT,77,,3.0,1.0,,0 days 00:24:00.151000,0 days 00:00:34.543000,0 days 00:00:39.024000,,0 days 00:22:41.450000,0 days 00:23:20.491000,,250.0,242.0,,247.0,False,MEDIUM,3.0,True,Mercedes,0 days 00:22:06.945000,,125,,False,,False,False
2021-13,FP2,0 days 00:34:19.022000,BOT,77,,4.0,2.0,0 days 00:32:47.847000,,,0 days 00:00:33.860000,0 days 00:00:24.497000,,0 days 00:33:54.551000,0 days 00:34:19.169000,209.0,268.0,302.0,247.0,False,MEDIUM,4.0,False,Mercedes,0 days 00:32:47.847000,,1,,False,,False,False
2021-13,FP2,0 days 00:35:40.812000,BOT,77,0 days 00:01:21.790000,5.0,2.0,,,0 days 00:00:25.829000,0 days 00:00:31.533000,0 days 00:00:24.428000,0 days 00:34:44.851000,0 days 00:35:16.384000,0 days 00:35:40.812000,262.0,116.0,303.0,312.0,False,MEDIUM,5.0,False,Mercedes,0 days 00:34:19.022000,,1,,False,,False,True
2021-13,FP2,0 days 00:37:14.130000,BOT,77,0 days 00:01:33.318000,6.0,2.0,,,0 days 00:00:25.387000,0 days 00:00:29.658000,0 days 00:00:38.273000,0 days 00:36:06.199000,0 days 00:36:35.857000,0 days 00:37:14.130000,274.0,241.0,302.0,313.0,False,MEDIUM,6.0,False,Mercedes,0 days 00:35:40.812000,,1,,False,,False,True
2021-13,FP2,0 days 00:38:32.785000,BOT,77,0 days 00:01:18.655000,7.0,2.0,,0 days 00:38:31.622000,0 days 00:00:25.349000,0 days 00:00:24.841000,0 days 00:00:28.465000,0 days 00:37:39.479000,0 days 00:38:04.320000,0 days 00:38:32.785000,274.0,253.0,,312.0,False,MEDIUM,7.0,False,Mercedes,0 days 00:37:14.130000,,1,,False,,False,False
2021-13,FP2,0 days 00:40:29.198000,BOT,77,0 days 00:01:56.413000,8.0,3.0,0 days 00:38:53.706000,,0 days 00:00:53.016000,0 days 00:00:34.558000,0 days 00:00:28.839000,0 days 00:39:25.801000,0 days 00:40:00.359000,0 days 00:40:29.198000,126.0,245.0,303.0,312.0,False,SOFT,1.0,True,Mercedes,0 days 00:38:32.785000,,1,,False,,False,False
2021-13,FP2,0 days 00:41:40.551000,BOT,77,0 days 00:01:11.353000,9.0,3.0,,,0 days 00:00:25.128000,0 days 00:00:24.348000,0 days 00:00:21.877000,0 days 00:40:54.326000,0 days 00:41:18.674000,0 days 00:41:40.551000,275.0,282.0,301.0,313.0,True,SOFT,2.0,True,Mercedes,0 days 00:40:29.198000,,1,,False,,False,True
2021-13,FP2,0 days 00:43:21.549000,BOT,77,0 days 00:01:40.998000,10.0,3.0,,0 days 00:43:20.818000,0 days 00:00:33.021000,0 days 00:00:33.567000,0 days 00:00:34.410000,0 days 00:42:13.572000,0 days 00:42:47.139000,0 days 00:43:21.549000,200.0,242.0,,253.0,False,SOFT,3.0,True,Mercedes,0 days 00:41:40.551000,,1,,False,,False,False
2021-13,FP2,0 days 00:45:31.689000,BOT,77,0 days 00:02:10.140000,11.0,4.0,0 days 00:43:49.948000,,0 days 00:01:04.925000,0 days 00:00:33.333000,0 days 00:00:31.882000,0 days 00:44:26.474000,0 days 00:44:59.807000,0 days 00:45:31.689000,258.0,189.0,296.0,253.0,False,SOFT,4.0,False,Mercedes,0 days 00:43:21.549000,,1,,False,,False,False
2021-13,FP2,0 days 00:46:42.821000,BOT,77,0 days 00:01:11.132000,12.0,4.0,,,0 days 00:00:25.088000,0 days 00:00:24.251000,0 days 00:00:21.793000,0 days 00:45:56.777000,0 days 00:46:21.028000,0 days 00:46:42.821000,274.0,282.0,297.0,305.0,True,SOFT,5.0,False,Mercedes,0 days 00:45:31.689000,,1,,False,,False,True
2021-13,FP2,0 days 00:48:18.583000,BOT,77,0 days 00:01:35.762000,13.0,4.0,,0 days 00:48:17.238000,0 days 00:00:30.431000,0 days 00:00:28.957000,0 days 00:00:36.374000,0 days 00:47:13.252000,0 days 00:47:42.209000,0 days 00:48:18.583000,205.0,206.0,,296.0,False,SOFT,6.0,False,Mercedes,0 days 00:46:42.821000,,12,,False,,False,False
2021-13,FP2,0 days 00:56:17.470000,BOT,77,,14.0,5.0,0 days 00:54:35.410000,,,0 days 00:00:32.343000,0 days 00:00:30.356000,,0 days 00:55:47.138000,0 days 00:56:17.602000,257.0,239.0,281.0,296.0,False,SOFT,7.0,False,Mercedes,0 days 00:54:35.410000,,1,,False,,False,False
2021-13,FP2,0 days 00:57:32.988000,BOT,77,0 days 00:01:15.518000,15.0,5.0,,,0 days 00:00:26.553000,0 days 00:00:25.860000,0 days 00:00:23.105000,0 days 00:56:44.023000,0 days 00:57:09.883000,0 days 00:57:32.988000,272.0,264.0,284.0,288.0,False,SOFT,8.0,False,Mercedes,0 days 00:56:17.470000,,1,,False,,False,True
2021-13,FP2,0 days 00:58:48.551000,BOT,77,0 days 00:01:15.563000,16.0,5.0,,,0 days 00:00:26.547000,0 days 00:00:25.958000,0 days 00:00:23.058000,0 days 00:57:59.535000,0 days 00:58:25.493000,0 days 00:58:48.551000,272.0,263.0,283.0,284.0,False,SOFT,9.0,False,Mercedes,0 days 00:57:32.988000,,1,,False,,False,True
2021-13,FP2,0 days 01:00:04.253000,BOT,77,0 days 00:01:15.702000,17.0,5.0,,,0 days 00:00:26.505000,0 days 00:00:26.222000,0 days 00:00:22.975000,0 days 00:59:15.056000,0 days 00:59:41.278000,0 days 01:00:04.253000,271.0,266.0,286.0,282.0,False,SOFT,10.0,False,Mercedes,0 days 00:58:48.551000,,1,,False,,False,True
2021-13,FP2,0 days 01:01:25.839000,BOT,77,0 days 00:01:21.586000,18.0,5.0,,,0 days 00:00:26.575000,0 days 00:00:29.889000,0 days 00:00:25.122000,0 days 01:00:30.828000,0 days 01:01:00.717000,0 days 01:01:25.839000,276.0,251.0,282.0,287.0,False,SOFT,11.0,False,Mercedes,0 days 01:00:04.253000,,1,,False,,False,True
2021-13,FP2,0 days 01:02:41.434000,BOT,77,0 days 00:01:15.595000,19.0,5.0,,,0 days 00:00:26.443000,0 days 00:00:26.122000,0 days 00:00:23.030000,0 days 01:01:52.282000,0 days 01:02:18.404000,0 days 01:02:41.434000,274.0,264.0,283.0,289.0,False,SOFT,12.0,False,Mercedes,0 days 01:01:25.839000,,1,,False,,False,True
2021-13,FP2,0 days 01:04:01.441000,BOT,77,0 days 00:01:20.007000,20.0,5.0,,0 days 01:04:01.406000,0 days 00:00:26.540000,0 days 00:00:26.336000,0 days 00:00:27.131000,0 days 01:03:07.974000,0 days 01:03:34.310000,0 days 01:04:01.441000,272.0,264.0,,282.0,False,SOFT,13.0,False,Mercedes,0 days 01:02:41.434000,,1,,False,,False,False
2021-13,FP2,0 days 01:05:41.989000,BOT,77,0 days 00:01:40.548000,21.0,6.0,0 days 01:04:21.968000,,0 days 00:00:47.347000,0 days 00:00:27.427000,0 days 00:00:25.774000,0 days 01:04:48.788000,0 days 01:05:16.215000,0 days 01:05:41.989000,273.0,253.0,283.0,282.0,False,SOFT,14.0,False,Mercedes,0 days 01:04:01.441000,,1,,False,,False,False
2021-13,FP2,0 days 01:06:57.685000,BOT,77,0 days 00:01:15.696000,22.0,6.0,,,0 days 00:00:26.320000,0 days 00:00:26.171000,0 days 00:00:23.205000,0 days 01:06:08.309000,0 days 01:06:34.480000,0 days 01:06:57.685000,272.0,263.0,282.0,290.0,False,SOFT,15.0,False,Mercedes,0 days 01:05:41.989000,,1,,False,,False,True
2021-13,FP2,0 days 01:08:13.454000,BOT,77,0 days 00:01:15.769000,23.0,6.0,,,0 days 00:00:26.411000,0 days 00:00:26.287000,0 days 00:00:23.071000,0 days 01:07:24.096000,0 days 01:07:50.383000,0 days 01:08:13.454000,271.0,265.0,283.0,282.0,False,SOFT,16.0,False,Mercedes,0 days 01:06:57.685000,,1,,False,,False,True
2021-13,FP2,0 days 01:09:29.179000,BOT,77,0 days 00:01:15.725000,24.0,6.0,,,0 days 00:00:26.355000,0 days 00:00:26.296000,0 days 00:00:23.074000,0 days 01:08:39.809000,0 days 01:09:06.105000,0 days 01:09:29.179000,273.0,265.0,287.0,284.0,False,SOFT,17.0,False,Mercedes,0 days 01:08:13.454000,,1,,False,,False,True
2021-13,FP2,0 days 01:10:48.309000,BOT,77,0 days 00:01:19.130000,25.0,6.0,,,0 days 00:00:27.321000,0 days 00:00:27.879000,0 days 00:00:23.930000,0 days 01:09:56.500000,0 days 01:10:24.379000,0 days 01:10:48.309000,222.0,250.0,284.0,287.0,False,SOFT,18.0,False,Mercedes,0 days 01:09:29.179000,,1,,False,,False,True
2021-13,FP2,0 days 01:12:03.783000,BOT,77,0 days 00:01:15.474000,26.0,6.0,,,0 days 00:00:26.271000,0 days 00:00:26.174000,0 days 00:00:23.029000,0 days 01:11:14.580000,0 days 01:11:40.754000,0 days 01:12:03.783000,271.0,266.0,283.0,290.0,False,SOFT,19.0,False,Mercedes,0 days 01:10:48.309000,,1,,False,,False,True
2021-13,FP2,0 days 01:13:24.042000,BOT,77,0 days 00:01:20.259000,27.0,6.0,,0 days 01:13:22.752000,0 days 00:00:26.335000,0 days 00:00:26.304000,0 days 00:00:27.620000,0 days 01:12:30.118000,0 days 01:12:56.422000,0 days 01:13:24.042000,275.0,267.0,,283.0,False,SOFT,20.0,False,Mercedes,0 days 01:12:03.783000,,1,,False,,False,False
2021-13,FP2,0 days 01:14:57.340000,BOT,77,0 days 00:01:33.298000,28.0,7.0,0 days 01:13:42.374000,,0 days 00:00:44.950000,0 days 00:00:25.644000,0 days 00:00:22.704000,0 days 01:14:08.992000,0 days 01:14:34.636000,0 days 01:14:57.340000,272.0,264.0,285.0,283.0,False,MEDIUM,8.0,False,Mercedes,0 days 01:13:24.042000,,1,,False,,False,False
2021-13,FP2,0 days 01:16:12.292000,BOT,77,0 days 00:01:14.952000,29.0,7.0,,,0 days 00:00:26.040000,0 days 00:00:25.948000,0 days 00:00:22.964000,0 days 01:15:23.380000,0 days 01:15:49.328000,0 days 01:16:12.292000,274.0,267.0,287.0,284.0,False,MEDIUM,9.0,False,Mercedes,0 days 01:14:57.340000,,1,,False,,False,True
2021-13,FP2,0 days 01:17:32.317000,BOT,77,0 days 00:01:20.025000,30.0,7.0,,,0 days 00:00:26.303000,0 days 00:00:28.934000,0 days 00:00:24.788000,0 days 01:16:38.595000,0 days 01:17:07.529000,0 days 01:17:32.317000,276.0,252.0,286.0,284.0,False,MEDIUM,10.0,False,Mercedes,0 days 01:16:12.292000,,1,,False,,False,True
2021-13,FP2,0 days 01:18:46.914000,BOT,77,0 days 00:01:14.597000,31.0,7.0,,,0 days 00:00:25.976000,0 days 00:00:25.820000,0 days 00:00:22.801000,0 days 01:17:58.293000,0 days 01:18:24.113000,0 days 01:18:46.914000,269.0,267.0,284.0,291.0,False,MEDIUM,11.0,False,Mercedes,0 days 01:17:32.317000,,1,,False,,False,True
2021-13,FP2,0 days 01:20:45.541000,BOT,77,0 days 00:01:58.627000,32.0,7.0,,,0 days 00:00:31.850000,0 days 00:00:35.100000,0 days 00:00:51.677000,0 days 01:19:18.764000,0 days 01:19:53.864000,0 days 01:20:45.541000,187.0,159.0,48.0,244.0,False,MEDIUM,12.0,False,Mercedes,0 days 01:18:46.914000,,12,,False,,False,True
2021-13,FP2,0 days 01:22:39.166000,BOT,77,0 days 00:01:53.625000,33.0,7.0,,0 days 01:22:38.165000,0 days 00:00:51.545000,0 days 00:00:31.849000,0 days 00:00:30.231000,0 days 01:21:37.086000,0 days 01:22:08.935000,0 days 01:22:39.166000,240.0,249.0,,215.0,False,MEDIUM,13.0,False,Mercedes,0 days 01:20:45.541000,,1,,False,,False,False
2021-13,FP2,0 days 00:20:39.347000,GIO,99,,1.0,1.0,0 days 00:18:48.340000,,,0 days 00:00:35.256000,0 days 00:00:29.641000,,0 days 00:20:09.807000,0 days 00:20:40.189000,223.0,142.0,297.0,,False,MEDIUM,1.0,True,Alfa Romeo Racing,0 days 00:18:48.340000,,1,,False,,False,False
2021-13,FP2,0 days 00:21:52.012000,GIO,99,0 days 00:01:12.665000,2.0,1.0,,,0 days 00:00:25.440000,0 days 00:00:24.868000,0 days 00:00:22.357000,0 days 00:21:04.787000,0 days 00:21:29.655000,0 days 00:21:52.012000,275.0,285.0,300.0,308.0,True,MEDIUM,2.0,True,Alfa Romeo Racing,0 days 00:20:39.347000,,1,,False,,False,True
2021-13,FP2,0 days 00:23:41.962000,GIO,99,0 days 00:01:49.950000,3.0,1.0,,,0 days 00:00:38.930000,0 days 00:00:44.618000,0 days 00:00:26.402000,0 days 00:22:30.942000,0 days 00:23:15.560000,0 days 00:23:41.962000,113.0,179.0,300.0,192.0,False,MEDIUM,3.0,True,Alfa Romeo Racing,0 days 00:21:52.012000,,12,,False,,False,True
2021-13,FP2,0 days 00:31:47.878000,GIO,99,,4.0,1.0,,0 days 00:25:25.487000,,,,,,,,,,,False,MEDIUM,4.0,True,Alfa Romeo Racing,0 days 00:23:41.962000,,251,,False,,False,False
2021-13,FP2,0 days 00:33:37.885000,GIO,99,,5.0,2.0,0 days 00:31:47.878000,,,0 days 00:00:28.757000,0 days 00:00:30.275000,,0 days 00:33:07.633000,0 days 00:33:38.035000,216.0,195.0,300.0,192.0,False,MEDIUM,5.0,False,Alfa Romeo Racing,0 days 00:31:47.878000,,1,,False,,False,False
2021-13,FP2,0 days 00:34:50.299000,GIO,99,0 days 00:01:12.414000,6.0,2.0,,,0 days 00:00:25.378000,0 days 00:00:24.841000,0 days 00:00:22.195000,0 days 00:34:03.263000,0 days 00:34:28.104000,0 days 00:34:50.299000,275.0,287.0,312.0,310.0,True,MEDIUM,6.0,False,Alfa Romeo Racing,0 days 00:33:37.885000,,1,,False,,False,True
2021-13,FP2,0 days 00:36:42.813000,GIO,99,0 days 00:01:52.514000,7.0,2.0,,,0 days 00:00:37.292000,0 days 00:00:43.238000,0 days 00:00:31.984000,0 days 00:35:27.591000,0 days 00:36:10.829000,0 days 00:36:42.813000,223.0,91.0,299.0,252.0,False,MEDIUM,7.0,False,Alfa Romeo Racing,0 days 00:34:50.299000,,1,,False,,False,True
2021-13,FP2,0 days 00:37:55.167000,GIO,99,0 days 00:01:12.354000,8.0,2.0,,,0 days 00:00:25.225000,0 days 00:00:24.891000,0 days 00:00:22.238000,0 days 00:37:08.038000,0 days 00:37:32.929000,0 days 00:37:55.167000,277.0,286.0,304.0,310.0,True,MEDIUM,8.0,False,Alfa Romeo Racing,0 days 00:36:42.813000,,1,,False,,False,True
2021-13,FP2,0 days 00:39:37.595000,GIO,99,0 days 00:01:42.428000,9.0,2.0,,,0 days 00:00:39.933000,0 days 00:00:36.572000,0 days 00:00:25.923000,0 days 00:38:35.100000,0 days 00:39:11.672000,0 days 00:39:37.595000,94.0,222.0,300.0,233.0,False,MEDIUM,9.0,False,Alfa Romeo Racing,0 days 00:37:55.167000,,1,,False,,False,True
2021-13,FP2,0 days 00:40:49.912000,GIO,99,0 days 00:01:12.317000,10.0,2.0,,,0 days 00:00:25.091000,0 days 00:00:24.959000,0 days 00:00:22.267000,0 days 00:40:02.686000,0 days 00:40:27.645000,0 days 00:40:49.912000,276.0,282.0,303.0,311.0,True,MEDIUM,10.0,False,Alfa Romeo Racing,0 days 00:39:37.595000,,1,,False,,False,True
2021-13,FP2,0 days 00:42:20.308000,GIO,99,0 days 00:01:30.396000,11.0,2.0,,0 days 00:42:19.052000,0 days 00:00:28.918000,0 days 00:00:29.004000,0 days 00:00:32.474000,0 days 00:41:18.830000,0 days 00:41:47.834000,0 days 00:42:20.308000,249.0,139.0,,244.0,False,MEDIUM,11.0,False,Alfa Romeo Racing,0 days 00:40:49.912000,,1,,False,,False,False
2021-13,FP2,0 days 00:44:18.750000,GIO,99,0 days 00:01:58.442000,12.0,3.0,0 days 00:42:43.529000,0 days 00:44:17.493000,0 days 00:00:52.784000,0 days 00:00:30.435000,0 days 00:00:35.223000,0 days 00:43:13.092000,0 days 00:43:43.527000,0 days 00:44:18.750000,159.0,203.0,,244.0,False,MEDIUM,12.0,False,Alfa Romeo Racing,0 days 00:42:20.308000,,1,,False,,False,False
2021-13,FP2,0 days 00:55:16.488000,GIO,99,,13.0,4.0,0 days 00:53:35.840000,,,0 days 00:00:35.571000,0 days 00:00:26.603000,,0 days 00:54:49.907000,0 days 00:55:16.759000,182.0,186.0,298.0,244.0,False,SOFT,1.0,True,Alfa Romeo Racing,0 days 00:53:35.840000,,1,,False,,False,False
2021-13,FP2,0 days 00:56:28.166000,GIO,99,0 days 00:01:11.678000,14.0,4.0,,,0 days 00:00:25.049000,0 days 00:00:24.450000,0 days 00:00:22.179000,0 days 00:55:41.537000,0 days 00:56:05.987000,0 days 00:56:28.166000,277.0,287.0,305.0,309.0,True,SOFT,2.0,True,Alfa Romeo Racing,0 days 00:55:16.488000,,1,,False,,False,True
2021-13,FP2,0 days 00:58:08.445000,GIO,99,0 days 00:01:40.279000,15.0,4.0,,,0 days 00:00:34.184000,0 days 00:00:38.453000,0 days 00:00:27.642000,0 days 00:57:02.350000,0 days 00:57:40.803000,0 days 00:58:08.445000,231.0,157.0,300.0,248.0,False,SOFT,3.0,True,Alfa Romeo Racing,0 days 00:56:28.166000,,1,,False,,False,True
2021-13,FP2,0 days 00:59:20.239000,GIO,99,0 days 00:01:11.794000,16.0,4.0,,,0 days 00:00:24.929000,0 days 00:00:24.744000,0 days 00:00:22.121000,0 days 00:58:33.374000,0 days 00:58:58.118000,0 days 00:59:20.239000,277.0,284.0,305.0,311.0,False,SOFT,4.0,True,Alfa Romeo Racing,0 days 00:58:08.445000,,1,,False,,False,True
2021-13,FP2,0 days 01:00:46.653000,GIO,99,0 days 00:01:26.414000,17.0,4.0,,0 days 01:00:45.391000,0 days 00:00:28.929000,0 days 00:00:28.051000,0 days 00:00:29.434000,0 days 00:59:49.168000,0 days 01:00:17.219000,0 days 01:00:46.653000,250.0,247.0,,243.0,False,SOFT,5.0,True,Alfa Romeo Racing,0 days 00:59:20.239000,,1,,False,,False,False
2021-13,FP2,0 days 01:06:22.040000,GIO,99,,18.0,5.0,0 days 01:05:02.570000,,,0 days 00:00:27.350000,0 days 00:00:24.221000,,0 days 01:05:57.835000,0 days 01:06:24.849000,269.0,259.0,284.0,243.0,False,SOFT,6.0,False,Alfa Romeo Racing,0 days 01:00:46.653000,,1,,False,,False,False
2021-13,FP2,0 days 01:07:41.571000,GIO,99,0 days 00:01:19.531000,19.0,5.0,,0 days 01:07:40.322000,0 days 00:00:26.165000,0 days 00:00:26.458000,0 days 00:00:26.908000,0 days 01:06:48.205000,0 days 01:07:14.663000,0 days 01:07:41.571000,274.0,267.0,,288.0,False,SOFT,7.0,False,Alfa Romeo Racing,0 days 01:06:22.040000,,1,,False,,False,False
2021-13,FP2,0 days 01:09:27.796000,GIO,99,0 days 00:01:46.225000,20.0,6.0,0 days 01:08:03.322000,,0 days 00:00:49.607000,0 days 00:00:29.066000,0 days 00:00:27.552000,0 days 01:08:31.178000,0 days 01:09:00.244000,0 days 01:09:27.796000,273.0,156.0,285.0,288.0,False,MEDIUM,13.0,False,Alfa Romeo Racing,0 days 01:07:41.571000,,1,,False,,False,False
2021-13,FP2,0 days 01:10:43.792000,GIO,99,0 days 00:01:15.996000,21.0,6.0,,,0 days 00:00:26.399000,0 days 00:00:26.337000,0 days 00:00:23.260000,0 days 01:09:54.195000,0 days 01:10:20.532000,0 days 01:10:43.792000,273.0,270.0,286.0,288.0,False,MEDIUM,14.0,False,Alfa Romeo Racing,0 days 01:09:27.796000,,1,,False,,False,True
2021-13,FP2,0 days 01:12:00.076000,GIO,99,0 days 00:01:16.284000,22.0,6.0,,,0 days 00:00:26.413000,0 days 00:00:26.569000,0 days 00:00:23.302000,0 days 01:11:10.205000,0 days 01:11:36.774000,0 days 01:12:00.076000,274.0,268.0,285.0,289.0,False,MEDIUM,15.0,False,Alfa Romeo Racing,0 days 01:10:43.792000,,1,,False,,False,True
2021-13,FP2,0 days 01:13:16.667000,GIO,99,0 days 00:01:16.591000,23.0,6.0,,,0 days 00:00:26.514000,0 days 00:00:26.684000,0 days 00:00:23.393000,0 days 01:12:26.590000,0 days 01:12:53.274000,0 days 01:13:16.667000,275.0,270.0,285.0,288.0,False,MEDIUM,16.0,False,Alfa Romeo Racing,0 days 01:12:00.076000,,1,,False,,False,True
2021-13,FP2,0 days 01:14:33.269000,GIO,99,0 days 00:01:16.602000,24.0,6.0,,,0 days 00:00:26.393000,0 days 00:00:26.798000,0 days 00:00:23.411000,0 days 01:13:43.060000,0 days 01:14:09.858000,0 days 01:14:33.269000,274.0,267.0,293.0,289.0,False,MEDIUM,17.0,False,Alfa Romeo Racing,0 days 01:13:16.667000,,1,,False,,False,True
2021-13,FP2,0 days 01:15:50.060000,GIO,99,0 days 00:01:16.791000,25.0,6.0,,,0 days 00:00:26.603000,0 days 00:00:26.867000,0 days 00:00:23.321000,0 days 01:14:59.872000,0 days 01:15:26.739000,0 days 01:15:50.060000,279.0,269.0,287.0,298.0,False,MEDIUM,18.0,False,Alfa Romeo Racing,0 days 01:14:33.269000,,1,,False,,False,True
2021-13,FP2,0 days 01:17:06.635000,GIO,99,0 days 00:01:16.575000,26.0,6.0,,,0 days 00:00:26.443000,0 days 00:00:26.930000,0 days 00:00:23.202000,0 days 01:16:16.503000,0 days 01:16:43.433000,0 days 01:17:06.635000,276.0,269.0,289.0,291.0,False,MEDIUM,19.0,False,Alfa Romeo Racing,0 days 01:15:50.060000,,1,,False,,False,True
2021-13,FP2,0 days 01:18:23.076000,GIO,99,0 days 00:01:16.441000,27.0,6.0,,,0 days 00:00:26.342000,0 days 00:00:26.784000,0 days 00:00:23.315000,0 days 01:17:32.977000,0 days 01:17:59.761000,0 days 01:18:23.076000,277.0,268.0,288.0,293.0,False,MEDIUM,20.0,False,Alfa Romeo Racing,0 days 01:17:06.635000,,1,,False,,False,True
2021-13,FP2,0 days 01:19:39.452000,GIO,99,0 days 00:01:16.376000,28.0,6.0,,,0 days 00:00:26.403000,0 days 00:00:26.687000,0 days 00:00:23.286000,0 days 01:18:49.479000,0 days 01:19:16.166000,0 days 01:19:39.452000,277.0,268.0,299.0,290.0,False,MEDIUM,21.0,False,Alfa Romeo Racing,0 days 01:18:23.076000,,1,,False,,False,True
2021-13,FP2,0 days 01:21:38.179000,GIO,99,0 days 00:01:58.727000,29.0,6.0,,,0 days 00:00:32.242000,0 days 00:00:33.143000,0 days 00:00:53.342000,0 days 01:20:11.694000,0 days 01:20:44.837000,0 days 01:21:38.179000,210.0,234.0,66.0,250.0,False,MEDIUM,22.0,False,Alfa Romeo Racing,0 days 01:19:39.452000,,12,,False,,False,True
2021-13,FP2,0 days 01:23:30.213000,GIO,99,0 days 00:01:52.034000,30.0,6.0,,0 days 01:23:29.255000,0 days 00:00:49.432000,0 days 00:00:30.917000,0 days 00:00:31.685000,0 days 01:22:27.611000,0 days 01:22:58.528000,0 days 01:23:30.213000,250.0,219.0,,218.0,False,MEDIUM,23.0,False,Alfa Romeo Racing,0 days 01:21:38.179000,,1,,False,,False,False
2021-13,FP3,0 days 00:20:21.187000,RIC,3,,1.0,1.0,0 days 00:18:46.091000,,,0 days 00:00:38.309000,0 days 00:00:24.010000,,0 days 00:19:57.206000,0 days 00:20:21.310000,145.0,266.0,292.0,,False,MEDIUM,1.0,True,McLaren,0 days 00:18:46.091000,,1,,False,,False,False
2021-13,FP3,0 days 00:21:33.825000,RIC,3,0 days 00:01:12.638000,2.0,1.0,,,0 days 00:00:25.564000,0 days 00:00:24.459000,0 days 00:00:22.615000,0 days 00:20:46.751000,0 days 00:21:11.210000,0 days 00:21:33.825000,268.0,283.0,296.0,301.0,True,MEDIUM,2.0,True,McLaren,0 days 00:20:21.187000,,1,,False,,False,True
2021-13,FP3,0 days 00:23:22.184000,RIC,3,0 days 00:01:48.359000,3.0,1.0,,,0 days 00:00:40.974000,0 days 00:00:41.403000,0 days 00:00:25.982000,0 days 00:22:14.799000,0 days 00:22:56.202000,0 days 00:23:22.184000,121.0,217.0,295.0,282.0,False,MEDIUM,3.0,True,McLaren,0 days 00:21:33.825000,,1,,False,,False,True
2021-13,FP3,0 days 00:24:48.966000,RIC,3,0 days 00:01:26.782000,4.0,1.0,,0 days 00:24:47.685000,0 days 00:00:25.632000,0 days 00:00:28.860000,0 days 00:00:32.290000,0 days 00:23:47.816000,0 days 00:24:16.676000,0 days 00:24:48.966000,268.0,215.0,,303.0,False,MEDIUM,4.0,True,McLaren,0 days 00:23:22.184000,,1,,False,,False,False
2021-13,FP3,0 days 00:44:51.895000,RIC,3,,5.0,2.0,0 days 00:32:20.072000,0 days 00:34:02.104000,,0 days 00:00:34.051000,,,0 days 00:33:26.368000,,249.0,219.0,,,False,MEDIUM,5.0,False,McLaren,0 days 00:24:48.966000,,125,,False,,False,False
2021-13,FP3,0 days 00:46:28.083000,RIC,3,,6.0,3.0,0 days 00:44:51.895000,,,0 days 00:00:31.292000,0 days 00:00:29.155000,,0 days 00:45:58.952000,0 days 00:46:28.211000,254.0,266.0,296.0,303.0,False,MEDIUM,6.0,False,McLaren,0 days 00:44:51.895000,,1,,False,,False,False
2021-13,FP3,0 days 00:47:40.791000,RIC,3,0 days 00:01:12.708000,7.0,3.0,,,0 days 00:00:25.485000,0 days 00:00:24.621000,0 days 00:00:22.602000,0 days 00:46:53.568000,0 days 00:47:18.189000,0 days 00:47:40.791000,268.0,282.0,300.0,306.0,False,MEDIUM,7.0,False,McLaren,0 days 00:46:28.083000,,1,,False,,False,True
2021-13,FP3,0 days 00:49:13.672000,RIC,3,0 days 00:01:32.881000,8.0,3.0,,,0 days 00:00:29.695000,0 days 00:00:38.984000,0 days 00:00:24.202000,0 days 00:48:10.486000,0 days 00:48:49.470000,0 days 00:49:13.672000,250.0,233.0,300.0,301.0,False,MEDIUM,8.0,False,McLaren,0 days 00:47:40.791000,,1,,False,,False,True
2021-13,FP3,0 days 00:50:31.410000,RIC,3,0 days 00:01:17.738000,9.0,3.0,,0 days 00:50:30.610000,0 days 00:00:25.217000,0 days 00:00:25.105000,0 days 00:00:27.416000,0 days 00:49:38.889000,0 days 00:50:03.994000,0 days 00:50:31.410000,270.0,255.0,,309.0,False,MEDIUM,9.0,False,McLaren,0 days 00:49:13.672000,,1,,False,,False,False
2021-13,FP3,0 days 00:52:09.448000,RIC,3,0 days 00:01:38.038000,10.0,4.0,0 days 00:50:48.573000,0 days 00:52:07.988000,0 days 00:00:44.893000,0 days 00:00:25.985000,0 days 00:00:27.160000,0 days 00:51:16.303000,0 days 00:51:42.288000,0 days 00:52:09.448000,258.0,272.0,,309.0,False,MEDIUM,10.0,False,McLaren,0 days 00:50:31.410000,,1,,False,,False,False
2021-13,FP3,0 days 00:58:18.907000,RIC,3,,11.0,5.0,0 days 00:56:41.574000,,,0 days 00:00:31.222000,0 days 00:00:34.476000,,0 days 00:57:44.446000,0 days 00:58:19.032000,260.0,271.0,302.0,309.0,False,SOFT,1.0,True,McLaren,0 days 00:52:09.448000,,12,,False,,False,False
2021-13,FP3,0 days 00:59:29.920000,RIC,3,0 days 00:01:11.013000,12.0,5.0,,,0 days 00:00:24.875000,0 days 00:00:24.193000,0 days 00:00:21.945000,0 days 00:58:43.782000,0 days 00:59:07.975000,0 days 00:59:29.920000,274.0,287.0,298.0,309.0,True,SOFT,2.0,True,McLaren,0 days 00:58:18.907000,,1,,False,,False,True
2021-13,FP3,0 days 01:01:15.606000,RIC,3,0 days 00:01:45.686000,13.0,5.0,,,0 days 00:00:39.009000,0 days 00:00:40.244000,0 days 00:00:26.433000,0 days 01:00:08.929000,0 days 01:00:49.173000,0 days 01:01:15.606000,177.0,98.0,298.0,290.0,False,SOFT,3.0,True,McLaren,0 days 00:59:29.920000,,1,,False,,False,True
2021-13,FP3,0 days 01:02:27.625000,RIC,3,0 days 00:01:12.019000,14.0,5.0,,,0 days 00:00:24.887000,0 days 00:00:24.487000,0 days 00:00:22.645000,0 days 01:01:40.493000,0 days 01:02:04.980000,0 days 01:02:27.625000,274.0,285.0,279.0,306.0,False,SOFT,4.0,True,McLaren,0 days 01:01:15.606000,,1,,False,,False,True
2021-13,FP3,0 days 01:03:50.691000,RIC,3,0 days 00:01:23.066000,15.0,5.0,,0 days 01:03:49.056000,0 days 00:00:30.286000,0 days 00:00:26.257000,0 days 00:00:26.523000,0 days 01:02:57.911000,0 days 01:03:24.168000,0 days 01:03:50.691000,244.0,275.0,,285.0,False,SOFT,5.0,True,McLaren,0 days 01:02:27.625000,,1,,False,,False,False
2021-13,FP3,0 days 01:13:10.644000,RIC,3,,16.0,6.0,0 days 01:11:51.271000,,,0 days 00:00:27.483000,0 days 00:00:23.602000,,0 days 01:12:47.046000,0 days 01:13:10.760000,266.0,276.0,279.0,285.0,False,SOFT,6.0,False,McLaren,0 days 01:03:50.691000,,1,,False,,False,False
2021-13,FP3,0 days 01:14:27.063000,RIC,3,0 days 00:01:16.419000,17.0,6.0,,,0 days 00:00:26.723000,0 days 00:00:26.174000,0 days 00:00:23.522000,0 days 01:13:37.367000,0 days 01:14:03.541000,0 days 01:14:27.063000,268.0,264.0,279.0,284.0,False,SOFT,7.0,False,McLaren,0 days 01:13:10.644000,,1,,False,,False,True
2021-13,FP3,0 days 01:16:35.171000,RIC,3,0 days 00:02:08.108000,18.0,6.0,,,0 days 00:00:30.769000,0 days 00:00:31.024000,0 days 00:01:06.315000,0 days 01:14:57.832000,0 days 01:15:28.856000,0 days 01:16:35.171000,249.0,241.0,17.0,281.0,False,SOFT,8.0,False,McLaren,0 days 01:14:27.063000,,1,,False,,False,True
2021-13,FP3,0 days 01:18:28.884000,RIC,3,0 days 00:01:53.713000,19.0,6.0,,0 days 01:18:27.577000,0 days 00:00:52.823000,0 days 00:00:29.972000,0 days 00:00:30.918000,0 days 01:17:27.994000,0 days 01:17:57.966000,0 days 01:18:28.884000,228.0,266.0,,219.0,False,SOFT,9.0,False,McLaren,0 days 01:16:35.171000,,1,,False,,False,False
2021-13,FP3,0 days 00:22:34.340000,NOR,4,,1.0,1.0,0 days 00:21:00.621000,,,0 days 00:00:34.087000,0 days 00:00:25.414000,,0 days 00:22:08.965000,0 days 00:22:34.473000,234.0,261.0,291.0,,False,MEDIUM,1.0,True,McLaren,0 days 00:21:00.621000,,1,,False,,False,False
2021-13,FP3,0 days 00:23:46.474000,NOR,4,0 days 00:01:12.134000,2.0,1.0,,,0 days 00:00:25.317000,0 days 00:00:24.448000,0 days 00:00:22.369000,0 days 00:22:59.657000,0 days 00:23:24.105000,0 days 00:23:46.474000,265.0,280.0,294.0,298.0,True,MEDIUM,2.0,True,McLaren,0 days 00:22:34.340000,,1,,False,,False,True
2021-13,FP3,0 days 00:25:33.357000,NOR,4,0 days 00:01:46.883000,3.0,1.0,,,0 days 00:00:41.516000,0 days 00:00:38.633000,0 days 00:00:26.734000,0 days 00:24:27.990000,0 days 00:25:06.623000,0 days 00:25:33.357000,186.0,237.0,293.0,245.0,False,MEDIUM,3.0,True,McLaren,0 days 00:23:46.474000,,1,,False,,False,True
2021-13,FP3,0 days 00:26:45.520000,NOR,4,0 days 00:01:12.163000,4.0,1.0,,,0 days 00:00:25.111000,0 days 00:00:24.662000,0 days 00:00:22.390000,0 days 00:25:58.468000,0 days 00:26:23.130000,0 days 00:26:45.520000,268.0,280.0,295.0,300.0,False,MEDIUM,4.0,True,McLaren,0 days 00:25:33.357000,,1,,False,,False,True
2021-13,FP3,0 days 00:28:35.347000,NOR,4,0 days 00:01:49.827000,5.0,1.0,,,0 days 00:00:41.191000,0 days 00:00:41.713000,0 days 00:00:26.923000,0 days 00:27:26.711000,0 days 00:28:08.424000,0 days 00:28:35.347000,220.0,242.0,294.0,249.0,False,MEDIUM,5.0,True,McLaren,0 days 00:26:45.520000,,1,,False,,False,True
2021-13,FP3,0 days 00:29:47.247000,NOR,4,0 days 00:01:11.900000,6.0,1.0,,,0 days 00:00:25.105000,0 days 00:00:24.544000,0 days 00:00:22.251000,0 days 00:29:00.452000,0 days 00:29:24.996000,0 days 00:29:47.247000,271.0,283.0,298.0,303.0,True,MEDIUM,6.0,True,McLaren,0 days 00:28:35.347000,,1,,False,,False,True
2021-13,FP3,0 days 00:31:46.598000,NOR,4,0 days 00:01:59.351000,7.0,1.0,,,0 days 00:00:37.315000,0 days 00:00:51.100000,0 days 00:00:30.936000,0 days 00:30:24.562000,0 days 00:31:15.662000,0 days 00:31:46.598000,141.0,191.0,296.0,260.0,False,MEDIUM,7.0,True,McLaren,0 days 00:29:47.247000,,1,,False,,False,True
2021-13,FP3,0 days 00:32:58.544000,NOR,4,0 days 00:01:11.946000,8.0,1.0,,,0 days 00:00:25.318000,0 days 00:00:24.493000,0 days 00:00:22.135000,0 days 00:32:11.916000,0 days 00:32:36.409000,0 days 00:32:58.544000,267.0,284.0,298.0,305.0,False,MEDIUM,8.0,True,McLaren,0 days 00:31:46.598000,,1,,False,,False,True
2021-13,FP3,0 days 00:48:23.287000,NOR,4,,9.0,1.0,,0 days 00:34:43.270000,0 days 00:00:28.763000,,,0 days 00:33:27.339000,,,249.0,,,275.0,False,MEDIUM,9.0,True,McLaren,0 days 00:32:58.544000,,125,,False,,False,False
2021-13,FP3,0 days 00:50:00.169000,NOR,4,,10.0,2.0,0 days 00:48:23.287000,,,0 days 00:00:31.227000,0 days 00:00:30.191000,,0 days 00:49:29.978000,0 days 00:50:00.287000,242.0,247.0,297.0,275.0,False,SOFT,1.0,True,McLaren,0 days 00:48:23.287000,,1,,False,,False,False
2021-13,FP3,0 days 00:51:11.288000,NOR,4,0 days 00:01:11.119000,11.0,2.0,,,0 days 00:00:24.784000,0 days 00:00:24.157000,0 days 00:00:22.178000,0 days 00:50:24.953000,0 days 00:50:49.110000,0 days 00:51:11.288000,268.0,281.0,299.0,305.0,True,SOFT,2.0,True,McLaren,0 days 00:50:00.169000,,1,,False,,False,True
2021-13,FP3,0 days 00:52:59.600000,NOR,4,0 days 00:01:48.312000,12.0,2.0,,,0 days 00:00:37.558000,0 days 00:00:43.916000,0 days 00:00:26.838000,0 days 00:51:48.846000,0 days 00:52:32.762000,0 days 00:52:59.600000,126.0,106.0,300.0,281.0,False,SOFT,3.0,True,McLaren,0 days 00:51:11.288000,,1,,False,,False,True
2021-13,FP3,0 days 00:54:10.381000,NOR,4,0 days 00:01:10.781000,13.0,2.0,,,0 days 00:00:24.682000,0 days 00:00:24.156000,0 days 00:00:21.943000,0 days 00:53:24.282000,0 days 00:53:48.438000,0 days 00:54:10.381000,273.0,287.0,298.0,306.0,True,SOFT,4.0,True,McLaren,0 days 00:52:59.600000,,1,,False,,False,True
2021-13,FP3,0 days 00:55:54.654000,NOR,4,0 days 00:01:44.273000,14.0,2.0,,,0 days 00:00:35.895000,0 days 00:00:38.876000,0 days 00:00:29.502000,0 days 00:54:46.276000,0 days 00:55:25.152000,0 days 00:55:54.654000,130.0,236.0,300.0,264.0,False,SOFT,5.0,True,McLaren,0 days 00:54:10.381000,,1,,False,,False,True
2021-13,FP3,0 days 00:57:26.496000,NOR,4,0 days 00:01:31.842000,15.0,2.0,,0 days 00:57:25.210000,0 days 00:00:24.920000,0 days 00:00:38.098000,0 days 00:00:28.824000,0 days 00:56:19.574000,0 days 00:56:57.672000,0 days 00:57:26.496000,271.0,260.0,,307.0,False,SOFT,6.0,True,McLaren,0 days 00:55:54.654000,,12,,False,,False,False
2021-13,FP3,0 days 01:12:38.959000,NOR,4,,16.0,3.0,0 days 01:11:16.638000,0 days 01:12:37.265000,,0 days 00:00:27.773000,0 days 00:00:26.236000,,0 days 01:12:12.723000,0 days 01:12:39.665000,252.0,265.0,,307.0,False,SOFT,7.0,False,McLaren,0 days 00:57:26.496000,,1,,False,,False,False
2021-13,FP3,0 days 01:14:22.481000,NOR,4,0 days 00:01:43.522000,17.0,4.0,0 days 01:12:58.311000,,0 days 00:00:49.169000,0 days 00:00:28.593000,0 days 00:00:25.760000,0 days 01:13:28.128000,0 days 01:13:56.721000,0 days 01:14:22.481000,241.0,258.0,282.0,307.0,False,MEDIUM,10.0,False,McLaren,0 days 01:12:38.959000,,1,,False,,False,False
2021-13,FP3,0 days 01:17:04.969000,NOR,4,,18.0,4.0,,,0 days 00:00:29.790000,0 days 00:00:32.455000,,0 days 01:14:52.268000,0 days 01:15:24.740000,,252.0,189.0,2.0,237.0,False,MEDIUM,11.0,False,McLaren,0 days 01:14:22.481000,,1,,False,,False,False
2021-13,FP3,0 days 01:18:40.576000,NOR,4,0 days 00:01:35.607000,19.0,4.0,,0 days 01:18:40.218000,0 days 00:00:30.441000,0 days 00:00:30.469000,0 days 00:00:34.697000,0 days 01:17:35.410000,0 days 01:18:05.879000,0 days 01:18:40.576000,246.0,215.0,,229.0,False,MEDIUM,12.0,False,McLaren,0 days 01:17:04.969000,,1,,False,,False,False
2021-13,FP3,0 days 00:30:24.231000,VET,5,,1.0,1.0,0 days 00:29:00.511000,,,0 days 00:00:29.784000,0 days 00:00:24.730000,,0 days 00:29:59.507000,0 days 00:30:24.338000,252.0,265.0,296.0,,False,MEDIUM,1.0,True,Aston Martin,0 days 00:29:00.511000,,1,,False,,False,False
2021-13,FP3,0 days 00:31:51.768000,VET,5,0 days 00:01:27.537000,2.0,1.0,,,0 days 00:00:25.195000,0 days 00:00:30.823000,0 days 00:00:31.519000,0 days 00:30:49.426000,0 days 00:31:20.249000,0 days 00:31:51.768000,268.0,159.0,219.0,303.0,True,MEDIUM,2.0,True,Aston Martin,0 days 00:30:24.231000,,1,,False,,False,True
2021-13,FP3,0 days 00:33:23.704000,VET,5,0 days 00:01:31.936000,3.0,1.0,,,0 days 00:00:33.847000,0 days 00:00:32.710000,0 days 00:00:25.379000,0 days 00:32:25.615000,0 days 00:32:58.325000,0 days 00:33:23.704000,234.0,256.0,296.0,197.0,False,MEDIUM,3.0,True,Aston Martin,0 days 00:31:51.768000,,1,,False,,False,True
2021-13,FP3,0 days 00:44:55.552000,VET,5,,4.0,1.0,,0 days 00:35:17.180000,,,,,,,,,,305.0,False,MEDIUM,4.0,True,Aston Martin,0 days 00:33:23.704000,,125,,False,,False,False
2021-13,FP3,0 days 00:46:30.832000,VET,5,,5.0,2.0,0 days 00:44:55.552000,,,0 days 00:00:28.960000,0 days 00:00:25.574000,,0 days 00:46:05.269000,0 days 00:46:30.925000,247.0,265.0,282.0,305.0,False,MEDIUM,5.0,False,Aston Martin,0 days 00:44:55.552000,,1,,False,,False,False
2021-13,FP3,0 days 00:47:56.401000,VET,5,0 days 00:01:25.569000,6.0,2.0,,,0 days 00:00:29.076000,0 days 00:00:29.410000,0 days 00:00:27.083000,0 days 00:46:59.908000,0 days 00:47:29.318000,0 days 00:47:56.401000,229.0,183.0,297.0,266.0,True,MEDIUM,6.0,False,Aston Martin,0 days 00:46:30.832000,,1,,False,,False,True
2021-13,FP3,0 days 00:49:09.756000,VET,5,0 days 00:01:13.355000,7.0,2.0,,,0 days 00:00:25.626000,0 days 00:00:25.167000,0 days 00:00:22.562000,0 days 00:48:22.027000,0 days 00:48:47.194000,0 days 00:49:09.756000,268.0,283.0,301.0,308.0,True,MEDIUM,7.0,False,Aston Martin,0 days 00:47:56.401000,,1,,False,,False,True
2021-13,FP3,0 days 00:50:42.702000,VET,5,0 days 00:01:32.946000,8.0,2.0,,,0 days 00:00:34.340000,0 days 00:00:30.991000,0 days 00:00:27.615000,0 days 00:49:44.096000,0 days 00:50:15.087000,0 days 00:50:42.702000,96.0,266.0,298.0,249.0,False,MEDIUM,8.0,False,Aston Martin,0 days 00:49:09.756000,,1,,False,,False,True
2021-13,FP3,0 days 00:51:55.061000,VET,5,0 days 00:01:12.359000,9.0,2.0,,,0 days 00:00:25.275000,0 days 00:00:24.728000,0 days 00:00:22.356000,0 days 00:51:07.977000,0 days 00:51:32.705000,0 days 00:51:55.061000,271.0,284.0,300.0,308.0,True,MEDIUM,9.0,False,Aston Martin,0 days 00:50:42.702000,,1,,False,,False,True
2021-13,FP3,0 days 00:53:21.378000,VET,5,0 days 00:01:26.317000,10.0,2.0,,0 days 00:53:20.114000,0 days 00:00:32.366000,0 days 00:00:26.651000,0 days 00:00:27.300000,0 days 00:52:27.427000,0 days 00:52:54.078000,0 days 00:53:21.378000,249.0,272.0,,262.0,False,MEDIUM,10.0,False,Aston Martin,0 days 00:51:55.061000,,1,,False,,False,False
2021-13,FP3,0 days 00:54:56.821000,VET,5,0 days 00:01:35.443000,11.0,3.0,0 days 00:53:38.939000,0 days 00:54:57.159000,0 days 00:00:43.143000,0 days 00:00:25.671000,0 days 00:00:26.629000,0 days 00:54:04.521000,0 days 00:54:30.192000,0 days 00:54:56.821000,252.0,271.0,,262.0,False,MEDIUM,11.0,False,Aston Martin,0 days 00:53:21.378000,,1,,False,,False,False
2021-13,FP3,0 days 01:02:32.022000,VET,5,,12.0,4.0,0 days 01:01:00.738000,,,0 days 00:00:34.261000,0 days 00:00:26.176000,,0 days 01:02:05.849000,0 days 01:02:32.139000,241.0,230.0,301.0,262.0,False,SOFT,1.0,True,Aston Martin,0 days 00:54:56.821000,,12,,False,,False,False
2021-13,FP3,0 days 01:03:42.894000,VET,5,0 days 00:01:10.872000,13.0,4.0,,,0 days 00:00:24.628000,0 days 00:00:24.230000,0 days 00:00:22.014000,0 days 01:02:56.650000,0 days 01:03:20.880000,0 days 01:03:42.894000,275.0,286.0,299.0,310.0,True,SOFT,2.0,True,Aston Martin,0 days 01:02:32.022000,,1,,False,,False,True
2021-13,FP3,0 days 01:05:20.399000,VET,5,0 days 00:01:37.505000,14.0,4.0,,,0 days 00:00:33.079000,0 days 00:00:35.332000,0 days 00:00:29.094000,0 days 01:04:15.973000,0 days 01:04:51.305000,0 days 01:05:20.399000,223.0,226.0,251.0,248.0,False,SOFT,3.0,True,Aston Martin,0 days 01:03:42.894000,,1,,False,,False,True
2021-13,FP3,0 days 01:06:51.579000,VET,5,0 days 00:01:31.180000,15.0,4.0,,,0 days 00:00:33.575000,0 days 00:00:32.981000,0 days 00:00:24.624000,0 days 01:05:53.974000,0 days 01:06:26.955000,0 days 01:06:51.579000,259.0,263.0,295.0,193.0,False,SOFT,4.0,True,Aston Martin,0 days 01:05:20.399000,,1,,False,,False,True
2021-13,FP3,0 days 01:08:03.427000,VET,5,0 days 00:01:11.848000,16.0,4.0,,,0 days 00:00:25.050000,0 days 00:00:24.433000,0 days 00:00:22.365000,0 days 01:07:16.629000,0 days 01:07:41.062000,0 days 01:08:03.427000,269.0,285.0,297.0,303.0,False,SOFT,5.0,True,Aston Martin,0 days 01:06:51.579000,,1,,False,,False,True
2021-13,FP3,0 days 01:09:30.059000,VET,5,0 days 00:01:26.632000,17.0,4.0,,0 days 01:09:28.780000,0 days 00:00:31.244000,0 days 00:00:27.890000,0 days 00:00:27.498000,0 days 01:08:34.671000,0 days 01:09:02.561000,0 days 01:09:30.059000,251.0,263.0,,255.0,False,SOFT,6.0,True,Aston Martin,0 days 01:08:03.427000,,1,,False,,False,False
2021-13,FP3,0 days 01:14:20.425000,VET,5,,18.0,5.0,0 days 01:12:57.922000,,,0 days 00:00:27.689000,0 days 00:00:25.146000,,0 days 01:13:55.345000,0 days 01:14:20.553000,241.0,263.0,268.0,255.0,False,SOFT,7.0,False,Aston Martin,0 days 01:09:30.059000,,1,,False,,False,False
2021-13,FP3,0 days 01:16:25.108000,VET,5,0 days 00:02:04.683000,19.0,5.0,,,0 days 00:00:29.235000,0 days 00:00:32.708000,0 days 00:01:02.740000,0 days 01:14:49.660000,0 days 01:15:22.368000,0 days 01:16:25.108000,207.0,170.0,19.0,265.0,False,SOFT,8.0,False,Aston Martin,0 days 01:14:20.425000,,1,,False,,False,True
2021-13,FP3,0 days 01:18:27.954000,VET,5,0 days 00:02:02.846000,20.0,5.0,,0 days 01:18:25.411000,0 days 00:01:02.414000,0 days 00:00:30.053000,0 days 00:00:30.379000,0 days 01:17:27.522000,0 days 01:17:57.575000,0 days 01:18:27.954000,229.0,229.0,,220.0,False,SOFT,9.0,False,Aston Martin,0 days 01:16:25.108000,,1,,False,,False,False
2021-13,FP3,0 days 00:30:38.728000,LAT,6,,1.0,1.0,0 days 00:29:07.831000,,,0 days 00:00:31.110000,0 days 00:00:27.156000,,0 days 00:30:11.572000,0 days 00:30:41.359000,263.0,249.0,296.0,,False,MEDIUM,1.0,True,Williams,0 days 00:29:07.831000,,1,,False,,False,False
2021-13,FP3,0 days 00:31:51.844000,LAT,6,0 days 00:01:13.116000,2.0,1.0,,,0 days 00:00:25.682000,0 days 00:00:24.935000,0 days 00:00:22.499000,0 days 00:31:04.410000,0 days 00:31:29.345000,0 days 00:31:51.844000,271.0,285.0,301.0,306.0,True,MEDIUM,2.0,True,Williams,0 days 00:30:38.728000,,1,,False,,False,True
2021-13,FP3,0 days 00:33:33.569000,LAT,6,0 days 00:01:41.725000,3.0,1.0,,,0 days 00:00:33.173000,0 days 00:00:38.350000,0 days 00:00:30.202000,0 days 00:32:25.017000,0 days 00:33:03.367000,0 days 00:33:33.569000,251.0,257.0,299.0,283.0,False,MEDIUM,3.0,True,Williams,0 days 00:31:51.844000,,12,,False,,False,True
2021-13,FP3,0 days 00:44:45.527000,LAT,6,,4.0,1.0,,0 days 00:35:25.315000,,,,,,,,,,309.0,False,MEDIUM,4.0,True,Williams,0 days 00:33:33.569000,,251,,False,,False,False
2021-13,FP3,0 days 00:46:17.817000,LAT,6,,5.0,2.0,0 days 00:44:45.527000,,,0 days 00:00:28.804000,0 days 00:00:28.919000,,0 days 00:45:48.913000,0 days 00:46:17.946000,249.0,261.0,295.0,309.0,False,MEDIUM,5.0,False,Williams,0 days 00:44:45.527000,,1,,False,,False,False
2021-13,FP3,0 days 00:47:30.828000,LAT,6,0 days 00:01:13.011000,6.0,2.0,,,0 days 00:00:25.770000,0 days 00:00:24.866000,0 days 00:00:22.375000,0 days 00:46:43.587000,0 days 00:47:08.453000,0 days 00:47:30.828000,270.0,283.0,304.0,305.0,True,MEDIUM,6.0,False,Williams,0 days 00:46:17.817000,,1,,False,,False,True
2021-13,FP3,0 days 00:49:07.256000,LAT,6,0 days 00:01:36.428000,7.0,2.0,,,0 days 00:00:33.390000,0 days 00:00:36.525000,0 days 00:00:26.513000,0 days 00:48:04.218000,0 days 00:48:40.743000,0 days 00:49:07.256000,249.0,260.0,302.0,274.0,False,MEDIUM,7.0,False,Williams,0 days 00:47:30.828000,,1,,False,,False,True
2021-13,FP3,0 days 00:50:36.513000,LAT,6,0 days 00:01:29.257000,8.0,2.0,,,0 days 00:00:30.401000,0 days 00:00:33.586000,0 days 00:00:25.270000,0 days 00:49:37.657000,0 days 00:50:11.243000,0 days 00:50:36.513000,204.0,163.0,301.0,312.0,False,MEDIUM,8.0,False,Williams,0 days 00:49:07.256000,,1,,False,,False,True
2021-13,FP3,0 days 00:51:49.258000,LAT,6,0 days 00:01:12.745000,9.0,2.0,,,0 days 00:00:25.343000,0 days 00:00:24.975000,0 days 00:00:22.427000,0 days 00:51:01.856000,0 days 00:51:26.831000,0 days 00:51:49.258000,271.0,283.0,302.0,312.0,True,MEDIUM,9.0,False,Williams,0 days 00:50:36.513000,,1,,False,,False,True
2021-13,FP3,0 days 00:53:19.212000,LAT,6,0 days 00:01:29.954000,10.0,2.0,,0 days 00:53:18.903000,0 days 00:00:29.046000,0 days 00:00:32.381000,0 days 00:00:28.527000,0 days 00:52:18.304000,0 days 00:52:50.685000,0 days 00:53:19.212000,251.0,206.0,,303.0,False,MEDIUM,10.0,False,Williams,0 days 00:51:49.258000,,1,,False,,False,False
2021-13,FP3,0 days 01:00:15.490000,LAT,6,,11.0,3.0,0 days 00:58:39.852000,,,0 days 00:00:30.964000,0 days 00:00:31.350000,,0 days 00:59:44.502000,0 days 01:00:18.124000,264.0,273.0,303.0,303.0,False,SOFT,1.0,True,Williams,0 days 00:53:19.212000,,12,,False,,False,False
2021-13,FP3,0 days 01:01:26.573000,LAT,6,0 days 00:01:11.083000,12.0,3.0,,,0 days 00:00:24.785000,0 days 00:00:24.328000,0 days 00:00:21.970000,0 days 01:00:40.275000,0 days 01:01:04.603000,0 days 01:01:26.573000,276.0,288.0,303.0,311.0,True,SOFT,2.0,True,Williams,0 days 01:00:15.490000,,1,,False,,False,True
2021-13,FP3,0 days 01:03:13.603000,LAT,6,0 days 00:01:47.030000,13.0,3.0,,0 days 01:03:11.978000,0 days 00:00:32.320000,0 days 00:00:39.368000,0 days 00:00:35.342000,0 days 01:01:58.893000,0 days 01:02:38.261000,0 days 01:03:13.603000,250.0,189.0,,284.0,False,SOFT,3.0,True,Williams,0 days 01:01:26.573000,,1,,False,,False,False
2021-13,FP3,0 days 01:05:15.633000,LAT,6,0 days 00:02:02.030000,14.0,4.0,0 days 01:03:36.012000,,0 days 00:00:54.841000,0 days 00:00:39.008000,0 days 00:00:28.181000,0 days 01:04:08.444000,0 days 01:04:47.452000,0 days 01:05:15.633000,174.0,135.0,297.0,284.0,False,SOFT,4.0,False,Williams,0 days 01:03:13.603000,,1,,False,,False,False
2021-13,FP3,0 days 01:06:27.500000,LAT,6,0 days 00:01:11.867000,15.0,4.0,,,0 days 00:00:25.183000,0 days 00:00:24.576000,0 days 00:00:22.108000,0 days 01:05:40.816000,0 days 01:06:05.392000,0 days 01:06:27.500000,275.0,286.0,299.0,305.0,False,SOFT,5.0,False,Williams,0 days 01:05:15.633000,,1,,False,,False,True
2021-13,FP3,0 days 01:07:56.930000,LAT,6,0 days 00:01:29.430000,16.0,4.0,,0 days 01:07:55.631000,0 days 00:00:28.588000,0 days 00:00:32.259000,0 days 00:00:28.583000,0 days 01:06:56.088000,0 days 01:07:28.347000,0 days 01:07:56.930000,254.0,229.0,,295.0,False,SOFT,6.0,False,Williams,0 days 01:06:27.500000,,1,,False,,False,False
2021-13,FP3,0 days 01:14:15.779000,LAT,6,,17.0,5.0,0 days 01:12:37.249000,,,0 days 00:00:33.220000,0 days 00:00:27.759000,,0 days 01:13:48.025000,0 days 01:14:15.877000,240.0,164.0,279.0,295.0,False,MEDIUM,11.0,False,Williams,0 days 01:07:56.930000,,1,,False,,False,False
2021-13,FP3,0 days 01:16:14.540000,LAT,6,0 days 00:01:58.761000,18.0,5.0,,,0 days 00:00:31.948000,0 days 00:00:32.211000,0 days 00:00:54.602000,0 days 01:14:47.727000,0 days 01:15:19.938000,0 days 01:16:14.540000,200.0,242.0,49.0,238.0,False,MEDIUM,12.0,False,Williams,0 days 01:14:15.779000,,1,,False,,False,True
2021-13,FP3,0 days 01:18:05.951000,LAT,6,0 days 00:01:51.411000,19.0,5.0,,0 days 01:18:04.357000,0 days 00:00:50.138000,0 days 00:00:30.906000,0 days 00:00:30.367000,0 days 01:17:04.678000,0 days 01:17:35.584000,0 days 01:18:05.951000,178.0,239.0,,218.0,False,MEDIUM,13.0,False,Williams,0 days 01:16:14.540000,,1,,False,,False,False
2021-13,FP3,0 days 00:15:40.536000,MAZ,9,,1.0,1.0,0 days 00:14:05.192000,,,0 days 00:00:35.418000,0 days 00:00:26.643000,,0 days 00:15:13.964000,0 days 00:15:40.682000,246.0,245.0,292.0,,False,MEDIUM,9.0,False,Haas F1 Team,0 days 00:14:05.192000,,1,,False,,False,False
2021-13,FP3,0 days 00:16:56.466000,MAZ,9,0 days 00:01:15.930000,2.0,1.0,,,0 days 00:00:26.927000,0 days 00:00:25.998000,0 days 00:00:23.005000,0 days 00:16:07.463000,0 days 00:16:33.461000,0 days 00:16:56.466000,272.0,281.0,297.0,301.0,True,MEDIUM,10.0,False,Haas F1 Team,0 days 00:15:40.536000,,1,,False,,False,True
2021-13,FP3,0 days 00:18:11.159000,MAZ,9,0 days 00:01:14.693000,3.0,1.0,,,0 days 00:00:26.037000,0 days 00:00:25.645000,0 days 00:00:23.011000,0 days 00:17:22.503000,0 days 00:17:48.148000,0 days 00:18:11.159000,271.0,278.0,294.0,305.0,True,MEDIUM,11.0,False,Haas F1 Team,0 days 00:16:56.466000,,1,,False,,False,True
2021-13,FP3,0 days 00:19:56.803000,MAZ,9,0 days 00:01:45.644000,4.0,1.0,,,0 days 00:00:36.065000,0 days 00:00:41.121000,0 days 00:00:28.458000,0 days 00:18:47.224000,0 days 00:19:28.345000,0 days 00:19:56.803000,168.0,245.0,297.0,247.0,False,MEDIUM,12.0,False,Haas F1 Team,0 days 00:18:11.159000,,1,,False,,False,True
2021-13,FP3,0 days 00:21:10.919000,MAZ,9,0 days 00:01:14.116000,5.0,1.0,,,0 days 00:00:26.016000,0 days 00:00:25.406000,0 days 00:00:22.694000,0 days 00:20:22.819000,0 days 00:20:48.225000,0 days 00:21:10.919000,272.0,282.0,300.0,304.0,True,MEDIUM,13.0,False,Haas F1 Team,0 days 00:19:56.803000,,1,,False,,False,True
2021-13,FP3,0 days 00:22:55.471000,MAZ,9,0 days 00:01:44.552000,6.0,1.0,,,0 days 00:00:36.229000,0 days 00:00:42.154000,0 days 00:00:26.169000,0 days 00:21:47.148000,0 days 00:22:29.302000,0 days 00:22:55.471000,162.0,241.0,295.0,270.0,False,MEDIUM,14.0,False,Haas F1 Team,0 days 00:21:10.919000,,1,,False,,False,True
2021-13,FP3,0 days 00:24:09.742000,MAZ,9,0 days 00:01:14.271000,7.0,1.0,,,0 days 00:00:25.895000,0 days 00:00:25.508000,0 days 00:00:22.868000,0 days 00:23:21.366000,0 days 00:23:46.874000,0 days 00:24:09.742000,273.0,282.0,300.0,303.0,False,MEDIUM,15.0,False,Haas F1 Team,0 days 00:22:55.471000,,1,,False,,False,True
2021-13,FP3,0 days 00:25:41.959000,MAZ,9,0 days 00:01:32.217000,8.0,1.0,,0 days 00:25:40.659000,0 days 00:00:30.208000,0 days 00:00:31.349000,0 days 00:00:30.660000,0 days 00:24:39.950000,0 days 00:25:11.299000,0 days 00:25:41.959000,249.0,199.0,,271.0,False,MEDIUM,16.0,False,Haas F1 Team,0 days 00:24:09.742000,,1,,False,,False,False
2021-13,FP3,0 days 00:27:41.293000,MAZ,9,0 days 00:01:59.334000,9.0,2.0,0 days 00:26:04.944000,0 days 00:27:39.658000,0 days 00:00:55.425000,0 days 00:00:31.629000,0 days 00:00:32.280000,0 days 00:26:37.384000,0 days 00:27:09.013000,0 days 00:27:41.293000,249.0,198.0,,271.0,False,MEDIUM,17.0,False,Haas F1 Team,0 days 00:25:41.959000,,1,,False,,False,False
2021-13,FP3,0 days 00:46:59.235000,MAZ,9,,10.0,3.0,0 days 00:45:04.604000,,,0 days 00:00:31.574000,0 days 00:00:30.020000,,0 days 00:46:29.229000,0 days 00:46:59.383000,179.0,269.0,299.0,271.0,False,SOFT,1.0,True,Haas F1 Team,0 days 00:45:04.604000,,1,,False,,False,False
2021-13,FP3,0 days 00:48:11.974000,MAZ,9,0 days 00:01:12.739000,11.0,3.0,,,0 days 00:00:25.492000,0 days 00:00:24.953000,0 days 00:00:22.294000,0 days 00:47:24.727000,0 days 00:47:49.680000,0 days 00:48:11.974000,274.0,284.0,305.0,310.0,True,SOFT,2.0,True,Haas F1 Team,0 days 00:46:59.235000,,1,,False,,False,True
2021-13,FP3,0 days 00:49:54.879000,MAZ,9,0 days 00:01:42.905000,12.0,3.0,,,0 days 00:00:37.356000,0 days 00:00:38.378000,0 days 00:00:27.171000,0 days 00:48:49.330000,0 days 00:49:27.708000,0 days 00:49:54.879000,169.0,224.0,300.0,272.0,False,SOFT,3.0,True,Haas F1 Team,0 days 00:48:11.974000,,1,,False,,False,True
2021-13,FP3,0 days 00:51:07.510000,MAZ,9,0 days 00:01:12.631000,13.0,3.0,,,0 days 00:00:25.397000,0 days 00:00:24.895000,0 days 00:00:22.339000,0 days 00:50:20.276000,0 days 00:50:45.171000,0 days 00:51:07.510000,275.0,283.0,305.0,311.0,True,SOFT,4.0,True,Haas F1 Team,0 days 00:49:54.879000,,1,,False,,False,True
2021-13,FP3,0 days 00:52:49.579000,MAZ,9,0 days 00:01:42.069000,14.0,3.0,,,0 days 00:00:36.733000,0 days 00:00:36.807000,0 days 00:00:28.529000,0 days 00:51:44.243000,0 days 00:52:21.050000,0 days 00:52:49.579000,180.0,145.0,302.0,259.0,False,SOFT,5.0,True,Haas F1 Team,0 days 00:51:07.510000,,1,,False,,False,True
2021-13,FP3,0 days 00:54:11.691000,MAZ,9,0 days 00:01:22.112000,15.0,3.0,,0 days 00:54:10.062000,0 days 00:00:25.327000,0 days 00:00:25.973000,0 days 00:00:30.812000,0 days 00:53:14.906000,0 days 00:53:40.879000,0 days 00:54:11.691000,276.0,230.0,,311.0,False,SOFT,6.0,True,Haas F1 Team,0 days 00:52:49.579000,,1,,False,,False,False
2021-13,FP3,0 days 01:07:08.759000,MAZ,9,,16.0,4.0,0 days 01:05:29.084000,,,0 days 00:00:38.407000,0 days 00:00:28.047000,,0 days 01:06:40.740000,0 days 01:07:08.895000,227.0,230.0,300.0,311.0,False,SOFT,1.0,True,Haas F1 Team,0 days 00:54:11.691000,,12,,False,,False,False
2021-13,FP3,0 days 01:08:20.942000,MAZ,9,0 days 00:01:12.183000,17.0,4.0,,,0 days 00:00:25.119000,0 days 00:00:24.848000,0 days 00:00:22.216000,0 days 01:07:33.878000,0 days 01:07:58.726000,0 days 01:08:20.942000,275.0,282.0,302.0,308.0,True,SOFT,2.0,True,Haas F1 Team,0 days 01:07:08.759000,,1,,False,,False,True
2021-13,FP3,0 days 01:10:13.745000,MAZ,9,0 days 00:01:52.803000,18.0,4.0,,,0 days 00:00:39.348000,0 days 00:00:44.125000,0 days 00:00:29.330000,0 days 01:09:00.290000,0 days 01:09:44.415000,0 days 01:10:13.745000,156.0,142.0,297.0,254.0,False,SOFT,3.0,True,Haas F1 Team,0 days 01:08:20.942000,,1,,False,,False,True
2021-13,FP3,0 days 01:11:25.881000,MAZ,9,0 days 00:01:12.136000,19.0,4.0,,,0 days 00:00:25.120000,0 days 00:00:24.828000,0 days 00:00:22.188000,0 days 01:10:38.865000,0 days 01:11:03.693000,0 days 01:11:25.881000,275.0,284.0,303.0,304.0,True,SOFT,4.0,True,Haas F1 Team,0 days 01:10:13.745000,,1,,False,,False,True
2021-13,FP3,0 days 01:13:17.393000,MAZ,9,0 days 00:01:51.512000,20.0,4.0,,,0 days 00:00:38.920000,0 days 00:00:42.654000,0 days 00:00:29.938000,0 days 01:12:04.801000,0 days 01:12:47.455000,0 days 01:13:17.393000,165.0,130.0,298.0,256.0,False,SOFT,5.0,True,Haas F1 Team,0 days 01:11:25.881000,,1,,False,,False,True
2021-13,FP3,0 days 01:14:45.175000,MAZ,9,0 days 00:01:27.782000,21.0,4.0,,,0 days 00:00:25.337000,0 days 00:00:35.184000,0 days 00:00:27.261000,0 days 01:13:42.730000,0 days 01:14:17.914000,0 days 01:14:45.175000,277.0,242.0,187.0,307.0,False,SOFT,6.0,True,Haas F1 Team,0 days 01:13:17.393000,,1,,False,,False,True
2021-13,FP3,0 days 01:17:23.018000,MAZ,9,,22.0,4.0,,,0 days 00:00:33.193000,0 days 00:00:29.989000,0 days 00:01:34.649000,0 days 01:15:18.388000,0 days 01:15:48.413000,0 days 01:17:26.077000,252.0,239.0,114.0,174.0,False,SOFT,7.0,True,Haas F1 Team,0 days 01:14:45.175000,,1,,False,,False,False
2021-13,FP3,0 days 01:19:10.809000,MAZ,9,0 days 00:01:47.791000,23.0,4.0,,0 days 01:19:10.777000,0 days 00:00:37.350000,0 days 00:00:38.203000,0 days 00:00:32.238000,0 days 01:18:00.368000,0 days 01:18:38.571000,0 days 01:19:10.809000,137.0,198.0,,204.0,False,SOFT,8.0,True,Haas F1 Team,0 days 01:17:23.018000,,1,,False,,False,False
2021-13,FP3,0 days 00:27:54.381000,GAS,10,,1.0,1.0,0 days 00:26:21.209000,,,0 days 00:00:33.641000,0 days 00:00:25.444000,,0 days 00:27:28.977000,0 days 00:27:54.476000,258.0,263.0,292.0,,False,MEDIUM,1.0,True,AlphaTauri,0 days 00:26:21.209000,,1,,False,,False,False
2021-13,FP3,0 days 00:29:06.411000,GAS,10,0 days 00:01:12.030000,2.0,1.0,,,0 days 00:00:25.430000,0 days 00:00:24.487000,0 days 00:00:22.113000,0 days 00:28:19.811000,0 days 00:28:44.298000,0 days 00:29:06.411000,269.0,281.0,295.0,299.0,True,MEDIUM,2.0,True,AlphaTauri,0 days 00:27:54.381000,,1,,False,,False,True
2021-13,FP3,0 days 00:30:54.464000,GAS,10,0 days 00:01:48.053000,3.0,1.0,,,0 days 00:00:40.078000,0 days 00:00:37.341000,0 days 00:00:30.634000,0 days 00:29:46.489000,0 days 00:30:23.830000,0 days 00:30:54.464000,167.0,239.0,250.0,268.0,False,MEDIUM,3.0,True,AlphaTauri,0 days 00:29:06.411000,,1,,False,,False,True
2021-13,FP3,0 days 00:32:30.792000,GAS,10,0 days 00:01:36.328000,4.0,1.0,,,0 days 00:00:35.389000,0 days 00:00:35.855000,0 days 00:00:25.084000,0 days 00:31:29.853000,0 days 00:32:05.708000,0 days 00:32:30.792000,189.0,260.0,296.0,242.0,False,MEDIUM,4.0,True,AlphaTauri,0 days 00:30:54.464000,,1,,False,,False,True
2021-13,FP3,0 days 00:45:33.375000,GAS,10,,5.0,1.0,,0 days 00:35:58.912000,0 days 00:00:25.049000,0 days 00:00:24.579000,,0 days 00:32:55.906000,0 days 00:33:20.430000,,270.0,280.0,,303.0,False,MEDIUM,5.0,True,AlphaTauri,0 days 00:32:30.792000,,125,,False,,False,False
2021-13,FP3,0 days 00:47:17.706000,GAS,10,,6.0,2.0,0 days 00:45:33.375000,,,0 days 00:00:30.645000,0 days 00:00:31.071000,,0 days 00:46:46.648000,0 days 00:47:17.833000,263.0,261.0,297.0,303.0,False,MEDIUM,6.0,False,AlphaTauri,0 days 00:45:33.375000,,1,,False,,False,False
2021-13,FP3,0 days 00:48:29.342000,GAS,10,0 days 00:01:11.636000,7.0,2.0,,,0 days 00:00:24.942000,0 days 00:00:24.701000,0 days 00:00:21.993000,0 days 00:47:42.648000,0 days 00:48:07.349000,0 days 00:48:29.342000,272.0,282.0,301.0,305.0,True,MEDIUM,7.0,False,AlphaTauri,0 days 00:47:17.706000,,1,,False,,False,True
2021-13,FP3,0 days 00:50:19.543000,GAS,10,0 days 00:01:50.201000,8.0,2.0,,,0 days 00:00:40.660000,0 days 00:00:39.714000,0 days 00:00:29.827000,0 days 00:49:10.002000,0 days 00:49:49.716000,0 days 00:50:19.543000,163.0,213.0,253.0,265.0,False,MEDIUM,8.0,False,AlphaTauri,0 days 00:48:29.342000,,1,,False,,False,True
2021-13,FP3,0 days 00:52:00.769000,GAS,10,0 days 00:01:41.226000,9.0,2.0,,,0 days 00:00:36.336000,0 days 00:00:38.299000,0 days 00:00:26.591000,0 days 00:50:55.879000,0 days 00:51:34.178000,0 days 00:52:00.769000,178.0,250.0,296.0,257.0,False,MEDIUM,9.0,False,AlphaTauri,0 days 00:50:19.543000,,1,,False,,False,True
2021-13,FP3,0 days 00:53:12.483000,GAS,10,0 days 00:01:11.714000,10.0,2.0,,,0 days 00:00:25.041000,0 days 00:00:24.488000,0 days 00:00:22.185000,0 days 00:52:25.810000,0 days 00:52:50.298000,0 days 00:53:12.483000,270.0,283.0,295.0,304.0,False,MEDIUM,10.0,False,AlphaTauri,0 days 00:52:00.769000,,1,,False,,False,True
2021-13,FP3,0 days 00:54:39.691000,GAS,10,0 days 00:01:27.208000,11.0,2.0,,0 days 00:54:38.413000,0 days 00:00:30.314000,0 days 00:00:28.625000,0 days 00:00:28.269000,0 days 00:53:42.797000,0 days 00:54:11.422000,0 days 00:54:39.691000,247.0,250.0,,273.0,False,MEDIUM,11.0,False,AlphaTauri,0 days 00:53:12.483000,,1,,False,,False,False
2021-13,FP3,0 days 01:03:04.047000,GAS,10,,12.0,3.0,0 days 01:01:26.699000,,,0 days 00:00:35.769000,0 days 00:00:29.183000,,0 days 01:02:34.888000,0 days 01:03:04.190000,257.0,264.0,292.0,273.0,False,SOFT,1.0,True,AlphaTauri,0 days 00:54:39.691000,,12,,False,,False,False
2021-13,FP3,0 days 01:04:15.052000,GAS,10,0 days 00:01:11.005000,13.0,3.0,,,0 days 00:00:25.059000,0 days 00:00:24.090000,0 days 00:00:21.856000,0 days 01:03:29.106000,0 days 01:03:53.196000,0 days 01:04:15.052000,270.0,282.0,296.0,299.0,True,SOFT,2.0,True,AlphaTauri,0 days 01:03:04.047000,,1,,False,,False,True
2021-13,FP3,0 days 01:06:15.502000,GAS,10,0 days 00:02:00.450000,14.0,3.0,,,0 days 00:00:43.426000,0 days 00:00:46.763000,0 days 00:00:30.261000,0 days 01:04:58.478000,0 days 01:05:45.241000,0 days 01:06:15.502000,141.0,105.0,253.0,283.0,False,SOFT,3.0,True,AlphaTauri,0 days 01:04:15.052000,,1,,False,,False,True
2021-13,FP3,0 days 01:08:07.078000,GAS,10,0 days 00:01:51.576000,15.0,3.0,,,0 days 00:00:38.865000,0 days 00:00:33.326000,0 days 00:00:39.385000,0 days 01:06:54.367000,0 days 01:07:27.693000,0 days 01:08:07.078000,195.0,272.0,295.0,246.0,False,SOFT,4.0,True,AlphaTauri,0 days 01:06:15.502000,,1,,False,,False,True
2021-13,FP3,0 days 01:09:18.156000,GAS,10,0 days 00:01:11.078000,16.0,3.0,,,0 days 00:00:24.846000,0 days 00:00:24.246000,0 days 00:00:21.986000,0 days 01:08:31.924000,0 days 01:08:56.170000,0 days 01:09:18.156000,270.0,281.0,294.0,302.0,False,SOFT,5.0,True,AlphaTauri,0 days 01:08:07.078000,,1,,False,,False,True
2021-13,FP3,0 days 01:11:00.914000,GAS,10,0 days 00:01:42.758000,17.0,3.0,,,0 days 00:00:37.349000,0 days 00:00:34.900000,0 days 00:00:30.509000,0 days 01:09:55.505000,0 days 01:10:30.405000,0 days 01:11:00.914000,225.0,224.0,296.0,282.0,False,SOFT,6.0,True,AlphaTauri,0 days 01:09:18.156000,,1,,False,,False,True
2021-13,FP3,0 days 01:12:12.036000,GAS,10,0 days 00:01:11.122000,18.0,3.0,,,0 days 00:00:24.776000,0 days 00:00:24.281000,0 days 00:00:22.065000,0 days 01:11:25.690000,0 days 01:11:49.971000,0 days 01:12:12.036000,267.0,282.0,295.0,300.0,False,SOFT,7.0,True,AlphaTauri,0 days 01:11:00.914000,,1,,False,,False,True
2021-13,FP3,0 days 01:13:59.885000,GAS,10,0 days 00:01:47.849000,19.0,3.0,,,0 days 00:00:38.312000,0 days 00:00:39.795000,0 days 00:00:29.742000,0 days 01:12:50.348000,0 days 01:13:30.143000,0 days 01:13:59.885000,163.0,179.0,253.0,281.0,False,SOFT,8.0,True,AlphaTauri,0 days 01:12:12.036000,,1,,False,,False,True
2021-13,FP3,0 days 01:15:57.513000,GAS,10,0 days 00:01:57.628000,20.0,3.0,,,0 days 00:00:36.808000,0 days 00:00:36.810000,0 days 00:00:44.010000,0 days 01:14:36.693000,0 days 01:15:13.503000,0 days 01:15:57.513000,162.0,203.0,52.0,198.0,False,SOFT,9.0,True,AlphaTauri,0 days 01:13:59.885000,,1,,False,,False,True
2021-13,FP3,0 days 01:17:44.842000,GAS,10,0 days 00:01:47.329000,21.0,3.0,,0 days 01:17:43.879000,0 days 00:00:48.357000,0 days 00:00:28.923000,0 days 00:00:30.049000,0 days 01:16:45.870000,0 days 01:17:14.793000,0 days 01:17:44.842000,245.0,264.0,,219.0,False,SOFT,10.0,True,AlphaTauri,0 days 01:15:57.513000,,1,,False,,False,False
2021-13,FP3,0 days 00:28:53.258000,PER,11,,1.0,1.0,0 days 00:27:11.780000,,,0 days 00:00:39.683000,0 days 00:00:28.798000,,0 days 00:28:24.505000,0 days 00:28:53.394000,264.0,210.0,297.0,,False,MEDIUM,1.0,True,Red Bull Racing,0 days 00:27:11.780000,,1,,False,,False,False
2021-13,FP3,0 days 00:30:05.257000,PER,11,0 days 00:01:11.999000,2.0,1.0,,,0 days 00:00:25.272000,0 days 00:00:24.284000,0 days 00:00:22.443000,0 days 00:29:18.530000,0 days 00:29:42.814000,0 days 00:30:05.257000,275.0,283.0,299.0,305.0,True,MEDIUM,2.0,True,Red Bull Racing,0 days 00:28:53.258000,,1,,False,,False,True
2021-13,FP3,0 days 00:32:05.058000,PER,11,0 days 00:01:59.801000,3.0,1.0,,,0 days 00:00:38.867000,0 days 00:00:48.865000,0 days 00:00:32.069000,0 days 00:30:44.124000,0 days 00:31:32.989000,0 days 00:32:05.058000,158.0,76.0,298.0,253.0,False,MEDIUM,3.0,True,Red Bull Racing,0 days 00:30:05.257000,,1,,False,,False,True
2021-13,FP3,0 days 00:33:16.924000,PER,11,0 days 00:01:11.866000,4.0,1.0,,,0 days 00:00:25.088000,0 days 00:00:24.353000,0 days 00:00:22.425000,0 days 00:32:30.146000,0 days 00:32:54.499000,0 days 00:33:16.924000,275.0,285.0,299.0,307.0,True,MEDIUM,4.0,True,Red Bull Racing,0 days 00:32:05.058000,,1,,False,,False,True
2021-13,FP3,0 days 00:45:56.469000,PER,11,,5.0,1.0,,0 days 00:35:14.645000,,,,,,,,,,236.0,False,MEDIUM,5.0,True,Red Bull Racing,0 days 00:33:16.924000,,125,,False,,False,False
2021-13,FP3,0 days 00:47:28.744000,PER,11,,6.0,2.0,0 days 00:45:56.456000,,,0 days 00:00:33.933000,0 days 00:00:26.551000,,0 days 00:47:02.219000,0 days 00:47:29.334000,259.0,203.0,293.0,236.0,False,MEDIUM,6.0,False,Red Bull Racing,0 days 00:45:56.456000,,1,,False,,False,False
2021-13,FP3,0 days 00:48:55.034000,PER,11,0 days 00:01:26.290000,7.0,2.0,,0 days 00:48:52.788000,0 days 00:00:25.470000,0 days 00:00:28.666000,0 days 00:00:32.154000,0 days 00:47:54.214000,0 days 00:48:22.880000,0 days 00:48:55.034000,267.0,238.0,,301.0,False,MEDIUM,7.0,False,Red Bull Racing,0 days 00:47:28.744000,,1,,False,,False,False
2021-13,FP3,0 days 00:51:13.700000,PER,11,0 days 00:02:18.666000,8.0,3.0,0 days 00:49:17.316000,,0 days 00:01:03.816000,0 days 00:00:40.485000,0 days 00:00:34.365000,0 days 00:49:58.850000,0 days 00:50:39.335000,0 days 00:51:13.700000,186.0,97.0,296.0,301.0,False,MEDIUM,8.0,False,Red Bull Racing,0 days 00:48:55.034000,,1,,False,,False,False
2021-13,FP3,0 days 00:52:26.882000,PER,11,0 days 00:01:13.182000,9.0,3.0,,,0 days 00:00:25.824000,0 days 00:00:24.709000,0 days 00:00:22.649000,0 days 00:51:39.524000,0 days 00:52:04.233000,0 days 00:52:26.882000,270.0,280.0,295.0,308.0,False,MEDIUM,9.0,False,Red Bull Racing,0 days 00:51:13.700000,,1,,False,,False,True
2021-13,FP3,0 days 00:53:51.380000,PER,11,0 days 00:01:24.498000,10.0,3.0,,0 days 00:53:51.448000,0 days 00:00:31.014000,0 days 00:00:25.787000,0 days 00:00:27.697000,0 days 00:52:57.896000,0 days 00:53:23.683000,0 days 00:53:51.380000,247.0,260.0,,235.0,False,MEDIUM,10.0,False,Red Bull Racing,0 days 00:52:26.882000,,1,,False,,False,False
2021-13,FP3,0 days 01:03:20.488000,PER,11,,11.0,4.0,0 days 01:01:28.742000,,,0 days 00:00:38.570000,0 days 00:00:36.595000,,0 days 01:02:43.915000,0 days 01:03:20.612000,254.0,232.0,298.0,235.0,False,SOFT,1.0,True,Red Bull Racing,0 days 00:53:51.380000,,12,,False,,False,False
2021-13,FP3,0 days 01:04:31.014000,PER,11,0 days 00:01:10.526000,12.0,4.0,,,0 days 00:00:24.677000,0 days 00:00:24.031000,0 days 00:00:21.818000,0 days 01:03:45.165000,0 days 01:04:09.196000,0 days 01:04:31.014000,276.0,284.0,299.0,304.0,True,SOFT,2.0,True,Red Bull Racing,0 days 01:03:20.488000,,1,,False,,False,True
2021-13,FP3,0 days 01:06:34.062000,PER,11,0 days 00:02:03.048000,13.0,4.0,,,0 days 00:00:40.905000,0 days 00:00:49.865000,0 days 00:00:32.278000,0 days 01:05:11.919000,0 days 01:06:01.784000,0 days 01:06:34.062000,196.0,173.0,297.0,239.0,False,SOFT,3.0,True,Red Bull Racing,0 days 01:04:31.014000,,1,,False,,False,True
2021-13,FP3,0 days 01:07:44.809000,PER,11,0 days 00:01:10.747000,14.0,4.0,,,0 days 00:00:24.748000,0 days 00:00:24.218000,0 days 00:00:21.781000,0 days 01:06:58.810000,0 days 01:07:23.028000,0 days 01:07:44.809000,276.0,285.0,298.0,306.0,False,SOFT,4.0,True,Red Bull Racing,0 days 01:06:34.062000,,1,,False,,False,True
2021-13,FP3,0 days 01:09:55.188000,PER,11,0 days 00:02:10.379000,15.0,4.0,,,0 days 00:00:41.722000,0 days 00:00:50.725000,0 days 00:00:37.932000,0 days 01:08:26.531000,0 days 01:09:17.256000,0 days 01:09:55.188000,152.0,151.0,209.0,257.0,False,SOFT,5.0,True,Red Bull Racing,0 days 01:07:44.809000,,1,,False,,False,True
2021-13,FP3,0 days 01:11:50.217000,PER,11,0 days 00:01:55.029000,16.0,4.0,,,0 days 00:00:41.331000,0 days 00:00:44.055000,0 days 00:00:29.643000,0 days 01:10:36.519000,0 days 01:11:20.574000,0 days 01:11:50.217000,184.0,195.0,292.0,199.0,False,SOFT,6.0,True,Red Bull Racing,0 days 01:09:55.188000,,1,,False,,False,True
2021-13,FP3,0 days 01:13:01.697000,PER,11,0 days 00:01:11.480000,17.0,4.0,,,0 days 00:00:25.005000,0 days 00:00:24.423000,0 days 00:00:22.052000,0 days 01:12:15.222000,0 days 01:12:39.645000,0 days 01:13:01.697000,270.0,280.0,294.0,299.0,False,SOFT,7.0,True,Red Bull Racing,0 days 01:11:50.217000,,1,,False,,False,True
2021-13,FP3,0 days 01:14:44.688000,PER,11,0 days 00:01:42.991000,18.0,4.0,,,0 days 00:00:37.227000,0 days 00:00:36.735000,0 days 00:00:29.029000,0 days 01:13:38.924000,0 days 01:14:15.659000,0 days 01:14:44.688000,225.0,231.0,207.0,247.0,False,SOFT,8.0,True,Red Bull Racing,0 days 01:13:01.697000,,1,,False,,False,True
2021-13,FP3,0 days 01:17:13.001000,PER,11,0 days 00:02:28.313000,19.0,4.0,,,0 days 00:00:41.910000,0 days 00:00:38.078000,0 days 00:01:08.325000,0 days 01:15:26.598000,0 days 01:16:04.676000,0 days 01:17:13.001000,157.0,243.0,64.0,169.0,False,SOFT,9.0,True,Red Bull Racing,0 days 01:14:44.688000,,1,,False,,False,True
2021-13,FP3,0 days 01:18:43.499000,PER,11,0 days 00:01:30.498000,20.0,4.0,,0 days 01:18:41.969000,0 days 00:00:32.155000,0 days 00:00:26.608000,0 days 00:00:31.735000,0 days 01:17:45.156000,0 days 01:18:11.764000,0 days 01:18:43.499000,250.0,245.0,,237.0,False,SOFT,10.0,True,Red Bull Racing,0 days 01:17:13.001000,,1,,False,,False,False
2021-13,FP3,0 days 00:25:56.539000,ALO,14,,1.0,1.0,0 days 00:24:28.143000,,,0 days 00:00:31.558000,0 days 00:00:25.029000,,0 days 00:25:31.553000,0 days 00:25:56.656000,241.0,256.0,299.0,,False,MEDIUM,1.0,True,Alpine,0 days 00:24:28.143000,,1,,False,,False,False
2021-13,FP3,0 days 00:27:08.535000,ALO,14,0 days 00:01:11.996000,2.0,1.0,,,0 days 00:00:25,0 days 00:00:24.711000,0 days 00:00:22.285000,0 days 00:26:21.539000,0 days 00:26:46.250000,0 days 00:27:08.535000,270.0,283.0,299.0,306.0,True,MEDIUM,2.0,True,Alpine,0 days 00:25:56.539000,,1,,False,,False,True
2021-13,FP3,0 days 00:28:47.794000,ALO,14,0 days 00:01:39.259000,3.0,1.0,,,0 days 00:00:34.439000,0 days 00:00:34.138000,0 days 00:00:30.682000,0 days 00:27:42.974000,0 days 00:28:17.112000,0 days 00:28:47.794000,204.0,253.0,297.0,221.0,False,MEDIUM,3.0,True,Alpine,0 days 00:27:08.535000,,1,,False,,False,True
2021-13,FP3,0 days 00:29:59.499000,ALO,14,0 days 00:01:11.705000,4.0,1.0,,,0 days 00:00:24.956000,0 days 00:00:24.598000,0 days 00:00:22.151000,0 days 00:29:12.750000,0 days 00:29:37.348000,0 days 00:29:59.499000,273.0,282.0,299.0,306.0,True,MEDIUM,4.0,True,Alpine,0 days 00:28:47.794000,,1,,False,,False,True
2021-13,FP3,0 days 00:31:55.818000,ALO,14,0 days 00:01:56.319000,5.0,1.0,,,0 days 00:00:38.783000,0 days 00:00:43.219000,0 days 00:00:34.317000,0 days 00:30:38.282000,0 days 00:31:21.501000,0 days 00:31:55.818000,139.0,126.0,300.0,221.0,False,MEDIUM,5.0,True,Alpine,0 days 00:29:59.499000,,1,,False,,False,True
2021-13,FP3,0 days 00:33:07.825000,ALO,14,0 days 00:01:12.007000,6.0,1.0,,,0 days 00:00:25.168000,0 days 00:00:24.673000,0 days 00:00:22.166000,0 days 00:32:20.986000,0 days 00:32:45.659000,0 days 00:33:07.825000,267.0,283.0,298.0,308.0,False,MEDIUM,6.0,True,Alpine,0 days 00:31:55.818000,,1,,False,,False,True
2021-13,FP3,0 days 00:51:17.506000,ALO,14,,7.0,1.0,,0 days 00:34:56.735000,,,,,,,,,,218.0,False,MEDIUM,7.0,True,Alpine,0 days 00:33:07.825000,,125,,False,,False,False
2021-13,FP3,0 days 00:52:46,ALO,14,,8.0,2.0,0 days 00:51:17.506000,,,0 days 00:00:31.279000,0 days 00:00:25.925000,,0 days 00:52:20.085000,0 days 00:52:46.121000,199.0,268.0,301.0,218.0,False,SOFT,1.0,True,Alpine,0 days 00:51:17.506000,,1,,False,,False,False
2021-13,FP3,0 days 00:53:56.670000,ALO,14,0 days 00:01:10.670000,9.0,2.0,,,0 days 00:00:24.586000,0 days 00:00:24.253000,0 days 00:00:21.831000,0 days 00:53:10.586000,0 days 00:53:34.839000,0 days 00:53:56.670000,272.0,287.0,302.0,309.0,True,SOFT,2.0,True,Alpine,0 days 00:52:46,,1,,False,,False,True
2021-13,FP3,0 days 00:55:40.276000,ALO,14,0 days 00:01:43.606000,10.0,2.0,,,0 days 00:00:35.991000,0 days 00:00:39.944000,0 days 00:00:27.671000,0 days 00:54:32.661000,0 days 00:55:12.605000,0 days 00:55:40.276000,173.0,232.0,300.0,216.0,False,SOFT,3.0,True,Alpine,0 days 00:53:56.670000,,1,,False,,False,True
2021-13,FP3,0 days 00:56:51.612000,ALO,14,0 days 00:01:11.336000,11.0,2.0,,,0 days 00:00:24.900000,0 days 00:00:24.460000,0 days 00:00:21.976000,0 days 00:56:05.176000,0 days 00:56:29.636000,0 days 00:56:51.612000,271.0,285.0,298.0,307.0,False,SOFT,4.0,True,Alpine,0 days 00:55:40.276000,,12,,False,,False,True
2021-13,FP3,0 days 00:58:29.339000,ALO,14,0 days 00:01:37.727000,12.0,2.0,,0 days 00:58:27.736000,0 days 00:00:38.047000,0 days 00:00:31.433000,0 days 00:00:28.247000,0 days 00:57:29.659000,0 days 00:58:01.092000,0 days 00:58:29.339000,148.0,229.0,,186.0,False,SOFT,5.0,True,Alpine,0 days 00:56:51.612000,,1,,False,,False,False
2021-13,FP3,0 days 01:00:14.041000,ALO,14,0 days 00:01:44.702000,13.0,3.0,0 days 00:58:46.973000,0 days 01:00:14.007000,0 days 00:00:45.990000,0 days 00:00:29.149000,0 days 00:00:29.563000,0 days 00:59:15.329000,0 days 00:59:44.478000,0 days 01:00:14.041000,259.0,232.0,,186.0,False,MEDIUM,8.0,False,Alpine,0 days 00:58:29.339000,,1,,False,,False,False
2021-13,FP3,0 days 01:13:47.204000,ALO,14,,14.0,4.0,0 days 01:12:12.915000,,,0 days 00:00:30.507000,0 days 00:00:29.589000,,0 days 01:13:18.038000,0 days 01:13:47.307000,185.0,204.0,222.0,186.0,False,SOFT,6.0,False,Alpine,0 days 01:00:14.041000,,1,,False,,False,False
2021-13,FP3,0 days 01:15:28.745000,ALO,14,0 days 00:01:41.541000,15.0,4.0,,,0 days 00:00:33.406000,0 days 00:00:28.583000,0 days 00:00:39.552000,0 days 01:14:20.610000,0 days 01:14:49.193000,0 days 01:15:28.745000,251.0,247.0,63.0,182.0,False,SOFT,7.0,False,Alpine,0 days 01:13:47.204000,,1,,False,,False,True
2021-13,FP3,0 days 01:17:16.558000,ALO,14,0 days 00:01:47.813000,16.0,4.0,,0 days 01:17:15.781000,0 days 00:00:46.699000,0 days 00:00:27.410000,0 days 00:00:33.704000,0 days 01:16:15.444000,0 days 01:16:42.854000,0 days 01:17:16.558000,267.0,250.0,,216.0,False,SOFT,8.0,False,Alpine,0 days 01:15:28.745000,,1,,False,,False,False
2021-13,FP3,0 days 00:28:08.716000,LEC,16,,1.0,1.0,0 days 00:26:28.475000,,,0 days 00:00:34.428000,0 days 00:00:31.052000,,0 days 00:27:37.698000,0 days 00:28:08.835000,238.0,260.0,298.0,,False,MEDIUM,1.0,True,Ferrari,0 days 00:26:28.475000,,1,,False,,False,False
2021-13,FP3,0 days 00:29:20.484000,LEC,16,0 days 00:01:11.768000,2.0,1.0,,,0 days 00:00:25.157000,0 days 00:00:24.410000,0 days 00:00:22.201000,0 days 00:28:33.873000,0 days 00:28:58.283000,0 days 00:29:20.484000,273.0,281.0,297.0,306.0,True,MEDIUM,2.0,True,Ferrari,0 days 00:28:08.716000,,1,,False,,False,True
2021-13,FP3,0 days 00:31:14.991000,LEC,16,0 days 00:01:54.507000,3.0,1.0,,,0 days 00:00:41.616000,0 days 00:00:45.247000,0 days 00:00:27.644000,0 days 00:30:02.100000,0 days 00:30:47.347000,0 days 00:31:14.991000,132.0,212.0,295.0,253.0,False,MEDIUM,3.0,True,Ferrari,0 days 00:29:20.484000,,1,,False,,False,True
2021-13,FP3,0 days 00:32:26.803000,LEC,16,0 days 00:01:11.812000,4.0,1.0,,,0 days 00:00:25.059000,0 days 00:00:24.533000,0 days 00:00:22.220000,0 days 00:31:40.050000,0 days 00:32:04.583000,0 days 00:32:26.803000,270.0,281.0,298.0,304.0,False,MEDIUM,4.0,True,Ferrari,0 days 00:31:14.991000,,1,,False,,False,True
2021-13,FP3,0 days 00:47:22.551000,LEC,16,,5.0,1.0,,0 days 00:34:25.916000,0 days 00:00:40.458000,,,0 days 00:33:07.307000,,,138.0,,,255.0,False,MEDIUM,5.0,True,Ferrari,0 days 00:32:26.803000,,125,,False,,False,False
2021-13,FP3,0 days 00:48:55.376000,LEC,16,,6.0,2.0,0 days 00:47:22.551000,,,0 days 00:00:30.999000,0 days 00:00:28.962000,,0 days 00:48:26.416000,0 days 00:48:56.568000,252.0,201.0,295.0,255.0,False,MEDIUM,6.0,False,Ferrari,0 days 00:47:22.551000,,1,,False,,False,False
2021-13,FP3,0 days 00:50:07.884000,LEC,16,0 days 00:01:12.508000,7.0,2.0,,,0 days 00:00:25.250000,0 days 00:00:24.992000,0 days 00:00:22.266000,0 days 00:49:20.626000,0 days 00:49:45.618000,0 days 00:50:07.884000,271.0,279.0,302.0,304.0,False,MEDIUM,7.0,False,Ferrari,0 days 00:48:55.376000,,1,,False,,False,True
2021-13,FP3,0 days 00:51:37.333000,LEC,16,0 days 00:01:29.449000,8.0,2.0,,0 days 00:51:36.043000,0 days 00:00:31.940000,0 days 00:00:27.895000,0 days 00:00:29.614000,0 days 00:50:39.824000,0 days 00:51:07.719000,0 days 00:51:37.333000,243.0,248.0,,307.0,False,MEDIUM,8.0,False,Ferrari,0 days 00:50:07.884000,,1,,False,,False,False
2021-13,FP3,0 days 00:53:42.298000,LEC,16,0 days 00:02:04.965000,9.0,3.0,0 days 00:52:12.655000,0 days 00:53:40.669000,0 days 00:01:07.281000,0 days 00:00:29.287000,0 days 00:00:28.397000,0 days 00:52:44.614000,0 days 00:53:13.901000,0 days 00:53:42.298000,247.0,199.0,,307.0,False,MEDIUM,9.0,False,Ferrari,0 days 00:51:37.333000,,1,,False,,False,False
2021-13,FP3,0 days 01:00:08.862000,LEC,16,,10.0,4.0,0 days 00:58:35.822000,,,0 days 00:00:34.225000,0 days 00:00:26.953000,,0 days 00:59:43.512000,0 days 01:00:08.992000,231.0,261.0,296.0,307.0,False,SOFT,1.0,True,Ferrari,0 days 00:53:42.298000,,12,,False,,False,False
2021-13,FP3,0 days 01:01:19.758000,LEC,16,0 days 00:01:10.896000,11.0,4.0,,,0 days 00:00:24.809000,0 days 00:00:24.175000,0 days 00:00:21.912000,0 days 01:00:33.671000,0 days 01:00:57.846000,0 days 01:01:19.758000,273.0,285.0,301.0,304.0,True,SOFT,2.0,True,Ferrari,0 days 01:00:08.862000,,1,,False,,False,True
2021-13,FP3,0 days 01:03:09.439000,LEC,16,0 days 00:01:49.681000,12.0,4.0,,,0 days 00:00:34.938000,0 days 00:00:41.600000,0 days 00:00:33.143000,0 days 01:01:54.696000,0 days 01:02:36.296000,0 days 01:03:09.439000,141.0,204.0,264.0,277.0,False,SOFT,3.0,True,Ferrari,0 days 01:01:19.758000,,1,,False,,False,True
2021-13,FP3,0 days 01:04:43.843000,LEC,16,0 days 00:01:34.404000,13.0,4.0,,,0 days 00:00:33.678000,0 days 00:00:34.479000,0 days 00:00:26.247000,0 days 01:03:43.117000,0 days 01:04:17.596000,0 days 01:04:43.843000,166.0,256.0,296.0,263.0,False,SOFT,4.0,True,Ferrari,0 days 01:03:09.439000,,1,,False,,False,True
2021-13,FP3,0 days 01:05:54.924000,LEC,16,0 days 00:01:11.081000,14.0,4.0,,,0 days 00:00:24.973000,0 days 00:00:24.234000,0 days 00:00:21.874000,0 days 01:05:08.816000,0 days 01:05:33.050000,0 days 01:05:54.924000,273.0,283.0,301.0,302.0,False,SOFT,5.0,True,Ferrari,0 days 01:04:43.843000,,1,,False,,False,True
2021-13,FP3,0 days 01:07:34.580000,LEC,16,0 days 00:01:39.656000,15.0,4.0,,0 days 01:07:32.920000,0 days 00:00:30.184000,0 days 00:00:33.431000,0 days 00:00:36.041000,0 days 01:06:25.108000,0 days 01:06:58.539000,0 days 01:07:34.580000,189.0,225.0,,304.0,False,SOFT,6.0,True,Ferrari,0 days 01:05:54.924000,,1,,False,,False,False
2021-13,FP3,0 days 01:09:43.286000,LEC,16,0 days 00:02:08.706000,16.0,5.0,0 days 01:08:11.274000,,0 days 00:01:11.923000,0 days 00:00:31.333000,0 days 00:00:25.450000,0 days 01:08:46.503000,0 days 01:09:17.836000,0 days 01:09:43.286000,173.0,204.0,294.0,304.0,False,SOFT,7.0,False,Ferrari,0 days 01:07:34.580000,,1,,False,,False,False
2021-13,FP3,0 days 01:11:07.345000,LEC,16,0 days 00:01:24.059000,17.0,5.0,,0 days 01:11:05.455000,0 days 00:00:24.757000,0 days 00:00:24.428000,0 days 00:00:34.874000,0 days 01:10:08.043000,0 days 01:10:32.471000,0 days 01:11:07.345000,272.0,286.0,,301.0,False,SOFT,8.0,False,Ferrari,0 days 01:09:43.286000,,1,,False,,False,False
2021-13,FP3,0 days 01:14:45.036000,LEC,16,,18.0,6.0,0 days 01:13:23.894000,,,0 days 00:00:25.741000,0 days 00:00:24.404000,,0 days 01:14:20.632000,0 days 01:14:45.091000,269.0,279.0,250.0,301.0,False,SOFT,9.0,False,Ferrari,0 days 01:11:07.345000,,1,,False,,False,False
2021-13,FP3,0 days 01:17:16.841000,LEC,16,,19.0,6.0,,,0 days 00:00:27.200000,0 days 00:00:30.259000,0 days 00:01:34.381000,0 days 01:15:12.229000,0 days 01:15:45.983000,0 days 01:17:17.268000,223.0,182.0,88.0,276.0,False,SOFT,10.0,False,Ferrari,0 days 01:14:45.036000,,1,,False,,False,False
2021-13,FP3,0 days 01:18:45.323000,LEC,16,0 days 00:01:28.482000,20.0,6.0,,0 days 01:18:45.286000,0 days 00:00:28.601000,0 days 00:00:27.183000,0 days 00:00:32.698000,0 days 01:17:45.442000,0 days 01:18:12.625000,0 days 01:18:45.323000,249.0,202.0,,242.0,False,SOFT,11.0,False,Ferrari,0 days 01:17:16.841000,,1,,False,,False,False
2021-13,FP3,0 days 00:30:46.831000,STR,18,,1.0,1.0,0 days 00:29:18.755000,,,0 days 00:00:27.944000,0 days 00:00:31.211000,,0 days 00:30:15.667000,0 days 00:30:46.954000,255.0,265.0,292.0,,False,MEDIUM,1.0,True,Aston Martin,0 days 00:29:18.755000,,1,,False,,False,False
2021-13,FP3,0 days 00:31:59.528000,STR,18,0 days 00:01:12.697000,2.0,1.0,,,0 days 00:00:25.532000,0 days 00:00:24.674000,0 days 00:00:22.491000,0 days 00:31:12.363000,0 days 00:31:37.037000,0 days 00:31:59.528000,266.0,283.0,299.0,303.0,True,MEDIUM,2.0,True,Aston Martin,0 days 00:30:46.831000,,1,,False,,False,True
2021-13,FP3,0 days 00:44:58.752000,STR,18,,3.0,1.0,,0 days 00:35:30.460000,0 days 00:00:29.826000,0 days 00:00:38.526000,,0 days 00:32:29.349000,0 days 00:33:07.893000,,156.0,156.0,,278.0,False,MEDIUM,3.0,True,Aston Martin,0 days 00:31:59.528000,,125,,False,,False,False
2021-13,FP3,0 days 00:46:35.776000,STR,18,,4.0,2.0,0 days 00:44:58.736000,,,0 days 00:00:27.290000,0 days 00:00:28.128000,,0 days 00:46:07.669000,0 days 00:46:35.923000,249.0,265.0,282.0,278.0,False,MEDIUM,4.0,False,Aston Martin,0 days 00:44:58.736000,,1,,False,,False,False
2021-13,FP3,0 days 00:48:04.525000,STR,18,0 days 00:01:28.749000,5.0,2.0,,,0 days 00:00:26.879000,0 days 00:00:29.391000,0 days 00:00:32.479000,0 days 00:47:02.655000,0 days 00:47:32.046000,0 days 00:48:04.525000,258.0,268.0,294.0,289.0,False,MEDIUM,5.0,False,Aston Martin,0 days 00:46:35.776000,,1,,False,,False,True
2021-13,FP3,0 days 00:49:17.225000,STR,18,0 days 00:01:12.700000,6.0,2.0,,,0 days 00:00:25.220000,0 days 00:00:24.822000,0 days 00:00:22.658000,0 days 00:48:29.745000,0 days 00:48:54.567000,0 days 00:49:17.225000,268.0,281.0,301.0,306.0,False,MEDIUM,6.0,False,Aston Martin,0 days 00:48:04.525000,,1,,False,,False,True
2021-13,FP3,0 days 00:50:59.785000,STR,18,0 days 00:01:42.560000,7.0,2.0,,,0 days 00:00:37.394000,0 days 00:00:36.982000,0 days 00:00:28.184000,0 days 00:49:54.619000,0 days 00:50:31.601000,0 days 00:50:59.785000,127.0,244.0,295.0,257.0,False,MEDIUM,7.0,False,Aston Martin,0 days 00:49:17.225000,,1,,False,,False,True
2021-13,FP3,0 days 00:52:12.276000,STR,18,0 days 00:01:12.491000,8.0,2.0,,,0 days 00:00:25.286000,0 days 00:00:24.693000,0 days 00:00:22.512000,0 days 00:51:25.071000,0 days 00:51:49.764000,0 days 00:52:12.276000,269.0,283.0,299.0,305.0,True,MEDIUM,8.0,False,Aston Martin,0 days 00:50:59.785000,,1,,False,,False,True
2021-13,FP3,0 days 00:53:37.225000,STR,18,0 days 00:01:24.949000,9.0,2.0,,0 days 00:53:35.953000,0 days 00:00:29.794000,0 days 00:00:27.813000,0 days 00:00:27.342000,0 days 00:52:42.070000,0 days 00:53:09.883000,0 days 00:53:37.225000,249.0,263.0,,298.0,False,MEDIUM,9.0,False,Aston Martin,0 days 00:52:12.276000,,1,,False,,False,False
2021-13,FP3,0 days 00:55:18.504000,STR,18,0 days 00:01:41.279000,10.0,3.0,0 days 00:53:56.322000,0 days 00:55:17.256000,0 days 00:00:46.378000,0 days 00:00:27.372000,0 days 00:00:27.529000,0 days 00:54:23.603000,0 days 00:54:50.975000,0 days 00:55:18.504000,254.0,266.0,,298.0,False,MEDIUM,10.0,False,Aston Martin,0 days 00:53:37.225000,,1,,False,,False,False
2021-13,FP3,0 days 01:05:06.356000,STR,18,,11.0,4.0,0 days 01:03:29.985000,,,0 days 00:00:33.687000,0 days 00:00:28.845000,,0 days 01:04:37.530000,0 days 01:05:06.496000,194.0,270.0,294.0,298.0,False,SOFT,1.0,True,Aston Martin,0 days 00:55:18.504000,,12,,False,,False,False
2021-13,FP3,0 days 01:06:17.198000,STR,18,0 days 00:01:10.842000,12.0,4.0,,,0 days 00:00:24.678000,0 days 00:00:24.174000,0 days 00:00:21.990000,0 days 01:05:31.034000,0 days 01:05:55.208000,0 days 01:06:17.198000,278.0,289.0,305.0,304.0,True,SOFT,2.0,True,Aston Martin,0 days 01:05:06.356000,,1,,False,,False,True
2021-13,FP3,0 days 01:08:10.711000,STR,18,0 days 00:01:53.513000,13.0,4.0,,,0 days 00:00:34.682000,0 days 00:00:38.144000,0 days 00:00:40.687000,0 days 01:06:51.880000,0 days 01:07:30.024000,0 days 01:08:10.711000,171.0,185.0,270.0,262.0,False,SOFT,3.0,True,Aston Martin,0 days 01:06:17.198000,,1,,False,,False,True
2021-13,FP3,0 days 01:09:49.564000,STR,18,0 days 00:01:38.853000,14.0,4.0,,,0 days 00:00:32.552000,0 days 00:00:34.927000,0 days 00:00:31.374000,0 days 01:08:43.263000,0 days 01:09:18.190000,0 days 01:09:49.564000,188.0,203.0,292.0,210.0,False,SOFT,4.0,True,Aston Martin,0 days 01:08:10.711000,,1,,False,,False,True
2021-13,FP3,0 days 01:11:01.723000,STR,18,0 days 00:01:12.159000,15.0,4.0,,,0 days 00:00:25.131000,0 days 00:00:24.568000,0 days 00:00:22.460000,0 days 01:10:14.695000,0 days 01:10:39.263000,0 days 01:11:01.723000,271.0,285.0,305.0,299.0,False,SOFT,5.0,True,Aston Martin,0 days 01:09:49.564000,,1,,False,,False,True
2021-13,FP3,0 days 01:12:27.860000,STR,18,0 days 00:01:26.137000,16.0,4.0,,0 days 01:12:26.790000,0 days 00:00:29.279000,0 days 00:00:29.044000,0 days 00:00:27.814000,0 days 01:11:31.002000,0 days 01:12:00.046000,0 days 01:12:27.860000,250.0,260.0,,234.0,False,SOFT,6.0,True,Aston Martin,0 days 01:11:01.723000,,1,,False,,False,False
2021-13,FP3,0 days 01:14:06.688000,STR,18,0 days 00:01:38.828000,17.0,5.0,0 days 01:12:44.551000,,0 days 00:00:43.339000,0 days 00:00:27.268000,0 days 00:00:28.221000,0 days 01:13:11.199000,0 days 01:13:38.467000,0 days 01:14:06.688000,266.0,280.0,242.0,234.0,False,SOFT,7.0,False,Aston Martin,0 days 01:12:27.860000,,1,,False,,False,False
2021-13,FP3,0 days 01:15:57.943000,STR,18,0 days 00:01:51.255000,18.0,5.0,,,0 days 00:00:30.891000,0 days 00:00:36.707000,0 days 00:00:43.657000,0 days 01:14:37.579000,0 days 01:15:14.286000,0 days 01:15:57.943000,180.0,172.0,56.0,206.0,False,SOFT,8.0,False,Aston Martin,0 days 01:14:06.688000,,1,,False,,False,True
2021-13,FP3,0 days 01:17:51.097000,STR,18,0 days 00:01:53.154000,19.0,5.0,,0 days 01:17:49.188000,0 days 00:00:52.096000,0 days 00:00:27.892000,0 days 00:00:33.166000,0 days 01:16:50.039000,0 days 01:17:17.931000,0 days 01:17:51.097000,251.0,256.0,,215.0,False,SOFT,9.0,False,Aston Martin,0 days 01:15:57.943000,,1,,False,,False,False
2021-13,FP3,0 days 00:16:17.478000,TSU,22,,1.0,1.0,0 days 00:14:38.605000,,,0 days 00:00:32.966000,0 days 00:00:26.384000,,0 days 00:15:51.139000,0 days 00:16:20.197000,250.0,256.0,290.0,,False,MEDIUM,1.0,True,AlphaTauri,0 days 00:14:38.605000,,1,,False,,False,False
2021-13,FP3,0 days 00:17:33.125000,TSU,22,0 days 00:01:15.647000,2.0,1.0,,,0 days 00:00:26.431000,0 days 00:00:26.075000,0 days 00:00:23.141000,0 days 00:16:43.909000,0 days 00:17:09.984000,0 days 00:17:33.125000,265.0,277.0,291.0,299.0,True,MEDIUM,2.0,True,AlphaTauri,0 days 00:16:17.478000,,1,,False,,False,True
2021-13,FP3,0 days 00:19:19.548000,TSU,22,0 days 00:01:46.423000,3.0,1.0,,,0 days 00:00:37.508000,0 days 00:00:38.620000,0 days 00:00:30.295000,0 days 00:18:10.633000,0 days 00:18:49.253000,0 days 00:19:19.548000,107.0,244.0,294.0,209.0,False,MEDIUM,3.0,True,AlphaTauri,0 days 00:17:33.125000,,1,,False,,False,True
2021-13,FP3,0 days 00:20:33.874000,TSU,22,0 days 00:01:14.326000,4.0,1.0,,,0 days 00:00:26.163000,0 days 00:00:25.468000,0 days 00:00:22.695000,0 days 00:19:45.711000,0 days 00:20:11.179000,0 days 00:20:33.874000,267.0,280.0,294.0,301.0,True,MEDIUM,4.0,True,AlphaTauri,0 days 00:19:19.548000,,1,,False,,False,True
2021-13,FP3,0 days 00:22:13.755000,TSU,22,0 days 00:01:39.881000,5.0,1.0,,,0 days 00:00:36.503000,0 days 00:00:36.927000,0 days 00:00:26.451000,0 days 00:21:10.377000,0 days 00:21:47.304000,0 days 00:22:13.755000,228.0,242.0,294.0,207.0,False,MEDIUM,5.0,True,AlphaTauri,0 days 00:20:33.874000,,1,,False,,False,True
2021-13,FP3,0 days 00:23:27.148000,TSU,22,0 days 00:01:13.393000,6.0,1.0,,,0 days 00:00:25.683000,0 days 00:00:25.111000,0 days 00:00:22.599000,0 days 00:22:39.438000,0 days 00:23:04.549000,0 days 00:23:27.148000,266.0,281.0,293.0,302.0,True,MEDIUM,6.0,True,AlphaTauri,0 days 00:22:13.755000,,1,,False,,False,True
2021-13,FP3,0 days 00:25:13.606000,TSU,22,0 days 00:01:46.458000,7.0,1.0,,,0 days 00:00:38.893000,0 days 00:00:35.838000,0 days 00:00:31.727000,0 days 00:24:06.041000,0 days 00:24:41.879000,0 days 00:25:13.606000,177.0,241.0,295.0,228.0,False,MEDIUM,7.0,True,AlphaTauri,0 days 00:23:27.148000,,1,,False,,False,True
2021-13,FP3,0 days 00:26:27.407000,TSU,22,0 days 00:01:13.801000,8.0,1.0,,,0 days 00:00:25.837000,0 days 00:00:25.268000,0 days 00:00:22.696000,0 days 00:25:39.443000,0 days 00:26:04.711000,0 days 00:26:27.407000,266.0,279.0,293.0,301.0,False,MEDIUM,8.0,True,AlphaTauri,0 days 00:25:13.606000,,1,,False,,False,True
2021-13,FP3,0 days 00:28:14.825000,TSU,22,0 days 00:01:47.418000,9.0,1.0,,,0 days 00:00:35.152000,0 days 00:00:35.485000,0 days 00:00:36.781000,0 days 00:27:02.559000,0 days 00:27:38.044000,0 days 00:28:14.825000,246.0,233.0,299.0,201.0,False,MEDIUM,9.0,True,AlphaTauri,0 days 00:26:27.407000,,1,,False,,False,True
2021-13,FP3,0 days 00:29:27.626000,TSU,22,0 days 00:01:12.801000,10.0,1.0,,,0 days 00:00:25.332000,0 days 00:00:25.066000,0 days 00:00:22.403000,0 days 00:28:40.157000,0 days 00:29:05.223000,0 days 00:29:27.626000,275.0,284.0,301.0,306.0,True,MEDIUM,10.0,True,AlphaTauri,0 days 00:28:14.825000,,1,,False,,False,True
2021-13,FP3,0 days 00:31:03.810000,TSU,22,0 days 00:01:36.184000,11.0,1.0,,0 days 00:31:02.216000,0 days 00:00:33.066000,0 days 00:00:32.816000,0 days 00:00:30.302000,0 days 00:30:00.692000,0 days 00:30:33.508000,0 days 00:31:03.810000,212.0,244.0,,229.0,False,MEDIUM,11.0,True,AlphaTauri,0 days 00:29:27.626000,,1,,False,,False,False
2021-13,FP3,0 days 00:46:54.577000,TSU,22,,12.0,2.0,0 days 00:45:02.798000,,,0 days 00:00:30.062000,0 days 00:00:33.213000,,0 days 00:46:21.380000,0 days 00:46:54.707000,263.0,258.0,294.0,229.0,False,MEDIUM,12.0,False,AlphaTauri,0 days 00:45:02.798000,,1,,False,,False,False
2021-13,FP3,0 days 00:48:08.370000,TSU,22,0 days 00:01:13.793000,13.0,2.0,,,0 days 00:00:25.860000,0 days 00:00:25.309000,0 days 00:00:22.624000,0 days 00:47:20.437000,0 days 00:47:45.746000,0 days 00:48:08.370000,267.0,280.0,297.0,303.0,False,MEDIUM,13.0,False,AlphaTauri,0 days 00:46:54.577000,,1,,False,,False,True
2021-13,FP3,0 days 00:49:48.138000,TSU,22,0 days 00:01:39.768000,14.0,2.0,,,0 days 00:00:35.152000,0 days 00:00:36.332000,0 days 00:00:28.284000,0 days 00:48:43.522000,0 days 00:49:19.854000,0 days 00:49:48.138000,225.0,238.0,286.0,224.0,False,MEDIUM,14.0,False,AlphaTauri,0 days 00:48:08.370000,,1,,False,,False,True
2021-13,FP3,0 days 00:51:01.137000,TSU,22,0 days 00:01:12.999000,15.0,2.0,,,0 days 00:00:25.506000,0 days 00:00:25.028000,0 days 00:00:22.465000,0 days 00:50:13.644000,0 days 00:50:38.672000,0 days 00:51:01.137000,272.0,284.0,305.0,300.0,False,MEDIUM,15.0,False,AlphaTauri,0 days 00:49:48.138000,,1,,False,,False,True
2021-13,FP3,0 days 00:52:39.630000,TSU,22,0 days 00:01:38.493000,16.0,2.0,,,0 days 00:00:32.950000,0 days 00:00:38.497000,0 days 00:00:27.046000,0 days 00:51:34.087000,0 days 00:52:12.584000,0 days 00:52:39.630000,179.0,246.0,295.0,256.0,False,MEDIUM,16.0,False,AlphaTauri,0 days 00:51:01.137000,,1,,False,,False,True
2021-13,FP3,0 days 00:53:53.140000,TSU,22,0 days 00:01:13.510000,17.0,2.0,,,0 days 00:00:25.623000,0 days 00:00:25.252000,0 days 00:00:22.635000,0 days 00:53:05.253000,0 days 00:53:30.505000,0 days 00:53:53.140000,268.0,281.0,292.0,301.0,False,MEDIUM,17.0,False,AlphaTauri,0 days 00:52:39.630000,,1,,False,,False,True
2021-13,FP3,0 days 00:55:28.387000,TSU,22,0 days 00:01:35.247000,18.0,2.0,,,0 days 00:00:34.272000,0 days 00:00:35.008000,0 days 00:00:25.967000,0 days 00:54:27.412000,0 days 00:55:02.420000,0 days 00:55:28.387000,197.0,237.0,295.0,181.0,False,MEDIUM,18.0,False,AlphaTauri,0 days 00:53:53.140000,,1,,False,,False,True
2021-13,FP3,0 days 00:56:41.579000,TSU,22,0 days 00:01:13.192000,19.0,2.0,,,0 days 00:00:25.595000,0 days 00:00:25.074000,0 days 00:00:22.523000,0 days 00:55:53.982000,0 days 00:56:19.056000,0 days 00:56:41.579000,269.0,282.0,296.0,300.0,False,MEDIUM,19.0,False,AlphaTauri,0 days 00:55:28.387000,,12,,False,,False,True
2021-13,FP3,0 days 00:58:12.380000,TSU,22,0 days 00:01:30.801000,20.0,2.0,,0 days 00:58:12.227000,0 days 00:00:30.559000,0 days 00:00:31.302000,0 days 00:00:28.940000,0 days 00:57:12.138000,0 days 00:57:43.440000,0 days 00:58:12.380000,246.0,246.0,,233.0,False,MEDIUM,20.0,False,AlphaTauri,0 days 00:56:41.579000,,21,,False,,False,False
2021-13,FP3,0 days 01:04:55.556000,TSU,22,,21.0,3.0,0 days 01:03:20.091000,,,0 days 00:00:33.390000,0 days 00:00:25.685000,,0 days 01:04:29.951000,0 days 01:04:56.514000,184.0,264.0,294.0,233.0,False,SOFT,1.0,True,AlphaTauri,0 days 00:58:12.380000,,1,,False,,False,False
2021-13,FP3,0 days 01:06:07.632000,TSU,22,0 days 00:01:12.076000,22.0,3.0,,,0 days 00:00:25.156000,0 days 00:00:24.696000,0 days 00:00:22.224000,0 days 01:05:20.712000,0 days 01:05:45.408000,0 days 01:06:07.632000,273.0,284.0,294.0,301.0,True,SOFT,2.0,True,AlphaTauri,0 days 01:04:55.556000,,1,,False,,False,True
2021-13,FP3,0 days 01:07:58.214000,TSU,22,0 days 00:01:50.582000,23.0,3.0,,,0 days 00:00:35.412000,0 days 00:00:38.952000,0 days 00:00:36.218000,0 days 01:06:43.044000,0 days 01:07:21.996000,0 days 01:07:58.214000,215.0,169.0,294.0,263.0,False,SOFT,3.0,True,AlphaTauri,0 days 01:06:07.632000,,1,,False,,False,True
2021-13,FP3,0 days 01:09:10.194000,TSU,22,0 days 00:01:11.980000,24.0,3.0,,,0 days 00:00:25.292000,0 days 00:00:24.538000,0 days 00:00:22.150000,0 days 01:08:23.506000,0 days 01:08:48.044000,0 days 01:09:10.194000,268.0,281.0,292.0,300.0,True,SOFT,4.0,True,AlphaTauri,0 days 01:07:58.214000,,1,,False,,False,True
2021-13,FP3,0 days 01:11:07.641000,TSU,22,0 days 00:01:57.447000,25.0,3.0,,,0 days 00:00:39.304000,0 days 00:00:42.123000,0 days 00:00:36.020000,0 days 01:09:49.498000,0 days 01:10:31.621000,0 days 01:11:07.641000,156.0,126.0,255.0,218.0,False,SOFT,5.0,True,AlphaTauri,0 days 01:09:10.194000,,1,,False,,False,True
2021-13,FP3,0 days 01:12:45.076000,TSU,22,0 days 00:01:37.435000,26.0,3.0,,,0 days 00:00:35.474000,0 days 00:00:34.224000,0 days 00:00:27.737000,0 days 01:11:43.115000,0 days 01:12:17.339000,0 days 01:12:45.076000,257.0,256.0,293.0,237.0,False,SOFT,6.0,True,AlphaTauri,0 days 01:11:07.641000,,1,,False,,False,True
2021-13,FP3,0 days 01:14:07.200000,TSU,22,0 days 00:01:22.124000,27.0,3.0,,,0 days 00:00:28.305000,0 days 00:00:27.669000,0 days 00:00:26.150000,0 days 01:13:13.381000,0 days 01:13:41.050000,0 days 01:14:07.200000,263.0,282.0,233.0,300.0,False,SOFT,7.0,True,AlphaTauri,0 days 01:12:45.076000,,1,,False,,False,True
2021-13,FP3,0 days 01:16:04.561000,TSU,22,0 days 00:01:57.361000,28.0,3.0,,,0 days 00:00:39.534000,0 days 00:00:31.863000,0 days 00:00:45.964000,0 days 01:14:46.734000,0 days 01:15:18.597000,0 days 01:16:04.561000,253.0,226.0,55.0,136.0,False,SOFT,8.0,True,AlphaTauri,0 days 01:14:07.200000,,1,,False,,False,True
2021-13,FP3,0 days 01:17:54.847000,TSU,22,0 days 00:01:50.286000,29.0,3.0,,0 days 01:17:54.924000,0 days 00:00:50.316000,0 days 00:00:31.363000,0 days 00:00:28.607000,0 days 01:16:54.877000,0 days 01:17:26.240000,0 days 01:17:54.847000,227.0,265.0,,209.0,False,SOFT,9.0,True,AlphaTauri,0 days 01:16:04.561000,,1,,False,,False,False
2021-13,FP3,0 days 00:28:27.833000,OCO,31,,1.0,1.0,0 days 00:27:01.882000,,,0 days 00:00:29.677000,0 days 00:00:23.644000,,0 days 00:28:04.207000,0 days 00:28:27.944000,204.0,261.0,298.0,,False,MEDIUM,1.0,True,Alpine,0 days 00:27:01.882000,,1,,False,,False,False
2021-13,FP3,0 days 00:29:40.181000,OCO,31,0 days 00:01:12.348000,2.0,1.0,,,0 days 00:00:25.216000,0 days 00:00:24.743000,0 days 00:00:22.389000,0 days 00:28:53.049000,0 days 00:29:17.792000,0 days 00:29:40.181000,273.0,284.0,300.0,308.0,True,MEDIUM,2.0,True,Alpine,0 days 00:28:27.833000,,1,,False,,False,True
2021-13,FP3,0 days 00:31:24.645000,OCO,31,0 days 00:01:44.464000,3.0,1.0,,,0 days 00:00:39.439000,0 days 00:00:38.164000,0 days 00:00:26.861000,0 days 00:30:19.620000,0 days 00:30:57.784000,0 days 00:31:24.645000,150.0,251.0,301.0,250.0,False,MEDIUM,3.0,True,Alpine,0 days 00:29:40.181000,,1,,False,,False,True
2021-13,FP3,0 days 00:32:36.658000,OCO,31,0 days 00:01:12.013000,4.0,1.0,,,0 days 00:00:25.194000,0 days 00:00:24.673000,0 days 00:00:22.146000,0 days 00:31:49.839000,0 days 00:32:14.512000,0 days 00:32:36.658000,270.0,286.0,302.0,310.0,True,MEDIUM,4.0,True,Alpine,0 days 00:31:24.645000,,1,,False,,False,True
2021-13,FP3,0 days 00:45:20.369000,OCO,31,,5.0,1.0,,0 days 00:34:29.625000,0 days 00:00:38.142000,,,0 days 00:33:14.801000,,,135.0,,,271.0,False,MEDIUM,5.0,True,Alpine,0 days 00:32:36.658000,,125,,False,,False,False
2021-13,FP3,0 days 00:47:11.443000,OCO,31,,6.0,2.0,0 days 00:45:20.369000,,,0 days 00:00:27.040000,0 days 00:00:31.595000,,0 days 00:46:39.863000,0 days 00:47:11.565000,256.0,270.0,297.0,271.0,False,MEDIUM,6.0,False,Alpine,0 days 00:45:20.369000,,1,,False,,False,False
2021-13,FP3,0 days 00:48:23.785000,OCO,31,0 days 00:01:12.342000,7.0,2.0,,,0 days 00:00:25.157000,0 days 00:00:24.838000,0 days 00:00:22.347000,0 days 00:47:36.600000,0 days 00:48:01.438000,0 days 00:48:23.785000,268.0,281.0,300.0,306.0,False,MEDIUM,7.0,False,Alpine,0 days 00:47:11.443000,,1,,False,,False,True
2021-13,FP3,0 days 00:50:13.399000,OCO,31,0 days 00:01:49.614000,8.0,2.0,,,0 days 00:00:37.514000,0 days 00:00:44.460000,0 days 00:00:27.640000,0 days 00:49:01.299000,0 days 00:49:45.759000,0 days 00:50:13.399000,136.0,110.0,299.0,268.0,False,MEDIUM,8.0,False,Alpine,0 days 00:48:23.785000,,1,,False,,False,True
2021-13,FP3,0 days 00:51:25.717000,OCO,31,0 days 00:01:12.318000,9.0,2.0,,,0 days 00:00:25.183000,0 days 00:00:24.893000,0 days 00:00:22.242000,0 days 00:50:38.582000,0 days 00:51:03.475000,0 days 00:51:25.717000,270.0,282.0,301.0,310.0,False,MEDIUM,9.0,False,Alpine,0 days 00:50:13.399000,,1,,False,,False,True
2021-13,FP3,0 days 00:52:55.025000,OCO,31,0 days 00:01:29.308000,10.0,2.0,,0 days 00:52:53.414000,0 days 00:00:28.769000,0 days 00:00:30.520000,0 days 00:00:30.019000,0 days 00:51:54.486000,0 days 00:52:25.006000,0 days 00:52:55.025000,253.0,259.0,,292.0,False,MEDIUM,10.0,False,Alpine,0 days 00:51:25.717000,,1,,False,,False,False
2021-13,FP3,0 days 00:54:41.344000,OCO,31,0 days 00:01:46.319000,11.0,3.0,0 days 00:53:15.730000,,0 days 00:00:51.984000,0 days 00:00:30.008000,0 days 00:00:24.327000,0 days 00:53:47.009000,0 days 00:54:17.017000,0 days 00:54:41.344000,234.0,270.0,301.0,292.0,False,SOFT,1.0,True,Alpine,0 days 00:52:55.025000,,1,,False,,False,False
2021-13,FP3,0 days 00:55:52.524000,OCO,31,0 days 00:01:11.180000,12.0,3.0,,,0 days 00:00:24.795000,0 days 00:00:24.455000,0 days 00:00:21.930000,0 days 00:55:06.139000,0 days 00:55:30.594000,0 days 00:55:52.524000,271.0,287.0,303.0,308.0,True,SOFT,2.0,True,Alpine,0 days 00:54:41.344000,,1,,False,,False,True
2021-13,FP3,0 days 00:57:37.756000,OCO,31,0 days 00:01:45.232000,13.0,3.0,,,0 days 00:00:36.324000,0 days 00:00:38.554000,0 days 00:00:30.354000,0 days 00:56:28.848000,0 days 00:57:07.402000,0 days 00:57:37.756000,180.0,174.0,210.0,213.0,False,SOFT,3.0,True,Alpine,0 days 00:55:52.524000,,12,,False,,False,True
2021-13,FP3,0 days 00:59:09.602000,OCO,31,0 days 00:01:31.846000,14.0,3.0,,,0 days 00:00:34.466000,0 days 00:00:33.386000,0 days 00:00:23.994000,0 days 00:58:12.222000,0 days 00:58:45.608000,0 days 00:59:09.602000,176.0,265.0,300.0,210.0,False,SOFT,4.0,True,Alpine,0 days 00:57:37.756000,,1,,False,,False,True
2021-13,FP3,0 days 01:00:20.992000,OCO,31,0 days 00:01:11.390000,15.0,3.0,,,0 days 00:00:24.811000,0 days 00:00:24.565000,0 days 00:00:22.014000,0 days 00:59:34.413000,0 days 00:59:58.978000,0 days 01:00:20.992000,274.0,287.0,301.0,306.0,False,SOFT,5.0,True,Alpine,0 days 00:59:09.602000,,1,,False,,False,True
2021-13,FP3,0 days 01:02:05.109000,OCO,31,0 days 00:01:44.117000,16.0,3.0,,,0 days 00:00:39.528000,0 days 00:00:39.944000,0 days 00:00:24.645000,0 days 01:01:00.520000,0 days 01:01:40.464000,0 days 01:02:05.109000,138.0,264.0,300.0,245.0,False,SOFT,6.0,True,Alpine,0 days 01:00:20.992000,,1,,False,,False,True
2021-13,FP3,0 days 01:03:16.579000,OCO,31,0 days 00:01:11.470000,17.0,3.0,,,0 days 00:00:24.769000,0 days 00:00:24.608000,0 days 00:00:22.093000,0 days 01:02:29.878000,0 days 01:02:54.486000,0 days 01:03:16.579000,273.0,285.0,302.0,308.0,False,SOFT,7.0,True,Alpine,0 days 01:02:05.109000,,1,,False,,False,True
2021-13,FP3,0 days 01:04:59.129000,OCO,31,0 days 00:01:42.550000,18.0,3.0,,,0 days 00:00:39.845000,0 days 00:00:36.596000,0 days 00:00:26.109000,0 days 01:03:56.424000,0 days 01:04:33.020000,0 days 01:04:59.129000,156.0,253.0,300.0,183.0,False,SOFT,8.0,True,Alpine,0 days 01:03:16.579000,,1,,False,,False,True
2021-13,FP3,0 days 01:06:11.238000,OCO,31,0 days 00:01:12.109000,19.0,3.0,,,0 days 00:00:24.938000,0 days 00:00:24.807000,0 days 00:00:22.364000,0 days 01:05:24.067000,0 days 01:05:48.874000,0 days 01:06:11.238000,278.0,287.0,300.0,308.0,False,SOFT,9.0,True,Alpine,0 days 01:04:59.129000,,1,,False,,False,True
2021-13,FP3,0 days 01:07:51.552000,OCO,31,0 days 00:01:40.314000,20.0,3.0,,0 days 01:07:50.007000,0 days 00:00:38.479000,0 days 00:00:30.910000,0 days 00:00:30.925000,0 days 01:06:49.717000,0 days 01:07:20.627000,0 days 01:07:51.552000,206.0,200.0,,247.0,False,SOFT,10.0,True,Alpine,0 days 01:06:11.238000,,1,,False,,False,False
2021-13,FP3,0 days 01:14:21.475000,OCO,31,,21.0,4.0,0 days 01:12:52.499000,,,0 days 00:00:32.778000,0 days 00:00:26.705000,,0 days 01:13:54.770000,0 days 01:14:21.630000,236.0,209.0,273.0,247.0,False,SOFT,11.0,False,Alpine,0 days 01:07:51.552000,,1,,False,,False,False
2021-13,FP3,0 days 01:16:29,OCO,31,0 days 00:02:07.525000,22.0,4.0,,,0 days 00:00:28.793000,0 days 00:00:33.333000,0 days 00:01:05.399000,0 days 01:14:50.268000,0 days 01:15:23.601000,0 days 01:16:29,216.0,186.0,20.0,236.0,False,SOFT,12.0,False,Alpine,0 days 01:14:21.475000,,1,,False,,False,True
2021-13,FP3,0 days 01:18:36.648000,OCO,31,0 days 00:02:07.648000,23.0,4.0,,0 days 01:18:36.107000,0 days 00:01:01.235000,0 days 00:00:34.625000,0 days 00:00:31.788000,0 days 01:17:30.235000,0 days 01:18:04.860000,0 days 01:18:36.648000,247.0,204.0,,223.0,False,SOFT,13.0,False,Alpine,0 days 01:16:29,,1,,False,,False,False
2021-13,FP3,0 days 00:46:40.604000,VER,33,,1.0,1.0,0 days 00:44:53.753000,,,0 days 00:00:32.680000,0 days 00:00:39.673000,,0 days 00:46:00.974000,0 days 00:46:40.965000,266.0,260.0,298.0,,False,MEDIUM,1.0,True,Red Bull Racing,0 days 00:44:53.753000,,1,,False,,False,False
2021-13,FP3,0 days 00:47:51.829000,VER,33,0 days 00:01:11.225000,2.0,1.0,,,0 days 00:00:24.867000,0 days 00:00:24.307000,0 days 00:00:22.051000,0 days 00:47:05.471000,0 days 00:47:29.778000,0 days 00:47:51.829000,275.0,284.0,304.0,306.0,True,MEDIUM,2.0,True,Red Bull Racing,0 days 00:46:40.604000,,1,,False,,False,True
2021-13,FP3,0 days 00:49:36.188000,VER,33,0 days 00:01:44.359000,3.0,1.0,,,0 days 00:00:35.560000,0 days 00:00:37.982000,0 days 00:00:30.817000,0 days 00:48:27.389000,0 days 00:49:05.371000,0 days 00:49:36.188000,160.0,175.0,299.0,256.0,False,MEDIUM,3.0,True,Red Bull Racing,0 days 00:47:51.829000,,1,,False,,False,True
2021-13,FP3,0 days 00:50:46.890000,VER,33,0 days 00:01:10.702000,4.0,1.0,,,0 days 00:00:24.616000,0 days 00:00:24.148000,0 days 00:00:21.938000,0 days 00:50:00.804000,0 days 00:50:24.952000,0 days 00:50:46.890000,273.0,284.0,304.0,308.0,True,MEDIUM,4.0,True,Red Bull Racing,0 days 00:49:36.188000,,1,,False,,False,True
2021-13,FP3,0 days 00:52:17.354000,VER,33,0 days 00:01:30.464000,5.0,1.0,,0 days 00:52:17.473000,0 days 00:00:30.669000,0 days 00:00:28.122000,0 days 00:00:31.673000,0 days 00:51:17.559000,0 days 00:51:45.681000,0 days 00:52:17.354000,254.0,239.0,,269.0,False,MEDIUM,5.0,True,Red Bull Racing,0 days 00:50:46.890000,,1,,False,,False,False
2021-13,FP3,0 days 01:02:11.227000,VER,33,,6.0,2.0,0 days 01:00:34.768000,,,0 days 00:00:35.868000,0 days 00:00:28.095000,,0 days 01:01:43.132000,0 days 01:02:11.353000,240.0,148.0,297.0,269.0,False,SOFT,1.0,True,Red Bull Racing,0 days 00:52:17.354000,,12,,False,,False,False
2021-13,FP3,0 days 01:03:20.850000,VER,33,0 days 00:01:09.623000,7.0,2.0,,,0 days 00:00:24.319000,0 days 00:00:23.731000,0 days 00:00:21.573000,0 days 01:02:35.546000,0 days 01:02:59.277000,0 days 01:03:20.850000,276.0,286.0,316.0,304.0,True,SOFT,2.0,True,Red Bull Racing,0 days 01:02:11.227000,,1,,False,,False,True
2021-13,FP3,0 days 01:05:03.845000,VER,33,0 days 00:01:42.995000,8.0,2.0,,0 days 01:05:02.411000,0 days 00:00:36.165000,0 days 00:00:37.388000,0 days 00:00:29.442000,0 days 01:03:57.015000,0 days 01:04:34.403000,0 days 01:05:03.845000,169.0,212.0,,222.0,False,SOFT,3.0,True,Red Bull Racing,0 days 01:03:20.850000,,1,,False,,False,False
2021-13,FP3,0 days 01:07:13.185000,VER,33,0 days 00:02:09.340000,9.0,3.0,0 days 01:05:32.485000,,0 days 00:01:03.668000,0 days 00:00:38.197000,0 days 00:00:27.475000,0 days 01:06:07.513000,0 days 01:06:45.710000,0 days 01:07:13.185000,182.0,223.0,297.0,222.0,False,SOFT,4.0,False,Red Bull Racing,0 days 01:05:03.845000,,1,,False,,False,False
2021-13,FP3,0 days 01:08:31.332000,VER,33,0 days 00:01:18.147000,10.0,3.0,,0 days 01:08:29.676000,0 days 00:00:24.371000,0 days 00:00:24.056000,0 days 00:00:29.720000,0 days 01:07:37.556000,0 days 01:08:01.612000,0 days 01:08:31.332000,277.0,285.0,,305.0,False,SOFT,5.0,False,Red Bull Racing,0 days 01:07:13.185000,,1,,False,,False,False
2021-13,FP3,0 days 01:13:46.621000,VER,33,,11.0,4.0,0 days 01:11:56.969000,,,0 days 00:00:41.952000,0 days 00:00:36.193000,,0 days 01:13:10.435000,0 days 01:13:46.743000,190.0,150.0,220.0,305.0,False,SOFT,6.0,False,Red Bull Racing,0 days 01:08:31.332000,,1,,False,,False,False
2021-13,FP3,0 days 01:15:34.242000,VER,33,0 days 00:01:47.621000,12.0,4.0,,,0 days 00:00:36.516000,0 days 00:00:34.310000,0 days 00:00:36.795000,0 days 01:14:23.137000,0 days 01:14:57.447000,0 days 01:15:34.242000,169.0,252.0,75.0,217.0,False,SOFT,7.0,False,Red Bull Racing,0 days 01:13:46.621000,,1,,False,,False,True
2021-13,FP3,0 days 01:17:17.920000,VER,33,0 days 00:01:43.678000,13.0,4.0,,0 days 01:17:16.536000,0 days 00:00:46.050000,0 days 00:00:26.542000,0 days 00:00:31.086000,0 days 01:16:20.292000,0 days 01:16:46.834000,0 days 01:17:17.920000,248.0,255.0,,211.0,False,SOFT,8.0,False,Red Bull Racing,0 days 01:15:34.242000,,1,,False,,False,False
2021-13,FP3,0 days 00:16:35.002000,HAM,44,,1.0,1.0,0 days 00:14:50.071000,,,0 days 00:00:41.994000,0 days 00:00:26.010000,,0 days 00:16:09.060000,0 days 00:16:35.718000,163.0,251.0,293.0,,False,SOFT,1.0,True,Mercedes,0 days 00:14:50.071000,,1,,False,,False,False
2021-13,FP3,0 days 00:17:47.012000,HAM,44,0 days 00:01:12.010000,2.0,1.0,,,0 days 00:00:25.415000,0 days 00:00:24.178000,0 days 00:00:22.417000,0 days 00:17:00.417000,0 days 00:17:24.595000,0 days 00:17:47.012000,271.0,284.0,298.0,302.0,True,SOFT,2.0,True,Mercedes,0 days 00:16:35.002000,,1,,False,,False,True
2021-13,FP3,0 days 00:19:59.656000,HAM,44,0 days 00:02:12.644000,3.0,1.0,,0 days 00:20:02.027000,0 days 00:00:47.720000,0 days 00:00:48.233000,0 days 00:00:36.691000,0 days 00:18:34.732000,0 days 00:19:22.965000,0 days 00:19:59.656000,125.0,192.0,,223.0,False,SOFT,3.0,True,Mercedes,0 days 00:17:47.012000,,1,,False,,False,False
2021-13,FP3,0 days 00:21:59.733000,HAM,44,0 days 00:02:00.077000,4.0,2.0,0 days 00:20:19.280000,,0 days 00:00:55.576000,0 days 00:00:37.909000,0 days 00:00:26.592000,0 days 00:20:55.232000,0 days 00:21:33.141000,0 days 00:21:59.733000,166.0,208.0,294.0,223.0,False,SOFT,4.0,False,Mercedes,0 days 00:19:59.656000,,1,,False,,False,False
2021-13,FP3,0 days 00:23:11.801000,HAM,44,0 days 00:01:12.068000,5.0,2.0,,,0 days 00:00:25.350000,0 days 00:00:24.358000,0 days 00:00:22.360000,0 days 00:22:25.083000,0 days 00:22:49.441000,0 days 00:23:11.801000,270.0,283.0,296.0,303.0,False,SOFT,5.0,False,Mercedes,0 days 00:21:59.733000,,1,,False,,False,True
2021-13,FP3,0 days 00:25:13.347000,HAM,44,0 days 00:02:01.546000,6.0,2.0,,,0 days 00:00:38.391000,0 days 00:00:45.876000,0 days 00:00:37.279000,0 days 00:23:50.192000,0 days 00:24:36.068000,0 days 00:25:13.347000,149.0,132.0,187.0,224.0,False,SOFT,6.0,False,Mercedes,0 days 00:23:11.801000,,1,,False,,False,True
2021-13,FP3,0 days 00:26:54.667000,HAM,44,0 days 00:01:41.320000,7.0,2.0,,,0 days 00:00:37.485000,0 days 00:00:38.330000,0 days 00:00:25.505000,0 days 00:25:50.832000,0 days 00:26:29.162000,0 days 00:26:54.667000,235.0,248.0,295.0,206.0,False,SOFT,7.0,False,Mercedes,0 days 00:25:13.347000,,1,,False,,False,True
2021-13,FP3,0 days 00:28:06.631000,HAM,44,0 days 00:01:11.964000,8.0,2.0,,,0 days 00:00:25.343000,0 days 00:00:24.233000,0 days 00:00:22.388000,0 days 00:27:20.010000,0 days 00:27:44.243000,0 days 00:28:06.631000,271.0,283.0,297.0,301.0,True,SOFT,8.0,False,Mercedes,0 days 00:26:54.667000,,1,,False,,False,True
2021-13,FP3,0 days 00:29:27.995000,HAM,44,0 days 00:01:21.364000,9.0,2.0,,0 days 00:29:26.410000,0 days 00:00:28.631000,0 days 00:00:26.596000,0 days 00:00:26.137000,0 days 00:28:35.262000,0 days 00:29:01.858000,0 days 00:29:27.995000,255.0,261.0,,261.0,False,SOFT,9.0,False,Mercedes,0 days 00:28:06.631000,,1,,False,,False,False
2021-13,FP3,0 days 00:46:33.540000,HAM,44,,10.0,3.0,0 days 00:44:58.210000,,,0 days 00:00:29.226000,0 days 00:00:26.995000,,0 days 00:46:06.551000,0 days 00:46:35.375000,245.0,259.0,299.0,261.0,False,SOFT,10.0,False,Mercedes,0 days 00:44:58.210000,,1,,False,,False,False
2021-13,FP3,0 days 00:47:50.467000,HAM,44,0 days 00:01:16.927000,11.0,3.0,,,0 days 00:00:27.193000,0 days 00:00:26.316000,0 days 00:00:23.418000,0 days 00:47:00.733000,0 days 00:47:27.049000,0 days 00:47:50.467000,273.0,266.0,284.0,259.0,False,SOFT,11.0,False,Mercedes,0 days 00:46:33.540000,,1,,False,,False,True
2021-13,FP3,0 days 00:49:06.507000,HAM,44,0 days 00:01:16.040000,12.0,3.0,,,0 days 00:00:26.569000,0 days 00:00:26.266000,0 days 00:00:23.205000,0 days 00:48:17.036000,0 days 00:48:43.302000,0 days 00:49:06.507000,267.0,263.0,283.0,290.0,False,SOFT,12.0,False,Mercedes,0 days 00:47:50.467000,,1,,False,,False,True
2021-13,FP3,0 days 00:50:22.203000,HAM,44,0 days 00:01:15.696000,13.0,3.0,,,0 days 00:00:26.396000,0 days 00:00:26.088000,0 days 00:00:23.212000,0 days 00:49:32.903000,0 days 00:49:58.991000,0 days 00:50:22.203000,267.0,265.0,285.0,281.0,False,SOFT,13.0,False,Mercedes,0 days 00:49:06.507000,,1,,False,,False,True
2021-13,FP3,0 days 00:51:41.087000,HAM,44,0 days 00:01:18.884000,14.0,3.0,,0 days 00:51:39.462000,0 days 00:00:26.320000,0 days 00:00:26.502000,0 days 00:00:26.062000,0 days 00:50:48.523000,0 days 00:51:15.025000,0 days 00:51:41.087000,271.0,266.0,,285.0,False,SOFT,14.0,False,Mercedes,0 days 00:50:22.203000,,1,,False,,False,False
2021-13,FP3,0 days 01:00:49.517000,HAM,44,,15.0,4.0,0 days 00:59:09.295000,,,0 days 00:00:36.287000,0 days 00:00:24.781000,,0 days 01:00:24.736000,0 days 01:00:49.645000,174.0,253.0,300.0,285.0,False,SOFT,1.0,True,Mercedes,0 days 00:51:41.087000,,12,,False,,False,False
2021-13,FP3,0 days 01:01:59.934000,HAM,44,0 days 00:01:10.417000,16.0,4.0,,,0 days 00:00:24.858000,0 days 00:00:23.897000,0 days 00:00:21.662000,0 days 01:01:14.375000,0 days 01:01:38.272000,0 days 01:01:59.934000,279.0,286.0,299.0,307.0,True,SOFT,2.0,True,Mercedes,0 days 01:00:49.517000,,1,,False,,False,True
2021-13,FP3,0 days 01:04:01.606000,HAM,44,0 days 00:02:01.672000,17.0,4.0,,,0 days 00:00:40.468000,0 days 00:00:43.106000,0 days 00:00:38.098000,0 days 01:02:40.402000,0 days 01:03:23.508000,0 days 01:04:01.606000,156.0,143.0,201.0,232.0,False,SOFT,3.0,True,Mercedes,0 days 01:01:59.934000,,1,,False,,False,True
2021-13,FP3,0 days 01:05:43.740000,HAM,44,0 days 00:01:42.134000,18.0,4.0,,,0 days 00:00:37.579000,0 days 00:00:38.923000,0 days 00:00:25.632000,0 days 01:04:39.185000,0 days 01:05:18.108000,0 days 01:05:43.740000,184.0,241.0,295.0,207.0,False,SOFT,4.0,True,Mercedes,0 days 01:04:01.606000,,1,,False,,False,True
2021-13,FP3,0 days 01:07:02.668000,HAM,44,0 days 00:01:18.928000,19.0,4.0,,0 days 01:07:02.748000,0 days 00:00:24.903000,0 days 00:00:24.411000,0 days 00:00:29.614000,0 days 01:06:08.643000,0 days 01:06:33.054000,0 days 01:07:02.668000,276.0,282.0,,302.0,False,SOFT,5.0,True,Mercedes,0 days 01:05:43.740000,,1,,False,,False,False
2021-13,FP3,0 days 01:14:19.133000,HAM,44,,20.0,5.0,0 days 01:12:55.384000,,,0 days 00:00:27.715000,0 days 00:00:24.337000,,0 days 01:13:54.846000,0 days 01:14:20.445000,247.0,259.0,280.0,302.0,False,SOFT,6.0,False,Mercedes,0 days 01:07:02.668000,,1,,False,,False,False
2021-13,FP3,0 days 01:16:19.150000,HAM,44,0 days 00:02:00.017000,21.0,5.0,,,0 days 00:00:29.521000,0 days 00:00:32.621000,0 days 00:00:57.875000,0 days 01:14:48.654000,0 days 01:15:21.275000,0 days 01:16:19.150000,215.0,198.0,50.0,274.0,False,SOFT,7.0,False,Mercedes,0 days 01:14:19.133000,,1,,False,,False,True
2021-13,FP3,0 days 01:18:12.657000,HAM,44,0 days 00:01:53.507000,22.0,5.0,,0 days 01:18:11.801000,0 days 00:00:55.690000,0 days 00:00:29.025000,0 days 00:00:28.792000,0 days 01:17:14.840000,0 days 01:17:43.865000,0 days 01:18:12.657000,246.0,249.0,,208.0,False,SOFT,8.0,False,Mercedes,0 days 01:16:19.150000,,1,,False,,False,False
2021-13,FP3,0 days 00:16:04.336000,MSC,47,,1.0,1.0,0 days 00:14:34.149000,,,0 days 00:00:30.226000,0 days 00:00:26.845000,,0 days 00:15:37.533000,0 days 00:16:04.445000,255.0,268.0,295.0,,False,SOFT,14.0,False,Haas F1 Team,0 days 00:14:34.149000,,1,,False,,False,False
2021-13,FP3,0 days 00:17:18.435000,MSC,47,0 days 00:01:14.099000,2.0,1.0,,,0 days 00:00:25.893000,0 days 00:00:25.481000,0 days 00:00:22.725000,0 days 00:16:30.229000,0 days 00:16:55.710000,0 days 00:17:18.435000,270.0,281.0,298.0,303.0,True,SOFT,15.0,False,Haas F1 Team,0 days 00:16:04.336000,,1,,False,,False,True
2021-13,FP3,0 days 00:18:56.838000,MSC,47,0 days 00:01:38.403000,3.0,1.0,,,0 days 00:00:35.827000,0 days 00:00:37.100000,0 days 00:00:25.476000,0 days 00:17:54.262000,0 days 00:18:31.362000,0 days 00:18:56.838000,172.0,247.0,297.0,238.0,False,SOFT,16.0,False,Haas F1 Team,0 days 00:17:18.435000,,1,,False,,False,True
2021-13,FP3,0 days 00:20:10.878000,MSC,47,0 days 00:01:14.040000,4.0,1.0,,,0 days 00:00:25.650000,0 days 00:00:25.574000,0 days 00:00:22.816000,0 days 00:19:22.488000,0 days 00:19:48.062000,0 days 00:20:10.878000,273.0,282.0,300.0,303.0,True,SOFT,17.0,False,Haas F1 Team,0 days 00:18:56.838000,,1,,False,,False,True
2021-13,FP3,0 days 00:21:47.673000,MSC,47,0 days 00:01:36.795000,5.0,1.0,,,0 days 00:00:37.749000,0 days 00:00:33.877000,0 days 00:00:25.169000,0 days 00:20:48.627000,0 days 00:21:22.504000,0 days 00:21:47.673000,191.0,244.0,299.0,282.0,False,SOFT,18.0,False,Haas F1 Team,0 days 00:20:10.878000,,1,,False,,False,True
2021-13,FP3,0 days 00:23:09.710000,MSC,47,0 days 00:01:22.037000,6.0,1.0,,0 days 00:23:09.690000,0 days 00:00:25.679000,0 days 00:00:26.883000,0 days 00:00:29.475000,0 days 00:22:13.352000,0 days 00:22:40.235000,0 days 00:23:09.710000,270.0,242.0,,307.0,False,SOFT,19.0,False,Haas F1 Team,0 days 00:21:47.673000,,1,,False,,False,False
2021-13,FP3,0 days 00:25:03.033000,MSC,47,0 days 00:01:53.323000,7.0,2.0,0 days 00:23:35.310000,0 days 00:25:01.435000,0 days 00:00:53.298000,0 days 00:00:30.995000,0 days 00:00:29.030000,0 days 00:24:03.008000,0 days 00:24:34.003000,0 days 00:25:03.033000,247.0,199.0,,307.0,False,SOFT,20.0,False,Haas F1 Team,0 days 00:23:09.710000,,1,,False,,False,False
2021-13,FP3,0 days 00:47:04.912000,MSC,47,,8.0,3.0,0 days 00:45:06.308000,,,0 days 00:00:33.081000,0 days 00:00:29.535000,,0 days 00:46:35.814000,0 days 00:47:05.031000,264.0,122.0,300.0,307.0,False,SOFT,1.0,True,Haas F1 Team,0 days 00:45:06.308000,,1,,False,,False,False
2021-13,FP3,0 days 00:48:17.278000,MSC,47,0 days 00:01:12.366000,9.0,3.0,,,0 days 00:00:25.191000,0 days 00:00:24.925000,0 days 00:00:22.250000,0 days 00:47:30.103000,0 days 00:47:55.028000,0 days 00:48:17.278000,274.0,283.0,305.0,309.0,True,SOFT,2.0,True,Haas F1 Team,0 days 00:47:04.912000,,1,,False,,False,True
2021-13,FP3,0 days 00:50:05.358000,MSC,47,0 days 00:01:48.080000,10.0,3.0,,,0 days 00:00:39.284000,0 days 00:00:39.869000,0 days 00:00:28.927000,0 days 00:48:56.562000,0 days 00:49:36.431000,0 days 00:50:05.358000,160.0,227.0,301.0,257.0,False,SOFT,3.0,True,Haas F1 Team,0 days 00:48:17.278000,,1,,False,,False,True
2021-13,FP3,0 days 00:51:18.156000,MSC,47,0 days 00:01:12.798000,11.0,3.0,,,0 days 00:00:25.246000,0 days 00:00:25.139000,0 days 00:00:22.413000,0 days 00:50:30.604000,0 days 00:50:55.743000,0 days 00:51:18.156000,273.0,283.0,305.0,311.0,False,SOFT,4.0,True,Haas F1 Team,0 days 00:50:05.358000,,1,,False,,False,True
2021-13,FP3,0 days 00:52:52.889000,MSC,47,0 days 00:01:34.733000,12.0,3.0,,0 days 00:52:51.314000,0 days 00:00:31.968000,0 days 00:00:32.432000,0 days 00:00:30.333000,0 days 00:51:50.124000,0 days 00:52:22.556000,0 days 00:52:52.889000,221.0,199.0,,278.0,False,SOFT,5.0,True,Haas F1 Team,0 days 00:51:18.156000,,1,,False,,False,False
2021-13,FP3,0 days 01:07:18.945000,MSC,47,,13.0,4.0,0 days 01:05:45.046000,,,0 days 00:00:31.218000,0 days 00:00:27.730000,,0 days 01:06:51.223000,0 days 01:07:19.063000,239.0,264.0,299.0,278.0,False,SOFT,1.0,True,Haas F1 Team,0 days 00:52:52.889000,,12,,False,,False,False
2021-13,FP3,0 days 01:08:45.386000,MSC,47,0 days 00:01:26.441000,14.0,4.0,,,0 days 00:00:25.024000,0 days 00:00:24.724000,0 days 00:00:36.693000,0 days 01:07:43.969000,0 days 01:08:08.693000,0 days 01:08:45.386000,275.0,286.0,253.0,308.0,False,SOFT,2.0,True,Haas F1 Team,0 days 01:07:18.945000,,1,,False,,False,True
2021-13,FP3,0 days 01:10:22.755000,MSC,47,0 days 00:01:37.369000,15.0,4.0,,,0 days 00:00:33.791000,0 days 00:00:35.430000,0 days 00:00:28.148000,0 days 01:09:19.177000,0 days 01:09:54.607000,0 days 01:10:22.755000,188.0,246.0,301.0,253.0,False,SOFT,3.0,True,Haas F1 Team,0 days 01:08:45.386000,,1,,False,,False,True
2021-13,FP3,0 days 01:11:35.163000,MSC,47,0 days 00:01:12.408000,16.0,4.0,,,0 days 00:00:25.047000,0 days 00:00:24.924000,0 days 00:00:22.437000,0 days 01:10:47.802000,0 days 01:11:12.726000,0 days 01:11:35.163000,275.0,286.0,305.0,306.0,False,SOFT,4.0,True,Haas F1 Team,0 days 01:10:22.755000,,1,,False,,False,True
2021-13,FP3,0 days 01:13:23.331000,MSC,47,0 days 00:01:48.168000,17.0,4.0,,,0 days 00:00:37.968000,0 days 00:00:40.748000,0 days 00:00:29.452000,0 days 01:12:13.131000,0 days 01:12:53.879000,0 days 01:13:23.331000,143.0,219.0,300.0,300.0,False,SOFT,5.0,True,Haas F1 Team,0 days 01:11:35.163000,,1,,False,,False,True
2021-13,FP3,0 days 01:14:36.048000,MSC,47,0 days 00:01:12.717000,18.0,4.0,,,0 days 00:00:24.973000,0 days 00:00:25.200000,0 days 00:00:22.544000,0 days 01:13:48.304000,0 days 01:14:13.504000,0 days 01:14:36.048000,275.0,284.0,303.0,308.0,False,SOFT,6.0,True,Haas F1 Team,0 days 01:13:23.331000,,1,,False,,False,True
2021-13,FP3,0 days 01:17:05.779000,MSC,47,0 days 00:02:29.731000,19.0,4.0,,,0 days 00:00:35.368000,0 days 00:00:28.568000,0 days 00:01:25.795000,0 days 01:15:11.416000,0 days 01:15:39.984000,0 days 01:17:05.779000,208.0,255.0,3.0,236.0,False,SOFT,7.0,True,Haas F1 Team,0 days 01:14:36.048000,,1,,False,,False,True
2021-13,FP3,0 days 01:18:37.489000,MSC,47,0 days 00:01:31.710000,20.0,4.0,,0 days 01:18:36.217000,0 days 00:00:30.702000,0 days 00:00:30.302000,0 days 00:00:30.706000,0 days 01:17:36.481000,0 days 01:18:06.783000,0 days 01:18:37.489000,196.0,213.0,,224.0,False,SOFT,8.0,True,Haas F1 Team,0 days 01:17:05.779000,,1,,False,,False,False
2021-13,FP3,0 days 00:28:21.113000,SAI,55,,1.0,1.0,0 days 00:26:31.662000,,,0 days 00:00:37.854000,0 days 00:00:38.723000,,0 days 00:27:42.424000,0 days 00:28:21.773000,242.0,199.0,295.0,,False,MEDIUM,1.0,True,Ferrari,0 days 00:26:31.662000,,1,,False,,False,False
2021-13,FP3,0 days 00:29:33.053000,SAI,55,0 days 00:01:11.940000,2.0,1.0,,,0 days 00:00:25.215000,0 days 00:00:24.513000,0 days 00:00:22.212000,0 days 00:28:46.328000,0 days 00:29:10.841000,0 days 00:29:33.053000,273.0,283.0,297.0,304.0,True,MEDIUM,2.0,True,Ferrari,0 days 00:28:21.113000,,1,,False,,False,True
2021-13,FP3,0 days 00:31:38.303000,SAI,55,0 days 00:02:05.250000,3.0,1.0,,,0 days 00:00:43.736000,0 days 00:00:51.272000,0 days 00:00:30.242000,0 days 00:30:16.789000,0 days 00:31:08.061000,0 days 00:31:38.303000,133.0,228.0,296.0,216.0,False,MEDIUM,3.0,True,Ferrari,0 days 00:29:33.053000,,1,,False,,False,True
2021-13,FP3,0 days 00:33:12.239000,SAI,55,0 days 00:01:33.936000,4.0,1.0,,,0 days 00:00:35.566000,0 days 00:00:33.522000,0 days 00:00:24.848000,0 days 00:32:13.869000,0 days 00:32:47.391000,0 days 00:33:12.239000,231.0,240.0,297.0,303.0,False,MEDIUM,4.0,True,Ferrari,0 days 00:31:38.303000,,1,,False,,False,True
2021-13,FP3,0 days 00:43:09.617000,SAI,55,,5.0,1.0,,0 days 00:43:09.617000,,,,,,,,,,305.0,False,MEDIUM,5.0,True,Ferrari,0 days 00:33:12.239000,,125,,False,,False,False
2021-13,FP3,0 days 00:30:30.772000,RUS,63,,1.0,1.0,0 days 00:29:02.901000,,,0 days 00:00:30.378000,0 days 00:00:24.739000,,0 days 00:30:06.069000,0 days 00:30:30.872000,264.0,263.0,295.0,,False,MEDIUM,1.0,True,Williams,0 days 00:29:02.901000,,1,,False,,False,False
2021-13,FP3,0 days 00:31:43.693000,RUS,63,0 days 00:01:12.921000,2.0,1.0,,,0 days 00:00:25.290000,0 days 00:00:24.891000,0 days 00:00:22.740000,0 days 00:30:56.062000,0 days 00:31:20.953000,0 days 00:31:43.693000,270.0,284.0,301.0,304.0,True,MEDIUM,2.0,True,Williams,0 days 00:30:30.772000,,1,,False,,False,True
2021-13,FP3,0 days 00:33:29.499000,RUS,63,0 days 00:01:45.806000,3.0,1.0,,,0 days 00:00:38.921000,0 days 00:00:38.266000,0 days 00:00:28.619000,0 days 00:32:22.614000,0 days 00:33:00.880000,0 days 00:33:29.499000,249.0,251.0,295.0,108.0,False,MEDIUM,3.0,True,Williams,0 days 00:31:43.693000,,12,,False,,False,True
2021-13,FP3,0 days 00:44:56.634000,RUS,63,,4.0,1.0,,0 days 00:35:22.460000,,,,,,,,,,305.0,False,MEDIUM,4.0,True,Williams,0 days 00:33:29.499000,,251,,False,,False,False
2021-13,FP3,0 days 00:46:33.325000,RUS,63,,5.0,2.0,0 days 00:44:56.634000,,,0 days 00:00:29.477000,0 days 00:00:27.332000,,0 days 00:46:06.008000,0 days 00:46:33.452000,244.0,268.0,296.0,305.0,False,MEDIUM,5.0,False,Williams,0 days 00:44:56.634000,,1,,False,,False,False
2021-13,FP3,0 days 00:47:46.914000,RUS,63,0 days 00:01:13.589000,6.0,2.0,,,0 days 00:00:25.864000,0 days 00:00:25.089000,0 days 00:00:22.636000,0 days 00:46:59.189000,0 days 00:47:24.278000,0 days 00:47:46.914000,269.0,280.0,298.0,307.0,False,MEDIUM,6.0,False,Williams,0 days 00:46:33.325000,,1,,False,,False,True
2021-13,FP3,0 days 00:49:20.705000,RUS,63,0 days 00:01:33.791000,7.0,2.0,,,0 days 00:00:29.198000,0 days 00:00:34.362000,0 days 00:00:30.231000,0 days 00:48:16.112000,0 days 00:48:50.474000,0 days 00:49:20.705000,247.0,261.0,298.0,263.0,False,MEDIUM,7.0,False,Williams,0 days 00:47:46.914000,,1,,False,,False,True
2021-13,FP3,0 days 00:50:33.496000,RUS,63,0 days 00:01:12.791000,8.0,2.0,,,0 days 00:00:25.126000,0 days 00:00:25.117000,0 days 00:00:22.548000,0 days 00:49:45.831000,0 days 00:50:10.948000,0 days 00:50:33.496000,270.0,284.0,294.0,308.0,True,MEDIUM,8.0,False,Williams,0 days 00:49:20.705000,,1,,False,,False,True
2021-13,FP3,0 days 00:52:04.553000,RUS,63,0 days 00:01:31.057000,9.0,2.0,,0 days 00:52:03.419000,0 days 00:00:33.429000,0 days 00:00:29.048000,0 days 00:00:28.580000,0 days 00:51:06.925000,0 days 00:51:35.973000,0 days 00:52:04.553000,228.0,265.0,,295.0,False,MEDIUM,9.0,False,Williams,0 days 00:50:33.496000,,1,,False,,False,False
2021-13,FP3,0 days 00:57:04.236000,RUS,63,,10.0,3.0,0 days 00:55:38.297000,,,0 days 00:00:30.130000,0 days 00:00:24.890000,,0 days 00:56:39.384000,0 days 00:57:05.123000,268.0,269.0,300.0,295.0,False,SOFT,1.0,True,Williams,0 days 00:52:04.553000,,12,,False,,False,False
2021-13,FP3,0 days 00:58:15.510000,RUS,63,0 days 00:01:11.274000,11.0,3.0,,,0 days 00:00:24.589000,0 days 00:00:24.746000,0 days 00:00:21.939000,0 days 00:57:28.825000,0 days 00:57:53.571000,0 days 00:58:15.510000,277.0,285.0,298.0,307.0,True,SOFT,2.0,True,Williams,0 days 00:57:04.236000,,1,,False,,False,True
2021-13,FP3,0 days 00:59:59.590000,RUS,63,0 days 00:01:44.080000,12.0,3.0,,,0 days 00:00:35.993000,0 days 00:00:39.402000,0 days 00:00:28.685000,0 days 00:58:51.503000,0 days 00:59:30.905000,0 days 00:59:59.590000,247.0,246.0,295.0,258.0,False,SOFT,3.0,True,Williams,0 days 00:58:15.510000,,1,,False,,False,True
2021-13,FP3,0 days 01:01:11.381000,RUS,63,0 days 00:01:11.791000,13.0,3.0,,,0 days 00:00:24.791000,0 days 00:00:24.744000,0 days 00:00:22.256000,0 days 01:00:24.381000,0 days 01:00:49.125000,0 days 01:01:11.381000,272.0,283.0,293.0,303.0,False,SOFT,4.0,True,Williams,0 days 00:59:59.590000,,1,,False,,False,True
2021-13,FP3,0 days 01:02:46.472000,RUS,63,0 days 00:01:35.091000,14.0,3.0,,0 days 01:02:44.796000,0 days 00:00:32.745000,0 days 00:00:34.046000,0 days 00:00:28.300000,0 days 01:01:44.126000,0 days 01:02:18.172000,0 days 01:02:46.472000,253.0,252.0,,239.0,False,SOFT,5.0,True,Williams,0 days 01:01:11.381000,,1,,False,,False,False
2021-13,FP3,0 days 01:04:48.667000,RUS,63,0 days 00:02:02.195000,15.0,4.0,0 days 01:03:07.929000,,0 days 00:00:56.008000,0 days 00:00:37.366000,0 days 00:00:28.821000,0 days 01:03:42.480000,0 days 01:04:19.846000,0 days 01:04:48.667000,168.0,261.0,296.0,239.0,False,SOFT,6.0,False,Williams,0 days 01:02:46.472000,,1,,False,,False,False
2021-13,FP3,0 days 01:06:00.370000,RUS,63,0 days 00:01:11.703000,16.0,4.0,,,0 days 00:00:24.806000,0 days 00:00:24.769000,0 days 00:00:22.128000,0 days 01:05:13.473000,0 days 01:05:38.242000,0 days 01:06:00.370000,276.0,283.0,292.0,303.0,False,SOFT,7.0,False,Williams,0 days 01:04:48.667000,,1,,False,,False,True
2021-13,FP3,0 days 01:07:22.163000,RUS,63,0 days 00:01:21.793000,17.0,4.0,,0 days 01:07:20.850000,0 days 00:00:27.574000,0 days 00:00:27.210000,0 days 00:00:27.009000,0 days 01:06:27.944000,0 days 01:06:55.154000,0 days 01:07:22.163000,256.0,265.0,,259.0,False,SOFT,8.0,False,Williams,0 days 01:06:00.370000,,1,,False,,False,False
2021-13,FP3,0 days 01:13:50.523000,RUS,63,,18.0,5.0,0 days 01:12:18.897000,,,0 days 00:00:28.952000,0 days 00:00:29.945000,,0 days 01:13:20.633000,0 days 01:13:50.650000,216.0,276.0,232.0,259.0,False,SOFT,9.0,False,Williams,0 days 01:07:22.163000,,1,,False,,False,False
2021-13,FP3,0 days 01:15:55.328000,RUS,63,0 days 00:02:04.805000,19.0,5.0,,,0 days 00:00:34.499000,0 days 00:00:36.182000,0 days 00:00:54.124000,0 days 01:14:25.022000,0 days 01:15:01.204000,0 days 01:15:55.328000,212.0,262.0,59.0,218.0,False,SOFT,10.0,False,Williams,0 days 01:13:50.523000,,1,,False,,False,True
2021-13,FP3,0 days 01:17:39.336000,RUS,63,0 days 00:01:44.008000,20.0,5.0,,0 days 01:17:37.813000,0 days 00:00:44.671000,0 days 00:00:30.119000,0 days 00:00:29.218000,0 days 01:16:39.999000,0 days 01:17:10.118000,0 days 01:17:39.336000,224.0,263.0,,210.0,False,SOFT,11.0,False,Williams,0 days 01:15:55.328000,,1,,False,,False,False
2021-13,FP3,0 days 00:44:59.804000,BOT,77,,1.0,1.0,0 days 00:32:10.670000,0 days 00:33:53.660000,,0 days 00:00:29.717000,,,0 days 00:33:12.975000,,255.0,268.0,,,False,SOFT,1.0,True,Mercedes,0 days 00:32:10.670000,,125,,False,,False,False
2021-13,FP3,0 days 00:46:47.440000,BOT,77,,2.0,2.0,0 days 00:44:59.804000,,,0 days 00:00:29.460000,0 days 00:00:33.956000,,0 days 00:46:13.516000,0 days 00:46:47.565000,256.0,171.0,298.0,,False,SOFT,1.0,False,Mercedes,0 days 00:44:59.804000,,1,,False,,False,False
2021-13,FP3,0 days 00:47:58.657000,BOT,77,0 days 00:01:11.217000,3.0,2.0,,,0 days 00:00:25.064000,0 days 00:00:24.156000,0 days 00:00:21.997000,0 days 00:47:12.504000,0 days 00:47:36.660000,0 days 00:47:58.657000,272.0,283.0,302.0,307.0,True,SOFT,2.0,False,Mercedes,0 days 00:46:47.440000,,1,,False,,False,True
2021-13,FP3,0 days 00:49:45.638000,BOT,77,0 days 00:01:46.981000,4.0,2.0,,0 days 00:49:44.333000,0 days 00:00:32.830000,0 days 00:00:35.750000,0 days 00:00:38.401000,0 days 00:48:31.487000,0 days 00:49:07.237000,0 days 00:49:45.638000,252.0,230.0,,271.0,False,SOFT,3.0,False,Mercedes,0 days 00:47:58.657000,,1,,False,,False,False
2021-13,FP3,0 days 00:51:42.918000,BOT,77,0 days 00:01:57.280000,5.0,3.0,0 days 00:50:12.738000,,0 days 00:00:58.785000,0 days 00:00:31.218000,0 days 00:00:27.277000,0 days 00:50:44.423000,0 days 00:51:15.641000,0 days 00:51:42.918000,257.0,235.0,298.0,271.0,False,SOFT,4.0,False,Mercedes,0 days 00:49:45.638000,,1,,False,,False,False
2021-13,FP3,0 days 00:52:54.152000,BOT,77,0 days 00:01:11.234000,6.0,3.0,,,0 days 00:00:25.062000,0 days 00:00:24.319000,0 days 00:00:21.853000,0 days 00:52:07.980000,0 days 00:52:32.299000,0 days 00:52:54.152000,272.0,284.0,300.0,305.0,False,SOFT,5.0,False,Mercedes,0 days 00:51:42.918000,,1,,False,,False,True
2021-13,FP3,0 days 00:54:24.637000,BOT,77,0 days 00:01:30.485000,7.0,3.0,,,0 days 00:00:32.203000,0 days 00:00:32.350000,0 days 00:00:25.932000,0 days 00:53:26.355000,0 days 00:53:58.705000,0 days 00:54:24.637000,251.0,241.0,298.0,271.0,False,SOFT,6.0,False,Mercedes,0 days 00:52:54.152000,,1,,False,,False,True
2021-13,FP3,0 days 00:55:47.107000,BOT,77,0 days 00:01:22.470000,8.0,3.0,,0 days 00:55:45.491000,0 days 00:00:25.032000,0 days 00:00:28.967000,0 days 00:00:28.471000,0 days 00:54:49.669000,0 days 00:55:18.636000,0 days 00:55:47.107000,265.0,260.0,,304.0,False,SOFT,7.0,False,Mercedes,0 days 00:54:24.637000,,1,,False,,False,False
2021-13,FP3,0 days 01:00:29.454000,BOT,77,,9.0,4.0,0 days 00:58:54.719000,,,0 days 00:00:36.479000,0 days 00:00:23.413000,,0 days 01:00:06.041000,0 days 01:00:29.601000,254.0,266.0,302.0,304.0,False,SOFT,1.0,True,Mercedes,0 days 00:55:47.107000,,12,,False,,False,False
2021-13,FP3,0 days 01:01:39.633000,BOT,77,0 days 00:01:10.179000,10.0,4.0,,,0 days 00:00:24.530000,0 days 00:00:24.031000,0 days 00:00:21.618000,0 days 01:00:53.984000,0 days 01:01:18.015000,0 days 01:01:39.633000,277.0,287.0,300.0,310.0,True,SOFT,2.0,True,Mercedes,0 days 01:00:29.454000,,1,,False,,False,True
2021-13,FP3,0 days 01:03:20.612000,BOT,77,0 days 00:01:40.979000,11.0,4.0,,0 days 01:03:19.656000,0 days 00:00:32.869000,0 days 00:00:33.660000,0 days 00:00:34.450000,0 days 01:02:12.502000,0 days 01:02:46.162000,0 days 01:03:20.612000,218.0,246.0,,253.0,False,SOFT,3.0,True,Mercedes,0 days 01:01:39.633000,,1,,False,,False,False
2021-13,FP3,0 days 01:05:25.776000,BOT,77,0 days 00:02:05.164000,12.0,5.0,0 days 01:03:47.206000,,0 days 00:01:00.593000,0 days 00:00:35.288000,0 days 00:00:29.283000,0 days 01:04:21.205000,0 days 01:04:56.493000,0 days 01:05:25.776000,258.0,245.0,297.0,253.0,False,SOFT,4.0,False,Mercedes,0 days 01:03:20.612000,,1,,False,,False,False
2021-13,FP3,0 days 01:06:36.323000,BOT,77,0 days 00:01:10.547000,13.0,5.0,,,0 days 00:00:24.734000,0 days 00:00:24.073000,0 days 00:00:21.740000,0 days 01:05:50.510000,0 days 01:06:14.583000,0 days 01:06:36.323000,275.0,285.0,298.0,304.0,False,SOFT,5.0,False,Mercedes,0 days 01:05:25.776000,,1,,False,,False,True
2021-13,FP3,0 days 01:08:13.430000,BOT,77,0 days 00:01:37.107000,14.0,5.0,,0 days 01:08:13.398000,0 days 00:00:29.051000,0 days 00:00:29.254000,0 days 00:00:38.802000,0 days 01:07:05.374000,0 days 01:07:34.628000,0 days 01:08:13.430000,252.0,261.0,,270.0,False,SOFT,6.0,False,Mercedes,0 days 01:06:36.323000,,1,,False,,False,False
2021-13,FP3,0 days 01:14:25.840000,BOT,77,,15.0,6.0,0 days 01:13:00.264000,,,0 days 00:00:28.467000,0 days 00:00:25.991000,,0 days 01:13:59.868000,0 days 01:14:25.971000,255.0,256.0,267.0,270.0,False,SOFT,7.0,False,Mercedes,0 days 01:08:13.430000,,1,,False,,False,False
2021-13,FP3,0 days 01:16:31.438000,BOT,77,0 days 00:02:05.598000,16.0,6.0,,,0 days 00:00:31.424000,0 days 00:00:30.481000,0 days 00:01:03.693000,0 days 01:14:57.264000,0 days 01:15:27.745000,0 days 01:16:31.438000,213.0,152.0,28.0,243.0,False,SOFT,8.0,False,Mercedes,0 days 01:14:25.840000,,1,,False,,False,True
2021-13,FP3,0 days 01:18:33.301000,BOT,77,0 days 00:02:01.863000,17.0,6.0,,0 days 01:18:31.749000,0 days 00:00:48.651000,0 days 00:00:39.810000,0 days 00:00:33.402000,0 days 01:17:20.089000,0 days 01:17:59.899000,0 days 01:18:33.301000,245.0,117.0,,213.0,False,SOFT,9.0,False,Mercedes,0 days 01:16:31.438000,,1,,False,,False,False
2021-13,FP3,0 days 00:15:10.906000,KUB,88,,1.0,1.0,0 days 00:13:45.159000,,,0 days 00:00:29.613000,0 days 00:00:24.958000,,0 days 00:14:45.998000,0 days 00:15:11.304000,244.0,259.0,297.0,,False,SOFT,1.0,True,Alfa Romeo Racing,0 days 00:13:45.159000,,1,,False,,False,False
2021-13,FP3,0 days 00:16:26.760000,KUB,88,0 days 00:01:15.854000,2.0,1.0,,,0 days 00:00:26.656000,0 days 00:00:26.189000,0 days 00:00:23.009000,0 days 00:15:37.562000,0 days 00:16:03.751000,0 days 00:16:26.760000,272.0,285.0,299.0,302.0,True,SOFT,2.0,True,Alfa Romeo Racing,0 days 00:15:10.906000,,1,,False,,False,True
2021-13,FP3,0 days 00:17:41.977000,KUB,88,0 days 00:01:15.217000,3.0,1.0,,,0 days 00:00:26.176000,0 days 00:00:25.809000,0 days 00:00:23.232000,0 days 00:16:52.936000,0 days 00:17:18.745000,0 days 00:17:41.977000,273.0,283.0,300.0,305.0,True,SOFT,3.0,True,Alfa Romeo Racing,0 days 00:16:26.760000,,1,,False,,False,True
2021-13,FP3,0 days 00:19:10.732000,KUB,88,0 days 00:01:28.755000,4.0,1.0,,,0 days 00:00:28.685000,0 days 00:00:32.732000,0 days 00:00:27.338000,0 days 00:18:10.662000,0 days 00:18:43.394000,0 days 00:19:10.732000,212.0,220.0,300.0,307.0,False,SOFT,4.0,True,Alfa Romeo Racing,0 days 00:17:41.977000,,1,,False,,False,True
2021-13,FP3,0 days 00:20:26.090000,KUB,88,0 days 00:01:15.358000,5.0,1.0,,,0 days 00:00:26.376000,0 days 00:00:25.779000,0 days 00:00:23.203000,0 days 00:19:37.108000,0 days 00:20:02.887000,0 days 00:20:26.090000,272.0,285.0,302.0,305.0,False,SOFT,5.0,True,Alfa Romeo Racing,0 days 00:19:10.732000,,1,,False,,False,True
2021-13,FP3,0 days 00:21:41.261000,KUB,88,0 days 00:01:15.171000,6.0,1.0,,,0 days 00:00:26.224000,0 days 00:00:25.843000,0 days 00:00:23.104000,0 days 00:20:52.314000,0 days 00:21:18.157000,0 days 00:21:41.261000,275.0,282.0,301.0,308.0,True,SOFT,6.0,True,Alfa Romeo Racing,0 days 00:20:26.090000,,1,,False,,False,True
2021-13,FP3,0 days 00:23:32.695000,KUB,88,0 days 00:01:51.434000,7.0,1.0,,,0 days 00:00:37.263000,0 days 00:00:46.632000,0 days 00:00:27.539000,0 days 00:22:18.524000,0 days 00:23:05.156000,0 days 00:23:32.695000,152.0,147.0,299.0,237.0,False,SOFT,7.0,True,Alfa Romeo Racing,0 days 00:21:41.261000,,1,,False,,False,True
2021-13,FP3,0 days 00:24:47.702000,KUB,88,0 days 00:01:15.007000,8.0,1.0,,,0 days 00:00:26.195000,0 days 00:00:25.812000,0 days 00:00:23,0 days 00:23:58.890000,0 days 00:24:24.702000,0 days 00:24:47.702000,272.0,284.0,303.0,306.0,True,SOFT,8.0,True,Alfa Romeo Racing,0 days 00:23:32.695000,,1,,False,,False,True
2021-13,FP3,0 days 00:26:13.047000,KUB,88,0 days 00:01:25.345000,9.0,1.0,,0 days 00:26:11.519000,0 days 00:00:28.069000,0 days 00:00:27.770000,0 days 00:00:29.506000,0 days 00:25:15.771000,0 days 00:25:43.541000,0 days 00:26:13.047000,248.0,260.0,,274.0,False,SOFT,9.0,True,Alfa Romeo Racing,0 days 00:24:47.702000,,1,,False,,False,False
2021-13,FP3,0 days 00:46:22.861000,KUB,88,,10.0,2.0,0 days 00:44:48.473000,,,0 days 00:00:31.575000,0 days 00:00:29.926000,,0 days 00:45:52.935000,0 days 00:46:23,243.0,233.0,299.0,274.0,False,SOFT,10.0,False,Alfa Romeo Racing,0 days 00:44:48.473000,,1,,False,,False,False
2021-13,FP3,0 days 00:47:36.866000,KUB,88,0 days 00:01:14.005000,11.0,2.0,,,0 days 00:00:25.927000,0 days 00:00:25.465000,0 days 00:00:22.613000,0 days 00:46:48.788000,0 days 00:47:14.253000,0 days 00:47:36.866000,274.0,285.0,300.0,310.0,True,SOFT,11.0,False,Alfa Romeo Racing,0 days 00:46:22.861000,,1,,False,,False,True
2021-13,FP3,0 days 00:49:30.349000,KUB,88,0 days 00:01:53.483000,12.0,2.0,,,0 days 00:00:42.941000,0 days 00:00:39.608000,0 days 00:00:30.934000,0 days 00:48:19.807000,0 days 00:48:59.415000,0 days 00:49:30.349000,170.0,245.0,301.0,268.0,False,SOFT,12.0,False,Alfa Romeo Racing,0 days 00:47:36.866000,,1,,False,,False,True
2021-13,FP3,0 days 00:50:43.982000,KUB,88,0 days 00:01:13.633000,13.0,2.0,,,0 days 00:00:25.802000,0 days 00:00:25.266000,0 days 00:00:22.565000,0 days 00:49:56.151000,0 days 00:50:21.417000,0 days 00:50:43.982000,275.0,286.0,309.0,311.0,True,SOFT,13.0,False,Alfa Romeo Racing,0 days 00:49:30.349000,,1,,False,,False,True
2021-13,FP3,0 days 00:52:11.779000,KUB,88,0 days 00:01:27.797000,14.0,2.0,,0 days 00:52:11.753000,0 days 00:00:28.296000,0 days 00:00:29.594000,0 days 00:00:29.907000,0 days 00:51:12.278000,0 days 00:51:41.872000,0 days 00:52:11.779000,249.0,175.0,,283.0,False,SOFT,14.0,False,Alfa Romeo Racing,0 days 00:50:43.982000,,1,,False,,False,False
2021-13,FP3,0 days 00:56:08.933000,KUB,88,,15.0,3.0,0 days 00:54:37.838000,,,0 days 00:00:31.456000,0 days 00:00:26.502000,,0 days 00:55:42.433000,0 days 00:56:09.048000,248.0,225.0,300.0,283.0,False,SOFT,1.0,True,Alfa Romeo Racing,0 days 00:52:11.779000,,1,,False,,False,False
2021-13,FP3,0 days 00:57:37.667000,KUB,88,0 days 00:01:28.734000,16.0,3.0,,0 days 00:57:37.739000,0 days 00:00:25.426000,0 days 00:00:30.772000,0 days 00:00:32.536000,0 days 00:56:34.359000,0 days 00:57:05.131000,0 days 00:57:37.667000,277.0,212.0,,309.0,False,SOFT,2.0,True,Alfa Romeo Racing,0 days 00:56:08.933000,,12,,False,,False,False
2021-13,FP3,0 days 00:59:40.872000,KUB,88,0 days 00:02:03.205000,17.0,4.0,0 days 00:58:00.064000,,0 days 00:00:56.686000,0 days 00:00:38.725000,0 days 00:00:27.794000,0 days 00:58:34.353000,0 days 00:59:13.078000,0 days 00:59:40.872000,165.0,202.0,299.0,309.0,False,SOFT,3.0,False,Alfa Romeo Racing,0 days 00:57:37.667000,,1,,False,,False,False
2021-13,FP3,0 days 01:00:53.433000,KUB,88,0 days 00:01:12.561000,18.0,4.0,,,0 days 00:00:25.529000,0 days 00:00:24.895000,0 days 00:00:22.137000,0 days 01:00:06.401000,0 days 01:00:31.296000,0 days 01:00:53.433000,275.0,286.0,305.0,308.0,True,SOFT,4.0,False,Alfa Romeo Racing,0 days 00:59:40.872000,,1,,False,,False,True
2021-13,FP3,0 days 01:02:54.363000,KUB,88,0 days 00:02:00.930000,19.0,4.0,,,0 days 00:00:46.306000,0 days 00:00:43.679000,0 days 00:00:30.945000,0 days 01:01:39.739000,0 days 01:02:23.418000,0 days 01:02:54.363000,118.0,155.0,300.0,259.0,False,SOFT,5.0,False,Alfa Romeo Racing,0 days 01:00:53.433000,,1,,False,,False,True
2021-13,FP3,0 days 01:04:06.525000,KUB,88,0 days 00:01:12.162000,20.0,4.0,,,0 days 00:00:25.266000,0 days 00:00:24.737000,0 days 00:00:22.159000,0 days 01:03:19.629000,0 days 01:03:44.366000,0 days 01:04:06.525000,278.0,287.0,305.0,310.0,True,SOFT,6.0,False,Alfa Romeo Racing,0 days 01:02:54.363000,,1,,False,,False,True
2021-13,FP3,0 days 01:05:52.917000,KUB,88,0 days 00:01:46.392000,21.0,4.0,,,0 days 00:00:39.303000,0 days 00:00:39.842000,0 days 00:00:27.247000,0 days 01:04:45.828000,0 days 01:05:25.670000,0 days 01:05:52.917000,245.0,240.0,300.0,259.0,False,SOFT,7.0,False,Alfa Romeo Racing,0 days 01:04:06.525000,,1,,False,,False,True
2021-13,FP3,0 days 01:07:05.459000,KUB,88,0 days 00:01:12.542000,22.0,4.0,,,0 days 00:00:25.158000,0 days 00:00:24.947000,0 days 00:00:22.437000,0 days 01:06:18.075000,0 days 01:06:43.022000,0 days 01:07:05.459000,277.0,287.0,303.0,310.0,False,SOFT,8.0,False,Alfa Romeo Racing,0 days 01:05:52.917000,,1,,False,,False,True
2021-13,FP3,0 days 01:08:33.692000,KUB,88,0 days 00:01:28.233000,23.0,4.0,,0 days 01:08:33.749000,0 days 00:00:29.122000,0 days 00:00:30.893000,0 days 00:00:28.218000,0 days 01:07:34.581000,0 days 01:08:05.474000,0 days 01:08:33.692000,236.0,260.0,,290.0,False,SOFT,9.0,False,Alfa Romeo Racing,0 days 01:07:05.459000,,1,,False,,False,False
2021-13,FP3,0 days 01:12:03.637000,KUB,88,,24.0,5.0,0 days 01:10:43.835000,,,0 days 00:00:27.310000,0 days 00:00:25.082000,,0 days 01:11:38.570000,0 days 01:12:03.770000,261.0,262.0,285.0,290.0,False,SOFT,10.0,False,Alfa Romeo Racing,0 days 01:08:33.692000,,1,,False,,False,False
2021-13,FP3,0 days 01:13:18.026000,KUB,88,0 days 00:01:14.389000,25.0,5.0,,,0 days 00:00:25.943000,0 days 00:00:25.806000,0 days 00:00:22.640000,0 days 01:12:29.580000,0 days 01:12:55.386000,0 days 01:13:18.026000,279.0,285.0,311.0,287.0,False,SOFT,11.0,False,Alfa Romeo Racing,0 days 01:12:03.637000,,1,,False,,False,True
2021-13,FP3,0 days 01:14:33.524000,KUB,88,0 days 00:01:15.498000,26.0,5.0,,,0 days 00:00:25.835000,0 days 00:00:26.768000,0 days 00:00:22.895000,0 days 01:13:43.861000,0 days 01:14:10.629000,0 days 01:14:33.524000,279.0,286.0,301.0,313.0,False,SOFT,12.0,False,Alfa Romeo Racing,0 days 01:13:18.026000,,1,,False,,False,True
2021-13,FP3,0 days 01:17:11.379000,KUB,88,,27.0,5.0,,,0 days 00:00:33.471000,0 days 00:00:34,0 days 00:01:30.375000,0 days 01:15:07.004000,0 days 01:15:41.456000,0 days 01:17:11.468000,204.0,198.0,3.0,226.0,False,SOFT,13.0,False,Alfa Romeo Racing,0 days 01:14:33.524000,,1,,False,,False,False
2021-13,FP3,0 days 01:18:41.608000,KUB,88,0 days 00:01:30.229000,28.0,5.0,,0 days 01:18:40.553000,0 days 00:00:28.600000,0 days 00:00:27.899000,0 days 00:00:33.730000,0 days 01:17:39.979000,0 days 01:18:07.878000,0 days 01:18:41.608000,273.0,197.0,,240.0,False,SOFT,14.0,False,Alfa Romeo Racing,0 days 01:17:11.379000,,1,,False,,False,False
2021-13,FP3,0 days 00:25:42.918000,GIO,99,,1.0,1.0,0 days 00:24:02.640000,,,0 days 00:00:35.203000,0 days 00:00:29.674000,,0 days 00:25:13.245000,0 days 00:25:43.052000,104.0,138.0,297.0,,False,MEDIUM,1.0,True,Alfa Romeo Racing,0 days 00:24:02.640000,,1,,False,,False,False
2021-13,FP3,0 days 00:26:55.576000,GIO,99,0 days 00:01:12.658000,2.0,1.0,,,0 days 00:00:25.441000,0 days 00:00:24.879000,0 days 00:00:22.338000,0 days 00:26:08.359000,0 days 00:26:33.238000,0 days 00:26:55.576000,274.0,285.0,306.0,306.0,True,MEDIUM,2.0,True,Alfa Romeo Racing,0 days 00:25:42.918000,,1,,False,,False,True
2021-13,FP3,0 days 00:28:40.966000,GIO,99,0 days 00:01:45.390000,3.0,1.0,,,0 days 00:00:37.946000,0 days 00:00:39.311000,0 days 00:00:28.133000,0 days 00:27:33.522000,0 days 00:28:12.833000,0 days 00:28:40.966000,137.0,160.0,300.0,203.0,False,MEDIUM,3.0,True,Alfa Romeo Racing,0 days 00:26:55.576000,,1,,False,,False,True
2021-13,FP3,0 days 00:29:52.934000,GIO,99,0 days 00:01:11.968000,4.0,1.0,,,0 days 00:00:25.050000,0 days 00:00:24.695000,0 days 00:00:22.223000,0 days 00:29:06.016000,0 days 00:29:30.711000,0 days 00:29:52.934000,277.0,285.0,305.0,312.0,True,MEDIUM,4.0,True,Alfa Romeo Racing,0 days 00:28:40.966000,,1,,False,,False,True
2021-13,FP3,0 days 00:31:41.883000,GIO,99,0 days 00:01:48.949000,5.0,1.0,,,0 days 00:00:38.548000,0 days 00:00:41.806000,0 days 00:00:28.595000,0 days 00:30:31.482000,0 days 00:31:13.288000,0 days 00:31:41.883000,152.0,158.0,301.0,223.0,False,MEDIUM,5.0,True,Alfa Romeo Racing,0 days 00:29:52.934000,,1,,False,,False,True
2021-13,FP3,0 days 00:32:53.901000,GIO,99,0 days 00:01:12.018000,6.0,1.0,,,0 days 00:00:25.057000,0 days 00:00:24.734000,0 days 00:00:22.227000,0 days 00:32:06.940000,0 days 00:32:31.674000,0 days 00:32:53.901000,273.0,287.0,303.0,312.0,False,MEDIUM,6.0,True,Alfa Romeo Racing,0 days 00:31:41.883000,,1,,False,,False,True
2021-13,FP3,0 days 00:55:00.151000,GIO,99,,7.0,1.0,,0 days 00:34:46.614000,0 days 00:00:39.570000,,,0 days 00:33:33.482000,,,188.0,,,211.0,False,MEDIUM,7.0,True,Alfa Romeo Racing,0 days 00:32:53.901000,,125,,False,,False,False
2021-13,FP3,0 days 00:56:39.405000,GIO,99,,8.0,2.0,0 days 00:55:00.151000,,,0 days 00:00:36.453000,0 days 00:00:26.782000,,0 days 00:56:12.656000,0 days 00:56:39.539000,183.0,175.0,298.0,211.0,False,SOFT,1.0,True,Alfa Romeo Racing,0 days 00:55:00.151000,,12,,False,,False,False
2021-13,FP3,0 days 00:57:51.178000,GIO,99,0 days 00:01:11.773000,9.0,2.0,,,0 days 00:00:24.756000,0 days 00:00:25.102000,0 days 00:00:21.915000,0 days 00:57:04.161000,0 days 00:57:29.263000,0 days 00:57:51.178000,275.0,286.0,304.0,307.0,True,SOFT,2.0,True,Alfa Romeo Racing,0 days 00:56:39.405000,,21,,False,,False,True
2021-13,FP3,0 days 00:59:46.136000,GIO,99,0 days 00:01:54.958000,10.0,2.0,,,0 days 00:00:42.186000,0 days 00:00:44.044000,0 days 00:00:28.728000,0 days 00:58:33.364000,0 days 00:59:17.408000,0 days 00:59:46.136000,116.0,156.0,300.0,218.0,False,SOFT,3.0,True,Alfa Romeo Racing,0 days 00:57:51.178000,,1,,False,,False,True
2021-13,FP3,0 days 01:00:57.531000,GIO,99,0 days 00:01:11.395000,11.0,2.0,,,0 days 00:00:24.670000,0 days 00:00:24.684000,0 days 00:00:22.041000,0 days 01:00:10.806000,0 days 01:00:35.490000,0 days 01:00:57.531000,280.0,285.0,305.0,310.0,True,SOFT,4.0,True,Alfa Romeo Racing,0 days 00:59:46.136000,,1,,False,,False,True
2021-13,FP3,0 days 01:02:49.646000,GIO,99,0 days 00:01:52.115000,12.0,2.0,,,0 days 00:00:41.102000,0 days 00:00:42.108000,0 days 00:00:28.905000,0 days 01:01:38.633000,0 days 01:02:20.741000,0 days 01:02:49.646000,121.0,150.0,300.0,214.0,False,SOFT,5.0,True,Alfa Romeo Racing,0 days 01:00:57.531000,,1,,False,,False,True
2021-13,FP3,0 days 01:04:00.945000,GIO,99,0 days 00:01:11.299000,13.0,2.0,,,0 days 00:00:24.624000,0 days 00:00:24.660000,0 days 00:00:22.015000,0 days 01:03:14.270000,0 days 01:03:38.930000,0 days 01:04:00.945000,276.0,286.0,305.0,309.0,True,SOFT,6.0,True,Alfa Romeo Racing,0 days 01:02:49.646000,,1,,False,,False,True
2021-13,FP3,0 days 01:05:27.431000,GIO,99,0 days 00:01:26.486000,14.0,2.0,,0 days 01:05:25.882000,0 days 00:00:29.519000,0 days 00:00:28.003000,0 days 00:00:28.964000,0 days 01:04:30.464000,0 days 01:04:58.467000,0 days 01:05:27.431000,250.0,251.0,,244.0,False,SOFT,7.0,True,Alfa Romeo Racing,0 days 01:04:00.945000,,1,,False,,False,False
2021-13,FP3,0 days 01:10:18.721000,GIO,99,,15.0,3.0,0 days 01:08:53.941000,,,0 days 00:00:28.936000,0 days 00:00:25.984000,,0 days 01:09:52.743000,0 days 01:10:18.838000,208.0,249.0,285.0,244.0,False,SOFT,8.0,False,Alfa Romeo Racing,0 days 01:05:27.431000,,1,,False,,False,False
2021-13,FP3,0 days 01:11:33.023000,GIO,99,0 days 00:01:14.302000,16.0,3.0,,,0 days 00:00:25.861000,0 days 00:00:25.744000,0 days 00:00:22.697000,0 days 01:10:44.582000,0 days 01:11:10.326000,0 days 01:11:33.023000,273.0,274.0,287.0,286.0,False,SOFT,9.0,False,Alfa Romeo Racing,0 days 01:10:18.721000,,1,,False,,False,True
2021-13,FP3,0 days 01:12:50.631000,GIO,99,0 days 00:01:17.608000,17.0,3.0,,0 days 01:12:50.379000,0 days 00:00:25.969000,0 days 00:00:25.750000,0 days 00:00:25.889000,0 days 01:11:58.992000,0 days 01:12:24.742000,0 days 01:12:50.631000,273.0,274.0,,288.0,False,SOFT,10.0,False,Alfa Romeo Racing,0 days 01:11:33.023000,,1,,False,,False,False
2021-13,FP3,0 days 01:14:39.006000,GIO,99,0 days 00:01:48.375000,18.0,4.0,0 days 01:13:03.091000,,0 days 00:00:42.468000,0 days 00:00:32.782000,0 days 00:00:33.125000,0 days 01:13:33.099000,0 days 01:14:05.881000,0 days 01:14:39.006000,253.0,252.0,261.0,288.0,False,SOFT,11.0,False,Alfa Romeo Racing,0 days 01:12:50.631000,,1,,False,,False,False
2021-13,FP3,0 days 01:16:44.700000,GIO,99,0 days 00:02:05.694000,19.0,4.0,,,0 days 00:00:31.606000,0 days 00:00:28.635000,0 days 00:01:05.453000,0 days 01:15:10.612000,0 days 01:15:39.247000,0 days 01:16:44.700000,250.0,253.0,8.0,209.0,False,SOFT,12.0,False,Alfa Romeo Racing,0 days 01:14:39.006000,,1,,False,,False,True
2021-13,FP3,0 days 01:18:50.629000,GIO,99,0 days 00:02:05.929000,20.0,4.0,,0 days 01:18:50.596000,0 days 00:00:48.351000,0 days 00:00:37.323000,0 days 00:00:40.255000,0 days 01:17:33.051000,0 days 01:18:10.374000,0 days 01:18:50.629000,170.0,219.0,,215.0,False,SOFT,13.0,False,Alfa Romeo Racing,0 days 01:16:44.700000,,1,,False,,False,False
