event_id,Session,Time,Driver,DriverNumber,LapTime,LapNumber,Stint,PitOutTime,PitInTime,Sector1Time,Sector2Time,Sector3Time,Sector1SessionTime,Sector2SessionTime,Sector3SessionTime,SpeedI1,SpeedI2,SpeedFL,SpeedST,IsPersonalBest,Compound,TyreLife,FreshTyre,Team,LapStartTime,LapStartDate,TrackStatus,Position,Deleted,DeletedReason,FastF1Generated,IsAccurate
2023-09,FP1,0 days 00:15:48.884000,VER,1,,1.0,1.0,0 days 00:14:31.410000,,,0 days 00:00:33.665000,0 days 00:00:22.108000,,0 days 00:15:27.003000,0 days 00:15:48.956000,286.0,225.0,278.0,277.0,False,HARD,1.0,True,Red Bull Racing,0 days 00:14:31.410000,,1,,False,,False,False
2023-09,FP1,0 days 00:16:56.978000,VER,1,0 days 00:01:08.094000,2.0,1.0,,,0 days 00:00:17.006000,0 days 00:00:30.474000,0 days 00:00:20.614000,0 days 00:16:05.890000,0 days 00:16:36.364000,0 days 00:16:56.978000,316.0,233.0,280.0,313.0,True,HARD,2.0,True,Red Bull Racing,0 days 00:15:48.884000,,1,,False,,False,True
2023-09,FP1,0 days 00:18:49.853000,VER,1,0 days 00:01:52.875000,3.0,1.0,,,0 days 00:00:28.445000,0 days 00:00:53.472000,0 days 00:00:30.958000,0 days 00:17:25.423000,0 days 00:18:18.895000,0 days 00:18:49.853000,125.0,151.0,282.0,89.0,False,HARD,3.0,True,Red Bull Racing,0 days 00:16:56.978000,,1,,False,,False,True
2023-09,FP1,0 days 00:19:56.998000,VER,1,0 days 00:01:07.145000,4.0,1.0,,,0 days 00:00:16.892000,0 days 00:00:29.903000,0 days 00:00:20.350000,0 days 00:19:06.745000,0 days 00:19:36.648000,0 days 00:19:56.998000,317.0,240.0,280.0,314.0,True,HARD,4.0,True,Red Bull Racing,0 days 00:18:49.853000,,1,,False,,False,True
2023-09,FP1,0 days 00:22:01.190000,VER,1,0 days 00:02:04.192000,5.0,1.0,,,0 days 00:00:30.214000,0 days 00:01:06.887000,0 days 00:00:27.091000,0 days 00:20:27.212000,0 days 00:21:34.099000,0 days 00:22:01.190000,116.0,115.0,283.0,116.0,False,HARD,5.0,True,Red Bull Racing,0 days 00:19:56.998000,,1,,False,,False,True
2023-09,FP1,0 days 00:23:08.151000,VER,1,0 days 00:01:06.961000,6.0,1.0,,,0 days 00:00:16.758000,0 days 00:00:29.827000,0 days 00:00:20.376000,0 days 00:22:17.948000,0 days 00:22:47.775000,0 days 00:23:08.151000,318.0,240.0,273.0,315.0,True,HARD,6.0,True,Red Bull Racing,0 days 00:22:01.190000,,1,,False,,False,True
2023-09,FP1,0 days 00:25:11.468000,VER,1,0 days 00:02:03.317000,7.0,1.0,,0 days 00:25:08.164000,0 days 00:00:29.282000,0 days 00:00:56.471000,0 days 00:00:37.564000,0 days 00:23:37.433000,0 days 00:24:33.904000,0 days 00:25:11.468000,116.0,84.0,,128.0,False,HARD,7.0,True,Red Bull Racing,0 days 00:23:08.151000,,1,,False,,False,False
2023-09,FP1,0 days 00:27:05.576000,VER,1,0 days 00:01:54.108000,8.0,2.0,0 days 00:25:24.305000,,0 days 00:00:38.618000,0 days 00:00:49.595000,0 days 00:00:25.895000,0 days 00:25:50.086000,0 days 00:26:39.681000,0 days 00:27:05.576000,129.0,174.0,283.0,143.0,False,HARD,8.0,False,Red Bull Racing,0 days 00:25:11.468000,,1,,False,,False,False
2023-09,FP1,0 days 00:28:12.174000,VER,1,0 days 00:01:06.598000,9.0,2.0,,,0 days 00:00:16.723000,0 days 00:00:29.696000,0 days 00:00:20.179000,0 days 00:27:22.299000,0 days 00:27:51.995000,0 days 00:28:12.174000,321.0,238.0,275.0,316.0,True,HARD,9.0,False,Red Bull Racing,0 days 00:27:05.576000,,1,,False,,False,True
2023-09,FP1,0 days 00:29:29.364000,VER,1,0 days 00:01:17.190000,10.0,2.0,,0 days 00:29:26.082000,0 days 00:00:18.008000,0 days 00:00:33.417000,0 days 00:00:25.765000,0 days 00:28:30.182000,0 days 00:29:03.599000,0 days 00:29:29.364000,277.0,220.0,,250.0,False,HARD,10.0,False,Red Bull Racing,0 days 00:28:12.174000,,1,,False,,False,False
2023-09,FP1,0 days 00:38:01.946000,VER,1,,11.0,3.0,0 days 00:36:49.199000,,,0 days 00:00:32.948000,0 days 00:00:21.830000,,0 days 00:37:40.541000,0 days 00:38:01.963000,262.0,220.0,267.0,284.0,False,HARD,11.0,False,Red Bull Racing,0 days 00:29:29.364000,,1,,False,,False,False
2023-09,FP1,0 days 00:39:12.884000,VER,1,0 days 00:01:10.938000,12.0,3.0,,,0 days 00:00:17.815000,0 days 00:00:31.621000,0 days 00:00:21.502000,0 days 00:38:19.761000,0 days 00:38:51.382000,0 days 00:39:12.884000,289.0,223.0,268.0,286.0,False,HARD,12.0,False,Red Bull Racing,0 days 00:38:01.946000,,1,,False,,False,True
2023-09,FP1,0 days 00:40:23.821000,VER,1,0 days 00:01:10.937000,13.0,3.0,,,0 days 00:00:17.823000,0 days 00:00:31.664000,0 days 00:00:21.450000,0 days 00:39:30.707000,0 days 00:40:02.371000,0 days 00:40:23.821000,290.0,223.0,268.0,288.0,False,HARD,13.0,False,Red Bull Racing,0 days 00:39:12.884000,,1,,False,,False,True
2023-09,FP1,0 days 00:41:34.524000,VER,1,0 days 00:01:10.703000,14.0,3.0,,,0 days 00:00:17.752000,0 days 00:00:31.521000,0 days 00:00:21.430000,0 days 00:40:41.573000,0 days 00:41:13.094000,0 days 00:41:34.524000,292.0,226.0,269.0,289.0,False,HARD,14.0,False,Red Bull Racing,0 days 00:40:23.821000,,1,,False,,False,True
2023-09,FP1,0 days 00:42:45.237000,VER,1,0 days 00:01:10.713000,15.0,3.0,,,0 days 00:00:17.722000,0 days 00:00:31.518000,0 days 00:00:21.473000,0 days 00:41:52.246000,0 days 00:42:23.764000,0 days 00:42:45.237000,296.0,226.0,268.0,290.0,False,HARD,15.0,False,Red Bull Racing,0 days 00:41:34.524000,,1,,False,,False,True
2023-09,FP1,0 days 00:43:55.886000,VER,1,0 days 00:01:10.649000,16.0,3.0,,,0 days 00:00:17.741000,0 days 00:00:31.496000,0 days 00:00:21.412000,0 days 00:43:02.978000,0 days 00:43:34.474000,0 days 00:43:55.886000,297.0,228.0,269.0,291.0,False,HARD,16.0,False,Red Bull Racing,0 days 00:42:45.237000,,1,,False,,False,True
2023-09,FP1,0 days 00:45:06.690000,VER,1,0 days 00:01:10.804000,17.0,3.0,,,0 days 00:00:17.805000,0 days 00:00:31.570000,0 days 00:00:21.429000,0 days 00:44:13.691000,0 days 00:44:45.261000,0 days 00:45:06.690000,294.0,222.0,270.0,291.0,False,HARD,17.0,False,Red Bull Racing,0 days 00:43:55.886000,,1,,False,,False,True
2023-09,FP1,0 days 00:46:17.564000,VER,1,0 days 00:01:10.874000,18.0,3.0,,,0 days 00:00:17.782000,0 days 00:00:31.725000,0 days 00:00:21.367000,0 days 00:45:24.472000,0 days 00:45:56.197000,0 days 00:46:17.564000,290.0,227.0,270.0,291.0,False,HARD,18.0,False,Red Bull Racing,0 days 00:45:06.690000,,1,,False,,False,True
2023-09,FP1,0 days 00:47:28.510000,VER,1,0 days 00:01:10.946000,19.0,3.0,,,0 days 00:00:17.885000,0 days 00:00:31.752000,0 days 00:00:21.309000,0 days 00:46:35.449000,0 days 00:47:07.201000,0 days 00:47:28.510000,293.0,224.0,268.0,292.0,False,HARD,19.0,False,Red Bull Racing,0 days 00:46:17.564000,,1,,False,,False,True
2023-09,FP1,0 days 00:48:40.196000,VER,1,0 days 00:01:11.686000,20.0,3.0,,,0 days 00:00:17.753000,0 days 00:00:32.244000,0 days 00:00:21.689000,0 days 00:47:46.263000,0 days 00:48:18.507000,0 days 00:48:40.196000,294.0,188.0,270.0,295.0,False,HARD,20.0,False,Red Bull Racing,0 days 00:47:28.510000,,1,,False,,False,True
2023-09,FP1,0 days 00:49:51.536000,VER,1,0 days 00:01:11.340000,21.0,3.0,,,0 days 00:00:17.870000,0 days 00:00:31.869000,0 days 00:00:21.601000,0 days 00:48:58.066000,0 days 00:49:29.935000,0 days 00:49:51.536000,292.0,225.0,266.0,296.0,False,HARD,21.0,False,Red Bull Racing,0 days 00:48:40.196000,,1,,False,,False,True
2023-09,FP1,0 days 00:51:08.511000,VER,1,0 days 00:01:16.975000,22.0,3.0,,0 days 00:51:05.137000,0 days 00:00:18.340000,0 days 00:00:32.671000,0 days 00:00:25.964000,0 days 00:50:09.876000,0 days 00:50:42.547000,0 days 00:51:08.511000,297.0,196.0,,293.0,False,HARD,22.0,False,Red Bull Racing,0 days 00:49:51.536000,,1,,False,,False,False
2023-09,FP1,0 days 01:05:46.864000,VER,1,,23.0,4.0,0 days 01:04:18.935000,,,0 days 00:00:42.016000,0 days 00:00:27.899000,,0 days 01:05:19.090000,0 days 01:05:46.886000,270.0,142.0,286.0,263.0,False,MEDIUM,1.0,True,Red Bull Racing,0 days 00:51:08.511000,,1,,False,,False,False
2023-09,FP1,0 days 01:06:52.948000,VER,1,0 days 00:01:06.084000,24.0,4.0,,,0 days 00:00:16.536000,0 days 00:00:29.547000,0 days 00:00:20.001000,0 days 01:06:03.400000,0 days 01:06:32.947000,0 days 01:06:52.948000,323.0,241.0,287.0,316.0,True,MEDIUM,2.0,True,Red Bull Racing,0 days 01:05:46.864000,,1,,False,,False,True
2023-09,FP1,0 days 01:09:14.210000,VER,1,0 days 00:02:21.262000,25.0,4.0,,,0 days 00:00:30.619000,0 days 00:01:02.964000,0 days 00:00:47.679000,0 days 01:07:23.567000,0 days 01:08:26.531000,0 days 01:09:14.210000,116.0,96.0,109.0,105.0,False,MEDIUM,3.0,True,Red Bull Racing,0 days 01:06:52.948000,,1,,False,,False,True
2023-09,FP1,0 days 01:11:40.573000,VER,1,0 days 00:02:26.363000,26.0,4.0,,,0 days 00:00:41.090000,0 days 00:01:03.218000,0 days 00:00:42.055000,0 days 01:09:55.300000,0 days 01:10:58.518000,0 days 01:11:40.573000,115.0,71.0,121.0,115.0,False,MEDIUM,4.0,True,Red Bull Racing,0 days 01:09:14.210000,,1,,False,,False,True
2023-09,FP1,0 days 01:13:42.365000,VER,1,0 days 00:02:01.792000,27.0,4.0,,,0 days 00:00:39.224000,0 days 00:00:54.661000,0 days 00:00:27.907000,0 days 01:12:19.797000,0 days 01:13:14.458000,0 days 01:13:42.365000,111.0,197.0,284.0,136.0,False,MEDIUM,5.0,True,Red Bull Racing,0 days 01:11:40.573000,,1,,False,,False,True
2023-09,FP1,0 days 01:14:48.107000,VER,1,0 days 00:01:05.742000,28.0,4.0,,,0 days 00:00:16.595000,0 days 00:00:29.317000,0 days 00:00:19.830000,0 days 01:13:58.960000,0 days 01:14:28.277000,0 days 01:14:48.107000,322.0,243.0,285.0,320.0,True,MEDIUM,6.0,True,Red Bull Racing,0 days 01:13:42.365000,,1,,False,,False,True
2023-09,FP1,0 days 01:17:01.549000,VER,1,0 days 00:02:13.442000,29.0,4.0,,,0 days 00:00:25.575000,0 days 00:00:45.768000,0 days 00:01:02.099000,0 days 01:15:13.682000,0 days 01:15:59.450000,0 days 01:17:01.549000,138.0,122.0,78.0,205.0,False,MEDIUM,7.0,True,Red Bull Racing,0 days 01:14:48.107000,,126,,False,,False,False
2023-09,FP1,0 days 01:18:53.821000,VER,1,0 days 00:01:52.272000,30.0,4.0,,0 days 01:18:50.357000,0 days 00:00:36.927000,0 days 00:00:34.854000,0 days 00:00:40.491000,0 days 01:17:38.476000,0 days 01:18:13.330000,0 days 01:18:53.821000,257.0,200.0,,229.0,False,MEDIUM,8.0,True,Red Bull Racing,0 days 01:17:01.549000,,6,,False,,False,False
2023-09,FP1,0 days 00:33:03.690000,SAR,2,,1.0,1.0,0 days 00:31:41.532000,,,0 days 00:00:37.029000,0 days 00:00:25.573000,,0 days 00:32:38.328000,0 days 00:33:03.781000,281.0,208.0,278.0,297.0,False,SOFT,1.0,True,Williams,0 days 00:31:41.532000,,1,,False,,False,False
2023-09,FP1,0 days 00:34:13.186000,SAR,2,0 days 00:01:09.496000,2.0,1.0,,,0 days 00:00:17.398000,0 days 00:00:30.836000,0 days 00:00:21.262000,0 days 00:33:21.088000,0 days 00:33:51.924000,0 days 00:34:13.186000,316.0,236.0,279.0,313.0,True,SOFT,2.0,True,Williams,0 days 00:33:03.690000,,1,,False,,False,True
2023-09,FP1,0 days 00:35:50.701000,SAR,2,0 days 00:01:37.515000,3.0,1.0,,,0 days 00:00:20.069000,0 days 00:00:44.740000,0 days 00:00:32.706000,0 days 00:34:33.255000,0 days 00:35:17.995000,0 days 00:35:50.701000,265.0,163.0,281.0,267.0,False,SOFT,3.0,True,Williams,0 days 00:34:13.186000,,1,,False,,False,True
2023-09,FP1,0 days 00:36:58.542000,SAR,2,0 days 00:01:07.841000,4.0,1.0,,,0 days 00:00:17.051000,0 days 00:00:30.151000,0 days 00:00:20.639000,0 days 00:36:07.752000,0 days 00:36:37.903000,0 days 00:36:58.542000,315.0,239.0,281.0,313.0,True,SOFT,4.0,True,Williams,0 days 00:35:50.701000,,1,,False,,False,True
2023-09,FP1,0 days 00:38:33.417000,SAR,2,0 days 00:01:34.875000,5.0,1.0,,,0 days 00:00:20.316000,0 days 00:00:42.540000,0 days 00:00:32.019000,0 days 00:37:18.858000,0 days 00:38:01.398000,0 days 00:38:33.417000,265.0,146.0,285.0,279.0,False,SOFT,5.0,True,Williams,0 days 00:36:58.542000,,1,,False,,False,True
2023-09,FP1,0 days 00:40:02.037000,SAR,2,0 days 00:01:28.620000,6.0,1.0,,,0 days 00:00:16.827000,0 days 00:00:40.772000,0 days 00:00:31.021000,0 days 00:38:50.244000,0 days 00:39:31.016000,0 days 00:40:02.037000,317.0,159.0,248.0,269.0,False,SOFT,6.0,True,Williams,0 days 00:38:33.417000,,1,,False,,False,True
2023-09,FP1,0 days 00:41:27.071000,SAR,2,0 days 00:01:25.034000,7.0,1.0,,,0 days 00:00:21.491000,0 days 00:00:40.506000,0 days 00:00:23.037000,0 days 00:40:23.528000,0 days 00:41:04.034000,0 days 00:41:27.071000,284.0,212.0,282.0,276.0,False,SOFT,7.0,True,Williams,0 days 00:40:02.037000,,1,,False,,False,True
2023-09,FP1,0 days 00:42:35.128000,SAR,2,0 days 00:01:08.057000,8.0,1.0,,,0 days 00:00:16.791000,0 days 00:00:30.319000,0 days 00:00:20.947000,0 days 00:41:43.862000,0 days 00:42:14.181000,0 days 00:42:35.128000,320.0,237.0,277.0,315.0,False,SOFT,8.0,True,Williams,0 days 00:41:27.071000,,1,,False,,False,True
2023-09,FP1,0 days 00:43:44.564000,SAR,2,0 days 00:01:09.436000,9.0,1.0,,,0 days 00:00:17.234000,0 days 00:00:31.078000,0 days 00:00:21.124000,0 days 00:42:52.362000,0 days 00:43:23.440000,0 days 00:43:44.564000,305.0,238.0,277.0,303.0,False,SOFT,9.0,True,Williams,0 days 00:42:35.128000,,1,,False,,False,True
2023-09,FP1,0 days 00:44:54.770000,SAR,2,0 days 00:01:10.206000,10.0,1.0,,,0 days 00:00:17.449000,0 days 00:00:31.416000,0 days 00:00:21.341000,0 days 00:44:02.013000,0 days 00:44:33.429000,0 days 00:44:54.770000,300.0,234.0,273.0,297.0,False,SOFT,10.0,True,Williams,0 days 00:43:44.564000,,1,,False,,False,True
2023-09,FP1,0 days 00:46:05.146000,SAR,2,0 days 00:01:10.376000,11.0,1.0,,,0 days 00:00:17.589000,0 days 00:00:31.465000,0 days 00:00:21.322000,0 days 00:45:12.359000,0 days 00:45:43.824000,0 days 00:46:05.146000,300.0,235.0,276.0,300.0,False,SOFT,11.0,True,Williams,0 days 00:44:54.770000,,1,,False,,False,True
2023-09,FP1,0 days 00:47:15.687000,SAR,2,0 days 00:01:10.541000,12.0,1.0,,,0 days 00:00:17.367000,0 days 00:00:31.725000,0 days 00:00:21.449000,0 days 00:46:22.513000,0 days 00:46:54.238000,0 days 00:47:15.687000,304.0,234.0,277.0,302.0,False,SOFT,12.0,True,Williams,0 days 00:46:05.146000,,1,,False,,False,True
2023-09,FP1,0 days 00:48:27.055000,SAR,2,0 days 00:01:11.368000,13.0,1.0,,,0 days 00:00:17.477000,0 days 00:00:32.340000,0 days 00:00:21.551000,0 days 00:47:33.164000,0 days 00:48:05.504000,0 days 00:48:27.055000,304.0,232.0,276.0,303.0,False,SOFT,13.0,True,Williams,0 days 00:47:15.687000,,1,,False,,False,True
2023-09,FP1,0 days 00:49:41.693000,SAR,2,0 days 00:01:14.638000,14.0,1.0,,0 days 00:49:38.372000,0 days 00:00:17.376000,0 days 00:00:31.701000,0 days 00:00:25.561000,0 days 00:48:44.431000,0 days 00:49:16.132000,0 days 00:49:41.693000,303.0,228.0,,301.0,False,SOFT,14.0,True,Williams,0 days 00:48:27.055000,,1,,False,,False,False
2023-09,FP1,0 days 00:51:23.043000,SAR,2,0 days 00:01:41.350000,15.0,2.0,0 days 00:50:01.216000,0 days 00:51:19.730000,0 days 00:00:38.738000,0 days 00:00:36.946000,0 days 00:00:25.666000,0 days 00:50:20.431000,0 days 00:50:57.377000,0 days 00:51:23.043000,193.0,217.0,,305.0,False,SOFT,15.0,False,Williams,0 days 00:49:41.693000,,1,,False,,False,False
2023-09,FP1,0 days 00:53:01.242000,SAR,2,0 days 00:01:38.199000,16.0,3.0,0 days 00:51:44.198000,0 days 00:52:57.963000,0 days 00:00:38.508000,0 days 00:00:33.297000,0 days 00:00:26.394000,0 days 00:52:01.551000,0 days 00:52:34.848000,0 days 00:53:01.242000,302.0,220.0,,280.0,False,SOFT,16.0,False,Williams,0 days 00:51:23.043000,,1,,False,,False,False
2023-09,FP1,0 days 01:03:27.823000,SAR,2,,17.0,4.0,0 days 01:02:10.812000,,,0 days 00:00:35.261000,0 days 00:00:22.291000,,0 days 01:03:05.733000,0 days 01:03:27.920000,292.0,215.0,283.0,280.0,False,SOFT,1.0,True,Williams,0 days 00:53:01.242000,,1,,False,,False,False
2023-09,FP1,0 days 01:04:34.841000,SAR,2,0 days 00:01:07.018000,18.0,4.0,,,0 days 00:00:16.637000,0 days 00:00:30.075000,0 days 00:00:20.306000,0 days 01:03:44.460000,0 days 01:04:14.535000,0 days 01:04:34.841000,323.0,231.0,285.0,316.0,True,SOFT,2.0,True,Williams,0 days 01:03:27.823000,,1,,False,,False,True
2023-09,FP1,0 days 01:06:06.059000,SAR,2,0 days 00:01:31.218000,19.0,4.0,,,0 days 00:00:19.708000,0 days 00:00:40.971000,0 days 00:00:30.539000,0 days 01:04:54.549000,0 days 01:05:35.520000,0 days 01:06:06.059000,277.0,158.0,214.0,274.0,False,SOFT,3.0,True,Williams,0 days 01:04:34.841000,,1,,False,,False,True
2023-09,FP1,0 days 01:07:37.442000,SAR,2,0 days 00:01:31.383000,20.0,4.0,,,0 days 00:00:24.790000,0 days 00:00:43.324000,0 days 00:00:23.269000,0 days 01:06:30.849000,0 days 01:07:14.173000,0 days 01:07:37.442000,132.0,190.0,283.0,270.0,False,SOFT,4.0,True,Williams,0 days 01:06:06.059000,,1,,False,,False,True
2023-09,FP1,0 days 01:08:50.242000,SAR,2,0 days 00:01:12.800000,21.0,4.0,,,0 days 00:00:16.605000,0 days 00:00:35.497000,0 days 00:00:20.698000,0 days 01:07:54.047000,0 days 01:08:29.544000,0 days 01:08:50.242000,324.0,242.0,285.0,262.0,False,SOFT,5.0,True,Williams,0 days 01:07:37.442000,,1,,False,,False,True
2023-09,FP1,0 days 01:10:13.799000,SAR,2,0 days 00:01:23.557000,22.0,4.0,,0 days 01:10:10.475000,0 days 00:00:18.084000,0 days 00:00:33.072000,0 days 00:00:32.401000,0 days 01:09:08.326000,0 days 01:09:41.398000,0 days 01:10:13.799000,278.0,193.0,,278.0,False,SOFT,6.0,True,Williams,0 days 01:08:50.242000,,1,,False,,False,False
2023-09,FP1,0 days 01:15:23.916000,SAR,2,,23.0,5.0,0 days 01:14:07.143000,,,0 days 00:00:33.465000,0 days 00:00:23.904000,,0 days 01:15:00.158000,0 days 01:15:23.970000,286.0,218.0,235.0,286.0,False,SOFT,17.0,False,Williams,0 days 01:10:13.799000,,1,,False,,False,False
2023-09,FP1,0 days 01:17:45.077000,SAR,2,0 days 00:02:21.161000,24.0,5.0,,,0 days 00:00:21.022000,0 days 00:00:46.653000,0 days 00:01:13.486000,0 days 01:15:44.938000,0 days 01:16:31.591000,0 days 01:17:45.077000,276.0,137.0,5.0,248.0,False,SOFT,18.0,False,Williams,0 days 01:15:23.916000,,126,,False,,False,False
2023-09,FP1,0 days 01:19:19.447000,SAR,2,0 days 00:01:34.370000,25.0,5.0,,0 days 01:19:16.122000,0 days 00:00:23.158000,0 days 00:00:35.750000,0 days 00:00:35.462000,0 days 01:18:08.235000,0 days 01:18:43.985000,0 days 01:19:19.447000,240.0,206.0,,241.0,False,SOFT,19.0,False,Williams,0 days 01:17:45.077000,,6,,False,,False,False
2023-09,FP1,0 days 00:16:26.460000,NOR,4,,1.0,1.0,0 days 00:15:04.113000,,,0 days 00:00:35.305000,0 days 00:00:24.760000,,0 days 00:16:01.924000,0 days 00:16:26.596000,286.0,216.0,270.0,288.0,False,MEDIUM,1.0,True,McLaren,0 days 00:15:04.113000,,1,,False,,False,False
2023-09,FP1,0 days 00:17:35.809000,NOR,4,0 days 00:01:09.349000,2.0,1.0,,,0 days 00:00:17.680000,0 days 00:00:30.779000,0 days 00:00:20.890000,0 days 00:16:44.140000,0 days 00:17:14.919000,0 days 00:17:35.809000,284.0,239.0,274.0,288.0,True,MEDIUM,2.0,True,McLaren,0 days 00:16:26.460000,,1,,False,,False,True
2023-09,FP1,0 days 00:18:44.364000,NOR,4,0 days 00:01:08.555000,3.0,1.0,,,0 days 00:00:17.489000,0 days 00:00:30.561000,0 days 00:00:20.505000,0 days 00:17:53.298000,0 days 00:18:23.859000,0 days 00:18:44.364000,291.0,239.0,274.0,287.0,True,MEDIUM,3.0,True,McLaren,0 days 00:17:35.809000,,1,,False,,False,True
2023-09,FP1,0 days 00:19:53.947000,NOR,4,0 days 00:01:09.583000,4.0,1.0,,,0 days 00:00:17.897000,0 days 00:00:30.902000,0 days 00:00:20.784000,0 days 00:19:02.261000,0 days 00:19:33.163000,0 days 00:19:53.947000,290.0,239.0,271.0,289.0,False,MEDIUM,4.0,True,McLaren,0 days 00:18:44.364000,,1,,False,,False,True
2023-09,FP1,0 days 00:21:03.164000,NOR,4,0 days 00:01:09.217000,5.0,1.0,,,0 days 00:00:17.677000,0 days 00:00:30.927000,0 days 00:00:20.613000,0 days 00:20:11.624000,0 days 00:20:42.551000,0 days 00:21:03.164000,299.0,238.0,273.0,293.0,False,MEDIUM,5.0,True,McLaren,0 days 00:19:53.947000,,1,,False,,False,True
2023-09,FP1,0 days 00:22:12.205000,NOR,4,0 days 00:01:09.041000,6.0,1.0,,,0 days 00:00:17.534000,0 days 00:00:30.886000,0 days 00:00:20.621000,0 days 00:21:20.698000,0 days 00:21:51.584000,0 days 00:22:12.205000,296.0,238.0,274.0,293.0,False,MEDIUM,6.0,True,McLaren,0 days 00:21:03.164000,,1,,False,,False,True
2023-09,FP1,0 days 00:23:20.677000,NOR,4,0 days 00:01:08.472000,7.0,1.0,,,0 days 00:00:17.338000,0 days 00:00:30.582000,0 days 00:00:20.552000,0 days 00:22:29.543000,0 days 00:23:00.125000,0 days 00:23:20.677000,312.0,238.0,280.0,309.0,True,MEDIUM,7.0,True,McLaren,0 days 00:22:12.205000,,1,,False,,False,True
2023-09,FP1,0 days 00:25:00.228000,NOR,4,0 days 00:01:39.551000,8.0,1.0,,,0 days 00:00:17.586000,0 days 00:00:46.946000,0 days 00:00:35.019000,0 days 00:23:38.263000,0 days 00:24:25.209000,0 days 00:25:00.228000,310.0,156.0,157.0,120.0,False,MEDIUM,8.0,True,McLaren,0 days 00:23:20.677000,,1,,False,,False,True
2023-09,FP1,0 days 00:26:58.375000,NOR,4,0 days 00:01:58.147000,9.0,1.0,,,0 days 00:00:29.411000,0 days 00:00:56.992000,0 days 00:00:31.744000,0 days 00:25:29.639000,0 days 00:26:26.631000,0 days 00:26:58.375000,155.0,91.0,283.0,116.0,False,MEDIUM,9.0,True,McLaren,0 days 00:25:00.228000,,1,,False,,False,True
2023-09,FP1,0 days 00:28:05.743000,NOR,4,0 days 00:01:07.368000,10.0,1.0,,,0 days 00:00:16.927000,0 days 00:00:30.183000,0 days 00:00:20.258000,0 days 00:27:15.302000,0 days 00:27:45.485000,0 days 00:28:05.743000,317.0,232.0,281.0,314.0,True,MEDIUM,10.0,True,McLaren,0 days 00:26:58.375000,,1,,False,,False,True
2023-09,FP1,0 days 00:29:30.997000,NOR,4,0 days 00:01:25.254000,11.0,1.0,,0 days 00:29:27.644000,0 days 00:00:22.506000,0 days 00:00:36.527000,0 days 00:00:26.221000,0 days 00:28:28.249000,0 days 00:29:04.776000,0 days 00:29:30.997000,177.0,224.0,,257.0,False,MEDIUM,11.0,True,McLaren,0 days 00:28:05.743000,,1,,False,,False,False
2023-09,FP1,0 days 00:46:43.211000,NOR,4,,12.0,2.0,0 days 00:45:17.205000,,,0 days 00:00:41.745000,0 days 00:00:22.832000,,0 days 00:46:20.501000,0 days 00:46:43.282000,271.0,198.0,279.0,262.0,False,MEDIUM,12.0,False,McLaren,0 days 00:29:30.997000,,1,,False,,False,False
2023-09,FP1,0 days 00:47:59.499000,NOR,4,0 days 00:01:16.288000,13.0,2.0,,,0 days 00:00:17.077000,0 days 00:00:36.877000,0 days 00:00:22.334000,0 days 00:47:00.288000,0 days 00:47:37.165000,0 days 00:47:59.499000,309.0,216.0,281.0,311.0,False,MEDIUM,13.0,False,McLaren,0 days 00:46:43.211000,,1,,False,,False,True
2023-09,FP1,0 days 00:49:11.290000,NOR,4,0 days 00:01:11.791000,14.0,2.0,,,0 days 00:00:17.386000,0 days 00:00:30.480000,0 days 00:00:23.925000,0 days 00:48:16.885000,0 days 00:48:47.365000,0 days 00:49:11.290000,309.0,231.0,188.0,313.0,False,MEDIUM,14.0,False,McLaren,0 days 00:47:59.499000,,1,,False,,False,True
2023-09,FP1,0 days 00:50:39.063000,NOR,4,0 days 00:01:27.773000,15.0,2.0,,0 days 00:50:35.637000,0 days 00:00:20.310000,0 days 00:00:39.017000,0 days 00:00:28.446000,0 days 00:49:31.600000,0 days 00:50:10.617000,0 days 00:50:39.063000,260.0,200.0,,271.0,False,MEDIUM,15.0,False,McLaren,0 days 00:49:11.290000,,1,,False,,False,False
2023-09,FP1,0 days 00:52:49.057000,NOR,4,0 days 00:02:09.994000,16.0,3.0,0 days 00:51:23.058000,,0 days 00:01:06.004000,0 days 00:00:40.298000,0 days 00:00:23.692000,0 days 00:51:45.067000,0 days 00:52:25.365000,0 days 00:52:49.057000,220.0,202.0,280.0,201.0,False,MEDIUM,16.0,False,McLaren,0 days 00:50:39.063000,,1,,False,,False,False
2023-09,FP1,0 days 00:54:04.696000,NOR,4,0 days 00:01:15.639000,17.0,3.0,,0 days 00:54:01.227000,0 days 00:00:17.118000,0 days 00:00:30.531000,0 days 00:00:27.990000,0 days 00:53:06.175000,0 days 00:53:36.706000,0 days 00:54:04.696000,317.0,235.0,,309.0,False,MEDIUM,17.0,False,McLaren,0 days 00:52:49.057000,,1,,False,,False,False
2023-09,FP1,0 days 01:14:52.639000,NOR,4,,18.0,4.0,0 days 01:13:36.909000,,,0 days 00:00:34.508000,0 days 00:00:21.812000,,0 days 01:14:30.861000,0 days 01:14:52.642000,281.0,224.0,263.0,220.0,False,MEDIUM,18.0,False,McLaren,0 days 00:54:04.696000,,1,,False,,False,False
2023-09,FP1,0 days 01:16:52.111000,NOR,4,0 days 00:01:59.472000,19.0,4.0,,,0 days 00:00:21.313000,0 days 00:00:43.015000,0 days 00:00:55.144000,0 days 01:15:13.952000,0 days 01:15:56.967000,0 days 01:16:52.111000,214.0,85.0,49.0,186.0,False,MEDIUM,19.0,False,McLaren,0 days 01:14:52.639000,,126,,False,,False,False
2023-09,FP1,0 days 01:18:39.513000,NOR,4,0 days 00:01:47.402000,20.0,4.0,,0 days 01:18:35.998000,0 days 00:00:37.562000,0 days 00:00:33.837000,0 days 00:00:36.003000,0 days 01:17:29.673000,0 days 01:18:03.510000,0 days 01:18:39.513000,299.0,196.0,,294.0,False,MEDIUM,20.0,False,McLaren,0 days 01:16:52.111000,,6,,False,,False,False
2023-09,FP1,0 days 00:16:59.353000,GAS,10,,1.0,1.0,0 days 00:15:31.175000,,,0 days 00:00:38.858000,0 days 00:00:27.063000,,0 days 00:16:32.533000,0 days 00:16:59.439000,300.0,192.0,277.0,276.0,False,MEDIUM,1.0,True,Alpine,0 days 00:15:31.175000,,1,,False,,False,False
2023-09,FP1,0 days 00:18:07.824000,GAS,10,0 days 00:01:08.471000,2.0,1.0,,,0 days 00:00:17.166000,0 days 00:00:30.551000,0 days 00:00:20.754000,0 days 00:17:16.519000,0 days 00:17:47.070000,0 days 00:18:07.824000,310.0,232.0,280.0,308.0,True,MEDIUM,2.0,True,Alpine,0 days 00:16:59.353000,,1,,False,,False,True
2023-09,FP1,0 days 00:19:39.355000,GAS,10,0 days 00:01:31.531000,3.0,1.0,,,0 days 00:00:22.362000,0 days 00:00:42.696000,0 days 00:00:26.473000,0 days 00:18:30.186000,0 days 00:19:12.882000,0 days 00:19:39.355000,196.0,167.0,278.0,204.0,False,MEDIUM,3.0,True,Alpine,0 days 00:18:07.824000,,1,,False,,False,True
2023-09,FP1,0 days 00:20:47.267000,GAS,10,0 days 00:01:07.912000,4.0,1.0,,,0 days 00:00:17.040000,0 days 00:00:30.215000,0 days 00:00:20.657000,0 days 00:19:56.395000,0 days 00:20:26.610000,0 days 00:20:47.267000,312.0,239.0,279.0,310.0,True,MEDIUM,4.0,True,Alpine,0 days 00:19:39.355000,,1,,False,,False,True
2023-09,FP1,0 days 00:22:29.241000,GAS,10,0 days 00:01:41.974000,5.0,1.0,,,0 days 00:00:24.483000,0 days 00:00:51.773000,0 days 00:00:25.718000,0 days 00:21:11.750000,0 days 00:22:03.523000,0 days 00:22:29.241000,194.0,168.0,279.0,218.0,False,MEDIUM,5.0,True,Alpine,0 days 00:20:47.267000,,1,,False,,False,True
2023-09,FP1,0 days 00:23:37.098000,GAS,10,0 days 00:01:07.857000,6.0,1.0,,,0 days 00:00:17.081000,0 days 00:00:30.233000,0 days 00:00:20.543000,0 days 00:22:46.322000,0 days 00:23:16.555000,0 days 00:23:37.098000,310.0,239.0,279.0,310.0,True,MEDIUM,6.0,True,Alpine,0 days 00:22:29.241000,,1,,False,,False,True
2023-09,FP1,0 days 00:25:17.420000,GAS,10,0 days 00:01:40.322000,7.0,1.0,,0 days 00:25:13.977000,0 days 00:00:31.358000,0 days 00:00:38.863000,0 days 00:00:30.101000,0 days 00:24:08.456000,0 days 00:24:47.319000,0 days 00:25:17.420000,163.0,181.0,,261.0,False,MEDIUM,7.0,True,Alpine,0 days 00:23:37.098000,,1,,False,,False,False
2023-09,FP1,0 days 00:27:10.907000,GAS,10,0 days 00:01:53.487000,8.0,2.0,0 days 00:25:40.883000,,0 days 00:00:44.767000,0 days 00:00:39.191000,0 days 00:00:29.529000,0 days 00:26:02.187000,0 days 00:26:41.378000,0 days 00:27:10.907000,248.0,172.0,278.0,262.0,False,MEDIUM,8.0,False,Alpine,0 days 00:25:17.420000,,1,,False,,False,False
2023-09,FP1,0 days 00:28:18.333000,GAS,10,0 days 00:01:07.426000,9.0,2.0,,,0 days 00:00:16.927000,0 days 00:00:29.953000,0 days 00:00:20.546000,0 days 00:27:27.834000,0 days 00:27:57.787000,0 days 00:28:18.333000,314.0,235.0,278.0,310.0,True,MEDIUM,9.0,False,Alpine,0 days 00:27:10.907000,,1,,False,,False,True
2023-09,FP1,0 days 00:29:59.655000,GAS,10,0 days 00:01:41.322000,10.0,2.0,,,0 days 00:00:28.708000,0 days 00:00:47.842000,0 days 00:00:24.772000,0 days 00:28:47.041000,0 days 00:29:34.883000,0 days 00:29:59.655000,192.0,156.0,280.0,122.0,False,MEDIUM,10.0,False,Alpine,0 days 00:28:18.333000,,1,,False,,False,True
2023-09,FP1,0 days 00:31:07.370000,GAS,10,0 days 00:01:07.715000,11.0,2.0,,,0 days 00:00:16.937000,0 days 00:00:30.442000,0 days 00:00:20.336000,0 days 00:30:16.592000,0 days 00:30:47.034000,0 days 00:31:07.370000,313.0,236.0,278.0,307.0,False,MEDIUM,11.0,False,Alpine,0 days 00:29:59.655000,,1,,False,,False,True
2023-09,FP1,0 days 00:32:29.924000,GAS,10,0 days 00:01:22.554000,12.0,2.0,,0 days 00:32:26.516000,0 days 00:00:17.543000,0 days 00:00:39.449000,0 days 00:00:25.562000,0 days 00:31:24.913000,0 days 00:32:04.362000,0 days 00:32:29.924000,298.0,207.0,,226.0,False,MEDIUM,12.0,False,Alpine,0 days 00:31:07.370000,,1,,False,,False,False
2023-09,FP1,0 days 00:44:30.609000,GAS,10,,13.0,3.0,0 days 00:42:59.911000,,,0 days 00:00:45.576000,0 days 00:00:25.655000,,0 days 00:44:05.097000,0 days 00:44:30.659000,306.0,202.0,283.0,255.0,False,MEDIUM,13.0,False,Alpine,0 days 00:32:29.924000,,1,,False,,False,False
2023-09,FP1,0 days 00:45:56.677000,GAS,10,0 days 00:01:26.068000,14.0,3.0,,,0 days 00:00:16.861000,0 days 00:00:44.233000,0 days 00:00:24.974000,0 days 00:44:47.470000,0 days 00:45:31.703000,0 days 00:45:56.677000,315.0,178.0,283.0,120.0,False,MEDIUM,14.0,False,Alpine,0 days 00:44:30.609000,,1,,False,,False,True
2023-09,FP1,0 days 00:47:05.135000,GAS,10,0 days 00:01:08.458000,15.0,3.0,,,0 days 00:00:16.853000,0 days 00:00:30.960000,0 days 00:00:20.645000,0 days 00:46:13.530000,0 days 00:46:44.490000,0 days 00:47:05.135000,314.0,240.0,283.0,313.0,False,MEDIUM,15.0,False,Alpine,0 days 00:45:56.677000,,1,,False,,False,True
2023-09,FP1,0 days 00:48:58.414000,GAS,10,0 days 00:01:53.279000,16.0,3.0,,,0 days 00:00:20.956000,0 days 00:00:59.831000,0 days 00:00:32.492000,0 days 00:47:26.091000,0 days 00:48:25.922000,0 days 00:48:58.414000,259.0,95.0,251.0,135.0,False,MEDIUM,16.0,False,Alpine,0 days 00:47:05.135000,,1,,False,,False,True
2023-09,FP1,0 days 00:50:21.616000,GAS,10,0 days 00:01:23.202000,17.0,3.0,,,0 days 00:00:19.591000,0 days 00:00:39.330000,0 days 00:00:24.281000,0 days 00:49:18.005000,0 days 00:49:57.335000,0 days 00:50:21.616000,279.0,210.0,282.0,230.0,False,MEDIUM,17.0,False,Alpine,0 days 00:48:58.414000,,1,,False,,False,True
2023-09,FP1,0 days 00:51:29.800000,GAS,10,0 days 00:01:08.184000,18.0,3.0,,,0 days 00:00:16.887000,0 days 00:00:30.431000,0 days 00:00:20.866000,0 days 00:50:38.503000,0 days 00:51:08.934000,0 days 00:51:29.800000,315.0,234.0,278.0,314.0,False,MEDIUM,18.0,False,Alpine,0 days 00:50:21.616000,,1,,False,,False,True
2023-09,FP1,0 days 00:52:39.348000,GAS,10,0 days 00:01:09.548000,19.0,3.0,,,0 days 00:00:17.349000,0 days 00:00:31.086000,0 days 00:00:21.113000,0 days 00:51:47.149000,0 days 00:52:18.235000,0 days 00:52:39.348000,298.0,232.0,274.0,295.0,False,MEDIUM,19.0,False,Alpine,0 days 00:51:29.800000,,1,,False,,False,True
2023-09,FP1,0 days 00:53:49.291000,GAS,10,0 days 00:01:09.943000,20.0,3.0,,,0 days 00:00:17.516000,0 days 00:00:31.220000,0 days 00:00:21.207000,0 days 00:52:56.864000,0 days 00:53:28.084000,0 days 00:53:49.291000,296.0,230.0,281.0,291.0,False,MEDIUM,20.0,False,Alpine,0 days 00:52:39.348000,,1,,False,,False,True
2023-09,FP1,0 days 00:55:03.210000,GAS,10,0 days 00:01:13.919000,21.0,3.0,,0 days 00:54:59.757000,0 days 00:00:17.278000,0 days 00:00:31.841000,0 days 00:00:24.800000,0 days 00:54:06.569000,0 days 00:54:38.410000,0 days 00:55:03.210000,318.0,226.0,,292.0,False,MEDIUM,21.0,False,Alpine,0 days 00:53:49.291000,,1,,False,,False,False
2023-09,FP1,0 days 01:01:35.540000,GAS,10,,22.0,4.0,0 days 01:00:15.142000,,,0 days 00:00:37.443000,0 days 00:00:22.769000,,0 days 01:01:12.938000,0 days 01:01:35.625000,275.0,203.0,284.0,263.0,False,SOFT,1.0,True,Alpine,0 days 00:55:03.210000,,1,,False,,False,False
2023-09,FP1,0 days 01:02:42.827000,GAS,10,0 days 00:01:07.287000,23.0,4.0,,,0 days 00:00:16.675000,0 days 00:00:30.242000,0 days 00:00:20.370000,0 days 01:01:52.215000,0 days 01:02:22.457000,0 days 01:02:42.827000,318.0,237.0,282.0,310.0,True,SOFT,2.0,True,Alpine,0 days 01:01:35.540000,,1,,False,,False,True
2023-09,FP1,0 days 01:04:15.436000,GAS,10,0 days 00:01:32.609000,24.0,4.0,,0 days 01:04:11.810000,0 days 00:00:23.853000,0 days 00:00:36.931000,0 days 00:00:31.825000,0 days 01:03:06.680000,0 days 01:03:43.611000,0 days 01:04:15.436000,233.0,168.0,,246.0,False,SOFT,3.0,True,Alpine,0 days 01:02:42.827000,,1,,False,,False,False
2023-09,FP1,0 days 01:12:17.869000,GAS,10,,25.0,5.0,0 days 01:10:58.225000,0 days 01:12:14.020000,,0 days 00:00:34.234000,0 days 00:00:26.729000,,0 days 01:11:51.302000,0 days 01:12:17.926000,285.0,209.0,,267.0,False,MEDIUM,22.0,False,Alpine,0 days 01:04:15.436000,,1,,False,,False,False
2023-09,FP1,0 days 01:14:31.666000,GAS,10,0 days 00:02:13.797000,26.0,6.0,0 days 01:12:51.566000,,0 days 00:00:57.327000,0 days 00:00:49.716000,0 days 00:00:26.754000,0 days 01:13:15.196000,0 days 01:14:04.912000,0 days 01:14:31.666000,262.0,180.0,265.0,208.0,False,MEDIUM,23.0,False,Alpine,0 days 01:12:17.869000,,1,,False,,False,False
2023-09,FP1,0 days 01:16:13.603000,GAS,10,0 days 00:01:41.937000,27.0,6.0,,,0 days 00:00:18.445000,0 days 00:00:38.152000,0 days 00:00:45.340000,0 days 01:14:50.111000,0 days 01:15:28.263000,0 days 01:16:13.603000,258.0,161.0,69.0,233.0,False,MEDIUM,24.0,False,Alpine,0 days 01:14:31.666000,,126,,False,,False,False
2023-09,FP1,0 days 01:18:18.451000,GAS,10,0 days 00:02:04.848000,28.0,6.0,,0 days 01:18:14.467000,0 days 00:00:51.607000,0 days 00:00:35.480000,0 days 00:00:37.761000,0 days 01:17:05.210000,0 days 01:17:40.690000,0 days 01:18:18.451000,286.0,171.0,,287.0,False,MEDIUM,25.0,False,Alpine,0 days 01:16:13.603000,,6,,False,,False,False
2023-09,FP1,0 days 00:16:32.310000,PER,11,,1.0,1.0,0 days 00:15:10.878000,,,0 days 00:00:33.049000,0 days 00:00:28.842000,,0 days 00:16:03.705000,0 days 00:16:32.377000,269.0,222.0,277.0,275.0,False,HARD,1.0,True,Red Bull Racing,0 days 00:15:10.878000,,1,,False,,False,False
2023-09,FP1,0 days 00:17:39.905000,PER,11,0 days 00:01:07.595000,2.0,1.0,,,0 days 00:00:17.035000,0 days 00:00:30.105000,0 days 00:00:20.455000,0 days 00:16:49.345000,0 days 00:17:19.450000,0 days 00:17:39.905000,315.0,234.0,282.0,313.0,True,HARD,2.0,True,Red Bull Racing,0 days 00:16:32.310000,,1,,False,,False,True
2023-09,FP1,0 days 00:19:28.546000,PER,11,0 days 00:01:48.641000,3.0,1.0,,,0 days 00:00:25.184000,0 days 00:00:52.322000,0 days 00:00:31.135000,0 days 00:18:05.089000,0 days 00:18:57.411000,0 days 00:19:28.546000,166.0,80.0,281.0,142.0,False,HARD,3.0,True,Red Bull Racing,0 days 00:17:39.905000,,1,,False,,False,True
2023-09,FP1,0 days 00:20:35.657000,PER,11,0 days 00:01:07.111000,4.0,1.0,,,0 days 00:00:16.970000,0 days 00:00:29.889000,0 days 00:00:20.252000,0 days 00:19:45.516000,0 days 00:20:15.405000,0 days 00:20:35.657000,317.0,238.0,283.0,314.0,True,HARD,4.0,True,Red Bull Racing,0 days 00:19:28.546000,,1,,False,,False,True
2023-09,FP1,0 days 00:22:06.873000,PER,11,0 days 00:01:31.216000,5.0,1.0,,0 days 00:22:03.543000,0 days 00:00:22.814000,0 days 00:00:39.221000,0 days 00:00:29.181000,0 days 00:20:58.471000,0 days 00:21:37.692000,0 days 00:22:06.873000,213.0,180.0,,172.0,False,HARD,5.0,True,Red Bull Racing,0 days 00:20:35.657000,,1,,False,,False,False
2023-09,FP1,0 days 00:23:59.288000,PER,11,0 days 00:01:52.415000,6.0,2.0,0 days 00:22:32.542000,,0 days 00:00:46.009000,0 days 00:00:36.791000,0 days 00:00:29.615000,0 days 00:22:52.882000,0 days 00:23:29.673000,0 days 00:23:59.288000,233.0,185.0,283.0,234.0,False,HARD,6.0,False,Red Bull Racing,0 days 00:22:06.873000,,1,,False,,False,False
2023-09,FP1,0 days 00:25:19.986000,PER,11,0 days 00:01:20.698000,7.0,2.0,,,0 days 00:00:17.408000,0 days 00:00:36.905000,0 days 00:00:26.385000,0 days 00:24:16.696000,0 days 00:24:53.601000,0 days 00:25:19.986000,276.0,151.0,282.0,245.0,False,HARD,7.0,False,Red Bull Racing,0 days 00:23:59.288000,,1,,False,,False,True
2023-09,FP1,0 days 00:26:26.757000,PER,11,0 days 00:01:06.771000,8.0,2.0,,,0 days 00:00:16.782000,0 days 00:00:29.898000,0 days 00:00:20.091000,0 days 00:25:36.768000,0 days 00:26:06.666000,0 days 00:26:26.757000,319.0,238.0,282.0,314.0,True,HARD,8.0,False,Red Bull Racing,0 days 00:25:19.986000,,1,,False,,False,True
2023-09,FP1,0 days 00:28:08.702000,PER,11,0 days 00:01:41.945000,9.0,2.0,,,0 days 00:00:25.048000,0 days 00:00:43.187000,0 days 00:00:33.710000,0 days 00:26:51.805000,0 days 00:27:34.992000,0 days 00:28:08.702000,179.0,119.0,282.0,196.0,False,HARD,9.0,False,Red Bull Racing,0 days 00:26:26.757000,,1,,False,,False,True
2023-09,FP1,0 days 00:29:15.475000,PER,11,0 days 00:01:06.773000,10.0,2.0,,,0 days 00:00:16.781000,0 days 00:00:29.916000,0 days 00:00:20.076000,0 days 00:28:25.483000,0 days 00:28:55.399000,0 days 00:29:15.475000,322.0,237.0,283.0,313.0,False,HARD,10.0,False,Red Bull Racing,0 days 00:28:08.702000,,1,,False,,False,True
2023-09,FP1,0 days 00:30:40.307000,PER,11,0 days 00:01:24.832000,11.0,2.0,,0 days 00:30:37.002000,0 days 00:00:22.848000,0 days 00:00:34.854000,0 days 00:00:27.130000,0 days 00:29:38.323000,0 days 00:30:13.177000,0 days 00:30:40.307000,237.0,214.0,,267.0,False,HARD,11.0,False,Red Bull Racing,0 days 00:29:15.475000,,1,,False,,False,False
2023-09,FP1,0 days 00:40:20.130000,PER,11,,12.0,3.0,0 days 00:39:08.290000,,,0 days 00:00:32.298000,0 days 00:00:21.723000,,0 days 00:39:58.555000,0 days 00:40:20.164000,287.0,216.0,268.0,288.0,False,HARD,12.0,False,Red Bull Racing,0 days 00:30:40.307000,,1,,False,,False,False
2023-09,FP1,0 days 00:41:30.975000,PER,11,0 days 00:01:10.845000,13.0,3.0,,,0 days 00:00:17.653000,0 days 00:00:31.719000,0 days 00:00:21.473000,0 days 00:40:37.783000,0 days 00:41:09.502000,0 days 00:41:30.975000,292.0,226.0,268.0,284.0,False,HARD,13.0,False,Red Bull Racing,0 days 00:40:20.130000,,1,,False,,False,True
2023-09,FP1,0 days 00:42:41.716000,PER,11,0 days 00:01:10.741000,14.0,3.0,,,0 days 00:00:17.688000,0 days 00:00:31.469000,0 days 00:00:21.584000,0 days 00:41:48.663000,0 days 00:42:20.132000,0 days 00:42:41.716000,296.0,222.0,268.0,288.0,False,HARD,14.0,False,Red Bull Racing,0 days 00:41:30.975000,,1,,False,,False,True
2023-09,FP1,0 days 00:43:52.565000,PER,11,0 days 00:01:10.849000,15.0,3.0,,,0 days 00:00:17.749000,0 days 00:00:31.646000,0 days 00:00:21.454000,0 days 00:42:59.465000,0 days 00:43:31.111000,0 days 00:43:52.565000,300.0,225.0,269.0,291.0,False,HARD,15.0,False,Red Bull Racing,0 days 00:42:41.716000,,1,,False,,False,True
2023-09,FP1,0 days 00:45:03.743000,PER,11,0 days 00:01:11.178000,16.0,3.0,,,0 days 00:00:17.872000,0 days 00:00:31.769000,0 days 00:00:21.537000,0 days 00:44:10.437000,0 days 00:44:42.206000,0 days 00:45:03.743000,298.0,221.0,269.0,291.0,False,HARD,16.0,False,Red Bull Racing,0 days 00:43:52.565000,,1,,False,,False,True
2023-09,FP1,0 days 00:46:15.472000,PER,11,0 days 00:01:11.729000,17.0,3.0,,,0 days 00:00:17.792000,0 days 00:00:32.178000,0 days 00:00:21.759000,0 days 00:45:21.535000,0 days 00:45:53.713000,0 days 00:46:15.472000,292.0,220.0,270.0,291.0,False,HARD,17.0,False,Red Bull Racing,0 days 00:45:03.743000,,1,,False,,False,True
2023-09,FP1,0 days 00:47:36.591000,PER,11,0 days 00:01:21.119000,18.0,3.0,,,0 days 00:00:17.846000,0 days 00:00:36.322000,0 days 00:00:26.951000,0 days 00:46:33.318000,0 days 00:47:09.640000,0 days 00:47:36.591000,294.0,179.0,270.0,295.0,False,HARD,18.0,False,Red Bull Racing,0 days 00:46:15.472000,,1,,False,,False,True
2023-09,FP1,0 days 00:48:47.423000,PER,11,0 days 00:01:10.832000,19.0,3.0,,,0 days 00:00:17.788000,0 days 00:00:31.656000,0 days 00:00:21.388000,0 days 00:47:54.379000,0 days 00:48:26.035000,0 days 00:48:47.423000,296.0,221.0,267.0,299.0,False,HARD,19.0,False,Red Bull Racing,0 days 00:47:36.591000,,1,,False,,False,True
2023-09,FP1,0 days 00:49:58.587000,PER,11,0 days 00:01:11.164000,20.0,3.0,,,0 days 00:00:17.846000,0 days 00:00:31.732000,0 days 00:00:21.586000,0 days 00:49:05.269000,0 days 00:49:37.001000,0 days 00:49:58.587000,296.0,220.0,267.0,295.0,False,HARD,20.0,False,Red Bull Racing,0 days 00:48:47.423000,,1,,False,,False,True
2023-09,FP1,0 days 00:51:09.513000,PER,11,0 days 00:01:10.926000,21.0,3.0,,,0 days 00:00:17.790000,0 days 00:00:31.585000,0 days 00:00:21.551000,0 days 00:50:16.377000,0 days 00:50:47.962000,0 days 00:51:09.513000,297.0,219.0,269.0,296.0,False,HARD,21.0,False,Red Bull Racing,0 days 00:49:58.587000,,1,,False,,False,True
2023-09,FP1,0 days 00:52:20.315000,PER,11,0 days 00:01:10.802000,22.0,3.0,,,0 days 00:00:17.695000,0 days 00:00:31.690000,0 days 00:00:21.417000,0 days 00:51:27.208000,0 days 00:51:58.898000,0 days 00:52:20.315000,297.0,222.0,271.0,293.0,False,HARD,22.0,False,Red Bull Racing,0 days 00:51:09.513000,,1,,False,,False,True
2023-09,FP1,0 days 00:53:35.776000,PER,11,0 days 00:01:15.461000,23.0,3.0,,0 days 00:53:32.306000,0 days 00:00:17.864000,0 days 00:00:31.981000,0 days 00:00:25.616000,0 days 00:52:38.179000,0 days 00:53:10.160000,0 days 00:53:35.776000,298.0,222.0,,289.0,False,HARD,23.0,False,Red Bull Racing,0 days 00:52:20.315000,,1,,False,,False,False
2023-09,FP1,0 days 01:05:22.514000,PER,11,,24.0,4.0,0 days 01:03:57.357000,,,0 days 00:00:39.440000,0 days 00:00:24.840000,,0 days 01:04:57.825000,0 days 01:05:22.559000,236.0,163.0,286.0,279.0,False,MEDIUM,1.0,True,Red Bull Racing,0 days 00:53:35.776000,,1,,False,,False,False
2023-09,FP1,0 days 01:06:28.776000,PER,11,0 days 00:01:06.262000,25.0,4.0,,,0 days 00:00:16.555000,0 days 00:00:29.616000,0 days 00:00:20.091000,0 days 01:05:39.069000,0 days 01:06:08.685000,0 days 01:06:28.776000,324.0,235.0,283.0,316.0,True,MEDIUM,2.0,True,Red Bull Racing,0 days 01:05:22.514000,,1,,False,,False,True
2023-09,FP1,0 days 01:08:17.033000,PER,11,0 days 00:01:48.257000,26.0,4.0,,0 days 01:08:13.509000,0 days 00:00:26.450000,0 days 00:00:49.901000,0 days 00:00:31.906000,0 days 01:06:55.226000,0 days 01:07:45.127000,0 days 01:08:17.033000,154.0,198.0,,139.0,False,MEDIUM,3.0,True,Red Bull Racing,0 days 01:06:28.776000,,1,,False,,False,False
2023-09,FP1,0 days 01:10:26.614000,PER,11,0 days 00:02:09.581000,27.0,5.0,0 days 01:08:38.883000,,0 days 00:00:46.284000,0 days 00:00:49.447000,0 days 00:00:33.850000,0 days 01:09:03.317000,0 days 01:09:52.764000,0 days 01:10:26.614000,205.0,128.0,286.0,176.0,False,MEDIUM,4.0,False,Red Bull Racing,0 days 01:08:17.033000,,1,,False,,False,False
2023-09,FP1,0 days 01:12:12.364000,PER,11,0 days 00:01:45.750000,28.0,5.0,,,0 days 00:00:16.627000,0 days 00:00:49.422000,0 days 00:00:39.701000,0 days 01:10:43.241000,0 days 01:11:32.663000,0 days 01:12:12.364000,322.0,131.0,139.0,126.0,False,MEDIUM,5.0,False,Red Bull Racing,0 days 01:10:26.614000,,1,,False,,False,True
2023-09,FP1,0 days 01:14:05.761000,PER,11,0 days 00:01:53.397000,29.0,5.0,,,0 days 00:00:31.148000,0 days 00:00:57.678000,0 days 00:00:24.571000,0 days 01:12:43.512000,0 days 01:13:41.190000,0 days 01:14:05.761000,152.0,177.0,282.0,122.0,False,MEDIUM,6.0,False,Red Bull Racing,0 days 01:12:12.364000,,1,,False,,False,True
2023-09,FP1,0 days 01:15:13.269000,PER,11,0 days 00:01:07.508000,30.0,5.0,,,0 days 00:00:17.042000,0 days 00:00:30.438000,0 days 00:00:20.028000,0 days 01:14:22.803000,0 days 01:14:53.241000,0 days 01:15:13.269000,320.0,239.0,287.0,315.0,False,MEDIUM,7.0,False,Red Bull Racing,0 days 01:14:05.761000,,1,,False,,False,True
2023-09,FP1,0 days 01:17:35.710000,PER,11,0 days 00:02:22.441000,31.0,5.0,,,0 days 00:00:25.164000,0 days 00:00:49.715000,0 days 00:01:07.562000,0 days 01:15:38.433000,0 days 01:16:28.148000,0 days 01:17:35.710000,237.0,129.0,5.0,127.0,False,MEDIUM,8.0,False,Red Bull Racing,0 days 01:15:13.269000,,126,,False,,False,False
2023-09,FP1,0 days 01:19:13.321000,PER,11,0 days 00:01:37.611000,32.0,5.0,,0 days 01:19:09.950000,0 days 00:00:21.577000,0 days 00:00:36.092000,0 days 00:00:39.942000,0 days 01:17:57.287000,0 days 01:18:33.379000,0 days 01:19:13.321000,298.0,147.0,,254.0,False,MEDIUM,9.0,False,Red Bull Racing,0 days 01:17:35.710000,,6,,False,,False,False
2023-09,FP1,0 days 00:16:23.586000,ALO,14,,1.0,1.0,0 days 00:15:00.925000,,,0 days 00:00:35.083000,0 days 00:00:23.545000,,0 days 00:16:00.268000,0 days 00:16:23.689000,281.0,224.0,278.0,284.0,False,MEDIUM,1.0,True,Aston Martin,0 days 00:15:00.925000,,1,,False,,False,False
2023-09,FP1,0 days 00:17:34.567000,ALO,14,0 days 00:01:10.981000,2.0,1.0,,,0 days 00:00:17.024000,0 days 00:00:31.066000,0 days 00:00:22.891000,0 days 00:16:40.610000,0 days 00:17:11.676000,0 days 00:17:34.567000,310.0,237.0,253.0,307.0,True,MEDIUM,2.0,True,Aston Martin,0 days 00:16:23.586000,,1,,False,,False,True
2023-09,FP1,0 days 00:19:09.274000,ALO,14,0 days 00:01:34.707000,3.0,1.0,,,0 days 00:00:18.323000,0 days 00:00:43.697000,0 days 00:00:32.687000,0 days 00:17:52.890000,0 days 00:18:36.587000,0 days 00:19:09.274000,285.0,193.0,281.0,195.0,False,MEDIUM,3.0,True,Aston Martin,0 days 00:17:34.567000,,1,,False,,False,True
2023-09,FP1,0 days 00:20:16.738000,ALO,14,0 days 00:01:07.464000,4.0,1.0,,,0 days 00:00:16.930000,0 days 00:00:30.123000,0 days 00:00:20.411000,0 days 00:19:26.204000,0 days 00:19:56.327000,0 days 00:20:16.738000,312.0,240.0,281.0,310.0,True,MEDIUM,4.0,True,Aston Martin,0 days 00:19:09.274000,,1,,False,,False,True
2023-09,FP1,0 days 00:22:15.748000,ALO,14,0 days 00:01:59.010000,5.0,1.0,,,0 days 00:00:28.269000,0 days 00:01:01.702000,0 days 00:00:29.039000,0 days 00:20:45.007000,0 days 00:21:46.709000,0 days 00:22:15.748000,212.0,181.0,284.0,97.0,False,MEDIUM,5.0,True,Aston Martin,0 days 00:20:16.738000,,1,,False,,False,True
2023-09,FP1,0 days 00:23:48.481000,ALO,14,0 days 00:01:32.733000,6.0,1.0,,,0 days 00:00:18.708000,0 days 00:00:45.454000,0 days 00:00:28.571000,0 days 00:22:34.456000,0 days 00:23:19.910000,0 days 00:23:48.481000,201.0,166.0,284.0,268.0,False,MEDIUM,6.0,True,Aston Martin,0 days 00:22:15.748000,,1,,False,,False,True
2023-09,FP1,0 days 00:24:55.137000,ALO,14,0 days 00:01:06.656000,7.0,1.0,,,0 days 00:00:16.711000,0 days 00:00:29.802000,0 days 00:00:20.143000,0 days 00:24:05.192000,0 days 00:24:34.994000,0 days 00:24:55.137000,318.0,242.0,281.0,313.0,True,MEDIUM,7.0,True,Aston Martin,0 days 00:23:48.481000,,1,,False,,False,True
2023-09,FP1,0 days 00:26:23.710000,ALO,14,0 days 00:01:28.573000,8.0,1.0,,0 days 00:26:20.351000,0 days 00:00:20.296000,0 days 00:00:38.801000,0 days 00:00:29.476000,0 days 00:25:15.433000,0 days 00:25:54.234000,0 days 00:26:23.710000,231.0,190.0,,205.0,False,MEDIUM,8.0,True,Aston Martin,0 days 00:24:55.137000,,1,,False,,False,False
2023-09,FP1,0 days 00:39:54.519000,ALO,14,,9.0,2.0,0 days 00:38:34.587000,,,0 days 00:00:36.524000,0 days 00:00:24.674000,,0 days 00:39:29.977000,0 days 00:39:54.539000,272.0,193.0,278.0,290.0,False,MEDIUM,9.0,False,Aston Martin,0 days 00:26:23.710000,,1,,False,,False,False
2023-09,FP1,0 days 00:41:01.991000,ALO,14,0 days 00:01:07.472000,10.0,2.0,,,0 days 00:00:16.845000,0 days 00:00:30.118000,0 days 00:00:20.509000,0 days 00:40:11.364000,0 days 00:40:41.482000,0 days 00:41:01.991000,310.0,234.0,278.0,309.0,False,MEDIUM,10.0,False,Aston Martin,0 days 00:39:54.519000,,1,,False,,False,True
2023-09,FP1,0 days 00:42:33.747000,ALO,14,0 days 00:01:31.756000,11.0,2.0,,,0 days 00:00:24.311000,0 days 00:00:42.913000,0 days 00:00:24.532000,0 days 00:41:26.302000,0 days 00:42:09.215000,0 days 00:42:33.747000,155.0,171.0,283.0,263.0,False,MEDIUM,11.0,False,Aston Martin,0 days 00:41:01.991000,,1,,False,,False,True
2023-09,FP1,0 days 00:43:40.639000,ALO,14,0 days 00:01:06.892000,12.0,2.0,,,0 days 00:00:16.679000,0 days 00:00:30.013000,0 days 00:00:20.200000,0 days 00:42:50.426000,0 days 00:43:20.439000,0 days 00:43:40.639000,316.0,241.0,282.0,312.0,False,MEDIUM,12.0,False,Aston Martin,0 days 00:42:33.747000,,1,,False,,False,True
2023-09,FP1,0 days 00:45:12.112000,ALO,14,0 days 00:01:31.473000,13.0,2.0,,0 days 00:45:08.783000,0 days 00:00:23.099000,0 days 00:00:40.033000,0 days 00:00:28.341000,0 days 00:44:03.738000,0 days 00:44:43.771000,0 days 00:45:12.112000,248.0,200.0,,232.0,False,MEDIUM,13.0,False,Aston Martin,0 days 00:43:40.639000,,1,,False,,False,False
2023-09,FP1,0 days 00:47:03.960000,ALO,14,0 days 00:01:51.848000,14.0,3.0,0 days 00:45:37.252000,,0 days 00:00:45.641000,0 days 00:00:40.507000,0 days 00:00:25.700000,0 days 00:45:57.753000,0 days 00:46:38.260000,0 days 00:47:03.960000,223.0,206.0,283.0,245.0,False,MEDIUM,14.0,False,Aston Martin,0 days 00:45:12.112000,,1,,False,,False,False
2023-09,FP1,0 days 00:48:26.152000,ALO,14,0 days 00:01:22.192000,15.0,3.0,,,0 days 00:00:20.590000,0 days 00:00:37.502000,0 days 00:00:24.100000,0 days 00:47:24.550000,0 days 00:48:02.052000,0 days 00:48:26.152000,261.0,184.0,282.0,287.0,False,MEDIUM,15.0,False,Aston Martin,0 days 00:47:03.960000,,1,,False,,False,True
2023-09,FP1,0 days 00:49:44.121000,ALO,14,0 days 00:01:17.969000,16.0,3.0,,0 days 00:49:39.857000,0 days 00:00:16.864000,0 days 00:00:34.647000,0 days 00:00:26.458000,0 days 00:48:43.016000,0 days 00:49:17.663000,0 days 00:49:44.121000,312.0,218.0,,221.0,False,MEDIUM,16.0,False,Aston Martin,0 days 00:48:26.152000,,1,,False,,False,False
2023-09,FP1,0 days 00:59:37.574000,ALO,14,,17.0,4.0,0 days 00:58:21.722000,,,0 days 00:00:34.650000,0 days 00:00:22.909000,,0 days 00:59:14.800000,0 days 00:59:37.596000,275.0,202.0,269.0,275.0,False,MEDIUM,17.0,False,Aston Martin,0 days 00:49:44.121000,,1,,False,,False,False
2023-09,FP1,0 days 01:00:48.087000,ALO,14,0 days 00:01:10.513000,18.0,4.0,,,0 days 00:00:17.569000,0 days 00:00:31.560000,0 days 00:00:21.384000,0 days 00:59:55.143000,0 days 01:00:26.703000,0 days 01:00:48.087000,293.0,221.0,270.0,282.0,False,MEDIUM,18.0,False,Aston Martin,0 days 00:59:37.574000,,1,,False,,False,True
2023-09,FP1,0 days 01:01:58.374000,ALO,14,0 days 00:01:10.287000,19.0,4.0,,,0 days 00:00:17.624000,0 days 00:00:31.363000,0 days 00:00:21.300000,0 days 01:01:05.711000,0 days 01:01:37.074000,0 days 01:01:58.374000,292.0,220.0,271.0,282.0,False,MEDIUM,19.0,False,Aston Martin,0 days 01:00:48.087000,,1,,False,,False,True
2023-09,FP1,0 days 01:03:08.204000,ALO,14,0 days 00:01:09.830000,20.0,4.0,,,0 days 00:00:17.547000,0 days 00:00:31.178000,0 days 00:00:21.105000,0 days 01:02:15.921000,0 days 01:02:47.099000,0 days 01:03:08.204000,293.0,227.0,271.0,285.0,False,MEDIUM,20.0,False,Aston Martin,0 days 01:01:58.374000,,1,,False,,False,True
2023-09,FP1,0 days 01:04:17.884000,ALO,14,0 days 00:01:09.680000,21.0,4.0,,,0 days 00:00:17.521000,0 days 00:00:31.117000,0 days 00:00:21.042000,0 days 01:03:25.725000,0 days 01:03:56.842000,0 days 01:04:17.884000,301.0,226.0,273.0,291.0,False,MEDIUM,21.0,False,Aston Martin,0 days 01:03:08.204000,,1,,False,,False,True
2023-09,FP1,0 days 01:05:27.640000,ALO,14,0 days 00:01:09.756000,22.0,4.0,,,0 days 00:00:17.516000,0 days 00:00:31.389000,0 days 00:00:20.851000,0 days 01:04:35.400000,0 days 01:05:06.789000,0 days 01:05:27.640000,298.0,221.0,272.0,288.0,False,MEDIUM,22.0,False,Aston Martin,0 days 01:04:17.884000,,1,,False,,False,True
2023-09,FP1,0 days 01:06:37.431000,ALO,14,0 days 00:01:09.791000,23.0,4.0,,,0 days 00:00:17.522000,0 days 00:00:31.239000,0 days 00:00:21.030000,0 days 01:05:45.162000,0 days 01:06:16.401000,0 days 01:06:37.431000,298.0,224.0,270.0,290.0,False,MEDIUM,23.0,False,Aston Martin,0 days 01:05:27.640000,,1,,False,,False,True
2023-09,FP1,0 days 01:07:47.143000,ALO,14,0 days 00:01:09.712000,24.0,4.0,,,0 days 00:00:17.551000,0 days 00:00:31.185000,0 days 00:00:20.976000,0 days 01:06:54.982000,0 days 01:07:26.167000,0 days 01:07:47.143000,301.0,231.0,271.0,291.0,False,MEDIUM,24.0,False,Aston Martin,0 days 01:06:37.431000,,1,,False,,False,True
2023-09,FP1,0 days 01:08:57.262000,ALO,14,0 days 00:01:10.119000,25.0,4.0,,,0 days 00:00:17.567000,0 days 00:00:31.552000,0 days 00:00:21,0 days 01:08:04.710000,0 days 01:08:36.262000,0 days 01:08:57.262000,299.0,223.0,270.0,289.0,False,MEDIUM,25.0,False,Aston Martin,0 days 01:07:47.143000,,1,,False,,False,True
2023-09,FP1,0 days 01:10:07.743000,ALO,14,0 days 00:01:10.481000,26.0,4.0,,,0 days 00:00:17.738000,0 days 00:00:31.629000,0 days 00:00:21.114000,0 days 01:09:15,0 days 01:09:46.629000,0 days 01:10:07.743000,297.0,221.0,270.0,291.0,False,MEDIUM,26.0,False,Aston Martin,0 days 01:08:57.262000,,1,,False,,False,True
2023-09,FP1,0 days 01:11:18.459000,ALO,14,0 days 00:01:10.716000,27.0,4.0,,,0 days 00:00:17.695000,0 days 00:00:31.739000,0 days 00:00:21.282000,0 days 01:10:25.438000,0 days 01:10:57.177000,0 days 01:11:18.459000,294.0,231.0,272.0,288.0,False,MEDIUM,27.0,False,Aston Martin,0 days 01:10:07.743000,,1,,False,,False,True
2023-09,FP1,0 days 01:12:28.646000,ALO,14,0 days 00:01:10.187000,28.0,4.0,,,0 days 00:00:17.798000,0 days 00:00:31.465000,0 days 00:00:20.924000,0 days 01:11:36.257000,0 days 01:12:07.722000,0 days 01:12:28.646000,293.0,234.0,273.0,288.0,False,MEDIUM,28.0,False,Aston Martin,0 days 01:11:18.459000,,1,,False,,False,True
2023-09,FP1,0 days 01:14:32.780000,ALO,14,0 days 00:02:04.134000,29.0,4.0,,,0 days 00:00:26.031000,0 days 00:00:56.229000,0 days 00:00:41.874000,0 days 01:12:54.677000,0 days 01:13:50.906000,0 days 01:14:32.780000,89.0,127.0,257.0,142.0,False,MEDIUM,29.0,False,Aston Martin,0 days 01:12:28.646000,,1,,False,,False,True
2023-09,FP1,0 days 01:16:13.467000,ALO,14,0 days 00:01:40.687000,30.0,4.0,,,0 days 00:00:20.194000,0 days 00:00:36.952000,0 days 00:00:43.541000,0 days 01:14:52.974000,0 days 01:15:29.926000,0 days 01:16:13.467000,261.0,209.0,73.0,223.0,False,MEDIUM,30.0,False,Aston Martin,0 days 01:14:32.780000,,126,,False,,False,False
2023-09,FP1,0 days 01:18:07.170000,ALO,14,,31.0,4.0,,0 days 01:18:07.170000,0 days 00:00:46.432000,0 days 00:00:32.918000,,0 days 01:17:00.046000,0 days 01:17:32.952000,,298.0,212.0,,293.0,False,MEDIUM,31.0,False,Aston Martin,0 days 01:16:13.467000,,6,,False,,False,False
2023-09,FP1,0 days 00:16:55.476000,LEC,16,,1.0,1.0,0 days 00:15:28.612000,,,0 days 00:00:37.513000,0 days 00:00:25.643000,,0 days 00:16:30.054000,0 days 00:16:55.564000,270.0,119.0,269.0,275.0,False,HARD,1.0,True,Ferrari,0 days 00:15:28.612000,,1,,False,,False,False
2023-09,FP1,0 days 00:18:04.806000,LEC,16,0 days 00:01:09.330000,2.0,1.0,,,0 days 00:00:17.675000,0 days 00:00:30.795000,0 days 00:00:20.860000,0 days 00:17:13.151000,0 days 00:17:43.946000,0 days 00:18:04.806000,289.0,235.0,273.0,293.0,True,HARD,2.0,True,Ferrari,0 days 00:16:55.476000,,1,,False,,False,True
2023-09,FP1,0 days 00:19:13.636000,LEC,16,0 days 00:01:08.830000,3.0,1.0,,,0 days 00:00:17.607000,0 days 00:00:30.587000,0 days 00:00:20.636000,0 days 00:18:22.413000,0 days 00:18:53,0 days 00:19:13.636000,283.0,235.0,274.0,287.0,True,HARD,3.0,True,Ferrari,0 days 00:18:04.806000,,1,,False,,False,True
2023-09,FP1,0 days 00:20:30.386000,LEC,16,0 days 00:01:16.750000,4.0,1.0,,,0 days 00:00:18.178000,0 days 00:00:33.760000,0 days 00:00:24.812000,0 days 00:19:31.814000,0 days 00:20:05.574000,0 days 00:20:30.386000,286.0,174.0,273.0,291.0,False,HARD,4.0,True,Ferrari,0 days 00:19:13.636000,,1,,False,,False,True
2023-09,FP1,0 days 00:21:38.496000,LEC,16,0 days 00:01:08.110000,5.0,1.0,,,0 days 00:00:17.432000,0 days 00:00:30.238000,0 days 00:00:20.440000,0 days 00:20:47.818000,0 days 00:21:18.056000,0 days 00:21:38.496000,296.0,239.0,276.0,297.0,True,HARD,5.0,True,Ferrari,0 days 00:20:30.386000,,1,,False,,False,True
2023-09,FP1,0 days 00:23:06.266000,LEC,16,0 days 00:01:27.770000,6.0,1.0,,,0 days 00:00:17.489000,0 days 00:00:40.150000,0 days 00:00:30.131000,0 days 00:21:55.985000,0 days 00:22:36.135000,0 days 00:23:06.266000,291.0,134.0,273.0,256.0,False,HARD,6.0,True,Ferrari,0 days 00:21:38.496000,,1,,False,,False,True
2023-09,FP1,0 days 00:24:16.783000,LEC,16,0 days 00:01:10.517000,7.0,1.0,,,0 days 00:00:17.279000,0 days 00:00:31.600000,0 days 00:00:21.638000,0 days 00:23:23.545000,0 days 00:23:55.145000,0 days 00:24:16.783000,299.0,222.0,276.0,299.0,False,HARD,7.0,True,Ferrari,0 days 00:23:06.266000,,1,,False,,False,True
2023-09,FP1,0 days 00:25:25.338000,LEC,16,0 days 00:01:08.555000,8.0,1.0,,,0 days 00:00:17.352000,0 days 00:00:30.403000,0 days 00:00:20.800000,0 days 00:24:34.135000,0 days 00:25:04.538000,0 days 00:25:25.338000,295.0,234.0,275.0,294.0,False,HARD,8.0,True,Ferrari,0 days 00:24:16.783000,,1,,False,,False,True
2023-09,FP1,0 days 00:26:36.347000,LEC,16,0 days 00:01:11.009000,9.0,1.0,,,0 days 00:00:17.412000,0 days 00:00:30.565000,0 days 00:00:23.032000,0 days 00:25:42.750000,0 days 00:26:13.315000,0 days 00:26:36.347000,293.0,235.0,230.0,294.0,False,HARD,9.0,True,Ferrari,0 days 00:25:25.338000,,1,,False,,False,True
2023-09,FP1,0 days 00:28:23.385000,LEC,16,0 days 00:01:47.038000,10.0,1.0,,,0 days 00:00:22.749000,0 days 00:00:56.193000,0 days 00:00:28.096000,0 days 00:26:59.096000,0 days 00:27:55.289000,0 days 00:28:23.385000,183.0,213.0,278.0,110.0,False,HARD,10.0,True,Ferrari,0 days 00:26:36.347000,,1,,False,,False,True
2023-09,FP1,0 days 00:29:34.295000,LEC,16,0 days 00:01:10.910000,11.0,1.0,,,0 days 00:00:17.282000,0 days 00:00:30.626000,0 days 00:00:23.002000,0 days 00:28:40.667000,0 days 00:29:11.293000,0 days 00:29:34.295000,302.0,217.0,284.0,298.0,False,HARD,11.0,True,Ferrari,0 days 00:28:23.385000,,1,,False,,False,True
2023-09,FP1,0 days 00:30:53.076000,LEC,16,0 days 00:01:18.781000,12.0,1.0,,,0 days 00:00:16.877000,0 days 00:00:33.794000,0 days 00:00:28.110000,0 days 00:29:51.172000,0 days 00:30:24.966000,0 days 00:30:53.076000,314.0,155.0,281.0,307.0,False,HARD,12.0,True,Ferrari,0 days 00:29:34.295000,,1,,False,,False,True
2023-09,FP1,0 days 00:32:00.669000,LEC,16,0 days 00:01:07.593000,13.0,1.0,,,0 days 00:00:17.001000,0 days 00:00:30.236000,0 days 00:00:20.356000,0 days 00:31:10.077000,0 days 00:31:40.313000,0 days 00:32:00.669000,312.0,239.0,284.0,308.0,True,HARD,13.0,True,Ferrari,0 days 00:30:53.076000,,1,,False,,False,True
2023-09,FP1,0 days 00:33:34.617000,LEC,16,0 days 00:01:33.948000,14.0,1.0,,0 days 00:33:31.218000,0 days 00:00:19.306000,0 days 00:00:43.241000,0 days 00:00:31.401000,0 days 00:32:19.975000,0 days 00:33:03.216000,0 days 00:33:34.617000,267.0,123.0,,159.0,False,HARD,14.0,True,Ferrari,0 days 00:32:00.669000,,1,,False,,False,False
2023-09,FP1,0 days 00:43:22.605000,LEC,16,,15.0,2.0,0 days 00:42:09.084000,,,0 days 00:00:33.343000,0 days 00:00:21.900000,,0 days 00:43:00.895000,0 days 00:43:22.660000,285.0,226.0,273.0,287.0,False,HARD,15.0,False,Ferrari,0 days 00:33:34.617000,,1,,False,,False,False
2023-09,FP1,0 days 00:44:31.809000,LEC,16,0 days 00:01:09.204000,16.0,2.0,,,0 days 00:00:17.503000,0 days 00:00:30.735000,0 days 00:00:20.966000,0 days 00:43:40.108000,0 days 00:44:10.843000,0 days 00:44:31.809000,297.0,237.0,275.0,298.0,False,HARD,16.0,False,Ferrari,0 days 00:43:22.605000,,1,,False,,False,True
2023-09,FP1,0 days 00:45:41.123000,LEC,16,0 days 00:01:09.314000,17.0,2.0,,,0 days 00:00:17.506000,0 days 00:00:30.936000,0 days 00:00:20.872000,0 days 00:44:49.315000,0 days 00:45:20.251000,0 days 00:45:41.123000,294.0,233.0,274.0,296.0,False,HARD,17.0,False,Ferrari,0 days 00:44:31.809000,,1,,False,,False,True
2023-09,FP1,0 days 00:47:00.210000,LEC,16,0 days 00:01:19.087000,18.0,2.0,,0 days 00:46:56.844000,0 days 00:00:17.684000,0 days 00:00:31.847000,0 days 00:00:29.556000,0 days 00:45:58.807000,0 days 00:46:30.654000,0 days 00:47:00.210000,293.0,222.0,,295.0,False,HARD,18.0,False,Ferrari,0 days 00:45:41.123000,,1,,False,,False,False
2023-09,FP1,0 days 00:48:51.068000,LEC,16,0 days 00:01:50.858000,19.0,3.0,0 days 00:47:19.187000,,0 days 00:00:42.495000,0 days 00:00:44.400000,0 days 00:00:23.963000,0 days 00:47:42.705000,0 days 00:48:27.105000,0 days 00:48:51.068000,241.0,217.0,277.0,158.0,False,HARD,19.0,False,Ferrari,0 days 00:47:00.210000,,1,,False,,False,False
2023-09,FP1,0 days 00:50:00.211000,LEC,16,0 days 00:01:09.143000,20.0,3.0,,,0 days 00:00:17.485000,0 days 00:00:30.652000,0 days 00:00:21.006000,0 days 00:49:08.553000,0 days 00:49:39.205000,0 days 00:50:00.211000,297.0,233.0,276.0,305.0,False,HARD,20.0,False,Ferrari,0 days 00:48:51.068000,,1,,False,,False,True
2023-09,FP1,0 days 00:51:25.207000,LEC,16,0 days 00:01:24.996000,21.0,3.0,,,0 days 00:00:19.119000,0 days 00:00:42.987000,0 days 00:00:22.890000,0 days 00:50:19.330000,0 days 00:51:02.317000,0 days 00:51:25.207000,195.0,190.0,283.0,235.0,False,HARD,21.0,False,Ferrari,0 days 00:50:00.211000,,1,,False,,False,True
2023-09,FP1,0 days 00:52:32.791000,LEC,16,0 days 00:01:07.584000,22.0,3.0,,,0 days 00:00:16.844000,0 days 00:00:30.148000,0 days 00:00:20.592000,0 days 00:51:42.051000,0 days 00:52:12.199000,0 days 00:52:32.791000,319.0,237.0,284.0,315.0,True,HARD,22.0,False,Ferrari,0 days 00:51:25.207000,,1,,False,,False,True
2023-09,FP1,0 days 00:53:41.563000,LEC,16,0 days 00:01:08.772000,23.0,3.0,,,0 days 00:00:17.072000,0 days 00:00:30.806000,0 days 00:00:20.894000,0 days 00:52:49.863000,0 days 00:53:20.669000,0 days 00:53:41.563000,311.0,231.0,280.0,303.0,False,HARD,23.0,False,Ferrari,0 days 00:52:32.791000,,1,,False,,False,True
2023-09,FP1,0 days 00:55:09.354000,LEC,16,0 days 00:01:27.791000,24.0,3.0,,0 days 00:55:06.007000,0 days 00:00:17.155000,0 days 00:00:42.418000,0 days 00:00:28.218000,0 days 00:53:58.718000,0 days 00:54:41.136000,0 days 00:55:09.354000,311.0,188.0,,159.0,False,HARD,24.0,False,Ferrari,0 days 00:53:41.563000,,1,,False,,False,False
2023-09,FP1,0 days 01:05:17.454000,LEC,16,,25.0,4.0,0 days 01:03:43.435000,,,0 days 00:00:37.092000,0 days 00:00:34.159000,,0 days 01:04:43.528000,0 days 01:05:17.543000,277.0,210.0,285.0,268.0,False,SOFT,1.0,True,Ferrari,0 days 00:55:09.354000,,1,,False,,False,False
2023-09,FP1,0 days 01:06:23.663000,LEC,16,0 days 00:01:06.209000,26.0,4.0,,,0 days 00:00:16.697000,0 days 00:00:29.497000,0 days 00:00:20.015000,0 days 01:05:34.151000,0 days 01:06:03.648000,0 days 01:06:23.663000,320.0,239.0,286.0,314.0,True,SOFT,2.0,True,Ferrari,0 days 01:05:17.454000,,1,,False,,False,True
2023-09,FP1,0 days 01:08:10.168000,LEC,16,0 days 00:01:46.505000,27.0,4.0,,,0 days 00:00:25.754000,0 days 00:00:47.944000,0 days 00:00:32.807000,0 days 01:06:49.417000,0 days 01:07:37.361000,0 days 01:08:10.168000,130.0,105.0,166.0,189.0,False,SOFT,3.0,True,Ferrari,0 days 01:06:23.663000,,1,,False,,False,True
2023-09,FP1,0 days 01:10:18.607000,LEC,16,0 days 00:02:08.439000,28.0,4.0,,,0 days 00:00:34.168000,0 days 00:01:03.407000,0 days 00:00:30.864000,0 days 01:08:44.336000,0 days 01:09:47.743000,0 days 01:10:18.607000,111.0,97.0,283.0,115.0,False,SOFT,4.0,True,Ferrari,0 days 01:08:10.168000,,1,,False,,False,True
2023-09,FP1,0 days 01:11:54.777000,LEC,16,0 days 00:01:36.170000,29.0,4.0,,,0 days 00:00:18.416000,0 days 00:00:51.791000,0 days 00:00:25.963000,0 days 01:10:37.023000,0 days 01:11:28.814000,0 days 01:11:54.777000,192.0,148.0,285.0,142.0,False,SOFT,5.0,True,Ferrari,0 days 01:10:18.607000,,1,,False,,False,True
2023-09,FP1,0 days 01:13:36.334000,LEC,16,0 days 00:01:41.557000,30.0,4.0,,,0 days 00:00:16.701000,0 days 00:00:52.722000,0 days 00:00:32.134000,0 days 01:12:11.478000,0 days 01:13:04.200000,0 days 01:13:36.334000,320.0,145.0,286.0,119.0,False,SOFT,6.0,True,Ferrari,0 days 01:11:54.777000,,1,,False,,False,True
2023-09,FP1,0 days 01:14:42.346000,LEC,16,0 days 00:01:06.012000,31.0,4.0,,,0 days 00:00:16.655000,0 days 00:00:29.408000,0 days 00:00:19.949000,0 days 01:13:52.989000,0 days 01:14:22.397000,0 days 01:14:42.346000,319.0,244.0,285.0,316.0,True,SOFT,7.0,True,Ferrari,0 days 01:13:36.334000,,1,,False,,False,True
2023-09,FP1,0 days 01:16:39.446000,LEC,16,0 days 00:01:57.100000,32.0,4.0,,,0 days 00:00:21.400000,0 days 00:00:49.757000,0 days 00:00:45.943000,0 days 01:15:03.746000,0 days 01:15:53.503000,0 days 01:16:39.446000,216.0,114.0,71.0,143.0,False,SOFT,8.0,True,Ferrari,0 days 01:14:42.346000,,126,,False,,False,False
2023-09,FP1,0 days 01:18:24.871000,LEC,16,0 days 00:01:45.425000,33.0,4.0,,0 days 01:18:21.373000,0 days 00:00:37.291000,0 days 00:00:36.024000,0 days 00:00:32.110000,0 days 01:17:16.737000,0 days 01:17:52.761000,0 days 01:18:24.871000,302.0,182.0,,201.0,False,SOFT,9.0,True,Ferrari,0 days 01:16:39.446000,,6,,False,,False,False
2023-09,FP1,0 days 00:16:04.099000,STR,18,,1.0,1.0,0 days 00:14:46.597000,,,0 days 00:00:34.820000,0 days 00:00:23.455000,,0 days 00:15:40.815000,0 days 00:16:04.174000,303.0,206.0,278.0,272.0,False,MEDIUM,1.0,True,Aston Martin,0 days 00:14:46.597000,,1,,False,,False,False
2023-09,FP1,0 days 00:17:12.617000,STR,18,0 days 00:01:08.518000,2.0,1.0,,,0 days 00:00:17.014000,0 days 00:00:30.484000,0 days 00:00:21.020000,0 days 00:16:21.113000,0 days 00:16:51.597000,0 days 00:17:12.617000,313.0,236.0,280.0,309.0,True,MEDIUM,2.0,True,Aston Martin,0 days 00:16:04.099000,,1,,False,,False,True
2023-09,FP1,0 days 00:18:58.955000,STR,18,0 days 00:01:46.338000,3.0,1.0,,,0 days 00:00:27.495000,0 days 00:00:49.306000,0 days 00:00:29.537000,0 days 00:17:40.112000,0 days 00:18:29.418000,0 days 00:18:58.955000,122.0,190.0,280.0,135.0,False,MEDIUM,3.0,True,Aston Martin,0 days 00:17:12.617000,,1,,False,,False,True
2023-09,FP1,0 days 00:20:06.722000,STR,18,0 days 00:01:07.767000,4.0,1.0,,,0 days 00:00:16.981000,0 days 00:00:30.224000,0 days 00:00:20.562000,0 days 00:19:15.936000,0 days 00:19:46.160000,0 days 00:20:06.722000,313.0,238.0,280.0,309.0,True,MEDIUM,4.0,True,Aston Martin,0 days 00:18:58.955000,,1,,False,,False,True
2023-09,FP1,0 days 00:22:08.841000,STR,18,0 days 00:02:02.119000,5.0,1.0,,,0 days 00:00:30.363000,0 days 00:00:59.681000,0 days 00:00:32.075000,0 days 00:20:37.085000,0 days 00:21:36.766000,0 days 00:22:08.841000,147.0,159.0,281.0,131.0,False,MEDIUM,5.0,True,Aston Martin,0 days 00:20:06.722000,,1,,False,,False,True
2023-09,FP1,0 days 00:23:16.206000,STR,18,0 days 00:01:07.365000,6.0,1.0,,,0 days 00:00:16.960000,0 days 00:00:30.087000,0 days 00:00:20.318000,0 days 00:22:25.801000,0 days 00:22:55.888000,0 days 00:23:16.206000,311.0,240.0,282.0,310.0,True,MEDIUM,6.0,True,Aston Martin,0 days 00:22:08.841000,,1,,False,,False,True
2023-09,FP1,0 days 00:24:48.649000,STR,18,0 days 00:01:32.443000,7.0,1.0,,0 days 00:24:45.352000,0 days 00:00:20.380000,0 days 00:00:40.700000,0 days 00:00:31.363000,0 days 00:23:36.586000,0 days 00:24:17.286000,0 days 00:24:48.649000,259.0,204.0,,253.0,False,MEDIUM,7.0,True,Aston Martin,0 days 00:23:16.206000,,1,,False,,False,False
2023-09,FP1,0 days 00:33:24.700000,STR,18,,8.0,2.0,0 days 00:31:57.594000,,,0 days 00:00:38.048000,0 days 00:00:24.253000,,0 days 00:33:00.578000,0 days 00:33:24.765000,157.0,157.0,279.0,278.0,False,MEDIUM,8.0,False,Aston Martin,0 days 00:24:48.649000,,1,,False,,False,False
2023-09,FP1,0 days 00:34:31.781000,STR,18,0 days 00:01:07.081000,9.0,2.0,,,0 days 00:00:16.932000,0 days 00:00:30.009000,0 days 00:00:20.140000,0 days 00:33:41.632000,0 days 00:34:11.641000,0 days 00:34:31.781000,313.0,240.0,280.0,311.0,True,MEDIUM,9.0,False,Aston Martin,0 days 00:33:24.700000,,1,,False,,False,True
2023-09,FP1,0 days 00:36:26.629000,STR,18,0 days 00:01:54.848000,10.0,2.0,,0 days 00:36:23.277000,0 days 00:00:28.145000,0 days 00:00:53.971000,0 days 00:00:32.732000,0 days 00:34:59.926000,0 days 00:35:53.897000,0 days 00:36:26.629000,163.0,158.0,,144.0,False,MEDIUM,10.0,False,Aston Martin,0 days 00:34:31.781000,,1,,False,,False,False
2023-09,FP1,0 days 00:38:16.084000,STR,18,0 days 00:01:49.455000,11.0,3.0,0 days 00:36:52.277000,,0 days 00:00:46.056000,0 days 00:00:38.776000,0 days 00:00:24.623000,0 days 00:37:12.685000,0 days 00:37:51.461000,0 days 00:38:16.084000,255.0,189.0,280.0,239.0,False,MEDIUM,11.0,False,Aston Martin,0 days 00:36:26.629000,,1,,False,,False,False
2023-09,FP1,0 days 00:39:23.211000,STR,18,0 days 00:01:07.127000,12.0,3.0,,,0 days 00:00:16.777000,0 days 00:00:30.127000,0 days 00:00:20.223000,0 days 00:38:32.861000,0 days 00:39:02.988000,0 days 00:39:23.211000,311.0,236.0,280.0,309.0,False,MEDIUM,12.0,False,Aston Martin,0 days 00:38:16.084000,,1,,False,,False,True
2023-09,FP1,0 days 00:40:59.195000,STR,18,0 days 00:01:35.984000,13.0,3.0,,0 days 00:40:55.710000,0 days 00:00:25.030000,0 days 00:00:40.813000,0 days 00:00:30.141000,0 days 00:39:48.241000,0 days 00:40:29.054000,0 days 00:40:59.195000,224.0,153.0,,219.0,False,MEDIUM,13.0,False,Aston Martin,0 days 00:39:23.211000,,1,,False,,False,False
2023-09,FP1,0 days 00:43:12.565000,STR,18,0 days 00:02:13.370000,14.0,4.0,0 days 00:41:22.475000,,0 days 00:00:51.107000,0 days 00:00:58.477000,0 days 00:00:23.786000,0 days 00:41:50.302000,0 days 00:42:48.779000,0 days 00:43:12.565000,132.0,176.0,280.0,183.0,False,MEDIUM,14.0,False,Aston Martin,0 days 00:40:59.195000,,1,,False,,False,False
2023-09,FP1,0 days 00:44:19.503000,STR,18,0 days 00:01:06.938000,15.0,4.0,,,0 days 00:00:16.779000,0 days 00:00:30.040000,0 days 00:00:20.119000,0 days 00:43:29.344000,0 days 00:43:59.384000,0 days 00:44:19.503000,314.0,240.0,283.0,311.0,True,MEDIUM,15.0,False,Aston Martin,0 days 00:43:12.565000,,1,,False,,False,True
2023-09,FP1,0 days 00:46:02.094000,STR,18,0 days 00:01:42.591000,16.0,4.0,,,0 days 00:00:24.787000,0 days 00:00:52.099000,0 days 00:00:25.705000,0 days 00:44:44.290000,0 days 00:45:36.389000,0 days 00:46:02.094000,228.0,157.0,255.0,109.0,False,MEDIUM,16.0,False,Aston Martin,0 days 00:44:19.503000,,1,,False,,False,True
2023-09,FP1,0 days 00:47:11.836000,STR,18,0 days 00:01:09.742000,17.0,4.0,,,0 days 00:00:18.152000,0 days 00:00:30.939000,0 days 00:00:20.651000,0 days 00:46:20.246000,0 days 00:46:51.185000,0 days 00:47:11.836000,297.0,237.0,274.0,301.0,False,MEDIUM,17.0,False,Aston Martin,0 days 00:46:02.094000,,1,,False,,False,True
2023-09,FP1,0 days 00:48:20.954000,STR,18,0 days 00:01:09.118000,18.0,4.0,,,0 days 00:00:17.440000,0 days 00:00:31.001000,0 days 00:00:20.677000,0 days 00:47:29.276000,0 days 00:48:00.277000,0 days 00:48:20.954000,291.0,236.0,273.0,297.0,False,MEDIUM,18.0,False,Aston Martin,0 days 00:47:11.836000,,1,,False,,False,True
2023-09,FP1,0 days 00:49:30.129000,STR,18,0 days 00:01:09.175000,19.0,4.0,,,0 days 00:00:17.464000,0 days 00:00:31.047000,0 days 00:00:20.664000,0 days 00:48:38.418000,0 days 00:49:09.465000,0 days 00:49:30.129000,287.0,237.0,273.0,294.0,False,MEDIUM,19.0,False,Aston Martin,0 days 00:48:20.954000,,1,,False,,False,True
2023-09,FP1,0 days 00:50:43.407000,STR,18,0 days 00:01:13.278000,20.0,4.0,,0 days 00:50:39.981000,0 days 00:00:17.541000,0 days 00:00:31.100000,0 days 00:00:24.637000,0 days 00:49:47.670000,0 days 00:50:18.770000,0 days 00:50:43.407000,296.0,235.0,,298.0,False,MEDIUM,20.0,False,Aston Martin,0 days 00:49:30.129000,,1,,False,,False,False
2023-09,FP1,0 days 01:01:52.451000,STR,18,,21.0,5.0,0 days 01:00:26.423000,,,0 days 00:00:38.772000,0 days 00:00:27.242000,,0 days 01:01:25.329000,0 days 01:01:52.500000,254.0,150.0,282.0,196.0,False,SOFT,1.0,True,Aston Martin,0 days 00:50:43.407000,,1,,False,,False,False
2023-09,FP1,0 days 01:02:59.001000,STR,18,0 days 00:01:06.550000,22.0,5.0,,,0 days 00:00:16.631000,0 days 00:00:29.771000,0 days 00:00:20.148000,0 days 01:02:09.082000,0 days 01:02:38.853000,0 days 01:02:59.001000,319.0,240.0,282.0,310.0,True,SOFT,2.0,True,Aston Martin,0 days 01:01:52.451000,,1,,False,,False,True
2023-09,FP1,0 days 01:05:03.057000,STR,18,0 days 00:02:04.056000,23.0,5.0,,,0 days 00:00:26.596000,0 days 00:01:00.105000,0 days 00:00:37.355000,0 days 01:03:25.597000,0 days 01:04:25.702000,0 days 01:05:03.057000,142.0,67.0,158.0,143.0,False,SOFT,3.0,True,Aston Martin,0 days 01:02:59.001000,,1,,False,,False,True
2023-09,FP1,0 days 01:06:55.763000,STR,18,0 days 00:01:52.706000,24.0,5.0,,,0 days 00:00:33.803000,0 days 00:00:50.774000,0 days 00:00:28.129000,0 days 01:05:36.860000,0 days 01:06:27.634000,0 days 01:06:55.763000,127.0,188.0,282.0,165.0,False,SOFT,4.0,True,Aston Martin,0 days 01:05:03.057000,,1,,False,,False,True
2023-09,FP1,0 days 01:08:02.103000,STR,18,0 days 00:01:06.340000,25.0,5.0,,,0 days 00:00:16.717000,0 days 00:00:29.732000,0 days 00:00:19.891000,0 days 01:07:12.480000,0 days 01:07:42.212000,0 days 01:08:02.103000,320.0,242.0,281.0,313.0,True,SOFT,5.0,True,Aston Martin,0 days 01:06:55.763000,,1,,False,,False,True
2023-09,FP1,0 days 01:09:32.323000,STR,18,0 days 00:01:30.220000,26.0,5.0,,0 days 01:09:28.882000,0 days 00:00:24.453000,0 days 00:00:39.896000,0 days 00:00:25.871000,0 days 01:08:26.556000,0 days 01:09:06.452000,0 days 01:09:32.323000,221.0,202.0,,236.0,False,SOFT,6.0,True,Aston Martin,0 days 01:08:02.103000,,1,,False,,False,False
2023-09,FP1,0 days 01:14:57.939000,STR,18,,27.0,6.0,0 days 01:13:40.175000,,,0 days 00:00:33.304000,0 days 00:00:23.852000,,0 days 01:14:34.158000,0 days 01:14:57.939000,295.0,221.0,247.0,287.0,False,MEDIUM,21.0,False,Aston Martin,0 days 01:09:32.323000,,1,,False,,False,False
2023-09,FP1,0 days 01:16:49.416000,STR,18,0 days 00:01:51.477000,28.0,6.0,,,0 days 00:00:19.177000,0 days 00:00:41.616000,0 days 00:00:50.684000,0 days 01:15:17.116000,0 days 01:15:58.732000,0 days 01:16:49.416000,245.0,104.0,94.0,255.0,False,MEDIUM,22.0,False,Aston Martin,0 days 01:14:57.939000,,126,,False,,False,False
2023-09,FP1,0 days 01:18:47.607000,STR,18,,29.0,6.0,,0 days 01:18:47.607000,0 days 00:00:45.607000,0 days 00:00:36.199000,,0 days 01:17:35.139000,0 days 01:18:11.342000,,293.0,159.0,,272.0,False,MEDIUM,23.0,False,Aston Martin,0 days 01:16:49.416000,,6,,False,,False,False
2023-09,FP1,0 days 00:17:03.066000,MAG,20,,1.0,1.0,0 days 00:15:33.112000,,,0 days 00:00:34.994000,0 days 00:00:28.706000,,0 days 00:16:34.486000,0 days 00:17:03.189000,277.0,208.0,270.0,278.0,False,MEDIUM,1.0,True,Haas F1 Team,0 days 00:15:33.112000,,1,,False,,False,False
2023-09,FP1,0 days 00:18:12.246000,MAG,20,0 days 00:01:09.180000,2.0,1.0,,,0 days 00:00:17.085000,0 days 00:00:30.819000,0 days 00:00:21.276000,0 days 00:17:20.151000,0 days 00:17:50.970000,0 days 00:18:12.246000,314.0,224.0,280.0,313.0,True,MEDIUM,2.0,True,Haas F1 Team,0 days 00:17:03.066000,,1,,False,,False,True
2023-09,FP1,0 days 00:19:20.952000,MAG,20,0 days 00:01:08.706000,3.0,1.0,,,0 days 00:00:16.981000,0 days 00:00:30.752000,0 days 00:00:20.973000,0 days 00:18:29.227000,0 days 00:18:59.979000,0 days 00:19:20.952000,313.0,233.0,281.0,308.0,True,MEDIUM,3.0,True,Haas F1 Team,0 days 00:18:12.246000,,1,,False,,False,True
2023-09,FP1,0 days 00:21:03.092000,MAG,20,0 days 00:01:42.140000,4.0,1.0,,0 days 00:20:59.669000,0 days 00:00:24.546000,0 days 00:00:45.089000,0 days 00:00:32.505000,0 days 00:19:45.498000,0 days 00:20:30.587000,0 days 00:21:03.092000,135.0,156.0,,192.0,False,MEDIUM,4.0,True,Haas F1 Team,0 days 00:19:20.952000,,1,,False,,False,False
2023-09,FP1,0 days 00:23:13.272000,MAG,20,0 days 00:02:10.180000,5.0,2.0,0 days 00:21:29.262000,,0 days 00:00:48.486000,0 days 00:00:51.908000,0 days 00:00:29.786000,0 days 00:21:51.578000,0 days 00:22:43.486000,0 days 00:23:13.272000,132.0,130.0,278.0,138.0,False,MEDIUM,5.0,False,Haas F1 Team,0 days 00:21:03.092000,,1,,False,,False,False
2023-09,FP1,0 days 00:24:49.676000,MAG,20,0 days 00:01:36.404000,6.0,2.0,,,0 days 00:00:19.770000,0 days 00:00:48.617000,0 days 00:00:28.017000,0 days 00:23:33.042000,0 days 00:24:21.659000,0 days 00:24:49.676000,192.0,87.0,279.0,167.0,False,MEDIUM,6.0,False,Haas F1 Team,0 days 00:23:13.272000,,1,,False,,False,True
2023-09,FP1,0 days 00:25:57.178000,MAG,20,0 days 00:01:07.502000,7.0,2.0,,,0 days 00:00:16.893000,0 days 00:00:29.953000,0 days 00:00:20.656000,0 days 00:25:06.569000,0 days 00:25:36.522000,0 days 00:25:57.178000,314.0,240.0,273.0,313.0,True,MEDIUM,7.0,False,Haas F1 Team,0 days 00:24:49.676000,,1,,False,,False,True
2023-09,FP1,0 days 00:27:37.958000,MAG,20,0 days 00:01:40.780000,8.0,2.0,,,0 days 00:00:21.087000,0 days 00:00:50.548000,0 days 00:00:29.145000,0 days 00:26:18.265000,0 days 00:27:08.813000,0 days 00:27:37.958000,233.0,119.0,281.0,216.0,False,MEDIUM,8.0,False,Haas F1 Team,0 days 00:25:57.178000,,1,,False,,False,True
2023-09,FP1,0 days 00:28:45.515000,MAG,20,0 days 00:01:07.557000,9.0,2.0,,,0 days 00:00:16.760000,0 days 00:00:30.175000,0 days 00:00:20.622000,0 days 00:27:54.718000,0 days 00:28:24.893000,0 days 00:28:45.515000,318.0,234.0,274.0,312.0,False,MEDIUM,9.0,False,Haas F1 Team,0 days 00:27:37.958000,,1,,False,,False,True
2023-09,FP1,0 days 00:30:11.177000,MAG,20,0 days 00:01:25.662000,10.0,2.0,,0 days 00:30:07.721000,0 days 00:00:22.175000,0 days 00:00:35.935000,0 days 00:00:27.552000,0 days 00:29:07.690000,0 days 00:29:43.625000,0 days 00:30:11.177000,224.0,189.0,,251.0,False,MEDIUM,10.0,False,Haas F1 Team,0 days 00:28:45.515000,,1,,False,,False,False
2023-09,FP1,0 days 00:46:36.167000,MAG,20,,11.0,3.0,0 days 00:45:18.518000,,,0 days 00:00:32.006000,0 days 00:00:21.332000,,0 days 00:46:14.970000,0 days 00:46:36.219000,285.0,232.0,274.0,293.0,False,MEDIUM,11.0,False,Haas F1 Team,0 days 00:30:11.177000,,1,,False,,False,False
2023-09,FP1,0 days 00:47:46.166000,MAG,20,0 days 00:01:09.999000,12.0,3.0,,,0 days 00:00:17.616000,0 days 00:00:31.200000,0 days 00:00:21.183000,0 days 00:46:53.783000,0 days 00:47:24.983000,0 days 00:47:46.166000,287.0,228.0,272.0,293.0,False,MEDIUM,12.0,False,Haas F1 Team,0 days 00:46:36.167000,,1,,False,,False,True
2023-09,FP1,0 days 00:48:56.530000,MAG,20,0 days 00:01:10.364000,13.0,3.0,,,0 days 00:00:17.687000,0 days 00:00:31.382000,0 days 00:00:21.295000,0 days 00:48:03.853000,0 days 00:48:35.235000,0 days 00:48:56.530000,286.0,223.0,270.0,292.0,False,MEDIUM,13.0,False,Haas F1 Team,0 days 00:47:46.166000,,1,,False,,False,True
2023-09,FP1,0 days 00:50:06.934000,MAG,20,0 days 00:01:10.404000,14.0,3.0,,,0 days 00:00:17.698000,0 days 00:00:31.409000,0 days 00:00:21.297000,0 days 00:49:14.228000,0 days 00:49:45.637000,0 days 00:50:06.934000,288.0,226.0,272.0,294.0,False,MEDIUM,14.0,False,Haas F1 Team,0 days 00:48:56.530000,,1,,False,,False,True
2023-09,FP1,0 days 00:51:17.113000,MAG,20,0 days 00:01:10.179000,15.0,3.0,,,0 days 00:00:17.647000,0 days 00:00:31.411000,0 days 00:00:21.121000,0 days 00:50:24.581000,0 days 00:50:55.992000,0 days 00:51:17.113000,288.0,223.0,273.0,292.0,False,MEDIUM,15.0,False,Haas F1 Team,0 days 00:50:06.934000,,1,,False,,False,True
2023-09,FP1,0 days 00:52:27.073000,MAG,20,0 days 00:01:09.960000,16.0,3.0,,,0 days 00:00:17.607000,0 days 00:00:31.329000,0 days 00:00:21.024000,0 days 00:51:34.720000,0 days 00:52:06.049000,0 days 00:52:27.073000,292.0,226.0,273.0,290.0,False,MEDIUM,16.0,False,Haas F1 Team,0 days 00:51:17.113000,,1,,False,,False,True
2023-09,FP1,0 days 00:53:37.221000,MAG,20,0 days 00:01:10.148000,17.0,3.0,,,0 days 00:00:17.687000,0 days 00:00:31.388000,0 days 00:00:21.073000,0 days 00:52:44.760000,0 days 00:53:16.148000,0 days 00:53:37.221000,293.0,223.0,272.0,287.0,False,MEDIUM,17.0,False,Haas F1 Team,0 days 00:52:27.073000,,1,,False,,False,True
2023-09,FP1,0 days 00:54:47.801000,MAG,20,0 days 00:01:10.580000,18.0,3.0,,,0 days 00:00:17.696000,0 days 00:00:31.573000,0 days 00:00:21.311000,0 days 00:53:54.917000,0 days 00:54:26.490000,0 days 00:54:47.801000,296.0,220.0,270.0,290.0,False,MEDIUM,18.0,False,Haas F1 Team,0 days 00:53:37.221000,,1,,False,,False,True
2023-09,FP1,0 days 00:56:13.240000,MAG,20,0 days 00:01:25.439000,19.0,3.0,,0 days 00:56:09.787000,0 days 00:00:21.796000,0 days 00:00:34.927000,0 days 00:00:28.716000,0 days 00:55:09.597000,0 days 00:55:44.524000,0 days 00:56:13.240000,194.0,217.0,,277.0,False,MEDIUM,19.0,False,Haas F1 Team,0 days 00:54:47.801000,,1,,False,,False,False
2023-09,FP1,0 days 01:06:14.088000,MAG,20,,20.0,4.0,0 days 01:04:35.638000,,,0 days 00:00:42.879000,0 days 00:00:33.983000,,0 days 01:05:40.324000,0 days 01:06:14.198000,275.0,127.0,284.0,271.0,False,SOFT,1.0,True,Haas F1 Team,0 days 00:56:13.240000,,1,,False,,False,False
2023-09,FP1,0 days 01:07:20.795000,MAG,20,0 days 00:01:06.707000,21.0,4.0,,,0 days 00:00:16.758000,0 days 00:00:29.775000,0 days 00:00:20.174000,0 days 01:06:30.846000,0 days 01:07:00.621000,0 days 01:07:20.795000,322.0,237.0,285.0,314.0,True,SOFT,2.0,True,Haas F1 Team,0 days 01:06:14.088000,,1,,False,,False,True
2023-09,FP1,0 days 01:09:24.944000,MAG,20,0 days 00:02:04.149000,22.0,4.0,,,0 days 00:00:26.259000,0 days 00:00:54.214000,0 days 00:00:43.676000,0 days 01:07:47.054000,0 days 01:08:41.268000,0 days 01:09:24.944000,131.0,123.0,160.0,150.0,False,SOFT,3.0,True,Haas F1 Team,0 days 01:07:20.795000,,1,,False,,False,True
2023-09,FP1,0 days 01:11:41.366000,MAG,20,0 days 00:02:16.422000,23.0,4.0,,,0 days 00:00:32.903000,0 days 00:01:06.998000,0 days 00:00:36.521000,0 days 01:09:57.847000,0 days 01:11:04.845000,0 days 01:11:41.366000,126.0,93.0,280.0,107.0,False,SOFT,4.0,True,Haas F1 Team,0 days 01:09:24.944000,,1,,False,,False,True
2023-09,FP1,0 days 01:13:21.489000,MAG,20,0 days 00:01:40.123000,24.0,4.0,,,0 days 00:00:22.157000,0 days 00:00:49.687000,0 days 00:00:28.279000,0 days 01:12:03.523000,0 days 01:12:53.210000,0 days 01:13:21.489000,179.0,136.0,285.0,136.0,False,SOFT,5.0,True,Haas F1 Team,0 days 01:11:41.366000,,1,,False,,False,True
2023-09,FP1,0 days 01:14:27.986000,MAG,20,0 days 00:01:06.497000,25.0,4.0,,,0 days 00:00:16.644000,0 days 00:00:29.628000,0 days 00:00:20.225000,0 days 01:13:38.133000,0 days 01:14:07.761000,0 days 01:14:27.986000,319.0,239.0,286.0,315.0,True,SOFT,6.0,True,Haas F1 Team,0 days 01:13:21.489000,,1,,False,,False,True
2023-09,FP1,0 days 01:16:02.157000,MAG,20,0 days 00:01:34.171000,26.0,4.0,,,0 days 00:00:20.855000,0 days 00:00:36.077000,0 days 00:00:37.239000,0 days 01:14:48.841000,0 days 01:15:24.918000,0 days 01:16:02.157000,236.0,156.0,53.0,267.0,False,SOFT,7.0,True,Haas F1 Team,0 days 01:14:27.986000,,126,,False,,False,False
2023-09,FP1,0 days 01:17:55.101000,MAG,20,0 days 00:01:52.944000,27.0,4.0,,0 days 01:17:51.686000,0 days 00:00:47.703000,0 days 00:00:33.057000,0 days 00:00:32.184000,0 days 01:16:49.860000,0 days 01:17:22.917000,0 days 01:17:55.101000,303.0,154.0,,295.0,False,SOFT,8.0,True,Haas F1 Team,0 days 01:16:02.157000,,6,,False,,False,False
2023-09,FP1,0 days 00:15:58.463000,DEV,21,,1.0,1.0,0 days 00:14:39.988000,,,0 days 00:00:35.354000,0 days 00:00:23.030000,,0 days 00:15:35.581000,0 days 00:15:58.549000,285.0,215.0,276.0,273.0,False,MEDIUM,1.0,True,AlphaTauri,0 days 00:14:39.988000,,1,,False,,False,False
2023-09,FP1,0 days 00:17:08.360000,DEV,21,0 days 00:01:09.897000,2.0,1.0,,,0 days 00:00:17.333000,0 days 00:00:31.175000,0 days 00:00:21.389000,0 days 00:16:15.796000,0 days 00:16:46.971000,0 days 00:17:08.360000,311.0,226.0,278.0,309.0,True,MEDIUM,2.0,True,AlphaTauri,0 days 00:15:58.463000,,1,,False,,False,True
2023-09,FP1,0 days 00:18:17.242000,DEV,21,0 days 00:01:08.882000,3.0,1.0,,,0 days 00:00:17.131000,0 days 00:00:30.727000,0 days 00:00:21.024000,0 days 00:17:25.491000,0 days 00:17:56.218000,0 days 00:18:17.242000,312.0,230.0,279.0,309.0,True,MEDIUM,3.0,True,AlphaTauri,0 days 00:17:08.360000,,1,,False,,False,True
2023-09,FP1,0 days 00:19:50.345000,DEV,21,0 days 00:01:33.103000,4.0,1.0,,,0 days 00:00:21.520000,0 days 00:00:41.843000,0 days 00:00:29.740000,0 days 00:18:38.762000,0 days 00:19:20.605000,0 days 00:19:50.345000,244.0,149.0,278.0,215.0,False,MEDIUM,4.0,True,AlphaTauri,0 days 00:18:17.242000,,1,,False,,False,True
2023-09,FP1,0 days 00:20:59.141000,DEV,21,0 days 00:01:08.796000,5.0,1.0,,,0 days 00:00:17.096000,0 days 00:00:30.793000,0 days 00:00:20.907000,0 days 00:20:07.441000,0 days 00:20:38.234000,0 days 00:20:59.141000,314.0,234.0,275.0,311.0,True,MEDIUM,5.0,True,AlphaTauri,0 days 00:19:50.345000,,1,,False,,False,True
2023-09,FP1,0 days 00:22:35.202000,DEV,21,0 days 00:01:36.061000,6.0,1.0,,0 days 00:22:31.808000,0 days 00:00:24.379000,0 days 00:00:42.565000,0 days 00:00:29.117000,0 days 00:21:23.520000,0 days 00:22:06.085000,0 days 00:22:35.202000,173.0,184.0,,224.0,False,MEDIUM,6.0,True,AlphaTauri,0 days 00:20:59.141000,,1,,False,,False,False
2023-09,FP1,0 days 00:24:23.821000,DEV,21,0 days 00:01:48.619000,7.0,2.0,0 days 00:23:01.307000,,0 days 00:00:46.271000,0 days 00:00:38.128000,0 days 00:00:24.220000,0 days 00:23:21.473000,0 days 00:23:59.601000,0 days 00:24:23.821000,214.0,209.0,282.0,288.0,False,MEDIUM,7.0,False,AlphaTauri,0 days 00:22:35.202000,,1,,False,,False,False
2023-09,FP1,0 days 00:25:31.578000,DEV,21,0 days 00:01:07.757000,8.0,2.0,,,0 days 00:00:16.944000,0 days 00:00:30.189000,0 days 00:00:20.624000,0 days 00:24:40.765000,0 days 00:25:10.954000,0 days 00:25:31.578000,316.0,238.0,280.0,313.0,True,MEDIUM,8.0,False,AlphaTauri,0 days 00:24:23.821000,,1,,False,,False,True
2023-09,FP1,0 days 00:27:14.086000,DEV,21,0 days 00:01:42.508000,9.0,2.0,,,0 days 00:00:23.860000,0 days 00:00:47.292000,0 days 00:00:31.356000,0 days 00:25:55.438000,0 days 00:26:42.730000,0 days 00:27:14.086000,134.0,148.0,234.0,133.0,False,MEDIUM,9.0,False,AlphaTauri,0 days 00:25:31.578000,,1,,False,,False,True
2023-09,FP1,0 days 00:28:40.530000,DEV,21,0 days 00:01:26.444000,10.0,2.0,,,0 days 00:00:21.491000,0 days 00:00:39.838000,0 days 00:00:25.115000,0 days 00:27:35.577000,0 days 00:28:15.415000,0 days 00:28:40.530000,232.0,110.0,281.0,277.0,False,MEDIUM,10.0,False,AlphaTauri,0 days 00:27:14.086000,,1,,False,,False,True
2023-09,FP1,0 days 00:29:48.032000,DEV,21,0 days 00:01:07.502000,11.0,2.0,,,0 days 00:00:16.872000,0 days 00:00:30.154000,0 days 00:00:20.476000,0 days 00:28:57.402000,0 days 00:29:27.556000,0 days 00:29:48.032000,318.0,236.0,281.0,311.0,True,MEDIUM,11.0,False,AlphaTauri,0 days 00:28:40.530000,,1,,False,,False,True
2023-09,FP1,0 days 00:31:25.516000,DEV,21,0 days 00:01:37.484000,12.0,2.0,,,0 days 00:00:22.302000,0 days 00:00:43.528000,0 days 00:00:31.654000,0 days 00:30:10.334000,0 days 00:30:53.862000,0 days 00:31:25.516000,220.0,162.0,236.0,176.0,False,MEDIUM,12.0,False,AlphaTauri,0 days 00:29:48.032000,,1,,False,,False,True
2023-09,FP1,0 days 00:32:50.677000,DEV,21,0 days 00:01:25.161000,13.0,2.0,,,0 days 00:00:19.889000,0 days 00:00:40.024000,0 days 00:00:25.248000,0 days 00:31:45.405000,0 days 00:32:25.429000,0 days 00:32:50.677000,279.0,209.0,278.0,273.0,False,MEDIUM,13.0,False,AlphaTauri,0 days 00:31:25.516000,,1,,False,,False,True
2023-09,FP1,0 days 00:33:58.608000,DEV,21,0 days 00:01:07.931000,14.0,2.0,,,0 days 00:00:17.018000,0 days 00:00:30.319000,0 days 00:00:20.594000,0 days 00:33:07.695000,0 days 00:33:38.014000,0 days 00:33:58.608000,314.0,235.0,278.0,311.0,False,MEDIUM,14.0,False,AlphaTauri,0 days 00:32:50.677000,,1,,False,,False,True
2023-09,FP1,0 days 00:35:17.368000,DEV,21,0 days 00:01:18.760000,15.0,2.0,,0 days 00:35:14.075000,0 days 00:00:18.547000,0 days 00:00:34.817000,0 days 00:00:25.396000,0 days 00:34:17.155000,0 days 00:34:51.972000,0 days 00:35:17.368000,269.0,220.0,,269.0,False,MEDIUM,15.0,False,AlphaTauri,0 days 00:33:58.608000,,1,,False,,False,False
2023-09,FP1,0 days 00:42:06.836000,DEV,21,,16.0,3.0,0 days 00:40:54.757000,,,0 days 00:00:32.321000,0 days 00:00:21.906000,,0 days 00:41:45.053000,0 days 00:42:06.849000,292.0,228.0,266.0,294.0,False,MEDIUM,16.0,False,AlphaTauri,0 days 00:35:17.368000,,1,,False,,False,False
2023-09,FP1,0 days 00:43:17.664000,DEV,21,0 days 00:01:10.828000,17.0,3.0,,,0 days 00:00:17.767000,0 days 00:00:31.554000,0 days 00:00:21.507000,0 days 00:42:24.603000,0 days 00:42:56.157000,0 days 00:43:17.664000,291.0,226.0,269.0,288.0,False,MEDIUM,17.0,False,AlphaTauri,0 days 00:42:06.836000,,1,,False,,False,True
2023-09,FP1,0 days 00:44:28.410000,DEV,21,0 days 00:01:10.746000,18.0,3.0,,,0 days 00:00:17.825000,0 days 00:00:31.500000,0 days 00:00:21.421000,0 days 00:43:35.489000,0 days 00:44:06.989000,0 days 00:44:28.410000,291.0,226.0,270.0,287.0,False,MEDIUM,18.0,False,AlphaTauri,0 days 00:43:17.664000,,1,,False,,False,True
2023-09,FP1,0 days 00:45:39.003000,DEV,21,0 days 00:01:10.593000,19.0,3.0,,,0 days 00:00:17.829000,0 days 00:00:31.481000,0 days 00:00:21.283000,0 days 00:44:46.239000,0 days 00:45:17.720000,0 days 00:45:39.003000,290.0,226.0,272.0,291.0,False,MEDIUM,19.0,False,AlphaTauri,0 days 00:44:28.410000,,1,,False,,False,True
2023-09,FP1,0 days 00:46:49.720000,DEV,21,0 days 00:01:10.717000,20.0,3.0,,,0 days 00:00:17.696000,0 days 00:00:31.614000,0 days 00:00:21.407000,0 days 00:45:56.699000,0 days 00:46:28.313000,0 days 00:46:49.720000,290.0,229.0,272.0,291.0,False,MEDIUM,20.0,False,AlphaTauri,0 days 00:45:39.003000,,1,,False,,False,True
2023-09,FP1,0 days 00:48:00.622000,DEV,21,0 days 00:01:10.902000,21.0,3.0,,,0 days 00:00:17.764000,0 days 00:00:31.636000,0 days 00:00:21.502000,0 days 00:47:07.484000,0 days 00:47:39.120000,0 days 00:48:00.622000,291.0,227.0,273.0,292.0,False,MEDIUM,21.0,False,AlphaTauri,0 days 00:46:49.720000,,1,,False,,False,True
2023-09,FP1,0 days 00:49:11.179000,DEV,21,0 days 00:01:10.557000,22.0,3.0,,,0 days 00:00:17.481000,0 days 00:00:31.456000,0 days 00:00:21.620000,0 days 00:48:18.103000,0 days 00:48:49.559000,0 days 00:49:11.179000,310.0,224.0,268.0,307.0,False,MEDIUM,22.0,False,AlphaTauri,0 days 00:48:00.622000,,1,,False,,False,True
2023-09,FP1,0 days 00:50:22.799000,DEV,21,0 days 00:01:11.620000,23.0,3.0,,,0 days 00:00:17.918000,0 days 00:00:31.918000,0 days 00:00:21.784000,0 days 00:49:29.097000,0 days 00:50:01.015000,0 days 00:50:22.799000,291.0,228.0,266.0,289.0,False,MEDIUM,23.0,False,AlphaTauri,0 days 00:49:11.179000,,1,,False,,False,True
2023-09,FP1,0 days 00:51:34.172000,DEV,21,0 days 00:01:11.373000,24.0,3.0,,,0 days 00:00:17.885000,0 days 00:00:31.973000,0 days 00:00:21.515000,0 days 00:50:40.684000,0 days 00:51:12.657000,0 days 00:51:34.172000,293.0,222.0,267.0,291.0,False,MEDIUM,24.0,False,AlphaTauri,0 days 00:50:22.799000,,1,,False,,False,True
2023-09,FP1,0 days 00:52:45.436000,DEV,21,0 days 00:01:11.264000,25.0,3.0,,,0 days 00:00:17.866000,0 days 00:00:31.825000,0 days 00:00:21.573000,0 days 00:51:52.038000,0 days 00:52:23.863000,0 days 00:52:45.436000,292.0,224.0,267.0,289.0,False,MEDIUM,25.0,False,AlphaTauri,0 days 00:51:34.172000,,1,,False,,False,True
2023-09,FP1,0 days 00:53:56.696000,DEV,21,0 days 00:01:11.260000,26.0,3.0,,,0 days 00:00:17.942000,0 days 00:00:31.898000,0 days 00:00:21.420000,0 days 00:53:03.378000,0 days 00:53:35.276000,0 days 00:53:56.696000,294.0,223.0,267.0,286.0,False,MEDIUM,26.0,False,AlphaTauri,0 days 00:52:45.436000,,1,,False,,False,True
2023-09,FP1,0 days 00:55:12.163000,DEV,21,0 days 00:01:15.467000,27.0,3.0,,0 days 00:55:08.710000,0 days 00:00:17.937000,0 days 00:00:32.136000,0 days 00:00:25.394000,0 days 00:54:14.633000,0 days 00:54:46.769000,0 days 00:55:12.163000,291.0,220.0,,283.0,False,MEDIUM,27.0,False,AlphaTauri,0 days 00:53:56.696000,,1,,False,,False,False
2023-09,FP1,0 days 01:05:59.480000,DEV,21,,28.0,4.0,0 days 01:04:27.841000,,,0 days 00:00:39.643000,0 days 00:00:28.089000,,0 days 01:05:31.590000,0 days 01:05:59.542000,243.0,144.0,279.0,273.0,False,SOFT,1.0,True,AlphaTauri,0 days 00:55:12.163000,,1,,False,,False,False
2023-09,FP1,0 days 01:07:06.709000,DEV,21,0 days 00:01:07.229000,29.0,4.0,,,0 days 00:00:17.032000,0 days 00:00:29.975000,0 days 00:00:20.222000,0 days 01:06:16.512000,0 days 01:06:46.487000,0 days 01:07:06.709000,316.0,236.0,281.0,309.0,True,SOFT,2.0,True,AlphaTauri,0 days 01:05:59.480000,,1,,False,,False,True
2023-09,FP1,0 days 01:08:58.382000,DEV,21,0 days 00:01:51.673000,30.0,4.0,,,0 days 00:00:24.868000,0 days 00:00:50.975000,0 days 00:00:35.830000,0 days 01:07:31.577000,0 days 01:08:22.552000,0 days 01:08:58.382000,164.0,133.0,196.0,149.0,False,SOFT,3.0,True,AlphaTauri,0 days 01:07:06.709000,,1,,False,,False,True
2023-09,FP1,0 days 01:10:32.504000,DEV,21,0 days 00:01:34.122000,31.0,4.0,,,0 days 00:00:23.812000,0 days 00:00:40.112000,0 days 00:00:30.198000,0 days 01:09:22.194000,0 days 01:10:02.306000,0 days 01:10:32.504000,208.0,137.0,282.0,262.0,False,SOFT,4.0,True,AlphaTauri,0 days 01:08:58.382000,,1,,False,,False,True
2023-09,FP1,0 days 01:11:39.521000,DEV,21,0 days 00:01:07.017000,32.0,4.0,,,0 days 00:00:16.888000,0 days 00:00:29.983000,0 days 00:00:20.146000,0 days 01:10:49.392000,0 days 01:11:19.375000,0 days 01:11:39.521000,316.0,238.0,282.0,311.0,True,SOFT,5.0,True,AlphaTauri,0 days 01:10:32.504000,,1,,False,,False,True
2023-09,FP1,0 days 01:13:27.162000,DEV,21,0 days 00:01:47.641000,33.0,4.0,,,0 days 00:00:24.906000,0 days 00:00:51.641000,0 days 00:00:31.094000,0 days 01:12:04.427000,0 days 01:12:56.068000,0 days 01:13:27.162000,189.0,108.0,279.0,169.0,False,SOFT,6.0,True,AlphaTauri,0 days 01:11:39.521000,,1,,False,,False,True
2023-09,FP1,0 days 01:14:34.546000,DEV,21,0 days 00:01:07.384000,34.0,4.0,,,0 days 00:00:16.931000,0 days 00:00:29.931000,0 days 00:00:20.522000,0 days 01:13:44.093000,0 days 01:14:14.024000,0 days 01:14:34.546000,313.0,241.0,276.0,309.0,False,SOFT,7.0,True,AlphaTauri,0 days 01:13:27.162000,,1,,False,,False,True
2023-09,FP1,0 days 01:16:28.928000,DEV,21,0 days 00:01:54.382000,35.0,4.0,,,0 days 00:00:22.274000,0 days 00:00:42.102000,0 days 00:00:50.006000,0 days 01:14:56.820000,0 days 01:15:38.922000,0 days 01:16:28.928000,231.0,165.0,75.0,201.0,False,SOFT,8.0,True,AlphaTauri,0 days 01:14:34.546000,,126,,False,,False,False
2023-09,FP1,0 days 01:18:21.764000,DEV,21,0 days 00:01:52.836000,36.0,4.0,,0 days 01:18:18.123000,0 days 00:00:42.600000,0 days 00:00:35.101000,0 days 00:00:35.135000,0 days 01:17:11.528000,0 days 01:17:46.629000,0 days 01:18:21.764000,268.0,198.0,,272.0,False,SOFT,9.0,True,AlphaTauri,0 days 01:16:28.928000,,6,,False,,False,False
2023-09,FP1,0 days 00:17:14.779000,TSU,22,,1.0,1.0,0 days 00:15:40.049000,,,0 days 00:00:37.214000,0 days 00:00:28.704000,,0 days 00:16:46.251000,0 days 00:17:14.892000,270.0,142.0,274.0,283.0,False,MEDIUM,1.0,True,AlphaTauri,0 days 00:15:40.049000,,1,,False,,False,False
2023-09,FP1,0 days 00:18:23.857000,TSU,22,0 days 00:01:09.078000,2.0,1.0,,,0 days 00:00:17.377000,0 days 00:00:30.779000,0 days 00:00:20.922000,0 days 00:17:32.156000,0 days 00:18:02.935000,0 days 00:18:23.857000,310.0,233.0,273.0,308.0,True,MEDIUM,2.0,True,AlphaTauri,0 days 00:17:14.779000,,1,,False,,False,True
2023-09,FP1,0 days 00:19:56.666000,TSU,22,0 days 00:01:32.809000,3.0,1.0,,,0 days 00:00:22.014000,0 days 00:00:44.981000,0 days 00:00:25.814000,0 days 00:18:45.871000,0 days 00:19:30.852000,0 days 00:19:56.666000,227.0,173.0,278.0,161.0,False,MEDIUM,3.0,True,AlphaTauri,0 days 00:18:23.857000,,1,,False,,False,True
2023-09,FP1,0 days 00:21:23.508000,TSU,22,0 days 00:01:26.842000,4.0,1.0,,,0 days 00:00:18.251000,0 days 00:00:39.305000,0 days 00:00:29.286000,0 days 00:20:14.917000,0 days 00:20:54.222000,0 days 00:21:23.508000,267.0,168.0,279.0,264.0,False,MEDIUM,4.0,True,AlphaTauri,0 days 00:19:56.666000,,1,,False,,False,True
2023-09,FP1,0 days 00:22:47.861000,TSU,22,0 days 00:01:24.353000,5.0,1.0,,,0 days 00:00:17.390000,0 days 00:00:42.726000,0 days 00:00:24.237000,0 days 00:21:40.898000,0 days 00:22:23.624000,0 days 00:22:47.861000,312.0,168.0,279.0,248.0,False,MEDIUM,5.0,True,AlphaTauri,0 days 00:21:23.508000,,1,,False,,False,True
2023-09,FP1,0 days 00:23:55.919000,TSU,22,0 days 00:01:08.058000,6.0,1.0,,,0 days 00:00:16.906000,0 days 00:00:30.436000,0 days 00:00:20.716000,0 days 00:23:04.767000,0 days 00:23:35.203000,0 days 00:23:55.919000,314.0,235.0,276.0,311.0,True,MEDIUM,6.0,True,AlphaTauri,0 days 00:22:47.861000,,1,,False,,False,True
2023-09,FP1,0 days 00:25:31.255000,TSU,22,0 days 00:01:35.336000,7.0,1.0,,0 days 00:25:27.867000,0 days 00:00:23.710000,0 days 00:00:41.618000,0 days 00:00:30.008000,0 days 00:24:19.629000,0 days 00:25:01.247000,0 days 00:25:31.255000,234.0,190.0,,241.0,False,MEDIUM,7.0,True,AlphaTauri,0 days 00:23:55.919000,,1,,False,,False,False
2023-09,FP1,0 days 00:27:28.230000,TSU,22,0 days 00:01:56.975000,8.0,2.0,0 days 00:25:56.226000,,0 days 00:00:47.306000,0 days 00:00:43.958000,0 days 00:00:25.711000,0 days 00:26:18.561000,0 days 00:27:02.519000,0 days 00:27:28.230000,256.0,150.0,282.0,244.0,False,MEDIUM,8.0,False,AlphaTauri,0 days 00:25:31.255000,,1,,False,,False,False
2023-09,FP1,0 days 00:28:35.848000,TSU,22,0 days 00:01:07.618000,9.0,2.0,,,0 days 00:00:16.769000,0 days 00:00:30.302000,0 days 00:00:20.547000,0 days 00:27:44.999000,0 days 00:28:15.301000,0 days 00:28:35.848000,317.0,234.0,280.0,314.0,True,MEDIUM,9.0,False,AlphaTauri,0 days 00:27:28.230000,,1,,False,,False,True
2023-09,FP1,0 days 00:30:06.911000,TSU,22,0 days 00:01:31.063000,10.0,2.0,,,0 days 00:00:24.971000,0 days 00:00:42.478000,0 days 00:00:23.614000,0 days 00:29:00.819000,0 days 00:29:43.297000,0 days 00:30:06.911000,175.0,188.0,284.0,172.0,False,MEDIUM,10.0,False,AlphaTauri,0 days 00:28:35.848000,,1,,False,,False,True
2023-09,FP1,0 days 00:31:33.372000,TSU,22,0 days 00:01:26.461000,11.0,2.0,,,0 days 00:00:17.538000,0 days 00:00:43.679000,0 days 00:00:25.244000,0 days 00:30:24.449000,0 days 00:31:08.128000,0 days 00:31:33.372000,262.0,165.0,283.0,167.0,False,MEDIUM,11.0,False,AlphaTauri,0 days 00:30:06.911000,,1,,False,,False,True
2023-09,FP1,0 days 00:32:40.533000,TSU,22,0 days 00:01:07.161000,12.0,2.0,,,0 days 00:00:16.729000,0 days 00:00:30.056000,0 days 00:00:20.376000,0 days 00:31:50.101000,0 days 00:32:20.157000,0 days 00:32:40.533000,317.0,237.0,281.0,312.0,True,MEDIUM,12.0,False,AlphaTauri,0 days 00:31:33.372000,,1,,False,,False,True
2023-09,FP1,0 days 00:34:14.358000,TSU,22,0 days 00:01:33.825000,13.0,2.0,,0 days 00:34:10.951000,0 days 00:00:25.497000,0 days 00:00:39.201000,0 days 00:00:29.127000,0 days 00:33:06.030000,0 days 00:33:45.231000,0 days 00:34:14.358000,117.0,189.0,,260.0,False,MEDIUM,13.0,False,AlphaTauri,0 days 00:32:40.533000,,1,,False,,False,False
2023-09,FP1,0 days 00:43:59.928000,TSU,22,,14.0,3.0,0 days 00:42:42.067000,,,0 days 00:00:35.254000,0 days 00:00:21.624000,,0 days 00:43:38.457000,0 days 00:43:59.972000,150.0,223.0,269.0,288.0,False,MEDIUM,14.0,False,AlphaTauri,0 days 00:34:14.358000,,1,,False,,False,False
2023-09,FP1,0 days 00:45:10.747000,TSU,22,0 days 00:01:10.819000,15.0,3.0,,,0 days 00:00:17.807000,0 days 00:00:31.550000,0 days 00:00:21.462000,0 days 00:44:17.735000,0 days 00:44:49.285000,0 days 00:45:10.747000,290.0,224.0,268.0,289.0,False,MEDIUM,15.0,False,AlphaTauri,0 days 00:43:59.928000,,1,,False,,False,True
2023-09,FP1,0 days 00:46:21.653000,TSU,22,0 days 00:01:10.906000,16.0,3.0,,,0 days 00:00:17.825000,0 days 00:00:31.585000,0 days 00:00:21.496000,0 days 00:45:28.572000,0 days 00:46:00.157000,0 days 00:46:21.653000,287.0,227.0,269.0,288.0,False,MEDIUM,16.0,False,AlphaTauri,0 days 00:45:10.747000,,1,,False,,False,True
2023-09,FP1,0 days 00:47:32.721000,TSU,22,0 days 00:01:11.068000,17.0,3.0,,,0 days 00:00:17.818000,0 days 00:00:31.593000,0 days 00:00:21.657000,0 days 00:46:39.471000,0 days 00:47:11.064000,0 days 00:47:32.721000,287.0,224.0,269.0,290.0,False,MEDIUM,17.0,False,AlphaTauri,0 days 00:46:21.653000,,1,,False,,False,True
2023-09,FP1,0 days 00:48:43.581000,TSU,22,0 days 00:01:10.860000,18.0,3.0,,,0 days 00:00:17.764000,0 days 00:00:31.542000,0 days 00:00:21.554000,0 days 00:47:50.485000,0 days 00:48:22.027000,0 days 00:48:43.581000,288.0,225.0,268.0,291.0,False,MEDIUM,18.0,False,AlphaTauri,0 days 00:47:32.721000,,1,,False,,False,True
2023-09,FP1,0 days 00:49:54.766000,TSU,22,0 days 00:01:11.185000,19.0,3.0,,,0 days 00:00:17.829000,0 days 00:00:31.686000,0 days 00:00:21.670000,0 days 00:49:01.410000,0 days 00:49:33.096000,0 days 00:49:54.766000,289.0,222.0,268.0,292.0,False,MEDIUM,19.0,False,AlphaTauri,0 days 00:48:43.581000,,1,,False,,False,True
2023-09,FP1,0 days 00:51:06.023000,TSU,22,0 days 00:01:11.257000,20.0,3.0,,,0 days 00:00:17.779000,0 days 00:00:31.662000,0 days 00:00:21.816000,0 days 00:50:12.545000,0 days 00:50:44.207000,0 days 00:51:06.023000,291.0,221.0,270.0,293.0,False,MEDIUM,20.0,False,AlphaTauri,0 days 00:49:54.766000,,1,,False,,False,True
2023-09,FP1,0 days 00:52:16.932000,TSU,22,0 days 00:01:10.909000,21.0,3.0,,,0 days 00:00:17.649000,0 days 00:00:31.689000,0 days 00:00:21.571000,0 days 00:51:23.672000,0 days 00:51:55.361000,0 days 00:52:16.932000,293.0,224.0,272.0,291.0,False,MEDIUM,21.0,False,AlphaTauri,0 days 00:51:06.023000,,1,,False,,False,True
2023-09,FP1,0 days 00:53:27.926000,TSU,22,0 days 00:01:10.994000,22.0,3.0,,,0 days 00:00:17.702000,0 days 00:00:31.666000,0 days 00:00:21.626000,0 days 00:52:34.634000,0 days 00:53:06.300000,0 days 00:53:27.926000,295.0,223.0,271.0,289.0,False,MEDIUM,22.0,False,AlphaTauri,0 days 00:52:16.932000,,1,,False,,False,True
2023-09,FP1,0 days 00:54:39.171000,TSU,22,0 days 00:01:11.245000,23.0,3.0,,,0 days 00:00:17.729000,0 days 00:00:31.840000,0 days 00:00:21.676000,0 days 00:53:45.655000,0 days 00:54:17.495000,0 days 00:54:39.171000,290.0,221.0,267.0,283.0,False,MEDIUM,23.0,False,AlphaTauri,0 days 00:53:27.926000,,1,,False,,False,True
2023-09,FP1,0 days 00:55:50.665000,TSU,22,0 days 00:01:11.494000,24.0,3.0,,,0 days 00:00:17.944000,0 days 00:00:31.879000,0 days 00:00:21.671000,0 days 00:54:57.115000,0 days 00:55:28.994000,0 days 00:55:50.665000,293.0,223.0,267.0,282.0,False,MEDIUM,24.0,False,AlphaTauri,0 days 00:54:39.171000,,1,,False,,False,True
2023-09,FP1,0 days 00:57:06.474000,TSU,22,0 days 00:01:15.809000,25.0,3.0,,0 days 00:57:03.130000,0 days 00:00:18.076000,0 days 00:00:32.167000,0 days 00:00:25.566000,0 days 00:56:08.741000,0 days 00:56:40.908000,0 days 00:57:06.474000,294.0,220.0,,286.0,False,MEDIUM,25.0,False,AlphaTauri,0 days 00:55:50.665000,,1,,False,,False,False
2023-09,FP1,0 days 01:06:11.675000,TSU,22,,26.0,4.0,0 days 01:04:25.341000,,,0 days 00:00:44.430000,0 days 00:00:39.461000,,0 days 01:05:32.355000,0 days 01:06:11.730000,276.0,123.0,220.0,276.0,False,SOFT,1.0,True,AlphaTauri,0 days 00:57:06.474000,,1,,False,,False,False
2023-09,FP1,0 days 01:07:44.989000,TSU,22,0 days 00:01:33.314000,27.0,4.0,,,0 days 00:00:26.073000,0 days 00:00:43.482000,0 days 00:00:23.759000,0 days 01:06:37.748000,0 days 01:07:21.230000,0 days 01:07:44.989000,232.0,194.0,281.0,229.0,False,SOFT,2.0,True,AlphaTauri,0 days 01:06:11.675000,,1,,False,,False,True
2023-09,FP1,0 days 01:08:52.359000,TSU,22,0 days 00:01:07.370000,28.0,4.0,,,0 days 00:00:16.753000,0 days 00:00:30.099000,0 days 00:00:20.518000,0 days 01:08:01.742000,0 days 01:08:31.841000,0 days 01:08:52.359000,315.0,236.0,278.0,309.0,False,SOFT,3.0,True,AlphaTauri,0 days 01:07:44.989000,,1,,False,,False,True
2023-09,FP1,0 days 01:10:45.501000,TSU,22,0 days 00:01:53.142000,29.0,4.0,,,0 days 00:00:27.114000,0 days 00:00:49.521000,0 days 00:00:36.507000,0 days 01:09:19.473000,0 days 01:10:08.994000,0 days 01:10:45.501000,139.0,137.0,155.0,154.0,False,SOFT,4.0,True,AlphaTauri,0 days 01:08:52.359000,,1,,False,,False,True
2023-09,FP1,0 days 01:12:23.784000,TSU,22,0 days 00:01:38.283000,30.0,4.0,,,0 days 00:00:27.560000,0 days 00:00:44.609000,0 days 00:00:26.114000,0 days 01:11:13.061000,0 days 01:11:57.670000,0 days 01:12:23.784000,272.0,148.0,285.0,265.0,False,SOFT,5.0,True,AlphaTauri,0 days 01:10:45.501000,,1,,False,,False,True
2023-09,FP1,0 days 01:13:30.769000,TSU,22,0 days 00:01:06.985000,31.0,4.0,,,0 days 00:00:16.677000,0 days 00:00:29.985000,0 days 00:00:20.323000,0 days 01:12:40.461000,0 days 01:13:10.446000,0 days 01:13:30.769000,316.0,239.0,282.0,312.0,True,SOFT,6.0,True,AlphaTauri,0 days 01:12:23.784000,,1,,False,,False,True
2023-09,FP1,0 days 01:15:12.252000,TSU,22,0 days 00:01:41.483000,32.0,4.0,,,0 days 00:00:25.953000,0 days 00:00:49.832000,0 days 00:00:25.698000,0 days 01:13:56.722000,0 days 01:14:46.554000,0 days 01:15:12.252000,148.0,170.0,252.0,152.0,False,SOFT,7.0,True,AlphaTauri,0 days 01:13:30.769000,,1,,False,,False,True
2023-09,FP1,0 days 01:17:05.008000,TSU,22,0 days 00:01:52.756000,33.0,4.0,,,0 days 00:00:19.514000,0 days 00:00:43.394000,0 days 00:00:49.848000,0 days 01:15:31.766000,0 days 01:16:15.160000,0 days 01:17:05.008000,283.0,168.0,56.0,264.0,False,SOFT,8.0,True,AlphaTauri,0 days 01:15:12.252000,,126,,False,,False,False
2023-09,FP1,0 days 01:19:00.732000,TSU,22,0 days 00:01:55.724000,34.0,4.0,,0 days 01:18:57.403000,0 days 00:00:41.779000,0 days 00:00:38.912000,0 days 00:00:35.033000,0 days 01:17:46.787000,0 days 01:18:25.699000,0 days 01:19:00.732000,299.0,160.0,,271.0,False,SOFT,9.0,True,AlphaTauri,0 days 01:17:05.008000,,6,,False,,False,False
2023-09,FP1,0 days 00:21:26.429000,ALB,23,,1.0,1.0,0 days 00:20:09.623000,,,0 days 00:00:34.429000,0 days 00:00:22.236000,,0 days 00:21:04.262000,0 days 00:21:26.481000,310.0,222.0,279.0,310.0,False,MEDIUM,1.0,True,Williams,0 days 00:20:09.623000,,1,,False,,False,False
2023-09,FP1,0 days 00:22:42.933000,ALB,23,0 days 00:01:16.504000,2.0,1.0,,0 days 00:22:39.589000,0 days 00:00:16.959000,0 days 00:00:33.022000,0 days 00:00:26.523000,0 days 00:21:43.388000,0 days 00:22:16.410000,0 days 00:22:42.933000,312.0,229.0,,310.0,False,MEDIUM,2.0,True,Williams,0 days 00:21:26.429000,,1,,False,,False,False
2023-09,FP1,0 days 00:34:37.921000,ALB,23,,3.0,2.0,0 days 00:33:16.327000,,,0 days 00:00:38.532000,0 days 00:00:22.989000,,0 days 00:34:15.076000,0 days 00:34:37.982000,312.0,213.0,283.0,299.0,False,SOFT,1.0,True,Williams,0 days 00:22:42.933000,,1,,False,,False,False
2023-09,FP1,0 days 00:35:44.715000,ALB,23,0 days 00:01:06.794000,4.0,2.0,,,0 days 00:00:16.673000,0 days 00:00:29.887000,0 days 00:00:20.234000,0 days 00:34:54.594000,0 days 00:35:24.481000,0 days 00:35:44.715000,318.0,241.0,280.0,316.0,True,SOFT,2.0,True,Williams,0 days 00:34:37.921000,,1,,False,,False,True
2023-09,FP1,0 days 00:37:21.768000,ALB,23,0 days 00:01:37.053000,5.0,2.0,,,0 days 00:00:24.580000,0 days 00:00:45.627000,0 days 00:00:26.846000,0 days 00:36:09.295000,0 days 00:36:54.922000,0 days 00:37:21.768000,252.0,143.0,283.0,270.0,False,SOFT,3.0,True,Williams,0 days 00:35:44.715000,,1,,False,,False,True
2023-09,FP1,0 days 00:38:28.976000,ALB,23,0 days 00:01:07.208000,6.0,2.0,,,0 days 00:00:16.785000,0 days 00:00:29.965000,0 days 00:00:20.458000,0 days 00:37:38.553000,0 days 00:38:08.518000,0 days 00:38:28.976000,318.0,239.0,284.0,316.0,False,SOFT,4.0,True,Williams,0 days 00:37:21.768000,,1,,False,,False,True
2023-09,FP1,0 days 00:40:09.731000,ALB,23,0 days 00:01:40.755000,7.0,2.0,,,0 days 00:00:24.455000,0 days 00:00:45.753000,0 days 00:00:30.547000,0 days 00:38:53.431000,0 days 00:39:39.184000,0 days 00:40:09.731000,180.0,149.0,228.0,266.0,False,SOFT,5.0,True,Williams,0 days 00:38:28.976000,,1,,False,,False,True
2023-09,FP1,0 days 00:41:43.438000,ALB,23,0 days 00:01:33.707000,8.0,2.0,,,0 days 00:00:22.584000,0 days 00:00:43.700000,0 days 00:00:27.423000,0 days 00:40:32.315000,0 days 00:41:16.015000,0 days 00:41:43.438000,258.0,167.0,285.0,229.0,False,SOFT,6.0,True,Williams,0 days 00:40:09.731000,,1,,False,,False,True
2023-09,FP1,0 days 00:42:50.325000,ALB,23,0 days 00:01:06.887000,9.0,2.0,,,0 days 00:00:16.520000,0 days 00:00:30.052000,0 days 00:00:20.315000,0 days 00:41:59.958000,0 days 00:42:30.010000,0 days 00:42:50.325000,323.0,236.0,286.0,318.0,False,SOFT,7.0,True,Williams,0 days 00:41:43.438000,,1,,False,,False,True
2023-09,FP1,0 days 00:44:25.990000,ALB,23,0 days 00:01:35.665000,10.0,2.0,,,0 days 00:00:23.543000,0 days 00:00:43.266000,0 days 00:00:28.856000,0 days 00:43:13.868000,0 days 00:43:57.134000,0 days 00:44:25.990000,201.0,156.0,248.0,253.0,False,SOFT,8.0,True,Williams,0 days 00:42:50.325000,,1,,False,,False,True
2023-09,FP1,0 days 00:45:59.900000,ALB,23,0 days 00:01:33.910000,11.0,2.0,,,0 days 00:00:24.365000,0 days 00:00:45.286000,0 days 00:00:24.259000,0 days 00:44:50.355000,0 days 00:45:35.641000,0 days 00:45:59.900000,191.0,145.0,285.0,266.0,False,SOFT,9.0,True,Williams,0 days 00:44:25.990000,,1,,False,,False,True
2023-09,FP1,0 days 00:47:19.659000,ALB,23,0 days 00:01:19.759000,12.0,2.0,,,0 days 00:00:16.706000,0 days 00:00:39.921000,0 days 00:00:23.132000,0 days 00:46:16.606000,0 days 00:46:56.527000,0 days 00:47:19.659000,321.0,213.0,276.0,320.0,False,SOFT,10.0,True,Williams,0 days 00:45:59.900000,,1,,False,,False,True
2023-09,FP1,0 days 00:48:30.061000,ALB,23,0 days 00:01:10.402000,13.0,2.0,,,0 days 00:00:17.474000,0 days 00:00:31.290000,0 days 00:00:21.638000,0 days 00:47:37.133000,0 days 00:48:08.423000,0 days 00:48:30.061000,302.0,229.0,282.0,307.0,False,SOFT,11.0,True,Williams,0 days 00:47:19.659000,,1,,False,,False,True
2023-09,FP1,0 days 00:49:40.873000,ALB,23,0 days 00:01:10.812000,14.0,2.0,,,0 days 00:00:17.388000,0 days 00:00:31.701000,0 days 00:00:21.723000,0 days 00:48:47.449000,0 days 00:49:19.150000,0 days 00:49:40.873000,317.0,226.0,275.0,306.0,False,SOFT,12.0,True,Williams,0 days 00:48:30.061000,,1,,False,,False,True
2023-09,FP1,0 days 00:50:51.314000,ALB,23,0 days 00:01:10.441000,15.0,2.0,,,0 days 00:00:17.554000,0 days 00:00:31.363000,0 days 00:00:21.524000,0 days 00:49:58.427000,0 days 00:50:29.790000,0 days 00:50:51.314000,299.0,228.0,276.0,299.0,False,SOFT,13.0,True,Williams,0 days 00:49:40.873000,,1,,False,,False,True
2023-09,FP1,0 days 00:52:01.541000,ALB,23,0 days 00:01:10.227000,16.0,2.0,,,0 days 00:00:17.482000,0 days 00:00:31.364000,0 days 00:00:21.381000,0 days 00:51:08.796000,0 days 00:51:40.160000,0 days 00:52:01.541000,303.0,228.0,276.0,298.0,False,SOFT,14.0,True,Williams,0 days 00:50:51.314000,,1,,False,,False,True
2023-09,FP1,0 days 00:53:11.414000,ALB,23,0 days 00:01:09.873000,17.0,2.0,,,0 days 00:00:17.432000,0 days 00:00:31.268000,0 days 00:00:21.173000,0 days 00:52:18.973000,0 days 00:52:50.241000,0 days 00:53:11.414000,303.0,234.0,276.0,295.0,False,SOFT,15.0,True,Williams,0 days 00:52:01.541000,,1,,False,,False,True
2023-09,FP1,0 days 00:54:25.011000,ALB,23,0 days 00:01:13.597000,18.0,2.0,,0 days 00:54:21.711000,0 days 00:00:17.478000,0 days 00:00:31.405000,0 days 00:00:24.714000,0 days 00:53:28.892000,0 days 00:54:00.297000,0 days 00:54:25.011000,303.0,232.0,,292.0,False,SOFT,16.0,True,Williams,0 days 00:53:11.414000,,1,,False,,False,False
2023-09,FP1,0 days 00:55:55.737000,ALB,23,0 days 00:01:30.726000,19.0,3.0,0 days 00:54:42.008000,0 days 00:55:52.428000,0 days 00:00:33.814000,0 days 00:00:31.935000,0 days 00:00:24.977000,0 days 00:54:58.825000,0 days 00:55:30.760000,0 days 00:55:55.737000,305.0,225.0,,297.0,False,SOFT,17.0,False,Williams,0 days 00:54:25.011000,,1,,False,,False,False
2023-09,FP1,0 days 00:57:28.553000,ALB,23,0 days 00:01:32.816000,20.0,4.0,0 days 00:56:14.475000,0 days 00:57:25.052000,0 days 00:00:35.587000,0 days 00:00:31.993000,0 days 00:00:25.236000,0 days 00:56:31.324000,0 days 00:57:03.317000,0 days 00:57:28.553000,296.0,223.0,,292.0,False,SOFT,18.0,False,Williams,0 days 00:55:55.737000,,1,,False,,False,False
2023-09,FP1,0 days 01:14:58.659000,ALB,23,,21.0,5.0,0 days 01:13:45.690000,,,0 days 00:00:32.459000,0 days 00:00:21.873000,,0 days 01:14:36.877000,0 days 01:14:58.673000,300.0,228.0,272.0,295.0,False,SOFT,19.0,False,Williams,0 days 00:57:28.553000,,1,,False,,False,False
2023-09,FP1,0 days 01:16:43.406000,ALB,23,0 days 00:01:44.747000,22.0,5.0,,,0 days 00:00:17.976000,0 days 00:00:39.488000,0 days 00:00:47.283000,0 days 01:15:16.635000,0 days 01:15:56.123000,0 days 01:16:43.406000,297.0,70.0,89.0,292.0,False,SOFT,20.0,False,Williams,0 days 01:14:58.659000,,126,,False,,False,False
2023-09,FP1,0 days 01:18:31.278000,ALB,23,0 days 00:01:47.872000,23.0,5.0,,0 days 01:18:27.873000,0 days 00:00:43.146000,0 days 00:00:34.359000,0 days 00:00:30.367000,0 days 01:17:26.552000,0 days 01:18:00.911000,0 days 01:18:31.278000,281.0,224.0,,282.0,False,SOFT,21.0,False,Williams,0 days 01:16:43.406000,,6,,False,,False,False
2023-09,FP1,0 days 00:16:16.828000,ZHO,24,,1.0,1.0,0 days 00:14:51.550000,,,0 days 00:00:37.513000,0 days 00:00:25.856000,,0 days 00:15:51.190000,0 days 00:16:16.877000,278.0,206.0,273.0,277.0,False,MEDIUM,1.0,True,Alfa Romeo,0 days 00:14:51.550000,,1,,False,,False,False
2023-09,FP1,0 days 00:17:25.938000,ZHO,24,0 days 00:01:09.110000,2.0,1.0,,,0 days 00:00:17.634000,0 days 00:00:30.792000,0 days 00:00:20.684000,0 days 00:16:34.462000,0 days 00:17:05.254000,0 days 00:17:25.938000,307.0,235.0,280.0,307.0,True,MEDIUM,2.0,True,Alfa Romeo,0 days 00:16:16.828000,,1,,False,,False,True
2023-09,FP1,0 days 00:19:15.573000,ZHO,24,0 days 00:01:49.635000,3.0,1.0,,,0 days 00:00:25.131000,0 days 00:00:48.998000,0 days 00:00:35.506000,0 days 00:17:51.069000,0 days 00:18:40.067000,0 days 00:19:15.573000,167.0,81.0,280.0,252.0,False,MEDIUM,3.0,True,Alfa Romeo,0 days 00:17:25.938000,,1,,False,,False,True
2023-09,FP1,0 days 00:20:45.448000,ZHO,24,0 days 00:01:29.875000,4.0,1.0,,,0 days 00:00:17.280000,0 days 00:00:41.353000,0 days 00:00:31.242000,0 days 00:19:32.853000,0 days 00:20:14.206000,0 days 00:20:45.448000,316.0,68.0,278.0,237.0,False,MEDIUM,4.0,True,Alfa Romeo,0 days 00:19:15.573000,,1,,False,,False,True
2023-09,FP1,0 days 00:21:53.249000,ZHO,24,0 days 00:01:07.801000,5.0,1.0,,,0 days 00:00:17.102000,0 days 00:00:30.297000,0 days 00:00:20.402000,0 days 00:21:02.550000,0 days 00:21:32.847000,0 days 00:21:53.249000,314.0,237.0,281.0,312.0,True,MEDIUM,5.0,True,Alfa Romeo,0 days 00:20:45.448000,,1,,False,,False,True
2023-09,FP1,0 days 00:23:27.910000,ZHO,24,0 days 00:01:34.661000,6.0,1.0,,,0 days 00:00:25.445000,0 days 00:00:41.985000,0 days 00:00:27.231000,0 days 00:22:18.694000,0 days 00:23:00.679000,0 days 00:23:27.910000,217.0,124.0,279.0,276.0,False,MEDIUM,6.0,True,Alfa Romeo,0 days 00:21:53.249000,,1,,False,,False,True
2023-09,FP1,0 days 00:24:35.365000,ZHO,24,0 days 00:01:07.455000,7.0,1.0,,,0 days 00:00:17.022000,0 days 00:00:29.928000,0 days 00:00:20.505000,0 days 00:23:44.932000,0 days 00:24:14.860000,0 days 00:24:35.365000,316.0,237.0,279.0,312.0,True,MEDIUM,7.0,True,Alfa Romeo,0 days 00:23:27.910000,,1,,False,,False,True
2023-09,FP1,0 days 00:26:11.065000,ZHO,24,0 days 00:01:35.700000,8.0,1.0,,,0 days 00:00:25.090000,0 days 00:00:42.903000,0 days 00:00:27.707000,0 days 00:25:00.455000,0 days 00:25:43.358000,0 days 00:26:11.065000,207.0,153.0,278.0,141.0,False,MEDIUM,8.0,True,Alfa Romeo,0 days 00:24:35.365000,,1,,False,,False,True
2023-09,FP1,0 days 00:27:18.624000,ZHO,24,0 days 00:01:07.559000,9.0,1.0,,,0 days 00:00:17.066000,0 days 00:00:29.968000,0 days 00:00:20.525000,0 days 00:26:28.131000,0 days 00:26:58.099000,0 days 00:27:18.624000,316.0,240.0,278.0,312.0,False,MEDIUM,9.0,True,Alfa Romeo,0 days 00:26:11.065000,,1,,False,,False,True
2023-09,FP1,0 days 00:28:45.594000,ZHO,24,0 days 00:01:26.970000,10.0,1.0,,0 days 00:28:42.207000,0 days 00:00:20.487000,0 days 00:00:38.908000,0 days 00:00:27.575000,0 days 00:27:39.111000,0 days 00:28:18.019000,0 days 00:28:45.594000,264.0,208.0,,271.0,False,MEDIUM,10.0,True,Alfa Romeo,0 days 00:27:18.624000,,1,,False,,False,False
2023-09,FP1,0 days 00:30:20.929000,ZHO,24,0 days 00:01:35.335000,11.0,2.0,0 days 00:29:04.035000,0 days 00:30:17.534000,0 days 00:00:36.308000,0 days 00:00:33.374000,0 days 00:00:25.653000,0 days 00:29:21.902000,0 days 00:29:55.276000,0 days 00:30:20.929000,289.0,223.0,,289.0,False,MEDIUM,11.0,False,Alfa Romeo,0 days 00:28:45.594000,,1,,False,,False,False
2023-09,FP1,0 days 00:42:38.896000,ZHO,24,,12.0,3.0,0 days 00:41:19.241000,,,0 days 00:00:33.481000,0 days 00:00:27.227000,,0 days 00:42:11.802000,0 days 00:42:38.942000,285.0,231.0,268.0,288.0,False,MEDIUM,12.0,False,Alfa Romeo,0 days 00:30:20.929000,,1,,False,,False,False
2023-09,FP1,0 days 00:43:49.265000,ZHO,24,0 days 00:01:10.369000,13.0,3.0,,,0 days 00:00:17.879000,0 days 00:00:31.178000,0 days 00:00:21.312000,0 days 00:42:56.775000,0 days 00:43:27.953000,0 days 00:43:49.265000,296.0,233.0,269.0,295.0,False,MEDIUM,13.0,False,Alfa Romeo,0 days 00:42:38.896000,,1,,False,,False,True
2023-09,FP1,0 days 00:44:59.795000,ZHO,24,0 days 00:01:10.530000,14.0,3.0,,,0 days 00:00:17.926000,0 days 00:00:31.533000,0 days 00:00:21.071000,0 days 00:44:07.191000,0 days 00:44:38.724000,0 days 00:44:59.795000,286.0,229.0,271.0,287.0,False,MEDIUM,14.0,False,Alfa Romeo,0 days 00:43:49.265000,,1,,False,,False,True
2023-09,FP1,0 days 00:46:10.619000,ZHO,24,0 days 00:01:10.824000,15.0,3.0,,,0 days 00:00:17.958000,0 days 00:00:31.649000,0 days 00:00:21.217000,0 days 00:45:17.753000,0 days 00:45:49.402000,0 days 00:46:10.619000,283.0,230.0,271.0,287.0,False,MEDIUM,15.0,False,Alfa Romeo,0 days 00:44:59.795000,,1,,False,,False,True
2023-09,FP1,0 days 00:47:21.444000,ZHO,24,0 days 00:01:10.825000,16.0,3.0,,,0 days 00:00:17.917000,0 days 00:00:31.614000,0 days 00:00:21.294000,0 days 00:46:28.536000,0 days 00:47:00.150000,0 days 00:47:21.444000,287.0,228.0,271.0,291.0,False,MEDIUM,16.0,False,Alfa Romeo,0 days 00:46:10.619000,,1,,False,,False,True
2023-09,FP1,0 days 00:48:32.262000,ZHO,24,0 days 00:01:10.818000,17.0,3.0,,,0 days 00:00:17.870000,0 days 00:00:31.611000,0 days 00:00:21.337000,0 days 00:47:39.314000,0 days 00:48:10.925000,0 days 00:48:32.262000,290.0,229.0,270.0,295.0,False,MEDIUM,17.0,False,Alfa Romeo,0 days 00:47:21.444000,,1,,False,,False,True
2023-09,FP1,0 days 00:49:43.323000,ZHO,24,0 days 00:01:11.061000,18.0,3.0,,,0 days 00:00:17.803000,0 days 00:00:31.689000,0 days 00:00:21.569000,0 days 00:48:50.065000,0 days 00:49:21.754000,0 days 00:49:43.323000,291.0,227.0,269.0,295.0,False,MEDIUM,18.0,False,Alfa Romeo,0 days 00:48:32.262000,,1,,False,,False,True
2023-09,FP1,0 days 00:50:54.616000,ZHO,24,0 days 00:01:11.293000,19.0,3.0,,,0 days 00:00:17.893000,0 days 00:00:31.739000,0 days 00:00:21.661000,0 days 00:50:01.216000,0 days 00:50:32.955000,0 days 00:50:54.616000,299.0,218.0,270.0,300.0,False,MEDIUM,19.0,False,Alfa Romeo,0 days 00:49:43.323000,,1,,False,,False,True
2023-09,FP1,0 days 00:52:05.886000,ZHO,24,0 days 00:01:11.270000,20.0,3.0,,,0 days 00:00:17.815000,0 days 00:00:31.813000,0 days 00:00:21.642000,0 days 00:51:12.431000,0 days 00:51:44.244000,0 days 00:52:05.886000,304.0,219.0,272.0,300.0,False,MEDIUM,20.0,False,Alfa Romeo,0 days 00:50:54.616000,,1,,False,,False,True
2023-09,FP1,0 days 00:53:16.780000,ZHO,24,0 days 00:01:10.894000,21.0,3.0,,,0 days 00:00:17.779000,0 days 00:00:31.664000,0 days 00:00:21.451000,0 days 00:52:23.665000,0 days 00:52:55.329000,0 days 00:53:16.780000,306.0,225.0,269.0,297.0,False,MEDIUM,21.0,False,Alfa Romeo,0 days 00:52:05.886000,,1,,False,,False,True
2023-09,FP1,0 days 00:54:48.695000,ZHO,24,0 days 00:01:31.915000,22.0,3.0,,0 days 00:54:45.211000,0 days 00:00:21.671000,0 days 00:00:42.962000,0 days 00:00:27.282000,0 days 00:53:38.451000,0 days 00:54:21.413000,0 days 00:54:48.695000,192.0,167.0,,183.0,False,MEDIUM,22.0,False,Alfa Romeo,0 days 00:53:16.780000,,1,,False,,False,False
2023-09,FP1,0 days 01:04:16.749000,ZHO,24,,23.0,4.0,0 days 01:02:52.921000,,,0 days 00:00:35.020000,0 days 00:00:29.417000,,0 days 01:03:47.560000,0 days 01:04:16.857000,297.0,180.0,284.0,301.0,False,SOFT,1.0,True,Alfa Romeo,0 days 00:54:48.695000,,1,,False,,False,False
2023-09,FP1,0 days 01:05:23.840000,ZHO,24,0 days 00:01:07.091000,24.0,4.0,,,0 days 00:00:16.946000,0 days 00:00:29.936000,0 days 00:00:20.209000,0 days 01:04:33.695000,0 days 01:05:03.631000,0 days 01:05:23.840000,319.0,238.0,284.0,313.0,True,SOFT,2.0,True,Alfa Romeo,0 days 01:04:16.749000,,1,,False,,False,True
2023-09,FP1,0 days 01:06:59.219000,ZHO,24,0 days 00:01:35.379000,25.0,4.0,,,0 days 00:00:26.644000,0 days 00:00:37.553000,0 days 00:00:31.182000,0 days 01:05:50.484000,0 days 01:06:28.037000,0 days 01:06:59.219000,161.0,203.0,285.0,277.0,False,SOFT,3.0,True,Alfa Romeo,0 days 01:05:23.840000,,1,,False,,False,True
2023-09,FP1,0 days 01:08:23.861000,ZHO,24,0 days 00:01:24.642000,26.0,4.0,,,0 days 00:00:16.749000,0 days 00:00:40.951000,0 days 00:00:26.942000,0 days 01:07:15.968000,0 days 01:07:56.919000,0 days 01:08:23.861000,322.0,143.0,282.0,160.0,False,SOFT,4.0,True,Alfa Romeo,0 days 01:06:59.219000,,1,,False,,False,True
2023-09,FP1,0 days 01:09:30.932000,ZHO,24,0 days 00:01:07.071000,27.0,4.0,,,0 days 00:00:16.938000,0 days 00:00:29.980000,0 days 00:00:20.153000,0 days 01:08:40.799000,0 days 01:09:10.779000,0 days 01:09:30.932000,319.0,236.0,279.0,314.0,True,SOFT,5.0,True,Alfa Romeo,0 days 01:08:23.861000,,1,,False,,False,True
2023-09,FP1,0 days 01:11:20.188000,ZHO,24,0 days 00:01:49.256000,28.0,4.0,,0 days 01:11:16.834000,0 days 00:00:26.423000,0 days 00:00:48.722000,0 days 00:00:34.111000,0 days 01:09:57.355000,0 days 01:10:46.077000,0 days 01:11:20.188000,234.0,118.0,,198.0,False,SOFT,6.0,True,Alfa Romeo,0 days 01:09:30.932000,,1,,False,,False,False
2023-09,FP1,0 days 01:13:11.729000,ZHO,24,0 days 00:01:51.541000,29.0,5.0,0 days 01:11:39.381000,,0 days 00:00:43.290000,0 days 00:00:40.391000,0 days 00:00:27.860000,0 days 01:12:03.478000,0 days 01:12:43.869000,0 days 01:13:11.729000,262.0,167.0,283.0,250.0,False,SOFT,7.0,False,Alfa Romeo,0 days 01:11:20.188000,,1,,False,,False,False
2023-09,FP1,0 days 01:14:18.509000,ZHO,24,0 days 00:01:06.780000,30.0,5.0,,,0 days 00:00:16.861000,0 days 00:00:29.896000,0 days 00:00:20.023000,0 days 01:13:28.590000,0 days 01:13:58.486000,0 days 01:14:18.509000,319.0,241.0,282.0,314.0,True,SOFT,8.0,False,Alfa Romeo,0 days 01:13:11.729000,,1,,False,,False,True
2023-09,FP1,0 days 01:15:49.035000,ZHO,24,0 days 00:01:30.526000,31.0,5.0,,,0 days 00:00:21.680000,0 days 00:00:37.952000,0 days 00:00:30.894000,0 days 01:14:40.189000,0 days 01:15:18.141000,0 days 01:15:49.035000,215.0,165.0,164.0,269.0,False,SOFT,9.0,False,Alfa Romeo,0 days 01:14:18.509000,,12,,False,,False,True
2023-09,FP1,0 days 01:17:49.886000,ZHO,24,0 days 00:02:00.851000,32.0,5.0,,,0 days 00:00:27.790000,0 days 00:00:39.507000,0 days 00:00:53.554000,0 days 01:16:16.825000,0 days 01:16:56.332000,0 days 01:17:49.886000,257.0,136.0,51.0,262.0,False,SOFT,10.0,False,Alfa Romeo,0 days 01:15:49.035000,,26,,False,,False,False
2023-09,FP1,0 days 01:19:46.036000,ZHO,24,0 days 00:01:56.150000,33.0,5.0,,0 days 01:19:42.684000,0 days 00:00:41.291000,0 days 00:00:40.473000,0 days 00:00:34.386000,0 days 01:18:31.177000,0 days 01:19:11.650000,0 days 01:19:46.036000,296.0,130.0,,261.0,False,SOFT,11.0,False,Alfa Romeo,0 days 01:17:49.886000,,67,,False,,False,False
2023-09,FP1,0 days 00:17:03.554000,HUL,27,,1.0,1.0,0 days 00:15:35.175000,,,0 days 00:00:34.777000,0 days 00:00:28.640000,,0 days 00:16:35.142000,0 days 00:17:03.673000,266.0,211.0,276.0,259.0,False,MEDIUM,1.0,True,Haas F1 Team,0 days 00:15:35.175000,,1,,False,,False,False
2023-09,FP1,0 days 00:18:12.866000,HUL,27,0 days 00:01:09.312000,2.0,1.0,,,0 days 00:00:17.167000,0 days 00:00:30.912000,0 days 00:00:21.233000,0 days 00:17:20.721000,0 days 00:17:51.633000,0 days 00:18:12.866000,317.0,235.0,280.0,315.0,True,MEDIUM,2.0,True,Haas F1 Team,0 days 00:17:03.554000,,1,,False,,False,True
2023-09,FP1,0 days 00:19:21.858000,HUL,27,0 days 00:01:08.992000,3.0,1.0,,,0 days 00:00:17.009000,0 days 00:00:30.825000,0 days 00:00:21.158000,0 days 00:18:29.875000,0 days 00:19:00.700000,0 days 00:19:21.858000,318.0,230.0,280.0,313.0,True,MEDIUM,3.0,True,Haas F1 Team,0 days 00:18:12.866000,,1,,False,,False,True
2023-09,FP1,0 days 00:21:12.390000,HUL,27,0 days 00:01:50.532000,4.0,1.0,,,0 days 00:00:26.341000,0 days 00:00:50.537000,0 days 00:00:33.654000,0 days 00:19:48.199000,0 days 00:20:38.736000,0 days 00:21:12.390000,144.0,129.0,263.0,148.0,False,MEDIUM,4.0,True,Haas F1 Team,0 days 00:19:21.858000,,1,,False,,False,True
2023-09,FP1,0 days 00:22:21.081000,HUL,27,0 days 00:01:08.691000,5.0,1.0,,,0 days 00:00:17.335000,0 days 00:00:30.513000,0 days 00:00:20.843000,0 days 00:21:29.725000,0 days 00:22:00.238000,0 days 00:22:21.081000,312.0,233.0,278.0,311.0,True,MEDIUM,5.0,True,Haas F1 Team,0 days 00:21:12.390000,,1,,False,,False,True
2023-09,FP1,0 days 00:24:11.817000,HUL,27,0 days 00:01:50.736000,6.0,1.0,,,0 days 00:00:27.795000,0 days 00:00:50.303000,0 days 00:00:32.638000,0 days 00:22:48.876000,0 days 00:23:39.179000,0 days 00:24:11.817000,151.0,139.0,278.0,165.0,False,MEDIUM,6.0,True,Haas F1 Team,0 days 00:22:21.081000,,1,,False,,False,True
2023-09,FP1,0 days 00:25:39.075000,HUL,27,0 days 00:01:27.258000,7.0,1.0,,,0 days 00:00:17.102000,0 days 00:00:40.745000,0 days 00:00:29.411000,0 days 00:24:28.919000,0 days 00:25:09.664000,0 days 00:25:39.075000,314.0,108.0,274.0,211.0,False,MEDIUM,7.0,True,Haas F1 Team,0 days 00:24:11.817000,,1,,False,,False,True
2023-09,FP1,0 days 00:26:47.076000,HUL,27,0 days 00:01:08.001000,8.0,1.0,,,0 days 00:00:17.051000,0 days 00:00:30.418000,0 days 00:00:20.532000,0 days 00:25:56.126000,0 days 00:26:26.544000,0 days 00:26:47.076000,314.0,238.0,278.0,311.0,True,MEDIUM,8.0,True,Haas F1 Team,0 days 00:25:39.075000,,1,,False,,False,True
2023-09,FP1,0 days 00:28:14.951000,HUL,27,0 days 00:01:27.875000,9.0,1.0,,0 days 00:28:11.552000,0 days 00:00:24.568000,0 days 00:00:35.011000,0 days 00:00:28.296000,0 days 00:27:11.644000,0 days 00:27:46.655000,0 days 00:28:14.951000,237.0,206.0,,276.0,False,MEDIUM,9.0,True,Haas F1 Team,0 days 00:26:47.076000,,1,,False,,False,False
2023-09,FP1,0 days 00:43:13.603000,HUL,27,,10.0,2.0,0 days 00:42:02.599000,,,0 days 00:00:31.583000,0 days 00:00:21.827000,,0 days 00:42:51.911000,0 days 00:43:13.614000,289.0,231.0,272.0,290.0,False,MEDIUM,10.0,False,Haas F1 Team,0 days 00:28:14.951000,,1,,False,,False,False
2023-09,FP1,0 days 00:44:24.018000,HUL,27,0 days 00:01:10.415000,11.0,2.0,,,0 days 00:00:17.583000,0 days 00:00:31.223000,0 days 00:00:21.609000,0 days 00:43:31.186000,0 days 00:44:02.409000,0 days 00:44:24.018000,297.0,229.0,273.0,298.0,False,MEDIUM,11.0,False,Haas F1 Team,0 days 00:43:13.603000,,1,,False,,False,True
2023-09,FP1,0 days 00:45:34.839000,HUL,27,0 days 00:01:10.821000,12.0,2.0,,,0 days 00:00:17.629000,0 days 00:00:31.623000,0 days 00:00:21.569000,0 days 00:44:41.647000,0 days 00:45:13.270000,0 days 00:45:34.839000,287.0,225.0,271.0,289.0,False,MEDIUM,12.0,False,Haas F1 Team,0 days 00:44:24.018000,,1,,False,,False,True
2023-09,FP1,0 days 00:46:45.212000,HUL,27,0 days 00:01:10.373000,13.0,2.0,,,0 days 00:00:17.693000,0 days 00:00:31.492000,0 days 00:00:21.188000,0 days 00:45:52.532000,0 days 00:46:24.024000,0 days 00:46:45.212000,286.0,232.0,272.0,289.0,False,MEDIUM,13.0,False,Haas F1 Team,0 days 00:45:34.839000,,1,,False,,False,True
2023-09,FP1,0 days 00:47:55.172000,HUL,27,0 days 00:01:09.960000,14.0,2.0,,,0 days 00:00:17.592000,0 days 00:00:31.338000,0 days 00:00:21.030000,0 days 00:47:02.804000,0 days 00:47:34.142000,0 days 00:47:55.172000,293.0,231.0,272.0,297.0,False,MEDIUM,14.0,False,Haas F1 Team,0 days 00:46:45.212000,,1,,False,,False,True
2023-09,FP1,0 days 00:49:05.407000,HUL,27,0 days 00:01:10.235000,15.0,2.0,,,0 days 00:00:17.700000,0 days 00:00:31.374000,0 days 00:00:21.161000,0 days 00:48:12.872000,0 days 00:48:44.246000,0 days 00:49:05.407000,285.0,228.0,270.0,291.0,False,MEDIUM,15.0,False,Haas F1 Team,0 days 00:47:55.172000,,1,,False,,False,True
2023-09,FP1,0 days 00:50:15.876000,HUL,27,0 days 00:01:10.469000,16.0,2.0,,,0 days 00:00:17.808000,0 days 00:00:31.394000,0 days 00:00:21.267000,0 days 00:49:23.215000,0 days 00:49:54.609000,0 days 00:50:15.876000,287.0,228.0,270.0,293.0,False,MEDIUM,16.0,False,Haas F1 Team,0 days 00:49:05.407000,,1,,False,,False,True
2023-09,FP1,0 days 00:51:27.122000,HUL,27,0 days 00:01:11.246000,17.0,2.0,,,0 days 00:00:17.743000,0 days 00:00:31.583000,0 days 00:00:21.920000,0 days 00:50:33.619000,0 days 00:51:05.202000,0 days 00:51:27.122000,289.0,226.0,270.0,292.0,False,MEDIUM,17.0,False,Haas F1 Team,0 days 00:50:15.876000,,1,,False,,False,True
2023-09,FP1,0 days 00:52:37.685000,HUL,27,0 days 00:01:10.563000,18.0,2.0,,,0 days 00:00:17.620000,0 days 00:00:31.604000,0 days 00:00:21.339000,0 days 00:51:44.742000,0 days 00:52:16.346000,0 days 00:52:37.685000,297.0,225.0,270.0,294.0,False,MEDIUM,18.0,False,Haas F1 Team,0 days 00:51:27.122000,,1,,False,,False,True
2023-09,FP1,0 days 00:53:48.734000,HUL,27,0 days 00:01:11.049000,19.0,2.0,,,0 days 00:00:17.775000,0 days 00:00:31.831000,0 days 00:00:21.443000,0 days 00:52:55.460000,0 days 00:53:27.291000,0 days 00:53:48.734000,292.0,225.0,270.0,287.0,False,MEDIUM,19.0,False,Haas F1 Team,0 days 00:52:37.685000,,1,,False,,False,True
2023-09,FP1,0 days 00:55:00.958000,HUL,27,0 days 00:01:12.224000,20.0,2.0,,,0 days 00:00:17.737000,0 days 00:00:32.644000,0 days 00:00:21.843000,0 days 00:54:06.471000,0 days 00:54:39.115000,0 days 00:55:00.958000,296.0,226.0,271.0,296.0,False,MEDIUM,20.0,False,Haas F1 Team,0 days 00:53:48.734000,,1,,False,,False,True
2023-09,FP1,0 days 00:56:23.124000,HUL,27,0 days 00:01:22.166000,21.0,2.0,,0 days 00:56:18.662000,0 days 00:00:17.843000,0 days 00:00:32.341000,0 days 00:00:31.982000,0 days 00:55:18.801000,0 days 00:55:51.142000,0 days 00:56:23.124000,291.0,224.0,,302.0,False,MEDIUM,21.0,False,Haas F1 Team,0 days 00:55:00.958000,,1,,False,,False,False
2023-09,FP1,0 days 00:58:17.566000,HUL,27,0 days 00:01:54.442000,22.0,3.0,0 days 00:56:57.193000,0 days 00:58:14.098000,0 days 00:00:54.600000,0 days 00:00:33.719000,0 days 00:00:26.123000,0 days 00:57:17.724000,0 days 00:57:51.443000,0 days 00:58:17.566000,211.0,219.0,,289.0,False,MEDIUM,22.0,False,Haas F1 Team,0 days 00:56:23.124000,,1,,False,,False,False
2023-09,FP1,0 days 01:08:12.450000,HUL,27,,23.0,4.0,0 days 01:06:50.620000,,,0 days 00:00:38.223000,0 days 00:00:25.091000,,0 days 01:07:47.509000,0 days 01:08:12.524000,283.0,183.0,283.0,226.0,False,SOFT,1.0,True,Haas F1 Team,0 days 00:58:17.566000,,1,,False,,False,False
2023-09,FP1,0 days 01:09:19.811000,HUL,27,0 days 00:01:07.361000,24.0,4.0,,,0 days 00:00:16.615000,0 days 00:00:30.535000,0 days 00:00:20.211000,0 days 01:08:29.065000,0 days 01:08:59.600000,0 days 01:09:19.811000,320.0,238.0,281.0,314.0,True,SOFT,2.0,True,Haas F1 Team,0 days 01:08:12.450000,,1,,False,,False,True
2023-09,FP1,0 days 01:10:57.727000,HUL,27,0 days 00:01:37.916000,25.0,4.0,,,0 days 00:00:23.765000,0 days 00:00:42.644000,0 days 00:00:31.507000,0 days 01:09:43.576000,0 days 01:10:26.220000,0 days 01:10:57.727000,198.0,154.0,185.0,188.0,False,SOFT,3.0,True,Haas F1 Team,0 days 01:09:19.811000,,1,,False,,False,True
2023-09,FP1,0 days 01:12:38.188000,HUL,27,0 days 00:01:40.461000,26.0,4.0,,,0 days 00:00:25.489000,0 days 00:00:41.070000,0 days 00:00:33.902000,0 days 01:11:23.216000,0 days 01:12:04.286000,0 days 01:12:38.188000,179.0,147.0,282.0,222.0,False,SOFT,4.0,True,Haas F1 Team,0 days 01:10:57.727000,,1,,False,,False,True
2023-09,FP1,0 days 01:13:45.034000,HUL,27,0 days 00:01:06.846000,27.0,4.0,,,0 days 00:00:16.631000,0 days 00:00:29.905000,0 days 00:00:20.310000,0 days 01:12:54.819000,0 days 01:13:24.724000,0 days 01:13:45.034000,319.0,240.0,281.0,315.0,True,SOFT,5.0,True,Haas F1 Team,0 days 01:12:38.188000,,1,,False,,False,True
2023-09,FP1,0 days 01:15:03.060000,HUL,27,0 days 00:01:18.026000,28.0,4.0,,,0 days 00:00:19.390000,0 days 00:00:35.336000,0 days 00:00:23.300000,0 days 01:14:04.424000,0 days 01:14:39.760000,0 days 01:15:03.060000,259.0,211.0,259.0,261.0,False,SOFT,6.0,True,Haas F1 Team,0 days 01:13:45.034000,,1,,False,,False,True
2023-09,FP1,0 days 01:16:55.108000,HUL,27,0 days 00:01:52.048000,29.0,4.0,,,0 days 00:00:18.602000,0 days 00:00:39.513000,0 days 00:00:53.933000,0 days 01:15:21.662000,0 days 01:16:01.175000,0 days 01:16:55.108000,281.0,116.0,50.0,237.0,False,SOFT,7.0,True,Haas F1 Team,0 days 01:15:03.060000,,126,,False,,False,False
2023-09,FP1,0 days 01:18:52.272000,HUL,27,0 days 00:01:57.164000,30.0,4.0,,0 days 01:18:48.826000,0 days 00:00:42.645000,0 days 00:00:34.301000,0 days 00:00:40.218000,0 days 01:17:37.753000,0 days 01:18:12.054000,0 days 01:18:52.272000,254.0,163.0,,274.0,False,SOFT,8.0,True,Haas F1 Team,0 days 01:16:55.108000,,6,,False,,False,False
2023-09,FP1,0 days 00:16:46.892000,OCO,31,,1.0,1.0,0 days 00:15:21.925000,,,0 days 00:00:36.879000,0 days 00:00:26.725000,,0 days 00:16:20.314000,0 days 00:16:46.970000,258.0,203.0,277.0,275.0,False,MEDIUM,1.0,True,Alpine,0 days 00:15:21.925000,,1,,False,,False,False
2023-09,FP1,0 days 00:17:55.074000,OCO,31,0 days 00:01:08.182000,2.0,1.0,,,0 days 00:00:17.073000,0 days 00:00:30.563000,0 days 00:00:20.546000,0 days 00:17:03.965000,0 days 00:17:34.528000,0 days 00:17:55.074000,309.0,239.0,280.0,309.0,True,MEDIUM,2.0,True,Alpine,0 days 00:16:46.892000,,1,,False,,False,True
2023-09,FP1,0 days 00:19:33.876000,OCO,31,0 days 00:01:38.802000,3.0,1.0,,,0 days 00:00:22.358000,0 days 00:00:45.990000,0 days 00:00:30.454000,0 days 00:18:17.432000,0 days 00:19:03.422000,0 days 00:19:33.876000,193.0,197.0,283.0,189.0,False,MEDIUM,3.0,True,Alpine,0 days 00:17:55.074000,,1,,False,,False,True
2023-09,FP1,0 days 00:20:41.200000,OCO,31,0 days 00:01:07.324000,4.0,1.0,,,0 days 00:00:16.858000,0 days 00:00:30.117000,0 days 00:00:20.349000,0 days 00:19:50.734000,0 days 00:20:20.851000,0 days 00:20:41.200000,316.0,240.0,282.0,312.0,True,MEDIUM,4.0,True,Alpine,0 days 00:19:33.876000,,1,,False,,False,True
2023-09,FP1,0 days 00:22:18.990000,OCO,31,0 days 00:01:37.790000,5.0,1.0,,0 days 00:22:15.589000,0 days 00:00:24.027000,0 days 00:00:43.345000,0 days 00:00:30.418000,0 days 00:21:05.227000,0 days 00:21:48.572000,0 days 00:22:18.990000,174.0,210.0,,153.0,False,MEDIUM,5.0,True,Alpine,0 days 00:20:41.200000,,1,,False,,False,False
2023-09,FP1,0 days 00:24:05.955000,OCO,31,0 days 00:01:46.965000,6.0,2.0,0 days 00:22:40.745000,,0 days 00:00:42.181000,0 days 00:00:40.517000,0 days 00:00:24.267000,0 days 00:23:01.171000,0 days 00:23:41.688000,0 days 00:24:05.955000,220.0,169.0,282.0,211.0,False,MEDIUM,6.0,False,Alpine,0 days 00:22:18.990000,,1,,False,,False,False
2023-09,FP1,0 days 00:25:13.378000,OCO,31,0 days 00:01:07.423000,7.0,2.0,,,0 days 00:00:16.927000,0 days 00:00:30.099000,0 days 00:00:20.397000,0 days 00:24:22.882000,0 days 00:24:52.981000,0 days 00:25:13.378000,316.0,241.0,282.0,313.0,False,MEDIUM,7.0,False,Alpine,0 days 00:24:05.955000,,1,,False,,False,True
2023-09,FP1,0 days 00:26:50.151000,OCO,31,0 days 00:01:36.773000,8.0,2.0,,,0 days 00:00:25.278000,0 days 00:00:44.372000,0 days 00:00:27.123000,0 days 00:25:38.656000,0 days 00:26:23.028000,0 days 00:26:50.151000,146.0,193.0,283.0,211.0,False,MEDIUM,8.0,False,Alpine,0 days 00:25:13.378000,,1,,False,,False,True
2023-09,FP1,0 days 00:28:00.393000,OCO,31,0 days 00:01:10.242000,9.0,2.0,,,0 days 00:00:16.754000,0 days 00:00:30.047000,0 days 00:00:23.441000,0 days 00:27:06.905000,0 days 00:27:36.952000,0 days 00:28:00.393000,317.0,237.0,207.0,313.0,False,MEDIUM,9.0,False,Alpine,0 days 00:26:50.151000,,1,,False,,False,True
2023-09,FP1,0 days 00:29:39.007000,OCO,31,0 days 00:01:38.614000,10.0,2.0,,,0 days 00:00:23.556000,0 days 00:00:46.744000,0 days 00:00:28.314000,0 days 00:28:23.949000,0 days 00:29:10.693000,0 days 00:29:39.007000,156.0,131.0,223.0,164.0,False,MEDIUM,10.0,False,Alpine,0 days 00:28:00.393000,,1,,False,,False,True
2023-09,FP1,0 days 00:31:12.297000,OCO,31,0 days 00:01:33.290000,11.0,2.0,,,0 days 00:00:23.647000,0 days 00:00:43.194000,0 days 00:00:26.449000,0 days 00:30:02.654000,0 days 00:30:45.848000,0 days 00:31:12.297000,183.0,105.0,283.0,189.0,False,MEDIUM,11.0,False,Alpine,0 days 00:29:39.007000,,1,,False,,False,True
2023-09,FP1,0 days 00:32:19.499000,OCO,31,0 days 00:01:07.202000,12.0,2.0,,,0 days 00:00:16.896000,0 days 00:00:30.076000,0 days 00:00:20.230000,0 days 00:31:29.193000,0 days 00:31:59.269000,0 days 00:32:19.499000,317.0,241.0,280.0,311.0,True,MEDIUM,12.0,False,Alpine,0 days 00:31:12.297000,,1,,False,,False,True
2023-09,FP1,0 days 00:33:29.958000,OCO,31,0 days 00:01:10.459000,13.0,2.0,,,0 days 00:00:17.225000,0 days 00:00:31.588000,0 days 00:00:21.646000,0 days 00:32:36.724000,0 days 00:33:08.312000,0 days 00:33:29.958000,292.0,228.0,272.0,289.0,False,MEDIUM,13.0,False,Alpine,0 days 00:32:19.499000,,1,,False,,False,True
2023-09,FP1,0 days 00:34:53.610000,OCO,31,0 days 00:01:23.652000,14.0,2.0,,0 days 00:34:50.216000,0 days 00:00:17.958000,0 days 00:00:38.135000,0 days 00:00:27.559000,0 days 00:33:47.916000,0 days 00:34:26.051000,0 days 00:34:53.610000,280.0,191.0,,200.0,False,MEDIUM,14.0,False,Alpine,0 days 00:33:29.958000,,1,,False,,False,False
2023-09,FP1,0 days 00:50:46.842000,OCO,31,,15.0,3.0,0 days 00:49:20.920000,,,0 days 00:00:38.239000,0 days 00:00:28.013000,,0 days 00:50:18.965000,0 days 00:50:46.871000,266.0,102.0,282.0,247.0,False,MEDIUM,15.0,False,Alpine,0 days 00:34:53.610000,,1,,False,,False,False
2023-09,FP1,0 days 00:52:15.359000,OCO,31,0 days 00:01:28.517000,16.0,3.0,,,0 days 00:00:16.964000,0 days 00:00:43.994000,0 days 00:00:27.559000,0 days 00:51:03.806000,0 days 00:51:47.800000,0 days 00:52:15.359000,316.0,84.0,281.0,189.0,False,MEDIUM,16.0,False,Alpine,0 days 00:50:46.842000,,1,,False,,False,True
2023-09,FP1,0 days 00:53:22.940000,OCO,31,0 days 00:01:07.581000,17.0,3.0,,,0 days 00:00:16.888000,0 days 00:00:30.190000,0 days 00:00:20.503000,0 days 00:52:32.247000,0 days 00:53:02.437000,0 days 00:53:22.940000,318.0,237.0,279.0,311.0,False,MEDIUM,17.0,False,Alpine,0 days 00:52:15.359000,,1,,False,,False,True
2023-09,FP1,0 days 00:55:04.619000,OCO,31,0 days 00:01:41.679000,18.0,3.0,,,0 days 00:00:24.047000,0 days 00:00:46.964000,0 days 00:00:30.668000,0 days 00:53:46.987000,0 days 00:54:33.951000,0 days 00:55:04.619000,181.0,157.0,211.0,143.0,False,MEDIUM,18.0,False,Alpine,0 days 00:53:22.940000,,1,,False,,False,True
2023-09,FP1,0 days 00:56:40.110000,OCO,31,0 days 00:01:35.491000,19.0,3.0,,,0 days 00:00:24.695000,0 days 00:00:42.481000,0 days 00:00:28.315000,0 days 00:55:29.314000,0 days 00:56:11.795000,0 days 00:56:40.110000,151.0,202.0,282.0,192.0,False,MEDIUM,19.0,False,Alpine,0 days 00:55:04.619000,,1,,False,,False,True
2023-09,FP1,0 days 00:57:48.257000,OCO,31,0 days 00:01:08.147000,20.0,3.0,,,0 days 00:00:16.817000,0 days 00:00:30.548000,0 days 00:00:20.782000,0 days 00:56:56.927000,0 days 00:57:27.475000,0 days 00:57:48.257000,319.0,236.0,279.0,311.0,False,MEDIUM,20.0,False,Alpine,0 days 00:56:40.110000,,1,,False,,False,True
2023-09,FP1,0 days 00:59:16.872000,OCO,31,0 days 00:01:28.615000,21.0,3.0,,,0 days 00:00:23.780000,0 days 00:00:41.570000,0 days 00:00:23.265000,0 days 00:58:12.037000,0 days 00:58:53.607000,0 days 00:59:16.872000,162.0,200.0,272.0,200.0,False,MEDIUM,21.0,False,Alpine,0 days 00:57:48.257000,,1,,False,,False,True
2023-09,FP1,0 days 01:00:26.678000,OCO,31,0 days 00:01:09.806000,22.0,3.0,,,0 days 00:00:17.434000,0 days 00:00:31.435000,0 days 00:00:20.937000,0 days 00:59:34.306000,0 days 01:00:05.741000,0 days 01:00:26.678000,297.0,232.0,274.0,288.0,False,MEDIUM,22.0,False,Alpine,0 days 00:59:16.872000,,1,,False,,False,True
2023-09,FP1,0 days 01:01:36.590000,OCO,31,0 days 00:01:09.912000,23.0,3.0,,,0 days 00:00:17.497000,0 days 00:00:31.418000,0 days 00:00:20.997000,0 days 01:00:44.175000,0 days 01:01:15.593000,0 days 01:01:36.590000,295.0,230.0,276.0,287.0,False,MEDIUM,23.0,False,Alpine,0 days 01:00:26.678000,,1,,False,,False,True
2023-09,FP1,0 days 01:02:46.521000,OCO,31,0 days 00:01:09.931000,24.0,3.0,,,0 days 00:00:17.450000,0 days 00:00:31.384000,0 days 00:00:21.097000,0 days 01:01:54.040000,0 days 01:02:25.424000,0 days 01:02:46.521000,296.0,230.0,275.0,289.0,False,MEDIUM,24.0,False,Alpine,0 days 01:01:36.590000,,1,,False,,False,True
2023-09,FP1,0 days 01:03:56.926000,OCO,31,0 days 00:01:10.405000,25.0,3.0,,,0 days 00:00:17.635000,0 days 00:00:31.467000,0 days 00:00:21.303000,0 days 01:03:04.156000,0 days 01:03:35.623000,0 days 01:03:56.926000,290.0,230.0,273.0,285.0,False,MEDIUM,25.0,False,Alpine,0 days 01:02:46.521000,,1,,False,,False,True
2023-09,FP1,0 days 01:05:06.916000,OCO,31,0 days 00:01:09.990000,26.0,3.0,,,0 days 00:00:17.545000,0 days 00:00:31.397000,0 days 00:00:21.048000,0 days 01:04:14.471000,0 days 01:04:45.868000,0 days 01:05:06.916000,289.0,234.0,276.0,287.0,False,MEDIUM,26.0,False,Alpine,0 days 01:03:56.926000,,1,,False,,False,True
2023-09,FP1,0 days 01:06:30.870000,OCO,31,0 days 00:01:23.954000,27.0,3.0,,0 days 01:06:27.433000,0 days 00:00:18.859000,0 days 00:00:39.360000,0 days 00:00:25.735000,0 days 01:05:25.775000,0 days 01:06:05.135000,0 days 01:06:30.870000,280.0,227.0,,200.0,False,MEDIUM,27.0,False,Alpine,0 days 01:05:06.916000,,1,,False,,False,False
2023-09,FP1,0 days 01:14:57.906000,OCO,31,,28.0,4.0,0 days 01:13:27.831000,,,0 days 00:00:42.605000,0 days 00:00:26.994000,,0 days 01:14:31.064000,0 days 01:14:58.048000,221.0,150.0,202.0,195.0,False,MEDIUM,28.0,False,Alpine,0 days 01:06:30.870000,,1,,False,,False,False
2023-09,FP1,0 days 01:17:05.412000,OCO,31,0 days 00:02:07.506000,29.0,4.0,,,0 days 00:00:24.521000,0 days 00:00:44.009000,0 days 00:00:58.976000,0 days 01:15:22.427000,0 days 01:16:06.436000,0 days 01:17:05.412000,187.0,138.0,50.0,194.0,False,MEDIUM,29.0,False,Alpine,0 days 01:14:57.906000,,126,,False,,False,False
2023-09,FP1,0 days 01:19:07.247000,OCO,31,0 days 00:02:01.835000,30.0,4.0,,0 days 01:19:03.810000,0 days 00:00:46.388000,0 days 00:00:39.420000,0 days 00:00:36.027000,0 days 01:17:51.800000,0 days 01:18:31.220000,0 days 01:19:07.247000,220.0,135.0,,220.0,False,MEDIUM,30.0,False,Alpine,0 days 01:17:05.412000,,6,,False,,False,False
2023-09,FP1,0 days 00:15:41.207000,HAM,44,,1.0,1.0,0 days 00:14:27.129000,,,0 days 00:00:33.673000,0 days 00:00:21.715000,,0 days 00:15:19.706000,0 days 00:15:41.299000,276.0,219.0,277.0,295.0,False,HARD,1.0,True,Mercedes,0 days 00:14:27.129000,,1,,False,,False,False
2023-09,FP1,0 days 00:16:50.228000,HAM,44,0 days 00:01:09.021000,2.0,1.0,,,0 days 00:00:17.083000,0 days 00:00:31.172000,0 days 00:00:20.766000,0 days 00:15:58.290000,0 days 00:16:29.462000,0 days 00:16:50.228000,307.0,235.0,281.0,304.0,True,HARD,2.0,True,Mercedes,0 days 00:15:41.207000,,1,,False,,False,True
2023-09,FP1,0 days 00:17:58.457000,HAM,44,0 days 00:01:08.229000,3.0,1.0,,,0 days 00:00:16.953000,0 days 00:00:30.818000,0 days 00:00:20.458000,0 days 00:17:07.181000,0 days 00:17:37.999000,0 days 00:17:58.457000,309.0,232.0,282.0,303.0,True,HARD,3.0,True,Mercedes,0 days 00:16:50.228000,,1,,False,,False,True
2023-09,FP1,0 days 00:19:46.520000,HAM,44,0 days 00:01:48.063000,4.0,1.0,,,0 days 00:00:25.307000,0 days 00:00:55.484000,0 days 00:00:27.272000,0 days 00:18:23.764000,0 days 00:19:19.248000,0 days 00:19:46.520000,175.0,114.0,282.0,119.0,False,HARD,4.0,True,Mercedes,0 days 00:17:58.457000,,1,,False,,False,True
2023-09,FP1,0 days 00:20:53.724000,HAM,44,0 days 00:01:07.204000,5.0,1.0,,,0 days 00:00:16.842000,0 days 00:00:30.083000,0 days 00:00:20.279000,0 days 00:20:03.362000,0 days 00:20:33.445000,0 days 00:20:53.724000,314.0,241.0,282.0,309.0,True,HARD,5.0,True,Mercedes,0 days 00:19:46.520000,,1,,False,,False,True
2023-09,FP1,0 days 00:22:58.540000,HAM,44,0 days 00:02:04.816000,6.0,1.0,,,0 days 00:00:28.744000,0 days 00:01:06.042000,0 days 00:00:30.030000,0 days 00:21:22.468000,0 days 00:22:28.510000,0 days 00:22:58.540000,140.0,113.0,280.0,109.0,False,HARD,6.0,True,Mercedes,0 days 00:20:53.724000,,1,,False,,False,True
2023-09,FP1,0 days 00:24:30.578000,HAM,44,0 days 00:01:32.038000,7.0,1.0,,,0 days 00:00:16.739000,0 days 00:00:47.104000,0 days 00:00:28.195000,0 days 00:23:15.279000,0 days 00:24:02.383000,0 days 00:24:30.578000,313.0,138.0,282.0,124.0,False,HARD,7.0,True,Mercedes,0 days 00:22:58.540000,,1,,False,,False,True
2023-09,FP1,0 days 00:25:37.320000,HAM,44,0 days 00:01:06.742000,8.0,1.0,,,0 days 00:00:16.778000,0 days 00:00:29.828000,0 days 00:00:20.136000,0 days 00:24:47.356000,0 days 00:25:17.184000,0 days 00:25:37.320000,315.0,242.0,282.0,313.0,True,HARD,8.0,True,Mercedes,0 days 00:24:30.578000,,1,,False,,False,True
2023-09,FP1,0 days 00:27:36.936000,HAM,44,0 days 00:01:59.616000,9.0,1.0,,0 days 00:27:33.537000,0 days 00:00:21.267000,0 days 00:00:57.517000,0 days 00:00:40.832000,0 days 00:25:58.587000,0 days 00:26:56.104000,0 days 00:27:36.936000,153.0,109.0,,124.0,False,HARD,9.0,True,Mercedes,0 days 00:25:37.320000,,1,,False,,False,False
2023-09,FP1,0 days 00:29:44.009000,HAM,44,0 days 00:02:07.073000,10.0,2.0,0 days 00:27:59.896000,,0 days 00:00:52.239000,0 days 00:00:48.646000,0 days 00:00:26.188000,0 days 00:28:29.175000,0 days 00:29:17.821000,0 days 00:29:44.009000,147.0,148.0,284.0,258.0,False,HARD,10.0,False,Mercedes,0 days 00:27:36.936000,,1,,False,,False,False
2023-09,FP1,0 days 00:31:16.867000,HAM,44,0 days 00:01:32.858000,11.0,2.0,,,0 days 00:00:16.567000,0 days 00:00:46.918000,0 days 00:00:29.373000,0 days 00:30:00.576000,0 days 00:30:47.494000,0 days 00:31:16.867000,318.0,101.0,284.0,180.0,False,HARD,11.0,False,Mercedes,0 days 00:29:44.009000,,1,,False,,False,True
2023-09,FP1,0 days 00:32:46.174000,HAM,44,0 days 00:01:29.307000,12.0,2.0,,,0 days 00:00:16.612000,0 days 00:00:43.759000,0 days 00:00:28.936000,0 days 00:31:33.479000,0 days 00:32:17.238000,0 days 00:32:46.174000,319.0,134.0,284.0,213.0,False,HARD,12.0,False,Mercedes,0 days 00:31:16.867000,,1,,False,,False,True
2023-09,FP1,0 days 00:33:52.590000,HAM,44,0 days 00:01:06.416000,13.0,2.0,,,0 days 00:00:16.584000,0 days 00:00:29.865000,0 days 00:00:19.967000,0 days 00:33:02.758000,0 days 00:33:32.623000,0 days 00:33:52.590000,317.0,242.0,284.0,314.0,True,HARD,13.0,False,Mercedes,0 days 00:32:46.174000,,1,,False,,False,True
2023-09,FP1,0 days 00:35:23.083000,HAM,44,0 days 00:01:30.493000,14.0,2.0,,0 days 00:35:19.763000,0 days 00:00:23.125000,0 days 00:00:39.247000,0 days 00:00:28.121000,0 days 00:34:15.715000,0 days 00:34:54.962000,0 days 00:35:23.083000,211.0,180.0,,207.0,False,HARD,14.0,False,Mercedes,0 days 00:33:52.590000,,1,,False,,False,False
2023-09,FP1,0 days 00:43:26.206000,HAM,44,,15.0,3.0,0 days 00:42:16.224000,,,0 days 00:00:31.578000,0 days 00:00:21.191000,,0 days 00:43:05.114000,0 days 00:43:26.270000,291.0,231.0,273.0,307.0,False,HARD,15.0,False,Mercedes,0 days 00:35:23.083000,,1,,False,,False,False
2023-09,FP1,0 days 00:44:35.955000,HAM,44,0 days 00:01:09.749000,16.0,3.0,,,0 days 00:00:17.465000,0 days 00:00:31.282000,0 days 00:00:21.002000,0 days 00:43:43.671000,0 days 00:44:14.953000,0 days 00:44:35.955000,290.0,231.0,272.0,288.0,False,HARD,16.0,False,Mercedes,0 days 00:43:26.206000,,1,,False,,False,True
2023-09,FP1,0 days 00:45:46.044000,HAM,44,0 days 00:01:10.089000,17.0,3.0,,,0 days 00:00:17.574000,0 days 00:00:31.400000,0 days 00:00:21.115000,0 days 00:44:53.529000,0 days 00:45:24.929000,0 days 00:45:46.044000,290.0,232.0,273.0,290.0,False,HARD,17.0,False,Mercedes,0 days 00:44:35.955000,,1,,False,,False,True
2023-09,FP1,0 days 00:46:56.790000,HAM,44,0 days 00:01:10.746000,18.0,3.0,,,0 days 00:00:17.521000,0 days 00:00:31.908000,0 days 00:00:21.317000,0 days 00:46:03.565000,0 days 00:46:35.473000,0 days 00:46:56.790000,297.0,229.0,274.0,298.0,False,HARD,18.0,False,Mercedes,0 days 00:45:46.044000,,1,,False,,False,True
2023-09,FP1,0 days 00:48:07.255000,HAM,44,0 days 00:01:10.465000,19.0,3.0,,,0 days 00:00:17.995000,0 days 00:00:31.495000,0 days 00:00:20.975000,0 days 00:47:14.785000,0 days 00:47:46.280000,0 days 00:48:07.255000,291.0,230.0,273.0,293.0,False,HARD,19.0,False,Mercedes,0 days 00:46:56.790000,,1,,False,,False,True
2023-09,FP1,0 days 00:49:17.431000,HAM,44,0 days 00:01:10.176000,20.0,3.0,,,0 days 00:00:17.690000,0 days 00:00:31.406000,0 days 00:00:21.080000,0 days 00:48:24.945000,0 days 00:48:56.351000,0 days 00:49:17.431000,297.0,228.0,271.0,298.0,False,HARD,20.0,False,Mercedes,0 days 00:48:07.255000,,1,,False,,False,True
2023-09,FP1,0 days 00:50:30.265000,HAM,44,0 days 00:01:12.834000,21.0,3.0,,,0 days 00:00:19.381000,0 days 00:00:31.941000,0 days 00:00:21.512000,0 days 00:49:36.812000,0 days 00:50:08.753000,0 days 00:50:30.265000,297.0,228.0,274.0,299.0,False,HARD,21.0,False,Mercedes,0 days 00:49:17.431000,,1,,False,,False,True
2023-09,FP1,0 days 00:51:40.667000,HAM,44,0 days 00:01:10.402000,22.0,3.0,,,0 days 00:00:17.620000,0 days 00:00:31.522000,0 days 00:00:21.260000,0 days 00:50:47.885000,0 days 00:51:19.407000,0 days 00:51:40.667000,297.0,229.0,273.0,294.0,False,HARD,22.0,False,Mercedes,0 days 00:50:30.265000,,1,,False,,False,True
2023-09,FP1,0 days 00:52:51.053000,HAM,44,0 days 00:01:10.386000,23.0,3.0,,,0 days 00:00:17.586000,0 days 00:00:31.544000,0 days 00:00:21.256000,0 days 00:51:58.253000,0 days 00:52:29.797000,0 days 00:52:51.053000,295.0,228.0,275.0,291.0,False,HARD,23.0,False,Mercedes,0 days 00:51:40.667000,,1,,False,,False,True
2023-09,FP1,0 days 00:54:01.803000,HAM,44,0 days 00:01:10.750000,24.0,3.0,,,0 days 00:00:17.682000,0 days 00:00:31.736000,0 days 00:00:21.332000,0 days 00:53:08.735000,0 days 00:53:40.471000,0 days 00:54:01.803000,302.0,226.0,271.0,291.0,False,HARD,24.0,False,Mercedes,0 days 00:52:51.053000,,1,,False,,False,True
2023-09,FP1,0 days 00:55:12.645000,HAM,44,0 days 00:01:10.842000,25.0,3.0,,,0 days 00:00:17.641000,0 days 00:00:31.924000,0 days 00:00:21.277000,0 days 00:54:19.444000,0 days 00:54:51.368000,0 days 00:55:12.645000,300.0,230.0,271.0,290.0,False,HARD,25.0,False,Mercedes,0 days 00:54:01.803000,,1,,False,,False,True
2023-09,FP1,0 days 00:56:27.584000,HAM,44,0 days 00:01:14.939000,26.0,3.0,,0 days 00:56:24.240000,0 days 00:00:17.680000,0 days 00:00:32.389000,0 days 00:00:24.870000,0 days 00:55:30.325000,0 days 00:56:02.714000,0 days 00:56:27.584000,294.0,219.0,,287.0,False,HARD,26.0,False,Mercedes,0 days 00:55:12.645000,,1,,False,,False,False
2023-09,FP1,0 days 01:03:33.615000,HAM,44,,27.0,4.0,0 days 01:02:13.187000,,,0 days 00:00:33.873000,0 days 00:00:27.869000,,0 days 01:03:05.967000,0 days 01:03:33.701000,297.0,209.0,282.0,293.0,False,HARD,27.0,False,Mercedes,0 days 00:56:27.584000,,1,,False,,False,False
2023-09,FP1,0 days 01:04:51.001000,HAM,44,0 days 00:01:17.386000,28.0,4.0,,0 days 01:04:47.731000,0 days 00:00:17.299000,0 days 00:00:35.293000,0 days 00:00:24.794000,0 days 01:03:50.914000,0 days 01:04:26.207000,0 days 01:04:51.001000,319.0,226.0,,275.0,False,HARD,28.0,False,Mercedes,0 days 01:03:33.615000,,1,,False,,False,False
2023-09,FP1,0 days 01:06:51.446000,HAM,44,0 days 00:02:00.445000,29.0,5.0,0 days 01:05:12.856000,,0 days 00:00:44.578000,0 days 00:00:41.436000,0 days 00:00:34.431000,0 days 01:05:35.579000,0 days 01:06:17.015000,0 days 01:06:51.446000,208.0,128.0,284.0,254.0,False,SOFT,1.0,True,Mercedes,0 days 01:04:51.001000,,1,,False,,False,False
2023-09,FP1,0 days 01:07:57.697000,HAM,44,0 days 00:01:06.251000,30.0,5.0,,,0 days 00:00:16.609000,0 days 00:00:29.628000,0 days 00:00:20.014000,0 days 01:07:08.055000,0 days 01:07:37.683000,0 days 01:07:57.697000,320.0,242.0,283.0,313.0,True,SOFT,2.0,True,Mercedes,0 days 01:06:51.446000,,1,,False,,False,True
2023-09,FP1,0 days 01:09:58.920000,HAM,44,0 days 00:02:01.223000,31.0,5.0,,0 days 01:09:55.476000,0 days 00:00:24.430000,0 days 00:00:55.557000,0 days 00:00:41.236000,0 days 01:08:22.127000,0 days 01:09:17.684000,0 days 01:09:58.920000,140.0,116.0,,138.0,False,SOFT,3.0,True,Mercedes,0 days 01:07:57.697000,,1,,False,,False,False
2023-09,FP1,0 days 01:15:10.901000,HAM,44,,32.0,6.0,0 days 01:13:46.628000,,,0 days 00:00:33.779000,0 days 00:00:22.196000,,0 days 01:14:48.892000,0 days 01:15:10.923000,241.0,224.0,260.0,273.0,False,HARD,29.0,False,Mercedes,0 days 01:09:58.920000,,1,,False,,False,False
2023-09,FP1,0 days 01:17:17.059000,HAM,44,0 days 00:02:06.158000,33.0,6.0,,,0 days 00:00:18.527000,0 days 00:00:52.685000,0 days 00:00:54.946000,0 days 01:15:29.428000,0 days 01:16:22.113000,0 days 01:17:17.059000,253.0,144.0,42.0,133.0,False,HARD,30.0,False,Mercedes,0 days 01:15:10.901000,,126,,False,,False,False
2023-09,FP1,0 days 01:19:41.387000,HAM,44,0 days 00:02:24.328000,34.0,6.0,,0 days 01:19:38.012000,0 days 00:00:41.526000,0 days 00:01:11.484000,0 days 00:00:31.318000,0 days 01:17:58.585000,0 days 01:19:10.069000,0 days 01:19:41.387000,300.0,171.0,,48.0,False,HARD,31.0,False,Mercedes,0 days 01:17:17.059000,,67,,False,,False,False
2023-09,FP1,0 days 00:16:42.323000,SAI,55,,1.0,1.0,0 days 00:15:23.128000,,,0 days 00:00:34.721000,0 days 00:00:23.942000,,0 days 00:16:18.533000,0 days 00:16:42.408000,291.0,216.0,270.0,293.0,False,HARD,1.0,True,Ferrari,0 days 00:15:23.128000,,1,,False,,False,False
2023-09,FP1,0 days 00:17:51.356000,SAI,55,0 days 00:01:09.033000,2.0,1.0,,,0 days 00:00:17.511000,0 days 00:00:30.834000,0 days 00:00:20.688000,0 days 00:16:59.834000,0 days 00:17:30.668000,0 days 00:17:51.356000,290.0,236.0,274.0,293.0,True,HARD,2.0,True,Ferrari,0 days 00:16:42.323000,,1,,False,,False,True
2023-09,FP1,0 days 00:19:00.500000,SAI,55,0 days 00:01:09.144000,3.0,1.0,,,0 days 00:00:17.682000,0 days 00:00:30.801000,0 days 00:00:20.661000,0 days 00:18:09.038000,0 days 00:18:39.839000,0 days 00:19:00.500000,283.0,232.0,277.0,288.0,False,HARD,3.0,True,Ferrari,0 days 00:17:51.356000,,1,,False,,False,True
2023-09,FP1,0 days 00:20:08.973000,SAI,55,0 days 00:01:08.473000,4.0,1.0,,,0 days 00:00:17.378000,0 days 00:00:30.524000,0 days 00:00:20.571000,0 days 00:19:17.878000,0 days 00:19:48.402000,0 days 00:20:08.973000,292.0,234.0,277.0,293.0,True,HARD,4.0,True,Ferrari,0 days 00:19:00.500000,,1,,False,,False,True
2023-09,FP1,0 days 00:21:17.848000,SAI,55,0 days 00:01:08.875000,5.0,1.0,,,0 days 00:00:17.620000,0 days 00:00:30.665000,0 days 00:00:20.590000,0 days 00:20:26.593000,0 days 00:20:57.258000,0 days 00:21:17.848000,286.0,231.0,276.0,289.0,False,HARD,5.0,True,Ferrari,0 days 00:20:08.973000,,1,,False,,False,True
2023-09,FP1,0 days 00:22:34.746000,SAI,55,0 days 00:01:16.898000,6.0,1.0,,,0 days 00:00:19.220000,0 days 00:00:33.836000,0 days 00:00:23.842000,0 days 00:21:37.068000,0 days 00:22:10.904000,0 days 00:22:34.746000,270.0,223.0,275.0,289.0,False,HARD,6.0,True,Ferrari,0 days 00:21:17.848000,,1,,False,,False,True
2023-09,FP1,0 days 00:23:44.023000,SAI,55,0 days 00:01:09.277000,7.0,1.0,,,0 days 00:00:17.400000,0 days 00:00:31.379000,0 days 00:00:20.498000,0 days 00:22:52.146000,0 days 00:23:23.525000,0 days 00:23:44.023000,295.0,235.0,277.0,296.0,False,HARD,7.0,True,Ferrari,0 days 00:22:34.746000,,1,,False,,False,True
2023-09,FP1,0 days 00:24:52.945000,SAI,55,0 days 00:01:08.922000,8.0,1.0,,,0 days 00:00:17.553000,0 days 00:00:30.786000,0 days 00:00:20.583000,0 days 00:24:01.576000,0 days 00:24:32.362000,0 days 00:24:52.945000,290.0,225.0,275.0,291.0,False,HARD,8.0,True,Ferrari,0 days 00:23:44.023000,,1,,False,,False,True
2023-09,FP1,0 days 00:26:32.569000,SAI,55,0 days 00:01:39.624000,9.0,1.0,,,0 days 00:00:17.477000,0 days 00:00:47.511000,0 days 00:00:34.636000,0 days 00:25:10.422000,0 days 00:25:57.933000,0 days 00:26:32.569000,293.0,85.0,276.0,153.0,False,HARD,9.0,True,Ferrari,0 days 00:24:52.945000,,1,,False,,False,True
2023-09,FP1,0 days 00:27:40.457000,SAI,55,0 days 00:01:07.888000,10.0,1.0,,,0 days 00:00:17.186000,0 days 00:00:30.388000,0 days 00:00:20.314000,0 days 00:26:49.755000,0 days 00:27:20.143000,0 days 00:27:40.457000,300.0,237.0,278.0,299.0,True,HARD,10.0,True,Ferrari,0 days 00:26:32.569000,,1,,False,,False,True
2023-09,FP1,0 days 00:29:13.744000,SAI,55,0 days 00:01:33.287000,11.0,1.0,,,0 days 00:00:24.028000,0 days 00:00:45.152000,0 days 00:00:24.107000,0 days 00:28:04.485000,0 days 00:28:49.637000,0 days 00:29:13.744000,191.0,164.0,280.0,168.0,False,HARD,11.0,True,Ferrari,0 days 00:27:40.457000,,1,,False,,False,True
2023-09,FP1,0 days 00:30:21.409000,SAI,55,0 days 00:01:07.665000,12.0,1.0,,,0 days 00:00:16.985000,0 days 00:00:30.370000,0 days 00:00:20.310000,0 days 00:29:30.729000,0 days 00:30:01.099000,0 days 00:30:21.409000,315.0,236.0,283.0,310.0,True,HARD,12.0,True,Ferrari,0 days 00:29:13.744000,,1,,False,,False,True
2023-09,FP1,0 days 00:31:49.870000,SAI,55,0 days 00:01:28.461000,13.0,1.0,,,0 days 00:00:23.205000,0 days 00:00:40.670000,0 days 00:00:24.586000,0 days 00:30:44.614000,0 days 00:31:25.284000,0 days 00:31:49.870000,222.0,174.0,281.0,219.0,False,HARD,13.0,True,Ferrari,0 days 00:30:21.409000,,1,,False,,False,True
2023-09,FP1,0 days 00:33:10.146000,SAI,55,0 days 00:01:20.276000,14.0,1.0,,,0 days 00:00:16.854000,0 days 00:00:39.956000,0 days 00:00:23.466000,0 days 00:32:06.724000,0 days 00:32:46.680000,0 days 00:33:10.146000,315.0,194.0,282.0,218.0,False,HARD,14.0,True,Ferrari,0 days 00:31:49.870000,,1,,False,,False,True
2023-09,FP1,0 days 00:34:26.536000,SAI,55,0 days 00:01:16.390000,15.0,1.0,,,0 days 00:00:16.806000,0 days 00:00:35.037000,0 days 00:00:24.547000,0 days 00:33:26.952000,0 days 00:34:01.989000,0 days 00:34:26.536000,316.0,171.0,282.0,314.0,False,HARD,15.0,True,Ferrari,0 days 00:33:10.146000,,1,,False,,False,True
2023-09,FP1,0 days 00:35:39.079000,SAI,55,0 days 00:01:12.543000,16.0,1.0,,0 days 00:35:35.653000,0 days 00:00:16.840000,0 days 00:00:30.392000,0 days 00:00:25.311000,0 days 00:34:43.376000,0 days 00:35:13.768000,0 days 00:35:39.079000,313.0,235.0,,312.0,False,HARD,16.0,True,Ferrari,0 days 00:34:26.536000,,1,,False,,False,False
2023-09,FP1,0 days 00:51:00.637000,SAI,55,,17.0,2.0,0 days 00:49:49.466000,,,0 days 00:00:31.820000,0 days 00:00:22.049000,,0 days 00:50:38.746000,0 days 00:51:00.668000,281.0,223.0,273.0,291.0,False,HARD,17.0,False,Ferrari,0 days 00:35:39.079000,,1,,False,,False,False
2023-09,FP1,0 days 00:52:09.917000,SAI,55,0 days 00:01:09.280000,18.0,2.0,,,0 days 00:00:17.448000,0 days 00:00:30.988000,0 days 00:00:20.844000,0 days 00:51:18.085000,0 days 00:51:49.073000,0 days 00:52:09.917000,296.0,233.0,274.0,297.0,False,HARD,18.0,False,Ferrari,0 days 00:51:00.637000,,1,,False,,False,True
2023-09,FP1,0 days 00:53:18.913000,SAI,55,0 days 00:01:08.996000,19.0,2.0,,,0 days 00:00:17.387000,0 days 00:00:30.867000,0 days 00:00:20.742000,0 days 00:52:27.304000,0 days 00:52:58.171000,0 days 00:53:18.913000,301.0,237.0,278.0,296.0,False,HARD,19.0,False,Ferrari,0 days 00:52:09.917000,,1,,False,,False,True
2023-09,FP1,0 days 00:54:46.520000,SAI,55,0 days 00:01:27.607000,20.0,2.0,,0 days 00:54:42.914000,0 days 00:00:21.987000,0 days 00:00:38.399000,0 days 00:00:27.221000,0 days 00:53:40.900000,0 days 00:54:19.299000,0 days 00:54:46.520000,252.0,211.0,,259.0,False,HARD,20.0,False,Ferrari,0 days 00:53:18.913000,,1,,False,,False,False
2023-09,FP1,0 days 00:56:32.093000,SAI,55,0 days 00:01:45.573000,21.0,3.0,0 days 00:55:14.663000,,0 days 00:00:48.481000,0 days 00:00:34.326000,0 days 00:00:22.766000,0 days 00:55:35.001000,0 days 00:56:09.327000,0 days 00:56:32.093000,254.0,222.0,263.0,276.0,False,HARD,21.0,False,Ferrari,0 days 00:54:46.520000,,1,,False,,False,False
2023-09,FP1,0 days 00:57:46.034000,SAI,55,0 days 00:01:13.941000,22.0,3.0,,,0 days 00:00:17.303000,0 days 00:00:34.607000,0 days 00:00:22.031000,0 days 00:56:49.396000,0 days 00:57:24.003000,0 days 00:57:46.034000,265.0,218.0,284.0,269.0,False,HARD,22.0,False,Ferrari,0 days 00:56:32.093000,,1,,False,,False,True
2023-09,FP1,0 days 00:58:54.683000,SAI,55,0 days 00:01:08.649000,23.0,3.0,,,0 days 00:00:16.852000,0 days 00:00:31.174000,0 days 00:00:20.623000,0 days 00:58:02.886000,0 days 00:58:34.060000,0 days 00:58:54.683000,318.0,233.0,281.0,310.0,False,HARD,23.0,False,Ferrari,0 days 00:57:46.034000,,1,,False,,False,True
2023-09,FP1,0 days 01:00:12.674000,SAI,55,0 days 00:01:17.991000,24.0,3.0,,0 days 01:00:09.205000,0 days 00:00:19.373000,0 days 00:00:32.728000,0 days 00:00:25.890000,0 days 00:59:14.056000,0 days 00:59:46.784000,0 days 01:00:12.674000,281.0,222.0,,287.0,False,HARD,24.0,False,Ferrari,0 days 00:58:54.683000,,1,,False,,False,False
2023-09,FP1,0 days 01:06:47.276000,SAI,55,,25.0,4.0,0 days 01:05:13.731000,,,0 days 00:00:43.491000,0 days 00:00:28.032000,,0 days 01:06:19.386000,0 days 01:06:47.338000,204.0,177.0,286.0,258.0,False,SOFT,1.0,True,Ferrari,0 days 01:00:12.674000,,1,,False,,False,False
2023-09,FP1,0 days 01:07:53.259000,SAI,55,0 days 00:01:05.983000,26.0,4.0,,,0 days 00:00:16.515000,0 days 00:00:29.427000,0 days 00:00:20.041000,0 days 01:07:03.791000,0 days 01:07:33.218000,0 days 01:07:53.259000,322.0,245.0,276.0,315.0,True,SOFT,2.0,True,Ferrari,0 days 01:06:47.276000,,1,,False,,False,True
2023-09,FP1,0 days 01:09:44.181000,SAI,55,0 days 00:01:50.922000,27.0,4.0,,0 days 01:09:40.773000,0 days 00:00:28.897000,0 days 00:00:48.802000,0 days 00:00:33.223000,0 days 01:08:22.156000,0 days 01:09:10.958000,0 days 01:09:44.181000,177.0,120.0,,196.0,False,SOFT,3.0,True,Ferrari,0 days 01:07:53.259000,,1,,False,,False,False
2023-09,FP1,0 days 01:12:01.552000,SAI,55,0 days 00:02:17.371000,28.0,5.0,0 days 01:10:16.163000,,0 days 00:01:00.215000,0 days 00:00:45.924000,0 days 00:00:31.232000,0 days 01:10:44.396000,0 days 01:11:30.320000,0 days 01:12:01.552000,173.0,126.0,283.0,228.0,False,SOFT,4.0,False,Ferrari,0 days 01:09:44.181000,,1,,False,,False,False
2023-09,FP1,0 days 01:13:14.118000,SAI,55,0 days 00:01:12.566000,29.0,5.0,,,0 days 00:00:16.622000,0 days 00:00:29.737000,0 days 00:00:26.207000,0 days 01:12:18.174000,0 days 01:12:47.911000,0 days 01:13:14.118000,321.0,243.0,277.0,317.0,False,SOFT,5.0,False,Ferrari,0 days 01:12:01.552000,,1,,False,,False,True
2023-09,FP1,0 days 01:14:26.719000,SAI,55,0 days 00:01:12.601000,30.0,5.0,,,0 days 00:00:16.645000,0 days 00:00:32.692000,0 days 00:00:23.264000,0 days 01:13:30.763000,0 days 01:14:03.455000,0 days 01:14:26.719000,323.0,205.0,285.0,314.0,False,SOFT,6.0,False,Ferrari,0 days 01:13:14.118000,,1,,False,,False,True
2023-09,FP1,0 days 01:16:05.989000,SAI,55,0 days 00:01:39.270000,31.0,5.0,,,0 days 00:00:16.688000,0 days 00:00:39.179000,0 days 00:00:43.403000,0 days 01:14:43.407000,0 days 01:15:22.586000,0 days 01:16:05.989000,320.0,126.0,76.0,209.0,False,SOFT,7.0,False,Ferrari,0 days 01:14:26.719000,,126,,False,,False,False
2023-09,FP1,0 days 01:17:58.518000,SAI,55,0 days 00:01:52.529000,32.0,5.0,,0 days 01:17:55.061000,0 days 00:00:47.078000,0 days 00:00:33.647000,0 days 00:00:31.804000,0 days 01:16:53.067000,0 days 01:17:26.714000,0 days 01:17:58.518000,304.0,163.0,,284.0,False,SOFT,8.0,False,Ferrari,0 days 01:16:05.989000,,6,,False,,False,False
2023-09,FP1,0 days 00:15:53.107000,RUS,63,,1.0,1.0,0 days 00:14:37.941000,,,0 days 00:00:32.600000,0 days 00:00:23.037000,,0 days 00:15:30.190000,0 days 00:15:53.159000,294.0,228.0,280.0,286.0,False,HARD,1.0,True,Mercedes,0 days 00:14:37.941000,,1,,False,,False,False
2023-09,FP1,0 days 00:17:01.595000,RUS,63,0 days 00:01:08.488000,2.0,1.0,,,0 days 00:00:17.036000,0 days 00:00:30.665000,0 days 00:00:20.787000,0 days 00:16:10.143000,0 days 00:16:40.808000,0 days 00:17:01.595000,308.0,238.0,282.0,303.0,True,HARD,2.0,True,Mercedes,0 days 00:15:53.107000,,1,,False,,False,True
2023-09,FP1,0 days 00:18:09.963000,RUS,63,0 days 00:01:08.368000,3.0,1.0,,,0 days 00:00:17.071000,0 days 00:00:30.556000,0 days 00:00:20.741000,0 days 00:17:18.666000,0 days 00:17:49.222000,0 days 00:18:09.963000,314.0,236.0,282.0,307.0,True,HARD,3.0,True,Mercedes,0 days 00:17:01.595000,,1,,False,,False,True
2023-09,FP1,0 days 00:19:17.905000,RUS,63,0 days 00:01:07.942000,4.0,1.0,,,0 days 00:00:17.020000,0 days 00:00:30.425000,0 days 00:00:20.497000,0 days 00:18:26.983000,0 days 00:18:57.408000,0 days 00:19:17.905000,313.0,242.0,282.0,311.0,True,HARD,4.0,True,Mercedes,0 days 00:18:09.963000,,1,,False,,False,True
2023-09,FP1,0 days 00:20:56.948000,RUS,63,0 days 00:01:39.043000,5.0,1.0,,,0 days 00:00:20.530000,0 days 00:00:47.708000,0 days 00:00:30.805000,0 days 00:19:38.435000,0 days 00:20:26.143000,0 days 00:20:56.948000,228.0,103.0,283.0,155.0,False,HARD,5.0,True,Mercedes,0 days 00:19:17.905000,,1,,False,,False,True
2023-09,FP1,0 days 00:22:04.479000,RUS,63,0 days 00:01:07.531000,6.0,1.0,,,0 days 00:00:16.913000,0 days 00:00:30.171000,0 days 00:00:20.447000,0 days 00:21:13.861000,0 days 00:21:44.032000,0 days 00:22:04.479000,315.0,240.0,283.0,313.0,True,HARD,6.0,True,Mercedes,0 days 00:20:56.948000,,1,,False,,False,True
2023-09,FP1,0 days 00:23:43.008000,RUS,63,0 days 00:01:38.529000,7.0,1.0,,,0 days 00:00:23.140000,0 days 00:00:46.196000,0 days 00:00:29.193000,0 days 00:22:27.619000,0 days 00:23:13.815000,0 days 00:23:43.008000,175.0,147.0,216.0,245.0,False,HARD,7.0,True,Mercedes,0 days 00:22:04.479000,,1,,False,,False,True
2023-09,FP1,0 days 00:25:10.958000,RUS,63,0 days 00:01:27.950000,8.0,1.0,,,0 days 00:00:22.219000,0 days 00:00:41.238000,0 days 00:00:24.493000,0 days 00:24:05.227000,0 days 00:24:46.465000,0 days 00:25:10.958000,243.0,168.0,284.0,291.0,False,HARD,8.0,True,Mercedes,0 days 00:23:43.008000,,1,,False,,False,True
2023-09,FP1,0 days 00:26:18.491000,RUS,63,0 days 00:01:07.533000,9.0,1.0,,,0 days 00:00:16.749000,0 days 00:00:30.279000,0 days 00:00:20.505000,0 days 00:25:27.707000,0 days 00:25:57.986000,0 days 00:26:18.491000,317.0,244.0,283.0,314.0,False,HARD,9.0,True,Mercedes,0 days 00:25:10.958000,,1,,False,,False,True
2023-09,FP1,0 days 00:27:51.746000,RUS,63,0 days 00:01:33.255000,10.0,1.0,,0 days 00:27:48.302000,0 days 00:00:22.787000,0 days 00:00:42.078000,0 days 00:00:28.390000,0 days 00:26:41.278000,0 days 00:27:23.356000,0 days 00:27:51.746000,239.0,178.0,,239.0,False,HARD,10.0,True,Mercedes,0 days 00:26:18.491000,,1,,False,,False,False
2023-09,FP1,0 days 00:41:55.331000,RUS,63,,11.0,2.0,0 days 00:40:45.319000,,,0 days 00:00:31.687000,0 days 00:00:21.080000,,0 days 00:41:34.334000,0 days 00:41:55.349000,308.0,234.0,272.0,295.0,False,HARD,11.0,False,Mercedes,0 days 00:27:51.746000,,1,,False,,False,False
2023-09,FP1,0 days 00:43:05.034000,RUS,63,0 days 00:01:09.703000,12.0,2.0,,,0 days 00:00:17.469000,0 days 00:00:31.224000,0 days 00:00:21.010000,0 days 00:42:12.800000,0 days 00:42:44.024000,0 days 00:43:05.034000,293.0,232.0,273.0,289.0,False,HARD,12.0,False,Mercedes,0 days 00:41:55.331000,,1,,False,,False,True
2023-09,FP1,0 days 00:44:14.667000,RUS,63,0 days 00:01:09.633000,13.0,2.0,,,0 days 00:00:17.604000,0 days 00:00:31.116000,0 days 00:00:20.913000,0 days 00:43:22.638000,0 days 00:43:53.754000,0 days 00:44:14.667000,296.0,236.0,273.0,291.0,False,HARD,13.0,False,Mercedes,0 days 00:43:05.034000,,1,,False,,False,True
2023-09,FP1,0 days 00:45:24.234000,RUS,63,0 days 00:01:09.567000,14.0,2.0,,,0 days 00:00:17.534000,0 days 00:00:31.163000,0 days 00:00:20.870000,0 days 00:44:32.201000,0 days 00:45:03.364000,0 days 00:45:24.234000,298.0,235.0,272.0,294.0,False,HARD,14.0,False,Mercedes,0 days 00:44:14.667000,,1,,False,,False,True
2023-09,FP1,0 days 00:46:33.868000,RUS,63,0 days 00:01:09.634000,15.0,2.0,,,0 days 00:00:17.628000,0 days 00:00:31.225000,0 days 00:00:20.781000,0 days 00:45:41.862000,0 days 00:46:13.087000,0 days 00:46:33.868000,297.0,236.0,274.0,294.0,False,HARD,15.0,False,Mercedes,0 days 00:45:24.234000,,1,,False,,False,True
2023-09,FP1,0 days 00:47:43.550000,RUS,63,0 days 00:01:09.682000,16.0,2.0,,,0 days 00:00:17.600000,0 days 00:00:31.240000,0 days 00:00:20.842000,0 days 00:46:51.468000,0 days 00:47:22.708000,0 days 00:47:43.550000,294.0,234.0,273.0,295.0,False,HARD,16.0,False,Mercedes,0 days 00:46:33.868000,,1,,False,,False,True
2023-09,FP1,0 days 00:48:53.178000,RUS,63,0 days 00:01:09.628000,17.0,2.0,,,0 days 00:00:17.566000,0 days 00:00:31.170000,0 days 00:00:20.892000,0 days 00:48:01.116000,0 days 00:48:32.286000,0 days 00:48:53.178000,299.0,234.0,279.0,300.0,False,HARD,17.0,False,Mercedes,0 days 00:47:43.550000,,1,,False,,False,True
2023-09,FP1,0 days 00:50:02.925000,RUS,63,0 days 00:01:09.747000,18.0,2.0,,,0 days 00:00:17.108000,0 days 00:00:31.441000,0 days 00:00:21.198000,0 days 00:49:10.286000,0 days 00:49:41.727000,0 days 00:50:02.925000,313.0,232.0,275.0,299.0,False,HARD,18.0,False,Mercedes,0 days 00:48:53.178000,,1,,False,,False,True
2023-09,FP1,0 days 00:51:12.980000,RUS,63,0 days 00:01:10.055000,19.0,2.0,,,0 days 00:00:17.320000,0 days 00:00:31.396000,0 days 00:00:21.339000,0 days 00:50:20.245000,0 days 00:50:51.641000,0 days 00:51:12.980000,313.0,229.0,272.0,297.0,False,HARD,19.0,False,Mercedes,0 days 00:50:02.925000,,1,,False,,False,True
2023-09,FP1,0 days 00:52:23.315000,RUS,63,0 days 00:01:10.335000,20.0,2.0,,,0 days 00:00:17.537000,0 days 00:00:31.523000,0 days 00:00:21.275000,0 days 00:51:30.517000,0 days 00:52:02.040000,0 days 00:52:23.315000,303.0,231.0,275.0,298.0,False,HARD,20.0,False,Mercedes,0 days 00:51:12.980000,,1,,False,,False,True
2023-09,FP1,0 days 00:53:33.954000,RUS,63,0 days 00:01:10.639000,21.0,2.0,,,0 days 00:00:17.632000,0 days 00:00:31.704000,0 days 00:00:21.303000,0 days 00:52:40.947000,0 days 00:53:12.651000,0 days 00:53:33.954000,304.0,222.0,272.0,292.0,False,HARD,21.0,False,Mercedes,0 days 00:52:23.315000,,1,,False,,False,True
2023-09,FP1,0 days 00:54:53.819000,RUS,63,0 days 00:01:19.865000,22.0,2.0,,0 days 00:54:50.367000,0 days 00:00:17.674000,0 days 00:00:32.219000,0 days 00:00:29.972000,0 days 00:53:51.628000,0 days 00:54:23.847000,0 days 00:54:53.819000,298.0,203.0,,293.0,False,HARD,22.0,False,Mercedes,0 days 00:53:33.954000,,1,,False,,False,False
2023-09,FP1,0 days 01:03:47.723000,RUS,63,,23.0,3.0,0 days 01:02:29.249000,,,0 days 00:00:35.553000,0 days 00:00:24.285000,,0 days 01:03:23.545000,0 days 01:03:47.779000,294.0,207.0,284.0,293.0,False,SOFT,1.0,True,Mercedes,0 days 00:54:53.819000,,1,,False,,False,False
2023-09,FP1,0 days 01:04:54.419000,RUS,63,0 days 00:01:06.696000,24.0,3.0,,,0 days 00:00:16.639000,0 days 00:00:29.788000,0 days 00:00:20.269000,0 days 01:04:04.362000,0 days 01:04:34.150000,0 days 01:04:54.419000,320.0,238.0,283.0,314.0,True,SOFT,2.0,True,Mercedes,0 days 01:03:47.723000,,1,,False,,False,True
2023-09,FP1,0 days 01:06:28.088000,RUS,63,0 days 00:01:33.669000,25.0,3.0,,0 days 01:06:24.714000,0 days 00:00:21.152000,0 days 00:00:41.740000,0 days 00:00:30.777000,0 days 01:05:15.571000,0 days 01:05:57.311000,0 days 01:06:28.088000,221.0,173.0,,217.0,False,SOFT,3.0,True,Mercedes,0 days 01:04:54.419000,,1,,False,,False,False
2023-09,FP1,0 days 01:15:09.079000,RUS,63,,26.0,4.0,0 days 01:13:42.956000,,,0 days 00:00:38.932000,0 days 00:00:28.914000,,0 days 01:14:40.330000,0 days 01:15:09.079000,287.0,163.0,249.0,235.0,False,HARD,23.0,False,Mercedes,0 days 01:06:28.088000,,1,,False,,False,False
2023-09,FP1,0 days 01:17:10.087000,RUS,63,0 days 00:02:01.008000,27.0,4.0,,,0 days 00:00:20.949000,0 days 00:00:47.521000,0 days 00:00:52.538000,0 days 01:15:30.028000,0 days 01:16:17.549000,0 days 01:17:10.087000,281.0,154.0,43.0,188.0,False,HARD,24.0,False,Mercedes,0 days 01:15:09.079000,,126,,False,,False,False
2023-09,FP1,0 days 01:19:11.403000,RUS,63,0 days 00:02:01.316000,28.0,4.0,,0 days 01:19:07.935000,0 days 00:00:44.290000,0 days 00:00:37.724000,0 days 00:00:39.302000,0 days 01:17:54.377000,0 days 01:18:32.101000,0 days 01:19:11.403000,298.0,154.0,,284.0,False,HARD,25.0,False,Mercedes,0 days 01:17:10.087000,,6,,False,,False,False
2023-09,FP1,0 days 00:16:10.844000,BOT,77,,1.0,1.0,0 days 00:14:49.816000,,,0 days 00:00:36.254000,0 days 00:00:25.084000,,0 days 00:15:45.893000,0 days 00:16:10.940000,298.0,220.0,275.0,286.0,False,MEDIUM,1.0,True,Alfa Romeo,0 days 00:14:49.816000,,1,,False,,False,False
2023-09,FP1,0 days 00:17:19.235000,BOT,77,0 days 00:01:08.391000,2.0,1.0,,,0 days 00:00:17.146000,0 days 00:00:30.553000,0 days 00:00:20.692000,0 days 00:16:27.990000,0 days 00:16:58.543000,0 days 00:17:19.235000,307.0,236.0,279.0,306.0,True,MEDIUM,2.0,True,Alfa Romeo,0 days 00:16:10.844000,,1,,False,,False,True
2023-09,FP1,0 days 00:19:03.971000,BOT,77,0 days 00:01:44.736000,3.0,1.0,,,0 days 00:00:23.937000,0 days 00:00:46.944000,0 days 00:00:33.855000,0 days 00:17:43.172000,0 days 00:18:30.116000,0 days 00:19:03.971000,166.0,195.0,280.0,172.0,False,MEDIUM,3.0,True,Alfa Romeo,0 days 00:17:19.235000,,1,,False,,False,True
2023-09,FP1,0 days 00:20:12.028000,BOT,77,0 days 00:01:08.057000,4.0,1.0,,,0 days 00:00:17.087000,0 days 00:00:30.302000,0 days 00:00:20.668000,0 days 00:19:21.058000,0 days 00:19:51.360000,0 days 00:20:12.028000,313.0,238.0,280.0,312.0,True,MEDIUM,4.0,True,Alfa Romeo,0 days 00:19:03.971000,,1,,False,,False,True
2023-09,FP1,0 days 00:21:35.795000,BOT,77,0 days 00:01:23.767000,5.0,1.0,,,0 days 00:00:20.864000,0 days 00:00:38.588000,0 days 00:00:24.315000,0 days 00:20:32.892000,0 days 00:21:11.480000,0 days 00:21:35.795000,255.0,199.0,278.0,262.0,False,MEDIUM,5.0,True,Alfa Romeo,0 days 00:20:12.028000,,1,,False,,False,True
2023-09,FP1,0 days 00:23:02.467000,BOT,77,0 days 00:01:26.672000,6.0,1.0,,,0 days 00:00:22.474000,0 days 00:00:39.589000,0 days 00:00:24.609000,0 days 00:21:58.269000,0 days 00:22:37.858000,0 days 00:23:02.467000,265.0,193.0,278.0,146.0,False,MEDIUM,6.0,True,Alfa Romeo,0 days 00:21:35.795000,,1,,False,,False,True
2023-09,FP1,0 days 00:24:10.115000,BOT,77,0 days 00:01:07.648000,7.0,1.0,,,0 days 00:00:16.982000,0 days 00:00:30.218000,0 days 00:00:20.448000,0 days 00:23:19.449000,0 days 00:23:49.667000,0 days 00:24:10.115000,315.0,238.0,281.0,311.0,True,MEDIUM,7.0,True,Alfa Romeo,0 days 00:23:02.467000,,1,,False,,False,True
2023-09,FP1,0 days 00:25:48.353000,BOT,77,0 days 00:01:38.238000,8.0,1.0,,,0 days 00:00:20.527000,0 days 00:00:49.756000,0 days 00:00:27.955000,0 days 00:24:30.642000,0 days 00:25:20.398000,0 days 00:25:48.353000,254.0,199.0,279.0,96.0,False,MEDIUM,8.0,True,Alfa Romeo,0 days 00:24:10.115000,,1,,False,,False,True
2023-09,FP1,0 days 00:26:55.623000,BOT,77,0 days 00:01:07.270000,9.0,1.0,,,0 days 00:00:16.924000,0 days 00:00:30.084000,0 days 00:00:20.262000,0 days 00:26:05.277000,0 days 00:26:35.361000,0 days 00:26:55.623000,315.0,239.0,280.0,311.0,True,MEDIUM,9.0,True,Alfa Romeo,0 days 00:25:48.353000,,1,,False,,False,True
2023-09,FP1,0 days 00:28:20.779000,BOT,77,0 days 00:01:25.156000,10.0,1.0,,0 days 00:28:17.348000,0 days 00:00:20.678000,0 days 00:00:35.709000,0 days 00:00:28.769000,0 days 00:27:16.301000,0 days 00:27:52.010000,0 days 00:28:20.779000,260.0,89.0,,271.0,False,MEDIUM,10.0,True,Alfa Romeo,0 days 00:26:55.623000,,1,,False,,False,False
2023-09,FP1,0 days 00:37:36.120000,BOT,77,,11.0,2.0,0 days 00:36:23.465000,,,0 days 00:00:32.595000,0 days 00:00:22.233000,,0 days 00:37:13.979000,0 days 00:37:36.167000,282.0,219.0,267.0,286.0,False,MEDIUM,11.0,False,Alfa Romeo,0 days 00:28:20.779000,,1,,False,,False,False
2023-09,FP1,0 days 00:38:46.260000,BOT,77,0 days 00:01:10.140000,12.0,2.0,,,0 days 00:00:17.885000,0 days 00:00:31.144000,0 days 00:00:21.111000,0 days 00:37:54.005000,0 days 00:38:25.149000,0 days 00:38:46.260000,286.0,228.0,270.0,290.0,False,MEDIUM,12.0,False,Alfa Romeo,0 days 00:37:36.120000,,1,,False,,False,True
2023-09,FP1,0 days 00:39:57.083000,BOT,77,0 days 00:01:10.823000,13.0,2.0,,,0 days 00:00:17.878000,0 days 00:00:31.392000,0 days 00:00:21.553000,0 days 00:39:04.138000,0 days 00:39:35.530000,0 days 00:39:57.083000,283.0,221.0,271.0,288.0,False,MEDIUM,13.0,False,Alfa Romeo,0 days 00:38:46.260000,,1,,False,,False,True
2023-09,FP1,0 days 00:41:07.648000,BOT,77,0 days 00:01:10.565000,14.0,2.0,,,0 days 00:00:17.758000,0 days 00:00:31.431000,0 days 00:00:21.376000,0 days 00:40:14.841000,0 days 00:40:46.272000,0 days 00:41:07.648000,289.0,224.0,268.0,290.0,False,MEDIUM,14.0,False,Alfa Romeo,0 days 00:39:57.083000,,1,,False,,False,True
2023-09,FP1,0 days 00:42:18.390000,BOT,77,0 days 00:01:10.742000,15.0,2.0,,,0 days 00:00:17.874000,0 days 00:00:31.543000,0 days 00:00:21.325000,0 days 00:41:25.522000,0 days 00:41:57.065000,0 days 00:42:18.390000,285.0,223.0,269.0,287.0,False,MEDIUM,15.0,False,Alfa Romeo,0 days 00:41:07.648000,,1,,False,,False,True
2023-09,FP1,0 days 00:43:29.235000,BOT,77,0 days 00:01:10.845000,16.0,2.0,,,0 days 00:00:17.795000,0 days 00:00:31.603000,0 days 00:00:21.447000,0 days 00:42:36.185000,0 days 00:43:07.788000,0 days 00:43:29.235000,290.0,227.0,270.0,291.0,False,MEDIUM,16.0,False,Alfa Romeo,0 days 00:42:18.390000,,1,,False,,False,True
2023-09,FP1,0 days 00:44:43.336000,BOT,77,0 days 00:01:14.101000,17.0,2.0,,,0 days 00:00:17.816000,0 days 00:00:34.376000,0 days 00:00:21.909000,0 days 00:43:47.051000,0 days 00:44:21.427000,0 days 00:44:43.336000,288.0,221.0,271.0,283.0,False,MEDIUM,17.0,False,Alfa Romeo,0 days 00:43:29.235000,,1,,False,,False,True
2023-09,FP1,0 days 00:46:04.036000,BOT,77,0 days 00:01:20.700000,18.0,2.0,,,0 days 00:00:17.747000,0 days 00:00:38.658000,0 days 00:00:24.295000,0 days 00:45:01.083000,0 days 00:45:39.741000,0 days 00:46:04.036000,295.0,220.0,271.0,271.0,False,MEDIUM,18.0,False,Alfa Romeo,0 days 00:44:43.336000,,1,,False,,False,True
2023-09,FP1,0 days 00:47:14.947000,BOT,77,0 days 00:01:10.911000,19.0,2.0,,,0 days 00:00:17.699000,0 days 00:00:31.884000,0 days 00:00:21.328000,0 days 00:46:21.735000,0 days 00:46:53.619000,0 days 00:47:14.947000,300.0,229.0,271.0,303.0,False,MEDIUM,19.0,False,Alfa Romeo,0 days 00:46:04.036000,,1,,False,,False,True
2023-09,FP1,0 days 00:48:29.553000,BOT,77,0 days 00:01:14.606000,20.0,2.0,,,0 days 00:00:17.857000,0 days 00:00:34.330000,0 days 00:00:22.419000,0 days 00:47:32.804000,0 days 00:48:07.134000,0 days 00:48:29.553000,296.0,216.0,269.0,300.0,False,MEDIUM,20.0,False,Alfa Romeo,0 days 00:47:14.947000,,1,,False,,False,True
2023-09,FP1,0 days 00:49:49.944000,BOT,77,0 days 00:01:20.391000,21.0,2.0,,0 days 00:49:46.529000,0 days 00:00:18.080000,0 days 00:00:36.123000,0 days 00:00:26.188000,0 days 00:48:47.633000,0 days 00:49:23.756000,0 days 00:49:49.944000,297.0,189.0,,295.0,False,MEDIUM,21.0,False,Alfa Romeo,0 days 00:48:29.553000,,1,,False,,False,False
2023-09,FP1,0 days 00:51:36.902000,BOT,77,0 days 00:01:46.958000,22.0,3.0,0 days 00:50:09.731000,0 days 00:51:33.448000,0 days 00:00:43.786000,0 days 00:00:36.336000,0 days 00:00:26.836000,0 days 00:50:33.730000,0 days 00:51:10.066000,0 days 00:51:36.902000,192.0,215.0,,280.0,False,MEDIUM,22.0,False,Alfa Romeo,0 days 00:49:49.944000,,1,,False,,False,False
2023-09,FP1,0 days 01:03:37.215000,BOT,77,,23.0,4.0,0 days 01:02:17.547000,,,0 days 00:00:35.698000,0 days 00:00:24.310000,,0 days 01:03:13.123000,0 days 01:03:37.295000,287.0,212.0,284.0,282.0,False,SOFT,1.0,True,Alfa Romeo,0 days 00:51:36.902000,,1,,False,,False,False
2023-09,FP1,0 days 01:05:03.570000,BOT,77,0 days 00:01:26.355000,24.0,4.0,,,0 days 00:00:16.735000,0 days 00:00:35.341000,0 days 00:00:34.279000,0 days 01:03:53.950000,0 days 01:04:29.291000,0 days 01:05:03.570000,321.0,200.0,251.0,313.0,False,SOFT,2.0,True,Alfa Romeo,0 days 01:03:37.215000,,1,,False,,False,True
2023-09,FP1,0 days 01:06:32.798000,BOT,77,0 days 00:01:29.228000,25.0,4.0,,,0 days 00:00:22.772000,0 days 00:00:44.248000,0 days 00:00:22.208000,0 days 01:05:26.342000,0 days 01:06:10.590000,0 days 01:06:32.798000,258.0,216.0,283.0,157.0,False,SOFT,3.0,True,Alfa Romeo,0 days 01:05:03.570000,,1,,False,,False,True
2023-09,FP1,0 days 01:07:39.727000,BOT,77,0 days 00:01:06.929000,26.0,4.0,,,0 days 00:00:16.752000,0 days 00:00:29.940000,0 days 00:00:20.237000,0 days 01:06:49.550000,0 days 01:07:19.490000,0 days 01:07:39.727000,320.0,240.0,280.0,312.0,True,SOFT,4.0,True,Alfa Romeo,0 days 01:06:32.798000,,1,,False,,False,True
2023-09,FP1,0 days 01:09:24.806000,BOT,77,0 days 00:01:45.079000,27.0,4.0,,0 days 01:09:21.367000,0 days 00:00:24.198000,0 days 00:00:43.004000,0 days 00:00:37.877000,0 days 01:08:03.925000,0 days 01:08:46.929000,0 days 01:09:24.806000,160.0,158.0,,213.0,False,SOFT,5.0,True,Alfa Romeo,0 days 01:07:39.727000,,1,,False,,False,False
2023-09,FP1,0 days 01:11:25.677000,BOT,77,0 days 00:02:00.871000,28.0,5.0,0 days 01:09:49.288000,,0 days 00:00:50.805000,0 days 00:00:46.944000,0 days 00:00:23.122000,0 days 01:10:15.611000,0 days 01:11:02.555000,0 days 01:11:25.677000,216.0,196.0,283.0,163.0,False,SOFT,6.0,False,Alfa Romeo,0 days 01:09:24.806000,,1,,False,,False,False
2023-09,FP1,0 days 01:12:51.343000,BOT,77,0 days 00:01:25.666000,29.0,5.0,,,0 days 00:00:16.810000,0 days 00:00:42.472000,0 days 00:00:26.384000,0 days 01:11:42.487000,0 days 01:12:24.959000,0 days 01:12:51.343000,318.0,111.0,284.0,196.0,False,SOFT,7.0,False,Alfa Romeo,0 days 01:11:25.677000,,1,,False,,False,True
2023-09,FP1,0 days 01:13:58.190000,BOT,77,0 days 00:01:06.847000,30.0,5.0,,,0 days 00:00:16.722000,0 days 00:00:29.927000,0 days 00:00:20.198000,0 days 01:13:08.065000,0 days 01:13:37.992000,0 days 01:13:58.190000,319.0,238.0,281.0,315.0,True,SOFT,8.0,False,Alfa Romeo,0 days 01:12:51.343000,,1,,False,,False,True
2023-09,FP1,0 days 01:15:21.873000,BOT,77,0 days 00:01:23.683000,31.0,5.0,,,0 days 00:00:22.549000,0 days 00:00:38.014000,0 days 00:00:23.120000,0 days 01:14:20.739000,0 days 01:14:58.753000,0 days 01:15:21.873000,172.0,210.0,250.0,267.0,False,SOFT,9.0,False,Alfa Romeo,0 days 01:13:58.190000,,1,,False,,False,True
2023-09,FP1,0 days 01:17:40.011000,BOT,77,0 days 00:02:18.138000,32.0,5.0,,,0 days 00:00:19.921000,0 days 00:00:48.074000,0 days 00:01:10.143000,0 days 01:15:41.794000,0 days 01:16:29.868000,0 days 01:17:40.011000,270.0,138.0,6.0,145.0,False,SOFT,10.0,False,Alfa Romeo,0 days 01:15:21.873000,,126,,False,,False,False
2023-09,FP1,0 days 01:19:15.464000,BOT,77,0 days 00:01:35.453000,33.0,5.0,,0 days 01:19:12.106000,0 days 00:00:19.968000,0 days 00:00:34.522000,0 days 00:00:40.963000,0 days 01:17:59.979000,0 days 01:18:34.501000,0 days 01:19:15.464000,304.0,152.0,,301.0,False,SOFT,11.0,False,Alfa Romeo,0 days 01:17:40.011000,,6,,False,,False,False
2023-09,FP1,0 days 00:16:36.750000,PIA,81,,1.0,1.0,0 days 00:15:15.581000,,,0 days 00:00:35.737000,0 days 00:00:23.750000,,0 days 00:16:13.143000,0 days 00:16:36.923000,271.0,211.0,278.0,289.0,False,MEDIUM,1.0,True,McLaren,0 days 00:15:15.581000,,1,,False,,False,False
2023-09,FP1,0 days 00:17:46.064000,PIA,81,0 days 00:01:09.314000,2.0,1.0,,,0 days 00:00:17.393000,0 days 00:00:30.961000,0 days 00:00:20.960000,0 days 00:16:54.143000,0 days 00:17:25.104000,0 days 00:17:46.064000,301.0,233.0,279.0,300.0,True,MEDIUM,2.0,True,McLaren,0 days 00:16:36.750000,,1,,False,,False,True
2023-09,FP1,0 days 00:18:54.744000,PIA,81,0 days 00:01:08.680000,3.0,1.0,,,0 days 00:00:17.197000,0 days 00:00:30.580000,0 days 00:00:20.903000,0 days 00:18:03.261000,0 days 00:18:33.841000,0 days 00:18:54.744000,309.0,240.0,279.0,308.0,True,MEDIUM,3.0,True,McLaren,0 days 00:17:46.064000,,1,,False,,False,True
2023-09,FP1,0 days 00:20:38.940000,PIA,81,0 days 00:01:44.196000,4.0,1.0,,,0 days 00:00:21.338000,0 days 00:00:52.743000,0 days 00:00:30.115000,0 days 00:19:16.082000,0 days 00:20:08.825000,0 days 00:20:38.940000,136.0,159.0,281.0,177.0,False,MEDIUM,4.0,True,McLaren,0 days 00:18:54.744000,,1,,False,,False,True
2023-09,FP1,0 days 00:21:47.367000,PIA,81,0 days 00:01:08.427000,5.0,1.0,,,0 days 00:00:17.120000,0 days 00:00:30.598000,0 days 00:00:20.709000,0 days 00:20:56.060000,0 days 00:21:26.658000,0 days 00:21:47.367000,310.0,225.0,279.0,308.0,True,MEDIUM,5.0,True,McLaren,0 days 00:20:38.940000,,1,,False,,False,True
2023-09,FP1,0 days 00:23:34.014000,PIA,81,0 days 00:01:46.647000,6.0,1.0,,,0 days 00:00:24.510000,0 days 00:00:53.181000,0 days 00:00:28.956000,0 days 00:22:11.877000,0 days 00:23:05.058000,0 days 00:23:34.014000,189.0,134.0,282.0,150.0,False,MEDIUM,6.0,True,McLaren,0 days 00:21:47.367000,,1,,False,,False,True
2023-09,FP1,0 days 00:24:41.993000,PIA,81,0 days 00:01:07.979000,7.0,1.0,,,0 days 00:00:17.004000,0 days 00:00:30.396000,0 days 00:00:20.579000,0 days 00:23:51.018000,0 days 00:24:21.414000,0 days 00:24:41.993000,314.0,237.0,280.0,310.0,True,MEDIUM,7.0,True,McLaren,0 days 00:23:34.014000,,1,,False,,False,True
2023-09,FP1,0 days 00:26:20.029000,PIA,81,0 days 00:01:38.036000,8.0,1.0,,0 days 00:26:16.632000,0 days 00:00:24.923000,0 days 00:00:45.566000,0 days 00:00:27.547000,0 days 00:25:06.916000,0 days 00:25:52.482000,0 days 00:26:20.029000,149.0,184.0,,148.0,False,MEDIUM,8.0,True,McLaren,0 days 00:24:41.993000,,1,,False,,False,False
2023-09,FP1,0 days 00:27:54.844000,PIA,81,0 days 00:01:34.815000,9.0,2.0,0 days 00:26:39.710000,,0 days 00:00:37.220000,0 days 00:00:34.689000,0 days 00:00:22.906000,0 days 00:26:57.249000,0 days 00:27:31.938000,0 days 00:27:54.844000,284.0,216.0,280.0,280.0,False,MEDIUM,9.0,False,McLaren,0 days 00:26:20.029000,,1,,False,,False,False
2023-09,FP1,0 days 00:29:03.023000,PIA,81,0 days 00:01:08.179000,10.0,2.0,,,0 days 00:00:17.027000,0 days 00:00:30.471000,0 days 00:00:20.681000,0 days 00:28:11.871000,0 days 00:28:42.342000,0 days 00:29:03.023000,315.0,235.0,277.0,307.0,False,MEDIUM,10.0,False,McLaren,0 days 00:27:54.844000,,1,,False,,False,True
2023-09,FP1,0 days 00:30:12.037000,PIA,81,0 days 00:01:09.014000,11.0,2.0,,,0 days 00:00:17.281000,0 days 00:00:31.072000,0 days 00:00:20.661000,0 days 00:29:20.304000,0 days 00:29:51.376000,0 days 00:30:12.037000,307.0,234.0,273.0,288.0,False,MEDIUM,11.0,False,McLaren,0 days 00:29:03.023000,,1,,False,,False,True
2023-09,FP1,0 days 00:31:21.750000,PIA,81,0 days 00:01:09.713000,12.0,2.0,,,0 days 00:00:17.686000,0 days 00:00:31.350000,0 days 00:00:20.677000,0 days 00:30:29.723000,0 days 00:31:01.073000,0 days 00:31:21.750000,290.0,237.0,273.0,286.0,False,MEDIUM,12.0,False,McLaren,0 days 00:30:12.037000,,1,,False,,False,True
2023-09,FP1,0 days 00:32:31.098000,PIA,81,0 days 00:01:09.348000,13.0,2.0,,,0 days 00:00:17.634000,0 days 00:00:31.085000,0 days 00:00:20.629000,0 days 00:31:39.384000,0 days 00:32:10.469000,0 days 00:32:31.098000,299.0,237.0,273.0,293.0,False,MEDIUM,13.0,False,McLaren,0 days 00:31:21.750000,,1,,False,,False,True
2023-09,FP1,0 days 00:33:41.020000,PIA,81,0 days 00:01:09.922000,14.0,2.0,,,0 days 00:00:17.761000,0 days 00:00:31.443000,0 days 00:00:20.718000,0 days 00:32:48.859000,0 days 00:33:20.302000,0 days 00:33:41.020000,292.0,232.0,273.0,287.0,False,MEDIUM,14.0,False,McLaren,0 days 00:32:31.098000,,1,,False,,False,True
2023-09,FP1,0 days 00:34:50.926000,PIA,81,0 days 00:01:09.906000,15.0,2.0,,,0 days 00:00:17.819000,0 days 00:00:31.288000,0 days 00:00:20.799000,0 days 00:33:58.839000,0 days 00:34:30.127000,0 days 00:34:50.926000,296.0,234.0,273.0,297.0,False,MEDIUM,15.0,False,McLaren,0 days 00:33:41.020000,,1,,False,,False,True
2023-09,FP1,0 days 00:36:04.718000,PIA,81,0 days 00:01:13.792000,16.0,2.0,,0 days 00:36:01.324000,0 days 00:00:17.729000,0 days 00:00:31.462000,0 days 00:00:24.601000,0 days 00:35:08.655000,0 days 00:35:40.117000,0 days 00:36:04.718000,292.0,226.0,,290.0,False,MEDIUM,16.0,False,McLaren,0 days 00:34:50.926000,,1,,False,,False,False
2023-09,FP1,0 days 00:45:43.997000,PIA,81,,17.0,3.0,0 days 00:44:06.941000,,,0 days 00:00:43.246000,0 days 00:00:30.822000,,0 days 00:45:13.283000,0 days 00:45:44.017000,188.0,101.0,279.0,278.0,False,MEDIUM,17.0,False,McLaren,0 days 00:36:04.718000,,1,,False,,False,False
2023-09,FP1,0 days 00:46:53.311000,PIA,81,0 days 00:01:09.314000,18.0,3.0,,,0 days 00:00:17.175000,0 days 00:00:31.266000,0 days 00:00:20.873000,0 days 00:46:01.172000,0 days 00:46:32.438000,0 days 00:46:53.311000,311.0,236.0,277.0,311.0,False,MEDIUM,18.0,False,McLaren,0 days 00:45:43.997000,,1,,False,,False,True
2023-09,FP1,0 days 00:48:20.889000,PIA,81,0 days 00:01:27.578000,19.0,3.0,,0 days 00:48:17.405000,0 days 00:00:23.232000,0 days 00:00:39.188000,0 days 00:00:25.158000,0 days 00:47:16.543000,0 days 00:47:55.731000,0 days 00:48:20.889000,241.0,217.0,,219.0,False,MEDIUM,19.0,False,McLaren,0 days 00:46:53.311000,,1,,False,,False,False
2023-09,FP1,0 days 00:55:27.447000,PIA,81,,20.0,4.0,0 days 00:54:05.711000,,,0 days 00:00:36.089000,0 days 00:00:24.380000,,0 days 00:55:03.226000,0 days 00:55:27.522000,291.0,211.0,282.0,284.0,False,SOFT,1.0,True,McLaren,0 days 00:48:20.889000,,1,,False,,False,False
2023-09,FP1,0 days 00:56:34.256000,PIA,81,0 days 00:01:06.809000,21.0,4.0,,,0 days 00:00:16.751000,0 days 00:00:29.875000,0 days 00:00:20.183000,0 days 00:55:44.198000,0 days 00:56:14.073000,0 days 00:56:34.256000,315.0,242.0,280.0,311.0,True,SOFT,2.0,True,McLaren,0 days 00:55:27.447000,,1,,False,,False,True
2023-09,FP1,0 days 00:58:09.745000,PIA,81,0 days 00:01:35.489000,22.0,4.0,,0 days 00:58:06.316000,0 days 00:00:19.945000,0 days 00:00:44.166000,0 days 00:00:31.378000,0 days 00:56:54.201000,0 days 00:57:38.367000,0 days 00:58:09.745000,222.0,153.0,,240.0,False,SOFT,3.0,True,McLaren,0 days 00:56:34.256000,,1,,False,,False,False
2023-09,FP1,0 days 01:00:10.966000,PIA,81,0 days 00:02:01.221000,23.0,5.0,0 days 00:58:32.035000,,0 days 00:00:42.955000,0 days 00:00:44.811000,0 days 00:00:33.455000,0 days 00:58:52.700000,0 days 00:59:37.511000,0 days 01:00:10.966000,252.0,146.0,280.0,225.0,False,SOFT,4.0,False,McLaren,0 days 00:58:09.745000,,1,,False,,False,False
2023-09,FP1,0 days 01:01:18.353000,PIA,81,0 days 00:01:07.387000,24.0,5.0,,,0 days 00:00:16.947000,0 days 00:00:30.192000,0 days 00:00:20.248000,0 days 01:00:27.913000,0 days 01:00:58.105000,0 days 01:01:18.353000,314.0,241.0,279.0,305.0,False,SOFT,5.0,False,McLaren,0 days 01:00:10.966000,,1,,False,,False,True
2023-09,FP1,0 days 01:03:04.637000,PIA,81,0 days 00:01:46.284000,25.0,5.0,,,0 days 00:00:23.868000,0 days 00:00:52.538000,0 days 00:00:29.878000,0 days 01:01:42.221000,0 days 01:02:34.759000,0 days 01:03:04.637000,161.0,174.0,281.0,123.0,False,SOFT,6.0,False,McLaren,0 days 01:01:18.353000,,1,,False,,False,True
2023-09,FP1,0 days 01:04:11.665000,PIA,81,0 days 00:01:07.028000,26.0,5.0,,,0 days 00:00:16.906000,0 days 00:00:29.905000,0 days 00:00:20.217000,0 days 01:03:21.543000,0 days 01:03:51.448000,0 days 01:04:11.665000,315.0,238.0,280.0,308.0,False,SOFT,7.0,False,McLaren,0 days 01:03:04.637000,,1,,False,,False,True
2023-09,FP1,0 days 01:05:55.228000,PIA,81,0 days 00:01:43.563000,27.0,5.0,,,0 days 00:00:25.258000,0 days 00:00:49.054000,0 days 00:00:29.251000,0 days 01:04:36.923000,0 days 01:05:25.977000,0 days 01:05:55.228000,142.0,126.0,281.0,186.0,False,SOFT,8.0,False,McLaren,0 days 01:04:11.665000,,1,,False,,False,True
2023-09,FP1,0 days 01:07:02.213000,PIA,81,0 days 00:01:06.985000,28.0,5.0,,,0 days 00:00:16.906000,0 days 00:00:29.914000,0 days 00:00:20.165000,0 days 01:06:12.134000,0 days 01:06:42.048000,0 days 01:07:02.213000,315.0,238.0,282.0,308.0,False,SOFT,9.0,False,McLaren,0 days 01:05:55.228000,,1,,False,,False,True
2023-09,FP1,0 days 01:08:49.343000,PIA,81,0 days 00:01:47.130000,29.0,5.0,,,0 days 00:00:24.490000,0 days 00:00:51.676000,0 days 00:00:30.964000,0 days 01:07:26.703000,0 days 01:08:18.379000,0 days 01:08:49.343000,147.0,120.0,280.0,152.0,False,SOFT,10.0,False,McLaren,0 days 01:07:02.213000,,1,,False,,False,True
2023-09,FP1,0 days 01:09:56.457000,PIA,81,0 days 00:01:07.114000,30.0,5.0,,,0 days 00:00:17.028000,0 days 00:00:29.991000,0 days 00:00:20.095000,0 days 01:09:06.371000,0 days 01:09:36.362000,0 days 01:09:56.457000,314.0,236.0,279.0,308.0,False,SOFT,11.0,False,McLaren,0 days 01:08:49.343000,,1,,False,,False,True
2023-09,FP1,0 days 01:11:11.941000,PIA,81,0 days 00:01:15.484000,31.0,5.0,,0 days 01:11:08.490000,0 days 00:00:18.315000,0 days 00:00:33.027000,0 days 00:00:24.142000,0 days 01:10:14.772000,0 days 01:10:47.799000,0 days 01:11:11.941000,279.0,225.0,,274.0,False,SOFT,12.0,False,McLaren,0 days 01:09:56.457000,,1,,False,,False,False
2023-09,FP1,0 days 01:12:45.838000,PIA,81,0 days 00:01:33.897000,32.0,6.0,0 days 01:11:35.349000,,0 days 00:00:40.403000,0 days 00:00:31.670000,0 days 00:00:21.824000,0 days 01:11:52.344000,0 days 01:12:24.014000,0 days 01:12:45.838000,296.0,232.0,271.0,294.0,False,MEDIUM,20.0,False,McLaren,0 days 01:11:11.941000,,1,,False,,False,False
2023-09,FP1,0 days 01:13:55.041000,PIA,81,0 days 00:01:09.203000,33.0,6.0,,,0 days 00:00:17.659000,0 days 00:00:30.878000,0 days 00:00:20.666000,0 days 01:13:03.497000,0 days 01:13:34.375000,0 days 01:13:55.041000,298.0,236.0,272.0,296.0,False,MEDIUM,21.0,False,McLaren,0 days 01:12:45.838000,,1,,False,,False,True
2023-09,FP1,0 days 01:15:04.852000,PIA,81,0 days 00:01:09.811000,34.0,6.0,,,0 days 00:00:17.511000,0 days 00:00:31.244000,0 days 00:00:21.056000,0 days 01:14:12.552000,0 days 01:14:43.796000,0 days 01:15:04.852000,291.0,237.0,273.0,290.0,False,MEDIUM,22.0,False,McLaren,0 days 01:13:55.041000,,1,,False,,False,True
2023-09,FP1,0 days 01:17:01.258000,PIA,81,0 days 00:01:56.406000,35.0,6.0,,,0 days 00:00:21.550000,0 days 00:00:45.310000,0 days 00:00:49.546000,0 days 01:15:26.402000,0 days 01:16:11.712000,0 days 01:17:01.258000,252.0,166.0,51.0,237.0,False,MEDIUM,23.0,False,McLaren,0 days 01:15:04.852000,,126,,False,,False,False
2023-09,FP1,0 days 01:18:55.381000,PIA,81,0 days 00:01:54.123000,36.0,6.0,,0 days 01:18:51.966000,0 days 00:00:40.997000,0 days 00:00:40.114000,0 days 00:00:33.012000,0 days 01:17:42.255000,0 days 01:18:22.369000,0 days 01:18:55.381000,259.0,201.0,,219.0,False,MEDIUM,24.0,False,McLaren,0 days 01:17:01.258000,,6,,False,,False,False
