event_id,Session,Time,Driver,DriverNumber,LapTime,LapNumber,Stint,PitOutTime,PitInTime,Sector1Time,Sector2Time,Sector3Time,Sector1SessionTime,Sector2SessionTime,Sector3SessionTime,SpeedI1,SpeedI2,SpeedFL,SpeedST,IsPersonalBest,Compound,TyreLife,FreshTyre,Team,LapStartTime,LapStartDate,TrackStatus,Position,Deleted,DeletedReason,FastF1Generated,IsAccurate
2023-06,FP1,0 days 00:17:04.218000,VER,1,0 days 00:01:50.452000,1.0,1.0,0 days 00:15:14.404000,,0 days 00:00:27.367000,0 days 00:00:44.967000,0 days 00:00:38.118000,0 days 00:15:41.325000,0 days 00:16:26.262000,0 days 00:17:04.340000,175.0,164.0,257.0,269.0,False,HARD,1.0,True,Red Bull Racing,0 days 00:15:14.404000,,1,,False,,False,False
2023-06,FP1,0 days 00:18:26.280000,VER,1,0 days 00:01:22.062000,2.0,1.0,,,0 days 00:00:21.233000,0 days 00:00:37.058000,0 days 00:00:23.771000,0 days 00:17:25.451000,0 days 00:18:02.509000,0 days 00:18:26.280000,188.0,176.0,260.0,276.0,True,HARD,2.0,True,Red Bull Racing,0 days 00:17:04.218000,,1,,False,,False,True
2023-06,FP1,0 days 00:19:43.510000,VER,1,0 days 00:01:17.230000,3.0,1.0,,,0 days 00:00:20.526000,0 days 00:00:36.177000,0 days 00:00:20.527000,0 days 00:18:46.806000,0 days 00:19:22.983000,0 days 00:19:43.510000,195.0,180.0,262.0,277.0,True,HARD,3.0,True,Red Bull Racing,0 days 00:18:26.280000,,1,,False,,False,True
2023-06,FP1,0 days 00:21:29.125000,VER,1,0 days 00:01:45.615000,4.0,1.0,,,0 days 00:00:25.204000,0 days 00:00:52.734000,0 days 00:00:27.677000,0 days 00:20:08.714000,0 days 00:21:01.448000,0 days 00:21:29.125000,102.0,144.0,262.0,250.0,False,HARD,4.0,True,Red Bull Racing,0 days 00:19:43.510000,,12,,False,,False,True
2023-06,FP1,0 days 00:22:45.389000,VER,1,0 days 00:01:16.264000,5.0,1.0,,,0 days 00:00:20.135000,0 days 00:00:35.917000,0 days 00:00:20.212000,0 days 00:21:49.260000,0 days 00:22:25.177000,0 days 00:22:45.389000,203.0,186.0,263.0,277.0,True,HARD,5.0,True,Red Bull Racing,0 days 00:21:29.125000,,1,,False,,False,True
2023-06,FP1,0 days 00:24:01.185000,VER,1,0 days 00:01:15.796000,6.0,1.0,,,0 days 00:00:20.015000,0 days 00:00:35.791000,0 days 00:00:19.990000,0 days 00:23:05.404000,0 days 00:23:41.195000,0 days 00:24:01.185000,210.0,188.0,264.0,279.0,True,HARD,6.0,True,Red Bull Racing,0 days 00:22:45.389000,,1,,False,,False,True
2023-06,FP1,0 days 00:25:41.941000,VER,1,0 days 00:01:40.756000,7.0,1.0,,,0 days 00:00:24.147000,0 days 00:00:51.099000,0 days 00:00:25.510000,0 days 00:24:25.332000,0 days 00:25:16.431000,0 days 00:25:41.941000,140.0,142.0,265.0,226.0,False,HARD,7.0,True,Red Bull Racing,0 days 00:24:01.185000,,1,,False,,False,True
2023-06,FP1,0 days 00:26:57.427000,VER,1,0 days 00:01:15.486000,8.0,1.0,,,0 days 00:00:19.839000,0 days 00:00:35.546000,0 days 00:00:20.101000,0 days 00:26:01.780000,0 days 00:26:37.326000,0 days 00:26:57.427000,206.0,190.0,264.0,279.0,True,HARD,8.0,True,Red Bull Racing,0 days 00:25:41.941000,,1,,False,,False,True
2023-06,FP1,0 days 00:28:45.269000,VER,1,0 days 00:01:47.842000,9.0,1.0,,,0 days 00:00:22.826000,0 days 00:00:53.663000,0 days 00:00:31.353000,0 days 00:27:20.253000,0 days 00:28:13.916000,0 days 00:28:45.269000,94.0,81.0,265.0,258.0,False,HARD,9.0,True,Red Bull Racing,0 days 00:26:57.427000,,1,,False,,False,True
2023-06,FP1,0 days 00:30:00.215000,VER,1,0 days 00:01:14.946000,10.0,1.0,,,0 days 00:00:19.779000,0 days 00:00:35.435000,0 days 00:00:19.732000,0 days 00:29:05.048000,0 days 00:29:40.483000,0 days 00:30:00.215000,208.0,191.0,267.0,279.0,True,HARD,10.0,True,Red Bull Racing,0 days 00:28:45.269000,,1,,False,,False,True
2023-06,FP1,0 days 00:40:56.149000,VER,1,,11.0,1.0,,0 days 00:31:15.783000,0 days 00:00:22.295000,0 days 00:00:37.370000,,0 days 00:30:22.706000,0 days 00:31:00.096000,,182.0,169.0,,268.0,False,HARD,11.0,True,Red Bull Racing,0 days 00:30:00.215000,,1,,False,,False,False
2023-06,FP1,0 days 00:42:18.838000,VER,1,0 days 00:01:22.689000,12.0,2.0,0 days 00:40:56.746000,,0 days 00:00:24.991000,0 days 00:00:37.085000,0 days 00:00:20.613000,0 days 00:41:21.140000,0 days 00:41:58.225000,0 days 00:42:18.838000,188.0,181.0,265.0,261.0,False,MEDIUM,1.0,True,Red Bull Racing,0 days 00:40:56.149000,,1,,False,,False,False
2023-06,FP1,0 days 00:43:33.327000,VER,1,0 days 00:01:14.489000,13.0,2.0,,,0 days 00:00:19.542000,0 days 00:00:35.199000,0 days 00:00:19.748000,0 days 00:42:38.380000,0 days 00:43:13.579000,0 days 00:43:33.327000,212.0,193.0,265.0,276.0,True,MEDIUM,2.0,True,Red Bull Racing,0 days 00:42:18.838000,,1,,False,,False,True
2023-06,FP1,0 days 00:45:17.393000,VER,1,0 days 00:01:44.066000,14.0,2.0,,,0 days 00:00:28.824000,0 days 00:00:51.180000,0 days 00:00:24.062000,0 days 00:44:02.151000,0 days 00:44:53.331000,0 days 00:45:17.393000,125.0,135.0,264.0,167.0,False,MEDIUM,3.0,True,Red Bull Racing,0 days 00:43:33.327000,,1,,False,,False,True
2023-06,FP1,0 days 00:46:31.673000,VER,1,0 days 00:01:14.280000,15.0,2.0,,,0 days 00:00:19.558000,0 days 00:00:35.052000,0 days 00:00:19.670000,0 days 00:45:36.951000,0 days 00:46:12.003000,0 days 00:46:31.673000,211.0,186.0,266.0,276.0,True,MEDIUM,4.0,True,Red Bull Racing,0 days 00:45:17.393000,,1,,False,,False,True
2023-06,FP1,0 days 00:48:22.529000,VER,1,0 days 00:01:50.856000,16.0,2.0,,,0 days 00:00:26.567000,0 days 00:00:53.500000,0 days 00:00:30.789000,0 days 00:46:58.240000,0 days 00:47:51.740000,0 days 00:48:22.529000,118.0,116.0,265.0,186.0,False,MEDIUM,5.0,True,Red Bull Racing,0 days 00:46:31.673000,,1,,False,,False,True
2023-06,FP1,0 days 00:49:59.052000,VER,1,0 days 00:01:36.523000,17.0,2.0,,,0 days 00:00:19.558000,0 days 00:00:43.130000,0 days 00:00:33.835000,0 days 00:48:42.087000,0 days 00:49:25.217000,0 days 00:49:59.052000,212.0,117.0,152.0,278.0,False,MEDIUM,6.0,True,Red Bull Racing,0 days 00:48:22.529000,,12,,False,,False,True
2023-06,FP1,0 days 00:58:03.582000,VER,1,,18.0,2.0,,0 days 00:51:45.129000,0 days 00:00:29.794000,,,0 days 00:50:28.958000,,,127.0,,,,False,MEDIUM,7.0,True,Red Bull Racing,0 days 00:49:59.052000,,15,,False,,False,False
2023-06,FP1,0 days 00:59:35.964000,VER,1,0 days 00:01:32.382000,19.0,3.0,0 days 00:58:04.234000,,0 days 00:00:26.766000,0 days 00:00:41.517000,0 days 00:00:24.099000,0 days 00:58:30.348000,0 days 00:59:11.865000,0 days 00:59:35.964000,119.0,174.0,265.0,269.0,False,MEDIUM,8.0,False,Red Bull Racing,0 days 00:58:04.234000,,1,,False,,False,False
2023-06,FP1,0 days 01:00:54.210000,VER,1,0 days 00:01:18.246000,20.0,3.0,,,0 days 00:00:19.620000,0 days 00:00:35.685000,0 days 00:00:22.941000,0 days 00:59:55.584000,0 days 01:00:31.269000,0 days 01:00:54.210000,210.0,151.0,265.0,281.0,False,MEDIUM,9.0,False,Red Bull Racing,0 days 00:59:35.964000,,12,,False,,False,True
2023-06,FP1,0 days 01:02:31.244000,VER,1,0 days 00:01:37.034000,21.0,3.0,,,0 days 00:00:24.566000,0 days 00:00:48.874000,0 days 00:00:23.594000,0 days 01:01:18.776000,0 days 01:02:07.650000,0 days 01:02:31.244000,127.0,146.0,265.0,212.0,False,MEDIUM,10.0,False,Red Bull Racing,0 days 01:00:54.210000,,21,,False,,False,True
2023-06,FP1,0 days 01:03:57.198000,VER,1,0 days 00:01:25.954000,22.0,3.0,,,0 days 00:00:19.511000,0 days 00:00:34.928000,0 days 00:00:31.515000,0 days 01:02:50.755000,0 days 01:03:25.683000,0 days 01:03:57.198000,212.0,193.0,137.0,278.0,False,MEDIUM,11.0,False,Red Bull Racing,0 days 01:02:31.244000,,1,,False,,False,True
2023-06,FP1,0 days 01:05:43.031000,VER,1,0 days 00:01:45.833000,23.0,3.0,,,0 days 00:00:29.246000,0 days 00:00:48.007000,0 days 00:00:28.580000,0 days 01:04:26.444000,0 days 01:05:14.451000,0 days 01:05:43.031000,133.0,170.0,265.0,192.0,False,MEDIUM,12.0,False,Red Bull Racing,0 days 01:03:57.198000,,1,,False,,False,True
2023-06,FP1,0 days 01:06:57.275000,VER,1,0 days 00:01:14.244000,24.0,3.0,,,0 days 00:00:19.347000,0 days 00:00:34.982000,0 days 00:00:19.915000,0 days 01:06:02.378000,0 days 01:06:37.360000,0 days 01:06:57.275000,214.0,193.0,266.0,278.0,True,MEDIUM,13.0,False,Red Bull Racing,0 days 01:05:43.031000,,1,,False,,False,True
2023-06,FP1,0 days 01:08:49.096000,VER,1,0 days 00:01:51.821000,25.0,3.0,,,0 days 00:00:29.526000,0 days 00:00:51.365000,0 days 00:00:30.930000,0 days 01:07:26.801000,0 days 01:08:18.166000,0 days 01:08:49.096000,128.0,91.0,153.0,164.0,False,MEDIUM,14.0,False,Red Bull Racing,0 days 01:06:57.275000,,1,,False,,False,True
2023-06,FP1,0 days 01:10:31.694000,VER,1,,26.0,3.0,,0 days 01:10:31.694000,0 days 00:00:33.520000,0 days 00:00:48.006000,,0 days 01:09:22.820000,0 days 01:10:10.788000,,102.0,162.0,,252.0,False,MEDIUM,15.0,False,Red Bull Racing,0 days 01:08:49.096000,,125,,False,,False,False
2023-06,FP1,0 days 00:16:28.166000,SAR,2,0 days 00:01:44.985000,1.0,1.0,0 days 00:14:44.373000,,0 days 00:00:35.631000,0 days 00:00:43.933000,0 days 00:00:25.421000,0 days 00:15:18.982000,0 days 00:16:02.981000,0 days 00:16:28.262000,117.0,166.0,262.0,258.0,False,HARD,1.0,True,Williams,0 days 00:14:44.373000,,1,,False,,False,False
2023-06,FP1,0 days 00:17:50.353000,SAR,2,0 days 00:01:22.187000,2.0,1.0,,,0 days 00:00:21.792000,0 days 00:00:38.444000,0 days 00:00:21.951000,0 days 00:16:49.958000,0 days 00:17:28.402000,0 days 00:17:50.353000,172.0,178.0,260.0,276.0,True,HARD,2.0,True,Williams,0 days 00:16:28.166000,,1,,False,,False,True
2023-06,FP1,0 days 00:19:10.391000,SAR,2,0 days 00:01:20.038000,3.0,1.0,,,0 days 00:00:21.024000,0 days 00:00:37.522000,0 days 00:00:21.492000,0 days 00:18:11.377000,0 days 00:18:48.899000,0 days 00:19:10.391000,182.0,183.0,262.0,277.0,True,HARD,3.0,True,Williams,0 days 00:17:50.353000,,1,,False,,False,True
2023-06,FP1,0 days 00:20:28.591000,SAR,2,0 days 00:01:18.200000,4.0,1.0,,,0 days 00:00:20.608000,0 days 00:00:36.658000,0 days 00:00:20.934000,0 days 00:19:30.999000,0 days 00:20:07.657000,0 days 00:20:28.591000,190.0,184.0,263.0,277.0,True,HARD,4.0,True,Williams,0 days 00:19:10.391000,,1,,False,,False,True
2023-06,FP1,0 days 00:22:07.643000,SAR,2,0 days 00:01:39.052000,5.0,1.0,,,0 days 00:00:20.461000,0 days 00:00:50.439000,0 days 00:00:28.152000,0 days 00:20:49.052000,0 days 00:21:39.491000,0 days 00:22:07.643000,183.0,133.0,263.0,157.0,False,HARD,5.0,True,Williams,0 days 00:20:28.591000,,12,,False,,False,True
2023-06,FP1,0 days 00:23:25.880000,SAR,2,0 days 00:01:18.237000,6.0,1.0,,,0 days 00:00:20.425000,0 days 00:00:36.767000,0 days 00:00:21.045000,0 days 00:22:28.068000,0 days 00:23:04.835000,0 days 00:23:25.880000,187.0,188.0,262.0,278.0,False,HARD,6.0,True,Williams,0 days 00:22:07.643000,,1,,False,,False,True
2023-06,FP1,0 days 00:24:43.406000,SAR,2,0 days 00:01:17.526000,7.0,1.0,,,0 days 00:00:20.162000,0 days 00:00:36.673000,0 days 00:00:20.691000,0 days 00:23:46.042000,0 days 00:24:22.715000,0 days 00:24:43.406000,189.0,188.0,265.0,278.0,True,HARD,7.0,True,Williams,0 days 00:23:25.880000,,1,,False,,False,True
2023-06,FP1,0 days 00:26:41.136000,SAR,2,0 days 00:01:57.730000,8.0,1.0,,,0 days 00:00:32.803000,0 days 00:00:52.322000,0 days 00:00:32.605000,0 days 00:25:16.209000,0 days 00:26:08.531000,0 days 00:26:41.136000,83.0,74.0,263.0,186.0,False,HARD,8.0,True,Williams,0 days 00:24:43.406000,,1,,False,,False,True
2023-06,FP1,0 days 00:27:58.586000,SAR,2,0 days 00:01:17.450000,9.0,1.0,,,0 days 00:00:20.291000,0 days 00:00:36.456000,0 days 00:00:20.703000,0 days 00:27:01.427000,0 days 00:27:37.883000,0 days 00:27:58.586000,190.0,178.0,264.0,278.0,True,HARD,9.0,True,Williams,0 days 00:26:41.136000,,1,,False,,False,True
2023-06,FP1,0 days 00:29:15.988000,SAR,2,0 days 00:01:17.402000,10.0,1.0,,,0 days 00:00:20.075000,0 days 00:00:36.583000,0 days 00:00:20.744000,0 days 00:28:18.661000,0 days 00:28:55.244000,0 days 00:29:15.988000,193.0,188.0,264.0,277.0,True,HARD,10.0,True,Williams,0 days 00:27:58.586000,,1,,False,,False,True
2023-06,FP1,0 days 00:31:08.002000,SAR,2,0 days 00:01:52.014000,11.0,1.0,,,0 days 00:00:30.346000,0 days 00:00:50.837000,0 days 00:00:30.831000,0 days 00:29:46.334000,0 days 00:30:37.171000,0 days 00:31:08.002000,126.0,66.0,263.0,260.0,False,HARD,11.0,True,Williams,0 days 00:29:15.988000,,1,,False,,False,True
2023-06,FP1,0 days 00:32:25.515000,SAR,2,0 days 00:01:17.513000,12.0,1.0,,,0 days 00:00:20.359000,0 days 00:00:36.575000,0 days 00:00:20.579000,0 days 00:31:28.361000,0 days 00:32:04.936000,0 days 00:32:25.515000,191.0,188.0,265.0,278.0,False,HARD,12.0,True,Williams,0 days 00:31:08.002000,,1,,False,,False,True
2023-06,FP1,0 days 00:34:25.296000,SAR,2,0 days 00:01:59.781000,13.0,1.0,,,0 days 00:00:34.411000,0 days 00:00:55.637000,0 days 00:00:29.733000,0 days 00:32:59.926000,0 days 00:33:55.563000,0 days 00:34:25.296000,74.0,113.0,263.0,224.0,False,HARD,13.0,True,Williams,0 days 00:32:25.515000,,1,,False,,False,True
2023-06,FP1,0 days 00:35:43.044000,SAR,2,0 days 00:01:17.748000,14.0,1.0,,,0 days 00:00:20.063000,0 days 00:00:36.297000,0 days 00:00:21.388000,0 days 00:34:45.359000,0 days 00:35:21.656000,0 days 00:35:43.044000,196.0,188.0,266.0,278.0,False,HARD,14.0,True,Williams,0 days 00:34:25.296000,,1,,False,,False,True
2023-06,FP1,0 days 00:37:29.538000,SAR,2,0 days 00:01:46.494000,15.0,1.0,,0 days 00:37:02.686000,0 days 00:00:21.389000,0 days 00:00:42.590000,0 days 00:00:42.515000,0 days 00:36:04.433000,0 days 00:36:47.023000,0 days 00:37:29.538000,179.0,170.0,,159.0,False,HARD,15.0,True,Williams,0 days 00:35:43.044000,,1,,False,,False,False
2023-06,FP1,0 days 00:48:18.630000,SAR,2,,16.0,2.0,0 days 00:37:30.264000,0 days 00:39:55.090000,0 days 00:00:30.564000,0 days 00:01:23.288000,,0 days 00:38:00.294000,0 days 00:39:23.684000,,103.0,59.0,,63.0,False,MEDIUM,1.0,True,Williams,0 days 00:37:29.538000,,1,,False,,False,False
2023-06,FP1,0 days 00:49:51.771000,SAR,2,0 days 00:01:33.141000,17.0,3.0,0 days 00:48:19.241000,,0 days 00:00:29.240000,0 days 00:00:39.745000,0 days 00:00:24.156000,0 days 00:48:47.870000,0 days 00:49:27.615000,0 days 00:49:51.771000,152.0,174.0,263.0,274.0,False,MEDIUM,2.0,False,Williams,0 days 00:48:18.630000,,12,,False,,False,False
2023-06,FP1,0 days 00:54:42.822000,SAR,2,,18.0,3.0,,0 days 00:52:54.503000,0 days 00:00:19.983000,0 days 00:00:35.665000,,0 days 00:50:11.864000,0 days 00:50:47.551000,,200.0,191.0,,277.0,False,MEDIUM,3.0,False,Williams,0 days 00:49:51.771000,,15,,False,,False,False
2023-06,FP1,0 days 00:56:12.173000,SAR,2,0 days 00:01:29.351000,19.0,4.0,0 days 00:54:43.486000,,0 days 00:00:26.332000,0 days 00:00:39.471000,0 days 00:00:23.548000,0 days 00:55:09.154000,0 days 00:55:48.625000,0 days 00:56:12.173000,163.0,171.0,264.0,273.0,False,MEDIUM,4.0,False,Williams,0 days 00:54:43.486000,,1,,False,,False,False
2023-06,FP1,0 days 00:57:28.484000,SAR,2,0 days 00:01:16.311000,20.0,4.0,,,0 days 00:00:19.990000,0 days 00:00:35.821000,0 days 00:00:20.500000,0 days 00:56:32.163000,0 days 00:57:07.984000,0 days 00:57:28.484000,199.0,187.0,264.0,277.0,True,MEDIUM,5.0,False,Williams,0 days 00:56:12.173000,,1,,False,,False,True
2023-06,FP1,0 days 00:59:08.351000,SAR,2,0 days 00:01:39.867000,21.0,4.0,,,0 days 00:00:30.410000,0 days 00:00:44.750000,0 days 00:00:24.707000,0 days 00:57:58.894000,0 days 00:58:43.644000,0 days 00:59:08.351000,56.0,143.0,266.0,263.0,False,MEDIUM,6.0,False,Williams,0 days 00:57:28.484000,,1,,False,,False,True
2023-06,FP1,0 days 01:00:47.342000,SAR,2,0 days 00:01:38.991000,22.0,4.0,,,0 days 00:00:19.761000,0 days 00:00:47.279000,0 days 00:00:31.951000,0 days 00:59:28.112000,0 days 01:00:15.391000,0 days 01:00:47.342000,200.0,98.0,263.0,233.0,False,MEDIUM,7.0,False,Williams,0 days 00:59:08.351000,,1,,False,,False,True
2023-06,FP1,0 days 01:02:02.899000,SAR,2,0 days 00:01:15.557000,23.0,4.0,,,0 days 00:00:19.867000,0 days 00:00:35.538000,0 days 00:00:20.152000,0 days 01:01:07.209000,0 days 01:01:42.747000,0 days 01:02:02.899000,201.0,192.0,266.0,280.0,True,MEDIUM,8.0,False,Williams,0 days 01:00:47.342000,,12,,False,,False,True
2023-06,FP1,0 days 01:03:38.124000,SAR,2,0 days 00:01:35.225000,24.0,4.0,,,0 days 00:00:25.199000,0 days 00:00:45.719000,0 days 00:00:24.307000,0 days 01:02:28.098000,0 days 01:03:13.817000,0 days 01:03:38.124000,126.0,128.0,265.0,253.0,False,MEDIUM,9.0,False,Williams,0 days 01:02:02.899000,,1,,False,,False,True
2023-06,FP1,0 days 01:04:54.505000,SAR,2,0 days 00:01:16.381000,25.0,4.0,,,0 days 00:00:19.760000,0 days 00:00:35.768000,0 days 00:00:20.853000,0 days 01:03:57.884000,0 days 01:04:33.652000,0 days 01:04:54.505000,204.0,189.0,227.0,280.0,False,MEDIUM,10.0,False,Williams,0 days 01:03:38.124000,,1,,False,,False,True
2023-06,FP1,0 days 01:06:12.853000,SAR,2,0 days 00:01:18.348000,26.0,4.0,,,0 days 00:00:21.221000,0 days 00:00:36.347000,0 days 00:00:20.780000,0 days 01:05:15.726000,0 days 01:05:52.073000,0 days 01:06:12.853000,191.0,184.0,257.0,280.0,False,MEDIUM,11.0,False,Williams,0 days 01:04:54.505000,,1,,False,,False,True
2023-06,FP1,0 days 01:07:30.068000,SAR,2,0 days 00:01:17.215000,27.0,4.0,,,0 days 00:00:20.107000,0 days 00:00:36.466000,0 days 00:00:20.642000,0 days 01:06:32.960000,0 days 01:07:09.426000,0 days 01:07:30.068000,193.0,185.0,258.0,281.0,False,MEDIUM,12.0,False,Williams,0 days 01:06:12.853000,,1,,False,,False,True
2023-06,FP1,0 days 01:08:47.836000,SAR,2,0 days 00:01:17.768000,28.0,4.0,,,0 days 00:00:19.952000,0 days 00:00:36.891000,0 days 00:00:20.925000,0 days 01:07:50.020000,0 days 01:08:26.911000,0 days 01:08:47.836000,200.0,176.0,256.0,281.0,False,MEDIUM,13.0,False,Williams,0 days 01:07:30.068000,,1,,False,,False,True
2023-06,FP1,0 days 01:10:06.001000,SAR,2,0 days 00:01:18.165000,29.0,4.0,,,0 days 00:00:20.407000,0 days 00:00:37.018000,0 days 00:00:20.740000,0 days 01:09:08.243000,0 days 01:09:45.261000,0 days 01:10:06.001000,194.0,187.0,258.0,280.0,False,MEDIUM,14.0,False,Williams,0 days 01:08:47.836000,,12,,False,,False,True
2023-06,FP1,0 days 00:16:24.393000,NOR,4,0 days 00:01:42.643000,1.0,1.0,0 days 00:14:42.857000,,0 days 00:00:32.794000,0 days 00:00:41.180000,0 days 00:00:28.669000,0 days 00:15:14.763000,0 days 00:15:55.966000,0 days 00:16:24.512000,153.0,173.0,259.0,226.0,False,MEDIUM,1.0,True,McLaren,0 days 00:14:42.857000,,1,,False,,False,False
2023-06,FP1,0 days 00:17:43.011000,NOR,4,0 days 00:01:18.618000,2.0,1.0,,,0 days 00:00:21.106000,0 days 00:00:36.910000,0 days 00:00:20.602000,0 days 00:16:45.499000,0 days 00:17:22.409000,0 days 00:17:43.011000,187.0,187.0,263.0,275.0,True,MEDIUM,2.0,True,McLaren,0 days 00:16:24.393000,,1,,False,,False,True
2023-06,FP1,0 days 00:18:59.886000,NOR,4,0 days 00:01:16.875000,3.0,1.0,,,0 days 00:00:20.460000,0 days 00:00:36.198000,0 days 00:00:20.217000,0 days 00:18:03.471000,0 days 00:18:39.669000,0 days 00:18:59.886000,206.0,189.0,264.0,277.0,True,MEDIUM,3.0,True,McLaren,0 days 00:17:43.011000,,1,,False,,False,True
2023-06,FP1,0 days 00:20:27.283000,NOR,4,0 days 00:01:27.397000,4.0,1.0,,,0 days 00:00:23.725000,0 days 00:00:41.755000,0 days 00:00:21.917000,0 days 00:19:23.611000,0 days 00:20:05.366000,0 days 00:20:27.283000,148.0,163.0,263.0,237.0,False,MEDIUM,4.0,True,McLaren,0 days 00:18:59.886000,,1,,False,,False,True
2023-06,FP1,0 days 00:21:43.576000,NOR,4,0 days 00:01:16.293000,5.0,1.0,,,0 days 00:00:20.061000,0 days 00:00:36.151000,0 days 00:00:20.081000,0 days 00:20:47.344000,0 days 00:21:23.495000,0 days 00:21:43.576000,203.0,192.0,264.0,278.0,True,MEDIUM,5.0,True,McLaren,0 days 00:20:27.283000,,12,,False,,False,True
2023-06,FP1,0 days 00:23:31.522000,NOR,4,0 days 00:01:47.946000,6.0,1.0,,,0 days 00:00:25.769000,0 days 00:00:52.844000,0 days 00:00:29.333000,0 days 00:22:09.345000,0 days 00:23:02.189000,0 days 00:23:31.522000,88.0,165.0,262.0,185.0,False,MEDIUM,6.0,True,McLaren,0 days 00:21:43.576000,,1,,False,,False,True
2023-06,FP1,0 days 00:24:47.264000,NOR,4,0 days 00:01:15.742000,7.0,1.0,,,0 days 00:00:19.949000,0 days 00:00:35.862000,0 days 00:00:19.931000,0 days 00:23:51.471000,0 days 00:24:27.333000,0 days 00:24:47.264000,202.0,194.0,265.0,276.0,True,MEDIUM,7.0,True,McLaren,0 days 00:23:31.522000,,1,,False,,False,True
2023-06,FP1,0 days 00:26:32.205000,NOR,4,0 days 00:01:44.941000,8.0,1.0,,,0 days 00:00:26.657000,0 days 00:00:49.019000,0 days 00:00:29.265000,0 days 00:25:13.921000,0 days 00:26:02.940000,0 days 00:26:32.205000,76.0,117.0,262.0,224.0,False,MEDIUM,8.0,True,McLaren,0 days 00:24:47.264000,,1,,False,,False,True
2023-06,FP1,0 days 00:27:47.972000,NOR,4,0 days 00:01:15.767000,9.0,1.0,,,0 days 00:00:19.939000,0 days 00:00:35.909000,0 days 00:00:19.919000,0 days 00:26:52.144000,0 days 00:27:28.053000,0 days 00:27:47.972000,205.0,192.0,265.0,276.0,False,MEDIUM,9.0,True,McLaren,0 days 00:26:32.205000,,1,,False,,False,True
2023-06,FP1,0 days 00:38:05.977000,NOR,4,,10.0,1.0,,0 days 00:29:17.535000,0 days 00:00:28.169000,0 days 00:00:44.305000,,0 days 00:28:16.317000,0 days 00:29:00.660000,,164.0,162.0,,180.0,False,MEDIUM,10.0,True,McLaren,0 days 00:27:47.972000,,1,,False,,False,False
2023-06,FP1,0 days 00:39:34.390000,NOR,4,0 days 00:01:28.413000,11.0,2.0,0 days 00:38:06.685000,,0 days 00:00:26.571000,0 days 00:00:40.489000,0 days 00:00:21.353000,0 days 00:38:32.548000,0 days 00:39:13.037000,0 days 00:39:34.390000,151.0,183.0,264.0,221.0,False,MEDIUM,1.0,True,McLaren,0 days 00:38:05.977000,,1,,False,,False,False
2023-06,FP1,0 days 00:41:05.481000,NOR,4,0 days 00:01:31.091000,12.0,2.0,,,0 days 00:00:19.599000,0 days 00:00:48.638000,0 days 00:00:22.854000,0 days 00:39:53.989000,0 days 00:40:42.627000,0 days 00:41:05.481000,210.0,140.0,263.0,206.0,False,MEDIUM,2.0,True,McLaren,0 days 00:39:34.390000,,1,,False,,False,True
2023-06,FP1,0 days 00:42:19.948000,NOR,4,0 days 00:01:14.467000,13.0,2.0,,,0 days 00:00:19.594000,0 days 00:00:35.143000,0 days 00:00:19.730000,0 days 00:41:25.075000,0 days 00:42:00.218000,0 days 00:42:19.948000,212.0,191.0,264.0,275.0,True,MEDIUM,3.0,True,McLaren,0 days 00:41:05.481000,,1,,False,,False,True
2023-06,FP1,0 days 00:44:03.659000,NOR,4,0 days 00:01:43.711000,14.0,2.0,,,0 days 00:00:24.147000,0 days 00:00:47.522000,0 days 00:00:32.042000,0 days 00:42:44.095000,0 days 00:43:31.617000,0 days 00:44:03.659000,137.0,112.0,260.0,190.0,False,MEDIUM,4.0,True,McLaren,0 days 00:42:19.948000,,1,,False,,False,True
2023-06,FP1,0 days 00:45:41.258000,NOR,4,0 days 00:01:37.599000,15.0,2.0,,,0 days 00:00:19.772000,0 days 00:00:53.228000,0 days 00:00:24.599000,0 days 00:44:23.431000,0 days 00:45:16.659000,0 days 00:45:41.258000,209.0,152.0,262.0,152.0,False,MEDIUM,5.0,True,McLaren,0 days 00:44:03.659000,,1,,False,,False,True
2023-06,FP1,0 days 00:47:11.424000,NOR,4,0 days 00:01:30.166000,16.0,2.0,,,0 days 00:00:19.538000,0 days 00:00:48.544000,0 days 00:00:22.084000,0 days 00:46:00.796000,0 days 00:46:49.340000,0 days 00:47:11.424000,212.0,164.0,264.0,224.0,False,MEDIUM,6.0,True,McLaren,0 days 00:45:41.258000,,1,,False,,False,True
2023-06,FP1,0 days 00:48:43.238000,NOR,4,0 days 00:01:31.814000,17.0,2.0,,,0 days 00:00:20.978000,0 days 00:00:44.463000,0 days 00:00:26.373000,0 days 00:47:32.402000,0 days 00:48:16.865000,0 days 00:48:43.238000,208.0,115.0,263.0,259.0,False,MEDIUM,7.0,True,McLaren,0 days 00:47:11.424000,,1,,False,,False,True
2023-06,FP1,0 days 01:01:34.917000,NOR,4,,18.0,2.0,,0 days 00:49:58.161000,0 days 00:00:19.630000,0 days 00:00:37.660000,,0 days 00:49:03.084000,0 days 00:49:40.740000,,211.0,163.0,,276.0,False,MEDIUM,8.0,True,McLaren,0 days 00:48:43.238000,,125,,False,,False,False
2023-06,FP1,0 days 01:03:19.558000,NOR,4,0 days 00:01:44.641000,19.0,3.0,0 days 01:01:35.544000,0 days 01:02:52.246000,0 days 00:00:24.443000,0 days 00:00:37.397000,0 days 00:00:42.801000,0 days 01:01:59.360000,0 days 01:02:36.757000,0 days 01:03:19.558000,187.0,186.0,,274.0,False,MEDIUM,9.0,False,McLaren,0 days 01:01:35.544000,,1,,False,,False,False
2023-06,FP1,0 days 01:04:46.207000,NOR,4,0 days 00:01:26.649000,20.0,4.0,0 days 01:03:20.105000,,0 days 00:00:24.901000,0 days 00:00:36.583000,0 days 00:00:25.165000,0 days 01:03:44.459000,0 days 01:04:21.042000,0 days 01:04:46.207000,197.0,187.0,256.0,274.0,False,MEDIUM,10.0,False,McLaren,0 days 01:03:19.558000,,1,,False,,False,False
2023-06,FP1,0 days 01:06:02.853000,NOR,4,0 days 00:01:16.646000,21.0,4.0,,,0 days 00:00:20.310000,0 days 00:00:36.021000,0 days 00:00:20.315000,0 days 01:05:06.517000,0 days 01:05:42.538000,0 days 01:06:02.853000,206.0,190.0,254.0,273.0,False,MEDIUM,11.0,False,McLaren,0 days 01:04:46.207000,,1,,False,,False,True
2023-06,FP1,0 days 01:07:19.359000,NOR,4,0 days 00:01:16.506000,22.0,4.0,,,0 days 00:00:20.155000,0 days 00:00:35.913000,0 days 00:00:20.438000,0 days 01:06:23.008000,0 days 01:06:58.921000,0 days 01:07:19.359000,206.0,187.0,254.0,275.0,False,MEDIUM,12.0,False,McLaren,0 days 01:06:02.853000,,1,,False,,False,True
2023-06,FP1,0 days 01:08:35.701000,NOR,4,0 days 00:01:16.342000,23.0,4.0,,,0 days 00:00:20.157000,0 days 00:00:36.006000,0 days 00:00:20.179000,0 days 01:07:39.516000,0 days 01:08:15.522000,0 days 01:08:35.701000,199.0,191.0,252.0,274.0,False,MEDIUM,13.0,False,McLaren,0 days 01:07:19.359000,,1,,False,,False,True
2023-06,FP1,0 days 01:09:51.864000,NOR,4,0 days 00:01:16.163000,24.0,4.0,,,0 days 00:00:20.035000,0 days 00:00:35.725000,0 days 00:00:20.403000,0 days 01:08:55.736000,0 days 01:09:31.461000,0 days 01:09:51.864000,206.0,189.0,256.0,274.0,False,MEDIUM,14.0,False,McLaren,0 days 01:08:35.701000,,1,,False,,False,True
2023-06,FP1,0 days 00:16:53.934000,GAS,10,0 days 00:01:51.609000,1.0,1.0,0 days 00:15:03.326000,,0 days 00:00:33.707000,0 days 00:00:46.531000,0 days 00:00:31.371000,0 days 00:15:36.216000,0 days 00:16:22.762000,0 days 00:16:54.028000,141.0,130.0,255.0,234.0,False,HARD,1.0,True,Alpine,0 days 00:15:03.326000,,1,,False,,False,False
2023-06,FP1,0 days 00:18:15.940000,GAS,10,0 days 00:01:22.006000,2.0,1.0,,,0 days 00:00:22.221000,0 days 00:00:38.115000,0 days 00:00:21.670000,0 days 00:17:16.155000,0 days 00:17:54.270000,0 days 00:18:15.940000,174.0,173.0,260.0,271.0,True,HARD,2.0,True,Alpine,0 days 00:16:53.934000,,1,,False,,False,True
2023-06,FP1,0 days 00:19:34.775000,GAS,10,0 days 00:01:18.835000,3.0,1.0,,,0 days 00:00:21.141000,0 days 00:00:36.856000,0 days 00:00:20.838000,0 days 00:18:37.081000,0 days 00:19:13.937000,0 days 00:19:34.775000,185.0,181.0,261.0,271.0,True,HARD,3.0,True,Alpine,0 days 00:18:15.940000,,1,,False,,False,True
2023-06,FP1,0 days 00:20:52.022000,GAS,10,0 days 00:01:17.247000,4.0,1.0,,,0 days 00:00:20.611000,0 days 00:00:36.138000,0 days 00:00:20.498000,0 days 00:19:55.386000,0 days 00:20:31.524000,0 days 00:20:52.022000,192.0,185.0,259.0,275.0,True,HARD,4.0,True,Alpine,0 days 00:19:34.775000,,12,,False,,False,True
2023-06,FP1,0 days 00:22:08.868000,GAS,10,0 days 00:01:16.846000,5.0,1.0,,,0 days 00:00:20.431000,0 days 00:00:36.031000,0 days 00:00:20.384000,0 days 00:21:12.453000,0 days 00:21:48.484000,0 days 00:22:08.868000,188.0,184.0,261.0,274.0,True,HARD,5.0,True,Alpine,0 days 00:20:52.022000,,1,,False,,False,True
2023-06,FP1,0 days 00:23:43.688000,GAS,10,0 days 00:01:34.820000,6.0,1.0,,,0 days 00:00:24.950000,0 days 00:00:46.090000,0 days 00:00:23.780000,0 days 00:22:33.818000,0 days 00:23:19.908000,0 days 00:23:43.688000,124.0,145.0,260.0,253.0,False,HARD,6.0,True,Alpine,0 days 00:22:08.868000,,1,,False,,False,True
2023-06,FP1,0 days 00:25:03.416000,GAS,10,0 days 00:01:19.728000,7.0,1.0,,,0 days 00:00:20.405000,0 days 00:00:36.010000,0 days 00:00:23.313000,0 days 00:24:04.093000,0 days 00:24:40.103000,0 days 00:25:03.416000,195.0,189.0,260.0,274.0,False,HARD,7.0,True,Alpine,0 days 00:23:43.688000,,1,,False,,False,True
2023-06,FP1,0 days 00:26:51.095000,GAS,10,0 days 00:01:47.679000,8.0,1.0,,,0 days 00:00:23.323000,0 days 00:00:50.595000,0 days 00:00:33.761000,0 days 00:25:26.739000,0 days 00:26:17.334000,0 days 00:26:51.095000,78.0,130.0,247.0,198.0,False,HARD,8.0,True,Alpine,0 days 00:25:03.416000,,1,,False,,False,True
2023-06,FP1,0 days 00:28:10.383000,GAS,10,0 days 00:01:19.288000,9.0,1.0,,,0 days 00:00:21.162000,0 days 00:00:36.634000,0 days 00:00:21.492000,0 days 00:27:12.257000,0 days 00:27:48.891000,0 days 00:28:10.383000,191.0,185.0,260.0,274.0,False,HARD,9.0,True,Alpine,0 days 00:26:51.095000,,1,,False,,False,True
2023-06,FP1,0 days 00:29:27.833000,GAS,10,0 days 00:01:17.450000,10.0,1.0,,,0 days 00:00:20.363000,0 days 00:00:35.895000,0 days 00:00:21.192000,0 days 00:28:30.746000,0 days 00:29:06.641000,0 days 00:29:27.833000,202.0,190.0,261.0,275.0,False,HARD,10.0,True,Alpine,0 days 00:28:10.383000,,1,,False,,False,True
2023-06,FP1,0 days 00:30:44.499000,GAS,10,0 days 00:01:16.666000,11.0,1.0,,,0 days 00:00:20.323000,0 days 00:00:35.942000,0 days 00:00:20.401000,0 days 00:29:48.156000,0 days 00:30:24.098000,0 days 00:30:44.499000,200.0,188.0,261.0,275.0,True,HARD,11.0,True,Alpine,0 days 00:29:27.833000,,1,,False,,False,True
2023-06,FP1,0 days 00:32:22.115000,GAS,10,0 days 00:01:37.616000,12.0,1.0,,,0 days 00:00:27.029000,0 days 00:00:44.521000,0 days 00:00:26.066000,0 days 00:31:11.528000,0 days 00:31:56.049000,0 days 00:32:22.115000,108.0,120.0,260.0,208.0,False,HARD,12.0,True,Alpine,0 days 00:30:44.499000,,1,,False,,False,True
2023-06,FP1,0 days 00:33:47.467000,GAS,10,0 days 00:01:25.352000,13.0,1.0,,,0 days 00:00:20.772000,0 days 00:00:39.201000,0 days 00:00:25.379000,0 days 00:32:42.887000,0 days 00:33:22.088000,0 days 00:33:47.467000,185.0,145.0,260.0,274.0,False,HARD,13.0,True,Alpine,0 days 00:32:22.115000,,1,,False,,False,True
2023-06,FP1,0 days 00:35:03.427000,GAS,10,0 days 00:01:15.960000,14.0,1.0,,,0 days 00:00:20.140000,0 days 00:00:35.724000,0 days 00:00:20.096000,0 days 00:34:07.607000,0 days 00:34:43.331000,0 days 00:35:03.427000,205.0,191.0,260.0,272.0,True,HARD,14.0,True,Alpine,0 days 00:33:47.467000,,1,,False,,False,True
2023-06,FP1,0 days 00:36:32.065000,GAS,10,0 days 00:01:28.638000,15.0,1.0,,,0 days 00:00:22.910000,0 days 00:00:41.699000,0 days 00:00:24.029000,0 days 00:35:26.337000,0 days 00:36:08.036000,0 days 00:36:32.065000,163.0,129.0,260.0,256.0,False,HARD,15.0,True,Alpine,0 days 00:35:03.427000,,1,,False,,False,True
2023-06,FP1,0 days 00:37:47.979000,GAS,10,0 days 00:01:15.914000,16.0,1.0,,,0 days 00:00:20.102000,0 days 00:00:35.481000,0 days 00:00:20.331000,0 days 00:36:52.167000,0 days 00:37:27.648000,0 days 00:37:47.979000,206.0,193.0,259.0,272.0,True,HARD,16.0,True,Alpine,0 days 00:36:32.065000,,1,,False,,False,True
2023-06,FP1,0 days 00:39:03.925000,GAS,10,0 days 00:01:15.946000,17.0,1.0,,,0 days 00:00:19.951000,0 days 00:00:35.764000,0 days 00:00:20.231000,0 days 00:38:07.930000,0 days 00:38:43.694000,0 days 00:39:03.925000,207.0,190.0,260.0,271.0,False,HARD,17.0,True,Alpine,0 days 00:37:47.979000,,1,,False,,False,True
2023-06,FP1,0 days 00:54:14.896000,GAS,10,,18.0,1.0,,0 days 00:40:25.121000,0 days 00:00:23.236000,0 days 00:00:40.346000,,0 days 00:39:27.372000,0 days 00:40:07.715000,,171.0,147.0,,254.0,False,HARD,18.0,True,Alpine,0 days 00:39:03.925000,,125,,False,,False,False
2023-06,FP1,0 days 00:55:42.466000,GAS,10,0 days 00:01:27.570000,19.0,2.0,0 days 00:54:15.877000,,0 days 00:00:26.882000,0 days 00:00:38.536000,0 days 00:00:22.152000,0 days 00:54:41.778000,0 days 00:55:20.314000,0 days 00:55:42.466000,175.0,170.0,262.0,263.0,False,MEDIUM,1.0,True,Alpine,0 days 00:54:15.877000,,1,,False,,False,False
2023-06,FP1,0 days 00:56:57.688000,GAS,10,0 days 00:01:15.222000,20.0,2.0,,,0 days 00:00:19.838000,0 days 00:00:35.246000,0 days 00:00:20.138000,0 days 00:56:02.304000,0 days 00:56:37.550000,0 days 00:56:57.688000,207.0,190.0,259.0,277.0,True,MEDIUM,2.0,True,Alpine,0 days 00:55:42.466000,,1,,False,,False,True
2023-06,FP1,0 days 00:58:29.669000,GAS,10,0 days 00:01:31.981000,21.0,2.0,,,0 days 00:00:23.872000,0 days 00:00:42.126000,0 days 00:00:25.983000,0 days 00:57:21.560000,0 days 00:58:03.686000,0 days 00:58:29.669000,118.0,143.0,262.0,256.0,False,MEDIUM,3.0,True,Alpine,0 days 00:56:57.688000,,1,,False,,False,True
2023-06,FP1,0 days 00:59:54.520000,GAS,10,0 days 00:01:24.851000,22.0,2.0,,,0 days 00:00:19.850000,0 days 00:00:40.939000,0 days 00:00:24.062000,0 days 00:58:49.519000,0 days 00:59:30.458000,0 days 00:59:54.520000,209.0,163.0,262.0,230.0,False,MEDIUM,4.0,True,Alpine,0 days 00:58:29.669000,,1,,False,,False,True
2023-06,FP1,0 days 01:01:19.734000,GAS,10,0 days 00:01:25.214000,23.0,2.0,,,0 days 00:00:19.854000,0 days 00:00:38.718000,0 days 00:00:26.642000,0 days 01:00:14.374000,0 days 01:00:53.092000,0 days 01:01:19.734000,209.0,105.0,262.0,276.0,False,MEDIUM,5.0,True,Alpine,0 days 00:59:54.520000,,12,,False,,False,True
2023-06,FP1,0 days 01:02:34.966000,GAS,10,0 days 00:01:15.232000,24.0,2.0,,,0 days 00:00:19.843000,0 days 00:00:35.448000,0 days 00:00:19.941000,0 days 01:01:39.577000,0 days 01:02:15.025000,0 days 01:02:34.966000,211.0,190.0,261.0,275.0,False,MEDIUM,6.0,True,Alpine,0 days 01:01:19.734000,,1,,False,,False,True
2023-06,FP1,0 days 01:03:49.832000,GAS,10,0 days 00:01:14.866000,25.0,2.0,,,0 days 00:00:19.635000,0 days 00:00:35.187000,0 days 00:00:20.044000,0 days 01:02:54.601000,0 days 01:03:29.788000,0 days 01:03:49.832000,208.0,195.0,260.0,275.0,True,MEDIUM,7.0,True,Alpine,0 days 01:02:34.966000,,1,,False,,False,True
2023-06,FP1,0 days 01:05:37.844000,GAS,10,0 days 00:01:48.012000,26.0,2.0,,,0 days 00:00:25.542000,0 days 00:00:51.361000,0 days 00:00:31.109000,0 days 01:04:15.374000,0 days 01:05:06.735000,0 days 01:05:37.844000,139.0,121.0,261.0,204.0,False,MEDIUM,8.0,True,Alpine,0 days 01:03:49.832000,,1,,False,,False,True
2023-06,FP1,0 days 01:06:53.240000,GAS,10,0 days 00:01:15.396000,27.0,2.0,,,0 days 00:00:19.835000,0 days 00:00:35.459000,0 days 00:00:20.102000,0 days 01:05:57.679000,0 days 01:06:33.138000,0 days 01:06:53.240000,209.0,192.0,261.0,273.0,False,MEDIUM,9.0,True,Alpine,0 days 01:05:37.844000,,1,,False,,False,True
2023-06,FP1,0 days 01:08:08.131000,GAS,10,0 days 00:01:14.891000,28.0,2.0,,,0 days 00:00:19.711000,0 days 00:00:35.271000,0 days 00:00:19.909000,0 days 01:07:12.951000,0 days 01:07:48.222000,0 days 01:08:08.131000,208.0,191.0,262.0,275.0,False,MEDIUM,10.0,True,Alpine,0 days 01:06:53.240000,,1,,False,,False,True
2023-06,FP1,0 days 01:09:23.317000,GAS,10,0 days 00:01:15.186000,29.0,2.0,,,0 days 00:00:19.703000,0 days 00:00:35.415000,0 days 00:00:20.068000,0 days 01:08:27.834000,0 days 01:09:03.249000,0 days 01:09:23.317000,209.0,193.0,260.0,274.0,False,MEDIUM,11.0,True,Alpine,0 days 01:08:08.131000,,1,,False,,False,True
2023-06,FP1,0 days 01:11:00.428000,GAS,10,,30.0,2.0,,0 days 01:11:00.428000,0 days 00:00:25.887000,,,0 days 01:09:49.398000,,,152.0,,,,False,MEDIUM,12.0,True,Alpine,0 days 01:09:23.317000,,125,,False,,False,False
2023-06,FP1,0 days 00:15:29.333000,PER,11,,1.0,1.0,0 days 00:13:57.920000,,,0 days 00:00:42.013000,0 days 00:00:23.314000,,0 days 00:15:06.185000,0 days 00:15:29.435000,144.0,159.0,247.0,255.0,False,HARD,1.0,True,Red Bull Racing,0 days 00:13:57.920000,,1,,False,,False,False
2023-06,FP1,0 days 00:16:57.762000,PER,11,0 days 00:01:28.429000,2.0,1.0,,,0 days 00:00:21.848000,0 days 00:00:38.050000,0 days 00:00:28.531000,0 days 00:15:51.181000,0 days 00:16:29.231000,0 days 00:16:57.762000,176.0,178.0,259.0,275.0,True,HARD,2.0,True,Red Bull Racing,0 days 00:15:29.333000,,1,,False,,False,True
2023-06,FP1,0 days 00:25:11.617000,PER,11,,3.0,1.0,,0 days 00:18:27.761000,0 days 00:00:21.494000,0 days 00:00:46.273000,,0 days 00:17:19.449000,0 days 00:18:05.683000,,176.0,104.0,,224.0,False,HARD,3.0,True,Red Bull Racing,0 days 00:16:57.762000,,12,,False,,False,False
2023-06,FP1,0 days 00:27:00.565000,PER,11,0 days 00:01:48.948000,4.0,2.0,0 days 00:25:12.319000,,0 days 00:00:27.443000,0 days 00:00:41.371000,0 days 00:00:40.134000,0 days 00:25:39.060000,0 days 00:26:20.431000,0 days 00:27:00.565000,150.0,53.0,259.0,270.0,False,HARD,4.0,False,Red Bull Racing,0 days 00:25:11.617000,,1,,False,,False,False
2023-06,FP1,0 days 00:28:19.339000,PER,11,0 days 00:01:18.774000,5.0,2.0,,,0 days 00:00:20.997000,0 days 00:00:36.818000,0 days 00:00:20.959000,0 days 00:27:21.562000,0 days 00:27:58.380000,0 days 00:28:19.339000,173.0,182.0,263.0,270.0,True,HARD,5.0,False,Red Bull Racing,0 days 00:27:00.565000,,1,,False,,False,True
2023-06,FP1,0 days 00:29:35.904000,PER,11,0 days 00:01:16.565000,6.0,2.0,,,0 days 00:00:20.020000,0 days 00:00:36.018000,0 days 00:00:20.527000,0 days 00:28:39.359000,0 days 00:29:15.377000,0 days 00:29:35.904000,197.0,190.0,264.0,278.0,True,HARD,6.0,False,Red Bull Racing,0 days 00:28:19.339000,,1,,False,,False,True
2023-06,FP1,0 days 00:30:51.997000,PER,11,0 days 00:01:16.093000,7.0,2.0,,,0 days 00:00:19.816000,0 days 00:00:35.792000,0 days 00:00:20.485000,0 days 00:29:55.720000,0 days 00:30:31.512000,0 days 00:30:51.997000,202.0,191.0,265.0,279.0,True,HARD,7.0,False,Red Bull Racing,0 days 00:29:35.904000,,1,,False,,False,True
2023-06,FP1,0 days 00:32:45.736000,PER,11,0 days 00:01:53.739000,8.0,2.0,,,0 days 00:00:29.795000,0 days 00:00:51.842000,0 days 00:00:32.102000,0 days 00:31:21.792000,0 days 00:32:13.634000,0 days 00:32:45.736000,83.0,134.0,262.0,235.0,False,HARD,8.0,False,Red Bull Racing,0 days 00:30:51.997000,,1,,False,,False,True
2023-06,FP1,0 days 00:34:14.673000,PER,11,0 days 00:01:28.937000,9.0,2.0,,,0 days 00:00:20.169000,0 days 00:00:43.549000,0 days 00:00:25.219000,0 days 00:33:05.905000,0 days 00:33:49.454000,0 days 00:34:14.673000,186.0,149.0,263.0,230.0,False,HARD,9.0,False,Red Bull Racing,0 days 00:32:45.736000,,1,,False,,False,True
2023-06,FP1,0 days 00:35:32.949000,PER,11,0 days 00:01:18.276000,10.0,2.0,,,0 days 00:00:19.834000,0 days 00:00:35.722000,0 days 00:00:22.720000,0 days 00:34:34.507000,0 days 00:35:10.229000,0 days 00:35:32.949000,207.0,157.0,262.0,275.0,False,HARD,10.0,False,Red Bull Racing,0 days 00:34:14.673000,,1,,False,,False,True
2023-06,FP1,0 days 00:36:48.270000,PER,11,0 days 00:01:15.321000,11.0,2.0,,,0 days 00:00:19.629000,0 days 00:00:35.592000,0 days 00:00:20.100000,0 days 00:35:52.578000,0 days 00:36:28.170000,0 days 00:36:48.270000,206.0,194.0,262.0,276.0,True,HARD,11.0,False,Red Bull Racing,0 days 00:35:32.949000,,1,,False,,False,True
2023-06,FP1,0 days 00:38:36.472000,PER,11,0 days 00:01:48.202000,12.0,2.0,,,0 days 00:00:25.030000,0 days 00:00:55.170000,0 days 00:00:28.002000,0 days 00:37:13.300000,0 days 00:38:08.470000,0 days 00:38:36.472000,139.0,109.0,264.0,227.0,False,HARD,12.0,False,Red Bull Racing,0 days 00:36:48.270000,,1,,False,,False,True
2023-06,FP1,0 days 00:39:51.576000,PER,11,0 days 00:01:15.104000,13.0,2.0,,,0 days 00:00:19.727000,0 days 00:00:35.503000,0 days 00:00:19.874000,0 days 00:38:56.199000,0 days 00:39:31.702000,0 days 00:39:51.576000,208.0,197.0,264.0,275.0,True,HARD,13.0,False,Red Bull Racing,0 days 00:38:36.472000,,1,,False,,False,True
2023-06,FP1,0 days 00:41:36.013000,PER,11,0 days 00:01:44.437000,14.0,2.0,,,0 days 00:00:25.627000,0 days 00:00:53.990000,0 days 00:00:24.820000,0 days 00:40:17.203000,0 days 00:41:11.193000,0 days 00:41:36.013000,138.0,131.0,265.0,227.0,False,HARD,14.0,False,Red Bull Racing,0 days 00:39:51.576000,,1,,False,,False,True
2023-06,FP1,0 days 00:42:50.822000,PER,11,0 days 00:01:14.809000,15.0,2.0,,,0 days 00:00:19.597000,0 days 00:00:35.323000,0 days 00:00:19.889000,0 days 00:41:55.610000,0 days 00:42:30.933000,0 days 00:42:50.822000,213.0,193.0,265.0,276.0,True,HARD,15.0,False,Red Bull Racing,0 days 00:41:36.013000,,1,,False,,False,True
2023-06,FP1,0 days 00:54:10.900000,PER,11,,16.0,2.0,,0 days 00:44:09.165000,0 days 00:00:22.764000,0 days 00:00:40.237000,,0 days 00:43:13.791000,0 days 00:43:54.009000,,155.0,183.0,,261.0,False,HARD,16.0,False,Red Bull Racing,0 days 00:42:50.822000,,125,,False,,False,False
2023-06,FP1,0 days 00:55:37.411000,PER,11,0 days 00:01:26.511000,17.0,3.0,0 days 00:54:11.424000,,0 days 00:00:23.852000,0 days 00:00:39.981000,0 days 00:00:22.678000,0 days 00:54:34.752000,0 days 00:55:14.733000,0 days 00:55:37.411000,179.0,176.0,265.0,267.0,False,MEDIUM,1.0,True,Red Bull Racing,0 days 00:54:11.424000,,1,,False,,False,False
2023-06,FP1,0 days 00:57:01.781000,PER,11,0 days 00:01:24.370000,18.0,3.0,,,0 days 00:00:20.010000,0 days 00:00:38.724000,0 days 00:00:25.636000,0 days 00:55:57.421000,0 days 00:56:36.145000,0 days 00:57:01.781000,155.0,178.0,266.0,265.0,False,MEDIUM,2.0,True,Red Bull Racing,0 days 00:55:37.411000,,1,,False,,False,True
2023-06,FP1,0 days 00:58:16.008000,PER,11,0 days 00:01:14.227000,19.0,3.0,,,0 days 00:00:19.445000,0 days 00:00:35.157000,0 days 00:00:19.625000,0 days 00:57:21.226000,0 days 00:57:56.383000,0 days 00:58:16.008000,208.0,194.0,265.0,279.0,True,MEDIUM,3.0,True,Red Bull Racing,0 days 00:57:01.781000,,1,,False,,False,True
2023-06,FP1,0 days 01:00:15.400000,PER,11,0 days 00:01:59.392000,20.0,3.0,,0 days 00:59:48.576000,0 days 00:00:24.508000,0 days 00:00:51.336000,0 days 00:00:43.548000,0 days 00:58:40.516000,0 days 00:59:31.852000,0 days 01:00:15.400000,94.0,156.0,,249.0,False,MEDIUM,4.0,True,Red Bull Racing,0 days 00:58:16.008000,,1,,False,,False,False
2023-06,FP1,0 days 01:01:47.485000,PER,11,0 days 00:01:32.085000,21.0,4.0,0 days 01:00:15.951000,,0 days 00:00:26.006000,0 days 00:00:43.010000,0 days 00:00:23.069000,0 days 01:00:41.406000,0 days 01:01:24.416000,0 days 01:01:47.485000,148.0,166.0,265.0,243.0,False,MEDIUM,5.0,False,Red Bull Racing,0 days 01:00:15.400000,,12,,False,,False,False
2023-06,FP1,0 days 01:03:01.523000,PER,11,0 days 00:01:14.038000,22.0,4.0,,,0 days 00:00:19.324000,0 days 00:00:34.925000,0 days 00:00:19.789000,0 days 01:02:06.809000,0 days 01:02:41.734000,0 days 01:03:01.523000,210.0,197.0,265.0,279.0,True,MEDIUM,6.0,False,Red Bull Racing,0 days 01:01:47.485000,,1,,False,,False,True
2023-06,FP1,0 days 01:04:54.124000,PER,11,0 days 00:01:52.601000,23.0,4.0,,,0 days 00:00:26.258000,0 days 00:00:48.543000,0 days 00:00:37.800000,0 days 01:03:27.781000,0 days 01:04:16.324000,0 days 01:04:54.124000,108.0,121.0,171.0,189.0,False,MEDIUM,7.0,False,Red Bull Racing,0 days 01:03:01.523000,,1,,False,,False,True
2023-06,FP1,0 days 01:06:44.193000,PER,11,0 days 00:01:50.069000,24.0,4.0,,,0 days 00:00:30.115000,0 days 00:00:53.391000,0 days 00:00:26.563000,0 days 01:05:24.239000,0 days 01:06:17.630000,0 days 01:06:44.193000,101.0,96.0,264.0,202.0,False,MEDIUM,8.0,False,Red Bull Racing,0 days 01:04:54.124000,,1,,False,,False,True
2023-06,FP1,0 days 01:07:58.289000,PER,11,0 days 00:01:14.096000,25.0,4.0,,,0 days 00:00:19.496000,0 days 00:00:35.035000,0 days 00:00:19.565000,0 days 01:07:03.689000,0 days 01:07:38.724000,0 days 01:07:58.289000,205.0,196.0,265.0,278.0,False,MEDIUM,9.0,False,Red Bull Racing,0 days 01:06:44.193000,,1,,False,,False,True
2023-06,FP1,0 days 01:09:45.291000,PER,11,0 days 00:01:47.002000,26.0,4.0,,,0 days 00:00:29.642000,0 days 00:00:49.410000,0 days 00:00:27.950000,0 days 01:08:27.931000,0 days 01:09:17.341000,0 days 01:09:45.291000,72.0,130.0,265.0,221.0,False,MEDIUM,10.0,False,Red Bull Racing,0 days 01:07:58.289000,,1,,False,,False,True
2023-06,FP1,0 days 01:11:18.740000,PER,11,,27.0,4.0,,0 days 01:11:18.740000,0 days 00:00:23.362000,,,0 days 01:10:08.757000,,,125.0,,,,False,MEDIUM,11.0,False,Red Bull Racing,0 days 01:09:45.291000,,125,,False,,False,False
2023-06,FP1,0 days 00:16:02.890000,ALO,14,0 days 00:01:43.643000,1.0,1.0,0 days 00:14:20.170000,,0 days 00:00:30.572000,0 days 00:00:43.553000,0 days 00:00:29.518000,0 days 00:14:49.904000,0 days 00:15:33.575000,0 days 00:16:02.997000,154.0,157.0,251.0,243.0,False,HARD,1.0,True,Aston Martin,0 days 00:14:20.170000,,1,,False,,False,False
2023-06,FP1,0 days 00:17:23.293000,ALO,14,0 days 00:01:20.403000,2.0,1.0,,,0 days 00:00:21.570000,0 days 00:00:37.683000,0 days 00:00:21.150000,0 days 00:16:24.460000,0 days 00:17:02.143000,0 days 00:17:23.293000,185.0,179.0,258.0,277.0,True,HARD,2.0,True,Aston Martin,0 days 00:16:02.890000,,1,,False,,False,True
2023-06,FP1,0 days 00:18:40.589000,ALO,14,0 days 00:01:17.296000,3.0,1.0,,,0 days 00:00:20.532000,0 days 00:00:36.221000,0 days 00:00:20.543000,0 days 00:17:43.825000,0 days 00:18:20.046000,0 days 00:18:40.589000,198.0,185.0,265.0,280.0,True,HARD,3.0,True,Aston Martin,0 days 00:17:23.293000,,1,,False,,False,True
2023-06,FP1,0 days 00:20:13.395000,ALO,14,0 days 00:01:32.806000,4.0,1.0,,,0 days 00:00:22.622000,0 days 00:00:42.885000,0 days 00:00:27.299000,0 days 00:19:03.211000,0 days 00:19:46.096000,0 days 00:20:13.395000,176.0,153.0,259.0,260.0,False,HARD,4.0,True,Aston Martin,0 days 00:18:40.589000,,1,,False,,False,True
2023-06,FP1,0 days 00:21:30.063000,ALO,14,0 days 00:01:16.668000,5.0,1.0,,,0 days 00:00:20.546000,0 days 00:00:35.743000,0 days 00:00:20.379000,0 days 00:20:33.941000,0 days 00:21:09.684000,0 days 00:21:30.063000,206.0,190.0,266.0,278.0,True,HARD,5.0,True,Aston Martin,0 days 00:20:13.395000,,12,,False,,False,True
2023-06,FP1,0 days 00:23:02.624000,ALO,14,0 days 00:01:32.561000,6.0,1.0,,,0 days 00:00:22.639000,0 days 00:00:44.764000,0 days 00:00:25.158000,0 days 00:21:52.702000,0 days 00:22:37.466000,0 days 00:23:02.624000,172.0,151.0,264.0,267.0,False,HARD,6.0,True,Aston Martin,0 days 00:21:30.063000,,1,,False,,False,True
2023-06,FP1,0 days 00:24:18.292000,ALO,14,0 days 00:01:15.668000,7.0,1.0,,,0 days 00:00:20.013000,0 days 00:00:35.578000,0 days 00:00:20.077000,0 days 00:23:22.637000,0 days 00:23:58.215000,0 days 00:24:18.292000,209.0,192.0,266.0,278.0,True,HARD,7.0,True,Aston Martin,0 days 00:23:02.624000,,1,,False,,False,True
2023-06,FP1,0 days 00:25:56.827000,ALO,14,0 days 00:01:38.535000,8.0,1.0,,,0 days 00:00:23.035000,0 days 00:00:52.314000,0 days 00:00:23.186000,0 days 00:24:41.327000,0 days 00:25:33.641000,0 days 00:25:56.827000,168.0,142.0,264.0,207.0,False,HARD,8.0,True,Aston Martin,0 days 00:24:18.292000,,1,,False,,False,True
2023-06,FP1,0 days 00:27:12.197000,ALO,14,0 days 00:01:15.370000,9.0,1.0,,,0 days 00:00:19.759000,0 days 00:00:35.561000,0 days 00:00:20.050000,0 days 00:26:16.586000,0 days 00:26:52.147000,0 days 00:27:12.197000,212.0,188.0,265.0,278.0,True,HARD,9.0,True,Aston Martin,0 days 00:25:56.827000,,1,,False,,False,True
2023-06,FP1,0 days 00:29:04.958000,ALO,14,0 days 00:01:52.761000,10.0,1.0,,,0 days 00:00:23.072000,0 days 00:00:55.783000,0 days 00:00:33.906000,0 days 00:27:35.269000,0 days 00:28:31.052000,0 days 00:29:04.958000,133.0,124.0,264.0,221.0,False,HARD,10.0,True,Aston Martin,0 days 00:27:12.197000,,1,,False,,False,True
2023-06,FP1,0 days 00:30:37.468000,ALO,14,0 days 00:01:32.510000,11.0,1.0,,,0 days 00:00:22.984000,0 days 00:00:45.154000,0 days 00:00:24.372000,0 days 00:29:27.942000,0 days 00:30:13.096000,0 days 00:30:37.468000,122.0,144.0,264.0,261.0,False,HARD,11.0,True,Aston Martin,0 days 00:29:04.958000,,1,,False,,False,True
2023-06,FP1,0 days 00:31:52.126000,ALO,14,0 days 00:01:14.658000,12.0,1.0,,,0 days 00:00:19.523000,0 days 00:00:35.167000,0 days 00:00:19.968000,0 days 00:30:56.991000,0 days 00:31:32.158000,0 days 00:31:52.126000,216.0,196.0,264.0,277.0,True,HARD,12.0,True,Aston Martin,0 days 00:30:37.468000,,1,,False,,False,True
2023-06,FP1,0 days 00:44:07.941000,ALO,14,,13.0,1.0,,0 days 00:33:10.407000,0 days 00:00:21.691000,0 days 00:00:38.949000,,0 days 00:32:14.033000,0 days 00:32:52.954000,,185.0,167.0,,247.0,False,HARD,13.0,True,Aston Martin,0 days 00:31:52.126000,,1,,False,,False,False
2023-06,FP1,0 days 00:45:33.159000,ALO,14,0 days 00:01:25.218000,14.0,2.0,0 days 00:44:08.634000,,0 days 00:00:25.300000,0 days 00:00:38.367000,0 days 00:00:21.551000,0 days 00:44:33.241000,0 days 00:45:11.608000,0 days 00:45:33.159000,179.0,180.0,264.0,236.0,False,MEDIUM,1.0,True,Aston Martin,0 days 00:44:07.941000,,1,,False,,False,False
2023-06,FP1,0 days 00:46:47.562000,ALO,14,0 days 00:01:14.403000,15.0,2.0,,,0 days 00:00:19.492000,0 days 00:00:35.050000,0 days 00:00:19.861000,0 days 00:45:52.651000,0 days 00:46:27.701000,0 days 00:46:47.562000,212.0,192.0,263.0,275.0,True,MEDIUM,2.0,True,Aston Martin,0 days 00:45:33.159000,,1,,False,,False,True
2023-06,FP1,0 days 00:48:14.266000,ALO,14,0 days 00:01:26.704000,16.0,2.0,,,0 days 00:00:19.473000,0 days 00:00:41.148000,0 days 00:00:26.083000,0 days 00:47:07.035000,0 days 00:47:48.183000,0 days 00:48:14.266000,214.0,122.0,264.0,263.0,False,MEDIUM,3.0,True,Aston Martin,0 days 00:46:47.562000,,1,,False,,False,True
2023-06,FP1,0 days 00:49:28.365000,ALO,14,0 days 00:01:14.099000,17.0,2.0,,,0 days 00:00:19.598000,0 days 00:00:34.813000,0 days 00:00:19.688000,0 days 00:48:33.864000,0 days 00:49:08.677000,0 days 00:49:28.365000,215.0,196.0,265.0,277.0,True,MEDIUM,4.0,True,Aston Martin,0 days 00:48:14.266000,,12,,False,,False,True
2023-06,FP1,0 days 00:55:48.201000,ALO,14,,18.0,2.0,,0 days 00:52:51.253000,0 days 00:00:26.412000,0 days 00:00:48.989000,,0 days 00:49:54.958000,0 days 00:50:43.942000,,144.0,159.0,,207.0,False,MEDIUM,5.0,True,Aston Martin,0 days 00:49:28.365000,,215,,False,,False,False
2023-06,FP1,0 days 00:57:13.765000,ALO,14,0 days 00:01:25.564000,19.0,3.0,0 days 00:55:48.907000,,0 days 00:00:25.417000,0 days 00:00:38.402000,0 days 00:00:21.745000,0 days 00:56:13.618000,0 days 00:56:52.020000,0 days 00:57:13.765000,178.0,178.0,258.0,263.0,False,MEDIUM,6.0,False,Aston Martin,0 days 00:55:48.907000,,1,,False,,False,False
2023-06,FP1,0 days 00:58:27.672000,ALO,14,0 days 00:01:13.907000,20.0,3.0,,,0 days 00:00:19.429000,0 days 00:00:34.760000,0 days 00:00:19.718000,0 days 00:57:33.194000,0 days 00:58:07.954000,0 days 00:58:27.672000,216.0,197.0,262.0,277.0,True,MEDIUM,7.0,False,Aston Martin,0 days 00:57:13.765000,,1,,False,,False,True
2023-06,FP1,0 days 01:00:02.874000,ALO,14,0 days 00:01:35.202000,21.0,3.0,,,0 days 00:00:24.190000,0 days 00:00:40.744000,0 days 00:00:30.268000,0 days 00:58:51.862000,0 days 00:59:32.606000,0 days 01:00:02.874000,181.0,163.0,264.0,264.0,False,MEDIUM,8.0,False,Aston Martin,0 days 00:58:27.672000,,1,,False,,False,True
2023-06,FP1,0 days 01:01:16.622000,ALO,14,0 days 00:01:13.748000,22.0,3.0,,,0 days 00:00:19.361000,0 days 00:00:34.693000,0 days 00:00:19.694000,0 days 01:00:22.235000,0 days 01:00:56.928000,0 days 01:01:16.622000,217.0,196.0,265.0,279.0,True,MEDIUM,9.0,False,Aston Martin,0 days 01:00:02.874000,,12,,False,,False,True
2023-06,FP1,0 days 01:03:05.973000,ALO,14,0 days 00:01:49.351000,23.0,3.0,,,0 days 00:00:27.512000,0 days 00:00:50.354000,0 days 00:00:31.485000,0 days 01:01:44.134000,0 days 01:02:34.488000,0 days 01:03:05.973000,160.0,165.0,256.0,180.0,False,MEDIUM,10.0,False,Aston Martin,0 days 01:01:16.622000,,1,,False,,False,True
2023-06,FP1,0 days 01:04:34.392000,ALO,14,0 days 00:01:28.419000,24.0,3.0,,,0 days 00:00:21.371000,0 days 00:00:40.909000,0 days 00:00:26.139000,0 days 01:03:27.344000,0 days 01:04:08.253000,0 days 01:04:34.392000,133.0,125.0,267.0,264.0,False,MEDIUM,11.0,False,Aston Martin,0 days 01:03:05.973000,,1,,False,,False,True
2023-06,FP1,0 days 01:05:48.102000,ALO,14,0 days 00:01:13.710000,25.0,3.0,,,0 days 00:00:19.116000,0 days 00:00:34.872000,0 days 00:00:19.722000,0 days 01:04:53.508000,0 days 01:05:28.380000,0 days 01:05:48.102000,219.0,197.0,266.0,280.0,True,MEDIUM,12.0,False,Aston Martin,0 days 01:04:34.392000,,1,,False,,False,True
2023-06,FP1,0 days 01:07:25.599000,ALO,14,0 days 00:01:37.497000,26.0,3.0,,,0 days 00:00:25.465000,0 days 00:00:43.316000,0 days 00:00:28.716000,0 days 01:06:13.567000,0 days 01:06:56.883000,0 days 01:07:25.599000,94.0,155.0,263.0,243.0,False,MEDIUM,13.0,False,Aston Martin,0 days 01:05:48.102000,,1,,False,,False,True
2023-06,FP1,0 days 01:08:59.536000,ALO,14,0 days 00:01:33.937000,27.0,3.0,,,0 days 00:00:19.315000,0 days 00:00:42.627000,0 days 00:00:31.995000,0 days 01:07:44.914000,0 days 01:08:27.541000,0 days 01:08:59.536000,216.0,89.0,264.0,252.0,False,MEDIUM,14.0,False,Aston Martin,0 days 01:07:25.599000,,1,,False,,False,True
2023-06,FP1,0 days 01:12:00.084000,ALO,14,,28.0,3.0,,0 days 01:12:00.084000,0 days 00:00:19.167000,0 days 00:00:34.859000,,0 days 01:09:18.914000,0 days 01:09:53.773000,,218.0,198.0,,277.0,False,MEDIUM,15.0,False,Aston Martin,0 days 01:08:59.536000,,125,,False,,False,False
2023-06,FP1,0 days 00:16:52.084000,LEC,16,0 days 00:01:52.677000,1.0,1.0,0 days 00:15:00.279000,,0 days 00:00:35.336000,0 days 00:00:46.632000,0 days 00:00:30.709000,0 days 00:15:34.935000,0 days 00:16:21.559000,0 days 00:16:52.215000,157.0,136.0,253.0,250.0,False,MEDIUM,1.0,True,Ferrari,0 days 00:15:00.279000,,1,,False,,False,False
2023-06,FP1,0 days 00:18:11.986000,LEC,16,0 days 00:01:19.902000,2.0,1.0,,,0 days 00:00:21.149000,0 days 00:00:37.626000,0 days 00:00:21.127000,0 days 00:17:13.233000,0 days 00:17:50.859000,0 days 00:18:11.986000,194.0,178.0,262.0,273.0,True,MEDIUM,2.0,True,Ferrari,0 days 00:16:52.084000,,1,,False,,False,True
2023-06,FP1,0 days 00:19:29.054000,LEC,16,0 days 00:01:17.068000,3.0,1.0,,,0 days 00:00:20.273000,0 days 00:00:36.182000,0 days 00:00:20.613000,0 days 00:18:32.259000,0 days 00:19:08.441000,0 days 00:19:29.054000,205.0,186.0,263.0,275.0,True,MEDIUM,3.0,True,Ferrari,0 days 00:18:11.986000,,1,,False,,False,True
2023-06,FP1,0 days 00:20:44.985000,LEC,16,0 days 00:01:15.931000,4.0,1.0,,,0 days 00:00:19.836000,0 days 00:00:35.846000,0 days 00:00:20.249000,0 days 00:19:48.890000,0 days 00:20:24.736000,0 days 00:20:44.985000,210.0,188.0,263.0,276.0,True,MEDIUM,4.0,True,Ferrari,0 days 00:19:29.054000,,12,,False,,False,True
2023-06,FP1,0 days 00:22:55.126000,LEC,16,0 days 00:02:10.141000,5.0,1.0,,0 days 00:22:09.555000,0 days 00:00:19.802000,0 days 00:00:44.074000,0 days 00:01:06.265000,0 days 00:21:04.787000,0 days 00:21:48.861000,0 days 00:22:55.126000,206.0,79.0,,208.0,False,MEDIUM,5.0,True,Ferrari,0 days 00:20:44.985000,,1,,False,,False,False
2023-06,FP1,0 days 00:24:36.169000,LEC,16,0 days 00:01:41.043000,6.0,2.0,0 days 00:22:55.836000,,0 days 00:00:28.497000,0 days 00:00:47.088000,0 days 00:00:25.458000,0 days 00:23:23.623000,0 days 00:24:10.711000,0 days 00:24:36.169000,100.0,133.0,264.0,240.0,False,MEDIUM,6.0,False,Ferrari,0 days 00:22:55.126000,,1,,False,,False,False
2023-06,FP1,0 days 00:25:51.206000,LEC,16,0 days 00:01:15.037000,7.0,2.0,,,0 days 00:00:19.773000,0 days 00:00:35.431000,0 days 00:00:19.833000,0 days 00:24:55.942000,0 days 00:25:31.373000,0 days 00:25:51.206000,209.0,190.0,265.0,276.0,True,MEDIUM,7.0,False,Ferrari,0 days 00:24:36.169000,,1,,False,,False,True
2023-06,FP1,0 days 00:27:05.768000,LEC,16,0 days 00:01:14.562000,8.0,2.0,,,0 days 00:00:19.512000,0 days 00:00:35.158000,0 days 00:00:19.892000,0 days 00:26:10.718000,0 days 00:26:45.876000,0 days 00:27:05.768000,212.0,192.0,266.0,279.0,True,MEDIUM,8.0,False,Ferrari,0 days 00:25:51.206000,,1,,False,,False,True
2023-06,FP1,0 days 00:28:54.581000,LEC,16,0 days 00:01:48.813000,9.0,2.0,,,0 days 00:00:25.207000,0 days 00:00:52.072000,0 days 00:00:31.534000,0 days 00:27:30.975000,0 days 00:28:23.047000,0 days 00:28:54.581000,103.0,132.0,263.0,177.0,False,MEDIUM,9.0,False,Ferrari,0 days 00:27:05.768000,,1,,False,,False,True
2023-06,FP1,0 days 00:30:19.361000,LEC,16,0 days 00:01:24.780000,10.0,2.0,,,0 days 00:00:19.716000,0 days 00:00:38.153000,0 days 00:00:26.911000,0 days 00:29:14.297000,0 days 00:29:52.450000,0 days 00:30:19.361000,209.0,136.0,263.0,277.0,False,MEDIUM,10.0,False,Ferrari,0 days 00:28:54.581000,,1,,False,,False,True
2023-06,FP1,0 days 00:31:33.893000,LEC,16,0 days 00:01:14.532000,11.0,2.0,,,0 days 00:00:19.519000,0 days 00:00:35.130000,0 days 00:00:19.883000,0 days 00:30:38.880000,0 days 00:31:14.010000,0 days 00:31:33.893000,211.0,193.0,264.0,276.0,True,MEDIUM,11.0,False,Ferrari,0 days 00:30:19.361000,,1,,False,,False,True
2023-06,FP1,0 days 00:33:12.507000,LEC,16,0 days 00:01:38.614000,12.0,2.0,,,0 days 00:00:22.479000,0 days 00:00:46.824000,0 days 00:00:29.311000,0 days 00:31:56.372000,0 days 00:32:43.196000,0 days 00:33:12.507000,171.0,121.0,255.0,186.0,False,MEDIUM,12.0,False,Ferrari,0 days 00:31:33.893000,,1,,False,,False,True
2023-06,FP1,0 days 00:34:52.292000,LEC,16,0 days 00:01:39.785000,13.0,2.0,,,0 days 00:00:21.530000,0 days 00:00:52.780000,0 days 00:00:25.475000,0 days 00:33:34.037000,0 days 00:34:26.817000,0 days 00:34:52.292000,134.0,120.0,262.0,191.0,False,MEDIUM,13.0,False,Ferrari,0 days 00:33:12.507000,,1,,False,,False,True
2023-06,FP1,0 days 00:36:07.023000,LEC,16,0 days 00:01:14.731000,14.0,2.0,,,0 days 00:00:19.621000,0 days 00:00:35.138000,0 days 00:00:19.972000,0 days 00:35:11.913000,0 days 00:35:47.051000,0 days 00:36:07.023000,210.0,191.0,264.0,277.0,False,MEDIUM,14.0,False,Ferrari,0 days 00:34:52.292000,,1,,False,,False,True
2023-06,FP1,0 days 00:57:08.031000,LEC,16,,15.0,2.0,,0 days 00:37:27.154000,0 days 00:00:22.704000,0 days 00:00:40.225000,,0 days 00:36:29.920000,0 days 00:37:10.170000,,169.0,158.0,,255.0,False,MEDIUM,15.0,False,Ferrari,0 days 00:36:07.023000,,125,,False,,False,False
2023-06,FP1,0 days 00:58:39.939000,LEC,16,0 days 00:01:31.908000,16.0,3.0,0 days 00:57:08.735000,,0 days 00:00:29.451000,0 days 00:00:40.810000,0 days 00:00:21.647000,0 days 00:57:37.482000,0 days 00:58:18.292000,0 days 00:58:39.939000,167.0,177.0,266.0,269.0,False,MEDIUM,1.0,True,Ferrari,0 days 00:57:08.735000,,1,,False,,False,False
2023-06,FP1,0 days 00:59:58.102000,LEC,16,0 days 00:01:18.163000,17.0,3.0,,,0 days 00:00:19.683000,0 days 00:00:35.385000,0 days 00:00:23.095000,0 days 00:58:59.622000,0 days 00:59:35.007000,0 days 00:59:58.102000,211.0,181.0,265.0,280.0,False,MEDIUM,2.0,True,Ferrari,0 days 00:58:39.939000,,1,,False,,False,True
2023-06,FP1,0 days 01:01:12.672000,LEC,16,0 days 00:01:14.570000,18.0,3.0,,,0 days 00:00:19.564000,0 days 00:00:35.180000,0 days 00:00:19.826000,0 days 01:00:17.666000,0 days 01:00:52.846000,0 days 01:01:12.672000,207.0,187.0,266.0,283.0,False,MEDIUM,3.0,True,Ferrari,0 days 00:59:58.102000,,12,,False,,False,True
2023-06,FP1,0 days 01:02:46.340000,LEC,16,0 days 00:01:33.668000,19.0,3.0,,,0 days 00:00:19.391000,0 days 00:00:47.919000,0 days 00:00:26.358000,0 days 01:01:32.063000,0 days 01:02:19.982000,0 days 01:02:46.340000,213.0,128.0,265.0,194.0,False,MEDIUM,4.0,True,Ferrari,0 days 01:01:12.672000,,1,,False,,False,True
2023-06,FP1,0 days 01:04:00.433000,LEC,16,0 days 00:01:14.093000,20.0,3.0,,,0 days 00:00:19.455000,0 days 00:00:34.996000,0 days 00:00:19.642000,0 days 01:03:05.795000,0 days 01:03:40.791000,0 days 01:04:00.433000,211.0,192.0,266.0,281.0,True,MEDIUM,5.0,True,Ferrari,0 days 01:02:46.340000,,1,,False,,False,True
2023-06,FP1,0 days 01:05:57.923000,LEC,16,0 days 00:01:57.490000,21.0,3.0,,0 days 01:05:26.823000,0 days 00:00:19.415000,0 days 00:00:43.502000,0 days 00:00:54.573000,0 days 01:04:19.848000,0 days 01:05:03.350000,0 days 01:05:57.923000,212.0,42.0,,237.0,False,MEDIUM,6.0,True,Ferrari,0 days 01:04:00.433000,,1,,False,,False,False
2023-06,FP1,0 days 01:07:46.435000,LEC,16,0 days 00:01:48.512000,22.0,4.0,0 days 01:05:58.650000,,0 days 00:00:32.964000,0 days 00:00:51.686000,0 days 00:00:23.862000,0 days 01:06:30.887000,0 days 01:07:22.573000,0 days 01:07:46.435000,55.0,145.0,265.0,199.0,False,MEDIUM,7.0,False,Ferrari,0 days 01:05:57.923000,,1,,False,,False,False
2023-06,FP1,0 days 01:09:09.279000,LEC,16,0 days 00:01:22.844000,23.0,4.0,,,0 days 00:00:19.255000,0 days 00:00:34.783000,0 days 00:00:28.806000,0 days 01:08:05.690000,0 days 01:08:40.473000,0 days 01:09:09.279000,212.0,194.0,265.0,281.0,False,MEDIUM,8.0,False,Ferrari,0 days 01:07:46.435000,,1,,False,,False,True
2023-06,FP1,0 days 01:10:34.944000,LEC,16,,24.0,4.0,,0 days 01:10:34.944000,0 days 00:00:19.286000,0 days 00:00:42.203000,,0 days 01:09:28.742000,0 days 01:10:10.960000,,,110.0,,204.0,False,MEDIUM,9.0,False,Ferrari,0 days 01:09:09.279000,,125,,False,,False,False
2023-06,FP1,0 days 00:15:56.081000,STR,18,0 days 00:01:41.651000,1.0,1.0,0 days 00:14:15.154000,,0 days 00:00:29.799000,0 days 00:00:42.264000,0 days 00:00:29.588000,0 days 00:14:44.373000,0 days 00:15:26.685000,0 days 00:15:56.169000,136.0,158.0,261.0,257.0,False,HARD,1.0,True,Aston Martin,0 days 00:14:15.154000,,1,,False,,False,False
2023-06,FP1,0 days 00:17:20.840000,STR,18,0 days 00:01:24.759000,2.0,1.0,,,0 days 00:00:21.832000,0 days 00:00:37.777000,0 days 00:00:25.150000,0 days 00:16:17.913000,0 days 00:16:55.690000,0 days 00:17:20.840000,182.0,181.0,258.0,275.0,True,HARD,2.0,True,Aston Martin,0 days 00:15:56.081000,,1,,False,,False,True
2023-06,FP1,0 days 00:18:38.972000,STR,18,0 days 00:01:18.132000,3.0,1.0,,,0 days 00:00:20.722000,0 days 00:00:36.641000,0 days 00:00:20.769000,0 days 00:17:41.562000,0 days 00:18:18.203000,0 days 00:18:38.972000,197.0,184.0,263.0,277.0,True,HARD,3.0,True,Aston Martin,0 days 00:17:20.840000,,1,,False,,False,True
2023-06,FP1,0 days 00:20:20.153000,STR,18,0 days 00:01:41.181000,4.0,1.0,,,0 days 00:00:24.755000,0 days 00:00:44.541000,0 days 00:00:31.885000,0 days 00:19:03.727000,0 days 00:19:48.268000,0 days 00:20:20.153000,94.0,172.0,259.0,202.0,False,HARD,4.0,True,Aston Martin,0 days 00:18:38.972000,,1,,False,,False,True
2023-06,FP1,0 days 00:21:37.284000,STR,18,0 days 00:01:17.131000,5.0,1.0,,,0 days 00:00:20.338000,0 days 00:00:36.133000,0 days 00:00:20.660000,0 days 00:20:40.491000,0 days 00:21:16.624000,0 days 00:21:37.284000,200.0,191.0,244.0,276.0,True,HARD,5.0,True,Aston Martin,0 days 00:20:20.153000,,12,,False,,False,True
2023-06,FP1,0 days 00:23:11.817000,STR,18,0 days 00:01:34.533000,6.0,1.0,,,0 days 00:00:20.349000,0 days 00:00:43.767000,0 days 00:00:30.417000,0 days 00:21:57.633000,0 days 00:22:41.400000,0 days 00:23:11.817000,204.0,135.0,263.0,250.0,False,HARD,6.0,True,Aston Martin,0 days 00:21:37.284000,,1,,False,,False,True
2023-06,FP1,0 days 00:24:28.025000,STR,18,0 days 00:01:16.208000,7.0,1.0,,,0 days 00:00:20.014000,0 days 00:00:36.021000,0 days 00:00:20.173000,0 days 00:23:31.831000,0 days 00:24:07.852000,0 days 00:24:28.025000,204.0,189.0,263.0,279.0,True,HARD,7.0,True,Aston Martin,0 days 00:23:11.817000,,1,,False,,False,True
2023-06,FP1,0 days 00:26:16.077000,STR,18,0 days 00:01:48.052000,8.0,1.0,,,0 days 00:00:29.261000,0 days 00:00:52.025000,0 days 00:00:26.766000,0 days 00:24:57.286000,0 days 00:25:49.311000,0 days 00:26:16.077000,83.0,136.0,262.0,158.0,False,HARD,8.0,True,Aston Martin,0 days 00:24:28.025000,,1,,False,,False,True
2023-06,FP1,0 days 00:27:41.151000,STR,18,0 days 00:01:25.074000,9.0,1.0,,,0 days 00:00:19.935000,0 days 00:00:43.756000,0 days 00:00:21.383000,0 days 00:26:36.012000,0 days 00:27:19.768000,0 days 00:27:41.151000,209.0,182.0,263.0,258.0,False,HARD,9.0,True,Aston Martin,0 days 00:26:16.077000,,1,,False,,False,True
2023-06,FP1,0 days 00:28:56.769000,STR,18,0 days 00:01:15.618000,10.0,1.0,,,0 days 00:00:19.731000,0 days 00:00:35.694000,0 days 00:00:20.193000,0 days 00:28:00.882000,0 days 00:28:36.576000,0 days 00:28:56.769000,205.0,193.0,264.0,276.0,True,HARD,10.0,True,Aston Martin,0 days 00:27:41.151000,,1,,False,,False,True
2023-06,FP1,0 days 00:30:42.042000,STR,18,0 days 00:01:45.273000,11.0,1.0,,,0 days 00:00:31.023000,0 days 00:00:45.722000,0 days 00:00:28.528000,0 days 00:29:27.792000,0 days 00:30:13.514000,0 days 00:30:42.042000,94.0,123.0,263.0,261.0,False,HARD,11.0,True,Aston Martin,0 days 00:28:56.769000,,1,,False,,False,True
2023-06,FP1,0 days 00:31:58.547000,STR,18,0 days 00:01:16.505000,12.0,1.0,,,0 days 00:00:19.890000,0 days 00:00:35.554000,0 days 00:00:21.061000,0 days 00:31:01.932000,0 days 00:31:37.486000,0 days 00:31:58.547000,206.0,196.0,230.0,276.0,False,HARD,12.0,True,Aston Martin,0 days 00:30:42.042000,,1,,False,,False,True
2023-06,FP1,0 days 00:41:36.016000,STR,18,,13.0,1.0,,0 days 00:33:34.766000,0 days 00:00:29.152000,0 days 00:00:48.243000,,0 days 00:32:27.923000,0 days 00:33:16.141000,,118.0,152.0,,243.0,False,HARD,13.0,True,Aston Martin,0 days 00:31:58.547000,,1,,False,,False,False
2023-06,FP1,0 days 00:43:06.265000,STR,18,0 days 00:01:30.249000,14.0,2.0,0 days 00:41:36.745000,,0 days 00:00:27.948000,0 days 00:00:40.589000,0 days 00:00:21.712000,0 days 00:42:03.964000,0 days 00:42:44.553000,0 days 00:43:06.265000,166.0,180.0,261.0,223.0,False,MEDIUM,1.0,True,Aston Martin,0 days 00:41:36.016000,,1,,False,,False,False
2023-06,FP1,0 days 00:44:22.096000,STR,18,0 days 00:01:15.831000,15.0,2.0,,,0 days 00:00:19.922000,0 days 00:00:35.774000,0 days 00:00:20.135000,0 days 00:43:26.187000,0 days 00:44:01.961000,0 days 00:44:22.096000,206.0,192.0,262.0,272.0,False,MEDIUM,2.0,True,Aston Martin,0 days 00:43:06.265000,,1,,False,,False,True
2023-06,FP1,0 days 00:46:00.869000,STR,18,0 days 00:01:38.773000,16.0,2.0,,,0 days 00:00:24.893000,0 days 00:00:46.991000,0 days 00:00:26.889000,0 days 00:44:46.989000,0 days 00:45:33.980000,0 days 00:46:00.869000,147.0,100.0,262.0,250.0,False,MEDIUM,3.0,True,Aston Martin,0 days 00:44:22.096000,,1,,False,,False,True
2023-06,FP1,0 days 00:47:16.175000,STR,18,0 days 00:01:15.306000,17.0,2.0,,,0 days 00:00:19.846000,0 days 00:00:35.432000,0 days 00:00:20.028000,0 days 00:46:20.715000,0 days 00:46:56.147000,0 days 00:47:16.175000,211.0,191.0,265.0,276.0,True,MEDIUM,4.0,True,Aston Martin,0 days 00:46:00.869000,,1,,False,,False,True
2023-06,FP1,0 days 00:49:31.268000,STR,18,0 days 00:02:15.093000,18.0,2.0,,,0 days 00:00:36.974000,0 days 00:01:07.465000,0 days 00:00:30.654000,0 days 00:47:53.149000,0 days 00:49:00.614000,0 days 00:49:31.268000,52.0,148.0,261.0,157.0,False,MEDIUM,5.0,True,Aston Martin,0 days 00:47:16.175000,,12,,False,,False,True
2023-06,FP1,0 days 00:50:46.551000,STR,18,0 days 00:01:15.283000,19.0,2.0,,,0 days 00:00:19.793000,0 days 00:00:35.308000,0 days 00:00:20.182000,0 days 00:49:51.061000,0 days 00:50:26.369000,0 days 00:50:46.551000,209.0,193.0,262.0,277.0,True,MEDIUM,6.0,True,Aston Martin,0 days 00:49:31.268000,,21,,False,,False,True
2023-06,FP1,0 days 00:59:01.291000,STR,18,,20.0,2.0,,0 days 00:52:43.159000,,,,,,,,,,,False,MEDIUM,7.0,True,Aston Martin,0 days 00:50:46.551000,,15,,False,,False,False
2023-06,FP1,0 days 01:00:43.533000,STR,18,0 days 00:01:42.242000,21.0,3.0,0 days 00:59:01.952000,,0 days 00:00:24.927000,0 days 00:00:45.464000,0 days 00:00:31.851000,0 days 00:59:26.218000,0 days 01:00:11.682000,0 days 01:00:43.533000,161.0,166.0,261.0,253.0,False,MEDIUM,8.0,False,Aston Martin,0 days 00:59:01.952000,,1,,False,,False,False
2023-06,FP1,0 days 01:01:59.020000,STR,18,0 days 00:01:15.487000,22.0,3.0,,,0 days 00:00:19.989000,0 days 00:00:35.418000,0 days 00:00:20.080000,0 days 01:01:03.522000,0 days 01:01:38.940000,0 days 01:01:59.020000,210.0,192.0,260.0,272.0,False,MEDIUM,9.0,False,Aston Martin,0 days 01:00:43.533000,,12,,False,,False,True
2023-06,FP1,0 days 01:03:30.465000,STR,18,0 days 00:01:31.445000,23.0,3.0,,,0 days 00:00:24.303000,0 days 00:00:41.150000,0 days 00:00:25.992000,0 days 01:02:23.323000,0 days 01:03:04.473000,0 days 01:03:30.465000,151.0,176.0,260.0,260.0,False,MEDIUM,10.0,False,Aston Martin,0 days 01:01:59.020000,,1,,False,,False,True
2023-06,FP1,0 days 01:04:54.125000,STR,18,0 days 00:01:23.660000,24.0,3.0,,,0 days 00:00:19.645000,0 days 00:00:35.351000,0 days 00:00:28.664000,0 days 01:03:50.110000,0 days 01:04:25.461000,0 days 01:04:54.125000,212.0,195.0,110.0,276.0,False,MEDIUM,11.0,False,Aston Martin,0 days 01:03:30.465000,,1,,False,,False,True
2023-06,FP1,0 days 01:06:49.808000,STR,18,0 days 00:01:55.683000,25.0,3.0,,,0 days 00:00:39.720000,0 days 00:00:45.540000,0 days 00:00:30.423000,0 days 01:05:33.845000,0 days 01:06:19.385000,0 days 01:06:49.808000,147.0,163.0,261.0,263.0,False,MEDIUM,12.0,False,Aston Martin,0 days 01:04:54.125000,,1,,False,,False,True
2023-06,FP1,0 days 01:08:04.461000,STR,18,0 days 00:01:14.653000,26.0,3.0,,,0 days 00:00:19.485000,0 days 00:00:35.145000,0 days 00:00:20.023000,0 days 01:07:09.293000,0 days 01:07:44.438000,0 days 01:08:04.461000,211.0,189.0,263.0,276.0,True,MEDIUM,13.0,False,Aston Martin,0 days 01:06:49.808000,,1,,False,,False,True
2023-06,FP1,0 days 01:09:50.609000,STR,18,0 days 00:01:46.148000,27.0,3.0,,,0 days 00:00:35.057000,0 days 00:00:44.232000,0 days 00:00:26.859000,0 days 01:08:39.518000,0 days 01:09:23.750000,0 days 01:09:50.609000,72.0,135.0,262.0,247.0,False,MEDIUM,14.0,False,Aston Martin,0 days 01:08:04.461000,,1,,False,,False,True
2023-06,FP1,0 days 01:11:22.178000,STR,18,,28.0,3.0,,0 days 01:11:22.178000,0 days 00:00:19.485000,,,0 days 01:10:10.257000,,,209.0,,,,False,MEDIUM,15.0,False,Aston Martin,0 days 01:09:50.609000,,125,,False,,False,False
2023-06,FP1,0 days 00:16:56.116000,MAG,20,0 days 00:01:52.137000,1.0,1.0,0 days 00:15:04.794000,,0 days 00:00:33.276000,0 days 00:00:46.975000,0 days 00:00:31.886000,0 days 00:15:37.466000,0 days 00:16:24.481000,0 days 00:16:56.199000,140.0,143.0,258.0,267.0,False,HARD,1.0,True,Haas F1 Team,0 days 00:15:04.794000,,1,,False,,False,False
2023-06,FP1,0 days 00:18:19.730000,MAG,20,0 days 00:01:23.614000,2.0,1.0,,,0 days 00:00:21.380000,0 days 00:00:37.875000,0 days 00:00:24.359000,0 days 00:17:17.496000,0 days 00:17:55.371000,0 days 00:18:19.730000,185.0,182.0,261.0,276.0,True,HARD,2.0,True,Haas F1 Team,0 days 00:16:56.116000,,1,,False,,False,True
2023-06,FP1,0 days 00:19:38.247000,MAG,20,0 days 00:01:18.517000,3.0,1.0,,,0 days 00:00:20.691000,0 days 00:00:36.825000,0 days 00:00:21.001000,0 days 00:18:40.421000,0 days 00:19:17.246000,0 days 00:19:38.247000,201.0,189.0,262.0,276.0,True,HARD,3.0,True,Haas F1 Team,0 days 00:18:19.730000,,1,,False,,False,True
2023-06,FP1,0 days 00:20:55.993000,MAG,20,0 days 00:01:17.746000,4.0,1.0,,,0 days 00:00:20.488000,0 days 00:00:36.293000,0 days 00:00:20.965000,0 days 00:19:58.735000,0 days 00:20:35.028000,0 days 00:20:55.993000,203.0,187.0,263.0,277.0,True,HARD,4.0,True,Haas F1 Team,0 days 00:19:38.247000,,12,,False,,False,True
2023-06,FP1,0 days 00:22:12.782000,MAG,20,0 days 00:01:16.789000,5.0,1.0,,,0 days 00:00:20.068000,0 days 00:00:36.065000,0 days 00:00:20.656000,0 days 00:21:16.061000,0 days 00:21:52.126000,0 days 00:22:12.782000,205.0,190.0,264.0,276.0,True,HARD,5.0,True,Haas F1 Team,0 days 00:20:55.993000,,1,,False,,False,True
2023-06,FP1,0 days 00:23:37.222000,MAG,20,0 days 00:01:24.440000,6.0,1.0,,,0 days 00:00:20.274000,0 days 00:00:41.351000,0 days 00:00:22.815000,0 days 00:22:33.056000,0 days 00:23:14.407000,0 days 00:23:37.222000,200.0,179.0,265.0,269.0,False,HARD,6.0,True,Haas F1 Team,0 days 00:22:12.782000,,1,,False,,False,True
2023-06,FP1,0 days 00:24:53.802000,MAG,20,0 days 00:01:16.580000,7.0,1.0,,,0 days 00:00:20.165000,0 days 00:00:36.001000,0 days 00:00:20.414000,0 days 00:23:57.387000,0 days 00:24:33.388000,0 days 00:24:53.802000,206.0,188.0,267.0,279.0,True,HARD,7.0,True,Haas F1 Team,0 days 00:23:37.222000,,1,,False,,False,True
2023-06,FP1,0 days 00:26:26.866000,MAG,20,0 days 00:01:33.064000,8.0,1.0,,,0 days 00:00:21.533000,0 days 00:00:44.771000,0 days 00:00:26.760000,0 days 00:25:15.335000,0 days 00:26:00.106000,0 days 00:26:26.866000,129.0,129.0,262.0,264.0,False,HARD,8.0,True,Haas F1 Team,0 days 00:24:53.802000,,1,,False,,False,True
2023-06,FP1,0 days 00:27:43.191000,MAG,20,0 days 00:01:16.325000,9.0,1.0,,,0 days 00:00:20.056000,0 days 00:00:35.981000,0 days 00:00:20.288000,0 days 00:26:46.922000,0 days 00:27:22.903000,0 days 00:27:43.191000,209.0,188.0,265.0,275.0,True,HARD,9.0,True,Haas F1 Team,0 days 00:26:26.866000,,1,,False,,False,True
2023-06,FP1,0 days 00:28:59.620000,MAG,20,0 days 00:01:16.429000,10.0,1.0,,,0 days 00:00:20.005000,0 days 00:00:35.992000,0 days 00:00:20.432000,0 days 00:28:03.196000,0 days 00:28:39.188000,0 days 00:28:59.620000,210.0,189.0,266.0,278.0,False,HARD,10.0,True,Haas F1 Team,0 days 00:27:43.191000,,1,,False,,False,True
2023-06,FP1,0 days 00:30:50.795000,MAG,20,0 days 00:01:51.175000,11.0,1.0,,,0 days 00:00:28.779000,0 days 00:00:49.509000,0 days 00:00:32.887000,0 days 00:29:28.399000,0 days 00:30:17.908000,0 days 00:30:50.795000,94.0,124.0,264.0,198.0,False,HARD,11.0,True,Haas F1 Team,0 days 00:28:59.620000,,1,,False,,False,True
2023-06,FP1,0 days 00:32:07.009000,MAG,20,0 days 00:01:16.214000,12.0,1.0,,,0 days 00:00:20.104000,0 days 00:00:35.906000,0 days 00:00:20.204000,0 days 00:31:10.899000,0 days 00:31:46.805000,0 days 00:32:07.009000,211.0,187.0,265.0,276.0,True,HARD,12.0,True,Haas F1 Team,0 days 00:30:50.795000,,1,,False,,False,True
2023-06,FP1,0 days 00:33:37.555000,MAG,20,0 days 00:01:30.546000,13.0,1.0,,,0 days 00:00:20.039000,0 days 00:00:46.270000,0 days 00:00:24.237000,0 days 00:32:27.048000,0 days 00:33:13.318000,0 days 00:33:37.555000,202.0,147.0,264.0,224.0,False,HARD,13.0,True,Haas F1 Team,0 days 00:32:07.009000,,1,,False,,False,True
2023-06,FP1,0 days 00:34:53.117000,MAG,20,0 days 00:01:15.562000,14.0,1.0,,,0 days 00:00:19.792000,0 days 00:00:35.532000,0 days 00:00:20.238000,0 days 00:33:57.347000,0 days 00:34:32.879000,0 days 00:34:53.117000,213.0,194.0,267.0,275.0,True,HARD,14.0,True,Haas F1 Team,0 days 00:33:37.555000,,1,,False,,False,True
2023-06,FP1,0 days 00:46:30.209000,MAG,20,,15.0,1.0,,0 days 00:36:11.061000,0 days 00:00:22.504000,0 days 00:00:39.611000,,0 days 00:35:15.859000,0 days 00:35:55.452000,,174.0,165.0,,257.0,False,HARD,15.0,True,Haas F1 Team,0 days 00:34:53.117000,,1,,False,,False,False
2023-06,FP1,0 days 00:48:01.147000,MAG,20,0 days 00:01:30.938000,16.0,2.0,0 days 00:46:30.867000,,0 days 00:00:27.366000,0 days 00:00:38.252000,0 days 00:00:25.320000,0 days 00:46:57.575000,0 days 00:47:35.827000,0 days 00:48:01.147000,183.0,177.0,262.0,261.0,False,MEDIUM,1.0,True,Haas F1 Team,0 days 00:46:30.209000,,1,,False,,False,False
2023-06,FP1,0 days 00:49:16.801000,MAG,20,0 days 00:01:15.654000,17.0,2.0,,,0 days 00:00:19.793000,0 days 00:00:35.698000,0 days 00:00:20.163000,0 days 00:48:20.940000,0 days 00:48:56.638000,0 days 00:49:16.801000,211.0,187.0,265.0,277.0,False,MEDIUM,2.0,True,Haas F1 Team,0 days 00:48:01.147000,,1,,False,,False,True
2023-06,FP1,0 days 00:50:38.390000,MAG,20,0 days 00:01:21.589000,18.0,2.0,,,0 days 00:00:19.742000,0 days 00:00:35.373000,0 days 00:00:26.474000,0 days 00:49:36.543000,0 days 00:50:11.916000,0 days 00:50:38.390000,212.0,183.0,264.0,278.0,False,MEDIUM,3.0,True,Haas F1 Team,0 days 00:49:16.801000,,12,,False,,False,True
2023-06,FP1,0 days 00:55:07.135000,MAG,20,,19.0,2.0,,0 days 00:52:14.503000,0 days 00:00:21.802000,,,0 days 00:51:00.317000,,,159.0,,,,False,MEDIUM,4.0,True,Haas F1 Team,0 days 00:50:38.390000,,15,,False,,False,False
2023-06,FP1,0 days 00:56:37.747000,MAG,20,0 days 00:01:30.612000,20.0,3.0,0 days 00:55:07.876000,,0 days 00:00:24.930000,0 days 00:00:40.366000,0 days 00:00:25.316000,0 days 00:55:32.065000,0 days 00:56:12.431000,0 days 00:56:37.747000,178.0,177.0,263.0,264.0,False,MEDIUM,5.0,False,Haas F1 Team,0 days 00:55:07.876000,,1,,False,,False,False
2023-06,FP1,0 days 00:57:52.750000,MAG,20,0 days 00:01:15.003000,21.0,3.0,,,0 days 00:00:19.774000,0 days 00:00:35.242000,0 days 00:00:19.987000,0 days 00:56:57.521000,0 days 00:57:32.763000,0 days 00:57:52.750000,209.0,192.0,264.0,275.0,True,MEDIUM,6.0,False,Haas F1 Team,0 days 00:56:37.747000,,1,,False,,False,True
2023-06,FP1,0 days 00:59:30.270000,MAG,20,0 days 00:01:37.520000,22.0,3.0,,,0 days 00:00:22.012000,0 days 00:00:50.162000,0 days 00:00:25.346000,0 days 00:58:14.762000,0 days 00:59:04.924000,0 days 00:59:30.270000,156.0,114.0,263.0,159.0,False,MEDIUM,7.0,False,Haas F1 Team,0 days 00:57:52.750000,,1,,False,,False,True
2023-06,FP1,0 days 01:00:44.995000,MAG,20,0 days 00:01:14.725000,23.0,3.0,,,0 days 00:00:19.651000,0 days 00:00:35.198000,0 days 00:00:19.876000,0 days 00:59:49.921000,0 days 01:00:25.119000,0 days 01:00:44.995000,211.0,191.0,266.0,276.0,True,MEDIUM,8.0,False,Haas F1 Team,0 days 00:59:30.270000,,1,,False,,False,True
2023-06,FP1,0 days 01:02:51.455000,MAG,20,0 days 00:02:06.460000,24.0,3.0,,,0 days 00:00:42.384000,0 days 00:00:54.342000,0 days 00:00:29.734000,0 days 01:01:27.379000,0 days 01:02:21.721000,0 days 01:02:51.455000,125.0,170.0,236.0,165.0,False,MEDIUM,9.0,False,Haas F1 Team,0 days 01:00:44.995000,,12,,False,,False,True
2023-06,FP1,0 days 01:04:23.996000,MAG,20,0 days 00:01:32.541000,25.0,3.0,,,0 days 00:00:23.867000,0 days 00:00:47.206000,0 days 00:00:21.468000,0 days 01:03:15.322000,0 days 01:04:02.528000,0 days 01:04:23.996000,81.0,177.0,263.0,206.0,False,MEDIUM,10.0,False,Haas F1 Team,0 days 01:02:51.455000,,1,,False,,False,True
2023-06,FP1,0 days 01:05:49.929000,MAG,20,0 days 00:01:25.933000,26.0,3.0,,,0 days 00:00:19.676000,0 days 00:00:35.451000,0 days 00:00:30.806000,0 days 01:04:43.672000,0 days 01:05:19.123000,0 days 01:05:49.929000,211.0,192.0,256.0,277.0,False,MEDIUM,11.0,False,Haas F1 Team,0 days 01:04:23.996000,,1,,False,,False,True
2023-06,FP1,0 days 01:07:16.492000,MAG,20,0 days 00:01:26.563000,27.0,3.0,,,0 days 00:00:19.652000,0 days 00:00:37.975000,0 days 00:00:28.936000,0 days 01:06:09.581000,0 days 01:06:47.556000,0 days 01:07:16.492000,214.0,148.0,150.0,279.0,False,MEDIUM,12.0,False,Haas F1 Team,0 days 01:05:49.929000,,1,,False,,False,True
2023-06,FP1,0 days 01:09:13.405000,MAG,20,0 days 00:01:56.913000,28.0,3.0,,,0 days 00:00:28.784000,0 days 00:00:50.184000,0 days 00:00:37.945000,0 days 01:07:45.276000,0 days 01:08:35.460000,0 days 01:09:13.405000,93.0,174.0,261.0,238.0,False,MEDIUM,13.0,False,Haas F1 Team,0 days 01:07:16.492000,,1,,False,,False,True
2023-06,FP1,0 days 01:10:37.132000,MAG,20,,29.0,3.0,,0 days 01:10:37.132000,0 days 00:00:19.710000,,,0 days 01:09:33.335000,,,214.0,,,278.0,False,MEDIUM,14.0,False,Haas F1 Team,0 days 01:09:13.405000,,125,,False,,False,False
2023-06,FP1,0 days 00:15:37.870000,DEV,21,0 days 00:01:36.541000,1.0,1.0,0 days 00:14:02.123000,,0 days 00:00:28.706000,0 days 00:00:44.065000,0 days 00:00:23.770000,0 days 00:14:30.232000,0 days 00:15:14.310000,0 days 00:15:37.982000,134.0,155.0,257.0,235.0,False,HARD,1.0,True,AlphaTauri,0 days 00:14:02.123000,,1,,False,,False,False
2023-06,FP1,0 days 00:17:05.513000,DEV,21,0 days 00:01:27.643000,2.0,1.0,,,0 days 00:00:22.334000,0 days 00:00:38.978000,0 days 00:00:26.331000,0 days 00:16:00.204000,0 days 00:16:39.182000,0 days 00:17:05.513000,180.0,176.0,257.0,273.0,True,HARD,2.0,True,AlphaTauri,0 days 00:15:37.870000,,1,,False,,False,True
2023-06,FP1,0 days 00:18:28.435000,DEV,21,0 days 00:01:22.922000,3.0,1.0,,,0 days 00:00:21.646000,0 days 00:00:38.556000,0 days 00:00:22.720000,0 days 00:17:27.159000,0 days 00:18:05.715000,0 days 00:18:28.435000,184.0,176.0,261.0,276.0,True,HARD,3.0,True,AlphaTauri,0 days 00:17:05.513000,,1,,False,,False,True
2023-06,FP1,0 days 00:19:47.747000,DEV,21,0 days 00:01:19.312000,4.0,1.0,,,0 days 00:00:21.082000,0 days 00:00:37.335000,0 days 00:00:20.895000,0 days 00:18:49.517000,0 days 00:19:26.852000,0 days 00:19:47.747000,189.0,182.0,261.0,276.0,True,HARD,4.0,True,AlphaTauri,0 days 00:18:28.435000,,1,,False,,False,True
2023-06,FP1,0 days 00:21:06.284000,DEV,21,0 days 00:01:18.537000,5.0,1.0,,,0 days 00:00:21.048000,0 days 00:00:36.703000,0 days 00:00:20.786000,0 days 00:20:08.795000,0 days 00:20:45.498000,0 days 00:21:06.284000,196.0,186.0,267.0,276.0,True,HARD,5.0,True,AlphaTauri,0 days 00:19:47.747000,,12,,False,,False,True
2023-06,FP1,0 days 00:22:37.259000,DEV,21,0 days 00:01:30.975000,6.0,1.0,,,0 days 00:00:26.169000,0 days 00:00:42.805000,0 days 00:00:22.001000,0 days 00:21:32.453000,0 days 00:22:15.258000,0 days 00:22:37.259000,67.0,170.0,263.0,251.0,False,HARD,6.0,True,AlphaTauri,0 days 00:21:06.284000,,1,,False,,False,True
2023-06,FP1,0 days 00:23:55.135000,DEV,21,0 days 00:01:17.876000,7.0,1.0,,,0 days 00:00:20.560000,0 days 00:00:36.409000,0 days 00:00:20.907000,0 days 00:22:57.819000,0 days 00:23:34.228000,0 days 00:23:55.135000,198.0,186.0,263.0,277.0,True,HARD,7.0,True,AlphaTauri,0 days 00:22:37.259000,,1,,False,,False,True
2023-06,FP1,0 days 00:25:31.387000,DEV,21,0 days 00:01:36.252000,8.0,1.0,,,0 days 00:00:27.458000,0 days 00:00:45.474000,0 days 00:00:23.320000,0 days 00:24:22.593000,0 days 00:25:08.067000,0 days 00:25:31.387000,138.0,166.0,265.0,244.0,False,HARD,8.0,True,AlphaTauri,0 days 00:23:55.135000,,1,,False,,False,True
2023-06,FP1,0 days 00:26:55.612000,DEV,21,0 days 00:01:24.225000,9.0,1.0,,,0 days 00:00:20.527000,0 days 00:00:36.293000,0 days 00:00:27.405000,0 days 00:25:51.914000,0 days 00:26:28.207000,0 days 00:26:55.612000,199.0,192.0,258.0,277.0,False,HARD,9.0,True,AlphaTauri,0 days 00:25:31.387000,,1,,False,,False,True
2023-06,FP1,0 days 00:28:38.838000,DEV,21,0 days 00:01:43.226000,10.0,1.0,,,0 days 00:00:26.718000,0 days 00:00:47.108000,0 days 00:00:29.400000,0 days 00:27:22.330000,0 days 00:28:09.438000,0 days 00:28:38.838000,121.0,168.0,264.0,212.0,False,HARD,10.0,True,AlphaTauri,0 days 00:26:55.612000,,1,,False,,False,True
2023-06,FP1,0 days 00:29:55.378000,DEV,21,0 days 00:01:16.540000,11.0,1.0,,,0 days 00:00:20.264000,0 days 00:00:35.940000,0 days 00:00:20.336000,0 days 00:28:59.102000,0 days 00:29:35.042000,0 days 00:29:55.378000,201.0,191.0,265.0,278.0,True,HARD,11.0,True,AlphaTauri,0 days 00:28:38.838000,,1,,False,,False,True
2023-06,FP1,0 days 00:31:30.179000,DEV,21,0 days 00:01:34.801000,12.0,1.0,,,0 days 00:00:27.754000,0 days 00:00:42.285000,0 days 00:00:24.762000,0 days 00:30:23.132000,0 days 00:31:05.417000,0 days 00:31:30.179000,101.0,171.0,265.0,257.0,False,HARD,12.0,True,AlphaTauri,0 days 00:29:55.378000,,1,,False,,False,True
2023-06,FP1,0 days 00:32:46.704000,DEV,21,0 days 00:01:16.525000,13.0,1.0,,,0 days 00:00:20.031000,0 days 00:00:35.898000,0 days 00:00:20.596000,0 days 00:31:50.210000,0 days 00:32:26.108000,0 days 00:32:46.704000,205.0,192.0,264.0,279.0,True,HARD,13.0,True,AlphaTauri,0 days 00:31:30.179000,,1,,False,,False,True
2023-06,FP1,0 days 00:34:28.430000,DEV,21,0 days 00:01:41.726000,14.0,1.0,,,0 days 00:00:27.051000,0 days 00:00:44.623000,0 days 00:00:30.052000,0 days 00:33:13.755000,0 days 00:33:58.378000,0 days 00:34:28.430000,97.0,138.0,264.0,257.0,False,HARD,14.0,True,AlphaTauri,0 days 00:32:46.704000,,1,,False,,False,True
2023-06,FP1,0 days 00:35:44.870000,DEV,21,0 days 00:01:16.440000,15.0,1.0,,,0 days 00:00:20.193000,0 days 00:00:35.984000,0 days 00:00:20.263000,0 days 00:34:48.623000,0 days 00:35:24.607000,0 days 00:35:44.870000,208.0,186.0,266.0,278.0,True,HARD,15.0,True,AlphaTauri,0 days 00:34:28.430000,,1,,False,,False,True
2023-06,FP1,0 days 00:41:57.796000,DEV,21,,16.0,1.0,,0 days 00:36:58.998000,0 days 00:00:21.332000,0 days 00:00:37.574000,,0 days 00:36:06.421000,0 days 00:36:44.030000,,191.0,174.0,,252.0,False,HARD,16.0,True,AlphaTauri,0 days 00:35:44.870000,,1,,False,,False,False
2023-06,FP1,0 days 00:43:27.128000,DEV,21,0 days 00:01:29.332000,17.0,2.0,0 days 00:41:58.448000,,0 days 00:00:28.934000,0 days 00:00:38.459000,0 days 00:00:21.939000,0 days 00:42:26.730000,0 days 00:43:05.189000,0 days 00:43:27.128000,177.0,172.0,259.0,271.0,False,MEDIUM,1.0,True,AlphaTauri,0 days 00:41:57.796000,,1,,False,,False,False
2023-06,FP1,0 days 00:44:49.716000,DEV,21,0 days 00:01:22.588000,18.0,2.0,,,0 days 00:00:21.107000,0 days 00:00:38.477000,0 days 00:00:23.004000,0 days 00:43:48.235000,0 days 00:44:26.712000,0 days 00:44:49.716000,193.0,174.0,263.0,272.0,False,MEDIUM,2.0,True,AlphaTauri,0 days 00:43:27.128000,,1,,False,,False,True
2023-06,FP1,0 days 00:46:05.414000,DEV,21,0 days 00:01:15.698000,19.0,2.0,,,0 days 00:00:19.915000,0 days 00:00:35.682000,0 days 00:00:20.101000,0 days 00:45:09.631000,0 days 00:45:45.313000,0 days 00:46:05.414000,210.0,193.0,263.0,277.0,True,MEDIUM,3.0,True,AlphaTauri,0 days 00:44:49.716000,,1,,False,,False,True
2023-06,FP1,0 days 00:47:48.809000,DEV,21,0 days 00:01:43.395000,20.0,2.0,,,0 days 00:00:26,0 days 00:00:45.766000,0 days 00:00:31.629000,0 days 00:46:31.414000,0 days 00:47:17.180000,0 days 00:47:48.809000,168.0,166.0,265.0,240.0,False,MEDIUM,4.0,True,AlphaTauri,0 days 00:46:05.414000,,1,,False,,False,True
2023-06,FP1,0 days 00:49:04.131000,DEV,21,0 days 00:01:15.322000,21.0,2.0,,,0 days 00:00:19.833000,0 days 00:00:35.533000,0 days 00:00:19.956000,0 days 00:48:08.642000,0 days 00:48:44.175000,0 days 00:49:04.131000,210.0,195.0,265.0,279.0,True,MEDIUM,5.0,True,AlphaTauri,0 days 00:47:48.809000,,1,,False,,False,True
2023-06,FP1,0 days 00:50:45.448000,DEV,21,0 days 00:01:41.317000,22.0,2.0,,,0 days 00:00:27.946000,0 days 00:00:47.931000,0 days 00:00:25.440000,0 days 00:49:32.077000,0 days 00:50:20.008000,0 days 00:50:45.448000,141.0,167.0,210.0,244.0,False,MEDIUM,6.0,True,AlphaTauri,0 days 00:49:04.131000,,12,,False,,False,True
2023-06,FP1,0 days 00:55:22.953000,DEV,21,,23.0,2.0,,0 days 00:52:35.316000,,,,,,,,,,,False,MEDIUM,7.0,True,AlphaTauri,0 days 00:50:45.448000,,15,,False,,False,False
2023-06,FP1,0 days 00:56:50.682000,DEV,21,0 days 00:01:27.729000,24.0,3.0,0 days 00:55:23.564000,,0 days 00:00:26.140000,0 days 00:00:39.620000,0 days 00:00:21.969000,0 days 00:55:49.093000,0 days 00:56:28.713000,0 days 00:56:50.682000,177.0,186.0,264.0,264.0,False,MEDIUM,8.0,False,AlphaTauri,0 days 00:55:23.564000,,1,,False,,False,False
2023-06,FP1,0 days 00:58:06.452000,DEV,21,0 days 00:01:15.770000,25.0,3.0,,,0 days 00:00:19.746000,0 days 00:00:36.044000,0 days 00:00:19.980000,0 days 00:57:10.428000,0 days 00:57:46.472000,0 days 00:58:06.452000,212.0,192.0,264.0,276.0,False,MEDIUM,9.0,False,AlphaTauri,0 days 00:56:50.682000,,1,,False,,False,True
2023-06,FP1,0 days 00:59:47.009000,DEV,21,0 days 00:01:40.557000,26.0,3.0,,,0 days 00:00:26.356000,0 days 00:00:45.784000,0 days 00:00:28.417000,0 days 00:58:32.808000,0 days 00:59:18.592000,0 days 00:59:47.009000,123.0,167.0,263.0,250.0,False,MEDIUM,10.0,False,AlphaTauri,0 days 00:58:06.452000,,1,,False,,False,True
2023-06,FP1,0 days 01:01:02.915000,DEV,21,0 days 00:01:15.906000,27.0,3.0,,,0 days 00:00:20.163000,0 days 00:00:35.690000,0 days 00:00:20.053000,0 days 01:00:07.172000,0 days 01:00:42.862000,0 days 01:01:02.915000,204.0,193.0,257.0,277.0,False,MEDIUM,11.0,False,AlphaTauri,0 days 00:59:47.009000,,12,,False,,False,True
2023-06,FP1,0 days 01:02:54.883000,DEV,21,0 days 00:01:51.968000,28.0,3.0,,,0 days 00:00:27.096000,0 days 00:00:53.424000,0 days 00:00:31.448000,0 days 01:01:30.011000,0 days 01:02:23.435000,0 days 01:02:54.883000,138.0,155.0,263.0,63.0,False,MEDIUM,12.0,False,AlphaTauri,0 days 01:01:02.915000,,1,,False,,False,True
2023-06,FP1,0 days 01:04:10.291000,DEV,21,0 days 00:01:15.408000,29.0,3.0,,,0 days 00:00:19.932000,0 days 00:00:35.556000,0 days 00:00:19.920000,0 days 01:03:14.815000,0 days 01:03:50.371000,0 days 01:04:10.291000,212.0,195.0,265.0,277.0,False,MEDIUM,13.0,False,AlphaTauri,0 days 01:02:54.883000,,1,,False,,False,True
2023-06,FP1,0 days 01:05:54.176000,DEV,21,0 days 00:01:43.885000,30.0,3.0,,,0 days 00:00:28.478000,0 days 00:00:46.658000,0 days 00:00:28.749000,0 days 01:04:38.769000,0 days 01:05:25.427000,0 days 01:05:54.176000,116.0,161.0,265.0,206.0,False,MEDIUM,14.0,False,AlphaTauri,0 days 01:04:10.291000,,1,,False,,False,True
2023-06,FP1,0 days 01:07:09.259000,DEV,21,0 days 00:01:15.083000,31.0,3.0,,,0 days 00:00:19.723000,0 days 00:00:35.405000,0 days 00:00:19.955000,0 days 01:06:13.899000,0 days 01:06:49.304000,0 days 01:07:09.259000,213.0,195.0,265.0,279.0,True,MEDIUM,15.0,False,AlphaTauri,0 days 01:05:54.176000,,1,,False,,False,True
2023-06,FP1,0 days 01:09:04.043000,DEV,21,0 days 00:01:54.784000,32.0,3.0,,,0 days 00:00:27.413000,0 days 00:00:52.114000,0 days 00:00:35.257000,0 days 01:07:36.672000,0 days 01:08:28.786000,0 days 01:09:04.043000,176.0,146.0,262.0,134.0,False,MEDIUM,16.0,False,AlphaTauri,0 days 01:07:09.259000,,1,,False,,False,True
2023-06,FP1,0 days 01:12:05.631000,DEV,21,,33.0,3.0,,0 days 01:12:05.631000,0 days 00:00:19.761000,0 days 00:00:35.461000,,0 days 01:09:23.976000,0 days 01:09:59.445000,,211.0,197.0,,277.0,False,MEDIUM,17.0,False,AlphaTauri,0 days 01:09:04.043000,,125,,False,,False,False
2023-06,FP1,0 days 00:15:44.931000,TSU,22,0 days 00:01:38.153000,1.0,1.0,0 days 00:14:07.936000,,0 days 00:00:28.488000,0 days 00:00:42.076000,0 days 00:00:27.589000,0 days 00:14:35.467000,0 days 00:15:17.544000,0 days 00:15:45.044000,145.0,163.0,256.0,254.0,False,HARD,1.0,True,AlphaTauri,0 days 00:14:07.936000,,1,,False,,False,False
2023-06,FP1,0 days 00:17:14.761000,TSU,22,0 days 00:01:29.830000,2.0,1.0,,,0 days 00:00:22.103000,0 days 00:00:38.065000,0 days 00:00:29.662000,0 days 00:16:07.034000,0 days 00:16:45.099000,0 days 00:17:14.761000,182.0,180.0,245.0,271.0,True,HARD,2.0,True,AlphaTauri,0 days 00:15:44.931000,,1,,False,,False,True
2023-06,FP1,0 days 00:18:34.540000,TSU,22,0 days 00:01:19.779000,3.0,1.0,,,0 days 00:00:21.705000,0 days 00:00:36.769000,0 days 00:00:21.305000,0 days 00:17:36.466000,0 days 00:18:13.235000,0 days 00:18:34.540000,198.0,187.0,261.0,275.0,True,HARD,3.0,True,AlphaTauri,0 days 00:17:14.761000,,1,,False,,False,True
2023-06,FP1,0 days 00:19:52.516000,TSU,22,0 days 00:01:17.976000,4.0,1.0,,,0 days 00:00:20.916000,0 days 00:00:36.432000,0 days 00:00:20.628000,0 days 00:18:55.456000,0 days 00:19:31.888000,0 days 00:19:52.516000,203.0,189.0,262.0,276.0,True,HARD,4.0,True,AlphaTauri,0 days 00:18:34.540000,,1,,False,,False,True
2023-06,FP1,0 days 00:21:17.518000,TSU,22,0 days 00:01:25.002000,5.0,1.0,,,0 days 00:00:20.840000,0 days 00:00:39.586000,0 days 00:00:24.576000,0 days 00:20:13.356000,0 days 00:20:52.942000,0 days 00:21:17.518000,196.0,160.0,261.0,272.0,False,HARD,5.0,True,AlphaTauri,0 days 00:19:52.516000,,12,,False,,False,True
2023-06,FP1,0 days 00:22:34.616000,TSU,22,0 days 00:01:17.098000,6.0,1.0,,,0 days 00:00:20.465000,0 days 00:00:36.246000,0 days 00:00:20.387000,0 days 00:21:37.983000,0 days 00:22:14.229000,0 days 00:22:34.616000,209.0,191.0,265.0,276.0,True,HARD,6.0,True,AlphaTauri,0 days 00:21:17.518000,,1,,False,,False,True
2023-06,FP1,0 days 00:24:09.678000,TSU,22,0 days 00:01:35.062000,7.0,1.0,,,0 days 00:00:25.876000,0 days 00:00:42.703000,0 days 00:00:26.483000,0 days 00:23:00.492000,0 days 00:23:43.195000,0 days 00:24:09.678000,167.0,133.0,263.0,258.0,False,HARD,7.0,True,AlphaTauri,0 days 00:22:34.616000,,1,,False,,False,True
2023-06,FP1,0 days 00:25:26.107000,TSU,22,0 days 00:01:16.429000,8.0,1.0,,,0 days 00:00:20.334000,0 days 00:00:35.869000,0 days 00:00:20.226000,0 days 00:24:30.012000,0 days 00:25:05.881000,0 days 00:25:26.107000,211.0,191.0,267.0,277.0,True,HARD,8.0,True,AlphaTauri,0 days 00:24:09.678000,,1,,False,,False,True
2023-06,FP1,0 days 00:27:03.426000,TSU,22,0 days 00:01:37.319000,9.0,1.0,,,0 days 00:00:25.522000,0 days 00:00:43.195000,0 days 00:00:28.602000,0 days 00:25:51.629000,0 days 00:26:34.824000,0 days 00:27:03.426000,125.0,183.0,253.0,270.0,False,HARD,9.0,True,AlphaTauri,0 days 00:25:26.107000,,1,,False,,False,True
2023-06,FP1,0 days 00:28:32.032000,TSU,22,0 days 00:01:28.606000,10.0,1.0,,,0 days 00:00:20.405000,0 days 00:00:39.988000,0 days 00:00:28.213000,0 days 00:27:23.831000,0 days 00:28:03.819000,0 days 00:28:32.032000,193.0,171.0,261.0,267.0,False,HARD,10.0,True,AlphaTauri,0 days 00:27:03.426000,,1,,False,,False,True
2023-06,FP1,0 days 00:29:47.847000,TSU,22,0 days 00:01:15.815000,11.0,1.0,,,0 days 00:00:20.054000,0 days 00:00:35.658000,0 days 00:00:20.103000,0 days 00:28:52.086000,0 days 00:29:27.744000,0 days 00:29:47.847000,208.0,193.0,266.0,278.0,True,HARD,11.0,True,AlphaTauri,0 days 00:28:32.032000,,1,,False,,False,True
2023-06,FP1,0 days 00:31:21.844000,TSU,22,0 days 00:01:33.997000,12.0,1.0,,,0 days 00:00:25.611000,0 days 00:00:41.572000,0 days 00:00:26.814000,0 days 00:30:13.458000,0 days 00:30:55.030000,0 days 00:31:21.844000,166.0,140.0,263.0,267.0,False,HARD,12.0,True,AlphaTauri,0 days 00:29:47.847000,,1,,False,,False,True
2023-06,FP1,0 days 00:32:37.506000,TSU,22,0 days 00:01:15.662000,13.0,1.0,,,0 days 00:00:19.917000,0 days 00:00:35.550000,0 days 00:00:20.195000,0 days 00:31:41.761000,0 days 00:32:17.311000,0 days 00:32:37.506000,212.0,196.0,265.0,278.0,True,HARD,13.0,True,AlphaTauri,0 days 00:31:21.844000,,1,,False,,False,True
2023-06,FP1,0 days 00:34:19.080000,TSU,22,0 days 00:01:41.574000,14.0,1.0,,,0 days 00:00:29.133000,0 days 00:00:46.358000,0 days 00:00:26.083000,0 days 00:33:06.639000,0 days 00:33:52.997000,0 days 00:34:19.080000,84.0,139.0,262.0,251.0,False,HARD,14.0,True,AlphaTauri,0 days 00:32:37.506000,,1,,False,,False,True
2023-06,FP1,0 days 00:35:42.247000,TSU,22,0 days 00:01:23.167000,15.0,1.0,,,0 days 00:00:19.983000,0 days 00:00:41.588000,0 days 00:00:21.596000,0 days 00:34:39.063000,0 days 00:35:20.651000,0 days 00:35:42.247000,213.0,165.0,263.0,247.0,False,HARD,15.0,True,AlphaTauri,0 days 00:34:19.080000,,1,,False,,False,True
2023-06,FP1,0 days 00:36:57.211000,TSU,22,0 days 00:01:14.964000,16.0,1.0,,,0 days 00:00:19.720000,0 days 00:00:35.382000,0 days 00:00:19.862000,0 days 00:36:01.967000,0 days 00:36:37.349000,0 days 00:36:57.211000,214.0,196.0,265.0,276.0,True,HARD,16.0,True,AlphaTauri,0 days 00:35:42.247000,,1,,False,,False,True
2023-06,FP1,0 days 00:46:12.863000,TSU,22,,17.0,1.0,,0 days 00:38:22.529000,0 days 00:00:24.575000,0 days 00:00:43.157000,,0 days 00:37:21.982000,0 days 00:38:05.154000,,165.0,152.0,,236.0,False,HARD,17.0,True,AlphaTauri,0 days 00:36:57.211000,,1,,False,,False,False
2023-06,FP1,0 days 00:47:53.085000,TSU,22,0 days 00:01:40.222000,18.0,2.0,0 days 00:46:13.367000,,0 days 00:00:27.075000,0 days 00:00:47.314000,0 days 00:00:25.833000,0 days 00:46:39.938000,0 days 00:47:27.252000,0 days 00:47:53.085000,107.0,70.0,263.0,265.0,False,MEDIUM,1.0,True,AlphaTauri,0 days 00:46:12.863000,,1,,False,,False,False
2023-06,FP1,0 days 00:49:20.749000,TSU,22,0 days 00:01:27.664000,19.0,2.0,,,0 days 00:00:21.859000,0 days 00:00:37.108000,0 days 00:00:28.697000,0 days 00:48:14.944000,0 days 00:48:52.052000,0 days 00:49:20.749000,184.0,185.0,252.0,265.0,False,MEDIUM,2.0,True,AlphaTauri,0 days 00:47:53.085000,,1,,False,,False,True
2023-06,FP1,0 days 00:50:42.044000,TSU,22,0 days 00:01:21.295000,20.0,2.0,,,0 days 00:00:19.959000,0 days 00:00:35.293000,0 days 00:00:26.043000,0 days 00:49:40.708000,0 days 00:50:16.001000,0 days 00:50:42.044000,211.0,195.0,248.0,279.0,False,MEDIUM,3.0,True,AlphaTauri,0 days 00:49:20.749000,,12,,False,,False,True
2023-06,FP1,0 days 00:55:12.751000,TSU,22,,21.0,2.0,,0 days 00:52:33.628000,,,,,,,,,,,False,MEDIUM,4.0,True,AlphaTauri,0 days 00:50:42.044000,,15,,False,,False,False
2023-06,FP1,0 days 00:56:44.321000,TSU,22,0 days 00:01:31.570000,22.0,3.0,0 days 00:55:13.376000,,0 days 00:00:24.959000,0 days 00:00:40.198000,0 days 00:00:26.413000,0 days 00:55:37.710000,0 days 00:56:17.908000,0 days 00:56:44.321000,143.0,178.0,260.0,261.0,False,MEDIUM,5.0,False,AlphaTauri,0 days 00:55:13.376000,,1,,False,,False,False
2023-06,FP1,0 days 00:58:11.652000,TSU,22,0 days 00:01:27.331000,23.0,3.0,,,0 days 00:00:22.071000,0 days 00:00:42.064000,0 days 00:00:23.196000,0 days 00:57:06.392000,0 days 00:57:48.456000,0 days 00:58:11.652000,166.0,174.0,263.0,265.0,False,MEDIUM,6.0,False,AlphaTauri,0 days 00:56:44.321000,,1,,False,,False,True
2023-06,FP1,0 days 00:59:43.381000,TSU,22,0 days 00:01:31.729000,24.0,3.0,,,0 days 00:00:20.723000,0 days 00:00:41.292000,0 days 00:00:29.714000,0 days 00:58:32.375000,0 days 00:59:13.667000,0 days 00:59:43.381000,152.0,158.0,258.0,253.0,False,MEDIUM,7.0,False,AlphaTauri,0 days 00:58:11.652000,,1,,False,,False,True
2023-06,FP1,0 days 01:00:58.201000,TSU,22,0 days 00:01:14.820000,25.0,3.0,,,0 days 00:00:19.807000,0 days 00:00:35.128000,0 days 00:00:19.885000,0 days 01:00:03.188000,0 days 01:00:38.316000,0 days 01:00:58.201000,214.0,194.0,258.0,277.0,True,MEDIUM,8.0,False,AlphaTauri,0 days 00:59:43.381000,,12,,False,,False,True
2023-06,FP1,0 days 01:02:36.947000,TSU,22,0 days 00:01:38.746000,26.0,3.0,,,0 days 00:00:27.694000,0 days 00:00:44.128000,0 days 00:00:26.924000,0 days 01:01:25.895000,0 days 01:02:10.023000,0 days 01:02:36.947000,141.0,151.0,262.0,249.0,False,MEDIUM,9.0,False,AlphaTauri,0 days 01:00:58.201000,,21,,False,,False,True
2023-06,FP1,0 days 01:04:06.425000,TSU,22,0 days 00:01:29.478000,27.0,3.0,,,0 days 00:00:22.128000,0 days 00:00:41.962000,0 days 00:00:25.388000,0 days 01:02:59.075000,0 days 01:03:41.037000,0 days 01:04:06.425000,107.0,97.0,264.0,267.0,False,MEDIUM,10.0,False,AlphaTauri,0 days 01:02:36.947000,,1,,False,,False,True
2023-06,FP1,0 days 01:09:52.226000,TSU,22,,28.0,3.0,,0 days 01:05:23.869000,0 days 00:00:19.856000,0 days 00:00:38.153000,,0 days 01:04:26.480000,0 days 01:05:04.635000,,213.0,127.0,,277.0,False,MEDIUM,11.0,False,AlphaTauri,0 days 01:04:06.425000,,1,,False,,False,False
2023-06,FP1,0 days 00:17:09.270000,ALB,23,0 days 00:01:51.131000,1.0,1.0,0 days 00:15:18.872000,,0 days 00:00:29.176000,0 days 00:00:43.634000,0 days 00:00:38.321000,0 days 00:15:47.528000,0 days 00:16:31.137000,0 days 00:17:09.402000,153.0,153.0,252.0,266.0,False,HARD,1.0,True,Williams,0 days 00:15:18.872000,,1,,False,,False,False
2023-06,FP1,0 days 00:18:31.661000,ALB,23,0 days 00:01:22.391000,2.0,1.0,,,0 days 00:00:22.188000,0 days 00:00:38.095000,0 days 00:00:22.108000,0 days 00:17:31.458000,0 days 00:18:09.553000,0 days 00:18:31.661000,173.0,178.0,263.0,276.0,True,HARD,2.0,True,Williams,0 days 00:17:09.270000,,1,,False,,False,True
2023-06,FP1,0 days 00:19:50.912000,ALB,23,0 days 00:01:19.251000,3.0,1.0,,,0 days 00:00:21.001000,0 days 00:00:37.018000,0 days 00:00:21.232000,0 days 00:18:52.662000,0 days 00:19:29.680000,0 days 00:19:50.912000,184.0,182.0,263.0,278.0,True,HARD,3.0,True,Williams,0 days 00:18:31.661000,,1,,False,,False,True
2023-06,FP1,0 days 00:21:08.837000,ALB,23,0 days 00:01:17.925000,4.0,1.0,,,0 days 00:00:20.708000,0 days 00:00:36.521000,0 days 00:00:20.696000,0 days 00:20:11.620000,0 days 00:20:48.141000,0 days 00:21:08.837000,196.0,186.0,265.0,278.0,True,HARD,4.0,True,Williams,0 days 00:19:50.912000,,12,,False,,False,True
2023-06,FP1,0 days 00:22:33.898000,ALB,23,0 days 00:01:25.061000,5.0,1.0,,,0 days 00:00:23.124000,0 days 00:00:39.430000,0 days 00:00:22.507000,0 days 00:21:31.961000,0 days 00:22:11.391000,0 days 00:22:33.898000,176.0,175.0,265.0,259.0,False,HARD,5.0,True,Williams,0 days 00:21:08.837000,,1,,False,,False,True
2023-06,FP1,0 days 00:23:51.275000,ALB,23,0 days 00:01:17.377000,6.0,1.0,,,0 days 00:00:20.555000,0 days 00:00:36.294000,0 days 00:00:20.528000,0 days 00:22:54.453000,0 days 00:23:30.747000,0 days 00:23:51.275000,201.0,187.0,265.0,277.0,True,HARD,6.0,True,Williams,0 days 00:22:33.898000,,1,,False,,False,True
2023-06,FP1,0 days 00:25:08.225000,ALB,23,0 days 00:01:16.950000,7.0,1.0,,,0 days 00:00:20.198000,0 days 00:00:36.372000,0 days 00:00:20.380000,0 days 00:24:11.473000,0 days 00:24:47.845000,0 days 00:25:08.225000,193.0,191.0,265.0,278.0,True,HARD,7.0,True,Williams,0 days 00:23:51.275000,,1,,False,,False,True
2023-06,FP1,0 days 00:26:53.272000,ALB,23,0 days 00:01:45.047000,8.0,1.0,,,0 days 00:00:20.250000,0 days 00:00:47.840000,0 days 00:00:36.957000,0 days 00:25:28.475000,0 days 00:26:16.315000,0 days 00:26:53.272000,200.0,124.0,255.0,224.0,False,HARD,8.0,True,Williams,0 days 00:25:08.225000,,1,,False,,False,True
2023-06,FP1,0 days 00:28:17.014000,ALB,23,0 days 00:01:23.742000,9.0,1.0,,,0 days 00:00:20.837000,0 days 00:00:38.510000,0 days 00:00:24.395000,0 days 00:27:14.109000,0 days 00:27:52.619000,0 days 00:28:17.014000,184.0,158.0,266.0,271.0,False,HARD,9.0,True,Williams,0 days 00:26:53.272000,,1,,False,,False,True
2023-06,FP1,0 days 00:29:33.255000,ALB,23,0 days 00:01:16.241000,10.0,1.0,,,0 days 00:00:20.102000,0 days 00:00:35.824000,0 days 00:00:20.315000,0 days 00:28:37.116000,0 days 00:29:12.940000,0 days 00:29:33.255000,196.0,190.0,265.0,278.0,True,HARD,10.0,True,Williams,0 days 00:28:17.014000,,1,,False,,False,True
2023-06,FP1,0 days 00:31:15.399000,ALB,23,0 days 00:01:42.144000,11.0,1.0,,,0 days 00:00:27.403000,0 days 00:00:49.357000,0 days 00:00:25.384000,0 days 00:30:00.658000,0 days 00:30:50.015000,0 days 00:31:15.399000,88.0,152.0,266.0,243.0,False,HARD,11.0,True,Williams,0 days 00:29:33.255000,,1,,False,,False,True
2023-06,FP1,0 days 00:32:31.430000,ALB,23,0 days 00:01:16.031000,12.0,1.0,,,0 days 00:00:19.889000,0 days 00:00:35.874000,0 days 00:00:20.268000,0 days 00:31:35.288000,0 days 00:32:11.162000,0 days 00:32:31.430000,204.0,192.0,266.0,281.0,True,HARD,12.0,True,Williams,0 days 00:31:15.399000,,1,,False,,False,True
2023-06,FP1,0 days 00:34:18.937000,ALB,23,0 days 00:01:47.507000,13.0,1.0,,0 days 00:33:54.063000,0 days 00:00:22.911000,0 days 00:00:42.803000,0 days 00:00:41.793000,0 days 00:32:54.341000,0 days 00:33:37.144000,0 days 00:34:18.937000,145.0,149.0,,251.0,False,HARD,13.0,True,Williams,0 days 00:32:31.430000,,1,,False,,False,False
2023-06,FP1,0 days 00:35:55.730000,ALB,23,0 days 00:01:36.793000,14.0,2.0,0 days 00:34:19.609000,,0 days 00:00:29.744000,0 days 00:00:43.829000,0 days 00:00:23.220000,0 days 00:34:48.681000,0 days 00:35:32.510000,0 days 00:35:55.730000,98.0,177.0,265.0,273.0,False,MEDIUM,1.0,True,Williams,0 days 00:34:18.937000,,1,,False,,False,False
2023-06,FP1,0 days 00:37:24.101000,ALB,23,0 days 00:01:28.371000,15.0,2.0,,,0 days 00:00:24.007000,0 days 00:00:42.421000,0 days 00:00:21.943000,0 days 00:36:19.737000,0 days 00:37:02.158000,0 days 00:37:24.101000,149.0,163.0,265.0,264.0,False,MEDIUM,2.0,True,Williams,0 days 00:35:55.730000,,1,,False,,False,True
2023-06,FP1,0 days 00:38:39.168000,ALB,23,0 days 00:01:15.067000,16.0,2.0,,,0 days 00:00:19.747000,0 days 00:00:35.299000,0 days 00:00:20.021000,0 days 00:37:43.848000,0 days 00:38:19.147000,0 days 00:38:39.168000,202.0,193.0,264.0,276.0,True,MEDIUM,3.0,True,Williams,0 days 00:37:24.101000,,1,,False,,False,True
2023-06,FP1,0 days 00:40:08.166000,ALB,23,0 days 00:01:28.998000,17.0,2.0,,,0 days 00:00:23.833000,0 days 00:00:41.700000,0 days 00:00:23.465000,0 days 00:39:03.001000,0 days 00:39:44.701000,0 days 00:40:08.166000,164.0,142.0,266.0,242.0,False,MEDIUM,4.0,True,Williams,0 days 00:38:39.168000,,1,,False,,False,True
2023-06,FP1,0 days 00:41:22.897000,ALB,23,0 days 00:01:14.731000,18.0,2.0,,,0 days 00:00:19.610000,0 days 00:00:35.312000,0 days 00:00:19.809000,0 days 00:40:27.776000,0 days 00:41:03.088000,0 days 00:41:22.897000,208.0,195.0,265.0,276.0,True,MEDIUM,5.0,True,Williams,0 days 00:40:08.166000,,1,,False,,False,True
2023-06,FP1,0 days 00:42:37.842000,ALB,23,0 days 00:01:14.945000,19.0,2.0,,,0 days 00:00:19.552000,0 days 00:00:35.460000,0 days 00:00:19.933000,0 days 00:41:42.449000,0 days 00:42:17.909000,0 days 00:42:37.842000,209.0,193.0,265.0,276.0,False,MEDIUM,6.0,True,Williams,0 days 00:41:22.897000,,1,,False,,False,True
2023-06,FP1,0 days 00:44:19.952000,ALB,23,0 days 00:01:42.110000,20.0,2.0,,,0 days 00:00:28.247000,0 days 00:00:49.599000,0 days 00:00:24.264000,0 days 00:43:06.089000,0 days 00:43:55.688000,0 days 00:44:19.952000,120.0,169.0,267.0,208.0,False,MEDIUM,7.0,True,Williams,0 days 00:42:37.842000,,1,,False,,False,True
2023-06,FP1,0 days 00:46:02.943000,ALB,23,0 days 00:01:42.991000,21.0,2.0,,0 days 00:45:35.758000,0 days 00:00:19.608000,0 days 00:00:38.986000,0 days 00:00:44.397000,0 days 00:44:39.560000,0 days 00:45:18.546000,0 days 00:46:02.943000,204.0,153.0,,240.0,False,MEDIUM,8.0,True,Williams,0 days 00:44:19.952000,,1,,False,,False,False
2023-06,FP1,0 days 00:47:35.058000,ALB,23,0 days 00:01:32.115000,22.0,3.0,0 days 00:46:03.633000,,0 days 00:00:27.442000,0 days 00:00:43.246000,0 days 00:00:21.427000,0 days 00:46:30.385000,0 days 00:47:13.631000,0 days 00:47:35.058000,173.0,163.0,268.0,260.0,False,MEDIUM,9.0,False,Williams,0 days 00:46:02.943000,,1,,False,,False,False
2023-06,FP1,0 days 00:48:49.724000,ALB,23,0 days 00:01:14.666000,23.0,3.0,,,0 days 00:00:19.451000,0 days 00:00:35.323000,0 days 00:00:19.892000,0 days 00:47:54.509000,0 days 00:48:29.832000,0 days 00:48:49.724000,207.0,195.0,267.0,279.0,True,MEDIUM,10.0,False,Williams,0 days 00:47:35.058000,,1,,False,,False,True
2023-06,FP1,0 days 00:50:46.578000,ALB,23,0 days 00:01:56.854000,24.0,3.0,,,0 days 00:00:28.190000,0 days 00:00:49.198000,0 days 00:00:39.466000,0 days 00:49:17.914000,0 days 00:50:07.112000,0 days 00:50:46.578000,103.0,170.0,205.0,225.0,False,MEDIUM,11.0,False,Williams,0 days 00:48:49.724000,,12,,False,,False,True
2023-06,FP1,0 days 01:01:39.341000,ALB,23,,25.0,3.0,,0 days 00:52:39.909000,,,,,,,,,,,False,MEDIUM,12.0,False,Williams,0 days 00:50:46.578000,,152,,False,,False,False
2023-06,FP1,0 days 01:03:26.396000,ALB,23,0 days 00:01:47.055000,26.0,4.0,0 days 01:01:39.981000,,0 days 00:00:32.362000,0 days 00:00:46.015000,0 days 00:00:28.678000,0 days 01:02:11.703000,0 days 01:02:57.718000,0 days 01:03:26.396000,111.0,146.0,259.0,226.0,False,HARD,14.0,False,Williams,0 days 01:01:39.981000,,1,,False,,False,False
2023-06,FP1,0 days 01:04:47.074000,ALB,23,0 days 00:01:20.678000,27.0,4.0,,,0 days 00:00:20.472000,0 days 00:00:36.683000,0 days 00:00:23.523000,0 days 01:03:46.868000,0 days 01:04:23.551000,0 days 01:04:47.074000,194.0,183.0,264.0,277.0,False,HARD,15.0,False,Williams,0 days 01:03:26.396000,,1,,False,,False,True
2023-06,FP1,0 days 01:06:04.616000,ALB,23,0 days 00:01:17.542000,28.0,4.0,,,0 days 00:00:20.493000,0 days 00:00:36.461000,0 days 00:00:20.588000,0 days 01:05:07.567000,0 days 01:05:44.028000,0 days 01:06:04.616000,195.0,187.0,262.0,277.0,False,HARD,16.0,False,Williams,0 days 01:04:47.074000,,1,,False,,False,True
2023-06,FP1,0 days 01:07:21.540000,ALB,23,0 days 00:01:16.924000,29.0,4.0,,,0 days 00:00:20.202000,0 days 00:00:36.197000,0 days 00:00:20.525000,0 days 01:06:24.818000,0 days 01:07:01.015000,0 days 01:07:21.540000,202.0,187.0,258.0,279.0,False,HARD,17.0,False,Williams,0 days 01:06:04.616000,,1,,False,,False,True
2023-06,FP1,0 days 01:08:38.356000,ALB,23,0 days 00:01:16.816000,30.0,4.0,,,0 days 00:00:20.142000,0 days 00:00:36.165000,0 days 00:00:20.509000,0 days 01:07:41.682000,0 days 01:08:17.847000,0 days 01:08:38.356000,199.0,187.0,256.0,278.0,False,HARD,18.0,False,Williams,0 days 01:07:21.540000,,1,,False,,False,True
2023-06,FP1,0 days 01:09:54.802000,ALB,23,0 days 00:01:16.446000,31.0,4.0,,,0 days 00:00:19.913000,0 days 00:00:36.187000,0 days 00:00:20.346000,0 days 01:08:58.269000,0 days 01:09:34.456000,0 days 01:09:54.802000,205.0,189.0,258.0,278.0,False,HARD,19.0,False,Williams,0 days 01:08:38.356000,,1,,False,,False,True
2023-06,FP1,0 days 00:15:51.542000,ZHO,24,0 days 00:01:41.322000,1.0,1.0,0 days 00:14:11.061000,,0 days 00:00:30.317000,0 days 00:00:45.331000,0 days 00:00:25.674000,0 days 00:14:40.717000,0 days 00:15:26.075000,0 days 00:15:51.606000,147.0,144.0,249.0,234.0,False,HARD,1.0,True,Alfa Romeo,0 days 00:14:11.061000,,1,,False,,False,False
2023-06,FP1,0 days 00:17:15.296000,ZHO,24,0 days 00:01:23.754000,2.0,1.0,,,0 days 00:00:22.865000,0 days 00:00:39.189000,0 days 00:00:21.700000,0 days 00:16:14.407000,0 days 00:16:53.596000,0 days 00:17:15.296000,175.0,182.0,260.0,271.0,True,HARD,2.0,True,Alfa Romeo,0 days 00:15:51.542000,,1,,False,,False,True
2023-06,FP1,0 days 00:18:37.586000,ZHO,24,0 days 00:01:22.290000,3.0,1.0,,,0 days 00:00:22.085000,0 days 00:00:38.130000,0 days 00:00:22.075000,0 days 00:17:37.381000,0 days 00:18:15.511000,0 days 00:18:37.586000,186.0,182.0,262.0,277.0,True,HARD,3.0,True,Alfa Romeo,0 days 00:17:15.296000,,1,,False,,False,True
2023-06,FP1,0 days 00:19:55.802000,ZHO,24,0 days 00:01:18.216000,4.0,1.0,,,0 days 00:00:20.875000,0 days 00:00:36.632000,0 days 00:00:20.709000,0 days 00:18:58.461000,0 days 00:19:35.093000,0 days 00:19:55.802000,198.0,185.0,263.0,277.0,True,HARD,4.0,True,Alfa Romeo,0 days 00:18:37.586000,,1,,False,,False,True
2023-06,FP1,0 days 00:21:21.131000,ZHO,24,0 days 00:01:25.329000,5.0,1.0,,,0 days 00:00:20.572000,0 days 00:00:39.925000,0 days 00:00:24.832000,0 days 00:20:16.374000,0 days 00:20:56.299000,0 days 00:21:21.131000,201.0,135.0,263.0,278.0,False,HARD,5.0,True,Alfa Romeo,0 days 00:19:55.802000,,12,,False,,False,True
2023-06,FP1,0 days 00:22:38.852000,ZHO,24,0 days 00:01:17.721000,6.0,1.0,,,0 days 00:00:20.497000,0 days 00:00:36.617000,0 days 00:00:20.607000,0 days 00:21:41.628000,0 days 00:22:18.245000,0 days 00:22:38.852000,203.0,187.0,266.0,276.0,True,HARD,6.0,True,Alfa Romeo,0 days 00:21:21.131000,,1,,False,,False,True
2023-06,FP1,0 days 00:24:16.572000,ZHO,24,0 days 00:01:37.720000,7.0,1.0,,,0 days 00:00:28.178000,0 days 00:00:46.840000,0 days 00:00:22.702000,0 days 00:23:07.030000,0 days 00:23:53.870000,0 days 00:24:16.572000,87.0,169.0,264.0,253.0,False,HARD,7.0,True,Alfa Romeo,0 days 00:22:38.852000,,1,,False,,False,True
2023-06,FP1,0 days 00:25:33.959000,ZHO,24,0 days 00:01:17.387000,8.0,1.0,,,0 days 00:00:20.392000,0 days 00:00:36.446000,0 days 00:00:20.549000,0 days 00:24:36.964000,0 days 00:25:13.410000,0 days 00:25:33.959000,201.0,189.0,264.0,276.0,True,HARD,8.0,True,Alfa Romeo,0 days 00:24:16.572000,,1,,False,,False,True
2023-06,FP1,0 days 00:27:09.856000,ZHO,24,0 days 00:01:35.897000,9.0,1.0,,,0 days 00:00:28.847000,0 days 00:00:44.732000,0 days 00:00:22.318000,0 days 00:26:02.806000,0 days 00:26:47.538000,0 days 00:27:09.856000,92.0,171.0,264.0,256.0,False,HARD,9.0,True,Alfa Romeo,0 days 00:25:33.959000,,1,,False,,False,True
2023-06,FP1,0 days 00:28:58.811000,ZHO,24,0 days 00:01:48.955000,10.0,1.0,,0 days 00:28:33.223000,0 days 00:00:20.305000,0 days 00:00:41.128000,0 days 00:00:47.522000,0 days 00:27:30.161000,0 days 00:28:11.289000,0 days 00:28:58.811000,202.0,131.0,,280.0,False,HARD,10.0,True,Alfa Romeo,0 days 00:27:09.856000,,1,,False,,False,False
2023-06,FP1,0 days 00:30:54.455000,ZHO,24,0 days 00:01:55.644000,11.0,2.0,0 days 00:28:59.535000,,0 days 00:00:31.018000,0 days 00:00:55.168000,0 days 00:00:29.458000,0 days 00:29:29.829000,0 days 00:30:24.997000,0 days 00:30:54.455000,69.0,91.0,263.0,213.0,False,HARD,11.0,False,Alfa Romeo,0 days 00:28:58.811000,,1,,False,,False,False
2023-06,FP1,0 days 00:32:11.455000,ZHO,24,0 days 00:01:17,12.0,2.0,,,0 days 00:00:20.269000,0 days 00:00:36.346000,0 days 00:00:20.385000,0 days 00:31:14.724000,0 days 00:31:51.070000,0 days 00:32:11.455000,202.0,188.0,264.0,278.0,True,HARD,12.0,False,Alfa Romeo,0 days 00:30:54.455000,,1,,False,,False,True
2023-06,FP1,0 days 00:47:32.416000,ZHO,24,,13.0,2.0,,0 days 00:33:36.516000,0 days 00:00:25.047000,0 days 00:00:40.944000,,0 days 00:32:36.704000,0 days 00:33:17.641000,,187.0,143.0,,257.0,False,HARD,13.0,False,Alfa Romeo,0 days 00:32:11.455000,,1,,False,,False,False
2023-06,FP1,0 days 00:49:14.139000,ZHO,24,0 days 00:01:41.723000,14.0,3.0,0 days 00:47:33.038000,,0 days 00:00:28.539000,0 days 00:00:46.360000,0 days 00:00:26.824000,0 days 00:48:00.955000,0 days 00:48:47.315000,0 days 00:49:14.139000,162.0,153.0,262.0,238.0,False,MEDIUM,1.0,True,Alfa Romeo,0 days 00:47:32.416000,,1,,False,,False,False
2023-06,FP1,0 days 00:50:36.380000,ZHO,24,0 days 00:01:22.241000,15.0,3.0,,,0 days 00:00:20.031000,0 days 00:00:35.991000,0 days 00:00:26.219000,0 days 00:49:34.170000,0 days 00:50:10.161000,0 days 00:50:36.380000,205.0,192.0,230.0,275.0,False,MEDIUM,2.0,True,Alfa Romeo,0 days 00:49:14.139000,,12,,False,,False,True
2023-06,FP1,0 days 00:55:02.616000,ZHO,24,,16.0,3.0,,0 days 00:52:18.863000,,,,,,,,,,,False,MEDIUM,3.0,True,Alfa Romeo,0 days 00:50:36.380000,,15,,False,,False,False
2023-06,FP1,0 days 00:56:32.694000,ZHO,24,0 days 00:01:30.078000,17.0,4.0,0 days 00:55:03.314000,,0 days 00:00:27.226000,0 days 00:00:40.037000,0 days 00:00:22.815000,0 days 00:55:29.842000,0 days 00:56:09.879000,0 days 00:56:32.694000,174.0,169.0,261.0,258.0,False,MEDIUM,4.0,False,Alfa Romeo,0 days 00:55:03.314000,,1,,False,,False,False
2023-06,FP1,0 days 00:57:48.552000,ZHO,24,0 days 00:01:15.858000,18.0,4.0,,,0 days 00:00:19.972000,0 days 00:00:35.815000,0 days 00:00:20.071000,0 days 00:56:52.666000,0 days 00:57:28.481000,0 days 00:57:48.552000,208.0,194.0,262.0,274.0,True,MEDIUM,5.0,False,Alfa Romeo,0 days 00:56:32.694000,,1,,False,,False,True
2023-06,FP1,0 days 00:59:24.596000,ZHO,24,0 days 00:01:36.044000,19.0,4.0,,,0 days 00:00:24.840000,0 days 00:00:45.283000,0 days 00:00:25.921000,0 days 00:58:13.392000,0 days 00:58:58.675000,0 days 00:59:24.596000,156.0,138.0,261.0,245.0,False,MEDIUM,6.0,False,Alfa Romeo,0 days 00:57:48.552000,,1,,False,,False,True
2023-06,FP1,0 days 01:00:40.341000,ZHO,24,0 days 00:01:15.745000,20.0,4.0,,,0 days 00:00:19.937000,0 days 00:00:35.577000,0 days 00:00:20.231000,0 days 00:59:44.533000,0 days 01:00:20.110000,0 days 01:00:40.341000,212.0,195.0,263.0,274.0,True,MEDIUM,7.0,False,Alfa Romeo,0 days 00:59:24.596000,,1,,False,,False,True
2023-06,FP1,0 days 01:02:24.807000,ZHO,24,0 days 00:01:44.466000,21.0,4.0,,,0 days 00:00:28.528000,0 days 00:00:49.762000,0 days 00:00:26.176000,0 days 01:01:08.869000,0 days 01:01:58.631000,0 days 01:02:24.807000,105.0,115.0,262.0,246.0,False,MEDIUM,8.0,False,Alfa Romeo,0 days 01:00:40.341000,,12,,False,,False,True
2023-06,FP1,0 days 01:03:40.491000,ZHO,24,0 days 00:01:15.684000,22.0,4.0,,,0 days 00:00:19.786000,0 days 00:00:35.709000,0 days 00:00:20.189000,0 days 01:02:44.593000,0 days 01:03:20.302000,0 days 01:03:40.491000,211.0,194.0,263.0,275.0,True,MEDIUM,9.0,False,Alfa Romeo,0 days 01:02:24.807000,,1,,False,,False,True
2023-06,FP1,0 days 01:05:21.515000,ZHO,24,0 days 00:01:41.024000,23.0,4.0,,,0 days 00:00:31.671000,0 days 00:00:44.687000,0 days 00:00:24.666000,0 days 01:04:12.162000,0 days 01:04:56.849000,0 days 01:05:21.515000,42.0,157.0,262.0,249.0,False,MEDIUM,10.0,False,Alfa Romeo,0 days 01:03:40.491000,,1,,False,,False,True
2023-06,FP1,0 days 01:06:37.336000,ZHO,24,0 days 00:01:15.821000,24.0,4.0,,,0 days 00:00:19.760000,0 days 00:00:35.718000,0 days 00:00:20.343000,0 days 01:05:41.275000,0 days 01:06:16.993000,0 days 01:06:37.336000,213.0,191.0,265.0,277.0,False,MEDIUM,11.0,False,Alfa Romeo,0 days 01:05:21.515000,,1,,False,,False,True
2023-06,FP1,0 days 01:07:59.977000,ZHO,24,,25.0,4.0,,0 days 01:07:59.977000,0 days 00:00:23.366000,0 days 00:00:42.106000,,0 days 01:07:00.915000,0 days 01:07:43.040000,,171.0,175.0,,245.0,False,MEDIUM,12.0,False,Alfa Romeo,0 days 01:06:37.336000,,1,,False,,False,False
2023-06,FP1,0 days 00:16:40.951000,HUL,27,0 days 00:01:51.684000,1.0,1.0,0 days 00:14:49.904000,,0 days 00:00:35.583000,0 days 00:00:47.753000,0 days 00:00:28.348000,0 days 00:15:25.013000,0 days 00:16:12.778000,0 days 00:16:41.028000,142.0,145.0,251.0,241.0,False,HARD,1.0,True,Haas F1 Team,0 days 00:14:49.904000,,1,,False,,False,False
2023-06,FP1,0 days 00:18:02.114000,HUL,27,0 days 00:01:21.163000,2.0,1.0,,,0 days 00:00:21.688000,0 days 00:00:37.998000,0 days 00:00:21.477000,0 days 00:17:02.639000,0 days 00:17:40.637000,0 days 00:18:02.114000,186.0,182.0,262.0,275.0,True,HARD,2.0,True,Haas F1 Team,0 days 00:16:40.951000,,1,,False,,False,True
2023-06,FP1,0 days 00:19:20.151000,HUL,27,0 days 00:01:18.037000,3.0,1.0,,,0 days 00:00:20.626000,0 days 00:00:36.654000,0 days 00:00:20.757000,0 days 00:18:22.740000,0 days 00:18:59.394000,0 days 00:19:20.151000,195.0,187.0,263.0,275.0,True,HARD,3.0,True,Haas F1 Team,0 days 00:18:02.114000,,1,,False,,False,True
2023-06,FP1,0 days 00:20:36.477000,HUL,27,0 days 00:01:16.326000,4.0,1.0,,,0 days 00:00:20.107000,0 days 00:00:35.819000,0 days 00:00:20.400000,0 days 00:19:40.258000,0 days 00:20:16.077000,0 days 00:20:36.477000,203.0,191.0,264.0,277.0,True,HARD,4.0,True,Haas F1 Team,0 days 00:19:20.151000,,1,,False,,False,True
2023-06,FP1,0 days 00:22:04.192000,HUL,27,0 days 00:01:27.715000,5.0,1.0,,,0 days 00:00:19.779000,0 days 00:00:41.558000,0 days 00:00:26.378000,0 days 00:20:56.256000,0 days 00:21:37.814000,0 days 00:22:04.192000,204.0,137.0,262.0,247.0,False,HARD,5.0,True,Haas F1 Team,0 days 00:20:36.477000,,12,,False,,False,True
2023-06,FP1,0 days 00:23:21.006000,HUL,27,0 days 00:01:16.814000,6.0,1.0,,,0 days 00:00:20.144000,0 days 00:00:36.245000,0 days 00:00:20.425000,0 days 00:22:24.336000,0 days 00:23:00.581000,0 days 00:23:21.006000,202.0,190.0,264.0,277.0,False,HARD,6.0,True,Haas F1 Team,0 days 00:22:04.192000,,1,,False,,False,True
2023-06,FP1,0 days 00:24:43.842000,HUL,27,0 days 00:01:22.836000,7.0,1.0,,,0 days 00:00:19.982000,0 days 00:00:36.192000,0 days 00:00:26.662000,0 days 00:23:40.988000,0 days 00:24:17.180000,0 days 00:24:43.842000,207.0,178.0,172.0,277.0,False,HARD,7.0,True,Haas F1 Team,0 days 00:23:21.006000,,1,,False,,False,True
2023-06,FP1,0 days 00:26:37.304000,HUL,27,0 days 00:01:53.462000,8.0,1.0,,,0 days 00:00:30.670000,0 days 00:00:51.867000,0 days 00:00:30.925000,0 days 00:25:14.512000,0 days 00:26:06.379000,0 days 00:26:37.304000,79.0,85.0,262.0,197.0,False,HARD,8.0,True,Haas F1 Team,0 days 00:24:43.842000,,1,,False,,False,True
2023-06,FP1,0 days 00:27:53.903000,HUL,27,0 days 00:01:16.599000,9.0,1.0,,,0 days 00:00:20.028000,0 days 00:00:36.147000,0 days 00:00:20.424000,0 days 00:26:57.332000,0 days 00:27:33.479000,0 days 00:27:53.903000,202.0,190.0,264.0,276.0,False,HARD,9.0,True,Haas F1 Team,0 days 00:26:37.304000,,1,,False,,False,True
2023-06,FP1,0 days 00:29:10.046000,HUL,27,0 days 00:01:16.143000,10.0,1.0,,,0 days 00:00:20.149000,0 days 00:00:35.855000,0 days 00:00:20.139000,0 days 00:28:14.052000,0 days 00:28:49.907000,0 days 00:29:10.046000,208.0,191.0,266.0,276.0,True,HARD,10.0,True,Haas F1 Team,0 days 00:27:53.903000,,1,,False,,False,True
2023-06,FP1,0 days 00:30:46.343000,HUL,27,0 days 00:01:36.297000,11.0,1.0,,,0 days 00:00:23.772000,0 days 00:00:44.603000,0 days 00:00:27.922000,0 days 00:29:33.818000,0 days 00:30:18.421000,0 days 00:30:46.343000,132.0,162.0,266.0,256.0,False,HARD,11.0,True,Haas F1 Team,0 days 00:29:10.046000,,1,,False,,False,True
2023-06,FP1,0 days 00:32:02.128000,HUL,27,0 days 00:01:15.785000,12.0,1.0,,,0 days 00:00:19.794000,0 days 00:00:35.780000,0 days 00:00:20.211000,0 days 00:31:06.137000,0 days 00:31:41.917000,0 days 00:32:02.128000,206.0,192.0,265.0,276.0,True,HARD,12.0,True,Haas F1 Team,0 days 00:30:46.343000,,1,,False,,False,True
2023-06,FP1,0 days 00:44:13.347000,HUL,27,,13.0,1.0,,0 days 00:33:26.141000,0 days 00:00:21.482000,0 days 00:00:44.508000,,0 days 00:32:23.830000,0 days 00:33:08.298000,,181.0,173.0,,246.0,False,HARD,13.0,True,Haas F1 Team,0 days 00:32:02.128000,,1,,False,,False,False
2023-06,FP1,0 days 00:45:53.947000,HUL,27,0 days 00:01:40.600000,14.0,2.0,0 days 00:44:13.978000,,0 days 00:00:26.573000,0 days 00:00:44.746000,0 days 00:00:29.281000,0 days 00:44:39.920000,0 days 00:45:24.666000,0 days 00:45:53.947000,102.0,128.0,262.0,267.0,False,MEDIUM,1.0,True,Haas F1 Team,0 days 00:44:13.347000,,1,,False,,False,False
2023-06,FP1,0 days 00:47:15.398000,HUL,27,0 days 00:01:21.451000,15.0,2.0,,,0 days 00:00:21.069000,0 days 00:00:37.520000,0 days 00:00:22.862000,0 days 00:46:15.016000,0 days 00:46:52.536000,0 days 00:47:15.398000,191.0,180.0,264.0,272.0,False,MEDIUM,2.0,True,Haas F1 Team,0 days 00:45:53.947000,,1,,False,,False,True
2023-06,FP1,0 days 00:48:36.128000,HUL,27,0 days 00:01:20.730000,16.0,2.0,,,0 days 00:00:19.749000,0 days 00:00:38.909000,0 days 00:00:22.072000,0 days 00:47:35.147000,0 days 00:48:14.056000,0 days 00:48:36.128000,202.0,138.0,262.0,276.0,False,MEDIUM,3.0,True,Haas F1 Team,0 days 00:47:15.398000,,1,,False,,False,True
2023-06,FP1,0 days 00:50:27.177000,HUL,27,,17.0,2.0,,0 days 00:50:27.177000,0 days 00:00:19.682000,0 days 00:00:58.204000,,0 days 00:48:55.928000,0 days 00:49:54.208000,,205.0,68.0,,276.0,False,MEDIUM,4.0,True,Haas F1 Team,0 days 00:48:36.128000,,12,,False,,False,False
2023-06,FP1,0 days 00:16:19.654000,OCO,31,0 days 00:01:41.658000,1.0,1.0,0 days 00:14:38.920000,,0 days 00:00:29.935000,0 days 00:00:40.862000,0 days 00:00:30.861000,0 days 00:15:08.107000,0 days 00:15:49.013000,0 days 00:16:19.762000,141.0,160.0,256.0,255.0,False,HARD,1.0,True,Alpine,0 days 00:14:38.920000,,1,,False,,False,False
2023-06,FP1,0 days 00:17:39.850000,OCO,31,0 days 00:01:20.196000,2.0,1.0,,,0 days 00:00:21.839000,0 days 00:00:37.338000,0 days 00:00:21.019000,0 days 00:16:41.493000,0 days 00:17:18.831000,0 days 00:17:39.850000,178.0,179.0,260.0,270.0,True,HARD,2.0,True,Alpine,0 days 00:16:19.654000,,1,,False,,False,True
2023-06,FP1,0 days 00:18:57.704000,OCO,31,0 days 00:01:17.854000,3.0,1.0,,,0 days 00:00:20.906000,0 days 00:00:36.338000,0 days 00:00:20.610000,0 days 00:18:00.756000,0 days 00:18:37.094000,0 days 00:18:57.704000,188.0,185.0,259.0,271.0,True,HARD,3.0,True,Alpine,0 days 00:17:39.850000,,1,,False,,False,True
2023-06,FP1,0 days 00:20:15.051000,OCO,31,0 days 00:01:17.347000,4.0,1.0,,,0 days 00:00:20.583000,0 days 00:00:36.196000,0 days 00:00:20.568000,0 days 00:19:18.287000,0 days 00:19:54.483000,0 days 00:20:15.051000,190.0,183.0,262.0,273.0,True,HARD,4.0,True,Alpine,0 days 00:18:57.704000,,1,,False,,False,True
2023-06,FP1,0 days 00:21:47.232000,OCO,31,0 days 00:01:32.181000,5.0,1.0,,,0 days 00:00:25.530000,0 days 00:00:44.314000,0 days 00:00:22.337000,0 days 00:20:40.581000,0 days 00:21:24.895000,0 days 00:21:47.232000,66.0,158.0,261.0,213.0,False,HARD,5.0,True,Alpine,0 days 00:20:15.051000,,12,,False,,False,True
2023-06,FP1,0 days 00:23:04.219000,OCO,31,0 days 00:01:16.987000,6.0,1.0,,,0 days 00:00:20.539000,0 days 00:00:35.976000,0 days 00:00:20.472000,0 days 00:22:07.771000,0 days 00:22:43.747000,0 days 00:23:04.219000,193.0,190.0,262.0,273.0,True,HARD,6.0,True,Alpine,0 days 00:21:47.232000,,1,,False,,False,True
2023-06,FP1,0 days 00:24:40.922000,OCO,31,0 days 00:01:36.703000,7.0,1.0,,,0 days 00:00:23.267000,0 days 00:00:44.362000,0 days 00:00:29.074000,0 days 00:23:27.486000,0 days 00:24:11.848000,0 days 00:24:40.922000,139.0,117.0,261.0,206.0,False,HARD,7.0,True,Alpine,0 days 00:23:04.219000,,1,,False,,False,True
2023-06,FP1,0 days 00:25:57.521000,OCO,31,0 days 00:01:16.599000,8.0,1.0,,,0 days 00:00:20.353000,0 days 00:00:35.845000,0 days 00:00:20.401000,0 days 00:25:01.275000,0 days 00:25:37.120000,0 days 00:25:57.521000,195.0,190.0,263.0,273.0,True,HARD,8.0,True,Alpine,0 days 00:24:40.922000,,1,,False,,False,True
2023-06,FP1,0 days 00:27:30.068000,OCO,31,0 days 00:01:32.547000,9.0,1.0,,,0 days 00:00:24.530000,0 days 00:00:43.855000,0 days 00:00:24.162000,0 days 00:26:22.051000,0 days 00:27:05.906000,0 days 00:27:30.068000,130.0,139.0,260.0,231.0,False,HARD,9.0,True,Alpine,0 days 00:25:57.521000,,1,,False,,False,True
2023-06,FP1,0 days 00:28:46.306000,OCO,31,0 days 00:01:16.238000,10.0,1.0,,,0 days 00:00:20.292000,0 days 00:00:35.717000,0 days 00:00:20.229000,0 days 00:27:50.360000,0 days 00:28:26.077000,0 days 00:28:46.306000,196.0,190.0,262.0,273.0,True,HARD,10.0,True,Alpine,0 days 00:27:30.068000,,1,,False,,False,True
2023-06,FP1,0 days 00:30:23.181000,OCO,31,0 days 00:01:36.875000,11.0,1.0,,,0 days 00:00:28.415000,0 days 00:00:44.141000,0 days 00:00:24.319000,0 days 00:29:14.721000,0 days 00:29:58.862000,0 days 00:30:23.181000,59.0,155.0,260.0,193.0,False,HARD,11.0,True,Alpine,0 days 00:28:46.306000,,1,,False,,False,True
2023-06,FP1,0 days 00:31:38.832000,OCO,31,0 days 00:01:15.651000,12.0,1.0,,,0 days 00:00:20.056000,0 days 00:00:35.453000,0 days 00:00:20.142000,0 days 00:30:43.237000,0 days 00:31:18.690000,0 days 00:31:38.832000,200.0,191.0,261.0,273.0,True,HARD,12.0,True,Alpine,0 days 00:30:23.181000,,1,,False,,False,True
2023-06,FP1,0 days 00:33:17.188000,OCO,31,0 days 00:01:38.356000,13.0,1.0,,,0 days 00:00:25.985000,0 days 00:00:44.333000,0 days 00:00:28.038000,0 days 00:32:04.817000,0 days 00:32:49.150000,0 days 00:33:17.188000,115.0,138.0,259.0,201.0,False,HARD,13.0,True,Alpine,0 days 00:31:38.832000,,1,,False,,False,True
2023-06,FP1,0 days 00:34:33.375000,OCO,31,0 days 00:01:16.187000,14.0,1.0,,,0 days 00:00:20.084000,0 days 00:00:35.839000,0 days 00:00:20.264000,0 days 00:33:37.272000,0 days 00:34:13.111000,0 days 00:34:33.375000,201.0,187.0,261.0,271.0,False,HARD,14.0,True,Alpine,0 days 00:33:17.188000,,1,,False,,False,True
2023-06,FP1,0 days 00:35:49.509000,OCO,31,0 days 00:01:16.134000,15.0,1.0,,,0 days 00:00:19.944000,0 days 00:00:35.938000,0 days 00:00:20.252000,0 days 00:34:53.319000,0 days 00:35:29.257000,0 days 00:35:49.509000,202.0,190.0,264.0,276.0,False,HARD,15.0,True,Alpine,0 days 00:34:33.375000,,1,,False,,False,True
2023-06,FP1,0 days 00:37:06.499000,OCO,31,0 days 00:01:16.990000,16.0,1.0,,,0 days 00:00:20.033000,0 days 00:00:36.351000,0 days 00:00:20.606000,0 days 00:36:09.542000,0 days 00:36:45.893000,0 days 00:37:06.499000,200.0,187.0,263.0,277.0,False,HARD,16.0,True,Alpine,0 days 00:35:49.509000,,1,,False,,False,True
2023-06,FP1,0 days 00:38:23.221000,OCO,31,0 days 00:01:16.722000,17.0,1.0,,,0 days 00:00:19.982000,0 days 00:00:36.283000,0 days 00:00:20.457000,0 days 00:37:26.481000,0 days 00:38:02.764000,0 days 00:38:23.221000,202.0,187.0,261.0,275.0,False,HARD,17.0,True,Alpine,0 days 00:37:06.499000,,1,,False,,False,True
2023-06,FP1,0 days 00:53:59.839000,OCO,31,,18.0,1.0,,0 days 00:39:37.371000,0 days 00:00:21.181000,0 days 00:00:38.129000,,0 days 00:38:44.606000,0 days 00:39:22.715000,,184.0,162.0,,256.0,False,HARD,18.0,True,Alpine,0 days 00:38:23.221000,,125,,False,,False,False
2023-06,FP1,0 days 00:55:26.108000,OCO,31,0 days 00:01:26.269000,19.0,2.0,0 days 00:54:00.549000,,0 days 00:00:26.064000,0 days 00:00:38.615000,0 days 00:00:21.590000,0 days 00:54:25.903000,0 days 00:55:04.518000,0 days 00:55:26.108000,169.0,175.0,260.0,253.0,False,MEDIUM,1.0,True,Alpine,0 days 00:54:00.549000,,1,,False,,False,False
2023-06,FP1,0 days 00:56:41.266000,OCO,31,0 days 00:01:15.158000,20.0,2.0,,,0 days 00:00:19.921000,0 days 00:00:35.301000,0 days 00:00:19.936000,0 days 00:55:46.029000,0 days 00:56:21.330000,0 days 00:56:41.266000,206.0,193.0,260.0,273.0,True,MEDIUM,2.0,True,Alpine,0 days 00:55:26.108000,,1,,False,,False,True
2023-06,FP1,0 days 00:58:22.218000,OCO,31,0 days 00:01:40.952000,21.0,2.0,,,0 days 00:00:29.701000,0 days 00:00:43.477000,0 days 00:00:27.774000,0 days 00:57:10.967000,0 days 00:57:54.444000,0 days 00:58:22.218000,76.0,157.0,261.0,214.0,False,MEDIUM,3.0,True,Alpine,0 days 00:56:41.266000,,1,,False,,False,True
2023-06,FP1,0 days 00:59:40.820000,OCO,31,0 days 00:01:18.602000,22.0,2.0,,,0 days 00:00:19.817000,0 days 00:00:35.262000,0 days 00:00:23.523000,0 days 00:58:42.035000,0 days 00:59:17.297000,0 days 00:59:40.820000,203.0,193.0,190.0,274.0,False,MEDIUM,4.0,True,Alpine,0 days 00:58:22.218000,,1,,False,,False,True
2023-06,FP1,0 days 01:01:32.535000,OCO,31,0 days 00:01:51.715000,23.0,2.0,,,0 days 00:00:27.475000,0 days 00:00:51.873000,0 days 00:00:32.367000,0 days 01:00:08.295000,0 days 01:01:00.168000,0 days 01:01:32.535000,99.0,69.0,260.0,206.0,False,MEDIUM,5.0,True,Alpine,0 days 00:59:40.820000,,12,,False,,False,True
2023-06,FP1,0 days 01:02:47.685000,OCO,31,0 days 00:01:15.150000,24.0,2.0,,,0 days 00:00:19.758000,0 days 00:00:35.254000,0 days 00:00:20.138000,0 days 01:01:52.293000,0 days 01:02:27.547000,0 days 01:02:47.685000,210.0,191.0,261.0,275.0,True,MEDIUM,6.0,True,Alpine,0 days 01:01:32.535000,,1,,False,,False,True
2023-06,FP1,0 days 01:04:42.027000,OCO,31,0 days 00:01:54.342000,25.0,2.0,,,0 days 00:00:32.144000,0 days 00:00:48.956000,0 days 00:00:33.242000,0 days 01:03:19.829000,0 days 01:04:08.785000,0 days 01:04:42.027000,75.0,111.0,172.0,184.0,False,MEDIUM,7.0,True,Alpine,0 days 01:02:47.685000,,1,,False,,False,True
2023-06,FP1,0 days 01:06:20.504000,OCO,31,0 days 00:01:38.477000,26.0,2.0,,,0 days 00:00:30.172000,0 days 00:00:44.564000,0 days 00:00:23.741000,0 days 01:05:12.199000,0 days 01:05:56.763000,0 days 01:06:20.504000,110.0,174.0,260.0,259.0,False,MEDIUM,8.0,True,Alpine,0 days 01:04:42.027000,,1,,False,,False,True
2023-06,FP1,0 days 01:07:35.089000,OCO,31,0 days 00:01:14.585000,27.0,2.0,,,0 days 00:00:19.657000,0 days 00:00:35.171000,0 days 00:00:19.757000,0 days 01:06:40.161000,0 days 01:07:15.332000,0 days 01:07:35.089000,205.0,195.0,260.0,273.0,True,MEDIUM,9.0,True,Alpine,0 days 01:06:20.504000,,1,,False,,False,True
2023-06,FP1,0 days 01:09:17.470000,OCO,31,0 days 00:01:42.381000,28.0,2.0,,,0 days 00:00:25.083000,0 days 00:00:44.434000,0 days 00:00:32.864000,0 days 01:08:00.172000,0 days 01:08:44.606000,0 days 01:09:17.470000,131.0,144.0,206.0,188.0,False,MEDIUM,10.0,True,Alpine,0 days 01:07:35.089000,,1,,False,,False,True
2023-06,FP1,0 days 01:10:49.928000,OCO,31,,29.0,2.0,,0 days 01:10:49.928000,0 days 00:00:24.437000,,,0 days 01:09:42.101000,,,161.0,,,259.0,False,MEDIUM,11.0,True,Alpine,0 days 01:09:17.470000,,125,,False,,False,False
2023-06,FP1,0 days 00:16:13.031000,HAM,44,0 days 00:01:39.323000,1.0,1.0,0 days 00:14:34.545000,,0 days 00:00:27.779000,0 days 00:00:40.800000,0 days 00:00:30.744000,0 days 00:15:01.685000,0 days 00:15:42.481000,0 days 00:16:13.153000,144.0,171.0,262.0,258.0,False,HARD,1.0,True,Mercedes,0 days 00:14:34.545000,,1,,False,,False,False
2023-06,FP1,0 days 00:17:33.076000,HAM,44,0 days 00:01:20.045000,2.0,1.0,,,0 days 00:00:21.826000,0 days 00:00:37.252000,0 days 00:00:20.967000,0 days 00:16:34.857000,0 days 00:17:12.109000,0 days 00:17:33.076000,179.0,183.0,263.0,275.0,True,HARD,2.0,True,Mercedes,0 days 00:16:13.031000,,1,,False,,False,True
2023-06,FP1,0 days 00:18:50.500000,HAM,44,0 days 00:01:17.424000,3.0,1.0,,,0 days 00:00:20.564000,0 days 00:00:36.307000,0 days 00:00:20.553000,0 days 00:17:53.640000,0 days 00:18:29.947000,0 days 00:18:50.500000,202.0,187.0,264.0,277.0,True,HARD,3.0,True,Mercedes,0 days 00:17:33.076000,,1,,False,,False,True
2023-06,FP1,0 days 00:20:07.603000,HAM,44,0 days 00:01:17.103000,4.0,1.0,,,0 days 00:00:20.314000,0 days 00:00:36.028000,0 days 00:00:20.761000,0 days 00:19:10.814000,0 days 00:19:46.842000,0 days 00:20:07.603000,207.0,189.0,267.0,278.0,True,HARD,4.0,True,Mercedes,0 days 00:18:50.500000,,1,,False,,False,True
2023-06,FP1,0 days 00:21:57.483000,HAM,44,0 days 00:01:49.880000,5.0,1.0,,,0 days 00:00:27.293000,0 days 00:00:56.802000,0 days 00:00:25.785000,0 days 00:20:34.896000,0 days 00:21:31.698000,0 days 00:21:57.483000,106.0,159.0,264.0,225.0,False,HARD,5.0,True,Mercedes,0 days 00:20:07.603000,,12,,False,,False,True
2023-06,FP1,0 days 00:23:13.679000,HAM,44,0 days 00:01:16.196000,6.0,1.0,,,0 days 00:00:20.047000,0 days 00:00:36.105000,0 days 00:00:20.044000,0 days 00:22:17.530000,0 days 00:22:53.635000,0 days 00:23:13.679000,213.0,193.0,266.0,274.0,True,HARD,6.0,True,Mercedes,0 days 00:21:57.483000,,1,,False,,False,True
2023-06,FP1,0 days 00:25:16.235000,HAM,44,0 days 00:02:02.556000,7.0,1.0,,,0 days 00:00:29.066000,0 days 00:01:02.055000,0 days 00:00:31.435000,0 days 00:23:42.745000,0 days 00:24:44.800000,0 days 00:25:16.235000,81.0,71.0,265.0,172.0,False,HARD,7.0,True,Mercedes,0 days 00:23:13.679000,,1,,False,,False,True
2023-06,FP1,0 days 00:26:48.401000,HAM,44,0 days 00:01:32.166000,8.0,1.0,,,0 days 00:00:19.860000,0 days 00:00:39.495000,0 days 00:00:32.811000,0 days 00:25:36.095000,0 days 00:26:15.590000,0 days 00:26:48.401000,213.0,127.0,266.0,279.0,False,HARD,8.0,True,Mercedes,0 days 00:25:16.235000,,1,,False,,False,True
2023-06,FP1,0 days 00:28:04.191000,HAM,44,0 days 00:01:15.790000,9.0,1.0,,,0 days 00:00:19.828000,0 days 00:00:35.913000,0 days 00:00:20.049000,0 days 00:27:08.229000,0 days 00:27:44.142000,0 days 00:28:04.191000,210.0,190.0,264.0,278.0,True,HARD,9.0,True,Mercedes,0 days 00:26:48.401000,,1,,False,,False,True
2023-06,FP1,0 days 00:39:20.121000,HAM,44,,10.0,1.0,,0 days 00:29:20.160000,0 days 00:00:22.341000,0 days 00:00:38.140000,,0 days 00:28:26.770000,0 days 00:29:04.894000,,175.0,181.0,,257.0,False,HARD,10.0,True,Mercedes,0 days 00:28:04.191000,,1,,False,,False,False
2023-06,FP1,0 days 00:40:48.024000,HAM,44,0 days 00:01:27.903000,11.0,2.0,0 days 00:39:20.809000,,0 days 00:00:26.470000,0 days 00:00:39.251000,0 days 00:00:22.182000,0 days 00:39:46.591000,0 days 00:40:25.842000,0 days 00:40:48.024000,163.0,176.0,267.0,267.0,False,MEDIUM,1.0,True,Mercedes,0 days 00:39:20.121000,,1,,False,,False,False
2023-06,FP1,0 days 00:42:02.059000,HAM,44,0 days 00:01:14.035000,12.0,2.0,,,0 days 00:00:19.330000,0 days 00:00:35.112000,0 days 00:00:19.593000,0 days 00:41:07.354000,0 days 00:41:42.466000,0 days 00:42:02.059000,214.0,196.0,267.0,276.0,True,MEDIUM,2.0,True,Mercedes,0 days 00:40:48.024000,,1,,False,,False,True
2023-06,FP1,0 days 00:44:02.775000,HAM,44,0 days 00:02:00.716000,13.0,2.0,,,0 days 00:00:29.835000,0 days 00:00:57.101000,0 days 00:00:33.780000,0 days 00:42:31.894000,0 days 00:43:28.995000,0 days 00:44:02.775000,84.0,114.0,124.0,135.0,False,MEDIUM,3.0,True,Mercedes,0 days 00:42:02.059000,,1,,False,,False,True
2023-06,FP1,0 days 00:45:48.959000,HAM,44,0 days 00:01:46.184000,14.0,2.0,,,0 days 00:00:30.661000,0 days 00:00:46.755000,0 days 00:00:28.768000,0 days 00:44:33.436000,0 days 00:45:20.191000,0 days 00:45:48.959000,141.0,172.0,265.0,198.0,False,MEDIUM,4.0,True,Mercedes,0 days 00:44:02.775000,,1,,False,,False,True
2023-06,FP1,0 days 00:47:03.391000,HAM,44,0 days 00:01:14.432000,15.0,2.0,,,0 days 00:00:19.555000,0 days 00:00:35.203000,0 days 00:00:19.674000,0 days 00:46:08.514000,0 days 00:46:43.717000,0 days 00:47:03.391000,213.0,197.0,264.0,275.0,False,MEDIUM,5.0,True,Mercedes,0 days 00:45:48.959000,,1,,False,,False,True
2023-06,FP1,0 days 00:49:01.065000,HAM,44,0 days 00:01:57.674000,16.0,2.0,,,0 days 00:00:32.494000,0 days 00:00:57.507000,0 days 00:00:27.673000,0 days 00:47:35.885000,0 days 00:48:33.392000,0 days 00:49:01.065000,104.0,126.0,263.0,144.0,False,MEDIUM,6.0,True,Mercedes,0 days 00:47:03.391000,,1,,False,,False,True
2023-06,FP1,0 days 00:50:29.862000,HAM,44,0 days 00:01:28.797000,17.0,2.0,,,0 days 00:00:19.459000,0 days 00:00:42.249000,0 days 00:00:27.089000,0 days 00:49:20.524000,0 days 00:50:02.773000,0 days 00:50:29.862000,214.0,101.0,264.0,276.0,False,MEDIUM,7.0,True,Mercedes,0 days 00:49:01.065000,,12,,False,,False,True
2023-06,FP1,0 days 00:59:28.449000,HAM,44,,18.0,2.0,,0 days 00:52:05.269000,0 days 00:00:19.405000,,,0 days 00:50:49.426000,,,216.0,,,,False,MEDIUM,8.0,True,Mercedes,0 days 00:50:29.862000,,15,,False,,False,False
2023-06,FP1,0 days 01:00:57.095000,HAM,44,0 days 00:01:28.646000,19.0,3.0,0 days 00:59:29.061000,,0 days 00:00:24.976000,0 days 00:00:38.256000,0 days 00:00:25.414000,0 days 00:59:53.425000,0 days 01:00:31.681000,0 days 01:00:57.095000,173.0,143.0,252.0,270.0,False,MEDIUM,9.0,False,Mercedes,0 days 00:59:29.061000,,12,,False,,False,False
2023-06,FP1,0 days 01:02:15.213000,HAM,44,0 days 00:01:18.118000,20.0,3.0,,,0 days 00:00:21.462000,0 days 00:00:36.156000,0 days 00:00:20.500000,0 days 01:01:18.557000,0 days 01:01:54.713000,0 days 01:02:15.213000,196.0,191.0,251.0,273.0,False,MEDIUM,10.0,False,Mercedes,0 days 01:00:57.095000,,21,,False,,False,True
2023-06,FP1,0 days 01:03:31.723000,HAM,44,0 days 00:01:16.510000,21.0,3.0,,,0 days 00:00:20.126000,0 days 00:00:36.011000,0 days 00:00:20.373000,0 days 01:02:35.339000,0 days 01:03:11.350000,0 days 01:03:31.723000,202.0,190.0,255.0,273.0,False,MEDIUM,11.0,False,Mercedes,0 days 01:02:15.213000,,1,,False,,False,True
2023-06,FP1,0 days 01:04:49.189000,HAM,44,0 days 00:01:17.466000,22.0,3.0,,,0 days 00:00:20.269000,0 days 00:00:36.398000,0 days 00:00:20.799000,0 days 01:03:51.992000,0 days 01:04:28.390000,0 days 01:04:49.189000,204.0,190.0,254.0,275.0,False,MEDIUM,12.0,False,Mercedes,0 days 01:03:31.723000,,1,,False,,False,True
2023-06,FP1,0 days 01:06:08.697000,HAM,44,0 days 00:01:19.508000,23.0,3.0,,,0 days 00:00:22.173000,0 days 00:00:36.664000,0 days 00:00:20.671000,0 days 01:05:11.362000,0 days 01:05:48.026000,0 days 01:06:08.697000,195.0,187.0,253.0,273.0,False,MEDIUM,13.0,False,Mercedes,0 days 01:04:49.189000,,1,,False,,False,True
2023-06,FP1,0 days 01:07:26.631000,HAM,44,0 days 00:01:17.934000,24.0,3.0,,,0 days 00:00:20.226000,0 days 00:00:36.543000,0 days 00:00:21.165000,0 days 01:06:28.923000,0 days 01:07:05.466000,0 days 01:07:26.631000,201.0,164.0,255.0,274.0,False,MEDIUM,14.0,False,Mercedes,0 days 01:06:08.697000,,1,,False,,False,True
2023-06,FP1,0 days 01:08:44.973000,HAM,44,0 days 00:01:18.342000,25.0,3.0,,,0 days 00:00:20.327000,0 days 00:00:37.027000,0 days 00:00:20.988000,0 days 01:07:46.958000,0 days 01:08:23.985000,0 days 01:08:44.973000,198.0,185.0,251.0,275.0,False,MEDIUM,15.0,False,Mercedes,0 days 01:07:26.631000,,1,,False,,False,True
2023-06,FP1,0 days 01:10:03.046000,HAM,44,0 days 00:01:18.073000,26.0,3.0,,,0 days 00:00:20.473000,0 days 00:00:36.776000,0 days 00:00:20.824000,0 days 01:09:05.446000,0 days 01:09:42.222000,0 days 01:10:03.046000,195.0,187.0,251.0,272.0,False,MEDIUM,16.0,False,Mercedes,0 days 01:08:44.973000,,12,,False,,False,True
2023-06,FP1,0 days 00:16:46.347000,SAI,55,0 days 00:01:52.601000,1.0,1.0,0 days 00:14:54.482000,,0 days 00:00:35.028000,0 days 00:00:49.939000,0 days 00:00:27.634000,0 days 00:15:28.966000,0 days 00:16:18.887000,0 days 00:16:46.434000,153.0,164.0,252.0,264.0,False,MEDIUM,1.0,True,Ferrari,0 days 00:14:54.482000,,1,,False,,False,False
2023-06,FP1,0 days 00:18:05.652000,SAI,55,0 days 00:01:19.305000,2.0,1.0,,,0 days 00:00:21.238000,0 days 00:00:37.157000,0 days 00:00:20.910000,0 days 00:17:07.585000,0 days 00:17:44.742000,0 days 00:18:05.652000,194.0,184.0,263.0,275.0,True,MEDIUM,2.0,True,Ferrari,0 days 00:16:46.347000,,1,,False,,False,True
2023-06,FP1,0 days 00:19:22.866000,SAI,55,0 days 00:01:17.214000,3.0,1.0,,,0 days 00:00:20.331000,0 days 00:00:36.216000,0 days 00:00:20.667000,0 days 00:18:25.983000,0 days 00:19:02.199000,0 days 00:19:22.866000,200.0,189.0,264.0,276.0,True,MEDIUM,3.0,True,Ferrari,0 days 00:18:05.652000,,1,,False,,False,True
2023-06,FP1,0 days 00:21:05.901000,SAI,55,0 days 00:01:43.035000,4.0,1.0,,,0 days 00:00:24.430000,0 days 00:00:46.335000,0 days 00:00:32.270000,0 days 00:19:47.296000,0 days 00:20:33.631000,0 days 00:21:05.901000,171.0,141.0,265.0,258.0,False,MEDIUM,4.0,True,Ferrari,0 days 00:19:22.866000,,12,,False,,False,True
2023-06,FP1,0 days 00:22:22.141000,SAI,55,0 days 00:01:16.240000,5.0,1.0,,,0 days 00:00:20.280000,0 days 00:00:35.781000,0 days 00:00:20.179000,0 days 00:21:26.181000,0 days 00:22:01.962000,0 days 00:22:22.141000,202.0,190.0,266.0,278.0,True,MEDIUM,5.0,True,Ferrari,0 days 00:21:05.901000,,1,,False,,False,True
2023-06,FP1,0 days 00:23:37.339000,SAI,55,0 days 00:01:15.198000,6.0,1.0,,,0 days 00:00:19.814000,0 days 00:00:35.146000,0 days 00:00:20.238000,0 days 00:22:41.955000,0 days 00:23:17.101000,0 days 00:23:37.339000,209.0,195.0,273.0,280.0,True,MEDIUM,6.0,True,Ferrari,0 days 00:22:22.141000,,1,,False,,False,True
2023-06,FP1,0 days 00:25:25.371000,SAI,55,0 days 00:01:48.032000,7.0,1.0,,,0 days 00:00:30.745000,0 days 00:00:47.551000,0 days 00:00:29.736000,0 days 00:24:08.084000,0 days 00:24:55.635000,0 days 00:25:25.371000,98.0,145.0,264.0,216.0,False,MEDIUM,7.0,True,Ferrari,0 days 00:23:37.339000,,1,,False,,False,True
2023-06,FP1,0 days 00:26:54.238000,SAI,55,0 days 00:01:28.867000,8.0,1.0,,,0 days 00:00:19.817000,0 days 00:00:35.611000,0 days 00:00:33.439000,0 days 00:25:45.188000,0 days 00:26:20.799000,0 days 00:26:54.238000,209.0,158.0,262.0,280.0,False,MEDIUM,8.0,True,Ferrari,0 days 00:25:25.371000,,1,,False,,False,True
2023-06,FP1,0 days 00:28:27.483000,SAI,55,0 days 00:01:33.245000,9.0,1.0,,,0 days 00:00:23.314000,0 days 00:00:44.812000,0 days 00:00:25.119000,0 days 00:27:17.552000,0 days 00:28:02.364000,0 days 00:28:27.483000,154.0,142.0,263.0,186.0,False,MEDIUM,9.0,True,Ferrari,0 days 00:26:54.238000,,1,,False,,False,True
2023-06,FP1,0 days 00:29:42.253000,SAI,55,0 days 00:01:14.770000,10.0,1.0,,,0 days 00:00:19.787000,0 days 00:00:35.132000,0 days 00:00:19.851000,0 days 00:28:47.270000,0 days 00:29:22.402000,0 days 00:29:42.253000,209.0,194.0,265.0,278.0,True,MEDIUM,10.0,True,Ferrari,0 days 00:28:27.483000,,1,,False,,False,True
2023-06,FP1,0 days 00:30:56.654000,SAI,55,0 days 00:01:14.401000,11.0,1.0,,,0 days 00:00:19.507000,0 days 00:00:35.041000,0 days 00:00:19.853000,0 days 00:30:01.760000,0 days 00:30:36.801000,0 days 00:30:56.654000,212.0,193.0,272.0,280.0,True,MEDIUM,11.0,True,Ferrari,0 days 00:29:42.253000,,1,,False,,False,True
2023-06,FP1,0 days 00:32:43.771000,SAI,55,0 days 00:01:47.117000,12.0,1.0,,,0 days 00:00:25.349000,0 days 00:00:49.442000,0 days 00:00:32.326000,0 days 00:31:22.003000,0 days 00:32:11.445000,0 days 00:32:43.771000,142.0,90.0,262.0,185.0,False,MEDIUM,12.0,True,Ferrari,0 days 00:30:56.654000,,1,,False,,False,True
2023-06,FP1,0 days 00:34:08.654000,SAI,55,0 days 00:01:24.883000,13.0,1.0,,,0 days 00:00:20.791000,0 days 00:00:40.635000,0 days 00:00:23.457000,0 days 00:33:04.562000,0 days 00:33:45.197000,0 days 00:34:08.654000,185.0,144.0,264.0,251.0,False,MEDIUM,13.0,True,Ferrari,0 days 00:32:43.771000,,1,,False,,False,True
2023-06,FP1,0 days 00:35:22.899000,SAI,55,0 days 00:01:14.245000,14.0,1.0,,,0 days 00:00:19.539000,0 days 00:00:35.007000,0 days 00:00:19.699000,0 days 00:34:28.193000,0 days 00:35:03.200000,0 days 00:35:22.899000,212.0,193.0,265.0,275.0,True,MEDIUM,14.0,True,Ferrari,0 days 00:34:08.654000,,1,,False,,False,True
2023-06,FP1,0 days 00:54:31.135000,SAI,55,,15.0,1.0,,0 days 00:36:39.405000,0 days 00:00:21.099000,0 days 00:00:39.066000,,0 days 00:35:44.202000,0 days 00:36:23.280000,,164.0,160.0,,254.0,False,MEDIUM,15.0,True,Ferrari,0 days 00:35:22.899000,,125,,False,,False,False
2023-06,FP1,0 days 00:56:01.329000,SAI,55,0 days 00:01:30.194000,16.0,2.0,0 days 00:54:31.830000,,0 days 00:00:26.241000,0 days 00:00:40.545000,0 days 00:00:23.408000,0 days 00:54:57.376000,0 days 00:55:37.921000,0 days 00:56:01.329000,178.0,170.0,265.0,270.0,False,MEDIUM,1.0,True,Ferrari,0 days 00:54:31.830000,,1,,False,,False,False
2023-06,FP1,0 days 00:57:27.299000,SAI,55,0 days 00:01:25.970000,17.0,2.0,,,0 days 00:00:19.516000,0 days 00:00:43.144000,0 days 00:00:23.310000,0 days 00:56:20.845000,0 days 00:57:03.989000,0 days 00:57:27.299000,210.0,156.0,266.0,248.0,False,MEDIUM,2.0,True,Ferrari,0 days 00:56:01.329000,,1,,False,,False,True
2023-06,FP1,0 days 00:58:41.556000,SAI,55,0 days 00:01:14.257000,18.0,2.0,,,0 days 00:00:19.510000,0 days 00:00:34.990000,0 days 00:00:19.757000,0 days 00:57:46.809000,0 days 00:58:21.799000,0 days 00:58:41.556000,211.0,189.0,268.0,281.0,False,MEDIUM,3.0,True,Ferrari,0 days 00:57:27.299000,,1,,False,,False,True
2023-06,FP1,0 days 01:00:37.056000,SAI,55,0 days 00:01:55.500000,19.0,2.0,,,0 days 00:00:32.621000,0 days 00:00:57.351000,0 days 00:00:25.528000,0 days 00:59:14.177000,0 days 01:00:11.528000,0 days 01:00:37.056000,72.0,144.0,264.0,146.0,False,MEDIUM,4.0,True,Ferrari,0 days 00:58:41.556000,,1,,False,,False,True
2023-06,FP1,0 days 01:01:50.746000,SAI,55,0 days 00:01:13.690000,20.0,2.0,,,0 days 00:00:19.387000,0 days 00:00:34.729000,0 days 00:00:19.574000,0 days 01:00:56.443000,0 days 01:01:31.172000,0 days 01:01:50.746000,211.0,196.0,266.0,278.0,True,MEDIUM,5.0,True,Ferrari,0 days 01:00:37.056000,,12,,False,,False,True
2023-06,FP1,0 days 01:03:23.075000,SAI,55,0 days 00:01:32.329000,21.0,2.0,,,0 days 00:00:21.160000,0 days 00:00:44.872000,0 days 00:00:26.297000,0 days 01:02:11.906000,0 days 01:02:56.778000,0 days 01:03:23.075000,145.0,135.0,265.0,224.0,False,MEDIUM,6.0,True,Ferrari,0 days 01:01:50.746000,,1,,False,,False,True
2023-06,FP1,0 days 01:04:46.690000,SAI,55,0 days 00:01:23.615000,22.0,2.0,,,0 days 00:00:19.314000,0 days 00:00:34.971000,0 days 00:00:29.330000,0 days 01:03:42.389000,0 days 01:04:17.360000,0 days 01:04:46.690000,213.0,198.0,179.0,280.0,False,MEDIUM,7.0,True,Ferrari,0 days 01:03:23.075000,,1,,False,,False,True
2023-06,FP1,0 days 01:06:35.871000,SAI,55,0 days 00:01:49.181000,23.0,2.0,,,0 days 00:00:30.701000,0 days 00:00:52.976000,0 days 00:00:25.504000,0 days 01:05:17.391000,0 days 01:06:10.367000,0 days 01:06:35.871000,119.0,157.0,265.0,177.0,False,MEDIUM,8.0,True,Ferrari,0 days 01:04:46.690000,,1,,False,,False,True
2023-06,FP1,0 days 01:07:49.243000,SAI,55,0 days 00:01:13.372000,24.0,2.0,,,0 days 00:00:19.309000,0 days 00:00:34.605000,0 days 00:00:19.458000,0 days 01:06:55.180000,0 days 01:07:29.785000,0 days 01:07:49.243000,211.0,199.0,268.0,280.0,True,MEDIUM,9.0,True,Ferrari,0 days 01:06:35.871000,,1,,False,,False,True
2023-06,FP1,0 days 01:09:37.344000,SAI,55,0 days 00:01:48.101000,25.0,2.0,,0 days 01:09:09.945000,0 days 00:00:23.512000,0 days 00:00:39.268000,0 days 00:00:45.321000,0 days 01:08:12.755000,0 days 01:08:52.023000,0 days 01:09:37.344000,155.0,151.0,,235.0,False,MEDIUM,10.0,True,Ferrari,0 days 01:07:49.243000,,1,,False,,False,False
2023-06,FP1,0 days 01:11:15.897000,SAI,55,,26.0,3.0,0 days 01:09:38.023000,0 days 01:11:15.897000,0 days 00:00:24.001000,,,0 days 01:10:01.507000,,,154.0,,,,False,MEDIUM,11.0,False,Ferrari,0 days 01:09:37.344000,,125,,False,,False,False
2023-06,FP1,0 days 00:16:06.953000,RUS,63,0 days 00:01:43.315000,1.0,1.0,0 days 00:14:24.779000,,0 days 00:00:29.608000,0 days 00:00:41.800000,0 days 00:00:31.907000,0 days 00:14:53.420000,0 days 00:15:35.232000,0 days 00:16:07.028000,154.0,170.0,249.0,261.0,False,HARD,1.0,True,Mercedes,0 days 00:14:24.779000,,1,,False,,False,False
2023-06,FP1,0 days 00:17:28.793000,RUS,63,0 days 00:01:21.840000,2.0,1.0,,,0 days 00:00:21.970000,0 days 00:00:38.262000,0 days 00:00:21.608000,0 days 00:16:28.923000,0 days 00:17:07.185000,0 days 00:17:28.793000,175.0,177.0,263.0,272.0,True,HARD,2.0,True,Mercedes,0 days 00:16:06.953000,,1,,False,,False,True
2023-06,FP1,0 days 00:18:47.390000,RUS,63,0 days 00:01:18.597000,3.0,1.0,,,0 days 00:00:20.877000,0 days 00:00:36.819000,0 days 00:00:20.901000,0 days 00:17:49.670000,0 days 00:18:26.489000,0 days 00:18:47.390000,194.0,187.0,262.0,278.0,True,HARD,3.0,True,Mercedes,0 days 00:17:28.793000,,1,,False,,False,True
2023-06,FP1,0 days 00:20:06.979000,RUS,63,0 days 00:01:19.589000,4.0,1.0,,,0 days 00:00:20.382000,0 days 00:00:36.885000,0 days 00:00:22.322000,0 days 00:19:07.772000,0 days 00:19:44.657000,0 days 00:20:06.979000,197.0,186.0,263.0,276.0,False,HARD,4.0,True,Mercedes,0 days 00:18:47.390000,,1,,False,,False,True
2023-06,FP1,0 days 00:21:24.384000,RUS,63,0 days 00:01:17.405000,5.0,1.0,,,0 days 00:00:20.363000,0 days 00:00:36.327000,0 days 00:00:20.715000,0 days 00:20:27.342000,0 days 00:21:03.669000,0 days 00:21:24.384000,198.0,190.0,265.0,277.0,True,HARD,5.0,True,Mercedes,0 days 00:20:06.979000,,12,,False,,False,True
2023-06,FP1,0 days 00:22:55.871000,RUS,63,0 days 00:01:31.487000,6.0,1.0,,,0 days 00:00:24.175000,0 days 00:00:42.921000,0 days 00:00:24.391000,0 days 00:21:48.559000,0 days 00:22:31.480000,0 days 00:22:55.871000,66.0,165.0,267.0,256.0,False,HARD,6.0,True,Mercedes,0 days 00:21:24.384000,,1,,False,,False,True
2023-06,FP1,0 days 00:24:12.634000,RUS,63,0 days 00:01:16.763000,7.0,1.0,,,0 days 00:00:20.097000,0 days 00:00:36.085000,0 days 00:00:20.581000,0 days 00:23:15.968000,0 days 00:23:52.053000,0 days 00:24:12.634000,201.0,190.0,268.0,279.0,True,HARD,7.0,True,Mercedes,0 days 00:22:55.871000,,1,,False,,False,True
2023-06,FP1,0 days 00:38:44.667000,RUS,63,,8.0,1.0,,0 days 00:25:36.193000,0 days 00:00:27.984000,0 days 00:00:40.260000,,0 days 00:24:40.819000,0 days 00:25:21.037000,,127.0,175.0,,260.0,False,HARD,8.0,True,Mercedes,0 days 00:24:12.634000,,1,,False,,False,False
2023-06,FP1,0 days 00:40:13.348000,RUS,63,0 days 00:01:28.681000,9.0,2.0,0 days 00:38:45.310000,,0 days 00:00:24.776000,0 days 00:00:37.592000,0 days 00:00:26.313000,0 days 00:39:09.443000,0 days 00:39:47.035000,0 days 00:40:13.348000,175.0,185.0,269.0,271.0,False,MEDIUM,1.0,True,Mercedes,0 days 00:38:44.667000,,1,,False,,False,False
2023-06,FP1,0 days 00:41:29.209000,RUS,63,0 days 00:01:15.861000,10.0,2.0,,,0 days 00:00:19.975000,0 days 00:00:35.759000,0 days 00:00:20.127000,0 days 00:40:33.323000,0 days 00:41:09.082000,0 days 00:41:29.209000,197.0,190.0,269.0,279.0,True,MEDIUM,2.0,True,Mercedes,0 days 00:40:13.348000,,1,,False,,False,True
2023-06,FP1,0 days 00:43:17.096000,RUS,63,0 days 00:01:47.887000,11.0,2.0,,,0 days 00:00:30.954000,0 days 00:00:49.167000,0 days 00:00:27.766000,0 days 00:42:00.163000,0 days 00:42:49.330000,0 days 00:43:17.096000,142.0,115.0,265.0,223.0,False,MEDIUM,3.0,True,Mercedes,0 days 00:41:29.209000,,1,,False,,False,True
2023-06,FP1,0 days 00:44:32.634000,RUS,63,0 days 00:01:15.538000,12.0,2.0,,,0 days 00:00:19.909000,0 days 00:00:35.443000,0 days 00:00:20.186000,0 days 00:43:37.005000,0 days 00:44:12.448000,0 days 00:44:32.634000,209.0,193.0,267.0,276.0,True,MEDIUM,4.0,True,Mercedes,0 days 00:43:17.096000,,1,,False,,False,True
2023-06,FP1,0 days 00:46:14.909000,RUS,63,0 days 00:01:42.275000,13.0,2.0,,,0 days 00:00:27.651000,0 days 00:00:49.104000,0 days 00:00:25.520000,0 days 00:45:00.285000,0 days 00:45:49.389000,0 days 00:46:14.909000,131.0,123.0,266.0,238.0,False,MEDIUM,5.0,True,Mercedes,0 days 00:44:32.634000,,1,,False,,False,True
2023-06,FP1,0 days 00:47:44.135000,RUS,63,0 days 00:01:29.226000,14.0,2.0,,,0 days 00:00:19.706000,0 days 00:00:41.421000,0 days 00:00:28.099000,0 days 00:46:34.615000,0 days 00:47:16.036000,0 days 00:47:44.135000,200.0,83.0,266.0,232.0,False,MEDIUM,6.0,True,Mercedes,0 days 00:46:14.909000,,1,,False,,False,True
2023-06,FP1,0 days 00:49:10.717000,RUS,63,0 days 00:01:26.582000,15.0,2.0,,,0 days 00:00:19.855000,0 days 00:00:42.164000,0 days 00:00:24.563000,0 days 00:48:03.990000,0 days 00:48:46.154000,0 days 00:49:10.717000,211.0,129.0,267.0,209.0,False,MEDIUM,7.0,True,Mercedes,0 days 00:47:44.135000,,1,,False,,False,True
2023-06,FP1,0 days 00:50:33.731000,RUS,63,0 days 00:01:23.014000,16.0,2.0,,,0 days 00:00:19.702000,0 days 00:00:35.342000,0 days 00:00:27.970000,0 days 00:49:30.419000,0 days 00:50:05.761000,0 days 00:50:33.731000,206.0,192.0,267.0,278.0,False,MEDIUM,8.0,True,Mercedes,0 days 00:49:10.717000,,12,,False,,False,True
2023-06,FP1,0 days 00:56:14.212000,RUS,63,,17.0,2.0,,0 days 00:52:08.472000,0 days 00:00:19.579000,,,0 days 00:50:53.504000,,,212.0,,,,False,MEDIUM,9.0,True,Mercedes,0 days 00:50:33.731000,,15,,False,,False,False
2023-06,FP1,0 days 00:57:39.558000,RUS,63,0 days 00:01:25.346000,18.0,3.0,0 days 00:56:14.891000,,0 days 00:00:25.527000,0 days 00:00:38.502000,0 days 00:00:21.317000,0 days 00:56:39.739000,0 days 00:57:18.241000,0 days 00:57:39.558000,183.0,176.0,255.0,270.0,False,MEDIUM,10.0,False,Mercedes,0 days 00:56:14.891000,,1,,False,,False,False
2023-06,FP1,0 days 00:58:54.624000,RUS,63,0 days 00:01:15.066000,19.0,3.0,,,0 days 00:00:19.725000,0 days 00:00:35.383000,0 days 00:00:19.958000,0 days 00:57:59.283000,0 days 00:58:34.666000,0 days 00:58:54.624000,213.0,192.0,266.0,276.0,True,MEDIUM,11.0,False,Mercedes,0 days 00:57:39.558000,,1,,False,,False,True
2023-06,FP1,0 days 01:05:35.786000,RUS,63,,20.0,3.0,,0 days 01:00:07.107000,0 days 00:00:19.665000,0 days 00:00:36.089000,,0 days 00:59:14.514000,0 days 00:59:50.561000,,209.0,157.0,,277.0,False,MEDIUM,12.0,False,Mercedes,0 days 00:58:54.624000,,12,,False,,False,False
2023-06,FP1,0 days 01:07:00.667000,RUS,63,0 days 00:01:24.881000,21.0,4.0,0 days 01:05:36.369000,,0 days 00:00:24.253000,0 days 00:00:39.605000,0 days 00:00:21.023000,0 days 01:06:00.039000,0 days 01:06:39.644000,0 days 01:07:00.667000,183.0,181.0,253.0,265.0,False,MEDIUM,13.0,False,Mercedes,0 days 01:05:35.786000,,1,,False,,False,False
2023-06,FP1,0 days 01:08:17.380000,RUS,63,0 days 00:01:16.713000,22.0,4.0,,,0 days 00:00:20.179000,0 days 00:00:35.984000,0 days 00:00:20.550000,0 days 01:07:20.846000,0 days 01:07:56.830000,0 days 01:08:17.380000,199.0,186.0,252.0,272.0,False,MEDIUM,14.0,False,Mercedes,0 days 01:07:00.667000,,1,,False,,False,True
2023-06,FP1,0 days 01:09:34.913000,RUS,63,0 days 00:01:17.533000,23.0,4.0,,,0 days 00:00:20.354000,0 days 00:00:36.385000,0 days 00:00:20.794000,0 days 01:08:37.734000,0 days 01:09:14.119000,0 days 01:09:34.913000,193.0,188.0,251.0,272.0,False,MEDIUM,15.0,False,Mercedes,0 days 01:08:17.380000,,1,,False,,False,True
2023-06,FP1,0 days 01:11:01.178000,RUS,63,,24.0,4.0,,0 days 01:11:01.178000,0 days 00:00:20.237000,,,0 days 01:09:55.241000,,,200.0,,,,False,MEDIUM,16.0,False,Mercedes,0 days 01:09:34.913000,,125,,False,,False,False
2023-06,FP1,0 days 00:15:33.243000,BOT,77,0 days 00:01:34.544000,1.0,1.0,0 days 00:13:59.811000,,0 days 00:00:27.697000,0 days 00:00:40.512000,0 days 00:00:26.335000,0 days 00:14:26.592000,0 days 00:15:07.122000,0 days 00:15:33.325000,154.0,166.0,258.0,250.0,False,HARD,1.0,True,Alfa Romeo,0 days 00:13:59.811000,,1,,False,,False,False
2023-06,FP1,0 days 00:17:00.236000,BOT,77,0 days 00:01:26.993000,2.0,1.0,,,0 days 00:00:21.304000,0 days 00:00:37.555000,0 days 00:00:28.134000,0 days 00:15:54.547000,0 days 00:16:32.102000,0 days 00:17:00.236000,186.0,180.0,260.0,275.0,True,HARD,2.0,True,Alfa Romeo,0 days 00:15:33.243000,,1,,False,,False,True
2023-06,FP1,0 days 00:18:20.277000,BOT,77,0 days 00:01:20.041000,3.0,1.0,,,0 days 00:00:20.664000,0 days 00:00:38.593000,0 days 00:00:20.784000,0 days 00:17:20.900000,0 days 00:17:59.493000,0 days 00:18:20.277000,195.0,183.0,264.0,273.0,True,HARD,3.0,True,Alfa Romeo,0 days 00:17:00.236000,,1,,False,,False,True
2023-06,FP1,0 days 00:19:41.669000,BOT,77,0 days 00:01:21.392000,4.0,1.0,,,0 days 00:00:21.278000,0 days 00:00:37.192000,0 days 00:00:22.922000,0 days 00:18:41.555000,0 days 00:19:18.747000,0 days 00:19:41.669000,192.0,184.0,262.0,276.0,False,HARD,4.0,True,Alfa Romeo,0 days 00:18:20.277000,,1,,False,,False,True
2023-06,FP1,0 days 00:21:01.650000,BOT,77,0 days 00:01:19.981000,5.0,1.0,,,0 days 00:00:20.304000,0 days 00:00:36.507000,0 days 00:00:23.170000,0 days 00:20:01.973000,0 days 00:20:38.480000,0 days 00:21:01.650000,205.0,190.0,261.0,275.0,True,HARD,5.0,True,Alfa Romeo,0 days 00:19:41.669000,,12,,False,,False,True
2023-06,FP1,0 days 00:22:18.606000,BOT,77,0 days 00:01:16.956000,6.0,1.0,,,0 days 00:00:20.085000,0 days 00:00:36.449000,0 days 00:00:20.422000,0 days 00:21:21.735000,0 days 00:21:58.184000,0 days 00:22:18.606000,204.0,188.0,262.0,274.0,True,HARD,6.0,True,Alfa Romeo,0 days 00:21:01.650000,,1,,False,,False,True
2023-06,FP1,0 days 00:23:48.078000,BOT,77,0 days 00:01:29.472000,7.0,1.0,,,0 days 00:00:23.071000,0 days 00:00:42.251000,0 days 00:00:24.150000,0 days 00:22:41.677000,0 days 00:23:23.928000,0 days 00:23:48.078000,103.0,164.0,263.0,251.0,False,HARD,7.0,True,Alfa Romeo,0 days 00:22:18.606000,,1,,False,,False,True
2023-06,FP1,0 days 00:25:04.732000,BOT,77,0 days 00:01:16.654000,8.0,1.0,,,0 days 00:00:20.103000,0 days 00:00:36.357000,0 days 00:00:20.194000,0 days 00:24:08.181000,0 days 00:24:44.538000,0 days 00:25:04.732000,207.0,189.0,265.0,277.0,True,HARD,8.0,True,Alfa Romeo,0 days 00:23:48.078000,,1,,False,,False,True
2023-06,FP1,0 days 00:27:04.774000,BOT,77,0 days 00:02:00.042000,9.0,1.0,,,0 days 00:00:23.895000,0 days 00:00:49.190000,0 days 00:00:46.957000,0 days 00:25:28.627000,0 days 00:26:17.817000,0 days 00:27:04.774000,67.0,138.0,258.0,193.0,False,HARD,9.0,True,Alfa Romeo,0 days 00:25:04.732000,,1,,False,,False,True
2023-06,FP1,0 days 00:28:35.711000,BOT,77,0 days 00:01:30.937000,10.0,1.0,,,0 days 00:00:20.568000,0 days 00:00:39.626000,0 days 00:00:30.743000,0 days 00:27:25.342000,0 days 00:28:04.968000,0 days 00:28:35.711000,197.0,171.0,263.0,258.0,False,HARD,10.0,True,Alfa Romeo,0 days 00:27:04.774000,,1,,False,,False,True
2023-06,FP1,0 days 00:29:51.630000,BOT,77,0 days 00:01:15.919000,11.0,1.0,,,0 days 00:00:19.913000,0 days 00:00:35.979000,0 days 00:00:20.027000,0 days 00:28:55.624000,0 days 00:29:31.603000,0 days 00:29:51.630000,207.0,189.0,265.0,276.0,True,HARD,11.0,True,Alfa Romeo,0 days 00:28:35.711000,,1,,False,,False,True
2023-06,FP1,0 days 00:31:26.590000,BOT,77,0 days 00:01:34.960000,12.0,1.0,,,0 days 00:00:22.905000,0 days 00:00:42.527000,0 days 00:00:29.528000,0 days 00:30:14.535000,0 days 00:30:57.062000,0 days 00:31:26.590000,153.0,149.0,262.0,250.0,False,HARD,12.0,True,Alfa Romeo,0 days 00:29:51.630000,,1,,False,,False,True
2023-06,FP1,0 days 00:32:47.562000,BOT,77,0 days 00:01:20.972000,13.0,1.0,,,0 days 00:00:19.792000,0 days 00:00:35.963000,0 days 00:00:25.217000,0 days 00:31:46.382000,0 days 00:32:22.345000,0 days 00:32:47.562000,210.0,190.0,197.0,276.0,False,HARD,13.0,True,Alfa Romeo,0 days 00:31:26.590000,,1,,False,,False,True
2023-06,FP1,0 days 00:34:38.976000,BOT,77,0 days 00:01:51.414000,14.0,1.0,,0 days 00:34:12.610000,0 days 00:00:24.334000,0 days 00:00:41.574000,0 days 00:00:45.506000,0 days 00:33:11.896000,0 days 00:33:53.470000,0 days 00:34:38.976000,182.0,154.0,,234.0,False,HARD,14.0,True,Alfa Romeo,0 days 00:32:47.562000,,1,,False,,False,False
2023-06,FP1,0 days 00:44:09.930000,BOT,77,,15.0,2.0,0 days 00:34:39.625000,0 days 00:35:57.093000,0 days 00:00:23.470000,0 days 00:00:39.402000,,0 days 00:35:02.640000,0 days 00:35:42.077000,,190.0,172.0,,256.0,False,HARD,15.0,False,Alfa Romeo,0 days 00:34:38.976000,,1,,False,,False,False
2023-06,FP1,0 days 00:45:52.783000,BOT,77,0 days 00:01:42.853000,16.0,3.0,0 days 00:44:10.540000,,0 days 00:00:25.976000,0 days 00:00:45.300000,0 days 00:00:31.577000,0 days 00:44:35.906000,0 days 00:45:21.206000,0 days 00:45:52.783000,183.0,173.0,263.0,251.0,False,MEDIUM,2.0,False,Alfa Romeo,0 days 00:44:09.930000,,1,,False,,False,False
2023-06,FP1,0 days 00:47:07.944000,BOT,77,0 days 00:01:15.161000,17.0,3.0,,,0 days 00:00:19.713000,0 days 00:00:35.699000,0 days 00:00:19.749000,0 days 00:46:12.496000,0 days 00:46:48.195000,0 days 00:47:07.944000,213.0,189.0,264.0,275.0,True,MEDIUM,3.0,False,Alfa Romeo,0 days 00:45:52.783000,,1,,False,,False,True
2023-06,FP1,0 days 00:48:47.212000,BOT,77,0 days 00:01:39.268000,18.0,3.0,,,0 days 00:00:28.956000,0 days 00:00:42.916000,0 days 00:00:27.396000,0 days 00:47:36.900000,0 days 00:48:19.816000,0 days 00:48:47.212000,113.0,172.0,262.0,249.0,False,MEDIUM,4.0,False,Alfa Romeo,0 days 00:47:07.944000,,1,,False,,False,True
2023-06,FP1,0 days 00:50:12.998000,BOT,77,0 days 00:01:25.786000,19.0,3.0,,,0 days 00:00:19.770000,0 days 00:00:42.089000,0 days 00:00:23.927000,0 days 00:49:06.982000,0 days 00:49:49.071000,0 days 00:50:12.998000,213.0,139.0,261.0,260.0,False,MEDIUM,5.0,False,Alfa Romeo,0 days 00:48:47.212000,,12,,False,,False,True
2023-06,FP1,0 days 00:54:06.706000,BOT,77,,20.0,3.0,,0 days 00:51:38.848000,0 days 00:00:19.618000,,,0 days 00:50:32.723000,,,212.0,,,273.0,False,MEDIUM,6.0,False,Alfa Romeo,0 days 00:50:12.998000,,15,,False,,False,False
2023-06,FP1,0 days 00:55:31.775000,BOT,77,0 days 00:01:25.069000,21.0,4.0,0 days 00:54:07.362000,,0 days 00:00:24.326000,0 days 00:00:38.896000,0 days 00:00:21.847000,0 days 00:54:31.032000,0 days 00:55:09.928000,0 days 00:55:31.775000,189.0,180.0,262.0,254.0,False,MEDIUM,6.0,False,Alfa Romeo,0 days 00:54:07.362000,,1,,False,,False,False
2023-06,FP1,0 days 00:56:46.672000,BOT,77,0 days 00:01:14.897000,22.0,4.0,,,0 days 00:00:19.490000,0 days 00:00:35.571000,0 days 00:00:19.836000,0 days 00:55:51.265000,0 days 00:56:26.836000,0 days 00:56:46.672000,214.0,189.0,265.0,276.0,True,MEDIUM,7.0,False,Alfa Romeo,0 days 00:55:31.775000,,1,,False,,False,True
2023-06,FP1,0 days 00:58:25.310000,BOT,77,0 days 00:01:38.638000,23.0,4.0,,,0 days 00:00:27.143000,0 days 00:00:47.376000,0 days 00:00:24.119000,0 days 00:57:13.815000,0 days 00:58:01.191000,0 days 00:58:25.310000,172.0,170.0,262.0,245.0,False,MEDIUM,8.0,False,Alfa Romeo,0 days 00:56:46.672000,,1,,False,,False,True
2023-06,FP1,0 days 00:59:51.164000,BOT,77,0 days 00:01:25.854000,24.0,4.0,,,0 days 00:00:19.532000,0 days 00:00:38.392000,0 days 00:00:27.930000,0 days 00:58:44.842000,0 days 00:59:23.234000,0 days 00:59:51.164000,214.0,171.0,263.0,254.0,False,MEDIUM,9.0,False,Alfa Romeo,0 days 00:58:25.310000,,1,,False,,False,True
2023-06,FP1,0 days 01:01:06.027000,BOT,77,0 days 00:01:14.863000,25.0,4.0,,,0 days 00:00:19.563000,0 days 00:00:35.466000,0 days 00:00:19.834000,0 days 01:00:10.727000,0 days 01:00:46.193000,0 days 01:01:06.027000,216.0,194.0,263.0,278.0,True,MEDIUM,10.0,False,Alfa Romeo,0 days 00:59:51.164000,,12,,False,,False,True
2023-06,FP1,0 days 01:02:59.089000,BOT,77,0 days 00:01:53.062000,26.0,4.0,,,0 days 00:00:25.845000,0 days 00:00:52.274000,0 days 00:00:34.943000,0 days 01:01:31.872000,0 days 01:02:24.146000,0 days 01:02:59.089000,66.0,160.0,263.0,240.0,False,MEDIUM,11.0,False,Alfa Romeo,0 days 01:01:06.027000,,1,,False,,False,True
2023-06,FP1,0 days 01:04:13.807000,BOT,77,0 days 00:01:14.718000,27.0,4.0,,,0 days 00:00:19.566000,0 days 00:00:35.397000,0 days 00:00:19.755000,0 days 01:03:18.655000,0 days 01:03:54.052000,0 days 01:04:13.807000,215.0,192.0,265.0,278.0,True,MEDIUM,12.0,False,Alfa Romeo,0 days 01:02:59.089000,,1,,False,,False,True
2023-06,FP1,0 days 01:06:01.233000,BOT,77,0 days 00:01:47.426000,28.0,4.0,,0 days 01:05:36.166000,0 days 00:00:23.120000,0 days 00:00:38.621000,0 days 00:00:45.685000,0 days 01:04:36.927000,0 days 01:05:15.548000,0 days 01:06:01.233000,190.0,170.0,,250.0,False,MEDIUM,13.0,False,Alfa Romeo,0 days 01:04:13.807000,,1,,False,,False,False
2023-06,FP1,0 days 01:07:40.227000,BOT,77,,29.0,5.0,0 days 01:06:01.885000,0 days 01:07:40.227000,0 days 00:00:31.141000,0 days 00:00:51.100000,,0 days 01:06:32.634000,0 days 01:07:23.665000,,73.0,140.0,,232.0,False,MEDIUM,14.0,False,Alfa Romeo,0 days 01:06:01.233000,,1,,False,,False,False
2023-06,FP1,0 days 00:16:33.573000,PIA,81,0 days 00:01:45.916000,1.0,1.0,0 days 00:14:48.295000,,0 days 00:00:31.880000,0 days 00:00:46.372000,0 days 00:00:27.664000,0 days 00:15:19.747000,0 days 00:16:06.091000,0 days 00:16:33.668000,133.0,158.0,259.0,255.0,False,HARD,1.0,True,McLaren,0 days 00:14:48.295000,,1,,False,,False,False
2023-06,FP1,0 days 00:17:54.633000,PIA,81,0 days 00:01:21.060000,2.0,1.0,,,0 days 00:00:21.929000,0 days 00:00:37.783000,0 days 00:00:21.348000,0 days 00:16:55.502000,0 days 00:17:33.285000,0 days 00:17:54.633000,176.0,180.0,263.0,275.0,True,HARD,2.0,True,McLaren,0 days 00:16:33.573000,,1,,False,,False,True
2023-06,FP1,0 days 00:19:13.714000,PIA,81,0 days 00:01:19.081000,3.0,1.0,,,0 days 00:00:20.970000,0 days 00:00:37.035000,0 days 00:00:21.076000,0 days 00:18:15.603000,0 days 00:18:52.638000,0 days 00:19:13.714000,194.0,186.0,263.0,276.0,True,HARD,3.0,True,McLaren,0 days 00:17:54.633000,,1,,False,,False,True
2023-06,FP1,0 days 00:20:31.322000,PIA,81,0 days 00:01:17.608000,4.0,1.0,,,0 days 00:00:20.556000,0 days 00:00:36.463000,0 days 00:00:20.589000,0 days 00:19:34.270000,0 days 00:20:10.733000,0 days 00:20:31.322000,185.0,186.0,265.0,276.0,True,HARD,4.0,True,McLaren,0 days 00:19:13.714000,,1,,False,,False,True
2023-06,FP1,0 days 00:21:48.608000,PIA,81,0 days 00:01:17.286000,5.0,1.0,,,0 days 00:00:20.173000,0 days 00:00:36.490000,0 days 00:00:20.623000,0 days 00:20:51.495000,0 days 00:21:27.985000,0 days 00:21:48.608000,191.0,189.0,265.0,277.0,True,HARD,5.0,True,McLaren,0 days 00:20:31.322000,,12,,False,,False,True
2023-06,FP1,0 days 00:23:34.443000,PIA,81,0 days 00:01:45.835000,6.0,1.0,,,0 days 00:00:25.448000,0 days 00:00:52.893000,0 days 00:00:27.494000,0 days 00:22:14.056000,0 days 00:23:06.949000,0 days 00:23:34.443000,138.0,141.0,263.0,224.0,False,HARD,6.0,True,McLaren,0 days 00:21:48.608000,,1,,False,,False,True
2023-06,FP1,0 days 00:24:51.960000,PIA,81,0 days 00:01:17.517000,7.0,1.0,,,0 days 00:00:20.386000,0 days 00:00:36.423000,0 days 00:00:20.708000,0 days 00:23:54.829000,0 days 00:24:31.252000,0 days 00:24:51.960000,190.0,192.0,264.0,277.0,False,HARD,7.0,True,McLaren,0 days 00:23:34.443000,,1,,False,,False,True
2023-06,FP1,0 days 00:26:44.510000,PIA,81,0 days 00:01:52.550000,8.0,1.0,,,0 days 00:00:25.970000,0 days 00:00:51.879000,0 days 00:00:34.701000,0 days 00:25:17.930000,0 days 00:26:09.809000,0 days 00:26:44.510000,127.0,114.0,263.0,246.0,False,HARD,8.0,True,McLaren,0 days 00:24:51.960000,,1,,False,,False,True
2023-06,FP1,0 days 00:28:01.360000,PIA,81,0 days 00:01:16.850000,9.0,1.0,,,0 days 00:00:20.197000,0 days 00:00:36.207000,0 days 00:00:20.446000,0 days 00:27:04.707000,0 days 00:27:40.914000,0 days 00:28:01.360000,202.0,190.0,265.0,277.0,True,HARD,9.0,True,McLaren,0 days 00:26:44.510000,,1,,False,,False,True
2023-06,FP1,0 days 00:29:17.707000,PIA,81,0 days 00:01:16.347000,10.0,1.0,,,0 days 00:00:19.891000,0 days 00:00:36.121000,0 days 00:00:20.335000,0 days 00:28:21.251000,0 days 00:28:57.372000,0 days 00:29:17.707000,202.0,193.0,266.0,278.0,True,HARD,10.0,True,McLaren,0 days 00:28:01.360000,,1,,False,,False,True
2023-06,FP1,0 days 00:30:56.402000,PIA,81,0 days 00:01:38.695000,11.0,1.0,,,0 days 00:00:24.096000,0 days 00:00:46.449000,0 days 00:00:28.150000,0 days 00:29:41.803000,0 days 00:30:28.252000,0 days 00:30:56.402000,150.0,156.0,265.0,204.0,False,HARD,11.0,True,McLaren,0 days 00:29:17.707000,,1,,False,,False,True
2023-06,FP1,0 days 00:32:13.413000,PIA,81,0 days 00:01:17.011000,12.0,1.0,,,0 days 00:00:20.140000,0 days 00:00:36.473000,0 days 00:00:20.398000,0 days 00:31:16.542000,0 days 00:31:53.015000,0 days 00:32:13.413000,203.0,189.0,267.0,279.0,False,HARD,12.0,True,McLaren,0 days 00:30:56.402000,,1,,False,,False,True
2023-06,FP1,0 days 00:38:54.424000,PIA,81,,13.0,1.0,,0 days 00:33:24.204000,0 days 00:00:19.962000,0 days 00:00:36.322000,,0 days 00:32:33.611000,0 days 00:33:09.907000,,206.0,183.0,,277.0,False,HARD,13.0,True,McLaren,0 days 00:32:13.413000,,1,,False,,False,False
2023-06,FP1,0 days 00:40:24.312000,PIA,81,0 days 00:01:29.888000,14.0,2.0,0 days 00:38:55.153000,,0 days 00:00:27.555000,0 days 00:00:40.352000,0 days 00:00:21.981000,0 days 00:39:21.979000,0 days 00:40:02.331000,0 days 00:40:24.312000,155.0,172.0,265.0,257.0,False,MEDIUM,1.0,True,McLaren,0 days 00:38:54.424000,,1,,False,,False,False
2023-06,FP1,0 days 00:41:39.836000,PIA,81,0 days 00:01:15.524000,15.0,2.0,,,0 days 00:00:19.762000,0 days 00:00:35.815000,0 days 00:00:19.947000,0 days 00:40:44.074000,0 days 00:41:19.889000,0 days 00:41:39.836000,209.0,193.0,266.0,276.0,True,MEDIUM,2.0,True,McLaren,0 days 00:40:24.312000,,1,,False,,False,True
2023-06,FP1,0 days 00:43:23.114000,PIA,81,0 days 00:01:43.278000,16.0,2.0,,,0 days 00:00:23.771000,0 days 00:00:49.144000,0 days 00:00:30.363000,0 days 00:42:03.607000,0 days 00:42:52.751000,0 days 00:43:23.114000,145.0,126.0,265.0,235.0,False,MEDIUM,3.0,True,McLaren,0 days 00:41:39.836000,,1,,False,,False,True
2023-06,FP1,0 days 00:44:38.306000,PIA,81,0 days 00:01:15.192000,17.0,2.0,,,0 days 00:00:19.805000,0 days 00:00:35.568000,0 days 00:00:19.819000,0 days 00:43:42.919000,0 days 00:44:18.487000,0 days 00:44:38.306000,206.0,195.0,266.0,277.0,True,MEDIUM,4.0,True,McLaren,0 days 00:43:23.114000,,1,,False,,False,True
2023-06,FP1,0 days 00:46:20.492000,PIA,81,0 days 00:01:42.186000,18.0,2.0,,,0 days 00:00:24.814000,0 days 00:00:49.848000,0 days 00:00:27.524000,0 days 00:45:03.120000,0 days 00:45:52.968000,0 days 00:46:20.492000,124.0,105.0,266.0,223.0,False,MEDIUM,5.0,True,McLaren,0 days 00:44:38.306000,,1,,False,,False,True
2023-06,FP1,0 days 00:47:35.835000,PIA,81,0 days 00:01:15.343000,19.0,2.0,,,0 days 00:00:19.738000,0 days 00:00:35.538000,0 days 00:00:20.067000,0 days 00:46:40.230000,0 days 00:47:15.768000,0 days 00:47:35.835000,207.0,190.0,267.0,279.0,False,MEDIUM,6.0,True,McLaren,0 days 00:46:20.492000,,1,,False,,False,True
2023-06,FP1,0 days 00:49:22.716000,PIA,81,0 days 00:01:46.881000,20.0,2.0,,,0 days 00:00:23.166000,0 days 00:00:51.112000,0 days 00:00:32.603000,0 days 00:47:59.001000,0 days 00:48:50.113000,0 days 00:49:22.716000,157.0,120.0,266.0,191.0,False,MEDIUM,7.0,True,McLaren,0 days 00:47:35.835000,,1,,False,,False,True
2023-06,FP1,0 days 00:50:42.465000,PIA,81,0 days 00:01:19.749000,21.0,2.0,,,0 days 00:00:19.742000,0 days 00:00:35.626000,0 days 00:00:24.381000,0 days 00:49:42.458000,0 days 00:50:18.084000,0 days 00:50:42.465000,210.0,193.0,239.0,281.0,False,MEDIUM,8.0,True,McLaren,0 days 00:49:22.716000,,12,,False,,False,True
2023-06,FP1,0 days 00:57:16.162000,PIA,81,,22.0,2.0,,0 days 00:52:38.238000,,,,,,,,,,,False,MEDIUM,9.0,True,McLaren,0 days 00:50:42.465000,,15,,False,,False,False
2023-06,FP1,0 days 00:58:45.631000,PIA,81,0 days 00:01:29.469000,23.0,3.0,0 days 00:57:16.797000,,0 days 00:00:25.511000,0 days 00:00:37.865000,0 days 00:00:26.093000,0 days 00:57:41.673000,0 days 00:58:19.538000,0 days 00:58:45.631000,181.0,177.0,264.0,275.0,False,MEDIUM,10.0,False,McLaren,0 days 00:57:16.797000,,1,,False,,False,False
2023-06,FP1,0 days 01:00:04.050000,PIA,81,0 days 00:01:18.419000,24.0,3.0,,,0 days 00:00:19.880000,0 days 00:00:37.675000,0 days 00:00:20.864000,0 days 00:59:05.511000,0 days 00:59:43.186000,0 days 01:00:04.050000,209.0,186.0,267.0,277.0,False,MEDIUM,11.0,False,McLaren,0 days 00:58:45.631000,,1,,False,,False,True
2023-06,FP1,0 days 01:01:20.625000,PIA,81,0 days 00:01:16.575000,25.0,3.0,,,0 days 00:00:19.962000,0 days 00:00:36.189000,0 days 00:00:20.424000,0 days 01:00:24.012000,0 days 01:01:00.201000,0 days 01:01:20.625000,206.0,190.0,266.0,279.0,False,MEDIUM,12.0,False,McLaren,0 days 01:00:04.050000,,12,,False,,False,True
2023-06,FP1,0 days 01:02:37.557000,PIA,81,0 days 00:01:16.932000,26.0,3.0,,,0 days 00:00:20.044000,0 days 00:00:36.609000,0 days 00:00:20.279000,0 days 01:01:40.669000,0 days 01:02:17.278000,0 days 01:02:37.557000,199.0,191.0,266.0,279.0,False,MEDIUM,13.0,False,McLaren,0 days 01:01:20.625000,,1,,False,,False,True
2023-06,FP1,0 days 01:04:12.341000,PIA,81,0 days 00:01:34.784000,27.0,3.0,,0 days 01:03:48.683000,0 days 00:00:20.700000,0 days 00:00:36.414000,0 days 00:00:37.670000,0 days 01:02:58.257000,0 days 01:03:34.671000,0 days 01:04:12.341000,195.0,191.0,,277.0,False,MEDIUM,14.0,False,McLaren,0 days 01:02:37.557000,,1,,False,,False,False
2023-06,FP1,0 days 01:05:45.992000,PIA,81,0 days 00:01:33.651000,28.0,4.0,0 days 01:04:12.948000,,0 days 00:00:25.232000,0 days 00:00:38.368000,0 days 00:00:30.051000,0 days 01:04:37.573000,0 days 01:05:15.941000,0 days 01:05:45.992000,167.0,170.0,262.0,278.0,False,HARD,14.0,False,McLaren,0 days 01:04:12.341000,,1,,False,,False,False
2023-06,FP1,0 days 01:07:02.540000,PIA,81,0 days 00:01:16.548000,29.0,4.0,,,0 days 00:00:20.164000,0 days 00:00:36.039000,0 days 00:00:20.345000,0 days 01:06:06.156000,0 days 01:06:42.195000,0 days 01:07:02.540000,201.0,192.0,267.0,278.0,False,HARD,15.0,False,McLaren,0 days 01:05:45.992000,,1,,False,,False,True
2023-06,FP1,0 days 01:08:18.840000,PIA,81,0 days 00:01:16.300000,30.0,4.0,,,0 days 00:00:19.850000,0 days 00:00:36.037000,0 days 00:00:20.413000,0 days 01:07:22.390000,0 days 01:07:58.427000,0 days 01:08:18.840000,201.0,192.0,259.0,280.0,False,HARD,16.0,False,McLaren,0 days 01:07:02.540000,,1,,False,,False,True
2023-06,FP1,0 days 01:09:35.793000,PIA,81,0 days 00:01:16.953000,31.0,4.0,,,0 days 00:00:19.973000,0 days 00:00:36.333000,0 days 00:00:20.647000,0 days 01:08:38.813000,0 days 01:09:15.146000,0 days 01:09:35.793000,199.0,190.0,266.0,280.0,False,HARD,17.0,False,McLaren,0 days 01:08:18.840000,,1,,False,,False,True
2023-06,FP1,0 days 01:11:08.553000,PIA,81,,32.0,4.0,,0 days 01:11:08.553000,0 days 00:00:20.107000,,,0 days 01:09:56.023000,,,200.0,,,,False,HARD,18.0,False,McLaren,0 days 01:09:35.793000,,125,,False,,False,False
2023-06,FP2,0 days 00:17:45.892000,VER,1,0 days 00:01:41.168000,1.0,1.0,0 days 00:16:05.782000,,0 days 00:00:27.109000,0 days 00:00:46.214000,0 days 00:00:27.845000,0 days 00:16:31.985000,0 days 00:17:18.219000,0 days 00:17:45.953000,111.0,148.0,263.0,271.0,False,MEDIUM,1.0,True,Red Bull Racing,0 days 00:16:05.782000,,1,,False,,False,False
2023-06,FP2,0 days 00:19:01.379000,VER,1,0 days 00:01:15.487000,2.0,1.0,,,0 days 00:00:19.943000,0 days 00:00:35.557000,0 days 00:00:19.987000,0 days 00:18:05.835000,0 days 00:18:41.392000,0 days 00:19:01.379000,204.0,189.0,266.0,278.0,True,MEDIUM,2.0,True,Red Bull Racing,0 days 00:17:45.892000,,1,,False,,False,True
2023-06,FP2,0 days 00:20:38.486000,VER,1,0 days 00:01:37.107000,3.0,1.0,,,0 days 00:00:25.440000,0 days 00:00:44.394000,0 days 00:00:27.273000,0 days 00:19:26.819000,0 days 00:20:11.213000,0 days 00:20:38.486000,158.0,178.0,266.0,255.0,False,MEDIUM,3.0,True,Red Bull Racing,0 days 00:19:01.379000,,1,,False,,False,True
2023-06,FP2,0 days 00:21:52.471000,VER,1,0 days 00:01:13.985000,4.0,1.0,,,0 days 00:00:19.457000,0 days 00:00:34.997000,0 days 00:00:19.531000,0 days 00:20:57.943000,0 days 00:21:32.940000,0 days 00:21:52.471000,207.0,195.0,266.0,279.0,True,MEDIUM,4.0,True,Red Bull Racing,0 days 00:20:38.486000,,1,,False,,False,True
2023-06,FP2,0 days 00:23:41.705000,VER,1,0 days 00:01:49.234000,5.0,1.0,,,0 days 00:00:29.180000,0 days 00:00:53.147000,0 days 00:00:26.907000,0 days 00:22:21.651000,0 days 00:23:14.798000,0 days 00:23:41.705000,111.0,151.0,266.0,145.0,False,MEDIUM,5.0,True,Red Bull Racing,0 days 00:21:52.471000,,1,,False,,False,True
2023-06,FP2,0 days 00:24:55.562000,VER,1,0 days 00:01:13.857000,6.0,1.0,,,0 days 00:00:19.424000,0 days 00:00:35.007000,0 days 00:00:19.426000,0 days 00:24:01.129000,0 days 00:24:36.136000,0 days 00:24:55.562000,209.0,196.0,268.0,279.0,True,MEDIUM,6.0,True,Red Bull Racing,0 days 00:23:41.705000,,1,,False,,False,True
2023-06,FP2,0 days 00:26:46.331000,VER,1,0 days 00:01:50.769000,7.0,1.0,,,0 days 00:00:28.785000,0 days 00:00:49.589000,0 days 00:00:32.395000,0 days 00:25:24.347000,0 days 00:26:13.936000,0 days 00:26:46.331000,148.0,146.0,267.0,218.0,False,MEDIUM,7.0,True,Red Bull Racing,0 days 00:24:55.562000,,1,,False,,False,True
2023-06,FP2,0 days 00:28:19.494000,VER,1,0 days 00:01:33.163000,8.0,1.0,,,0 days 00:00:21.102000,0 days 00:00:46.963000,0 days 00:00:25.098000,0 days 00:27:07.433000,0 days 00:27:54.396000,0 days 00:28:19.494000,154.0,127.0,267.0,213.0,False,MEDIUM,8.0,True,Red Bull Racing,0 days 00:26:46.331000,,1,,False,,False,True
2023-06,FP2,0 days 00:29:33.061000,VER,1,0 days 00:01:13.567000,9.0,1.0,,,0 days 00:00:19.270000,0 days 00:00:34.827000,0 days 00:00:19.470000,0 days 00:28:38.764000,0 days 00:29:13.591000,0 days 00:29:33.061000,213.0,198.0,268.0,279.0,True,MEDIUM,9.0,True,Red Bull Racing,0 days 00:28:19.494000,,1,,False,,False,True
2023-06,FP2,0 days 00:31:22.923000,VER,1,0 days 00:01:49.862000,10.0,1.0,,,0 days 00:00:27.890000,0 days 00:00:50.856000,0 days 00:00:31.116000,0 days 00:30:00.951000,0 days 00:30:51.807000,0 days 00:31:22.923000,142.0,69.0,203.0,205.0,False,MEDIUM,10.0,True,Red Bull Racing,0 days 00:29:33.061000,,1,,False,,False,True
2023-06,FP2,0 days 00:33:00.473000,VER,1,0 days 00:01:37.550000,11.0,1.0,,,0 days 00:00:29.868000,0 days 00:00:45.140000,0 days 00:00:22.542000,0 days 00:31:52.791000,0 days 00:32:37.931000,0 days 00:33:00.473000,152.0,125.0,266.0,222.0,False,MEDIUM,11.0,True,Red Bull Racing,0 days 00:31:22.923000,,1,,False,,False,True
2023-06,FP2,0 days 00:34:13.785000,VER,1,0 days 00:01:13.312000,12.0,1.0,,,0 days 00:00:19.176000,0 days 00:00:34.776000,0 days 00:00:19.360000,0 days 00:33:19.649000,0 days 00:33:54.425000,0 days 00:34:13.785000,209.0,195.0,267.0,276.0,True,MEDIUM,12.0,True,Red Bull Racing,0 days 00:33:00.473000,,1,,False,,False,True
2023-06,FP2,0 days 00:45:01.297000,VER,1,,13.0,1.0,,0 days 00:35:27.550000,0 days 00:00:21.260000,0 days 00:00:37.357000,,0 days 00:34:35.223000,0 days 00:35:12.581000,,179.0,178.0,,259.0,False,MEDIUM,13.0,True,Red Bull Racing,0 days 00:34:13.785000,,12,,False,,False,False
2023-06,FP2,0 days 00:46:30.945000,VER,1,0 days 00:01:29.648000,14.0,2.0,0 days 00:45:02.262000,,0 days 00:00:26.647000,0 days 00:00:42.064000,0 days 00:00:20.937000,0 days 00:45:27.944000,0 days 00:46:10.008000,0 days 00:46:30.945000,185.0,182.0,267.0,273.0,False,SOFT,1.0,True,Red Bull Racing,0 days 00:45:01.297000,,1,,False,,False,False
2023-06,FP2,0 days 00:47:43.682000,VER,1,0 days 00:01:12.737000,15.0,2.0,,,0 days 00:00:18.970000,0 days 00:00:34.441000,0 days 00:00:19.326000,0 days 00:46:49.915000,0 days 00:47:24.356000,0 days 00:47:43.682000,215.0,198.0,266.0,280.0,True,SOFT,2.0,True,Red Bull Racing,0 days 00:46:30.945000,,1,,False,,False,True
2023-06,FP2,0 days 00:49:41.317000,VER,1,0 days 00:01:57.635000,16.0,2.0,,,0 days 00:00:35.410000,0 days 00:00:51.300000,0 days 00:00:30.925000,0 days 00:48:19.092000,0 days 00:49:10.392000,0 days 00:49:41.317000,74.0,119.0,164.0,169.0,False,SOFT,3.0,True,Red Bull Racing,0 days 00:47:43.682000,,1,,False,,False,True
2023-06,FP2,0 days 00:51:30.624000,VER,1,0 days 00:01:49.307000,17.0,2.0,,,0 days 00:00:33.619000,0 days 00:00:50.425000,0 days 00:00:25.263000,0 days 00:50:14.936000,0 days 00:51:05.361000,0 days 00:51:30.624000,152.0,132.0,266.0,212.0,False,SOFT,4.0,True,Red Bull Racing,0 days 00:49:41.317000,,1,,False,,False,True
2023-06,FP2,0 days 00:52:43.086000,VER,1,0 days 00:01:12.462000,18.0,2.0,,,0 days 00:00:18.963000,0 days 00:00:34.276000,0 days 00:00:19.223000,0 days 00:51:49.587000,0 days 00:52:23.863000,0 days 00:52:43.086000,216.0,198.0,267.0,279.0,True,SOFT,5.0,True,Red Bull Racing,0 days 00:51:30.624000,,1,,False,,False,True
2023-06,FP2,0 days 01:03:45.998000,VER,1,,19.0,2.0,,0 days 00:54:09.928000,0 days 00:00:26.695000,0 days 00:00:43.627000,,0 days 00:53:09.976000,0 days 00:53:53.616000,,158.0,156.0,,202.0,False,SOFT,6.0,True,Red Bull Racing,0 days 00:52:43.086000,,125,,False,,False,False
2023-06,FP2,0 days 01:05:18.637000,VER,1,0 days 00:01:32.639000,20.0,3.0,0 days 01:03:46.593000,,0 days 00:00:24.925000,0 days 00:00:39.262000,0 days 00:00:28.452000,0 days 01:04:10.923000,0 days 01:04:50.185000,0 days 01:05:18.637000,171.0,163.0,248.0,272.0,False,MEDIUM,14.0,False,Red Bull Racing,0 days 01:03:46.593000,,1,,False,,False,False
2023-06,FP2,0 days 01:06:35.533000,VER,1,0 days 00:01:16.896000,21.0,3.0,,,0 days 00:00:20.425000,0 days 00:00:36.136000,0 days 00:00:20.335000,0 days 01:05:39.062000,0 days 01:06:15.198000,0 days 01:06:35.533000,194.0,184.0,254.0,273.0,False,MEDIUM,15.0,False,Red Bull Racing,0 days 01:05:18.637000,,1,,False,,False,True
2023-06,FP2,0 days 01:07:51.789000,VER,1,0 days 00:01:16.256000,22.0,3.0,,,0 days 00:00:20.221000,0 days 00:00:35.845000,0 days 00:00:20.190000,0 days 01:06:55.754000,0 days 01:07:31.599000,0 days 01:07:51.789000,196.0,189.0,256.0,274.0,False,MEDIUM,16.0,False,Red Bull Racing,0 days 01:06:35.533000,,1,,False,,False,True
2023-06,FP2,0 days 01:09:08.398000,VER,1,0 days 00:01:16.609000,23.0,3.0,,,0 days 00:00:20.318000,0 days 00:00:35.843000,0 days 00:00:20.448000,0 days 01:08:12.107000,0 days 01:08:47.950000,0 days 01:09:08.398000,193.0,188.0,254.0,275.0,False,MEDIUM,17.0,False,Red Bull Racing,0 days 01:07:51.789000,,1,,False,,False,True
2023-06,FP2,0 days 01:10:24.763000,VER,1,0 days 00:01:16.365000,24.0,3.0,,,0 days 00:00:20.213000,0 days 00:00:35.867000,0 days 00:00:20.285000,0 days 01:09:28.611000,0 days 01:10:04.478000,0 days 01:10:24.763000,195.0,189.0,254.0,274.0,False,MEDIUM,18.0,False,Red Bull Racing,0 days 01:09:08.398000,,1,,False,,False,True
2023-06,FP2,0 days 01:11:41.219000,VER,1,0 days 00:01:16.456000,25.0,3.0,,,0 days 00:00:20.151000,0 days 00:00:35.880000,0 days 00:00:20.425000,0 days 01:10:44.914000,0 days 01:11:20.794000,0 days 01:11:41.219000,198.0,191.0,254.0,273.0,False,MEDIUM,19.0,False,Red Bull Racing,0 days 01:10:24.763000,,1,,False,,False,True
2023-06,FP2,0 days 01:12:57.643000,VER,1,0 days 00:01:16.424000,26.0,3.0,,,0 days 00:00:20.271000,0 days 00:00:35.847000,0 days 00:00:20.306000,0 days 01:12:01.490000,0 days 01:12:37.337000,0 days 01:12:57.643000,193.0,187.0,254.0,274.0,False,MEDIUM,20.0,False,Red Bull Racing,0 days 01:11:41.219000,,1,,False,,False,True
2023-06,FP2,0 days 01:14:13.868000,VER,1,0 days 00:01:16.225000,27.0,3.0,,,0 days 00:00:20.139000,0 days 00:00:35.866000,0 days 00:00:20.220000,0 days 01:13:17.782000,0 days 01:13:53.648000,0 days 01:14:13.868000,194.0,190.0,254.0,275.0,False,MEDIUM,21.0,False,Red Bull Racing,0 days 01:12:57.643000,,1,,False,,False,True
2023-06,FP2,0 days 01:15:29.734000,VER,1,0 days 00:01:15.866000,28.0,3.0,,,0 days 00:00:19.960000,0 days 00:00:35.791000,0 days 00:00:20.115000,0 days 01:14:33.828000,0 days 01:15:09.619000,0 days 01:15:29.734000,201.0,189.0,255.0,276.0,False,MEDIUM,22.0,False,Red Bull Racing,0 days 01:14:13.868000,,1,,False,,False,True
2023-06,FP2,0 days 01:18:11.802000,VER,1,,29.0,3.0,,,0 days 00:00:31.580000,0 days 00:01:00.740000,0 days 00:01:09.756000,0 days 01:16:01.429000,0 days 01:17:02.147000,0 days 01:18:11.802000,103.0,85.0,123.0,120.0,False,MEDIUM,23.0,False,Red Bull Racing,0 days 01:15:29.734000,,126,,False,,False,False
2023-06,FP2,0 days 01:19:35.333000,VER,1,,30.0,3.0,,0 days 01:19:35.333000,0 days 00:00:25.596000,0 days 00:00:39.889000,,0 days 01:18:37.568000,0 days 01:19:17.380000,,159.0,161.0,,233.0,False,MEDIUM,24.0,False,Red Bull Racing,0 days 01:18:11.802000,,6,,False,,False,False
2023-06,FP2,0 days 00:16:22.086000,SAR,2,0 days 00:01:43.020000,1.0,1.0,0 days 00:14:40.048000,,0 days 00:00:31.099000,0 days 00:00:41.872000,0 days 00:00:30.049000,0 days 00:15:10.345000,0 days 00:15:52.204000,0 days 00:16:22.172000,135.0,166.0,261.0,269.0,False,MEDIUM,1.0,True,Williams,0 days 00:14:40.048000,,1,,False,,False,False
2023-06,FP2,0 days 00:17:40.747000,SAR,2,0 days 00:01:18.661000,2.0,1.0,,,0 days 00:00:20.907000,0 days 00:00:36.849000,0 days 00:00:20.905000,0 days 00:16:42.993000,0 days 00:17:19.842000,0 days 00:17:40.747000,190.0,185.0,266.0,280.0,True,MEDIUM,2.0,True,Williams,0 days 00:16:22.086000,,1,,False,,False,True
2023-06,FP2,0 days 00:19:23.376000,SAR,2,0 days 00:01:42.629000,3.0,1.0,,,0 days 00:00:31.188000,0 days 00:00:43.785000,0 days 00:00:27.656000,0 days 00:18:11.935000,0 days 00:18:55.720000,0 days 00:19:23.376000,157.0,156.0,267.0,256.0,False,MEDIUM,3.0,True,Williams,0 days 00:17:40.747000,,1,,False,,False,True
2023-06,FP2,0 days 00:20:39.430000,SAR,2,0 days 00:01:16.054000,4.0,1.0,,,0 days 00:00:19.978000,0 days 00:00:35.912000,0 days 00:00:20.164000,0 days 00:19:43.354000,0 days 00:20:19.266000,0 days 00:20:39.430000,202.0,190.0,270.0,283.0,True,MEDIUM,4.0,True,Williams,0 days 00:19:23.376000,,1,,False,,False,True
2023-06,FP2,0 days 00:22:21.325000,SAR,2,0 days 00:01:41.895000,5.0,1.0,,,0 days 00:00:27.900000,0 days 00:00:47.592000,0 days 00:00:26.403000,0 days 00:21:07.330000,0 days 00:21:54.922000,0 days 00:22:21.325000,132.0,163.0,264.0,229.0,False,MEDIUM,5.0,True,Williams,0 days 00:20:39.430000,,1,,False,,False,True
2023-06,FP2,0 days 00:23:37.432000,SAR,2,0 days 00:01:16.107000,6.0,1.0,,,0 days 00:00:19.830000,0 days 00:00:35.822000,0 days 00:00:20.455000,0 days 00:22:41.155000,0 days 00:23:16.977000,0 days 00:23:37.432000,196.0,191.0,262.0,279.0,False,MEDIUM,6.0,True,Williams,0 days 00:22:21.325000,,1,,False,,False,True
2023-06,FP2,0 days 00:25:23.665000,SAR,2,0 days 00:01:46.233000,7.0,1.0,,,0 days 00:00:29.211000,0 days 00:00:50.892000,0 days 00:00:26.130000,0 days 00:24:06.643000,0 days 00:24:57.535000,0 days 00:25:23.665000,164.0,146.0,265.0,175.0,False,MEDIUM,7.0,True,Williams,0 days 00:23:37.432000,,1,,False,,False,True
2023-06,FP2,0 days 00:26:39.061000,SAR,2,0 days 00:01:15.396000,8.0,1.0,,,0 days 00:00:19.688000,0 days 00:00:35.643000,0 days 00:00:20.065000,0 days 00:25:43.353000,0 days 00:26:18.996000,0 days 00:26:39.061000,208.0,193.0,269.0,281.0,True,MEDIUM,8.0,True,Williams,0 days 00:25:23.665000,,1,,False,,False,True
2023-06,FP2,0 days 00:28:37.699000,SAR,2,0 days 00:01:58.638000,9.0,1.0,,,0 days 00:00:31.074000,0 days 00:00:52.406000,0 days 00:00:35.158000,0 days 00:27:10.135000,0 days 00:28:02.541000,0 days 00:28:37.699000,138.0,105.0,264.0,260.0,False,MEDIUM,9.0,True,Williams,0 days 00:26:39.061000,,1,,False,,False,True
2023-06,FP2,0 days 00:29:53.038000,SAR,2,0 days 00:01:15.339000,10.0,1.0,,,0 days 00:00:19.617000,0 days 00:00:35.554000,0 days 00:00:20.168000,0 days 00:28:57.316000,0 days 00:29:32.870000,0 days 00:29:53.038000,205.0,191.0,265.0,281.0,True,MEDIUM,10.0,True,Williams,0 days 00:28:37.699000,,1,,False,,False,True
2023-06,FP2,0 days 00:36:09.951000,SAR,2,,11.0,1.0,,0 days 00:31:11.240000,0 days 00:00:19.676000,0 days 00:00:39.935000,,0 days 00:30:12.897000,0 days 00:30:52.866000,,208.0,125.0,,271.0,False,MEDIUM,11.0,True,Williams,0 days 00:29:53.038000,,1,,False,,False,False
2023-06,FP2,0 days 00:37:42.423000,SAR,2,0 days 00:01:32.472000,12.0,2.0,0 days 00:36:10.628000,,0 days 00:00:26.415000,0 days 00:00:38.645000,0 days 00:00:27.412000,0 days 00:36:36.366000,0 days 00:37:15.011000,0 days 00:37:42.423000,172.0,180.0,265.0,275.0,False,SOFT,1.0,True,Williams,0 days 00:36:09.951000,,1,,False,,False,False
2023-06,FP2,0 days 00:38:56.686000,SAR,2,0 days 00:01:14.263000,13.0,2.0,,,0 days 00:00:19.440000,0 days 00:00:35.078000,0 days 00:00:19.745000,0 days 00:38:01.863000,0 days 00:38:36.941000,0 days 00:38:56.686000,211.0,193.0,266.0,279.0,True,SOFT,2.0,True,Williams,0 days 00:37:42.423000,,1,,False,,False,True
2023-06,FP2,0 days 00:40:32.550000,SAR,2,0 days 00:01:35.864000,14.0,2.0,,,0 days 00:00:25.928000,0 days 00:00:43.081000,0 days 00:00:26.855000,0 days 00:39:22.614000,0 days 00:40:05.695000,0 days 00:40:32.550000,155.0,140.0,265.0,264.0,False,SOFT,3.0,True,Williams,0 days 00:38:56.686000,,1,,False,,False,True
2023-06,FP2,0 days 00:42:10.489000,SAR,2,0 days 00:01:37.939000,15.0,2.0,,,0 days 00:00:19.430000,0 days 00:00:48.377000,0 days 00:00:30.132000,0 days 00:40:51.980000,0 days 00:41:40.357000,0 days 00:42:10.489000,210.0,96.0,241.0,226.0,False,SOFT,4.0,True,Williams,0 days 00:40:32.550000,,12,,False,,False,True
2023-06,FP2,0 days 00:44:05.244000,SAR,2,0 days 00:01:54.755000,16.0,2.0,,,0 days 00:00:31.623000,0 days 00:00:52.116000,0 days 00:00:31.016000,0 days 00:42:42.112000,0 days 00:43:34.228000,0 days 00:44:05.244000,138.0,152.0,266.0,142.0,False,SOFT,5.0,True,Williams,0 days 00:42:10.489000,,1,,False,,False,True
2023-06,FP2,0 days 00:45:48.248000,SAR,2,0 days 00:01:43.004000,17.0,2.0,,,0 days 00:00:26.679000,0 days 00:00:44.527000,0 days 00:00:31.798000,0 days 00:44:31.923000,0 days 00:45:16.450000,0 days 00:45:48.248000,142.0,94.0,266.0,265.0,False,SOFT,6.0,True,Williams,0 days 00:44:05.244000,,1,,False,,False,True
2023-06,FP2,0 days 00:47:02.882000,SAR,2,0 days 00:01:14.634000,18.0,2.0,,,0 days 00:00:19.571000,0 days 00:00:35.207000,0 days 00:00:19.856000,0 days 00:46:07.819000,0 days 00:46:43.026000,0 days 00:47:02.882000,209.0,194.0,266.0,280.0,False,SOFT,7.0,True,Williams,0 days 00:45:48.248000,,1,,False,,False,True
2023-06,FP2,0 days 00:48:47.943000,SAR,2,0 days 00:01:45.061000,19.0,2.0,,,0 days 00:00:27.339000,0 days 00:00:46.766000,0 days 00:00:30.956000,0 days 00:47:30.221000,0 days 00:48:16.987000,0 days 00:48:47.943000,124.0,122.0,265.0,252.0,False,SOFT,8.0,True,Williams,0 days 00:47:02.882000,,1,,False,,False,True
2023-06,FP2,0 days 00:50:02.181000,SAR,2,0 days 00:01:14.238000,20.0,2.0,,,0 days 00:00:19.413000,0 days 00:00:35.075000,0 days 00:00:19.750000,0 days 00:49:07.356000,0 days 00:49:42.431000,0 days 00:50:02.181000,208.0,194.0,267.0,279.0,True,SOFT,9.0,True,Williams,0 days 00:48:47.943000,,1,,False,,False,True
2023-06,FP2,0 days 00:56:44.958000,SAR,2,,21.0,2.0,,0 days 00:51:25.336000,0 days 00:00:21.044000,0 days 00:00:43.009000,,0 days 00:50:23.431000,0 days 00:51:06.430000,,162.0,123.0,,259.0,False,SOFT,10.0,True,Williams,0 days 00:50:02.181000,,1,,False,,False,False
2023-06,FP2,0 days 01:02:45.908000,SAR,2,,22.0,3.0,0 days 00:56:44.958000,0 days 00:58:26.206000,0 days 00:00:25.703000,,,0 days 00:57:10.145000,,,185.0,,,,False,SOFT,11.0,False,Williams,0 days 00:56:44.958000,,125,,False,,False,False
2023-06,FP2,0 days 01:04:14.558000,SAR,2,0 days 00:01:28.650000,23.0,4.0,0 days 01:02:46.922000,,0 days 00:00:27.525000,0 days 00:00:37.304000,0 days 00:00:23.821000,0 days 01:03:13.433000,0 days 01:03:50.737000,0 days 01:04:14.558000,173.0,181.0,255.0,273.0,False,SOFT,12.0,False,Williams,0 days 01:02:46.922000,,1,,False,,False,False
2023-06,FP2,0 days 01:05:32.110000,SAR,2,0 days 00:01:17.552000,24.0,4.0,,,0 days 00:00:20.223000,0 days 00:00:36.063000,0 days 00:00:21.266000,0 days 01:04:34.781000,0 days 01:05:10.844000,0 days 01:05:32.110000,207.0,183.0,258.0,279.0,False,SOFT,13.0,False,Williams,0 days 01:04:14.558000,,1,,False,,False,True
2023-06,FP2,0 days 01:06:49.107000,SAR,2,0 days 00:01:16.997000,25.0,4.0,,,0 days 00:00:20.219000,0 days 00:00:36.296000,0 days 00:00:20.482000,0 days 01:05:52.329000,0 days 01:06:28.625000,0 days 01:06:49.107000,202.0,185.0,258.0,280.0,False,SOFT,14.0,False,Williams,0 days 01:05:32.110000,,1,,False,,False,True
2023-06,FP2,0 days 01:08:06.142000,SAR,2,0 days 00:01:17.035000,26.0,4.0,,,0 days 00:00:20.058000,0 days 00:00:36.292000,0 days 00:00:20.685000,0 days 01:07:09.165000,0 days 01:07:45.457000,0 days 01:08:06.142000,204.0,185.0,258.0,280.0,False,SOFT,15.0,False,Williams,0 days 01:06:49.107000,,1,,False,,False,True
2023-06,FP2,0 days 01:09:23.606000,SAR,2,0 days 00:01:17.464000,27.0,4.0,,,0 days 00:00:20.084000,0 days 00:00:36.514000,0 days 00:00:20.866000,0 days 01:08:26.226000,0 days 01:09:02.740000,0 days 01:09:23.606000,205.0,185.0,258.0,281.0,False,SOFT,16.0,False,Williams,0 days 01:08:06.142000,,1,,False,,False,True
2023-06,FP2,0 days 01:10:41.703000,SAR,2,0 days 00:01:18.097000,28.0,4.0,,,0 days 00:00:20.276000,0 days 00:00:36.750000,0 days 00:00:21.071000,0 days 01:09:43.882000,0 days 01:10:20.632000,0 days 01:10:41.703000,195.0,183.0,257.0,279.0,False,SOFT,17.0,False,Williams,0 days 01:09:23.606000,,1,,False,,False,True
2023-06,FP2,0 days 01:12:00.712000,SAR,2,0 days 00:01:19.009000,29.0,4.0,,,0 days 00:00:20.800000,0 days 00:00:36.997000,0 days 00:00:21.212000,0 days 01:11:02.503000,0 days 01:11:39.500000,0 days 01:12:00.712000,202.0,180.0,257.0,279.0,False,SOFT,18.0,False,Williams,0 days 01:10:41.703000,,1,,False,,False,True
2023-06,FP2,0 days 01:13:19.677000,SAR,2,0 days 00:01:18.965000,30.0,4.0,,,0 days 00:00:20.472000,0 days 00:00:37.145000,0 days 00:00:21.348000,0 days 01:12:21.184000,0 days 01:12:58.329000,0 days 01:13:19.677000,200.0,180.0,257.0,278.0,False,SOFT,19.0,False,Williams,0 days 01:12:00.712000,,1,,False,,False,True
2023-06,FP2,0 days 01:14:38.874000,SAR,2,0 days 00:01:19.197000,31.0,4.0,,,0 days 00:00:20.491000,0 days 00:00:37.366000,0 days 00:00:21.340000,0 days 01:13:40.168000,0 days 01:14:17.534000,0 days 01:14:38.874000,202.0,177.0,258.0,277.0,False,SOFT,20.0,False,Williams,0 days 01:13:19.677000,,1,,False,,False,True
2023-06,FP2,0 days 01:16:57.391000,SAR,2,0 days 00:02:18.517000,32.0,4.0,,,0 days 00:00:30.145000,0 days 00:00:45.514000,0 days 00:01:02.858000,0 days 01:15:09.019000,0 days 01:15:54.533000,0 days 01:16:57.391000,126.0,56.0,5.0,220.0,False,SOFT,21.0,False,Williams,0 days 01:14:38.874000,,126,,False,,False,False
2023-06,FP2,0 days 01:18:27.958000,SAR,2,,33.0,4.0,,0 days 01:18:27.958000,0 days 00:00:27.828000,0 days 00:00:42.680000,,0 days 01:17:25.350000,0 days 01:18:08.021000,,145.0,160.0,,251.0,False,SOFT,22.0,False,Williams,0 days 01:16:57.391000,,6,,False,,False,False
2023-06,FP2,0 days 00:28:26.970000,NOR,4,0 days 00:01:49.732000,1.0,1.0,0 days 00:26:37.947000,,0 days 00:00:35.933000,0 days 00:00:45.706000,0 days 00:00:28.093000,0 days 00:27:13.352000,0 days 00:27:59.071000,0 days 00:28:27.070000,104.0,167.0,266.0,228.0,False,HARD,1.0,True,McLaren,0 days 00:26:37.947000,,1,,False,,False,False
2023-06,FP2,0 days 00:29:42.741000,NOR,4,0 days 00:01:15.771000,2.0,1.0,,,0 days 00:00:20.133000,0 days 00:00:35.847000,0 days 00:00:19.791000,0 days 00:28:47.103000,0 days 00:29:22.950000,0 days 00:29:42.741000,203.0,189.0,266.0,278.0,True,HARD,2.0,True,McLaren,0 days 00:28:26.970000,,1,,False,,False,True
2023-06,FP2,0 days 00:31:13.703000,NOR,4,0 days 00:01:30.962000,3.0,1.0,,,0 days 00:00:23.509000,0 days 00:00:42.793000,0 days 00:00:24.660000,0 days 00:30:06.250000,0 days 00:30:49.043000,0 days 00:31:13.703000,143.0,152.0,267.0,198.0,False,HARD,3.0,True,McLaren,0 days 00:29:42.741000,,1,,False,,False,True
2023-06,FP2,0 days 00:32:28.130000,NOR,4,0 days 00:01:14.427000,4.0,1.0,,,0 days 00:00:19.645000,0 days 00:00:35.123000,0 days 00:00:19.659000,0 days 00:31:33.348000,0 days 00:32:08.471000,0 days 00:32:28.130000,211.0,196.0,268.0,278.0,True,HARD,4.0,True,McLaren,0 days 00:31:13.703000,,1,,False,,False,True
2023-06,FP2,0 days 00:34:10.005000,NOR,4,0 days 00:01:41.875000,5.0,1.0,,,0 days 00:00:25.652000,0 days 00:00:50.482000,0 days 00:00:25.741000,0 days 00:32:53.782000,0 days 00:33:44.264000,0 days 00:34:10.005000,127.0,140.0,266.0,171.0,False,HARD,5.0,True,McLaren,0 days 00:32:28.130000,,1,,False,,False,True
2023-06,FP2,0 days 00:35:24.420000,NOR,4,0 days 00:01:14.415000,6.0,1.0,,,0 days 00:00:19.593000,0 days 00:00:35.256000,0 days 00:00:19.566000,0 days 00:34:29.598000,0 days 00:35:04.854000,0 days 00:35:24.420000,210.0,198.0,267.0,276.0,True,HARD,6.0,True,McLaren,0 days 00:34:10.005000,,1,,False,,False,True
2023-06,FP2,0 days 00:37:03.947000,NOR,4,0 days 00:01:39.527000,7.0,1.0,,,0 days 00:00:25.380000,0 days 00:00:50.728000,0 days 00:00:23.419000,0 days 00:35:49.800000,0 days 00:36:40.528000,0 days 00:37:03.947000,120.0,147.0,267.0,180.0,False,HARD,7.0,True,McLaren,0 days 00:35:24.420000,,1,,False,,False,True
2023-06,FP2,0 days 00:38:17.984000,NOR,4,0 days 00:01:14.037000,8.0,1.0,,,0 days 00:00:19.435000,0 days 00:00:35.104000,0 days 00:00:19.498000,0 days 00:37:23.382000,0 days 00:37:58.486000,0 days 00:38:17.984000,211.0,196.0,267.0,276.0,True,HARD,8.0,True,McLaren,0 days 00:37:03.947000,,1,,False,,False,True
2023-06,FP2,0 days 00:44:51.518000,NOR,4,,9.0,1.0,,0 days 00:39:40.766000,0 days 00:00:25.437000,0 days 00:00:41.171000,,0 days 00:38:43.610000,0 days 00:39:24.782000,,167.0,170.0,,239.0,False,HARD,9.0,True,McLaren,0 days 00:38:17.984000,,12,,False,,False,False
2023-06,FP2,0 days 00:46:23.446000,NOR,4,0 days 00:01:31.928000,10.0,2.0,0 days 00:44:52.294000,,0 days 00:00:27.552000,0 days 00:00:43.217000,0 days 00:00:21.159000,0 days 00:45:19.070000,0 days 00:46:02.287000,0 days 00:46:23.446000,171.0,181.0,271.0,261.0,False,SOFT,1.0,True,McLaren,0 days 00:44:51.518000,,1,,False,,False,False
2023-06,FP2,0 days 00:48:00.760000,NOR,4,0 days 00:01:37.314000,11.0,2.0,,,0 days 00:00:19.913000,0 days 00:00:46.202000,0 days 00:00:31.199000,0 days 00:46:43.359000,0 days 00:47:29.561000,0 days 00:48:00.760000,120.0,153.0,271.0,145.0,False,SOFT,2.0,True,McLaren,0 days 00:46:23.446000,,1,,False,,False,True
2023-06,FP2,0 days 00:49:13.666000,NOR,4,0 days 00:01:12.906000,12.0,2.0,,,0 days 00:00:19.291000,0 days 00:00:34.433000,0 days 00:00:19.182000,0 days 00:48:20.051000,0 days 00:48:54.484000,0 days 00:49:13.666000,210.0,197.0,271.0,280.0,True,SOFT,3.0,True,McLaren,0 days 00:48:00.760000,,1,,False,,False,True
2023-06,FP2,0 days 00:51:01.546000,NOR,4,0 days 00:01:47.880000,13.0,2.0,,,0 days 00:00:24.896000,0 days 00:00:56.352000,0 days 00:00:26.632000,0 days 00:49:38.562000,0 days 00:50:34.914000,0 days 00:51:01.546000,131.0,116.0,268.0,175.0,False,SOFT,4.0,True,McLaren,0 days 00:49:13.666000,,1,,False,,False,True
2023-06,FP2,0 days 00:52:14.675000,NOR,4,0 days 00:01:13.129000,14.0,2.0,,,0 days 00:00:19.268000,0 days 00:00:34.695000,0 days 00:00:19.166000,0 days 00:51:20.814000,0 days 00:51:55.509000,0 days 00:52:14.675000,213.0,197.0,267.0,277.0,False,SOFT,5.0,True,McLaren,0 days 00:51:01.546000,,1,,False,,False,True
2023-06,FP2,0 days 00:53:58.287000,NOR,4,0 days 00:01:43.612000,15.0,2.0,,,0 days 00:00:21.549000,0 days 00:00:54.622000,0 days 00:00:27.441000,0 days 00:52:36.224000,0 days 00:53:30.846000,0 days 00:53:58.287000,158.0,142.0,268.0,193.0,False,SOFT,6.0,True,McLaren,0 days 00:52:14.675000,,1,,False,,False,True
2023-06,FP2,0 days 01:03:02.430000,NOR,4,,16.0,2.0,,0 days 00:55:14.318000,0 days 00:00:21.882000,0 days 00:00:40.115000,,0 days 00:54:20.397000,0 days 00:55:00.521000,,102.0,183.0,,261.0,False,SOFT,7.0,True,McLaren,0 days 00:53:58.287000,,125,,False,,False,False
2023-06,FP2,0 days 01:04:29.843000,NOR,4,0 days 00:01:27.413000,17.0,3.0,0 days 01:03:03.297000,,0 days 00:00:29.617000,0 days 00:00:37.093000,0 days 00:00:20.703000,0 days 01:03:32.047000,0 days 01:04:09.140000,0 days 01:04:29.843000,173.0,185.0,254.0,273.0,False,SOFT,8.0,False,McLaren,0 days 01:03:03.297000,,1,,False,,False,False
2023-06,FP2,0 days 01:05:59.014000,NOR,4,,18.0,3.0,,0 days 01:05:59.014000,0 days 00:00:20.148000,0 days 00:00:49.183000,,0 days 01:04:50.077000,0 days 01:05:39.280000,,205.0,143.0,,150.0,False,SOFT,9.0,False,McLaren,0 days 01:04:29.843000,,1,,False,,False,False
2023-06,FP2,0 days 00:17:16.804000,GAS,10,0 days 00:01:32.918000,1.0,1.0,0 days 00:15:44.688000,,0 days 00:00:27.366000,0 days 00:00:41.953000,0 days 00:00:23.599000,0 days 00:16:11.438000,0 days 00:16:53.391000,0 days 00:17:16.891000,167.0,164.0,265.0,255.0,False,MEDIUM,1.0,True,Alpine,0 days 00:15:44.688000,,1,,False,,False,False
2023-06,FP2,0 days 00:18:32.841000,GAS,10,0 days 00:01:16.037000,2.0,1.0,,,0 days 00:00:20.182000,0 days 00:00:35.718000,0 days 00:00:20.137000,0 days 00:17:36.986000,0 days 00:18:12.704000,0 days 00:18:32.841000,205.0,189.0,264.0,279.0,True,MEDIUM,2.0,True,Alpine,0 days 00:17:16.804000,,1,,False,,False,True
2023-06,FP2,0 days 00:20:20.382000,GAS,10,0 days 00:01:47.541000,3.0,1.0,,,0 days 00:00:26.287000,0 days 00:00:48.077000,0 days 00:00:33.177000,0 days 00:18:59.128000,0 days 00:19:47.205000,0 days 00:20:20.382000,117.0,87.0,264.0,258.0,False,MEDIUM,3.0,True,Alpine,0 days 00:18:32.841000,,1,,False,,False,True
2023-06,FP2,0 days 00:21:35.847000,GAS,10,0 days 00:01:15.465000,4.0,1.0,,,0 days 00:00:20.075000,0 days 00:00:35.506000,0 days 00:00:19.884000,0 days 00:20:40.457000,0 days 00:21:15.963000,0 days 00:21:35.847000,205.0,191.0,262.0,279.0,True,MEDIUM,4.0,True,Alpine,0 days 00:20:20.382000,,1,,False,,False,True
2023-06,FP2,0 days 00:23:21.018000,GAS,10,0 days 00:01:45.171000,5.0,1.0,,,0 days 00:00:26.010000,0 days 00:00:44.530000,0 days 00:00:34.631000,0 days 00:22:01.857000,0 days 00:22:46.387000,0 days 00:23:21.018000,104.0,149.0,264.0,238.0,False,MEDIUM,5.0,True,Alpine,0 days 00:21:35.847000,,1,,False,,False,True
2023-06,FP2,0 days 00:24:35.681000,GAS,10,0 days 00:01:14.663000,6.0,1.0,,,0 days 00:00:19.884000,0 days 00:00:35.176000,0 days 00:00:19.603000,0 days 00:23:40.902000,0 days 00:24:16.078000,0 days 00:24:35.681000,206.0,194.0,265.0,278.0,True,MEDIUM,6.0,True,Alpine,0 days 00:23:21.018000,,1,,False,,False,True
2023-06,FP2,0 days 00:26:34.493000,GAS,10,0 days 00:01:58.812000,7.0,1.0,,,0 days 00:00:24.733000,0 days 00:00:52.039000,0 days 00:00:42.040000,0 days 00:25:00.414000,0 days 00:25:52.453000,0 days 00:26:34.493000,124.0,112.0,263.0,201.0,False,MEDIUM,7.0,True,Alpine,0 days 00:24:35.681000,,1,,False,,False,True
2023-06,FP2,0 days 00:27:48.680000,GAS,10,0 days 00:01:14.187000,8.0,1.0,,,0 days 00:00:19.633000,0 days 00:00:34.973000,0 days 00:00:19.581000,0 days 00:26:54.126000,0 days 00:27:29.099000,0 days 00:27:48.680000,214.0,194.0,264.0,277.0,True,MEDIUM,8.0,True,Alpine,0 days 00:26:34.493000,,1,,False,,False,True
2023-06,FP2,0 days 00:43:22.483000,GAS,10,,9.0,1.0,,0 days 00:29:08.226000,0 days 00:00:22.904000,0 days 00:00:39.859000,,0 days 00:28:11.774000,0 days 00:28:51.633000,,167.0,154.0,,259.0,False,MEDIUM,9.0,True,Alpine,0 days 00:27:48.680000,,12,,False,,False,False
2023-06,FP2,0 days 00:44:56.376000,GAS,10,0 days 00:01:33.893000,10.0,2.0,0 days 00:43:23.185000,,0 days 00:00:24.971000,0 days 00:00:40.134000,0 days 00:00:28.788000,0 days 00:43:47.454000,0 days 00:44:27.588000,0 days 00:44:56.376000,184.0,154.0,266.0,273.0,False,SOFT,1.0,True,Alpine,0 days 00:43:22.483000,,1,,False,,False,False
2023-06,FP2,0 days 00:46:09.465000,GAS,10,0 days 00:01:13.089000,11.0,2.0,,,0 days 00:00:19.296000,0 days 00:00:34.406000,0 days 00:00:19.387000,0 days 00:45:15.672000,0 days 00:45:50.078000,0 days 00:46:09.465000,218.0,200.0,266.0,280.0,True,SOFT,2.0,True,Alpine,0 days 00:44:56.376000,,1,,False,,False,True
2023-06,FP2,0 days 00:48:02.880000,GAS,10,0 days 00:01:53.415000,12.0,2.0,,,0 days 00:00:33.619000,0 days 00:00:49.207000,0 days 00:00:30.589000,0 days 00:46:43.084000,0 days 00:47:32.291000,0 days 00:48:02.880000,71.0,146.0,236.0,245.0,False,SOFT,3.0,True,Alpine,0 days 00:46:09.465000,,1,,False,,False,True
2023-06,FP2,0 days 00:49:45.910000,GAS,10,0 days 00:01:43.030000,13.0,2.0,,,0 days 00:00:24.312000,0 days 00:00:48.980000,0 days 00:00:29.738000,0 days 00:48:27.192000,0 days 00:49:16.172000,0 days 00:49:45.910000,134.0,105.0,264.0,237.0,False,SOFT,4.0,True,Alpine,0 days 00:48:02.880000,,1,,False,,False,True
2023-06,FP2,0 days 00:50:59.927000,GAS,10,0 days 00:01:14.017000,14.0,2.0,,,0 days 00:00:19.419000,0 days 00:00:35.034000,0 days 00:00:19.564000,0 days 00:50:05.329000,0 days 00:50:40.363000,0 days 00:50:59.927000,215.0,196.0,264.0,277.0,False,SOFT,5.0,True,Alpine,0 days 00:49:45.910000,,1,,False,,False,True
2023-06,FP2,0 days 00:52:39.753000,GAS,10,0 days 00:01:39.826000,15.0,2.0,,,0 days 00:00:28.657000,0 days 00:00:44.554000,0 days 00:00:26.615000,0 days 00:51:28.584000,0 days 00:52:13.138000,0 days 00:52:39.753000,48.0,159.0,265.0,258.0,False,SOFT,6.0,True,Alpine,0 days 00:50:59.927000,,1,,False,,False,True
2023-06,FP2,0 days 00:53:53.446000,GAS,10,0 days 00:01:13.693000,16.0,2.0,,,0 days 00:00:19.349000,0 days 00:00:34.807000,0 days 00:00:19.537000,0 days 00:52:59.102000,0 days 00:53:33.909000,0 days 00:53:53.446000,217.0,197.0,264.0,277.0,False,SOFT,7.0,True,Alpine,0 days 00:52:39.753000,,1,,False,,False,True
2023-06,FP2,0 days 01:03:32.793000,GAS,10,,17.0,2.0,,0 days 00:55:36.474000,0 days 00:00:25.672000,0 days 00:00:56.533000,,0 days 00:54:19.287000,0 days 00:55:15.818000,,65.0,92.0,,168.0,False,SOFT,8.0,True,Alpine,0 days 00:53:53.446000,,125,,False,,False,False
2023-06,FP2,0 days 01:05:05.862000,GAS,10,0 days 00:01:33.069000,18.0,3.0,0 days 01:03:33.437000,,0 days 00:00:26.625000,0 days 00:00:39.164000,0 days 00:00:27.280000,0 days 01:03:59.418000,0 days 01:04:38.582000,0 days 01:05:05.862000,173.0,164.0,252.0,272.0,False,MEDIUM,10.0,False,Alpine,0 days 01:03:33.437000,,1,,False,,False,False
2023-06,FP2,0 days 01:06:24.037000,GAS,10,0 days 00:01:18.175000,19.0,3.0,,,0 days 00:00:20.816000,0 days 00:00:36.664000,0 days 00:00:20.695000,0 days 01:05:26.678000,0 days 01:06:03.342000,0 days 01:06:24.037000,198.0,182.0,254.0,274.0,False,MEDIUM,11.0,False,Alpine,0 days 01:05:05.862000,,1,,False,,False,True
2023-06,FP2,0 days 01:07:41.278000,GAS,10,0 days 00:01:17.241000,20.0,3.0,,,0 days 00:00:20.356000,0 days 00:00:36.333000,0 days 00:00:20.552000,0 days 01:06:44.393000,0 days 01:07:20.726000,0 days 01:07:41.278000,200.0,185.0,252.0,273.0,False,MEDIUM,12.0,False,Alpine,0 days 01:06:24.037000,,1,,False,,False,True
2023-06,FP2,0 days 01:08:57.892000,GAS,10,0 days 00:01:16.614000,21.0,3.0,,,0 days 00:00:20.306000,0 days 00:00:35.903000,0 days 00:00:20.405000,0 days 01:08:01.584000,0 days 01:08:37.487000,0 days 01:08:57.892000,206.0,188.0,253.0,274.0,False,MEDIUM,13.0,False,Alpine,0 days 01:07:41.278000,,1,,False,,False,True
2023-06,FP2,0 days 01:10:16.396000,GAS,10,0 days 00:01:18.504000,22.0,3.0,,,0 days 00:00:20.541000,0 days 00:00:36.930000,0 days 00:00:21.033000,0 days 01:09:18.433000,0 days 01:09:55.363000,0 days 01:10:16.396000,196.0,184.0,253.0,272.0,False,MEDIUM,14.0,False,Alpine,0 days 01:08:57.892000,,1,,False,,False,True
2023-06,FP2,0 days 01:11:32.977000,GAS,10,0 days 00:01:16.581000,23.0,3.0,,,0 days 00:00:20.257000,0 days 00:00:35.941000,0 days 00:00:20.383000,0 days 01:10:36.653000,0 days 01:11:12.594000,0 days 01:11:32.977000,202.0,188.0,253.0,274.0,False,MEDIUM,15.0,False,Alpine,0 days 01:10:16.396000,,1,,False,,False,True
2023-06,FP2,0 days 01:12:49.421000,GAS,10,0 days 00:01:16.444000,24.0,3.0,,,0 days 00:00:20.304000,0 days 00:00:35.809000,0 days 00:00:20.331000,0 days 01:11:53.281000,0 days 01:12:29.090000,0 days 01:12:49.421000,203.0,189.0,252.0,276.0,False,MEDIUM,16.0,False,Alpine,0 days 01:11:32.977000,,1,,False,,False,True
2023-06,FP2,0 days 01:14:06.825000,GAS,10,0 days 00:01:17.404000,25.0,3.0,,,0 days 00:00:20.249000,0 days 00:00:36.465000,0 days 00:00:20.690000,0 days 01:13:09.670000,0 days 01:13:46.135000,0 days 01:14:06.825000,206.0,186.0,253.0,276.0,False,MEDIUM,17.0,False,Alpine,0 days 01:12:49.421000,,1,,False,,False,True
2023-06,FP2,0 days 01:15:23.737000,GAS,10,0 days 00:01:16.912000,26.0,3.0,,,0 days 00:00:20.207000,0 days 00:00:36.136000,0 days 00:00:20.569000,0 days 01:14:27.032000,0 days 01:15:03.168000,0 days 01:15:23.737000,205.0,190.0,253.0,276.0,False,MEDIUM,18.0,False,Alpine,0 days 01:14:06.825000,,1,,False,,False,True
2023-06,FP2,0 days 01:18:12.162000,GAS,10,,27.0,3.0,,,0 days 00:00:26.798000,0 days 00:00:53.920000,0 days 00:01:27.710000,0 days 01:15:50.679000,0 days 01:16:44.585000,0 days 01:18:12.162000,117.0,95.0,127.0,190.0,False,MEDIUM,19.0,False,Alpine,0 days 01:15:23.737000,,126,,False,,False,False
2023-06,FP2,0 days 01:19:47.879000,GAS,10,,28.0,3.0,,0 days 01:19:47.879000,0 days 00:00:28.241000,0 days 00:00:45.404000,,0 days 01:18:40.521000,0 days 01:19:25.895000,,153.0,132.0,,184.0,False,MEDIUM,20.0,False,Alpine,0 days 01:18:12.162000,,6,,False,,False,False
2023-06,FP2,0 days 00:17:49.380000,PER,11,0 days 00:01:38.062000,1.0,1.0,0 days 00:16:12.360000,,0 days 00:00:27.909000,0 days 00:00:44.098000,0 days 00:00:26.055000,0 days 00:16:39.391000,0 days 00:17:23.469000,0 days 00:17:49.484000,167.0,167.0,263.0,267.0,False,MEDIUM,1.0,True,Red Bull Racing,0 days 00:16:12.360000,,1,,False,,False,False
2023-06,FP2,0 days 00:19:18.720000,PER,11,0 days 00:01:29.340000,2.0,1.0,,,0 days 00:00:20.845000,0 days 00:00:42.971000,0 days 00:00:25.524000,0 days 00:18:10.225000,0 days 00:18:53.196000,0 days 00:19:18.720000,163.0,160.0,265.0,258.0,True,MEDIUM,2.0,True,Red Bull Racing,0 days 00:17:49.380000,,1,,False,,False,True
2023-06,FP2,0 days 00:20:34.241000,PER,11,0 days 00:01:15.521000,3.0,1.0,,,0 days 00:00:19.957000,0 days 00:00:35.566000,0 days 00:00:19.998000,0 days 00:19:38.677000,0 days 00:20:14.243000,0 days 00:20:34.241000,205.0,195.0,264.0,278.0,True,MEDIUM,3.0,True,Red Bull Racing,0 days 00:19:18.720000,,1,,False,,False,True
2023-06,FP2,0 days 00:22:18.123000,PER,11,0 days 00:01:43.882000,4.0,1.0,,,0 days 00:00:31.171000,0 days 00:00:47.065000,0 days 00:00:25.646000,0 days 00:21:05.412000,0 days 00:21:52.477000,0 days 00:22:18.123000,121.0,135.0,266.0,229.0,False,MEDIUM,4.0,True,Red Bull Racing,0 days 00:20:34.241000,,1,,False,,False,True
2023-06,FP2,0 days 00:23:32.384000,PER,11,0 days 00:01:14.261000,5.0,1.0,,,0 days 00:00:19.491000,0 days 00:00:35.047000,0 days 00:00:19.723000,0 days 00:22:37.614000,0 days 00:23:12.661000,0 days 00:23:32.384000,208.0,198.0,266.0,278.0,True,MEDIUM,5.0,True,Red Bull Racing,0 days 00:22:18.123000,,1,,False,,False,True
2023-06,FP2,0 days 00:25:11.458000,PER,11,0 days 00:01:39.074000,6.0,1.0,,,0 days 00:00:29.517000,0 days 00:00:45.209000,0 days 00:00:24.348000,0 days 00:24:01.901000,0 days 00:24:47.110000,0 days 00:25:11.458000,72.0,145.0,266.0,240.0,False,MEDIUM,6.0,True,Red Bull Racing,0 days 00:23:32.384000,,1,,False,,False,True
2023-06,FP2,0 days 00:26:33.978000,PER,11,0 days 00:01:22.520000,7.0,1.0,,,0 days 00:00:19.366000,0 days 00:00:35.046000,0 days 00:00:28.108000,0 days 00:25:30.824000,0 days 00:26:05.870000,0 days 00:26:33.978000,208.0,160.0,155.0,278.0,False,MEDIUM,7.0,True,Red Bull Racing,0 days 00:25:11.458000,,1,,False,,False,True
2023-06,FP2,0 days 00:28:34.846000,PER,11,0 days 00:02:00.868000,8.0,1.0,,,0 days 00:00:33.247000,0 days 00:00:54.711000,0 days 00:00:32.910000,0 days 00:27:07.225000,0 days 00:28:01.936000,0 days 00:28:34.846000,85.0,106.0,265.0,219.0,False,MEDIUM,8.0,True,Red Bull Racing,0 days 00:26:33.978000,,1,,False,,False,True
2023-06,FP2,0 days 00:30:24.585000,PER,11,0 days 00:01:49.739000,9.0,1.0,,0 days 00:29:50.132000,0 days 00:00:19.294000,0 days 00:00:38.876000,0 days 00:00:51.569000,0 days 00:28:54.140000,0 days 00:29:33.016000,0 days 00:30:24.585000,210.0,101.0,,280.0,False,MEDIUM,9.0,True,Red Bull Racing,0 days 00:28:34.846000,,1,,False,,False,False
2023-06,FP2,0 days 00:32:17.091000,PER,11,0 days 00:01:52.506000,10.0,2.0,0 days 00:30:25.210000,,0 days 00:00:29.652000,0 days 00:00:50.435000,0 days 00:00:32.419000,0 days 00:30:54.237000,0 days 00:31:44.672000,0 days 00:32:17.091000,129.0,112.0,265.0,214.0,False,MEDIUM,10.0,False,Red Bull Racing,0 days 00:30:24.585000,,1,,False,,False,False
2023-06,FP2,0 days 00:33:30.739000,PER,11,0 days 00:01:13.648000,11.0,2.0,,,0 days 00:00:19.209000,0 days 00:00:34.851000,0 days 00:00:19.588000,0 days 00:32:36.300000,0 days 00:33:11.151000,0 days 00:33:30.739000,214.0,198.0,265.0,278.0,True,MEDIUM,11.0,False,Red Bull Racing,0 days 00:32:17.091000,,1,,False,,False,True
2023-06,FP2,0 days 00:45:17.911000,PER,11,,12.0,2.0,,0 days 00:34:45.988000,0 days 00:00:22.612000,0 days 00:00:37.962000,,0 days 00:33:53.504000,0 days 00:34:31.473000,,171.0,192.0,,259.0,False,MEDIUM,12.0,False,Red Bull Racing,0 days 00:33:30.739000,,12,,False,,False,False
2023-06,FP2,0 days 00:46:51.910000,PER,11,0 days 00:01:33.999000,13.0,3.0,0 days 00:45:18.575000,,0 days 00:00:26.418000,0 days 00:00:41.678000,0 days 00:00:25.903000,0 days 00:45:44.329000,0 days 00:46:26.007000,0 days 00:46:51.910000,173.0,132.0,266.0,237.0,False,SOFT,1.0,True,Red Bull Racing,0 days 00:45:17.911000,,1,,False,,False,False
2023-06,FP2,0 days 00:48:04.901000,PER,11,0 days 00:01:12.991000,14.0,3.0,,,0 days 00:00:19.159000,0 days 00:00:34.431000,0 days 00:00:19.401000,0 days 00:47:11.069000,0 days 00:47:45.500000,0 days 00:48:04.901000,210.0,198.0,267.0,280.0,True,SOFT,2.0,True,Red Bull Racing,0 days 00:46:51.910000,,1,,False,,False,True
2023-06,FP2,0 days 00:49:55.564000,PER,11,0 days 00:01:50.663000,15.0,3.0,,,0 days 00:00:28.135000,0 days 00:00:50.354000,0 days 00:00:32.174000,0 days 00:48:33.036000,0 days 00:49:23.390000,0 days 00:49:55.564000,123.0,144.0,211.0,169.0,False,SOFT,3.0,True,Red Bull Racing,0 days 00:48:04.901000,,1,,False,,False,True
2023-06,FP2,0 days 00:51:46.908000,PER,11,0 days 00:01:51.344000,16.0,3.0,,,0 days 00:00:28.883000,0 days 00:00:56.079000,0 days 00:00:26.382000,0 days 00:50:24.447000,0 days 00:51:20.526000,0 days 00:51:46.908000,93.0,105.0,266.0,185.0,False,SOFT,4.0,True,Red Bull Racing,0 days 00:49:55.564000,,1,,False,,False,True
2023-06,FP2,0 days 00:52:59.994000,PER,11,0 days 00:01:13.086000,17.0,3.0,,,0 days 00:00:19.230000,0 days 00:00:34.469000,0 days 00:00:19.387000,0 days 00:52:06.138000,0 days 00:52:40.607000,0 days 00:52:59.994000,216.0,192.0,266.0,278.0,False,SOFT,5.0,True,Red Bull Racing,0 days 00:51:46.908000,,1,,False,,False,True
2023-06,FP2,0 days 00:54:41.962000,PER,11,0 days 00:01:41.968000,18.0,3.0,,,0 days 00:00:27.851000,0 days 00:00:48.937000,0 days 00:00:25.180000,0 days 00:53:27.845000,0 days 00:54:16.782000,0 days 00:54:41.962000,113.0,117.0,267.0,217.0,False,SOFT,6.0,True,Red Bull Racing,0 days 00:52:59.994000,,1,,False,,False,True
2023-06,FP2,0 days 00:55:59.684000,PER,11,0 days 00:01:17.722000,19.0,3.0,,,0 days 00:00:19.129000,0 days 00:00:34.511000,0 days 00:00:24.082000,0 days 00:55:01.091000,0 days 00:55:35.602000,0 days 00:55:59.684000,217.0,201.0,219.0,278.0,False,SOFT,7.0,True,Red Bull Racing,0 days 00:54:41.962000,,1,,False,,False,True
2023-06,FP2,0 days 01:04:37,PER,11,,20.0,3.0,,0 days 00:57:49.707000,0 days 00:00:28.803000,0 days 00:00:54.956000,,0 days 00:56:28.958000,0 days 00:57:23.598000,,57.0,109.0,,141.0,False,SOFT,8.0,True,Red Bull Racing,0 days 00:55:59.684000,,125,,False,,False,False
2023-06,FP2,0 days 01:06:05.269000,PER,11,0 days 00:01:28.269000,21.0,4.0,0 days 01:04:37.624000,,0 days 00:00:25.193000,0 days 00:00:39.552000,0 days 00:00:23.524000,0 days 01:05:02.193000,0 days 01:05:41.745000,0 days 01:06:05.269000,148.0,176.0,251.0,253.0,False,MEDIUM,13.0,False,Red Bull Racing,0 days 01:04:37.624000,,1,,False,,False,False
2023-06,FP2,0 days 01:07:22.263000,PER,11,0 days 00:01:16.994000,22.0,4.0,,,0 days 00:00:20.243000,0 days 00:00:36.093000,0 days 00:00:20.658000,0 days 01:06:25.512000,0 days 01:07:01.605000,0 days 01:07:22.263000,203.0,183.0,254.0,270.0,False,MEDIUM,14.0,False,Red Bull Racing,0 days 01:06:05.269000,,1,,False,,False,True
2023-06,FP2,0 days 01:08:38.738000,PER,11,0 days 00:01:16.475000,23.0,4.0,,,0 days 00:00:20.144000,0 days 00:00:35.882000,0 days 00:00:20.449000,0 days 01:07:42.407000,0 days 01:08:18.289000,0 days 01:08:38.738000,197.0,191.0,253.0,276.0,False,MEDIUM,15.0,False,Red Bull Racing,0 days 01:07:22.263000,,1,,False,,False,True
2023-06,FP2,0 days 01:09:55.116000,PER,11,0 days 00:01:16.378000,24.0,4.0,,,0 days 00:00:20.085000,0 days 00:00:35.896000,0 days 00:00:20.397000,0 days 01:08:58.823000,0 days 01:09:34.719000,0 days 01:09:55.116000,200.0,189.0,254.0,275.0,False,MEDIUM,16.0,False,Red Bull Racing,0 days 01:08:38.738000,,1,,False,,False,True
2023-06,FP2,0 days 01:11:11.370000,PER,11,0 days 00:01:16.254000,25.0,4.0,,,0 days 00:00:20.053000,0 days 00:00:35.796000,0 days 00:00:20.405000,0 days 01:10:15.169000,0 days 01:10:50.965000,0 days 01:11:11.370000,201.0,190.0,255.0,277.0,False,MEDIUM,17.0,False,Red Bull Racing,0 days 01:09:55.116000,,1,,False,,False,True
2023-06,FP2,0 days 01:12:31.211000,PER,11,0 days 00:01:19.841000,26.0,4.0,,,0 days 00:00:20.156000,0 days 00:00:35.983000,0 days 00:00:23.702000,0 days 01:11:31.526000,0 days 01:12:07.509000,0 days 01:12:31.211000,196.0,189.0,253.0,277.0,False,MEDIUM,18.0,False,Red Bull Racing,0 days 01:11:11.370000,,1,,False,,False,True
2023-06,FP2,0 days 01:13:47.996000,PER,11,0 days 00:01:16.785000,27.0,4.0,,,0 days 00:00:20.142000,0 days 00:00:36.113000,0 days 00:00:20.530000,0 days 01:12:51.353000,0 days 01:13:27.466000,0 days 01:13:47.996000,201.0,189.0,254.0,277.0,False,MEDIUM,19.0,False,Red Bull Racing,0 days 01:12:31.211000,,1,,False,,False,True
2023-06,FP2,0 days 01:15:04.615000,PER,11,0 days 00:01:16.619000,28.0,4.0,,,0 days 00:00:19.965000,0 days 00:00:36.224000,0 days 00:00:20.430000,0 days 01:14:07.961000,0 days 01:14:44.185000,0 days 01:15:04.615000,205.0,192.0,256.0,278.0,False,MEDIUM,20.0,False,Red Bull Racing,0 days 01:13:47.996000,,1,,False,,False,True
2023-06,FP2,0 days 01:17:40.912000,PER,11,,29.0,4.0,,,0 days 00:00:36.054000,0 days 00:00:55.236000,0 days 00:01:04.950000,0 days 01:15:40.789000,0 days 01:16:36.022000,0 days 01:17:40.912000,94.0,113.0,5.0,142.0,False,MEDIUM,21.0,False,Red Bull Racing,0 days 01:15:04.615000,,126,,False,,False,False
2023-06,FP2,0 days 01:19:07.692000,PER,11,,30.0,4.0,,0 days 01:19:07.692000,0 days 00:00:24.882000,0 days 00:00:44.638000,,0 days 01:18:05.834000,0 days 01:18:50.505000,,153.0,135.0,,199.0,False,MEDIUM,22.0,False,Red Bull Racing,0 days 01:17:40.912000,,6,,False,,False,False
2023-06,FP2,0 days 00:16:46.978000,ALO,14,0 days 00:01:38.187000,1.0,1.0,0 days 00:15:09.689000,,0 days 00:00:29.083000,0 days 00:00:42.815000,0 days 00:00:26.289000,0 days 00:15:38.079000,0 days 00:16:20.876000,0 days 00:16:47.063000,168.0,172.0,261.0,260.0,False,MEDIUM,1.0,True,Aston Martin,0 days 00:15:09.689000,,1,,False,,False,False
2023-06,FP2,0 days 00:18:02.937000,ALO,14,0 days 00:01:15.959000,2.0,1.0,,,0 days 00:00:20.026000,0 days 00:00:35.830000,0 days 00:00:20.103000,0 days 00:17:07.004000,0 days 00:17:42.834000,0 days 00:18:02.937000,209.0,188.0,262.0,276.0,True,MEDIUM,2.0,True,Aston Martin,0 days 00:16:46.978000,,1,,False,,False,True
2023-06,FP2,0 days 00:19:37.557000,ALO,14,0 days 00:01:34.620000,3.0,1.0,,,0 days 00:00:22.321000,0 days 00:00:41.446000,0 days 00:00:30.853000,0 days 00:18:25.258000,0 days 00:19:06.704000,0 days 00:19:37.557000,172.0,171.0,259.0,262.0,False,MEDIUM,3.0,True,Aston Martin,0 days 00:18:02.937000,,1,,False,,False,True
2023-06,FP2,0 days 00:20:52.168000,ALO,14,0 days 00:01:14.611000,4.0,1.0,,,0 days 00:00:19.628000,0 days 00:00:35.209000,0 days 00:00:19.774000,0 days 00:19:57.185000,0 days 00:20:32.394000,0 days 00:20:52.168000,214.0,196.0,264.0,276.0,True,MEDIUM,4.0,True,Aston Martin,0 days 00:19:37.557000,,1,,False,,False,True
2023-06,FP2,0 days 00:22:41.805000,ALO,14,0 days 00:01:49.637000,5.0,1.0,,,0 days 00:00:26.530000,0 days 00:00:55.447000,0 days 00:00:27.660000,0 days 00:21:18.698000,0 days 00:22:14.145000,0 days 00:22:41.805000,163.0,116.0,264.0,216.0,False,MEDIUM,5.0,True,Aston Martin,0 days 00:20:52.168000,,1,,False,,False,True
2023-06,FP2,0 days 00:23:56.032000,ALO,14,0 days 00:01:14.227000,6.0,1.0,,,0 days 00:00:19.299000,0 days 00:00:35.016000,0 days 00:00:19.912000,0 days 00:23:01.104000,0 days 00:23:36.120000,0 days 00:23:56.032000,215.0,195.0,264.0,277.0,True,MEDIUM,6.0,True,Aston Martin,0 days 00:22:41.805000,,1,,False,,False,True
2023-06,FP2,0 days 00:25:45.128000,ALO,14,0 days 00:01:49.096000,7.0,1.0,,,0 days 00:00:28.230000,0 days 00:00:49.464000,0 days 00:00:31.402000,0 days 00:24:24.262000,0 days 00:25:13.726000,0 days 00:25:45.128000,129.0,159.0,264.0,219.0,False,MEDIUM,7.0,True,Aston Martin,0 days 00:23:56.032000,,1,,False,,False,True
2023-06,FP2,0 days 00:26:59,ALO,14,0 days 00:01:13.872000,8.0,1.0,,,0 days 00:00:19.155000,0 days 00:00:35,0 days 00:00:19.717000,0 days 00:26:04.283000,0 days 00:26:39.283000,0 days 00:26:59,215.0,193.0,264.0,276.0,True,MEDIUM,8.0,True,Aston Martin,0 days 00:25:45.128000,,1,,False,,False,True
2023-06,FP2,0 days 00:35:13.324000,ALO,14,,9.0,1.0,,0 days 00:28:31.430000,0 days 00:00:22.294000,0 days 00:00:42.741000,,0 days 00:27:21.462000,0 days 00:28:04.243000,,155.0,99.0,,227.0,False,MEDIUM,9.0,True,Aston Martin,0 days 00:26:59,,1,,False,,False,False
2023-06,FP2,0 days 00:36:38.286000,ALO,14,0 days 00:01:24.962000,10.0,2.0,0 days 00:35:14.019000,,0 days 00:00:24.818000,0 days 00:00:38.404000,0 days 00:00:21.740000,0 days 00:35:38.142000,0 days 00:36:16.546000,0 days 00:36:38.286000,178.0,176.0,267.0,259.0,False,SOFT,1.0,True,Aston Martin,0 days 00:35:13.324000,,1,,False,,False,False
2023-06,FP2,0 days 00:37:51.072000,ALO,14,0 days 00:01:12.786000,11.0,2.0,,,0 days 00:00:18.999000,0 days 00:00:34.542000,0 days 00:00:19.245000,0 days 00:36:57.285000,0 days 00:37:31.827000,0 days 00:37:51.072000,213.0,199.0,267.0,277.0,True,SOFT,2.0,True,Aston Martin,0 days 00:36:38.286000,,1,,False,,False,True
2023-06,FP2,0 days 00:39:37.118000,ALO,14,0 days 00:01:46.046000,12.0,2.0,,,0 days 00:00:34.101000,0 days 00:00:44.640000,0 days 00:00:27.305000,0 days 00:38:25.173000,0 days 00:39:09.813000,0 days 00:39:37.118000,112.0,174.0,265.0,252.0,False,SOFT,3.0,True,Aston Martin,0 days 00:37:51.072000,,1,,False,,False,True
2023-06,FP2,0 days 00:41:06.639000,ALO,14,0 days 00:01:29.521000,13.0,2.0,,,0 days 00:00:22.013000,0 days 00:00:45.745000,0 days 00:00:21.763000,0 days 00:39:59.131000,0 days 00:40:44.876000,0 days 00:41:06.639000,159.0,165.0,268.0,248.0,False,SOFT,4.0,True,Aston Martin,0 days 00:39:37.118000,,1,,False,,False,True
2023-06,FP2,0 days 00:42:19.513000,ALO,14,0 days 00:01:12.874000,14.0,2.0,,,0 days 00:00:19.067000,0 days 00:00:34.409000,0 days 00:00:19.398000,0 days 00:41:25.706000,0 days 00:42:00.115000,0 days 00:42:19.513000,217.0,201.0,266.0,279.0,False,SOFT,5.0,True,Aston Martin,0 days 00:41:06.639000,,12,,False,,False,True
2023-06,FP2,0 days 00:44:01.471000,ALO,14,0 days 00:01:41.958000,15.0,2.0,,,0 days 00:00:24.878000,0 days 00:00:46.615000,0 days 00:00:30.465000,0 days 00:42:44.391000,0 days 00:43:31.006000,0 days 00:44:01.471000,134.0,159.0,262.0,142.0,False,SOFT,6.0,True,Aston Martin,0 days 00:42:19.513000,,1,,False,,False,True
2023-06,FP2,0 days 00:45:14.153000,ALO,14,0 days 00:01:12.682000,16.0,2.0,,,0 days 00:00:19.070000,0 days 00:00:34.337000,0 days 00:00:19.275000,0 days 00:44:20.541000,0 days 00:44:54.878000,0 days 00:45:14.153000,219.0,199.0,266.0,277.0,True,SOFT,7.0,True,Aston Martin,0 days 00:44:01.471000,,1,,False,,False,True
2023-06,FP2,0 days 00:46:53.233000,ALO,14,0 days 00:01:39.080000,17.0,2.0,,,0 days 00:00:26.469000,0 days 00:00:46.782000,0 days 00:00:25.829000,0 days 00:45:40.622000,0 days 00:46:27.404000,0 days 00:46:53.233000,139.0,149.0,250.0,213.0,False,SOFT,8.0,True,Aston Martin,0 days 00:45:14.153000,,1,,False,,False,True
2023-06,FP2,0 days 00:48:27.099000,ALO,14,0 days 00:01:33.866000,18.0,2.0,,,0 days 00:00:23.308000,0 days 00:00:46.799000,0 days 00:00:23.759000,0 days 00:47:16.541000,0 days 00:48:03.340000,0 days 00:48:27.099000,126.0,172.0,266.0,215.0,False,SOFT,9.0,True,Aston Martin,0 days 00:46:53.233000,,1,,False,,False,True
2023-06,FP2,0 days 00:49:39.880000,ALO,14,0 days 00:01:12.781000,19.0,2.0,,,0 days 00:00:18.844000,0 days 00:00:34.469000,0 days 00:00:19.468000,0 days 00:48:45.943000,0 days 00:49:20.412000,0 days 00:49:39.880000,220.0,198.0,264.0,278.0,False,SOFT,10.0,True,Aston Martin,0 days 00:48:27.099000,,1,,False,,False,True
2023-06,FP2,0 days 00:56:52.911000,ALO,14,,20.0,2.0,,0 days 00:51:07.774000,0 days 00:00:23.612000,0 days 00:00:44.688000,,0 days 00:50:03.697000,0 days 00:50:48.368000,,186.0,126.0,,228.0,False,SOFT,11.0,True,Aston Martin,0 days 00:49:39.880000,,1,,False,,False,False
2023-06,FP2,0 days 01:02:37.455000,ALO,14,,21.0,3.0,0 days 00:56:52.911000,0 days 00:58:32.800000,0 days 00:00:23.768000,,,0 days 00:57:16.192000,,,183.0,,,,False,SOFT,12.0,False,Aston Martin,0 days 00:56:52.911000,,125,,False,,False,False
2023-06,FP2,0 days 01:04:08.445000,ALO,14,0 days 00:01:30.990000,22.0,4.0,0 days 01:02:39.172000,,0 days 00:00:26.903000,0 days 00:00:39.836000,0 days 00:00:24.251000,0 days 01:03:04.358000,0 days 01:03:44.194000,0 days 01:04:08.445000,167.0,172.0,252.0,264.0,False,SOFT,13.0,False,Aston Martin,0 days 01:02:39.172000,,1,,False,,False,False
2023-06,FP2,0 days 01:05:26.488000,ALO,14,0 days 00:01:18.043000,23.0,4.0,,,0 days 00:00:20.315000,0 days 00:00:36.651000,0 days 00:00:21.077000,0 days 01:04:28.760000,0 days 01:05:05.411000,0 days 01:05:26.488000,202.0,182.0,254.0,273.0,False,SOFT,14.0,False,Aston Martin,0 days 01:04:08.445000,,1,,False,,False,True
2023-06,FP2,0 days 01:06:43.599000,ALO,14,0 days 00:01:17.111000,24.0,4.0,,,0 days 00:00:20.169000,0 days 00:00:36.080000,0 days 00:00:20.862000,0 days 01:05:46.657000,0 days 01:06:22.737000,0 days 01:06:43.599000,202.0,184.0,254.0,274.0,False,SOFT,15.0,False,Aston Martin,0 days 01:05:26.488000,,1,,False,,False,True
2023-06,FP2,0 days 01:08:00.511000,ALO,14,0 days 00:01:16.912000,25.0,4.0,,,0 days 00:00:19.934000,0 days 00:00:36.404000,0 days 00:00:20.574000,0 days 01:07:03.533000,0 days 01:07:39.937000,0 days 01:08:00.511000,205.0,189.0,254.0,275.0,False,SOFT,16.0,False,Aston Martin,0 days 01:06:43.599000,,1,,False,,False,True
2023-06,FP2,0 days 01:09:15.900000,ALO,14,0 days 00:01:15.389000,26.0,4.0,,,0 days 00:00:19.635000,0 days 00:00:35.619000,0 days 00:00:20.135000,0 days 01:08:20.146000,0 days 01:08:55.765000,0 days 01:09:15.900000,212.0,192.0,254.0,274.0,False,SOFT,17.0,False,Aston Martin,0 days 01:08:00.511000,,1,,False,,False,True
2023-06,FP2,0 days 01:10:33.339000,ALO,14,0 days 00:01:17.439000,27.0,4.0,,,0 days 00:00:20.035000,0 days 00:00:36.437000,0 days 00:00:20.967000,0 days 01:09:35.935000,0 days 01:10:12.372000,0 days 01:10:33.339000,203.0,181.0,252.0,273.0,False,SOFT,18.0,False,Aston Martin,0 days 01:09:15.900000,,1,,False,,False,True
2023-06,FP2,0 days 01:11:50.506000,ALO,14,0 days 00:01:17.167000,28.0,4.0,,,0 days 00:00:20,0 days 00:00:36.060000,0 days 00:00:21.107000,0 days 01:10:53.339000,0 days 01:11:29.399000,0 days 01:11:50.506000,201.0,188.0,254.0,272.0,False,SOFT,19.0,False,Aston Martin,0 days 01:10:33.339000,,1,,False,,False,True
2023-06,FP2,0 days 01:13:25.463000,ALO,14,0 days 00:01:34.957000,29.0,4.0,,0 days 01:13:01.822000,0 days 00:00:20.387000,0 days 00:00:36.630000,0 days 00:00:37.940000,0 days 01:12:10.893000,0 days 01:12:47.523000,0 days 01:13:25.463000,200.0,183.0,,273.0,False,SOFT,20.0,False,Aston Martin,0 days 01:11:50.506000,,1,,False,,False,False
2023-06,FP2,0 days 01:14:45.724000,ALO,14,0 days 00:01:20.261000,30.0,5.0,0 days 01:13:26.071000,,0 days 00:00:23.016000,0 days 00:00:36.677000,0 days 00:00:20.568000,0 days 01:13:48.479000,0 days 01:14:25.156000,0 days 01:14:45.724000,198.0,188.0,254.0,272.0,False,MEDIUM,10.0,False,Aston Martin,0 days 01:13:25.463000,,1,,False,,False,False
2023-06,FP2,0 days 01:17:05.157000,ALO,14,0 days 00:02:19.433000,31.0,5.0,,,0 days 00:00:24.255000,0 days 00:00:46.412000,0 days 00:01:08.766000,0 days 01:15:09.979000,0 days 01:15:56.391000,0 days 01:17:05.157000,130.0,62.0,4.0,166.0,False,MEDIUM,11.0,False,Aston Martin,0 days 01:14:45.724000,,126,,False,,False,False
2023-06,FP2,0 days 01:18:30.896000,ALO,14,,32.0,5.0,,0 days 01:18:30.896000,0 days 00:00:24.126000,0 days 00:00:40.480000,,0 days 01:17:29.397000,0 days 01:18:09.881000,,146.0,157.0,,218.0,False,MEDIUM,12.0,False,Aston Martin,0 days 01:17:05.157000,,6,,False,,False,False
2023-06,FP2,0 days 00:17:26.819000,LEC,16,0 days 00:01:37.570000,1.0,1.0,0 days 00:15:50.329000,,0 days 00:00:31.886000,0 days 00:00:40.888000,0 days 00:00:24.796000,0 days 00:16:21.329000,0 days 00:17:02.203000,0 days 00:17:26.937000,165.0,164.0,263.0,259.0,False,HARD,1.0,True,Ferrari,0 days 00:15:50.329000,,1,,False,,False,False
2023-06,FP2,0 days 00:18:43.950000,LEC,16,0 days 00:01:17.131000,2.0,1.0,,,0 days 00:00:20.419000,0 days 00:00:36.184000,0 days 00:00:20.528000,0 days 00:17:47.238000,0 days 00:18:23.422000,0 days 00:18:43.950000,201.0,182.0,265.0,277.0,True,HARD,2.0,True,Ferrari,0 days 00:17:26.819000,,1,,False,,False,True
2023-06,FP2,0 days 00:20:12.586000,LEC,16,0 days 00:01:28.636000,3.0,1.0,,,0 days 00:00:19.931000,0 days 00:00:38.377000,0 days 00:00:30.328000,0 days 00:19:03.881000,0 days 00:19:42.258000,0 days 00:20:12.586000,210.0,153.0,263.0,260.0,False,HARD,3.0,True,Ferrari,0 days 00:18:43.950000,,1,,False,,False,True
2023-06,FP2,0 days 00:21:27.622000,LEC,16,0 days 00:01:15.036000,4.0,1.0,,,0 days 00:00:19.717000,0 days 00:00:35.410000,0 days 00:00:19.909000,0 days 00:20:32.303000,0 days 00:21:07.713000,0 days 00:21:27.622000,213.0,188.0,265.0,278.0,True,HARD,4.0,True,Ferrari,0 days 00:20:12.586000,,1,,False,,False,True
2023-06,FP2,0 days 00:23:17.239000,LEC,16,0 days 00:01:49.617000,5.0,1.0,,,0 days 00:00:19.641000,0 days 00:00:54.180000,0 days 00:00:35.796000,0 days 00:21:47.263000,0 days 00:22:41.443000,0 days 00:23:17.239000,210.0,87.0,264.0,148.0,False,HARD,5.0,True,Ferrari,0 days 00:21:27.622000,,1,,False,,False,True
2023-06,FP2,0 days 00:24:32.036000,LEC,16,0 days 00:01:14.797000,6.0,1.0,,,0 days 00:00:19.815000,0 days 00:00:35.290000,0 days 00:00:19.692000,0 days 00:23:37.054000,0 days 00:24:12.344000,0 days 00:24:32.036000,211.0,190.0,266.0,279.0,True,HARD,6.0,True,Ferrari,0 days 00:23:17.239000,,1,,False,,False,True
2023-06,FP2,0 days 00:26:17.114000,LEC,16,0 days 00:01:45.078000,7.0,1.0,,,0 days 00:00:19.541000,0 days 00:00:50.087000,0 days 00:00:35.450000,0 days 00:24:51.577000,0 days 00:25:41.664000,0 days 00:26:17.114000,194.0,53.0,264.0,226.0,False,HARD,7.0,True,Ferrari,0 days 00:24:32.036000,,1,,False,,False,True
2023-06,FP2,0 days 00:27:31.531000,LEC,16,0 days 00:01:14.417000,8.0,1.0,,,0 days 00:00:19.501000,0 days 00:00:35.182000,0 days 00:00:19.734000,0 days 00:26:36.615000,0 days 00:27:11.797000,0 days 00:27:31.531000,211.0,191.0,265.0,278.0,True,HARD,8.0,True,Ferrari,0 days 00:26:17.114000,,1,,False,,False,True
2023-06,FP2,0 days 00:29:05.922000,LEC,16,0 days 00:01:34.391000,9.0,1.0,,0 days 00:28:45.539000,0 days 00:00:19.466000,0 days 00:00:35.374000,0 days 00:00:39.551000,0 days 00:27:50.997000,0 days 00:28:26.371000,0 days 00:29:05.922000,211.0,166.0,,280.0,False,HARD,9.0,True,Ferrari,0 days 00:27:31.531000,,1,,False,,False,False
2023-06,FP2,0 days 00:31:08.188000,LEC,16,0 days 00:02:02.266000,10.0,2.0,0 days 00:29:06.617000,,0 days 00:00:35.076000,0 days 00:00:54.762000,0 days 00:00:32.428000,0 days 00:29:40.998000,0 days 00:30:35.760000,0 days 00:31:08.188000,103.0,95.0,263.0,200.0,False,HARD,10.0,False,Ferrari,0 days 00:29:05.922000,,1,,False,,False,False
2023-06,FP2,0 days 00:32:22.204000,LEC,16,0 days 00:01:14.016000,11.0,2.0,,,0 days 00:00:19.482000,0 days 00:00:35.027000,0 days 00:00:19.507000,0 days 00:31:27.670000,0 days 00:32:02.697000,0 days 00:32:22.204000,214.0,196.0,267.0,276.0,True,HARD,11.0,False,Ferrari,0 days 00:31:08.188000,,1,,False,,False,True
2023-06,FP2,0 days 00:34:05.202000,LEC,16,0 days 00:01:42.998000,12.0,2.0,,,0 days 00:00:25.978000,0 days 00:00:52.536000,0 days 00:00:24.484000,0 days 00:32:48.182000,0 days 00:33:40.718000,0 days 00:34:05.202000,87.0,152.0,264.0,123.0,False,HARD,12.0,False,Ferrari,0 days 00:32:22.204000,,1,,False,,False,True
2023-06,FP2,0 days 00:35:19.025000,LEC,16,0 days 00:01:13.823000,13.0,2.0,,,0 days 00:00:19.293000,0 days 00:00:35.043000,0 days 00:00:19.487000,0 days 00:34:24.495000,0 days 00:34:59.538000,0 days 00:35:19.025000,215.0,194.0,265.0,275.0,True,HARD,13.0,False,Ferrari,0 days 00:34:05.202000,,1,,False,,False,True
2023-06,FP2,0 days 00:43:10.139000,LEC,16,,14.0,2.0,,0 days 00:36:44.924000,0 days 00:00:26.369000,0 days 00:00:41.804000,,0 days 00:35:45.565000,0 days 00:36:27.378000,,110.0,155.0,,248.0,False,HARD,14.0,False,Ferrari,0 days 00:35:19.025000,,12,,False,,False,False
2023-06,FP2,0 days 00:44:51.568000,LEC,16,0 days 00:01:41.429000,15.0,3.0,0 days 00:43:10.811000,,0 days 00:00:26.013000,0 days 00:00:47.128000,0 days 00:00:28.288000,0 days 00:43:36.152000,0 days 00:44:23.280000,0 days 00:44:51.568000,161.0,128.0,267.0,210.0,False,SOFT,1.0,True,Ferrari,0 days 00:43:10.139000,,1,,False,,False,False
2023-06,FP2,0 days 00:46:04.523000,LEC,16,0 days 00:01:12.955000,16.0,3.0,,,0 days 00:00:19.122000,0 days 00:00:34.428000,0 days 00:00:19.405000,0 days 00:45:10.690000,0 days 00:45:45.118000,0 days 00:46:04.523000,218.0,197.0,268.0,279.0,True,SOFT,2.0,True,Ferrari,0 days 00:44:51.568000,,1,,False,,False,True
2023-06,FP2,0 days 00:47:51.162000,LEC,16,0 days 00:01:46.639000,17.0,3.0,,,0 days 00:00:28.652000,0 days 00:00:53.328000,0 days 00:00:24.659000,0 days 00:46:33.175000,0 days 00:47:26.503000,0 days 00:47:51.162000,117.0,146.0,269.0,126.0,False,SOFT,3.0,True,Ferrari,0 days 00:46:04.523000,,1,,False,,False,True
2023-06,FP2,0 days 00:49:04.057000,LEC,16,0 days 00:01:12.895000,18.0,3.0,,,0 days 00:00:19.076000,0 days 00:00:34.488000,0 days 00:00:19.331000,0 days 00:48:10.238000,0 days 00:48:44.726000,0 days 00:49:04.057000,217.0,200.0,268.0,281.0,True,SOFT,4.0,True,Ferrari,0 days 00:47:51.162000,,1,,False,,False,True
2023-06,FP2,0 days 00:51:45.582000,LEC,16,,19.0,3.0,,0 days 00:50:42.446000,0 days 00:00:27.079000,0 days 00:00:50.643000,0 days 00:01:23.813000,0 days 00:49:31.353000,0 days 00:50:21.915000,0 days 00:51:45.695000,65.0,124.0,,190.0,False,SOFT,5.0,True,Ferrari,0 days 00:49:04.057000,,1,,False,,False,False
2023-06,FP2,0 days 00:53:24.756000,LEC,16,0 days 00:01:39.174000,20.0,4.0,0 days 00:51:46.289000,,0 days 00:00:27.480000,0 days 00:00:46.350000,0 days 00:00:25.344000,0 days 00:52:13.062000,0 days 00:52:59.412000,0 days 00:53:24.756000,130.0,142.0,268.0,242.0,False,SOFT,6.0,False,Ferrari,0 days 00:51:45.582000,,1,,False,,False,False
2023-06,FP2,0 days 00:54:58.822000,LEC,16,0 days 00:01:34.066000,21.0,4.0,,,0 days 00:00:19.034000,0 days 00:00:47.233000,0 days 00:00:27.799000,0 days 00:53:43.790000,0 days 00:54:31.023000,0 days 00:54:58.822000,218.0,78.0,268.0,180.0,False,SOFT,7.0,False,Ferrari,0 days 00:53:24.756000,,1,,False,,False,True
2023-06,FP2,0 days 00:56:11.349000,LEC,16,0 days 00:01:12.527000,22.0,4.0,,,0 days 00:00:18.992000,0 days 00:00:34.326000,0 days 00:00:19.209000,0 days 00:55:17.814000,0 days 00:55:52.140000,0 days 00:56:11.349000,219.0,201.0,268.0,280.0,True,SOFT,8.0,False,Ferrari,0 days 00:54:58.822000,,1,,False,,False,True
2023-06,FP2,0 days 01:03:28.308000,LEC,16,,23.0,4.0,,0 days 00:58:05.754000,0 days 00:00:27.324000,,,0 days 00:56:38.848000,,,100.0,,,195.0,False,SOFT,9.0,False,Ferrari,0 days 00:56:11.349000,,125,,False,,False,False
2023-06,FP2,0 days 01:05:01.416000,LEC,16,0 days 00:01:33.108000,24.0,5.0,0 days 01:03:28.984000,,0 days 00:00:28.566000,0 days 00:00:39.543000,0 days 00:00:24.999000,0 days 01:03:56.874000,0 days 01:04:36.417000,0 days 01:05:01.416000,180.0,177.0,268.0,272.0,False,SOFT,10.0,False,Ferrari,0 days 01:03:28.984000,,1,,False,,False,False
2023-06,FP2,0 days 01:06:14.489000,LEC,16,0 days 00:01:13.073000,25.0,5.0,,,0 days 00:00:19.117000,0 days 00:00:34.584000,0 days 00:00:19.372000,0 days 01:05:20.533000,0 days 01:05:55.117000,0 days 01:06:14.489000,218.0,196.0,269.0,281.0,False,SOFT,11.0,False,Ferrari,0 days 01:05:01.416000,,1,,False,,False,True
2023-06,FP2,0 days 01:07:50.464000,LEC,16,0 days 00:01:35.975000,26.0,5.0,,,0 days 00:00:25.192000,0 days 00:00:48.666000,0 days 00:00:22.117000,0 days 01:06:39.681000,0 days 01:07:28.347000,0 days 01:07:50.464000,135.0,163.0,269.0,194.0,False,SOFT,12.0,False,Ferrari,0 days 01:06:14.489000,,1,,False,,False,True
2023-06,FP2,0 days 01:09:03.388000,LEC,16,0 days 00:01:12.924000,27.0,5.0,,,0 days 00:00:19.045000,0 days 00:00:34.542000,0 days 00:00:19.337000,0 days 01:08:09.509000,0 days 01:08:44.051000,0 days 01:09:03.388000,217.0,197.0,269.0,281.0,False,SOFT,13.0,False,Ferrari,0 days 01:07:50.464000,,1,,False,,False,True
2023-06,FP2,0 days 01:10:48.714000,LEC,16,0 days 00:01:45.326000,28.0,5.0,,,0 days 00:00:25.755000,0 days 00:00:51.025000,0 days 00:00:28.546000,0 days 01:09:29.143000,0 days 01:10:20.168000,0 days 01:10:48.714000,65.0,54.0,176.0,195.0,False,SOFT,14.0,False,Ferrari,0 days 01:09:03.388000,,1,,False,,False,True
2023-06,FP2,0 days 01:12:43.225000,LEC,16,0 days 00:01:54.511000,29.0,5.0,,,0 days 00:00:25.736000,0 days 00:00:53.340000,0 days 00:00:35.435000,0 days 01:11:14.450000,0 days 01:12:07.790000,0 days 01:12:43.225000,169.0,41.0,259.0,166.0,False,SOFT,15.0,False,Ferrari,0 days 01:10:48.714000,,1,,False,,False,True
2023-06,FP2,0 days 01:14:02.905000,LEC,16,0 days 00:01:19.680000,30.0,5.0,,,0 days 00:00:19.970000,0 days 00:00:35.894000,0 days 00:00:23.816000,0 days 01:13:03.195000,0 days 01:13:39.089000,0 days 01:14:02.905000,208.0,189.0,264.0,282.0,False,SOFT,16.0,False,Ferrari,0 days 01:12:43.225000,,1,,False,,False,True
2023-06,FP2,0 days 01:15:19.524000,LEC,16,0 days 00:01:16.619000,31.0,5.0,,,0 days 00:00:19.246000,0 days 00:00:35.193000,0 days 00:00:22.180000,0 days 01:14:22.151000,0 days 01:14:57.344000,0 days 01:15:19.524000,213.0,189.0,249.0,281.0,False,SOFT,17.0,False,Ferrari,0 days 01:14:02.905000,,1,,False,,False,True
2023-06,FP2,0 days 01:17:59.381000,LEC,16,,32.0,5.0,,,0 days 00:00:27.759000,0 days 00:00:55.479000,0 days 00:01:16.585000,0 days 01:15:47.398000,0 days 01:16:42.913000,0 days 01:17:59.381000,78.0,107.0,101.0,135.0,False,SOFT,18.0,False,Ferrari,0 days 01:15:19.524000,,126,,False,,False,False
2023-06,FP2,0 days 01:19:29.520000,LEC,16,,33.0,5.0,,0 days 01:19:29.520000,0 days 00:00:22.658000,0 days 00:00:41.063000,,0 days 01:18:22.162000,0 days 01:19:03.208000,,202.0,83.0,,232.0,False,SOFT,19.0,False,Ferrari,0 days 01:17:59.381000,,6,,False,,False,False
2023-06,FP2,0 days 00:16:52.427000,STR,18,0 days 00:01:39.654000,1.0,1.0,0 days 00:15:13.829000,,0 days 00:00:27.395000,0 days 00:00:44.116000,0 days 00:00:28.143000,0 days 00:15:40.376000,0 days 00:16:24.500000,0 days 00:16:52.578000,165.0,164.0,259.0,261.0,False,MEDIUM,1.0,True,Aston Martin,0 days 00:15:13.829000,,1,,False,,False,False
2023-06,FP2,0 days 00:18:08.802000,STR,18,0 days 00:01:16.375000,2.0,1.0,,,0 days 00:00:20.201000,0 days 00:00:36.031000,0 days 00:00:20.143000,0 days 00:17:12.628000,0 days 00:17:48.659000,0 days 00:18:08.802000,204.0,189.0,261.0,273.0,True,MEDIUM,2.0,True,Aston Martin,0 days 00:16:52.427000,,1,,False,,False,True
2023-06,FP2,0 days 00:19:46.350000,STR,18,0 days 00:01:37.548000,3.0,1.0,,,0 days 00:00:23.185000,0 days 00:00:43.807000,0 days 00:00:30.556000,0 days 00:18:31.987000,0 days 00:19:15.794000,0 days 00:19:46.350000,162.0,179.0,261.0,260.0,False,MEDIUM,3.0,True,Aston Martin,0 days 00:18:08.802000,,1,,False,,False,True
2023-06,FP2,0 days 00:21:01.169000,STR,18,0 days 00:01:14.819000,4.0,1.0,,,0 days 00:00:19.681000,0 days 00:00:35.342000,0 days 00:00:19.796000,0 days 00:20:06.031000,0 days 00:20:41.373000,0 days 00:21:01.169000,212.0,195.0,263.0,274.0,True,MEDIUM,4.0,True,Aston Martin,0 days 00:19:46.350000,,1,,False,,False,True
2023-06,FP2,0 days 00:22:53.938000,STR,18,0 days 00:01:52.769000,5.0,1.0,,,0 days 00:00:27.039000,0 days 00:00:53.735000,0 days 00:00:31.995000,0 days 00:21:28.208000,0 days 00:22:21.943000,0 days 00:22:53.938000,118.0,56.0,262.0,260.0,False,MEDIUM,5.0,True,Aston Martin,0 days 00:21:01.169000,,1,,False,,False,True
2023-06,FP2,0 days 00:24:08.370000,STR,18,0 days 00:01:14.432000,6.0,1.0,,,0 days 00:00:19.520000,0 days 00:00:35.120000,0 days 00:00:19.792000,0 days 00:23:13.458000,0 days 00:23:48.578000,0 days 00:24:08.370000,211.0,197.0,262.0,274.0,True,MEDIUM,6.0,True,Aston Martin,0 days 00:22:53.938000,,1,,False,,False,True
2023-06,FP2,0 days 00:26:07.217000,STR,18,0 days 00:01:58.847000,7.0,1.0,,,0 days 00:00:29.692000,0 days 00:00:50.802000,0 days 00:00:38.353000,0 days 00:24:38.062000,0 days 00:25:28.864000,0 days 00:26:07.217000,100.0,148.0,261.0,198.0,False,MEDIUM,7.0,True,Aston Martin,0 days 00:24:08.370000,,1,,False,,False,True
2023-06,FP2,0 days 00:27:21.425000,STR,18,0 days 00:01:14.208000,8.0,1.0,,,0 days 00:00:19.521000,0 days 00:00:35.041000,0 days 00:00:19.646000,0 days 00:26:26.738000,0 days 00:27:01.779000,0 days 00:27:21.425000,213.0,196.0,263.0,274.0,True,MEDIUM,8.0,True,Aston Martin,0 days 00:26:07.217000,,1,,False,,False,True
2023-06,FP2,0 days 00:35:27.083000,STR,18,,9.0,1.0,,0 days 00:28:47.008000,0 days 00:00:23.718000,0 days 00:00:43.587000,,0 days 00:27:45.368000,0 days 00:28:28.945000,,136.0,168.0,,199.0,False,MEDIUM,9.0,True,Aston Martin,0 days 00:27:21.425000,,1,,False,,False,False
2023-06,FP2,0 days 00:36:54.649000,STR,18,0 days 00:01:27.566000,10.0,2.0,0 days 00:35:27.847000,,0 days 00:00:25.408000,0 days 00:00:39.527000,0 days 00:00:22.631000,0 days 00:35:52.491000,0 days 00:36:32.018000,0 days 00:36:54.649000,170.0,182.0,264.0,259.0,False,SOFT,1.0,True,Aston Martin,0 days 00:35:27.083000,,1,,False,,False,False
2023-06,FP2,0 days 00:38:08.291000,STR,18,0 days 00:01:13.642000,11.0,2.0,,,0 days 00:00:19.259000,0 days 00:00:34.834000,0 days 00:00:19.549000,0 days 00:37:13.908000,0 days 00:37:48.742000,0 days 00:38:08.291000,210.0,196.0,263.0,272.0,True,SOFT,2.0,True,Aston Martin,0 days 00:36:54.649000,,1,,False,,False,True
2023-06,FP2,0 days 00:39:45.898000,STR,18,0 days 00:01:37.607000,12.0,2.0,,,0 days 00:00:26.539000,0 days 00:00:43.458000,0 days 00:00:27.610000,0 days 00:38:34.830000,0 days 00:39:18.288000,0 days 00:39:45.898000,150.0,154.0,267.0,251.0,False,SOFT,3.0,True,Aston Martin,0 days 00:38:08.291000,,1,,False,,False,True
2023-06,FP2,0 days 00:40:59.312000,STR,18,0 days 00:01:13.414000,13.0,2.0,,,0 days 00:00:19.054000,0 days 00:00:34.656000,0 days 00:00:19.704000,0 days 00:40:04.952000,0 days 00:40:39.608000,0 days 00:40:59.312000,218.0,198.0,267.0,277.0,True,SOFT,4.0,True,Aston Martin,0 days 00:39:45.898000,,1,,False,,False,True
2023-06,FP2,0 days 00:42:55.173000,STR,18,0 days 00:01:55.861000,14.0,2.0,,,0 days 00:00:38.243000,0 days 00:00:53.273000,0 days 00:00:24.345000,0 days 00:41:37.555000,0 days 00:42:30.828000,0 days 00:42:55.173000,78.0,130.0,267.0,195.0,False,SOFT,5.0,True,Aston Martin,0 days 00:40:59.312000,,12,,False,,False,True
2023-06,FP2,0 days 00:44:08.358000,STR,18,0 days 00:01:13.185000,15.0,2.0,,,0 days 00:00:19.082000,0 days 00:00:34.622000,0 days 00:00:19.481000,0 days 00:43:14.255000,0 days 00:43:48.877000,0 days 00:44:08.358000,215.0,199.0,266.0,279.0,True,SOFT,6.0,True,Aston Martin,0 days 00:42:55.173000,,1,,False,,False,True
2023-06,FP2,0 days 00:46:13.799000,STR,18,0 days 00:02:05.441000,16.0,2.0,,,0 days 00:00:31.850000,0 days 00:00:59.069000,0 days 00:00:34.522000,0 days 00:44:40.208000,0 days 00:45:39.277000,0 days 00:46:13.799000,98.0,121.0,239.0,119.0,False,SOFT,7.0,True,Aston Martin,0 days 00:44:08.358000,,1,,False,,False,True
2023-06,FP2,0 days 00:47:56.711000,STR,18,0 days 00:01:42.912000,17.0,2.0,,,0 days 00:00:28.215000,0 days 00:00:45.482000,0 days 00:00:29.215000,0 days 00:46:42.014000,0 days 00:47:27.496000,0 days 00:47:56.711000,77.0,174.0,266.0,177.0,False,SOFT,8.0,True,Aston Martin,0 days 00:46:13.799000,,1,,False,,False,True
2023-06,FP2,0 days 00:54:59.551000,STR,18,,18.0,2.0,,0 days 00:49:14.728000,0 days 00:00:19.373000,0 days 00:00:41.274000,,0 days 00:48:16.307000,0 days 00:48:57.588000,,211.0,161.0,,184.0,False,SOFT,9.0,True,Aston Martin,0 days 00:47:56.711000,,1,,False,,False,False
2023-06,FP2,0 days 00:56:27.364000,STR,18,0 days 00:01:27.813000,19.0,3.0,0 days 00:55:00.146000,,0 days 00:00:26.661000,0 days 00:00:38.808000,0 days 00:00:22.344000,0 days 00:55:26.212000,0 days 00:56:05.020000,0 days 00:56:27.364000,172.0,181.0,251.0,255.0,False,MEDIUM,10.0,False,Aston Martin,0 days 00:54:59.551000,,1,,False,,False,False
2023-06,FP2,0 days 01:02:44.543000,STR,18,,20.0,3.0,,0 days 00:57:52.097000,0 days 00:00:20.348000,0 days 00:00:36.853000,,0 days 00:56:47.801000,0 days 00:57:24.660000,,199.0,164.0,,270.0,False,MEDIUM,11.0,False,Aston Martin,0 days 00:56:27.364000,,125,,False,,False,False
2023-06,FP2,0 days 01:04:11.106000,STR,18,0 days 00:01:26.563000,21.0,4.0,0 days 01:02:45.485000,,0 days 00:00:27.610000,0 days 00:00:37.674000,0 days 00:00:21.279000,0 days 01:03:12.153000,0 days 01:03:49.827000,0 days 01:04:11.106000,169.0,184.0,253.0,267.0,False,MEDIUM,12.0,False,Aston Martin,0 days 01:02:45.485000,,1,,False,,False,False
2023-06,FP2,0 days 01:05:28.803000,STR,18,0 days 00:01:17.697000,22.0,4.0,,,0 days 00:00:20.184000,0 days 00:00:36.647000,0 days 00:00:20.866000,0 days 01:04:31.290000,0 days 01:05:07.937000,0 days 01:05:28.803000,198.0,186.0,254.0,272.0,False,MEDIUM,13.0,False,Aston Martin,0 days 01:04:11.106000,,1,,False,,False,True
2023-06,FP2,0 days 01:06:45.888000,STR,18,0 days 00:01:17.085000,23.0,4.0,,,0 days 00:00:20.110000,0 days 00:00:36.229000,0 days 00:00:20.746000,0 days 01:05:48.913000,0 days 01:06:25.142000,0 days 01:06:45.888000,202.0,188.0,254.0,273.0,False,MEDIUM,14.0,False,Aston Martin,0 days 01:05:28.803000,,1,,False,,False,True
2023-06,FP2,0 days 01:08:02.967000,STR,18,0 days 00:01:17.079000,24.0,4.0,,,0 days 00:00:20.042000,0 days 00:00:36.483000,0 days 00:00:20.554000,0 days 01:07:05.930000,0 days 01:07:42.413000,0 days 01:08:02.967000,199.0,189.0,255.0,273.0,False,MEDIUM,15.0,False,Aston Martin,0 days 01:06:45.888000,,1,,False,,False,True
2023-06,FP2,0 days 01:09:18.918000,STR,18,0 days 00:01:15.951000,25.0,4.0,,,0 days 00:00:19.835000,0 days 00:00:35.749000,0 days 00:00:20.367000,0 days 01:08:22.802000,0 days 01:08:58.551000,0 days 01:09:18.918000,205.0,190.0,255.0,274.0,False,MEDIUM,16.0,False,Aston Martin,0 days 01:08:02.967000,,1,,False,,False,True
2023-06,FP2,0 days 01:10:35.889000,STR,18,0 days 00:01:16.971000,26.0,4.0,,,0 days 00:00:19.872000,0 days 00:00:36.277000,0 days 00:00:20.822000,0 days 01:09:38.790000,0 days 01:10:15.067000,0 days 01:10:35.889000,207.0,189.0,254.0,272.0,False,MEDIUM,17.0,False,Aston Martin,0 days 01:09:18.918000,,1,,False,,False,True
2023-06,FP2,0 days 01:12:09.982000,STR,18,0 days 00:01:34.093000,27.0,4.0,,0 days 01:11:46.229000,0 days 00:00:20.003000,0 days 00:00:36.200000,0 days 00:00:37.890000,0 days 01:10:55.892000,0 days 01:11:32.092000,0 days 01:12:09.982000,198.0,190.0,,273.0,False,MEDIUM,18.0,False,Aston Martin,0 days 01:10:35.889000,,1,,False,,False,False
2023-06,FP2,0 days 01:13:29.922000,STR,18,0 days 00:01:19.940000,28.0,5.0,0 days 01:12:10.603000,,0 days 00:00:23.098000,0 days 00:00:36.336000,0 days 00:00:20.506000,0 days 01:12:33.080000,0 days 01:13:09.416000,0 days 01:13:29.922000,199.0,190.0,253.0,271.0,False,SOFT,10.0,False,Aston Martin,0 days 01:12:09.982000,,1,,False,,False,False
2023-06,FP2,0 days 01:14:46.640000,STR,18,0 days 00:01:16.718000,29.0,5.0,,,0 days 00:00:19.856000,0 days 00:00:36.277000,0 days 00:00:20.585000,0 days 01:13:49.778000,0 days 01:14:26.055000,0 days 01:14:46.640000,204.0,187.0,256.0,274.0,False,SOFT,11.0,False,Aston Martin,0 days 01:13:29.922000,,1,,False,,False,True
2023-06,FP2,0 days 01:17:06.386000,STR,18,0 days 00:02:19.746000,30.0,5.0,,,0 days 00:00:25.456000,0 days 00:00:47.395000,0 days 00:01:06.895000,0 days 01:15:12.096000,0 days 01:15:59.491000,0 days 01:17:06.386000,124.0,67.0,5.0,206.0,False,SOFT,12.0,False,Aston Martin,0 days 01:14:46.640000,,126,,False,,False,False
2023-06,FP2,0 days 01:18:34.427000,STR,18,,31.0,5.0,,0 days 01:18:34.427000,0 days 00:00:23.980000,0 days 00:00:42.634000,,0 days 01:17:30.490000,0 days 01:18:13.099000,,158.0,157.0,,232.0,False,SOFT,13.0,False,Aston Martin,0 days 01:17:06.386000,,6,,False,,False,False
2023-06,FP2,0 days 00:18:41.220000,MAG,20,0 days 00:01:36,1.0,1.0,0 days 00:17:05.875000,,0 days 00:00:29.044000,0 days 00:00:44.093000,0 days 00:00:22.863000,0 days 00:17:34.562000,0 days 00:18:18.562000,0 days 00:18:41.296000,70.0,176.0,262.0,260.0,False,MEDIUM,1.0,True,Haas F1 Team,0 days 00:17:05.875000,,1,,False,,False,False
2023-06,FP2,0 days 00:19:57.592000,MAG,20,0 days 00:01:16.372000,2.0,1.0,,,0 days 00:00:19.986000,0 days 00:00:36.229000,0 days 00:00:20.157000,0 days 00:19:01.206000,0 days 00:19:37.435000,0 days 00:19:57.592000,204.0,186.0,263.0,274.0,True,MEDIUM,2.0,True,Haas F1 Team,0 days 00:18:41.220000,,1,,False,,False,True
2023-06,FP2,0 days 00:21:12.743000,MAG,20,0 days 00:01:15.151000,3.0,1.0,,,0 days 00:00:19.723000,0 days 00:00:35.437000,0 days 00:00:19.991000,0 days 00:20:17.315000,0 days 00:20:52.752000,0 days 00:21:12.743000,207.0,192.0,264.0,276.0,True,MEDIUM,3.0,True,Haas F1 Team,0 days 00:19:57.592000,,1,,False,,False,True
2023-06,FP2,0 days 00:22:59.709000,MAG,20,0 days 00:01:46.966000,4.0,1.0,,,0 days 00:00:25.875000,0 days 00:00:48.685000,0 days 00:00:32.406000,0 days 00:21:38.618000,0 days 00:22:27.303000,0 days 00:22:59.709000,125.0,135.0,263.0,141.0,False,MEDIUM,4.0,True,Haas F1 Team,0 days 00:21:12.743000,,1,,False,,False,True
2023-06,FP2,0 days 00:24:15.022000,MAG,20,0 days 00:01:15.313000,5.0,1.0,,,0 days 00:00:19.807000,0 days 00:00:35.562000,0 days 00:00:19.944000,0 days 00:23:19.516000,0 days 00:23:55.078000,0 days 00:24:15.022000,207.0,192.0,256.0,276.0,False,MEDIUM,5.0,True,Haas F1 Team,0 days 00:22:59.709000,,1,,False,,False,True
2023-06,FP2,0 days 00:26:00.502000,MAG,20,0 days 00:01:45.480000,6.0,1.0,,,0 days 00:00:22.417000,0 days 00:00:47.748000,0 days 00:00:35.315000,0 days 00:24:37.439000,0 days 00:25:25.187000,0 days 00:26:00.502000,133.0,130.0,264.0,160.0,False,MEDIUM,6.0,True,Haas F1 Team,0 days 00:24:15.022000,,1,,False,,False,True
2023-06,FP2,0 days 00:27:15.018000,MAG,20,0 days 00:01:14.516000,7.0,1.0,,,0 days 00:00:19.491000,0 days 00:00:35.196000,0 days 00:00:19.829000,0 days 00:26:19.993000,0 days 00:26:55.189000,0 days 00:27:15.018000,210.0,193.0,265.0,277.0,True,MEDIUM,7.0,True,Haas F1 Team,0 days 00:26:00.502000,,1,,False,,False,True
2023-06,FP2,0 days 00:28:59.412000,MAG,20,0 days 00:01:44.394000,8.0,1.0,,,0 days 00:00:27.158000,0 days 00:00:50.458000,0 days 00:00:26.778000,0 days 00:27:42.176000,0 days 00:28:32.634000,0 days 00:28:59.412000,110.0,174.0,264.0,179.0,False,MEDIUM,8.0,True,Haas F1 Team,0 days 00:27:15.018000,,1,,False,,False,True
2023-06,FP2,0 days 00:30:13.536000,MAG,20,0 days 00:01:14.124000,9.0,1.0,,,0 days 00:00:19.442000,0 days 00:00:35.010000,0 days 00:00:19.672000,0 days 00:29:18.854000,0 days 00:29:53.864000,0 days 00:30:13.536000,214.0,197.0,264.0,277.0,True,MEDIUM,9.0,True,Haas F1 Team,0 days 00:28:59.412000,,1,,False,,False,True
2023-06,FP2,0 days 00:41:00.710000,MAG,20,,10.0,1.0,,0 days 00:31:29.521000,0 days 00:00:22.980000,0 days 00:00:38.533000,,0 days 00:30:36.725000,0 days 00:31:15.225000,,163.0,181.0,,256.0,False,MEDIUM,10.0,True,Haas F1 Team,0 days 00:30:13.536000,,1,,False,,False,False
2023-06,FP2,0 days 00:42:38.326000,MAG,20,0 days 00:01:37.616000,11.0,2.0,0 days 00:41:01.437000,,0 days 00:00:25.761000,0 days 00:00:40.903000,0 days 00:00:30.952000,0 days 00:41:26.471000,0 days 00:42:07.374000,0 days 00:42:38.326000,117.0,132.0,268.0,264.0,False,SOFT,1.0,True,Haas F1 Team,0 days 00:41:00.710000,,12,,False,,False,False
2023-06,FP2,0 days 00:44:04.658000,MAG,20,0 days 00:01:26.332000,12.0,2.0,,,0 days 00:00:19.065000,0 days 00:00:34.689000,0 days 00:00:32.578000,0 days 00:42:57.391000,0 days 00:43:32.080000,0 days 00:44:04.658000,217.0,196.0,219.0,281.0,False,SOFT,2.0,True,Haas F1 Team,0 days 00:42:38.326000,,1,,False,,False,True
2023-06,FP2,0 days 00:45:52.804000,MAG,20,0 days 00:01:48.146000,13.0,2.0,,,0 days 00:00:27.165000,0 days 00:00:50.289000,0 days 00:00:30.692000,0 days 00:44:31.823000,0 days 00:45:22.112000,0 days 00:45:52.804000,112.0,112.0,268.0,174.0,False,SOFT,3.0,True,Haas F1 Team,0 days 00:44:04.658000,,1,,False,,False,True
2023-06,FP2,0 days 00:47:06.261000,MAG,20,0 days 00:01:13.457000,14.0,2.0,,,0 days 00:00:19.187000,0 days 00:00:34.708000,0 days 00:00:19.562000,0 days 00:46:11.991000,0 days 00:46:46.699000,0 days 00:47:06.261000,215.0,199.0,268.0,282.0,True,SOFT,4.0,True,Haas F1 Team,0 days 00:45:52.804000,,1,,False,,False,True
2023-06,FP2,0 days 00:48:53.547000,MAG,20,0 days 00:01:47.286000,15.0,2.0,,,0 days 00:00:25.236000,0 days 00:00:47.878000,0 days 00:00:34.172000,0 days 00:47:31.497000,0 days 00:48:19.375000,0 days 00:48:53.547000,127.0,153.0,270.0,247.0,False,SOFT,5.0,True,Haas F1 Team,0 days 00:47:06.261000,,1,,False,,False,True
2023-06,FP2,0 days 00:50:07.051000,MAG,20,0 days 00:01:13.504000,16.0,2.0,,,0 days 00:00:19.332000,0 days 00:00:34.670000,0 days 00:00:19.502000,0 days 00:49:12.879000,0 days 00:49:47.549000,0 days 00:50:07.051000,216.0,197.0,268.0,281.0,False,SOFT,6.0,True,Haas F1 Team,0 days 00:48:53.547000,,1,,False,,False,True
2023-06,FP2,0 days 01:03:08.342000,MAG,20,,17.0,2.0,,0 days 00:51:50.539000,0 days 00:00:24.591000,0 days 00:00:54.413000,,0 days 00:50:31.837000,0 days 00:51:26.242000,,169.0,112.0,,250.0,False,SOFT,7.0,True,Haas F1 Team,0 days 00:50:07.051000,,125,,False,,False,False
2023-06,FP2,0 days 01:04:47.706000,MAG,20,0 days 00:01:39.364000,18.0,3.0,0 days 01:03:09.375000,,0 days 00:00:30.148000,0 days 00:00:43.281000,0 days 00:00:25.935000,0 days 01:03:38.490000,0 days 01:04:21.771000,0 days 01:04:47.706000,181.0,173.0,249.0,253.0,False,MEDIUM,11.0,False,Haas F1 Team,0 days 01:03:09.375000,,1,,False,,False,False
2023-06,FP2,0 days 01:06:13.654000,MAG,20,0 days 00:01:25.948000,19.0,3.0,,,0 days 00:00:20.622000,0 days 00:00:36.443000,0 days 00:00:28.883000,0 days 01:05:08.328000,0 days 01:05:44.771000,0 days 01:06:13.654000,200.0,179.0,252.0,275.0,False,MEDIUM,12.0,False,Haas F1 Team,0 days 01:04:47.706000,,1,,False,,False,True
2023-06,FP2,0 days 01:07:30.259000,MAG,20,0 days 00:01:16.605000,20.0,3.0,,,0 days 00:00:20.240000,0 days 00:00:35.894000,0 days 00:00:20.471000,0 days 01:06:33.894000,0 days 01:07:09.788000,0 days 01:07:30.259000,206.0,187.0,252.0,274.0,False,MEDIUM,13.0,False,Haas F1 Team,0 days 01:06:13.654000,,1,,False,,False,True
2023-06,FP2,0 days 01:08:46.825000,MAG,20,0 days 00:01:16.566000,21.0,3.0,,,0 days 00:00:20.087000,0 days 00:00:35.991000,0 days 00:00:20.488000,0 days 01:07:50.346000,0 days 01:08:26.337000,0 days 01:08:46.825000,206.0,187.0,253.0,275.0,False,MEDIUM,14.0,False,Haas F1 Team,0 days 01:07:30.259000,,1,,False,,False,True
2023-06,FP2,0 days 01:10:03.226000,MAG,20,0 days 00:01:16.401000,22.0,3.0,,,0 days 00:00:19.988000,0 days 00:00:35.930000,0 days 00:00:20.483000,0 days 01:09:06.813000,0 days 01:09:42.743000,0 days 01:10:03.226000,207.0,187.0,253.0,276.0,False,MEDIUM,15.0,False,Haas F1 Team,0 days 01:08:46.825000,,1,,False,,False,True
2023-06,FP2,0 days 01:11:21.572000,MAG,20,0 days 00:01:18.346000,23.0,3.0,,,0 days 00:00:20.094000,0 days 00:00:36.284000,0 days 00:00:21.968000,0 days 01:10:23.320000,0 days 01:10:59.604000,0 days 01:11:21.572000,204.0,183.0,252.0,275.0,False,MEDIUM,16.0,False,Haas F1 Team,0 days 01:10:03.226000,,1,,False,,False,True
2023-06,FP2,0 days 01:12:38.986000,MAG,20,0 days 00:01:17.414000,24.0,3.0,,,0 days 00:00:20.184000,0 days 00:00:36.311000,0 days 00:00:20.919000,0 days 01:11:41.756000,0 days 01:12:18.067000,0 days 01:12:38.986000,207.0,186.0,253.0,275.0,False,MEDIUM,17.0,False,Haas F1 Team,0 days 01:11:21.572000,,1,,False,,False,True
2023-06,FP2,0 days 01:13:57.362000,MAG,20,0 days 00:01:18.376000,25.0,3.0,,,0 days 00:00:20.311000,0 days 00:00:36.746000,0 days 00:00:21.319000,0 days 01:12:59.297000,0 days 01:13:36.043000,0 days 01:13:57.362000,202.0,182.0,251.0,275.0,False,MEDIUM,18.0,False,Haas F1 Team,0 days 01:12:38.986000,,1,,False,,False,True
2023-06,FP2,0 days 01:15:18.348000,MAG,20,0 days 00:01:20.986000,26.0,3.0,,,0 days 00:00:20.574000,0 days 00:00:38.453000,0 days 00:00:21.959000,0 days 01:14:17.936000,0 days 01:14:56.389000,0 days 01:15:18.348000,202.0,176.0,252.0,277.0,False,MEDIUM,19.0,False,Haas F1 Team,0 days 01:13:57.362000,,1,,False,,False,True
2023-06,FP2,0 days 01:17:57.303000,MAG,20,,27.0,3.0,,,0 days 00:00:27.251000,0 days 00:00:55.688000,0 days 00:01:15.984000,0 days 01:15:45.710000,0 days 01:16:41.397000,0 days 01:17:57.303000,83.0,104.0,106.0,128.0,False,MEDIUM,20.0,False,Haas F1 Team,0 days 01:15:18.348000,,126,,False,,False,False
2023-06,FP2,0 days 01:19:27.270000,MAG,20,,28.0,3.0,,0 days 01:19:27.270000,0 days 00:00:23.137000,0 days 00:00:41.900000,,0 days 01:18:20.537000,0 days 01:19:02.427000,,182.0,82.0,,272.0,False,MEDIUM,21.0,False,Haas F1 Team,0 days 01:17:57.303000,,6,,False,,False,False
2023-06,FP2,0 days 00:16:16.261000,DEV,21,0 days 00:01:33.546000,1.0,1.0,0 days 00:14:43.361000,,0 days 00:00:27.912000,0 days 00:00:42.009000,0 days 00:00:23.625000,0 days 00:15:10.814000,0 days 00:15:52.829000,0 days 00:16:16.329000,135.0,162.0,258.0,262.0,False,MEDIUM,1.0,True,AlphaTauri,0 days 00:14:43.361000,,1,,False,,False,False
2023-06,FP2,0 days 00:17:39.377000,DEV,21,0 days 00:01:23.116000,2.0,1.0,,,0 days 00:00:21.407000,0 days 00:00:39.169000,0 days 00:00:22.540000,0 days 00:16:37.668000,0 days 00:17:16.837000,0 days 00:17:39.377000,198.0,170.0,262.0,275.0,True,MEDIUM,2.0,True,AlphaTauri,0 days 00:16:16.261000,,1,,False,,False,True
2023-06,FP2,0 days 00:18:55.577000,DEV,21,0 days 00:01:16.200000,3.0,1.0,,,0 days 00:00:20.097000,0 days 00:00:35.963000,0 days 00:00:20.140000,0 days 00:17:59.474000,0 days 00:18:35.437000,0 days 00:18:55.577000,211.0,191.0,265.0,279.0,True,MEDIUM,3.0,True,AlphaTauri,0 days 00:17:39.377000,,1,,False,,False,True
2023-06,FP2,0 days 00:20:31.650000,DEV,21,0 days 00:01:36.073000,4.0,1.0,,,0 days 00:00:23.346000,0 days 00:00:43.613000,0 days 00:00:29.114000,0 days 00:19:18.923000,0 days 00:20:02.536000,0 days 00:20:31.650000,178.0,151.0,262.0,238.0,False,MEDIUM,4.0,True,AlphaTauri,0 days 00:18:55.577000,,1,,False,,False,True
2023-06,FP2,0 days 00:21:47.235000,DEV,21,0 days 00:01:15.585000,5.0,1.0,,,0 days 00:00:19.849000,0 days 00:00:35.418000,0 days 00:00:20.318000,0 days 00:20:51.499000,0 days 00:21:26.917000,0 days 00:21:47.235000,214.0,194.0,260.0,278.0,True,MEDIUM,5.0,True,AlphaTauri,0 days 00:20:31.650000,,1,,False,,False,True
2023-06,FP2,0 days 00:23:34.739000,DEV,21,0 days 00:01:47.504000,6.0,1.0,,,0 days 00:00:27.837000,0 days 00:00:48.140000,0 days 00:00:31.527000,0 days 00:22:15.072000,0 days 00:23:03.212000,0 days 00:23:34.739000,122.0,121.0,260.0,177.0,False,MEDIUM,6.0,True,AlphaTauri,0 days 00:21:47.235000,,1,,False,,False,True
2023-06,FP2,0 days 00:24:49.201000,DEV,21,0 days 00:01:14.462000,7.0,1.0,,,0 days 00:00:19.814000,0 days 00:00:35.160000,0 days 00:00:19.488000,0 days 00:23:54.553000,0 days 00:24:29.713000,0 days 00:24:49.201000,213.0,194.0,268.0,280.0,True,MEDIUM,7.0,True,AlphaTauri,0 days 00:23:34.739000,,1,,False,,False,True
2023-06,FP2,0 days 00:26:38.397000,DEV,21,0 days 00:01:49.196000,8.0,1.0,,,0 days 00:00:26.144000,0 days 00:00:44.359000,0 days 00:00:38.693000,0 days 00:25:15.345000,0 days 00:25:59.704000,0 days 00:26:38.397000,142.0,125.0,260.0,241.0,False,MEDIUM,8.0,True,AlphaTauri,0 days 00:24:49.201000,,1,,False,,False,True
2023-06,FP2,0 days 00:27:53.298000,DEV,21,0 days 00:01:14.901000,9.0,1.0,,,0 days 00:00:19.796000,0 days 00:00:35.384000,0 days 00:00:19.721000,0 days 00:26:58.193000,0 days 00:27:33.577000,0 days 00:27:53.298000,211.0,194.0,266.0,277.0,False,MEDIUM,9.0,True,AlphaTauri,0 days 00:26:38.397000,,1,,False,,False,True
2023-06,FP2,0 days 00:29:32.231000,DEV,21,0 days 00:01:38.933000,10.0,1.0,,,0 days 00:00:26.578000,0 days 00:00:47.254000,0 days 00:00:25.101000,0 days 00:28:19.876000,0 days 00:29:07.130000,0 days 00:29:32.231000,164.0,151.0,258.0,216.0,False,MEDIUM,10.0,True,AlphaTauri,0 days 00:27:53.298000,,1,,False,,False,True
2023-06,FP2,0 days 00:30:59.907000,DEV,21,0 days 00:01:27.676000,11.0,1.0,,,0 days 00:00:19.650000,0 days 00:00:40.373000,0 days 00:00:27.653000,0 days 00:29:51.881000,0 days 00:30:32.254000,0 days 00:30:59.907000,213.0,101.0,263.0,278.0,False,MEDIUM,11.0,True,AlphaTauri,0 days 00:29:32.231000,,1,,False,,False,True
2023-06,FP2,0 days 00:32:14.639000,DEV,21,0 days 00:01:14.732000,12.0,1.0,,,0 days 00:00:19.662000,0 days 00:00:35.382000,0 days 00:00:19.688000,0 days 00:31:19.569000,0 days 00:31:54.951000,0 days 00:32:14.639000,213.0,194.0,265.0,275.0,False,MEDIUM,12.0,True,AlphaTauri,0 days 00:30:59.907000,,1,,False,,False,True
2023-06,FP2,0 days 00:37:24.981000,DEV,21,,13.0,1.0,,0 days 00:33:34.458000,0 days 00:00:25.331000,0 days 00:00:39.032000,,0 days 00:32:40.177000,0 days 00:33:19.208000,,189.0,166.0,,251.0,False,MEDIUM,13.0,True,AlphaTauri,0 days 00:32:14.639000,,1,,False,,False,False
2023-06,FP2,0 days 00:38:53.728000,DEV,21,0 days 00:01:28.747000,14.0,2.0,0 days 00:37:25.643000,,0 days 00:00:26.252000,0 days 00:00:38.038000,0 days 00:00:24.457000,0 days 00:37:51.233000,0 days 00:38:29.271000,0 days 00:38:53.728000,186.0,177.0,261.0,263.0,False,SOFT,1.0,True,AlphaTauri,0 days 00:37:24.981000,,1,,False,,False,False
2023-06,FP2,0 days 00:40:07.391000,DEV,21,0 days 00:01:13.663000,15.0,2.0,,,0 days 00:00:19.349000,0 days 00:00:34.877000,0 days 00:00:19.437000,0 days 00:39:13.077000,0 days 00:39:47.954000,0 days 00:40:07.391000,214.0,199.0,264.0,277.0,True,SOFT,2.0,True,AlphaTauri,0 days 00:38:53.728000,,1,,False,,False,True
2023-06,FP2,0 days 00:41:47.028000,DEV,21,0 days 00:01:39.637000,16.0,2.0,,,0 days 00:00:27.236000,0 days 00:00:45.401000,0 days 00:00:27,0 days 00:40:34.627000,0 days 00:41:20.028000,0 days 00:41:47.028000,129.0,154.0,265.0,237.0,False,SOFT,3.0,True,AlphaTauri,0 days 00:40:07.391000,,12,,False,,False,True
2023-06,FP2,0 days 00:43:00.963000,DEV,21,0 days 00:01:13.935000,17.0,2.0,,,0 days 00:00:19.288000,0 days 00:00:35.041000,0 days 00:00:19.606000,0 days 00:42:06.316000,0 days 00:42:41.357000,0 days 00:43:00.963000,213.0,198.0,265.0,278.0,False,SOFT,4.0,True,AlphaTauri,0 days 00:41:47.028000,,1,,False,,False,True
2023-06,FP2,0 days 00:45:05.473000,DEV,21,0 days 00:02:04.510000,18.0,2.0,,0 days 00:44:28.185000,0 days 00:00:29.710000,0 days 00:00:40.845000,0 days 00:00:53.955000,0 days 00:43:30.673000,0 days 00:44:11.518000,0 days 00:45:05.473000,140.0,162.0,,252.0,False,SOFT,5.0,True,AlphaTauri,0 days 00:43:00.963000,,1,,False,,False,False
2023-06,FP2,0 days 00:46:44.543000,DEV,21,0 days 00:01:39.070000,19.0,3.0,0 days 00:45:06.247000,,0 days 00:00:26.645000,0 days 00:00:45.165000,0 days 00:00:27.260000,0 days 00:45:32.118000,0 days 00:46:17.283000,0 days 00:46:44.543000,172.0,136.0,265.0,266.0,False,SOFT,6.0,False,AlphaTauri,0 days 00:45:05.473000,,1,,False,,False,False
2023-06,FP2,0 days 00:47:58.263000,DEV,21,0 days 00:01:13.720000,20.0,3.0,,,0 days 00:00:19.137000,0 days 00:00:34.991000,0 days 00:00:19.592000,0 days 00:47:03.680000,0 days 00:47:38.671000,0 days 00:47:58.263000,218.0,197.0,266.0,279.0,False,SOFT,7.0,False,AlphaTauri,0 days 00:46:44.543000,,1,,False,,False,True
2023-06,FP2,0 days 00:49:50.685000,DEV,21,0 days 00:01:52.422000,21.0,3.0,,,0 days 00:00:32.243000,0 days 00:00:48.447000,0 days 00:00:31.732000,0 days 00:48:30.506000,0 days 00:49:18.953000,0 days 00:49:50.685000,167.0,172.0,266.0,150.0,False,SOFT,8.0,False,AlphaTauri,0 days 00:47:58.263000,,1,,False,,False,True
2023-06,FP2,0 days 00:51:04.598000,DEV,21,0 days 00:01:13.913000,22.0,3.0,,,0 days 00:00:19.323000,0 days 00:00:34.974000,0 days 00:00:19.616000,0 days 00:50:10.008000,0 days 00:50:44.982000,0 days 00:51:04.598000,212.0,198.0,266.0,278.0,False,SOFT,9.0,False,AlphaTauri,0 days 00:49:50.685000,,1,,False,,False,True
2023-06,FP2,0 days 01:03:04.717000,DEV,21,,23.0,3.0,,0 days 00:52:33.429000,0 days 00:00:26.936000,0 days 00:00:42.264000,,0 days 00:51:31.696000,0 days 00:52:13.961000,,138.0,154.0,,253.0,False,SOFT,10.0,False,AlphaTauri,0 days 00:51:04.598000,,125,,False,,False,False
2023-06,FP2,0 days 01:04:35.601000,DEV,21,0 days 00:01:30.884000,24.0,4.0,0 days 01:03:05.375000,,0 days 00:00:31.015000,0 days 00:00:38.631000,0 days 00:00:21.238000,0 days 01:03:35.732000,0 days 01:04:14.363000,0 days 01:04:35.601000,174.0,180.0,251.0,270.0,False,SOFT,11.0,False,AlphaTauri,0 days 01:03:05.375000,,1,,False,,False,False
2023-06,FP2,0 days 01:05:52.424000,DEV,21,0 days 00:01:16.823000,25.0,4.0,,,0 days 00:00:20.415000,0 days 00:00:36.126000,0 days 00:00:20.282000,0 days 01:04:56.016000,0 days 01:05:32.142000,0 days 01:05:52.424000,207.0,189.0,252.0,272.0,False,SOFT,12.0,False,AlphaTauri,0 days 01:04:35.601000,,1,,False,,False,True
2023-06,FP2,0 days 01:07:08.388000,DEV,21,0 days 00:01:15.964000,26.0,4.0,,,0 days 00:00:20.062000,0 days 00:00:35.766000,0 days 00:00:20.136000,0 days 01:06:12.486000,0 days 01:06:48.252000,0 days 01:07:08.388000,209.0,192.0,253.0,272.0,False,SOFT,13.0,False,AlphaTauri,0 days 01:05:52.424000,,1,,False,,False,True
2023-06,FP2,0 days 01:08:25.999000,DEV,21,0 days 00:01:17.611000,27.0,4.0,,,0 days 00:00:19.999000,0 days 00:00:36.574000,0 days 00:00:21.038000,0 days 01:07:28.387000,0 days 01:08:04.961000,0 days 01:08:25.999000,210.0,178.0,254.0,274.0,False,SOFT,14.0,False,AlphaTauri,0 days 01:07:08.388000,,1,,False,,False,True
2023-06,FP2,0 days 01:09:43.284000,DEV,21,0 days 00:01:17.285000,28.0,4.0,,,0 days 00:00:20.265000,0 days 00:00:36.356000,0 days 00:00:20.664000,0 days 01:08:46.264000,0 days 01:09:22.620000,0 days 01:09:43.284000,206.0,189.0,255.0,275.0,False,SOFT,15.0,False,AlphaTauri,0 days 01:08:25.999000,,1,,False,,False,True
2023-06,FP2,0 days 01:11:00.306000,DEV,21,0 days 00:01:17.022000,29.0,4.0,,,0 days 00:00:20.253000,0 days 00:00:36.367000,0 days 00:00:20.402000,0 days 01:10:03.537000,0 days 01:10:39.904000,0 days 01:11:00.306000,205.0,190.0,256.0,276.0,False,SOFT,16.0,False,AlphaTauri,0 days 01:09:43.284000,,1,,False,,False,True
2023-06,FP2,0 days 01:12:17.148000,DEV,21,0 days 00:01:16.842000,30.0,4.0,,,0 days 00:00:20.199000,0 days 00:00:36.369000,0 days 00:00:20.274000,0 days 01:11:20.505000,0 days 01:11:56.874000,0 days 01:12:17.148000,204.0,192.0,256.0,277.0,False,SOFT,17.0,False,AlphaTauri,0 days 01:11:00.306000,,1,,False,,False,True
2023-06,FP2,0 days 01:13:53.123000,DEV,21,0 days 00:01:35.975000,31.0,4.0,,0 days 01:13:28.759000,0 days 00:00:20.155000,0 days 00:00:36.840000,0 days 00:00:38.980000,0 days 01:12:37.303000,0 days 01:13:14.143000,0 days 01:13:53.123000,203.0,188.0,,277.0,False,SOFT,18.0,False,AlphaTauri,0 days 01:12:17.148000,,1,,False,,False,False
2023-06,FP2,0 days 01:15:13.734000,DEV,21,0 days 00:01:20.611000,32.0,5.0,0 days 01:13:53.696000,,0 days 00:00:23.506000,0 days 00:00:36.622000,0 days 00:00:20.483000,0 days 01:14:16.629000,0 days 01:14:53.251000,0 days 01:15:13.734000,199.0,187.0,255.0,276.0,False,MEDIUM,14.0,False,AlphaTauri,0 days 01:13:53.123000,,1,,False,,False,False
2023-06,FP2,0 days 01:17:47.412000,DEV,21,,33.0,5.0,,,0 days 00:00:30.694000,0 days 00:00:55.962000,0 days 00:01:06.997000,0 days 01:15:44.538000,0 days 01:16:40.491000,0 days 01:17:47.412000,86.0,110.0,32.0,130.0,False,MEDIUM,15.0,False,AlphaTauri,0 days 01:15:13.734000,,126,,False,,False,False
2023-06,FP2,0 days 01:19:16.567000,DEV,21,,34.0,5.0,,0 days 01:19:16.567000,0 days 00:00:23.806000,0 days 00:00:43.334000,,0 days 01:18:11.302000,0 days 01:18:54.630000,,172.0,136.0,,246.0,False,MEDIUM,16.0,False,AlphaTauri,0 days 01:17:47.412000,,6,,False,,False,False
2023-06,FP2,0 days 00:16:58.127000,TSU,22,0 days 00:01:37.105000,1.0,1.0,0 days 00:15:22.189000,,0 days 00:00:28.147000,0 days 00:00:42.011000,0 days 00:00:26.947000,0 days 00:15:49.345000,0 days 00:16:31.375000,0 days 00:16:58.250000,168.0,169.0,260.0,261.0,False,MEDIUM,1.0,True,AlphaTauri,0 days 00:15:22.189000,,1,,False,,False,False
2023-06,FP2,0 days 00:18:15.532000,TSU,22,0 days 00:01:17.405000,2.0,1.0,,,0 days 00:00:20.665000,0 days 00:00:36.317000,0 days 00:00:20.423000,0 days 00:17:18.792000,0 days 00:17:55.109000,0 days 00:18:15.532000,202.0,188.0,264.0,275.0,True,MEDIUM,2.0,True,AlphaTauri,0 days 00:16:58.127000,,1,,False,,False,True
2023-06,FP2,0 days 00:19:31.763000,TSU,22,0 days 00:01:16.231000,3.0,1.0,,,0 days 00:00:20.284000,0 days 00:00:35.812000,0 days 00:00:20.135000,0 days 00:18:35.816000,0 days 00:19:11.628000,0 days 00:19:31.763000,207.0,193.0,266.0,279.0,True,MEDIUM,3.0,True,AlphaTauri,0 days 00:18:15.532000,,1,,False,,False,True
2023-06,FP2,0 days 00:21:07.142000,TSU,22,0 days 00:01:35.379000,4.0,1.0,,,0 days 00:00:26.060000,0 days 00:00:45.290000,0 days 00:00:24.029000,0 days 00:19:57.823000,0 days 00:20:43.113000,0 days 00:21:07.142000,90.0,159.0,264.0,266.0,False,MEDIUM,4.0,True,AlphaTauri,0 days 00:19:31.763000,,1,,False,,False,True
2023-06,FP2,0 days 00:22:22.121000,TSU,22,0 days 00:01:14.979000,5.0,1.0,,,0 days 00:00:19.848000,0 days 00:00:35.339000,0 days 00:00:19.792000,0 days 00:21:26.990000,0 days 00:22:02.329000,0 days 00:22:22.121000,209.0,197.0,267.0,279.0,True,MEDIUM,5.0,True,AlphaTauri,0 days 00:21:07.142000,,1,,False,,False,True
2023-06,FP2,0 days 00:23:59.507000,TSU,22,0 days 00:01:37.386000,6.0,1.0,,,0 days 00:00:25.541000,0 days 00:00:44.796000,0 days 00:00:27.049000,0 days 00:22:47.662000,0 days 00:23:32.458000,0 days 00:23:59.507000,102.0,120.0,268.0,254.0,False,MEDIUM,6.0,True,AlphaTauri,0 days 00:22:22.121000,,1,,False,,False,True
2023-06,FP2,0 days 00:25:13.770000,TSU,22,0 days 00:01:14.263000,7.0,1.0,,,0 days 00:00:19.635000,0 days 00:00:35.062000,0 days 00:00:19.566000,0 days 00:24:19.142000,0 days 00:24:54.204000,0 days 00:25:13.770000,212.0,200.0,268.0,281.0,True,MEDIUM,7.0,True,AlphaTauri,0 days 00:23:59.507000,,1,,False,,False,True
2023-06,FP2,0 days 00:26:42.086000,TSU,22,0 days 00:01:28.316000,8.0,1.0,,,0 days 00:00:24.206000,0 days 00:00:42.355000,0 days 00:00:21.755000,0 days 00:25:37.976000,0 days 00:26:20.331000,0 days 00:26:42.086000,157.0,179.0,263.0,251.0,False,MEDIUM,8.0,True,AlphaTauri,0 days 00:25:13.770000,,1,,False,,False,True
2023-06,FP2,0 days 00:28:23.701000,TSU,22,0 days 00:01:41.615000,9.0,1.0,,,0 days 00:00:23.929000,0 days 00:00:50.463000,0 days 00:00:27.223000,0 days 00:27:06.015000,0 days 00:27:56.478000,0 days 00:28:23.701000,99.0,101.0,263.0,124.0,False,MEDIUM,9.0,True,AlphaTauri,0 days 00:26:42.086000,,1,,False,,False,True
2023-06,FP2,0 days 00:29:38.734000,TSU,22,0 days 00:01:15.033000,10.0,1.0,,,0 days 00:00:19.789000,0 days 00:00:35.382000,0 days 00:00:19.862000,0 days 00:28:43.490000,0 days 00:29:18.872000,0 days 00:29:38.734000,211.0,196.0,264.0,276.0,False,MEDIUM,10.0,True,AlphaTauri,0 days 00:28:23.701000,,1,,False,,False,True
2023-06,FP2,0 days 00:38:32.355000,TSU,22,,11.0,1.0,,0 days 00:31:05.397000,0 days 00:00:26.456000,0 days 00:00:42.743000,,0 days 00:30:05.366000,0 days 00:30:48.131000,,151.0,161.0,,155.0,False,MEDIUM,11.0,True,AlphaTauri,0 days 00:29:38.734000,,1,,False,,False,False
2023-06,FP2,0 days 00:39:59.890000,TSU,22,0 days 00:01:27.535000,12.0,2.0,0 days 00:38:33.017000,,0 days 00:00:24.608000,0 days 00:00:38.123000,0 days 00:00:24.804000,0 days 00:38:56.963000,0 days 00:39:35.086000,0 days 00:39:59.890000,178.0,186.0,262.0,263.0,False,SOFT,1.0,True,AlphaTauri,0 days 00:38:32.355000,,1,,False,,False,False
2023-06,FP2,0 days 00:41:13.531000,TSU,22,0 days 00:01:13.641000,13.0,2.0,,,0 days 00:00:19.364000,0 days 00:00:34.700000,0 days 00:00:19.577000,0 days 00:40:19.254000,0 days 00:40:53.954000,0 days 00:41:13.531000,216.0,199.0,263.0,276.0,True,SOFT,2.0,True,AlphaTauri,0 days 00:39:59.890000,,12,,False,,False,True
2023-06,FP2,0 days 00:42:59.625000,TSU,22,0 days 00:01:46.094000,14.0,2.0,,,0 days 00:00:29.367000,0 days 00:00:49.630000,0 days 00:00:27.097000,0 days 00:41:42.898000,0 days 00:42:32.528000,0 days 00:42:59.625000,93.0,120.0,264.0,230.0,False,SOFT,3.0,True,AlphaTauri,0 days 00:41:13.531000,,1,,False,,False,True
2023-06,FP2,0 days 00:44:13.447000,TSU,22,0 days 00:01:13.822000,15.0,2.0,,,0 days 00:00:19.401000,0 days 00:00:34.586000,0 days 00:00:19.835000,0 days 00:43:19.026000,0 days 00:43:53.612000,0 days 00:44:13.447000,217.0,200.0,262.0,277.0,False,SOFT,4.0,True,AlphaTauri,0 days 00:42:59.625000,,1,,False,,False,True
2023-06,FP2,0 days 00:46:03.240000,TSU,22,0 days 00:01:49.793000,16.0,2.0,,,0 days 00:00:29.194000,0 days 00:00:52.637000,0 days 00:00:27.962000,0 days 00:44:42.641000,0 days 00:45:35.278000,0 days 00:46:03.240000,123.0,96.0,263.0,206.0,False,SOFT,5.0,True,AlphaTauri,0 days 00:44:13.447000,,1,,False,,False,True
2023-06,FP2,0 days 00:47:17.100000,TSU,22,0 days 00:01:13.860000,17.0,2.0,,,0 days 00:00:19.481000,0 days 00:00:34.803000,0 days 00:00:19.576000,0 days 00:46:22.721000,0 days 00:46:57.524000,0 days 00:47:17.100000,216.0,200.0,264.0,278.0,False,SOFT,6.0,True,AlphaTauri,0 days 00:46:03.240000,,1,,False,,False,True
2023-06,FP2,0 days 00:49:06.459000,TSU,22,0 days 00:01:49.359000,18.0,2.0,,,0 days 00:00:26.265000,0 days 00:00:50.577000,0 days 00:00:32.517000,0 days 00:47:43.365000,0 days 00:48:33.942000,0 days 00:49:06.459000,148.0,124.0,261.0,232.0,False,SOFT,7.0,True,AlphaTauri,0 days 00:47:17.100000,,1,,False,,False,True
2023-06,FP2,0 days 00:50:39.778000,TSU,22,0 days 00:01:33.319000,19.0,2.0,,,0 days 00:00:20.482000,0 days 00:00:47.642000,0 days 00:00:25.195000,0 days 00:49:26.941000,0 days 00:50:14.583000,0 days 00:50:39.778000,141.0,133.0,263.0,236.0,False,SOFT,8.0,True,AlphaTauri,0 days 00:49:06.459000,,1,,False,,False,True
2023-06,FP2,0 days 00:51:58.305000,TSU,22,0 days 00:01:18.527000,20.0,2.0,,,0 days 00:00:19.336000,0 days 00:00:34.709000,0 days 00:00:24.482000,0 days 00:50:59.114000,0 days 00:51:33.823000,0 days 00:51:58.305000,216.0,200.0,187.0,276.0,False,SOFT,9.0,True,AlphaTauri,0 days 00:50:39.778000,,1,,False,,False,True
2023-06,FP2,0 days 00:53:51.207000,TSU,22,0 days 00:01:52.902000,21.0,2.0,,,0 days 00:00:32.529000,0 days 00:00:53.800000,0 days 00:00:26.573000,0 days 00:52:30.834000,0 days 00:53:24.634000,0 days 00:53:51.207000,94.0,146.0,263.0,96.0,False,SOFT,10.0,True,AlphaTauri,0 days 00:51:58.305000,,1,,False,,False,True
2023-06,FP2,0 days 00:55:18.630000,TSU,22,,22.0,2.0,,0 days 00:55:18.630000,0 days 00:00:19.206000,0 days 00:00:41.501000,,0 days 00:54:10.616000,0 days 00:54:52.115000,,218.0,79.0,,275.0,False,SOFT,11.0,True,AlphaTauri,0 days 00:53:51.207000,,1,,False,,False,False
2023-06,FP2,0 days 01:05:11.829000,ALB,23,0 days 00:01:29.429000,1.0,1.0,0 days 01:03:43.281000,,0 days 00:00:27.310000,0 days 00:00:39.855000,0 days 00:00:22.264000,0 days 01:04:09.968000,0 days 01:04:49.796000,0 days 01:05:11.952000,163.0,172.0,255.0,274.0,False,SOFT,1.0,True,Williams,0 days 01:03:43.281000,,1,,False,,False,False
2023-06,FP2,0 days 01:06:27.163000,ALB,23,0 days 00:01:15.334000,2.0,1.0,,,0 days 00:00:20.241000,0 days 00:00:35.319000,0 days 00:00:19.774000,0 days 01:05:32.070000,0 days 01:06:07.389000,0 days 01:06:27.163000,202.0,191.0,265.0,279.0,True,SOFT,2.0,True,Williams,0 days 01:05:11.829000,,1,,False,,False,True
2023-06,FP2,0 days 01:08:13.606000,ALB,23,0 days 00:01:46.443000,3.0,1.0,,,0 days 00:00:28.791000,0 days 00:00:52.258000,0 days 00:00:25.394000,0 days 01:06:55.954000,0 days 01:07:48.212000,0 days 01:08:13.606000,89.0,120.0,266.0,256.0,False,SOFT,3.0,True,Williams,0 days 01:06:27.163000,,1,,False,,False,True
2023-06,FP2,0 days 01:09:28.121000,ALB,23,0 days 00:01:14.515000,4.0,1.0,,,0 days 00:00:19.714000,0 days 00:00:35.099000,0 days 00:00:19.702000,0 days 01:08:33.320000,0 days 01:09:08.419000,0 days 01:09:28.121000,210.0,193.0,265.0,280.0,True,SOFT,4.0,True,Williams,0 days 01:08:13.606000,,1,,False,,False,True
2023-06,FP2,0 days 01:11:29.433000,ALB,23,0 days 00:02:01.312000,5.0,1.0,,,0 days 00:00:30.230000,0 days 00:00:58.927000,0 days 00:00:32.155000,0 days 01:09:58.351000,0 days 01:10:57.278000,0 days 01:11:29.433000,116.0,148.0,263.0,216.0,False,SOFT,5.0,True,Williams,0 days 01:09:28.121000,,1,,False,,False,True
2023-06,FP2,0 days 01:12:43.988000,ALB,23,0 days 00:01:14.555000,6.0,1.0,,,0 days 00:00:19.687000,0 days 00:00:35.146000,0 days 00:00:19.722000,0 days 01:11:49.120000,0 days 01:12:24.266000,0 days 01:12:43.988000,209.0,194.0,266.0,280.0,False,SOFT,6.0,True,Williams,0 days 01:11:29.433000,,1,,False,,False,True
2023-06,FP2,0 days 01:14:28.883000,ALB,23,0 days 00:01:44.895000,7.0,1.0,,,0 days 00:00:27.108000,0 days 00:00:51.030000,0 days 00:00:26.757000,0 days 01:13:11.096000,0 days 01:14:02.126000,0 days 01:14:28.883000,106.0,122.0,269.0,260.0,False,SOFT,7.0,True,Williams,0 days 01:12:43.988000,,1,,False,,False,True
2023-06,FP2,0 days 01:15:43.100000,ALB,23,0 days 00:01:14.217000,8.0,1.0,,,0 days 00:00:19.525000,0 days 00:00:34.969000,0 days 00:00:19.723000,0 days 01:14:48.408000,0 days 01:15:23.377000,0 days 01:15:43.100000,213.0,193.0,268.0,281.0,True,SOFT,8.0,True,Williams,0 days 01:14:28.883000,,12,,False,,False,True
2023-06,FP2,0 days 01:18:16.068000,ALB,23,,9.0,1.0,,,0 days 00:00:32.028000,0 days 00:00:52.424000,0 days 00:01:08.419000,0 days 01:16:15.319000,0 days 01:17:07.725000,0 days 01:18:16.068000,115.0,95.0,156.0,182.0,False,SOFT,9.0,True,Williams,0 days 01:15:43.100000,,26,,False,,False,False
2023-06,FP2,0 days 01:19:50.723000,ALB,23,,10.0,1.0,,0 days 01:19:50.723000,0 days 00:00:28.468000,0 days 00:00:45.782000,,0 days 01:18:44.630000,0 days 01:19:30.411000,,116.0,158.0,,244.0,False,SOFT,10.0,True,Williams,0 days 01:18:16.068000,,6,,False,,False,False
2023-06,FP2,0 days 00:16:41.293000,ZHO,24,0 days 00:01:39.624000,1.0,1.0,0 days 00:15:02.470000,,0 days 00:00:29.404000,0 days 00:00:42.351000,0 days 00:00:27.869000,0 days 00:15:31.282000,0 days 00:16:13.610000,0 days 00:16:41.375000,138.0,172.0,262.0,253.0,False,MEDIUM,1.0,True,Alfa Romeo,0 days 00:15:02.470000,,1,,False,,False,False
2023-06,FP2,0 days 00:17:58.028000,ZHO,24,0 days 00:01:16.735000,2.0,1.0,,,0 days 00:00:20.122000,0 days 00:00:36.233000,0 days 00:00:20.380000,0 days 00:17:01.415000,0 days 00:17:37.648000,0 days 00:17:58.028000,204.0,191.0,266.0,278.0,True,MEDIUM,2.0,True,Alfa Romeo,0 days 00:16:41.293000,,1,,False,,False,True
2023-06,FP2,0 days 00:19:40.979000,ZHO,24,0 days 00:01:42.951000,3.0,1.0,,,0 days 00:00:28.233000,0 days 00:00:48.111000,0 days 00:00:26.607000,0 days 00:18:26.261000,0 days 00:19:14.372000,0 days 00:19:40.979000,104.0,158.0,264.0,250.0,False,MEDIUM,3.0,True,Alfa Romeo,0 days 00:17:58.028000,,1,,False,,False,True
2023-06,FP2,0 days 00:20:56.751000,ZHO,24,0 days 00:01:15.772000,4.0,1.0,,,0 days 00:00:19.882000,0 days 00:00:35.891000,0 days 00:00:19.999000,0 days 00:20:00.861000,0 days 00:20:36.752000,0 days 00:20:56.751000,204.0,195.0,266.0,279.0,True,MEDIUM,4.0,True,Alfa Romeo,0 days 00:19:40.979000,,1,,False,,False,True
2023-06,FP2,0 days 00:22:45.854000,ZHO,24,0 days 00:01:49.103000,5.0,1.0,,,0 days 00:00:26.839000,0 days 00:00:53.550000,0 days 00:00:28.714000,0 days 00:21:23.590000,0 days 00:22:17.140000,0 days 00:22:45.854000,137.0,101.0,265.0,244.0,False,MEDIUM,5.0,True,Alfa Romeo,0 days 00:20:56.751000,,1,,False,,False,True
2023-06,FP2,0 days 00:24:01.319000,ZHO,24,0 days 00:01:15.465000,6.0,1.0,,,0 days 00:00:19.827000,0 days 00:00:35.691000,0 days 00:00:19.947000,0 days 00:23:05.681000,0 days 00:23:41.372000,0 days 00:24:01.319000,210.0,197.0,266.0,278.0,True,MEDIUM,6.0,True,Alfa Romeo,0 days 00:22:45.854000,,1,,False,,False,True
2023-06,FP2,0 days 00:25:55.299000,ZHO,24,0 days 00:01:53.980000,7.0,1.0,,,0 days 00:00:27.723000,0 days 00:00:51.377000,0 days 00:00:34.880000,0 days 00:24:29.042000,0 days 00:25:20.419000,0 days 00:25:55.299000,134.0,135.0,264.0,239.0,False,MEDIUM,7.0,True,Alfa Romeo,0 days 00:24:01.319000,,1,,False,,False,True
2023-06,FP2,0 days 00:27:10.196000,ZHO,24,0 days 00:01:14.897000,8.0,1.0,,,0 days 00:00:19.648000,0 days 00:00:35.395000,0 days 00:00:19.854000,0 days 00:26:14.947000,0 days 00:26:50.342000,0 days 00:27:10.196000,211.0,197.0,265.0,278.0,True,MEDIUM,8.0,True,Alfa Romeo,0 days 00:25:55.299000,,1,,False,,False,True
2023-06,FP2,0 days 00:29:28.646000,ZHO,24,0 days 00:02:18.450000,9.0,1.0,,0 days 00:28:48.070000,0 days 00:00:26.881000,0 days 00:00:45.834000,0 days 00:01:05.735000,0 days 00:27:37.077000,0 days 00:28:22.911000,0 days 00:29:28.646000,126.0,170.0,,230.0,False,MEDIUM,9.0,True,Alfa Romeo,0 days 00:27:10.196000,,1,,False,,False,False
2023-06,FP2,0 days 00:37:14.366000,ZHO,24,,10.0,2.0,0 days 00:29:29.382000,0 days 00:31:03.069000,0 days 00:00:32.962000,0 days 00:00:45.211000,,0 days 00:30:01.851000,0 days 00:30:47.022000,,118.0,177.0,,210.0,False,MEDIUM,10.0,False,Alfa Romeo,0 days 00:29:28.646000,,1,,False,,False,False
2023-06,FP2,0 days 00:38:47.970000,ZHO,24,0 days 00:01:33.604000,11.0,3.0,0 days 00:37:15.064000,,0 days 00:00:27.551000,0 days 00:00:39.064000,0 days 00:00:26.989000,0 days 00:37:41.917000,0 days 00:38:20.981000,0 days 00:38:47.970000,158.0,179.0,267.0,260.0,False,SOFT,1.0,True,Alfa Romeo,0 days 00:37:14.366000,,1,,False,,False,False
2023-06,FP2,0 days 00:40:01.772000,ZHO,24,0 days 00:01:13.802000,12.0,3.0,,,0 days 00:00:19.337000,0 days 00:00:34.942000,0 days 00:00:19.523000,0 days 00:39:07.307000,0 days 00:39:42.249000,0 days 00:40:01.772000,215.0,199.0,268.0,279.0,True,SOFT,2.0,True,Alfa Romeo,0 days 00:38:47.970000,,1,,False,,False,True
2023-06,FP2,0 days 00:41:42.325000,ZHO,24,0 days 00:01:40.553000,13.0,3.0,,,0 days 00:00:27.316000,0 days 00:00:48.019000,0 days 00:00:25.218000,0 days 00:40:29.088000,0 days 00:41:17.107000,0 days 00:41:42.325000,145.0,147.0,269.0,246.0,False,SOFT,3.0,True,Alfa Romeo,0 days 00:40:01.772000,,12,,False,,False,True
2023-06,FP2,0 days 00:42:56.947000,ZHO,24,0 days 00:01:14.622000,14.0,3.0,,,0 days 00:00:19.313000,0 days 00:00:35.041000,0 days 00:00:20.268000,0 days 00:42:01.638000,0 days 00:42:36.679000,0 days 00:42:56.947000,216.0,198.0,269.0,279.0,False,SOFT,4.0,True,Alfa Romeo,0 days 00:41:42.325000,,1,,False,,False,True
2023-06,FP2,0 days 00:45:03.463000,ZHO,24,0 days 00:02:06.516000,15.0,3.0,,0 days 00:44:25.982000,0 days 00:00:27.640000,0 days 00:00:44.498000,0 days 00:00:54.378000,0 days 00:43:24.587000,0 days 00:44:09.085000,0 days 00:45:03.463000,111.0,142.0,,241.0,False,SOFT,5.0,True,Alfa Romeo,0 days 00:42:56.947000,,1,,False,,False,False
2023-06,FP2,0 days 00:46:39.748000,ZHO,24,0 days 00:01:36.285000,16.0,4.0,0 days 00:45:04.325000,,0 days 00:00:27.877000,0 days 00:00:43.424000,0 days 00:00:24.984000,0 days 00:45:31.340000,0 days 00:46:14.764000,0 days 00:46:39.748000,164.0,143.0,268.0,258.0,False,SOFT,6.0,False,Alfa Romeo,0 days 00:45:03.463000,,1,,False,,False,False
2023-06,FP2,0 days 00:47:53.288000,ZHO,24,0 days 00:01:13.540000,17.0,4.0,,,0 days 00:00:19.201000,0 days 00:00:34.715000,0 days 00:00:19.624000,0 days 00:46:58.949000,0 days 00:47:33.664000,0 days 00:47:53.288000,209.0,199.0,269.0,282.0,True,SOFT,7.0,False,Alfa Romeo,0 days 00:46:39.748000,,1,,False,,False,True
2023-06,FP2,0 days 00:49:58.957000,ZHO,24,0 days 00:02:05.669000,18.0,4.0,,0 days 00:49:33.197000,0 days 00:00:29.805000,0 days 00:00:49.477000,0 days 00:00:46.387000,0 days 00:48:23.093000,0 days 00:49:12.570000,0 days 00:49:58.957000,75.0,119.0,,205.0,False,SOFT,8.0,False,Alfa Romeo,0 days 00:47:53.288000,,1,,False,,False,False
2023-06,FP2,0 days 00:51:38.216000,ZHO,24,0 days 00:01:39.259000,19.0,5.0,0 days 00:49:59.650000,,0 days 00:00:28.831000,0 days 00:00:45.529000,0 days 00:00:24.899000,0 days 00:50:27.788000,0 days 00:51:13.317000,0 days 00:51:38.216000,157.0,135.0,269.0,257.0,False,SOFT,9.0,False,Alfa Romeo,0 days 00:49:58.957000,,1,,False,,False,False
2023-06,FP2,0 days 00:52:51.570000,ZHO,24,0 days 00:01:13.354000,20.0,5.0,,,0 days 00:00:19.116000,0 days 00:00:34.728000,0 days 00:00:19.510000,0 days 00:51:57.332000,0 days 00:52:32.060000,0 days 00:52:51.570000,217.0,201.0,268.0,280.0,True,SOFT,10.0,False,Alfa Romeo,0 days 00:51:38.216000,,1,,False,,False,True
2023-06,FP2,0 days 01:02:49.819000,ZHO,24,,21.0,5.0,,0 days 00:54:18.756000,0 days 00:00:23.171000,0 days 00:00:43.269000,,0 days 00:53:14.944000,0 days 00:53:58.194000,,171.0,110.0,,251.0,False,SOFT,11.0,False,Alfa Romeo,0 days 00:52:51.570000,,125,,False,,False,False
2023-06,FP2,0 days 01:04:19.123000,ZHO,24,0 days 00:01:29.304000,22.0,6.0,0 days 01:02:50.516000,,0 days 00:00:28.525000,0 days 00:00:38.860000,0 days 00:00:21.919000,0 days 01:03:18.344000,0 days 01:03:57.204000,0 days 01:04:19.123000,153.0,176.0,250.0,258.0,False,SOFT,12.0,False,Alfa Romeo,0 days 01:02:50.516000,,1,,False,,False,False
2023-06,FP2,0 days 01:05:35.629000,ZHO,24,0 days 00:01:16.506000,23.0,6.0,,,0 days 00:00:20.207000,0 days 00:00:35.869000,0 days 00:00:20.430000,0 days 01:04:39.330000,0 days 01:05:15.199000,0 days 01:05:35.629000,200.0,191.0,253.0,273.0,False,SOFT,13.0,False,Alfa Romeo,0 days 01:04:19.123000,,1,,False,,False,True
2023-06,FP2,0 days 01:07:10.199000,ZHO,24,0 days 00:01:34.570000,24.0,6.0,,0 days 01:06:45.451000,0 days 00:00:19.974000,0 days 00:00:35.789000,0 days 00:00:38.807000,0 days 01:05:55.603000,0 days 01:06:31.392000,0 days 01:07:10.199000,205.0,189.0,,274.0,False,SOFT,14.0,False,Alfa Romeo,0 days 01:05:35.629000,,1,,False,,False,False
2023-06,FP2,0 days 01:08:33.633000,ZHO,24,0 days 00:01:23.434000,25.0,7.0,0 days 01:07:10.841000,,0 days 00:00:25.833000,0 days 00:00:37.062000,0 days 00:00:20.539000,0 days 01:07:36.032000,0 days 01:08:13.094000,0 days 01:08:33.633000,185.0,188.0,253.0,273.0,False,MEDIUM,11.0,False,Alfa Romeo,0 days 01:07:10.199000,,1,,False,,False,False
2023-06,FP2,0 days 01:09:49.621000,ZHO,24,0 days 00:01:15.988000,26.0,7.0,,,0 days 00:00:19.875000,0 days 00:00:35.791000,0 days 00:00:20.322000,0 days 01:08:53.508000,0 days 01:09:29.299000,0 days 01:09:49.621000,205.0,191.0,255.0,274.0,False,MEDIUM,12.0,False,Alfa Romeo,0 days 01:08:33.633000,,1,,False,,False,True
2023-06,FP2,0 days 01:11:06.963000,ZHO,24,0 days 00:01:17.342000,27.0,7.0,,,0 days 00:00:20.261000,0 days 00:00:36.244000,0 days 00:00:20.837000,0 days 01:10:09.882000,0 days 01:10:46.126000,0 days 01:11:06.963000,202.0,188.0,255.0,277.0,False,MEDIUM,13.0,False,Alfa Romeo,0 days 01:09:49.621000,,1,,False,,False,True
2023-06,FP2,0 days 01:12:23.916000,ZHO,24,0 days 00:01:16.953000,28.0,7.0,,,0 days 00:00:20.088000,0 days 00:00:36.219000,0 days 00:00:20.646000,0 days 01:11:27.051000,0 days 01:12:03.270000,0 days 01:12:23.916000,202.0,187.0,255.0,276.0,False,MEDIUM,14.0,False,Alfa Romeo,0 days 01:11:06.963000,,1,,False,,False,True
2023-06,FP2,0 days 01:13:43.721000,ZHO,24,0 days 00:01:19.805000,29.0,7.0,,,0 days 00:00:20.102000,0 days 00:00:36.312000,0 days 00:00:23.391000,0 days 01:12:44.018000,0 days 01:13:20.330000,0 days 01:13:43.721000,201.0,187.0,253.0,277.0,False,MEDIUM,15.0,False,Alfa Romeo,0 days 01:12:23.916000,,1,,False,,False,True
2023-06,FP2,0 days 01:15:00.288000,ZHO,24,0 days 00:01:16.567000,30.0,7.0,,,0 days 00:00:20.038000,0 days 00:00:36.046000,0 days 00:00:20.483000,0 days 01:14:03.759000,0 days 01:14:39.805000,0 days 01:15:00.288000,208.0,192.0,255.0,275.0,False,MEDIUM,16.0,False,Alfa Romeo,0 days 01:13:43.721000,,1,,False,,False,True
2023-06,FP2,0 days 01:17:19.753000,ZHO,24,0 days 00:02:19.465000,31.0,7.0,,,0 days 00:00:28.286000,0 days 00:00:49.884000,0 days 00:01:01.295000,0 days 01:15:28.574000,0 days 01:16:18.458000,0 days 01:17:19.753000,130.0,146.0,8.0,215.0,False,MEDIUM,17.0,False,Alfa Romeo,0 days 01:15:00.288000,,126,,False,,False,False
2023-06,FP2,0 days 01:18:48.146000,ZHO,24,,32.0,7.0,,0 days 01:18:48.146000,0 days 00:00:23.865000,0 days 00:00:42.384000,,0 days 01:17:43.725000,0 days 01:18:26.130000,,177.0,155.0,,233.0,False,MEDIUM,18.0,False,Alfa Romeo,0 days 01:17:19.753000,,6,,False,,False,False
2023-06,FP2,0 days 00:16:12.657000,HUL,27,0 days 00:01:32.011000,1.0,1.0,0 days 00:14:41.298000,,0 days 00:00:27.708000,0 days 00:00:41.780000,0 days 00:00:22.523000,0 days 00:15:08.564000,0 days 00:15:50.329000,0 days 00:16:12.751000,156.0,167.0,258.0,254.0,False,MEDIUM,1.0,True,Haas F1 Team,0 days 00:14:41.298000,,1,,False,,False,False
2023-06,FP2,0 days 00:17:36.681000,HUL,27,0 days 00:01:24.024000,2.0,1.0,,,0 days 00:00:21.178000,0 days 00:00:37.298000,0 days 00:00:25.548000,0 days 00:16:33.835000,0 days 00:17:11.133000,0 days 00:17:36.681000,192.0,187.0,262.0,274.0,True,MEDIUM,2.0,True,Haas F1 Team,0 days 00:16:12.657000,,1,,False,,False,True
2023-06,FP2,0 days 00:18:53.338000,HUL,27,0 days 00:01:16.657000,3.0,1.0,,,0 days 00:00:20.234000,0 days 00:00:36.120000,0 days 00:00:20.303000,0 days 00:17:56.915000,0 days 00:18:33.035000,0 days 00:18:53.338000,203.0,189.0,266.0,277.0,True,MEDIUM,3.0,True,Haas F1 Team,0 days 00:17:36.681000,,1,,False,,False,True
2023-06,FP2,0 days 00:20:26.289000,HUL,27,0 days 00:01:32.951000,4.0,1.0,,,0 days 00:00:21.488000,0 days 00:00:39.483000,0 days 00:00:31.980000,0 days 00:19:14.826000,0 days 00:19:54.309000,0 days 00:20:26.289000,181.0,168.0,264.0,258.0,False,MEDIUM,4.0,True,Haas F1 Team,0 days 00:18:53.338000,,1,,False,,False,True
2023-06,FP2,0 days 00:21:41.995000,HUL,27,0 days 00:01:15.706000,5.0,1.0,,,0 days 00:00:19.936000,0 days 00:00:35.607000,0 days 00:00:20.163000,0 days 00:20:46.225000,0 days 00:21:21.832000,0 days 00:21:41.995000,203.0,193.0,267.0,278.0,True,MEDIUM,5.0,True,Haas F1 Team,0 days 00:20:26.289000,,1,,False,,False,True
2023-06,FP2,0 days 00:23:30.602000,HUL,27,0 days 00:01:48.607000,6.0,1.0,,,0 days 00:00:23.403000,0 days 00:00:53.355000,0 days 00:00:31.849000,0 days 00:22:05.398000,0 days 00:22:58.753000,0 days 00:23:30.602000,138.0,95.0,262.0,228.0,False,MEDIUM,6.0,True,Haas F1 Team,0 days 00:21:41.995000,,1,,False,,False,True
2023-06,FP2,0 days 00:24:46.018000,HUL,27,0 days 00:01:15.416000,7.0,1.0,,,0 days 00:00:19.946000,0 days 00:00:35.607000,0 days 00:00:19.863000,0 days 00:23:50.548000,0 days 00:24:26.155000,0 days 00:24:46.018000,203.0,194.0,264.0,276.0,True,MEDIUM,7.0,True,Haas F1 Team,0 days 00:23:30.602000,,1,,False,,False,True
2023-06,FP2,0 days 00:26:01.416000,HUL,27,0 days 00:01:15.398000,8.0,1.0,,,0 days 00:00:19.534000,0 days 00:00:35.741000,0 days 00:00:20.123000,0 days 00:25:05.552000,0 days 00:25:41.293000,0 days 00:26:01.416000,210.0,196.0,267.0,277.0,True,MEDIUM,8.0,True,Haas F1 Team,0 days 00:24:46.018000,,1,,False,,False,True
2023-06,FP2,0 days 00:27:52.044000,HUL,27,0 days 00:01:50.628000,9.0,1.0,,0 days 00:27:23.087000,0 days 00:00:25.617000,0 days 00:00:41.160000,0 days 00:00:43.851000,0 days 00:26:27.033000,0 days 00:27:08.193000,0 days 00:27:52.044000,92.0,177.0,,256.0,False,MEDIUM,9.0,True,Haas F1 Team,0 days 00:26:01.416000,,1,,False,,False,False
2023-06,FP2,0 days 00:29:28.794000,HUL,27,0 days 00:01:36.750000,10.0,2.0,0 days 00:27:52.743000,,0 days 00:00:25.042000,0 days 00:00:46.638000,0 days 00:00:25.070000,0 days 00:28:17.086000,0 days 00:29:03.724000,0 days 00:29:28.794000,167.0,139.0,262.0,202.0,False,MEDIUM,10.0,False,Haas F1 Team,0 days 00:27:52.044000,,1,,False,,False,False
2023-06,FP2,0 days 00:30:44.242000,HUL,27,0 days 00:01:15.448000,11.0,2.0,,,0 days 00:00:19.813000,0 days 00:00:35.704000,0 days 00:00:19.931000,0 days 00:29:48.607000,0 days 00:30:24.311000,0 days 00:30:44.242000,207.0,196.0,264.0,275.0,False,MEDIUM,11.0,False,Haas F1 Team,0 days 00:29:28.794000,,1,,False,,False,True
2023-06,FP2,0 days 00:32:05.640000,HUL,27,0 days 00:01:21.398000,12.0,2.0,,,0 days 00:00:19.456000,0 days 00:00:36.465000,0 days 00:00:25.477000,0 days 00:31:03.698000,0 days 00:31:40.163000,0 days 00:32:05.640000,210.0,140.0,263.0,276.0,False,MEDIUM,12.0,False,Haas F1 Team,0 days 00:30:44.242000,,1,,False,,False,True
2023-06,FP2,0 days 00:33:21.015000,HUL,27,0 days 00:01:15.375000,13.0,2.0,,,0 days 00:00:19.579000,0 days 00:00:35.828000,0 days 00:00:19.968000,0 days 00:32:25.219000,0 days 00:33:01.047000,0 days 00:33:21.015000,207.0,195.0,263.0,273.0,True,MEDIUM,13.0,False,Haas F1 Team,0 days 00:32:05.640000,,1,,False,,False,True
2023-06,FP2,0 days 00:34:36.519000,HUL,27,0 days 00:01:15.504000,14.0,2.0,,,0 days 00:00:19.556000,0 days 00:00:35.858000,0 days 00:00:20.090000,0 days 00:33:40.571000,0 days 00:34:16.429000,0 days 00:34:36.519000,209.0,193.0,264.0,274.0,False,MEDIUM,14.0,False,Haas F1 Team,0 days 00:33:21.015000,,1,,False,,False,True
2023-06,FP2,0 days 00:47:01.512000,HUL,27,,15.0,2.0,,0 days 00:35:55.050000,0 days 00:00:23.161000,0 days 00:00:39.951000,,0 days 00:34:59.863000,0 days 00:35:39.816000,,180.0,164.0,,255.0,False,MEDIUM,15.0,False,Haas F1 Team,0 days 00:34:36.519000,,12,,False,,False,False
2023-06,FP2,0 days 00:48:33.317000,HUL,27,0 days 00:01:31.805000,16.0,3.0,0 days 00:47:02.167000,,0 days 00:00:26.928000,0 days 00:00:39.223000,0 days 00:00:25.654000,0 days 00:47:28.440000,0 days 00:48:07.663000,0 days 00:48:33.317000,175.0,182.0,268.0,263.0,False,SOFT,1.0,True,Haas F1 Team,0 days 00:47:01.512000,,1,,False,,False,False
2023-06,FP2,0 days 00:49:46.837000,HUL,27,0 days 00:01:13.520000,17.0,3.0,,,0 days 00:00:19.197000,0 days 00:00:34.808000,0 days 00:00:19.515000,0 days 00:48:52.514000,0 days 00:49:27.322000,0 days 00:49:46.837000,215.0,196.0,271.0,281.0,True,SOFT,2.0,True,Haas F1 Team,0 days 00:48:33.317000,,1,,False,,False,True
2023-06,FP2,0 days 00:51:23.134000,HUL,27,0 days 00:01:36.297000,18.0,3.0,,,0 days 00:00:27.502000,0 days 00:00:45.121000,0 days 00:00:23.674000,0 days 00:50:14.339000,0 days 00:50:59.460000,0 days 00:51:23.134000,131.0,127.0,267.0,202.0,False,SOFT,3.0,True,Haas F1 Team,0 days 00:49:46.837000,,1,,False,,False,True
2023-06,FP2,0 days 00:52:37.237000,HUL,27,0 days 00:01:14.103000,19.0,3.0,,,0 days 00:00:19.293000,0 days 00:00:35.096000,0 days 00:00:19.714000,0 days 00:51:42.427000,0 days 00:52:17.523000,0 days 00:52:37.237000,213.0,190.0,269.0,281.0,False,SOFT,4.0,True,Haas F1 Team,0 days 00:51:23.134000,,1,,False,,False,True
2023-06,FP2,0 days 00:54:23.296000,HUL,27,0 days 00:01:46.059000,20.0,3.0,,,0 days 00:00:25.999000,0 days 00:00:52.486000,0 days 00:00:27.574000,0 days 00:53:03.236000,0 days 00:53:55.722000,0 days 00:54:23.296000,142.0,111.0,263.0,161.0,False,SOFT,5.0,True,Haas F1 Team,0 days 00:52:37.237000,,1,,False,,False,True
2023-06,FP2,0 days 00:55:54.960000,HUL,27,0 days 00:01:31.664000,21.0,3.0,,,0 days 00:00:23.423000,0 days 00:00:46.072000,0 days 00:00:22.169000,0 days 00:54:46.719000,0 days 00:55:32.791000,0 days 00:55:54.960000,136.0,161.0,264.0,223.0,False,SOFT,6.0,True,Haas F1 Team,0 days 00:54:23.296000,,1,,False,,False,True
2023-06,FP2,0 days 01:03:06.745000,HUL,27,,22.0,3.0,,0 days 00:57:05.848000,0 days 00:00:19.415000,0 days 00:00:36.461000,,0 days 00:56:14.520000,0 days 00:56:50.973000,,209.0,166.0,,261.0,False,SOFT,7.0,True,Haas F1 Team,0 days 00:55:54.960000,,125,,False,,False,False
2023-06,FP2,0 days 01:04:36.712000,HUL,27,0 days 00:01:29.967000,23.0,4.0,0 days 01:03:07.578000,,0 days 00:00:29.932000,0 days 00:00:38.775000,0 days 00:00:21.260000,0 days 01:03:36.677000,0 days 01:04:15.452000,0 days 01:04:36.712000,167.0,182.0,253.0,275.0,False,SOFT,8.0,False,Haas F1 Team,0 days 01:03:07.578000,,1,,False,,False,False
2023-06,FP2,0 days 01:05:53.720000,HUL,27,0 days 00:01:17.008000,24.0,4.0,,,0 days 00:00:20.465000,0 days 00:00:36.150000,0 days 00:00:20.393000,0 days 01:04:57.177000,0 days 01:05:33.327000,0 days 01:05:53.720000,202.0,188.0,254.0,276.0,False,SOFT,9.0,False,Haas F1 Team,0 days 01:04:36.712000,,1,,False,,False,True
2023-06,FP2,0 days 01:07:10.327000,HUL,27,0 days 00:01:16.607000,25.0,4.0,,,0 days 00:00:20.049000,0 days 00:00:36.219000,0 days 00:00:20.339000,0 days 01:06:13.769000,0 days 01:06:49.988000,0 days 01:07:10.327000,203.0,187.0,255.0,276.0,False,SOFT,10.0,False,Haas F1 Team,0 days 01:05:53.720000,,1,,False,,False,True
2023-06,FP2,0 days 01:08:26.993000,HUL,27,0 days 00:01:16.666000,26.0,4.0,,,0 days 00:00:20.038000,0 days 00:00:36.169000,0 days 00:00:20.459000,0 days 01:07:30.365000,0 days 01:08:06.534000,0 days 01:08:26.993000,206.0,186.0,256.0,277.0,False,SOFT,11.0,False,Haas F1 Team,0 days 01:07:10.327000,,1,,False,,False,True
2023-06,FP2,0 days 01:09:46.372000,HUL,27,0 days 00:01:19.379000,27.0,4.0,,,0 days 00:00:20.438000,0 days 00:00:36.789000,0 days 00:00:22.152000,0 days 01:08:47.431000,0 days 01:09:24.220000,0 days 01:09:46.372000,199.0,168.0,254.0,277.0,False,SOFT,12.0,False,Haas F1 Team,0 days 01:08:26.993000,,1,,False,,False,True
2023-06,FP2,0 days 01:11:03.695000,HUL,27,0 days 00:01:17.323000,28.0,4.0,,,0 days 00:00:20.374000,0 days 00:00:36.323000,0 days 00:00:20.626000,0 days 01:10:06.746000,0 days 01:10:43.069000,0 days 01:11:03.695000,199.0,185.0,254.0,275.0,False,SOFT,13.0,False,Haas F1 Team,0 days 01:09:46.372000,,1,,False,,False,True
2023-06,FP2,0 days 01:12:20.985000,HUL,27,0 days 00:01:17.290000,29.0,4.0,,,0 days 00:00:20.259000,0 days 00:00:36.432000,0 days 00:00:20.599000,0 days 01:11:23.954000,0 days 01:12:00.386000,0 days 01:12:20.985000,201.0,186.0,253.0,275.0,False,SOFT,14.0,False,Haas F1 Team,0 days 01:11:03.695000,,1,,False,,False,True
2023-06,FP2,0 days 01:13:38.667000,HUL,27,0 days 00:01:17.682000,30.0,4.0,,,0 days 00:00:20.244000,0 days 00:00:36.769000,0 days 00:00:20.669000,0 days 01:12:41.229000,0 days 01:13:17.998000,0 days 01:13:38.667000,201.0,184.0,253.0,275.0,False,SOFT,15.0,False,Haas F1 Team,0 days 01:12:20.985000,,1,,False,,False,True
2023-06,FP2,0 days 01:14:56.398000,HUL,27,0 days 00:01:17.731000,31.0,4.0,,,0 days 00:00:20.415000,0 days 00:00:36.683000,0 days 00:00:20.633000,0 days 01:13:59.082000,0 days 01:14:35.765000,0 days 01:14:56.398000,200.0,186.0,255.0,274.0,False,SOFT,16.0,False,Haas F1 Team,0 days 01:13:38.667000,,1,,False,,False,True
2023-06,FP2,0 days 01:17:09.991000,HUL,27,0 days 00:02:13.593000,32.0,4.0,,,0 days 00:00:22.185000,0 days 00:00:45.880000,0 days 00:01:05.528000,0 days 01:15:18.583000,0 days 01:16:04.463000,0 days 01:17:09.991000,166.0,113.0,65.0,246.0,False,SOFT,17.0,False,Haas F1 Team,0 days 01:14:56.398000,,126,,False,,False,False
2023-06,FP2,0 days 01:18:40.427000,HUL,27,,33.0,4.0,,0 days 01:18:40.427000,0 days 00:00:26.447000,0 days 00:00:42.810000,,0 days 01:17:36.569000,0 days 01:18:19.396000,,125.0,129.0,,247.0,False,SOFT,18.0,False,Haas F1 Team,0 days 01:17:09.991000,,6,,False,,False,False
2023-06,FP2,0 days 00:16:33.006000,OCO,31,0 days 00:01:42.134000,1.0,1.0,0 days 00:14:51.892000,,0 days 00:00:29.407000,0 days 00:00:39.608000,0 days 00:00:33.119000,0 days 00:15:20.470000,0 days 00:16:00.094000,0 days 00:16:33.125000,161.0,169.0,258.0,267.0,False,MEDIUM,1.0,True,Alpine,0 days 00:14:51.892000,,1,,False,,False,False
2023-06,FP2,0 days 00:17:50.235000,OCO,31,0 days 00:01:17.229000,2.0,1.0,,,0 days 00:00:20.750000,0 days 00:00:36.141000,0 days 00:00:20.338000,0 days 00:16:53.756000,0 days 00:17:29.897000,0 days 00:17:50.235000,192.0,190.0,263.0,275.0,True,MEDIUM,2.0,True,Alpine,0 days 00:16:33.006000,,1,,False,,False,True
2023-06,FP2,0 days 00:19:30.923000,OCO,31,0 days 00:01:40.688000,3.0,1.0,,,0 days 00:00:25.989000,0 days 00:00:46.903000,0 days 00:00:27.796000,0 days 00:18:16.224000,0 days 00:19:03.127000,0 days 00:19:30.923000,73.0,138.0,261.0,220.0,False,MEDIUM,3.0,True,Alpine,0 days 00:17:50.235000,,1,,False,,False,True
2023-06,FP2,0 days 00:20:46.326000,OCO,31,0 days 00:01:15.403000,4.0,1.0,,,0 days 00:00:20,0 days 00:00:35.515000,0 days 00:00:19.888000,0 days 00:19:50.923000,0 days 00:20:26.438000,0 days 00:20:46.326000,203.0,191.0,262.0,276.0,True,MEDIUM,4.0,True,Alpine,0 days 00:19:30.923000,,1,,False,,False,True
2023-06,FP2,0 days 00:22:34.610000,OCO,31,0 days 00:01:48.284000,5.0,1.0,,,0 days 00:00:28.148000,0 days 00:00:52.510000,0 days 00:00:27.626000,0 days 00:21:14.474000,0 days 00:22:06.984000,0 days 00:22:34.610000,58.0,85.0,264.0,260.0,False,MEDIUM,5.0,True,Alpine,0 days 00:20:46.326000,,1,,False,,False,True
2023-06,FP2,0 days 00:23:49.222000,OCO,31,0 days 00:01:14.612000,6.0,1.0,,,0 days 00:00:19.625000,0 days 00:00:35.174000,0 days 00:00:19.813000,0 days 00:22:54.235000,0 days 00:23:29.409000,0 days 00:23:49.222000,208.0,193.0,264.0,278.0,True,MEDIUM,6.0,True,Alpine,0 days 00:22:34.610000,,1,,False,,False,True
2023-06,FP2,0 days 00:25:37.334000,OCO,31,0 days 00:01:48.112000,7.0,1.0,,,0 days 00:00:30.713000,0 days 00:00:46.282000,0 days 00:00:31.117000,0 days 00:24:19.935000,0 days 00:25:06.217000,0 days 00:25:37.334000,62.0,121.0,262.0,221.0,False,MEDIUM,7.0,True,Alpine,0 days 00:23:49.222000,,1,,False,,False,True
2023-06,FP2,0 days 00:26:51.358000,OCO,31,0 days 00:01:14.024000,8.0,1.0,,,0 days 00:00:19.579000,0 days 00:00:34.870000,0 days 00:00:19.575000,0 days 00:25:56.913000,0 days 00:26:31.783000,0 days 00:26:51.358000,209.0,197.0,265.0,277.0,True,MEDIUM,8.0,True,Alpine,0 days 00:25:37.334000,,1,,False,,False,True
2023-06,FP2,0 days 00:38:26.545000,OCO,31,,9.0,1.0,,0 days 00:28:32.367000,0 days 00:00:22.846000,0 days 00:00:49.312000,,0 days 00:27:14.384000,0 days 00:28:03.743000,,144.0,105.0,,198.0,False,MEDIUM,9.0,True,Alpine,0 days 00:26:51.358000,,1,,False,,False,False
2023-06,FP2,0 days 00:39:54.322000,OCO,31,0 days 00:01:27.777000,10.0,2.0,0 days 00:38:27.220000,,0 days 00:00:26.314000,0 days 00:00:39.107000,0 days 00:00:22.356000,0 days 00:38:52.859000,0 days 00:39:31.966000,0 days 00:39:54.322000,170.0,170.0,266.0,272.0,False,SOFT,1.0,True,Alpine,0 days 00:38:26.545000,,1,,False,,False,False
2023-06,FP2,0 days 00:41:07.484000,OCO,31,0 days 00:01:13.162000,11.0,2.0,,,0 days 00:00:19.217000,0 days 00:00:34.537000,0 days 00:00:19.408000,0 days 00:40:13.539000,0 days 00:40:48.076000,0 days 00:41:07.484000,211.0,197.0,269.0,279.0,True,SOFT,2.0,True,Alpine,0 days 00:39:54.322000,,1,,False,,False,True
2023-06,FP2,0 days 00:42:48.918000,OCO,31,0 days 00:01:41.434000,12.0,2.0,,,0 days 00:00:28.962000,0 days 00:00:47.246000,0 days 00:00:25.226000,0 days 00:41:36.446000,0 days 00:42:23.692000,0 days 00:42:48.918000,128.0,132.0,264.0,196.0,False,SOFT,3.0,True,Alpine,0 days 00:41:07.484000,,12,,False,,False,True
2023-06,FP2,0 days 00:44:02.445000,OCO,31,0 days 00:01:13.527000,13.0,2.0,,,0 days 00:00:19.311000,0 days 00:00:34.569000,0 days 00:00:19.647000,0 days 00:43:08.229000,0 days 00:43:42.798000,0 days 00:44:02.445000,211.0,197.0,265.0,277.0,False,SOFT,4.0,True,Alpine,0 days 00:42:48.918000,,1,,False,,False,True
2023-06,FP2,0 days 00:45:56.022000,OCO,31,0 days 00:01:53.577000,14.0,2.0,,,0 days 00:00:31.577000,0 days 00:00:49.339000,0 days 00:00:32.661000,0 days 00:44:34.022000,0 days 00:45:23.361000,0 days 00:45:56.022000,93.0,127.0,242.0,168.0,False,SOFT,5.0,True,Alpine,0 days 00:44:02.445000,,1,,False,,False,True
2023-06,FP2,0 days 00:47:37.727000,OCO,31,0 days 00:01:41.705000,15.0,2.0,,,0 days 00:00:26.827000,0 days 00:00:45.683000,0 days 00:00:29.195000,0 days 00:46:22.849000,0 days 00:47:08.532000,0 days 00:47:37.727000,55.0,103.0,264.0,250.0,False,SOFT,6.0,True,Alpine,0 days 00:45:56.022000,,1,,False,,False,True
2023-06,FP2,0 days 00:48:51.413000,OCO,31,0 days 00:01:13.686000,16.0,2.0,,,0 days 00:00:19.204000,0 days 00:00:34.683000,0 days 00:00:19.799000,0 days 00:47:56.931000,0 days 00:48:31.614000,0 days 00:48:51.413000,214.0,197.0,264.0,278.0,False,SOFT,7.0,True,Alpine,0 days 00:47:37.727000,,1,,False,,False,True
2023-06,FP2,0 days 00:50:45.960000,OCO,31,0 days 00:01:54.547000,17.0,2.0,,,0 days 00:00:29.194000,0 days 00:00:54.785000,0 days 00:00:30.568000,0 days 00:49:20.607000,0 days 00:50:15.392000,0 days 00:50:45.960000,106.0,154.0,255.0,220.0,False,SOFT,8.0,True,Alpine,0 days 00:48:51.413000,,1,,False,,False,True
2023-06,FP2,0 days 00:51:59.359000,OCO,31,0 days 00:01:13.399000,18.0,2.0,,,0 days 00:00:19.333000,0 days 00:00:34.612000,0 days 00:00:19.454000,0 days 00:51:05.293000,0 days 00:51:39.905000,0 days 00:51:59.359000,214.0,198.0,265.0,276.0,False,SOFT,9.0,True,Alpine,0 days 00:50:45.960000,,1,,False,,False,True
2023-06,FP2,0 days 01:02:56.160000,OCO,31,,19.0,2.0,,0 days 00:53:20.085000,0 days 00:00:24.853000,0 days 00:00:38.713000,,0 days 00:52:24.367000,0 days 00:53:03.101000,,167.0,175.0,,254.0,False,SOFT,10.0,True,Alpine,0 days 00:51:59.359000,,125,,False,,False,False
2023-06,FP2,0 days 01:04:26.398000,OCO,31,0 days 00:01:30.238000,20.0,3.0,0 days 01:02:57.032000,,0 days 00:00:30.998000,0 days 00:00:38.111000,0 days 00:00:21.129000,0 days 01:03:27.158000,0 days 01:04:05.269000,0 days 01:04:26.398000,167.0,182.0,251.0,272.0,False,MEDIUM,10.0,False,Alpine,0 days 01:02:57.032000,,1,,False,,False,False
2023-06,FP2,0 days 01:05:42.853000,OCO,31,0 days 00:01:16.455000,21.0,3.0,,,0 days 00:00:20.346000,0 days 00:00:35.816000,0 days 00:00:20.293000,0 days 01:04:46.744000,0 days 01:05:22.560000,0 days 01:05:42.853000,192.0,187.0,253.0,274.0,False,MEDIUM,11.0,False,Alpine,0 days 01:04:26.398000,,1,,False,,False,True
2023-06,FP2,0 days 01:06:58.713000,OCO,31,0 days 00:01:15.860000,22.0,3.0,,,0 days 00:00:20.075000,0 days 00:00:35.612000,0 days 00:00:20.173000,0 days 01:06:02.928000,0 days 01:06:38.540000,0 days 01:06:58.713000,199.0,190.0,252.0,274.0,False,MEDIUM,12.0,False,Alpine,0 days 01:05:42.853000,,1,,False,,False,True
2023-06,FP2,0 days 01:08:14.989000,OCO,31,0 days 00:01:16.276000,23.0,3.0,,,0 days 00:00:20.078000,0 days 00:00:35.853000,0 days 00:00:20.345000,0 days 01:07:18.791000,0 days 01:07:54.644000,0 days 01:08:14.989000,199.0,187.0,254.0,274.0,False,MEDIUM,13.0,False,Alpine,0 days 01:06:58.713000,,1,,False,,False,True
2023-06,FP2,0 days 01:09:31.385000,OCO,31,0 days 00:01:16.396000,24.0,3.0,,,0 days 00:00:20.256000,0 days 00:00:35.853000,0 days 00:00:20.287000,0 days 01:08:35.245000,0 days 01:09:11.098000,0 days 01:09:31.385000,194.0,191.0,254.0,275.0,False,MEDIUM,14.0,False,Alpine,0 days 01:08:14.989000,,1,,False,,False,True
2023-06,FP2,0 days 01:10:47.735000,OCO,31,0 days 00:01:16.350000,25.0,3.0,,,0 days 00:00:20.027000,0 days 00:00:36.003000,0 days 00:00:20.320000,0 days 01:09:51.412000,0 days 01:10:27.415000,0 days 01:10:47.735000,202.0,188.0,253.0,273.0,False,MEDIUM,15.0,False,Alpine,0 days 01:09:31.385000,,1,,False,,False,True
2023-06,FP2,0 days 01:12:03.891000,OCO,31,0 days 00:01:16.156000,26.0,3.0,,,0 days 00:00:19.995000,0 days 00:00:35.840000,0 days 00:00:20.321000,0 days 01:11:07.730000,0 days 01:11:43.570000,0 days 01:12:03.891000,203.0,190.0,253.0,274.0,False,MEDIUM,16.0,False,Alpine,0 days 01:10:47.735000,,1,,False,,False,True
2023-06,FP2,0 days 01:13:24.166000,OCO,31,0 days 00:01:20.275000,27.0,3.0,,,0 days 00:00:20.071000,0 days 00:00:36.168000,0 days 00:00:24.036000,0 days 01:12:23.962000,0 days 01:13:00.130000,0 days 01:13:24.166000,200.0,188.0,252.0,274.0,False,MEDIUM,17.0,False,Alpine,0 days 01:12:03.891000,,1,,False,,False,True
2023-06,FP2,0 days 01:14:40.852000,OCO,31,0 days 00:01:16.686000,28.0,3.0,,,0 days 00:00:20.153000,0 days 00:00:36.122000,0 days 00:00:20.411000,0 days 01:13:44.319000,0 days 01:14:20.441000,0 days 01:14:40.852000,198.0,188.0,254.0,272.0,False,MEDIUM,18.0,False,Alpine,0 days 01:13:24.166000,,1,,False,,False,True
2023-06,FP2,0 days 01:16:55.238000,OCO,31,0 days 00:02:14.386000,29.0,3.0,,,0 days 00:00:26.599000,0 days 00:00:44.349000,0 days 00:01:03.438000,0 days 01:15:07.451000,0 days 01:15:51.800000,0 days 01:16:55.238000,122.0,79.0,4.0,195.0,False,MEDIUM,19.0,False,Alpine,0 days 01:14:40.852000,,126,,False,,False,False
2023-06,FP2,0 days 01:18:24.037000,OCO,31,,30.0,3.0,,0 days 01:18:24.037000,0 days 00:00:25.498000,0 days 00:00:42.574000,,0 days 01:17:20.850000,0 days 01:18:03.428000,,149.0,129.0,,199.0,False,MEDIUM,20.0,False,Alpine,0 days 01:16:55.238000,,6,,False,,False,False
2023-06,FP2,0 days 00:17:05.891000,HAM,44,0 days 00:01:30.995000,1.0,1.0,0 days 00:15:36.313000,,0 days 00:00:26.899000,0 days 00:00:39.693000,0 days 00:00:24.403000,0 days 00:16:01.969000,0 days 00:16:41.688000,0 days 00:17:06,164.0,177.0,265.0,265.0,False,MEDIUM,1.0,True,Mercedes,0 days 00:15:36.313000,,1,,False,,False,False
2023-06,FP2,0 days 00:18:21.626000,HAM,44,0 days 00:01:15.735000,2.0,1.0,,,0 days 00:00:20.081000,0 days 00:00:35.849000,0 days 00:00:19.805000,0 days 00:17:25.972000,0 days 00:18:01.821000,0 days 00:18:21.626000,201.0,189.0,265.0,276.0,True,MEDIUM,2.0,True,Mercedes,0 days 00:17:05.891000,,1,,False,,False,True
2023-06,FP2,0 days 00:20:03.584000,HAM,44,0 days 00:01:41.958000,3.0,1.0,,,0 days 00:00:26.891000,0 days 00:00:47.577000,0 days 00:00:27.490000,0 days 00:18:48.517000,0 days 00:19:36.094000,0 days 00:20:03.584000,150.0,179.0,266.0,182.0,False,MEDIUM,3.0,True,Mercedes,0 days 00:18:21.626000,,1,,False,,False,True
2023-06,FP2,0 days 00:21:18.199000,HAM,44,0 days 00:01:14.615000,4.0,1.0,,,0 days 00:00:19.519000,0 days 00:00:35.339000,0 days 00:00:19.757000,0 days 00:20:23.103000,0 days 00:20:58.442000,0 days 00:21:18.199000,212.0,196.0,266.0,278.0,True,MEDIUM,4.0,True,Mercedes,0 days 00:20:03.584000,,1,,False,,False,True
2023-06,FP2,0 days 00:23:07.011000,HAM,44,0 days 00:01:48.812000,5.0,1.0,,,0 days 00:00:27.531000,0 days 00:00:47.234000,0 days 00:00:34.047000,0 days 00:21:45.730000,0 days 00:22:32.964000,0 days 00:23:07.011000,138.0,150.0,266.0,206.0,False,MEDIUM,5.0,True,Mercedes,0 days 00:21:18.199000,,1,,False,,False,True
2023-06,FP2,0 days 00:24:20.995000,HAM,44,0 days 00:01:13.984000,6.0,1.0,,,0 days 00:00:19.346000,0 days 00:00:35.005000,0 days 00:00:19.633000,0 days 00:23:26.357000,0 days 00:24:01.362000,0 days 00:24:20.995000,211.0,198.0,265.0,278.0,True,MEDIUM,6.0,True,Mercedes,0 days 00:23:07.011000,,1,,False,,False,True
2023-06,FP2,0 days 00:26:28.805000,HAM,44,0 days 00:02:07.810000,7.0,1.0,,,0 days 00:00:29.845000,0 days 00:00:59.882000,0 days 00:00:38.083000,0 days 00:24:50.840000,0 days 00:25:50.722000,0 days 00:26:28.805000,89.0,101.0,265.0,157.0,False,MEDIUM,7.0,True,Mercedes,0 days 00:24:20.995000,,1,,False,,False,True
2023-06,FP2,0 days 00:28:03.981000,HAM,44,0 days 00:01:35.176000,8.0,1.0,,,0 days 00:00:19.364000,0 days 00:00:45.774000,0 days 00:00:30.038000,0 days 00:26:48.169000,0 days 00:27:33.943000,0 days 00:28:03.981000,213.0,62.0,266.0,203.0,False,MEDIUM,8.0,True,Mercedes,0 days 00:26:28.805000,,1,,False,,False,True
2023-06,FP2,0 days 00:39:27.499000,HAM,44,,9.0,1.0,,0 days 00:29:16.851000,0 days 00:00:19.457000,0 days 00:00:38.771000,,0 days 00:28:23.649000,0 days 00:29:02.398000,,216.0,174.0,,254.0,False,MEDIUM,9.0,True,Mercedes,0 days 00:28:03.981000,,1,,False,,False,False
2023-06,FP2,0 days 00:40:52.888000,HAM,44,0 days 00:01:25.389000,10.0,2.0,0 days 00:39:28.204000,,0 days 00:00:25.758000,0 days 00:00:38.433000,0 days 00:00:21.198000,0 days 00:39:53.257000,0 days 00:40:31.690000,0 days 00:40:52.888000,162.0,185.0,267.0,266.0,False,SOFT,1.0,True,Mercedes,0 days 00:39:27.499000,,1,,False,,False,False
2023-06,FP2,0 days 00:42:06.093000,HAM,44,0 days 00:01:13.205000,11.0,2.0,,,0 days 00:00:19.048000,0 days 00:00:34.687000,0 days 00:00:19.470000,0 days 00:41:11.936000,0 days 00:41:46.623000,0 days 00:42:06.093000,218.0,199.0,266.0,275.0,True,SOFT,2.0,True,Mercedes,0 days 00:40:52.888000,,12,,False,,False,True
2023-06,FP2,0 days 00:43:55.835000,HAM,44,0 days 00:01:49.742000,12.0,2.0,,,0 days 00:00:34.276000,0 days 00:00:49.807000,0 days 00:00:25.659000,0 days 00:42:40.369000,0 days 00:43:30.176000,0 days 00:43:55.835000,69.0,109.0,267.0,210.0,False,SOFT,3.0,True,Mercedes,0 days 00:42:06.093000,,1,,False,,False,True
2023-06,FP2,0 days 00:45:44.618000,HAM,44,0 days 00:01:48.783000,13.0,2.0,,,0 days 00:00:24.757000,0 days 00:00:54.122000,0 days 00:00:29.904000,0 days 00:44:20.592000,0 days 00:45:14.714000,0 days 00:45:44.618000,80.0,117.0,267.0,157.0,False,SOFT,4.0,True,Mercedes,0 days 00:43:55.835000,,1,,False,,False,True
2023-06,FP2,0 days 00:46:57.617000,HAM,44,0 days 00:01:12.999000,14.0,2.0,,,0 days 00:00:19.112000,0 days 00:00:34.550000,0 days 00:00:19.337000,0 days 00:46:03.730000,0 days 00:46:38.280000,0 days 00:46:57.617000,217.0,197.0,270.0,280.0,True,SOFT,5.0,True,Mercedes,0 days 00:45:44.618000,,1,,False,,False,True
2023-06,FP2,0 days 00:49:07.198000,HAM,44,0 days 00:02:09.581000,15.0,2.0,,,0 days 00:00:31.424000,0 days 00:01:00.265000,0 days 00:00:37.892000,0 days 00:47:29.041000,0 days 00:48:29.306000,0 days 00:49:07.198000,102.0,94.0,125.0,134.0,False,SOFT,6.0,True,Mercedes,0 days 00:46:57.617000,,1,,False,,False,True
2023-06,FP2,0 days 00:50:54.958000,HAM,44,0 days 00:01:47.760000,16.0,2.0,,,0 days 00:00:36.578000,0 days 00:00:46.508000,0 days 00:00:24.674000,0 days 00:49:43.776000,0 days 00:50:30.284000,0 days 00:50:54.958000,95.0,175.0,266.0,254.0,False,SOFT,7.0,True,Mercedes,0 days 00:49:07.198000,,1,,False,,False,True
2023-06,FP2,0 days 00:52:25.657000,HAM,44,0 days 00:01:30.699000,17.0,2.0,,,0 days 00:00:22.184000,0 days 00:00:45.189000,0 days 00:00:23.326000,0 days 00:51:17.142000,0 days 00:52:02.331000,0 days 00:52:25.657000,155.0,148.0,267.0,265.0,False,SOFT,8.0,True,Mercedes,0 days 00:50:54.958000,,1,,False,,False,True
2023-06,FP2,0 days 00:53:38.617000,HAM,44,0 days 00:01:12.960000,18.0,2.0,,,0 days 00:00:19.077000,0 days 00:00:34.630000,0 days 00:00:19.253000,0 days 00:52:44.734000,0 days 00:53:19.364000,0 days 00:53:38.617000,217.0,200.0,267.0,277.0,True,SOFT,9.0,True,Mercedes,0 days 00:52:25.657000,,1,,False,,False,True
2023-06,FP2,0 days 00:55:41,HAM,44,0 days 00:02:02.383000,19.0,2.0,,,0 days 00:00:25.262000,0 days 00:01:04.309000,0 days 00:00:32.812000,0 days 00:54:03.879000,0 days 00:55:08.188000,0 days 00:55:41,131.0,66.0,265.0,130.0,False,SOFT,10.0,True,Mercedes,0 days 00:53:38.617000,,1,,False,,False,True
2023-06,FP2,0 days 01:05:48.851000,HAM,44,,20.0,2.0,,0 days 00:56:50.301000,0 days 00:00:19.174000,0 days 00:00:36.252000,,0 days 00:56:00.396000,0 days 00:56:36.614000,,217.0,187.0,,258.0,False,SOFT,11.0,True,Mercedes,0 days 00:55:41,,125,,False,,False,False
2023-06,FP2,0 days 01:07:18.872000,HAM,44,0 days 00:01:30.021000,21.0,3.0,0 days 01:05:49.451000,,0 days 00:00:29.111000,0 days 00:00:39.585000,0 days 00:00:21.325000,0 days 01:06:17.962000,0 days 01:06:57.547000,0 days 01:07:18.872000,127.0,182.0,251.0,272.0,False,MEDIUM,10.0,False,Mercedes,0 days 01:05:49.451000,,1,,False,,False,False
2023-06,FP2,0 days 01:08:36.034000,HAM,44,0 days 00:01:17.162000,22.0,3.0,,,0 days 00:00:20.170000,0 days 00:00:36.471000,0 days 00:00:20.521000,0 days 01:07:39.042000,0 days 01:08:15.513000,0 days 01:08:36.034000,204.0,188.0,254.0,275.0,False,MEDIUM,11.0,False,Mercedes,0 days 01:07:18.872000,,1,,False,,False,True
2023-06,FP2,0 days 01:09:52.433000,HAM,44,0 days 00:01:16.399000,23.0,3.0,,,0 days 00:00:20.067000,0 days 00:00:36.006000,0 days 00:00:20.326000,0 days 01:08:56.101000,0 days 01:09:32.107000,0 days 01:09:52.433000,206.0,192.0,254.0,275.0,False,MEDIUM,12.0,False,Mercedes,0 days 01:08:36.034000,,1,,False,,False,True
2023-06,FP2,0 days 01:11:08.934000,HAM,44,0 days 00:01:16.501000,24.0,3.0,,,0 days 00:00:19.976000,0 days 00:00:36.201000,0 days 00:00:20.324000,0 days 01:10:12.409000,0 days 01:10:48.610000,0 days 01:11:08.934000,205.0,191.0,254.0,276.0,False,MEDIUM,13.0,False,Mercedes,0 days 01:09:52.433000,,1,,False,,False,True
2023-06,FP2,0 days 01:12:28.815000,HAM,44,0 days 00:01:19.881000,25.0,3.0,,,0 days 00:00:20.324000,0 days 00:00:36.745000,0 days 00:00:22.812000,0 days 01:11:29.258000,0 days 01:12:06.003000,0 days 01:12:28.815000,200.0,188.0,253.0,276.0,False,MEDIUM,14.0,False,Mercedes,0 days 01:11:08.934000,,1,,False,,False,True
2023-06,FP2,0 days 01:13:45.401000,HAM,44,0 days 00:01:16.586000,26.0,3.0,,,0 days 00:00:20.019000,0 days 00:00:36.268000,0 days 00:00:20.299000,0 days 01:12:48.834000,0 days 01:13:25.102000,0 days 01:13:45.401000,207.0,188.0,254.0,275.0,False,MEDIUM,15.0,False,Mercedes,0 days 01:12:28.815000,,1,,False,,False,True
2023-06,FP2,0 days 01:15:02.523000,HAM,44,0 days 00:01:17.122000,27.0,3.0,,,0 days 00:00:20.176000,0 days 00:00:36.441000,0 days 00:00:20.505000,0 days 01:14:05.577000,0 days 01:14:42.018000,0 days 01:15:02.523000,204.0,192.0,254.0,276.0,False,MEDIUM,16.0,False,Mercedes,0 days 01:13:45.401000,,1,,False,,False,True
2023-06,FP2,0 days 01:17:33.256000,HAM,44,,28.0,3.0,,,0 days 00:00:32.747000,0 days 00:00:52.359000,0 days 00:01:05.656000,0 days 01:15:35.414000,0 days 01:16:27.725000,0 days 01:17:33.256000,104.0,129.0,4.0,199.0,False,MEDIUM,17.0,False,Mercedes,0 days 01:15:02.523000,,126,,False,,False,False
2023-06,FP2,0 days 01:19:21.958000,HAM,44,,29.0,3.0,,0 days 01:19:21.958000,0 days 00:00:26.556000,0 days 00:01:01.583000,,0 days 01:17:59.943000,0 days 01:19:01.552000,,123.0,80.0,,115.0,False,MEDIUM,18.0,False,Mercedes,0 days 01:17:33.256000,,6,,False,,False,False
2023-06,FP2,0 days 00:17:30.799000,SAI,55,0 days 00:01:36.466000,1.0,1.0,0 days 00:15:55.423000,,0 days 00:00:31.650000,0 days 00:00:41.690000,0 days 00:00:23.126000,0 days 00:16:26.172000,0 days 00:17:07.937000,0 days 00:17:30.906000,169.0,176.0,264.0,272.0,False,HARD,1.0,True,Ferrari,0 days 00:15:55.423000,,1,,False,,False,False
2023-06,FP2,0 days 00:18:51.671000,SAI,55,0 days 00:01:20.872000,2.0,1.0,,,0 days 00:00:20.290000,0 days 00:00:36.626000,0 days 00:00:23.956000,0 days 00:17:51.089000,0 days 00:18:27.715000,0 days 00:18:51.671000,203.0,185.0,264.0,278.0,True,HARD,2.0,True,Ferrari,0 days 00:17:30.799000,,1,,False,,False,True
2023-06,FP2,0 days 00:20:07.220000,SAI,55,0 days 00:01:15.549000,3.0,1.0,,,0 days 00:00:19.697000,0 days 00:00:35.647000,0 days 00:00:20.205000,0 days 00:19:11.368000,0 days 00:19:47.015000,0 days 00:20:07.220000,207.0,187.0,266.0,280.0,True,HARD,3.0,True,Ferrari,0 days 00:18:51.671000,,1,,False,,False,True
2023-06,FP2,0 days 00:21:40.954000,SAI,55,0 days 00:01:33.734000,4.0,1.0,,,0 days 00:00:23.522000,0 days 00:00:46.443000,0 days 00:00:23.769000,0 days 00:20:30.742000,0 days 00:21:17.185000,0 days 00:21:40.954000,115.0,165.0,266.0,246.0,False,HARD,4.0,True,Ferrari,0 days 00:20:07.220000,,1,,False,,False,True
2023-06,FP2,0 days 00:23:12.987000,SAI,55,0 days 00:01:32.033000,5.0,1.0,,,0 days 00:00:20.286000,0 days 00:00:43.508000,0 days 00:00:28.239000,0 days 00:22:01.240000,0 days 00:22:44.748000,0 days 00:23:12.987000,143.0,161.0,264.0,243.0,False,HARD,5.0,True,Ferrari,0 days 00:21:40.954000,,1,,False,,False,True
2023-06,FP2,0 days 00:24:27.410000,SAI,55,0 days 00:01:14.423000,6.0,1.0,,,0 days 00:00:19.583000,0 days 00:00:35.255000,0 days 00:00:19.585000,0 days 00:23:32.570000,0 days 00:24:07.825000,0 days 00:24:27.410000,210.0,194.0,267.0,279.0,True,HARD,6.0,True,Ferrari,0 days 00:23:12.987000,,1,,False,,False,True
2023-06,FP2,0 days 00:26:23.003000,SAI,55,0 days 00:01:55.593000,7.0,1.0,,,0 days 00:00:23.465000,0 days 00:00:53.133000,0 days 00:00:38.995000,0 days 00:24:50.875000,0 days 00:25:44.008000,0 days 00:26:23.003000,159.0,133.0,265.0,223.0,False,HARD,7.0,True,Ferrari,0 days 00:24:27.410000,,1,,False,,False,True
2023-06,FP2,0 days 00:27:36.956000,SAI,55,0 days 00:01:13.953000,8.0,1.0,,,0 days 00:00:19.444000,0 days 00:00:34.969000,0 days 00:00:19.540000,0 days 00:26:42.447000,0 days 00:27:17.416000,0 days 00:27:36.956000,213.0,196.0,268.0,279.0,True,HARD,8.0,True,Ferrari,0 days 00:26:23.003000,,1,,False,,False,True
2023-06,FP2,0 days 00:29:13.082000,SAI,55,0 days 00:01:36.126000,9.0,1.0,,,0 days 00:00:24.241000,0 days 00:00:47.022000,0 days 00:00:24.863000,0 days 00:28:01.197000,0 days 00:28:48.219000,0 days 00:29:13.082000,141.0,140.0,265.0,220.0,False,HARD,9.0,True,Ferrari,0 days 00:27:36.956000,,1,,False,,False,True
2023-06,FP2,0 days 00:30:26.890000,SAI,55,0 days 00:01:13.808000,10.0,1.0,,,0 days 00:00:19.434000,0 days 00:00:34.914000,0 days 00:00:19.460000,0 days 00:29:32.516000,0 days 00:30:07.430000,0 days 00:30:26.890000,212.0,198.0,266.0,278.0,True,HARD,10.0,True,Ferrari,0 days 00:29:13.082000,,1,,False,,False,True
2023-06,FP2,0 days 00:32:12.155000,SAI,55,0 days 00:01:45.265000,11.0,1.0,,,0 days 00:00:24.579000,0 days 00:00:50.768000,0 days 00:00:29.918000,0 days 00:30:51.469000,0 days 00:31:42.237000,0 days 00:32:12.155000,131.0,135.0,265.0,202.0,False,HARD,11.0,True,Ferrari,0 days 00:30:26.890000,,1,,False,,False,True
2023-06,FP2,0 days 00:40:44.812000,SAI,55,,12.0,1.0,,0 days 00:33:21.848000,0 days 00:00:19.373000,0 days 00:00:34.973000,,0 days 00:32:31.724000,0 days 00:33:06.692000,,214.0,198.0,,277.0,False,HARD,12.0,True,Ferrari,0 days 00:32:12.155000,,1,,False,,False,False
2023-06,FP2,0 days 00:42:18.326000,SAI,55,0 days 00:01:33.514000,13.0,2.0,0 days 00:40:45.468000,,0 days 00:00:30.935000,0 days 00:00:39.007000,0 days 00:00:23.572000,0 days 00:41:15.747000,0 days 00:41:54.754000,0 days 00:42:18.326000,182.0,171.0,269.0,271.0,False,SOFT,1.0,True,Ferrari,0 days 00:40:44.812000,,12,,False,,False,False
2023-06,FP2,0 days 00:43:30.895000,SAI,55,0 days 00:01:12.569000,14.0,2.0,,,0 days 00:00:19.085000,0 days 00:00:34.237000,0 days 00:00:19.247000,0 days 00:42:37.411000,0 days 00:43:11.648000,0 days 00:43:30.895000,216.0,199.0,268.0,279.0,True,SOFT,2.0,True,Ferrari,0 days 00:42:18.326000,,1,,False,,False,True
2023-06,FP2,0 days 00:45:37.199000,SAI,55,0 days 00:02:06.304000,15.0,2.0,,,0 days 00:00:30.449000,0 days 00:01:06.405000,0 days 00:00:29.450000,0 days 00:44:01.344000,0 days 00:45:07.749000,0 days 00:45:37.199000,96.0,105.0,268.0,124.0,False,SOFT,3.0,True,Ferrari,0 days 00:43:30.895000,,1,,False,,False,True
2023-06,FP2,0 days 00:46:50.092000,SAI,55,0 days 00:01:12.893000,16.0,2.0,,,0 days 00:00:19.152000,0 days 00:00:34.299000,0 days 00:00:19.442000,0 days 00:45:56.351000,0 days 00:46:30.650000,0 days 00:46:50.092000,215.0,200.0,269.0,281.0,False,SOFT,4.0,True,Ferrari,0 days 00:45:37.199000,,1,,False,,False,True
2023-06,FP2,0 days 00:49:04.833000,SAI,55,0 days 00:02:14.741000,17.0,2.0,,0 days 00:48:36.166000,0 days 00:00:29.712000,0 days 00:00:54.400000,0 days 00:00:50.629000,0 days 00:47:19.804000,0 days 00:48:14.204000,0 days 00:49:04.833000,134.0,108.0,,137.0,False,SOFT,5.0,True,Ferrari,0 days 00:46:50.092000,,1,,False,,False,False
2023-06,FP2,0 days 00:51:08.107000,SAI,55,0 days 00:02:03.274000,18.0,3.0,0 days 00:49:05.510000,,0 days 00:00:43.179000,0 days 00:00:53.767000,0 days 00:00:26.328000,0 days 00:49:48.012000,0 days 00:50:41.779000,0 days 00:51:08.107000,115.0,173.0,269.0,238.0,False,SOFT,6.0,False,Ferrari,0 days 00:49:04.833000,,1,,False,,False,False
2023-06,FP2,0 days 00:52:34.428000,SAI,55,0 days 00:01:26.321000,19.0,3.0,,,0 days 00:00:21.403000,0 days 00:00:39.655000,0 days 00:00:25.263000,0 days 00:51:29.510000,0 days 00:52:09.165000,0 days 00:52:34.428000,173.0,152.0,270.0,224.0,False,SOFT,7.0,False,Ferrari,0 days 00:51:08.107000,,1,,False,,False,True
2023-06,FP2,0 days 00:53:47.052000,SAI,55,0 days 00:01:12.624000,20.0,3.0,,,0 days 00:00:18.922000,0 days 00:00:34.322000,0 days 00:00:19.380000,0 days 00:52:53.350000,0 days 00:53:27.672000,0 days 00:53:47.052000,218.0,189.0,269.0,281.0,False,SOFT,8.0,False,Ferrari,0 days 00:52:34.428000,,1,,False,,False,True
2023-06,FP2,0 days 00:56:09.238000,SAI,55,0 days 00:02:22.186000,21.0,3.0,,,0 days 00:00:33.736000,0 days 00:01:11.875000,0 days 00:00:36.575000,0 days 00:54:20.788000,0 days 00:55:32.663000,0 days 00:56:09.238000,79.0,121.0,268.0,112.0,False,SOFT,9.0,False,Ferrari,0 days 00:53:47.052000,,1,,False,,False,True
2023-06,FP2,0 days 01:01:18.423000,SAI,55,,22.0,3.0,,0 days 01:01:18.423000,0 days 00:00:19.029000,0 days 00:00:34.312000,,0 days 00:56:28.427000,0 days 00:57:02.692000,,217.0,200.0,,280.0,False,SOFT,10.0,False,Ferrari,0 days 00:56:09.238000,,125,,False,,False,False
2023-06,FP2,0 days 00:16:37.632000,RUS,63,0 days 00:01:39.336000,1.0,1.0,0 days 00:14:59.283000,,0 days 00:00:27.379000,0 days 00:00:42.196000,0 days 00:00:29.761000,0 days 00:15:25.860000,0 days 00:16:08.063000,0 days 00:16:37.735000,176.0,176.0,264.0,271.0,False,MEDIUM,1.0,True,Mercedes,0 days 00:14:59.283000,,1,,False,,False,False
2023-06,FP2,0 days 00:17:56.368000,RUS,63,0 days 00:01:18.736000,2.0,1.0,,,0 days 00:00:20.214000,0 days 00:00:36.521000,0 days 00:00:22.001000,0 days 00:16:57.846000,0 days 00:17:34.367000,0 days 00:17:56.368000,201.0,159.0,266.0,278.0,True,MEDIUM,2.0,True,Mercedes,0 days 00:16:37.632000,,1,,False,,False,True
2023-06,FP2,0 days 00:19:11.850000,RUS,63,0 days 00:01:15.482000,3.0,1.0,,,0 days 00:00:19.797000,0 days 00:00:35.827000,0 days 00:00:19.858000,0 days 00:18:16.165000,0 days 00:18:51.992000,0 days 00:19:11.850000,212.0,196.0,266.0,277.0,True,MEDIUM,3.0,True,Mercedes,0 days 00:17:56.368000,,1,,False,,False,True
2023-06,FP2,0 days 00:20:55.582000,RUS,63,0 days 00:01:43.732000,4.0,1.0,,,0 days 00:00:27.249000,0 days 00:00:49.425000,0 days 00:00:27.058000,0 days 00:19:39.099000,0 days 00:20:28.524000,0 days 00:20:55.582000,100.0,125.0,267.0,183.0,False,MEDIUM,4.0,True,Mercedes,0 days 00:19:11.850000,,1,,False,,False,True
2023-06,FP2,0 days 00:22:10.216000,RUS,63,0 days 00:01:14.634000,5.0,1.0,,,0 days 00:00:19.485000,0 days 00:00:35.412000,0 days 00:00:19.737000,0 days 00:21:15.067000,0 days 00:21:50.479000,0 days 00:22:10.216000,209.0,197.0,266.0,276.0,True,MEDIUM,5.0,True,Mercedes,0 days 00:20:55.582000,,1,,False,,False,True
2023-06,FP2,0 days 00:23:54.295000,RUS,63,0 days 00:01:44.079000,6.0,1.0,,,0 days 00:00:28.179000,0 days 00:00:49.265000,0 days 00:00:26.635000,0 days 00:22:38.395000,0 days 00:23:27.660000,0 days 00:23:54.295000,112.0,147.0,266.0,171.0,False,MEDIUM,6.0,True,Mercedes,0 days 00:22:10.216000,,1,,False,,False,True
2023-06,FP2,0 days 00:25:51.607000,RUS,63,0 days 00:01:57.312000,7.0,1.0,,,0 days 00:00:22.511000,0 days 00:00:56.691000,0 days 00:00:38.110000,0 days 00:24:16.806000,0 days 00:25:13.497000,0 days 00:25:51.607000,139.0,125.0,265.0,133.0,False,MEDIUM,7.0,True,Mercedes,0 days 00:23:54.295000,,1,,False,,False,True
2023-06,FP2,0 days 00:27:06.050000,RUS,63,0 days 00:01:14.443000,8.0,1.0,,,0 days 00:00:19.453000,0 days 00:00:35.338000,0 days 00:00:19.652000,0 days 00:26:11.060000,0 days 00:26:46.398000,0 days 00:27:06.050000,211.0,197.0,267.0,277.0,True,MEDIUM,8.0,True,Mercedes,0 days 00:25:51.607000,,1,,False,,False,True
2023-06,FP2,0 days 00:28:48.898000,RUS,63,0 days 00:01:42.848000,9.0,1.0,,,0 days 00:00:30.560000,0 days 00:00:44.217000,0 days 00:00:28.071000,0 days 00:27:36.610000,0 days 00:28:20.827000,0 days 00:28:48.898000,152.0,145.0,267.0,218.0,False,MEDIUM,9.0,True,Mercedes,0 days 00:27:06.050000,,1,,False,,False,True
2023-06,FP2,0 days 00:30:02.788000,RUS,63,0 days 00:01:13.890000,10.0,1.0,,,0 days 00:00:19.323000,0 days 00:00:35.014000,0 days 00:00:19.553000,0 days 00:29:08.221000,0 days 00:29:43.235000,0 days 00:30:02.788000,214.0,200.0,266.0,276.0,True,MEDIUM,10.0,True,Mercedes,0 days 00:28:48.898000,,1,,False,,False,True
2023-06,FP2,0 days 00:38:05.953000,RUS,63,,11.0,1.0,,0 days 00:31:18.772000,0 days 00:00:23.747000,0 days 00:00:35.929000,,0 days 00:30:26.725000,0 days 00:31:02.647000,,205.0,168.0,,276.0,False,MEDIUM,11.0,True,Mercedes,0 days 00:30:02.788000,,1,,False,,False,False
2023-06,FP2,0 days 00:39:29.920000,RUS,63,0 days 00:01:23.967000,12.0,2.0,0 days 00:38:06.533000,,0 days 00:00:24.251000,0 days 00:00:38.198000,0 days 00:00:21.518000,0 days 00:38:30.204000,0 days 00:39:08.402000,0 days 00:39:29.920000,193.0,179.0,266.0,230.0,False,SOFT,1.0,True,Mercedes,0 days 00:38:05.953000,,1,,False,,False,False
2023-06,FP2,0 days 00:40:43.112000,RUS,63,0 days 00:01:13.192000,13.0,2.0,,,0 days 00:00:19.119000,0 days 00:00:34.705000,0 days 00:00:19.368000,0 days 00:39:49.039000,0 days 00:40:23.744000,0 days 00:40:43.112000,215.0,201.0,265.0,274.0,True,SOFT,2.0,True,Mercedes,0 days 00:39:29.920000,,1,,False,,False,True
2023-06,FP2,0 days 00:42:32.763000,RUS,63,0 days 00:01:49.651000,14.0,2.0,,,0 days 00:00:29.241000,0 days 00:00:54.646000,0 days 00:00:25.764000,0 days 00:41:12.353000,0 days 00:42:06.999000,0 days 00:42:32.763000,85.0,133.0,267.0,155.0,False,SOFT,3.0,True,Mercedes,0 days 00:40:43.112000,,12,,False,,False,True
2023-06,FP2,0 days 00:43:45.954000,RUS,63,0 days 00:01:13.191000,15.0,2.0,,,0 days 00:00:19.142000,0 days 00:00:34.564000,0 days 00:00:19.485000,0 days 00:42:51.905000,0 days 00:43:26.469000,0 days 00:43:45.954000,218.0,200.0,268.0,279.0,True,SOFT,4.0,True,Mercedes,0 days 00:42:32.763000,,1,,False,,False,True
2023-06,FP2,0 days 00:45:40.244000,RUS,63,0 days 00:01:54.290000,16.0,2.0,,,0 days 00:00:28.289000,0 days 00:00:54.488000,0 days 00:00:31.513000,0 days 00:44:14.243000,0 days 00:45:08.731000,0 days 00:45:40.244000,149.0,101.0,207.0,153.0,False,SOFT,5.0,True,Mercedes,0 days 00:43:45.954000,,1,,False,,False,True
2023-06,FP2,0 days 00:47:31.112000,RUS,63,0 days 00:01:50.868000,17.0,2.0,,,0 days 00:00:29.035000,0 days 00:00:56.653000,0 days 00:00:25.180000,0 days 00:46:09.279000,0 days 00:47:05.932000,0 days 00:47:31.112000,96.0,110.0,265.0,170.0,False,SOFT,6.0,True,Mercedes,0 days 00:45:40.244000,,1,,False,,False,True
2023-06,FP2,0 days 00:49:10.793000,RUS,63,0 days 00:01:39.681000,18.0,2.0,,,0 days 00:00:22.215000,0 days 00:00:44.264000,0 days 00:00:33.202000,0 days 00:47:53.327000,0 days 00:48:37.591000,0 days 00:49:10.793000,169.0,160.0,266.0,247.0,False,SOFT,7.0,True,Mercedes,0 days 00:47:31.112000,,1,,False,,False,True
2023-06,FP2,0 days 00:50:33.943000,RUS,63,0 days 00:01:23.150000,19.0,2.0,,,0 days 00:00:19.141000,0 days 00:00:39.333000,0 days 00:00:24.676000,0 days 00:49:29.934000,0 days 00:50:09.267000,0 days 00:50:33.943000,213.0,127.0,266.0,202.0,False,SOFT,8.0,True,Mercedes,0 days 00:49:10.793000,,1,,False,,False,True
2023-06,FP2,0 days 00:51:54.695000,RUS,63,0 days 00:01:20.752000,20.0,2.0,,,0 days 00:00:19.091000,0 days 00:00:34.723000,0 days 00:00:26.938000,0 days 00:50:53.034000,0 days 00:51:27.757000,0 days 00:51:54.695000,216.0,202.0,186.0,276.0,False,SOFT,9.0,True,Mercedes,0 days 00:50:33.943000,,1,,False,,False,True
2023-06,FP2,0 days 00:53:36.857000,RUS,63,0 days 00:01:42.162000,21.0,2.0,,,0 days 00:00:29.689000,0 days 00:00:50.034000,0 days 00:00:22.439000,0 days 00:52:24.384000,0 days 00:53:14.418000,0 days 00:53:36.857000,130.0,134.0,266.0,171.0,False,SOFT,10.0,True,Mercedes,0 days 00:51:54.695000,,1,,False,,False,True
2023-06,FP2,0 days 00:54:50.085000,RUS,63,0 days 00:01:13.228000,22.0,2.0,,,0 days 00:00:19.083000,0 days 00:00:34.739000,0 days 00:00:19.406000,0 days 00:53:55.940000,0 days 00:54:30.679000,0 days 00:54:50.085000,214.0,201.0,266.0,276.0,False,SOFT,11.0,True,Mercedes,0 days 00:53:36.857000,,1,,False,,False,True
2023-06,FP2,0 days 00:56:39.215000,RUS,63,0 days 00:01:49.130000,23.0,2.0,,,0 days 00:00:27.997000,0 days 00:00:53.451000,0 days 00:00:27.682000,0 days 00:55:18.082000,0 days 00:56:11.533000,0 days 00:56:39.215000,82.0,101.0,266.0,149.0,False,SOFT,12.0,True,Mercedes,0 days 00:54:50.085000,,1,,False,,False,True
2023-06,FP2,0 days 01:07:01.075000,RUS,63,,24.0,2.0,,0 days 00:57:54.129000,0 days 00:00:18.999000,,,0 days 00:56:58.379000,,,215.0,,,277.0,False,SOFT,13.0,True,Mercedes,0 days 00:56:39.215000,,125,,False,,False,False
2023-06,FP2,0 days 01:08:23.467000,RUS,63,0 days 00:01:22.392000,25.0,3.0,0 days 01:07:01.638000,,0 days 00:00:23.815000,0 days 00:00:37.489000,0 days 00:00:21.088000,0 days 01:07:24.890000,0 days 01:08:02.379000,0 days 01:08:23.467000,192.0,179.0,251.0,270.0,False,MEDIUM,12.0,False,Mercedes,0 days 01:07:01.638000,,1,,False,,False,False
2023-06,FP2,0 days 01:09:41.028000,RUS,63,0 days 00:01:17.561000,26.0,3.0,,,0 days 00:00:20.289000,0 days 00:00:36.577000,0 days 00:00:20.695000,0 days 01:08:43.756000,0 days 01:09:20.333000,0 days 01:09:41.028000,202.0,184.0,252.0,271.0,False,MEDIUM,13.0,False,Mercedes,0 days 01:08:23.467000,,1,,False,,False,True
2023-06,FP2,0 days 01:10:58.411000,RUS,63,0 days 00:01:17.383000,27.0,3.0,,,0 days 00:00:20.274000,0 days 00:00:36.395000,0 days 00:00:20.714000,0 days 01:10:01.302000,0 days 01:10:37.697000,0 days 01:10:58.411000,201.0,188.0,251.0,271.0,False,MEDIUM,14.0,False,Mercedes,0 days 01:09:41.028000,,1,,False,,False,True
2023-06,FP2,0 days 01:12:14.965000,RUS,63,0 days 00:01:16.554000,28.0,3.0,,,0 days 00:00:20.051000,0 days 00:00:36.057000,0 days 00:00:20.446000,0 days 01:11:18.462000,0 days 01:11:54.519000,0 days 01:12:14.965000,207.0,190.0,251.0,272.0,False,MEDIUM,15.0,False,Mercedes,0 days 01:10:58.411000,,1,,False,,False,True
2023-06,FP2,0 days 01:13:34.028000,RUS,63,0 days 00:01:19.063000,29.0,3.0,,,0 days 00:00:20.070000,0 days 00:00:36.334000,0 days 00:00:22.659000,0 days 01:12:35.035000,0 days 01:13:11.369000,0 days 01:13:34.028000,204.0,188.0,251.0,273.0,False,MEDIUM,16.0,False,Mercedes,0 days 01:12:14.965000,,1,,False,,False,True
2023-06,FP2,0 days 01:14:51.274000,RUS,63,0 days 00:01:17.246000,30.0,3.0,,,0 days 00:00:20.100000,0 days 00:00:36.291000,0 days 00:00:20.855000,0 days 01:13:54.128000,0 days 01:14:30.419000,0 days 01:14:51.274000,204.0,190.0,253.0,273.0,False,MEDIUM,17.0,False,Mercedes,0 days 01:13:34.028000,,1,,False,,False,True
2023-06,FP2,0 days 01:17:13.225000,RUS,63,0 days 00:02:21.951000,31.0,3.0,,,0 days 00:00:27.156000,0 days 00:00:50.255000,0 days 00:01:04.540000,0 days 01:15:18.430000,0 days 01:16:08.685000,0 days 01:17:13.225000,125.0,120.0,99.0,168.0,False,MEDIUM,18.0,False,Mercedes,0 days 01:14:51.274000,,126,,False,,False,False
2023-06,FP2,0 days 01:18:42.708000,RUS,63,,32.0,3.0,,0 days 01:18:42.708000,0 days 00:00:24.854000,0 days 00:00:43.175000,,0 days 01:17:38.209000,0 days 01:18:21.380000,,140.0,128.0,,227.0,False,MEDIUM,19.0,False,Mercedes,0 days 01:17:13.225000,,6,,False,,False,False
2023-06,FP2,0 days 00:16:25.895000,BOT,77,0 days 00:01:38.496000,1.0,1.0,0 days 00:14:48.158000,,0 days 00:00:24.858000,0 days 00:00:45.433000,0 days 00:00:28.205000,0 days 00:15:12.439000,0 days 00:15:57.891000,0 days 00:16:26.047000,173.0,163.0,261.0,251.0,False,MEDIUM,1.0,True,Alfa Romeo,0 days 00:14:48.158000,,1,,False,,False,False
2023-06,FP2,0 days 00:17:42.609000,BOT,77,0 days 00:01:16.714000,2.0,1.0,,,0 days 00:00:20.082000,0 days 00:00:36.141000,0 days 00:00:20.491000,0 days 00:16:45.977000,0 days 00:17:22.118000,0 days 00:17:42.609000,208.0,189.0,265.0,278.0,True,MEDIUM,2.0,True,Alfa Romeo,0 days 00:16:25.895000,,1,,False,,False,True
2023-06,FP2,0 days 00:19:27.163000,BOT,77,0 days 00:01:44.554000,3.0,1.0,,,0 days 00:00:29.924000,0 days 00:00:45.915000,0 days 00:00:28.715000,0 days 00:18:12.533000,0 days 00:18:58.448000,0 days 00:19:27.163000,147.0,171.0,263.0,241.0,False,MEDIUM,3.0,True,Alfa Romeo,0 days 00:17:42.609000,,1,,False,,False,True
2023-06,FP2,0 days 00:20:42.598000,BOT,77,0 days 00:01:15.435000,4.0,1.0,,,0 days 00:00:19.841000,0 days 00:00:35.689000,0 days 00:00:19.905000,0 days 00:19:47.004000,0 days 00:20:22.693000,0 days 00:20:42.598000,211.0,191.0,264.0,277.0,True,MEDIUM,4.0,True,Alfa Romeo,0 days 00:19:27.163000,,1,,False,,False,True
2023-06,FP2,0 days 00:22:27.601000,BOT,77,0 days 00:01:45.003000,5.0,1.0,,,0 days 00:00:25.503000,0 days 00:00:56.224000,0 days 00:00:23.276000,0 days 00:21:08.101000,0 days 00:22:04.325000,0 days 00:22:27.601000,132.0,163.0,263.0,240.0,False,MEDIUM,5.0,True,Alfa Romeo,0 days 00:20:42.598000,,1,,False,,False,True
2023-06,FP2,0 days 00:23:42.376000,BOT,77,0 days 00:01:14.775000,6.0,1.0,,,0 days 00:00:19.639000,0 days 00:00:35.376000,0 days 00:00:19.760000,0 days 00:22:47.240000,0 days 00:23:22.616000,0 days 00:23:42.376000,212.0,194.0,267.0,276.0,True,MEDIUM,6.0,True,Alfa Romeo,0 days 00:22:27.601000,,1,,False,,False,True
2023-06,FP2,0 days 00:25:32.205000,BOT,77,0 days 00:01:49.829000,7.0,1.0,,,0 days 00:00:25.430000,0 days 00:00:53.234000,0 days 00:00:31.165000,0 days 00:24:07.806000,0 days 00:25:01.040000,0 days 00:25:32.205000,147.0,164.0,263.0,235.0,False,MEDIUM,7.0,True,Alfa Romeo,0 days 00:23:42.376000,,1,,False,,False,True
2023-06,FP2,0 days 00:26:46.669000,BOT,77,0 days 00:01:14.464000,8.0,1.0,,,0 days 00:00:19.596000,0 days 00:00:35.126000,0 days 00:00:19.742000,0 days 00:25:51.801000,0 days 00:26:26.927000,0 days 00:26:46.669000,215.0,195.0,270.0,276.0,True,MEDIUM,8.0,True,Alfa Romeo,0 days 00:25:32.205000,,1,,False,,False,True
2023-06,FP2,0 days 00:28:56.050000,BOT,77,0 days 00:02:09.381000,9.0,1.0,,0 days 00:28:30.352000,0 days 00:00:24.353000,0 days 00:00:51.916000,0 days 00:00:53.112000,0 days 00:27:11.022000,0 days 00:28:02.938000,0 days 00:28:56.050000,137.0,108.0,,217.0,False,MEDIUM,9.0,True,Alfa Romeo,0 days 00:26:46.669000,,1,,False,,False,False
2023-06,FP2,0 days 00:36:05.030000,BOT,77,,10.0,2.0,0 days 00:28:56.726000,0 days 00:30:18.225000,0 days 00:00:25.970000,0 days 00:00:40.410000,,0 days 00:29:22.226000,0 days 00:30:02.679000,,179.0,169.0,,256.0,False,MEDIUM,10.0,False,Alfa Romeo,0 days 00:28:56.050000,,1,,False,,False,False
2023-06,FP2,0 days 00:37:28.873000,BOT,77,0 days 00:01:23.843000,11.0,3.0,0 days 00:36:05.643000,,0 days 00:00:24.793000,0 days 00:00:38.363000,0 days 00:00:20.687000,0 days 00:36:29.823000,0 days 00:37:08.186000,0 days 00:37:28.873000,190.0,181.0,266.0,258.0,False,SOFT,1.0,True,Alfa Romeo,0 days 00:36:05.030000,,1,,False,,False,False
2023-06,FP2,0 days 00:38:42.224000,BOT,77,0 days 00:01:13.351000,12.0,3.0,,,0 days 00:00:19.184000,0 days 00:00:34.649000,0 days 00:00:19.518000,0 days 00:37:48.057000,0 days 00:38:22.706000,0 days 00:38:42.224000,218.0,197.0,265.0,278.0,True,SOFT,2.0,True,Alfa Romeo,0 days 00:37:28.873000,,1,,False,,False,True
2023-06,FP2,0 days 00:40:19.772000,BOT,77,0 days 00:01:37.548000,13.0,3.0,,,0 days 00:00:24.049000,0 days 00:00:48.447000,0 days 00:00:25.052000,0 days 00:39:06.273000,0 days 00:39:54.720000,0 days 00:40:19.772000,83.0,147.0,267.0,245.0,False,SOFT,3.0,True,Alfa Romeo,0 days 00:38:42.224000,,1,,False,,False,True
2023-06,FP2,0 days 00:41:33.412000,BOT,77,0 days 00:01:13.640000,14.0,3.0,,,0 days 00:00:19.209000,0 days 00:00:34.975000,0 days 00:00:19.456000,0 days 00:40:38.981000,0 days 00:41:13.956000,0 days 00:41:33.412000,218.0,196.0,268.0,279.0,False,SOFT,4.0,True,Alfa Romeo,0 days 00:40:19.772000,,12,,False,,False,True
2023-06,FP2,0 days 00:43:26.465000,BOT,77,0 days 00:01:53.053000,15.0,3.0,,0 days 00:43:00.467000,0 days 00:00:24.454000,0 days 00:00:45.321000,0 days 00:00:43.278000,0 days 00:41:57.866000,0 days 00:42:43.187000,0 days 00:43:26.465000,149.0,151.0,,242.0,False,SOFT,5.0,True,Alfa Romeo,0 days 00:41:33.412000,,1,,False,,False,False
2023-06,FP2,0 days 00:45:06.087000,BOT,77,0 days 00:01:39.622000,16.0,4.0,0 days 00:43:27.123000,,0 days 00:00:34.541000,0 days 00:00:42.133000,0 days 00:00:22.948000,0 days 00:44:01.006000,0 days 00:44:43.139000,0 days 00:45:06.087000,156.0,135.0,266.0,255.0,False,SOFT,6.0,False,Alfa Romeo,0 days 00:43:26.465000,,1,,False,,False,False
2023-06,FP2,0 days 00:46:19.137000,BOT,77,0 days 00:01:13.050000,17.0,4.0,,,0 days 00:00:19.093000,0 days 00:00:34.587000,0 days 00:00:19.370000,0 days 00:45:25.180000,0 days 00:45:59.767000,0 days 00:46:19.137000,219.0,199.0,267.0,279.0,True,SOFT,7.0,False,Alfa Romeo,0 days 00:45:06.087000,,1,,False,,False,True
2023-06,FP2,0 days 00:53:01.763000,BOT,77,,18.0,4.0,,0 days 00:47:56.073000,0 days 00:00:24.625000,0 days 00:00:51.207000,,0 days 00:46:44.277000,0 days 00:47:35.151000,,71.0,169.0,,242.0,False,SOFT,8.0,False,Alfa Romeo,0 days 00:46:19.137000,,1,,False,,False,False
2023-06,FP2,0 days 00:54:30.444000,BOT,77,0 days 00:01:28.681000,19.0,5.0,0 days 00:53:02.351000,,0 days 00:00:26.279000,0 days 00:00:38.575000,0 days 00:00:23.827000,0 days 00:53:28.042000,0 days 00:54:06.617000,0 days 00:54:30.444000,179.0,172.0,248.0,256.0,False,SOFT,9.0,False,Alfa Romeo,0 days 00:53:01.763000,,1,,False,,False,False
2023-06,FP2,0 days 00:55:46.825000,BOT,77,0 days 00:01:16.381000,20.0,5.0,,,0 days 00:00:20.073000,0 days 00:00:36.046000,0 days 00:00:20.262000,0 days 00:54:50.517000,0 days 00:55:26.563000,0 days 00:55:46.825000,205.0,182.0,251.0,269.0,False,SOFT,10.0,False,Alfa Romeo,0 days 00:54:30.444000,,1,,False,,False,True
2023-06,FP2,0 days 00:57:02.798000,BOT,77,0 days 00:01:15.973000,21.0,5.0,,,0 days 00:00:19.981000,0 days 00:00:35.758000,0 days 00:00:20.234000,0 days 00:56:06.806000,0 days 00:56:42.564000,0 days 00:57:02.798000,207.0,184.0,252.0,270.0,False,SOFT,11.0,False,Alfa Romeo,0 days 00:55:46.825000,,1,,False,,False,True
2023-06,FP2,0 days 01:02:48.154000,BOT,77,,22.0,5.0,,0 days 00:58:41.409000,0 days 00:00:20.104000,,,0 days 00:57:23.020000,,,,,,,False,SOFT,12.0,False,Alfa Romeo,0 days 00:57:02.798000,,125,,False,,False,False
2023-06,FP2,0 days 01:04:34.892000,BOT,77,0 days 00:01:46.738000,23.0,6.0,0 days 01:02:48.813000,0 days 01:04:08.203000,0 days 00:00:27.820000,0 days 00:00:37.934000,0 days 00:00:40.984000,0 days 01:03:15.974000,0 days 01:03:53.908000,0 days 01:04:34.892000,185.0,175.0,,255.0,False,SOFT,13.0,False,Alfa Romeo,0 days 01:02:48.813000,,1,,False,,False,False
2023-06,FP2,0 days 01:05:56.717000,BOT,77,0 days 00:01:21.825000,24.0,7.0,0 days 01:04:35.484000,,0 days 00:00:23.523000,0 days 00:00:37.746000,0 days 00:00:20.556000,0 days 01:04:58.415000,0 days 01:05:36.161000,0 days 01:05:56.717000,193.0,183.0,251.0,236.0,False,MEDIUM,11.0,False,Alfa Romeo,0 days 01:04:34.892000,,1,,False,,False,False
2023-06,FP2,0 days 01:07:13.772000,BOT,77,0 days 00:01:17.055000,25.0,7.0,,,0 days 00:00:20.676000,0 days 00:00:36.037000,0 days 00:00:20.342000,0 days 01:06:17.393000,0 days 01:06:53.430000,0 days 01:07:13.772000,203.0,187.0,254.0,273.0,False,MEDIUM,12.0,False,Alfa Romeo,0 days 01:05:56.717000,,1,,False,,False,True
2023-06,FP2,0 days 01:08:29.706000,BOT,77,0 days 00:01:15.934000,26.0,7.0,,,0 days 00:00:19.962000,0 days 00:00:35.817000,0 days 00:00:20.155000,0 days 01:07:33.734000,0 days 01:08:09.551000,0 days 01:08:29.706000,205.0,189.0,257.0,276.0,False,MEDIUM,13.0,False,Alfa Romeo,0 days 01:07:13.772000,,1,,False,,False,True
2023-06,FP2,0 days 01:09:48.590000,BOT,77,0 days 00:01:18.884000,27.0,7.0,,,0 days 00:00:19.860000,0 days 00:00:36.203000,0 days 00:00:22.821000,0 days 01:08:49.566000,0 days 01:09:25.769000,0 days 01:09:48.590000,206.0,186.0,253.0,275.0,False,MEDIUM,14.0,False,Alfa Romeo,0 days 01:08:29.706000,,1,,False,,False,True
2023-06,FP2,0 days 01:11:05.313000,BOT,77,0 days 00:01:16.723000,28.0,7.0,,,0 days 00:00:20.108000,0 days 00:00:36.135000,0 days 00:00:20.480000,0 days 01:10:08.698000,0 days 01:10:44.833000,0 days 01:11:05.313000,205.0,188.0,254.0,275.0,False,MEDIUM,15.0,False,Alfa Romeo,0 days 01:09:48.590000,,1,,False,,False,True
2023-06,FP2,0 days 01:12:22.557000,BOT,77,0 days 00:01:17.244000,29.0,7.0,,,0 days 00:00:20.171000,0 days 00:00:36.520000,0 days 00:00:20.553000,0 days 01:11:25.484000,0 days 01:12:02.004000,0 days 01:12:22.557000,204.0,189.0,254.0,275.0,False,MEDIUM,16.0,False,Alfa Romeo,0 days 01:11:05.313000,,1,,False,,False,True
2023-06,FP2,0 days 01:13:40.189000,BOT,77,0 days 00:01:17.632000,30.0,7.0,,,0 days 00:00:20.178000,0 days 00:00:36.871000,0 days 00:00:20.583000,0 days 01:12:42.735000,0 days 01:13:19.606000,0 days 01:13:40.189000,204.0,186.0,254.0,275.0,False,MEDIUM,17.0,False,Alfa Romeo,0 days 01:12:22.557000,,1,,False,,False,True
2023-06,FP2,0 days 01:14:58.408000,BOT,77,0 days 00:01:18.219000,31.0,7.0,,,0 days 00:00:20.337000,0 days 00:00:37.100000,0 days 00:00:20.782000,0 days 01:14:00.526000,0 days 01:14:37.626000,0 days 01:14:58.408000,201.0,185.0,254.0,274.0,False,MEDIUM,18.0,False,Alfa Romeo,0 days 01:13:40.189000,,1,,False,,False,True
2023-06,FP2,0 days 01:17:17.850000,BOT,77,0 days 00:02:19.442000,32.0,7.0,,,0 days 00:00:25.936000,0 days 00:00:48.244000,0 days 00:01:05.262000,0 days 01:15:24.344000,0 days 01:16:12.588000,0 days 01:17:17.850000,152.0,115.0,123.0,164.0,False,MEDIUM,19.0,False,Alfa Romeo,0 days 01:14:58.408000,,126,,False,,False,False
2023-06,FP2,0 days 01:18:45.021000,BOT,77,,33.0,7.0,,0 days 01:18:45.021000,0 days 00:00:21.727000,0 days 00:00:43.815000,,0 days 01:17:39.709000,0 days 01:18:23.505000,,186.0,135.0,,225.0,False,MEDIUM,20.0,False,Alfa Romeo,0 days 01:17:17.850000,,6,,False,,False,False
2023-06,FP2,0 days 00:17:12.550000,PIA,81,0 days 00:01:34.947000,1.0,1.0,0 days 00:15:38.517000,,0 days 00:00:29.229000,0 days 00:00:42.832000,0 days 00:00:22.886000,0 days 00:16:07.032000,0 days 00:16:49.875000,0 days 00:17:12.672000,155.0,158.0,263.0,258.0,False,MEDIUM,1.0,True,McLaren,0 days 00:15:38.517000,,1,,False,,False,False
2023-06,FP2,0 days 00:18:29.413000,PIA,81,0 days 00:01:16.863000,2.0,1.0,,,0 days 00:00:20.234000,0 days 00:00:36.254000,0 days 00:00:20.375000,0 days 00:17:32.784000,0 days 00:18:09.038000,0 days 00:18:29.413000,204.0,190.0,264.0,276.0,True,MEDIUM,2.0,True,McLaren,0 days 00:17:12.550000,,1,,False,,False,True
2023-06,FP2,0 days 00:20:16.144000,PIA,81,0 days 00:01:46.731000,3.0,1.0,,,0 days 00:00:24.876000,0 days 00:00:50.208000,0 days 00:00:31.647000,0 days 00:18:54.289000,0 days 00:19:44.497000,0 days 00:20:16.144000,122.0,155.0,264.0,179.0,False,MEDIUM,3.0,True,McLaren,0 days 00:18:29.413000,,1,,False,,False,True
2023-06,FP2,0 days 00:21:31.460000,PIA,81,0 days 00:01:15.316000,4.0,1.0,,,0 days 00:00:19.702000,0 days 00:00:35.725000,0 days 00:00:19.889000,0 days 00:20:35.846000,0 days 00:21:11.571000,0 days 00:21:31.460000,206.0,194.0,266.0,277.0,True,MEDIUM,4.0,True,McLaren,0 days 00:20:16.144000,,1,,False,,False,True
2023-06,FP2,0 days 00:23:45.784000,PIA,81,0 days 00:02:14.324000,5.0,1.0,,0 days 00:23:12.761000,0 days 00:00:25.151000,0 days 00:00:50.437000,0 days 00:00:58.736000,0 days 00:21:56.611000,0 days 00:22:47.048000,0 days 00:23:45.784000,150.0,133.0,,242.0,False,MEDIUM,5.0,True,McLaren,0 days 00:21:31.460000,,1,,False,,False,False
2023-06,FP2,0 days 00:25:27.868000,PIA,81,0 days 00:01:42.084000,6.0,2.0,0 days 00:23:46.449000,,0 days 00:00:27.974000,0 days 00:00:44.925000,0 days 00:00:29.185000,0 days 00:24:13.758000,0 days 00:24:58.683000,0 days 00:25:27.868000,163.0,142.0,264.0,189.0,False,MEDIUM,6.0,False,McLaren,0 days 00:23:45.784000,,1,,False,,False,False
2023-06,FP2,0 days 00:26:42.759000,PIA,81,0 days 00:01:14.891000,7.0,2.0,,,0 days 00:00:19.598000,0 days 00:00:35.388000,0 days 00:00:19.905000,0 days 00:25:47.466000,0 days 00:26:22.854000,0 days 00:26:42.759000,209.0,194.0,266.0,278.0,True,MEDIUM,7.0,False,McLaren,0 days 00:25:27.868000,,1,,False,,False,True
2023-06,FP2,0 days 00:28:30.408000,PIA,81,0 days 00:01:47.649000,8.0,2.0,,,0 days 00:00:23.712000,0 days 00:00:51.646000,0 days 00:00:32.291000,0 days 00:27:06.471000,0 days 00:27:58.117000,0 days 00:28:30.408000,105.0,132.0,266.0,244.0,False,MEDIUM,8.0,False,McLaren,0 days 00:26:42.759000,,1,,False,,False,True
2023-06,FP2,0 days 00:29:45.025000,PIA,81,0 days 00:01:14.617000,9.0,2.0,,,0 days 00:00:19.462000,0 days 00:00:35.248000,0 days 00:00:19.907000,0 days 00:28:49.870000,0 days 00:29:25.118000,0 days 00:29:45.025000,212.0,196.0,267.0,279.0,True,MEDIUM,9.0,False,McLaren,0 days 00:28:30.408000,,1,,False,,False,True
2023-06,FP2,0 days 00:38:34.079000,PIA,81,,10.0,2.0,,0 days 00:31:08.162000,0 days 00:00:24.769000,0 days 00:00:41.404000,,0 days 00:30:10.033000,0 days 00:30:51.397000,,158.0,151.0,,239.0,False,MEDIUM,10.0,False,McLaren,0 days 00:29:45.025000,,1,,False,,False,False
2023-06,FP2,0 days 00:40:13.432000,PIA,81,0 days 00:01:39.353000,11.0,3.0,0 days 00:38:34.814000,,0 days 00:00:29.006000,0 days 00:00:47.534000,0 days 00:00:22.813000,0 days 00:39:03.085000,0 days 00:39:50.619000,0 days 00:40:13.432000,82.0,161.0,269.0,254.0,False,SOFT,1.0,True,McLaren,0 days 00:38:34.079000,,1,,False,,False,False
2023-06,FP2,0 days 00:41:27.323000,PIA,81,0 days 00:01:13.891000,12.0,3.0,,,0 days 00:00:19.490000,0 days 00:00:34.856000,0 days 00:00:19.545000,0 days 00:40:32.922000,0 days 00:41:07.778000,0 days 00:41:27.323000,215.0,198.0,269.0,279.0,True,SOFT,2.0,True,McLaren,0 days 00:40:13.432000,,12,,False,,False,True
2023-06,FP2,0 days 00:43:04.602000,PIA,81,0 days 00:01:37.279000,13.0,3.0,,,0 days 00:00:23.249000,0 days 00:00:48.004000,0 days 00:00:26.026000,0 days 00:41:50.572000,0 days 00:42:38.576000,0 days 00:43:04.602000,160.0,157.0,268.0,243.0,False,SOFT,3.0,True,McLaren,0 days 00:41:27.323000,,1,,False,,False,True
2023-06,FP2,0 days 00:44:18.968000,PIA,81,0 days 00:01:14.366000,14.0,3.0,,,0 days 00:00:19.290000,0 days 00:00:34.930000,0 days 00:00:20.146000,0 days 00:43:23.892000,0 days 00:43:58.822000,0 days 00:44:18.968000,205.0,200.0,262.0,279.0,False,SOFT,4.0,True,McLaren,0 days 00:43:04.602000,,1,,False,,False,True
2023-06,FP2,0 days 00:46:08.510000,PIA,81,0 days 00:01:49.542000,15.0,3.0,,,0 days 00:00:24.997000,0 days 00:00:53.310000,0 days 00:00:31.235000,0 days 00:44:43.965000,0 days 00:45:37.275000,0 days 00:46:08.510000,126.0,97.0,267.0,176.0,False,SOFT,5.0,True,McLaren,0 days 00:44:18.968000,,1,,False,,False,True
2023-06,FP2,0 days 00:47:22.183000,PIA,81,0 days 00:01:13.673000,16.0,3.0,,,0 days 00:00:19.207000,0 days 00:00:34.910000,0 days 00:00:19.556000,0 days 00:46:27.717000,0 days 00:47:02.627000,0 days 00:47:22.183000,217.0,198.0,267.0,281.0,True,SOFT,6.0,True,McLaren,0 days 00:46:08.510000,,1,,False,,False,True
2023-06,FP2,0 days 00:49:13.176000,PIA,81,0 days 00:01:50.993000,17.0,3.0,,,0 days 00:00:24.368000,0 days 00:00:50.497000,0 days 00:00:36.128000,0 days 00:47:46.551000,0 days 00:48:37.048000,0 days 00:49:13.176000,157.0,122.0,269.0,239.0,False,SOFT,7.0,True,McLaren,0 days 00:47:22.183000,,1,,False,,False,True
2023-06,FP2,0 days 00:56:55.114000,PIA,81,,18.0,3.0,,0 days 00:50:28.774000,0 days 00:00:19.190000,0 days 00:00:37.466000,,0 days 00:49:32.556000,0 days 00:50:10.025000,,214.0,131.0,,280.0,False,SOFT,8.0,True,McLaren,0 days 00:49:13.176000,,1,,False,,False,False
2023-06,FP2,0 days 01:02:52.484000,PIA,81,,19.0,4.0,0 days 00:56:55.114000,0 days 00:58:35.816000,0 days 00:00:25.042000,,,0 days 00:57:19.645000,,,188.0,,,,False,SOFT,9.0,False,McLaren,0 days 00:56:55.114000,,125,,False,,False,False
2023-06,FP2,0 days 01:04:39.710000,PIA,81,0 days 00:01:47.226000,20.0,5.0,0 days 01:02:53.157000,0 days 01:04:14.906000,0 days 00:00:30.436000,0 days 00:00:37.951000,0 days 00:00:38.839000,0 days 01:03:22.920000,0 days 01:04:00.871000,0 days 01:04:39.710000,181.0,183.0,,270.0,False,SOFT,10.0,False,McLaren,0 days 01:02:53.157000,,1,,False,,False,False
2023-06,FP2,0 days 01:06:08.373000,PIA,81,0 days 00:01:28.663000,21.0,6.0,0 days 01:04:40.296000,,0 days 00:00:23.459000,0 days 00:00:41.101000,0 days 00:00:24.103000,0 days 01:05:03.169000,0 days 01:05:44.270000,0 days 01:06:08.373000,184.0,177.0,254.0,276.0,False,MEDIUM,11.0,False,McLaren,0 days 01:04:39.710000,,1,,False,,False,False
2023-06,FP2,0 days 01:07:25.520000,PIA,81,0 days 00:01:17.147000,22.0,6.0,,,0 days 00:00:20.324000,0 days 00:00:36.344000,0 days 00:00:20.479000,0 days 01:06:28.697000,0 days 01:07:05.041000,0 days 01:07:25.520000,200.0,189.0,254.0,277.0,False,MEDIUM,12.0,False,McLaren,0 days 01:06:08.373000,,1,,False,,False,True
2023-06,FP2,0 days 01:08:41.911000,PIA,81,0 days 00:01:16.391000,23.0,6.0,,,0 days 00:00:20.054000,0 days 00:00:36.009000,0 days 00:00:20.328000,0 days 01:07:45.574000,0 days 01:08:21.583000,0 days 01:08:41.911000,202.0,190.0,256.0,277.0,False,MEDIUM,13.0,False,McLaren,0 days 01:07:25.520000,,1,,False,,False,True
2023-06,FP2,0 days 01:09:58.103000,PIA,81,0 days 00:01:16.192000,24.0,6.0,,,0 days 00:00:19.835000,0 days 00:00:36.142000,0 days 00:00:20.215000,0 days 01:09:01.746000,0 days 01:09:37.888000,0 days 01:09:58.103000,204.0,194.0,257.0,278.0,False,MEDIUM,14.0,False,McLaren,0 days 01:08:41.911000,,1,,False,,False,True
2023-06,FP2,0 days 01:11:14.658000,PIA,81,0 days 00:01:16.555000,25.0,6.0,,,0 days 00:00:19.881000,0 days 00:00:36.236000,0 days 00:00:20.438000,0 days 01:10:17.984000,0 days 01:10:54.220000,0 days 01:11:14.658000,203.0,190.0,257.0,278.0,False,MEDIUM,15.0,False,McLaren,0 days 01:09:58.103000,,1,,False,,False,True
2023-06,FP2,0 days 01:12:31.462000,PIA,81,0 days 00:01:16.804000,26.0,6.0,,,0 days 00:00:19.867000,0 days 00:00:36.319000,0 days 00:00:20.618000,0 days 01:11:34.525000,0 days 01:12:10.844000,0 days 01:12:31.462000,202.0,192.0,266.0,278.0,False,MEDIUM,16.0,False,McLaren,0 days 01:11:14.658000,,1,,False,,False,True
2023-06,FP2,0 days 01:13:49.738000,PIA,81,0 days 00:01:18.276000,27.0,6.0,,,0 days 00:00:20.711000,0 days 00:00:36.705000,0 days 00:00:20.860000,0 days 01:12:52.173000,0 days 01:13:28.878000,0 days 01:13:49.738000,195.0,190.0,256.0,279.0,False,MEDIUM,17.0,False,McLaren,0 days 01:12:31.462000,,1,,False,,False,True
2023-06,FP2,0 days 01:15:07.979000,PIA,81,0 days 00:01:18.241000,28.0,6.0,,,0 days 00:00:20.363000,0 days 00:00:37.098000,0 days 00:00:20.780000,0 days 01:14:10.101000,0 days 01:14:47.199000,0 days 01:15:07.979000,192.0,188.0,256.0,278.0,False,MEDIUM,18.0,False,McLaren,0 days 01:13:49.738000,,1,,False,,False,True
2023-06,FP2,0 days 01:17:45.178000,PIA,81,,29.0,6.0,,,0 days 00:00:33.916000,0 days 00:00:56.634000,0 days 00:01:06.638000,0 days 01:15:42.023000,0 days 01:16:38.632000,0 days 01:17:45.178000,98.0,111.0,81.0,122.0,False,MEDIUM,19.0,False,McLaren,0 days 01:15:07.979000,,126,,False,,False,False
2023-06,FP2,0 days 01:19:13.474000,PIA,81,,30.0,6.0,,0 days 01:19:13.474000,0 days 00:00:23.085000,0 days 00:00:43.600000,,0 days 01:18:08.365000,0 days 01:18:51.958000,,159.0,134.0,,229.0,False,MEDIUM,20.0,False,McLaren,0 days 01:17:45.178000,,6,,False,,False,False
2023-06,FP3,0 days 00:32:28.379000,VER,1,0 days 00:01:26.240000,1.0,1.0,0 days 00:31:02.847000,,0 days 00:00:24.487000,0 days 00:00:40.556000,0 days 00:00:21.197000,0 days 00:31:26.815000,0 days 00:32:07.361000,0 days 00:32:28.486000,189.0,184.0,264.0,269.0,False,SOFT,1.0,True,Red Bull Racing,0 days 00:31:02.847000,,1,,False,,False,False
2023-06,FP3,0 days 00:33:42.173000,VER,1,0 days 00:01:13.794000,2.0,1.0,,,0 days 00:00:19.251000,0 days 00:00:34.882000,0 days 00:00:19.661000,0 days 00:32:47.630000,0 days 00:33:22.512000,0 days 00:33:42.173000,215.0,196.0,265.0,280.0,True,SOFT,2.0,True,Red Bull Racing,0 days 00:32:28.379000,,1,,False,,False,True
2023-06,FP3,0 days 00:35:40.609000,VER,1,0 days 00:01:58.436000,3.0,1.0,,,0 days 00:00:30.405000,0 days 00:00:55.960000,0 days 00:00:32.071000,0 days 00:34:12.578000,0 days 00:35:08.538000,0 days 00:35:40.609000,101.0,110.0,98.0,145.0,False,SOFT,3.0,True,Red Bull Racing,0 days 00:33:42.173000,,1,,False,,False,True
2023-06,FP3,0 days 00:37:23.934000,VER,1,0 days 00:01:43.325000,4.0,1.0,,,0 days 00:00:31.337000,0 days 00:00:48.477000,0 days 00:00:23.511000,0 days 00:36:11.946000,0 days 00:37:00.423000,0 days 00:37:23.934000,117.0,144.0,266.0,225.0,False,SOFT,4.0,True,Red Bull Racing,0 days 00:35:40.609000,,1,,False,,False,True
2023-06,FP3,0 days 00:38:37.517000,VER,1,0 days 00:01:13.583000,5.0,1.0,,,0 days 00:00:19.290000,0 days 00:00:34.762000,0 days 00:00:19.531000,0 days 00:37:43.224000,0 days 00:38:17.986000,0 days 00:38:37.517000,215.0,194.0,266.0,280.0,True,SOFT,5.0,True,Red Bull Racing,0 days 00:37:23.934000,,1,,False,,False,True
2023-06,FP3,0 days 00:40:25.221000,VER,1,0 days 00:01:47.704000,6.0,1.0,,,0 days 00:00:29.137000,0 days 00:00:48.985000,0 days 00:00:29.582000,0 days 00:39:06.654000,0 days 00:39:55.639000,0 days 00:40:25.221000,130.0,126.0,218.0,156.0,False,SOFT,6.0,True,Red Bull Racing,0 days 00:38:37.517000,,1,,False,,False,True
2023-06,FP3,0 days 00:41:57.080000,VER,1,0 days 00:01:31.859000,7.0,1.0,,,0 days 00:00:28.188000,0 days 00:00:41.833000,0 days 00:00:21.838000,0 days 00:40:53.409000,0 days 00:41:35.242000,0 days 00:41:57.080000,167.0,168.0,269.0,231.0,False,SOFT,7.0,True,Red Bull Racing,0 days 00:40:25.221000,,1,,False,,False,True
2023-06,FP3,0 days 00:43:09.978000,VER,1,0 days 00:01:12.898000,8.0,1.0,,,0 days 00:00:19.065000,0 days 00:00:34.433000,0 days 00:00:19.400000,0 days 00:42:16.145000,0 days 00:42:50.578000,0 days 00:43:09.978000,216.0,200.0,269.0,280.0,True,SOFT,8.0,True,Red Bull Racing,0 days 00:41:57.080000,,1,,False,,False,True
2023-06,FP3,0 days 00:45:02.769000,VER,1,0 days 00:01:52.791000,9.0,1.0,,,0 days 00:00:29.819000,0 days 00:00:52.517000,0 days 00:00:30.455000,0 days 00:43:39.797000,0 days 00:44:32.314000,0 days 00:45:02.769000,120.0,131.0,170.0,149.0,False,SOFT,9.0,True,Red Bull Racing,0 days 00:43:09.978000,,1,,False,,False,True
2023-06,FP3,0 days 00:46:37.499000,VER,1,0 days 00:01:34.730000,10.0,1.0,,,0 days 00:00:27.937000,0 days 00:00:44.474000,0 days 00:00:22.319000,0 days 00:45:30.706000,0 days 00:46:15.180000,0 days 00:46:37.499000,163.0,165.0,269.0,255.0,False,SOFT,10.0,True,Red Bull Racing,0 days 00:45:02.769000,,1,,False,,False,True
2023-06,FP3,0 days 00:47:50.275000,VER,1,0 days 00:01:12.776000,11.0,1.0,,,0 days 00:00:18.954000,0 days 00:00:34.485000,0 days 00:00:19.337000,0 days 00:46:56.453000,0 days 00:47:30.938000,0 days 00:47:50.275000,216.0,198.0,269.0,279.0,True,SOFT,11.0,True,Red Bull Racing,0 days 00:46:37.499000,,1,,False,,False,True
2023-06,FP3,0 days 00:57:00.134000,VER,1,,12.0,1.0,,0 days 00:49:07.443000,0 days 00:00:21.151000,0 days 00:00:38.404000,,0 days 00:48:11.616000,0 days 00:48:49.990000,,173.0,181.0,,266.0,False,SOFT,12.0,True,Red Bull Racing,0 days 00:47:50.275000,,1,,False,,False,False
2023-06,FP3,0 days 00:58:49.617000,VER,1,0 days 00:01:49.483000,13.0,2.0,0 days 00:57:00.719000,,0 days 00:00:25.743000,0 days 00:00:43.993000,0 days 00:00:39.747000,0 days 00:57:25.877000,0 days 00:58:09.870000,0 days 00:58:49.617000,177.0,105.0,262.0,272.0,False,SOFT,1.0,True,Red Bull Racing,0 days 00:57:00.134000,,1,,False,,False,False
2023-06,FP3,0 days 01:00:23.210000,VER,1,0 days 00:01:33.593000,14.0,2.0,,,0 days 00:00:25.317000,0 days 00:00:42.124000,0 days 00:00:26.152000,0 days 00:59:14.934000,0 days 00:59:57.058000,0 days 01:00:23.210000,96.0,182.0,269.0,145.0,False,SOFT,2.0,True,Red Bull Racing,0 days 00:58:49.617000,,1,,False,,False,True
2023-06,FP3,0 days 01:01:36.031000,VER,1,0 days 00:01:12.821000,15.0,2.0,,,0 days 00:00:19.017000,0 days 00:00:34.303000,0 days 00:00:19.501000,0 days 01:00:42.227000,0 days 01:01:16.530000,0 days 01:01:36.031000,208.0,199.0,260.0,282.0,False,SOFT,3.0,True,Red Bull Racing,0 days 01:00:23.210000,,1,,False,,False,True
2023-06,FP3,0 days 01:03:29.027000,VER,1,0 days 00:01:52.996000,16.0,2.0,,,0 days 00:00:29.128000,0 days 00:00:48.500000,0 days 00:00:35.368000,0 days 01:02:05.159000,0 days 01:02:53.659000,0 days 01:03:29.027000,124.0,126.0,214.0,175.0,False,SOFT,4.0,True,Red Bull Racing,0 days 01:01:36.031000,,12,,False,,False,True
2023-06,FP3,0 days 01:05:24.516000,VER,1,0 days 00:01:55.489000,17.0,2.0,,,0 days 00:00:27.828000,0 days 00:00:53.135000,0 days 00:00:34.526000,0 days 01:03:56.855000,0 days 01:04:49.990000,0 days 01:05:24.516000,161.0,141.0,97.0,218.0,False,SOFT,5.0,True,Red Bull Racing,0 days 01:03:29.027000,,126,,False,,False,False
2023-06,FP3,0 days 01:07:28.194000,VER,1,0 days 00:02:03.678000,18.0,2.0,,,0 days 00:00:33.195000,0 days 00:01:00.196000,0 days 00:00:30.287000,0 days 01:05:57.711000,0 days 01:06:57.907000,0 days 01:07:28.194000,120.0,162.0,233.0,258.0,False,SOFT,6.0,True,Red Bull Racing,0 days 01:05:24.516000,,671,,False,,False,False
2023-06,FP3,0 days 01:09:08.445000,VER,1,,19.0,2.0,,0 days 01:09:08.445000,0 days 00:00:21.056000,,,0 days 01:07:49.321000,,,155.0,,,,False,SOFT,7.0,True,Red Bull Racing,0 days 01:07:28.194000,,125,,False,,False,False
2023-06,FP3,0 days 00:30:39.441000,SAR,2,0 days 00:01:48.128000,1.0,1.0,0 days 00:28:51.957000,,0 days 00:00:32.677000,0 days 00:00:41.960000,0 days 00:00:33.491000,0 days 00:29:24.144000,0 days 00:30:06.113000,0 days 00:30:39.503000,140.0,154.0,263.0,274.0,False,SOFT,1.0,True,Williams,0 days 00:28:51.957000,,1,,False,,False,False
2023-06,FP3,0 days 00:31:59.252000,SAR,2,0 days 00:01:19.811000,2.0,1.0,,,0 days 00:00:20.396000,0 days 00:00:35.811000,0 days 00:00:23.604000,0 days 00:30:59.837000,0 days 00:31:35.648000,0 days 00:31:59.252000,208.0,194.0,260.0,278.0,True,SOFT,2.0,True,Williams,0 days 00:30:39.441000,,1,,False,,False,True
2023-06,FP3,0 days 00:33:46.691000,SAR,2,0 days 00:01:47.439000,3.0,1.0,,,0 days 00:00:26.514000,0 days 00:00:49.904000,0 days 00:00:31.021000,0 days 00:32:25.766000,0 days 00:33:15.670000,0 days 00:33:46.691000,162.0,132.0,266.0,248.0,False,SOFT,3.0,True,Williams,0 days 00:31:59.252000,,1,,False,,False,True
2023-06,FP3,0 days 00:40:02.563000,SAR,2,,4.0,1.0,,0 days 00:34:58.750000,0 days 00:00:19.825000,0 days 00:00:35.364000,,0 days 00:34:06.704000,0 days 00:34:42.078000,,211.0,195.0,,280.0,False,SOFT,4.0,True,Williams,0 days 00:33:46.691000,,1,,False,,False,False
2023-06,FP3,0 days 00:41:34.798000,SAR,2,0 days 00:01:32.235000,5.0,2.0,0 days 00:40:03.231000,,0 days 00:00:27.306000,0 days 00:00:40.513000,0 days 00:00:24.416000,0 days 00:40:29.869000,0 days 00:41:10.382000,0 days 00:41:34.798000,165.0,160.0,263.0,273.0,False,SOFT,5.0,False,Williams,0 days 00:40:02.563000,,1,,False,,False,False
2023-06,FP3,0 days 00:42:49.445000,SAR,2,0 days 00:01:14.647000,6.0,2.0,,,0 days 00:00:19.474000,0 days 00:00:35.220000,0 days 00:00:19.953000,0 days 00:41:54.272000,0 days 00:42:29.492000,0 days 00:42:49.445000,207.0,196.0,265.0,278.0,True,SOFT,6.0,False,Williams,0 days 00:41:34.798000,,1,,False,,False,True
2023-06,FP3,0 days 00:44:27.981000,SAR,2,0 days 00:01:38.536000,7.0,2.0,,,0 days 00:00:27.938000,0 days 00:00:43.658000,0 days 00:00:26.940000,0 days 00:43:17.383000,0 days 00:44:01.041000,0 days 00:44:27.981000,129.0,156.0,265.0,261.0,False,SOFT,7.0,False,Williams,0 days 00:42:49.445000,,1,,False,,False,True
2023-06,FP3,0 days 00:45:42.399000,SAR,2,0 days 00:01:14.418000,8.0,2.0,,,0 days 00:00:19.437000,0 days 00:00:35.100000,0 days 00:00:19.881000,0 days 00:44:47.418000,0 days 00:45:22.518000,0 days 00:45:42.399000,208.0,198.0,266.0,277.0,True,SOFT,8.0,False,Williams,0 days 00:44:27.981000,,1,,False,,False,True
2023-06,FP3,0 days 00:47:16.239000,SAR,2,0 days 00:01:33.840000,9.0,2.0,,0 days 00:46:57.539000,0 days 00:00:23.242000,0 days 00:00:37.744000,0 days 00:00:32.854000,0 days 00:46:05.641000,0 days 00:46:43.385000,0 days 00:47:16.239000,180.0,190.0,,279.0,False,SOFT,9.0,False,Williams,0 days 00:45:42.399000,,1,,False,,False,False
2023-06,FP3,0 days 00:52:23.533000,SAR,2,,10.0,3.0,0 days 00:47:16.898000,0 days 00:48:37.194000,0 days 00:00:22.632000,0 days 00:00:42.681000,,0 days 00:47:39.038000,0 days 00:48:21.710000,,193.0,166.0,,247.0,False,SOFT,10.0,False,Williams,0 days 00:47:16.239000,,1,,False,,False,False
2023-06,FP3,0 days 00:53:52.338000,SAR,2,0 days 00:01:28.805000,11.0,4.0,0 days 00:52:24.222000,,0 days 00:00:27.153000,0 days 00:00:39.031000,0 days 00:00:22.621000,0 days 00:52:50.686000,0 days 00:53:29.717000,0 days 00:53:52.338000,175.0,170.0,266.0,274.0,False,SOFT,1.0,True,Williams,0 days 00:52:23.533000,,1,,False,,False,False
2023-06,FP3,0 days 00:55:06.189000,SAR,2,0 days 00:01:13.851000,12.0,4.0,,,0 days 00:00:19.235000,0 days 00:00:34.912000,0 days 00:00:19.704000,0 days 00:54:11.573000,0 days 00:54:46.485000,0 days 00:55:06.189000,212.0,197.0,268.0,280.0,True,SOFT,2.0,True,Williams,0 days 00:53:52.338000,,1,,False,,False,True
2023-06,FP3,0 days 00:56:58.973000,SAR,2,0 days 00:01:52.784000,13.0,4.0,,,0 days 00:00:29.102000,0 days 00:00:50.483000,0 days 00:00:33.199000,0 days 00:55:35.291000,0 days 00:56:25.774000,0 days 00:56:58.973000,139.0,84.0,268.0,258.0,False,SOFT,3.0,True,Williams,0 days 00:55:06.189000,,1,,False,,False,True
2023-06,FP3,0 days 00:58:14.788000,SAR,2,0 days 00:01:15.815000,14.0,4.0,,,0 days 00:00:19.416000,0 days 00:00:35.160000,0 days 00:00:21.239000,0 days 00:57:18.389000,0 days 00:57:53.549000,0 days 00:58:14.788000,212.0,198.0,267.0,282.0,False,SOFT,4.0,True,Williams,0 days 00:56:58.973000,,1,,False,,False,True
2023-06,FP3,0 days 01:00:00.553000,SAR,2,0 days 00:01:45.765000,15.0,4.0,,,0 days 00:00:29.670000,0 days 00:00:47.452000,0 days 00:00:28.643000,0 days 00:58:44.458000,0 days 00:59:31.910000,0 days 01:00:00.553000,128.0,77.0,236.0,239.0,False,SOFT,5.0,True,Williams,0 days 00:58:14.788000,,1,,False,,False,True
2023-06,FP3,0 days 01:01:45.570000,SAR,2,0 days 00:01:45.017000,16.0,4.0,,,0 days 00:00:27.352000,,,0 days 01:00:27.905000,,,119.0,77.0,266.0,196.0,False,SOFT,6.0,True,Williams,0 days 01:00:00.553000,,12,,False,,False,False
2023-06,FP3,0 days 01:03:25.247000,SAR,2,0 days 00:01:39.677000,17.0,4.0,,,0 days 00:00:21.053000,0 days 00:00:44.832000,0 days 00:00:33.792000,0 days 01:02:06.623000,0 days 01:02:51.455000,0 days 01:03:25.247000,161.0,160.0,267.0,223.0,False,SOFT,7.0,True,Williams,0 days 01:01:45.570000,,21,,False,,False,True
2023-06,FP3,0 days 01:04:49.140000,SAR,2,0 days 00:01:23.893000,18.0,4.0,,,0 days 00:00:19.476000,0 days 00:00:36.663000,0 days 00:00:27.754000,0 days 01:03:44.723000,0 days 01:04:21.386000,0 days 01:04:49.140000,211.0,195.0,115.0,282.0,False,SOFT,8.0,True,Williams,0 days 01:03:25.247000,,126,,False,,False,False
2023-06,FP3,0 days 01:06:56.009000,SAR,2,,19.0,4.0,,0 days 01:06:56.009000,0 days 00:00:35.613000,0 days 00:00:56.715000,,0 days 01:05:24.995000,0 days 01:06:21.650000,,79.0,135.0,,147.0,False,SOFT,9.0,True,Williams,0 days 01:04:49.140000,,671,,False,,False,False
2023-06,FP3,0 days 00:25:16.120000,NOR,4,0 days 00:01:30.288000,1.0,1.0,0 days 00:23:46.508000,,0 days 00:00:27.340000,0 days 00:00:41.397000,0 days 00:00:21.551000,0 days 00:24:13.367000,0 days 00:24:54.773000,0 days 00:25:16.257000,162.0,175.0,265.0,257.0,False,SOFT,1.0,True,McLaren,0 days 00:23:46.508000,,1,,False,,False,False
2023-06,FP3,0 days 00:26:31.961000,NOR,4,0 days 00:01:15.841000,2.0,1.0,,,0 days 00:00:19.804000,0 days 00:00:36.071000,0 days 00:00:19.966000,0 days 00:25:35.924000,0 days 00:26:11.995000,0 days 00:26:31.961000,205.0,193.0,264.0,278.0,True,SOFT,2.0,True,McLaren,0 days 00:25:16.120000,,1,,False,,False,True
2023-06,FP3,0 days 00:28:26.817000,NOR,4,0 days 00:01:54.856000,3.0,1.0,,,0 days 00:00:33.406000,0 days 00:00:52.880000,0 days 00:00:28.570000,0 days 00:27:05.367000,0 days 00:27:58.247000,0 days 00:28:26.817000,127.0,162.0,266.0,243.0,False,SOFT,3.0,True,McLaren,0 days 00:26:31.961000,,1,,False,,False,True
2023-06,FP3,0 days 00:29:41.722000,NOR,4,0 days 00:01:14.905000,4.0,1.0,,,0 days 00:00:19.715000,0 days 00:00:35.305000,0 days 00:00:19.885000,0 days 00:28:46.532000,0 days 00:29:21.837000,0 days 00:29:41.722000,210.0,196.0,265.0,279.0,True,SOFT,4.0,True,McLaren,0 days 00:28:26.817000,,1,,False,,False,True
2023-06,FP3,0 days 00:31:37.888000,NOR,4,0 days 00:01:56.166000,5.0,1.0,,,0 days 00:00:35.256000,0 days 00:00:50.101000,0 days 00:00:30.809000,0 days 00:30:16.978000,0 days 00:31:07.079000,0 days 00:31:37.888000,110.0,140.0,265.0,164.0,False,SOFT,5.0,True,McLaren,0 days 00:29:41.722000,,1,,False,,False,True
2023-06,FP3,0 days 00:32:52.477000,NOR,4,0 days 00:01:14.589000,6.0,1.0,,,0 days 00:00:19.523000,0 days 00:00:35.363000,0 days 00:00:19.703000,0 days 00:31:57.411000,0 days 00:32:32.774000,0 days 00:32:52.477000,210.0,196.0,267.0,280.0,True,SOFT,6.0,True,McLaren,0 days 00:31:37.888000,,1,,False,,False,True
2023-06,FP3,0 days 00:34:29.553000,NOR,4,0 days 00:01:37.076000,7.0,1.0,,,0 days 00:00:32.224000,0 days 00:00:42.812000,0 days 00:00:22.040000,0 days 00:33:24.701000,0 days 00:34:07.513000,0 days 00:34:29.553000,60.0,188.0,259.0,265.0,False,SOFT,7.0,True,McLaren,0 days 00:32:52.477000,,1,,False,,False,True
2023-06,FP3,0 days 00:35:46.312000,NOR,4,0 days 00:01:16.759000,8.0,1.0,,,0 days 00:00:20.358000,0 days 00:00:36.144000,0 days 00:00:20.257000,0 days 00:34:49.911000,0 days 00:35:26.055000,0 days 00:35:46.312000,199.0,192.0,259.0,280.0,False,SOFT,8.0,True,McLaren,0 days 00:34:29.553000,,1,,False,,False,True
2023-06,FP3,0 days 00:37:02.057000,NOR,4,0 days 00:01:15.745000,9.0,1.0,,,0 days 00:00:19.954000,0 days 00:00:35.618000,0 days 00:00:20.173000,0 days 00:36:06.266000,0 days 00:36:41.884000,0 days 00:37:02.057000,207.0,197.0,258.0,280.0,False,SOFT,9.0,True,McLaren,0 days 00:35:46.312000,,1,,False,,False,True
2023-06,FP3,0 days 00:38:17.261000,NOR,4,0 days 00:01:15.204000,10.0,1.0,,,0 days 00:00:19.631000,0 days 00:00:35.438000,0 days 00:00:20.135000,0 days 00:37:21.688000,0 days 00:37:57.126000,0 days 00:38:17.261000,211.0,198.0,261.0,283.0,False,SOFT,10.0,True,McLaren,0 days 00:37:02.057000,,1,,False,,False,True
2023-06,FP3,0 days 00:40:10.697000,NOR,4,0 days 00:01:53.436000,11.0,1.0,,0 days 00:39:34.731000,0 days 00:00:20.647000,0 days 00:00:39.009000,0 days 00:00:53.780000,0 days 00:38:37.908000,0 days 00:39:16.917000,0 days 00:40:10.697000,203.0,156.0,,221.0,False,SOFT,11.0,True,McLaren,0 days 00:38:17.261000,,1,,False,,False,False
2023-06,FP3,0 days 00:54:11.087000,NOR,4,,12.0,2.0,0 days 00:40:11.356000,0 days 00:41:36.339000,0 days 00:00:28.946000,0 days 00:00:40.347000,,0 days 00:40:39.840000,0 days 00:41:20.246000,,167.0,179.0,,239.0,False,SOFT,12.0,False,McLaren,0 days 00:40:10.697000,,1,,False,,False,False
2023-06,FP3,0 days 00:55:54.263000,NOR,4,0 days 00:01:43.176000,13.0,3.0,0 days 00:54:11.799000,,0 days 00:00:27.483000,0 days 00:00:43.403000,0 days 00:00:32.290000,0 days 00:54:38.570000,0 days 00:55:21.973000,0 days 00:55:54.263000,167.0,183.0,268.0,191.0,False,SOFT,1.0,True,McLaren,0 days 00:54:11.087000,,1,,False,,False,False
2023-06,FP3,0 days 00:57:19.258000,NOR,4,0 days 00:01:24.995000,14.0,3.0,,,0 days 00:00:19.252000,0 days 00:00:38.994000,0 days 00:00:26.749000,0 days 00:56:13.515000,0 days 00:56:52.509000,0 days 00:57:19.258000,215.0,144.0,200.0,281.0,False,SOFT,2.0,True,McLaren,0 days 00:55:54.263000,,1,,False,,False,True
2023-06,FP3,0 days 00:59:05.290000,NOR,4,0 days 00:01:46.032000,15.0,3.0,,,0 days 00:00:26.946000,0 days 00:00:47.890000,0 days 00:00:31.196000,0 days 00:57:46.204000,0 days 00:58:34.094000,0 days 00:59:05.290000,131.0,110.0,265.0,258.0,False,SOFT,3.0,True,McLaren,0 days 00:57:19.258000,,1,,False,,False,True
2023-06,FP3,0 days 01:00:18.686000,NOR,4,0 days 00:01:13.396000,16.0,3.0,,,0 days 00:00:19.322000,0 days 00:00:34.671000,0 days 00:00:19.403000,0 days 00:59:24.612000,0 days 00:59:59.283000,0 days 01:00:18.686000,214.0,201.0,267.0,280.0,True,SOFT,4.0,True,McLaren,0 days 00:59:05.290000,,1,,False,,False,True
2023-06,FP3,0 days 01:02:22.896000,NOR,4,0 days 00:02:04.210000,17.0,3.0,,,0 days 00:00:28.885000,0 days 00:00:56.110000,0 days 00:00:39.215000,0 days 01:00:47.571000,0 days 01:01:43.681000,0 days 01:02:22.896000,121.0,167.0,254.0,181.0,False,SOFT,5.0,True,McLaren,0 days 01:00:18.686000,,12,,False,,False,True
2023-06,FP3,0 days 01:03:37.737000,NOR,4,0 days 00:01:14.841000,18.0,3.0,,,0 days 00:00:20.531000,0 days 00:00:34.843000,0 days 00:00:19.467000,0 days 01:02:43.427000,0 days 01:03:18.270000,0 days 01:03:37.737000,214.0,202.0,267.0,280.0,False,SOFT,6.0,True,McLaren,0 days 01:02:22.896000,,21,,False,,False,True
2023-06,FP3,0 days 01:05:30.539000,NOR,4,0 days 00:01:52.802000,19.0,3.0,,,0 days 00:00:27.164000,0 days 00:00:56.395000,0 days 00:00:29.243000,0 days 01:04:04.901000,0 days 01:05:01.296000,0 days 01:05:30.539000,69.0,102.0,238.0,130.0,False,SOFT,7.0,True,McLaren,0 days 01:03:37.737000,,126,,False,,False,False
2023-06,FP3,0 days 01:07:32.537000,NOR,4,0 days 00:02:01.998000,20.0,3.0,,,0 days 00:00:30.346000,0 days 00:00:59.732000,0 days 00:00:31.920000,0 days 01:06:00.885000,0 days 01:07:00.617000,0 days 01:07:32.537000,88.0,80.0,266.0,244.0,False,SOFT,8.0,True,McLaren,0 days 01:05:30.539000,,671,,False,,False,False
2023-06,FP3,0 days 01:09:09.929000,NOR,4,,21.0,3.0,,0 days 01:09:09.929000,0 days 00:00:19.440000,,,0 days 01:07:52.227000,,,172.0,,,,False,SOFT,9.0,True,McLaren,0 days 01:07:32.537000,,125,,False,,False,False
2023-06,FP3,0 days 00:20:34.823000,GAS,10,0 days 00:01:30.591000,1.0,1.0,0 days 00:19:04.886000,,0 days 00:00:27.504000,0 days 00:00:40.352000,0 days 00:00:22.735000,0 days 00:19:31.933000,0 days 00:20:12.307000,0 days 00:20:34.916000,175.0,171.0,257.0,270.0,False,SOFT,1.0,True,Alpine,0 days 00:19:04.886000,,1,,False,,False,False
2023-06,FP3,0 days 00:22:03.487000,GAS,10,0 days 00:01:28.664000,2.0,1.0,,,0 days 00:00:20.255000,0 days 00:00:44.043000,0 days 00:00:24.366000,0 days 00:20:55.078000,0 days 00:21:39.121000,0 days 00:22:03.487000,207.0,145.0,262.0,199.0,True,SOFT,2.0,True,Alpine,0 days 00:20:34.823000,,12,,False,,False,True
2023-06,FP3,0 days 00:23:19.477000,GAS,10,0 days 00:01:15.990000,3.0,1.0,,,0 days 00:00:20.227000,0 days 00:00:35.661000,0 days 00:00:20.102000,0 days 00:22:23.714000,0 days 00:22:59.375000,0 days 00:23:19.477000,209.0,193.0,262.0,275.0,True,SOFT,3.0,True,Alpine,0 days 00:22:03.487000,,1,,False,,False,True
2023-06,FP3,0 days 00:25:09.956000,GAS,10,0 days 00:01:50.479000,4.0,1.0,,,0 days 00:00:34.474000,0 days 00:00:50.766000,0 days 00:00:25.239000,0 days 00:23:53.951000,0 days 00:24:44.717000,0 days 00:25:09.956000,137.0,128.0,262.0,183.0,False,SOFT,4.0,True,Alpine,0 days 00:23:19.477000,,1,,False,,False,True
2023-06,FP3,0 days 00:26:25.548000,GAS,10,0 days 00:01:15.592000,5.0,1.0,,,0 days 00:00:20.019000,0 days 00:00:35.477000,0 days 00:00:20.096000,0 days 00:25:29.975000,0 days 00:26:05.452000,0 days 00:26:25.548000,210.0,193.0,263.0,278.0,True,SOFT,5.0,True,Alpine,0 days 00:25:09.956000,,1,,False,,False,True
2023-06,FP3,0 days 00:28:21.132000,GAS,10,0 days 00:01:55.584000,6.0,1.0,,,0 days 00:00:34.249000,0 days 00:00:50.417000,0 days 00:00:30.918000,0 days 00:26:59.797000,0 days 00:27:50.214000,0 days 00:28:21.132000,66.0,160.0,264.0,206.0,False,SOFT,6.0,True,Alpine,0 days 00:26:25.548000,,1,,False,,False,True
2023-06,FP3,0 days 00:29:36.253000,GAS,10,0 days 00:01:15.121000,7.0,1.0,,,0 days 00:00:19.778000,0 days 00:00:35.371000,0 days 00:00:19.972000,0 days 00:28:40.910000,0 days 00:29:16.281000,0 days 00:29:36.253000,209.0,193.0,262.0,279.0,True,SOFT,7.0,True,Alpine,0 days 00:28:21.132000,,1,,False,,False,True
2023-06,FP3,0 days 00:31:27.264000,GAS,10,0 days 00:01:51.011000,8.0,1.0,,,0 days 00:00:31.279000,0 days 00:00:52.118000,0 days 00:00:27.614000,0 days 00:30:07.532000,0 days 00:30:59.650000,0 days 00:31:27.264000,116.0,148.0,264.0,213.0,False,SOFT,8.0,True,Alpine,0 days 00:29:36.253000,,1,,False,,False,True
2023-06,FP3,0 days 00:32:41.972000,GAS,10,0 days 00:01:14.708000,9.0,1.0,,,0 days 00:00:19.591000,0 days 00:00:35.282000,0 days 00:00:19.835000,0 days 00:31:46.855000,0 days 00:32:22.137000,0 days 00:32:41.972000,216.0,197.0,263.0,278.0,True,SOFT,9.0,True,Alpine,0 days 00:31:27.264000,,1,,False,,False,True
2023-06,FP3,0 days 00:34:28.460000,GAS,10,0 days 00:01:46.488000,10.0,1.0,,,0 days 00:00:33.208000,0 days 00:00:48.191000,0 days 00:00:25.089000,0 days 00:33:15.180000,0 days 00:34:03.371000,0 days 00:34:28.460000,129.0,140.0,263.0,227.0,False,SOFT,10.0,True,Alpine,0 days 00:32:41.972000,,1,,False,,False,True
2023-06,FP3,0 days 00:35:42.902000,GAS,10,0 days 00:01:14.442000,11.0,1.0,,,0 days 00:00:19.537000,0 days 00:00:35.136000,0 days 00:00:19.769000,0 days 00:34:47.997000,0 days 00:35:23.133000,0 days 00:35:42.902000,217.0,196.0,264.0,278.0,True,SOFT,11.0,True,Alpine,0 days 00:34:28.460000,,1,,False,,False,True
2023-06,FP3,0 days 00:49:16.808000,GAS,10,,12.0,1.0,,0 days 00:37:19.014000,0 days 00:00:31.814000,0 days 00:00:48.313000,,0 days 00:36:14.905000,0 days 00:37:03.249000,,72.0,154.0,,238.0,False,SOFT,12.0,True,Alpine,0 days 00:35:42.902000,,1,,False,,False,False
2023-06,FP3,0 days 00:50:43.196000,GAS,10,0 days 00:01:26.388000,13.0,2.0,0 days 00:49:17.506000,,0 days 00:00:25.207000,0 days 00:00:39.245000,0 days 00:00:21.936000,0 days 00:49:42.015000,0 days 00:50:21.260000,0 days 00:50:43.196000,190.0,167.0,264.0,271.0,False,SOFT,13.0,False,Alpine,0 days 00:49:16.808000,,1,,False,,False,False
2023-06,FP3,0 days 00:51:56.873000,GAS,10,0 days 00:01:13.677000,14.0,2.0,,,0 days 00:00:19.367000,0 days 00:00:34.671000,0 days 00:00:19.639000,0 days 00:51:02.563000,0 days 00:51:37.234000,0 days 00:51:56.873000,217.0,200.0,263.0,277.0,True,SOFT,14.0,False,Alpine,0 days 00:50:43.196000,,1,,False,,False,True
2023-06,FP3,0 days 00:53:55.104000,GAS,10,0 days 00:01:58.231000,15.0,2.0,,0 days 00:53:17.003000,0 days 00:00:23.089000,0 days 00:00:41.316000,0 days 00:00:53.826000,0 days 00:52:19.962000,0 days 00:53:01.278000,0 days 00:53:55.104000,170.0,147.0,,261.0,False,SOFT,15.0,False,Alpine,0 days 00:51:56.873000,,1,,False,,False,False
2023-06,FP3,0 days 00:55:24.938000,GAS,10,0 days 00:01:29.834000,16.0,3.0,0 days 00:53:55.815000,,0 days 00:00:27.548000,0 days 00:00:39.770000,0 days 00:00:22.516000,0 days 00:54:22.652000,0 days 00:55:02.422000,0 days 00:55:24.938000,186.0,156.0,265.0,277.0,False,SOFT,1.0,True,Alpine,0 days 00:53:55.104000,,1,,False,,False,False
2023-06,FP3,0 days 00:56:38.391000,GAS,10,0 days 00:01:13.453000,17.0,3.0,,,0 days 00:00:19.302000,0 days 00:00:34.578000,0 days 00:00:19.573000,0 days 00:55:44.240000,0 days 00:56:18.818000,0 days 00:56:38.391000,218.0,199.0,263.0,280.0,True,SOFT,2.0,True,Alpine,0 days 00:55:24.938000,,1,,False,,False,True
2023-06,FP3,0 days 00:58:18.170000,GAS,10,0 days 00:01:39.779000,18.0,3.0,,,0 days 00:00:27.211000,0 days 00:00:43.024000,0 days 00:00:29.544000,0 days 00:57:05.602000,0 days 00:57:48.626000,0 days 00:58:18.170000,65.0,161.0,266.0,263.0,False,SOFT,3.0,True,Alpine,0 days 00:56:38.391000,,1,,False,,False,True
2023-06,FP3,0 days 00:59:34.545000,GAS,10,0 days 00:01:16.375000,19.0,3.0,,,0 days 00:00:19.377000,0 days 00:00:34.840000,0 days 00:00:22.158000,0 days 00:58:37.547000,0 days 00:59:12.387000,0 days 00:59:34.545000,217.0,198.0,242.0,280.0,False,SOFT,4.0,True,Alpine,0 days 00:58:18.170000,,1,,False,,False,True
2023-06,FP3,0 days 01:01:34.275000,GAS,10,0 days 00:01:59.730000,20.0,3.0,,,0 days 00:00:30.709000,0 days 00:00:55.300000,0 days 00:00:33.721000,0 days 01:00:05.254000,0 days 01:01:00.554000,0 days 01:01:34.275000,88.0,122.0,123.0,185.0,False,SOFT,5.0,True,Alpine,0 days 00:59:34.545000,,1,,False,,False,True
2023-06,FP3,0 days 01:03:32.536000,GAS,10,0 days 00:01:58.261000,21.0,3.0,,,0 days 00:00:31.706000,0 days 00:00:52.593000,0 days 00:00:33.962000,0 days 01:02:05.981000,0 days 01:02:58.574000,0 days 01:03:32.536000,147.0,135.0,266.0,171.0,False,SOFT,6.0,True,Alpine,0 days 01:01:34.275000,,12,,False,,False,True
2023-06,FP3,0 days 01:05:23.508000,GAS,10,0 days 00:01:50.972000,22.0,3.0,,,0 days 00:00:19.214000,0 days 00:00:53.710000,0 days 00:00:38.048000,0 days 01:03:51.750000,0 days 01:04:45.460000,0 days 01:05:23.508000,220.0,106.0,81.0,191.0,False,SOFT,7.0,True,Alpine,0 days 01:03:32.536000,,126,,False,,False,False
2023-06,FP3,0 days 01:07:23.086000,GAS,10,0 days 00:01:59.578000,23.0,3.0,,,0 days 00:00:33.490000,0 days 00:00:49.034000,0 days 00:00:37.054000,0 days 01:05:56.998000,0 days 01:06:46.032000,0 days 01:07:23.086000,121.0,133.0,266.0,241.0,False,SOFT,8.0,True,Alpine,0 days 01:05:23.508000,,671,,False,,False,False
2023-06,FP3,0 days 01:09:06.086000,GAS,10,,24.0,3.0,,0 days 01:09:06.086000,0 days 00:00:19.315000,,,0 days 01:07:42.602000,,,211.0,,,,False,SOFT,9.0,True,Alpine,0 days 01:07:23.086000,,125,,False,,False,False
2023-06,FP3,0 days 00:20:28.196000,PER,11,0 days 00:01:36.689000,1.0,1.0,0 days 00:18:52.183000,,0 days 00:00:29.452000,0 days 00:00:44.807000,0 days 00:00:22.430000,0 days 00:19:21.151000,0 days 00:20:05.932000,0 days 00:20:28.291000,116.0,176.0,261.0,240.0,False,SOFT,1.0,True,Red Bull Racing,0 days 00:18:52.183000,,1,,False,,False,False
2023-06,FP3,0 days 00:21:43.837000,PER,11,0 days 00:01:15.641000,2.0,1.0,,,0 days 00:00:20.074000,0 days 00:00:35.400000,0 days 00:00:20.167000,0 days 00:20:48.270000,0 days 00:21:23.670000,0 days 00:21:43.837000,206.0,197.0,262.0,274.0,True,SOFT,2.0,True,Red Bull Racing,0 days 00:20:28.196000,,12,,False,,False,True
2023-06,FP3,0 days 00:23:39.383000,PER,11,0 days 00:01:55.546000,3.0,1.0,,,0 days 00:00:32.052000,0 days 00:00:53.192000,0 days 00:00:30.302000,0 days 00:22:15.889000,0 days 00:23:09.081000,0 days 00:23:39.383000,108.0,121.0,187.0,193.0,False,SOFT,3.0,True,Red Bull Racing,0 days 00:21:43.837000,,1,,False,,False,True
2023-06,FP3,0 days 00:25:31.880000,PER,11,0 days 00:01:52.497000,4.0,1.0,,,0 days 00:00:29.704000,0 days 00:00:55.949000,0 days 00:00:26.844000,0 days 00:24:09.087000,0 days 00:25:05.036000,0 days 00:25:31.880000,114.0,116.0,264.0,256.0,False,SOFT,4.0,True,Red Bull Racing,0 days 00:23:39.383000,,1,,False,,False,True
2023-06,FP3,0 days 00:26:46.870000,PER,11,0 days 00:01:14.990000,5.0,1.0,,,0 days 00:00:19.853000,0 days 00:00:35.259000,0 days 00:00:19.878000,0 days 00:25:51.733000,0 days 00:26:26.992000,0 days 00:26:46.870000,209.0,198.0,264.0,279.0,True,SOFT,5.0,True,Red Bull Racing,0 days 00:25:31.880000,,1,,False,,False,True
2023-06,FP3,0 days 00:28:53.880000,PER,11,0 days 00:02:07.010000,6.0,1.0,,,0 days 00:00:33.893000,0 days 00:00:58.438000,0 days 00:00:34.679000,0 days 00:27:20.763000,0 days 00:28:19.201000,0 days 00:28:53.880000,43.0,115.0,162.0,178.0,False,SOFT,6.0,True,Red Bull Racing,0 days 00:26:46.870000,,1,,False,,False,True
2023-06,FP3,0 days 00:30:45.593000,PER,11,0 days 00:01:51.713000,7.0,1.0,,,0 days 00:00:30.483000,0 days 00:00:50.959000,0 days 00:00:30.271000,0 days 00:29:24.363000,0 days 00:30:15.322000,0 days 00:30:45.593000,107.0,118.0,267.0,249.0,False,SOFT,7.0,True,Red Bull Racing,0 days 00:28:53.880000,,1,,False,,False,True
2023-06,FP3,0 days 00:31:59.970000,PER,11,0 days 00:01:14.377000,8.0,1.0,,,0 days 00:00:19.522000,0 days 00:00:35.085000,0 days 00:00:19.770000,0 days 00:31:05.115000,0 days 00:31:40.200000,0 days 00:31:59.970000,212.0,198.0,270.0,282.0,True,SOFT,8.0,True,Red Bull Racing,0 days 00:30:45.593000,,1,,False,,False,True
2023-06,FP3,0 days 00:33:55.752000,PER,11,0 days 00:01:55.782000,9.0,1.0,,,0 days 00:00:29.536000,0 days 00:00:55.422000,0 days 00:00:30.824000,0 days 00:32:29.506000,0 days 00:33:24.928000,0 days 00:33:55.752000,60.0,122.0,148.0,200.0,False,SOFT,9.0,True,Red Bull Racing,0 days 00:31:59.970000,,1,,False,,False,True
2023-06,FP3,0 days 00:35:59.088000,PER,11,0 days 00:02:03.336000,10.0,1.0,,,0 days 00:00:34.291000,0 days 00:00:58.779000,0 days 00:00:30.266000,0 days 00:34:30.043000,0 days 00:35:28.822000,0 days 00:35:59.088000,102.0,105.0,269.0,149.0,False,SOFT,10.0,True,Red Bull Racing,0 days 00:33:55.752000,,1,,False,,False,True
2023-06,FP3,0 days 00:37:12.675000,PER,11,0 days 00:01:13.587000,11.0,1.0,,,0 days 00:00:19.291000,0 days 00:00:34.737000,0 days 00:00:19.559000,0 days 00:36:18.379000,0 days 00:36:53.116000,0 days 00:37:12.675000,213.0,197.0,270.0,281.0,True,SOFT,11.0,True,Red Bull Racing,0 days 00:35:59.088000,,1,,False,,False,True
2023-06,FP3,0 days 00:39:05.438000,PER,11,0 days 00:01:52.763000,12.0,1.0,,,0 days 00:00:31.699000,0 days 00:00:48.022000,0 days 00:00:33.042000,0 days 00:37:44.374000,0 days 00:38:32.396000,0 days 00:39:05.438000,83.0,117.0,203.0,236.0,False,SOFT,12.0,True,Red Bull Racing,0 days 00:37:12.675000,,1,,False,,False,True
2023-06,FP3,0 days 00:41:14.236000,PER,11,0 days 00:02:08.798000,13.0,1.0,,,0 days 00:00:31.809000,0 days 00:01:00.108000,0 days 00:00:36.881000,0 days 00:39:37.247000,0 days 00:40:37.355000,0 days 00:41:14.236000,109.0,99.0,268.0,173.0,False,SOFT,13.0,True,Red Bull Racing,0 days 00:39:05.438000,,1,,False,,False,True
2023-06,FP3,0 days 00:42:27.525000,PER,11,0 days 00:01:13.289000,14.0,1.0,,,0 days 00:00:19.270000,0 days 00:00:34.487000,0 days 00:00:19.532000,0 days 00:41:33.506000,0 days 00:42:07.993000,0 days 00:42:27.525000,215.0,197.0,271.0,282.0,True,SOFT,14.0,True,Red Bull Racing,0 days 00:41:14.236000,,1,,False,,False,True
2023-06,FP3,0 days 00:44:20.908000,PER,11,0 days 00:01:53.383000,15.0,1.0,,,0 days 00:00:28.974000,0 days 00:00:52.337000,0 days 00:00:32.072000,0 days 00:42:56.499000,0 days 00:43:48.836000,0 days 00:44:20.908000,112.0,107.0,147.0,166.0,False,SOFT,15.0,True,Red Bull Racing,0 days 00:42:27.525000,,1,,False,,False,True
2023-06,FP3,0 days 00:46:15.124000,PER,11,0 days 00:01:54.216000,16.0,1.0,,,0 days 00:00:33.887000,0 days 00:00:53.265000,0 days 00:00:27.064000,0 days 00:44:54.795000,0 days 00:45:48.060000,0 days 00:46:15.124000,106.0,85.0,267.0,176.0,False,SOFT,16.0,True,Red Bull Racing,0 days 00:44:20.908000,,1,,False,,False,True
2023-06,FP3,0 days 00:47:27.973000,PER,11,0 days 00:01:12.849000,17.0,1.0,,,0 days 00:00:19.082000,0 days 00:00:34.471000,0 days 00:00:19.296000,0 days 00:46:34.206000,0 days 00:47:08.677000,0 days 00:47:27.973000,213.0,204.0,269.0,280.0,True,SOFT,17.0,True,Red Bull Racing,0 days 00:46:15.124000,,1,,False,,False,True
2023-06,FP3,0 days 00:57:51.012000,PER,11,,18.0,1.0,,0 days 00:48:51.084000,0 days 00:00:24.882000,0 days 00:00:42.336000,,0 days 00:47:53.069000,0 days 00:48:35.397000,,136.0,157.0,,226.0,False,SOFT,18.0,True,Red Bull Racing,0 days 00:47:27.973000,,1,,False,,False,False
2023-06,FP3,0 days 00:59:36.593000,PER,11,0 days 00:01:45.581000,19.0,2.0,0 days 00:57:51.625000,,0 days 00:00:30.141000,0 days 00:00:48.378000,0 days 00:00:27.062000,0 days 00:58:21.153000,0 days 00:59:09.531000,0 days 00:59:36.593000,129.0,133.0,267.0,254.0,False,SOFT,1.0,True,Red Bull Racing,0 days 00:57:51.012000,,1,,False,,False,False
2023-06,FP3,0 days 01:01:15.390000,PER,11,0 days 00:01:38.797000,20.0,2.0,,,0 days 00:00:25.560000,0 days 00:00:46.271000,0 days 00:00:26.966000,0 days 01:00:02.153000,0 days 01:00:48.424000,0 days 01:01:15.390000,80.0,128.0,268.0,240.0,False,SOFT,2.0,True,Red Bull Racing,0 days 00:59:36.593000,,1,,False,,False,True
2023-06,FP3,0 days 01:02:28.403000,PER,11,0 days 00:01:13.013000,21.0,2.0,,,0 days 00:00:18.963000,0 days 00:00:34.360000,0 days 00:00:19.690000,0 days 01:01:34.353000,0 days 01:02:08.713000,0 days 01:02:28.403000,218.0,204.0,260.0,281.0,False,SOFT,3.0,True,Red Bull Racing,0 days 01:01:15.390000,,12,,False,,False,True
2023-06,FP3,0 days 01:04:32.323000,PER,11,0 days 00:02:03.920000,22.0,2.0,,,0 days 00:00:32.732000,0 days 00:00:57.499000,0 days 00:00:33.689000,0 days 01:03:01.135000,0 days 01:03:58.634000,0 days 01:04:32.323000,105.0,114.0,163.0,157.0,False,SOFT,4.0,True,Red Bull Racing,0 days 01:02:28.403000,,21,,False,,False,True
2023-06,FP3,0 days 01:06:46.098000,PER,11,0 days 00:02:13.775000,23.0,2.0,,,0 days 00:00:38.865000,0 days 00:01:00.139000,0 days 00:00:34.771000,0 days 01:05:11.188000,0 days 01:06:11.327000,0 days 01:06:46.098000,95.0,100.0,216.0,152.0,False,SOFT,5.0,True,Red Bull Racing,0 days 01:04:32.323000,,267,,False,,False,False
2023-06,FP3,0 days 01:08:23.680000,PER,11,,24.0,2.0,,0 days 01:08:23.680000,0 days 00:00:25.663000,,,0 days 01:07:11.900000,,,154.0,,,238.0,False,SOFT,6.0,True,Red Bull Racing,0 days 01:06:46.098000,,7125,,False,,False,False
2023-06,FP3,0 days 00:16:41.528000,ALO,14,0 days 00:01:48.770000,1.0,1.0,0 days 00:14:53.358000,0 days 00:16:16.794000,0 days 00:00:27.103000,0 days 00:00:40.799000,0 days 00:00:40.868000,0 days 00:15:19.935000,0 days 00:16:00.732000,0 days 00:16:41.528000,167.0,165.0,,272.0,False,MEDIUM,1.0,True,Aston Martin,0 days 00:14:53.358000,,1,,False,,False,False
2023-06,FP3,0 days 00:28:46.271000,ALO,14,,2.0,2.0,0 days 00:16:42.122000,0 days 00:18:01.559000,0 days 00:00:24.816000,0 days 00:00:39.239000,,0 days 00:17:06.419000,0 days 00:17:45.653000,,186.0,177.0,,273.0,False,HARD,1.0,True,Aston Martin,0 days 00:16:41.528000,,12,,False,,False,False
2023-06,FP3,0 days 00:30:12.784000,ALO,14,0 days 00:01:26.513000,3.0,3.0,0 days 00:28:47.020000,,0 days 00:00:26.263000,0 days 00:00:38.389000,0 days 00:00:21.861000,0 days 00:29:12.534000,0 days 00:29:50.923000,0 days 00:30:12.784000,176.0,175.0,258.0,274.0,False,SOFT,1.0,True,Aston Martin,0 days 00:28:46.271000,,1,,False,,False,False
2023-06,FP3,0 days 00:31:46.980000,ALO,14,0 days 00:01:34.196000,4.0,3.0,,,0 days 00:00:20.908000,0 days 00:00:39.388000,0 days 00:00:33.900000,0 days 00:30:33.692000,0 days 00:31:13.080000,0 days 00:31:46.980000,195.0,173.0,263.0,262.0,True,SOFT,2.0,True,Aston Martin,0 days 00:30:12.784000,,1,,False,,False,True
2023-06,FP3,0 days 00:33:01.582000,ALO,14,0 days 00:01:14.602000,5.0,3.0,,,0 days 00:00:19.617000,0 days 00:00:35.157000,0 days 00:00:19.828000,0 days 00:32:06.597000,0 days 00:32:41.754000,0 days 00:33:01.582000,210.0,196.0,268.0,278.0,True,SOFT,3.0,True,Aston Martin,0 days 00:31:46.980000,,1,,False,,False,True
2023-06,FP3,0 days 00:34:41.974000,ALO,14,0 days 00:01:40.392000,6.0,3.0,,,0 days 00:00:25.958000,0 days 00:00:50.811000,0 days 00:00:23.623000,0 days 00:33:27.540000,0 days 00:34:18.351000,0 days 00:34:41.974000,127.0,153.0,268.0,168.0,False,SOFT,4.0,True,Aston Martin,0 days 00:33:01.582000,,1,,False,,False,True
2023-06,FP3,0 days 00:35:55.671000,ALO,14,0 days 00:01:13.697000,7.0,3.0,,,0 days 00:00:19.146000,0 days 00:00:34.792000,0 days 00:00:19.759000,0 days 00:35:01.120000,0 days 00:35:35.912000,0 days 00:35:55.671000,215.0,198.0,268.0,280.0,True,SOFT,5.0,True,Aston Martin,0 days 00:34:41.974000,,1,,False,,False,True
2023-06,FP3,0 days 00:37:46.701000,ALO,14,0 days 00:01:51.030000,8.0,3.0,,,0 days 00:00:30.759000,0 days 00:00:53.980000,0 days 00:00:26.291000,0 days 00:36:26.430000,0 days 00:37:20.410000,0 days 00:37:46.701000,128.0,113.0,267.0,181.0,False,SOFT,6.0,True,Aston Martin,0 days 00:35:55.671000,,1,,False,,False,True
2023-06,FP3,0 days 00:39:04.290000,ALO,14,0 days 00:01:17.589000,9.0,3.0,,,0 days 00:00:19.257000,0 days 00:00:34.743000,0 days 00:00:23.589000,0 days 00:38:05.958000,0 days 00:38:40.701000,0 days 00:39:04.290000,213.0,198.0,228.0,280.0,False,SOFT,7.0,True,Aston Martin,0 days 00:37:46.701000,,1,,False,,False,True
2023-06,FP3,0 days 00:40:55.966000,ALO,14,0 days 00:01:51.676000,10.0,3.0,,,0 days 00:00:26.184000,0 days 00:00:58.367000,0 days 00:00:27.125000,0 days 00:39:30.474000,0 days 00:40:28.841000,0 days 00:40:55.966000,128.0,141.0,263.0,179.0,False,SOFT,8.0,True,Aston Martin,0 days 00:39:04.290000,,1,,False,,False,True
2023-06,FP3,0 days 00:42:10.130000,ALO,14,0 days 00:01:14.164000,11.0,3.0,,,0 days 00:00:19.171000,0 days 00:00:35.052000,0 days 00:00:19.941000,0 days 00:41:15.137000,0 days 00:41:50.189000,0 days 00:42:10.130000,217.0,197.0,264.0,279.0,False,SOFT,9.0,True,Aston Martin,0 days 00:40:55.966000,,1,,False,,False,True
2023-06,FP3,0 days 00:57:18.215000,ALO,14,,12.0,3.0,,0 days 00:43:38.744000,0 days 00:00:26.656000,0 days 00:00:43.731000,,0 days 00:42:36.963000,0 days 00:43:20.729000,,154.0,151.0,,224.0,False,SOFT,10.0,True,Aston Martin,0 days 00:42:10.130000,,1,,False,,False,False
2023-06,FP3,0 days 00:58:56.065000,ALO,14,0 days 00:01:37.850000,13.0,4.0,0 days 00:57:18.828000,,0 days 00:00:25.197000,0 days 00:00:40.380000,0 days 00:00:32.273000,0 days 00:57:43.412000,0 days 00:58:23.792000,0 days 00:58:56.065000,186.0,177.0,264.0,234.0,False,SOFT,1.0,True,Aston Martin,0 days 00:57:18.215000,,1,,False,,False,False
2023-06,FP3,0 days 01:00:09.842000,ALO,14,0 days 00:01:13.777000,14.0,4.0,,,0 days 00:00:19.531000,0 days 00:00:34.639000,0 days 00:00:19.607000,0 days 00:59:15.596000,0 days 00:59:50.235000,0 days 01:00:09.842000,213.0,200.0,266.0,278.0,False,SOFT,2.0,True,Aston Martin,0 days 00:58:56.065000,,1,,False,,False,True
2023-06,FP3,0 days 01:02:00.907000,ALO,14,0 days 00:01:51.065000,15.0,4.0,,,0 days 00:00:31.499000,0 days 00:00:53.137000,0 days 00:00:26.429000,0 days 01:00:41.341000,0 days 01:01:34.478000,0 days 01:02:00.907000,83.0,156.0,244.0,125.0,False,SOFT,3.0,True,Aston Martin,0 days 01:00:09.842000,,12,,False,,False,True
2023-06,FP3,0 days 01:03:46.519000,ALO,14,0 days 00:01:45.612000,16.0,4.0,,,0 days 00:00:27.621000,0 days 00:00:55.048000,0 days 00:00:22.943000,0 days 01:02:28.528000,0 days 01:03:23.576000,0 days 01:03:46.519000,114.0,121.0,267.0,207.0,False,SOFT,4.0,True,Aston Martin,0 days 01:02:00.907000,,21,,False,,False,True
2023-06,FP3,0 days 01:07:40.227000,ALO,14,,17.0,4.0,,0 days 01:05:15.760000,0 days 00:00:18.950000,0 days 00:00:51.941000,,0 days 01:04:05.964000,0 days 01:04:57.510000,,218.0,155.0,,132.0,False,SOFT,5.0,True,Aston Martin,0 days 01:03:46.519000,,1267,,False,,False,False
2023-06,FP3,0 days 00:26:40.363000,LEC,16,0 days 00:01:46.733000,1.0,1.0,0 days 00:24:54.226000,,0 days 00:00:28.381000,0 days 00:00:53.425000,0 days 00:00:24.927000,0 days 00:25:22.163000,0 days 00:26:15.615000,0 days 00:26:40.412000,164.0,133.0,263.0,175.0,False,SOFT,1.0,True,Ferrari,0 days 00:24:54.226000,,1,,False,,False,False
2023-06,FP3,0 days 00:27:55.786000,LEC,16,0 days 00:01:15.423000,2.0,1.0,,,0 days 00:00:20.045000,0 days 00:00:35.402000,0 days 00:00:19.976000,0 days 00:27:00.408000,0 days 00:27:35.810000,0 days 00:27:55.786000,210.0,190.0,266.0,278.0,True,SOFT,2.0,True,Ferrari,0 days 00:26:40.363000,,1,,False,,False,True
2023-06,FP3,0 days 00:29:55.656000,LEC,16,0 days 00:01:59.870000,3.0,1.0,,,0 days 00:00:32.971000,0 days 00:00:58.326000,0 days 00:00:28.573000,0 days 00:28:28.757000,0 days 00:29:27.083000,0 days 00:29:55.656000,99.0,143.0,264.0,132.0,False,SOFT,3.0,True,Ferrari,0 days 00:27:55.786000,,1,,False,,False,True
2023-06,FP3,0 days 00:31:10.567000,LEC,16,0 days 00:01:14.911000,4.0,1.0,,,0 days 00:00:19.734000,0 days 00:00:35.278000,0 days 00:00:19.899000,0 days 00:30:15.390000,0 days 00:30:50.668000,0 days 00:31:10.567000,213.0,195.0,265.0,276.0,True,SOFT,4.0,True,Ferrari,0 days 00:29:55.656000,,1,,False,,False,True
2023-06,FP3,0 days 00:33:45.494000,LEC,16,,5.0,1.0,,0 days 00:32:51.502000,0 days 00:00:26.637000,0 days 00:00:55.945000,0 days 00:01:12.359000,0 days 00:31:37.362000,0 days 00:32:33.361000,0 days 00:33:45.610000,106.0,83.0,,217.0,False,SOFT,5.0,True,Ferrari,0 days 00:31:10.567000,,1,,False,,False,False
2023-06,FP3,0 days 00:35:41.505000,LEC,16,0 days 00:01:56.011000,6.0,2.0,0 days 00:33:46.188000,,0 days 00:00:31.984000,0 days 00:00:55.745000,0 days 00:00:28.282000,0 days 00:34:17.478000,0 days 00:35:13.223000,0 days 00:35:41.505000,71.0,109.0,264.0,167.0,False,SOFT,6.0,False,Ferrari,0 days 00:33:45.494000,,1,,False,,False,False
2023-06,FP3,0 days 00:37:16.965000,LEC,16,0 days 00:01:35.460000,7.0,2.0,,,0 days 00:00:19.550000,0 days 00:00:45.107000,0 days 00:00:30.803000,0 days 00:36:01.055000,0 days 00:36:46.162000,0 days 00:37:16.965000,217.0,150.0,265.0,180.0,False,SOFT,7.0,False,Ferrari,0 days 00:35:41.505000,,1,,False,,False,True
2023-06,FP3,0 days 00:38:31.297000,LEC,16,0 days 00:01:14.332000,8.0,2.0,,,0 days 00:00:19.559000,0 days 00:00:35.039000,0 days 00:00:19.734000,0 days 00:37:36.524000,0 days 00:38:11.563000,0 days 00:38:31.297000,214.0,194.0,267.0,280.0,True,SOFT,8.0,False,Ferrari,0 days 00:37:16.965000,,1,,False,,False,True
2023-06,FP3,0 days 00:40:24.657000,LEC,16,0 days 00:01:53.360000,9.0,2.0,,,0 days 00:00:28.341000,0 days 00:00:55.513000,0 days 00:00:29.506000,0 days 00:38:59.638000,0 days 00:39:55.151000,0 days 00:40:24.657000,134.0,105.0,215.0,153.0,False,SOFT,9.0,False,Ferrari,0 days 00:38:31.297000,,1,,False,,False,True
2023-06,FP3,0 days 00:42:12.300000,LEC,16,0 days 00:01:47.643000,10.0,2.0,,,0 days 00:00:31.022000,0 days 00:00:50.888000,0 days 00:00:25.733000,0 days 00:40:55.679000,0 days 00:41:46.567000,0 days 00:42:12.300000,102.0,152.0,271.0,236.0,False,SOFT,10.0,False,Ferrari,0 days 00:40:24.657000,,1,,False,,False,True
2023-06,FP3,0 days 00:43:25.775000,LEC,16,0 days 00:01:13.475000,11.0,2.0,,,0 days 00:00:19.236000,0 days 00:00:34.730000,0 days 00:00:19.509000,0 days 00:42:31.536000,0 days 00:43:06.266000,0 days 00:43:25.775000,217.0,198.0,268.0,282.0,True,SOFT,11.0,False,Ferrari,0 days 00:42:12.300000,,1,,False,,False,True
2023-06,FP3,0 days 00:55:00.788000,LEC,16,,12.0,2.0,,0 days 00:44:57.759000,0 days 00:00:28.584000,0 days 00:00:46.171000,,0 days 00:43:54.556000,0 days 00:44:40.696000,,38.0,145.0,,228.0,False,SOFT,12.0,False,Ferrari,0 days 00:43:25.775000,,1,,False,,False,False
2023-06,FP3,0 days 00:56:53.127000,LEC,16,0 days 00:01:52.339000,13.0,3.0,0 days 00:55:01.595000,,0 days 00:00:29.315000,0 days 00:00:53.423000,0 days 00:00:29.601000,0 days 00:55:30.103000,0 days 00:56:23.526000,0 days 00:56:53.127000,146.0,95.0,268.0,268.0,False,SOFT,1.0,True,Ferrari,0 days 00:55:00.788000,,1,,False,,False,False
2023-06,FP3,0 days 00:58:31.843000,LEC,16,0 days 00:01:38.716000,14.0,3.0,,,0 days 00:00:19.239000,0 days 00:00:45.520000,0 days 00:00:33.957000,0 days 00:57:12.366000,0 days 00:57:57.886000,0 days 00:58:31.843000,216.0,117.0,268.0,253.0,False,SOFT,2.0,True,Ferrari,0 days 00:56:53.127000,,1,,False,,False,True
2023-06,FP3,0 days 01:00:34.493000,LEC,16,0 days 00:02:02.650000,15.0,3.0,,0 days 00:59:42.889000,0 days 00:00:19.285000,0 days 00:00:34.718000,0 days 00:01:08.647000,0 days 00:58:51.128000,0 days 00:59:25.846000,0 days 01:00:34.493000,214.0,197.0,,282.0,False,SOFT,3.0,True,Ferrari,0 days 00:58:31.843000,,1,,False,,False,False
2023-06,FP3,0 days 01:02:46.296000,LEC,16,0 days 00:02:11.803000,16.0,4.0,0 days 01:00:35.138000,,0 days 00:00:33.011000,0 days 00:00:56.599000,0 days 00:00:42.193000,0 days 01:01:07.504000,0 days 01:02:04.103000,0 days 01:02:46.296000,81.0,131.0,258.0,229.0,False,SOFT,4.0,False,Ferrari,0 days 01:00:34.493000,,12,,False,,False,False
2023-06,FP3,0 days 01:04:36.961000,LEC,16,0 days 00:01:50.665000,17.0,4.0,,,0 days 00:00:25.695000,0 days 00:00:52.743000,0 days 00:00:32.227000,0 days 01:03:11.991000,0 days 01:04:04.734000,0 days 01:04:36.961000,141.0,65.0,107.0,187.0,False,SOFT,5.0,False,Ferrari,0 days 01:02:46.296000,,216,,False,,False,False
2023-06,FP3,0 days 01:06:47.558000,LEC,16,0 days 00:02:10.597000,18.0,4.0,,,0 days 00:00:37.115000,0 days 00:00:58.663000,0 days 00:00:34.819000,0 days 01:05:14.076000,0 days 01:06:12.739000,0 days 01:06:47.558000,81.0,113.0,257.0,138.0,False,SOFT,6.0,False,Ferrari,0 days 01:04:36.961000,,67,,False,,False,False
2023-06,FP3,0 days 01:08:13.039000,LEC,16,,19.0,4.0,,0 days 01:08:13.039000,0 days 00:00:22.175000,0 days 00:00:41.254000,,0 days 01:07:09.853000,0 days 01:07:51.102000,,194.0,161.0,,257.0,False,SOFT,7.0,False,Ferrari,0 days 01:06:47.558000,,7125,,False,,False,False
2023-06,FP3,0 days 00:16:22.107000,STR,18,0 days 00:01:45.028000,1.0,1.0,0 days 00:14:37.561000,0 days 00:15:56.169000,0 days 00:00:25.669000,0 days 00:00:38.480000,0 days 00:00:40.879000,0 days 00:15:02.795000,0 days 00:15:41.279000,0 days 00:16:22.107000,171.0,181.0,,270.0,False,MEDIUM,1.0,True,Aston Martin,0 days 00:14:37.561000,,1,,False,,False,False
2023-06,FP3,0 days 00:24:33.354000,STR,18,,2.0,2.0,0 days 00:16:22.685000,0 days 00:17:39.137000,0 days 00:00:24.618000,0 days 00:00:37.610000,,0 days 00:16:46.778000,0 days 00:17:24.372000,,189.0,183.0,,270.0,False,HARD,1.0,True,Aston Martin,0 days 00:16:22.107000,,12,,False,,False,False
2023-06,FP3,0 days 00:26:00.492000,STR,18,0 days 00:01:27.138000,3.0,3.0,0 days 00:24:34.070000,,0 days 00:00:26.997000,0 days 00:00:38.613000,0 days 00:00:21.528000,0 days 00:25:00.351000,0 days 00:25:38.964000,0 days 00:26:00.492000,162.0,183.0,257.0,270.0,False,SOFT,1.0,True,Aston Martin,0 days 00:24:33.354000,,1,,False,,False,False
2023-06,FP3,0 days 00:27:21.109000,STR,18,0 days 00:01:20.617000,4.0,3.0,,,0 days 00:00:20.687000,0 days 00:00:38.633000,0 days 00:00:21.297000,0 days 00:26:21.179000,0 days 00:26:59.812000,0 days 00:27:21.109000,196.0,178.0,265.0,258.0,True,SOFT,2.0,True,Aston Martin,0 days 00:26:00.492000,,1,,False,,False,True
2023-06,FP3,0 days 00:28:36.177000,STR,18,0 days 00:01:15.068000,5.0,3.0,,,0 days 00:00:19.705000,0 days 00:00:35.316000,0 days 00:00:20.047000,0 days 00:27:40.814000,0 days 00:28:16.130000,0 days 00:28:36.177000,212.0,193.0,266.0,279.0,True,SOFT,3.0,True,Aston Martin,0 days 00:27:21.109000,,1,,False,,False,True
2023-06,FP3,0 days 00:30:07.267000,STR,18,0 days 00:01:31.090000,6.0,3.0,,,0 days 00:00:26.277000,0 days 00:00:41.146000,0 days 00:00:23.667000,0 days 00:29:02.454000,0 days 00:29:43.600000,0 days 00:30:07.267000,153.0,108.0,266.0,254.0,False,SOFT,4.0,True,Aston Martin,0 days 00:28:36.177000,,1,,False,,False,True
2023-06,FP3,0 days 00:31:22.030000,STR,18,0 days 00:01:14.763000,7.0,3.0,,,0 days 00:00:19.560000,0 days 00:00:35.243000,0 days 00:00:19.960000,0 days 00:30:26.827000,0 days 00:31:02.070000,0 days 00:31:22.030000,215.0,194.0,266.0,282.0,True,SOFT,5.0,True,Aston Martin,0 days 00:30:07.267000,,1,,False,,False,True
2023-06,FP3,0 days 00:33:16.744000,STR,18,0 days 00:01:54.714000,8.0,3.0,,,0 days 00:00:32.849000,0 days 00:00:51.866000,0 days 00:00:29.999000,0 days 00:31:54.879000,0 days 00:32:46.745000,0 days 00:33:16.744000,90.0,138.0,247.0,170.0,False,SOFT,6.0,True,Aston Martin,0 days 00:31:22.030000,,1,,False,,False,True
2023-06,FP3,0 days 00:34:48.506000,STR,18,0 days 00:01:31.762000,9.0,3.0,,,0 days 00:00:22.055000,0 days 00:00:40.061000,0 days 00:00:29.646000,0 days 00:33:38.799000,0 days 00:34:18.860000,0 days 00:34:48.506000,182.0,168.0,267.0,264.0,False,SOFT,7.0,True,Aston Martin,0 days 00:33:16.744000,,1,,False,,False,True
2023-06,FP3,0 days 00:36:03.218000,STR,18,0 days 00:01:14.712000,10.0,3.0,,,0 days 00:00:19.481000,0 days 00:00:35.190000,0 days 00:00:20.041000,0 days 00:35:07.987000,0 days 00:35:43.177000,0 days 00:36:03.218000,213.0,195.0,264.0,277.0,True,SOFT,8.0,True,Aston Martin,0 days 00:34:48.506000,,1,,False,,False,True
2023-06,FP3,0 days 00:37:51.050000,STR,18,0 days 00:01:47.832000,11.0,3.0,,,0 days 00:00:29.406000,0 days 00:00:51.205000,0 days 00:00:27.221000,0 days 00:36:32.624000,0 days 00:37:23.829000,0 days 00:37:51.050000,131.0,125.0,264.0,233.0,False,SOFT,9.0,True,Aston Martin,0 days 00:36:03.218000,,1,,False,,False,True
2023-06,FP3,0 days 00:39:05.427000,STR,18,0 days 00:01:14.377000,12.0,3.0,,,0 days 00:00:19.481000,0 days 00:00:35.152000,0 days 00:00:19.744000,0 days 00:38:10.531000,0 days 00:38:45.683000,0 days 00:39:05.427000,214.0,197.0,265.0,278.0,True,SOFT,10.0,True,Aston Martin,0 days 00:37:51.050000,,1,,False,,False,True
2023-06,FP3,0 days 00:52:12.654000,STR,18,,13.0,3.0,,0 days 00:40:31.496000,0 days 00:00:26.630000,0 days 00:00:43.149000,,0 days 00:39:32.262000,0 days 00:40:15.403000,,143.0,163.0,,245.0,False,SOFT,11.0,True,Aston Martin,0 days 00:39:05.427000,,1,,False,,False,False
2023-06,FP3,0 days 00:53:39.685000,STR,18,0 days 00:01:27.031000,14.0,4.0,0 days 00:52:13.363000,,0 days 00:00:24.499000,0 days 00:00:37.263000,0 days 00:00:25.269000,0 days 00:52:37.153000,0 days 00:53:14.416000,0 days 00:53:39.685000,189.0,172.0,266.0,269.0,False,SOFT,1.0,True,Aston Martin,0 days 00:52:12.654000,,1,,False,,False,False
2023-06,FP3,0 days 00:54:52.627000,STR,18,0 days 00:01:12.942000,15.0,4.0,,,0 days 00:00:19.146000,0 days 00:00:34.276000,0 days 00:00:19.520000,0 days 00:53:58.831000,0 days 00:54:33.107000,0 days 00:54:52.627000,215.0,200.0,265.0,277.0,True,SOFT,2.0,True,Aston Martin,0 days 00:53:39.685000,,1,,False,,False,True
2023-06,FP3,0 days 00:56:43.343000,STR,18,0 days 00:01:50.716000,16.0,4.0,,,0 days 00:00:31.186000,0 days 00:00:46.959000,0 days 00:00:32.571000,0 days 00:55:23.813000,0 days 00:56:10.772000,0 days 00:56:43.343000,106.0,125.0,265.0,248.0,False,SOFT,3.0,True,Aston Martin,0 days 00:54:52.627000,,1,,False,,False,True
2023-06,FP3,0 days 00:58:37.845000,STR,18,0 days 00:01:54.502000,17.0,4.0,,,0 days 00:00:19.149000,0 days 00:00:59.392000,0 days 00:00:35.961000,0 days 00:57:02.492000,0 days 00:58:01.884000,0 days 00:58:37.845000,216.0,108.0,263.0,220.0,False,SOFT,4.0,True,Aston Martin,0 days 00:56:43.343000,,1,,False,,False,True
2023-06,FP3,0 days 00:59:51.800000,STR,18,0 days 00:01:13.955000,18.0,4.0,,,0 days 00:00:19.359000,0 days 00:00:34.702000,0 days 00:00:19.894000,0 days 00:58:57.204000,0 days 00:59:31.906000,0 days 00:59:51.800000,215.0,200.0,262.0,277.0,False,SOFT,5.0,True,Aston Martin,0 days 00:58:37.845000,,1,,False,,False,True
2023-06,FP3,0 days 01:07:03.650000,STR,18,,19.0,4.0,,0 days 01:01:32.857000,0 days 00:00:33.442000,0 days 00:00:46.664000,,0 days 01:00:25.514000,0 days 01:01:12.154000,,44.0,145.0,,213.0,False,SOFT,6.0,True,Aston Martin,0 days 00:59:51.800000,,1267,,False,,False,False
2023-06,FP3,0 days 01:08:31.242000,STR,18,,20.0,5.0,0 days 01:07:03.650000,0 days 01:08:31.242000,0 days 00:00:25.474000,,,0 days 01:07:28.602000,,,167.0,,,273.0,False,SOFT,7.0,False,Aston Martin,0 days 01:07:03.650000,,125,,False,,False,False
2023-06,FP3,0 days 00:28:34.338000,MAG,20,0 days 00:01:28.822000,1.0,1.0,0 days 00:27:06.146000,,0 days 00:00:27.724000,0 days 00:00:39.492000,0 days 00:00:21.606000,0 days 00:27:33.443000,0 days 00:28:12.911000,0 days 00:28:34.426000,169.0,179.0,263.0,269.0,False,SOFT,1.0,True,Haas F1 Team,0 days 00:27:06.146000,,1,,False,,False,False
2023-06,FP3,0 days 00:29:50.004000,MAG,20,0 days 00:01:15.666000,2.0,1.0,,,0 days 00:00:19.750000,0 days 00:00:35.719000,0 days 00:00:20.197000,0 days 00:28:54.088000,0 days 00:29:29.807000,0 days 00:29:50.004000,206.0,192.0,266.0,278.0,True,SOFT,2.0,True,Haas F1 Team,0 days 00:28:34.338000,,1,,False,,False,True
2023-06,FP3,0 days 00:31:41.634000,MAG,20,0 days 00:01:51.630000,3.0,1.0,,,0 days 00:00:28.286000,0 days 00:00:50.340000,0 days 00:00:33.004000,0 days 00:30:18.290000,0 days 00:31:08.630000,0 days 00:31:41.634000,111.0,143.0,263.0,200.0,False,SOFT,3.0,True,Haas F1 Team,0 days 00:29:50.004000,,1,,False,,False,True
2023-06,FP3,0 days 00:33:00.237000,MAG,20,0 days 00:01:18.603000,4.0,1.0,,,0 days 00:00:19.822000,0 days 00:00:35.559000,0 days 00:00:23.222000,0 days 00:32:01.456000,0 days 00:32:37.015000,0 days 00:33:00.237000,212.0,197.0,231.0,278.0,False,SOFT,4.0,True,Haas F1 Team,0 days 00:31:41.634000,,1,,False,,False,True
2023-06,FP3,0 days 00:34:52.013000,MAG,20,0 days 00:01:51.776000,5.0,1.0,,,0 days 00:00:28.395000,0 days 00:00:51.574000,0 days 00:00:31.807000,0 days 00:33:28.632000,0 days 00:34:20.206000,0 days 00:34:52.013000,126.0,164.0,264.0,201.0,False,SOFT,5.0,True,Haas F1 Team,0 days 00:33:00.237000,,1,,False,,False,True
2023-06,FP3,0 days 00:36:07.094000,MAG,20,0 days 00:01:15.081000,6.0,1.0,,,0 days 00:00:19.726000,0 days 00:00:35.445000,0 days 00:00:19.910000,0 days 00:35:11.739000,0 days 00:35:47.184000,0 days 00:36:07.094000,210.0,197.0,267.0,278.0,True,SOFT,6.0,True,Haas F1 Team,0 days 00:34:52.013000,,1,,False,,False,True
2023-06,FP3,0 days 00:37:57.689000,MAG,20,0 days 00:01:50.595000,7.0,1.0,,,0 days 00:00:26.984000,0 days 00:00:51.605000,0 days 00:00:32.006000,0 days 00:36:34.078000,0 days 00:37:25.683000,0 days 00:37:57.689000,117.0,134.0,265.0,235.0,False,SOFT,7.0,True,Haas F1 Team,0 days 00:36:07.094000,,1,,False,,False,True
2023-06,FP3,0 days 00:39:12.482000,MAG,20,0 days 00:01:14.793000,8.0,1.0,,,0 days 00:00:19.643000,0 days 00:00:35.274000,0 days 00:00:19.876000,0 days 00:38:17.332000,0 days 00:38:52.606000,0 days 00:39:12.482000,212.0,197.0,265.0,278.0,True,SOFT,8.0,True,Haas F1 Team,0 days 00:37:57.689000,,1,,False,,False,True
2023-06,FP3,0 days 00:56:43.689000,MAG,20,,9.0,1.0,,0 days 00:40:48.777000,0 days 00:00:26.120000,0 days 00:00:50.665000,,0 days 00:39:38.778000,0 days 00:40:29.434000,,117.0,145.0,,184.0,False,SOFT,9.0,True,Haas F1 Team,0 days 00:39:12.482000,,1,,False,,False,False
2023-06,FP3,0 days 00:58:43.031000,MAG,20,0 days 00:01:59.342000,10.0,2.0,0 days 00:56:44.376000,,0 days 00:00:26.721000,0 days 00:00:52.502000,0 days 00:00:40.119000,0 days 00:57:10.410000,0 days 00:58:02.912000,0 days 00:58:43.031000,152.0,115.0,267.0,230.0,False,SOFT,1.0,True,Haas F1 Team,0 days 00:56:43.689000,,1,,False,,False,False
2023-06,FP3,0 days 00:59:56.655000,MAG,20,0 days 00:01:13.624000,11.0,2.0,,,0 days 00:00:19.371000,0 days 00:00:34.640000,0 days 00:00:19.613000,0 days 00:59:02.402000,0 days 00:59:37.042000,0 days 00:59:56.655000,216.0,198.0,267.0,282.0,True,SOFT,2.0,True,Haas F1 Team,0 days 00:58:43.031000,,1,,False,,False,True
2023-06,FP3,0 days 01:01:37.844000,MAG,20,0 days 00:01:41.189000,12.0,2.0,,,0 days 00:00:27.552000,0 days 00:00:45.981000,0 days 00:00:27.656000,0 days 01:00:24.207000,0 days 01:01:10.188000,0 days 01:01:37.844000,148.0,171.0,271.0,216.0,False,SOFT,3.0,True,Haas F1 Team,0 days 00:59:56.655000,,1,,False,,False,True
2023-06,FP3,0 days 00:21:43.450000,DEV,21,,1.0,1.0,0 days 00:15:36.295000,0 days 00:17:03.684000,0 days 00:00:27.573000,0 days 00:00:42.140000,,0 days 00:16:03.451000,0 days 00:16:45.591000,,168.0,141.0,,263.0,False,HARD,1.0,True,AlphaTauri,0 days 00:15:36.295000,,12,,False,,False,False
2023-06,FP3,0 days 00:23:09.945000,DEV,21,0 days 00:01:26.495000,2.0,2.0,0 days 00:21:44.134000,,0 days 00:00:25.413000,0 days 00:00:38.711000,0 days 00:00:22.371000,0 days 00:22:08.863000,0 days 00:22:47.574000,0 days 00:23:09.945000,180.0,182.0,261.0,259.0,False,SOFT,1.0,True,AlphaTauri,0 days 00:21:43.450000,,1,,False,,False,False
2023-06,FP3,0 days 00:24:26.828000,DEV,21,0 days 00:01:16.883000,3.0,2.0,,,0 days 00:00:20.363000,0 days 00:00:36.175000,0 days 00:00:20.345000,0 days 00:23:30.308000,0 days 00:24:06.483000,0 days 00:24:26.828000,206.0,193.0,262.0,274.0,True,SOFT,2.0,True,AlphaTauri,0 days 00:23:09.945000,,1,,False,,False,True
2023-06,FP3,0 days 00:26:13.008000,DEV,21,0 days 00:01:46.180000,4.0,2.0,,,0 days 00:00:34.608000,0 days 00:00:44.108000,0 days 00:00:27.464000,0 days 00:25:01.436000,0 days 00:25:45.544000,0 days 00:26:13.008000,116.0,158.0,263.0,244.0,False,SOFT,3.0,True,AlphaTauri,0 days 00:24:26.828000,,1,,False,,False,True
2023-06,FP3,0 days 00:27:28.845000,DEV,21,0 days 00:01:15.837000,5.0,2.0,,,0 days 00:00:20.044000,0 days 00:00:35.513000,0 days 00:00:20.280000,0 days 00:26:33.052000,0 days 00:27:08.565000,0 days 00:27:28.845000,212.0,194.0,264.0,278.0,True,SOFT,4.0,True,AlphaTauri,0 days 00:26:13.008000,,1,,False,,False,True
2023-06,FP3,0 days 00:29:16.556000,DEV,21,0 days 00:01:47.711000,6.0,2.0,,,0 days 00:00:34.011000,0 days 00:00:48.299000,0 days 00:00:25.401000,0 days 00:28:02.856000,0 days 00:28:51.155000,0 days 00:29:16.556000,106.0,142.0,267.0,243.0,False,SOFT,5.0,True,AlphaTauri,0 days 00:27:28.845000,,1,,False,,False,True
2023-06,FP3,0 days 00:30:31.815000,DEV,21,0 days 00:01:15.259000,7.0,2.0,,,0 days 00:00:19.656000,0 days 00:00:35.623000,0 days 00:00:19.980000,0 days 00:29:36.212000,0 days 00:30:11.835000,0 days 00:30:31.815000,214.0,199.0,267.0,281.0,True,SOFT,6.0,True,AlphaTauri,0 days 00:29:16.556000,,1,,False,,False,True
2023-06,FP3,0 days 00:32:18.238000,DEV,21,0 days 00:01:46.423000,8.0,2.0,,,0 days 00:00:28.770000,0 days 00:00:47.568000,0 days 00:00:30.085000,0 days 00:31:00.585000,0 days 00:31:48.153000,0 days 00:32:18.238000,129.0,127.0,262.0,232.0,False,SOFT,7.0,True,AlphaTauri,0 days 00:30:31.815000,,1,,False,,False,True
2023-06,FP3,0 days 00:33:33.428000,DEV,21,0 days 00:01:15.190000,9.0,2.0,,,0 days 00:00:19.761000,0 days 00:00:35.393000,0 days 00:00:20.036000,0 days 00:32:37.999000,0 days 00:33:13.392000,0 days 00:33:33.428000,214.0,196.0,264.0,279.0,True,SOFT,8.0,True,AlphaTauri,0 days 00:32:18.238000,,1,,False,,False,True
2023-06,FP3,0 days 00:35:23.132000,DEV,21,0 days 00:01:49.704000,10.0,2.0,,,0 days 00:00:33.850000,0 days 00:00:48.223000,0 days 00:00:27.631000,0 days 00:34:07.278000,0 days 00:34:55.501000,0 days 00:35:23.132000,85.0,121.0,223.0,245.0,False,SOFT,9.0,True,AlphaTauri,0 days 00:33:33.428000,,1,,False,,False,True
2023-06,FP3,0 days 00:37:05.350000,DEV,21,0 days 00:01:42.218000,11.0,2.0,,,0 days 00:00:24.277000,0 days 00:00:41.479000,0 days 00:00:36.462000,0 days 00:35:47.409000,0 days 00:36:28.888000,0 days 00:37:05.350000,170.0,133.0,262.0,270.0,False,SOFT,10.0,True,AlphaTauri,0 days 00:35:23.132000,,1,,False,,False,True
2023-06,FP3,0 days 00:38:33.618000,DEV,21,0 days 00:01:28.268000,12.0,2.0,,,0 days 00:00:19.458000,0 days 00:00:39.797000,0 days 00:00:29.013000,0 days 00:37:24.808000,0 days 00:38:04.605000,0 days 00:38:33.618000,213.0,66.0,231.0,281.0,False,SOFT,11.0,True,AlphaTauri,0 days 00:37:05.350000,,1,,False,,False,True
2023-06,FP3,0 days 00:40:03.945000,DEV,21,0 days 00:01:30.327000,13.0,2.0,,,0 days 00:00:24.047000,0 days 00:00:42.844000,0 days 00:00:23.436000,0 days 00:38:57.665000,0 days 00:39:40.509000,0 days 00:40:03.945000,172.0,146.0,264.0,268.0,False,SOFT,12.0,True,AlphaTauri,0 days 00:38:33.618000,,1,,False,,False,True
2023-06,FP3,0 days 00:41:18.355000,DEV,21,0 days 00:01:14.410000,14.0,2.0,,,0 days 00:00:19.525000,0 days 00:00:35.119000,0 days 00:00:19.766000,0 days 00:40:23.470000,0 days 00:40:58.589000,0 days 00:41:18.355000,214.0,200.0,266.0,278.0,True,SOFT,13.0,True,AlphaTauri,0 days 00:40:03.945000,,1,,False,,False,True
2023-06,FP3,0 days 00:54:23.342000,DEV,21,,15.0,2.0,,0 days 00:42:34.901000,0 days 00:00:21.814000,0 days 00:00:39.838000,,0 days 00:41:40.386000,0 days 00:42:20.245000,,181.0,186.0,,248.0,False,SOFT,14.0,True,AlphaTauri,0 days 00:41:18.355000,,1,,False,,False,False
2023-06,FP3,0 days 00:56:05.722000,DEV,21,0 days 00:01:42.380000,16.0,3.0,0 days 00:54:23.971000,,0 days 00:00:24.930000,0 days 00:00:43.293000,0 days 00:00:34.157000,0 days 00:54:48.272000,0 days 00:55:31.565000,0 days 00:56:05.722000,193.0,72.0,260.0,266.0,False,SOFT,1.0,True,AlphaTauri,0 days 00:54:23.342000,,1,,False,,False,False
2023-06,FP3,0 days 00:57:34.841000,DEV,21,0 days 00:01:29.119000,17.0,3.0,,,0 days 00:00:23.714000,0 days 00:00:43.500000,0 days 00:00:21.905000,0 days 00:56:29.436000,0 days 00:57:12.936000,0 days 00:57:34.841000,186.0,177.0,264.0,265.0,False,SOFT,2.0,True,AlphaTauri,0 days 00:56:05.722000,,1,,False,,False,True
2023-06,FP3,0 days 00:59:13.405000,DEV,21,0 days 00:01:38.564000,18.0,3.0,,,0 days 00:00:22.896000,0 days 00:00:42.844000,0 days 00:00:32.824000,0 days 00:57:57.737000,0 days 00:58:40.581000,0 days 00:59:13.405000,118.0,128.0,265.0,268.0,False,SOFT,3.0,True,AlphaTauri,0 days 00:57:34.841000,,1,,False,,False,True
2023-06,FP3,0 days 01:00:27.592000,DEV,21,0 days 00:01:14.187000,19.0,3.0,,,0 days 00:00:19.509000,0 days 00:00:35.004000,0 days 00:00:19.674000,0 days 00:59:32.914000,0 days 01:00:07.918000,0 days 01:00:27.592000,213.0,198.0,266.0,279.0,True,SOFT,4.0,True,AlphaTauri,0 days 00:59:13.405000,,1,,False,,False,True
2023-06,FP3,0 days 01:02:26.032000,DEV,21,0 days 00:01:58.440000,20.0,3.0,,,0 days 00:00:30.679000,0 days 00:00:49.134000,0 days 00:00:38.627000,0 days 01:00:58.271000,0 days 01:01:47.405000,0 days 01:02:26.032000,132.0,155.0,250.0,243.0,False,SOFT,5.0,True,AlphaTauri,0 days 01:00:27.592000,,12,,False,,False,True
2023-06,FP3,0 days 01:03:59.450000,DEV,21,0 days 00:01:33.418000,21.0,3.0,,,0 days 00:00:24.719000,0 days 00:00:42.333000,0 days 00:00:26.366000,0 days 01:02:50.751000,0 days 01:03:33.084000,0 days 01:03:59.450000,172.0,117.0,268.0,268.0,False,SOFT,6.0,True,AlphaTauri,0 days 01:02:26.032000,,21,,False,,False,True
2023-06,FP3,0 days 01:05:35.070000,DEV,21,0 days 00:01:35.620000,22.0,3.0,,,0 days 00:00:19.379000,0 days 00:00:48.079000,0 days 00:00:28.162000,0 days 01:04:18.829000,0 days 01:05:06.908000,0 days 01:05:35.070000,216.0,122.0,205.0,191.0,False,SOFT,7.0,True,AlphaTauri,0 days 01:03:59.450000,,26,,False,,False,False
2023-06,FP3,0 days 01:07:38.208000,DEV,21,0 days 00:02:03.138000,23.0,3.0,,,0 days 00:00:30.349000,0 days 00:01:00.809000,0 days 00:00:31.980000,0 days 01:06:05.419000,0 days 01:07:06.228000,0 days 01:07:38.208000,129.0,74.0,267.0,245.0,False,SOFT,8.0,True,AlphaTauri,0 days 01:05:35.070000,,671,,False,,False,False
2023-06,FP3,0 days 00:24:30.577000,TSU,22,,1.0,1.0,0 days 00:15:01.842000,0 days 00:16:27.247000,0 days 00:00:27.464000,0 days 00:00:42.043000,,0 days 00:15:28.857000,0 days 00:16:10.919000,,143.0,164.0,,260.0,False,HARD,1.0,True,AlphaTauri,0 days 00:15:01.842000,,12,,False,,False,False
2023-06,FP3,0 days 00:26:05.966000,TSU,22,0 days 00:01:35.389000,2.0,2.0,0 days 00:24:31.179000,,0 days 00:00:29.496000,0 days 00:00:42.382000,0 days 00:00:23.511000,0 days 00:25:00.073000,0 days 00:25:42.455000,0 days 00:26:05.966000,150.0,167.0,230.0,266.0,False,SOFT,1.0,True,AlphaTauri,0 days 00:24:30.577000,,1,,False,,False,False
2023-06,FP3,0 days 00:27:28.333000,TSU,22,0 days 00:01:22.367000,3.0,2.0,,,0 days 00:00:21.692000,0 days 00:00:38.800000,0 days 00:00:21.875000,0 days 00:26:27.658000,0 days 00:27:06.458000,0 days 00:27:28.333000,184.0,186.0,263.0,266.0,True,SOFT,2.0,True,AlphaTauri,0 days 00:26:05.966000,,1,,False,,False,True
2023-06,FP3,0 days 00:28:43.848000,TSU,22,0 days 00:01:15.515000,4.0,2.0,,,0 days 00:00:19.946000,0 days 00:00:35.451000,0 days 00:00:20.118000,0 days 00:27:48.279000,0 days 00:28:23.730000,0 days 00:28:43.848000,209.0,196.0,265.0,278.0,True,SOFT,3.0,True,AlphaTauri,0 days 00:27:28.333000,,1,,False,,False,True
2023-06,FP3,0 days 00:30:33.578000,TSU,22,0 days 00:01:49.730000,5.0,2.0,,,0 days 00:00:30.977000,0 days 00:00:50.358000,0 days 00:00:28.395000,0 days 00:29:14.825000,0 days 00:30:05.183000,0 days 00:30:33.578000,56.0,159.0,262.0,181.0,False,SOFT,4.0,True,AlphaTauri,0 days 00:28:43.848000,,1,,False,,False,True
2023-06,FP3,0 days 00:31:48.855000,TSU,22,0 days 00:01:15.277000,6.0,2.0,,,0 days 00:00:19.803000,0 days 00:00:35.492000,0 days 00:00:19.982000,0 days 00:30:53.381000,0 days 00:31:28.873000,0 days 00:31:48.855000,215.0,197.0,265.0,279.0,True,SOFT,5.0,True,AlphaTauri,0 days 00:30:33.578000,,1,,False,,False,True
2023-06,FP3,0 days 00:33:31.458000,TSU,22,0 days 00:01:42.603000,7.0,2.0,,,0 days 00:00:31.319000,0 days 00:00:47.765000,0 days 00:00:23.519000,0 days 00:32:20.174000,0 days 00:33:07.939000,0 days 00:33:31.458000,104.0,85.0,267.0,243.0,False,SOFT,6.0,True,AlphaTauri,0 days 00:31:48.855000,,1,,False,,False,True
2023-06,FP3,0 days 00:34:45.953000,TSU,22,0 days 00:01:14.495000,8.0,2.0,,,0 days 00:00:19.526000,0 days 00:00:35.035000,0 days 00:00:19.934000,0 days 00:33:50.984000,0 days 00:34:26.019000,0 days 00:34:45.953000,212.0,199.0,269.0,281.0,True,SOFT,7.0,True,AlphaTauri,0 days 00:33:31.458000,,1,,False,,False,True
2023-06,FP3,0 days 00:36:34.269000,TSU,22,0 days 00:01:48.316000,9.0,2.0,,,0 days 00:00:32.323000,0 days 00:00:47.088000,0 days 00:00:28.905000,0 days 00:35:18.276000,0 days 00:36:05.364000,0 days 00:36:34.269000,104.0,132.0,223.0,240.0,False,SOFT,8.0,True,AlphaTauri,0 days 00:34:45.953000,,1,,False,,False,True
2023-06,FP3,0 days 00:38:20.985000,TSU,22,0 days 00:01:46.716000,10.0,2.0,,,0 days 00:00:26.920000,0 days 00:00:52.236000,0 days 00:00:27.560000,0 days 00:37:01.189000,0 days 00:37:53.425000,0 days 00:38:20.985000,107.0,67.0,261.0,243.0,False,SOFT,9.0,True,AlphaTauri,0 days 00:36:34.269000,,1,,False,,False,True
2023-06,FP3,0 days 00:39:55.805000,TSU,22,0 days 00:01:34.820000,11.0,2.0,,,0 days 00:00:22.265000,0 days 00:00:41.119000,0 days 00:00:31.436000,0 days 00:38:43.250000,0 days 00:39:24.369000,0 days 00:39:55.805000,154.0,176.0,258.0,270.0,False,SOFT,10.0,True,AlphaTauri,0 days 00:38:20.985000,,1,,False,,False,True
2023-06,FP3,0 days 00:41:10.430000,TSU,22,0 days 00:01:14.625000,12.0,2.0,,,0 days 00:00:19.589000,0 days 00:00:35.228000,0 days 00:00:19.808000,0 days 00:40:15.394000,0 days 00:40:50.622000,0 days 00:41:10.430000,214.0,200.0,264.0,276.0,False,SOFT,11.0,True,AlphaTauri,0 days 00:39:55.805000,,1,,False,,False,True
2023-06,FP3,0 days 00:54:51.037000,TSU,22,,13.0,2.0,,0 days 00:42:34.135000,0 days 00:00:28.689000,0 days 00:00:39.734000,,0 days 00:41:39.339000,0 days 00:42:19.089000,,150.0,189.0,,254.0,False,SOFT,12.0,True,AlphaTauri,0 days 00:41:10.430000,,1,,False,,False,False
2023-06,FP3,0 days 00:56:24.246000,TSU,22,0 days 00:01:33.209000,14.0,3.0,0 days 00:54:52.330000,,0 days 00:00:28.207000,0 days 00:00:42.980000,0 days 00:00:22.022000,0 days 00:55:19.244000,0 days 00:56:02.224000,0 days 00:56:24.246000,180.0,183.0,262.0,263.0,False,SOFT,1.0,True,AlphaTauri,0 days 00:54:51.037000,,1,,False,,False,False
2023-06,FP3,0 days 00:57:37.984000,TSU,22,0 days 00:01:13.738000,15.0,3.0,,,0 days 00:00:19.333000,0 days 00:00:34.763000,0 days 00:00:19.642000,0 days 00:56:43.579000,0 days 00:57:18.342000,0 days 00:57:37.984000,214.0,201.0,264.0,278.0,True,SOFT,2.0,True,AlphaTauri,0 days 00:56:24.246000,,1,,False,,False,True
2023-06,FP3,0 days 00:59:27.058000,TSU,22,0 days 00:01:49.074000,16.0,3.0,,,0 days 00:00:30.473000,0 days 00:00:48.227000,0 days 00:00:30.374000,0 days 00:58:08.457000,0 days 00:58:56.684000,0 days 00:59:27.058000,149.0,126.0,220.0,233.0,False,SOFT,3.0,True,AlphaTauri,0 days 00:57:37.984000,,1,,False,,False,True
2023-06,FP3,0 days 01:01:07.439000,TSU,22,0 days 00:01:40.381000,17.0,3.0,,,0 days 00:00:27.819000,0 days 00:00:48.586000,0 days 00:00:23.976000,0 days 00:59:54.877000,0 days 01:00:43.463000,0 days 01:01:07.439000,95.0,140.0,267.0,250.0,False,SOFT,4.0,True,AlphaTauri,0 days 00:59:27.058000,,1,,False,,False,True
2023-06,FP3,0 days 01:02:51.740000,TSU,22,0 days 00:01:44.301000,18.0,3.0,,,0 days 00:00:21.211000,0 days 00:00:46.116000,0 days 00:00:36.974000,0 days 01:01:28.650000,0 days 01:02:14.766000,0 days 01:02:51.740000,176.0,91.0,220.0,258.0,False,SOFT,5.0,True,AlphaTauri,0 days 01:01:07.439000,,12,,False,,False,True
2023-06,FP3,0 days 01:04:45.178000,TSU,22,0 days 00:01:53.438000,19.0,3.0,,,0 days 00:00:28.764000,0 days 00:00:45.555000,0 days 00:00:39.119000,0 days 01:03:20.504000,0 days 01:04:06.059000,0 days 01:04:45.178000,165.0,130.0,126.0,271.0,False,SOFT,6.0,True,AlphaTauri,0 days 01:02:51.740000,,216,,False,,False,False
2023-06,FP3,0 days 01:06:51.760000,TSU,22,0 days 00:02:06.582000,20.0,3.0,,,0 days 00:00:35.423000,0 days 00:00:56.142000,0 days 00:00:35.017000,0 days 01:05:20.601000,0 days 01:06:16.743000,0 days 01:06:51.760000,114.0,95.0,228.0,263.0,False,SOFT,7.0,True,AlphaTauri,0 days 01:04:45.178000,,671,,False,,False,False
2023-06,FP3,0 days 01:08:22.039000,TSU,22,,21.0,3.0,,0 days 01:08:22.039000,0 days 00:00:22.328000,,,0 days 01:07:14.290000,,,173.0,,,145.0,False,SOFT,8.0,True,AlphaTauri,0 days 01:06:51.760000,,125,,False,,False,False
2023-06,FP3,0 days 00:29:38.373000,ALB,23,0 days 00:01:33.108000,1.0,1.0,0 days 00:28:05.942000,,0 days 00:00:26.960000,0 days 00:00:41.742000,0 days 00:00:24.406000,0 days 00:28:32.458000,0 days 00:29:14.160000,0 days 00:29:38.519000,168.0,174.0,264.0,273.0,False,SOFT,1.0,True,Williams,0 days 00:28:05.942000,,1,,False,,False,False
2023-06,FP3,0 days 00:30:53.972000,ALB,23,0 days 00:01:15.599000,2.0,1.0,,,0 days 00:00:20.106000,0 days 00:00:35.643000,0 days 00:00:19.850000,0 days 00:29:58.479000,0 days 00:30:34.122000,0 days 00:30:53.972000,205.0,193.0,265.0,276.0,True,SOFT,2.0,True,Williams,0 days 00:29:38.373000,,1,,False,,False,True
2023-06,FP3,0 days 00:32:39.677000,ALB,23,0 days 00:01:45.705000,3.0,1.0,,,0 days 00:00:29.554000,0 days 00:00:49.567000,0 days 00:00:26.584000,0 days 00:31:23.526000,0 days 00:32:13.093000,0 days 00:32:39.677000,128.0,119.0,265.0,195.0,False,SOFT,3.0,True,Williams,0 days 00:30:53.972000,,1,,False,,False,True
2023-06,FP3,0 days 00:33:54.579000,ALB,23,0 days 00:01:14.902000,4.0,1.0,,,0 days 00:00:19.720000,0 days 00:00:35.220000,0 days 00:00:19.962000,0 days 00:32:59.397000,0 days 00:33:34.617000,0 days 00:33:54.579000,211.0,194.0,265.0,278.0,True,SOFT,4.0,True,Williams,0 days 00:32:39.677000,,1,,False,,False,True
2023-06,FP3,0 days 00:35:52.149000,ALB,23,0 days 00:01:57.570000,5.0,1.0,,,0 days 00:00:33.323000,0 days 00:00:56.366000,0 days 00:00:27.881000,0 days 00:34:27.902000,0 days 00:35:24.268000,0 days 00:35:52.149000,112.0,50.0,265.0,184.0,False,SOFT,5.0,True,Williams,0 days 00:33:54.579000,,1,,False,,False,True
2023-06,FP3,0 days 00:37:33.859000,ALB,23,0 days 00:01:41.710000,6.0,1.0,,,0 days 00:00:26.283000,0 days 00:00:47.606000,0 days 00:00:27.821000,0 days 00:36:18.432000,0 days 00:37:06.038000,0 days 00:37:33.859000,73.0,118.0,267.0,249.0,False,SOFT,6.0,True,Williams,0 days 00:35:52.149000,,1,,False,,False,True
2023-06,FP3,0 days 00:38:48.517000,ALB,23,0 days 00:01:14.658000,7.0,1.0,,,0 days 00:00:19.695000,0 days 00:00:35.314000,0 days 00:00:19.649000,0 days 00:37:53.554000,0 days 00:38:28.868000,0 days 00:38:48.517000,210.0,195.0,266.0,280.0,True,SOFT,7.0,True,Williams,0 days 00:37:33.859000,,1,,False,,False,True
2023-06,FP3,0 days 00:40:36.961000,ALB,23,0 days 00:01:48.444000,8.0,1.0,,,0 days 00:00:29.315000,0 days 00:00:49.579000,0 days 00:00:29.550000,0 days 00:39:17.832000,0 days 00:40:07.411000,0 days 00:40:36.961000,123.0,111.0,239.0,225.0,False,SOFT,8.0,True,Williams,0 days 00:38:48.517000,,1,,False,,False,True
2023-06,FP3,0 days 00:42:23.953000,ALB,23,0 days 00:01:46.992000,9.0,1.0,,,0 days 00:00:28.709000,0 days 00:00:50.561000,0 days 00:00:27.722000,0 days 00:41:05.670000,0 days 00:41:56.231000,0 days 00:42:23.953000,132.0,161.0,267.0,222.0,False,SOFT,9.0,True,Williams,0 days 00:40:36.961000,,1,,False,,False,True
2023-06,FP3,0 days 00:43:38.460000,ALB,23,0 days 00:01:14.507000,10.0,1.0,,,0 days 00:00:19.767000,0 days 00:00:35.097000,0 days 00:00:19.643000,0 days 00:42:43.720000,0 days 00:43:18.817000,0 days 00:43:38.460000,209.0,198.0,266.0,279.0,True,SOFT,10.0,True,Williams,0 days 00:42:23.953000,,1,,False,,False,True
2023-06,FP3,0 days 00:48:49.003000,ALB,23,,11.0,1.0,,0 days 00:45:00.134000,0 days 00:00:24.224000,0 days 00:00:41.355000,,0 days 00:44:02.884000,0 days 00:44:44.243000,,187.0,159.0,,245.0,False,SOFT,11.0,True,Williams,0 days 00:43:38.460000,,1,,False,,False,False
2023-06,FP3,0 days 00:50:19.910000,ALB,23,0 days 00:01:30.907000,12.0,2.0,0 days 00:48:49.694000,,0 days 00:00:27.522000,0 days 00:00:41.564000,0 days 00:00:21.821000,0 days 00:49:16.525000,0 days 00:49:58.089000,0 days 00:50:19.910000,153.0,180.0,267.0,272.0,False,SOFT,1.0,True,Williams,0 days 00:48:49.003000,,1,,False,,False,False
2023-06,FP3,0 days 00:51:33.875000,ALB,23,0 days 00:01:13.965000,13.0,2.0,,,0 days 00:00:19.417000,0 days 00:00:35.031000,0 days 00:00:19.517000,0 days 00:50:39.327000,0 days 00:51:14.358000,0 days 00:51:33.875000,214.0,199.0,265.0,277.0,True,SOFT,2.0,True,Williams,0 days 00:50:19.910000,,1,,False,,False,True
2023-06,FP3,0 days 00:53:28.728000,ALB,23,0 days 00:01:54.853000,14.0,2.0,,,0 days 00:00:32.696000,0 days 00:00:50.812000,0 days 00:00:31.345000,0 days 00:52:06.571000,0 days 00:52:57.383000,0 days 00:53:28.728000,153.0,58.0,266.0,222.0,False,SOFT,3.0,True,Williams,0 days 00:51:33.875000,,1,,False,,False,True
2023-06,FP3,0 days 00:54:42.658000,ALB,23,0 days 00:01:13.930000,15.0,2.0,,,0 days 00:00:19.347000,0 days 00:00:34.957000,0 days 00:00:19.626000,0 days 00:53:48.075000,0 days 00:54:23.032000,0 days 00:54:42.658000,212.0,199.0,266.0,277.0,True,SOFT,4.0,True,Williams,0 days 00:53:28.728000,,1,,False,,False,True
2023-06,FP3,0 days 00:56:33.297000,ALB,23,0 days 00:01:50.639000,16.0,2.0,,,0 days 00:00:30.523000,0 days 00:00:51.756000,0 days 00:00:28.360000,0 days 00:55:13.181000,0 days 00:56:04.937000,0 days 00:56:33.297000,123.0,126.0,195.0,196.0,False,SOFT,5.0,True,Williams,0 days 00:54:42.658000,,1,,False,,False,True
2023-06,FP3,0 days 00:58:11.069000,ALB,23,0 days 00:01:37.772000,17.0,2.0,,,0 days 00:00:27.122000,0 days 00:00:46.853000,0 days 00:00:23.797000,0 days 00:57:00.419000,0 days 00:57:47.272000,0 days 00:58:11.069000,149.0,132.0,267.0,248.0,False,SOFT,6.0,True,Williams,0 days 00:56:33.297000,,1,,False,,False,True
2023-06,FP3,0 days 00:59:25.090000,ALB,23,0 days 00:01:14.021000,18.0,2.0,,,0 days 00:00:19.370000,0 days 00:00:34.997000,0 days 00:00:19.654000,0 days 00:58:30.439000,0 days 00:59:05.436000,0 days 00:59:25.090000,215.0,202.0,267.0,282.0,False,SOFT,7.0,True,Williams,0 days 00:58:11.069000,,1,,False,,False,True
2023-06,FP3,0 days 01:01:24.216000,ALB,23,0 days 00:01:59.126000,19.0,2.0,,,0 days 00:00:31.644000,0 days 00:00:54.109000,0 days 00:00:33.373000,0 days 00:59:56.734000,0 days 01:00:50.843000,0 days 01:01:24.216000,82.0,99.0,238.0,219.0,False,SOFT,8.0,True,Williams,0 days 00:59:25.090000,,1,,False,,False,True
2023-06,FP3,0 days 01:03:21.546000,ALB,23,0 days 00:01:57.330000,20.0,2.0,,,0 days 00:00:30.366000,0 days 00:00:47.304000,0 days 00:00:39.660000,0 days 01:01:54.582000,0 days 01:02:41.886000,0 days 01:03:21.546000,105.0,136.0,268.0,260.0,False,SOFT,9.0,True,Williams,0 days 01:01:24.216000,,12,,False,,False,True
2023-06,FP3,0 days 01:05:07.500000,ALB,23,0 days 00:01:45.954000,21.0,2.0,,0 days 01:04:41.073000,0 days 00:00:19.520000,0 days 00:00:42.852000,0 days 00:00:43.582000,0 days 01:03:41.066000,0 days 01:04:23.918000,0 days 01:05:07.500000,211.0,144.0,,259.0,False,SOFT,10.0,True,Williams,0 days 01:03:21.546000,,126,,False,,False,False
2023-06,FP3,0 days 01:07:08.048000,ALB,23,0 days 00:02:00.548000,22.0,3.0,0 days 01:05:08.167000,,0 days 00:00:35.718000,0 days 00:00:49.801000,0 days 00:00:35.029000,0 days 01:05:43.218000,0 days 01:06:33.019000,0 days 01:07:08.048000,172.0,109.0,228.0,260.0,False,SOFT,11.0,False,Williams,0 days 01:05:07.500000,,671,,False,,False,False
2023-06,FP3,0 days 01:08:54.352000,ALB,23,,23.0,3.0,,0 days 01:08:54.352000,0 days 00:00:25.876000,,,0 days 01:07:34.196000,,,90.0,,,,False,SOFT,12.0,False,Williams,0 days 01:07:08.048000,,125,,False,,False,False
2023-06,FP3,0 days 00:24:02.416000,ZHO,24,0 days 00:01:32.605000,1.0,1.0,0 days 00:22:30.447000,,0 days 00:00:28.040000,0 days 00:00:41.039000,0 days 00:00:23.526000,0 days 00:22:58.024000,0 days 00:23:39.070000,0 days 00:24:02.508000,157.0,168.0,260.0,252.0,False,SOFT,1.0,True,Alfa Romeo,0 days 00:22:30.447000,,1,,False,,False,False
2023-06,FP3,0 days 00:25:21.202000,ZHO,24,0 days 00:01:18.786000,2.0,1.0,,,0 days 00:00:20.238000,0 days 00:00:37.394000,0 days 00:00:21.154000,0 days 00:24:22.654000,0 days 00:25:00.048000,0 days 00:25:21.202000,207.0,180.0,262.0,276.0,True,SOFT,2.0,True,Alfa Romeo,0 days 00:24:02.416000,,1,,False,,False,True
2023-06,FP3,0 days 00:26:56.567000,ZHO,24,0 days 00:01:35.365000,3.0,1.0,,,0 days 00:00:24.906000,0 days 00:00:45.925000,0 days 00:00:24.534000,0 days 00:25:46.108000,0 days 00:26:32.033000,0 days 00:26:56.567000,144.0,140.0,261.0,184.0,False,SOFT,3.0,True,Alfa Romeo,0 days 00:25:21.202000,,1,,False,,False,True
2023-06,FP3,0 days 00:28:12.145000,ZHO,24,0 days 00:01:15.578000,4.0,1.0,,,0 days 00:00:19.903000,0 days 00:00:35.684000,0 days 00:00:19.991000,0 days 00:27:16.470000,0 days 00:27:52.154000,0 days 00:28:12.145000,213.0,195.0,263.0,276.0,True,SOFT,4.0,True,Alfa Romeo,0 days 00:26:56.567000,,1,,False,,False,True
2023-06,FP3,0 days 00:30:14.458000,ZHO,24,0 days 00:02:02.313000,5.0,1.0,,0 days 00:29:50.347000,0 days 00:00:29.913000,0 days 00:00:48.588000,0 days 00:00:43.812000,0 days 00:28:42.058000,0 days 00:29:30.646000,0 days 00:30:14.458000,104.0,74.0,,250.0,False,SOFT,5.0,True,Alfa Romeo,0 days 00:28:12.145000,,1,,False,,False,False
2023-06,FP3,0 days 00:31:54.286000,ZHO,24,0 days 00:01:39.828000,6.0,2.0,0 days 00:30:15.144000,,0 days 00:00:27.444000,0 days 00:00:49.728000,0 days 00:00:22.656000,0 days 00:30:41.902000,0 days 00:31:31.630000,0 days 00:31:54.286000,163.0,156.0,263.0,247.0,False,SOFT,6.0,False,Alfa Romeo,0 days 00:30:14.458000,,1,,False,,False,False
2023-06,FP3,0 days 00:33:09.311000,ZHO,24,0 days 00:01:15.025000,7.0,2.0,,,0 days 00:00:19.677000,0 days 00:00:35.438000,0 days 00:00:19.910000,0 days 00:32:13.963000,0 days 00:32:49.401000,0 days 00:33:09.311000,211.0,196.0,264.0,278.0,True,SOFT,7.0,False,Alfa Romeo,0 days 00:31:54.286000,,1,,False,,False,True
2023-06,FP3,0 days 00:35:09.709000,ZHO,24,0 days 00:02:00.398000,8.0,2.0,,0 days 00:34:45.391000,0 days 00:00:25.708000,0 days 00:00:47.300000,0 days 00:00:47.390000,0 days 00:33:35.019000,0 days 00:34:22.319000,0 days 00:35:09.709000,152.0,133.0,,219.0,False,SOFT,8.0,False,Alfa Romeo,0 days 00:33:09.311000,,1,,False,,False,False
2023-06,FP3,0 days 00:36:48.067000,ZHO,24,0 days 00:01:38.358000,9.0,3.0,0 days 00:35:10.391000,,0 days 00:00:30.603000,0 days 00:00:43.244000,0 days 00:00:24.511000,0 days 00:35:40.312000,0 days 00:36:23.556000,0 days 00:36:48.067000,167.0,153.0,263.0,235.0,False,SOFT,9.0,False,Alfa Romeo,0 days 00:35:09.709000,,1,,False,,False,False
2023-06,FP3,0 days 00:38:02.951000,ZHO,24,0 days 00:01:14.884000,10.0,3.0,,,0 days 00:00:19.652000,0 days 00:00:35.336000,0 days 00:00:19.896000,0 days 00:37:07.719000,0 days 00:37:43.055000,0 days 00:38:02.951000,210.0,198.0,265.0,277.0,True,SOFT,10.0,False,Alfa Romeo,0 days 00:36:48.067000,,1,,False,,False,True
2023-06,FP3,0 days 00:51:17.377000,ZHO,24,,11.0,3.0,,0 days 00:39:27.419000,0 days 00:00:23.455000,0 days 00:00:44.426000,,0 days 00:38:26.623000,0 days 00:39:10.981000,,177.0,88.0,,249.0,False,SOFT,11.0,False,Alfa Romeo,0 days 00:38:02.951000,,1,,False,,False,False
2023-06,FP3,0 days 00:52:47.912000,ZHO,24,0 days 00:01:30.535000,12.0,4.0,0 days 00:51:18.067000,,0 days 00:00:28.348000,0 days 00:00:39.079000,0 days 00:00:23.108000,0 days 00:51:45.725000,0 days 00:52:24.804000,0 days 00:52:47.912000,163.0,173.0,262.0,259.0,False,SOFT,1.0,True,Alfa Romeo,0 days 00:51:17.377000,,1,,False,,False,False
2023-06,FP3,0 days 00:54:02.487000,ZHO,24,0 days 00:01:14.575000,13.0,4.0,,,0 days 00:00:19.452000,0 days 00:00:35.387000,0 days 00:00:19.736000,0 days 00:53:07.364000,0 days 00:53:42.751000,0 days 00:54:02.487000,216.0,198.0,263.0,275.0,True,SOFT,2.0,True,Alfa Romeo,0 days 00:52:47.912000,,1,,False,,False,True
2023-06,FP3,0 days 00:55:41.848000,ZHO,24,0 days 00:01:39.361000,14.0,4.0,,,0 days 00:00:28.830000,0 days 00:00:44.942000,0 days 00:00:25.589000,0 days 00:54:31.317000,0 days 00:55:16.259000,0 days 00:55:41.848000,132.0,117.0,267.0,243.0,False,SOFT,3.0,True,Alfa Romeo,0 days 00:54:02.487000,,1,,False,,False,True
2023-06,FP3,0 days 00:56:55.620000,ZHO,24,0 days 00:01:13.772000,15.0,4.0,,,0 days 00:00:19.373000,0 days 00:00:34.761000,0 days 00:00:19.638000,0 days 00:56:01.221000,0 days 00:56:35.982000,0 days 00:56:55.620000,216.0,201.0,268.0,280.0,True,SOFT,4.0,True,Alfa Romeo,0 days 00:55:41.848000,,1,,False,,False,True
2023-06,FP3,0 days 00:59:04.148000,ZHO,24,0 days 00:02:08.528000,16.0,4.0,,0 days 00:58:39.984000,0 days 00:00:28.564000,0 days 00:00:47.052000,0 days 00:00:52.912000,0 days 00:57:24.184000,0 days 00:58:11.236000,0 days 00:59:04.148000,137.0,120.0,,184.0,False,SOFT,5.0,True,Alfa Romeo,0 days 00:56:55.620000,,1,,False,,False,False
2023-06,FP3,0 days 01:00:52.936000,ZHO,24,0 days 00:01:48.788000,17.0,5.0,0 days 00:59:04.843000,,0 days 00:00:34.444000,0 days 00:00:46.035000,0 days 00:00:28.309000,0 days 00:59:38.592000,0 days 01:00:24.627000,0 days 01:00:52.936000,123.0,167.0,268.0,252.0,False,SOFT,6.0,False,Alfa Romeo,0 days 00:59:04.148000,,1,,False,,False,False
2023-06,FP3,0 days 01:02:28.625000,ZHO,24,0 days 00:01:35.689000,18.0,5.0,,,0 days 00:00:19.243000,0 days 00:00:43.013000,0 days 00:00:33.433000,0 days 01:01:12.179000,0 days 01:01:55.192000,0 days 01:02:28.625000,214.0,128.0,167.0,170.0,False,SOFT,7.0,False,Alfa Romeo,0 days 01:00:52.936000,,12,,False,,False,True
2023-06,FP3,0 days 01:04:12.761000,ZHO,24,0 days 00:01:44.136000,19.0,5.0,,,0 days 00:00:33.861000,0 days 00:00:46.177000,0 days 00:00:24.098000,0 days 01:03:02.486000,0 days 01:03:48.663000,0 days 01:04:12.761000,121.0,153.0,267.0,256.0,False,SOFT,8.0,False,Alfa Romeo,0 days 01:02:28.625000,,21,,False,,False,True
2023-06,FP3,0 days 01:05:41.854000,ZHO,24,,20.0,5.0,,0 days 01:05:41.854000,0 days 00:00:19.311000,0 days 00:00:49.891000,,0 days 01:04:32.261000,0 days 01:05:22.151000,,212.0,130.0,,158.0,False,SOFT,9.0,False,Alfa Romeo,0 days 01:04:12.761000,,26,,False,,False,False
2023-06,FP3,0 days 00:25:48.179000,HUL,27,0 days 00:01:32.114000,1.0,1.0,0 days 00:24:16.664000,,0 days 00:00:27.378000,0 days 00:00:41.474000,0 days 00:00:23.262000,0 days 00:24:43.601000,0 days 00:25:25.085000,0 days 00:25:48.225000,145.0,148.0,261.0,266.0,False,SOFT,1.0,True,Haas F1 Team,0 days 00:24:16.664000,,1,,False,,False,False
2023-06,FP3,0 days 00:27:04.505000,HUL,27,0 days 00:01:16.326000,2.0,1.0,,,0 days 00:00:20.031000,0 days 00:00:35.576000,0 days 00:00:20.719000,0 days 00:26:08.210000,0 days 00:26:43.786000,0 days 00:27:04.505000,206.0,192.0,264.0,276.0,True,SOFT,2.0,True,Haas F1 Team,0 days 00:25:48.179000,,1,,False,,False,True
2023-06,FP3,0 days 00:28:56.032000,HUL,27,0 days 00:01:51.527000,3.0,1.0,,,0 days 00:00:29.203000,0 days 00:00:53.116000,0 days 00:00:29.208000,0 days 00:27:33.708000,0 days 00:28:26.824000,0 days 00:28:56.032000,124.0,115.0,263.0,185.0,False,SOFT,3.0,True,Haas F1 Team,0 days 00:27:04.505000,,1,,False,,False,True
2023-06,FP3,0 days 00:30:27.742000,HUL,27,0 days 00:01:31.710000,4.0,1.0,,,0 days 00:00:19.959000,0 days 00:00:47.941000,0 days 00:00:23.810000,0 days 00:29:15.991000,0 days 00:30:03.932000,0 days 00:30:27.742000,211.0,130.0,263.0,162.0,False,SOFT,4.0,True,Haas F1 Team,0 days 00:28:56.032000,,1,,False,,False,True
2023-06,FP3,0 days 00:31:42.933000,HUL,27,0 days 00:01:15.191000,5.0,1.0,,,0 days 00:00:19.815000,0 days 00:00:35.395000,0 days 00:00:19.981000,0 days 00:30:47.557000,0 days 00:31:22.952000,0 days 00:31:42.933000,211.0,197.0,267.0,277.0,True,SOFT,5.0,True,Haas F1 Team,0 days 00:30:27.742000,,1,,False,,False,True
2023-06,FP3,0 days 00:33:39.727000,HUL,27,0 days 00:01:56.794000,6.0,1.0,,,0 days 00:00:31.274000,0 days 00:00:56.900000,0 days 00:00:28.620000,0 days 00:32:14.207000,0 days 00:33:11.107000,0 days 00:33:39.727000,81.0,101.0,264.0,154.0,False,SOFT,6.0,True,Haas F1 Team,0 days 00:31:42.933000,,1,,False,,False,True
2023-06,FP3,0 days 00:35:14.726000,HUL,27,0 days 00:01:34.999000,7.0,1.0,,,0 days 00:00:19.790000,0 days 00:00:45.111000,0 days 00:00:30.098000,0 days 00:33:59.517000,0 days 00:34:44.628000,0 days 00:35:14.726000,210.0,122.0,265.0,163.0,False,SOFT,7.0,True,Haas F1 Team,0 days 00:33:39.727000,,1,,False,,False,True
2023-06,FP3,0 days 00:36:29.924000,HUL,27,0 days 00:01:15.198000,8.0,1.0,,,0 days 00:00:19.769000,0 days 00:00:35.590000,0 days 00:00:19.839000,0 days 00:35:34.495000,0 days 00:36:10.085000,0 days 00:36:29.924000,209.0,195.0,265.0,277.0,False,SOFT,8.0,True,Haas F1 Team,0 days 00:35:14.726000,,1,,False,,False,True
2023-06,FP3,0 days 00:38:15.224000,HUL,27,0 days 00:01:45.300000,9.0,1.0,,,0 days 00:00:30.196000,0 days 00:00:48.733000,0 days 00:00:26.371000,0 days 00:37:00.120000,0 days 00:37:48.853000,0 days 00:38:15.224000,85.0,167.0,265.0,123.0,False,SOFT,9.0,True,Haas F1 Team,0 days 00:36:29.924000,,1,,False,,False,True
2023-06,FP3,0 days 00:39:30.118000,HUL,27,0 days 00:01:14.894000,10.0,1.0,,,0 days 00:00:19.478000,0 days 00:00:35.570000,0 days 00:00:19.846000,0 days 00:38:34.702000,0 days 00:39:10.272000,0 days 00:39:30.118000,211.0,196.0,267.0,280.0,True,SOFT,10.0,True,Haas F1 Team,0 days 00:38:15.224000,,1,,False,,False,True
2023-06,FP3,0 days 00:54:06.288000,HUL,27,,11.0,1.0,,0 days 00:40:57.168000,0 days 00:00:27.692000,0 days 00:00:40.838000,,0 days 00:39:57.965000,0 days 00:40:38.840000,,147.0,134.0,,260.0,False,SOFT,11.0,True,Haas F1 Team,0 days 00:39:30.118000,,1,,False,,False,False
2023-06,FP3,0 days 00:55:48.553000,HUL,27,0 days 00:01:42.265000,12.0,2.0,0 days 00:54:06.987000,,0 days 00:00:28.070000,0 days 00:00:45.539000,0 days 00:00:28.656000,0 days 00:54:34.358000,0 days 00:55:19.897000,0 days 00:55:48.553000,164.0,156.0,267.0,259.0,False,SOFT,1.0,True,Haas F1 Team,0 days 00:54:06.288000,,1,,False,,False,False
2023-06,FP3,0 days 00:57:02.203000,HUL,27,0 days 00:01:13.650000,13.0,2.0,,,0 days 00:00:19.258000,0 days 00:00:34.802000,0 days 00:00:19.590000,0 days 00:56:07.811000,0 days 00:56:42.613000,0 days 00:57:02.203000,213.0,202.0,269.0,281.0,True,SOFT,2.0,True,Haas F1 Team,0 days 00:55:48.553000,,1,,False,,False,True
2023-06,FP3,0 days 00:59:00.638000,HUL,27,0 days 00:01:58.435000,14.0,2.0,,,0 days 00:00:31.913000,0 days 00:00:56.575000,0 days 00:00:29.947000,0 days 00:57:34.116000,0 days 00:58:30.691000,0 days 00:59:00.638000,109.0,85.0,269.0,138.0,False,SOFT,3.0,True,Haas F1 Team,0 days 00:57:02.203000,,1,,False,,False,True
2023-06,FP3,0 days 01:00:14.370000,HUL,27,0 days 00:01:13.732000,15.0,2.0,,,0 days 00:00:19.359000,0 days 00:00:34.865000,0 days 00:00:19.508000,0 days 00:59:19.997000,0 days 00:59:54.862000,0 days 01:00:14.370000,211.0,200.0,269.0,282.0,False,SOFT,4.0,True,Haas F1 Team,0 days 00:59:00.638000,,1,,False,,False,True
2023-06,FP3,0 days 01:01:59.794000,HUL,27,,16.0,2.0,,0 days 01:01:59.794000,0 days 00:00:28.559000,0 days 00:00:54.950000,,0 days 01:00:43.123000,0 days 01:01:38.107000,,92.0,126.0,,131.0,False,SOFT,5.0,True,Haas F1 Team,0 days 01:00:14.370000,,12,,False,,False,False
2023-06,FP3,0 days 00:20:18.432000,OCO,31,0 days 00:01:32.542000,1.0,1.0,0 days 00:18:46.417000,,0 days 00:00:28.952000,0 days 00:00:40.670000,0 days 00:00:22.920000,0 days 00:19:14.933000,0 days 00:19:55.620000,0 days 00:20:18.432000,156.0,170.0,260.0,252.0,False,SOFT,1.0,True,Alpine,0 days 00:18:46.417000,,1,,False,,False,False
2023-06,FP3,0 days 00:33:26.345000,OCO,31,,2.0,1.0,,0 days 00:22:17.712000,0 days 00:00:20.606000,0 days 00:01:17.804000,,0 days 00:20:39.151000,0 days 00:21:56.947000,,199.0,114.0,,103.0,False,SOFT,2.0,True,Alpine,0 days 00:20:18.432000,,12,,False,,False,False
2023-06,FP3,0 days 00:34:57.842000,OCO,31,0 days 00:01:31.497000,3.0,2.0,0 days 00:33:27.064000,,0 days 00:00:28.157000,0 days 00:00:39.637000,0 days 00:00:23.703000,0 days 00:33:54.502000,0 days 00:34:34.139000,0 days 00:34:57.842000,167.0,171.0,264.0,264.0,False,SOFT,3.0,False,Alpine,0 days 00:33:26.345000,,1,,False,,False,False
2023-06,FP3,0 days 00:36:13.032000,OCO,31,0 days 00:01:15.190000,4.0,2.0,,,0 days 00:00:19.959000,0 days 00:00:35.331000,0 days 00:00:19.900000,0 days 00:35:17.801000,0 days 00:35:53.132000,0 days 00:36:13.032000,206.0,193.0,265.0,278.0,True,SOFT,4.0,False,Alpine,0 days 00:34:57.842000,,1,,False,,False,True
2023-06,FP3,0 days 00:38:01.774000,OCO,31,0 days 00:01:48.742000,5.0,2.0,,,0 days 00:00:28.602000,0 days 00:00:48.117000,0 days 00:00:32.023000,0 days 00:36:41.634000,0 days 00:37:29.751000,0 days 00:38:01.774000,110.0,115.0,264.0,205.0,False,SOFT,5.0,False,Alpine,0 days 00:36:13.032000,,1,,False,,False,True
2023-06,FP3,0 days 00:39:16.068000,OCO,31,0 days 00:01:14.294000,6.0,2.0,,,0 days 00:00:19.676000,0 days 00:00:34.972000,0 days 00:00:19.646000,0 days 00:38:21.450000,0 days 00:38:56.422000,0 days 00:39:16.068000,208.0,195.0,264.0,279.0,True,SOFT,6.0,False,Alpine,0 days 00:38:01.774000,,1,,False,,False,True
2023-06,FP3,0 days 00:41:04.223000,OCO,31,0 days 00:01:48.155000,7.0,2.0,,,0 days 00:00:26.796000,0 days 00:00:50.865000,0 days 00:00:30.494000,0 days 00:39:42.864000,0 days 00:40:33.729000,0 days 00:41:04.223000,82.0,118.0,264.0,169.0,False,SOFT,7.0,False,Alpine,0 days 00:39:16.068000,,1,,False,,False,True
2023-06,FP3,0 days 00:42:18.254000,OCO,31,0 days 00:01:14.031000,8.0,2.0,,,0 days 00:00:19.541000,0 days 00:00:34.853000,0 days 00:00:19.637000,0 days 00:41:23.764000,0 days 00:41:58.617000,0 days 00:42:18.254000,211.0,197.0,265.0,279.0,True,SOFT,8.0,False,Alpine,0 days 00:41:04.223000,,1,,False,,False,True
2023-06,FP3,0 days 00:44:13.104000,OCO,31,0 days 00:01:54.850000,9.0,2.0,,,0 days 00:00:28.361000,0 days 00:00:57.436000,0 days 00:00:29.053000,0 days 00:42:46.615000,0 days 00:43:44.051000,0 days 00:44:13.104000,79.0,119.0,262.0,157.0,False,SOFT,9.0,False,Alpine,0 days 00:42:18.254000,,1,,False,,False,True
2023-06,FP3,0 days 00:45:27.087000,OCO,31,0 days 00:01:13.983000,10.0,2.0,,,0 days 00:00:19.574000,0 days 00:00:34.805000,0 days 00:00:19.604000,0 days 00:44:32.678000,0 days 00:45:07.483000,0 days 00:45:27.087000,209.0,196.0,263.0,276.0,True,SOFT,10.0,False,Alpine,0 days 00:44:13.104000,,1,,False,,False,True
2023-06,FP3,0 days 00:56:41.656000,OCO,31,,11.0,2.0,,0 days 00:46:45.429000,0 days 00:00:22.725000,0 days 00:00:39.495000,,0 days 00:45:49.992000,0 days 00:46:29.508000,,156.0,176.0,,261.0,False,SOFT,11.0,False,Alpine,0 days 00:45:27.087000,,1,,False,,False,False
2023-06,FP3,0 days 00:58:24.549000,OCO,31,0 days 00:01:42.893000,12.0,3.0,0 days 00:56:42.391000,,0 days 00:00:26.204000,0 days 00:00:43.218000,0 days 00:00:33.471000,0 days 00:57:07.860000,0 days 00:57:51.078000,0 days 00:58:24.549000,167.0,113.0,264.0,263.0,False,SOFT,1.0,True,Alpine,0 days 00:56:41.656000,,1,,False,,False,False
2023-06,FP3,0 days 00:59:38.045000,OCO,31,0 days 00:01:13.496000,13.0,3.0,,,0 days 00:00:19.369000,0 days 00:00:34.601000,0 days 00:00:19.526000,0 days 00:58:43.918000,0 days 00:59:18.519000,0 days 00:59:38.045000,212.0,200.0,267.0,280.0,True,SOFT,2.0,True,Alpine,0 days 00:58:24.549000,,1,,False,,False,True
2023-06,FP3,0 days 01:01:34.631000,OCO,31,0 days 00:01:56.586000,14.0,3.0,,,0 days 00:00:33.191000,0 days 00:00:56.676000,0 days 00:00:26.719000,0 days 01:00:11.236000,0 days 01:01:07.912000,0 days 01:01:34.631000,60.0,126.0,265.0,155.0,False,SOFT,3.0,True,Alpine,0 days 00:59:38.045000,,1,,False,,False,True
2023-06,FP3,0 days 01:02:48.341000,OCO,31,0 days 00:01:13.710000,15.0,3.0,,,0 days 00:00:19.323000,0 days 00:00:34.563000,0 days 00:00:19.824000,0 days 01:01:53.954000,0 days 01:02:28.517000,0 days 01:02:48.341000,214.0,198.0,236.0,279.0,False,SOFT,4.0,True,Alpine,0 days 01:01:34.631000,,12,,False,,False,True
2023-06,FP3,0 days 01:04:47.400000,OCO,31,0 days 00:01:59.059000,16.0,3.0,,,0 days 00:00:32.251000,0 days 00:00:51.100000,0 days 00:00:35.708000,0 days 01:03:20.592000,0 days 01:04:11.692000,0 days 01:04:47.400000,115.0,128.0,122.0,163.0,False,SOFT,5.0,True,Alpine,0 days 01:02:48.341000,,216,,False,,False,False
2023-06,FP3,0 days 01:07:00.756000,OCO,31,0 days 00:02:13.356000,17.0,3.0,,,0 days 00:00:36.322000,0 days 00:00:56.374000,0 days 00:00:40.660000,0 days 01:05:23.722000,0 days 01:06:20.096000,0 days 01:07:00.756000,91.0,157.0,264.0,196.0,False,SOFT,6.0,True,Alpine,0 days 01:04:47.400000,,671,,False,,False,False
2023-06,FP3,0 days 01:08:18.727000,OCO,31,,18.0,3.0,,0 days 01:08:18.727000,0 days 00:00:19.476000,0 days 00:00:34.756000,,0 days 01:07:20.446000,0 days 01:07:55.196000,,212.0,199.0,,280.0,False,SOFT,7.0,True,Alpine,0 days 01:07:00.756000,,125,,False,,False,False
2023-06,FP3,0 days 00:36:58.540000,HAM,44,0 days 00:01:36.984000,1.0,1.0,0 days 00:35:22.297000,,0 days 00:00:27.367000,0 days 00:00:43.341000,0 days 00:00:26.276000,0 days 00:35:49.156000,0 days 00:36:32.468000,0 days 00:36:58.639000,158.0,158.0,265.0,263.0,False,SOFT,1.0,True,Mercedes,0 days 00:35:22.297000,,1,,False,,False,False
2023-06,FP3,0 days 00:38:13.215000,HAM,44,0 days 00:01:14.675000,2.0,1.0,,,0 days 00:00:19.354000,0 days 00:00:35.117000,0 days 00:00:20.204000,0 days 00:37:17.894000,0 days 00:37:53.011000,0 days 00:38:13.215000,215.0,196.0,266.0,280.0,True,SOFT,2.0,True,Mercedes,0 days 00:36:58.540000,,1,,False,,False,True
2023-06,FP3,0 days 00:40:29.003000,HAM,44,0 days 00:02:15.788000,3.0,1.0,,,0 days 00:00:37.727000,0 days 00:01:10.447000,0 days 00:00:27.614000,0 days 00:38:50.942000,0 days 00:40:01.389000,0 days 00:40:29.003000,51.0,126.0,265.0,147.0,False,SOFT,3.0,True,Mercedes,0 days 00:38:13.215000,,1,,False,,False,True
2023-06,FP3,0 days 00:42:03.638000,HAM,44,0 days 00:01:34.635000,4.0,1.0,,,0 days 00:00:24.352000,0 days 00:00:44.335000,0 days 00:00:25.948000,0 days 00:40:53.355000,0 days 00:41:37.690000,0 days 00:42:03.638000,149.0,142.0,266.0,260.0,False,SOFT,4.0,True,Mercedes,0 days 00:40:29.003000,,1,,False,,False,True
2023-06,FP3,0 days 00:43:35.785000,HAM,44,0 days 00:01:32.147000,5.0,1.0,,,0 days 00:00:19.513000,0 days 00:00:46.863000,0 days 00:00:25.771000,0 days 00:42:23.151000,0 days 00:43:10.014000,0 days 00:43:35.785000,217.0,116.0,266.0,217.0,False,SOFT,5.0,True,Mercedes,0 days 00:42:03.638000,,1,,False,,False,True
2023-06,FP3,0 days 00:44:49.337000,HAM,44,0 days 00:01:13.552000,6.0,1.0,,,0 days 00:00:19.248000,0 days 00:00:34.825000,0 days 00:00:19.479000,0 days 00:43:55.033000,0 days 00:44:29.858000,0 days 00:44:49.337000,218.0,198.0,266.0,277.0,True,SOFT,6.0,True,Mercedes,0 days 00:43:35.785000,,1,,False,,False,True
2023-06,FP3,0 days 00:46:57.794000,HAM,44,0 days 00:02:08.457000,7.0,1.0,,,0 days 00:00:31.656000,0 days 00:01:00.522000,0 days 00:00:36.279000,0 days 00:45:20.993000,0 days 00:46:21.515000,0 days 00:46:57.794000,67.0,99.0,132.0,157.0,False,SOFT,7.0,True,Mercedes,0 days 00:44:49.337000,,1,,False,,False,True
2023-06,FP3,0 days 00:48:51.561000,HAM,44,0 days 00:01:53.767000,8.0,1.0,,,0 days 00:00:37.385000,0 days 00:00:51.347000,0 days 00:00:25.035000,0 days 00:47:35.179000,0 days 00:48:26.526000,0 days 00:48:51.561000,87.0,156.0,264.0,244.0,False,SOFT,8.0,True,Mercedes,0 days 00:46:57.794000,,1,,False,,False,True
2023-06,FP3,0 days 00:50:25.439000,HAM,44,0 days 00:01:33.878000,9.0,1.0,,,0 days 00:00:24.150000,0 days 00:00:45.218000,0 days 00:00:24.510000,0 days 00:49:15.711000,0 days 00:50:00.929000,0 days 00:50:25.439000,137.0,164.0,266.0,241.0,False,SOFT,9.0,True,Mercedes,0 days 00:48:51.561000,,1,,False,,False,True
2023-06,FP3,0 days 00:51:38.925000,HAM,44,0 days 00:01:13.486000,10.0,1.0,,,0 days 00:00:19.107000,0 days 00:00:34.849000,0 days 00:00:19.530000,0 days 00:50:44.546000,0 days 00:51:19.395000,0 days 00:51:38.925000,220.0,199.0,266.0,277.0,True,SOFT,10.0,True,Mercedes,0 days 00:50:25.439000,,1,,False,,False,True
2023-06,FP3,0 days 00:58:15.922000,HAM,44,,11.0,1.0,,0 days 00:52:52.972000,0 days 00:00:21.697000,0 days 00:00:37.514000,,0 days 00:52:00.816000,0 days 00:52:38.363000,,184.0,183.0,,253.0,False,SOFT,11.0,True,Mercedes,0 days 00:51:38.925000,,1,,False,,False,False
2023-06,FP3,0 days 00:59:43.873000,HAM,44,0 days 00:01:27.951000,12.0,2.0,0 days 00:58:16.546000,,0 days 00:00:24.864000,0 days 00:00:41.571000,0 days 00:00:21.516000,0 days 00:58:40.786000,0 days 00:59:22.357000,0 days 00:59:43.873000,171.0,178.0,269.0,262.0,False,SOFT,1.0,True,Mercedes,0 days 00:58:15.922000,,1,,False,,False,False
2023-06,FP3,0 days 01:01:21.869000,HAM,44,0 days 00:01:37.996000,13.0,2.0,,,0 days 00:00:19.071000,0 days 00:00:45.714000,0 days 00:00:33.211000,0 days 01:00:02.944000,0 days 01:00:48.658000,0 days 01:01:21.869000,216.0,102.0,269.0,166.0,False,SOFT,2.0,True,Mercedes,0 days 00:59:43.873000,,1,,False,,False,True
2023-06,FP3,0 days 01:03:17.699000,HAM,44,0 days 00:01:55.830000,14.0,2.0,,,0 days 00:00:20.276000,0 days 00:00:59.170000,0 days 00:00:36.384000,0 days 01:01:42.145000,0 days 01:02:41.315000,0 days 01:03:17.699000,148.0,103.0,267.0,188.0,False,SOFT,3.0,True,Mercedes,0 days 01:01:21.869000,,12,,False,,False,True
2023-06,FP3,0 days 01:05:22.939000,HAM,44,0 days 00:02:05.240000,15.0,2.0,,,0 days 00:00:24.259000,0 days 00:00:53.833000,0 days 00:00:47.148000,0 days 01:03:41.958000,0 days 01:04:35.791000,0 days 01:05:22.939000,127.0,84.0,81.0,182.0,False,SOFT,4.0,True,Mercedes,0 days 01:03:17.699000,,126,,False,,False,False
2023-06,FP3,0 days 01:07:15.853000,HAM,44,0 days 00:01:52.914000,16.0,2.0,,,0 days 00:00:32.629000,0 days 00:00:46.142000,0 days 00:00:34.143000,0 days 01:05:55.568000,0 days 01:06:41.710000,0 days 01:07:15.853000,137.0,175.0,268.0,262.0,False,SOFT,5.0,True,Mercedes,0 days 01:05:22.939000,,671,,False,,False,False
2023-06,FP3,0 days 00:26:21.183000,SAI,55,0 days 00:01:43.883000,1.0,1.0,0 days 00:24:38.023000,,0 days 00:00:32.261000,0 days 00:00:43.932000,0 days 00:00:27.690000,0 days 00:25:09.772000,0 days 00:25:53.709000,0 days 00:26:21.287000,177.0,172.0,263.0,271.0,False,SOFT,1.0,True,Ferrari,0 days 00:24:38.023000,,1,,False,,False,False
2023-06,FP3,0 days 00:27:36.239000,SAI,55,0 days 00:01:15.056000,2.0,1.0,,,0 days 00:00:19.880000,0 days 00:00:35.177000,0 days 00:00:19.999000,0 days 00:26:41.063000,0 days 00:27:16.240000,0 days 00:27:36.239000,212.0,195.0,266.0,278.0,True,SOFT,2.0,True,Ferrari,0 days 00:26:21.183000,,1,,False,,False,True
2023-06,FP3,0 days 00:29:49.142000,SAI,55,0 days 00:02:12.903000,3.0,1.0,,,0 days 00:00:33.805000,0 days 00:01:08.769000,0 days 00:00:30.329000,0 days 00:28:10.044000,0 days 00:29:18.813000,0 days 00:29:49.142000,71.0,156.0,263.0,152.0,False,SOFT,3.0,True,Ferrari,0 days 00:27:36.239000,,1,,False,,False,True
2023-06,FP3,0 days 00:31:34.035000,SAI,55,0 days 00:01:44.893000,4.0,1.0,,,0 days 00:00:25.621000,0 days 00:00:48.954000,0 days 00:00:30.318000,0 days 00:30:14.763000,0 days 00:31:03.717000,0 days 00:31:34.035000,83.0,163.0,263.0,226.0,False,SOFT,4.0,True,Ferrari,0 days 00:29:49.142000,,1,,False,,False,True
2023-06,FP3,0 days 00:32:48.937000,SAI,55,0 days 00:01:14.902000,5.0,1.0,,,0 days 00:00:19.654000,0 days 00:00:35.422000,0 days 00:00:19.826000,0 days 00:31:53.689000,0 days 00:32:29.111000,0 days 00:32:48.937000,214.0,195.0,267.0,278.0,True,SOFT,5.0,True,Ferrari,0 days 00:31:34.035000,,1,,False,,False,True
2023-06,FP3,0 days 00:34:59.118000,SAI,55,0 days 00:02:10.181000,6.0,1.0,,0 days 00:34:25.204000,0 days 00:00:29.433000,0 days 00:00:46.741000,0 days 00:00:54.007000,0 days 00:33:18.370000,0 days 00:34:05.111000,0 days 00:34:59.118000,132.0,136.0,,193.0,False,SOFT,6.0,True,Ferrari,0 days 00:32:48.937000,,1,,False,,False,False
2023-06,FP3,0 days 00:36:41.098000,SAI,55,0 days 00:01:41.980000,7.0,2.0,0 days 00:34:59.844000,,0 days 00:00:30.545000,0 days 00:00:47.655000,0 days 00:00:23.780000,0 days 00:35:29.663000,0 days 00:36:17.318000,0 days 00:36:41.098000,142.0,175.0,265.0,256.0,False,SOFT,7.0,False,Ferrari,0 days 00:34:59.118000,,1,,False,,False,False
2023-06,FP3,0 days 00:37:55.227000,SAI,55,0 days 00:01:14.129000,8.0,2.0,,,0 days 00:00:19.490000,0 days 00:00:34.952000,0 days 00:00:19.687000,0 days 00:37:00.588000,0 days 00:37:35.540000,0 days 00:37:55.227000,216.0,197.0,268.0,279.0,True,SOFT,8.0,False,Ferrari,0 days 00:36:41.098000,,1,,False,,False,True
2023-06,FP3,0 days 00:39:55.543000,SAI,55,0 days 00:02:00.316000,9.0,2.0,,,0 days 00:00:32.211000,0 days 00:00:54.780000,0 days 00:00:33.325000,0 days 00:38:27.438000,0 days 00:39:22.218000,0 days 00:39:55.543000,81.0,107.0,118.0,201.0,False,SOFT,9.0,False,Ferrari,0 days 00:37:55.227000,,1,,False,,False,True
2023-06,FP3,0 days 00:41:49.635000,SAI,55,0 days 00:01:54.092000,10.0,2.0,,,0 days 00:00:34.897000,0 days 00:00:54.209000,0 days 00:00:24.986000,0 days 00:40:30.440000,0 days 00:41:24.649000,0 days 00:41:49.635000,115.0,173.0,268.0,239.0,False,SOFT,10.0,False,Ferrari,0 days 00:39:55.543000,,1,,False,,False,True
2023-06,FP3,0 days 00:43:03.014000,SAI,55,0 days 00:01:13.379000,11.0,2.0,,,0 days 00:00:19.262000,0 days 00:00:34.681000,0 days 00:00:19.436000,0 days 00:42:08.897000,0 days 00:42:43.578000,0 days 00:43:03.014000,215.0,197.0,269.0,280.0,True,SOFT,11.0,False,Ferrari,0 days 00:41:49.635000,,1,,False,,False,True
2023-06,FP3,0 days 00:54:45.010000,SAI,55,,12.0,2.0,,0 days 00:44:30.634000,0 days 00:00:25.153000,0 days 00:00:45.143000,,0 days 00:43:28.385000,0 days 00:44:13.509000,,132.0,149.0,,198.0,False,SOFT,12.0,False,Ferrari,0 days 00:43:03.014000,,1,,False,,False,False
2023-06,FP3,0 days 00:56:16.098000,SAI,55,0 days 00:01:31.088000,13.0,3.0,0 days 00:54:45.721000,,0 days 00:00:27.226000,0 days 00:00:41.224000,0 days 00:00:22.638000,0 days 00:55:12.236000,0 days 00:55:53.460000,0 days 00:56:16.098000,188.0,165.0,269.0,272.0,False,SOFT,1.0,True,Ferrari,0 days 00:54:45.010000,,1,,False,,False,False
2023-06,FP3,0 days 00:57:29.359000,SAI,55,0 days 00:01:13.261000,14.0,3.0,,,0 days 00:00:19.164000,0 days 00:00:34.521000,0 days 00:00:19.576000,0 days 00:56:35.262000,0 days 00:57:09.783000,0 days 00:57:29.359000,216.0,201.0,268.0,281.0,True,SOFT,2.0,True,Ferrari,0 days 00:56:16.098000,,1,,False,,False,True
2023-06,FP3,0 days 00:59:26.200000,SAI,55,0 days 00:01:56.841000,15.0,3.0,,,0 days 00:00:28.740000,0 days 00:00:54.358000,0 days 00:00:33.743000,0 days 00:57:58.099000,0 days 00:58:52.457000,0 days 00:59:26.200000,112.0,121.0,151.0,170.0,False,SOFT,3.0,True,Ferrari,0 days 00:57:29.359000,,1,,False,,False,True
2023-06,FP3,0 days 01:01:29.072000,SAI,55,0 days 00:02:02.872000,16.0,3.0,,,0 days 00:00:37.328000,0 days 00:00:54.495000,0 days 00:00:31.049000,0 days 01:00:03.528000,0 days 01:00:58.023000,0 days 01:01:29.072000,102.0,98.0,269.0,219.0,False,SOFT,4.0,True,Ferrari,0 days 00:59:26.200000,,1,,False,,False,True
2023-06,FP3,0 days 01:03:10.663000,SAI,55,0 days 00:01:41.591000,17.0,3.0,,,0 days 00:00:22.538000,0 days 00:00:45.035000,0 days 00:00:34.018000,0 days 01:01:51.610000,0 days 01:02:36.645000,0 days 01:03:10.663000,122.0,151.0,267.0,256.0,False,SOFT,5.0,True,Ferrari,0 days 01:01:29.072000,,12,,False,,False,True
2023-06,FP3,0 days 01:04:24.387000,SAI,55,0 days 00:01:13.724000,18.0,3.0,,,0 days 00:00:19.295000,0 days 00:00:34.700000,0 days 00:00:19.729000,0 days 01:03:29.958000,0 days 01:04:04.658000,0 days 01:04:24.387000,214.0,195.0,269.0,283.0,False,SOFT,6.0,True,Ferrari,0 days 01:03:10.663000,,12,,False,,False,True
2023-06,FP3,0 days 01:06:25.114000,SAI,55,0 days 00:02:00.727000,19.0,3.0,,,0 days 00:00:34.644000,0 days 00:00:54.345000,0 days 00:00:31.738000,0 days 01:04:59.031000,0 days 01:05:53.376000,0 days 01:06:25.114000,116.0,121.0,159.0,168.0,False,SOFT,7.0,True,Ferrari,0 days 01:04:24.387000,,26,,False,,False,False
2023-06,FP3,0 days 01:08:11.196000,SAI,55,,20.0,3.0,,0 days 01:08:11.196000,0 days 00:00:29.254000,0 days 00:00:54.793000,,0 days 01:06:54.525000,0 days 01:07:49.352000,,134.0,150.0,,150.0,False,SOFT,8.0,True,Ferrari,0 days 01:06:25.114000,,67125,,False,,False,False
2023-06,FP3,0 days 00:34:53.307000,RUS,63,0 days 00:01:39.246000,1.0,1.0,0 days 00:33:14.626000,,0 days 00:00:25.999000,0 days 00:00:40.550000,0 days 00:00:32.697000,0 days 00:33:40.235000,0 days 00:34:20.860000,0 days 00:34:53.438000,186.0,171.0,260.0,199.0,False,SOFT,1.0,True,Mercedes,0 days 00:33:14.626000,,1,,False,,False,False
2023-06,FP3,0 days 00:36:16.788000,RUS,63,0 days 00:01:23.481000,2.0,1.0,,,0 days 00:00:21.444000,0 days 00:00:40.721000,0 days 00:00:21.316000,0 days 00:35:14.751000,0 days 00:35:55.472000,0 days 00:36:16.788000,187.0,181.0,268.0,271.0,True,SOFT,2.0,True,Mercedes,0 days 00:34:53.307000,,1,,False,,False,True
2023-06,FP3,0 days 00:37:31.170000,RUS,63,0 days 00:01:14.382000,3.0,1.0,,,0 days 00:00:19.499000,0 days 00:00:35.133000,0 days 00:00:19.750000,0 days 00:36:36.287000,0 days 00:37:11.420000,0 days 00:37:31.170000,212.0,196.0,267.0,279.0,True,SOFT,3.0,True,Mercedes,0 days 00:36:16.788000,,1,,False,,False,True
2023-06,FP3,0 days 00:39:26.925000,RUS,63,0 days 00:01:55.755000,4.0,1.0,,,0 days 00:00:30.451000,0 days 00:00:57.714000,0 days 00:00:27.590000,0 days 00:38:01.621000,0 days 00:38:59.335000,0 days 00:39:26.925000,103.0,115.0,267.0,112.0,False,SOFT,4.0,True,Mercedes,0 days 00:37:31.170000,,1,,False,,False,True
2023-06,FP3,0 days 00:40:59.474000,RUS,63,0 days 00:01:32.549000,5.0,1.0,,,0 days 00:00:23.210000,0 days 00:00:41.834000,0 days 00:00:27.505000,0 days 00:39:50.135000,0 days 00:40:31.969000,0 days 00:40:59.474000,159.0,163.0,268.0,251.0,False,SOFT,5.0,True,Mercedes,0 days 00:39:26.925000,,1,,False,,False,True
2023-06,FP3,0 days 00:42:13.479000,RUS,63,0 days 00:01:14.005000,6.0,1.0,,,0 days 00:00:19.198000,0 days 00:00:34.983000,0 days 00:00:19.824000,0 days 00:41:18.672000,0 days 00:41:53.655000,0 days 00:42:13.479000,217.0,199.0,270.0,279.0,True,SOFT,6.0,True,Mercedes,0 days 00:40:59.474000,,1,,False,,False,True
2023-06,FP3,0 days 00:44:11.528000,RUS,63,0 days 00:01:58.049000,7.0,1.0,,,0 days 00:00:30.816000,0 days 00:00:54.270000,0 days 00:00:32.963000,0 days 00:42:44.295000,0 days 00:43:38.565000,0 days 00:44:11.528000,115.0,102.0,153.0,148.0,False,SOFT,7.0,True,Mercedes,0 days 00:42:13.479000,,1,,False,,False,True
2023-06,FP3,0 days 00:45:57.470000,RUS,63,0 days 00:01:45.942000,8.0,1.0,,,0 days 00:00:32.606000,0 days 00:00:50.174000,0 days 00:00:23.162000,0 days 00:44:44.134000,0 days 00:45:34.308000,0 days 00:45:57.470000,143.0,130.0,265.0,200.0,False,SOFT,8.0,True,Mercedes,0 days 00:44:11.528000,,1,,False,,False,True
2023-06,FP3,0 days 00:47:11.250000,RUS,63,0 days 00:01:13.780000,9.0,1.0,,,0 days 00:00:19.312000,0 days 00:00:34.918000,0 days 00:00:19.550000,0 days 00:46:16.782000,0 days 00:46:51.700000,0 days 00:47:11.250000,215.0,197.0,267.0,277.0,True,SOFT,9.0,True,Mercedes,0 days 00:45:57.470000,,1,,False,,False,True
2023-06,FP3,0 days 00:56:09.032000,RUS,63,,10.0,1.0,,0 days 00:48:29.866000,0 days 00:00:23.747000,0 days 00:00:38.878000,,0 days 00:47:35.194000,0 days 00:48:14.085000,,177.0,162.0,,247.0,False,SOFT,10.0,True,Mercedes,0 days 00:47:11.250000,,1,,False,,False,False
2023-06,FP3,0 days 00:57:40.819000,RUS,63,0 days 00:01:31.787000,11.0,2.0,0 days 00:56:09.688000,,0 days 00:00:23.807000,0 days 00:00:45.628000,0 days 00:00:22.352000,0 days 00:56:32.839000,0 days 00:57:18.467000,0 days 00:57:40.819000,191.0,52.0,270.0,276.0,False,SOFT,1.0,True,Mercedes,0 days 00:56:09.032000,,1,,False,,False,False
2023-06,FP3,0 days 00:59:17.736000,RUS,63,0 days 00:01:36.917000,12.0,2.0,,,0 days 00:00:24.680000,0 days 00:00:43.983000,0 days 00:00:28.254000,0 days 00:58:05.499000,0 days 00:58:49.482000,0 days 00:59:17.736000,160.0,151.0,269.0,227.0,False,SOFT,2.0,True,Mercedes,0 days 00:57:40.819000,,1,,False,,False,True
2023-06,FP3,0 days 01:00:31.326000,RUS,63,0 days 00:01:13.590000,13.0,2.0,,,0 days 00:00:19.320000,0 days 00:00:34.754000,0 days 00:00:19.516000,0 days 00:59:37.056000,0 days 01:00:11.810000,0 days 01:00:31.326000,215.0,201.0,270.0,281.0,True,SOFT,3.0,True,Mercedes,0 days 00:59:17.736000,,1,,False,,False,True
2023-06,FP3,0 days 01:02:30.491000,RUS,63,0 days 00:01:59.165000,14.0,2.0,,,0 days 00:00:29.705000,0 days 00:00:58.105000,0 days 00:00:31.355000,0 days 01:01:01.031000,0 days 01:01:59.136000,0 days 01:02:30.491000,119.0,114.0,162.0,161.0,False,SOFT,4.0,True,Mercedes,0 days 01:00:31.326000,,12,,False,,False,True
2023-06,FP3,0 days 01:04:19.129000,RUS,63,0 days 00:01:48.638000,15.0,2.0,,,0 days 00:00:34.290000,0 days 00:00:49.638000,0 days 00:00:24.710000,0 days 01:03:04.781000,0 days 01:03:54.419000,0 days 01:04:19.129000,120.0,126.0,266.0,201.0,False,SOFT,5.0,True,Mercedes,0 days 01:02:30.491000,,21,,False,,False,True
2023-06,FP3,0 days 01:06:09.016000,RUS,63,0 days 00:01:49.887000,16.0,2.0,,,0 days 00:00:19.826000,0 days 00:00:57.643000,0 days 00:00:32.418000,0 days 01:04:38.955000,0 days 01:05:36.598000,0 days 01:06:09.016000,126.0,112.0,226.0,181.0,False,SOFT,6.0,True,Mercedes,0 days 01:04:19.129000,,26,,False,,False,False
2023-06,FP3,0 days 01:07:44.778000,RUS,63,0 days 00:01:35.762000,17.0,2.0,,,0 days 00:00:28.701000,0 days 00:00:43.524000,0 days 00:00:23.537000,0 days 01:06:37.717000,0 days 01:07:21.241000,0 days 01:07:44.778000,147.0,145.0,269.0,249.0,False,SOFT,7.0,True,Mercedes,0 days 01:06:09.016000,,6712,,False,,False,False
2023-06,FP3,0 days 00:24:06.681000,BOT,77,0 days 00:01:35.084000,1.0,1.0,0 days 00:22:32.227000,,0 days 00:00:27.361000,0 days 00:00:43.310000,0 days 00:00:24.413000,0 days 00:22:59.149000,0 days 00:23:42.430000,0 days 00:24:06.742000,165.0,168.0,260.0,255.0,False,SOFT,1.0,True,Alfa Romeo,0 days 00:22:32.227000,,1,,False,,False,False
2023-06,FP3,0 days 00:25:22.627000,BOT,77,0 days 00:01:15.946000,2.0,1.0,,,0 days 00:00:20.047000,0 days 00:00:35.763000,0 days 00:00:20.136000,0 days 00:24:26.728000,0 days 00:25:02.491000,0 days 00:25:22.627000,214.0,191.0,264.0,275.0,True,SOFT,2.0,True,Alfa Romeo,0 days 00:24:06.681000,,1,,False,,False,True
2023-06,FP3,0 days 00:27:00.780000,BOT,77,0 days 00:01:38.153000,3.0,1.0,,,0 days 00:00:25.403000,0 days 00:00:46.665000,0 days 00:00:26.085000,0 days 00:25:48.030000,0 days 00:26:34.695000,0 days 00:27:00.780000,162.0,147.0,261.0,239.0,False,SOFT,3.0,True,Alfa Romeo,0 days 00:25:22.627000,,1,,False,,False,True
2023-06,FP3,0 days 00:28:16.067000,BOT,77,0 days 00:01:15.287000,4.0,1.0,,,0 days 00:00:19.815000,0 days 00:00:35.504000,0 days 00:00:19.968000,0 days 00:27:20.595000,0 days 00:27:56.099000,0 days 00:28:16.067000,213.0,192.0,263.0,276.0,True,SOFT,4.0,True,Alfa Romeo,0 days 00:27:00.780000,,1,,False,,False,True
2023-06,FP3,0 days 00:30:21.632000,BOT,77,0 days 00:02:05.565000,5.0,1.0,,0 days 00:29:52.629000,0 days 00:00:29.791000,0 days 00:00:49.361000,0 days 00:00:46.413000,0 days 00:28:45.858000,0 days 00:29:35.219000,0 days 00:30:21.632000,77.0,159.0,,245.0,False,SOFT,5.0,True,Alfa Romeo,0 days 00:28:16.067000,,1,,False,,False,False
2023-06,FP3,0 days 00:32:12.692000,BOT,77,0 days 00:01:51.060000,6.0,2.0,0 days 00:30:22.331000,,0 days 00:00:30.697000,0 days 00:00:49.539000,0 days 00:00:30.824000,0 days 00:30:52.329000,0 days 00:31:41.868000,0 days 00:32:12.692000,73.0,171.0,260.0,255.0,False,SOFT,6.0,False,Alfa Romeo,0 days 00:30:21.632000,,1,,False,,False,False
2023-06,FP3,0 days 00:33:27.684000,BOT,77,0 days 00:01:14.992000,7.0,2.0,,,0 days 00:00:19.693000,0 days 00:00:35.546000,0 days 00:00:19.753000,0 days 00:32:32.385000,0 days 00:33:07.931000,0 days 00:33:27.684000,214.0,191.0,263.0,276.0,True,SOFT,7.0,False,Alfa Romeo,0 days 00:32:12.692000,,1,,False,,False,True
2023-06,FP3,0 days 00:35:23.888000,BOT,77,0 days 00:01:56.204000,8.0,2.0,,0 days 00:34:53.813000,0 days 00:00:23.122000,0 days 00:00:46.608000,0 days 00:00:46.474000,0 days 00:33:50.806000,0 days 00:34:37.414000,0 days 00:35:23.888000,111.0,158.0,,247.0,False,SOFT,8.0,False,Alfa Romeo,0 days 00:33:27.684000,,1,,False,,False,False
2023-06,FP3,0 days 00:37:08.871000,BOT,77,0 days 00:01:44.983000,9.0,3.0,0 days 00:35:24.578000,,0 days 00:00:26.824000,0 days 00:00:45.163000,0 days 00:00:32.996000,0 days 00:35:50.712000,0 days 00:36:35.875000,0 days 00:37:08.871000,169.0,173.0,262.0,251.0,False,SOFT,9.0,False,Alfa Romeo,0 days 00:35:23.888000,,1,,False,,False,False
2023-06,FP3,0 days 00:38:23.260000,BOT,77,0 days 00:01:14.389000,10.0,3.0,,,0 days 00:00:19.531000,0 days 00:00:35.201000,0 days 00:00:19.657000,0 days 00:37:28.402000,0 days 00:38:03.603000,0 days 00:38:23.260000,213.0,194.0,265.0,278.0,True,SOFT,10.0,False,Alfa Romeo,0 days 00:37:08.871000,,1,,False,,False,True
2023-06,FP3,0 days 00:51:23.025000,BOT,77,,11.0,3.0,,0 days 00:39:47.981000,0 days 00:00:22.534000,0 days 00:00:40.847000,,0 days 00:38:45.966000,0 days 00:39:26.825000,,181.0,154.0,,253.0,False,SOFT,11.0,False,Alfa Romeo,0 days 00:38:23.260000,,1,,False,,False,False
2023-06,FP3,0 days 00:52:53.608000,BOT,77,0 days 00:01:30.583000,12.0,4.0,0 days 00:51:23.770000,,0 days 00:00:26.687000,0 days 00:00:40.774000,0 days 00:00:23.122000,0 days 00:51:49.712000,0 days 00:52:30.486000,0 days 00:52:53.608000,176.0,169.0,261.0,260.0,False,SOFT,1.0,True,Alfa Romeo,0 days 00:51:23.025000,,1,,False,,False,False
2023-06,FP3,0 days 00:54:07.469000,BOT,77,0 days 00:01:13.861000,13.0,4.0,,,0 days 00:00:19.482000,0 days 00:00:34.965000,0 days 00:00:19.414000,0 days 00:53:13.090000,0 days 00:53:48.055000,0 days 00:54:07.469000,215.0,198.0,264.0,276.0,True,SOFT,2.0,True,Alfa Romeo,0 days 00:52:53.608000,,1,,False,,False,True
2023-06,FP3,0 days 00:55:59.792000,BOT,77,0 days 00:01:52.323000,14.0,4.0,,,0 days 00:00:26.802000,0 days 00:00:51.762000,0 days 00:00:33.759000,0 days 00:54:34.271000,0 days 00:55:26.033000,0 days 00:55:59.792000,98.0,130.0,266.0,214.0,False,SOFT,3.0,True,Alfa Romeo,0 days 00:54:07.469000,,1,,False,,False,True
2023-06,FP3,0 days 00:57:13.313000,BOT,77,0 days 00:01:13.521000,15.0,4.0,,,0 days 00:00:19.300000,0 days 00:00:34.793000,0 days 00:00:19.428000,0 days 00:56:19.092000,0 days 00:56:53.885000,0 days 00:57:13.313000,217.0,195.0,266.0,279.0,True,SOFT,4.0,True,Alfa Romeo,0 days 00:55:59.792000,,1,,False,,False,True
2023-06,FP3,0 days 00:59:23.445000,BOT,77,0 days 00:02:10.132000,16.0,4.0,,0 days 00:58:56.905000,0 days 00:00:35.001000,0 days 00:00:46.457000,0 days 00:00:48.674000,0 days 00:57:48.314000,0 days 00:58:34.771000,0 days 00:59:23.445000,157.0,115.0,,242.0,False,SOFT,5.0,True,Alfa Romeo,0 days 00:57:13.313000,,1,,False,,False,False
2023-06,FP3,0 days 01:00:58.666000,BOT,77,0 days 00:01:35.221000,17.0,5.0,0 days 00:59:24.155000,,0 days 00:00:27.309000,0 days 00:00:42.400000,0 days 00:00:25.512000,0 days 00:59:50.754000,0 days 01:00:33.154000,0 days 01:00:58.666000,173.0,163.0,266.0,247.0,False,SOFT,6.0,False,Alfa Romeo,0 days 00:59:23.445000,,1,,False,,False,False
2023-06,FP3,0 days 01:02:41.547000,BOT,77,0 days 00:01:42.881000,18.0,5.0,,,0 days 00:00:19.285000,0 days 00:00:42.079000,0 days 00:00:41.517000,0 days 01:01:17.951000,0 days 01:02:00.030000,0 days 01:02:41.547000,216.0,135.0,258.0,247.0,False,SOFT,7.0,False,Alfa Romeo,0 days 01:00:58.666000,,12,,False,,False,True
2023-06,FP3,0 days 01:04:22.986000,BOT,77,0 days 00:01:41.439000,19.0,5.0,,,0 days 00:00:27.158000,0 days 00:00:46.581000,0 days 00:00:27.700000,0 days 01:03:08.705000,0 days 01:03:55.286000,0 days 01:04:22.986000,149.0,160.0,266.0,185.0,False,SOFT,8.0,False,Alfa Romeo,0 days 01:02:41.547000,,21,,False,,False,True
2023-06,FP3,0 days 01:06:09.338000,BOT,77,,20.0,5.0,,0 days 01:06:09.338000,0 days 00:00:28.257000,0 days 00:01:00.144000,,0 days 01:04:51.417000,0 days 01:05:51.588000,,107.0,139.0,,177.0,False,SOFT,9.0,False,Alfa Romeo,0 days 01:04:22.986000,,26,,False,,False,False
2023-06,FP3,0 days 00:27:50.448000,PIA,81,0 days 00:01:36.825000,1.0,1.0,0 days 00:26:14.303000,,0 days 00:00:31.990000,0 days 00:00:42.050000,0 days 00:00:22.785000,0 days 00:26:45.818000,0 days 00:27:27.880000,0 days 00:27:50.552000,152.0,175.0,264.0,258.0,False,SOFT,1.0,True,McLaren,0 days 00:26:14.303000,,1,,False,,False,False
2023-06,FP3,0 days 00:29:06.901000,PIA,81,0 days 00:01:16.453000,2.0,1.0,,,0 days 00:00:20.160000,0 days 00:00:36.149000,0 days 00:00:20.144000,0 days 00:28:10.608000,0 days 00:28:46.757000,0 days 00:29:06.901000,207.0,196.0,265.0,276.0,True,SOFT,2.0,True,McLaren,0 days 00:27:50.448000,,1,,False,,False,True
2023-06,FP3,0 days 00:30:49.974000,PIA,81,0 days 00:01:43.073000,3.0,1.0,,,0 days 00:00:24.999000,0 days 00:00:49.572000,0 days 00:00:28.502000,0 days 00:29:31.900000,0 days 00:30:21.472000,0 days 00:30:49.974000,157.0,128.0,266.0,221.0,False,SOFT,3.0,True,McLaren,0 days 00:29:06.901000,,1,,False,,False,True
2023-06,FP3,0 days 00:32:07.297000,PIA,81,0 days 00:01:17.323000,4.0,1.0,,,0 days 00:00:19.709000,0 days 00:00:35.609000,0 days 00:00:22.005000,0 days 00:31:09.683000,0 days 00:31:45.292000,0 days 00:32:07.297000,211.0,197.0,264.0,281.0,False,SOFT,4.0,True,McLaren,0 days 00:30:49.974000,,1,,False,,False,True
2023-06,FP3,0 days 00:33:56.896000,PIA,81,0 days 00:01:49.599000,5.0,1.0,,,0 days 00:00:26.529000,0 days 00:00:53.241000,0 days 00:00:29.829000,0 days 00:32:33.826000,0 days 00:33:27.067000,0 days 00:33:56.896000,81.0,124.0,268.0,235.0,False,SOFT,5.0,True,McLaren,0 days 00:32:07.297000,,1,,False,,False,True
2023-06,FP3,0 days 00:35:12.282000,PIA,81,0 days 00:01:15.386000,6.0,1.0,,,0 days 00:00:19.744000,0 days 00:00:35.652000,0 days 00:00:19.990000,0 days 00:34:16.640000,0 days 00:34:52.292000,0 days 00:35:12.282000,211.0,196.0,266.0,280.0,True,SOFT,6.0,True,McLaren,0 days 00:33:56.896000,,1,,False,,False,True
2023-06,FP3,0 days 00:36:52.651000,PIA,81,0 days 00:01:40.369000,7.0,1.0,,,0 days 00:00:26.310000,0 days 00:00:47.513000,0 days 00:00:26.546000,0 days 00:35:38.592000,0 days 00:36:26.105000,0 days 00:36:52.651000,164.0,135.0,266.0,216.0,False,SOFT,7.0,True,McLaren,0 days 00:35:12.282000,,1,,False,,False,True
2023-06,FP3,0 days 00:38:07.420000,PIA,81,0 days 00:01:14.769000,8.0,1.0,,,0 days 00:00:19.590000,0 days 00:00:35.444000,0 days 00:00:19.735000,0 days 00:37:12.241000,0 days 00:37:47.685000,0 days 00:38:07.420000,210.0,198.0,267.0,282.0,True,SOFT,8.0,True,McLaren,0 days 00:36:52.651000,,1,,False,,False,True
2023-06,FP3,0 days 00:39:23.677000,PIA,81,0 days 00:01:16.257000,9.0,1.0,,,0 days 00:00:19.674000,0 days 00:00:36.412000,0 days 00:00:20.171000,0 days 00:38:27.094000,0 days 00:39:03.506000,0 days 00:39:23.677000,194.0,195.0,267.0,279.0,False,SOFT,9.0,True,McLaren,0 days 00:38:07.420000,,1,,False,,False,True
2023-06,FP3,0 days 00:53:28.594000,PIA,81,,10.0,1.0,,0 days 00:40:33.731000,0 days 00:00:19.852000,0 days 00:00:36.075000,,0 days 00:39:43.762000,0 days 00:40:19.824000,,207.0,194.0,,278.0,False,SOFT,10.0,True,McLaren,0 days 00:39:23.677000,,1,,False,,False,False
2023-06,FP3,0 days 00:55:03.393000,PIA,81,0 days 00:01:34.799000,11.0,2.0,0 days 00:53:29.331000,,0 days 00:00:30.172000,0 days 00:00:42.186000,0 days 00:00:22.441000,0 days 00:53:58.766000,0 days 00:54:40.952000,0 days 00:55:03.393000,50.0,169.0,267.0,255.0,False,SOFT,1.0,True,McLaren,0 days 00:53:28.594000,,1,,False,,False,False
2023-06,FP3,0 days 00:56:17.391000,PIA,81,0 days 00:01:13.998000,12.0,2.0,,,0 days 00:00:19.415000,0 days 00:00:35.068000,0 days 00:00:19.515000,0 days 00:55:22.808000,0 days 00:55:57.876000,0 days 00:56:17.391000,212.0,199.0,270.0,281.0,True,SOFT,2.0,True,McLaren,0 days 00:55:03.393000,,1,,False,,False,True
2023-06,FP3,0 days 00:57:52.828000,PIA,81,0 days 00:01:35.437000,13.0,2.0,,,0 days 00:00:26.169000,0 days 00:00:43.538000,0 days 00:00:25.730000,0 days 00:56:43.560000,0 days 00:57:27.098000,0 days 00:57:52.828000,70.0,145.0,267.0,255.0,False,SOFT,3.0,True,McLaren,0 days 00:56:17.391000,,1,,False,,False,True
2023-06,FP3,0 days 00:59:07.319000,PIA,81,0 days 00:01:14.491000,14.0,2.0,,,0 days 00:00:19.481000,0 days 00:00:35.309000,0 days 00:00:19.701000,0 days 00:58:12.309000,0 days 00:58:47.618000,0 days 00:59:07.319000,210.0,201.0,267.0,280.0,False,SOFT,4.0,True,McLaren,0 days 00:57:52.828000,,1,,False,,False,True
2023-06,FP3,0 days 01:00:46.815000,PIA,81,0 days 00:01:39.496000,15.0,2.0,,,0 days 00:00:24.669000,0 days 00:00:50.389000,0 days 00:00:24.438000,0 days 00:59:31.988000,0 days 01:00:22.377000,0 days 01:00:46.815000,74.0,135.0,266.0,237.0,False,SOFT,5.0,True,McLaren,0 days 00:59:07.319000,,1,,False,,False,True
2023-06,FP3,0 days 01:02:01.359000,PIA,81,0 days 00:01:14.544000,16.0,2.0,,,0 days 00:00:19.396000,0 days 00:00:35.318000,0 days 00:00:19.830000,0 days 01:01:06.211000,0 days 01:01:41.529000,0 days 01:02:01.359000,211.0,199.0,260.0,278.0,False,SOFT,6.0,True,McLaren,0 days 01:00:46.815000,,12,,False,,False,True
2023-06,FP3,0 days 01:03:52.276000,PIA,81,0 days 00:01:50.917000,17.0,2.0,,,0 days 00:00:29.852000,0 days 00:00:53.897000,0 days 00:00:27.168000,0 days 01:02:31.211000,0 days 01:03:25.108000,0 days 01:03:52.276000,118.0,110.0,266.0,143.0,False,SOFT,7.0,True,McLaren,0 days 01:02:01.359000,,21,,False,,False,True
2023-06,FP3,0 days 01:05:23.682000,PIA,81,,18.0,2.0,,0 days 01:05:23.682000,0 days 00:00:19.400000,0 days 00:00:51.636000,,0 days 01:04:11.902000,0 days 01:05:03.542000,,213.0,155.0,,140.0,False,SOFT,8.0,True,McLaren,0 days 01:03:52.276000,,126,,False,,False,False
