event_id,Session,Time,Driver,DriverNumber,LapTime,LapNumber,Stint,PitOutTime,PitInTime,Sector1Time,Sector2Time,Sector3Time,Sector1SessionTime,Sector2SessionTime,Sector3SessionTime,SpeedI1,SpeedI2,SpeedFL,SpeedST,IsPersonalBest,Compound,TyreLife,FreshTyre,Team,LapStartTime,LapStartDate,TrackStatus,Position,Deleted,DeletedReason,FastF1Generated,IsAccurate
2021-02,FP1,0 days 00:20:19.390000,RIC,3,,1.0,1.0,0 days 00:18:35.428000,,,0 days 00:00:34.238000,0 days 00:00:32.652000,,0 days 00:19:46.757000,0 days 00:20:19.555000,183.0,240.0,269.0,275.0,False,,,False,McLaren,0 days 00:18:35.428000,,12,,False,,False,False
2021-02,FP1,0 days 00:21:44.585000,RIC,3,0 days 00:01:25.195000,2.0,1.0,,,0 days 00:00:27.888000,0 days 00:00:29.134000,0 days 00:00:28.173000,0 days 00:20:47.278000,0 days 00:21:16.412000,0 days 00:21:44.585000,206.0,247.0,273.0,267.0,True,,,False,McLaren,0 days 00:20:19.390000,,21,,False,,False,True
2021-02,FP1,0 days 00:23:07.118000,RIC,3,0 days 00:01:22.533000,3.0,1.0,,,0 days 00:00:26.331000,0 days 00:00:28.106000,0 days 00:00:28.096000,0 days 00:22:10.916000,0 days 00:22:39.022000,0 days 00:23:07.118000,216.0,247.0,280.0,274.0,True,,,False,McLaren,0 days 00:21:44.585000,,1,,False,,False,True
2021-02,FP1,0 days 00:24:41.744000,RIC,3,0 days 00:01:34.626000,4.0,1.0,,,0 days 00:00:30.921000,0 days 00:00:28.941000,0 days 00:00:34.764000,0 days 00:23:38.039000,0 days 00:24:06.980000,0 days 00:24:41.744000,210.0,252.0,277.0,162.0,False,,,False,McLaren,0 days 00:23:07.118000,,1,,False,,False,True
2021-02,FP1,0 days 00:26:01.900000,RIC,3,0 days 00:01:20.156000,5.0,1.0,,,0 days 00:00:25.686000,0 days 00:00:27.500000,0 days 00:00:26.970000,0 days 00:25:07.430000,0 days 00:25:34.930000,0 days 00:26:01.900000,218.0,254.0,284.0,281.0,True,,,False,McLaren,0 days 00:24:41.744000,,1,,False,,False,True
2021-02,FP1,0 days 00:27:28.337000,RIC,3,0 days 00:01:26.437000,6.0,1.0,,,0 days 00:00:27.985000,0 days 00:00:29.746000,0 days 00:00:28.706000,0 days 00:26:29.885000,0 days 00:26:59.631000,0 days 00:27:28.337000,201.0,235.0,279.0,267.0,False,,,False,McLaren,0 days 00:26:01.900000,,1,,False,,False,True
2021-02,FP1,0 days 00:28:47.666000,RIC,3,0 days 00:01:19.329000,7.0,1.0,,,0 days 00:00:25.145000,0 days 00:00:27.471000,0 days 00:00:26.713000,0 days 00:27:53.482000,0 days 00:28:20.953000,0 days 00:28:47.666000,221.0,254.0,280.0,283.0,True,,,False,McLaren,0 days 00:27:28.337000,,1,,False,,False,True
2021-02,FP1,0 days 00:30:25.854000,RIC,3,0 days 00:01:38.188000,8.0,1.0,,0 days 00:30:21.483000,0 days 00:00:29.132000,0 days 00:00:30.612000,0 days 00:00:38.444000,0 days 00:29:16.798000,0 days 00:29:47.410000,0 days 00:30:25.854000,199.0,241.0,,272.0,False,,,False,McLaren,0 days 00:28:47.666000,,12,,False,,False,False
2021-02,FP1,0 days 00:46:03.288000,RIC,3,,9.0,1.0,0 days 00:44:29.801000,,,0 days 00:00:35.424000,0 days 00:00:29.826000,,0 days 00:45:33.462000,0 days 00:46:03.695000,154.0,239.0,263.0,267.0,False,,,False,McLaren,0 days 00:30:25.854000,,1,,False,,False,False
2021-02,FP1,0 days 00:47:27.100000,RIC,3,0 days 00:01:23.812000,10.0,1.0,,,0 days 00:00:27.269000,0 days 00:00:28.794000,0 days 00:00:27.749000,0 days 00:46:30.557000,0 days 00:46:59.351000,0 days 00:47:27.100000,209.0,238.0,277.0,265.0,False,,,False,McLaren,0 days 00:46:03.288000,,1,,False,,False,True
2021-02,FP1,0 days 00:48:45.891000,RIC,3,0 days 00:01:18.791000,11.0,1.0,,,0 days 00:00:25.160000,0 days 00:00:27.179000,0 days 00:00:26.452000,0 days 00:47:52.260000,0 days 00:48:19.439000,0 days 00:48:45.891000,225.0,254.0,280.0,281.0,True,,,False,McLaren,0 days 00:47:27.100000,,1,,False,,False,True
2021-02,FP1,0 days 00:50:12.351000,RIC,3,0 days 00:01:26.460000,12.0,1.0,,,0 days 00:00:27.908000,0 days 00:00:30.170000,0 days 00:00:28.382000,0 days 00:49:13.799000,0 days 00:49:43.969000,0 days 00:50:12.351000,208.0,235.0,276.0,267.0,False,,,False,McLaren,0 days 00:48:45.891000,,1,,False,,False,True
2021-02,FP1,0 days 00:51:36.798000,RIC,3,0 days 00:01:24.447000,13.0,1.0,,0 days 00:51:32.441000,0 days 00:00:25.092000,0 days 00:00:27.288000,0 days 00:00:32.067000,0 days 00:50:37.443000,0 days 00:51:04.731000,0 days 00:51:36.798000,224.0,251.0,,263.0,False,,,False,McLaren,0 days 00:50:12.351000,,1,,False,,False,False
2021-02,FP1,0 days 01:03:38.873000,RIC,3,,14.0,1.0,0 days 00:52:15.173000,0 days 00:53:56.143000,,,,,,,,,,,False,,,False,McLaren,0 days 00:51:36.798000,,125,,False,,False,False
2021-02,FP1,0 days 01:05:09.173000,RIC,3,,15.0,1.0,0 days 01:03:38.861000,,,0 days 00:00:29.896000,0 days 00:00:34.774000,,0 days 01:04:34.427000,0 days 01:05:09.333000,207.0,239.0,283.0,139.0,False,,,False,McLaren,0 days 01:03:38.861000,,1,,False,,False,False
2021-02,FP1,0 days 01:06:27.013000,RIC,3,0 days 00:01:17.840000,16.0,1.0,,,0 days 00:00:24.805000,0 days 00:00:26.851000,0 days 00:00:26.184000,0 days 01:05:33.978000,0 days 01:06:00.829000,0 days 01:06:27.013000,225.0,258.0,279.0,287.0,True,,,False,McLaren,0 days 01:05:09.173000,,1,,False,,False,True
2021-02,FP1,0 days 01:08:03.311000,RIC,3,0 days 00:01:36.298000,17.0,1.0,,,0 days 00:00:30.392000,0 days 00:00:34.152000,0 days 00:00:31.754000,0 days 01:06:57.405000,0 days 01:07:31.557000,0 days 01:08:03.311000,190.0,231.0,279.0,170.0,False,,,False,McLaren,0 days 01:06:27.013000,,1,,False,,False,True
2021-02,FP1,0 days 01:09:21.080000,RIC,3,0 days 00:01:17.769000,18.0,1.0,,,0 days 00:00:24.898000,0 days 00:00:26.854000,0 days 00:00:26.017000,0 days 01:08:28.209000,0 days 01:08:55.063000,0 days 01:09:21.080000,226.0,253.0,280.0,283.0,True,,,False,McLaren,0 days 01:08:03.311000,,12,,False,,False,True
2021-02,FP1,0 days 01:10:56.021000,RIC,3,0 days 00:01:34.941000,19.0,1.0,,,0 days 00:00:30.785000,0 days 00:00:34.807000,0 days 00:00:29.349000,0 days 01:09:51.865000,0 days 01:10:26.672000,0 days 01:10:56.021000,148.0,235.0,279.0,270.0,False,,,False,McLaren,0 days 01:09:21.080000,,1,,False,,False,True
2021-02,FP1,0 days 01:12:25.744000,RIC,3,0 days 00:01:29.723000,20.0,1.0,,,0 days 00:00:24.804000,0 days 00:00:30.058000,0 days 00:00:34.861000,0 days 01:11:20.825000,0 days 01:11:50.883000,0 days 01:12:25.744000,226.0,122.0,278.0,188.0,False,,,False,McLaren,0 days 01:10:56.021000,,1,,False,,False,True
2021-02,FP1,0 days 01:13:43.596000,RIC,3,0 days 00:01:17.852000,21.0,1.0,,,0 days 00:00:25.035000,0 days 00:00:26.897000,0 days 00:00:25.920000,0 days 01:12:50.779000,0 days 01:13:17.676000,0 days 01:13:43.596000,226.0,254.0,280.0,283.0,False,,,False,McLaren,0 days 01:12:25.744000,,1,,False,,False,True
2021-02,FP1,0 days 01:15:14.029000,RIC,3,0 days 00:01:30.433000,22.0,1.0,,,0 days 00:00:26.977000,0 days 00:00:34.392000,0 days 00:00:29.064000,0 days 01:14:10.573000,0 days 01:14:44.965000,0 days 01:15:14.029000,200.0,237.0,261.0,273.0,False,,,False,McLaren,0 days 01:13:43.596000,,1,,False,,False,True
2021-02,FP1,0 days 01:17:08.624000,RIC,3,0 days 00:01:54.595000,23.0,1.0,,0 days 01:17:04.308000,0 days 00:00:30.271000,0 days 00:00:38.792000,0 days 00:00:45.532000,0 days 01:15:44.300000,0 days 01:16:23.092000,0 days 01:17:08.624000,197.0,154.0,,164.0,False,,,False,McLaren,0 days 01:15:14.029000,,125,,False,,False,False
2021-02,FP1,0 days 00:20:22.217000,NOR,4,,1.0,1.0,0 days 00:18:06.692000,,,0 days 00:00:48.613000,0 days 00:00:38.086000,,0 days 00:19:44.131000,0 days 00:20:22.374000,109.0,201.0,253.0,231.0,False,,,False,McLaren,0 days 00:18:06.692000,,12,,False,,False,False
2021-02,FP1,0 days 00:21:53.569000,NOR,4,0 days 00:01:31.352000,2.0,1.0,,,0 days 00:00:30.573000,0 days 00:00:31.459000,0 days 00:00:29.320000,0 days 00:20:52.790000,0 days 00:21:24.249000,0 days 00:21:53.569000,206.0,244.0,267.0,278.0,True,,,False,McLaren,0 days 00:20:22.217000,,21,,False,,False,True
2021-02,FP1,0 days 00:23:21.369000,NOR,4,0 days 00:01:27.800000,3.0,1.0,,0 days 00:23:18.168000,0 days 00:00:26.484000,0 days 00:00:28.572000,0 days 00:00:32.744000,0 days 00:22:20.053000,0 days 00:22:48.625000,0 days 00:23:21.369000,218.0,251.0,,282.0,False,,,False,McLaren,0 days 00:21:53.569000,,1,,False,,False,False
2021-02,FP1,0 days 00:33:38.911000,NOR,4,,4.0,1.0,0 days 00:32:12.558000,,,0 days 00:00:30.980000,0 days 00:00:28.496000,,0 days 00:33:10.422000,0 days 00:33:39.085000,190.0,238.0,269.0,268.0,False,,,False,McLaren,0 days 00:23:21.369000,,12,,False,,False,False
2021-02,FP1,0 days 00:35:01.035000,NOR,4,0 days 00:01:22.124000,5.0,1.0,,,0 days 00:00:26.245000,0 days 00:00:28.653000,0 days 00:00:27.226000,0 days 00:34:05.156000,0 days 00:34:33.809000,0 days 00:35:01.035000,213.0,246.0,275.0,268.0,True,,,False,McLaren,0 days 00:33:38.911000,,1,,False,,False,True
2021-02,FP1,0 days 00:36:21.855000,NOR,4,0 days 00:01:20.820000,6.0,1.0,,,0 days 00:00:25.672000,0 days 00:00:27.816000,0 days 00:00:27.332000,0 days 00:35:26.707000,0 days 00:35:54.523000,0 days 00:36:21.855000,216.0,243.0,269.0,267.0,True,,,False,McLaren,0 days 00:35:01.035000,,1,,False,,False,True
2021-02,FP1,0 days 00:37:41.767000,NOR,4,0 days 00:01:19.912000,7.0,1.0,,,0 days 00:00:25.538000,0 days 00:00:27.545000,0 days 00:00:26.829000,0 days 00:36:47.393000,0 days 00:37:14.938000,0 days 00:37:41.767000,218.0,248.0,277.0,269.0,True,,,False,McLaren,0 days 00:36:21.855000,,1,,False,,False,True
2021-02,FP1,0 days 00:39:07.366000,NOR,4,0 days 00:01:25.599000,8.0,1.0,,,0 days 00:00:27.207000,0 days 00:00:29.527000,0 days 00:00:28.865000,0 days 00:38:08.974000,0 days 00:38:38.501000,0 days 00:39:07.366000,216.0,239.0,277.0,265.0,False,,,False,McLaren,0 days 00:37:41.767000,,1,,False,,False,True
2021-02,FP1,0 days 00:40:26.409000,NOR,4,0 days 00:01:19.043000,9.0,1.0,,,0 days 00:00:25.059000,0 days 00:00:27.279000,0 days 00:00:26.705000,0 days 00:39:32.425000,0 days 00:39:59.704000,0 days 00:40:26.409000,223.0,252.0,278.0,281.0,True,,,False,McLaren,0 days 00:39:07.366000,,1,,False,,False,True
2021-02,FP1,0 days 00:42:01.006000,NOR,4,0 days 00:01:34.597000,10.0,1.0,,,0 days 00:00:28.163000,0 days 00:00:34.904000,0 days 00:00:31.530000,0 days 00:40:54.572000,0 days 00:41:29.476000,0 days 00:42:01.006000,156.0,192.0,281.0,144.0,False,,,False,McLaren,0 days 00:40:26.409000,,1,,False,,False,True
2021-02,FP1,0 days 00:43:32.395000,NOR,4,0 days 00:01:31.389000,11.0,1.0,,0 days 00:43:27.772000,0 days 00:00:24.984000,0 days 00:00:28.528000,0 days 00:00:37.877000,0 days 00:42:25.990000,0 days 00:42:54.518000,0 days 00:43:32.395000,225.0,232.0,,240.0,False,,,False,McLaren,0 days 00:42:01.006000,,1,,False,,False,False
2021-02,FP1,0 days 01:04:42.011000,NOR,4,,12.0,1.0,0 days 01:03:11.498000,,,0 days 00:00:32.887000,0 days 00:00:30.495000,,0 days 01:04:11.544000,0 days 01:04:42.208000,198.0,236.0,278.0,264.0,False,,,False,McLaren,0 days 01:03:11.498000,,1,,False,,False,False
2021-02,FP1,0 days 01:05:59.946000,NOR,4,0 days 00:01:17.935000,13.0,1.0,,,0 days 00:00:24.836000,0 days 00:00:26.848000,0 days 00:00:26.251000,0 days 01:05:06.847000,0 days 01:05:33.695000,0 days 01:05:59.946000,227.0,252.0,276.0,283.0,True,,,False,McLaren,0 days 01:04:42.011000,,1,,False,,False,True
2021-02,FP1,0 days 01:07:46.665000,NOR,4,0 days 00:01:46.719000,14.0,1.0,,,0 days 00:00:34.316000,0 days 00:00:38.835000,0 days 00:00:33.568000,0 days 01:06:34.262000,0 days 01:07:13.097000,0 days 01:07:46.665000,175.0,219.0,258.0,258.0,False,,,False,McLaren,0 days 01:05:59.946000,,1,,False,,False,True
2021-02,FP1,0 days 01:09:09.462000,NOR,4,0 days 00:01:22.797000,15.0,1.0,,0 days 01:09:05.102000,0 days 00:00:24.992000,0 days 00:00:26.990000,0 days 00:00:30.815000,0 days 01:08:11.657000,0 days 01:08:38.647000,0 days 01:09:09.462000,228.0,252.0,,275.0,False,,,False,McLaren,0 days 01:07:46.665000,,12,,False,,False,False
2021-02,FP1,0 days 01:16:44.032000,NOR,4,,16.0,1.0,0 days 01:14:57.116000,0 days 01:16:39.590000,,0 days 00:00:31.406000,0 days 00:00:51.859000,,0 days 01:15:52.173000,0 days 01:16:44.109000,211.0,80.0,,149.0,False,,,False,McLaren,0 days 01:09:09.462000,,125,,False,,False,False
2021-02,FP1,0 days 00:22:26.609000,VET,5,,1.0,1.0,0 days 00:20:57.327000,,,0 days 00:00:31.338000,0 days 00:00:29.809000,,0 days 00:21:56.846000,0 days 00:22:26.770000,197.0,237.0,256.0,262.0,False,,,False,Aston Martin,0 days 00:20:57.327000,,1,,False,,False,False
2021-02,FP1,0 days 00:23:52.531000,VET,5,0 days 00:01:25.922000,2.0,1.0,,,0 days 00:00:28.095000,0 days 00:00:28.810000,0 days 00:00:29.017000,0 days 00:22:54.704000,0 days 00:23:23.514000,0 days 00:23:52.531000,211.0,242.0,271.0,271.0,True,,,False,Aston Martin,0 days 00:22:26.609000,,1,,False,,False,True
2021-02,FP1,0 days 00:25:13.409000,VET,5,0 days 00:01:20.878000,3.0,1.0,,,0 days 00:00:26.209000,0 days 00:00:27.682000,0 days 00:00:26.987000,0 days 00:24:18.740000,0 days 00:24:46.422000,0 days 00:25:13.409000,218.0,252.0,272.0,275.0,True,,,False,Aston Martin,0 days 00:23:52.531000,,1,,False,,False,True
2021-02,FP1,0 days 00:26:33.427000,VET,5,0 days 00:01:20.018000,4.0,1.0,,,0 days 00:00:25.708000,0 days 00:00:27.588000,0 days 00:00:26.722000,0 days 00:25:39.117000,0 days 00:26:06.705000,0 days 00:26:33.427000,220.0,247.0,275.0,273.0,True,,,False,Aston Martin,0 days 00:25:13.409000,,1,,False,,False,True
2021-02,FP1,0 days 00:27:52.796000,VET,5,0 days 00:01:19.369000,5.0,1.0,,,0 days 00:00:25.507000,0 days 00:00:27.319000,0 days 00:00:26.543000,0 days 00:26:58.934000,0 days 00:27:26.253000,0 days 00:27:52.796000,222.0,249.0,275.0,273.0,True,,,False,Aston Martin,0 days 00:26:33.427000,,1,,False,,False,True
2021-02,FP1,0 days 00:29:16.528000,VET,5,0 days 00:01:23.732000,6.0,1.0,,,0 days 00:00:25.445000,0 days 00:00:28.803000,0 days 00:00:29.484000,0 days 00:28:18.241000,0 days 00:28:47.044000,0 days 00:29:16.528000,219.0,229.0,274.0,226.0,False,,,False,Aston Martin,0 days 00:27:52.796000,,12,,False,,False,True
2021-02,FP1,0 days 00:30:37.319000,VET,5,0 days 00:01:20.791000,7.0,1.0,,,0 days 00:00:25.556000,0 days 00:00:27.209000,0 days 00:00:28.026000,0 days 00:29:42.084000,0 days 00:30:09.293000,0 days 00:30:37.319000,223.0,254.0,273.0,281.0,False,,,False,Aston Martin,0 days 00:29:16.528000,,1,,False,,False,True
2021-02,FP1,0 days 00:31:56.950000,VET,5,0 days 00:01:19.631000,8.0,1.0,,,0 days 00:00:25.664000,0 days 00:00:27.346000,0 days 00:00:26.621000,0 days 00:31:02.983000,0 days 00:31:30.329000,0 days 00:31:56.950000,223.0,249.0,281.0,275.0,False,,,False,Aston Martin,0 days 00:30:37.319000,,1,,False,,False,True
2021-02,FP1,0 days 00:33:21.926000,VET,5,0 days 00:01:24.976000,9.0,1.0,,,0 days 00:00:25.084000,0 days 00:00:27.263000,0 days 00:00:32.629000,0 days 00:32:22.034000,0 days 00:32:49.297000,0 days 00:33:21.926000,223.0,253.0,280.0,167.0,False,,,False,Aston Martin,0 days 00:31:56.950000,,1,,False,,False,True
2021-02,FP1,0 days 00:34:50.464000,VET,5,0 days 00:01:28.538000,10.0,1.0,,0 days 00:34:46.048000,0 days 00:00:24.968000,0 days 00:00:28.974000,0 days 00:00:34.596000,0 days 00:33:46.894000,0 days 00:34:15.868000,0 days 00:34:50.464000,223.0,248.0,,270.0,False,,,False,Aston Martin,0 days 00:33:21.926000,,1,,False,,False,False
2021-02,FP1,0 days 00:48:58.682000,VET,5,,11.0,1.0,0 days 00:47:33.205000,,,0 days 00:00:30.106000,0 days 00:00:30.836000,,0 days 00:48:27.881000,0 days 00:48:58.847000,209.0,239.0,280.0,216.0,False,,,False,Aston Martin,0 days 00:34:50.464000,,1,,False,,False,False
2021-02,FP1,0 days 00:50:16.666000,VET,5,0 days 00:01:17.984000,12.0,1.0,,,0 days 00:00:24.569000,0 days 00:00:26.809000,0 days 00:00:26.606000,0 days 00:49:23.251000,0 days 00:49:50.060000,0 days 00:50:16.666000,229.0,256.0,280.0,285.0,True,,,False,Aston Martin,0 days 00:48:58.682000,,1,,False,,False,True
2021-02,FP1,0 days 00:51:53.659000,VET,5,0 days 00:01:36.993000,13.0,1.0,,,0 days 00:00:31.795000,0 days 00:00:34.518000,0 days 00:00:30.680000,0 days 00:50:48.461000,0 days 00:51:22.979000,0 days 00:51:53.659000,193.0,236.0,252.0,238.0,False,,,False,Aston Martin,0 days 00:50:16.666000,,12,,False,,False,True
2021-02,FP1,0 days 01:04:08.099000,VET,5,,14.0,1.0,,0 days 00:53:39.705000,,,,,,,,,,,False,,,False,Aston Martin,0 days 00:51:53.659000,,251,,False,,False,False
2021-02,FP1,0 days 01:05:39.053000,VET,5,,15.0,1.0,0 days 01:04:08.088000,,,0 days 00:00:29.845000,0 days 00:00:35.669000,,0 days 01:05:03.414000,0 days 01:05:39.203000,204.0,243.0,270.0,178.0,False,,,False,Aston Martin,0 days 01:04:08.088000,,1,,False,,False,False
2021-02,FP1,0 days 01:07:00.979000,VET,5,0 days 00:01:21.926000,16.0,1.0,,,0 days 00:00:26.342000,0 days 00:00:28.151000,0 days 00:00:27.433000,0 days 01:06:05.395000,0 days 01:06:33.546000,0 days 01:07:00.979000,212.0,244.0,266.0,273.0,False,,,False,Aston Martin,0 days 01:05:39.053000,,1,,False,,False,True
2021-02,FP1,0 days 01:08:24.275000,VET,5,0 days 00:01:23.296000,17.0,1.0,,,0 days 00:00:26.241000,0 days 00:00:28.158000,0 days 00:00:28.897000,0 days 01:07:27.220000,0 days 01:07:55.378000,0 days 01:08:24.275000,214.0,246.0,272.0,273.0,False,,,False,Aston Martin,0 days 01:07:00.979000,,12,,False,,False,True
2021-02,FP1,0 days 01:09:45.310000,VET,5,0 days 00:01:21.035000,18.0,1.0,,,0 days 00:00:26.064000,0 days 00:00:27.999000,0 days 00:00:26.972000,0 days 01:08:50.339000,0 days 01:09:18.338000,0 days 01:09:45.310000,216.0,247.0,271.0,276.0,False,,,False,Aston Martin,0 days 01:08:24.275000,,21,,False,,False,True
2021-02,FP1,0 days 01:11:06.455000,VET,5,0 days 00:01:21.145000,19.0,1.0,,,0 days 00:00:26.257000,0 days 00:00:27.874000,0 days 00:00:27.014000,0 days 01:10:11.567000,0 days 01:10:39.441000,0 days 01:11:06.455000,212.0,243.0,272.0,274.0,False,,,False,Aston Martin,0 days 01:09:45.310000,,1,,False,,False,True
2021-02,FP1,0 days 01:12:27.635000,VET,5,0 days 00:01:21.180000,20.0,1.0,,,0 days 00:00:26.178000,0 days 00:00:27.984000,0 days 00:00:27.018000,0 days 01:11:32.633000,0 days 01:12:00.617000,0 days 01:12:27.635000,213.0,244.0,274.0,276.0,False,,,False,Aston Martin,0 days 01:11:06.455000,,1,,False,,False,True
2021-02,FP1,0 days 01:13:48.572000,VET,5,0 days 00:01:20.937000,21.0,1.0,,,0 days 00:00:26.003000,0 days 00:00:28.114000,0 days 00:00:26.820000,0 days 01:12:53.638000,0 days 01:13:21.752000,0 days 01:13:48.572000,217.0,247.0,273.0,277.0,False,,,False,Aston Martin,0 days 01:12:27.635000,,1,,False,,False,True
2021-02,FP1,0 days 01:15:09.517000,VET,5,0 days 00:01:20.945000,22.0,1.0,,,0 days 00:00:26.051000,0 days 00:00:28.035000,0 days 00:00:26.859000,0 days 01:14:14.623000,0 days 01:14:42.658000,0 days 01:15:09.517000,215.0,244.0,276.0,274.0,False,,,False,Aston Martin,0 days 01:13:48.572000,,1,,False,,False,True
2021-02,FP1,0 days 01:16:56.653000,VET,5,0 days 00:01:47.136000,23.0,1.0,,0 days 01:16:51.700000,0 days 00:00:25.725000,0 days 00:00:37.860000,0 days 00:00:43.551000,0 days 01:15:35.242000,0 days 01:16:13.102000,0 days 01:16:56.653000,214.0,169.0,,214.0,False,,,False,Aston Martin,0 days 01:15:09.517000,,125,,False,,False,False
2021-02,FP1,0 days 00:18:26.161000,LAT,6,,1.0,1.0,0 days 00:16:46.182000,,,0 days 00:00:33.591000,0 days 00:00:31.112000,,0 days 00:17:55.070000,0 days 00:18:26.285000,193.0,212.0,272.0,268.0,False,,,False,Williams,0 days 00:16:46.182000,,21,,False,,False,False
2021-02,FP1,0 days 00:20:05.885000,LAT,6,0 days 00:01:39.724000,2.0,1.0,,,0 days 00:00:28.367000,0 days 00:00:36.642000,0 days 00:00:34.715000,0 days 00:18:54.528000,0 days 00:19:31.170000,0 days 00:20:05.885000,188.0,219.0,273.0,235.0,True,,,False,Williams,0 days 00:18:26.161000,,1,,False,,False,True
2021-02,FP1,0 days 00:21:27.720000,LAT,6,0 days 00:01:21.835000,3.0,1.0,,,0 days 00:00:26.243000,0 days 00:00:28.273000,0 days 00:00:27.319000,0 days 00:20:32.128000,0 days 00:21:00.401000,0 days 00:21:27.720000,217.0,254.0,275.0,278.0,True,,,False,Williams,0 days 00:20:05.885000,,12,,False,,False,True
2021-02,FP1,0 days 00:23:03.699000,LAT,6,0 days 00:01:35.979000,4.0,1.0,,,0 days 00:00:31.710000,0 days 00:00:33.790000,0 days 00:00:30.479000,0 days 00:21:59.430000,0 days 00:22:33.220000,0 days 00:23:03.699000,155.0,233.0,277.0,270.0,False,,,False,Williams,0 days 00:21:27.720000,,1,,False,,False,True
2021-02,FP1,0 days 00:24:23.685000,LAT,6,0 days 00:01:19.986000,5.0,1.0,,,0 days 00:00:25.431000,0 days 00:00:27.850000,0 days 00:00:26.705000,0 days 00:23:29.130000,0 days 00:23:56.980000,0 days 00:24:23.685000,218.0,255.0,278.0,283.0,True,,,False,Williams,0 days 00:23:03.699000,,1,,False,,False,True
2021-02,FP1,0 days 00:25:58.909000,LAT,6,0 days 00:01:35.224000,6.0,1.0,,,0 days 00:00:29.785000,0 days 00:00:33.010000,0 days 00:00:32.429000,0 days 00:24:53.470000,0 days 00:25:26.480000,0 days 00:25:58.909000,166.0,236.0,279.0,267.0,False,,,False,Williams,0 days 00:24:23.685000,,1,,False,,False,True
2021-02,FP1,0 days 00:27:17.883000,LAT,6,0 days 00:01:18.974000,7.0,1.0,,,0 days 00:00:25.048000,0 days 00:00:27.335000,0 days 00:00:26.591000,0 days 00:26:23.957000,0 days 00:26:51.292000,0 days 00:27:17.883000,219.0,256.0,280.0,280.0,True,,,False,Williams,0 days 00:25:58.909000,,1,,False,,False,True
2021-02,FP1,0 days 00:28:54.363000,LAT,6,0 days 00:01:36.480000,8.0,1.0,,0 days 00:28:49.936000,0 days 00:00:30.285000,0 days 00:00:31.667000,0 days 00:00:34.528000,0 days 00:27:48.168000,0 days 00:28:19.835000,0 days 00:28:54.363000,205.0,179.0,,276.0,False,,,False,Williams,0 days 00:27:17.883000,,1,,False,,False,False
2021-02,FP1,0 days 00:44:12.176000,LAT,6,,9.0,1.0,0 days 00:42:46.841000,,,0 days 00:00:31.073000,0 days 00:00:29.480000,,0 days 00:43:42.745000,0 days 00:44:12.346000,208.0,214.0,278.0,275.0,False,,,False,Williams,0 days 00:28:54.363000,,12,,False,,False,False
2021-02,FP1,0 days 00:45:30.787000,LAT,6,0 days 00:01:18.611000,10.0,1.0,,,0 days 00:00:24.880000,0 days 00:00:27.103000,0 days 00:00:26.628000,0 days 00:44:37.056000,0 days 00:45:04.159000,0 days 00:45:30.787000,224.0,258.0,288.0,292.0,True,,,False,Williams,0 days 00:44:12.176000,,1,,False,,False,True
2021-02,FP1,0 days 00:47:11.388000,LAT,6,0 days 00:01:40.601000,11.0,1.0,,,0 days 00:00:31.770000,0 days 00:00:36.110000,0 days 00:00:32.721000,0 days 00:46:02.557000,0 days 00:46:38.667000,0 days 00:47:11.388000,200.0,228.0,281.0,264.0,False,,,False,Williams,0 days 00:45:30.787000,,1,,False,,False,True
2021-02,FP1,0 days 00:48:29.596000,LAT,6,0 days 00:01:18.208000,12.0,1.0,,,0 days 00:00:24.760000,0 days 00:00:27.118000,0 days 00:00:26.330000,0 days 00:47:36.148000,0 days 00:48:03.266000,0 days 00:48:29.596000,219.0,256.0,282.0,280.0,True,,,False,Williams,0 days 00:47:11.388000,,1,,False,,False,True
2021-02,FP1,0 days 00:50:21.228000,LAT,6,0 days 00:01:51.632000,13.0,1.0,,,0 days 00:00:36.386000,0 days 00:00:35.814000,0 days 00:00:39.432000,0 days 00:49:05.982000,0 days 00:49:41.796000,0 days 00:50:21.228000,188.0,235.0,277.0,196.0,False,,,False,Williams,0 days 00:48:29.596000,,1,,False,,False,True
2021-02,FP1,0 days 00:51:38.967000,LAT,6,0 days 00:01:17.739000,14.0,1.0,,,0 days 00:00:24.644000,0 days 00:00:26.966000,0 days 00:00:26.129000,0 days 00:50:45.872000,0 days 00:51:12.838000,0 days 00:51:38.967000,223.0,256.0,281.0,282.0,True,,,False,Williams,0 days 00:50:21.228000,,1,,False,,False,True
2021-02,FP1,0 days 01:04:13.803000,LAT,6,,15.0,1.0,,0 days 00:53:24.253000,0 days 00:00:32.818000,,,0 days 00:52:11.821000,,,117.0,,,,False,,,False,Williams,0 days 00:51:38.967000,,125,,False,,False,False
2021-02,FP1,0 days 01:05:44.252000,LAT,6,,16.0,1.0,0 days 01:04:13.803000,,,0 days 00:00:30.048000,0 days 00:00:33.444000,,0 days 01:05:10.826000,0 days 01:05:44.423000,205.0,248.0,271.0,228.0,False,,,False,Williams,0 days 01:04:13.803000,,1,,False,,False,False
2021-02,FP1,0 days 01:07:06.995000,LAT,6,0 days 00:01:22.743000,17.0,1.0,,,0 days 00:00:26.747000,0 days 00:00:28.546000,0 days 00:00:27.450000,0 days 01:06:10.999000,0 days 01:06:39.545000,0 days 01:07:06.995000,205.0,246.0,273.0,277.0,False,,,False,Williams,0 days 01:05:44.252000,,1,,False,,False,True
2021-02,FP1,0 days 01:08:35.377000,LAT,6,0 days 00:01:28.382000,18.0,1.0,,,0 days 00:00:26.061000,0 days 00:00:28.047000,0 days 00:00:34.274000,0 days 01:07:33.056000,0 days 01:08:01.103000,0 days 01:08:35.377000,214.0,249.0,268.0,272.0,False,,,False,Williams,0 days 01:07:06.995000,,12,,False,,False,True
2021-02,FP1,0 days 01:09:58.014000,LAT,6,0 days 00:01:22.637000,19.0,1.0,,,0 days 00:00:27.045000,0 days 00:00:28.362000,0 days 00:00:27.230000,0 days 01:09:02.422000,0 days 01:09:30.784000,0 days 01:09:58.014000,211.0,246.0,274.0,278.0,False,,,False,Williams,0 days 01:08:35.377000,,1,,False,,False,True
2021-02,FP1,0 days 01:11:18.915000,LAT,6,0 days 00:01:20.901000,20.0,1.0,,,0 days 00:00:25.924000,0 days 00:00:28.018000,0 days 00:00:26.959000,0 days 01:10:23.938000,0 days 01:10:51.956000,0 days 01:11:18.915000,213.0,248.0,274.0,279.0,False,,,False,Williams,0 days 01:09:58.014000,,1,,False,,False,True
2021-02,FP1,0 days 01:12:39.539000,LAT,6,0 days 00:01:20.624000,21.0,1.0,,,0 days 00:00:25.836000,0 days 00:00:27.907000,0 days 00:00:26.881000,0 days 01:11:44.751000,0 days 01:12:12.658000,0 days 01:12:39.539000,212.0,247.0,275.0,276.0,False,,,False,Williams,0 days 01:11:18.915000,,1,,False,,False,True
2021-02,FP1,0 days 01:14:01.322000,LAT,6,0 days 00:01:21.783000,22.0,1.0,,,0 days 00:00:25.719000,0 days 00:00:28.124000,0 days 00:00:27.940000,0 days 01:13:05.258000,0 days 01:13:33.382000,0 days 01:14:01.322000,217.0,250.0,285.0,281.0,False,,,False,Williams,0 days 01:12:39.539000,,1,,False,,False,True
2021-02,FP1,0 days 01:15:21.471000,LAT,6,0 days 00:01:20.149000,23.0,1.0,,,0 days 00:00:25.569000,0 days 00:00:27.810000,0 days 00:00:26.770000,0 days 01:14:26.891000,0 days 01:14:54.701000,0 days 01:15:21.471000,216.0,251.0,276.0,281.0,False,,,False,Williams,0 days 01:14:01.322000,,1,,False,,False,True
2021-02,FP1,0 days 01:17:27.646000,LAT,6,0 days 00:02:06.175000,24.0,1.0,,0 days 01:17:24.527000,0 days 00:00:32.912000,0 days 00:00:41.689000,0 days 00:00:51.574000,0 days 01:15:54.383000,0 days 01:16:36.072000,0 days 01:17:27.646000,126.0,198.0,,144.0,False,,,False,Williams,0 days 01:15:21.471000,,125,,False,,False,False
2021-02,FP1,0 days 00:17:04.060000,RAI,7,,1.0,1.0,0 days 00:15:25.136000,,,0 days 00:00:34.539000,0 days 00:00:32.939000,,0 days 00:16:31.145000,0 days 00:17:04.226000,189.0,226.0,261.0,237.0,False,,,False,Alfa Romeo Racing,0 days 00:15:25.136000,,12,,False,,False,False
2021-02,FP1,0 days 00:18:36.808000,RAI,7,0 days 00:01:32.748000,2.0,1.0,,,0 days 00:00:28.012000,0 days 00:00:28.688000,0 days 00:00:36.048000,0 days 00:17:32.072000,0 days 00:18:00.760000,0 days 00:18:36.808000,212.0,250.0,272.0,191.0,True,,,False,Alfa Romeo Racing,0 days 00:17:04.060000,,1,,False,,False,True
2021-02,FP1,0 days 00:20:09.745000,RAI,7,0 days 00:01:32.937000,3.0,1.0,,,0 days 00:00:25.880000,0 days 00:00:30.009000,0 days 00:00:37.048000,0 days 00:19:02.688000,0 days 00:19:32.697000,0 days 00:20:09.745000,218.0,227.0,273.0,232.0,False,,,False,Alfa Romeo Racing,0 days 00:18:36.808000,,1,,False,,False,True
2021-02,FP1,0 days 00:21:33.567000,RAI,7,0 days 00:01:23.822000,4.0,1.0,,,0 days 00:00:26.494000,0 days 00:00:29.395000,0 days 00:00:27.933000,0 days 00:20:36.239000,0 days 00:21:05.634000,0 days 00:21:33.567000,203.0,236.0,275.0,261.0,True,,,False,Alfa Romeo Racing,0 days 00:20:09.745000,,12,,False,,False,True
2021-02,FP1,0 days 00:22:53.742000,RAI,7,0 days 00:01:20.175000,5.0,1.0,,,0 days 00:00:25.664000,0 days 00:00:27.491000,0 days 00:00:27.020000,0 days 00:21:59.231000,0 days 00:22:26.722000,0 days 00:22:53.742000,215.0,255.0,281.0,285.0,True,,,False,Alfa Romeo Racing,0 days 00:21:33.567000,,1,,False,,False,True
2021-02,FP1,0 days 00:24:37.954000,RAI,7,0 days 00:01:44.212000,6.0,1.0,,,0 days 00:00:33.071000,0 days 00:00:29.972000,0 days 00:00:41.169000,0 days 00:23:26.813000,0 days 00:23:56.785000,0 days 00:24:37.954000,186.0,208.0,276.0,221.0,False,,,False,Alfa Romeo Racing,0 days 00:22:53.742000,,1,,False,,False,True
2021-02,FP1,0 days 00:26:19.342000,RAI,7,0 days 00:01:41.388000,7.0,1.0,,0 days 00:26:14.888000,0 days 00:00:28.252000,0 days 00:00:34.208000,0 days 00:00:38.928000,0 days 00:25:06.206000,0 days 00:25:40.414000,0 days 00:26:19.342000,115.0,202.0,,190.0,False,,,False,Alfa Romeo Racing,0 days 00:24:37.954000,,1,,False,,False,False
2021-02,FP1,0 days 00:45:30.433000,RAI,7,,8.0,1.0,0 days 00:44:03.994000,,,0 days 00:00:31.122000,0 days 00:00:29.272000,,0 days 00:45:01.201000,0 days 00:45:30.537000,144.0,238.0,281.0,265.0,False,,,False,Alfa Romeo Racing,0 days 00:26:19.342000,,12,,False,,False,False
2021-02,FP1,0 days 00:46:48.886000,RAI,7,0 days 00:01:18.453000,9.0,1.0,,,0 days 00:00:24.915000,0 days 00:00:27.105000,0 days 00:00:26.433000,0 days 00:45:55.348000,0 days 00:46:22.453000,0 days 00:46:48.886000,221.0,257.0,290.0,289.0,True,,,False,Alfa Romeo Racing,0 days 00:45:30.433000,,1,,False,,False,True
2021-02,FP1,0 days 00:48:43.860000,RAI,7,0 days 00:01:54.974000,10.0,1.0,,,0 days 00:00:38.500000,0 days 00:00:44.025000,0 days 00:00:32.449000,0 days 00:47:27.386000,0 days 00:48:11.411000,0 days 00:48:43.860000,173.0,200.0,277.0,257.0,False,,,False,Alfa Romeo Racing,0 days 00:46:48.886000,,1,,False,,False,True
2021-02,FP1,0 days 00:50:02.585000,RAI,7,0 days 00:01:18.725000,11.0,1.0,,,0 days 00:00:25.082000,0 days 00:00:27.280000,0 days 00:00:26.363000,0 days 00:49:08.942000,0 days 00:49:36.222000,0 days 00:50:02.585000,218.0,254.0,280.0,283.0,False,,,False,Alfa Romeo Racing,0 days 00:48:43.860000,,1,,False,,False,True
2021-02,FP1,0 days 00:51:57.906000,RAI,7,0 days 00:01:55.321000,12.0,1.0,,,0 days 00:00:34.368000,0 days 00:00:45.073000,0 days 00:00:35.880000,0 days 00:50:36.953000,0 days 00:51:22.026000,0 days 00:51:57.906000,123.0,131.0,278.0,250.0,False,,,False,Alfa Romeo Racing,0 days 00:50:02.585000,,12,,False,,False,True
2021-02,FP1,0 days 01:11:53.261000,RAI,7,,13.0,1.0,,0 days 00:53:44.890000,,,,,,,,,,,False,,,False,Alfa Romeo Racing,0 days 00:51:57.906000,,251,,False,,False,False
2021-02,FP1,0 days 01:13:17.083000,RAI,7,,14.0,1.0,0 days 01:11:53.261000,,,0 days 00:00:29.532000,0 days 00:00:27.567000,,0 days 01:12:49.551000,0 days 01:13:17.235000,205.0,236.0,279.0,264.0,False,,,False,Alfa Romeo Racing,0 days 01:11:53.261000,,1,,False,,False,False
2021-02,FP1,0 days 01:14:34.966000,RAI,7,0 days 00:01:17.883000,15.0,1.0,,,0 days 00:00:24.901000,0 days 00:00:26.875000,0 days 00:00:26.107000,0 days 01:13:41.984000,0 days 01:14:08.859000,0 days 01:14:34.966000,223.0,255.0,282.0,285.0,True,,,False,Alfa Romeo Racing,0 days 01:13:17.083000,,1,,False,,False,True
2021-02,FP1,0 days 01:16:24.782000,RAI,7,0 days 00:01:49.816000,16.0,1.0,,0 days 01:16:20.296000,0 days 00:00:30.850000,0 days 00:00:30.231000,0 days 00:00:48.735000,0 days 01:15:05.816000,0 days 01:15:36.047000,0 days 01:16:24.782000,202.0,231.0,,127.0,False,,,False,Alfa Romeo Racing,0 days 01:14:34.966000,,125,,False,,False,False
2021-02,FP1,0 days 00:18:11.889000,MAZ,9,,1.0,1.0,0 days 00:16:21.872000,,,0 days 00:00:35.346000,0 days 00:00:42.417000,,0 days 00:17:29.496000,0 days 00:18:11.979000,191.0,233.0,113.0,170.0,False,,,False,Haas F1 Team,0 days 00:16:21.872000,,12,,False,,False,False
2021-02,FP1,0 days 00:20:40.321000,MAZ,9,0 days 00:02:28.432000,2.0,1.0,,0 days 00:20:35.652000,0 days 00:00:42.411000,0 days 00:00:42.835000,0 days 00:01:03.186000,0 days 00:18:54.300000,0 days 00:19:37.135000,0 days 00:20:40.321000,140.0,219.0,,115.0,False,,,False,Haas F1 Team,0 days 00:18:11.889000,,12,,False,,False,False
2021-02,FP1,0 days 00:30:10.696000,MAZ,9,,3.0,1.0,0 days 00:28:27.194000,,,0 days 00:00:37.353000,0 days 00:00:33.968000,,0 days 00:29:36.748000,0 days 00:30:10.817000,183.0,218.0,263.0,253.0,False,,,False,Haas F1 Team,0 days 00:20:40.321000,,12,,False,,False,False
2021-02,FP1,0 days 00:31:43.231000,MAZ,9,0 days 00:01:32.535000,4.0,1.0,,,0 days 00:00:29.388000,0 days 00:00:32.605000,0 days 00:00:30.542000,0 days 00:30:40.084000,0 days 00:31:12.689000,0 days 00:31:43.231000,197.0,240.0,267.0,275.0,True,,,False,Haas F1 Team,0 days 00:30:10.696000,,1,,False,,False,True
2021-02,FP1,0 days 00:33:17,MAZ,9,0 days 00:01:33.769000,5.0,1.0,,,0 days 00:00:28.540000,0 days 00:00:32.433000,0 days 00:00:32.796000,0 days 00:32:11.771000,0 days 00:32:44.204000,0 days 00:33:17,203.0,246.0,274.0,235.0,False,,,False,Haas F1 Team,0 days 00:31:43.231000,,1,,False,,False,True
2021-02,FP1,0 days 00:34:48.583000,MAZ,9,0 days 00:01:31.583000,6.0,1.0,,,0 days 00:00:27.748000,0 days 00:00:30.676000,0 days 00:00:33.159000,0 days 00:33:44.748000,0 days 00:34:15.424000,0 days 00:34:48.583000,203.0,246.0,271.0,185.0,True,,,False,Haas F1 Team,0 days 00:33:17,,1,,False,,False,True
2021-02,FP1,0 days 00:36:14.030000,MAZ,9,0 days 00:01:25.447000,7.0,1.0,,,0 days 00:00:27.102000,0 days 00:00:29.704000,0 days 00:00:28.641000,0 days 00:35:15.685000,0 days 00:35:45.389000,0 days 00:36:14.030000,209.0,248.0,275.0,274.0,True,,,False,Haas F1 Team,0 days 00:34:48.583000,,1,,False,,False,True
2021-02,FP1,0 days 00:37:37.525000,MAZ,9,0 days 00:01:23.495000,8.0,1.0,,,0 days 00:00:26.426000,0 days 00:00:29.081000,0 days 00:00:27.988000,0 days 00:36:40.456000,0 days 00:37:09.537000,0 days 00:37:37.525000,211.0,248.0,274.0,274.0,True,,,False,Haas F1 Team,0 days 00:36:14.030000,,1,,False,,False,True
2021-02,FP1,0 days 00:38:59.872000,MAZ,9,0 days 00:01:22.347000,9.0,1.0,,,0 days 00:00:26.018000,0 days 00:00:28.693000,0 days 00:00:27.636000,0 days 00:38:03.543000,0 days 00:38:32.236000,0 days 00:38:59.872000,215.0,249.0,276.0,275.0,True,,,False,Haas F1 Team,0 days 00:37:37.525000,,1,,False,,False,True
2021-02,FP1,0 days 00:40:21.516000,MAZ,9,0 days 00:01:21.644000,10.0,1.0,,,0 days 00:00:25.981000,0 days 00:00:28.396000,0 days 00:00:27.267000,0 days 00:39:25.853000,0 days 00:39:54.249000,0 days 00:40:21.516000,215.0,251.0,275.0,277.0,True,,,False,Haas F1 Team,0 days 00:38:59.872000,,1,,False,,False,True
2021-02,FP1,0 days 00:41:42.378000,MAZ,9,0 days 00:01:20.862000,11.0,1.0,,,0 days 00:00:25.638000,0 days 00:00:28.141000,0 days 00:00:27.083000,0 days 00:40:47.154000,0 days 00:41:15.295000,0 days 00:41:42.378000,217.0,251.0,275.0,279.0,True,,,False,Haas F1 Team,0 days 00:40:21.516000,,1,,False,,False,True
2021-02,FP1,0 days 00:43:27.342000,MAZ,9,0 days 00:01:44.964000,12.0,1.0,,0 days 00:43:27.330000,0 days 00:00:30.235000,0 days 00:00:36.329000,0 days 00:00:38.400000,0 days 00:42:12.613000,0 days 00:42:48.942000,0 days 00:43:27.342000,189.0,222.0,,245.0,False,,,False,Haas F1 Team,0 days 00:41:42.378000,,1,,False,,False,False
2021-02,FP1,0 days 00:50:57.357000,MAZ,9,,13.0,1.0,0 days 00:49:27.281000,,,0 days 00:00:32.652000,0 days 00:00:29.557000,,0 days 00:50:27.800000,0 days 00:50:57.470000,198.0,232.0,275.0,263.0,False,,,False,Haas F1 Team,0 days 00:43:27.342000,,1,,False,,False,False
2021-02,FP1,0 days 01:03:16.710000,MAZ,9,,14.0,1.0,,0 days 00:52:35.967000,0 days 00:00:29.932000,0 days 00:00:34.467000,,0 days 00:51:27.293000,0 days 00:52:01.767000,,189.0,229.0,,260.0,False,,,False,Haas F1 Team,0 days 00:50:57.357000,,125,,False,,False,False
2021-02,FP1,0 days 01:04:50.459000,MAZ,9,,15.0,1.0,0 days 01:03:16.710000,,,0 days 00:00:33.227000,0 days 00:00:31.379000,,0 days 01:04:19.103000,0 days 01:04:50.528000,201.0,229.0,276.0,263.0,False,,,False,Haas F1 Team,0 days 01:03:16.710000,,1,,False,,False,False
2021-02,FP1,0 days 01:06:10.444000,MAZ,9,0 days 00:01:19.985000,16.0,1.0,,,0 days 00:00:25.579000,0 days 00:00:27.684000,0 days 00:00:26.722000,0 days 01:05:16.038000,0 days 01:05:43.722000,0 days 01:06:10.444000,221.0,251.0,279.0,283.0,True,,,False,Haas F1 Team,0 days 01:04:50.459000,,1,,False,,False,True
2021-02,FP1,0 days 01:07:55.795000,MAZ,9,0 days 00:01:45.351000,17.0,1.0,,,0 days 00:00:32.136000,0 days 00:00:39.022000,0 days 00:00:34.193000,0 days 01:06:42.580000,0 days 01:07:21.602000,0 days 01:07:55.795000,183.0,221.0,279.0,165.0,False,,,False,Haas F1 Team,0 days 01:06:10.444000,,1,,False,,False,True
2021-02,FP1,0 days 01:09:15.154000,MAZ,9,0 days 00:01:19.359000,18.0,1.0,,,0 days 00:00:25.189000,0 days 00:00:27.581000,0 days 00:00:26.589000,0 days 01:08:20.984000,0 days 01:08:48.565000,0 days 01:09:15.154000,221.0,252.0,279.0,282.0,True,,,False,Haas F1 Team,0 days 01:07:55.795000,,12,,False,,False,True
2021-02,FP1,0 days 01:11:02.842000,MAZ,9,0 days 00:01:47.688000,19.0,1.0,,,0 days 00:00:34.768000,0 days 00:00:41.369000,0 days 00:00:31.551000,0 days 01:09:49.922000,0 days 01:10:31.291000,0 days 01:11:02.842000,150.0,171.0,277.0,172.0,False,,,False,Haas F1 Team,0 days 01:09:15.154000,,1,,False,,False,True
2021-02,FP1,0 days 01:12:21.665000,MAZ,9,0 days 00:01:18.823000,20.0,1.0,,,0 days 00:00:25.048000,0 days 00:00:27.471000,0 days 00:00:26.304000,0 days 01:11:27.890000,0 days 01:11:55.361000,0 days 01:12:21.665000,221.0,253.0,279.0,283.0,True,,,False,Haas F1 Team,0 days 01:11:02.842000,,1,,False,,False,True
2021-02,FP1,0 days 01:14:14.042000,MAZ,9,0 days 00:01:52.377000,21.0,1.0,,,0 days 00:00:36.109000,0 days 00:00:39.440000,0 days 00:00:36.828000,0 days 01:12:57.774000,0 days 01:13:37.214000,0 days 01:14:14.042000,141.0,177.0,281.0,182.0,False,,,False,Haas F1 Team,0 days 01:12:21.665000,,1,,False,,False,True
2021-02,FP1,0 days 01:18:04.687000,MAZ,9,,22.0,1.0,,0 days 01:18:04.687000,0 days 00:00:24.872000,0 days 00:00:27.373000,,0 days 01:14:38.934000,0 days 01:15:06.306000,,224.0,251.0,,283.0,False,,,False,Haas F1 Team,0 days 01:14:14.042000,,125,,False,,False,False
2021-02,FP1,0 days 00:26:41.351000,GAS,10,,1.0,1.0,0 days 00:25:08.867000,,,0 days 00:00:33.362000,0 days 00:00:30.652000,,0 days 00:26:10.728000,0 days 00:26:41.515000,187.0,238.0,249.0,258.0,False,,,False,AlphaTauri,0 days 00:25:08.867000,,1,,False,,False,False
2021-02,FP1,0 days 00:28:09.222000,GAS,10,0 days 00:01:27.871000,2.0,1.0,,,0 days 00:00:28.988000,0 days 00:00:29.205000,0 days 00:00:29.678000,0 days 00:27:10.339000,0 days 00:27:39.544000,0 days 00:28:09.222000,204.0,243.0,278.0,277.0,True,,,False,AlphaTauri,0 days 00:26:41.351000,,1,,False,,False,True
2021-02,FP1,0 days 00:29:39.946000,GAS,10,0 days 00:01:30.724000,3.0,1.0,,,0 days 00:00:28.147000,0 days 00:00:30.626000,0 days 00:00:31.951000,0 days 00:28:37.369000,0 days 00:29:07.995000,0 days 00:29:39.946000,200.0,214.0,280.0,248.0,False,,,False,AlphaTauri,0 days 00:28:09.222000,,12,,False,,False,True
2021-02,FP1,0 days 00:30:59.366000,GAS,10,0 days 00:01:19.420000,4.0,1.0,,,0 days 00:00:25.275000,0 days 00:00:27.213000,0 days 00:00:26.932000,0 days 00:30:05.221000,0 days 00:30:32.434000,0 days 00:30:59.366000,220.0,257.0,276.0,286.0,True,,,False,AlphaTauri,0 days 00:29:39.946000,,1,,False,,False,True
2021-02,FP1,0 days 00:32:29.185000,GAS,10,0 days 00:01:29.819000,5.0,1.0,,,0 days 00:00:30.821000,0 days 00:00:30.622000,0 days 00:00:28.376000,0 days 00:31:30.187000,0 days 00:32:00.809000,0 days 00:32:29.185000,195.0,245.0,278.0,263.0,False,,,False,AlphaTauri,0 days 00:30:59.366000,,1,,False,,False,True
2021-02,FP1,0 days 00:33:47.609000,GAS,10,0 days 00:01:18.424000,6.0,1.0,,,0 days 00:00:25.106000,0 days 00:00:27.033000,0 days 00:00:26.285000,0 days 00:32:54.291000,0 days 00:33:21.324000,0 days 00:33:47.609000,222.0,253.0,278.0,285.0,True,,,False,AlphaTauri,0 days 00:32:29.185000,,1,,False,,False,True
2021-02,FP1,0 days 00:35:26.905000,GAS,10,0 days 00:01:39.296000,7.0,1.0,,,0 days 00:00:30.108000,0 days 00:00:38.154000,0 days 00:00:31.034000,0 days 00:34:17.717000,0 days 00:34:55.871000,0 days 00:35:26.905000,185.0,228.0,281.0,262.0,False,,,False,AlphaTauri,0 days 00:33:47.609000,,1,,False,,False,True
2021-02,FP1,0 days 00:36:44.648000,GAS,10,0 days 00:01:17.743000,8.0,1.0,,,0 days 00:00:24.884000,0 days 00:00:26.757000,0 days 00:00:26.102000,0 days 00:35:51.789000,0 days 00:36:18.546000,0 days 00:36:44.648000,223.0,255.0,282.0,284.0,True,,,False,AlphaTauri,0 days 00:35:26.905000,,1,,False,,False,True
2021-02,FP1,0 days 00:38:15.648000,GAS,10,0 days 00:01:31,9.0,1.0,,,0 days 00:00:29.041000,0 days 00:00:33.319000,0 days 00:00:28.640000,0 days 00:37:13.689000,0 days 00:37:47.008000,0 days 00:38:15.648000,186.0,242.0,281.0,261.0,False,,,False,AlphaTauri,0 days 00:36:44.648000,,1,,False,,False,True
2021-02,FP1,0 days 00:39:33.118000,GAS,10,0 days 00:01:17.470000,10.0,1.0,,,0 days 00:00:24.612000,0 days 00:00:26.757000,0 days 00:00:26.101000,0 days 00:38:40.260000,0 days 00:39:07.017000,0 days 00:39:33.118000,227.0,255.0,280.0,283.0,True,,,False,AlphaTauri,0 days 00:38:15.648000,,1,,False,,False,True
2021-02,FP1,0 days 00:41:04.809000,GAS,10,0 days 00:01:31.691000,11.0,1.0,,0 days 00:41:02.417000,0 days 00:00:28.519000,0 days 00:00:30.247000,0 days 00:00:32.925000,0 days 00:40:01.637000,0 days 00:40:31.884000,0 days 00:41:04.809000,200.0,245.0,,263.0,False,,,False,AlphaTauri,0 days 00:39:33.118000,,1,,False,,False,False
2021-02,FP1,0 days 01:03:45.697000,GAS,10,,12.0,1.0,0 days 00:52:05.159000,0 days 00:53:46.273000,,,,,,,,,,,False,,,False,AlphaTauri,0 days 00:41:04.809000,,125,,False,,False,False
2021-02,FP1,0 days 01:05:13.863000,GAS,10,,13.0,1.0,0 days 01:03:45.695000,,,0 days 00:00:29.033000,0 days 00:00:34.406000,,0 days 01:04:39.481000,0 days 01:05:14.018000,210.0,247.0,281.0,261.0,False,,,False,AlphaTauri,0 days 01:03:45.695000,,1,,False,,False,False
2021-02,FP1,0 days 01:06:31.402000,GAS,10,0 days 00:01:17.539000,14.0,1.0,,,0 days 00:00:24.897000,0 days 00:00:26.580000,0 days 00:00:26.062000,0 days 01:05:38.760000,0 days 01:06:05.340000,0 days 01:06:31.402000,226.0,256.0,280.0,287.0,False,,,False,AlphaTauri,0 days 01:05:13.863000,,1,,False,,False,True
2021-02,FP1,0 days 01:08:14.483000,GAS,10,0 days 00:01:43.081000,15.0,1.0,,,0 days 00:00:29.642000,0 days 00:00:36.122000,0 days 00:00:37.317000,0 days 01:07:01.044000,0 days 01:07:37.166000,0 days 01:08:14.483000,196.0,217.0,284.0,119.0,False,,,False,AlphaTauri,0 days 01:06:31.402000,,1,,False,,False,True
2021-02,FP1,0 days 01:09:53.851000,GAS,10,0 days 00:01:39.368000,16.0,1.0,,,0 days 00:00:27.094000,0 days 00:00:41.061000,0 days 00:00:31.213000,0 days 01:08:41.577000,0 days 01:09:22.638000,0 days 01:09:53.851000,165.0,243.0,280.0,264.0,False,,,False,AlphaTauri,0 days 01:08:14.483000,,12,,False,,False,True
2021-02,FP1,0 days 01:11:10.871000,GAS,10,0 days 00:01:17.020000,17.0,1.0,,,0 days 00:00:24.648000,0 days 00:00:26.581000,0 days 00:00:25.791000,0 days 01:10:18.499000,0 days 01:10:45.080000,0 days 01:11:10.871000,227.0,255.0,280.0,286.0,True,,,False,AlphaTauri,0 days 01:09:53.851000,,1,,False,,False,True
2021-02,FP1,0 days 01:12:51.533000,GAS,10,0 days 00:01:40.662000,18.0,1.0,,,0 days 00:00:33.177000,0 days 00:00:38.349000,0 days 00:00:29.136000,0 days 01:11:44.048000,0 days 01:12:22.397000,0 days 01:12:51.533000,114.0,226.0,281.0,263.0,False,,,False,AlphaTauri,0 days 01:11:10.871000,,1,,False,,False,True
2021-02,FP1,0 days 01:14:08.421000,GAS,10,0 days 00:01:16.888000,19.0,1.0,,,0 days 00:00:24.457000,0 days 00:00:26.450000,0 days 00:00:25.981000,0 days 01:13:15.990000,0 days 01:13:42.440000,0 days 01:14:08.421000,230.0,256.0,286.0,287.0,True,,,False,AlphaTauri,0 days 01:12:51.533000,,1,,False,,False,True
2021-02,FP1,0 days 01:15:46.464000,GAS,10,0 days 00:01:38.043000,20.0,1.0,,,0 days 00:00:29.925000,0 days 00:00:35.381000,0 days 00:00:32.737000,0 days 01:14:38.346000,0 days 01:15:13.727000,0 days 01:15:46.464000,150.0,224.0,202.0,258.0,False,,,False,AlphaTauri,0 days 01:14:08.421000,,125,,False,,False,False
2021-02,FP1,0 days 01:17:41.686000,GAS,10,0 days 00:01:55.222000,21.0,1.0,,0 days 01:17:37.300000,0 days 00:00:34.635000,0 days 00:00:38.637000,0 days 00:00:41.950000,0 days 01:16:21.099000,0 days 01:16:59.736000,0 days 01:17:41.686000,201.0,209.0,,200.0,False,,,False,AlphaTauri,0 days 01:15:46.464000,,5,,False,,False,False
2021-02,FP1,0 days 00:18:32.403000,PER,11,,1.0,1.0,0 days 00:16:32.632000,,,0 days 00:00:33.075000,0 days 00:00:36.774000,,0 days 00:17:55.653000,0 days 00:18:32.552000,177.0,245.0,244.0,118.0,False,,,False,Red Bull Racing,0 days 00:16:32.632000,,12,,False,,False,False
2021-02,FP1,0 days 00:19:59.076000,PER,11,0 days 00:01:26.673000,2.0,1.0,,,0 days 00:00:27.769000,0 days 00:00:30.473000,0 days 00:00:28.431000,0 days 00:19:00.172000,0 days 00:19:30.645000,0 days 00:19:59.076000,214.0,252.0,276.0,282.0,True,,,False,Red Bull Racing,0 days 00:18:32.403000,,1,,False,,False,True
2021-02,FP1,0 days 00:21:19.901000,PER,11,0 days 00:01:20.825000,3.0,1.0,,,0 days 00:00:25.874000,0 days 00:00:27.751000,0 days 00:00:27.200000,0 days 00:20:24.950000,0 days 00:20:52.701000,0 days 00:21:19.901000,225.0,252.0,276.0,277.0,True,,,False,Red Bull Racing,0 days 00:19:59.076000,,12,,False,,False,True
2021-02,FP1,0 days 00:22:57.632000,PER,11,0 days 00:01:37.731000,4.0,1.0,,,0 days 00:00:29.455000,0 days 00:00:32.886000,0 days 00:00:35.390000,0 days 00:21:49.356000,0 days 00:22:22.242000,0 days 00:22:57.632000,196.0,222.0,277.0,148.0,False,,,False,Red Bull Racing,0 days 00:21:19.901000,,1,,False,,False,True
2021-02,FP1,0 days 00:24:16.837000,PER,11,0 days 00:01:19.205000,5.0,1.0,,,0 days 00:00:25.289000,0 days 00:00:27.420000,0 days 00:00:26.496000,0 days 00:23:22.921000,0 days 00:23:50.341000,0 days 00:24:16.837000,224.0,253.0,278.0,286.0,True,,,False,Red Bull Racing,0 days 00:22:57.632000,,1,,False,,False,True
2021-02,FP1,0 days 00:25:53.073000,PER,11,0 days 00:01:36.236000,6.0,1.0,,,0 days 00:00:31.657000,0 days 00:00:33.482000,0 days 00:00:31.097000,0 days 00:24:48.494000,0 days 00:25:21.976000,0 days 00:25:53.073000,184.0,236.0,277.0,259.0,False,,,False,Red Bull Racing,0 days 00:24:16.837000,,1,,False,,False,True
2021-02,FP1,0 days 00:27:12.191000,PER,11,0 days 00:01:19.118000,7.0,1.0,,,0 days 00:00:25.241000,0 days 00:00:27.325000,0 days 00:00:26.552000,0 days 00:26:18.314000,0 days 00:26:45.639000,0 days 00:27:12.191000,225.0,253.0,277.0,283.0,True,,,False,Red Bull Racing,0 days 00:25:53.073000,,1,,False,,False,True
2021-02,FP1,0 days 00:28:43.712000,PER,11,0 days 00:01:31.521000,8.0,1.0,,,0 days 00:00:30.335000,0 days 00:00:32.452000,0 days 00:00:28.734000,0 days 00:27:42.526000,0 days 00:28:14.978000,0 days 00:28:43.712000,173.0,247.0,277.0,261.0,False,,,False,Red Bull Racing,0 days 00:27:12.191000,,1,,False,,False,True
2021-02,FP1,0 days 00:30:20.258000,PER,11,0 days 00:01:36.546000,9.0,1.0,,0 days 00:30:15.723000,0 days 00:00:28.461000,0 days 00:00:32.721000,0 days 00:00:35.364000,0 days 00:29:12.173000,0 days 00:29:44.894000,0 days 00:30:20.258000,180.0,239.0,,284.0,False,,,False,Red Bull Racing,0 days 00:28:43.712000,,12,,False,,False,False
2021-02,FP1,0 days 00:45:25.335000,PER,11,,10.0,1.0,0 days 00:43:59.498000,,,0 days 00:00:29.496000,0 days 00:00:27.959000,,0 days 00:44:57.388000,0 days 00:45:25.477000,205.0,250.0,275.0,263.0,False,,,False,Red Bull Racing,0 days 00:30:20.258000,,1,,False,,False,False
2021-02,FP1,0 days 00:46:44.830000,PER,11,0 days 00:01:19.495000,11.0,1.0,,,0 days 00:00:25.546000,0 days 00:00:27.446000,0 days 00:00:26.503000,0 days 00:45:50.881000,0 days 00:46:18.327000,0 days 00:46:44.830000,212.0,255.0,282.0,285.0,False,,,False,Red Bull Racing,0 days 00:45:25.335000,,1,,False,,False,True
2021-02,FP1,0 days 00:48:24.211000,PER,11,0 days 00:01:39.381000,12.0,1.0,,,0 days 00:00:31.034000,0 days 00:00:30.213000,0 days 00:00:38.134000,0 days 00:47:15.864000,0 days 00:47:46.077000,0 days 00:48:24.211000,200.0,204.0,278.0,224.0,False,,,False,Red Bull Racing,0 days 00:46:44.830000,,1,,False,,False,True
2021-02,FP1,0 days 00:49:42.439000,PER,11,0 days 00:01:18.228000,13.0,1.0,,,0 days 00:00:24.936000,0 days 00:00:27.098000,0 days 00:00:26.194000,0 days 00:48:49.147000,0 days 00:49:16.245000,0 days 00:49:42.439000,226.0,255.0,279.0,287.0,True,,,False,Red Bull Racing,0 days 00:48:24.211000,,1,,False,,False,True
2021-02,FP1,0 days 00:51:22.247000,PER,11,0 days 00:01:39.808000,14.0,1.0,,,0 days 00:00:38.412000,0 days 00:00:30.018000,0 days 00:00:31.378000,0 days 00:50:20.851000,0 days 00:50:50.869000,0 days 00:51:22.247000,196.0,241.0,248.0,173.0,False,,,False,Red Bull Racing,0 days 00:49:42.439000,,1,,False,,False,True
2021-02,FP1,0 days 00:18:05.498000,ALO,14,,1.0,1.0,0 days 00:16:15.867000,0 days 00:18:01.195000,,0 days 00:00:37.053000,0 days 00:00:41.089000,,0 days 00:17:24.409000,0 days 00:18:05.562000,184.0,219.0,,233.0,False,,,False,Alpine,0 days 00:16:15.867000,,12,,False,,False,False
2021-02,FP1,0 days 00:20:48.994000,ALO,14,,2.0,1.0,0 days 00:18:58.870000,0 days 00:20:44.550000,0 days 00:01:25.281000,0 days 00:00:38.306000,0 days 00:00:39.924000,0 days 00:19:30.780000,0 days 00:20:09.087000,0 days 00:20:48.994000,178.0,220.0,,247.0,False,,,False,Alpine,0 days 00:18:05.498000,,12,,False,,False,False
2021-02,FP1,0 days 00:32:58.191000,ALO,14,,3.0,1.0,0 days 00:31:30.560000,,,0 days 00:00:30.715000,0 days 00:00:29.771000,,0 days 00:32:28.420000,0 days 00:32:58.313000,198.0,243.0,269.0,270.0,False,,,False,Alpine,0 days 00:20:48.994000,,12,,False,,False,False
2021-02,FP1,0 days 00:34:40.985000,ALO,14,0 days 00:01:42.794000,4.0,1.0,,0 days 00:34:35.743000,0 days 00:00:32.296000,0 days 00:00:32.106000,0 days 00:00:38.392000,0 days 00:33:30.487000,0 days 00:34:02.593000,0 days 00:34:40.985000,187.0,176.0,,231.0,False,,,False,Alpine,0 days 00:32:58.191000,,1,,False,,False,False
2021-02,FP1,0 days 00:36:26.862000,ALO,14,0 days 00:01:45.877000,5.0,1.0,0 days 00:35:02.213000,,0 days 00:00:47.875000,0 days 00:00:29.658000,0 days 00:00:28.344000,0 days 00:35:28.860000,0 days 00:35:58.518000,0 days 00:36:26.862000,203.0,240.0,278.0,284.0,False,,,False,Alpine,0 days 00:34:40.985000,,1,,False,,False,False
2021-02,FP1,0 days 00:37:48.624000,ALO,14,0 days 00:01:21.762000,6.0,1.0,,,0 days 00:00:26.148000,0 days 00:00:28.457000,0 days 00:00:27.157000,0 days 00:36:53.010000,0 days 00:37:21.467000,0 days 00:37:48.624000,206.0,256.0,275.0,276.0,True,,,False,Alpine,0 days 00:36:26.862000,,1,,False,,False,True
2021-02,FP1,0 days 00:39:08.852000,ALO,14,0 days 00:01:20.228000,7.0,1.0,,,0 days 00:00:25.828000,0 days 00:00:27.666000,0 days 00:00:26.734000,0 days 00:38:14.452000,0 days 00:38:42.118000,0 days 00:39:08.852000,217.0,250.0,279.0,280.0,True,,,False,Alpine,0 days 00:37:48.624000,,1,,False,,False,True
2021-02,FP1,0 days 00:40:38.741000,ALO,14,0 days 00:01:29.889000,8.0,1.0,,0 days 00:40:34.310000,0 days 00:00:28.789000,0 days 00:00:27.892000,0 days 00:00:33.208000,0 days 00:39:37.641000,0 days 00:40:05.533000,0 days 00:40:38.741000,217.0,251.0,,270.0,False,,,False,Alpine,0 days 00:39:08.852000,,1,,False,,False,False
2021-02,FP1,0 days 00:42:50.949000,ALO,14,0 days 00:02:12.208000,9.0,1.0,0 days 00:41:30.415000,,0 days 00:01:15.622000,0 days 00:00:28.642000,0 days 00:00:27.944000,0 days 00:41:54.363000,0 days 00:42:23.005000,0 days 00:42:50.949000,209.0,242.0,274.0,269.0,False,,,False,Alpine,0 days 00:40:38.741000,,1,,False,,False,False
2021-02,FP1,0 days 00:44:18.994000,ALO,14,0 days 00:01:28.045000,10.0,1.0,,,0 days 00:00:25.999000,0 days 00:00:27.799000,0 days 00:00:34.247000,0 days 00:43:16.948000,0 days 00:43:44.747000,0 days 00:44:18.994000,216.0,252.0,278.0,168.0,False,,,False,Alpine,0 days 00:42:50.949000,,1,,False,,False,True
2021-02,FP1,0 days 00:45:38.761000,ALO,14,0 days 00:01:19.767000,11.0,1.0,,,0 days 00:00:25.594000,0 days 00:00:27.665000,0 days 00:00:26.508000,0 days 00:44:44.588000,0 days 00:45:12.253000,0 days 00:45:38.761000,218.0,253.0,283.0,281.0,True,,,False,Alpine,0 days 00:44:18.994000,,1,,False,,False,True
2021-02,FP1,0 days 00:46:57.963000,ALO,14,0 days 00:01:19.202000,12.0,1.0,,,0 days 00:00:25.269000,0 days 00:00:27.508000,0 days 00:00:26.425000,0 days 00:46:04.030000,0 days 00:46:31.538000,0 days 00:46:57.963000,216.0,252.0,279.0,280.0,True,,,False,Alpine,0 days 00:45:38.761000,,1,,False,,False,True
2021-02,FP1,0 days 00:48:17.605000,ALO,14,0 days 00:01:19.642000,13.0,1.0,,,0 days 00:00:25.518000,0 days 00:00:27.428000,0 days 00:00:26.696000,0 days 00:47:23.481000,0 days 00:47:50.909000,0 days 00:48:17.605000,221.0,252.0,281.0,282.0,False,,,False,Alpine,0 days 00:46:57.963000,,1,,False,,False,True
2021-02,FP1,0 days 00:49:47.027000,ALO,14,0 days 00:01:29.422000,14.0,1.0,,0 days 00:49:42.565000,0 days 00:00:27.790000,0 days 00:00:28.242000,0 days 00:00:33.390000,0 days 00:48:45.395000,0 days 00:49:13.637000,0 days 00:49:47.027000,217.0,243.0,,270.0,False,,,False,Alpine,0 days 00:48:17.605000,,1,,False,,False,False
2021-02,FP1,0 days 01:04:34.433000,ALO,14,,15.0,1.0,0 days 01:03:04.510000,,,0 days 00:00:31.354000,0 days 00:00:31.624000,,0 days 01:04:02.824000,0 days 01:04:34.644000,210.0,126.0,280.0,208.0,False,,,False,Alpine,0 days 01:03:04.510000,,1,,False,,False,False
2021-02,FP1,0 days 01:05:52.466000,ALO,14,0 days 00:01:18.033000,16.0,1.0,,,0 days 00:00:24.904000,0 days 00:00:26.997000,0 days 00:00:26.132000,0 days 01:04:59.337000,0 days 01:05:26.334000,0 days 01:05:52.466000,223.0,256.0,283.0,290.0,True,,,False,Alpine,0 days 01:04:34.433000,,1,,False,,False,True
2021-02,FP1,0 days 01:07:32.107000,ALO,14,0 days 00:01:39.641000,17.0,1.0,,,0 days 00:00:32.110000,0 days 00:00:34.004000,0 days 00:00:33.527000,0 days 01:06:24.576000,0 days 01:06:58.580000,0 days 01:07:32.107000,174.0,237.0,281.0,197.0,False,,,False,Alpine,0 days 01:05:52.466000,,1,,False,,False,True
2021-02,FP1,0 days 01:09:03.949000,ALO,14,0 days 00:01:31.842000,18.0,1.0,,,0 days 00:00:24.636000,0 days 00:00:27.659000,0 days 00:00:39.547000,0 days 01:07:56.743000,0 days 01:08:24.402000,0 days 01:09:03.949000,225.0,232.0,281.0,144.0,False,,,False,Alpine,0 days 01:07:32.107000,,12,,False,,False,True
2021-02,FP1,0 days 01:10:21.406000,ALO,14,0 days 00:01:17.457000,19.0,1.0,,,0 days 00:00:24.640000,0 days 00:00:26.931000,0 days 00:00:25.886000,0 days 01:09:28.589000,0 days 01:09:55.520000,0 days 01:10:21.406000,230.0,257.0,283.0,289.0,True,,,False,Alpine,0 days 01:09:03.949000,,1,,False,,False,True
2021-02,FP1,0 days 01:12:32.997000,ALO,14,0 days 00:02:11.591000,20.0,1.0,,,0 days 00:00:31.808000,0 days 00:00:57.247000,0 days 00:00:42.536000,0 days 01:10:53.214000,0 days 01:11:50.461000,0 days 01:12:32.997000,180.0,73.0,280.0,205.0,False,,,False,Alpine,0 days 01:10:21.406000,,1,,False,,False,True
2021-02,FP1,0 days 01:14:07.703000,ALO,14,0 days 00:01:34.706000,21.0,1.0,,,0 days 00:00:24.876000,0 days 00:00:34.367000,0 days 00:00:35.463000,0 days 01:12:57.873000,0 days 01:13:32.240000,0 days 01:14:07.703000,221.0,202.0,282.0,214.0,False,,,False,Alpine,0 days 01:12:32.997000,,1,,False,,False,True
2021-02,FP1,0 days 01:15:25.393000,ALO,14,0 days 00:01:17.690000,22.0,1.0,,,0 days 00:00:24.497000,0 days 00:00:26.897000,0 days 00:00:26.296000,0 days 01:14:32.200000,0 days 01:14:59.097000,0 days 01:15:25.393000,226.0,256.0,284.0,293.0,False,,,False,Alpine,0 days 01:14:07.703000,,1,,False,,False,True
2021-02,FP1,0 days 01:17:33.911000,ALO,14,0 days 00:02:08.518000,23.0,1.0,,0 days 01:17:30.005000,0 days 00:00:37.326000,0 days 00:00:41.935000,0 days 00:00:49.257000,0 days 01:16:02.719000,0 days 01:16:44.654000,0 days 01:17:33.911000,131.0,225.0,,164.0,False,,,False,Alpine,0 days 01:15:25.393000,,125,,False,,False,False
2021-02,FP1,0 days 00:19:27.865000,LEC,16,,1.0,1.0,0 days 00:17:47.491000,,,0 days 00:00:34.469000,0 days 00:00:32.892000,,0 days 00:18:54.981000,0 days 00:19:27.986000,184.0,230.0,255.0,260.0,False,,,False,Ferrari,0 days 00:17:47.491000,,1,,False,,False,False
2021-02,FP1,0 days 00:21:01.758000,LEC,16,0 days 00:01:33.893000,2.0,1.0,,0 days 00:20:57.325000,0 days 00:00:29.327000,0 days 00:00:30.764000,0 days 00:00:33.802000,0 days 00:19:57.192000,0 days 00:20:27.956000,0 days 00:21:01.758000,195.0,249.0,,273.0,False,,,False,Ferrari,0 days 00:19:27.865000,,12,,False,,False,False
2021-02,FP1,0 days 00:33:15.083000,LEC,16,,3.0,1.0,0 days 00:31:43.394000,,,0 days 00:00:33.751000,0 days 00:00:30.335000,,0 days 00:32:44.750000,0 days 00:33:16.669000,202.0,239.0,259.0,265.0,False,,,False,Ferrari,0 days 00:21:01.758000,,12,,False,,False,False
2021-02,FP1,0 days 00:34:44.516000,LEC,16,0 days 00:01:29.433000,4.0,1.0,,0 days 00:34:40.086000,0 days 00:00:27.624000,0 days 00:00:28.100000,0 days 00:00:33.709000,0 days 00:33:42.707000,0 days 00:34:10.807000,0 days 00:34:44.516000,218.0,252.0,,278.0,False,,,False,Ferrari,0 days 00:33:15.083000,,1,,False,,False,False
2021-02,FP1,0 days 01:03:33.797000,LEC,16,,5.0,1.0,0 days 00:52:11.215000,0 days 00:53:54.903000,,,,,,,,,,,False,,,False,Ferrari,0 days 00:34:44.516000,,125,,False,,False,False
2021-02,FP1,0 days 01:05:05.430000,LEC,16,,6.0,1.0,0 days 01:03:33.797000,,,0 days 00:00:32.297000,0 days 00:00:33.489000,,0 days 01:04:31.969000,0 days 01:05:05.584000,207.0,147.0,278.0,223.0,False,,,False,Ferrari,0 days 01:03:33.797000,,1,,False,,False,False
2021-02,FP1,0 days 01:06:23.408000,LEC,16,0 days 00:01:17.978000,7.0,1.0,,,0 days 00:00:24.997000,0 days 00:00:26.917000,0 days 00:00:26.064000,0 days 01:05:30.427000,0 days 01:05:57.344000,0 days 01:06:23.408000,226.0,253.0,280.0,281.0,True,,,False,Ferrari,0 days 01:05:05.430000,,1,,False,,False,True
2021-02,FP1,0 days 01:08:20.633000,LEC,16,0 days 00:01:57.225000,8.0,1.0,,,0 days 00:00:34.134000,0 days 00:00:45.789000,0 days 00:00:37.302000,0 days 01:06:57.542000,0 days 01:07:43.331000,0 days 01:08:20.633000,134.0,181.0,278.0,137.0,False,,,False,Ferrari,0 days 01:06:23.408000,,1,,False,,False,True
2021-02,FP1,0 days 01:09:37.542000,LEC,16,0 days 00:01:16.909000,9.0,1.0,,,0 days 00:00:24.566000,0 days 00:00:26.616000,0 days 00:00:25.727000,0 days 01:08:45.199000,0 days 01:09:11.815000,0 days 01:09:37.542000,227.0,254.0,281.0,281.0,True,,,False,Ferrari,0 days 01:08:20.633000,,12,,False,,False,True
2021-02,FP1,0 days 01:11:35.965000,LEC,16,0 days 00:01:58.423000,10.0,1.0,,,0 days 00:00:34.538000,0 days 00:00:44.445000,0 days 00:00:39.440000,0 days 01:10:12.080000,0 days 01:10:56.525000,0 days 01:11:35.965000,116.0,156.0,277.0,154.0,False,,,False,Ferrari,0 days 01:09:37.542000,,1,,False,,False,True
2021-02,FP1,0 days 01:13:13.994000,LEC,16,0 days 00:01:38.029000,11.0,1.0,,,0 days 00:00:27.905000,0 days 00:00:32.289000,0 days 00:00:37.835000,0 days 01:12:03.870000,0 days 01:12:36.159000,0 days 01:13:13.994000,201.0,236.0,279.0,194.0,False,,,False,Ferrari,0 days 01:11:35.965000,,1,,False,,False,True
2021-02,FP1,0 days 01:14:30.790000,LEC,16,0 days 00:01:16.796000,12.0,1.0,,,0 days 00:00:24.543000,0 days 00:00:26.473000,0 days 00:00:25.780000,0 days 01:13:38.537000,0 days 01:14:05.010000,0 days 01:14:30.790000,229.0,257.0,283.0,281.0,True,,,False,Ferrari,0 days 01:13:13.994000,,1,,False,,False,True
2021-02,FP1,0 days 01:16:17.560000,LEC,16,0 days 00:01:46.770000,13.0,1.0,,0 days 01:16:14.602000,0 days 00:00:28.806000,0 days 00:00:32.979000,0 days 00:00:44.985000,0 days 01:14:59.596000,0 days 01:15:32.575000,0 days 01:16:17.560000,192.0,231.0,,111.0,False,,,False,Ferrari,0 days 01:14:30.790000,,125,,False,,False,False
2021-02,FP1,0 days 00:23:30.976000,STR,18,,1.0,1.0,0 days 00:21:57.724000,,,0 days 00:00:30.903000,0 days 00:00:32.577000,,0 days 00:22:58.399000,0 days 00:23:31.099000,200.0,241.0,275.0,160.0,False,,,False,Aston Martin,0 days 00:21:57.724000,,1,,False,,False,False
2021-02,FP1,0 days 00:24:51.604000,STR,18,0 days 00:01:20.628000,2.0,1.0,,,0 days 00:00:25.851000,0 days 00:00:27.955000,0 days 00:00:26.822000,0 days 00:23:56.827000,0 days 00:24:24.782000,0 days 00:24:51.604000,219.0,254.0,278.0,282.0,True,,,False,Aston Martin,0 days 00:23:30.976000,,1,,False,,False,True
2021-02,FP1,0 days 00:26:11.478000,STR,18,0 days 00:01:19.874000,3.0,1.0,,,0 days 00:00:25.287000,0 days 00:00:27.854000,0 days 00:00:26.733000,0 days 00:25:16.891000,0 days 00:25:44.745000,0 days 00:26:11.478000,216.0,251.0,281.0,277.0,True,,,False,Aston Martin,0 days 00:24:51.604000,,1,,False,,False,True
2021-02,FP1,0 days 00:27:30.846000,STR,18,0 days 00:01:19.368000,4.0,1.0,,,0 days 00:00:25.093000,0 days 00:00:27.698000,0 days 00:00:26.577000,0 days 00:26:36.571000,0 days 00:27:04.269000,0 days 00:27:30.846000,215.0,249.0,283.0,277.0,True,,,False,Aston Martin,0 days 00:26:11.478000,,1,,False,,False,True
2021-02,FP1,0 days 00:29:03.246000,STR,18,0 days 00:01:32.400000,5.0,1.0,,,0 days 00:00:25.179000,0 days 00:00:31.367000,0 days 00:00:35.854000,0 days 00:27:56.025000,0 days 00:28:27.392000,0 days 00:29:03.246000,217.0,239.0,277.0,147.0,False,,,False,Aston Martin,0 days 00:27:30.846000,,12,,False,,False,True
2021-02,FP1,0 days 00:30:26.262000,STR,18,0 days 00:01:23.016000,6.0,1.0,,,0 days 00:00:26.406000,0 days 00:00:29.094000,0 days 00:00:27.516000,0 days 00:29:29.652000,0 days 00:29:58.746000,0 days 00:30:26.262000,212.0,252.0,278.0,279.0,False,,,False,Aston Martin,0 days 00:29:03.246000,,21,,False,,False,True
2021-02,FP1,0 days 00:31:47.587000,STR,18,0 days 00:01:21.325000,7.0,1.0,,,0 days 00:00:25.385000,0 days 00:00:27.706000,0 days 00:00:28.234000,0 days 00:30:51.647000,0 days 00:31:19.353000,0 days 00:31:47.587000,216.0,250.0,280.0,278.0,False,,,False,Aston Martin,0 days 00:30:26.262000,,1,,False,,False,True
2021-02,FP1,0 days 00:33:09.442000,STR,18,0 days 00:01:21.855000,8.0,1.0,,,0 days 00:00:25.370000,0 days 00:00:29.219000,0 days 00:00:27.266000,0 days 00:32:12.957000,0 days 00:32:42.176000,0 days 00:33:09.442000,220.0,254.0,280.0,282.0,False,,,False,Aston Martin,0 days 00:31:47.587000,,1,,False,,False,True
2021-02,FP1,0 days 00:34:28.873000,STR,18,0 days 00:01:19.431000,9.0,1.0,,,0 days 00:00:25.124000,0 days 00:00:27.762000,0 days 00:00:26.545000,0 days 00:33:34.566000,0 days 00:34:02.328000,0 days 00:34:28.873000,218.0,250.0,280.0,275.0,False,,,False,Aston Martin,0 days 00:33:09.442000,,1,,False,,False,True
2021-02,FP1,0 days 00:35:54.317000,STR,18,0 days 00:01:25.444000,10.0,1.0,,,0 days 00:00:25.253000,0 days 00:00:27.523000,0 days 00:00:32.668000,0 days 00:34:54.126000,0 days 00:35:21.649000,0 days 00:35:54.317000,216.0,252.0,280.0,179.0,False,,,False,Aston Martin,0 days 00:34:28.873000,,1,,False,,False,True
2021-02,FP1,0 days 00:37:12.810000,STR,18,0 days 00:01:18.493000,11.0,1.0,,,0 days 00:00:24.878000,0 days 00:00:27.254000,0 days 00:00:26.361000,0 days 00:36:19.195000,0 days 00:36:46.449000,0 days 00:37:12.810000,222.0,252.0,283.0,275.0,True,,,False,Aston Martin,0 days 00:35:54.317000,,1,,False,,False,True
2021-02,FP1,0 days 00:38:43.057000,STR,18,0 days 00:01:30.247000,12.0,1.0,,0 days 00:38:40.311000,0 days 00:00:26.907000,0 days 00:00:29.476000,0 days 00:00:33.864000,0 days 00:37:39.717000,0 days 00:38:09.193000,0 days 00:38:43.057000,209.0,238.0,,262.0,False,,,False,Aston Martin,0 days 00:37:12.810000,,1,,False,,False,False
2021-02,FP1,0 days 01:03:47.151000,STR,18,,13.0,1.0,0 days 00:52:06.722000,0 days 00:53:49.089000,,,,,,,,,,,False,,,False,Aston Martin,0 days 00:38:43.057000,,125,,False,,False,False
2021-02,FP1,0 days 01:05:20.869000,STR,18,,14.0,1.0,0 days 01:03:47.151000,,,0 days 00:00:29.081000,0 days 00:00:40.370000,,0 days 01:04:40.506000,0 days 01:05:22.539000,213.0,242.0,279.0,60.0,False,,,False,Aston Martin,0 days 01:03:47.151000,,1,,False,,False,False
2021-02,FP1,0 days 01:06:38.358000,STR,18,0 days 00:01:17.489000,15.0,1.0,,,0 days 00:00:24.708000,0 days 00:00:26.723000,0 days 00:00:26.058000,0 days 01:05:45.577000,0 days 01:06:12.300000,0 days 01:06:38.358000,227.0,255.0,278.0,286.0,True,,,False,Aston Martin,0 days 01:05:20.869000,,1,,False,,False,True
2021-02,FP1,0 days 01:08:28.610000,STR,18,0 days 00:01:50.252000,16.0,1.0,,0 days 01:08:24.422000,0 days 00:00:30.838000,0 days 00:00:37.790000,0 days 00:00:41.624000,0 days 01:07:09.196000,0 days 01:07:46.986000,0 days 01:08:28.610000,187.0,194.0,,194.0,False,,,False,Aston Martin,0 days 01:06:38.358000,,12,,False,,False,False
2021-02,FP1,0 days 01:14:01.177000,STR,18,,17.0,1.0,0 days 01:12:36.377000,,,0 days 00:00:30.228000,0 days 00:00:29.672000,,0 days 01:13:31.521000,0 days 01:14:01.298000,205.0,241.0,266.0,269.0,False,,,False,Aston Martin,0 days 01:08:28.610000,,21,,False,,False,False
2021-02,FP1,0 days 01:15:23.703000,STR,18,0 days 00:01:22.526000,18.0,1.0,,,0 days 00:00:26.975000,0 days 00:00:28.465000,0 days 00:00:27.086000,0 days 01:14:28.152000,0 days 01:14:56.617000,0 days 01:15:23.703000,215.0,251.0,278.0,280.0,False,,,False,Aston Martin,0 days 01:14:01.177000,,1,,False,,False,True
2021-02,FP1,0 days 01:17:29.708000,STR,18,0 days 00:02:06.005000,19.0,1.0,,0 days 01:17:24.993000,0 days 00:00:32.736000,0 days 00:00:41.556000,0 days 00:00:51.713000,0 days 01:15:56.439000,0 days 01:16:37.995000,0 days 01:17:29.708000,144.0,191.0,,144.0,False,,,False,Aston Martin,0 days 01:15:23.703000,,125,,False,,False,False
2021-02,FP1,0 days 00:17:28.777000,TSU,22,,1.0,1.0,0 days 00:15:40.113000,0 days 00:17:24.286000,,0 days 00:00:39.349000,0 days 00:00:40.219000,,0 days 00:16:48.558000,0 days 00:17:28.917000,172.0,219.0,,191.0,False,,,False,AlphaTauri,0 days 00:15:40.113000,,12,,False,,False,False
2021-02,FP1,0 days 00:30:43.057000,TSU,22,,2.0,1.0,0 days 00:28:37.349000,,,0 days 00:00:37.284000,0 days 00:00:34.567000,,0 days 00:30:08.552000,0 days 00:30:43.202000,156.0,227.0,254.0,260.0,False,,,False,AlphaTauri,0 days 00:17:28.777000,,12,,False,,False,False
2021-02,FP1,0 days 00:32:06.931000,TSU,22,0 days 00:01:23.874000,3.0,1.0,,,0 days 00:00:27.414000,0 days 00:00:28.986000,0 days 00:00:27.474000,0 days 00:31:10.471000,0 days 00:31:39.457000,0 days 00:32:06.931000,208.0,249.0,276.0,283.0,True,,,False,AlphaTauri,0 days 00:30:43.057000,,1,,False,,False,True
2021-02,FP1,0 days 00:33:27.451000,TSU,22,0 days 00:01:20.520000,4.0,1.0,,,0 days 00:00:25.636000,0 days 00:00:27.956000,0 days 00:00:26.928000,0 days 00:32:32.567000,0 days 00:33:00.523000,0 days 00:33:27.451000,220.0,250.0,278.0,283.0,True,,,False,AlphaTauri,0 days 00:32:06.931000,,1,,False,,False,True
2021-02,FP1,0 days 00:35:07.773000,TSU,22,0 days 00:01:40.322000,5.0,1.0,,,0 days 00:00:32.837000,0 days 00:00:38.388000,0 days 00:00:29.097000,0 days 00:34:00.288000,0 days 00:34:38.676000,0 days 00:35:07.773000,160.0,243.0,278.0,260.0,False,,,False,AlphaTauri,0 days 00:33:27.451000,,1,,False,,False,True
2021-02,FP1,0 days 00:36:27.554000,TSU,22,0 days 00:01:19.781000,6.0,1.0,,,0 days 00:00:25.243000,0 days 00:00:27.819000,0 days 00:00:26.719000,0 days 00:35:33.016000,0 days 00:36:00.835000,0 days 00:36:27.554000,223.0,255.0,283.0,284.0,True,,,False,AlphaTauri,0 days 00:35:07.773000,,1,,False,,False,True
2021-02,FP1,0 days 00:38:05.441000,TSU,22,0 days 00:01:37.887000,7.0,1.0,,0 days 00:38:01.046000,0 days 00:00:29.450000,0 days 00:00:32.198000,0 days 00:00:36.239000,0 days 00:36:57.004000,0 days 00:37:29.202000,0 days 00:38:05.441000,207.0,235.0,,233.0,False,,,False,AlphaTauri,0 days 00:36:27.554000,,1,,False,,False,False
2021-02,FP1,0 days 01:11:57.742000,TSU,22,,8.0,1.0,0 days 01:10:29.111000,,,0 days 00:00:31.915000,0 days 00:00:29.020000,,0 days 01:11:28.722000,0 days 01:11:57.871000,197.0,240.0,267.0,281.0,False,,,False,AlphaTauri,0 days 01:10:29.111000,,1,,False,,False,False
2021-02,FP1,0 days 01:13:18.048000,TSU,22,0 days 00:01:20.306000,9.0,1.0,,,0 days 00:00:25.138000,0 days 00:00:27.272000,0 days 00:00:27.896000,0 days 01:12:22.880000,0 days 01:12:50.152000,0 days 01:13:18.048000,223.0,256.0,282.0,280.0,False,,,False,AlphaTauri,0 days 01:11:57.742000,,1,,False,,False,True
2021-02,FP1,0 days 01:14:58.570000,TSU,22,0 days 00:01:40.522000,10.0,1.0,,,0 days 00:00:33.611000,0 days 00:00:37.901000,0 days 00:00:29.010000,0 days 01:13:51.659000,0 days 01:14:29.560000,0 days 01:14:58.570000,177.0,242.0,280.0,262.0,False,,,False,AlphaTauri,0 days 01:13:18.048000,,1,,False,,False,True
2021-02,FP1,0 days 01:16:48.187000,TSU,22,0 days 00:01:49.617000,11.0,1.0,,0 days 01:16:43.809000,0 days 00:00:24.765000,0 days 00:00:31.350000,0 days 00:00:53.502000,0 days 01:15:23.335000,0 days 01:15:54.685000,0 days 01:16:48.187000,226.0,68.0,,172.0,False,,,False,AlphaTauri,0 days 01:14:58.570000,,125,,False,,False,False
2021-02,FP1,0 days 00:17:32.606000,OCO,31,,1.0,1.0,0 days 00:15:55.408000,,,0 days 00:00:34.208000,0 days 00:00:30.872000,,0 days 00:17:01.754000,0 days 00:17:32.728000,184.0,226.0,263.0,258.0,False,,,False,Alpine,0 days 00:15:55.408000,,12,,False,,False,False
2021-02,FP1,0 days 00:18:58.852000,OCO,31,0 days 00:01:26.246000,2.0,1.0,,,0 days 00:00:29.085000,0 days 00:00:29.164000,0 days 00:00:27.997000,0 days 00:18:01.691000,0 days 00:18:30.855000,0 days 00:18:58.852000,208.0,245.0,269.0,272.0,True,,,False,Alpine,0 days 00:17:32.606000,,1,,False,,False,True
2021-02,FP1,0 days 00:20:22.491000,OCO,31,0 days 00:01:23.639000,3.0,1.0,,,0 days 00:00:26.943000,0 days 00:00:28.418000,0 days 00:00:28.278000,0 days 00:19:25.795000,0 days 00:19:54.213000,0 days 00:20:22.491000,212.0,246.0,265.0,274.0,True,,,False,Alpine,0 days 00:18:58.852000,,12,,False,,False,True
2021-02,FP1,0 days 00:21:45.010000,OCO,31,0 days 00:01:22.519000,4.0,1.0,,,0 days 00:00:26.305000,0 days 00:00:28.181000,0 days 00:00:28.033000,0 days 00:20:48.796000,0 days 00:21:16.977000,0 days 00:21:45.010000,217.0,253.0,279.0,280.0,True,,,False,Alpine,0 days 00:20:22.491000,,21,,False,,False,True
2021-02,FP1,0 days 00:23:07.556000,OCO,31,0 days 00:01:22.546000,5.0,1.0,,,0 days 00:00:26.831000,0 days 00:00:28.157000,0 days 00:00:27.558000,0 days 00:22:11.841000,0 days 00:22:39.998000,0 days 00:23:07.556000,213.0,256.0,282.0,282.0,False,,,False,Alpine,0 days 00:21:45.010000,,1,,False,,False,True
2021-02,FP1,0 days 00:24:36.116000,OCO,31,0 days 00:01:28.560000,6.0,1.0,,0 days 00:24:33.822000,0 days 00:00:26.514000,0 days 00:00:28.682000,0 days 00:00:33.364000,0 days 00:23:34.070000,0 days 00:24:02.752000,0 days 00:24:36.116000,213.0,240.0,,269.0,False,,,False,Alpine,0 days 00:23:07.556000,,1,,False,,False,False
2021-02,FP1,0 days 00:35:20.965000,OCO,31,,7.0,1.0,0 days 00:33:56.450000,,,0 days 00:00:29.717000,0 days 00:00:28.586000,,0 days 00:34:52.394000,0 days 00:35:21.086000,206.0,238.0,271.0,265.0,False,,,False,Alpine,0 days 00:24:36.116000,,12,,False,,False,False
2021-02,FP1,0 days 00:36:42.004000,OCO,31,0 days 00:01:21.039000,8.0,1.0,,,0 days 00:00:26.261000,0 days 00:00:27.882000,0 days 00:00:26.896000,0 days 00:35:47.226000,0 days 00:36:15.108000,0 days 00:36:42.004000,216.0,253.0,273.0,273.0,True,,,False,Alpine,0 days 00:35:20.965000,,1,,False,,False,True
2021-02,FP1,0 days 00:38:02.153000,OCO,31,0 days 00:01:20.149000,9.0,1.0,,,0 days 00:00:25.837000,0 days 00:00:27.614000,0 days 00:00:26.698000,0 days 00:37:07.841000,0 days 00:37:35.455000,0 days 00:38:02.153000,221.0,247.0,274.0,276.0,True,,,False,Alpine,0 days 00:36:42.004000,,1,,False,,False,True
2021-02,FP1,0 days 00:39:21.833000,OCO,31,0 days 00:01:19.680000,10.0,1.0,,,0 days 00:00:25.680000,0 days 00:00:27.492000,0 days 00:00:26.508000,0 days 00:38:27.833000,0 days 00:38:55.325000,0 days 00:39:21.833000,221.0,249.0,277.0,275.0,True,,,False,Alpine,0 days 00:38:02.153000,,1,,False,,False,True
2021-02,FP1,0 days 00:40:40.814000,OCO,31,0 days 00:01:18.981000,11.0,1.0,,,0 days 00:00:25.181000,0 days 00:00:27.324000,0 days 00:00:26.476000,0 days 00:39:47.014000,0 days 00:40:14.338000,0 days 00:40:40.814000,224.0,250.0,278.0,279.0,True,,,False,Alpine,0 days 00:39:21.833000,,1,,False,,False,True
2021-02,FP1,0 days 00:41:59.457000,OCO,31,0 days 00:01:18.643000,12.0,1.0,,,0 days 00:00:25.168000,0 days 00:00:27.148000,0 days 00:00:26.327000,0 days 00:41:05.982000,0 days 00:41:33.130000,0 days 00:41:59.457000,224.0,251.0,279.0,281.0,True,,,False,Alpine,0 days 00:40:40.814000,,1,,False,,False,True
2021-02,FP1,0 days 00:43:18.024000,OCO,31,0 days 00:01:18.567000,13.0,1.0,,,0 days 00:00:24.956000,0 days 00:00:27.200000,0 days 00:00:26.411000,0 days 00:42:24.413000,0 days 00:42:51.613000,0 days 00:43:18.024000,225.0,252.0,281.0,281.0,True,,,False,Alpine,0 days 00:41:59.457000,,1,,False,,False,True
2021-02,FP1,0 days 00:44:36.838000,OCO,31,0 days 00:01:18.814000,14.0,1.0,,,0 days 00:00:25.141000,0 days 00:00:27.319000,0 days 00:00:26.354000,0 days 00:43:43.165000,0 days 00:44:10.484000,0 days 00:44:36.838000,221.0,252.0,279.0,281.0,False,,,False,Alpine,0 days 00:43:18.024000,,1,,False,,False,True
2021-02,FP1,0 days 00:45:58.704000,OCO,31,0 days 00:01:21.866000,15.0,1.0,,,0 days 00:00:25.105000,0 days 00:00:27.344000,0 days 00:00:29.417000,0 days 00:45:01.943000,0 days 00:45:29.287000,0 days 00:45:58.704000,220.0,254.0,279.0,281.0,False,,,False,Alpine,0 days 00:44:36.838000,,1,,False,,False,True
2021-02,FP1,0 days 00:47:17.584000,OCO,31,0 days 00:01:18.880000,16.0,1.0,,,0 days 00:00:25.189000,0 days 00:00:27.294000,0 days 00:00:26.397000,0 days 00:46:23.893000,0 days 00:46:51.187000,0 days 00:47:17.584000,222.0,250.0,281.0,278.0,False,,,False,Alpine,0 days 00:45:58.704000,,1,,False,,False,True
2021-02,FP1,0 days 00:48:35.944000,OCO,31,0 days 00:01:18.360000,17.0,1.0,,,0 days 00:00:24.888000,0 days 00:00:27.142000,0 days 00:00:26.330000,0 days 00:47:42.472000,0 days 00:48:09.614000,0 days 00:48:35.944000,224.0,251.0,282.0,277.0,True,,,False,Alpine,0 days 00:47:17.584000,,1,,False,,False,True
2021-02,FP1,0 days 00:50:00.413000,OCO,31,0 days 00:01:24.469000,18.0,1.0,,,0 days 00:00:26.437000,0 days 00:00:30.302000,0 days 00:00:27.730000,0 days 00:49:02.381000,0 days 00:49:32.683000,0 days 00:50:00.413000,195.0,242.0,279.0,267.0,False,,,False,Alpine,0 days 00:48:35.944000,,1,,False,,False,True
2021-02,FP1,0 days 00:51:18.848000,OCO,31,0 days 00:01:18.435000,19.0,1.0,,,0 days 00:00:24.727000,0 days 00:00:27.077000,0 days 00:00:26.631000,0 days 00:50:25.140000,0 days 00:50:52.217000,0 days 00:51:18.848000,226.0,256.0,281.0,279.0,False,,,False,Alpine,0 days 00:50:00.413000,,1,,False,,False,True
2021-02,FP1,0 days 00:54:38.670000,OCO,31,,20.0,1.0,,0 days 00:54:38.670000,0 days 00:00:40.218000,,,0 days 00:51:59.136000,,,63.0,,,,False,,,False,Alpine,0 days 00:51:18.848000,,125,,False,,False,False
2021-02,FP1,0 days 00:22:46.179000,VER,33,,1.0,1.0,0 days 00:21:06.933000,,,0 days 00:00:31.518000,0 days 00:00:35.301000,,0 days 00:22:10.885000,0 days 00:22:46.361000,195.0,226.0,276.0,253.0,False,,,False,Red Bull Racing,0 days 00:21:06.933000,,1,,False,,False,False
2021-02,FP1,0 days 00:24:06.084000,VER,33,0 days 00:01:19.905000,2.0,1.0,,,0 days 00:00:25.757000,0 days 00:00:27.539000,0 days 00:00:26.609000,0 days 00:23:11.936000,0 days 00:23:39.475000,0 days 00:24:06.084000,222.0,252.0,279.0,284.0,True,,,False,Red Bull Racing,0 days 00:22:46.179000,,1,,False,,False,True
2021-02,FP1,0 days 00:25:32.977000,VER,33,0 days 00:01:26.893000,3.0,1.0,,,0 days 00:00:27.713000,0 days 00:00:30.439000,0 days 00:00:28.741000,0 days 00:24:33.797000,0 days 00:25:04.236000,0 days 00:25:32.977000,201.0,231.0,279.0,257.0,False,,,False,Red Bull Racing,0 days 00:24:06.084000,,1,,False,,False,True
2021-02,FP1,0 days 00:26:51.916000,VER,33,0 days 00:01:18.939000,4.0,1.0,,,0 days 00:00:25.228000,0 days 00:00:27.027000,0 days 00:00:26.684000,0 days 00:25:58.205000,0 days 00:26:25.232000,0 days 00:26:51.916000,223.0,253.0,282.0,286.0,True,,,False,Red Bull Racing,0 days 00:25:32.977000,,1,,False,,False,True
2021-02,FP1,0 days 00:28:16.268000,VER,33,0 days 00:01:24.352000,5.0,1.0,,,0 days 00:00:26.667000,0 days 00:00:29.924000,0 days 00:00:27.761000,0 days 00:27:18.583000,0 days 00:27:48.507000,0 days 00:28:16.268000,206.0,232.0,280.0,260.0,False,,,False,Red Bull Racing,0 days 00:26:51.916000,,1,,False,,False,True
2021-02,FP1,0 days 00:29:34.177000,VER,33,0 days 00:01:17.909000,6.0,1.0,,,0 days 00:00:24.781000,0 days 00:00:26.948000,0 days 00:00:26.180000,0 days 00:28:41.049000,0 days 00:29:07.997000,0 days 00:29:34.177000,224.0,253.0,279.0,283.0,True,,,False,Red Bull Racing,0 days 00:28:16.268000,,12,,False,,False,True
2021-02,FP1,0 days 00:31:06.097000,VER,33,0 days 00:01:31.920000,7.0,1.0,,0 days 00:31:02.733000,0 days 00:00:27.636000,0 days 00:00:29.752000,0 days 00:00:34.532000,0 days 00:30:01.813000,0 days 00:30:31.565000,0 days 00:31:06.097000,204.0,208.0,,252.0,False,,,False,Red Bull Racing,0 days 00:29:34.177000,,1,,False,,False,False
2021-02,FP1,0 days 00:43:05.397000,VER,33,,8.0,1.0,0 days 00:41:42.621000,,,0 days 00:00:29.900000,0 days 00:00:27.773000,,0 days 00:42:37.635000,0 days 00:43:05.541000,200.0,226.0,278.0,256.0,False,,,False,Red Bull Racing,0 days 00:31:06.097000,,1,,False,,False,False
2021-02,FP1,0 days 00:44:31.835000,VER,33,0 days 00:01:26.438000,9.0,1.0,,,0 days 00:00:29.205000,0 days 00:00:29.811000,0 days 00:00:27.422000,0 days 00:43:34.602000,0 days 00:44:04.413000,0 days 00:44:31.835000,202.0,234.0,278.0,258.0,False,,,False,Red Bull Racing,0 days 00:43:05.397000,,1,,False,,False,True
2021-02,FP1,0 days 00:45:59.235000,VER,33,0 days 00:01:27.400000,10.0,1.0,,0 days 00:45:54.827000,0 days 00:00:26.312000,0 days 00:00:29.194000,0 days 00:00:31.894000,0 days 00:44:58.147000,0 days 00:45:27.341000,0 days 00:45:59.235000,185.0,233.0,,246.0,False,,,False,Red Bull Racing,0 days 00:44:31.835000,,1,,False,,False,False
2021-02,FP1,0 days 00:47:46.816000,VER,33,0 days 00:01:47.581000,11.0,1.0,0 days 00:46:27.511000,,0 days 00:00:51.727000,0 days 00:00:28.540000,0 days 00:00:27.314000,0 days 00:46:50.962000,0 days 00:47:19.502000,0 days 00:47:46.816000,205.0,237.0,281.0,253.0,False,,,False,Red Bull Racing,0 days 00:45:59.235000,,1,,False,,False,False
2021-02,FP1,0 days 00:49:04.333000,VER,33,0 days 00:01:17.517000,12.0,1.0,,,0 days 00:00:24.718000,0 days 00:00:26.779000,0 days 00:00:26.020000,0 days 00:48:11.534000,0 days 00:48:38.313000,0 days 00:49:04.333000,227.0,255.0,277.0,283.0,True,,,False,Red Bull Racing,0 days 00:47:46.816000,,1,,False,,False,True
2021-02,FP1,0 days 00:50:27.435000,VER,33,0 days 00:01:23.102000,13.0,1.0,,,0 days 00:00:26.390000,0 days 00:00:29.094000,0 days 00:00:27.618000,0 days 00:49:30.723000,0 days 00:49:59.817000,0 days 00:50:27.435000,207.0,233.0,279.0,260.0,False,,,False,Red Bull Racing,0 days 00:49:04.333000,,1,,False,,False,True
2021-02,FP1,0 days 00:51:44.766000,VER,33,0 days 00:01:17.331000,14.0,1.0,,,0 days 00:00:24.561000,0 days 00:00:26.862000,0 days 00:00:25.908000,0 days 00:50:51.996000,0 days 00:51:18.858000,0 days 00:51:44.766000,228.0,253.0,280.0,285.0,True,,,False,Red Bull Racing,0 days 00:50:27.435000,,1,,False,,False,True
2021-02,FP1,0 days 01:07:07.909000,VER,33,,15.0,1.0,,0 days 00:53:26.130000,0 days 00:00:30.929000,,,0 days 00:52:17.572000,,,108.0,,,,False,,,False,Red Bull Racing,0 days 00:51:44.766000,,125,,False,,False,False
2021-02,FP1,0 days 01:08:45.773000,VER,33,,16.0,1.0,0 days 01:07:07.897000,,,0 days 00:00:31.432000,0 days 00:00:39.340000,,0 days 01:08:06.523000,0 days 01:08:45.918000,202.0,134.0,281.0,190.0,False,,,False,Red Bull Racing,0 days 01:07:07.897000,,12,,False,,False,False
2021-02,FP1,0 days 01:10:14.897000,VER,33,0 days 00:01:29.124000,17.0,1.0,,,0 days 00:00:24.368000,0 days 00:00:31.242000,0 days 00:00:33.514000,0 days 01:09:10.141000,0 days 01:09:41.383000,0 days 01:10:14.897000,230.0,141.0,282.0,259.0,False,,,False,Red Bull Racing,0 days 01:08:45.773000,,1,,False,,False,True
2021-02,FP1,0 days 01:11:31.519000,VER,33,0 days 00:01:16.622000,18.0,1.0,,,0 days 00:00:24.341000,0 days 00:00:26.582000,0 days 00:00:25.699000,0 days 01:10:39.238000,0 days 01:11:05.820000,0 days 01:11:31.519000,228.0,254.0,279.0,288.0,True,,,False,Red Bull Racing,0 days 01:10:14.897000,,1,,False,,False,True
2021-02,FP1,0 days 01:13:21.185000,VER,33,0 days 00:01:49.666000,19.0,1.0,,,0 days 00:00:29.353000,0 days 00:00:41.431000,0 days 00:00:38.882000,0 days 01:12:00.872000,0 days 01:12:42.303000,0 days 01:13:21.185000,207.0,177.0,281.0,176.0,False,,,False,Red Bull Racing,0 days 01:11:31.519000,,1,,False,,False,True
2021-02,FP1,0 days 01:14:50.229000,VER,33,0 days 00:01:29.044000,20.0,1.0,,,0 days 00:00:28.439000,0 days 00:00:31.232000,0 days 00:00:29.373000,0 days 01:13:49.624000,0 days 01:14:20.856000,0 days 01:14:50.229000,197.0,195.0,282.0,264.0,False,,,False,Red Bull Racing,0 days 01:13:21.185000,,1,,False,,False,True
2021-02,FP1,0 days 01:16:29.074000,VER,33,0 days 00:01:38.845000,21.0,1.0,,0 days 01:16:24.497000,0 days 00:00:24.236000,0 days 00:00:26.435000,0 days 00:00:48.174000,0 days 01:15:14.465000,0 days 01:15:40.900000,0 days 01:16:29.074000,229.0,258.0,,135.0,False,,,False,Red Bull Racing,0 days 01:14:50.229000,,125,,False,,False,False
2021-02,FP1,0 days 00:19:43.176000,HAM,44,,1.0,1.0,0 days 00:18:07.844000,,,0 days 00:00:32.939000,0 days 00:00:30.873000,,0 days 00:19:12.334000,0 days 00:19:43.350000,194.0,238.0,270.0,258.0,False,,,False,Mercedes,0 days 00:18:07.844000,,1,,False,,False,False
2021-02,FP1,0 days 00:21:04.597000,HAM,44,0 days 00:01:21.421000,2.0,1.0,,,0 days 00:00:26.339000,0 days 00:00:28.231000,0 days 00:00:26.851000,0 days 00:20:09.515000,0 days 00:20:37.746000,0 days 00:21:04.597000,216.0,250.0,276.0,282.0,True,,,False,Mercedes,0 days 00:19:43.176000,,12,,False,,False,True
2021-02,FP1,0 days 00:22:35.783000,HAM,44,0 days 00:01:31.186000,3.0,1.0,,,0 days 00:00:30.391000,0 days 00:00:30.859000,0 days 00:00:29.936000,0 days 00:21:34.988000,0 days 00:22:05.847000,0 days 00:22:35.783000,201.0,242.0,276.0,244.0,False,,,False,Mercedes,0 days 00:21:04.597000,,1,,False,,False,True
2021-02,FP1,0 days 00:23:58.900000,HAM,44,0 days 00:01:23.117000,4.0,1.0,,,0 days 00:00:25.876000,0 days 00:00:28.720000,0 days 00:00:28.521000,0 days 00:23:01.659000,0 days 00:23:30.379000,0 days 00:23:58.900000,221.0,227.0,279.0,258.0,False,,,False,Mercedes,0 days 00:22:35.783000,,1,,False,,False,True
2021-02,FP1,0 days 00:25:17.157000,HAM,44,0 days 00:01:18.257000,5.0,1.0,,,0 days 00:00:24.838000,0 days 00:00:27.204000,0 days 00:00:26.215000,0 days 00:24:23.738000,0 days 00:24:50.942000,0 days 00:25:17.157000,223.0,253.0,279.0,283.0,True,,,False,Mercedes,0 days 00:23:58.900000,,1,,False,,False,True
2021-02,FP1,0 days 00:26:58.595000,HAM,44,0 days 00:01:41.438000,6.0,1.0,,,0 days 00:00:30.703000,0 days 00:00:34.512000,0 days 00:00:36.223000,0 days 00:25:47.860000,0 days 00:26:22.372000,0 days 00:26:58.595000,181.0,236.0,277.0,202.0,False,,,False,Mercedes,0 days 00:25:17.157000,,1,,False,,False,True
2021-02,FP1,0 days 00:28:24.103000,HAM,44,0 days 00:01:25.508000,7.0,1.0,,,0 days 00:00:24.896000,0 days 00:00:27.085000,0 days 00:00:33.527000,0 days 00:27:23.491000,0 days 00:27:50.576000,0 days 00:28:24.103000,223.0,255.0,279.0,143.0,False,,,False,Mercedes,0 days 00:26:58.595000,,1,,False,,False,True
2021-02,FP1,0 days 00:29:41.980000,HAM,44,0 days 00:01:17.877000,8.0,1.0,,,0 days 00:00:24.671000,0 days 00:00:27.086000,0 days 00:00:26.120000,0 days 00:28:48.774000,0 days 00:29:15.860000,0 days 00:29:41.980000,223.0,253.0,281.0,284.0,True,,,False,Mercedes,0 days 00:28:24.103000,,12,,False,,False,True
2021-02,FP1,0 days 00:31:17.520000,HAM,44,0 days 00:01:35.540000,9.0,1.0,,0 days 00:31:13.089000,0 days 00:00:29.350000,0 days 00:00:32.816000,0 days 00:00:33.374000,0 days 00:30:11.330000,0 days 00:30:44.146000,0 days 00:31:17.520000,191.0,239.0,,260.0,False,,,False,Mercedes,0 days 00:29:41.980000,,1,,False,,False,False
2021-02,FP1,0 days 00:40:29.426000,HAM,44,,10.0,1.0,0 days 00:38:58.177000,,,0 days 00:00:32.239000,0 days 00:00:30.813000,,0 days 00:39:58.633000,0 days 00:40:29.581000,132.0,234.0,274.0,243.0,False,,,False,Mercedes,0 days 00:31:17.520000,,1,,False,,False,False
2021-02,FP1,0 days 00:41:52.519000,HAM,44,0 days 00:01:23.093000,11.0,1.0,,,0 days 00:00:25.589000,0 days 00:00:29.301000,0 days 00:00:28.203000,0 days 00:40:55.015000,0 days 00:41:24.316000,0 days 00:41:52.519000,216.0,245.0,277.0,265.0,False,,,False,Mercedes,0 days 00:40:29.426000,,1,,False,,False,True
2021-02,FP1,0 days 00:43:15.591000,HAM,44,0 days 00:01:23.072000,12.0,1.0,,,0 days 00:00:24.870000,0 days 00:00:29.618000,0 days 00:00:28.584000,0 days 00:42:17.389000,0 days 00:42:47.007000,0 days 00:43:15.591000,225.0,232.0,278.0,262.0,False,,,False,Mercedes,0 days 00:41:52.519000,,1,,False,,False,True
2021-02,FP1,0 days 00:44:46.134000,HAM,44,0 days 00:01:30.543000,13.0,1.0,,0 days 00:44:41.705000,0 days 00:00:27.251000,0 days 00:00:31.085000,0 days 00:00:32.207000,0 days 00:43:42.842000,0 days 00:44:13.927000,0 days 00:44:46.134000,155.0,244.0,,271.0,False,,,False,Mercedes,0 days 00:43:15.591000,,1,,False,,False,False
2021-02,FP1,0 days 00:46:35.100000,HAM,44,0 days 00:01:48.966000,14.0,1.0,0 days 00:45:13.929000,,0 days 00:00:52.335000,0 days 00:00:28.829000,0 days 00:00:27.802000,0 days 00:45:38.469000,0 days 00:46:07.298000,0 days 00:46:35.100000,209.0,242.0,278.0,272.0,False,,,False,Mercedes,0 days 00:44:46.134000,,1,,False,,False,False
2021-02,FP1,0 days 00:47:52.703000,HAM,44,0 days 00:01:17.603000,15.0,1.0,,,0 days 00:00:24.819000,0 days 00:00:26.772000,0 days 00:00:26.012000,0 days 00:46:59.919000,0 days 00:47:26.691000,0 days 00:47:52.703000,224.0,253.0,281.0,286.0,True,,,False,Mercedes,0 days 00:46:35.100000,,1,,False,,False,True
2021-02,FP1,0 days 00:49:15.446000,HAM,44,0 days 00:01:22.743000,16.0,1.0,,,0 days 00:00:25.369000,0 days 00:00:28.864000,0 days 00:00:28.510000,0 days 00:48:18.072000,0 days 00:48:46.936000,0 days 00:49:15.446000,214.0,236.0,277.0,253.0,False,,,False,Mercedes,0 days 00:47:52.703000,,1,,False,,False,True
2021-02,FP1,0 days 00:50:45.445000,HAM,44,0 days 00:01:29.999000,17.0,1.0,,0 days 00:50:41.026000,0 days 00:00:24.981000,0 days 00:00:28.380000,0 days 00:00:36.638000,0 days 00:49:40.427000,0 days 00:50:08.807000,0 days 00:50:45.445000,221.0,241.0,,210.0,False,,,False,Mercedes,0 days 00:49:15.446000,,1,,False,,False,False
2021-02,FP1,0 days 01:05:36.074000,HAM,44,,18.0,1.0,0 days 01:04:05.278000,,,0 days 00:00:30.841000,0 days 00:00:33.086000,,0 days 01:05:03.015000,0 days 01:05:37.143000,206.0,241.0,280.0,218.0,False,,,False,Mercedes,0 days 01:04:05.278000,,1,,False,,False,False
2021-02,FP1,0 days 01:06:52.966000,HAM,44,0 days 00:01:16.892000,19.0,1.0,,,0 days 00:00:24.469000,0 days 00:00:26.551000,0 days 00:00:25.872000,0 days 01:06:00.543000,0 days 01:06:27.094000,0 days 01:06:52.966000,226.0,255.0,282.0,285.0,True,,,False,Mercedes,0 days 01:05:36.074000,,1,,False,,False,True
2021-02,FP1,0 days 01:08:36.517000,HAM,44,0 days 00:01:43.551000,20.0,1.0,,,0 days 00:00:29.633000,0 days 00:00:32.776000,0 days 00:00:41.142000,0 days 01:07:22.599000,0 days 01:07:55.375000,0 days 01:08:36.517000,196.0,141.0,265.0,190.0,False,,,False,Mercedes,0 days 01:06:52.966000,,12,,False,,False,True
2021-02,FP1,0 days 01:10:08.985000,HAM,44,0 days 00:01:32.468000,21.0,1.0,,,0 days 00:00:28.105000,0 days 00:00:32.006000,0 days 00:00:32.357000,0 days 01:09:04.622000,0 days 01:09:36.628000,0 days 01:10:08.985000,209.0,244.0,284.0,148.0,False,,,False,Mercedes,0 days 01:08:36.517000,,1,,False,,False,True
2021-02,FP1,0 days 01:11:34.030000,HAM,44,0 days 00:01:25.045000,22.0,1.0,,,0 days 00:00:24.038000,0 days 00:00:26.352000,0 days 00:00:34.655000,0 days 01:10:33.023000,0 days 01:10:59.375000,0 days 01:11:34.030000,231.0,258.0,252.0,233.0,False,,,False,Mercedes,0 days 01:10:08.985000,,1,,False,,False,True
2021-02,FP1,0 days 01:13:05.005000,HAM,44,0 days 00:01:30.975000,23.0,1.0,,,0 days 00:00:29.263000,0 days 00:00:32.339000,0 days 00:00:29.373000,0 days 01:12:03.293000,0 days 01:12:35.632000,0 days 01:13:05.005000,188.0,239.0,281.0,245.0,False,,,False,Mercedes,0 days 01:11:34.030000,,1,,False,,False,True
2021-02,FP1,0 days 01:14:21.610000,HAM,44,0 days 00:01:16.605000,24.0,1.0,,,0 days 00:00:24.406000,0 days 00:00:26.489000,0 days 00:00:25.710000,0 days 01:13:29.411000,0 days 01:13:55.900000,0 days 01:14:21.610000,227.0,255.0,284.0,284.0,True,,,False,Mercedes,0 days 01:13:05.005000,,1,,False,,False,True
2021-02,FP1,0 days 01:16:14.566000,HAM,44,0 days 00:01:52.956000,25.0,1.0,,0 days 01:16:10.087000,0 days 00:00:29.892000,0 days 00:00:37.036000,0 days 00:00:46.028000,0 days 01:14:51.502000,0 days 01:15:28.538000,0 days 01:16:14.566000,122.0,230.0,,227.0,False,,,False,Mercedes,0 days 01:14:21.610000,,125,,False,,False,False
2021-02,FP1,0 days 00:31:32.643000,MSC,47,,1.0,1.0,0 days 00:29:50.452000,,,0 days 00:00:37.078000,0 days 00:00:32.479000,,0 days 00:31:00.201000,0 days 00:31:32.760000,163.0,238.0,266.0,229.0,False,,,False,Haas F1 Team,0 days 00:29:50.452000,,1,,False,,False,False
2021-02,FP1,0 days 00:33:00.863000,MSC,47,0 days 00:01:28.220000,2.0,1.0,,,0 days 00:00:29.271000,0 days 00:00:30.478000,0 days 00:00:28.471000,0 days 00:32:01.914000,0 days 00:32:32.392000,0 days 00:33:00.863000,205.0,249.0,276.0,278.0,True,,,False,Haas F1 Team,0 days 00:31:32.643000,,1,,False,,False,True
2021-02,FP1,0 days 00:34:25.292000,MSC,47,0 days 00:01:24.429000,3.0,1.0,,,0 days 00:00:27.551000,0 days 00:00:29.187000,0 days 00:00:27.691000,0 days 00:33:28.414000,0 days 00:33:57.601000,0 days 00:34:25.292000,214.0,250.0,276.0,275.0,True,,,False,Haas F1 Team,0 days 00:33:00.863000,,1,,False,,False,True
2021-02,FP1,0 days 00:35:48.230000,MSC,47,0 days 00:01:22.938000,4.0,1.0,,,0 days 00:00:26.390000,0 days 00:00:28.974000,0 days 00:00:27.574000,0 days 00:34:51.682000,0 days 00:35:20.656000,0 days 00:35:48.230000,215.0,250.0,277.0,276.0,True,,,False,Haas F1 Team,0 days 00:34:25.292000,,1,,False,,False,True
2021-02,FP1,0 days 00:37:09.877000,MSC,47,0 days 00:01:21.647000,5.0,1.0,,,0 days 00:00:26.004000,0 days 00:00:28.217000,0 days 00:00:27.426000,0 days 00:36:14.234000,0 days 00:36:42.451000,0 days 00:37:09.877000,217.0,251.0,276.0,275.0,True,,,False,Haas F1 Team,0 days 00:35:48.230000,,1,,False,,False,True
2021-02,FP1,0 days 00:38:30.988000,MSC,47,0 days 00:01:21.111000,6.0,1.0,,,0 days 00:00:25.864000,0 days 00:00:28.294000,0 days 00:00:26.953000,0 days 00:37:35.741000,0 days 00:38:04.035000,0 days 00:38:30.988000,218.0,251.0,279.0,276.0,True,,,False,Haas F1 Team,0 days 00:37:09.877000,,1,,False,,False,True
2021-02,FP1,0 days 00:39:51.576000,MSC,47,0 days 00:01:20.588000,7.0,1.0,,,0 days 00:00:25.517000,0 days 00:00:28.015000,0 days 00:00:27.056000,0 days 00:38:56.505000,0 days 00:39:24.520000,0 days 00:39:51.576000,222.0,252.0,277.0,277.0,True,,,False,Haas F1 Team,0 days 00:38:30.988000,,1,,False,,False,True
2021-02,FP1,0 days 00:41:13.010000,MSC,47,0 days 00:01:21.434000,8.0,1.0,,,0 days 00:00:25.729000,0 days 00:00:28.251000,0 days 00:00:27.454000,0 days 00:40:17.305000,0 days 00:40:45.556000,0 days 00:41:13.010000,207.0,251.0,276.0,278.0,False,,,False,Haas F1 Team,0 days 00:39:51.576000,,1,,False,,False,True
2021-02,FP1,0 days 00:42:48.706000,MSC,47,0 days 00:01:35.696000,9.0,1.0,,0 days 00:42:44.590000,0 days 00:00:29.049000,0 days 00:00:31.597000,0 days 00:00:35.050000,0 days 00:41:42.059000,0 days 00:42:13.656000,0 days 00:42:48.706000,195.0,235.0,,266.0,False,,,False,Haas F1 Team,0 days 00:41:13.010000,,1,,False,,False,False
2021-02,FP1,0 days 01:04:45.681000,MSC,47,,10.0,1.0,0 days 01:03:13.689000,,,0 days 00:00:33.924000,0 days 00:00:29.813000,,0 days 01:04:15.896000,0 days 01:04:48.178000,194.0,234.0,278.0,262.0,False,,,False,Haas F1 Team,0 days 01:03:13.689000,,1,,False,,False,False
2021-02,FP1,0 days 01:06:07.803000,MSC,47,0 days 00:01:22.122000,11.0,1.0,,,0 days 00:00:26.055000,0 days 00:00:28.574000,0 days 00:00:27.493000,0 days 01:05:11.736000,0 days 01:05:40.310000,0 days 01:06:07.803000,220.0,251.0,278.0,281.0,False,,,False,Haas F1 Team,0 days 01:04:45.681000,,1,,False,,False,True
2021-02,FP1,0 days 01:07:51.060000,MSC,47,0 days 00:01:43.257000,12.0,1.0,,,0 days 00:00:30.363000,0 days 00:00:38.325000,0 days 00:00:34.569000,0 days 01:06:38.166000,0 days 01:07:16.491000,0 days 01:07:51.060000,180.0,213.0,278.0,207.0,False,,,False,Haas F1 Team,0 days 01:06:07.803000,,1,,False,,False,True
2021-02,FP1,0 days 01:09:10.907000,MSC,47,0 days 00:01:19.847000,13.0,1.0,,,0 days 00:00:25.461000,0 days 00:00:27.859000,0 days 00:00:26.527000,0 days 01:08:16.521000,0 days 01:08:44.380000,0 days 01:09:10.907000,223.0,253.0,279.0,281.0,True,,,False,Haas F1 Team,0 days 01:07:51.060000,,12,,False,,False,True
2021-02,FP1,0 days 01:10:52.603000,MSC,47,0 days 00:01:41.696000,14.0,1.0,,,0 days 00:00:33.292000,0 days 00:00:36.855000,0 days 00:00:31.549000,0 days 01:09:44.199000,0 days 01:10:21.054000,0 days 01:10:52.603000,170.0,226.0,276.0,262.0,False,,,False,Haas F1 Team,0 days 01:09:10.907000,,1,,False,,False,True
2021-02,FP1,0 days 01:12:12.341000,MSC,47,0 days 00:01:19.738000,15.0,1.0,,,0 days 00:00:25.519000,0 days 00:00:27.836000,0 days 00:00:26.383000,0 days 01:11:18.122000,0 days 01:11:45.958000,0 days 01:12:12.341000,223.0,252.0,280.0,281.0,True,,,False,Haas F1 Team,0 days 01:10:52.603000,,1,,False,,False,True
2021-02,FP1,0 days 01:13:58.254000,MSC,47,0 days 00:01:45.913000,16.0,1.0,,,0 days 00:00:31.930000,0 days 00:00:38.894000,0 days 00:00:35.089000,0 days 01:12:44.271000,0 days 01:13:23.165000,0 days 01:13:58.254000,123.0,211.0,278.0,245.0,False,,,False,Haas F1 Team,0 days 01:12:12.341000,,1,,False,,False,True
2021-02,FP1,0 days 01:15:17.734000,MSC,47,0 days 00:01:19.480000,17.0,1.0,,,0 days 00:00:25.368000,0 days 00:00:27.810000,0 days 00:00:26.302000,0 days 01:14:23.622000,0 days 01:14:51.432000,0 days 01:15:17.734000,222.0,252.0,279.0,283.0,True,,,False,Haas F1 Team,0 days 01:13:58.254000,,1,,False,,False,True
2021-02,FP1,0 days 01:17:24.522000,MSC,47,0 days 00:02:06.788000,18.0,1.0,,0 days 01:17:19.979000,0 days 00:00:34.675000,0 days 00:00:41.495000,0 days 00:00:50.618000,0 days 01:15:52.409000,0 days 01:16:33.904000,0 days 01:17:24.522000,138.0,193.0,,169.0,False,,,False,Haas F1 Team,0 days 01:15:17.734000,,125,,False,,False,False
2021-02,FP1,0 days 00:19:07.346000,SAI,55,,1.0,1.0,0 days 00:17:33.284000,,,0 days 00:00:32.293000,0 days 00:00:30.951000,,0 days 00:18:36.446000,0 days 00:19:07.496000,185.0,221.0,265.0,235.0,False,,,False,Ferrari,0 days 00:17:33.284000,,1,,False,,False,False
2021-02,FP1,0 days 00:20:33.328000,SAI,55,0 days 00:01:25.982000,2.0,1.0,,,0 days 00:00:27.055000,0 days 00:00:28.728000,0 days 00:00:30.199000,0 days 00:19:34.401000,0 days 00:20:03.129000,0 days 00:20:33.328000,214.0,251.0,267.0,275.0,True,,,False,Ferrari,0 days 00:19:07.346000,,12,,False,,False,True
2021-02,FP1,0 days 00:21:54.331000,SAI,55,0 days 00:01:21.003000,3.0,1.0,,,0 days 00:00:26.250000,0 days 00:00:27.644000,0 days 00:00:27.109000,0 days 00:20:59.578000,0 days 00:21:27.222000,0 days 00:21:54.331000,218.0,254.0,275.0,285.0,True,,,False,Ferrari,0 days 00:20:33.328000,,1,,False,,False,True
2021-02,FP1,0 days 00:23:24.224000,SAI,55,0 days 00:01:29.893000,4.0,1.0,,,0 days 00:00:29.614000,0 days 00:00:31.363000,0 days 00:00:28.916000,0 days 00:22:23.945000,0 days 00:22:55.308000,0 days 00:23:24.224000,201.0,246.0,277.0,279.0,False,,,False,Ferrari,0 days 00:21:54.331000,,1,,False,,False,True
2021-02,FP1,0 days 00:24:42.988000,SAI,55,0 days 00:01:18.764000,5.0,1.0,,,0 days 00:00:25.217000,0 days 00:00:27.082000,0 days 00:00:26.465000,0 days 00:23:49.441000,0 days 00:24:16.523000,0 days 00:24:42.988000,223.0,254.0,281.0,284.0,True,,,False,Ferrari,0 days 00:23:24.224000,,1,,False,,False,True
2021-02,FP1,0 days 00:26:19.888000,SAI,55,0 days 00:01:36.900000,6.0,1.0,,,0 days 00:00:30.648000,0 days 00:00:34.149000,0 days 00:00:32.103000,0 days 00:25:13.636000,0 days 00:25:47.785000,0 days 00:26:19.888000,172.0,238.0,278.0,224.0,False,,,False,Ferrari,0 days 00:24:42.988000,,1,,False,,False,True
2021-02,FP1,0 days 00:27:38.047000,SAI,55,0 days 00:01:18.159000,7.0,1.0,,,0 days 00:00:25.049000,0 days 00:00:26.903000,0 days 00:00:26.207000,0 days 00:26:44.937000,0 days 00:27:11.840000,0 days 00:27:38.047000,224.0,254.0,282.0,282.0,True,,,False,Ferrari,0 days 00:26:19.888000,,1,,False,,False,True
2021-02,FP1,0 days 00:28:55.729000,SAI,55,0 days 00:01:17.682000,8.0,1.0,,,0 days 00:00:24.693000,0 days 00:00:27.004000,0 days 00:00:25.985000,0 days 00:28:02.740000,0 days 00:28:29.744000,0 days 00:28:55.729000,223.0,254.0,280.0,284.0,True,,,False,Ferrari,0 days 00:27:38.047000,,12,,False,,False,True
2021-02,FP1,0 days 00:30:35.647000,SAI,55,0 days 00:01:39.918000,9.0,1.0,,0 days 00:30:31.411000,0 days 00:00:30.779000,0 days 00:00:34.611000,0 days 00:00:34.528000,0 days 00:29:26.508000,0 days 00:30:01.119000,0 days 00:30:35.647000,183.0,242.0,,228.0,False,,,False,Ferrari,0 days 00:28:55.729000,,21,,False,,False,False
2021-02,FP1,0 days 00:33:12.609000,SAI,55,,10.0,1.0,0 days 00:31:35.567000,0 days 00:33:08.207000,0 days 00:01:30.817000,0 days 00:00:32.339000,0 days 00:00:33.765000,0 days 00:32:06.505000,0 days 00:32:38.855000,0 days 00:33:12.700000,169.0,233.0,,252.0,False,,,False,Ferrari,0 days 00:30:35.647000,,1,,False,,False,False
2021-02,FP1,0 days 00:44:03.490000,SAI,55,,11.0,1.0,0 days 00:42:38.033000,,,0 days 00:00:30.390000,0 days 00:00:28.989000,,0 days 00:43:34.540000,0 days 00:44:03.651000,194.0,232.0,270.0,263.0,False,,,False,Ferrari,0 days 00:33:12.609000,,1,,False,,False,False
2021-02,FP1,0 days 00:45:28.244000,SAI,55,0 days 00:01:24.754000,12.0,1.0,,,0 days 00:00:26.762000,0 days 00:00:27.954000,0 days 00:00:30.038000,0 days 00:44:30.252000,0 days 00:44:58.206000,0 days 00:45:28.244000,215.0,250.0,272.0,284.0,False,,,False,Ferrari,0 days 00:44:03.490000,,1,,False,,False,True
2021-02,FP1,0 days 00:46:48.506000,SAI,55,0 days 00:01:20.262000,13.0,1.0,,,0 days 00:00:25.574000,0 days 00:00:27.345000,0 days 00:00:27.343000,0 days 00:45:53.818000,0 days 00:46:21.163000,0 days 00:46:48.506000,221.0,255.0,281.0,284.0,False,,,False,Ferrari,0 days 00:45:28.244000,,1,,False,,False,True
2021-02,FP1,0 days 00:48:11.407000,SAI,55,0 days 00:01:22.901000,14.0,1.0,,,0 days 00:00:24.820000,0 days 00:00:27.193000,0 days 00:00:30.888000,0 days 00:47:13.326000,0 days 00:47:40.519000,0 days 00:48:11.407000,224.0,252.0,278.0,232.0,False,,,False,Ferrari,0 days 00:46:48.506000,,1,,False,,False,True
2021-02,FP1,0 days 00:49:39.692000,SAI,55,0 days 00:01:28.285000,15.0,1.0,,,0 days 00:00:24.733000,0 days 00:00:30.407000,0 days 00:00:33.145000,0 days 00:48:36.140000,0 days 00:49:06.547000,0 days 00:49:39.692000,225.0,233.0,278.0,235.0,False,,,False,Ferrari,0 days 00:48:11.407000,,1,,False,,False,True
2021-02,FP1,0 days 00:50:57.516000,SAI,55,0 days 00:01:17.824000,16.0,1.0,,,0 days 00:00:24.524000,0 days 00:00:26.825000,0 days 00:00:26.475000,0 days 00:50:04.216000,0 days 00:50:31.041000,0 days 00:50:57.516000,226.0,254.0,288.0,284.0,False,,,False,Ferrari,0 days 00:49:39.692000,,1,,False,,False,True
2021-02,FP1,0 days 00:52:14.812000,SAI,55,0 days 00:01:17.296000,17.0,1.0,,,0 days 00:00:24.379000,0 days 00:00:26.847000,0 days 00:00:26.070000,0 days 00:51:21.895000,0 days 00:51:48.742000,0 days 00:52:14.812000,228.0,252.0,279.0,279.0,True,,,False,Ferrari,0 days 00:50:57.516000,,12,,False,,False,True
2021-02,FP1,0 days 01:03:30.385000,SAI,55,,18.0,1.0,,0 days 00:53:57.473000,,,,,,,,,,,False,,,False,Ferrari,0 days 00:52:14.812000,,251,,False,,False,False
2021-02,FP1,0 days 01:04:57.929000,SAI,55,,19.0,1.0,0 days 01:03:30.385000,,,0 days 00:00:31.605000,0 days 00:00:29.291000,,0 days 01:04:28.690000,0 days 01:04:59.361000,194.0,232.0,281.0,254.0,False,,,False,Ferrari,0 days 01:03:30.385000,,1,,False,,False,False
2021-02,FP1,0 days 01:06:15.126000,SAI,55,0 days 00:01:17.197000,20.0,1.0,,,0 days 00:00:24.531000,0 days 00:00:26.661000,0 days 00:00:26.005000,0 days 01:05:22.460000,0 days 01:05:49.121000,0 days 01:06:15.126000,230.0,255.0,279.0,283.0,True,,,False,Ferrari,0 days 01:04:57.929000,,1,,False,,False,True
2021-02,FP1,0 days 01:08:28.175000,SAI,55,0 days 00:02:13.049000,21.0,1.0,,,0 days 00:00:35.793000,0 days 00:00:55.279000,0 days 00:00:41.977000,0 days 01:06:50.919000,0 days 01:07:46.198000,0 days 01:08:28.175000,84.0,199.0,280.0,189.0,False,,,False,Ferrari,0 days 01:06:15.126000,,12,,False,,False,True
2021-02,FP1,0 days 01:09:45.705000,SAI,55,0 days 00:01:17.530000,22.0,1.0,,,0 days 00:00:24.527000,0 days 00:00:26.682000,0 days 00:00:26.321000,0 days 01:08:52.702000,0 days 01:09:19.384000,0 days 01:09:45.705000,229.0,257.0,282.0,286.0,False,,,False,Ferrari,0 days 01:08:28.175000,,21,,False,,False,True
2021-02,FP1,0 days 01:11:51.818000,SAI,55,0 days 00:02:06.113000,23.0,1.0,,,0 days 00:00:40.693000,0 days 00:00:50.066000,0 days 00:00:35.354000,0 days 01:10:26.398000,0 days 01:11:16.464000,0 days 01:11:51.818000,75.0,161.0,280.0,220.0,False,,,False,Ferrari,0 days 01:09:45.705000,,1,,False,,False,True
2021-02,FP1,0 days 01:13:29.133000,SAI,55,0 days 00:01:37.315000,24.0,1.0,,,0 days 00:00:27.577000,0 days 00:00:36.654000,0 days 00:00:33.084000,0 days 01:12:19.395000,0 days 01:12:56.049000,0 days 01:13:29.133000,203.0,233.0,280.0,161.0,False,,,False,Ferrari,0 days 01:11:51.818000,,1,,False,,False,True
2021-02,FP1,0 days 01:14:46.021000,SAI,55,0 days 00:01:16.888000,25.0,1.0,,,0 days 00:00:24.372000,0 days 00:00:26.711000,0 days 00:00:25.805000,0 days 01:13:53.505000,0 days 01:14:20.216000,0 days 01:14:46.021000,228.0,255.0,281.0,284.0,True,,,False,Ferrari,0 days 01:13:29.133000,,1,,False,,False,True
2021-02,FP1,0 days 01:16:26.046000,SAI,55,0 days 00:01:40.025000,26.0,1.0,,0 days 01:16:21.681000,0 days 00:00:26.332000,0 days 00:00:26.950000,0 days 00:00:46.743000,0 days 01:15:12.353000,0 days 01:15:39.303000,0 days 01:16:26.046000,226.0,255.0,,199.0,False,,,False,Ferrari,0 days 01:14:46.021000,,125,,False,,False,False
2021-02,FP1,0 days 00:18:11.131000,RUS,63,,1.0,1.0,0 days 00:16:29.103000,,,0 days 00:00:35.440000,0 days 00:00:36.685000,,0 days 00:17:34.491000,0 days 00:18:11.333000,200.0,236.0,272.0,167.0,False,,,False,Williams,0 days 00:16:29.103000,,12,,False,,False,False
2021-02,FP1,0 days 00:19:52.643000,RUS,63,0 days 00:01:41.512000,2.0,1.0,,,0 days 00:00:30.847000,0 days 00:00:32.709000,0 days 00:00:37.956000,0 days 00:18:41.978000,0 days 00:19:14.687000,0 days 00:19:52.643000,187.0,140.0,274.0,249.0,True,,,False,Williams,0 days 00:18:11.131000,,1,,False,,False,True
2021-02,FP1,0 days 00:21:14.826000,RUS,63,0 days 00:01:22.183000,3.0,1.0,,,0 days 00:00:26.310000,0 days 00:00:28.290000,0 days 00:00:27.583000,0 days 00:20:18.953000,0 days 00:20:47.243000,0 days 00:21:14.826000,218.0,255.0,277.0,281.0,True,,,False,Williams,0 days 00:19:52.643000,,12,,False,,False,True
2021-02,FP1,0 days 00:22:52.735000,RUS,63,0 days 00:01:37.909000,4.0,1.0,,,0 days 00:00:30.184000,0 days 00:00:33.254000,0 days 00:00:34.471000,0 days 00:21:45.010000,0 days 00:22:18.264000,0 days 00:22:52.735000,191.0,217.0,275.0,132.0,False,,,False,Williams,0 days 00:21:14.826000,,1,,False,,False,True
2021-02,FP1,0 days 00:24:12.666000,RUS,63,0 days 00:01:19.931000,5.0,1.0,,,0 days 00:00:25.397000,0 days 00:00:27.606000,0 days 00:00:26.928000,0 days 00:23:18.132000,0 days 00:23:45.738000,0 days 00:24:12.666000,224.0,254.0,279.0,282.0,True,,,False,Williams,0 days 00:22:52.735000,,1,,False,,False,True
2021-02,FP1,0 days 00:25:50.261000,RUS,63,0 days 00:01:37.595000,6.0,1.0,,0 days 00:25:45.941000,0 days 00:00:28.606000,0 days 00:00:32.745000,0 days 00:00:36.244000,0 days 00:24:41.272000,0 days 00:25:14.017000,0 days 00:25:50.261000,203.0,198.0,,258.0,False,,,False,Williams,0 days 00:24:12.666000,,1,,False,,False,False
2021-02,FP1,0 days 00:28:04.775000,RUS,63,0 days 00:02:14.514000,7.0,1.0,0 days 00:26:34.504000,,0 days 00:01:12.943000,0 days 00:00:31.625000,0 days 00:00:29.946000,0 days 00:27:03.204000,0 days 00:27:34.829000,0 days 00:28:04.775000,204.0,243.0,277.0,269.0,False,,,False,Williams,0 days 00:25:50.261000,,1,,False,,False,False
2021-02,FP1,0 days 00:29:24.546000,RUS,63,0 days 00:01:19.771000,8.0,1.0,,,0 days 00:00:25.555000,0 days 00:00:27.505000,0 days 00:00:26.711000,0 days 00:28:30.330000,0 days 00:28:57.835000,0 days 00:29:24.546000,223.0,253.0,279.0,280.0,True,,,False,Williams,0 days 00:28:04.775000,,12,,False,,False,True
2021-02,FP1,0 days 00:31:04.656000,RUS,63,0 days 00:01:40.110000,9.0,1.0,,0 days 00:31:01.459000,0 days 00:00:28.469000,0 days 00:00:31.867000,0 days 00:00:39.774000,0 days 00:29:53.015000,0 days 00:30:24.882000,0 days 00:31:04.656000,208.0,198.0,,161.0,False,,,False,Williams,0 days 00:29:24.546000,,1,,False,,False,False
2021-02,FP1,0 days 00:43:49.043000,RUS,63,,10.0,1.0,0 days 00:42:19.975000,,,0 days 00:00:31.308000,0 days 00:00:30.911000,,0 days 00:43:22.636000,0 days 00:43:49.228000,201.0,246.0,271.0,264.0,False,,,False,Williams,0 days 00:31:04.656000,,1,,False,,False,False
2021-02,FP1,0 days 00:45:08.378000,RUS,63,0 days 00:01:19.335000,11.0,1.0,,,0 days 00:00:25.100000,0 days 00:00:27.792000,0 days 00:00:26.443000,0 days 00:44:14.143000,0 days 00:44:41.935000,0 days 00:45:08.378000,227.0,256.0,280.0,285.0,True,,,False,Williams,0 days 00:43:49.043000,,1,,False,,False,True
2021-02,FP1,0 days 00:46:55.127000,RUS,63,0 days 00:01:46.749000,12.0,1.0,,,0 days 00:00:31.679000,0 days 00:00:34.279000,0 days 00:00:40.791000,0 days 00:45:40.057000,0 days 00:46:14.336000,0 days 00:46:55.127000,190.0,237.0,278.0,140.0,False,,,False,Williams,0 days 00:45:08.378000,,1,,False,,False,True
2021-02,FP1,0 days 00:48:13.202000,RUS,63,0 days 00:01:18.075000,13.0,1.0,,,0 days 00:00:25.033000,0 days 00:00:26.797000,0 days 00:00:26.245000,0 days 00:47:20.160000,0 days 00:47:46.957000,0 days 00:48:13.202000,227.0,257.0,283.0,285.0,True,,,False,Williams,0 days 00:46:55.127000,,1,,False,,False,True
2021-02,FP1,0 days 00:49:53.506000,RUS,63,0 days 00:01:40.304000,14.0,1.0,,,0 days 00:00:31.164000,0 days 00:00:37.891000,0 days 00:00:31.249000,0 days 00:48:44.366000,0 days 00:49:22.257000,0 days 00:49:53.506000,112.0,233.0,278.0,263.0,False,,,False,Williams,0 days 00:48:13.202000,,1,,False,,False,True
2021-02,FP1,0 days 00:51:11.372000,RUS,63,0 days 00:01:17.866000,15.0,1.0,,,0 days 00:00:24.799000,0 days 00:00:26.936000,0 days 00:00:26.131000,0 days 00:50:18.305000,0 days 00:50:45.241000,0 days 00:51:11.372000,226.0,255.0,281.0,279.0,True,,,False,Williams,0 days 00:49:53.506000,,1,,False,,False,True
2021-02,FP1,0 days 01:03:58.597000,RUS,63,,16.0,1.0,,0 days 00:52:55.544000,0 days 00:00:32.753000,,,0 days 00:51:44.139000,,,175.0,,,,False,,,False,Williams,0 days 00:51:11.372000,,125,,False,,False,False
2021-02,FP1,0 days 01:05:29.419000,RUS,63,,17.0,1.0,0 days 01:03:58.584000,,,0 days 00:00:29.483000,0 days 00:00:36.777000,,0 days 01:04:52.649000,0 days 01:05:29.738000,209.0,244.0,267.0,193.0,False,,,False,Williams,0 days 01:03:58.584000,,1,,False,,False,False
2021-02,FP1,0 days 01:06:51.459000,RUS,63,0 days 00:01:22.040000,18.0,1.0,,,0 days 00:00:26.390000,0 days 00:00:28.310000,0 days 00:00:27.340000,0 days 01:05:55.809000,0 days 01:06:24.119000,0 days 01:06:51.459000,213.0,243.0,270.0,272.0,False,,,False,Williams,0 days 01:05:29.419000,,1,,False,,False,True
2021-02,FP1,0 days 01:08:13.339000,RUS,63,0 days 00:01:21.880000,19.0,1.0,,,0 days 00:00:26.060000,0 days 00:00:28.374000,0 days 00:00:27.446000,0 days 01:07:17.519000,0 days 01:07:45.893000,0 days 01:08:13.339000,216.0,247.0,271.0,274.0,False,,,False,Williams,0 days 01:06:51.459000,,1,,False,,False,True
2021-02,FP1,0 days 01:09:34.101000,RUS,63,0 days 00:01:20.762000,20.0,1.0,,,0 days 00:00:25.862000,0 days 00:00:27.821000,0 days 00:00:27.079000,0 days 01:08:39.201000,0 days 01:09:07.022000,0 days 01:09:34.101000,218.0,244.0,270.0,272.0,False,,,False,Williams,0 days 01:08:13.339000,,12,,False,,False,True
2021-02,FP1,0 days 01:10:56.464000,RUS,63,0 days 00:01:22.363000,21.0,1.0,,,0 days 00:00:26.044000,0 days 00:00:29.011000,0 days 00:00:27.308000,0 days 01:10:00.145000,0 days 01:10:29.156000,0 days 01:10:56.464000,218.0,245.0,279.0,278.0,False,,,False,Williams,0 days 01:09:34.101000,,1,,False,,False,True
2021-02,FP1,0 days 01:12:17.533000,RUS,63,0 days 00:01:21.069000,22.0,1.0,,,0 days 00:00:25.744000,0 days 00:00:28.134000,0 days 00:00:27.191000,0 days 01:11:22.208000,0 days 01:11:50.342000,0 days 01:12:17.533000,220.0,247.0,272.0,275.0,False,,,False,Williams,0 days 01:10:56.464000,,1,,False,,False,True
2021-02,FP1,0 days 01:13:38.684000,RUS,63,0 days 00:01:21.151000,23.0,1.0,,,0 days 00:00:26.201000,0 days 00:00:28.020000,0 days 00:00:26.930000,0 days 01:12:43.734000,0 days 01:13:11.754000,0 days 01:13:38.684000,215.0,245.0,271.0,274.0,False,,,False,Williams,0 days 01:12:17.533000,,1,,False,,False,True
2021-02,FP1,0 days 01:15:00.147000,RUS,63,0 days 00:01:21.463000,24.0,1.0,,,0 days 00:00:26.144000,0 days 00:00:28.123000,0 days 00:00:27.196000,0 days 01:14:04.828000,0 days 01:14:32.951000,0 days 01:15:00.147000,217.0,246.0,274.0,278.0,False,,,False,Williams,0 days 01:13:38.684000,,1,,False,,False,True
2021-02,FP1,0 days 01:16:51.662000,RUS,63,0 days 00:01:51.515000,25.0,1.0,,0 days 01:16:47.323000,0 days 00:00:25.954000,0 days 00:00:31.957000,0 days 00:00:53.604000,0 days 01:15:26.101000,0 days 01:15:58.058000,0 days 01:16:51.662000,218.0,158.0,,124.0,False,,,False,Williams,0 days 01:15:00.147000,,125,,False,,False,False
2021-02,FP1,0 days 00:18:16.374000,BOT,77,,1.0,1.0,0 days 00:16:37.007000,,,0 days 00:00:32.858000,0 days 00:00:31.257000,,0 days 00:17:45.139000,0 days 00:18:16.536000,189.0,240.0,271.0,246.0,False,,,False,Mercedes,0 days 00:16:37.007000,,12,,False,,False,False
2021-02,FP1,0 days 00:19:47.575000,BOT,77,0 days 00:01:31.201000,2.0,1.0,,,0 days 00:00:28.663000,0 days 00:00:29.580000,0 days 00:00:32.958000,0 days 00:18:45.037000,0 days 00:19:14.617000,0 days 00:19:47.575000,196.0,248.0,275.0,255.0,True,,,False,Mercedes,0 days 00:18:16.374000,,1,,False,,False,True
2021-02,FP1,0 days 00:21:07.920000,BOT,77,0 days 00:01:20.345000,3.0,1.0,,,0 days 00:00:25.835000,0 days 00:00:27.820000,0 days 00:00:26.690000,0 days 00:20:13.410000,0 days 00:20:41.230000,0 days 00:21:07.920000,216.0,254.0,277.0,284.0,True,,,False,Mercedes,0 days 00:19:47.575000,,12,,False,,False,True
2021-02,FP1,0 days 00:22:40.696000,BOT,77,0 days 00:01:32.776000,4.0,1.0,,,0 days 00:00:28.782000,0 days 00:00:32.110000,0 days 00:00:31.884000,0 days 00:21:36.702000,0 days 00:22:08.812000,0 days 00:22:40.696000,204.0,234.0,276.0,271.0,False,,,False,Mercedes,0 days 00:21:07.920000,,1,,False,,False,True
2021-02,FP1,0 days 00:24:00.008000,BOT,77,0 days 00:01:19.312000,5.0,1.0,,,0 days 00:00:25.222000,0 days 00:00:27.553000,0 days 00:00:26.537000,0 days 00:23:05.918000,0 days 00:23:33.471000,0 days 00:24:00.008000,221.0,253.0,282.0,284.0,True,,,False,Mercedes,0 days 00:22:40.696000,,1,,False,,False,True
2021-02,FP1,0 days 00:25:27.278000,BOT,77,0 days 00:01:27.270000,6.0,1.0,,,0 days 00:00:27.910000,0 days 00:00:30.345000,0 days 00:00:29.015000,0 days 00:24:27.918000,0 days 00:24:58.263000,0 days 00:25:27.278000,200.0,241.0,278.0,272.0,False,,,False,Mercedes,0 days 00:24:00.008000,,1,,False,,False,True
2021-02,FP1,0 days 00:26:50.840000,BOT,77,0 days 00:01:23.562000,7.0,1.0,,,0 days 00:00:24.903000,0 days 00:00:29.556000,0 days 00:00:29.103000,0 days 00:25:52.181000,0 days 00:26:21.737000,0 days 00:26:50.840000,222.0,225.0,279.0,264.0,False,,,False,Mercedes,0 days 00:25:27.278000,,1,,False,,False,True
2021-02,FP1,0 days 00:28:09.473000,BOT,77,0 days 00:01:18.633000,8.0,1.0,,,0 days 00:00:24.829000,0 days 00:00:27.183000,0 days 00:00:26.621000,0 days 00:27:15.669000,0 days 00:27:42.852000,0 days 00:28:09.473000,224.0,253.0,287.0,283.0,True,,,False,Mercedes,0 days 00:26:50.840000,,1,,False,,False,True
2021-02,FP1,0 days 00:29:35.744000,BOT,77,0 days 00:01:26.271000,9.0,1.0,,,0 days 00:00:25.990000,0 days 00:00:31.211000,0 days 00:00:29.070000,0 days 00:28:35.463000,0 days 00:29:06.674000,0 days 00:29:35.744000,198.0,234.0,282.0,216.0,False,,,False,Mercedes,0 days 00:28:09.473000,,12,,False,,False,True
2021-02,FP1,0 days 00:31:02.707000,BOT,77,0 days 00:01:26.963000,10.0,1.0,,0 days 00:30:58.300000,0 days 00:00:24.942000,0 days 00:00:28.319000,0 days 00:00:33.702000,0 days 00:30:00.686000,0 days 00:30:29.005000,0 days 00:31:02.707000,220.0,235.0,,223.0,False,,,False,Mercedes,0 days 00:29:35.744000,,1,,False,,False,False
2021-02,FP1,0 days 00:45:15.090000,BOT,77,,11.0,1.0,0 days 00:43:45.654000,,,0 days 00:00:33.217000,0 days 00:00:28.837000,,0 days 00:44:46.253000,0 days 00:45:15.259000,198.0,249.0,274.0,279.0,False,,,False,Mercedes,0 days 00:31:02.707000,,1,,False,,False,False
2021-02,FP1,0 days 00:46:43.751000,BOT,77,0 days 00:01:28.661000,12.0,1.0,,,0 days 00:00:27.710000,0 days 00:00:28.506000,0 days 00:00:32.445000,0 days 00:45:42.800000,0 days 00:46:11.306000,0 days 00:46:43.751000,205.0,235.0,269.0,264.0,False,,,False,Mercedes,0 days 00:45:15.090000,,1,,False,,False,True
2021-02,FP1,0 days 00:48:16.702000,BOT,77,0 days 00:01:32.951000,13.0,1.0,,,0 days 00:00:27.507000,0 days 00:00:31.524000,0 days 00:00:33.920000,0 days 00:47:11.258000,0 days 00:47:42.782000,0 days 00:48:16.702000,198.0,245.0,278.0,119.0,False,,,False,Mercedes,0 days 00:46:43.751000,,1,,False,,False,True
2021-02,FP1,0 days 00:49:34.098000,BOT,77,0 days 00:01:17.396000,14.0,1.0,,,0 days 00:00:24.671000,0 days 00:00:26.693000,0 days 00:00:26.032000,0 days 00:48:41.373000,0 days 00:49:08.066000,0 days 00:49:34.098000,224.0,256.0,277.0,284.0,True,,,False,Mercedes,0 days 00:48:16.702000,,1,,False,,False,True
2021-02,FP1,0 days 00:51:07.557000,BOT,77,0 days 00:01:33.459000,15.0,1.0,,0 days 00:51:03.077000,0 days 00:00:27.772000,0 days 00:00:32.061000,0 days 00:00:33.626000,0 days 00:50:01.870000,0 days 00:50:33.931000,0 days 00:51:07.557000,201.0,237.0,,265.0,False,,,False,Mercedes,0 days 00:49:34.098000,,1,,False,,False,False
2021-02,FP1,0 days 01:05:26.426000,BOT,77,,16.0,1.0,0 days 01:03:52.474000,,,0 days 00:00:30.680000,0 days 00:00:36.112000,,0 days 01:04:50.330000,0 days 01:05:26.551000,206.0,240.0,279.0,247.0,False,,,False,Mercedes,0 days 01:03:52.474000,,1,,False,,False,False
2021-02,FP1,0 days 01:06:43.768000,BOT,77,0 days 00:01:17.342000,17.0,1.0,,,0 days 00:00:24.780000,0 days 00:00:26.713000,0 days 00:00:25.849000,0 days 01:05:51.206000,0 days 01:06:17.919000,0 days 01:06:43.768000,221.0,255.0,280.0,284.0,True,,,False,Mercedes,0 days 01:05:26.426000,,1,,False,,False,True
2021-02,FP1,0 days 01:08:42.180000,BOT,77,0 days 00:01:58.412000,18.0,1.0,,,0 days 00:00:29.163000,0 days 00:00:36.390000,0 days 00:00:52.859000,0 days 01:07:12.931000,0 days 01:07:49.321000,0 days 01:08:42.180000,197.0,234.0,283.0,76.0,False,,,False,Mercedes,0 days 01:06:43.768000,,12,,False,,False,True
2021-02,FP1,0 days 01:09:59.201000,BOT,77,0 days 00:01:17.021000,19.0,1.0,,,0 days 00:00:24.283000,0 days 00:00:26.330000,0 days 00:00:26.408000,0 days 01:09:06.463000,0 days 01:09:32.793000,0 days 01:09:59.201000,229.0,259.0,286.0,294.0,True,,,False,Mercedes,0 days 01:08:42.180000,,1,,False,,False,True
2021-02,FP1,0 days 01:11:41.333000,BOT,77,0 days 00:01:42.132000,20.0,1.0,,,0 days 00:00:29.817000,0 days 00:00:33.541000,0 days 00:00:38.774000,0 days 01:10:29.018000,0 days 01:11:02.559000,0 days 01:11:41.333000,191.0,232.0,279.0,201.0,False,,,False,Mercedes,0 days 01:09:59.201000,,1,,False,,False,True
2021-02,FP1,0 days 01:13:09.720000,BOT,77,0 days 00:01:28.387000,21.0,1.0,,,0 days 00:00:24.422000,0 days 00:00:31.090000,0 days 00:00:32.875000,0 days 01:12:05.755000,0 days 01:12:36.845000,0 days 01:13:09.720000,227.0,236.0,280.0,245.0,False,,,False,Mercedes,0 days 01:11:41.333000,,1,,False,,False,True
2021-02,FP1,0 days 01:14:26.284000,BOT,77,0 days 00:01:16.564000,22.0,1.0,,,0 days 00:00:24.330000,0 days 00:00:26.644000,0 days 00:00:25.590000,0 days 01:13:34.050000,0 days 01:14:00.694000,0 days 01:14:26.284000,227.0,256.0,283.0,284.0,True,,,False,Mercedes,0 days 01:13:09.720000,,1,,False,,False,True
2021-02,FP1,0 days 01:16:08.766000,BOT,77,0 days 00:01:42.482000,23.0,1.0,,0 days 01:16:03.127000,0 days 00:00:24.608000,0 days 00:00:31.227000,0 days 00:00:46.647000,0 days 01:14:50.892000,0 days 01:15:22.119000,0 days 01:16:08.766000,214.0,232.0,,217.0,False,,,False,Mercedes,0 days 01:14:26.284000,,125,,False,,False,False
2021-02,FP1,0 days 00:16:56.201000,GIO,99,,1.0,1.0,0 days 00:15:16.154000,,,0 days 00:00:36.377000,0 days 00:00:34.179000,,0 days 00:16:22.076000,0 days 00:16:56.372000,193.0,214.0,265.0,222.0,False,,,False,Alfa Romeo Racing,0 days 00:15:16.154000,,12,,False,,False,False
2021-02,FP1,0 days 00:18:26.425000,GIO,99,0 days 00:01:30.224000,2.0,1.0,,,0 days 00:00:30.429000,0 days 00:00:29.836000,0 days 00:00:29.959000,0 days 00:17:26.630000,0 days 00:17:56.466000,0 days 00:18:26.425000,209.0,251.0,281.0,272.0,True,,,False,Alfa Romeo Racing,0 days 00:16:56.201000,,21,,False,,False,True
2021-02,FP1,0 days 00:20:11.661000,GIO,99,0 days 00:01:45.236000,3.0,1.0,,,0 days 00:00:32.228000,0 days 00:00:36.197000,0 days 00:00:36.811000,0 days 00:18:58.653000,0 days 00:19:34.850000,0 days 00:20:11.661000,192.0,229.0,273.0,196.0,False,,,False,Alfa Romeo Racing,0 days 00:18:26.425000,,1,,False,,False,True
2021-02,FP1,0 days 00:21:34.317000,GIO,99,0 days 00:01:22.656000,4.0,1.0,,,0 days 00:00:26.068000,0 days 00:00:28.613000,0 days 00:00:27.975000,0 days 00:20:37.729000,0 days 00:21:06.342000,0 days 00:21:34.317000,216.0,254.0,279.0,278.0,True,,,False,Alfa Romeo Racing,0 days 00:20:11.661000,,12,,False,,False,True
2021-02,FP1,0 days 00:23:06.164000,GIO,99,0 days 00:01:31.847000,5.0,1.0,,,0 days 00:00:29.017000,0 days 00:00:32.174000,0 days 00:00:30.656000,0 days 00:22:03.334000,0 days 00:22:35.508000,0 days 00:23:06.164000,194.0,232.0,276.0,263.0,False,,,False,Alfa Romeo Racing,0 days 00:21:34.317000,,1,,False,,False,True
2021-02,FP1,0 days 00:24:26.422000,GIO,99,0 days 00:01:20.258000,6.0,1.0,,,0 days 00:00:25.591000,0 days 00:00:27.916000,0 days 00:00:26.751000,0 days 00:23:31.755000,0 days 00:23:59.671000,0 days 00:24:26.422000,218.0,252.0,279.0,284.0,True,,,False,Alfa Romeo Racing,0 days 00:23:06.164000,,1,,False,,False,True
2021-02,FP1,0 days 00:26:01.138000,GIO,99,0 days 00:01:34.716000,7.0,1.0,,,0 days 00:00:28.917000,0 days 00:00:33.018000,0 days 00:00:32.781000,0 days 00:24:55.339000,0 days 00:25:28.357000,0 days 00:26:01.138000,196.0,180.0,278.0,223.0,False,,,False,Alfa Romeo Racing,0 days 00:24:26.422000,,1,,False,,False,True
2021-02,FP1,0 days 00:27:20.871000,GIO,99,0 days 00:01:19.733000,8.0,1.0,,,0 days 00:00:25.501000,0 days 00:00:27.639000,0 days 00:00:26.593000,0 days 00:26:26.639000,0 days 00:26:54.278000,0 days 00:27:20.871000,217.0,253.0,281.0,282.0,True,,,False,Alfa Romeo Racing,0 days 00:26:01.138000,,1,,False,,False,True
2021-02,FP1,0 days 00:28:57.057000,GIO,99,0 days 00:01:36.186000,9.0,1.0,,0 days 00:28:54.361000,0 days 00:00:28.223000,0 days 00:00:31.903000,0 days 00:00:36.060000,0 days 00:27:49.094000,0 days 00:28:20.997000,0 days 00:28:57.057000,199.0,192.0,,232.0,False,,,False,Alfa Romeo Racing,0 days 00:27:20.871000,,12,,False,,False,False
2021-02,FP1,0 days 00:31:10.711000,GIO,99,0 days 00:02:13.654000,10.0,1.0,0 days 00:29:37.769000,0 days 00:31:06.241000,0 days 00:01:09.778000,0 days 00:00:29.932000,0 days 00:00:33.944000,0 days 00:30:06.835000,0 days 00:30:36.767000,0 days 00:31:10.711000,204.0,249.0,,276.0,False,,,False,Alfa Romeo Racing,0 days 00:28:57.057000,,21,,False,,False,False
2021-02,FP1,0 days 00:46:37.956000,GIO,99,,11.0,1.0,0 days 00:45:02.119000,,,0 days 00:00:33.346000,0 days 00:00:34.293000,,0 days 00:46:04.029000,0 days 00:46:38.088000,198.0,219.0,279.0,160.0,False,,,False,Alfa Romeo Racing,0 days 00:31:10.711000,,1,,False,,False,False
2021-02,FP1,0 days 00:47:56.393000,GIO,99,0 days 00:01:18.437000,12.0,1.0,,,0 days 00:00:25.192000,0 days 00:00:27.100000,0 days 00:00:26.145000,0 days 00:47:03.148000,0 days 00:47:30.248000,0 days 00:47:56.393000,220.0,253.0,282.0,282.0,True,,,False,Alfa Romeo Racing,0 days 00:46:37.956000,,1,,False,,False,True
2021-02,FP1,0 days 00:49:46.195000,GIO,99,0 days 00:01:49.802000,13.0,1.0,,,0 days 00:00:31.439000,0 days 00:00:40.342000,0 days 00:00:38.021000,0 days 00:48:27.832000,0 days 00:49:08.174000,0 days 00:49:46.195000,161.0,137.0,276.0,114.0,False,,,False,Alfa Romeo Racing,0 days 00:47:56.393000,,1,,False,,False,True
2021-02,FP1,0 days 00:51:04.253000,GIO,99,0 days 00:01:18.058000,14.0,1.0,,,0 days 00:00:24.908000,0 days 00:00:26.983000,0 days 00:00:26.167000,0 days 00:50:11.103000,0 days 00:50:38.086000,0 days 00:51:04.253000,222.0,255.0,281.0,283.0,True,,,False,Alfa Romeo Racing,0 days 00:49:46.195000,,1,,False,,False,True
2021-02,FP1,0 days 01:04:20.223000,GIO,99,,15.0,1.0,,0 days 00:52:42.534000,0 days 00:00:28.784000,0 days 00:00:32.054000,,0 days 00:51:33.060000,0 days 00:52:05.112000,,195.0,229.0,,,False,,,False,Alfa Romeo Racing,0 days 00:51:04.253000,,125,,False,,False,False
2021-02,FP1,0 days 01:05:51.390000,GIO,99,,16.0,1.0,0 days 01:04:20.223000,,,0 days 00:00:31.485000,0 days 00:00:31.773000,,0 days 01:05:19.646000,0 days 01:05:52.502000,202.0,163.0,267.0,237.0,False,,,False,Alfa Romeo Racing,0 days 01:04:20.223000,,1,,False,,False,False
2021-02,FP1,0 days 01:07:12.699000,GIO,99,0 days 00:01:21.309000,17.0,1.0,,,0 days 00:00:26.335000,0 days 00:00:28.049000,0 days 00:00:26.925000,0 days 01:06:17.725000,0 days 01:06:45.774000,0 days 01:07:12.699000,215.0,247.0,269.0,277.0,False,,,False,Alfa Romeo Racing,0 days 01:05:51.390000,,1,,False,,False,True
2021-02,FP1,0 days 01:08:36.537000,GIO,99,0 days 00:01:23.838000,18.0,1.0,,,0 days 00:00:26.099000,0 days 00:00:27.974000,0 days 00:00:29.765000,0 days 01:07:38.798000,0 days 01:08:06.772000,0 days 01:08:36.537000,215.0,249.0,266.0,277.0,False,,,False,Alfa Romeo Racing,0 days 01:07:12.699000,,12,,False,,False,True
2021-02,FP1,0 days 01:09:58.879000,GIO,99,0 days 00:01:22.342000,19.0,1.0,,,0 days 00:00:26.890000,0 days 00:00:28.440000,0 days 00:00:27.012000,0 days 01:09:03.427000,0 days 01:09:31.867000,0 days 01:09:58.879000,213.0,250.0,278.0,283.0,False,,,False,Alfa Romeo Racing,0 days 01:08:36.537000,,1,,False,,False,True
2021-02,FP1,0 days 01:11:20.191000,GIO,99,0 days 00:01:21.312000,20.0,1.0,,,0 days 00:00:26.025000,0 days 00:00:28.421000,0 days 00:00:26.866000,0 days 01:10:24.904000,0 days 01:10:53.325000,0 days 01:11:20.191000,215.0,249.0,270.0,281.0,False,,,False,Alfa Romeo Racing,0 days 01:09:58.879000,,1,,False,,False,True
2021-02,FP1,0 days 01:12:41.474000,GIO,99,0 days 00:01:21.283000,21.0,1.0,,,0 days 00:00:26.054000,0 days 00:00:28.332000,0 days 00:00:26.897000,0 days 01:11:46.245000,0 days 01:12:14.577000,0 days 01:12:41.474000,214.0,248.0,271.0,280.0,False,,,False,Alfa Romeo Racing,0 days 01:11:20.191000,,1,,False,,False,True
2021-02,FP1,0 days 01:14:03.010000,GIO,99,0 days 00:01:21.536000,22.0,1.0,,,0 days 00:00:26.017000,0 days 00:00:28.341000,0 days 00:00:27.178000,0 days 01:13:07.491000,0 days 01:13:35.832000,0 days 01:14:03.010000,214.0,249.0,272.0,280.0,False,,,False,Alfa Romeo Racing,0 days 01:12:41.474000,,1,,False,,False,True
2021-02,FP1,0 days 01:15:24.721000,GIO,99,0 days 00:01:21.711000,23.0,1.0,,,0 days 00:00:26.065000,0 days 00:00:28.388000,0 days 00:00:27.258000,0 days 01:14:29.075000,0 days 01:14:57.463000,0 days 01:15:24.721000,214.0,251.0,274.0,283.0,False,,,False,Alfa Romeo Racing,0 days 01:14:03.010000,,1,,False,,False,True
2021-02,FP1,0 days 01:17:36.698000,GIO,99,0 days 00:02:11.977000,24.0,1.0,,0 days 01:17:31.982000,0 days 00:00:38.780000,0 days 00:00:43.994000,0 days 00:00:49.203000,0 days 01:16:03.501000,0 days 01:16:47.495000,0 days 01:17:36.698000,129.0,182.0,,150.0,False,,,False,Alfa Romeo Racing,0 days 01:15:24.721000,,125,,False,,False,False
2021-02,FP2,0 days 00:17:46.776000,RIC,3,,1.0,1.0,0 days 00:16:19.547000,,,0 days 00:00:30.881000,0 days 00:00:28.301000,,0 days 00:17:18.513000,0 days 00:17:46.946000,197.0,239.0,280.0,264.0,False,HARD,1.0,True,McLaren,0 days 00:16:19.547000,,1,,False,,False,False
2021-02,FP2,0 days 00:19:05.212000,RIC,3,0 days 00:01:18.436000,2.0,1.0,,,0 days 00:00:25.005000,0 days 00:00:27.225000,0 days 00:00:26.206000,0 days 00:18:11.781000,0 days 00:18:39.006000,0 days 00:19:05.212000,223.0,253.0,281.0,284.0,True,HARD,2.0,True,McLaren,0 days 00:17:46.776000,,1,,False,,False,True
2021-02,FP2,0 days 00:21:02.266000,RIC,3,0 days 00:01:57.054000,3.0,1.0,,,0 days 00:00:37.393000,0 days 00:00:37.205000,0 days 00:00:42.456000,0 days 00:19:42.605000,0 days 00:20:19.810000,0 days 00:21:02.266000,186.0,227.0,280.0,101.0,False,HARD,3.0,True,McLaren,0 days 00:19:05.212000,,12,,False,,False,True
2021-02,FP2,0 days 00:22:20.355000,RIC,3,0 days 00:01:18.089000,4.0,1.0,,,0 days 00:00:24.778000,0 days 00:00:27.011000,0 days 00:00:26.300000,0 days 00:21:27.044000,0 days 00:21:54.055000,0 days 00:22:20.355000,226.0,255.0,282.0,287.0,True,HARD,4.0,True,McLaren,0 days 00:21:02.266000,,1,,False,,False,True
2021-02,FP2,0 days 00:24:10.180000,RIC,3,0 days 00:01:49.825000,5.0,1.0,,,0 days 00:00:40.625000,0 days 00:00:33.580000,0 days 00:00:35.620000,0 days 00:23:00.980000,0 days 00:23:34.560000,0 days 00:24:10.180000,189.0,239.0,278.0,167.0,False,HARD,5.0,True,McLaren,0 days 00:22:20.355000,,1,,False,,False,True
2021-02,FP2,0 days 00:25:45.630000,RIC,3,0 days 00:01:35.450000,6.0,1.0,,0 days 00:25:41.224000,0 days 00:00:24.836000,0 days 00:00:26.740000,0 days 00:00:43.874000,0 days 00:24:35.016000,0 days 00:25:01.756000,0 days 00:25:45.630000,225.0,257.0,,228.0,False,HARD,6.0,True,McLaren,0 days 00:24:10.180000,,126,,False,,False,False
2021-02,FP2,0 days 00:27:41.530000,RIC,3,0 days 00:01:55.900000,7.0,2.0,0 days 00:26:13.045000,,0 days 00:00:55.307000,0 days 00:00:31.303000,0 days 00:00:29.290000,0 days 00:26:40.937000,0 days 00:27:12.240000,0 days 00:27:41.530000,200.0,240.0,281.0,266.0,False,SOFT,1.0,True,McLaren,0 days 00:25:45.630000,,671,,False,,False,False
2021-02,FP2,0 days 00:28:58.811000,RIC,3,0 days 00:01:17.281000,8.0,2.0,,,0 days 00:00:24.736000,0 days 00:00:26.728000,0 days 00:00:25.817000,0 days 00:28:06.266000,0 days 00:28:32.994000,0 days 00:28:58.811000,228.0,254.0,282.0,284.0,True,SOFT,2.0,True,McLaren,0 days 00:27:41.530000,,1,,False,,False,True
2021-02,FP2,0 days 00:30:32.930000,RIC,3,0 days 00:01:34.119000,9.0,2.0,,,0 days 00:00:29.393000,0 days 00:00:34.874000,0 days 00:00:29.852000,0 days 00:29:28.204000,0 days 00:30:03.078000,0 days 00:30:32.930000,190.0,186.0,280.0,271.0,False,SOFT,3.0,True,McLaren,0 days 00:28:58.811000,,1,,False,,False,True
2021-02,FP2,0 days 00:32:03.131000,RIC,3,0 days 00:01:30.201000,10.0,2.0,,0 days 00:31:58.758000,0 days 00:00:24.900000,0 days 00:00:29.126000,0 days 00:00:36.175000,0 days 00:30:57.830000,0 days 00:31:26.956000,0 days 00:32:03.131000,227.0,211.0,,208.0,False,SOFT,4.0,True,McLaren,0 days 00:30:32.930000,,1,,False,,False,False
2021-02,FP2,0 days 00:44:09.911000,RIC,3,,11.0,3.0,0 days 00:42:42.649000,,,0 days 00:00:30.201000,0 days 00:00:32.826000,,0 days 00:43:37.099000,0 days 00:44:10.294000,204.0,241.0,281.0,98.0,False,SOFT,2.0,False,McLaren,0 days 00:32:03.131000,,1,,False,,False,False
2021-02,FP2,0 days 00:45:26.693000,RIC,3,0 days 00:01:16.782000,12.0,3.0,,,0 days 00:00:24.378000,0 days 00:00:26.643000,0 days 00:00:25.761000,0 days 00:44:34.289000,0 days 00:45:00.932000,0 days 00:45:26.693000,229.0,255.0,283.0,285.0,False,SOFT,3.0,False,McLaren,0 days 00:44:09.911000,,1,,True,TRACK LIMITS AT TURN 9,False,True
2021-02,FP2,0 days 00:47:08.103000,RIC,3,0 days 00:01:41.410000,13.0,3.0,,,0 days 00:00:31.151000,0 days 00:00:36.818000,0 days 00:00:33.441000,0 days 00:45:57.844000,0 days 00:46:34.662000,0 days 00:47:08.103000,171.0,227.0,281.0,228.0,False,SOFT,4.0,False,McLaren,0 days 00:45:26.693000,,1,,False,,False,True
2021-02,FP2,0 days 00:48:32.060000,RIC,3,0 days 00:01:23.957000,14.0,3.0,,,0 days 00:00:24.545000,0 days 00:00:26.649000,0 days 00:00:32.763000,0 days 00:47:32.648000,0 days 00:47:59.297000,0 days 00:48:32.060000,229.0,254.0,193.0,281.0,False,SOFT,5.0,False,McLaren,0 days 00:47:08.103000,,1,,False,,False,True
2021-02,FP2,0 days 00:50:08.256000,RIC,3,0 days 00:01:36.196000,15.0,3.0,,0 days 00:50:03.895000,0 days 00:00:30.343000,0 days 00:00:31.588000,0 days 00:00:34.265000,0 days 00:49:02.403000,0 days 00:49:33.991000,0 days 00:50:08.256000,178.0,235.0,,267.0,False,SOFT,6.0,False,McLaren,0 days 00:48:32.060000,,1,,False,,False,False
2021-02,FP2,0 days 01:00:34.935000,RIC,3,,16.0,4.0,0 days 00:59:14.396000,,,0 days 00:00:28.586000,0 days 00:00:27.551000,,0 days 01:00:07.393000,0 days 01:00:36.004000,213.0,248.0,270.0,275.0,False,MEDIUM,1.0,True,McLaren,0 days 00:50:08.256000,,1,,False,,False,False
2021-02,FP2,0 days 01:01:56.133000,RIC,3,0 days 00:01:21.198000,17.0,4.0,,,0 days 00:00:26.060000,0 days 00:00:28.112000,0 days 00:00:27.026000,0 days 01:01:00.995000,0 days 01:01:29.107000,0 days 01:01:56.133000,216.0,245.0,270.0,271.0,False,MEDIUM,2.0,True,McLaren,0 days 01:00:34.935000,,1,,False,,False,True
2021-02,FP2,0 days 01:03:17.159000,RIC,3,0 days 00:01:21.026000,18.0,4.0,,,0 days 00:00:26.034000,0 days 00:00:28.042000,0 days 00:00:26.950000,0 days 01:02:22.167000,0 days 01:02:50.209000,0 days 01:03:17.159000,219.0,246.0,272.0,271.0,False,MEDIUM,3.0,True,McLaren,0 days 01:01:56.133000,,1,,False,,False,True
2021-02,FP2,0 days 01:04:37.647000,RIC,3,0 days 00:01:20.488000,19.0,4.0,,,0 days 00:00:25.927000,0 days 00:00:27.704000,0 days 00:00:26.857000,0 days 01:03:43.086000,0 days 01:04:10.790000,0 days 01:04:37.647000,217.0,250.0,273.0,271.0,False,MEDIUM,4.0,True,McLaren,0 days 01:03:17.159000,,1,,False,,False,True
2021-02,FP2,0 days 01:06:02.570000,RIC,3,0 days 00:01:24.923000,20.0,4.0,,0 days 01:05:58.160000,0 days 00:00:25.805000,0 days 00:00:27.836000,0 days 00:00:31.282000,0 days 01:05:03.452000,0 days 01:05:31.288000,0 days 01:06:02.570000,220.0,246.0,,272.0,False,MEDIUM,5.0,True,McLaren,0 days 01:04:37.647000,,1,,False,,False,False
2021-02,FP2,0 days 01:07:47.770000,RIC,3,0 days 00:01:45.200000,21.0,5.0,0 days 01:06:28.731000,,0 days 00:00:49.762000,0 days 00:00:28.332000,0 days 00:00:27.106000,0 days 01:06:52.332000,0 days 01:07:20.664000,0 days 01:07:47.770000,213.0,248.0,270.0,271.0,False,MEDIUM,7.0,False,McLaren,0 days 01:06:02.570000,,1,,False,,False,False
2021-02,FP2,0 days 01:09:08.773000,RIC,3,0 days 00:01:21.003000,22.0,5.0,,,0 days 00:00:26.118000,0 days 00:00:27.824000,0 days 00:00:27.061000,0 days 01:08:13.888000,0 days 01:08:41.712000,0 days 01:09:08.773000,218.0,247.0,274.0,272.0,False,MEDIUM,8.0,False,McLaren,0 days 01:07:47.770000,,1,,False,,False,True
2021-02,FP2,0 days 01:10:29.826000,RIC,3,0 days 00:01:21.053000,23.0,5.0,,,0 days 00:00:26.212000,0 days 00:00:28.033000,0 days 00:00:26.808000,0 days 01:09:34.985000,0 days 01:10:03.018000,0 days 01:10:29.826000,217.0,250.0,272.0,275.0,False,MEDIUM,9.0,False,McLaren,0 days 01:09:08.773000,,1,,False,,False,True
2021-02,FP2,0 days 01:12:08.435000,RIC,3,,24.0,5.0,,0 days 01:12:08.435000,0 days 00:00:25.814000,,,0 days 01:10:55.628000,,,220.0,,,,False,MEDIUM,10.0,False,McLaren,0 days 01:10:29.826000,,125,,False,,False,False
2021-02,FP2,0 days 00:19:07.229000,NOR,4,,1.0,1.0,0 days 00:17:32.787000,,,0 days 00:00:33.471000,0 days 00:00:31.750000,,0 days 00:18:35.537000,0 days 00:19:07.401000,201.0,234.0,285.0,166.0,False,HARD,1.0,True,McLaren,0 days 00:17:32.787000,,1,,False,,False,False
2021-02,FP2,0 days 00:20:49.239000,NOR,4,0 days 00:01:42.010000,2.0,1.0,,,0 days 00:00:28.633000,0 days 00:00:34.617000,0 days 00:00:38.760000,0 days 00:19:35.862000,0 days 00:20:10.479000,0 days 00:20:49.239000,204.0,105.0,278.0,210.0,True,HARD,2.0,True,McLaren,0 days 00:19:07.229000,,12,,False,,False,True
2021-02,FP2,0 days 00:22:06.868000,NOR,4,0 days 00:01:17.629000,3.0,1.0,,,0 days 00:00:24.842000,0 days 00:00:26.688000,0 days 00:00:26.099000,0 days 00:21:14.081000,0 days 00:21:40.769000,0 days 00:22:06.868000,227.0,256.0,284.0,288.0,True,HARD,3.0,True,McLaren,0 days 00:20:49.239000,,1,,False,,False,True
2021-02,FP2,0 days 00:24:06.613000,NOR,4,0 days 00:01:59.745000,4.0,1.0,,,0 days 00:00:33.936000,0 days 00:00:40.303000,0 days 00:00:45.506000,0 days 00:22:40.804000,0 days 00:23:21.107000,0 days 00:24:06.613000,160.0,221.0,280.0,235.0,False,HARD,4.0,True,McLaren,0 days 00:22:06.868000,,1,,False,,False,True
2021-02,FP2,0 days 00:25:41.482000,NOR,4,0 days 00:01:34.869000,5.0,1.0,,,0 days 00:00:24.634000,0 days 00:00:26.867000,0 days 00:00:43.368000,0 days 00:24:31.247000,0 days 00:24:58.114000,0 days 00:25:41.482000,228.0,254.0,213.0,181.0,False,HARD,5.0,True,McLaren,0 days 00:24:06.613000,,126,,True,TRACK LIMITS AT TURN 9,False,False
2021-02,FP2,0 days 00:27:19.892000,NOR,4,0 days 00:01:38.410000,6.0,1.0,,,0 days 00:00:36.386000,0 days 00:00:29.271000,0 days 00:00:32.753000,0 days 00:26:17.868000,0 days 00:26:47.139000,0 days 00:27:19.892000,202.0,243.0,281.0,270.0,False,HARD,6.0,True,McLaren,0 days 00:25:41.482000,,671,,False,,False,False
2021-02,FP2,0 days 00:28:37.292000,NOR,4,0 days 00:01:17.400000,7.0,1.0,,,0 days 00:00:24.626000,0 days 00:00:26.770000,0 days 00:00:26.004000,0 days 00:27:44.518000,0 days 00:28:11.288000,0 days 00:28:37.292000,229.0,255.0,282.0,281.0,True,HARD,7.0,True,McLaren,0 days 00:27:19.892000,,1,,False,,False,True
2021-02,FP2,0 days 00:30:05.833000,NOR,4,0 days 00:01:28.541000,8.0,1.0,,,0 days 00:00:26.869000,0 days 00:00:31.945000,0 days 00:00:29.727000,0 days 00:29:04.161000,0 days 00:29:36.106000,0 days 00:30:05.833000,211.0,232.0,280.0,270.0,False,HARD,8.0,True,McLaren,0 days 00:28:37.292000,,1,,False,,False,True
2021-02,FP2,0 days 00:31:27.881000,NOR,4,0 days 00:01:22.048000,9.0,1.0,,0 days 00:31:23.236000,0 days 00:00:24.444000,0 days 00:00:26.525000,0 days 00:00:31.079000,0 days 00:30:30.277000,0 days 00:30:56.802000,0 days 00:31:27.881000,233.0,255.0,,278.0,False,HARD,9.0,True,McLaren,0 days 00:30:05.833000,,1,,False,,False,False
2021-02,FP2,0 days 00:44:34.647000,NOR,4,,10.0,2.0,0 days 00:42:55.119000,,,0 days 00:00:32.218000,0 days 00:00:38.777000,,0 days 00:43:55.875000,0 days 00:44:34.838000,200.0,213.0,277.0,104.0,False,HARD,4.0,False,McLaren,0 days 00:31:27.881000,,1,,False,,False,False
2021-02,FP2,0 days 00:45:51.132000,NOR,4,0 days 00:01:16.485000,11.0,2.0,,,0 days 00:00:24.522000,0 days 00:00:26.408000,0 days 00:00:25.555000,0 days 00:44:59.169000,0 days 00:45:25.577000,0 days 00:45:51.132000,230.0,255.0,283.0,283.0,True,HARD,5.0,False,McLaren,0 days 00:44:34.647000,,1,,False,,False,True
2021-02,FP2,0 days 00:47:37.368000,NOR,4,0 days 00:01:46.236000,12.0,2.0,,,0 days 00:00:34.265000,0 days 00:00:39.251000,0 days 00:00:32.720000,0 days 00:46:25.397000,0 days 00:47:04.648000,0 days 00:47:37.368000,185.0,221.0,280.0,259.0,False,HARD,6.0,False,McLaren,0 days 00:45:51.132000,,1,,False,,False,True
2021-02,FP2,0 days 00:48:53.935000,NOR,4,0 days 00:01:16.567000,13.0,2.0,,,0 days 00:00:24.424000,0 days 00:00:26.448000,0 days 00:00:25.695000,0 days 00:48:01.792000,0 days 00:48:28.240000,0 days 00:48:53.935000,232.0,254.0,281.0,276.0,False,HARD,7.0,False,McLaren,0 days 00:47:37.368000,,1,,False,,False,True
2021-02,FP2,0 days 00:50:21.906000,NOR,4,0 days 00:01:27.971000,14.0,2.0,,0 days 00:50:18.621000,0 days 00:00:27.450000,0 days 00:00:28.459000,0 days 00:00:32.062000,0 days 00:49:21.385000,0 days 00:49:49.844000,0 days 00:50:21.906000,208.0,244.0,,236.0,False,HARD,8.0,False,McLaren,0 days 00:48:53.935000,,1,,False,,False,False
2021-02,FP2,0 days 01:00:44.124000,NOR,4,,15.0,3.0,0 days 00:59:24.090000,,,0 days 00:00:28.143000,0 days 00:00:27.118000,,0 days 01:00:17.029000,0 days 01:00:44.265000,218.0,251.0,270.0,277.0,False,SOFT,1.0,True,McLaren,0 days 00:50:21.906000,,1,,False,,False,False
2021-02,FP2,0 days 01:02:05.446000,NOR,4,0 days 00:01:21.322000,16.0,3.0,,,0 days 00:00:25.898000,0 days 00:00:28.338000,0 days 00:00:27.086000,0 days 01:01:10.022000,0 days 01:01:38.360000,0 days 01:02:05.446000,213.0,248.0,286.0,281.0,False,SOFT,2.0,True,McLaren,0 days 01:00:44.124000,,1,,False,,False,True
2021-02,FP2,0 days 01:03:26.789000,NOR,4,0 days 00:01:21.343000,17.0,3.0,,,0 days 00:00:25.344000,0 days 00:00:28.595000,0 days 00:00:27.404000,0 days 01:02:30.790000,0 days 01:02:59.385000,0 days 01:03:26.789000,216.0,251.0,285.0,290.0,False,SOFT,3.0,True,McLaren,0 days 01:02:05.446000,,1,,True,TRACK LIMITS AT TURN 9,False,True
2021-02,FP2,0 days 01:04:47.662000,NOR,4,0 days 00:01:20.873000,18.0,3.0,,,0 days 00:00:25.665000,0 days 00:00:28.042000,0 days 00:00:27.166000,0 days 01:03:52.454000,0 days 01:04:20.496000,0 days 01:04:47.662000,216.0,253.0,274.0,291.0,False,SOFT,4.0,True,McLaren,0 days 01:03:26.789000,,1,,False,,False,True
2021-02,FP2,0 days 01:06:08.218000,NOR,4,0 days 00:01:20.556000,19.0,3.0,,,0 days 00:00:25.730000,0 days 00:00:28.011000,0 days 00:00:26.815000,0 days 01:05:13.392000,0 days 01:05:41.403000,0 days 01:06:08.218000,211.0,243.0,272.0,270.0,False,SOFT,5.0,True,McLaren,0 days 01:04:47.662000,,1,,False,,False,True
2021-02,FP2,0 days 01:07:28.472000,NOR,4,0 days 00:01:20.254000,20.0,3.0,,,0 days 00:00:25.802000,0 days 00:00:27.739000,0 days 00:00:26.713000,0 days 01:06:34.020000,0 days 01:07:01.759000,0 days 01:07:28.472000,219.0,244.0,271.0,270.0,False,SOFT,6.0,True,McLaren,0 days 01:06:08.218000,,1,,False,,False,True
2021-02,FP2,0 days 01:08:49.025000,NOR,4,0 days 00:01:20.553000,21.0,3.0,,,0 days 00:00:25.715000,0 days 00:00:27.663000,0 days 00:00:27.175000,0 days 01:07:54.187000,0 days 01:08:21.850000,0 days 01:08:49.025000,220.0,246.0,273.0,271.0,False,SOFT,7.0,True,McLaren,0 days 01:07:28.472000,,1,,False,,False,True
2021-02,FP2,0 days 01:10:13.206000,NOR,4,0 days 00:01:24.181000,22.0,3.0,,0 days 01:10:08.741000,0 days 00:00:25.543000,0 days 00:00:27.450000,0 days 00:00:31.188000,0 days 01:09:14.568000,0 days 01:09:42.018000,0 days 01:10:13.206000,222.0,246.0,,275.0,False,SOFT,8.0,True,McLaren,0 days 01:08:49.025000,,1,,False,,False,False
2021-02,FP2,0 days 01:11:02.336000,NOR,4,,23.0,4.0,0 days 01:10:39.326000,0 days 01:12:16.329000,0 days 00:00:49.023000,0 days 00:00:27.450000,0 days 00:00:31.188000,0 days 01:11:02.426000,0 days 01:11:02.336000,0 days 01:11:02.336000,217.0,246.0,,275.0,False,SOFT,5.0,False,McLaren,0 days 01:10:13.206000,,12,,False,,False,False
2021-02,FP2,0 days 00:17:23.667000,VET,5,,1.0,1.0,0 days 00:15:49.160000,,,0 days 00:00:30.239000,0 days 00:00:37.951000,,0 days 00:16:45.772000,0 days 00:17:23.778000,206.0,244.0,279.0,170.0,False,HARD,1.0,True,Aston Martin,0 days 00:15:49.160000,,1,,False,,False,False
2021-02,FP2,0 days 00:18:44.325000,VET,5,0 days 00:01:20.658000,2.0,1.0,,,0 days 00:00:25.287000,0 days 00:00:27.307000,0 days 00:00:28.064000,0 days 00:17:48.954000,0 days 00:18:16.261000,0 days 00:18:44.325000,225.0,257.0,259.0,274.0,True,HARD,2.0,True,Aston Martin,0 days 00:17:23.667000,,1,,False,,False,True
2021-02,FP2,0 days 00:20:15.992000,VET,5,0 days 00:01:31.667000,3.0,1.0,,,0 days 00:00:30.089000,0 days 00:00:29.758000,0 days 00:00:31.820000,0 days 00:19:14.414000,0 days 00:19:44.172000,0 days 00:20:15.992000,200.0,246.0,282.0,241.0,False,HARD,3.0,True,Aston Martin,0 days 00:18:44.325000,,12,,False,,False,True
2021-02,FP2,0 days 00:21:34.049000,VET,5,0 days 00:01:18.057000,4.0,1.0,,,0 days 00:00:24.807000,0 days 00:00:26.866000,0 days 00:00:26.384000,0 days 00:20:40.799000,0 days 00:21:07.665000,0 days 00:21:34.049000,228.0,256.0,281.0,286.0,True,HARD,4.0,True,Aston Martin,0 days 00:20:15.992000,,1,,False,,False,True
2021-02,FP2,0 days 00:23:08.038000,VET,5,0 days 00:01:33.989000,5.0,1.0,,,0 days 00:00:28.789000,0 days 00:00:31.280000,0 days 00:00:33.920000,0 days 00:22:02.838000,0 days 00:22:34.118000,0 days 00:23:08.038000,192.0,235.0,280.0,251.0,False,HARD,5.0,True,Aston Martin,0 days 00:21:34.049000,,1,,False,,False,True
2021-02,FP2,0 days 00:24:25.864000,VET,5,0 days 00:01:17.826000,6.0,1.0,,,0 days 00:00:24.766000,0 days 00:00:27.005000,0 days 00:00:26.055000,0 days 00:23:32.804000,0 days 00:23:59.809000,0 days 00:24:25.864000,229.0,256.0,283.0,287.0,True,HARD,6.0,True,Aston Martin,0 days 00:23:08.038000,,1,,False,,False,True
2021-02,FP2,0 days 00:26:09.389000,VET,5,0 days 00:01:43.525000,7.0,1.0,,0 days 00:26:04.979000,0 days 00:00:27.575000,0 days 00:00:36.562000,0 days 00:00:39.388000,0 days 00:24:53.439000,0 days 00:25:30.001000,0 days 00:26:09.389000,204.0,155.0,,213.0,False,HARD,7.0,True,Aston Martin,0 days 00:24:25.864000,,1267,,False,,False,False
2021-02,FP2,0 days 00:35:26.876000,VET,5,,8.0,2.0,0 days 00:33:57.573000,,,0 days 00:00:28.866000,0 days 00:00:36.102000,,0 days 00:34:50.806000,0 days 00:35:29.012000,212.0,244.0,282.0,236.0,False,SOFT,1.0,True,Aston Martin,0 days 00:26:09.389000,,71,,False,,False,False
2021-02,FP2,0 days 00:36:43.968000,VET,5,0 days 00:01:17.092000,9.0,2.0,,,0 days 00:00:24.510000,0 days 00:00:26.683000,0 days 00:00:25.899000,0 days 00:35:51.386000,0 days 00:36:18.069000,0 days 00:36:43.968000,230.0,255.0,283.0,288.0,True,SOFT,2.0,True,Aston Martin,0 days 00:35:26.876000,,1,,False,,False,True
2021-02,FP2,0 days 00:38:28.420000,VET,5,0 days 00:01:44.452000,10.0,2.0,,,0 days 00:00:32.167000,0 days 00:00:36.378000,0 days 00:00:35.907000,0 days 00:37:16.135000,0 days 00:37:52.513000,0 days 00:38:28.420000,192.0,232.0,248.0,152.0,False,SOFT,3.0,True,Aston Martin,0 days 00:36:43.968000,,1,,False,,False,True
2021-02,FP2,0 days 00:40:04.939000,VET,5,0 days 00:01:36.519000,11.0,2.0,,,0 days 00:00:33.664000,0 days 00:00:33.358000,0 days 00:00:29.497000,0 days 00:39:02.084000,0 days 00:39:35.442000,0 days 00:40:04.939000,201.0,243.0,281.0,268.0,False,SOFT,4.0,True,Aston Martin,0 days 00:38:28.420000,,1,,False,,False,True
2021-02,FP2,0 days 00:41:22.748000,VET,5,0 days 00:01:17.809000,12.0,2.0,,,0 days 00:00:24.575000,0 days 00:00:27.298000,0 days 00:00:25.936000,0 days 00:40:29.514000,0 days 00:40:56.812000,0 days 00:41:22.748000,229.0,254.0,284.0,286.0,False,SOFT,5.0,True,Aston Martin,0 days 00:40:04.939000,,1,,True,TRACK LIMITS AT TURN 9,False,True
2021-02,FP2,0 days 00:43:00.502000,VET,5,0 days 00:01:37.754000,13.0,2.0,,0 days 00:42:56.110000,0 days 00:00:28.653000,0 days 00:00:33.078000,0 days 00:00:36.023000,0 days 00:41:51.401000,0 days 00:42:24.479000,0 days 00:43:00.502000,195.0,86.0,,256.0,False,SOFT,6.0,True,Aston Martin,0 days 00:41:22.748000,,1,,False,,False,False
2021-02,FP2,0 days 00:54:04.717000,VET,5,,14.0,3.0,0 days 00:52:44.792000,,,0 days 00:00:28.376000,0 days 00:00:27.157000,,0 days 00:53:37.589000,0 days 00:54:04.893000,214.0,249.0,270.0,274.0,False,MEDIUM,1.0,True,Aston Martin,0 days 00:43:00.502000,,1,,False,,False,False
2021-02,FP2,0 days 00:55:25.843000,VET,5,0 days 00:01:21.126000,15.0,3.0,,,0 days 00:00:26.110000,0 days 00:00:28.084000,0 days 00:00:26.932000,0 days 00:54:30.827000,0 days 00:54:58.911000,0 days 00:55:25.843000,213.0,244.0,271.0,272.0,False,MEDIUM,2.0,True,Aston Martin,0 days 00:54:04.717000,,1,,False,,False,True
2021-02,FP2,0 days 00:56:47.159000,VET,5,0 days 00:01:21.316000,16.0,3.0,,,0 days 00:00:26.076000,0 days 00:00:28.193000,0 days 00:00:27.047000,0 days 00:55:51.919000,0 days 00:56:20.112000,0 days 00:56:47.159000,216.0,249.0,271.0,281.0,False,MEDIUM,3.0,True,Aston Martin,0 days 00:55:25.843000,,1,,False,,False,True
2021-02,FP2,0 days 00:58:08.267000,VET,5,0 days 00:01:21.108000,17.0,3.0,,,0 days 00:00:26.114000,0 days 00:00:27.974000,0 days 00:00:27.020000,0 days 00:57:13.273000,0 days 00:57:41.247000,0 days 00:58:08.267000,215.0,247.0,275.0,278.0,False,MEDIUM,4.0,True,Aston Martin,0 days 00:56:47.159000,,1,,False,,False,True
2021-02,FP2,0 days 00:59:29.294000,VET,5,0 days 00:01:21.027000,18.0,3.0,,,0 days 00:00:26,0 days 00:00:28.015000,0 days 00:00:27.012000,0 days 00:58:34.267000,0 days 00:59:02.282000,0 days 00:59:29.294000,216.0,248.0,273.0,279.0,False,MEDIUM,5.0,True,Aston Martin,0 days 00:58:08.267000,,1,,False,,False,True
2021-02,FP2,0 days 01:00:49.872000,VET,5,0 days 00:01:20.578000,19.0,3.0,,,0 days 00:00:26.087000,0 days 00:00:27.658000,0 days 00:00:26.833000,0 days 00:59:55.381000,0 days 01:00:23.039000,0 days 01:00:49.872000,218.0,250.0,273.0,278.0,False,MEDIUM,6.0,True,Aston Martin,0 days 00:59:29.294000,,1,,False,,False,True
2021-02,FP2,0 days 01:02:10.603000,VET,5,0 days 00:01:20.731000,20.0,3.0,,,0 days 00:00:25.917000,0 days 00:00:27.838000,0 days 00:00:26.976000,0 days 01:01:15.789000,0 days 01:01:43.627000,0 days 01:02:10.603000,215.0,246.0,273.0,277.0,False,MEDIUM,7.0,True,Aston Martin,0 days 01:00:49.872000,,1,,True,TRACK LIMITS AT TURN 15,False,True
2021-02,FP2,0 days 01:03:31.050000,VET,5,0 days 00:01:20.447000,21.0,3.0,,,0 days 00:00:25.832000,0 days 00:00:27.836000,0 days 00:00:26.779000,0 days 01:02:36.435000,0 days 01:03:04.271000,0 days 01:03:31.050000,216.0,246.0,276.0,275.0,False,MEDIUM,8.0,True,Aston Martin,0 days 01:02:10.603000,,1,,False,,False,True
2021-02,FP2,0 days 01:04:52.418000,VET,5,0 days 00:01:21.368000,22.0,3.0,,,0 days 00:00:25.908000,0 days 00:00:28.032000,0 days 00:00:27.428000,0 days 01:03:56.958000,0 days 01:04:24.990000,0 days 01:04:52.418000,215.0,251.0,283.0,283.0,False,MEDIUM,9.0,True,Aston Martin,0 days 01:03:31.050000,,1,,False,,False,True
2021-02,FP2,0 days 01:06:12.900000,VET,5,0 days 00:01:20.482000,23.0,3.0,,,0 days 00:00:25.550000,0 days 00:00:27.935000,0 days 00:00:26.997000,0 days 01:05:17.968000,0 days 01:05:45.903000,0 days 01:06:12.900000,213.0,246.0,274.0,274.0,False,MEDIUM,10.0,True,Aston Martin,0 days 01:04:52.418000,,1,,False,,False,True
2021-02,FP2,0 days 01:07:33.836000,VET,5,0 days 00:01:20.936000,24.0,3.0,,,0 days 00:00:25.852000,0 days 00:00:27.855000,0 days 00:00:27.229000,0 days 01:06:38.752000,0 days 01:07:06.607000,0 days 01:07:33.836000,217.0,247.0,272.0,278.0,False,MEDIUM,11.0,True,Aston Martin,0 days 01:06:12.900000,,1,,False,,False,True
2021-02,FP2,0 days 01:09:05.553000,VET,5,0 days 00:01:31.717000,25.0,3.0,,,0 days 00:00:25.903000,0 days 00:00:36.421000,0 days 00:00:29.393000,0 days 01:07:59.739000,0 days 01:08:36.160000,0 days 01:09:05.553000,216.0,240.0,274.0,226.0,False,MEDIUM,12.0,True,Aston Martin,0 days 01:07:33.836000,,1,,False,,False,True
2021-02,FP2,0 days 01:10:38.649000,VET,5,0 days 00:01:33.096000,26.0,3.0,,0 days 01:10:34.860000,0 days 00:00:28.726000,0 days 00:00:30.634000,0 days 00:00:33.736000,0 days 01:09:34.279000,0 days 01:10:04.913000,0 days 01:10:38.649000,209.0,224.0,,277.0,False,MEDIUM,13.0,True,Aston Martin,0 days 01:09:05.553000,,1,,False,,False,False
2021-02,FP2,0 days 00:19:35.954000,LAT,6,,1.0,1.0,0 days 00:17:48.743000,,,0 days 00:00:36.021000,0 days 00:00:35.298000,,0 days 00:19:00.677000,0 days 00:19:35.997000,162.0,233.0,275.0,194.0,False,MEDIUM,1.0,True,Williams,0 days 00:17:48.743000,,1,,False,,False,False
2021-02,FP2,0 days 00:20:57.974000,LAT,6,0 days 00:01:22.020000,2.0,1.0,,,0 days 00:00:26.280000,0 days 00:00:28.107000,0 days 00:00:27.633000,0 days 00:20:02.234000,0 days 00:20:30.341000,0 days 00:20:57.974000,214.0,252.0,283.0,277.0,True,MEDIUM,2.0,True,Williams,0 days 00:19:35.954000,,12,,False,,False,True
2021-02,FP2,0 days 00:22:16.776000,LAT,6,0 days 00:01:18.802000,3.0,1.0,,,0 days 00:00:25.094000,0 days 00:00:27.309000,0 days 00:00:26.399000,0 days 00:21:23.068000,0 days 00:21:50.377000,0 days 00:22:16.776000,218.0,255.0,283.0,283.0,True,MEDIUM,3.0,True,Williams,0 days 00:20:57.974000,,1,,False,,False,True
2021-02,FP2,0 days 00:23:52.611000,LAT,6,0 days 00:01:35.835000,4.0,1.0,,,0 days 00:00:28.099000,0 days 00:00:30.533000,0 days 00:00:37.203000,0 days 00:22:44.875000,0 days 00:23:15.408000,0 days 00:23:52.611000,206.0,244.0,282.0,244.0,False,MEDIUM,4.0,True,Williams,0 days 00:22:16.776000,,1,,False,,False,True
2021-02,FP2,0 days 00:25:10.346000,LAT,6,0 days 00:01:17.735000,5.0,1.0,,,0 days 00:00:24.718000,0 days 00:00:26.919000,0 days 00:00:26.098000,0 days 00:24:17.329000,0 days 00:24:44.248000,0 days 00:25:10.346000,225.0,259.0,272.0,290.0,True,MEDIUM,5.0,True,Williams,0 days 00:23:52.611000,,126,,False,,False,False
2021-02,FP2,0 days 00:27:11.233000,LAT,6,0 days 00:02:00.887000,6.0,1.0,,0 days 00:27:06.876000,0 days 00:00:46.882000,0 days 00:00:36.110000,0 days 00:00:37.895000,0 days 00:25:57.228000,0 days 00:26:33.338000,0 days 00:27:11.233000,177.0,198.0,,222.0,False,MEDIUM,6.0,True,Williams,0 days 00:25:10.346000,,671,,False,,False,False
2021-02,FP2,0 days 00:32:52.628000,LAT,6,,7.0,2.0,0 days 00:31:22.476000,,,0 days 00:00:31.402000,0 days 00:00:30.705000,,0 days 00:32:21.946000,0 days 00:32:52.767000,206.0,223.0,282.0,273.0,False,SOFT,1.0,True,Williams,0 days 00:27:11.233000,,1,,False,,False,False
2021-02,FP2,0 days 00:34:10.376000,LAT,6,0 days 00:01:17.748000,8.0,2.0,,,0 days 00:00:24.771000,0 days 00:00:26.835000,0 days 00:00:26.142000,0 days 00:33:17.399000,0 days 00:33:44.234000,0 days 00:34:10.376000,223.0,258.0,282.0,284.0,False,SOFT,2.0,True,Williams,0 days 00:32:52.628000,,1,,False,,False,True
2021-02,FP2,0 days 00:35:57.643000,LAT,6,0 days 00:01:47.267000,9.0,2.0,,,0 days 00:00:34.197000,0 days 00:00:38.143000,0 days 00:00:34.927000,0 days 00:34:44.573000,0 days 00:35:22.716000,0 days 00:35:57.643000,189.0,213.0,281.0,183.0,False,SOFT,3.0,True,Williams,0 days 00:34:10.376000,,1,,False,,False,True
2021-02,FP2,0 days 00:37:14.466000,LAT,6,0 days 00:01:16.823000,10.0,2.0,,,0 days 00:00:24.441000,0 days 00:00:26.618000,0 days 00:00:25.764000,0 days 00:36:22.084000,0 days 00:36:48.702000,0 days 00:37:14.466000,225.0,260.0,289.0,288.0,True,SOFT,4.0,True,Williams,0 days 00:35:57.643000,,1,,False,,False,True
2021-02,FP2,0 days 00:39:03.057000,LAT,6,0 days 00:01:48.591000,11.0,2.0,,,0 days 00:00:36.854000,0 days 00:00:36.349000,0 days 00:00:35.388000,0 days 00:37:51.320000,0 days 00:38:27.669000,0 days 00:39:03.057000,178.0,230.0,284.0,199.0,False,SOFT,5.0,True,Williams,0 days 00:37:14.466000,,1,,False,,False,True
2021-02,FP2,0 days 00:40:20.601000,LAT,6,0 days 00:01:17.544000,12.0,2.0,,,0 days 00:00:24.457000,0 days 00:00:26.931000,0 days 00:00:26.156000,0 days 00:39:27.514000,0 days 00:39:54.445000,0 days 00:40:20.601000,227.0,257.0,280.0,285.0,False,SOFT,6.0,True,Williams,0 days 00:39:03.057000,,1,,False,,False,True
2021-02,FP2,0 days 00:42:02.150000,LAT,6,0 days 00:01:41.549000,13.0,2.0,,0 days 00:41:57.775000,0 days 00:00:31.607000,0 days 00:00:33.206000,0 days 00:00:36.736000,0 days 00:40:52.208000,0 days 00:41:25.414000,0 days 00:42:02.150000,191.0,198.0,,259.0,False,SOFT,7.0,True,Williams,0 days 00:40:20.601000,,1,,False,,False,False
2021-02,FP2,0 days 00:50:42.491000,LAT,6,,14.0,3.0,0 days 00:49:03.482000,0 days 00:50:38.116000,,0 days 00:00:32.699000,0 days 00:00:37.249000,,0 days 00:50:05.263000,0 days 00:50:42.650000,188.0,241.0,,210.0,False,HARD,1.0,True,Williams,0 days 00:42:02.150000,,1,,False,,False,False
2021-02,FP2,0 days 00:52:34.996000,LAT,6,0 days 00:01:52.505000,15.0,4.0,0 days 00:51:13.257000,,0 days 00:00:55.047000,0 days 00:00:29.488000,0 days 00:00:27.970000,0 days 00:51:37.538000,0 days 00:52:07.026000,0 days 00:52:34.996000,207.0,249.0,272.0,278.0,False,SOFT,1.0,True,Williams,0 days 00:50:42.491000,,1,,False,,False,False
2021-02,FP2,0 days 00:54:01.941000,LAT,6,0 days 00:01:26.945000,16.0,4.0,,0 days 00:53:57.583000,0 days 00:00:26.505000,0 days 00:00:28.745000,0 days 00:00:31.695000,0 days 00:53:01.501000,0 days 00:53:30.246000,0 days 00:54:01.941000,206.0,250.0,,278.0,False,SOFT,2.0,True,Williams,0 days 00:52:34.996000,,1,,False,,False,False
2021-02,FP2,0 days 00:55:53.798000,LAT,6,0 days 00:01:51.857000,17.0,5.0,0 days 00:54:34.317000,,0 days 00:00:56.175000,0 days 00:00:28.600000,0 days 00:00:27.082000,0 days 00:54:58.116000,0 days 00:55:26.716000,0 days 00:55:53.798000,213.0,252.0,276.0,281.0,False,HARD,7.0,False,Williams,0 days 00:54:01.941000,,1,,False,,False,False
2021-02,FP2,0 days 00:57:14.764000,LAT,6,0 days 00:01:20.966000,18.0,5.0,,,0 days 00:00:25.865000,0 days 00:00:28.044000,0 days 00:00:27.057000,0 days 00:56:19.663000,0 days 00:56:47.707000,0 days 00:57:14.764000,212.0,248.0,275.0,280.0,False,HARD,8.0,False,Williams,0 days 00:55:53.798000,,1,,False,,False,True
2021-02,FP2,0 days 00:58:36.414000,LAT,6,0 days 00:01:21.650000,19.0,5.0,,,0 days 00:00:25.827000,0 days 00:00:28.685000,0 days 00:00:27.138000,0 days 00:57:40.591000,0 days 00:58:09.276000,0 days 00:58:36.414000,215.0,251.0,276.0,285.0,False,HARD,9.0,False,Williams,0 days 00:57:14.764000,,1,,False,,False,True
2021-02,FP2,0 days 00:59:57.035000,LAT,6,0 days 00:01:20.621000,20.0,5.0,,,0 days 00:00:25.707000,0 days 00:00:27.978000,0 days 00:00:26.936000,0 days 00:59:02.121000,0 days 00:59:30.099000,0 days 00:59:57.035000,215.0,251.0,278.0,285.0,False,HARD,10.0,False,Williams,0 days 00:58:36.414000,,1,,False,,False,True
2021-02,FP2,0 days 01:01:17.433000,LAT,6,0 days 00:01:20.398000,21.0,5.0,,,0 days 00:00:25.526000,0 days 00:00:27.874000,0 days 00:00:26.998000,0 days 01:00:22.561000,0 days 01:00:50.435000,0 days 01:01:17.433000,218.0,254.0,276.0,286.0,False,HARD,11.0,False,Williams,0 days 00:59:57.035000,,1,,False,,False,True
2021-02,FP2,0 days 01:02:38.210000,LAT,6,0 days 00:01:20.777000,22.0,5.0,,,0 days 00:00:25.827000,0 days 00:00:27.924000,0 days 00:00:27.026000,0 days 01:01:43.260000,0 days 01:02:11.184000,0 days 01:02:38.210000,218.0,255.0,278.0,285.0,False,HARD,12.0,False,Williams,0 days 01:01:17.433000,,1,,False,,False,True
2021-02,FP2,0 days 01:03:58.925000,LAT,6,0 days 00:01:20.715000,23.0,5.0,,,0 days 00:00:25.757000,0 days 00:00:27.824000,0 days 00:00:27.134000,0 days 01:03:03.967000,0 days 01:03:31.791000,0 days 01:03:58.925000,217.0,252.0,278.0,280.0,False,HARD,13.0,False,Williams,0 days 01:02:38.210000,,1,,False,,False,True
2021-02,FP2,0 days 01:05:19.738000,LAT,6,0 days 00:01:20.813000,24.0,5.0,,,0 days 00:00:25.893000,0 days 00:00:27.946000,0 days 00:00:26.974000,0 days 01:04:24.818000,0 days 01:04:52.764000,0 days 01:05:19.738000,218.0,254.0,279.0,281.0,False,HARD,14.0,False,Williams,0 days 01:03:58.925000,,1,,False,,False,True
2021-02,FP2,0 days 01:06:40.373000,LAT,6,0 days 00:01:20.635000,25.0,5.0,,,0 days 00:00:25.688000,0 days 00:00:28.055000,0 days 00:00:26.892000,0 days 01:05:45.426000,0 days 01:06:13.481000,0 days 01:06:40.373000,217.0,253.0,278.0,281.0,False,HARD,15.0,False,Williams,0 days 01:05:19.738000,,1,,False,,False,True
2021-02,FP2,0 days 01:08:01.089000,LAT,6,0 days 00:01:20.716000,26.0,5.0,,,0 days 00:00:25.810000,0 days 00:00:27.966000,0 days 00:00:26.940000,0 days 01:07:06.183000,0 days 01:07:34.149000,0 days 01:08:01.089000,215.0,252.0,277.0,280.0,False,HARD,16.0,False,Williams,0 days 01:06:40.373000,,1,,False,,False,True
2021-02,FP2,0 days 01:09:21.744000,LAT,6,0 days 00:01:20.655000,27.0,5.0,,,0 days 00:00:25.862000,0 days 00:00:27.890000,0 days 00:00:26.903000,0 days 01:08:26.951000,0 days 01:08:54.841000,0 days 01:09:21.744000,217.0,254.0,280.0,279.0,False,HARD,17.0,False,Williams,0 days 01:08:01.089000,,1,,False,,False,True
2021-02,FP2,0 days 01:10:42.213000,LAT,6,0 days 00:01:20.469000,28.0,5.0,,,0 days 00:00:25.730000,0 days 00:00:27.749000,0 days 00:00:26.990000,0 days 01:09:47.474000,0 days 01:10:15.223000,0 days 01:10:42.213000,221.0,256.0,278.0,284.0,False,HARD,18.0,False,Williams,0 days 01:09:21.744000,,1,,False,,False,True
2021-02,FP2,0 days 01:12:30.417000,LAT,6,,29.0,5.0,,0 days 01:12:30.417000,0 days 00:00:25.828000,,,0 days 01:11:08.020000,,,218.0,,,,False,HARD,19.0,False,Williams,0 days 01:10:42.213000,,125,,False,,False,False
2021-02,FP2,0 days 00:16:44.967000,RAI,7,,1.0,1.0,0 days 00:15:13.637000,,,0 days 00:00:31.260000,0 days 00:00:31.672000,,0 days 00:16:13.362000,0 days 00:16:45.165000,199.0,233.0,277.0,259.0,False,MEDIUM,1.0,True,Alfa Romeo Racing,0 days 00:15:13.637000,,1,,False,,False,False
2021-02,FP2,0 days 00:18:05.085000,RAI,7,0 days 00:01:20.118000,2.0,1.0,,,0 days 00:00:25.966000,0 days 00:00:27.693000,0 days 00:00:26.459000,0 days 00:17:10.933000,0 days 00:17:38.626000,0 days 00:18:05.085000,219.0,253.0,285.0,284.0,True,MEDIUM,2.0,True,Alfa Romeo Racing,0 days 00:16:44.967000,,1,,False,,False,True
2021-02,FP2,0 days 00:19:31.549000,RAI,7,0 days 00:01:26.464000,3.0,1.0,,,0 days 00:00:27.055000,0 days 00:00:29.935000,0 days 00:00:29.474000,0 days 00:18:32.140000,0 days 00:19:02.075000,0 days 00:19:31.549000,203.0,230.0,280.0,262.0,False,MEDIUM,3.0,True,Alfa Romeo Racing,0 days 00:18:05.085000,,1,,False,,False,True
2021-02,FP2,0 days 00:20:49.786000,RAI,7,0 days 00:01:18.237000,4.0,1.0,,,0 days 00:00:24.782000,0 days 00:00:27.176000,0 days 00:00:26.279000,0 days 00:19:56.331000,0 days 00:20:23.507000,0 days 00:20:49.786000,222.0,256.0,288.0,284.0,True,MEDIUM,4.0,True,Alfa Romeo Racing,0 days 00:19:31.549000,,12,,False,,False,True
2021-02,FP2,0 days 00:22:33.382000,RAI,7,0 days 00:01:43.596000,5.0,1.0,,,0 days 00:00:32.598000,0 days 00:00:40.455000,0 days 00:00:30.543000,0 days 00:21:22.384000,0 days 00:22:02.839000,0 days 00:22:33.382000,100.0,230.0,280.0,259.0,False,MEDIUM,5.0,True,Alfa Romeo Racing,0 days 00:20:49.786000,,1,,False,,False,True
2021-02,FP2,0 days 00:23:51.227000,RAI,7,0 days 00:01:17.845000,6.0,1.0,,,0 days 00:00:24.713000,0 days 00:00:26.950000,0 days 00:00:26.182000,0 days 00:22:58.095000,0 days 00:23:25.045000,0 days 00:23:51.227000,223.0,255.0,281.0,288.0,True,MEDIUM,6.0,True,Alfa Romeo Racing,0 days 00:22:33.382000,,1,,False,,False,True
2021-02,FP2,0 days 00:25:53.858000,RAI,7,0 days 00:02:02.631000,7.0,1.0,,0 days 00:25:53.131000,0 days 00:00:33.466000,0 days 00:00:42.799000,0 days 00:00:46.366000,0 days 00:24:24.693000,0 days 00:25:07.492000,0 days 00:25:53.858000,81.0,190.0,,201.0,False,MEDIUM,7.0,True,Alfa Romeo Racing,0 days 00:23:51.227000,,126,,False,,False,False
2021-02,FP2,0 days 00:27:59.802000,RAI,7,0 days 00:02:05.944000,8.0,2.0,0 days 00:26:35.810000,,0 days 00:01:07.245000,0 days 00:00:29.238000,0 days 00:00:29.461000,0 days 00:27:01.103000,0 days 00:27:30.341000,0 days 00:27:59.802000,204.0,236.0,280.0,262.0,False,SOFT,1.0,True,Alfa Romeo Racing,0 days 00:25:53.858000,,671,,False,,False,False
2021-02,FP2,0 days 00:29:25.115000,RAI,7,0 days 00:01:25.313000,9.0,2.0,,,0 days 00:00:26.534000,0 days 00:00:29.488000,0 days 00:00:29.291000,0 days 00:28:26.336000,0 days 00:28:55.824000,0 days 00:29:25.115000,202.0,235.0,278.0,262.0,False,SOFT,2.0,True,Alfa Romeo Racing,0 days 00:27:59.802000,,1,,False,,False,True
2021-02,FP2,0 days 00:30:52,RAI,7,0 days 00:01:26.885000,10.0,2.0,,0 days 00:30:48.563000,0 days 00:00:24.966000,0 days 00:00:28.693000,0 days 00:00:33.226000,0 days 00:29:50.081000,0 days 00:30:18.774000,0 days 00:30:52,223.0,230.0,,259.0,False,SOFT,3.0,True,Alfa Romeo Racing,0 days 00:29:25.115000,,1,,False,,False,False
2021-02,FP2,0 days 00:39:39.633000,RAI,7,,11.0,3.0,0 days 00:38:10.597000,,,0 days 00:00:32.853000,0 days 00:00:31.128000,,0 days 00:39:08.563000,0 days 00:39:40.847000,205.0,236.0,280.0,258.0,False,SOFT,7.0,False,Alfa Romeo Racing,0 days 00:30:52,,1,,False,,False,False
2021-02,FP2,0 days 00:40:56.906000,RAI,7,0 days 00:01:17.273000,12.0,3.0,,,0 days 00:00:24.560000,0 days 00:00:26.846000,0 days 00:00:25.867000,0 days 00:40:04.193000,0 days 00:40:31.039000,0 days 00:40:56.906000,225.0,254.0,280.0,282.0,True,SOFT,8.0,False,Alfa Romeo Racing,0 days 00:39:39.633000,,1,,False,,False,True
2021-02,FP2,0 days 00:42:48.852000,RAI,7,0 days 00:01:51.946000,13.0,3.0,,,0 days 00:00:36.628000,0 days 00:00:42.612000,0 days 00:00:32.706000,0 days 00:41:33.534000,0 days 00:42:16.146000,0 days 00:42:48.852000,151.0,195.0,279.0,255.0,False,SOFT,9.0,False,Alfa Romeo Racing,0 days 00:40:56.906000,,1,,False,,False,True
2021-02,FP2,0 days 00:44:26.987000,RAI,7,0 days 00:01:38.135000,14.0,3.0,,,0 days 00:00:27.027000,0 days 00:00:35.975000,0 days 00:00:35.133000,0 days 00:43:15.879000,0 days 00:43:51.854000,0 days 00:44:26.987000,178.0,190.0,280.0,188.0,False,SOFT,10.0,False,Alfa Romeo Racing,0 days 00:42:48.852000,,1,,False,,False,True
2021-02,FP2,0 days 00:45:44.264000,RAI,7,0 days 00:01:17.277000,15.0,3.0,,,0 days 00:00:24.537000,0 days 00:00:26.922000,0 days 00:00:25.818000,0 days 00:44:51.524000,0 days 00:45:18.446000,0 days 00:45:44.264000,226.0,254.0,281.0,285.0,False,SOFT,11.0,False,Alfa Romeo Racing,0 days 00:44:26.987000,,1,,False,,False,True
2021-02,FP2,0 days 00:47:27.299000,RAI,7,0 days 00:01:43.035000,16.0,3.0,,0 days 00:47:22.932000,0 days 00:00:34.328000,0 days 00:00:32.239000,0 days 00:00:36.468000,0 days 00:46:18.592000,0 days 00:46:50.831000,0 days 00:47:27.299000,175.0,224.0,,254.0,False,SOFT,12.0,False,Alfa Romeo Racing,0 days 00:45:44.264000,,1,,False,,False,False
2021-02,FP2,0 days 00:58:03.673000,RAI,7,,17.0,4.0,0 days 00:56:41.220000,,,0 days 00:00:29.713000,0 days 00:00:28.349000,,0 days 00:57:35.330000,0 days 00:58:03.834000,203.0,233.0,270.0,241.0,False,HARD,1.0,True,Alfa Romeo Racing,0 days 00:47:27.299000,,1,,False,,False,False
2021-02,FP2,0 days 00:59:24.570000,RAI,7,0 days 00:01:20.897000,18.0,4.0,,,0 days 00:00:26.022000,0 days 00:00:28.017000,0 days 00:00:26.858000,0 days 00:58:29.695000,0 days 00:58:57.712000,0 days 00:59:24.570000,212.0,248.0,270.0,281.0,False,HARD,2.0,True,Alfa Romeo Racing,0 days 00:58:03.673000,,1,,False,,False,True
2021-02,FP2,0 days 01:00:45.291000,RAI,7,0 days 00:01:20.721000,19.0,4.0,,,0 days 00:00:25.971000,0 days 00:00:27.960000,0 days 00:00:26.790000,0 days 00:59:50.541000,0 days 01:00:18.501000,0 days 01:00:45.291000,216.0,250.0,273.0,283.0,False,HARD,3.0,True,Alfa Romeo Racing,0 days 00:59:24.570000,,1,,False,,False,True
2021-02,FP2,0 days 01:02:06.492000,RAI,7,0 days 00:01:21.201000,20.0,4.0,,,0 days 00:00:25.969000,0 days 00:00:28.037000,0 days 00:00:27.195000,0 days 01:01:11.260000,0 days 01:01:39.297000,0 days 01:02:06.492000,215.0,251.0,281.0,284.0,False,HARD,4.0,True,Alfa Romeo Racing,0 days 01:00:45.291000,,1,,False,,False,True
2021-02,FP2,0 days 01:03:27.595000,RAI,7,0 days 00:01:21.103000,21.0,4.0,,,0 days 00:00:25.375000,0 days 00:00:28.231000,0 days 00:00:27.497000,0 days 01:02:31.867000,0 days 01:03:00.098000,0 days 01:03:27.595000,219.0,253.0,281.0,286.0,False,HARD,5.0,True,Alfa Romeo Racing,0 days 01:02:06.492000,,1,,False,,False,True
2021-02,FP2,0 days 01:04:48.913000,RAI,7,0 days 00:01:21.318000,22.0,4.0,,,0 days 00:00:25.707000,0 days 00:00:28.272000,0 days 00:00:27.339000,0 days 01:03:53.302000,0 days 01:04:21.574000,0 days 01:04:48.913000,215.0,253.0,283.0,285.0,False,HARD,6.0,True,Alfa Romeo Racing,0 days 01:03:27.595000,,1,,False,,False,True
2021-02,FP2,0 days 01:06:10.901000,RAI,7,0 days 00:01:21.988000,23.0,4.0,,,0 days 00:00:26.034000,0 days 00:00:28.684000,0 days 00:00:27.270000,0 days 01:05:14.947000,0 days 01:05:43.631000,0 days 01:06:10.901000,217.0,251.0,283.0,290.0,False,HARD,7.0,True,Alfa Romeo Racing,0 days 01:04:48.913000,,1,,False,,False,True
2021-02,FP2,0 days 01:07:32.672000,RAI,7,0 days 00:01:21.771000,24.0,4.0,,,0 days 00:00:25.954000,0 days 00:00:28.709000,0 days 00:00:27.108000,0 days 01:06:36.855000,0 days 01:07:05.564000,0 days 01:07:32.672000,216.0,251.0,273.0,284.0,False,HARD,8.0,True,Alfa Romeo Racing,0 days 01:06:10.901000,,1,,False,,False,True
2021-02,FP2,0 days 01:08:53.809000,RAI,7,0 days 00:01:21.137000,25.0,4.0,,,0 days 00:00:25.869000,0 days 00:00:27.909000,0 days 00:00:27.359000,0 days 01:07:58.541000,0 days 01:08:26.450000,0 days 01:08:53.809000,216.0,251.0,283.0,283.0,False,HARD,9.0,True,Alfa Romeo Racing,0 days 01:07:32.672000,,1,,True,TRACK LIMITS AT TURN 15,False,True
2021-02,FP2,0 days 01:10:17.863000,RAI,7,0 days 00:01:24.054000,26.0,4.0,,,0 days 00:00:26.080000,0 days 00:00:28.417000,0 days 00:00:29.557000,0 days 01:09:19.889000,0 days 01:09:48.306000,0 days 01:10:17.863000,209.0,251.0,274.0,211.0,False,HARD,10.0,True,Alfa Romeo Racing,0 days 01:08:53.809000,,1,,False,,False,True
2021-02,FP2,0 days 01:11:55.748000,RAI,7,,27.0,4.0,,0 days 01:11:55.748000,0 days 00:00:25.644000,0 days 00:00:28.119000,,0 days 01:10:43.521000,0 days 01:11:12.085000,,215.0,248.0,,,False,HARD,11.0,True,Alfa Romeo Racing,0 days 01:10:17.863000,,125,,False,,False,False
2021-02,FP2,0 days 00:37:13.581000,MAZ,9,,1.0,1.0,0 days 00:35:34.766000,,,0 days 00:00:35.527000,0 days 00:00:31.257000,,0 days 00:36:42.346000,0 days 00:37:13.705000,174.0,224.0,278.0,262.0,False,MEDIUM,1.0,True,Haas F1 Team,0 days 00:35:34.766000,,1,,False,,False,False
2021-02,FP2,0 days 00:38:34.926000,MAZ,9,0 days 00:01:21.345000,2.0,1.0,,,0 days 00:00:25.971000,0 days 00:00:28.340000,0 days 00:00:27.034000,0 days 00:37:39.552000,0 days 00:38:07.892000,0 days 00:38:34.926000,218.0,252.0,283.0,280.0,True,MEDIUM,2.0,True,Haas F1 Team,0 days 00:37:13.581000,,1,,False,,False,True
2021-02,FP2,0 days 00:39:55.084000,MAZ,9,0 days 00:01:20.158000,3.0,1.0,,,0 days 00:00:25.323000,0 days 00:00:27.810000,0 days 00:00:27.025000,0 days 00:39:00.249000,0 days 00:39:28.059000,0 days 00:39:55.084000,219.0,252.0,280.0,279.0,True,MEDIUM,3.0,True,Haas F1 Team,0 days 00:38:34.926000,,1,,False,,False,True
2021-02,FP2,0 days 00:41:54.078000,MAZ,9,0 days 00:01:58.994000,4.0,1.0,,0 days 00:41:49.543000,0 days 00:00:33.740000,0 days 00:00:39.381000,0 days 00:00:45.873000,0 days 00:40:28.824000,0 days 00:41:08.205000,0 days 00:41:54.078000,155.0,190.0,,89.0,False,MEDIUM,4.0,True,Haas F1 Team,0 days 00:39:55.084000,,1,,False,,False,False
2021-02,FP2,0 days 00:47:48.736000,MAZ,9,,5.0,2.0,0 days 00:46:09.073000,,,0 days 00:00:34.326000,0 days 00:00:35.924000,,0 days 00:47:12.823000,0 days 00:47:50.084000,186.0,231.0,278.0,120.0,False,SOFT,1.0,True,Haas F1 Team,0 days 00:41:54.078000,,1,,False,,False,False
2021-02,FP2,0 days 00:49:08.045000,MAZ,9,0 days 00:01:19.309000,6.0,2.0,,,0 days 00:00:25.331000,0 days 00:00:27.640000,0 days 00:00:26.338000,0 days 00:48:14.067000,0 days 00:48:41.707000,0 days 00:49:08.045000,219.0,253.0,283.0,285.0,True,SOFT,2.0,True,Haas F1 Team,0 days 00:47:48.736000,,1,,False,,False,True
2021-02,FP2,0 days 00:50:58.445000,MAZ,9,0 days 00:01:50.400000,7.0,2.0,,,0 days 00:00:35.171000,0 days 00:00:41.499000,0 days 00:00:33.730000,0 days 00:49:43.216000,0 days 00:50:24.715000,0 days 00:50:58.445000,156.0,156.0,281.0,190.0,False,SOFT,3.0,True,Haas F1 Team,0 days 00:49:08.045000,,1,,False,,False,True
2021-02,FP2,0 days 00:52:16.473000,MAZ,9,0 days 00:01:18.028000,8.0,2.0,,,0 days 00:00:24.838000,0 days 00:00:27.053000,0 days 00:00:26.137000,0 days 00:51:23.283000,0 days 00:51:50.336000,0 days 00:52:16.473000,225.0,253.0,282.0,286.0,True,SOFT,4.0,True,Haas F1 Team,0 days 00:50:58.445000,,1,,False,,False,True
2021-02,FP2,0 days 00:54:15.672000,MAZ,9,0 days 00:01:59.199000,9.0,2.0,,,0 days 00:00:37.110000,0 days 00:00:43.339000,0 days 00:00:38.750000,0 days 00:52:53.583000,0 days 00:53:36.922000,0 days 00:54:15.672000,135.0,202.0,280.0,135.0,False,SOFT,5.0,True,Haas F1 Team,0 days 00:52:16.473000,,1,,False,,False,True
2021-02,FP2,0 days 00:55:49.245000,MAZ,9,0 days 00:01:33.573000,10.0,2.0,,,0 days 00:00:31.113000,0 days 00:00:33.704000,0 days 00:00:28.756000,0 days 00:54:46.785000,0 days 00:55:20.489000,0 days 00:55:49.245000,183.0,236.0,282.0,267.0,False,SOFT,6.0,True,Haas F1 Team,0 days 00:54:15.672000,,1,,False,,False,True
2021-02,FP2,0 days 00:57:07.102000,MAZ,9,0 days 00:01:17.857000,11.0,2.0,,,0 days 00:00:24.693000,0 days 00:00:27.118000,0 days 00:00:26.046000,0 days 00:56:13.938000,0 days 00:56:41.056000,0 days 00:57:07.102000,223.0,257.0,283.0,289.0,True,SOFT,7.0,True,Haas F1 Team,0 days 00:55:49.245000,,1,,False,,False,True
2021-02,FP2,0 days 00:58:45.252000,MAZ,9,0 days 00:01:38.150000,12.0,2.0,,0 days 00:58:41.034000,0 days 00:00:31.037000,0 days 00:00:33.265000,0 days 00:00:33.848000,0 days 00:57:38.139000,0 days 00:58:11.404000,0 days 00:58:45.252000,187.0,231.0,,268.0,False,SOFT,8.0,True,Haas F1 Team,0 days 00:57:07.102000,,1,,False,,False,False
2021-02,FP2,0 days 01:07:21.069000,MAZ,9,,13.0,3.0,0 days 01:05:40.121000,,,0 days 00:00:38.528000,0 days 00:00:31.735000,,0 days 01:06:49.334000,0 days 01:07:21.199000,130.0,235.0,267.0,185.0,False,SOFT,3.0,False,Haas F1 Team,0 days 00:58:45.252000,,1,,False,,False,False
2021-02,FP2,0 days 01:08:53.243000,MAZ,9,0 days 00:01:32.174000,14.0,3.0,,,0 days 00:00:27.820000,0 days 00:00:32.341000,0 days 00:00:32.013000,0 days 01:07:48.889000,0 days 01:08:21.230000,0 days 01:08:53.243000,208.0,244.0,269.0,262.0,False,SOFT,4.0,False,Haas F1 Team,0 days 01:07:21.069000,,1,,False,,False,True
2021-02,FP2,0 days 01:10:24.420000,MAZ,9,0 days 00:01:31.177000,15.0,3.0,,,0 days 00:00:28.998000,0 days 00:00:31.244000,0 days 00:00:30.935000,0 days 01:09:22.241000,0 days 01:09:53.485000,0 days 01:10:24.420000,205.0,195.0,271.0,219.0,False,SOFT,5.0,False,Haas F1 Team,0 days 01:08:53.243000,,1,,False,,False,True
2021-02,FP2,0 days 01:12:06.887000,MAZ,9,,16.0,3.0,,0 days 01:12:06.887000,0 days 00:00:26.973000,,,0 days 01:10:51.498000,,,211.0,,,,False,SOFT,6.0,False,Haas F1 Team,0 days 01:10:24.420000,,125,,False,,False,False
2021-02,FP2,0 days 00:19:48.632000,GAS,10,,1.0,1.0,0 days 00:18:20.750000,,,0 days 00:00:29.868000,0 days 00:00:29.082000,,0 days 00:19:19.580000,0 days 00:19:48.765000,199.0,233.0,282.0,257.0,False,HARD,1.0,True,AlphaTauri,0 days 00:18:20.750000,,12,,False,,False,False
2021-02,FP2,0 days 00:21:06.455000,GAS,10,0 days 00:01:17.823000,2.0,1.0,,,0 days 00:00:25,0 days 00:00:26.732000,0 days 00:00:26.091000,0 days 00:20:13.632000,0 days 00:20:40.364000,0 days 00:21:06.455000,223.0,256.0,286.0,287.0,True,HARD,2.0,True,AlphaTauri,0 days 00:19:48.632000,,1,,False,,False,True
2021-02,FP2,0 days 00:22:46.426000,GAS,10,0 days 00:01:39.971000,3.0,1.0,,,0 days 00:00:30.043000,0 days 00:00:36.308000,0 days 00:00:33.620000,0 days 00:21:36.498000,0 days 00:22:12.806000,0 days 00:22:46.426000,151.0,233.0,286.0,241.0,False,HARD,3.0,True,AlphaTauri,0 days 00:21:06.455000,,1,,False,,False,True
2021-02,FP2,0 days 00:24:22.111000,GAS,10,0 days 00:01:35.685000,4.0,1.0,,,0 days 00:00:26.069000,0 days 00:00:38.312000,0 days 00:00:31.304000,0 days 00:23:12.495000,0 days 00:23:50.807000,0 days 00:24:22.111000,178.0,155.0,287.0,266.0,False,HARD,4.0,True,AlphaTauri,0 days 00:22:46.426000,,1,,False,,False,True
2021-02,FP2,0 days 00:25:56.083000,GAS,10,0 days 00:01:33.972000,5.0,1.0,,,0 days 00:00:24.347000,0 days 00:00:31.198000,0 days 00:00:38.427000,0 days 00:24:46.458000,0 days 00:25:17.656000,0 days 00:25:56.083000,229.0,95.0,240.0,212.0,False,HARD,5.0,True,AlphaTauri,0 days 00:24:22.111000,,126,,False,,False,False
2021-02,FP2,0 days 00:27:26.305000,GAS,10,0 days 00:01:30.222000,6.0,1.0,,,0 days 00:00:30.484000,0 days 00:00:31.499000,0 days 00:00:28.239000,0 days 00:26:26.567000,0 days 00:26:58.066000,0 days 00:27:26.305000,203.0,242.0,287.0,264.0,False,HARD,6.0,True,AlphaTauri,0 days 00:25:56.083000,,671,,False,,False,False
2021-02,FP2,0 days 00:28:42.422000,GAS,10,0 days 00:01:16.117000,7.0,1.0,,,0 days 00:00:24.276000,0 days 00:00:26.163000,0 days 00:00:25.678000,0 days 00:27:50.581000,0 days 00:28:16.744000,0 days 00:28:42.422000,228.0,260.0,281.0,291.0,False,HARD,7.0,True,AlphaTauri,0 days 00:27:26.305000,,1,,True,TRACK LIMITS AT TURN 9,False,True
2021-02,FP2,0 days 00:30:15.791000,GAS,10,0 days 00:01:33.369000,8.0,1.0,,0 days 00:30:13.517000,0 days 00:00:29.786000,0 days 00:00:30.308000,0 days 00:00:33.275000,0 days 00:29:12.208000,0 days 00:29:42.516000,0 days 00:30:15.791000,190.0,234.0,,267.0,False,HARD,8.0,True,AlphaTauri,0 days 00:28:42.422000,,1,,False,,False,False
2021-02,FP2,0 days 00:37:53.883000,GAS,10,,9.0,2.0,0 days 00:36:30.380000,,,0 days 00:00:29.828000,0 days 00:00:28.362000,,0 days 00:37:25.521000,0 days 00:37:54.037000,204.0,246.0,285.0,260.0,False,SOFT,1.0,True,AlphaTauri,0 days 00:30:15.791000,,1,,False,,False,False
2021-02,FP2,0 days 00:39:10.091000,GAS,10,0 days 00:01:16.208000,10.0,2.0,,,0 days 00:00:24.264000,0 days 00:00:26.243000,0 days 00:00:25.701000,0 days 00:38:18.147000,0 days 00:38:44.390000,0 days 00:39:10.091000,229.0,257.0,285.0,283.0,True,SOFT,2.0,True,AlphaTauri,0 days 00:37:53.883000,,1,,False,,False,True
2021-02,FP2,0 days 00:40:48.416000,GAS,10,0 days 00:01:38.325000,11.0,2.0,,,0 days 00:00:33.791000,0 days 00:00:35.209000,0 days 00:00:29.325000,0 days 00:39:43.882000,0 days 00:40:19.091000,0 days 00:40:48.416000,127.0,224.0,287.0,262.0,False,SOFT,3.0,True,AlphaTauri,0 days 00:39:10.091000,,1,,False,,False,True
2021-02,FP2,0 days 00:42:04.045000,GAS,10,0 days 00:01:15.629000,12.0,2.0,,,0 days 00:00:24.064000,0 days 00:00:26.125000,0 days 00:00:25.440000,0 days 00:41:12.480000,0 days 00:41:38.605000,0 days 00:42:04.045000,232.0,260.0,288.0,292.0,True,SOFT,4.0,True,AlphaTauri,0 days 00:40:48.416000,,1,,False,,False,True
2021-02,FP2,0 days 00:43:51.312000,GAS,10,0 days 00:01:47.267000,13.0,2.0,,,0 days 00:00:35.800000,0 days 00:00:41.151000,0 days 00:00:30.316000,0 days 00:42:39.845000,0 days 00:43:20.996000,0 days 00:43:51.312000,156.0,181.0,284.0,264.0,False,SOFT,5.0,True,AlphaTauri,0 days 00:42:04.045000,,1,,False,,False,True
2021-02,FP2,0 days 00:45:07.551000,GAS,10,0 days 00:01:16.239000,14.0,2.0,,,0 days 00:00:24.170000,0 days 00:00:26.350000,0 days 00:00:25.719000,0 days 00:44:15.482000,0 days 00:44:41.832000,0 days 00:45:07.551000,231.0,257.0,282.0,286.0,False,SOFT,6.0,True,AlphaTauri,0 days 00:43:51.312000,,1,,False,,False,True
2021-02,FP2,0 days 00:46:38.778000,GAS,10,0 days 00:01:31.227000,15.0,2.0,,0 days 00:46:34.672000,0 days 00:00:29.416000,0 days 00:00:29.522000,0 days 00:00:32.289000,0 days 00:45:36.967000,0 days 00:46:06.489000,0 days 00:46:38.778000,200.0,237.0,,265.0,False,SOFT,7.0,True,AlphaTauri,0 days 00:45:07.551000,,1,,False,,False,False
2021-02,FP2,0 days 00:53:02.061000,GAS,10,,16.0,3.0,0 days 00:51:39.185000,,,0 days 00:00:29.521000,0 days 00:00:27.995000,,0 days 00:52:34.094000,0 days 00:53:02.236000,210.0,244.0,272.0,283.0,False,SOFT,2.0,False,AlphaTauri,0 days 00:46:38.778000,,1,,False,,False,False
2021-02,FP2,0 days 00:54:22.400000,GAS,10,0 days 00:01:20.339000,17.0,3.0,,,0 days 00:00:25.696000,0 days 00:00:27.912000,0 days 00:00:26.731000,0 days 00:53:27.757000,0 days 00:53:55.669000,0 days 00:54:22.400000,216.0,244.0,273.0,278.0,False,SOFT,3.0,False,AlphaTauri,0 days 00:53:02.061000,,1,,False,,False,True
2021-02,FP2,0 days 00:55:42.521000,GAS,10,0 days 00:01:20.121000,18.0,3.0,,,0 days 00:00:25.598000,0 days 00:00:27.931000,0 days 00:00:26.592000,0 days 00:54:47.998000,0 days 00:55:15.929000,0 days 00:55:42.521000,220.0,247.0,273.0,281.0,False,SOFT,4.0,False,AlphaTauri,0 days 00:54:22.400000,,1,,False,,False,True
2021-02,FP2,0 days 00:57:02.598000,GAS,10,0 days 00:01:20.077000,19.0,3.0,,,0 days 00:00:25.630000,0 days 00:00:27.669000,0 days 00:00:26.778000,0 days 00:56:08.151000,0 days 00:56:35.820000,0 days 00:57:02.598000,218.0,246.0,274.0,278.0,False,SOFT,5.0,False,AlphaTauri,0 days 00:55:42.521000,,1,,False,,False,True
2021-02,FP2,0 days 00:58:23.310000,GAS,10,0 days 00:01:20.712000,20.0,3.0,,,0 days 00:00:25.559000,0 days 00:00:28.396000,0 days 00:00:26.757000,0 days 00:57:28.157000,0 days 00:57:56.553000,0 days 00:58:23.310000,217.0,246.0,273.0,279.0,False,SOFT,6.0,False,AlphaTauri,0 days 00:57:02.598000,,1,,False,,False,True
2021-02,FP2,0 days 00:59:43.254000,GAS,10,0 days 00:01:19.944000,21.0,3.0,,,0 days 00:00:25.598000,0 days 00:00:27.751000,0 days 00:00:26.595000,0 days 00:58:48.908000,0 days 00:59:16.659000,0 days 00:59:43.254000,221.0,250.0,274.0,281.0,False,SOFT,7.0,False,AlphaTauri,0 days 00:58:23.310000,,1,,False,,False,True
2021-02,FP2,0 days 01:01:03.179000,GAS,10,0 days 00:01:19.925000,22.0,3.0,,,0 days 00:00:25.513000,0 days 00:00:27.613000,0 days 00:00:26.799000,0 days 01:00:08.767000,0 days 01:00:36.380000,0 days 01:01:03.179000,221.0,249.0,272.0,281.0,False,SOFT,8.0,False,AlphaTauri,0 days 00:59:43.254000,,1,,False,,False,True
2021-02,FP2,0 days 01:02:23.442000,GAS,10,0 days 00:01:20.263000,23.0,3.0,,,0 days 00:00:25.609000,0 days 00:00:27.888000,0 days 00:00:26.766000,0 days 01:01:28.788000,0 days 01:01:56.676000,0 days 01:02:23.442000,218.0,249.0,276.0,280.0,False,SOFT,9.0,False,AlphaTauri,0 days 01:01:03.179000,,1,,False,,False,True
2021-02,FP2,0 days 01:03:44.082000,GAS,10,0 days 00:01:20.640000,24.0,3.0,,,0 days 00:00:25.685000,0 days 00:00:27.855000,0 days 00:00:27.100000,0 days 01:02:49.127000,0 days 01:03:16.982000,0 days 01:03:44.082000,220.0,249.0,273.0,279.0,False,SOFT,10.0,False,AlphaTauri,0 days 01:02:23.442000,,1,,False,,False,True
2021-02,FP2,0 days 01:05:08.606000,GAS,10,0 days 00:01:24.524000,25.0,3.0,,0 days 01:05:06.558000,0 days 00:00:25.840000,0 days 00:00:27.830000,0 days 00:00:30.854000,0 days 01:04:09.922000,0 days 01:04:37.752000,0 days 01:05:08.606000,217.0,249.0,,279.0,False,SOFT,11.0,False,AlphaTauri,0 days 01:03:44.082000,,1,,False,,False,False
2021-02,FP2,0 days 01:06:51.416000,GAS,10,0 days 00:01:42.810000,26.0,4.0,0 days 01:05:34.512000,,0 days 00:00:48.543000,0 days 00:00:27.557000,0 days 00:00:26.710000,0 days 01:05:57.149000,0 days 01:06:24.706000,0 days 01:06:51.416000,222.0,248.0,278.0,277.0,False,MEDIUM,1.0,True,AlphaTauri,0 days 01:05:08.606000,,1,,False,,False,False
2021-02,FP2,0 days 01:08:10.616000,GAS,10,0 days 00:01:19.200000,27.0,4.0,,,0 days 00:00:25.318000,0 days 00:00:27.338000,0 days 00:00:26.544000,0 days 01:07:16.734000,0 days 01:07:44.072000,0 days 01:08:10.616000,225.0,249.0,278.0,280.0,False,MEDIUM,2.0,True,AlphaTauri,0 days 01:06:51.416000,,1,,False,,False,True
2021-02,FP2,0 days 01:09:29.667000,GAS,10,0 days 00:01:19.051000,28.0,4.0,,,0 days 00:00:25.255000,0 days 00:00:27.281000,0 days 00:00:26.515000,0 days 01:08:35.871000,0 days 01:09:03.152000,0 days 01:09:29.667000,224.0,251.0,279.0,282.0,False,MEDIUM,3.0,True,AlphaTauri,0 days 01:08:10.616000,,1,,False,,False,True
2021-02,FP2,0 days 01:10:50.110000,GAS,10,0 days 00:01:20.443000,29.0,4.0,,,0 days 00:00:25.304000,0 days 00:00:27.777000,0 days 00:00:27.362000,0 days 01:09:54.971000,0 days 01:10:22.748000,0 days 01:10:50.110000,223.0,254.0,278.0,259.0,False,MEDIUM,4.0,True,AlphaTauri,0 days 01:09:29.667000,,12,,True,TRACK LIMITS AT TURN 9,False,True
2021-02,FP2,0 days 00:19:55.221000,PER,11,,1.0,1.0,0 days 00:18:23.639000,,,0 days 00:00:32.423000,0 days 00:00:32.238000,,0 days 00:19:22.999000,0 days 00:19:56.222000,215.0,228.0,281.0,255.0,False,HARD,1.0,True,Red Bull Racing,0 days 00:18:23.639000,,12,,False,,False,False
2021-02,FP2,0 days 00:21:13.241000,PER,11,0 days 00:01:18.020000,2.0,1.0,,,0 days 00:00:25.063000,0 days 00:00:26.924000,0 days 00:00:26.033000,0 days 00:20:20.284000,0 days 00:20:47.208000,0 days 00:21:13.241000,229.0,255.0,281.0,283.0,True,HARD,2.0,True,Red Bull Racing,0 days 00:19:55.221000,,1,,False,,False,True
2021-02,FP2,0 days 00:22:53.361000,PER,11,0 days 00:01:40.120000,3.0,1.0,,,0 days 00:00:29.917000,0 days 00:00:33.651000,0 days 00:00:36.552000,0 days 00:21:43.158000,0 days 00:22:16.809000,0 days 00:22:53.361000,198.0,144.0,274.0,265.0,False,HARD,3.0,True,Red Bull Racing,0 days 00:21:13.241000,,1,,False,,False,True
2021-02,FP2,0 days 00:24:10.589000,PER,11,0 days 00:01:17.228000,4.0,1.0,,,0 days 00:00:24.668000,0 days 00:00:26.733000,0 days 00:00:25.827000,0 days 00:23:18.029000,0 days 00:23:44.762000,0 days 00:24:10.589000,228.0,255.0,287.0,285.0,True,HARD,4.0,True,Red Bull Racing,0 days 00:22:53.361000,,1,,False,,False,True
2021-02,FP2,0 days 00:26:03.318000,PER,11,0 days 00:01:52.729000,5.0,1.0,,,0 days 00:00:32.584000,0 days 00:00:40.187000,0 days 00:00:39.958000,0 days 00:24:43.173000,0 days 00:25:23.360000,0 days 00:26:03.318000,165.0,154.0,251.0,144.0,False,HARD,5.0,True,Red Bull Racing,0 days 00:24:10.589000,,126,,False,,False,False
2021-02,FP2,0 days 00:27:34.038000,PER,11,0 days 00:01:30.720000,6.0,1.0,,,0 days 00:00:28.441000,0 days 00:00:30.967000,0 days 00:00:31.312000,0 days 00:26:31.759000,0 days 00:27:02.726000,0 days 00:27:34.038000,204.0,234.0,281.0,199.0,False,HARD,6.0,True,Red Bull Racing,0 days 00:26:03.318000,,671,,False,,False,False
2021-02,FP2,0 days 00:28:50.921000,PER,11,0 days 00:01:16.883000,7.0,1.0,,,0 days 00:00:24.664000,0 days 00:00:26.557000,0 days 00:00:25.662000,0 days 00:27:58.702000,0 days 00:28:25.259000,0 days 00:28:50.921000,228.0,255.0,280.0,286.0,True,HARD,7.0,True,Red Bull Racing,0 days 00:27:34.038000,,1,,False,,False,True
2021-02,FP2,0 days 00:30:18.709000,PER,11,0 days 00:01:27.788000,8.0,1.0,,0 days 00:30:14.364000,0 days 00:00:25.758000,0 days 00:00:29.860000,0 days 00:00:32.170000,0 days 00:29:16.679000,0 days 00:29:46.539000,0 days 00:30:18.709000,215.0,253.0,,288.0,False,HARD,8.0,True,Red Bull Racing,0 days 00:28:50.921000,,1,,False,,False,False
2021-02,FP2,0 days 00:41:15.441000,PER,11,,9.0,2.0,0 days 00:39:48.115000,,,0 days 00:00:31.185000,0 days 00:00:29.187000,,0 days 00:40:46.271000,0 days 00:41:16.621000,201.0,241.0,281.0,260.0,False,HARD,10.0,False,Red Bull Racing,0 days 00:30:18.709000,,1,,False,,False,False
2021-02,FP2,0 days 00:42:31.952000,PER,11,0 days 00:01:16.511000,10.0,2.0,,,0 days 00:00:24.350000,0 days 00:00:26.696000,0 days 00:00:25.465000,0 days 00:41:39.791000,0 days 00:42:06.487000,0 days 00:42:31.952000,230.0,253.0,283.0,284.0,False,HARD,11.0,False,Red Bull Racing,0 days 00:41:15.441000,,1,,True,TRACK LIMITS AT TURN 9,False,True
2021-02,FP2,0 days 00:44:05.864000,PER,11,0 days 00:01:33.912000,11.0,2.0,,,0 days 00:00:30.647000,0 days 00:00:32.210000,0 days 00:00:31.055000,0 days 00:43:02.599000,0 days 00:43:34.809000,0 days 00:44:05.864000,197.0,203.0,281.0,258.0,False,HARD,12.0,False,Red Bull Racing,0 days 00:42:31.952000,,1,,False,,False,True
2021-02,FP2,0 days 00:45:22.275000,PER,11,0 days 00:01:16.411000,12.0,2.0,,,0 days 00:00:24.445000,0 days 00:00:26.518000,0 days 00:00:25.448000,0 days 00:44:30.309000,0 days 00:44:56.827000,0 days 00:45:22.275000,228.0,256.0,283.0,287.0,True,HARD,13.0,False,Red Bull Racing,0 days 00:44:05.864000,,1,,False,,False,True
2021-02,FP2,0 days 00:46:55.987000,PER,11,0 days 00:01:33.712000,13.0,2.0,,0 days 00:46:52.998000,0 days 00:00:29.182000,0 days 00:00:30.710000,0 days 00:00:33.820000,0 days 00:45:51.457000,0 days 00:46:22.167000,0 days 00:46:55.987000,194.0,234.0,,264.0,False,HARD,14.0,False,Red Bull Racing,0 days 00:45:22.275000,,1,,False,,False,False
2021-02,FP2,0 days 00:56:28.756000,PER,11,,14.0,3.0,0 days 00:54:58.036000,0 days 00:56:25.230000,,0 days 00:00:28.787000,0 days 00:00:34.604000,,0 days 00:55:54.175000,0 days 00:56:28.790000,206.0,240.0,,264.0,False,MEDIUM,1.0,True,Red Bull Racing,0 days 00:46:55.987000,,1,,False,,False,False
2021-02,FP2,0 days 00:58:32.591000,PER,11,0 days 00:02:03.835000,15.0,4.0,0 days 00:56:55.599000,,0 days 00:00:55.032000,0 days 00:00:35.299000,0 days 00:00:33.504000,0 days 00:57:23.788000,0 days 00:57:59.087000,0 days 00:58:32.591000,150.0,113.0,271.0,173.0,False,SOFT,1.0,True,Red Bull Racing,0 days 00:56:28.756000,,1,,False,,False,False
2021-02,FP2,0 days 00:59:53.677000,PER,11,0 days 00:01:21.086000,16.0,4.0,,,0 days 00:00:26.433000,0 days 00:00:27.767000,0 days 00:00:26.886000,0 days 00:58:59.024000,0 days 00:59:26.791000,0 days 00:59:53.677000,217.0,244.0,272.0,279.0,False,SOFT,2.0,True,Red Bull Racing,0 days 00:58:32.591000,,1,,False,,False,True
2021-02,FP2,0 days 01:01:13.705000,PER,11,0 days 00:01:20.028000,17.0,4.0,,,0 days 00:00:25.911000,0 days 00:00:27.532000,0 days 00:00:26.585000,0 days 01:00:19.588000,0 days 01:00:47.120000,0 days 01:01:13.705000,221.0,246.0,271.0,277.0,False,SOFT,3.0,True,Red Bull Racing,0 days 00:59:53.677000,,1,,False,,False,True
2021-02,FP2,0 days 01:02:33.428000,PER,11,0 days 00:01:19.723000,18.0,4.0,,,0 days 00:00:25.682000,0 days 00:00:27.403000,0 days 00:00:26.638000,0 days 01:01:39.387000,0 days 01:02:06.790000,0 days 01:02:33.428000,223.0,246.0,274.0,276.0,False,SOFT,4.0,True,Red Bull Racing,0 days 01:01:13.705000,,1,,False,,False,True
2021-02,FP2,0 days 01:03:52.968000,PER,11,0 days 00:01:19.540000,19.0,4.0,,,0 days 00:00:25.540000,0 days 00:00:27.415000,0 days 00:00:26.585000,0 days 01:02:58.968000,0 days 01:03:26.383000,0 days 01:03:52.968000,223.0,247.0,276.0,278.0,False,SOFT,5.0,True,Red Bull Racing,0 days 01:02:33.428000,,1,,False,,False,True
2021-02,FP2,0 days 01:05:13.225000,PER,11,0 days 00:01:20.257000,20.0,4.0,,,0 days 00:00:25.631000,0 days 00:00:27.730000,0 days 00:00:26.896000,0 days 01:04:18.599000,0 days 01:04:46.329000,0 days 01:05:13.225000,219.0,246.0,273.0,276.0,False,SOFT,6.0,True,Red Bull Racing,0 days 01:03:52.968000,,1,,False,,False,True
2021-02,FP2,0 days 01:06:33.109000,PER,11,0 days 00:01:19.884000,21.0,4.0,,,0 days 00:00:25.640000,0 days 00:00:27.599000,0 days 00:00:26.645000,0 days 01:05:38.865000,0 days 01:06:06.464000,0 days 01:06:33.109000,221.0,246.0,272.0,277.0,False,SOFT,7.0,True,Red Bull Racing,0 days 01:05:13.225000,,1,,False,,False,True
2021-02,FP2,0 days 01:07:53.213000,PER,11,0 days 00:01:20.104000,22.0,4.0,,,0 days 00:00:25.654000,0 days 00:00:27.601000,0 days 00:00:26.849000,0 days 01:06:58.763000,0 days 01:07:26.364000,0 days 01:07:53.213000,221.0,243.0,273.0,275.0,False,SOFT,8.0,True,Red Bull Racing,0 days 01:06:33.109000,,1,,False,,False,True
2021-02,FP2,0 days 01:09:17.773000,PER,11,0 days 00:01:24.560000,23.0,4.0,,,0 days 00:00:25.687000,0 days 00:00:30.943000,0 days 00:00:27.930000,0 days 01:08:18.900000,0 days 01:08:49.843000,0 days 01:09:17.773000,222.0,240.0,273.0,275.0,False,SOFT,9.0,True,Red Bull Racing,0 days 01:07:53.213000,,1,,False,,False,True
2021-02,FP2,0 days 01:10:37.211000,PER,11,0 days 00:01:19.438000,24.0,4.0,,,0 days 00:00:25.573000,0 days 00:00:27.401000,0 days 00:00:26.464000,0 days 01:09:43.346000,0 days 01:10:10.747000,0 days 01:10:37.211000,222.0,247.0,272.0,281.0,False,SOFT,10.0,True,Red Bull Racing,0 days 01:09:17.773000,,1,,False,,False,True
2021-02,FP2,0 days 01:12:18.382000,PER,11,,25.0,4.0,,0 days 01:12:18.382000,0 days 00:00:25.692000,,,0 days 01:11:02.907000,,,220.0,,,,False,SOFT,11.0,True,Red Bull Racing,0 days 01:10:37.211000,,125,,False,,False,False
2021-02,FP2,0 days 00:17:34.841000,ALO,14,,1.0,1.0,0 days 00:15:55.504000,,,0 days 00:00:33.197000,0 days 00:00:36.231000,,0 days 00:16:58.625000,0 days 00:17:34.963000,194.0,236.0,273.0,165.0,False,HARD,1.0,True,Alpine,0 days 00:15:55.504000,,1,,False,,False,False
2021-02,FP2,0 days 00:18:54.969000,ALO,14,0 days 00:01:20.128000,2.0,1.0,,,0 days 00:00:25.761000,0 days 00:00:27.798000,0 days 00:00:26.569000,0 days 00:18:00.602000,0 days 00:18:28.400000,0 days 00:18:54.969000,213.0,253.0,281.0,284.0,True,HARD,2.0,True,Alpine,0 days 00:17:34.841000,,1,,False,,False,True
2021-02,FP2,0 days 00:20:42.986000,ALO,14,0 days 00:01:48.017000,3.0,1.0,,,0 days 00:00:29.384000,0 days 00:00:33.912000,0 days 00:00:44.721000,0 days 00:19:24.353000,0 days 00:19:58.265000,0 days 00:20:42.986000,197.0,239.0,278.0,82.0,False,HARD,3.0,True,Alpine,0 days 00:18:54.969000,,12,,False,,False,True
2021-02,FP2,0 days 00:22:01.328000,ALO,14,0 days 00:01:18.342000,4.0,1.0,,,0 days 00:00:25.059000,0 days 00:00:27.124000,0 days 00:00:26.159000,0 days 00:21:08.045000,0 days 00:21:35.169000,0 days 00:22:01.328000,223.0,255.0,281.0,287.0,True,HARD,4.0,True,Alpine,0 days 00:20:42.986000,,1,,False,,False,True
2021-02,FP2,0 days 00:23:47.635000,ALO,14,0 days 00:01:46.307000,5.0,1.0,,,0 days 00:00:32.958000,0 days 00:00:37.093000,0 days 00:00:36.256000,0 days 00:22:34.286000,0 days 00:23:11.379000,0 days 00:23:47.635000,192.0,201.0,279.0,223.0,False,HARD,5.0,True,Alpine,0 days 00:22:01.328000,,1,,False,,False,True
2021-02,FP2,0 days 00:25:05.412000,ALO,14,0 days 00:01:17.777000,6.0,1.0,,,0 days 00:00:24.770000,0 days 00:00:26.990000,0 days 00:00:26.017000,0 days 00:24:12.405000,0 days 00:24:39.395000,0 days 00:25:05.412000,226.0,255.0,251.0,285.0,True,HARD,6.0,True,Alpine,0 days 00:23:47.635000,,12,,False,,False,True
2021-02,FP2,0 days 00:26:54.346000,ALO,14,0 days 00:01:48.934000,7.0,1.0,,0 days 00:26:50.837000,0 days 00:00:39.127000,0 days 00:00:34.277000,0 days 00:00:35.530000,0 days 00:25:44.539000,0 days 00:26:18.816000,0 days 00:26:54.346000,195.0,232.0,,266.0,False,HARD,7.0,True,Alpine,0 days 00:25:05.412000,,2671,,False,,False,False
2021-02,FP2,0 days 00:35:43.903000,ALO,14,,8.0,2.0,0 days 00:34:05.642000,,,0 days 00:00:35.090000,0 days 00:00:34.774000,,0 days 00:35:09.143000,0 days 00:35:44.063000,203.0,243.0,284.0,172.0,False,HARD,3.0,False,Alpine,0 days 00:26:54.346000,,1,,False,,False,False
2021-02,FP2,0 days 00:37:01.053000,ALO,14,0 days 00:01:17.150000,9.0,2.0,,,0 days 00:00:24.573000,0 days 00:00:26.789000,0 days 00:00:25.788000,0 days 00:36:08.476000,0 days 00:36:35.265000,0 days 00:37:01.053000,229.0,256.0,281.0,288.0,True,HARD,4.0,False,Alpine,0 days 00:35:43.903000,,1,,False,,False,True
2021-02,FP2,0 days 00:38:51.813000,ALO,14,0 days 00:01:50.760000,10.0,2.0,,,0 days 00:00:33.200000,0 days 00:00:39.967000,0 days 00:00:37.593000,0 days 00:37:34.253000,0 days 00:38:14.220000,0 days 00:38:51.813000,184.0,166.0,285.0,196.0,False,HARD,5.0,False,Alpine,0 days 00:37:01.053000,,1,,False,,False,True
2021-02,FP2,0 days 00:40:08.648000,ALO,14,0 days 00:01:16.835000,11.0,2.0,,,0 days 00:00:24.476000,0 days 00:00:26.637000,0 days 00:00:25.722000,0 days 00:39:16.289000,0 days 00:39:42.926000,0 days 00:40:08.648000,226.0,257.0,281.0,286.0,True,HARD,6.0,False,Alpine,0 days 00:38:51.813000,,1,,False,,False,True
2021-02,FP2,0 days 00:42:01.491000,ALO,14,0 days 00:01:52.843000,12.0,2.0,,,0 days 00:00:33.796000,0 days 00:00:45.144000,0 days 00:00:33.903000,0 days 00:40:42.444000,0 days 00:41:27.588000,0 days 00:42:01.491000,166.0,148.0,284.0,256.0,False,HARD,7.0,False,Alpine,0 days 00:40:08.648000,,1,,False,,False,True
2021-02,FP2,0 days 00:43:18.604000,ALO,14,0 days 00:01:17.113000,13.0,2.0,,,0 days 00:00:24.460000,0 days 00:00:26.756000,0 days 00:00:25.897000,0 days 00:42:25.951000,0 days 00:42:52.707000,0 days 00:43:18.604000,229.0,256.0,278.0,288.0,False,HARD,8.0,False,Alpine,0 days 00:42:01.491000,,1,,False,,False,True
2021-02,FP2,0 days 00:45:03.655000,ALO,14,0 days 00:01:45.051000,14.0,2.0,,0 days 00:44:59.837000,0 days 00:00:30.270000,0 days 00:00:35.831000,0 days 00:00:38.950000,0 days 00:43:48.874000,0 days 00:44:24.705000,0 days 00:45:03.655000,193.0,213.0,,227.0,False,HARD,9.0,False,Alpine,0 days 00:43:18.604000,,1,,False,,False,False
2021-02,FP2,0 days 00:55:16.842000,ALO,14,,15.0,3.0,0 days 00:53:51.392000,,,0 days 00:00:28.788000,0 days 00:00:32.997000,,0 days 00:54:43.883000,0 days 00:55:16.959000,215.0,245.0,272.0,253.0,False,HARD,5.0,False,Alpine,0 days 00:45:03.655000,,1,,False,,False,False
2021-02,FP2,0 days 00:56:37.994000,ALO,14,0 days 00:01:21.152000,16.0,3.0,,,0 days 00:00:25.802000,0 days 00:00:28.262000,0 days 00:00:27.088000,0 days 00:55:42.644000,0 days 00:56:10.906000,0 days 00:56:37.994000,216.0,245.0,274.0,276.0,False,HARD,6.0,False,Alpine,0 days 00:55:16.842000,,1,,False,,False,True
2021-02,FP2,0 days 00:58:00.065000,ALO,14,0 days 00:01:22.071000,17.0,3.0,,,0 days 00:00:26.316000,0 days 00:00:28.633000,0 days 00:00:27.122000,0 days 00:57:04.310000,0 days 00:57:32.943000,0 days 00:58:00.065000,214.0,244.0,273.0,275.0,False,HARD,7.0,False,Alpine,0 days 00:56:37.994000,,1,,False,,False,True
2021-02,FP2,0 days 00:59:20.868000,ALO,14,0 days 00:01:20.803000,18.0,3.0,,,0 days 00:00:25.734000,0 days 00:00:28.182000,0 days 00:00:26.887000,0 days 00:58:25.799000,0 days 00:58:53.981000,0 days 00:59:20.868000,216.0,244.0,273.0,275.0,False,HARD,8.0,False,Alpine,0 days 00:58:00.065000,,1,,False,,False,True
2021-02,FP2,0 days 01:00:41.676000,ALO,14,0 days 00:01:20.808000,19.0,3.0,,,0 days 00:00:25.765000,0 days 00:00:28.144000,0 days 00:00:26.899000,0 days 00:59:46.633000,0 days 01:00:14.777000,0 days 01:00:41.676000,216.0,245.0,275.0,275.0,False,HARD,9.0,False,Alpine,0 days 00:59:20.868000,,1,,False,,False,True
2021-02,FP2,0 days 01:02:04.683000,ALO,14,0 days 00:01:23.007000,20.0,3.0,,,0 days 00:00:27.854000,0 days 00:00:28.214000,0 days 00:00:26.939000,0 days 01:01:09.530000,0 days 01:01:37.744000,0 days 01:02:04.683000,215.0,245.0,279.0,276.0,False,HARD,10.0,False,Alpine,0 days 01:00:41.676000,,1,,False,,False,True
2021-02,FP2,0 days 01:03:26.241000,ALO,14,0 days 00:01:21.558000,21.0,3.0,,,0 days 00:00:25.558000,0 days 00:00:28.874000,0 days 00:00:27.126000,0 days 01:02:30.241000,0 days 01:02:59.115000,0 days 01:03:26.241000,216.0,245.0,280.0,274.0,False,HARD,11.0,False,Alpine,0 days 01:02:04.683000,,1,,False,,False,True
2021-02,FP2,0 days 01:04:48.441000,ALO,14,0 days 00:01:22.200000,22.0,3.0,,,0 days 00:00:25.686000,0 days 00:00:28.184000,0 days 00:00:28.330000,0 days 01:03:51.927000,0 days 01:04:20.111000,0 days 01:04:48.441000,217.0,244.0,280.0,284.0,False,HARD,12.0,False,Alpine,0 days 01:03:26.241000,,1,,False,,False,True
2021-02,FP2,0 days 01:06:10.195000,ALO,14,0 days 00:01:21.754000,23.0,3.0,,,0 days 00:00:26.132000,0 days 00:00:28.565000,0 days 00:00:27.057000,0 days 01:05:14.573000,0 days 01:05:43.138000,0 days 01:06:10.195000,211.0,244.0,274.0,275.0,False,HARD,13.0,False,Alpine,0 days 01:04:48.441000,,1,,False,,False,True
2021-02,FP2,0 days 01:07:31.466000,ALO,14,0 days 00:01:21.271000,24.0,3.0,,,0 days 00:00:26.119000,0 days 00:00:28.220000,0 days 00:00:26.932000,0 days 01:06:36.314000,0 days 01:07:04.534000,0 days 01:07:31.466000,217.0,245.0,273.0,275.0,False,HARD,14.0,False,Alpine,0 days 01:06:10.195000,,1,,False,,False,True
2021-02,FP2,0 days 01:08:53.289000,ALO,14,0 days 00:01:21.823000,25.0,3.0,,,0 days 00:00:26.101000,0 days 00:00:27.971000,0 days 00:00:27.751000,0 days 01:07:57.567000,0 days 01:08:25.538000,0 days 01:08:53.289000,218.0,247.0,277.0,276.0,False,HARD,15.0,False,Alpine,0 days 01:07:31.466000,,1,,False,,False,True
2021-02,FP2,0 days 01:10:13.778000,ALO,14,0 days 00:01:20.489000,26.0,3.0,,,0 days 00:00:25.793000,0 days 00:00:27.936000,0 days 00:00:26.760000,0 days 01:09:19.082000,0 days 01:09:47.018000,0 days 01:10:13.778000,219.0,252.0,273.0,277.0,False,HARD,16.0,False,Alpine,0 days 01:08:53.289000,,1,,False,,False,True
2021-02,FP2,0 days 01:11:46.934000,ALO,14,,27.0,3.0,,0 days 01:11:46.934000,0 days 00:00:25.871000,0 days 00:00:27.923000,,0 days 01:10:39.664000,0 days 01:11:07.640000,,218.0,248.0,,,False,HARD,17.0,False,Alpine,0 days 01:10:13.778000,,125,,False,,False,False
2021-02,FP2,0 days 00:17:07.702000,LEC,16,,1.0,1.0,0 days 00:15:34.039000,,,0 days 00:00:31.272000,0 days 00:00:34.488000,,0 days 00:16:33.218000,0 days 00:17:08.147000,199.0,236.0,280.0,188.0,False,HARD,1.0,True,Ferrari,0 days 00:15:34.039000,,1,,False,,False,False
2021-02,FP2,0 days 00:18:24.778000,LEC,16,0 days 00:01:17.076000,2.0,1.0,,,0 days 00:00:24.746000,0 days 00:00:26.558000,0 days 00:00:25.772000,0 days 00:17:32.448000,0 days 00:17:59.006000,0 days 00:18:24.778000,229.0,257.0,283.0,286.0,True,HARD,2.0,True,Ferrari,0 days 00:17:07.702000,,1,,False,,False,True
2021-02,FP2,0 days 00:20:28.472000,LEC,16,0 days 00:02:03.694000,3.0,1.0,,,0 days 00:00:38.742000,0 days 00:00:39.858000,0 days 00:00:45.094000,0 days 00:19:03.520000,0 days 00:19:43.378000,0 days 00:20:28.472000,109.0,145.0,279.0,112.0,False,HARD,3.0,True,Ferrari,0 days 00:18:24.778000,,12,,False,,False,True
2021-02,FP2,0 days 00:21:45.177000,LEC,16,0 days 00:01:16.705000,4.0,1.0,,,0 days 00:00:24.487000,0 days 00:00:26.483000,0 days 00:00:25.735000,0 days 00:20:52.959000,0 days 00:21:19.442000,0 days 00:21:45.177000,231.0,256.0,281.0,285.0,False,HARD,4.0,True,Ferrari,0 days 00:20:28.472000,,1,,True,TRACK LIMITS AT TURN 9,False,True
2021-02,FP2,0 days 00:23:31.056000,LEC,16,0 days 00:01:45.879000,5.0,1.0,,0 days 00:23:25.070000,0 days 00:00:31.426000,0 days 00:00:34.157000,0 days 00:00:40.296000,0 days 00:22:16.603000,0 days 00:22:50.760000,0 days 00:23:31.056000,142.0,228.0,,221.0,False,HARD,5.0,True,Ferrari,0 days 00:21:45.177000,,1,,False,,False,False
2021-02,FP2,0 days 00:26:24.900000,LEC,16,,6.0,2.0,0 days 00:24:24.816000,0 days 00:26:21.079000,0 days 00:01:28.302000,0 days 00:00:45.966000,0 days 00:00:39.571000,0 days 00:24:59.569000,0 days 00:25:45.329000,0 days 00:26:25.001000,155.0,228.0,,234.0,False,HARD,3.0,False,Ferrari,0 days 00:23:31.056000,,1267,,False,,False,False
2021-02,FP2,0 days 00:35:13.761000,LEC,16,,7.0,3.0,0 days 00:33:38.685000,,,0 days 00:00:32.970000,0 days 00:00:33.499000,,0 days 00:34:40.300000,0 days 00:35:13.881000,204.0,199.0,283.0,222.0,False,SOFT,1.0,True,Ferrari,0 days 00:26:24.900000,,1,,False,,False,False
2021-02,FP2,0 days 00:36:29.128000,LEC,16,0 days 00:01:15.367000,8.0,3.0,,,0 days 00:00:24.112000,0 days 00:00:25.991000,0 days 00:00:25.264000,0 days 00:35:37.873000,0 days 00:36:03.864000,0 days 00:36:29.128000,234.0,258.0,284.0,290.0,False,SOFT,2.0,True,Ferrari,0 days 00:35:13.761000,,1,,True,TRACK LIMITS AT TURN 9,False,True
2021-02,FP2,0 days 00:38:31.009000,LEC,16,0 days 00:02:01.881000,9.0,3.0,,,0 days 00:00:37.755000,0 days 00:00:45.251000,0 days 00:00:38.875000,0 days 00:37:06.883000,0 days 00:37:52.134000,0 days 00:38:31.009000,125.0,210.0,280.0,154.0,False,SOFT,3.0,True,Ferrari,0 days 00:36:29.128000,,1,,False,,False,True
2021-02,FP2,0 days 00:40:00.233000,LEC,16,0 days 00:01:29.224000,10.0,3.0,,,0 days 00:00:24.308000,0 days 00:00:35.712000,0 days 00:00:29.204000,0 days 00:38:55.317000,0 days 00:39:31.029000,0 days 00:40:00.233000,231.0,183.0,280.0,233.0,False,SOFT,4.0,True,Ferrari,0 days 00:38:31.009000,,1,,False,,False,True
2021-02,FP2,0 days 00:41:16.604000,LEC,16,0 days 00:01:16.371000,11.0,3.0,,,0 days 00:00:24.415000,0 days 00:00:26.381000,0 days 00:00:25.575000,0 days 00:40:24.648000,0 days 00:40:51.029000,0 days 00:41:16.604000,230.0,255.0,286.0,288.0,True,SOFT,5.0,True,Ferrari,0 days 00:40:00.233000,,1,,False,,False,True
2021-02,FP2,0 days 00:43:02.580000,LEC,16,0 days 00:01:45.976000,12.0,3.0,,0 days 00:42:58.172000,0 days 00:00:31.495000,0 days 00:00:36.712000,0 days 00:00:37.769000,0 days 00:41:48.099000,0 days 00:42:24.811000,0 days 00:43:02.580000,157.0,189.0,,212.0,False,SOFT,6.0,True,Ferrari,0 days 00:41:16.604000,,1,,False,,False,False
2021-02,FP2,0 days 00:49:43.323000,LEC,16,,13.0,4.0,0 days 00:48:08.928000,0 days 00:49:40.248000,,0 days 00:00:30.955000,0 days 00:00:37.243000,,0 days 00:49:06.083000,0 days 00:49:43.421000,203.0,220.0,,181.0,False,MEDIUM,1.0,True,Ferrari,0 days 00:43:02.580000,,1,,False,,False,False
2021-02,FP2,0 days 00:51:36.347000,LEC,16,0 days 00:01:53.024000,14.0,5.0,0 days 00:50:18.729000,,0 days 00:00:58.457000,0 days 00:00:27.954000,0 days 00:00:26.613000,0 days 00:50:41.780000,0 days 00:51:09.734000,0 days 00:51:36.347000,218.0,251.0,271.0,282.0,False,MEDIUM,6.0,False,Ferrari,0 days 00:49:43.323000,,1,,False,,False,False
2021-02,FP2,0 days 00:52:56.251000,LEC,16,0 days 00:01:19.904000,15.0,5.0,,,0 days 00:00:25.637000,0 days 00:00:27.738000,0 days 00:00:26.529000,0 days 00:52:01.984000,0 days 00:52:29.722000,0 days 00:52:56.251000,221.0,248.0,272.0,277.0,False,MEDIUM,7.0,False,Ferrari,0 days 00:51:36.347000,,1,,False,,False,True
2021-02,FP2,0 days 00:54:15.851000,LEC,16,0 days 00:01:19.600000,16.0,5.0,,,0 days 00:00:25.428000,0 days 00:00:27.545000,0 days 00:00:26.627000,0 days 00:53:21.679000,0 days 00:53:49.224000,0 days 00:54:15.851000,221.0,250.0,287.0,285.0,False,MEDIUM,8.0,False,Ferrari,0 days 00:52:56.251000,,1,,False,,False,True
2021-02,FP2,0 days 00:55:34.869000,LEC,16,0 days 00:01:19.018000,17.0,5.0,,,0 days 00:00:24.819000,0 days 00:00:27.754000,0 days 00:00:26.445000,0 days 00:54:40.670000,0 days 00:55:08.424000,0 days 00:55:34.869000,220.0,251.0,276.0,286.0,False,MEDIUM,9.0,False,Ferrari,0 days 00:54:15.851000,,1,,False,,False,True
2021-02,FP2,0 days 00:56:55.651000,LEC,16,0 days 00:01:20.782000,18.0,5.0,,,0 days 00:00:25.589000,0 days 00:00:28.122000,0 days 00:00:27.071000,0 days 00:56:00.458000,0 days 00:56:28.580000,0 days 00:56:55.651000,219.0,254.0,281.0,289.0,False,MEDIUM,10.0,False,Ferrari,0 days 00:55:34.869000,,1,,False,,False,True
2021-02,FP2,0 days 00:58:20.942000,LEC,16,0 days 00:01:25.291000,19.0,5.0,,0 days 00:58:18.828000,0 days 00:00:26.621000,0 days 00:00:27.955000,0 days 00:00:30.715000,0 days 00:57:22.272000,0 days 00:57:50.227000,0 days 00:58:20.942000,213.0,251.0,,284.0,False,MEDIUM,11.0,False,Ferrari,0 days 00:56:55.651000,,1,,False,,False,False
2021-02,FP2,0 days 01:00:15.833000,LEC,16,0 days 00:01:54.891000,20.0,6.0,0 days 00:58:47.242000,,0 days 00:00:52.249000,0 days 00:00:28.647000,0 days 00:00:33.995000,0 days 00:59:13.191000,0 days 00:59:41.838000,0 days 01:00:15.833000,210.0,250.0,270.0,268.0,False,SOFT,1.0,True,Ferrari,0 days 00:58:20.942000,,1,,False,,False,False
2021-02,FP2,0 days 01:01:35.807000,LEC,16,0 days 00:01:19.974000,21.0,6.0,,,0 days 00:00:25.774000,0 days 00:00:27.738000,0 days 00:00:26.462000,0 days 01:00:41.607000,0 days 01:01:09.345000,0 days 01:01:35.807000,219.0,248.0,271.0,275.0,False,SOFT,2.0,True,Ferrari,0 days 01:00:15.833000,,1,,False,,False,True
2021-02,FP2,0 days 01:02:54.930000,LEC,16,0 days 00:01:19.123000,22.0,6.0,,,0 days 00:00:25.519000,0 days 00:00:27.320000,0 days 00:00:26.284000,0 days 01:02:01.326000,0 days 01:02:28.646000,0 days 01:02:54.930000,220.0,251.0,273.0,281.0,False,SOFT,3.0,True,Ferrari,0 days 01:01:35.807000,,1,,False,,False,True
2021-02,FP2,0 days 01:04:13.886000,LEC,16,0 days 00:01:18.956000,23.0,6.0,,,0 days 00:00:25.481000,0 days 00:00:27.250000,0 days 00:00:26.225000,0 days 01:03:20.411000,0 days 01:03:47.661000,0 days 01:04:13.886000,220.0,252.0,274.0,281.0,False,SOFT,4.0,True,Ferrari,0 days 01:02:54.930000,,1,,False,,False,True
2021-02,FP2,0 days 01:05:33.112000,LEC,16,0 days 00:01:19.226000,24.0,6.0,,,0 days 00:00:25.446000,0 days 00:00:27.396000,0 days 00:00:26.384000,0 days 01:04:39.332000,0 days 01:05:06.728000,0 days 01:05:33.112000,220.0,252.0,273.0,281.0,False,SOFT,5.0,True,Ferrari,0 days 01:04:13.886000,,1,,False,,False,True
2021-02,FP2,0 days 01:06:52.755000,LEC,16,0 days 00:01:19.643000,25.0,6.0,,,0 days 00:00:25.497000,0 days 00:00:27.552000,0 days 00:00:26.594000,0 days 01:05:58.609000,0 days 01:06:26.161000,0 days 01:06:52.755000,218.0,253.0,279.0,285.0,False,SOFT,6.0,True,Ferrari,0 days 01:05:33.112000,,1,,False,,False,True
2021-02,FP2,0 days 01:08:15.618000,LEC,16,0 days 00:01:22.863000,26.0,6.0,,,0 days 00:00:25.177000,0 days 00:00:27.563000,0 days 00:00:30.123000,0 days 01:07:17.932000,0 days 01:07:45.495000,0 days 01:08:15.618000,220.0,252.0,272.0,277.0,False,SOFT,7.0,True,Ferrari,0 days 01:06:52.755000,,1,,False,,False,True
2021-02,FP2,0 days 01:09:34.828000,LEC,16,0 days 00:01:19.210000,27.0,6.0,,,0 days 00:00:25.390000,0 days 00:00:27.429000,0 days 00:00:26.391000,0 days 01:08:41.008000,0 days 01:09:08.437000,0 days 01:09:34.828000,224.0,253.0,273.0,283.0,False,SOFT,8.0,True,Ferrari,0 days 01:08:15.618000,,1,,False,,False,True
2021-02,FP2,0 days 01:15:07.313000,LEC,16,,28.0,6.0,,0 days 01:15:07.313000,0 days 00:00:25.297000,0 days 00:00:27.308000,,0 days 01:10:00.145000,0 days 01:10:27.456000,,220.0,253.0,,283.0,False,SOFT,9.0,True,Ferrari,0 days 01:09:34.828000,,125,,False,,False,False
2021-02,FP2,0 days 00:17:40.729000,STR,18,,1.0,1.0,0 days 00:16:08.997000,,,0 days 00:00:29.565000,0 days 00:00:37.443000,,0 days 00:17:03.622000,0 days 00:17:40.853000,211.0,243.0,281.0,110.0,False,HARD,1.0,True,Aston Martin,0 days 00:16:08.997000,,1,,False,,False,False
2021-02,FP2,0 days 00:18:58.828000,STR,18,0 days 00:01:18.099000,2.0,1.0,,,0 days 00:00:24.625000,0 days 00:00:27.201000,0 days 00:00:26.273000,0 days 00:18:05.354000,0 days 00:18:32.555000,0 days 00:18:58.828000,227.0,253.0,283.0,288.0,True,HARD,2.0,True,Aston Martin,0 days 00:17:40.729000,,1,,False,,False,True
2021-02,FP2,0 days 00:20:55.347000,STR,18,0 days 00:01:56.519000,3.0,1.0,,,0 days 00:00:31.284000,0 days 00:00:33.730000,0 days 00:00:51.505000,0 days 00:19:30.112000,0 days 00:20:03.842000,0 days 00:20:55.347000,199.0,232.0,277.0,105.0,False,HARD,3.0,True,Aston Martin,0 days 00:18:58.828000,,12,,False,,False,True
2021-02,FP2,0 days 00:22:13.469000,STR,18,0 days 00:01:18.122000,4.0,1.0,,,0 days 00:00:24.773000,0 days 00:00:27.131000,0 days 00:00:26.218000,0 days 00:21:20.120000,0 days 00:21:47.251000,0 days 00:22:13.469000,225.0,254.0,282.0,281.0,False,HARD,4.0,True,Aston Martin,0 days 00:20:55.347000,,1,,False,,False,True
2021-02,FP2,0 days 00:24:00.352000,STR,18,0 days 00:01:46.883000,5.0,1.0,,,0 days 00:00:29.771000,0 days 00:00:34.386000,0 days 00:00:42.726000,0 days 00:22:43.240000,0 days 00:23:17.626000,0 days 00:24:00.352000,198.0,227.0,278.0,171.0,False,HARD,5.0,True,Aston Martin,0 days 00:22:13.469000,,1,,False,,False,True
2021-02,FP2,0 days 00:25:29.993000,STR,18,0 days 00:01:29.641000,6.0,1.0,,0 days 00:25:28.086000,0 days 00:00:24.627000,0 days 00:00:26.950000,0 days 00:00:38.064000,0 days 00:24:24.979000,0 days 00:24:51.929000,0 days 00:25:29.993000,228.0,252.0,,277.0,False,HARD,6.0,True,Aston Martin,0 days 00:24:00.352000,,126,,False,,False,False
2021-02,FP2,0 days 00:37:47.886000,STR,18,,7.0,2.0,0 days 00:36:19.156000,,,0 days 00:00:29.860000,0 days 00:00:33.217000,,0 days 00:37:16.137000,0 days 00:37:48.002000,207.0,242.0,282.0,253.0,False,SOFT,2.0,False,Aston Martin,0 days 00:25:29.993000,,671,,False,,False,False
2021-02,FP2,0 days 00:39:04.623000,STR,18,0 days 00:01:16.737000,8.0,2.0,,,0 days 00:00:24.383000,0 days 00:00:26.452000,0 days 00:00:25.902000,0 days 00:38:12.269000,0 days 00:38:38.721000,0 days 00:39:04.623000,228.0,256.0,287.0,283.0,True,SOFT,3.0,False,Aston Martin,0 days 00:37:47.886000,,1,,False,,False,True
2021-02,FP2,0 days 00:40:38.834000,STR,18,0 days 00:01:34.211000,9.0,2.0,,,0 days 00:00:29.693000,0 days 00:00:33.051000,0 days 00:00:31.467000,0 days 00:39:34.316000,0 days 00:40:07.367000,0 days 00:40:38.834000,196.0,153.0,266.0,214.0,False,SOFT,4.0,False,Aston Martin,0 days 00:39:04.623000,,1,,False,,False,True
2021-02,FP2,0 days 00:42:22.785000,STR,18,0 days 00:01:43.951000,10.0,2.0,,,0 days 00:00:29.307000,0 days 00:00:37.177000,0 days 00:00:37.467000,0 days 00:41:08.141000,0 days 00:41:45.318000,0 days 00:42:22.785000,201.0,220.0,280.0,153.0,False,SOFT,5.0,False,Aston Martin,0 days 00:40:38.834000,,1,,False,,False,True
2021-02,FP2,0 days 00:43:39.958000,STR,18,0 days 00:01:17.173000,11.0,2.0,,,0 days 00:00:24.624000,0 days 00:00:26.593000,0 days 00:00:25.956000,0 days 00:42:47.409000,0 days 00:43:14.002000,0 days 00:43:39.958000,228.0,255.0,281.0,286.0,False,SOFT,6.0,False,Aston Martin,0 days 00:42:22.785000,,1,,False,,False,True
2021-02,FP2,0 days 00:45:15.956000,STR,18,0 days 00:01:35.998000,12.0,2.0,,0 days 00:45:11.840000,0 days 00:00:27.775000,0 days 00:00:31.770000,0 days 00:00:36.453000,0 days 00:44:07.733000,0 days 00:44:39.503000,0 days 00:45:15.956000,204.0,219.0,,232.0,False,SOFT,7.0,False,Aston Martin,0 days 00:43:39.958000,,1,,False,,False,False
2021-02,FP2,0 days 00:55:10.784000,STR,18,,13.0,3.0,0 days 00:53:41.310000,,,0 days 00:00:30.018000,0 days 00:00:33.011000,,0 days 00:54:37.805000,0 days 00:55:10.917000,202.0,235.0,272.0,158.0,False,SOFT,5.0,False,Aston Martin,0 days 00:45:15.956000,,1,,False,,False,False
2021-02,FP2,0 days 00:56:32.675000,STR,18,0 days 00:01:21.891000,14.0,3.0,,,0 days 00:00:26.470000,0 days 00:00:28.211000,0 days 00:00:27.210000,0 days 00:55:37.254000,0 days 00:56:05.465000,0 days 00:56:32.675000,210.0,243.0,271.0,272.0,False,SOFT,6.0,False,Aston Martin,0 days 00:55:10.784000,,1,,False,,False,True
2021-02,FP2,0 days 00:57:53.846000,STR,18,0 days 00:01:21.171000,15.0,3.0,,,0 days 00:00:26.213000,0 days 00:00:28.010000,0 days 00:00:26.948000,0 days 00:56:58.888000,0 days 00:57:26.898000,0 days 00:57:53.846000,212.0,242.0,271.0,269.0,False,SOFT,7.0,False,Aston Martin,0 days 00:56:32.675000,,1,,False,,False,True
2021-02,FP2,0 days 00:59:14.977000,STR,18,0 days 00:01:21.131000,16.0,3.0,,,0 days 00:00:26.154000,0 days 00:00:27.975000,0 days 00:00:27.002000,0 days 00:58:20,0 days 00:58:47.975000,0 days 00:59:14.977000,213.0,243.0,271.0,268.0,False,SOFT,8.0,False,Aston Martin,0 days 00:57:53.846000,,1,,False,,False,True
2021-02,FP2,0 days 01:00:35.957000,STR,18,0 days 00:01:20.980000,17.0,3.0,,,0 days 00:00:26.013000,0 days 00:00:27.860000,0 days 00:00:27.107000,0 days 00:59:40.990000,0 days 01:00:08.850000,0 days 01:00:35.957000,217.0,248.0,275.0,276.0,False,SOFT,9.0,False,Aston Martin,0 days 00:59:14.977000,,1,,False,,False,True
2021-02,FP2,0 days 01:02:00.963000,STR,18,0 days 00:01:25.006000,18.0,3.0,,,0 days 00:00:26.192000,0 days 00:00:28.148000,0 days 00:00:30.666000,0 days 01:01:02.149000,0 days 01:01:30.297000,0 days 01:02:00.963000,213.0,246.0,271.0,175.0,False,SOFT,10.0,False,Aston Martin,0 days 01:00:35.957000,,1,,False,,False,True
2021-02,FP2,0 days 01:03:21.976000,STR,18,0 days 00:01:21.013000,19.0,3.0,,,0 days 00:00:26.244000,0 days 00:00:27.877000,0 days 00:00:26.892000,0 days 01:02:27.207000,0 days 01:02:55.084000,0 days 01:03:21.976000,212.0,243.0,279.0,267.0,False,SOFT,11.0,False,Aston Martin,0 days 01:02:00.963000,,1,,False,,False,True
2021-02,FP2,0 days 01:04:41.907000,STR,18,0 days 00:01:19.931000,20.0,3.0,,,0 days 00:00:25.453000,0 days 00:00:27.570000,0 days 00:00:26.908000,0 days 01:03:47.429000,0 days 01:04:14.999000,0 days 01:04:41.907000,218.0,248.0,274.0,269.0,False,SOFT,12.0,False,Aston Martin,0 days 01:03:21.976000,,1,,False,,False,True
2021-02,FP2,0 days 01:06:02.227000,STR,18,0 days 00:01:20.320000,21.0,3.0,,,0 days 00:00:25.632000,0 days 00:00:27.764000,0 days 00:00:26.924000,0 days 01:05:07.539000,0 days 01:05:35.303000,0 days 01:06:02.227000,216.0,245.0,273.0,270.0,False,SOFT,13.0,False,Aston Martin,0 days 01:04:41.907000,,1,,False,,False,True
2021-02,FP2,0 days 01:07:22.641000,STR,18,0 days 00:01:20.414000,22.0,3.0,,,0 days 00:00:25.762000,0 days 00:00:27.804000,0 days 00:00:26.848000,0 days 01:06:27.989000,0 days 01:06:55.793000,0 days 01:07:22.641000,216.0,246.0,273.0,268.0,False,SOFT,14.0,False,Aston Martin,0 days 01:06:02.227000,,1,,False,,False,True
2021-02,FP2,0 days 01:08:44.709000,STR,18,0 days 00:01:22.068000,23.0,3.0,,,0 days 00:00:26.562000,0 days 00:00:28.595000,0 days 00:00:26.911000,0 days 01:07:49.203000,0 days 01:08:17.798000,0 days 01:08:44.709000,210.0,246.0,274.0,269.0,False,SOFT,15.0,False,Aston Martin,0 days 01:07:22.641000,,1,,False,,False,True
2021-02,FP2,0 days 01:10:04.800000,STR,18,0 days 00:01:20.091000,24.0,3.0,,,0 days 00:00:25.757000,0 days 00:00:27.642000,0 days 00:00:26.692000,0 days 01:09:10.466000,0 days 01:09:38.108000,0 days 01:10:04.800000,219.0,247.0,273.0,270.0,False,SOFT,16.0,False,Aston Martin,0 days 01:08:44.709000,,1,,False,,False,True
2021-02,FP2,0 days 01:11:33.034000,STR,18,,25.0,3.0,,0 days 01:11:33.034000,0 days 00:00:25.649000,0 days 00:00:27.629000,,0 days 01:10:30.473000,0 days 01:10:58.097000,,217.0,247.0,,262.0,False,SOFT,17.0,False,Aston Martin,0 days 01:10:04.800000,,125,,False,,False,False
2021-02,FP2,0 days 00:17:28.318000,TSU,22,,1.0,1.0,0 days 00:15:46.463000,,,0 days 00:00:32.237000,0 days 00:00:40.783000,,0 days 00:16:47.566000,0 days 00:17:32.312000,195.0,242.0,277.0,86.0,False,HARD,1.0,True,AlphaTauri,0 days 00:15:46.463000,,1,,False,,False,False
2021-02,FP2,0 days 00:18:46.902000,TSU,22,0 days 00:01:18.584000,2.0,1.0,,,0 days 00:00:25.187000,0 days 00:00:27.180000,0 days 00:00:26.217000,0 days 00:17:53.505000,0 days 00:18:20.685000,0 days 00:18:46.902000,224.0,255.0,283.0,285.0,True,HARD,2.0,True,AlphaTauri,0 days 00:17:28.318000,,1,,False,,False,True
2021-02,FP2,0 days 00:20:38.797000,TSU,22,0 days 00:01:51.895000,3.0,1.0,,,0 days 00:00:31.549000,0 days 00:00:35.952000,0 days 00:00:44.394000,0 days 00:19:18.451000,0 days 00:19:54.403000,0 days 00:20:38.797000,182.0,233.0,284.0,75.0,False,HARD,3.0,True,AlphaTauri,0 days 00:18:46.902000,,12,,False,,False,True
2021-02,FP2,0 days 00:21:55.991000,TSU,22,0 days 00:01:17.194000,4.0,1.0,,,0 days 00:00:24.638000,0 days 00:00:26.698000,0 days 00:00:25.858000,0 days 00:21:03.435000,0 days 00:21:30.133000,0 days 00:21:55.991000,227.0,258.0,285.0,289.0,True,HARD,4.0,True,AlphaTauri,0 days 00:20:38.797000,,1,,False,,False,True
2021-02,FP2,0 days 00:23:40.532000,TSU,22,0 days 00:01:44.541000,5.0,1.0,,,0 days 00:00:32.648000,0 days 00:00:37.887000,0 days 00:00:34.006000,0 days 00:22:28.639000,0 days 00:23:06.526000,0 days 00:23:40.532000,99.0,228.0,281.0,163.0,False,HARD,5.0,True,AlphaTauri,0 days 00:21:55.991000,,1,,False,,False,True
2021-02,FP2,0 days 00:24:58.007000,TSU,22,0 days 00:01:17.475000,6.0,1.0,,,0 days 00:00:24.664000,0 days 00:00:26.800000,0 days 00:00:26.011000,0 days 00:24:05.196000,0 days 00:24:31.996000,0 days 00:24:58.007000,225.0,255.0,276.0,284.0,False,HARD,6.0,True,AlphaTauri,0 days 00:23:40.532000,,12,,False,,False,True
2021-02,FP2,0 days 00:26:43.270000,TSU,22,0 days 00:01:45.263000,7.0,1.0,,0 days 00:26:38.885000,0 days 00:00:35.667000,0 days 00:00:32.970000,0 days 00:00:36.626000,0 days 00:25:33.674000,0 days 00:26:06.644000,0 days 00:26:43.270000,172.0,238.0,,200.0,False,HARD,7.0,True,AlphaTauri,0 days 00:24:58.007000,,2671,,False,,False,False
2021-02,FP2,0 days 00:36:04.756000,TSU,22,,8.0,2.0,0 days 00:34:41.481000,,,0 days 00:00:30.306000,0 days 00:00:27.908000,,0 days 00:35:37.901000,0 days 00:36:06.813000,216.0,245.0,280.0,263.0,False,HARD,2.0,False,AlphaTauri,0 days 00:26:43.270000,,1,,False,,False,False
2021-02,FP2,0 days 00:37:21.636000,TSU,22,0 days 00:01:16.880000,9.0,2.0,,,0 days 00:00:24.514000,0 days 00:00:26.682000,0 days 00:00:25.684000,0 days 00:36:29.270000,0 days 00:36:55.952000,0 days 00:37:21.636000,228.0,257.0,282.0,286.0,False,HARD,3.0,False,AlphaTauri,0 days 00:36:04.756000,,1,,True,TRACK LIMITS AT TURN 9,False,True
2021-02,FP2,0 days 00:39:16.550000,TSU,22,0 days 00:01:54.914000,10.0,2.0,,,0 days 00:00:34.839000,0 days 00:00:42.069000,0 days 00:00:38.006000,0 days 00:37:56.475000,0 days 00:38:38.544000,0 days 00:39:16.550000,145.0,134.0,286.0,145.0,False,HARD,4.0,False,AlphaTauri,0 days 00:37:21.636000,,1,,False,,False,True
2021-02,FP2,0 days 00:40:32.969000,TSU,22,0 days 00:01:16.419000,11.0,2.0,,,0 days 00:00:24.281000,0 days 00:00:26.448000,0 days 00:00:25.690000,0 days 00:39:40.831000,0 days 00:40:07.279000,0 days 00:40:32.969000,232.0,258.0,284.0,285.0,True,HARD,5.0,False,AlphaTauri,0 days 00:39:16.550000,,1,,False,,False,True
2021-02,FP2,0 days 00:42:28.593000,TSU,22,0 days 00:01:55.624000,12.0,2.0,,,0 days 00:00:37.429000,0 days 00:00:41.578000,0 days 00:00:36.617000,0 days 00:41:10.398000,0 days 00:41:51.976000,0 days 00:42:28.593000,163.0,157.0,283.0,179.0,False,HARD,6.0,False,AlphaTauri,0 days 00:40:32.969000,,1,,False,,False,True
2021-02,FP2,0 days 00:43:46.128000,TSU,22,0 days 00:01:17.535000,13.0,2.0,,,0 days 00:00:24.540000,0 days 00:00:26.999000,0 days 00:00:25.996000,0 days 00:42:53.133000,0 days 00:43:20.132000,0 days 00:43:46.128000,228.0,255.0,280.0,285.0,False,HARD,7.0,False,AlphaTauri,0 days 00:42:28.593000,,1,,False,,False,True
2021-02,FP2,0 days 00:45:35.274000,TSU,22,0 days 00:01:49.146000,14.0,2.0,,0 days 00:45:30.859000,0 days 00:00:32.441000,0 days 00:00:43.179000,0 days 00:00:33.526000,0 days 00:44:18.569000,0 days 00:45:01.748000,0 days 00:45:35.274000,185.0,191.0,,264.0,False,HARD,8.0,False,AlphaTauri,0 days 00:43:46.128000,,1,,False,,False,False
2021-02,FP2,0 days 00:56:04.652000,TSU,22,,15.0,3.0,0 days 00:54:41.355000,,,0 days 00:00:28.116000,0 days 00:00:30.987000,,0 days 00:55:33.693000,0 days 00:56:04.817000,215.0,243.0,271.0,159.0,False,SOFT,1.0,True,AlphaTauri,0 days 00:45:35.274000,,1,,False,,False,False
2021-02,FP2,0 days 00:57:25.431000,TSU,22,0 days 00:01:20.779000,16.0,3.0,,,0 days 00:00:26.087000,0 days 00:00:27.840000,0 days 00:00:26.852000,0 days 00:56:30.739000,0 days 00:56:58.579000,0 days 00:57:25.431000,220.0,245.0,269.0,279.0,False,SOFT,2.0,True,AlphaTauri,0 days 00:56:04.652000,,1,,False,,False,True
2021-02,FP2,0 days 00:58:45.750000,TSU,22,0 days 00:01:20.319000,17.0,3.0,,,0 days 00:00:25.740000,0 days 00:00:27.782000,0 days 00:00:26.797000,0 days 00:57:51.171000,0 days 00:58:18.953000,0 days 00:58:45.750000,222.0,246.0,272.0,280.0,False,SOFT,3.0,True,AlphaTauri,0 days 00:57:25.431000,,1,,False,,False,True
2021-02,FP2,0 days 01:00:06.180000,TSU,22,0 days 00:01:20.430000,18.0,3.0,,,0 days 00:00:25.795000,0 days 00:00:27.739000,0 days 00:00:26.896000,0 days 00:59:11.545000,0 days 00:59:39.284000,0 days 01:00:06.180000,222.0,246.0,272.0,279.0,False,SOFT,4.0,True,AlphaTauri,0 days 00:58:45.750000,,1,,False,,False,True
2021-02,FP2,0 days 01:01:26.228000,TSU,22,0 days 00:01:20.048000,19.0,3.0,,,0 days 00:00:25.557000,0 days 00:00:27.620000,0 days 00:00:26.871000,0 days 01:00:31.737000,0 days 01:00:59.357000,0 days 01:01:26.228000,220.0,247.0,271.0,275.0,False,SOFT,5.0,True,AlphaTauri,0 days 01:00:06.180000,,1,,False,,False,True
2021-02,FP2,0 days 01:02:46.158000,TSU,22,0 days 00:01:19.930000,20.0,3.0,,,0 days 00:00:25.501000,0 days 00:00:27.645000,0 days 00:00:26.784000,0 days 01:01:51.729000,0 days 01:02:19.374000,0 days 01:02:46.158000,222.0,248.0,275.0,278.0,False,SOFT,6.0,True,AlphaTauri,0 days 01:01:26.228000,,1,,False,,False,True
2021-02,FP2,0 days 01:04:06.394000,TSU,22,0 days 00:01:20.236000,21.0,3.0,,,0 days 00:00:25.496000,0 days 00:00:27.820000,0 days 00:00:26.920000,0 days 01:03:11.654000,0 days 01:03:39.474000,0 days 01:04:06.394000,222.0,252.0,275.0,276.0,False,SOFT,7.0,True,AlphaTauri,0 days 01:02:46.158000,,1,,False,,False,True
2021-02,FP2,0 days 01:05:27.248000,TSU,22,0 days 00:01:20.854000,22.0,3.0,,,0 days 00:00:25.599000,0 days 00:00:27.966000,0 days 00:00:27.289000,0 days 01:04:31.993000,0 days 01:04:59.959000,0 days 01:05:27.248000,220.0,247.0,274.0,276.0,False,SOFT,8.0,True,AlphaTauri,0 days 01:04:06.394000,,1,,False,,False,True
2021-02,FP2,0 days 01:06:47.645000,TSU,22,0 days 00:01:20.397000,23.0,3.0,,,0 days 00:00:25.558000,0 days 00:00:27.829000,0 days 00:00:27.010000,0 days 01:05:52.806000,0 days 01:06:20.635000,0 days 01:06:47.645000,222.0,249.0,274.0,279.0,False,SOFT,9.0,True,AlphaTauri,0 days 01:05:27.248000,,1,,False,,False,True
2021-02,FP2,0 days 01:08:08.001000,TSU,22,0 days 00:01:20.356000,24.0,3.0,,,0 days 00:00:25.519000,0 days 00:00:27.902000,0 days 00:00:26.935000,0 days 01:07:13.164000,0 days 01:07:41.066000,0 days 01:08:08.001000,221.0,247.0,273.0,278.0,False,SOFT,10.0,True,AlphaTauri,0 days 01:06:47.645000,,1,,False,,False,True
2021-02,FP2,0 days 01:09:28.275000,TSU,22,0 days 00:01:20.274000,25.0,3.0,,,0 days 00:00:25.568000,0 days 00:00:27.807000,0 days 00:00:26.899000,0 days 01:08:33.569000,0 days 01:09:01.376000,0 days 01:09:28.275000,222.0,248.0,273.0,280.0,False,SOFT,11.0,True,AlphaTauri,0 days 01:08:08.001000,,1,,False,,False,True
2021-02,FP2,0 days 01:10:55.818000,TSU,22,0 days 00:01:27.543000,26.0,3.0,,0 days 01:10:52.099000,0 days 00:00:25.796000,0 days 00:00:28.241000,0 days 00:00:33.506000,0 days 01:09:54.071000,0 days 01:10:22.312000,0 days 01:10:55.818000,218.0,253.0,,205.0,False,SOFT,12.0,True,AlphaTauri,0 days 01:09:28.275000,,12,,False,,False,False
2021-02,FP2,0 days 00:16:33.349000,OCO,31,,1.0,1.0,0 days 00:15:03.318000,,,0 days 00:00:31.166000,0 days 00:00:30.198000,,0 days 00:16:03.194000,0 days 00:16:33.448000,204.0,237.0,267.0,264.0,False,HARD,1.0,True,Alpine,0 days 00:15:03.318000,,1,,False,,False,False
2021-02,FP2,0 days 00:18:02.890000,OCO,31,0 days 00:01:29.541000,2.0,1.0,,,0 days 00:00:28.303000,0 days 00:00:31.970000,0 days 00:00:29.268000,0 days 00:17:01.652000,0 days 00:17:33.622000,0 days 00:18:02.890000,205.0,243.0,280.0,258.0,True,HARD,2.0,True,Alpine,0 days 00:16:33.349000,,1,,False,,False,True
2021-02,FP2,0 days 00:19:21.195000,OCO,31,0 days 00:01:18.305000,3.0,1.0,,,0 days 00:00:25.019000,0 days 00:00:27.122000,0 days 00:00:26.164000,0 days 00:18:27.909000,0 days 00:18:55.031000,0 days 00:19:21.195000,227.0,255.0,283.0,287.0,True,HARD,3.0,True,Alpine,0 days 00:18:02.890000,,1,,False,,False,True
2021-02,FP2,0 days 00:21:05.416000,OCO,31,0 days 00:01:44.221000,4.0,1.0,,,0 days 00:00:32.138000,0 days 00:00:42.525000,0 days 00:00:29.558000,0 days 00:19:53.333000,0 days 00:20:35.858000,0 days 00:21:05.416000,163.0,172.0,285.0,268.0,False,HARD,4.0,True,Alpine,0 days 00:19:21.195000,,12,,False,,False,True
2021-02,FP2,0 days 00:22:22.776000,OCO,31,0 days 00:01:17.360000,5.0,1.0,,,0 days 00:00:24.633000,0 days 00:00:26.737000,0 days 00:00:25.990000,0 days 00:21:30.049000,0 days 00:21:56.786000,0 days 00:22:22.776000,227.0,258.0,283.0,291.0,True,HARD,5.0,True,Alpine,0 days 00:21:05.416000,,1,,False,,False,True
2021-02,FP2,0 days 00:24:14.935000,OCO,31,0 days 00:01:52.159000,6.0,1.0,,,0 days 00:00:31.630000,0 days 00:00:43.001000,0 days 00:00:37.528000,0 days 00:22:54.406000,0 days 00:23:37.407000,0 days 00:24:14.935000,157.0,126.0,278.0,184.0,False,HARD,6.0,True,Alpine,0 days 00:22:22.776000,,1,,False,,False,True
2021-02,FP2,0 days 00:25:47.924000,OCO,31,0 days 00:01:32.989000,7.0,1.0,,0 days 00:25:43.604000,0 days 00:00:24.762000,0 days 00:00:26.807000,0 days 00:00:41.420000,0 days 00:24:39.697000,0 days 00:25:06.504000,0 days 00:25:47.924000,229.0,256.0,,216.0,False,HARD,7.0,True,Alpine,0 days 00:24:14.935000,,126,,False,,False,False
2021-02,FP2,0 days 00:35:50.740000,OCO,31,,8.0,2.0,0 days 00:34:22.862000,,,0 days 00:00:30.849000,0 days 00:00:28.278000,,0 days 00:35:22.472000,0 days 00:35:51.431000,207.0,242.0,283.0,267.0,False,HARD,7.0,False,Alpine,0 days 00:25:47.924000,,671,,False,,False,False
2021-02,FP2,0 days 00:37:07.557000,OCO,31,0 days 00:01:16.817000,9.0,2.0,,,0 days 00:00:24.369000,0 days 00:00:26.720000,0 days 00:00:25.728000,0 days 00:36:15.109000,0 days 00:36:41.829000,0 days 00:37:07.557000,229.0,255.0,284.0,286.0,True,HARD,8.0,False,Alpine,0 days 00:35:50.740000,,1,,False,,False,True
2021-02,FP2,0 days 00:38:57.863000,OCO,31,0 days 00:01:50.306000,10.0,2.0,,,0 days 00:00:36.217000,0 days 00:00:36.391000,0 days 00:00:37.698000,0 days 00:37:43.774000,0 days 00:38:20.165000,0 days 00:38:57.863000,158.0,207.0,285.0,118.0,False,HARD,9.0,False,Alpine,0 days 00:37:07.557000,,1,,False,,False,True
2021-02,FP2,0 days 00:40:14.859000,OCO,31,0 days 00:01:16.996000,11.0,2.0,,,0 days 00:00:24.475000,0 days 00:00:26.575000,0 days 00:00:25.946000,0 days 00:39:22.338000,0 days 00:39:48.913000,0 days 00:40:14.859000,229.0,257.0,278.0,287.0,False,HARD,10.0,False,Alpine,0 days 00:38:57.863000,,1,,False,,False,True
2021-02,FP2,0 days 00:42:07.416000,OCO,31,0 days 00:01:52.557000,12.0,2.0,,,0 days 00:00:34.716000,0 days 00:00:41.357000,0 days 00:00:36.484000,0 days 00:40:49.575000,0 days 00:41:30.932000,0 days 00:42:07.416000,152.0,126.0,281.0,212.0,False,HARD,11.0,False,Alpine,0 days 00:40:14.859000,,1,,False,,False,True
2021-02,FP2,0 days 00:43:24.791000,OCO,31,0 days 00:01:17.375000,13.0,2.0,,,0 days 00:00:24.656000,0 days 00:00:26.820000,0 days 00:00:25.899000,0 days 00:42:32.072000,0 days 00:42:58.892000,0 days 00:43:24.791000,229.0,255.0,280.0,285.0,False,HARD,12.0,False,Alpine,0 days 00:42:07.416000,,1,,False,,False,True
2021-02,FP2,0 days 00:44:56.137000,OCO,31,0 days 00:01:31.346000,14.0,2.0,,0 days 00:44:51.967000,0 days 00:00:30.400000,0 days 00:00:29.212000,0 days 00:00:31.734000,0 days 00:43:55.191000,0 days 00:44:24.403000,0 days 00:44:56.137000,192.0,232.0,,263.0,False,HARD,13.0,False,Alpine,0 days 00:43:24.791000,,1,,False,,False,False
2021-02,FP2,0 days 00:55:58.369000,OCO,31,,15.0,3.0,0 days 00:54:38.362000,,,0 days 00:00:28.244000,0 days 00:00:27.164000,,0 days 00:55:31.210000,0 days 00:55:59.757000,212.0,249.0,273.0,278.0,False,MEDIUM,1.0,True,Alpine,0 days 00:44:56.137000,,1,,False,,False,False
2021-02,FP2,0 days 00:57:19.358000,OCO,31,0 days 00:01:20.989000,16.0,3.0,,,0 days 00:00:25.963000,0 days 00:00:27.919000,0 days 00:00:27.107000,0 days 00:56:24.332000,0 days 00:56:52.251000,0 days 00:57:19.358000,216.0,246.0,272.0,277.0,False,MEDIUM,2.0,True,Alpine,0 days 00:55:58.369000,,1,,False,,False,True
2021-02,FP2,0 days 00:58:41.004000,OCO,31,0 days 00:01:21.646000,17.0,3.0,,,0 days 00:00:25.842000,0 days 00:00:27.959000,0 days 00:00:27.845000,0 days 00:57:45.200000,0 days 00:58:13.159000,0 days 00:58:41.004000,217.0,247.0,272.0,279.0,False,MEDIUM,3.0,True,Alpine,0 days 00:57:19.358000,,1,,False,,False,True
2021-02,FP2,0 days 01:00:01.514000,OCO,31,0 days 00:01:20.510000,18.0,3.0,,,0 days 00:00:25.868000,0 days 00:00:27.734000,0 days 00:00:26.908000,0 days 00:59:06.872000,0 days 00:59:34.606000,0 days 01:00:01.514000,218.0,246.0,273.0,277.0,False,MEDIUM,4.0,True,Alpine,0 days 00:58:41.004000,,1,,False,,False,True
2021-02,FP2,0 days 01:01:22.159000,OCO,31,0 days 00:01:20.645000,19.0,3.0,,,0 days 00:00:25.846000,0 days 00:00:27.883000,0 days 00:00:26.916000,0 days 01:00:27.360000,0 days 01:00:55.243000,0 days 01:01:22.159000,216.0,245.0,272.0,276.0,False,MEDIUM,5.0,True,Alpine,0 days 01:00:01.514000,,1,,False,,False,True
2021-02,FP2,0 days 01:02:42.522000,OCO,31,0 days 00:01:20.363000,20.0,3.0,,,0 days 00:00:25.770000,0 days 00:00:27.795000,0 days 00:00:26.798000,0 days 01:01:47.929000,0 days 01:02:15.724000,0 days 01:02:42.522000,218.0,246.0,275.0,275.0,False,MEDIUM,6.0,True,Alpine,0 days 01:01:22.159000,,1,,False,,False,True
2021-02,FP2,0 days 01:04:03.157000,OCO,31,0 days 00:01:20.635000,21.0,3.0,,,0 days 00:00:25.954000,0 days 00:00:27.840000,0 days 00:00:26.841000,0 days 01:03:08.476000,0 days 01:03:36.316000,0 days 01:04:03.157000,217.0,245.0,274.0,272.0,False,MEDIUM,7.0,True,Alpine,0 days 01:02:42.522000,,1,,False,,False,True
2021-02,FP2,0 days 01:05:23.703000,OCO,31,0 days 00:01:20.546000,22.0,3.0,,,0 days 00:00:25.846000,0 days 00:00:27.845000,0 days 00:00:26.855000,0 days 01:04:29.003000,0 days 01:04:56.848000,0 days 01:05:23.703000,217.0,246.0,274.0,274.0,False,MEDIUM,8.0,True,Alpine,0 days 01:04:03.157000,,1,,False,,False,True
2021-02,FP2,0 days 01:06:43.958000,OCO,31,0 days 00:01:20.255000,23.0,3.0,,,0 days 00:00:25.722000,0 days 00:00:27.706000,0 days 00:00:26.827000,0 days 01:05:49.425000,0 days 01:06:17.131000,0 days 01:06:43.958000,219.0,246.0,274.0,275.0,False,MEDIUM,9.0,True,Alpine,0 days 01:05:23.703000,,1,,False,,False,True
2021-02,FP2,0 days 01:08:04.367000,OCO,31,0 days 00:01:20.409000,24.0,3.0,,,0 days 00:00:25.713000,0 days 00:00:27.828000,0 days 00:00:26.868000,0 days 01:07:09.671000,0 days 01:07:37.499000,0 days 01:08:04.367000,220.0,247.0,273.0,276.0,False,MEDIUM,10.0,True,Alpine,0 days 01:06:43.958000,,1,,False,,False,True
2021-02,FP2,0 days 01:09:24.573000,OCO,31,0 days 00:01:20.206000,25.0,3.0,,,0 days 00:00:25.747000,0 days 00:00:27.637000,0 days 00:00:26.822000,0 days 01:08:30.114000,0 days 01:08:57.751000,0 days 01:09:24.573000,216.0,249.0,273.0,277.0,False,MEDIUM,11.0,True,Alpine,0 days 01:08:04.367000,,1,,False,,False,True
2021-02,FP2,0 days 01:10:44.906000,OCO,31,0 days 00:01:20.333000,26.0,3.0,,,0 days 00:00:25.785000,0 days 00:00:27.734000,0 days 00:00:26.814000,0 days 01:09:50.358000,0 days 01:10:18.092000,0 days 01:10:44.906000,220.0,249.0,273.0,279.0,False,MEDIUM,12.0,True,Alpine,0 days 01:09:24.573000,,1,,False,,False,True
2021-02,FP2,0 days 01:12:35.138000,OCO,31,,27.0,3.0,,0 days 01:12:35.138000,0 days 00:00:25.848000,,,0 days 01:11:11.649000,,,216.0,,,,False,MEDIUM,13.0,True,Alpine,0 days 01:10:44.906000,,125,,False,,False,False
2021-02,FP2,0 days 00:20:11.129000,VER,33,,1.0,1.0,0 days 00:18:39.622000,,,0 days 00:00:31.133000,0 days 00:00:30.268000,,0 days 00:19:40.887000,0 days 00:20:11.239000,208.0,239.0,279.0,266.0,False,HARD,1.0,True,Red Bull Racing,0 days 00:18:39.622000,,12,,False,,False,False
2021-02,FP2,0 days 00:21:28.128000,VER,33,0 days 00:01:16.999000,2.0,1.0,,,0 days 00:00:24.651000,0 days 00:00:26.564000,0 days 00:00:25.784000,0 days 00:20:35.780000,0 days 00:21:02.344000,0 days 00:21:28.128000,226.0,256.0,281.0,284.0,True,HARD,2.0,True,Red Bull Racing,0 days 00:20:11.129000,,1,,False,,False,True
2021-02,FP2,0 days 00:23:04.347000,VER,33,0 days 00:01:36.219000,3.0,1.0,,,0 days 00:00:30.967000,0 days 00:00:33.116000,0 days 00:00:32.136000,0 days 00:21:59.095000,0 days 00:22:32.211000,0 days 00:23:04.347000,190.0,227.0,280.0,263.0,False,HARD,3.0,True,Red Bull Racing,0 days 00:21:28.128000,,1,,False,,False,True
2021-02,FP2,0 days 00:24:23.453000,VER,33,0 days 00:01:19.106000,4.0,1.0,,,0 days 00:00:24.398000,0 days 00:00:26.356000,0 days 00:00:28.352000,0 days 00:23:28.745000,0 days 00:23:55.101000,0 days 00:24:23.453000,228.0,255.0,124.0,283.0,False,HARD,4.0,True,Red Bull Racing,0 days 00:23:04.347000,,1,,False,,False,True
2021-02,FP2,0 days 00:25:42.559000,VER,33,0 days 00:01:19.106000,5.0,1.0,,0 days 00:45:24.229000,,,0 days 00:00:28.352000,,,0 days 00:46:01.041000,228.0,255.0,124.0,283.0,False,HARD,5.0,True,Red Bull Racing,0 days 00:24:23.453000,,126,,False,,False,False
2021-02,FP2,0 days 00:18:37.306000,HAM,44,,1.0,1.0,0 days 00:16:57.835000,,,0 days 00:00:33.861000,0 days 00:00:35.711000,,0 days 00:18:01.632000,0 days 00:18:37.457000,194.0,238.0,265.0,158.0,False,HARD,1.0,True,Mercedes,0 days 00:16:57.835000,,1,,False,,False,False
2021-02,FP2,0 days 00:20:04.252000,HAM,44,0 days 00:01:26.946000,2.0,1.0,,,0 days 00:00:29.158000,0 days 00:00:29.315000,0 days 00:00:28.473000,0 days 00:19:06.464000,0 days 00:19:35.779000,0 days 00:20:04.252000,211.0,240.0,282.0,273.0,True,HARD,2.0,True,Mercedes,0 days 00:18:37.306000,,12,,False,,False,True
2021-02,FP2,0 days 00:21:21.192000,HAM,44,0 days 00:01:16.940000,3.0,1.0,,,0 days 00:00:24.585000,0 days 00:00:26.669000,0 days 00:00:25.686000,0 days 00:20:28.837000,0 days 00:20:55.506000,0 days 00:21:21.192000,219.0,255.0,283.0,286.0,True,HARD,3.0,True,Mercedes,0 days 00:20:04.252000,,1,,False,,False,True
2021-02,FP2,0 days 00:22:59.865000,HAM,44,0 days 00:01:38.673000,4.0,1.0,,,0 days 00:00:29.067000,0 days 00:00:33.946000,0 days 00:00:35.660000,0 days 00:21:50.259000,0 days 00:22:24.205000,0 days 00:22:59.865000,200.0,235.0,281.0,182.0,False,HARD,4.0,True,Mercedes,0 days 00:21:21.192000,,1,,False,,False,True
2021-02,FP2,0 days 00:24:16.092000,HAM,44,0 days 00:01:16.227000,5.0,1.0,,,0 days 00:00:24.253000,0 days 00:00:26.401000,0 days 00:00:25.573000,0 days 00:23:24.118000,0 days 00:23:50.519000,0 days 00:24:16.092000,227.0,257.0,286.0,286.0,True,HARD,5.0,True,Mercedes,0 days 00:22:59.865000,,1,,False,,False,True
2021-02,FP2,0 days 00:26:19.028000,HAM,44,0 days 00:02:02.936000,6.0,1.0,,,0 days 00:00:42.511000,0 days 00:00:45.575000,0 days 00:00:34.850000,0 days 00:24:58.603000,0 days 00:25:44.178000,0 days 00:26:19.028000,135.0,237.0,277.0,238.0,False,HARD,6.0,True,Mercedes,0 days 00:24:16.092000,,1267,,False,,False,False
2021-02,FP2,0 days 00:27:49.948000,HAM,44,0 days 00:01:30.920000,7.0,1.0,,,0 days 00:00:27.959000,0 days 00:00:32.072000,0 days 00:00:30.889000,0 days 00:26:46.987000,0 days 00:27:19.059000,0 days 00:27:49.948000,200.0,235.0,287.0,266.0,False,HARD,7.0,True,Mercedes,0 days 00:26:19.028000,,71,,False,,False,False
2021-02,FP2,0 days 00:29:05.620000,HAM,44,0 days 00:01:15.672000,8.0,1.0,,,0 days 00:00:24.094000,0 days 00:00:26.183000,0 days 00:00:25.395000,0 days 00:28:14.042000,0 days 00:28:40.225000,0 days 00:29:05.620000,232.0,257.0,286.0,291.0,True,HARD,8.0,True,Mercedes,0 days 00:27:49.948000,,1,,False,,False,True
2021-02,FP2,0 days 00:30:33.107000,HAM,44,0 days 00:01:27.487000,9.0,1.0,,0 days 00:30:28.690000,0 days 00:00:28.242000,0 days 00:00:28.377000,0 days 00:00:30.868000,0 days 00:29:33.862000,0 days 00:30:02.239000,0 days 00:30:33.107000,201.0,245.0,,273.0,False,HARD,9.0,True,Mercedes,0 days 00:29:05.620000,,1,,False,,False,False
2021-02,FP2,0 days 00:41:43.488000,HAM,44,,10.0,2.0,0 days 00:40:07.044000,,,0 days 00:00:31.175000,0 days 00:00:36.062000,,0 days 00:41:07.463000,0 days 00:41:43.663000,197.0,236.0,281.0,212.0,False,HARD,10.0,False,Mercedes,0 days 00:30:33.107000,,1,,False,,False,False
2021-02,FP2,0 days 00:42:59.432000,HAM,44,0 days 00:01:15.944000,11.0,2.0,,,0 days 00:00:24.123000,0 days 00:00:26.268000,0 days 00:00:25.553000,0 days 00:42:07.611000,0 days 00:42:33.879000,0 days 00:42:59.432000,228.0,254.0,283.0,283.0,False,HARD,11.0,False,Mercedes,0 days 00:41:43.488000,,1,,False,,False,True
2021-02,FP2,0 days 00:44:50.264000,HAM,44,0 days 00:01:50.832000,12.0,2.0,,,0 days 00:00:36.028000,0 days 00:00:32.312000,0 days 00:00:42.492000,0 days 00:43:35.460000,0 days 00:44:07.772000,0 days 00:44:50.264000,160.0,242.0,281.0,119.0,False,HARD,12.0,False,Mercedes,0 days 00:42:59.432000,,1,,False,,False,True
2021-02,FP2,0 days 00:46:05.825000,HAM,44,0 days 00:01:15.561000,13.0,2.0,,,0 days 00:00:24.106000,0 days 00:00:26.204000,0 days 00:00:25.251000,0 days 00:45:14.370000,0 days 00:45:40.574000,0 days 00:46:05.825000,233.0,256.0,283.0,288.0,True,HARD,13.0,False,Mercedes,0 days 00:44:50.264000,,1,,False,,False,True
2021-02,FP2,0 days 00:47:51.593000,HAM,44,0 days 00:01:45.768000,14.0,2.0,,0 days 00:47:48.447000,0 days 00:00:34.792000,0 days 00:00:34.474000,0 days 00:00:36.502000,0 days 00:46:40.617000,0 days 00:47:15.091000,0 days 00:47:51.593000,160.0,229.0,,197.0,False,HARD,14.0,False,Mercedes,0 days 00:46:05.825000,,1,,False,,False,False
2021-02,FP2,0 days 00:56:20.669000,HAM,44,,15.0,3.0,0 days 00:54:51.502000,0 days 00:56:16.214000,,0 days 00:00:29.459000,0 days 00:00:31.920000,,0 days 00:55:48.802000,0 days 00:56:20.814000,210.0,246.0,,280.0,False,SOFT,1.0,True,Mercedes,0 days 00:47:51.593000,,1,,False,,False,False
2021-02,FP2,0 days 00:58:07.119000,HAM,44,0 days 00:01:46.450000,16.0,4.0,0 days 00:56:47.135000,,0 days 00:00:49.735000,0 days 00:00:28.068000,0 days 00:00:28.647000,0 days 00:57:10.404000,0 days 00:57:38.472000,0 days 00:58:07.119000,212.0,248.0,271.0,267.0,False,MEDIUM,1.0,True,Mercedes,0 days 00:56:20.669000,,1,,False,,False,False
2021-02,FP2,0 days 00:59:27.168000,HAM,44,0 days 00:01:20.049000,17.0,4.0,,,0 days 00:00:25.632000,0 days 00:00:27.750000,0 days 00:00:26.667000,0 days 00:58:32.751000,0 days 00:59:00.501000,0 days 00:59:27.168000,216.0,246.0,273.0,281.0,False,MEDIUM,2.0,True,Mercedes,0 days 00:58:07.119000,,1,,True,TRACK LIMITS AT TURN 9,False,True
2021-02,FP2,0 days 01:00:47.110000,HAM,44,0 days 00:01:19.942000,18.0,4.0,,,0 days 00:00:25.501000,0 days 00:00:27.669000,0 days 00:00:26.772000,0 days 00:59:52.669000,0 days 01:00:20.338000,0 days 01:00:47.110000,216.0,247.0,273.0,281.0,False,MEDIUM,3.0,True,Mercedes,0 days 00:59:27.168000,,1,,False,,False,True
2021-02,FP2,0 days 01:02:12.116000,HAM,44,0 days 00:01:25.006000,19.0,4.0,,0 days 01:02:08.641000,0 days 00:00:25.427000,0 days 00:00:27.795000,0 days 00:00:31.784000,0 days 01:01:12.537000,0 days 01:01:40.332000,0 days 01:02:12.116000,218.0,250.0,,284.0,False,MEDIUM,4.0,True,Mercedes,0 days 01:00:47.110000,,1,,False,,False,False
2021-02,FP2,0 days 01:03:50.064000,HAM,44,0 days 00:01:37.948000,20.0,5.0,0 days 01:02:32.903000,,0 days 00:00:43.736000,0 days 00:00:27.547000,0 days 00:00:26.665000,0 days 01:02:55.852000,0 days 01:03:23.399000,0 days 01:03:50.064000,215.0,252.0,274.0,278.0,False,SOFT,1.0,True,Mercedes,0 days 01:02:12.116000,,1,,False,,False,False
2021-02,FP2,0 days 01:05:09.160000,HAM,44,0 days 00:01:19.096000,21.0,5.0,,,0 days 00:00:25.318000,0 days 00:00:27.361000,0 days 00:00:26.417000,0 days 01:04:15.382000,0 days 01:04:42.743000,0 days 01:05:09.160000,220.0,251.0,273.0,276.0,False,SOFT,2.0,True,Mercedes,0 days 01:03:50.064000,,1,,False,,False,True
2021-02,FP2,0 days 01:06:28.847000,HAM,44,0 days 00:01:19.687000,22.0,5.0,,,0 days 00:00:25.448000,0 days 00:00:27.630000,0 days 00:00:26.609000,0 days 01:05:34.608000,0 days 01:06:02.238000,0 days 01:06:28.847000,221.0,246.0,271.0,274.0,False,SOFT,3.0,True,Mercedes,0 days 01:05:09.160000,,1,,False,,False,True
2021-02,FP2,0 days 01:07:52.135000,HAM,44,0 days 00:01:23.288000,23.0,5.0,,,0 days 00:00:25.506000,0 days 00:00:27.746000,0 days 00:00:30.036000,0 days 01:06:54.353000,0 days 01:07:22.099000,0 days 01:07:52.135000,223.0,247.0,271.0,215.0,False,SOFT,4.0,True,Mercedes,0 days 01:06:28.847000,,1,,False,,False,True
2021-02,FP2,0 days 01:09:11.778000,HAM,44,0 days 00:01:19.643000,24.0,5.0,,,0 days 00:00:25.385000,0 days 00:00:27.507000,0 days 00:00:26.751000,0 days 01:08:17.520000,0 days 01:08:45.027000,0 days 01:09:11.778000,220.0,246.0,274.0,273.0,False,SOFT,5.0,True,Mercedes,0 days 01:07:52.135000,,1,,False,,False,True
2021-02,FP2,0 days 01:10:32.389000,HAM,44,0 days 00:01:20.611000,25.0,5.0,,,0 days 00:00:25.597000,0 days 00:00:28.236000,0 days 00:00:26.778000,0 days 01:09:37.375000,0 days 01:10:05.611000,0 days 01:10:32.389000,222.0,249.0,273.0,276.0,False,SOFT,6.0,True,Mercedes,0 days 01:09:11.778000,,1,,False,,False,True
2021-02,FP2,0 days 01:12:11.477000,HAM,44,,26.0,5.0,,0 days 01:12:11.477000,0 days 00:00:25.314000,,,0 days 01:10:57.738000,,,,,,,False,SOFT,7.0,True,Mercedes,0 days 01:10:32.389000,,125,,False,,False,False
2021-02,FP2,0 days 00:17:18.699000,MSC,47,,1.0,1.0,0 days 00:15:40.352000,,,0 days 00:00:33.419000,0 days 00:00:36.956000,,0 days 00:16:41.793000,0 days 00:17:22.607000,189.0,230.0,275.0,184.0,False,MEDIUM,1.0,True,Haas F1 Team,0 days 00:15:40.352000,,1,,False,,False,False
2021-02,FP2,0 days 00:18:41.589000,MSC,47,0 days 00:01:22.890000,2.0,1.0,,,0 days 00:00:26.903000,0 days 00:00:28.638000,0 days 00:00:27.349000,0 days 00:17:45.602000,0 days 00:18:14.240000,0 days 00:18:41.589000,218.0,251.0,282.0,282.0,True,MEDIUM,2.0,True,Haas F1 Team,0 days 00:17:18.699000,,1,,False,,False,True
2021-02,FP2,0 days 00:20:06.505000,MSC,47,0 days 00:01:24.916000,3.0,1.0,,,0 days 00:00:26.536000,0 days 00:00:28.724000,0 days 00:00:29.656000,0 days 00:19:08.125000,0 days 00:19:36.849000,0 days 00:20:06.505000,213.0,255.0,283.0,245.0,False,MEDIUM,3.0,True,Haas F1 Team,0 days 00:18:41.589000,,12,,False,,False,True
2021-02,FP2,0 days 00:21:26.137000,MSC,47,0 days 00:01:19.632000,4.0,1.0,,,0 days 00:00:25.533000,0 days 00:00:27.594000,0 days 00:00:26.505000,0 days 00:20:32.038000,0 days 00:20:59.632000,0 days 00:21:26.137000,225.0,255.0,282.0,284.0,False,MEDIUM,4.0,True,Haas F1 Team,0 days 00:20:06.505000,,1,,True,TRACK LIMITS AT TURN 9,False,True
2021-02,FP2,0 days 00:22:45.213000,MSC,47,0 days 00:01:19.076000,5.0,1.0,,,0 days 00:00:25.331000,0 days 00:00:27.539000,0 days 00:00:26.206000,0 days 00:21:51.468000,0 days 00:22:19.007000,0 days 00:22:45.213000,219.0,254.0,281.0,285.0,True,MEDIUM,5.0,True,Haas F1 Team,0 days 00:21:26.137000,,1,,False,,False,True
2021-02,FP2,0 days 00:24:03.819000,MSC,47,0 days 00:01:18.606000,6.0,1.0,,,0 days 00:00:25.215000,0 days 00:00:27.157000,0 days 00:00:26.234000,0 days 00:23:10.428000,0 days 00:23:37.585000,0 days 00:24:03.819000,225.0,253.0,281.0,285.0,False,MEDIUM,6.0,True,Haas F1 Team,0 days 00:22:45.213000,,1,,True,TRACK LIMITS AT TURN 9,False,True
2021-02,FP2,0 days 00:25:29.655000,MSC,47,0 days 00:01:25.836000,7.0,1.0,,,0 days 00:00:24.885000,0 days 00:00:27.482000,0 days 00:00:33.469000,0 days 00:24:28.704000,0 days 00:24:56.186000,0 days 00:25:29.655000,225.0,253.0,222.0,185.0,False,MEDIUM,7.0,True,Haas F1 Team,0 days 00:24:03.819000,,126,,False,,False,False
2021-02,FP2,0 days 00:27:11.301000,MSC,47,0 days 00:01:41.646000,8.0,1.0,,,0 days 00:00:34.867000,0 days 00:00:33.516000,0 days 00:00:33.263000,0 days 00:26:04.522000,0 days 00:26:38.038000,0 days 00:27:11.301000,190.0,241.0,281.0,201.0,False,MEDIUM,8.0,True,Haas F1 Team,0 days 00:25:29.655000,,671,,False,,False,False
2021-02,FP2,0 days 00:28:30.898000,MSC,47,0 days 00:01:19.597000,9.0,1.0,,,0 days 00:00:25.533000,0 days 00:00:27.562000,0 days 00:00:26.502000,0 days 00:27:36.834000,0 days 00:28:04.396000,0 days 00:28:30.898000,223.0,254.0,280.0,283.0,False,MEDIUM,9.0,True,Haas F1 Team,0 days 00:27:11.301000,,1,,False,,False,True
2021-02,FP2,0 days 00:29:49.675000,MSC,47,0 days 00:01:18.777000,10.0,1.0,,,0 days 00:00:24.964000,0 days 00:00:27.437000,0 days 00:00:26.376000,0 days 00:28:55.862000,0 days 00:29:23.299000,0 days 00:29:49.675000,224.0,254.0,281.0,283.0,True,MEDIUM,10.0,True,Haas F1 Team,0 days 00:28:30.898000,,1,,False,,False,True
2021-02,FP2,0 days 00:31:08.727000,MSC,47,0 days 00:01:19.052000,11.0,1.0,,,0 days 00:00:25.055000,0 days 00:00:27.545000,0 days 00:00:26.452000,0 days 00:30:14.730000,0 days 00:30:42.275000,0 days 00:31:08.727000,224.0,253.0,281.0,283.0,False,MEDIUM,11.0,True,Haas F1 Team,0 days 00:29:49.675000,,1,,False,,False,True
2021-02,FP2,0 days 00:32:44.541000,MSC,47,0 days 00:01:35.814000,12.0,1.0,,0 days 00:32:43.129000,0 days 00:00:29.431000,0 days 00:00:31.914000,0 days 00:00:34.469000,0 days 00:31:38.158000,0 days 00:32:10.072000,0 days 00:32:44.541000,197.0,235.0,,264.0,False,MEDIUM,12.0,True,Haas F1 Team,0 days 00:31:08.727000,,1,,False,,False,False
2021-02,FP2,0 days 00:41:33.835000,MSC,47,,13.0,2.0,0 days 00:39:52.469000,,,0 days 00:00:37.680000,0 days 00:00:35.946000,,0 days 00:40:57.901000,0 days 00:41:33.977000,186.0,174.0,281.0,107.0,False,SOFT,1.0,True,Haas F1 Team,0 days 00:32:44.541000,,1,,False,,False,False
2021-02,FP2,0 days 00:42:52.350000,MSC,47,0 days 00:01:18.515000,14.0,2.0,,,0 days 00:00:25.255000,0 days 00:00:27.198000,0 days 00:00:26.062000,0 days 00:41:59.090000,0 days 00:42:26.288000,0 days 00:42:52.350000,222.0,257.0,284.0,285.0,True,SOFT,2.0,True,Haas F1 Team,0 days 00:41:33.835000,,1,,False,,False,True
2021-02,FP2,0 days 00:44:38.856000,MSC,47,0 days 00:01:46.506000,15.0,2.0,,,0 days 00:00:30.853000,0 days 00:00:37.264000,0 days 00:00:38.389000,0 days 00:43:23.203000,0 days 00:44:00.467000,0 days 00:44:38.856000,170.0,228.0,283.0,78.0,False,SOFT,3.0,True,Haas F1 Team,0 days 00:42:52.350000,,1,,False,,False,True
2021-02,FP2,0 days 00:45:56.470000,MSC,47,0 days 00:01:17.614000,16.0,2.0,,,0 days 00:00:24.700000,0 days 00:00:27.070000,0 days 00:00:25.844000,0 days 00:45:03.556000,0 days 00:45:30.626000,0 days 00:45:56.470000,224.0,256.0,284.0,287.0,True,SOFT,4.0,True,Haas F1 Team,0 days 00:44:38.856000,,1,,False,,False,True
2021-02,FP2,0 days 00:47:41.965000,MSC,47,0 days 00:01:45.495000,17.0,2.0,,,0 days 00:00:32.494000,0 days 00:00:39.105000,0 days 00:00:33.896000,0 days 00:46:28.964000,0 days 00:47:08.069000,0 days 00:47:41.965000,151.0,181.0,282.0,165.0,False,SOFT,5.0,True,Haas F1 Team,0 days 00:45:56.470000,,1,,False,,False,True
2021-02,FP2,0 days 00:48:59.315000,MSC,47,0 days 00:01:17.350000,18.0,2.0,,,0 days 00:00:24.740000,0 days 00:00:26.872000,0 days 00:00:25.738000,0 days 00:48:06.705000,0 days 00:48:33.577000,0 days 00:48:59.315000,225.0,256.0,284.0,286.0,True,SOFT,6.0,True,Haas F1 Team,0 days 00:47:41.965000,,1,,False,,False,True
2021-02,FP2,0 days 00:50:34.222000,MSC,47,0 days 00:01:34.907000,19.0,2.0,,,0 days 00:00:29.571000,0 days 00:00:34.158000,0 days 00:00:31.178000,0 days 00:49:28.886000,0 days 00:50:03.044000,0 days 00:50:34.222000,181.0,227.0,282.0,265.0,False,SOFT,7.0,True,Haas F1 Team,0 days 00:48:59.315000,,1,,False,,False,True
2021-02,FP2,0 days 00:51:52.112000,MSC,47,0 days 00:01:17.890000,20.0,2.0,,,0 days 00:00:24.943000,0 days 00:00:26.954000,0 days 00:00:25.993000,0 days 00:50:59.165000,0 days 00:51:26.119000,0 days 00:51:52.112000,225.0,255.0,282.0,285.0,False,SOFT,8.0,True,Haas F1 Team,0 days 00:50:34.222000,,1,,False,,False,True
2021-02,FP2,0 days 00:53:27.766000,MSC,47,0 days 00:01:35.654000,21.0,2.0,,0 days 00:53:23.352000,0 days 00:00:29.634000,0 days 00:00:31.340000,0 days 00:00:34.680000,0 days 00:52:21.746000,0 days 00:52:53.086000,0 days 00:53:27.766000,198.0,231.0,,265.0,False,SOFT,9.0,True,Haas F1 Team,0 days 00:51:52.112000,,1,,False,,False,False
2021-02,FP2,0 days 01:03:29.441000,MSC,47,,22.0,3.0,0 days 01:02:01.556000,,,0 days 00:00:31.063000,0 days 00:00:29.365000,,0 days 01:03:00.087000,0 days 01:03:29.553000,201.0,131.0,274.0,277.0,False,HARD,1.0,True,Haas F1 Team,0 days 00:53:27.766000,,1,,False,,False,False
2021-02,FP2,0 days 01:04:51.932000,MSC,47,0 days 00:01:22.491000,23.0,3.0,,,0 days 00:00:26.572000,0 days 00:00:28.573000,0 days 00:00:27.346000,0 days 01:03:56.013000,0 days 01:04:24.586000,0 days 01:04:51.932000,215.0,249.0,272.0,281.0,False,HARD,2.0,True,Haas F1 Team,0 days 01:03:29.441000,,1,,False,,False,True
2021-02,FP2,0 days 01:06:14.631000,MSC,47,0 days 00:01:22.699000,24.0,3.0,,,0 days 00:00:26.873000,0 days 00:00:28.574000,0 days 00:00:27.252000,0 days 01:05:18.805000,0 days 01:05:47.379000,0 days 01:06:14.631000,215.0,250.0,273.0,284.0,False,HARD,3.0,True,Haas F1 Team,0 days 01:04:51.932000,,1,,False,,False,True
2021-02,FP2,0 days 01:07:36.059000,MSC,47,0 days 00:01:21.428000,25.0,3.0,,,0 days 00:00:26.260000,0 days 00:00:28.226000,0 days 00:00:26.942000,0 days 01:06:40.891000,0 days 01:07:09.117000,0 days 01:07:36.059000,215.0,249.0,272.0,283.0,False,HARD,4.0,True,Haas F1 Team,0 days 01:06:14.631000,,1,,False,,False,True
2021-02,FP2,0 days 01:08:57.358000,MSC,47,0 days 00:01:21.299000,26.0,3.0,,,0 days 00:00:26.047000,0 days 00:00:28.235000,0 days 00:00:27.017000,0 days 01:08:02.106000,0 days 01:08:30.341000,0 days 01:08:57.358000,218.0,250.0,273.0,281.0,False,HARD,5.0,True,Haas F1 Team,0 days 01:07:36.059000,,1,,False,,False,True
2021-02,FP2,0 days 01:10:19.765000,MSC,47,0 days 00:01:22.407000,27.0,3.0,,,0 days 00:00:26.049000,0 days 00:00:28.757000,0 days 00:00:27.601000,0 days 01:09:23.407000,0 days 01:09:52.164000,0 days 01:10:19.765000,219.0,250.0,272.0,281.0,False,HARD,6.0,True,Haas F1 Team,0 days 01:08:57.358000,,1,,False,,False,True
2021-02,FP2,0 days 01:11:57.721000,MSC,47,,28.0,3.0,,0 days 01:11:57.721000,0 days 00:00:26.209000,,,0 days 01:10:45.986000,,,214.0,,,,False,HARD,7.0,True,Haas F1 Team,0 days 01:10:19.765000,,125,,False,,False,False
2021-02,FP2,0 days 00:17:00.127000,SAI,55,,1.0,1.0,0 days 00:15:25.729000,,,0 days 00:00:35.209000,0 days 00:00:30.448000,,0 days 00:16:29.789000,0 days 00:17:00.280000,185.0,226.0,278.0,259.0,False,HARD,1.0,True,Ferrari,0 days 00:15:25.729000,,1,,False,,False,False
2021-02,FP2,0 days 00:18:17.921000,SAI,55,0 days 00:01:17.794000,2.0,1.0,,,0 days 00:00:25.035000,0 days 00:00:26.890000,0 days 00:00:25.869000,0 days 00:17:25.162000,0 days 00:17:52.052000,0 days 00:18:17.921000,226.0,254.0,281.0,284.0,True,HARD,2.0,True,Ferrari,0 days 00:17:00.127000,,1,,False,,False,True
2021-02,FP2,0 days 00:20:22.576000,SAI,55,0 days 00:02:04.655000,3.0,1.0,,,0 days 00:00:36.612000,0 days 00:00:45.651000,0 days 00:00:42.392000,0 days 00:18:54.533000,0 days 00:19:40.184000,0 days 00:20:22.576000,142.0,223.0,277.0,197.0,False,HARD,3.0,True,Ferrari,0 days 00:18:17.921000,,12,,False,,False,True
2021-02,FP2,0 days 00:21:52.971000,SAI,55,0 days 00:01:30.395000,4.0,1.0,,,0 days 00:00:26.116000,0 days 00:00:33.094000,0 days 00:00:31.185000,0 days 00:20:48.692000,0 days 00:21:21.786000,0 days 00:21:52.971000,200.0,237.0,280.0,266.0,False,HARD,4.0,True,Ferrari,0 days 00:20:22.576000,,1,,False,,False,True
2021-02,FP2,0 days 00:23:09.694000,SAI,55,0 days 00:01:16.723000,5.0,1.0,,,0 days 00:00:24.544000,0 days 00:00:26.542000,0 days 00:00:25.637000,0 days 00:22:17.515000,0 days 00:22:44.057000,0 days 00:23:09.694000,225.0,255.0,284.0,289.0,True,HARD,5.0,True,Ferrari,0 days 00:21:52.971000,,1,,False,,False,True
2021-02,FP2,0 days 00:24:54.619000,SAI,55,0 days 00:01:44.925000,6.0,1.0,,,0 days 00:00:31.184000,0 days 00:00:36.950000,0 days 00:00:36.791000,0 days 00:23:40.878000,0 days 00:24:17.828000,0 days 00:24:54.619000,166.0,205.0,276.0,253.0,False,HARD,6.0,True,Ferrari,0 days 00:23:09.694000,,12,,False,,False,True
2021-02,FP2,0 days 00:26:40.935000,SAI,55,0 days 00:01:46.316000,7.0,1.0,,0 days 00:26:38.053000,0 days 00:00:34.624000,0 days 00:00:33.158000,0 days 00:00:38.534000,0 days 00:25:29.243000,0 days 00:26:02.401000,0 days 00:26:40.935000,197.0,212.0,,261.0,False,HARD,7.0,True,Ferrari,0 days 00:24:54.619000,,2671,,False,,False,False
2021-02,FP2,0 days 00:28:52.389000,SAI,55,0 days 00:02:11.454000,8.0,2.0,0 days 00:27:18.949000,0 days 00:28:47.956000,0 days 00:01:06.957000,0 days 00:00:31.184000,0 days 00:00:33.313000,0 days 00:27:47.892000,0 days 00:28:19.076000,0 days 00:28:52.389000,182.0,252.0,,262.0,False,HARD,10.0,False,Ferrari,0 days 00:26:40.935000,,1,,False,,False,False
2021-02,FP2,0 days 00:35:06.367000,SAI,55,,9.0,3.0,0 days 00:33:29.716000,,,0 days 00:00:35.153000,0 days 00:00:31.217000,,0 days 00:34:35.198000,0 days 00:35:06.567000,174.0,228.0,282.0,261.0,False,SOFT,1.0,True,Ferrari,0 days 00:28:52.389000,,1,,False,,False,False
2021-02,FP2,0 days 00:36:22.201000,SAI,55,0 days 00:01:15.834000,10.0,3.0,,,0 days 00:00:24.191000,0 days 00:00:26.304000,0 days 00:00:25.339000,0 days 00:35:30.558000,0 days 00:35:56.862000,0 days 00:36:22.201000,230.0,257.0,282.0,288.0,True,SOFT,2.0,True,Ferrari,0 days 00:35:06.367000,,1,,False,,False,True
2021-02,FP2,0 days 00:38:14.071000,SAI,55,0 days 00:01:51.870000,11.0,3.0,,,0 days 00:00:31.794000,0 days 00:00:45.056000,0 days 00:00:35.020000,0 days 00:36:53.995000,0 days 00:37:39.051000,0 days 00:38:14.071000,158.0,111.0,283.0,252.0,False,SOFT,3.0,True,Ferrari,0 days 00:36:22.201000,,1,,False,,False,True
2021-02,FP2,0 days 00:39:36.438000,SAI,55,0 days 00:01:22.367000,12.0,3.0,,0 days 00:39:32.044000,0 days 00:00:24.119000,0 days 00:00:26.224000,0 days 00:00:32.024000,0 days 00:38:38.190000,0 days 00:39:04.414000,0 days 00:39:36.438000,232.0,257.0,,284.0,False,SOFT,4.0,True,Ferrari,0 days 00:38:14.071000,,1,,False,,False,False
2021-02,FP2,0 days 00:47:57.498000,SAI,55,,13.0,4.0,0 days 00:46:20.399000,0 days 00:47:53.012000,,0 days 00:00:33.460000,0 days 00:00:35.928000,,0 days 00:47:21.627000,0 days 00:47:57.619000,173.0,232.0,,233.0,False,MEDIUM,1.0,True,Ferrari,0 days 00:39:36.438000,,1,,False,,False,False
2021-02,FP2,0 days 00:50:08.917000,SAI,55,0 days 00:02:11.419000,14.0,5.0,0 days 00:48:47.924000,,0 days 00:01:13.922000,0 days 00:00:29.014000,0 days 00:00:28.483000,0 days 00:49:11.420000,0 days 00:49:40.434000,0 days 00:50:08.917000,213.0,246.0,270.0,273.0,False,MEDIUM,8.0,False,Ferrari,0 days 00:47:57.498000,,1,,False,,False,False
2021-02,FP2,0 days 00:51:30.391000,SAI,55,0 days 00:01:21.474000,15.0,5.0,,,0 days 00:00:26.142000,0 days 00:00:28.090000,0 days 00:00:27.242000,0 days 00:50:35.059000,0 days 00:51:03.149000,0 days 00:51:30.391000,217.0,249.0,271.0,277.0,False,MEDIUM,9.0,False,Ferrari,0 days 00:50:08.917000,,1,,False,,False,True
2021-02,FP2,0 days 00:52:51.466000,SAI,55,0 days 00:01:21.075000,16.0,5.0,,,0 days 00:00:25.901000,0 days 00:00:28.026000,0 days 00:00:27.148000,0 days 00:51:56.292000,0 days 00:52:24.318000,0 days 00:52:51.466000,220.0,249.0,270.0,280.0,False,MEDIUM,10.0,False,Ferrari,0 days 00:51:30.391000,,1,,False,,False,True
2021-02,FP2,0 days 00:54:12.653000,SAI,55,0 days 00:01:21.187000,17.0,5.0,,,0 days 00:00:25.811000,0 days 00:00:28.115000,0 days 00:00:27.261000,0 days 00:53:17.277000,0 days 00:53:45.392000,0 days 00:54:12.653000,218.0,249.0,273.0,280.0,False,MEDIUM,11.0,False,Ferrari,0 days 00:52:51.466000,,1,,False,,False,True
2021-02,FP2,0 days 00:55:33.053000,SAI,55,0 days 00:01:20.400000,18.0,5.0,,,0 days 00:00:25.617000,0 days 00:00:27.797000,0 days 00:00:26.986000,0 days 00:54:38.270000,0 days 00:55:06.067000,0 days 00:55:33.053000,220.0,251.0,281.0,285.0,False,MEDIUM,12.0,False,Ferrari,0 days 00:54:12.653000,,1,,False,,False,True
2021-02,FP2,0 days 00:56:52.726000,SAI,55,0 days 00:01:19.673000,19.0,5.0,,,0 days 00:00:25.247000,0 days 00:00:27.691000,0 days 00:00:26.735000,0 days 00:55:58.300000,0 days 00:56:25.991000,0 days 00:56:52.726000,218.0,250.0,273.0,281.0,False,MEDIUM,13.0,False,Ferrari,0 days 00:55:33.053000,,1,,False,,False,True
2021-02,FP2,0 days 00:58:12.518000,SAI,55,0 days 00:01:19.792000,20.0,5.0,,,0 days 00:00:25.421000,0 days 00:00:27.693000,0 days 00:00:26.678000,0 days 00:57:18.147000,0 days 00:57:45.840000,0 days 00:58:12.518000,219.0,250.0,273.0,281.0,False,MEDIUM,14.0,False,Ferrari,0 days 00:56:52.726000,,1,,False,,False,True
2021-02,FP2,0 days 00:59:32.738000,SAI,55,0 days 00:01:20.220000,21.0,5.0,,,0 days 00:00:25.373000,0 days 00:00:27.974000,0 days 00:00:26.873000,0 days 00:58:37.891000,0 days 00:59:05.865000,0 days 00:59:32.738000,219.0,250.0,272.0,283.0,False,MEDIUM,15.0,False,Ferrari,0 days 00:58:12.518000,,1,,False,,False,True
2021-02,FP2,0 days 01:00:52.826000,SAI,55,0 days 00:01:20.088000,22.0,5.0,,,0 days 00:00:25.362000,0 days 00:00:27.590000,0 days 00:00:27.136000,0 days 00:59:58.100000,0 days 01:00:25.690000,0 days 01:00:52.826000,220.0,252.0,273.0,283.0,False,MEDIUM,16.0,False,Ferrari,0 days 00:59:32.738000,,1,,False,,False,True
2021-02,FP2,0 days 01:02:12.866000,SAI,55,0 days 00:01:20.040000,23.0,5.0,,,0 days 00:00:25.486000,0 days 00:00:27.655000,0 days 00:00:26.899000,0 days 01:01:18.312000,0 days 01:01:45.967000,0 days 01:02:12.866000,220.0,251.0,275.0,283.0,False,MEDIUM,17.0,False,Ferrari,0 days 01:00:52.826000,,1,,False,,False,True
2021-02,FP2,0 days 01:03:38.087000,SAI,55,0 days 00:01:25.221000,24.0,5.0,,,0 days 00:00:30.654000,0 days 00:00:27.727000,0 days 00:00:26.840000,0 days 01:02:43.520000,0 days 01:03:11.247000,0 days 01:03:38.087000,218.0,251.0,274.0,279.0,False,MEDIUM,18.0,False,Ferrari,0 days 01:02:12.866000,,1,,False,,False,True
2021-02,FP2,0 days 01:04:57.925000,SAI,55,0 days 00:01:19.838000,25.0,5.0,,,0 days 00:00:25.450000,0 days 00:00:27.555000,0 days 00:00:26.833000,0 days 01:04:03.537000,0 days 01:04:31.092000,0 days 01:04:57.925000,217.0,251.0,273.0,279.0,False,MEDIUM,19.0,False,Ferrari,0 days 01:03:38.087000,,1,,False,,False,True
2021-02,FP2,0 days 01:06:17.948000,SAI,55,0 days 00:01:20.023000,26.0,5.0,,,0 days 00:00:25.385000,0 days 00:00:27.775000,0 days 00:00:26.863000,0 days 01:05:23.310000,0 days 01:05:51.085000,0 days 01:06:17.948000,221.0,252.0,273.0,280.0,False,MEDIUM,20.0,False,Ferrari,0 days 01:04:57.925000,,1,,False,,False,True
2021-02,FP2,0 days 01:07:38.387000,SAI,55,0 days 00:01:20.439000,27.0,5.0,,,0 days 00:00:25.395000,0 days 00:00:27.900000,0 days 00:00:27.144000,0 days 01:06:43.343000,0 days 01:07:11.243000,0 days 01:07:38.387000,221.0,251.0,272.0,281.0,False,MEDIUM,21.0,False,Ferrari,0 days 01:06:17.948000,,1,,False,,False,True
2021-02,FP2,0 days 01:09:03.291000,SAI,55,0 days 00:01:24.904000,28.0,5.0,,0 days 01:08:58.880000,0 days 00:00:25.521000,0 days 00:00:27.948000,0 days 00:00:31.435000,0 days 01:08:03.908000,0 days 01:08:31.856000,0 days 01:09:03.291000,223.0,253.0,,286.0,False,MEDIUM,22.0,False,Ferrari,0 days 01:07:38.387000,,1,,False,,False,False
2021-02,FP2,0 days 01:10:47.611000,SAI,55,0 days 00:01:44.320000,29.0,6.0,0 days 01:09:29.833000,,0 days 00:00:49.720000,0 days 00:00:27.723000,0 days 00:00:26.877000,0 days 01:09:53.011000,0 days 01:10:20.734000,0 days 01:10:47.611000,217.0,252.0,273.0,280.0,False,SOFT,1.0,True,Ferrari,0 days 01:09:03.291000,,1,,False,,False,False
2021-02,FP2,0 days 00:16:29.627000,RUS,63,,1.0,1.0,0 days 00:14:58.680000,,,0 days 00:00:31.377000,0 days 00:00:30.673000,,0 days 00:15:58.990000,0 days 00:16:29.789000,204.0,241.0,277.0,256.0,False,MEDIUM,1.0,True,Williams,0 days 00:14:58.680000,,1,,False,,False,False
2021-02,FP2,0 days 00:17:52.566000,RUS,63,0 days 00:01:22.939000,2.0,1.0,,,0 days 00:00:26.121000,0 days 00:00:28.290000,0 days 00:00:28.528000,0 days 00:16:55.748000,0 days 00:17:24.038000,0 days 00:17:52.566000,217.0,248.0,280.0,274.0,True,MEDIUM,2.0,True,Williams,0 days 00:16:29.627000,,1,,False,,False,True
2021-02,FP2,0 days 00:19:12.343000,RUS,63,0 days 00:01:19.777000,3.0,1.0,,,0 days 00:00:25.435000,0 days 00:00:27.547000,0 days 00:00:26.795000,0 days 00:18:18.001000,0 days 00:18:45.548000,0 days 00:19:12.343000,221.0,250.0,281.0,278.0,True,MEDIUM,3.0,True,Williams,0 days 00:17:52.566000,,1,,False,,False,True
2021-02,FP2,0 days 00:20:59.246000,RUS,63,0 days 00:01:46.903000,4.0,1.0,,,0 days 00:00:28.810000,0 days 00:00:31.788000,0 days 00:00:46.305000,0 days 00:19:41.153000,0 days 00:20:12.941000,0 days 00:20:59.246000,208.0,246.0,281.0,72.0,False,MEDIUM,4.0,True,Williams,0 days 00:19:12.343000,,12,,False,,False,True
2021-02,FP2,0 days 00:22:17.894000,RUS,63,0 days 00:01:18.648000,5.0,1.0,,,0 days 00:00:25.044000,0 days 00:00:27.106000,0 days 00:00:26.498000,0 days 00:21:24.290000,0 days 00:21:51.396000,0 days 00:22:17.894000,224.0,259.0,285.0,293.0,True,MEDIUM,5.0,True,Williams,0 days 00:20:59.246000,,1,,False,,False,True
2021-02,FP2,0 days 00:23:58.934000,RUS,63,0 days 00:01:41.040000,6.0,1.0,,0 days 00:23:54.568000,0 days 00:00:29.462000,0 days 00:00:35.010000,0 days 00:00:36.568000,0 days 00:22:47.356000,0 days 00:23:22.366000,0 days 00:23:58.934000,190.0,232.0,,145.0,False,MEDIUM,6.0,True,Williams,0 days 00:22:17.894000,,1,,False,,False,False
2021-02,FP2,0 days 00:32:18.305000,RUS,63,,7.0,2.0,0 days 00:30:45.611000,,,0 days 00:00:33.789000,0 days 00:00:32.105000,,0 days 00:31:46.226000,0 days 00:32:18.449000,206.0,234.0,278.0,256.0,False,SOFT,1.0,True,Williams,0 days 00:23:58.934000,,1267,,False,,False,False
2021-02,FP2,0 days 00:33:36.189000,RUS,63,0 days 00:01:17.884000,8.0,2.0,,,0 days 00:00:24.811000,0 days 00:00:26.816000,0 days 00:00:26.257000,0 days 00:32:43.116000,0 days 00:33:09.932000,0 days 00:33:36.189000,227.0,255.0,281.0,279.0,True,SOFT,2.0,True,Williams,0 days 00:32:18.305000,,1,,False,,False,True
2021-02,FP2,0 days 00:35:19.907000,RUS,63,0 days 00:01:43.718000,9.0,2.0,,,0 days 00:00:33.503000,0 days 00:00:37.346000,0 days 00:00:32.869000,0 days 00:34:09.692000,0 days 00:34:47.038000,0 days 00:35:19.907000,158.0,237.0,281.0,255.0,False,SOFT,3.0,True,Williams,0 days 00:33:36.189000,,1,,False,,False,True
2021-02,FP2,0 days 00:36:37.285000,RUS,63,0 days 00:01:17.378000,10.0,2.0,,,0 days 00:00:24.697000,0 days 00:00:26.621000,0 days 00:00:26.060000,0 days 00:35:44.604000,0 days 00:36:11.225000,0 days 00:36:37.285000,227.0,257.0,282.0,283.0,True,SOFT,4.0,True,Williams,0 days 00:35:19.907000,,1,,False,,False,True
2021-02,FP2,0 days 00:38:39.901000,RUS,63,0 days 00:02:02.616000,11.0,2.0,,,0 days 00:00:36.333000,0 days 00:00:43.232000,0 days 00:00:43.051000,0 days 00:37:13.618000,0 days 00:37:56.850000,0 days 00:38:39.901000,168.0,192.0,281.0,142.0,False,SOFT,5.0,True,Williams,0 days 00:36:37.285000,,1,,False,,False,True
2021-02,FP2,0 days 00:39:57.108000,RUS,63,0 days 00:01:17.207000,12.0,2.0,,,0 days 00:00:24.485000,0 days 00:00:26.650000,0 days 00:00:26.072000,0 days 00:39:04.386000,0 days 00:39:31.036000,0 days 00:39:57.108000,229.0,258.0,283.0,281.0,True,SOFT,6.0,True,Williams,0 days 00:38:39.901000,,1,,False,,False,True
2021-02,FP2,0 days 00:41:52.623000,RUS,63,0 days 00:01:55.515000,13.0,2.0,,,0 days 00:00:36.265000,0 days 00:00:40.896000,0 days 00:00:38.354000,0 days 00:40:33.373000,0 days 00:41:14.269000,0 days 00:41:52.623000,174.0,230.0,281.0,107.0,False,SOFT,7.0,True,Williams,0 days 00:39:57.108000,,1,,False,,False,True
2021-02,FP2,0 days 00:43:09.802000,RUS,63,0 days 00:01:17.179000,14.0,2.0,,,0 days 00:00:24.563000,0 days 00:00:26.633000,0 days 00:00:25.983000,0 days 00:42:17.186000,0 days 00:42:43.819000,0 days 00:43:09.802000,229.0,256.0,282.0,281.0,True,SOFT,8.0,True,Williams,0 days 00:41:52.623000,,1,,False,,False,True
2021-02,FP2,0 days 00:44:45.058000,RUS,63,0 days 00:01:35.256000,15.0,2.0,,0 days 00:44:40.693000,0 days 00:00:27.990000,0 days 00:00:32.489000,0 days 00:00:34.777000,0 days 00:43:37.792000,0 days 00:44:10.281000,0 days 00:44:45.058000,207.0,245.0,,177.0,False,SOFT,9.0,True,Williams,0 days 00:43:09.802000,,1,,False,,False,False
2021-02,FP2,0 days 00:50:51.398000,RUS,63,,16.0,3.0,0 days 00:49:30.194000,,,0 days 00:00:29.293000,0 days 00:00:27.573000,,0 days 00:50:24.711000,0 days 00:50:51.561000,209.0,244.0,270.0,269.0,False,SOFT,8.0,False,Williams,0 days 00:44:45.058000,,1,,False,,False,False
2021-02,FP2,0 days 00:52:17.065000,RUS,63,0 days 00:01:25.667000,17.0,3.0,,0 days 00:52:12.725000,0 days 00:00:26.260000,0 days 00:00:28.003000,0 days 00:00:31.404000,0 days 00:51:17.658000,0 days 00:51:45.661000,0 days 00:52:17.065000,216.0,244.0,,274.0,False,SOFT,9.0,False,Williams,0 days 00:50:51.398000,,1,,False,,False,False
2021-02,FP2,0 days 00:54:09.764000,RUS,63,0 days 00:01:52.699000,18.0,4.0,0 days 00:52:47.241000,,0 days 00:00:55.327000,0 days 00:00:29.398000,0 days 00:00:27.974000,0 days 00:53:12.392000,0 days 00:53:41.790000,0 days 00:54:09.764000,169.0,247.0,271.0,270.0,False,HARD,1.0,True,Williams,0 days 00:52:17.065000,,1,,False,,False,False
2021-02,FP2,0 days 00:55:32.446000,RUS,63,0 days 00:01:22.682000,19.0,4.0,,,0 days 00:00:26.854000,0 days 00:00:28.236000,0 days 00:00:27.592000,0 days 00:54:36.618000,0 days 00:55:04.854000,0 days 00:55:32.446000,210.0,245.0,272.0,274.0,False,HARD,2.0,True,Williams,0 days 00:54:09.764000,,1,,False,,False,True
2021-02,FP2,0 days 00:56:54.903000,RUS,63,0 days 00:01:22.457000,20.0,4.0,,,0 days 00:00:27.300000,0 days 00:00:27.971000,0 days 00:00:27.186000,0 days 00:55:59.746000,0 days 00:56:27.717000,0 days 00:56:54.903000,214.0,249.0,275.0,280.0,False,HARD,3.0,True,Williams,0 days 00:55:32.446000,,1,,False,,False,True
2021-02,FP2,0 days 00:58:19.017000,RUS,63,0 days 00:01:24.114000,21.0,4.0,,,0 days 00:00:28.277000,0 days 00:00:28.464000,0 days 00:00:27.373000,0 days 00:57:23.180000,0 days 00:57:51.644000,0 days 00:58:19.017000,203.0,249.0,272.0,280.0,False,HARD,4.0,True,Williams,0 days 00:56:54.903000,,1,,False,,False,True
2021-02,FP2,0 days 00:59:39.794000,RUS,63,0 days 00:01:20.777000,22.0,4.0,,,0 days 00:00:26.226000,0 days 00:00:27.591000,0 days 00:00:26.960000,0 days 00:58:45.243000,0 days 00:59:12.834000,0 days 00:59:39.794000,218.0,247.0,273.0,277.0,False,HARD,5.0,True,Williams,0 days 00:58:19.017000,,1,,False,,False,True
2021-02,FP2,0 days 01:00:59.908000,RUS,63,0 days 00:01:20.114000,23.0,4.0,,,0 days 00:00:25.901000,0 days 00:00:27.387000,0 days 00:00:26.826000,0 days 01:00:05.695000,0 days 01:00:33.082000,0 days 01:00:59.908000,222.0,249.0,272.0,277.0,False,HARD,6.0,True,Williams,0 days 00:59:39.794000,,1,,False,,False,True
2021-02,FP2,0 days 01:02:19.796000,RUS,63,0 days 00:01:19.888000,24.0,4.0,,,0 days 00:00:25.797000,0 days 00:00:27.356000,0 days 00:00:26.735000,0 days 01:01:25.705000,0 days 01:01:53.061000,0 days 01:02:19.796000,221.0,248.0,275.0,278.0,False,HARD,7.0,True,Williams,0 days 01:00:59.908000,,1,,True,TRACK LIMITS AT TURN 15,False,True
2021-02,FP2,0 days 01:03:40.074000,RUS,63,0 days 00:01:20.278000,25.0,4.0,,,0 days 00:00:25.870000,0 days 00:00:27.541000,0 days 00:00:26.867000,0 days 01:02:45.666000,0 days 01:03:13.207000,0 days 01:03:40.074000,220.0,250.0,278.0,277.0,False,HARD,8.0,True,Williams,0 days 01:02:19.796000,,1,,False,,False,True
2021-02,FP2,0 days 01:05:00.255000,RUS,63,0 days 00:01:20.181000,26.0,4.0,,,0 days 00:00:25.805000,0 days 00:00:27.536000,0 days 00:00:26.840000,0 days 01:04:05.879000,0 days 01:04:33.415000,0 days 01:05:00.255000,219.0,251.0,276.0,275.0,False,HARD,9.0,True,Williams,0 days 01:03:40.074000,,1,,False,,False,True
2021-02,FP2,0 days 01:06:20.225000,RUS,63,0 days 00:01:19.970000,27.0,4.0,,,0 days 00:00:25.636000,0 days 00:00:27.508000,0 days 00:00:26.826000,0 days 01:05:25.891000,0 days 01:05:53.399000,0 days 01:06:20.225000,220.0,251.0,276.0,280.0,False,HARD,10.0,True,Williams,0 days 01:05:00.255000,,1,,False,,False,True
2021-02,FP2,0 days 01:07:40.173000,RUS,63,0 days 00:01:19.948000,28.0,4.0,,,0 days 00:00:25.612000,0 days 00:00:27.503000,0 days 00:00:26.833000,0 days 01:06:45.837000,0 days 01:07:13.340000,0 days 01:07:40.173000,222.0,250.0,276.0,277.0,False,HARD,11.0,True,Williams,0 days 01:06:20.225000,,1,,False,,False,True
2021-02,FP2,0 days 01:09:00.108000,RUS,63,0 days 00:01:19.935000,29.0,4.0,,,0 days 00:00:25.574000,0 days 00:00:27.452000,0 days 00:00:26.909000,0 days 01:08:05.747000,0 days 01:08:33.199000,0 days 01:09:00.108000,221.0,254.0,283.0,280.0,False,HARD,12.0,True,Williams,0 days 01:07:40.173000,,1,,False,,False,True
2021-02,FP2,0 days 01:10:20.635000,RUS,63,0 days 00:01:20.527000,30.0,4.0,,,0 days 00:00:25.306000,0 days 00:00:27.973000,0 days 00:00:27.248000,0 days 01:09:25.414000,0 days 01:09:53.387000,0 days 01:10:20.635000,221.0,251.0,283.0,280.0,False,HARD,13.0,True,Williams,0 days 01:09:00.108000,,1,,False,,False,True
2021-02,FP2,0 days 01:12:01.645000,RUS,63,,31.0,4.0,,0 days 01:12:01.645000,0 days 00:00:25.788000,,,0 days 01:10:46.452000,,,219.0,,,,False,HARD,14.0,True,Williams,0 days 01:10:20.635000,,125,,False,,False,False
2021-02,FP2,0 days 00:17:55.499000,BOT,77,,1.0,1.0,0 days 00:16:23.014000,,,0 days 00:00:36.607000,0 days 00:00:29.187000,,0 days 00:17:26.348000,0 days 00:17:57.656000,198.0,247.0,278.0,265.0,False,HARD,1.0,True,Mercedes,0 days 00:16:23.014000,,1,,False,,False,False
2021-02,FP2,0 days 00:19:19.201000,BOT,77,0 days 00:01:23.702000,2.0,1.0,,,0 days 00:00:26.073000,0 days 00:00:28.035000,0 days 00:00:29.594000,0 days 00:18:21.572000,0 days 00:18:49.607000,0 days 00:19:19.201000,213.0,214.0,282.0,268.0,True,HARD,2.0,True,Mercedes,0 days 00:17:55.499000,,1,,False,,False,True
2021-02,FP2,0 days 00:20:36.283000,BOT,77,0 days 00:01:17.082000,3.0,1.0,,,0 days 00:00:24.634000,0 days 00:00:26.677000,0 days 00:00:25.771000,0 days 00:19:43.835000,0 days 00:20:10.512000,0 days 00:20:36.283000,227.0,255.0,282.0,278.0,True,HARD,3.0,True,Mercedes,0 days 00:19:19.201000,,12,,False,,False,True
2021-02,FP2,0 days 00:22:05.338000,BOT,77,0 days 00:01:29.055000,4.0,1.0,,,0 days 00:00:28.833000,0 days 00:00:32.238000,0 days 00:00:27.984000,0 days 00:21:05.116000,0 days 00:21:37.354000,0 days 00:22:05.338000,205.0,244.0,282.0,277.0,False,HARD,4.0,True,Mercedes,0 days 00:20:36.283000,,1,,False,,False,True
2021-02,FP2,0 days 00:23:21.806000,BOT,77,0 days 00:01:16.468000,5.0,1.0,,,0 days 00:00:24.351000,0 days 00:00:26.590000,0 days 00:00:25.527000,0 days 00:22:29.689000,0 days 00:22:56.279000,0 days 00:23:21.806000,225.0,255.0,281.0,285.0,True,HARD,5.0,True,Mercedes,0 days 00:22:05.338000,,1,,False,,False,True
2021-02,FP2,0 days 00:24:48.268000,BOT,77,0 days 00:01:26.462000,6.0,1.0,,,0 days 00:00:27.292000,0 days 00:00:30.827000,0 days 00:00:28.343000,0 days 00:23:49.098000,0 days 00:24:19.925000,0 days 00:24:48.268000,197.0,242.0,282.0,272.0,False,HARD,6.0,True,Mercedes,0 days 00:23:21.806000,,12,,False,,False,True
2021-02,FP2,0 days 00:26:32.146000,BOT,77,0 days 00:01:43.878000,7.0,1.0,,,0 days 00:00:34.399000,0 days 00:00:34.455000,0 days 00:00:35.024000,0 days 00:25:22.667000,0 days 00:25:57.122000,0 days 00:26:32.146000,203.0,242.0,286.0,264.0,False,HARD,7.0,True,Mercedes,0 days 00:24:48.268000,,2671,,False,,False,False
2021-02,FP2,0 days 00:27:47.697000,BOT,77,0 days 00:01:15.551000,8.0,1.0,,,0 days 00:00:24.025000,0 days 00:00:26.224000,0 days 00:00:25.302000,0 days 00:26:56.171000,0 days 00:27:22.395000,0 days 00:27:47.697000,229.0,256.0,286.0,290.0,True,HARD,8.0,True,Mercedes,0 days 00:26:32.146000,,1,,False,,False,True
2021-02,FP2,0 days 00:29:21.018000,BOT,77,0 days 00:01:33.321000,9.0,1.0,,0 days 00:29:16.686000,0 days 00:00:28.028000,0 days 00:00:32.006000,0 days 00:00:33.287000,0 days 00:28:15.725000,0 days 00:28:47.731000,0 days 00:29:21.018000,205.0,213.0,,265.0,False,HARD,9.0,True,Mercedes,0 days 00:27:47.697000,,1,,False,,False,False
2021-02,FP2,0 days 00:43:56.727000,BOT,77,,10.0,2.0,0 days 00:42:31.906000,,,0 days 00:00:28.845000,0 days 00:00:28.956000,,0 days 00:43:29.784000,0 days 00:43:56.876000,212.0,249.0,281.0,268.0,False,HARD,11.0,False,Mercedes,0 days 00:29:21.018000,,1,,False,,False,False
2021-02,FP2,0 days 00:45:12.854000,BOT,77,0 days 00:01:16.127000,11.0,2.0,,,0 days 00:00:24.351000,0 days 00:00:26.342000,0 days 00:00:25.434000,0 days 00:44:21.078000,0 days 00:44:47.420000,0 days 00:45:12.854000,227.0,256.0,281.0,285.0,False,HARD,12.0,False,Mercedes,0 days 00:43:56.727000,,1,,False,,False,True
2021-02,FP2,0 days 00:46:44.586000,BOT,77,0 days 00:01:31.732000,12.0,2.0,,,0 days 00:00:29.299000,0 days 00:00:33.308000,0 days 00:00:29.125000,0 days 00:45:42.153000,0 days 00:46:15.461000,0 days 00:46:44.586000,191.0,241.0,280.0,273.0,False,HARD,13.0,False,Mercedes,0 days 00:45:12.854000,,1,,False,,False,True
2021-02,FP2,0 days 00:48:00.227000,BOT,77,0 days 00:01:15.641000,13.0,2.0,,,0 days 00:00:24.219000,0 days 00:00:26.176000,0 days 00:00:25.246000,0 days 00:47:08.805000,0 days 00:47:34.981000,0 days 00:48:00.227000,231.0,257.0,281.0,287.0,False,HARD,14.0,False,Mercedes,0 days 00:46:44.586000,,1,,False,,False,True
2021-02,FP2,0 days 00:49:41.651000,BOT,77,0 days 00:01:41.424000,14.0,2.0,,0 days 00:49:37.247000,0 days 00:00:32.847000,0 days 00:00:32.116000,0 days 00:00:36.461000,0 days 00:48:33.074000,0 days 00:49:05.190000,0 days 00:49:41.651000,189.0,193.0,,211.0,False,HARD,15.0,False,Mercedes,0 days 00:48:00.227000,,1,,False,,False,False
2021-02,FP2,0 days 00:56:49.950000,BOT,77,,15.0,3.0,0 days 00:55:24.845000,0 days 00:56:45.410000,,0 days 00:00:28.486000,0 days 00:00:30.628000,,0 days 00:56:19.346000,0 days 00:56:50.104000,197.0,246.0,,276.0,False,SOFT,1.0,True,Mercedes,0 days 00:49:41.651000,,1,,False,,False,False
2021-02,FP2,0 days 00:58:33.887000,BOT,77,0 days 00:01:43.937000,16.0,4.0,0 days 00:57:16.247000,,0 days 00:00:49.357000,0 days 00:00:27.957000,0 days 00:00:26.623000,0 days 00:57:39.307000,0 days 00:58:07.264000,0 days 00:58:33.887000,210.0,246.0,273.0,279.0,False,MEDIUM,1.0,True,Mercedes,0 days 00:56:49.950000,,1,,False,,False,False
2021-02,FP2,0 days 00:59:54.917000,BOT,77,0 days 00:01:21.030000,17.0,4.0,,,0 days 00:00:26.082000,0 days 00:00:28.097000,0 days 00:00:26.851000,0 days 00:58:59.969000,0 days 00:59:28.066000,0 days 00:59:54.917000,211.0,249.0,274.0,282.0,False,MEDIUM,2.0,True,Mercedes,0 days 00:58:33.887000,,1,,False,,False,True
2021-02,FP2,0 days 01:01:19.339000,BOT,77,0 days 00:01:24.422000,18.0,4.0,,0 days 01:01:14.876000,0 days 00:00:25.689000,0 days 00:00:27.820000,0 days 00:00:30.913000,0 days 01:00:20.606000,0 days 01:00:48.426000,0 days 01:01:19.339000,212.0,249.0,,282.0,False,MEDIUM,3.0,True,Mercedes,0 days 00:59:54.917000,,1,,False,,False,False
2021-02,FP2,0 days 01:03:02.781000,BOT,77,0 days 00:01:43.442000,19.0,5.0,0 days 01:01:46.155000,,0 days 00:00:49.272000,0 days 00:00:27.788000,0 days 00:00:26.382000,0 days 01:02:08.611000,0 days 01:02:36.399000,0 days 01:03:02.781000,214.0,245.0,273.0,274.0,False,SOFT,1.0,True,Mercedes,0 days 01:01:19.339000,,1,,False,,False,False
2021-02,FP2,0 days 01:04:22.220000,BOT,77,0 days 00:01:19.439000,20.0,5.0,,,0 days 00:00:25.551000,0 days 00:00:27.457000,0 days 00:00:26.431000,0 days 01:03:28.332000,0 days 01:03:55.789000,0 days 01:04:22.220000,216.0,248.0,273.0,276.0,False,SOFT,2.0,True,Mercedes,0 days 01:03:02.781000,,1,,False,,False,True
2021-02,FP2,0 days 01:05:41.341000,BOT,77,0 days 00:01:19.121000,21.0,5.0,,,0 days 00:00:25.330000,0 days 00:00:27.431000,0 days 00:00:26.360000,0 days 01:04:47.550000,0 days 01:05:14.981000,0 days 01:05:41.341000,219.0,248.0,273.0,275.0,False,SOFT,3.0,True,Mercedes,0 days 01:04:22.220000,,1,,False,,False,True
2021-02,FP2,0 days 01:07:01.324000,BOT,77,0 days 00:01:19.983000,22.0,5.0,,,0 days 00:00:26.131000,0 days 00:00:27.436000,0 days 00:00:26.416000,0 days 01:06:07.472000,0 days 01:06:34.908000,0 days 01:07:01.324000,220.0,246.0,272.0,272.0,False,SOFT,4.0,True,Mercedes,0 days 01:05:41.341000,,1,,False,,False,True
2021-02,FP2,0 days 01:08:21.409000,BOT,77,0 days 00:01:20.085000,23.0,5.0,,,0 days 00:00:25.534000,0 days 00:00:27.742000,0 days 00:00:26.809000,0 days 01:07:26.858000,0 days 01:07:54.600000,0 days 01:08:21.409000,220.0,244.0,271.0,272.0,False,SOFT,5.0,True,Mercedes,0 days 01:07:01.324000,,1,,False,,False,True
2021-02,FP2,0 days 01:09:40.848000,BOT,77,0 days 00:01:19.439000,24.0,5.0,,,0 days 00:00:25.580000,0 days 00:00:27.433000,0 days 00:00:26.426000,0 days 01:08:46.989000,0 days 01:09:14.422000,0 days 01:09:40.848000,220.0,249.0,272.0,275.0,False,SOFT,6.0,True,Mercedes,0 days 01:08:21.409000,,1,,False,,False,True
2021-02,FP2,0 days 01:11:10.760000,BOT,77,,25.0,5.0,,0 days 01:11:10.760000,0 days 00:00:25.438000,0 days 00:00:27.428000,,0 days 01:10:06.294000,0 days 01:10:34.178000,,220.0,247.0,,275.0,False,SOFT,7.0,True,Mercedes,0 days 01:09:40.848000,,12,,False,,False,False
2021-02,FP2,0 days 00:17:12.122000,GIO,99,,1.0,1.0,0 days 00:15:37.169000,,,0 days 00:00:32.554000,0 days 00:00:34.038000,,0 days 00:16:38.113000,0 days 00:17:12.283000,201.0,232.0,280.0,209.0,False,HARD,1.0,True,Alfa Romeo Racing,0 days 00:15:37.169000,,1,,False,,False,False
2021-02,FP2,0 days 00:18:30.435000,GIO,99,0 days 00:01:18.313000,2.0,1.0,,,0 days 00:00:25.189000,0 days 00:00:27.110000,0 days 00:00:26.014000,0 days 00:17:37.311000,0 days 00:18:04.421000,0 days 00:18:30.435000,222.0,256.0,283.0,284.0,True,HARD,2.0,True,Alfa Romeo Racing,0 days 00:17:12.122000,,1,,False,,False,True
2021-02,FP2,0 days 00:20:31.985000,GIO,99,0 days 00:02:01.550000,3.0,1.0,,,0 days 00:00:37.810000,0 days 00:00:39.254000,0 days 00:00:44.486000,0 days 00:19:08.245000,0 days 00:19:47.499000,0 days 00:20:31.985000,146.0,172.0,281.0,128.0,False,HARD,3.0,True,Alfa Romeo Racing,0 days 00:18:30.435000,,12,,False,,False,True
2021-02,FP2,0 days 00:21:49.751000,GIO,99,0 days 00:01:17.766000,4.0,1.0,,,0 days 00:00:24.832000,0 days 00:00:26.954000,0 days 00:00:25.980000,0 days 00:20:56.817000,0 days 00:21:23.771000,0 days 00:21:49.751000,225.0,256.0,282.0,284.0,True,HARD,4.0,True,Alfa Romeo Racing,0 days 00:20:31.985000,,1,,False,,False,True
2021-02,FP2,0 days 00:23:33.856000,GIO,99,0 days 00:01:44.105000,5.0,1.0,,,0 days 00:00:35.056000,0 days 00:00:37.035000,0 days 00:00:32.014000,0 days 00:22:24.807000,0 days 00:23:01.842000,0 days 00:23:33.856000,182.0,132.0,280.0,235.0,False,HARD,5.0,True,Alfa Romeo Racing,0 days 00:21:49.751000,,1,,False,,False,True
2021-02,FP2,0 days 00:24:51.447000,GIO,99,0 days 00:01:17.591000,6.0,1.0,,,0 days 00:00:24.880000,0 days 00:00:26.809000,0 days 00:00:25.902000,0 days 00:23:58.736000,0 days 00:24:25.545000,0 days 00:24:51.447000,222.0,256.0,277.0,283.0,True,HARD,6.0,True,Alfa Romeo Racing,0 days 00:23:33.856000,,12,,False,,False,True
2021-02,FP2,0 days 00:26:38.792000,GIO,99,0 days 00:01:47.345000,7.0,1.0,,0 days 00:26:34.377000,0 days 00:00:36.765000,0 days 00:00:33.235000,0 days 00:00:37.345000,0 days 00:25:28.212000,0 days 00:26:01.447000,0 days 00:26:38.792000,204.0,132.0,,217.0,False,HARD,7.0,True,Alfa Romeo Racing,0 days 00:24:51.447000,,2671,,False,,False,False
2021-02,FP2,0 days 00:28:46.131000,GIO,99,0 days 00:02:07.339000,8.0,2.0,0 days 00:27:16.504000,0 days 00:28:41.725000,0 days 00:01:01.813000,0 days 00:00:30.791000,0 days 00:00:34.735000,0 days 00:27:40.605000,0 days 00:28:11.396000,0 days 00:28:46.131000,202.0,184.0,,263.0,False,SOFT,1.0,True,Alfa Romeo Racing,0 days 00:26:38.792000,,1,,False,,False,False
2021-02,FP2,0 days 00:37:57.442000,GIO,99,,9.0,3.0,0 days 00:36:29.751000,,,0 days 00:00:31.230000,0 days 00:00:28.700000,,0 days 00:37:28.781000,0 days 00:37:57.558000,206.0,238.0,284.0,225.0,False,SOFT,6.0,False,Alfa Romeo Racing,0 days 00:28:46.131000,,1,,False,,False,False
2021-02,FP2,0 days 00:39:13.955000,GIO,99,0 days 00:01:16.513000,10.0,3.0,,,0 days 00:00:24.389000,0 days 00:00:26.571000,0 days 00:00:25.553000,0 days 00:38:21.831000,0 days 00:38:48.402000,0 days 00:39:13.955000,227.0,256.0,284.0,284.0,True,SOFT,7.0,False,Alfa Romeo Racing,0 days 00:37:57.442000,,1,,False,,False,True
2021-02,FP2,0 days 00:40:59.256000,GIO,99,0 days 00:01:45.301000,11.0,3.0,,,0 days 00:00:32.543000,0 days 00:00:36.539000,0 days 00:00:36.219000,0 days 00:39:46.498000,0 days 00:40:23.037000,0 days 00:40:59.256000,187.0,226.0,283.0,223.0,False,SOFT,8.0,False,Alfa Romeo Racing,0 days 00:39:13.955000,,1,,False,,False,True
2021-02,FP2,0 days 00:42:16.234000,GIO,99,0 days 00:01:16.978000,12.0,3.0,,,0 days 00:00:24.612000,0 days 00:00:26.678000,0 days 00:00:25.688000,0 days 00:41:23.868000,0 days 00:41:50.546000,0 days 00:42:16.234000,225.0,256.0,284.0,284.0,False,SOFT,9.0,False,Alfa Romeo Racing,0 days 00:40:59.256000,,1,,True,TRACK LIMITS AT TURN 9,False,True
2021-02,FP2,0 days 00:44:00.344000,GIO,99,0 days 00:01:44.110000,13.0,3.0,,,0 days 00:00:34.782000,0 days 00:00:37.550000,0 days 00:00:31.778000,0 days 00:42:51.016000,0 days 00:43:28.566000,0 days 00:44:00.344000,174.0,145.0,282.0,226.0,False,SOFT,10.0,False,Alfa Romeo Racing,0 days 00:42:16.234000,,1,,False,,False,True
2021-02,FP2,0 days 00:45:17.816000,GIO,99,0 days 00:01:17.472000,14.0,3.0,,,0 days 00:00:24.633000,0 days 00:00:26.978000,0 days 00:00:25.861000,0 days 00:44:24.977000,0 days 00:44:51.955000,0 days 00:45:17.816000,224.0,256.0,284.0,287.0,False,SOFT,11.0,False,Alfa Romeo Racing,0 days 00:44:00.344000,,1,,False,,False,True
2021-02,FP2,0 days 00:46:53.003000,GIO,99,0 days 00:01:35.187000,15.0,3.0,,0 days 00:46:50.006000,0 days 00:00:29.533000,0 days 00:00:31.820000,0 days 00:00:33.834000,0 days 00:45:47.349000,0 days 00:46:19.169000,0 days 00:46:53.003000,198.0,233.0,,249.0,False,SOFT,12.0,False,Alfa Romeo Racing,0 days 00:45:17.816000,,1,,False,,False,False
2021-02,FP2,0 days 00:58:31.331000,GIO,99,,16.0,4.0,0 days 00:56:59.245000,0 days 00:58:27.052000,,0 days 00:00:30.329000,0 days 00:00:34.816000,,0 days 00:57:56.556000,0 days 00:58:31.451000,202.0,206.0,,264.0,False,MEDIUM,1.0,True,Alfa Romeo Racing,0 days 00:46:53.003000,,1,,False,,False,False
2021-02,FP2,0 days 01:00:27.349000,GIO,99,0 days 00:01:56.018000,17.0,5.0,0 days 00:59:08.067000,,0 days 00:01:00.370000,0 days 00:00:28.457000,0 days 00:00:27.191000,0 days 00:59:31.701000,0 days 01:00:00.158000,0 days 01:00:27.349000,213.0,247.0,270.0,273.0,False,MEDIUM,8.0,False,Alfa Romeo Racing,0 days 00:58:31.331000,,1,,False,,False,False
2021-02,FP2,0 days 01:01:48.224000,GIO,99,0 days 00:01:20.875000,18.0,5.0,,,0 days 00:00:26.116000,0 days 00:00:27.954000,0 days 00:00:26.805000,0 days 01:00:53.465000,0 days 01:01:21.419000,0 days 01:01:48.224000,216.0,249.0,271.0,277.0,False,MEDIUM,9.0,False,Alfa Romeo Racing,0 days 01:00:27.349000,,1,,False,,False,True
2021-02,FP2,0 days 01:03:08.758000,GIO,99,0 days 00:01:20.534000,19.0,5.0,,,0 days 00:00:25.953000,0 days 00:00:27.990000,0 days 00:00:26.591000,0 days 01:02:14.177000,0 days 01:02:42.167000,0 days 01:03:08.758000,218.0,249.0,273.0,277.0,False,MEDIUM,10.0,False,Alfa Romeo Racing,0 days 01:01:48.224000,,1,,False,,False,True
2021-02,FP2,0 days 01:04:29.068000,GIO,99,0 days 00:01:20.310000,20.0,5.0,,,0 days 00:00:25.942000,0 days 00:00:27.716000,0 days 00:00:26.652000,0 days 01:03:34.700000,0 days 01:04:02.416000,0 days 01:04:29.068000,217.0,252.0,273.0,277.0,False,MEDIUM,11.0,False,Alfa Romeo Racing,0 days 01:03:08.758000,,1,,False,,False,True
2021-02,FP2,0 days 01:05:49.312000,GIO,99,0 days 00:01:20.244000,21.0,5.0,,,0 days 00:00:25.884000,0 days 00:00:27.760000,0 days 00:00:26.600000,0 days 01:04:54.952000,0 days 01:05:22.712000,0 days 01:05:49.312000,220.0,251.0,272.0,277.0,False,MEDIUM,12.0,False,Alfa Romeo Racing,0 days 01:04:29.068000,,1,,False,,False,True
2021-02,FP2,0 days 01:07:09.468000,GIO,99,0 days 00:01:20.156000,22.0,5.0,,,0 days 00:00:25.745000,0 days 00:00:27.795000,0 days 00:00:26.616000,0 days 01:06:15.057000,0 days 01:06:42.852000,0 days 01:07:09.468000,219.0,250.0,272.0,277.0,False,MEDIUM,13.0,False,Alfa Romeo Racing,0 days 01:05:49.312000,,1,,False,,False,True
2021-02,FP2,0 days 01:08:29.647000,GIO,99,0 days 00:01:20.179000,23.0,5.0,,,0 days 00:00:25.847000,0 days 00:00:27.697000,0 days 00:00:26.635000,0 days 01:07:35.315000,0 days 01:08:03.012000,0 days 01:08:29.647000,215.0,251.0,272.0,279.0,False,MEDIUM,14.0,False,Alfa Romeo Racing,0 days 01:07:09.468000,,1,,False,,False,True
2021-02,FP2,0 days 01:09:49.676000,GIO,99,0 days 00:01:20.029000,24.0,5.0,,,0 days 00:00:25.684000,0 days 00:00:27.770000,0 days 00:00:26.575000,0 days 01:08:55.331000,0 days 01:09:23.101000,0 days 01:09:49.676000,219.0,251.0,272.0,279.0,False,MEDIUM,15.0,False,Alfa Romeo Racing,0 days 01:08:29.647000,,1,,True,TRACK LIMITS AT TURN 9,False,True
2021-02,FP2,0 days 01:11:15.321000,GIO,99,,25.0,5.0,,0 days 01:11:15.321000,0 days 00:00:25.701000,0 days 00:00:27.704000,,0 days 01:10:17.070000,0 days 01:10:43.113000,,,251.0,,252.0,False,MEDIUM,16.0,False,Alfa Romeo Racing,0 days 01:09:49.676000,,125,,False,,False,False
2021-02,FP3,0 days 00:33:33.656000,RIC,3,,1.0,1.0,0 days 00:32:04.140000,,,0 days 00:00:29.980000,0 days 00:00:34.672000,,0 days 00:32:59.045000,0 days 00:33:34.257000,199.0,238.0,276.0,112.0,False,MEDIUM,1.0,True,McLaren,0 days 00:32:04.140000,,1,,False,,False,False
2021-02,FP3,0 days 00:34:51.559000,RIC,3,0 days 00:01:17.903000,2.0,1.0,,,0 days 00:00:24.969000,0 days 00:00:26.724000,0 days 00:00:26.210000,0 days 00:33:58.625000,0 days 00:34:25.349000,0 days 00:34:51.559000,222.0,257.0,284.0,284.0,True,MEDIUM,2.0,True,McLaren,0 days 00:33:33.656000,,1,,False,,False,True
2021-02,FP3,0 days 00:36:26.232000,RIC,3,0 days 00:01:34.673000,3.0,1.0,,,0 days 00:00:34.291000,0 days 00:00:31.622000,0 days 00:00:28.760000,0 days 00:35:25.850000,0 days 00:35:57.472000,0 days 00:36:26.232000,177.0,236.0,279.0,266.0,False,MEDIUM,3.0,True,McLaren,0 days 00:34:51.559000,,1,,False,,False,True
2021-02,FP3,0 days 00:37:43.530000,RIC,3,0 days 00:01:17.298000,4.0,1.0,,,0 days 00:00:24.641000,0 days 00:00:26.802000,0 days 00:00:25.855000,0 days 00:36:50.873000,0 days 00:37:17.675000,0 days 00:37:43.530000,227.0,255.0,281.0,285.0,True,MEDIUM,4.0,True,McLaren,0 days 00:36:26.232000,,1,,False,,False,True
2021-02,FP3,0 days 00:39:28.246000,RIC,3,0 days 00:01:44.716000,5.0,1.0,,,0 days 00:00:29.825000,0 days 00:00:42.035000,0 days 00:00:32.856000,0 days 00:38:13.355000,0 days 00:38:55.390000,0 days 00:39:28.246000,196.0,231.0,280.0,265.0,False,MEDIUM,5.0,True,McLaren,0 days 00:37:43.530000,,1,,False,,False,True
2021-02,FP3,0 days 00:55:59.094000,RIC,3,,6.0,1.0,,0 days 00:42:47.399000,0 days 00:00:24.520000,0 days 00:00:26.712000,,0 days 00:39:52.796000,0 days 00:40:19.515000,,228.0,257.0,,289.0,False,MEDIUM,6.0,True,McLaren,0 days 00:39:28.246000,,125,,False,,False,False
2021-02,FP3,0 days 00:57:23.536000,RIC,3,,7.0,2.0,0 days 00:55:59.094000,,,0 days 00:00:29.789000,0 days 00:00:28.992000,,0 days 00:56:54.625000,0 days 00:57:23.725000,204.0,243.0,279.0,271.0,False,SOFT,1.0,True,McLaren,0 days 00:55:59.094000,,1,,False,,False,False
2021-02,FP3,0 days 00:58:40.008000,RIC,3,0 days 00:01:16.472000,8.0,2.0,,,0 days 00:00:24.510000,0 days 00:00:26.306000,0 days 00:00:25.656000,0 days 00:57:48.046000,0 days 00:58:14.352000,0 days 00:58:40.008000,229.0,259.0,286.0,286.0,True,SOFT,2.0,True,McLaren,0 days 00:57:23.536000,,1,,False,,False,True
2021-02,FP3,0 days 01:00:18.473000,RIC,3,0 days 00:01:38.465000,9.0,2.0,,,0 days 00:00:32.858000,0 days 00:00:34.120000,0 days 00:00:31.487000,0 days 00:59:12.866000,0 days 00:59:46.986000,0 days 01:00:18.473000,188.0,230.0,283.0,214.0,False,SOFT,3.0,True,McLaren,0 days 00:58:40.008000,,1,,False,,False,True
2021-02,FP3,0 days 01:01:34.862000,RIC,3,0 days 00:01:16.389000,10.0,2.0,,,0 days 00:00:24.402000,0 days 00:00:26.337000,0 days 00:00:25.650000,0 days 01:00:42.875000,0 days 01:01:09.212000,0 days 01:01:34.862000,229.0,259.0,281.0,282.0,False,SOFT,4.0,True,McLaren,0 days 01:00:18.473000,,1,,True,TRACK LIMITS AT TURN 9,False,True
2021-02,FP3,0 days 01:03:14.026000,RIC,3,0 days 00:01:39.164000,11.0,2.0,,,0 days 00:00:30.150000,0 days 00:00:36.849000,0 days 00:00:32.165000,0 days 01:02:05.012000,0 days 01:02:41.861000,0 days 01:03:14.026000,194.0,203.0,282.0,218.0,False,SOFT,5.0,True,McLaren,0 days 01:01:34.862000,,1,,False,,False,True
2021-02,FP3,0 days 01:04:30.279000,RIC,3,0 days 00:01:16.253000,12.0,2.0,,,0 days 00:00:24.235000,0 days 00:00:26.233000,0 days 00:00:25.785000,0 days 01:03:38.261000,0 days 01:04:04.494000,0 days 01:04:30.279000,231.0,257.0,280.0,284.0,True,SOFT,6.0,True,McLaren,0 days 01:03:14.026000,,12,,False,,False,True
2021-02,FP3,0 days 01:05:58.195000,RIC,3,0 days 00:01:27.916000,13.0,2.0,,0 days 01:05:54.967000,0 days 00:00:26.654000,0 days 00:00:28.503000,0 days 00:00:32.759000,0 days 01:04:56.933000,0 days 01:05:25.436000,0 days 01:05:58.195000,210.0,236.0,,272.0,False,SOFT,7.0,True,McLaren,0 days 01:04:30.279000,,1,,False,,False,False
2021-02,FP3,0 days 01:14:23.098000,RIC,3,,14.0,3.0,0 days 01:12:59.798000,,,0 days 00:00:28.852000,0 days 00:00:28.328000,,0 days 01:13:54.813000,0 days 01:14:23.307000,205.0,250.0,265.0,245.0,False,MEDIUM,7.0,False,McLaren,0 days 01:05:58.195000,,12,,False,,False,False
2021-02,FP3,0 days 01:15:51.660000,RIC,3,0 days 00:01:28.562000,15.0,3.0,,,0 days 00:00:31.107000,0 days 00:00:28.954000,0 days 00:00:28.501000,0 days 01:14:54.205000,0 days 01:15:23.159000,0 days 01:15:51.660000,206.0,248.0,265.0,284.0,False,MEDIUM,8.0,False,McLaren,0 days 01:14:23.098000,,1,,False,,False,True
2021-02,FP3,0 days 01:17:54.374000,RIC,3,0 days 00:02:02.714000,16.0,3.0,,,0 days 00:00:28.030000,0 days 00:00:31.196000,0 days 00:01:03.488000,0 days 01:16:19.690000,0 days 01:16:50.886000,0 days 01:17:54.374000,205.0,246.0,64.0,94.0,False,MEDIUM,9.0,False,McLaren,0 days 01:15:51.660000,,1,,False,,False,True
2021-02,FP3,0 days 01:20:04.517000,RIC,3,0 days 00:02:10.143000,17.0,3.0,,0 days 01:20:00.165000,0 days 00:01:00.932000,0 days 00:00:32.040000,0 days 00:00:37.171000,0 days 01:18:55.306000,0 days 01:19:27.346000,0 days 01:20:04.517000,180.0,184.0,,220.0,False,MEDIUM,10.0,False,McLaren,0 days 01:17:54.374000,,1,,False,,False,False
2021-02,FP3,0 days 00:34:57.655000,NOR,4,,1.0,1.0,0 days 00:33:22.375000,,,0 days 00:00:33.749000,0 days 00:00:33.241000,,0 days 00:34:24.419000,0 days 00:34:59.380000,197.0,104.0,278.0,265.0,False,MEDIUM,1.0,True,McLaren,0 days 00:33:22.375000,,1,,False,,False,False
2021-02,FP3,0 days 00:36:14.593000,NOR,4,0 days 00:01:16.938000,2.0,1.0,,,0 days 00:00:24.636000,0 days 00:00:26.382000,0 days 00:00:25.920000,0 days 00:35:22.291000,0 days 00:35:48.673000,0 days 00:36:14.593000,224.0,257.0,280.0,285.0,False,MEDIUM,2.0,True,McLaren,0 days 00:34:57.655000,,1,,True,TRACK LIMITS AT TURN 9,False,True
2021-02,FP3,0 days 00:37:59.764000,NOR,4,0 days 00:01:45.171000,3.0,1.0,,,0 days 00:00:34,0 days 00:00:38.373000,0 days 00:00:32.798000,0 days 00:36:48.593000,0 days 00:37:26.966000,0 days 00:37:59.764000,169.0,224.0,278.0,263.0,True,MEDIUM,3.0,True,McLaren,0 days 00:36:14.593000,,1,,False,,False,True
2021-02,FP3,0 days 00:39:17.031000,NOR,4,0 days 00:01:17.267000,4.0,1.0,,,0 days 00:00:24.469000,0 days 00:00:26.990000,0 days 00:00:25.808000,0 days 00:38:24.233000,0 days 00:38:51.223000,0 days 00:39:17.031000,224.0,258.0,280.0,287.0,False,MEDIUM,4.0,True,McLaren,0 days 00:37:59.764000,,1,,True,TRACK LIMITS AT TURN 9,False,True
2021-02,FP3,0 days 00:46:37.501000,NOR,4,,5.0,1.0,,0 days 00:40:44.173000,0 days 00:00:27.783000,0 days 00:00:31.179000,,0 days 00:39:44.884000,0 days 00:40:16.028000,,208.0,237.0,,272.0,False,MEDIUM,5.0,True,McLaren,0 days 00:39:17.031000,,125,,False,,False,False
2021-02,FP3,0 days 00:48:04.369000,NOR,4,,6.0,2.0,0 days 00:46:37.501000,,,0 days 00:00:28.811000,0 days 00:00:33.757000,,0 days 00:47:30.668000,0 days 00:48:04.527000,218.0,172.0,279.0,250.0,False,MEDIUM,6.0,False,McLaren,0 days 00:46:37.501000,,1,,False,,False,False
2021-02,FP3,0 days 00:49:21.092000,NOR,4,0 days 00:01:16.723000,7.0,2.0,,,0 days 00:00:24.470000,0 days 00:00:26.409000,0 days 00:00:25.844000,0 days 00:48:28.839000,0 days 00:48:55.248000,0 days 00:49:21.092000,229.0,256.0,282.0,285.0,True,MEDIUM,7.0,False,McLaren,0 days 00:48:04.369000,,1,,False,,False,True
2021-02,FP3,0 days 00:50:49.790000,NOR,4,0 days 00:01:28.698000,8.0,2.0,,0 days 00:50:45.445000,0 days 00:00:26.052000,0 days 00:00:29.104000,0 days 00:00:33.542000,0 days 00:49:47.144000,0 days 00:50:16.248000,0 days 00:50:49.790000,218.0,235.0,,272.0,False,MEDIUM,8.0,False,McLaren,0 days 00:49:21.092000,,1,,False,,False,False
2021-02,FP3,0 days 00:58:20.566000,NOR,4,,9.0,3.0,0 days 00:56:55.920000,,,0 days 00:00:30.440000,0 days 00:00:28.289000,,0 days 00:57:53.300000,0 days 00:58:20.736000,197.0,236.0,280.0,271.0,False,SOFT,1.0,True,McLaren,0 days 00:50:49.790000,,1,,False,,False,False
2021-02,FP3,0 days 00:59:36.103000,NOR,4,0 days 00:01:15.537000,10.0,3.0,,,0 days 00:00:24.093000,0 days 00:00:26.048000,0 days 00:00:25.396000,0 days 00:58:44.659000,0 days 00:59:10.707000,0 days 00:59:36.103000,230.0,257.0,282.0,286.0,True,SOFT,2.0,True,McLaren,0 days 00:58:20.566000,,1,,False,,False,True
2021-02,FP3,0 days 01:01:21.743000,NOR,4,0 days 00:01:45.640000,11.0,3.0,,,0 days 00:00:34.112000,0 days 00:00:40.264000,0 days 00:00:31.264000,0 days 01:00:10.215000,0 days 01:00:50.479000,0 days 01:01:21.743000,173.0,209.0,286.0,160.0,False,SOFT,3.0,True,McLaren,0 days 00:59:36.103000,,1,,False,,False,True
2021-02,FP3,0 days 01:02:37.157000,NOR,4,0 days 00:01:15.414000,12.0,3.0,,,0 days 00:00:23.917000,0 days 00:00:26.060000,0 days 00:00:25.437000,0 days 01:01:45.660000,0 days 01:02:11.720000,0 days 01:02:37.157000,234.0,257.0,282.0,284.0,True,SOFT,4.0,True,McLaren,0 days 01:01:21.743000,,1,,False,,False,True
2021-02,FP3,0 days 01:04:02.367000,NOR,4,0 days 00:01:25.210000,13.0,3.0,,0 days 01:03:57.999000,0 days 00:00:25.955000,0 days 00:00:27.598000,0 days 00:00:31.657000,0 days 01:03:03.112000,0 days 01:03:30.710000,0 days 01:04:02.367000,217.0,239.0,,268.0,False,SOFT,5.0,True,McLaren,0 days 01:02:37.157000,,12,,False,,False,False
2021-02,FP3,0 days 01:13:41.535000,NOR,4,,14.0,4.0,0 days 01:12:17.875000,0 days 01:13:37.835000,,0 days 00:00:27.746000,0 days 00:00:32.597000,,0 days 01:13:09,0 days 01:13:42.115000,216.0,243.0,,274.0,False,SOFT,6.0,False,McLaren,0 days 01:04:02.367000,,12,,False,,False,False
2021-02,FP3,0 days 01:15:31.080000,NOR,4,0 days 00:01:49.545000,15.0,5.0,0 days 01:14:10.487000,,0 days 00:00:53.759000,0 days 00:00:28.234000,0 days 00:00:27.552000,0 days 01:14:35.294000,0 days 01:15:03.528000,0 days 01:15:31.080000,211.0,246.0,276.0,277.0,False,MEDIUM,9.0,False,McLaren,0 days 01:13:41.535000,,1,,False,,False,False
2021-02,FP3,0 days 01:17:22.791000,NOR,4,0 days 00:01:51.711000,16.0,5.0,,,0 days 00:00:29.054000,0 days 00:00:33.542000,0 days 00:00:49.115000,0 days 01:16:00.134000,0 days 01:16:33.676000,0 days 01:17:22.791000,135.0,196.0,62.0,158.0,False,MEDIUM,10.0,False,McLaren,0 days 01:15:31.080000,,1,,False,,False,True
2021-02,FP3,0 days 01:19:33.695000,NOR,4,0 days 00:02:10.904000,17.0,5.0,,0 days 01:19:29.341000,0 days 00:01:07.756000,0 days 00:00:28.609000,0 days 00:00:34.539000,0 days 01:18:30.547000,0 days 01:18:59.156000,0 days 01:19:33.695000,207.0,239.0,,228.0,False,MEDIUM,11.0,False,McLaren,0 days 01:17:22.791000,,1,,False,,False,False
2021-02,FP3,0 days 00:37:19.085000,VET,5,,1.0,1.0,0 days 00:35:48.087000,,,0 days 00:00:31.385000,0 days 00:00:32.190000,,0 days 00:36:46.895000,0 days 00:37:19.196000,195.0,232.0,278.0,238.0,False,MEDIUM,1.0,True,Aston Martin,0 days 00:35:48.087000,,1,,False,,False,False
2021-02,FP3,0 days 00:38:36.718000,VET,5,0 days 00:01:17.633000,2.0,1.0,,,0 days 00:00:24.822000,0 days 00:00:26.614000,0 days 00:00:26.197000,0 days 00:37:43.907000,0 days 00:38:10.521000,0 days 00:38:36.718000,224.0,257.0,282.0,290.0,True,MEDIUM,2.0,True,Aston Martin,0 days 00:37:19.085000,,1,,False,,False,True
2021-02,FP3,0 days 00:40:31.613000,VET,5,0 days 00:01:54.895000,3.0,1.0,,,0 days 00:00:31.535000,0 days 00:00:37.654000,0 days 00:00:45.706000,0 days 00:39:08.253000,0 days 00:39:45.907000,0 days 00:40:31.613000,191.0,243.0,278.0,114.0,False,MEDIUM,3.0,True,Aston Martin,0 days 00:38:36.718000,,12,,False,,False,True
2021-02,FP3,0 days 00:47:03.495000,VET,5,,4.0,1.0,,0 days 00:42:21.714000,,,,,,,,,,,False,MEDIUM,4.0,True,Aston Martin,0 days 00:40:31.613000,,251,,False,,False,False
2021-02,FP3,0 days 00:48:25.524000,VET,5,,5.0,2.0,0 days 00:47:03.495000,,,0 days 00:00:28.805000,0 days 00:00:28.437000,,0 days 00:47:57.136000,0 days 00:48:25.670000,208.0,242.0,271.0,270.0,False,MEDIUM,5.0,False,Aston Martin,0 days 00:47:03.495000,,1,,False,,False,False
2021-02,FP3,0 days 00:49:49.140000,VET,5,0 days 00:01:23.616000,6.0,2.0,,,0 days 00:00:26.817000,0 days 00:00:29.004000,0 days 00:00:27.795000,0 days 00:48:52.341000,0 days 00:49:21.345000,0 days 00:49:49.140000,202.0,246.0,278.0,271.0,False,MEDIUM,6.0,False,Aston Martin,0 days 00:48:25.524000,,1,,False,,False,True
2021-02,FP3,0 days 00:51:06.259000,VET,5,0 days 00:01:17.119000,7.0,2.0,,,0 days 00:00:24.661000,0 days 00:00:26.654000,0 days 00:00:25.804000,0 days 00:50:13.801000,0 days 00:50:40.455000,0 days 00:51:06.259000,226.0,256.0,282.0,286.0,True,MEDIUM,7.0,False,Aston Martin,0 days 00:49:49.140000,,1,,False,,False,True
2021-02,FP3,0 days 00:52:37.419000,VET,5,0 days 00:01:31.160000,8.0,2.0,,,0 days 00:00:29.078000,0 days 00:00:31.410000,0 days 00:00:30.672000,0 days 00:51:35.337000,0 days 00:52:06.747000,0 days 00:52:37.419000,197.0,235.0,280.0,269.0,False,MEDIUM,8.0,False,Aston Martin,0 days 00:51:06.259000,,1,,False,,False,True
2021-02,FP3,0 days 00:53:54.209000,VET,5,0 days 00:01:16.790000,9.0,2.0,,,0 days 00:00:24.566000,0 days 00:00:26.497000,0 days 00:00:25.727000,0 days 00:53:01.985000,0 days 00:53:28.482000,0 days 00:53:54.209000,228.0,257.0,280.0,287.0,False,MEDIUM,9.0,False,Aston Martin,0 days 00:52:37.419000,,1,,True,TRACK LIMITS AT TURN 9,False,True
2021-02,FP3,0 days 00:55:31.332000,VET,5,0 days 00:01:37.123000,10.0,2.0,,0 days 00:55:26.947000,0 days 00:00:32.557000,0 days 00:00:29.412000,0 days 00:00:35.154000,0 days 00:54:26.766000,0 days 00:54:56.178000,0 days 00:55:31.332000,200.0,238.0,,140.0,False,MEDIUM,10.0,False,Aston Martin,0 days 00:53:54.209000,,1,,False,,False,False
2021-02,FP3,0 days 00:57:31.386000,VET,5,0 days 00:02:00.054000,11.0,3.0,0 days 00:56:04.675000,0 days 00:57:26.952000,0 days 00:00:58.071000,0 days 00:00:29.517000,0 days 00:00:32.466000,0 days 00:56:29.403000,0 days 00:56:58.920000,0 days 00:57:31.386000,184.0,245.0,,258.0,False,MEDIUM,11.0,False,Aston Martin,0 days 00:55:31.332000,,1,,False,,False,False
2021-02,FP3,0 days 01:08:12.176000,VET,5,,12.0,4.0,0 days 01:06:38.836000,,,0 days 00:00:31.051000,0 days 00:00:36.568000,,0 days 01:07:35.665000,0 days 01:08:12.330000,196.0,238.0,280.0,171.0,False,SOFT,1.0,True,Aston Martin,0 days 00:57:31.386000,,12,,False,,False,False
2021-02,FP3,0 days 01:09:28.565000,VET,5,0 days 00:01:16.389000,13.0,4.0,,,0 days 00:00:24.366000,0 days 00:00:26.438000,0 days 00:00:25.585000,0 days 01:08:36.542000,0 days 01:09:02.980000,0 days 01:09:28.565000,231.0,257.0,284.0,288.0,True,SOFT,2.0,True,Aston Martin,0 days 01:08:12.176000,,1,,False,,False,True
2021-02,FP3,0 days 01:11:03.883000,VET,5,0 days 00:01:35.318000,14.0,4.0,,,0 days 00:00:30.143000,0 days 00:00:32.642000,0 days 00:00:32.533000,0 days 01:09:58.708000,0 days 01:10:31.350000,0 days 01:11:03.883000,187.0,234.0,261.0,236.0,False,SOFT,3.0,True,Aston Martin,0 days 01:09:28.565000,,12,,False,,False,True
2021-02,FP3,0 days 01:12:42.298000,VET,5,0 days 00:01:38.415000,15.0,4.0,,,0 days 00:00:30.292000,0 days 00:00:33.650000,0 days 00:00:34.473000,0 days 01:11:34.175000,0 days 01:12:07.825000,0 days 01:12:42.298000,121.0,146.0,282.0,263.0,False,SOFT,4.0,True,Aston Martin,0 days 01:11:03.883000,,1,,False,,False,True
2021-02,FP3,0 days 01:13:58.801000,VET,5,0 days 00:01:16.503000,16.0,4.0,,,0 days 00:00:24.435000,0 days 00:00:26.320000,0 days 00:00:25.748000,0 days 01:13:06.733000,0 days 01:13:33.053000,0 days 01:13:58.801000,227.0,258.0,283.0,288.0,False,SOFT,5.0,True,Aston Martin,0 days 01:12:42.298000,,1,,False,,False,True
2021-02,FP3,0 days 01:15:39.616000,VET,5,0 days 00:01:40.815000,17.0,4.0,,,0 days 00:00:35.059000,0 days 00:00:31.848000,0 days 00:00:33.908000,0 days 01:14:33.860000,0 days 01:15:05.708000,0 days 01:15:39.616000,201.0,135.0,280.0,147.0,False,SOFT,6.0,True,Aston Martin,0 days 01:13:58.801000,,1,,False,,False,True
2021-02,FP3,0 days 01:17:38.931000,VET,5,0 days 00:01:59.315000,18.0,4.0,,,0 days 00:00:25.642000,0 days 00:00:34.450000,0 days 00:00:59.223000,0 days 01:16:05.258000,0 days 01:16:39.708000,0 days 01:17:38.931000,220.0,163.0,52.0,128.0,False,SOFT,7.0,True,Aston Martin,0 days 01:15:39.616000,,1,,False,,False,True
2021-02,FP3,0 days 01:19:45.836000,VET,5,0 days 00:02:06.905000,19.0,4.0,,0 days 01:19:42.522000,0 days 00:01:00.582000,0 days 00:00:31.980000,0 days 00:00:34.343000,0 days 01:18:39.513000,0 days 01:19:11.493000,0 days 01:19:45.836000,195.0,230.0,,237.0,False,SOFT,8.0,True,Aston Martin,0 days 01:17:38.931000,,1,,False,,False,False
2021-02,FP3,0 days 00:36:57.230000,LAT,6,,1.0,1.0,0 days 00:35:24.379000,,,0 days 00:00:31.219000,0 days 00:00:31.351000,,0 days 00:36:25.898000,0 days 00:36:57.381000,200.0,243.0,280.0,235.0,False,SOFT,1.0,True,Williams,0 days 00:35:24.379000,,1,,False,,False,False
2021-02,FP3,0 days 00:38:14.290000,LAT,6,0 days 00:01:17.060000,2.0,1.0,,,0 days 00:00:24.666000,0 days 00:00:26.503000,0 days 00:00:25.891000,0 days 00:37:21.896000,0 days 00:37:48.399000,0 days 00:38:14.290000,227.0,261.0,283.0,294.0,True,SOFT,2.0,True,Williams,0 days 00:36:57.230000,,1,,False,,False,True
2021-02,FP3,0 days 00:39:58.895000,LAT,6,0 days 00:01:44.605000,3.0,1.0,,,0 days 00:00:33.382000,0 days 00:00:36.674000,0 days 00:00:34.549000,0 days 00:38:47.672000,0 days 00:39:24.346000,0 days 00:39:58.895000,188.0,232.0,279.0,186.0,False,SOFT,3.0,True,Williams,0 days 00:38:14.290000,,1,,False,,False,True
2021-02,FP3,0 days 00:58:56.230000,LAT,6,,4.0,1.0,0 days 00:40:58.234000,0 days 00:42:46.111000,,,,,,,,,,,False,SOFT,4.0,True,Williams,0 days 00:39:58.895000,,125,,False,,False,False
2021-02,FP3,0 days 01:00:27.100000,LAT,6,,5.0,2.0,0 days 00:58:56.230000,,,0 days 00:00:32.721000,0 days 00:00:30.174000,,0 days 00:59:56.949000,0 days 01:00:28.595000,168.0,231.0,281.0,276.0,False,SOFT,1.0,True,Williams,0 days 00:58:56.230000,,1,,False,,False,False
2021-02,FP3,0 days 01:01:43.780000,LAT,6,0 days 00:01:16.680000,6.0,2.0,,,0 days 00:00:24.471000,0 days 00:00:26.558000,0 days 00:00:25.651000,0 days 01:00:51.571000,0 days 01:01:18.129000,0 days 01:01:43.780000,227.0,261.0,285.0,291.0,True,SOFT,2.0,True,Williams,0 days 01:00:27.100000,,1,,False,,False,True
2021-02,FP3,0 days 01:03:27.664000,LAT,6,0 days 00:01:43.884000,7.0,2.0,,,0 days 00:00:32.001000,0 days 00:00:37.977000,0 days 00:00:33.906000,0 days 01:02:15.781000,0 days 01:02:53.758000,0 days 01:03:27.664000,175.0,234.0,283.0,152.0,False,SOFT,3.0,True,Williams,0 days 01:01:43.780000,,1,,False,,False,True
2021-02,FP3,0 days 01:04:44.201000,LAT,6,0 days 00:01:16.537000,8.0,2.0,,,0 days 00:00:24.272000,0 days 00:00:26.492000,0 days 00:00:25.773000,0 days 01:03:51.936000,0 days 01:04:18.428000,0 days 01:04:44.201000,226.0,261.0,283.0,288.0,True,SOFT,4.0,True,Williams,0 days 01:03:27.664000,,12,,False,,False,True
2021-02,FP3,0 days 01:06:26.510000,LAT,6,0 days 00:01:42.309000,9.0,2.0,,,0 days 00:00:32.475000,0 days 00:00:38.292000,0 days 00:00:31.542000,0 days 01:05:16.676000,0 days 01:05:54.968000,0 days 01:06:26.510000,180.0,231.0,285.0,151.0,False,SOFT,5.0,True,Williams,0 days 01:04:44.201000,,1,,False,,False,True
2021-02,FP3,0 days 01:07:45.379000,LAT,6,0 days 00:01:18.869000,10.0,2.0,,,0 days 00:00:24.367000,0 days 00:00:28.502000,0 days 00:00:26,0 days 01:06:50.877000,0 days 01:07:19.379000,0 days 01:07:45.379000,225.0,257.0,281.0,293.0,False,SOFT,6.0,True,Williams,0 days 01:06:26.510000,,1,,False,,False,True
2021-02,FP3,0 days 01:09:18.294000,LAT,6,0 days 00:01:32.915000,11.0,2.0,,0 days 01:09:13.861000,0 days 00:00:27.296000,0 days 00:00:30.741000,0 days 00:00:34.878000,0 days 01:08:12.675000,0 days 01:08:43.416000,0 days 01:09:18.294000,208.0,183.0,,281.0,False,SOFT,7.0,True,Williams,0 days 01:07:45.379000,,1,,False,,False,False
2021-02,FP3,0 days 01:14:37.873000,LAT,6,,12.0,3.0,0 days 01:13:07.117000,0 days 01:14:33.528000,,0 days 00:00:30.875000,0 days 00:00:31.796000,,0 days 01:14:07.721000,0 days 01:14:37.972000,200.0,252.0,,288.0,False,SOFT,8.0,False,Williams,0 days 01:09:18.294000,,12,,False,,False,False
2021-02,FP3,0 days 01:16:20.221000,LAT,6,0 days 00:01:42.348000,13.0,4.0,0 days 01:14:58.509000,,0 days 00:00:44.233000,0 days 00:00:28.437000,0 days 00:00:29.678000,0 days 01:15:22.106000,0 days 01:15:50.543000,0 days 01:16:20.221000,211.0,255.0,268.0,205.0,False,SOFT,9.0,False,Williams,0 days 01:14:37.873000,,1,,False,,False,False
2021-02,FP3,0 days 01:18:08.061000,LAT,6,0 days 00:01:47.840000,14.0,4.0,,,0 days 00:00:26.461000,0 days 00:00:28.316000,0 days 00:00:53.063000,0 days 01:16:46.682000,0 days 01:17:14.998000,0 days 01:18:08.061000,210.0,242.0,57.0,206.0,False,SOFT,10.0,False,Williams,0 days 01:16:20.221000,,1,,False,,False,True
2021-02,FP3,0 days 01:20:22.998000,LAT,6,0 days 00:02:14.937000,15.0,4.0,,0 days 01:20:18.609000,0 days 00:00:53.582000,0 days 00:00:38.136000,0 days 00:00:43.219000,0 days 01:19:01.643000,0 days 01:19:39.779000,0 days 01:20:22.998000,187.0,175.0,,153.0,False,SOFT,11.0,False,Williams,0 days 01:18:08.061000,,1,,False,,False,False
2021-02,FP3,0 days 00:16:48.407000,RAI,7,,1.0,1.0,0 days 00:15:14.003000,,,0 days 00:00:34.564000,0 days 00:00:30.767000,,0 days 00:16:17.696000,0 days 00:16:48.593000,192.0,231.0,274.0,260.0,False,MEDIUM,1.0,True,Alfa Romeo Racing,0 days 00:15:14.003000,,1,,False,,False,False
2021-02,FP3,0 days 00:18:06.656000,RAI,7,0 days 00:01:18.249000,2.0,1.0,,,0 days 00:00:25.247000,0 days 00:00:26.968000,0 days 00:00:26.034000,0 days 00:17:13.654000,0 days 00:17:40.622000,0 days 00:18:06.656000,220.0,255.0,278.0,282.0,False,MEDIUM,2.0,True,Alfa Romeo Racing,0 days 00:16:48.407000,,1,,True,TRACK LIMITS AT TURN 9,False,True
2021-02,FP3,0 days 00:19:39.858000,RAI,7,0 days 00:01:33.202000,3.0,1.0,,,0 days 00:00:28.857000,0 days 00:00:31.618000,0 days 00:00:32.727000,0 days 00:18:35.513000,0 days 00:19:07.131000,0 days 00:19:39.858000,203.0,127.0,277.0,260.0,True,MEDIUM,3.0,True,Alfa Romeo Racing,0 days 00:18:06.656000,,1,,False,,False,True
2021-02,FP3,0 days 00:20:57.189000,RAI,7,0 days 00:01:17.331000,4.0,1.0,,,0 days 00:00:24.742000,0 days 00:00:26.640000,0 days 00:00:25.949000,0 days 00:20:04.600000,0 days 00:20:31.240000,0 days 00:20:57.189000,226.0,256.0,279.0,282.0,True,MEDIUM,4.0,True,Alfa Romeo Racing,0 days 00:19:39.858000,,1,,False,,False,True
2021-02,FP3,0 days 00:22:27.771000,RAI,7,0 days 00:01:30.582000,5.0,1.0,,0 days 00:22:23.400000,0 days 00:00:27.411000,0 days 00:00:29.549000,0 days 00:00:33.622000,0 days 00:21:24.600000,0 days 00:21:54.149000,0 days 00:22:27.771000,207.0,231.0,,259.0,False,MEDIUM,5.0,True,Alfa Romeo Racing,0 days 00:20:57.189000,,1,,False,,False,False
2021-02,FP3,0 days 00:36:03.639000,RAI,7,,6.0,2.0,0 days 00:34:44.370000,,,0 days 00:00:28.824000,0 days 00:00:28.267000,,0 days 00:35:35.372000,0 days 00:36:04.478000,206.0,238.0,277.0,262.0,False,MEDIUM,6.0,False,Alfa Romeo Racing,0 days 00:22:27.771000,,1,,False,,False,False
2021-02,FP3,0 days 00:37:21.088000,RAI,7,0 days 00:01:17.449000,7.0,2.0,,,0 days 00:00:24.874000,0 days 00:00:26.781000,0 days 00:00:25.794000,0 days 00:36:28.513000,0 days 00:36:55.294000,0 days 00:37:21.088000,226.0,256.0,284.0,286.0,False,MEDIUM,7.0,False,Alfa Romeo Racing,0 days 00:36:03.639000,,1,,True,TRACK LIMITS AT TURN 9,False,True
2021-02,FP3,0 days 00:38:51.172000,RAI,7,0 days 00:01:30.084000,8.0,2.0,,,0 days 00:00:31.742000,0 days 00:00:30.180000,0 days 00:00:28.162000,0 days 00:37:52.830000,0 days 00:38:23.010000,0 days 00:38:51.172000,199.0,233.0,281.0,264.0,False,MEDIUM,8.0,False,Alfa Romeo Racing,0 days 00:37:21.088000,,1,,False,,False,True
2021-02,FP3,0 days 00:40:08.121000,RAI,7,0 days 00:01:16.949000,9.0,2.0,,,0 days 00:00:24.429000,0 days 00:00:26.731000,0 days 00:00:25.789000,0 days 00:39:15.601000,0 days 00:39:42.332000,0 days 00:40:08.121000,225.0,257.0,282.0,289.0,True,MEDIUM,9.0,False,Alfa Romeo Racing,0 days 00:38:51.172000,,1,,False,,False,True
2021-02,FP3,0 days 00:55:09.940000,RAI,7,,10.0,2.0,,0 days 00:42:01.878000,0 days 00:00:34.727000,,,0 days 00:40:42.895000,,,129.0,,,,False,MEDIUM,10.0,False,Alfa Romeo Racing,0 days 00:40:08.121000,,125,,False,,False,False
2021-02,FP3,0 days 00:56:34.766000,RAI,7,,11.0,3.0,0 days 00:55:09.934000,,,0 days 00:00:30.515000,0 days 00:00:28.440000,,0 days 00:56:06.360000,0 days 00:56:35.917000,194.0,239.0,279.0,264.0,False,SOFT,1.0,True,Alfa Romeo Racing,0 days 00:55:09.934000,,1,,False,,False,False
2021-02,FP3,0 days 00:57:51.541000,RAI,7,0 days 00:01:16.775000,12.0,3.0,,,0 days 00:00:24.372000,0 days 00:00:26.422000,0 days 00:00:25.981000,0 days 00:56:59.138000,0 days 00:57:25.560000,0 days 00:57:51.541000,226.0,256.0,283.0,286.0,False,SOFT,2.0,True,Alfa Romeo Racing,0 days 00:56:34.766000,,1,,True,TRACK LIMITS AT TURN 9,False,True
2021-02,FP3,0 days 00:59:49.134000,RAI,7,0 days 00:01:57.593000,13.0,3.0,,,0 days 00:00:42.907000,0 days 00:00:42.317000,0 days 00:00:32.369000,0 days 00:58:34.448000,0 days 00:59:16.765000,0 days 00:59:49.134000,94.0,224.0,283.0,239.0,False,SOFT,3.0,True,Alfa Romeo Racing,0 days 00:57:51.541000,,1,,False,,False,True
2021-02,FP3,0 days 01:01:05.937000,RAI,7,0 days 00:01:16.803000,14.0,3.0,,,0 days 00:00:24.344000,0 days 00:00:26.673000,0 days 00:00:25.786000,0 days 01:00:13.478000,0 days 01:00:40.151000,0 days 01:01:05.937000,227.0,257.0,283.0,286.0,True,SOFT,4.0,True,Alfa Romeo Racing,0 days 00:59:49.134000,,1,,False,,False,True
2021-02,FP3,0 days 01:02:45.397000,RAI,7,0 days 00:01:39.460000,15.0,3.0,,,0 days 00:00:32.639000,0 days 00:00:36.015000,0 days 00:00:30.806000,0 days 01:01:38.576000,0 days 01:02:14.591000,0 days 01:02:45.397000,196.0,234.0,280.0,212.0,False,SOFT,5.0,True,Alfa Romeo Racing,0 days 01:01:05.937000,,1,,False,,False,True
2021-02,FP3,0 days 01:04:17.759000,RAI,7,0 days 00:01:32.362000,16.0,3.0,,0 days 01:04:13.416000,0 days 00:00:24.474000,0 days 00:00:26.489000,0 days 00:00:41.399000,0 days 01:03:09.871000,0 days 01:03:36.360000,0 days 01:04:17.759000,224.0,256.0,,286.0,False,SOFT,6.0,True,Alfa Romeo Racing,0 days 01:02:45.397000,,12,,False,,False,False
2021-02,FP3,0 days 01:10:18.698000,RAI,7,,17.0,4.0,0 days 01:09:00.052000,,,0 days 00:00:27.928000,0 days 00:00:27.031000,,0 days 01:09:51.684000,0 days 01:10:18.887000,216.0,253.0,271.0,281.0,False,SOFT,7.0,False,Alfa Romeo Racing,0 days 01:04:17.759000,,1,,False,,False,False
2021-02,FP3,0 days 01:11:45.511000,RAI,7,0 days 00:01:26.813000,18.0,4.0,,,0 days 00:00:32.845000,0 days 00:00:27.378000,0 days 00:00:26.590000,0 days 01:10:51.543000,0 days 01:11:18.921000,0 days 01:11:45.511000,216.0,253.0,278.0,282.0,False,SOFT,8.0,False,Alfa Romeo Racing,0 days 01:10:18.698000,,12,,False,,False,True
2021-02,FP3,0 days 01:13:03.805000,RAI,7,0 days 00:01:18.294000,19.0,4.0,,,0 days 00:00:24.985000,0 days 00:00:27.152000,0 days 00:00:26.157000,0 days 01:12:10.496000,0 days 01:12:37.648000,0 days 01:13:03.805000,220.0,253.0,279.0,282.0,False,SOFT,9.0,False,Alfa Romeo Racing,0 days 01:11:45.511000,,1,,False,,False,True
2021-02,FP3,0 days 01:14:24.422000,RAI,7,0 days 00:01:20.617000,20.0,4.0,,,0 days 00:00:25.257000,0 days 00:00:27.920000,0 days 00:00:27.440000,0 days 01:13:29.062000,0 days 01:13:56.982000,0 days 01:14:24.422000,218.0,257.0,283.0,289.0,False,SOFT,10.0,False,Alfa Romeo Racing,0 days 01:13:03.805000,,1,,False,,False,True
2021-02,FP3,0 days 01:15:43.218000,RAI,7,0 days 00:01:18.796000,21.0,4.0,,,0 days 00:00:24.982000,0 days 00:00:27.346000,0 days 00:00:26.468000,0 days 01:14:49.404000,0 days 01:15:16.750000,0 days 01:15:43.218000,219.0,254.0,277.0,284.0,False,SOFT,11.0,False,Alfa Romeo Racing,0 days 01:14:24.422000,,1,,False,,False,True
2021-02,FP3,0 days 01:17:30.934000,RAI,7,0 days 00:01:47.716000,22.0,4.0,,,0 days 00:00:26.297000,0 days 00:00:31.581000,0 days 00:00:49.838000,0 days 01:16:09.515000,0 days 01:16:41.096000,0 days 01:17:30.934000,220.0,236.0,45.0,159.0,False,SOFT,12.0,False,Alfa Romeo Racing,0 days 01:15:43.218000,,1,,False,,False,True
2021-02,FP3,0 days 01:19:28.747000,RAI,7,0 days 00:01:57.813000,23.0,4.0,,0 days 01:19:25.009000,0 days 00:00:55.381000,0 days 00:00:28.317000,0 days 00:00:34.115000,0 days 01:18:26.315000,0 days 01:18:54.632000,0 days 01:19:28.747000,218.0,230.0,,257.0,False,SOFT,13.0,False,Alfa Romeo Racing,0 days 01:17:30.934000,,1,,False,,False,False
2021-02,FP3,0 days 00:22:04.090000,MAZ,9,,1.0,1.0,0 days 00:20:28.118000,,,0 days 00:00:33.545000,0 days 00:00:31.862000,,0 days 00:21:32.248000,0 days 00:22:08.306000,196.0,233.0,278.0,183.0,False,SOFT,9.0,False,Haas F1 Team,0 days 00:20:28.118000,,1,,False,,False,False
2021-02,FP3,0 days 00:23:23.217000,MAZ,9,0 days 00:01:19.127000,2.0,1.0,,,0 days 00:00:25.331000,0 days 00:00:27.224000,0 days 00:00:26.572000,0 days 00:22:29.421000,0 days 00:22:56.645000,0 days 00:23:23.217000,221.0,258.0,281.0,286.0,False,SOFT,10.0,False,Haas F1 Team,0 days 00:22:04.090000,,1,,True,TRACK LIMITS AT TURN 9,False,True
2021-02,FP3,0 days 00:25:07.161000,MAZ,9,0 days 00:01:43.944000,3.0,1.0,,,0 days 00:00:35.445000,0 days 00:00:37.633000,0 days 00:00:30.866000,0 days 00:23:58.662000,0 days 00:24:36.295000,0 days 00:25:07.161000,156.0,222.0,280.0,210.0,True,SOFT,11.0,False,Haas F1 Team,0 days 00:23:23.217000,,1,,False,,False,True
2021-02,FP3,0 days 00:26:36.558000,MAZ,9,0 days 00:01:29.397000,4.0,1.0,,,0 days 00:00:29.284000,0 days 00:00:31.199000,0 days 00:00:28.914000,0 days 00:25:36.445000,0 days 00:26:07.644000,0 days 00:26:36.558000,193.0,236.0,279.0,265.0,True,SOFT,12.0,False,Haas F1 Team,0 days 00:25:07.161000,,1,,False,,False,True
2021-02,FP3,0 days 00:27:55.152000,MAZ,9,0 days 00:01:18.594000,5.0,1.0,,,0 days 00:00:25.073000,0 days 00:00:26.936000,0 days 00:00:26.585000,0 days 00:27:01.631000,0 days 00:27:28.567000,0 days 00:27:55.152000,220.0,257.0,281.0,286.0,True,SOFT,13.0,False,Haas F1 Team,0 days 00:26:36.558000,,1,,False,,False,True
2021-02,FP3,0 days 00:29:33.654000,MAZ,9,0 days 00:01:38.502000,6.0,1.0,,,0 days 00:00:32.107000,0 days 00:00:33.526000,0 days 00:00:32.869000,0 days 00:28:27.259000,0 days 00:29:00.785000,0 days 00:29:33.654000,200.0,176.0,280.0,197.0,False,SOFT,14.0,False,Haas F1 Team,0 days 00:27:55.152000,,1,,False,,False,True
2021-02,FP3,0 days 00:30:52.126000,MAZ,9,0 days 00:01:18.472000,7.0,1.0,,,0 days 00:00:24.967000,0 days 00:00:27.008000,0 days 00:00:26.497000,0 days 00:29:58.621000,0 days 00:30:25.629000,0 days 00:30:52.126000,220.0,257.0,283.0,286.0,True,SOFT,15.0,False,Haas F1 Team,0 days 00:29:33.654000,,1,,False,,False,True
2021-02,FP3,0 days 00:32:27.626000,MAZ,9,0 days 00:01:35.500000,8.0,1.0,,0 days 00:32:23.201000,0 days 00:00:30.782000,0 days 00:00:30.744000,0 days 00:00:33.974000,0 days 00:31:22.908000,0 days 00:31:53.652000,0 days 00:32:27.626000,190.0,231.0,,265.0,False,SOFT,16.0,False,Haas F1 Team,0 days 00:30:52.126000,,1,,False,,False,False
2021-02,FP3,0 days 00:45:48.638000,MAZ,9,,9.0,2.0,0 days 00:44:16.907000,,,0 days 00:00:32.822000,0 days 00:00:30.310000,,0 days 00:45:18.352000,0 days 00:45:48.771000,197.0,231.0,274.0,251.0,False,SOFT,1.0,True,Haas F1 Team,0 days 00:44:16.907000,,1,,False,,False,False
2021-02,FP3,0 days 00:47:09.596000,MAZ,9,0 days 00:01:20.958000,10.0,2.0,,,0 days 00:00:26.368000,0 days 00:00:27.925000,0 days 00:00:26.665000,0 days 00:46:15.006000,0 days 00:46:42.931000,0 days 00:47:09.596000,217.0,256.0,280.0,286.0,False,SOFT,2.0,True,Haas F1 Team,0 days 00:45:48.638000,,1,,False,,False,True
2021-02,FP3,0 days 00:48:49.528000,MAZ,9,0 days 00:01:39.932000,11.0,2.0,,,0 days 00:00:31.507000,0 days 00:00:36.270000,0 days 00:00:32.155000,0 days 00:47:41.103000,0 days 00:48:17.373000,0 days 00:48:49.528000,198.0,225.0,283.0,170.0,False,SOFT,3.0,True,Haas F1 Team,0 days 00:47:09.596000,,1,,False,,False,True
2021-02,FP3,0 days 00:50:07.149000,MAZ,9,0 days 00:01:17.621000,12.0,2.0,,,0 days 00:00:24.762000,0 days 00:00:26.636000,0 days 00:00:26.223000,0 days 00:49:14.290000,0 days 00:49:40.926000,0 days 00:50:07.149000,223.0,259.0,281.0,289.0,False,SOFT,4.0,True,Haas F1 Team,0 days 00:48:49.528000,,1,,True,TRACK LIMITS AT TURN 15,False,True
2021-02,FP3,0 days 00:51:50.323000,MAZ,9,0 days 00:01:43.174000,13.0,2.0,,,0 days 00:00:34.732000,0 days 00:00:38.001000,0 days 00:00:30.441000,0 days 00:50:41.881000,0 days 00:51:19.882000,0 days 00:51:50.323000,156.0,214.0,282.0,264.0,False,SOFT,5.0,True,Haas F1 Team,0 days 00:50:07.149000,,1,,False,,False,True
2021-02,FP3,0 days 00:53:07.827000,MAZ,9,0 days 00:01:17.504000,14.0,2.0,,,0 days 00:00:24.705000,0 days 00:00:26.704000,0 days 00:00:26.095000,0 days 00:52:15.028000,0 days 00:52:41.732000,0 days 00:53:07.827000,224.0,257.0,279.0,288.0,True,SOFT,6.0,True,Haas F1 Team,0 days 00:51:50.323000,,1,,False,,False,True
2021-02,FP3,0 days 00:54:45.912000,MAZ,9,0 days 00:01:38.085000,15.0,2.0,,0 days 00:54:41.486000,0 days 00:00:30.609000,0 days 00:00:31.993000,0 days 00:00:35.483000,0 days 00:53:38.436000,0 days 00:54:10.429000,0 days 00:54:45.912000,181.0,229.0,,255.0,False,SOFT,7.0,True,Haas F1 Team,0 days 00:53:07.827000,,1,,False,,False,False
2021-02,FP3,0 days 01:07:57.369000,MAZ,9,,16.0,3.0,0 days 01:06:17.639000,,,0 days 00:00:36.378000,0 days 00:00:33.581000,,0 days 01:07:23.788000,0 days 01:07:57.489000,186.0,180.0,279.0,191.0,False,SOFT,1.0,True,Haas F1 Team,0 days 00:54:45.912000,,12,,False,,False,False
2021-02,FP3,0 days 01:09:14.767000,MAZ,9,0 days 00:01:17.398000,17.0,3.0,,,0 days 00:00:24.886000,0 days 00:00:26.635000,0 days 00:00:25.877000,0 days 01:08:22.255000,0 days 01:08:48.890000,0 days 01:09:14.767000,220.0,259.0,283.0,291.0,True,SOFT,2.0,True,Haas F1 Team,0 days 01:07:57.369000,,1,,False,,False,True
2021-02,FP3,0 days 01:10:58.722000,MAZ,9,0 days 00:01:43.955000,18.0,3.0,,,0 days 00:00:30.695000,0 days 00:00:37.230000,0 days 00:00:36.030000,0 days 01:09:45.462000,0 days 01:10:22.692000,0 days 01:10:58.722000,204.0,194.0,282.0,112.0,False,SOFT,3.0,True,Haas F1 Team,0 days 01:09:14.767000,,12,,False,,False,True
2021-02,FP3,0 days 01:12:16.532000,MAZ,9,0 days 00:01:17.810000,19.0,3.0,,,0 days 00:00:24.452000,0 days 00:00:26.407000,0 days 00:00:26.951000,0 days 01:11:23.174000,0 days 01:11:49.581000,0 days 01:12:16.532000,224.0,258.0,265.0,290.0,False,SOFT,4.0,True,Haas F1 Team,0 days 01:10:58.722000,,1,,False,,False,True
2021-02,FP3,0 days 01:14:07.711000,MAZ,9,0 days 00:01:51.179000,20.0,3.0,,,0 days 00:00:34.358000,0 days 00:00:43.131000,0 days 00:00:33.690000,0 days 01:12:50.890000,0 days 01:13:34.021000,0 days 01:14:07.711000,150.0,166.0,281.0,138.0,False,SOFT,5.0,True,Haas F1 Team,0 days 01:12:16.532000,,1,,False,,False,True
2021-02,FP3,0 days 01:15:24.504000,MAZ,9,0 days 00:01:16.793000,21.0,3.0,,,0 days 00:00:24.513000,0 days 00:00:26.423000,0 days 00:00:25.857000,0 days 01:14:32.224000,0 days 01:14:58.647000,0 days 01:15:24.504000,224.0,260.0,281.0,292.0,False,SOFT,6.0,True,Haas F1 Team,0 days 01:14:07.711000,,1,,True,TRACK LIMITS AT TURN 15,False,True
2021-02,FP3,0 days 01:17:19.400000,MAZ,9,0 days 00:01:54.896000,22.0,3.0,,,0 days 00:00:33.829000,0 days 00:00:34.851000,0 days 00:00:46.216000,0 days 01:15:58.333000,0 days 01:16:33.184000,0 days 01:17:19.400000,164.0,214.0,68.0,190.0,False,SOFT,7.0,True,Haas F1 Team,0 days 01:15:24.504000,,1,,False,,False,True
2021-02,FP3,0 days 01:19:59.120000,MAZ,9,,23.0,3.0,,0 days 01:19:54.916000,0 days 00:01:13.177000,0 days 00:00:45.039000,0 days 00:00:41.504000,0 days 01:18:32.618000,0 days 01:19:17.616000,0 days 01:19:59.226000,168.0,127.0,,185.0,False,SOFT,8.0,True,Haas F1 Team,0 days 01:17:19.400000,,1,,False,,False,False
2021-02,FP3,0 days 00:40:28.597000,GAS,10,,1.0,1.0,0 days 00:38:43.746000,,,0 days 00:00:35.867000,0 days 00:00:41.630000,,0 days 00:39:46.967000,0 days 00:40:29.887000,167.0,244.0,279.0,262.0,False,MEDIUM,1.0,True,AlphaTauri,0 days 00:38:43.746000,,12,,False,,False,False
2021-02,FP3,0 days 00:44:10.156000,GAS,10,,2.0,1.0,,0 days 00:42:16.784000,,,,,,,,,,,False,MEDIUM,2.0,True,AlphaTauri,0 days 00:40:28.597000,,251,,False,,False,False
2021-02,FP3,0 days 00:45:29.398000,GAS,10,,3.0,2.0,0 days 00:44:06.276000,,,0 days 00:00:29.270000,0 days 00:00:28.774000,,0 days 00:45:00.654000,0 days 00:45:29.573000,209.0,247.0,249.0,260.0,False,MEDIUM,3.0,False,AlphaTauri,0 days 00:44:06.276000,,1,,False,,False,False
2021-02,FP3,0 days 00:46:53.531000,GAS,10,0 days 00:01:24.133000,4.0,2.0,,,0 days 00:00:27.949000,0 days 00:00:28.259000,0 days 00:00:27.925000,0 days 00:45:57.347000,0 days 00:46:25.606000,0 days 00:46:53.531000,216.0,243.0,280.0,260.0,True,MEDIUM,4.0,False,AlphaTauri,0 days 00:45:29.398000,,1,,False,,False,True
2021-02,FP3,0 days 00:48:10.588000,GAS,10,0 days 00:01:17.057000,5.0,2.0,,,0 days 00:00:24.799000,0 days 00:00:26.449000,0 days 00:00:25.809000,0 days 00:47:18.330000,0 days 00:47:44.779000,0 days 00:48:10.588000,228.0,257.0,281.0,285.0,True,MEDIUM,5.0,False,AlphaTauri,0 days 00:46:53.531000,,1,,False,,False,True
2021-02,FP3,0 days 00:49:37.947000,GAS,10,0 days 00:01:27.359000,6.0,2.0,,,0 days 00:00:28.767000,0 days 00:00:30.689000,0 days 00:00:27.903000,0 days 00:48:39.355000,0 days 00:49:10.044000,0 days 00:49:37.947000,191.0,248.0,280.0,264.0,False,MEDIUM,6.0,False,AlphaTauri,0 days 00:48:10.588000,,1,,False,,False,True
2021-02,FP3,0 days 00:50:54.834000,GAS,10,0 days 00:01:16.887000,7.0,2.0,,,0 days 00:00:24.584000,0 days 00:00:26.540000,0 days 00:00:25.763000,0 days 00:50:02.531000,0 days 00:50:29.071000,0 days 00:50:54.834000,225.0,256.0,283.0,285.0,True,MEDIUM,7.0,False,AlphaTauri,0 days 00:49:37.947000,,1,,False,,False,True
2021-02,FP3,0 days 00:52:26.726000,GAS,10,0 days 00:01:31.892000,8.0,2.0,,,0 days 00:00:29.720000,0 days 00:00:33.482000,0 days 00:00:28.690000,0 days 00:51:24.554000,0 days 00:51:58.036000,0 days 00:52:26.726000,177.0,230.0,285.0,266.0,False,MEDIUM,8.0,False,AlphaTauri,0 days 00:50:54.834000,,1,,False,,False,True
2021-02,FP3,0 days 00:54:00.414000,GAS,10,0 days 00:01:33.688000,9.0,2.0,,,0 days 00:00:24.291000,0 days 00:00:40.628000,0 days 00:00:28.769000,0 days 00:52:51.017000,0 days 00:53:31.645000,0 days 00:54:00.414000,228.0,239.0,284.0,266.0,False,MEDIUM,9.0,False,AlphaTauri,0 days 00:52:26.726000,,1,,False,,False,True
2021-02,FP3,0 days 00:55:16.304000,GAS,10,0 days 00:01:15.890000,10.0,2.0,,,0 days 00:00:24.282000,0 days 00:00:26.280000,0 days 00:00:25.328000,0 days 00:54:24.696000,0 days 00:54:50.976000,0 days 00:55:16.304000,230.0,260.0,283.0,289.0,True,MEDIUM,10.0,False,AlphaTauri,0 days 00:54:00.414000,,1,,False,,False,True
2021-02,FP3,0 days 00:56:49.181000,GAS,10,0 days 00:01:32.877000,11.0,2.0,,0 days 00:56:44.802000,0 days 00:00:27.841000,0 days 00:00:31.691000,0 days 00:00:33.345000,0 days 00:55:44.145000,0 days 00:56:15.836000,0 days 00:56:49.181000,202.0,113.0,,287.0,False,MEDIUM,11.0,False,AlphaTauri,0 days 00:55:16.304000,,1,,False,,False,False
2021-02,FP3,0 days 00:58:47.075000,GAS,10,0 days 00:01:57.894000,12.0,3.0,0 days 00:57:15.132000,0 days 00:58:42.710000,0 days 00:00:50.666000,0 days 00:00:30.148000,0 days 00:00:37.080000,0 days 00:57:39.847000,0 days 00:58:09.995000,0 days 00:58:47.075000,210.0,234.0,,253.0,False,MEDIUM,12.0,False,AlphaTauri,0 days 00:56:49.181000,,1,,False,,False,False
2021-02,FP3,0 days 01:05:09.037000,GAS,10,,13.0,4.0,0 days 01:03:40.177000,,,0 days 00:00:29.471000,0 days 00:00:34.753000,,0 days 01:04:34.342000,0 days 01:05:09.204000,203.0,244.0,280.0,257.0,False,SOFT,1.0,True,AlphaTauri,0 days 00:58:47.075000,,12,,False,,False,False
2021-02,FP3,0 days 01:06:25.049000,GAS,10,0 days 00:01:16.012000,14.0,4.0,,,0 days 00:00:24.275000,0 days 00:00:26.253000,0 days 00:00:25.484000,0 days 01:05:33.312000,0 days 01:05:59.565000,0 days 01:06:25.049000,227.0,257.0,279.0,290.0,False,SOFT,2.0,True,AlphaTauri,0 days 01:05:09.037000,,1,,False,,False,True
2021-02,FP3,0 days 01:08:06.460000,GAS,10,0 days 00:01:41.411000,15.0,4.0,,,0 days 00:00:32.415000,0 days 00:00:36.326000,0 days 00:00:32.670000,0 days 01:06:57.464000,0 days 01:07:33.790000,0 days 01:08:06.460000,177.0,195.0,282.0,177.0,False,SOFT,3.0,True,AlphaTauri,0 days 01:06:25.049000,,1,,False,,False,True
2021-02,FP3,0 days 01:09:22.739000,GAS,10,0 days 00:01:16.279000,16.0,4.0,,,0 days 00:00:24.329000,0 days 00:00:26.352000,0 days 00:00:25.598000,0 days 01:08:30.789000,0 days 01:08:57.141000,0 days 01:09:22.739000,227.0,258.0,282.0,288.0,False,SOFT,4.0,True,AlphaTauri,0 days 01:08:06.460000,,1,,False,,False,True
2021-02,FP3,0 days 01:11:11.213000,GAS,10,0 days 00:01:48.474000,17.0,4.0,,,0 days 00:00:38.151000,0 days 00:00:38.953000,0 days 00:00:31.370000,0 days 01:10:00.890000,0 days 01:10:39.843000,0 days 01:11:11.213000,187.0,230.0,282.0,261.0,False,SOFT,5.0,True,AlphaTauri,0 days 01:09:22.739000,,12,,False,,False,True
2021-02,FP3,0 days 01:12:27.573000,GAS,10,0 days 00:01:16.360000,18.0,4.0,,,0 days 00:00:24.418000,0 days 00:00:26.298000,0 days 00:00:25.644000,0 days 01:11:35.631000,0 days 01:12:01.929000,0 days 01:12:27.573000,228.0,258.0,282.0,289.0,False,SOFT,6.0,True,AlphaTauri,0 days 01:11:11.213000,,1,,True,TRACK LIMITS AT TURN 9,False,True
2021-02,FP3,0 days 01:14:04.225000,GAS,10,0 days 00:01:36.652000,19.0,4.0,,,0 days 00:00:30.143000,0 days 00:00:38.207000,0 days 00:00:28.302000,0 days 01:12:57.716000,0 days 01:13:35.923000,0 days 01:14:04.225000,182.0,234.0,276.0,277.0,False,SOFT,7.0,True,AlphaTauri,0 days 01:12:27.573000,,1,,False,,False,True
2021-02,FP3,0 days 01:15:22.700000,GAS,10,0 days 00:01:18.475000,20.0,4.0,,,0 days 00:00:25.482000,0 days 00:00:26.936000,0 days 00:00:26.057000,0 days 01:14:29.707000,0 days 01:14:56.643000,0 days 01:15:22.700000,222.0,251.0,275.0,287.0,False,SOFT,8.0,True,AlphaTauri,0 days 01:14:04.225000,,1,,False,,False,True
2021-02,FP3,0 days 01:17:11.922000,GAS,10,0 days 00:01:49.222000,21.0,4.0,,,0 days 00:00:30.163000,0 days 00:00:34.781000,0 days 00:00:44.278000,0 days 01:15:52.863000,0 days 01:16:27.644000,0 days 01:17:11.922000,157.0,224.0,60.0,245.0,False,SOFT,9.0,True,AlphaTauri,0 days 01:15:22.700000,,1,,False,,False,True
2021-02,FP3,0 days 01:19:18.131000,GAS,10,0 days 00:02:06.209000,22.0,4.0,,0 days 01:19:13.250000,0 days 00:01:00.075000,0 days 00:00:29.052000,0 days 00:00:37.082000,0 days 01:18:11.997000,0 days 01:18:41.049000,0 days 01:19:18.131000,215.0,234.0,,266.0,False,SOFT,10.0,True,AlphaTauri,0 days 01:17:11.922000,,1,,False,,False,False
2021-02,FP3,0 days 00:35:11.930000,PER,11,,1.0,1.0,0 days 00:33:37.842000,,,0 days 00:00:35.966000,0 days 00:00:30.789000,,0 days 00:34:41.162000,0 days 00:35:12.174000,198.0,251.0,277.0,273.0,False,MEDIUM,1.0,True,Red Bull Racing,0 days 00:33:37.842000,,1,,False,,False,False
2021-02,FP3,0 days 00:36:30.041000,PER,11,0 days 00:01:18.111000,2.0,1.0,,,0 days 00:00:25.044000,0 days 00:00:26.618000,0 days 00:00:26.449000,0 days 00:35:36.974000,0 days 00:36:03.592000,0 days 00:36:30.041000,220.0,256.0,279.0,285.0,False,MEDIUM,2.0,True,Red Bull Racing,0 days 00:35:11.930000,,1,,True,TRACK LIMITS AT TURN 9,False,True
2021-02,FP3,0 days 00:38:07.366000,PER,11,0 days 00:01:37.325000,3.0,1.0,,,0 days 00:00:29.479000,0 days 00:00:32.907000,0 days 00:00:34.939000,0 days 00:36:59.520000,0 days 00:37:32.427000,0 days 00:38:07.366000,159.0,229.0,279.0,148.0,True,MEDIUM,3.0,True,Red Bull Racing,0 days 00:36:30.041000,,1,,False,,False,True
2021-02,FP3,0 days 00:39:24.008000,PER,11,0 days 00:01:16.642000,4.0,1.0,,,0 days 00:00:24.516000,0 days 00:00:26.418000,0 days 00:00:25.708000,0 days 00:38:31.882000,0 days 00:38:58.300000,0 days 00:39:24.008000,229.0,256.0,279.0,287.0,True,MEDIUM,4.0,True,Red Bull Racing,0 days 00:38:07.366000,,1,,False,,False,True
2021-02,FP3,0 days 00:48:58.718000,PER,11,,5.0,1.0,,0 days 00:41:09.138000,0 days 00:00:31.639000,0 days 00:00:31.580000,,0 days 00:39:55.670000,0 days 00:40:27.239000,,184.0,232.0,,,False,MEDIUM,5.0,True,Red Bull Racing,0 days 00:39:24.008000,,125,,False,,False,False
2021-02,FP3,0 days 00:50:30.660000,PER,11,,6.0,2.0,0 days 00:48:58.718000,,,0 days 00:00:29.010000,0 days 00:00:31.274000,,0 days 00:49:59.421000,0 days 00:50:30.828000,205.0,242.0,259.0,262.0,False,MEDIUM,6.0,False,Red Bull Racing,0 days 00:48:58.718000,,1,,False,,False,False
2021-02,FP3,0 days 00:51:56.630000,PER,11,0 days 00:01:25.970000,7.0,2.0,,,0 days 00:00:25.936000,0 days 00:00:27.230000,0 days 00:00:32.804000,0 days 00:50:56.596000,0 days 00:51:23.826000,0 days 00:51:56.630000,218.0,248.0,282.0,140.0,False,MEDIUM,7.0,False,Red Bull Racing,0 days 00:50:30.660000,,1,,False,,False,True
2021-02,FP3,0 days 00:53:13.044000,PER,11,0 days 00:01:16.414000,8.0,2.0,,,0 days 00:00:24.324000,0 days 00:00:26.336000,0 days 00:00:25.754000,0 days 00:52:20.954000,0 days 00:52:47.290000,0 days 00:53:13.044000,233.0,259.0,282.0,288.0,True,MEDIUM,8.0,False,Red Bull Racing,0 days 00:51:56.630000,,1,,False,,False,True
2021-02,FP3,0 days 00:54:48.527000,PER,11,0 days 00:01:35.483000,9.0,2.0,,0 days 00:54:44.171000,0 days 00:00:29.112000,0 days 00:00:32.357000,0 days 00:00:34.014000,0 days 00:53:42.156000,0 days 00:54:14.513000,0 days 00:54:48.527000,194.0,223.0,,260.0,False,MEDIUM,9.0,False,Red Bull Racing,0 days 00:53:13.044000,,1,,False,,False,False
2021-02,FP3,0 days 00:56:40.858000,PER,11,0 days 00:01:52.331000,10.0,3.0,0 days 00:55:14.930000,0 days 00:56:36.483000,0 days 00:00:50.827000,0 days 00:00:27.429000,0 days 00:00:34.075000,0 days 00:55:39.354000,0 days 00:56:06.783000,0 days 00:56:40.858000,226.0,249.0,,224.0,False,MEDIUM,10.0,False,Red Bull Racing,0 days 00:54:48.527000,,1,,False,,False,False
2021-02,FP3,0 days 01:07:02.418000,PER,11,,11.0,4.0,0 days 01:05:32.395000,,,0 days 00:00:31.927000,0 days 00:00:27.878000,,0 days 01:06:34.554000,0 days 01:07:04.584000,182.0,234.0,279.0,263.0,False,SOFT,1.0,True,Red Bull Racing,0 days 00:56:40.858000,,12,,False,,False,False
2021-02,FP3,0 days 01:08:18.512000,PER,11,0 days 00:01:16.094000,12.0,4.0,,,0 days 00:00:24.343000,0 days 00:00:26.324000,0 days 00:00:25.427000,0 days 01:07:26.761000,0 days 01:07:53.085000,0 days 01:08:18.512000,228.0,257.0,283.0,287.0,True,SOFT,2.0,True,Red Bull Racing,0 days 01:07:02.418000,,1,,False,,False,True
2021-02,FP3,0 days 01:10:12.905000,PER,11,0 days 00:01:54.393000,13.0,4.0,,0 days 01:10:08.523000,0 days 00:00:36.987000,0 days 00:00:37.861000,0 days 00:00:39.545000,0 days 01:08:55.499000,0 days 01:09:33.360000,0 days 01:10:12.905000,131.0,154.0,,219.0,False,SOFT,3.0,True,Red Bull Racing,0 days 01:08:18.512000,,1,,False,,False,False
2021-02,FP3,0 days 01:12:14.271000,PER,11,0 days 00:02:01.366000,14.0,5.0,0 days 01:10:39.609000,,0 days 00:00:55.328000,0 days 00:00:32.883000,0 days 00:00:33.155000,0 days 01:11:08.233000,0 days 01:11:41.116000,0 days 01:12:14.271000,178.0,246.0,284.0,163.0,False,SOFT,4.0,False,Red Bull Racing,0 days 01:10:12.905000,,12,,False,,False,False
2021-02,FP3,0 days 01:13:29.822000,PER,11,0 days 00:01:15.551000,15.0,5.0,,,0 days 00:00:24.088000,0 days 00:00:26.052000,0 days 00:00:25.411000,0 days 01:12:38.359000,0 days 01:13:04.411000,0 days 01:13:29.822000,232.0,259.0,283.0,287.0,True,SOFT,5.0,False,Red Bull Racing,0 days 01:12:14.271000,,1,,False,,False,True
2021-02,FP3,0 days 01:15:06.885000,PER,11,0 days 00:01:37.063000,16.0,5.0,,,0 days 00:00:34.353000,0 days 00:00:30.470000,0 days 00:00:32.240000,0 days 01:14:04.175000,0 days 01:14:34.645000,0 days 01:15:06.885000,164.0,102.0,281.0,258.0,False,SOFT,6.0,False,Red Bull Racing,0 days 01:13:29.822000,,1,,False,,False,True
2021-02,FP3,0 days 01:16:50.676000,PER,11,0 days 00:01:43.791000,17.0,5.0,,,0 days 00:00:33.662000,0 days 00:00:33.086000,0 days 00:00:37.043000,0 days 01:15:40.547000,0 days 01:16:13.633000,0 days 01:16:50.676000,186.0,193.0,68.0,195.0,False,SOFT,7.0,False,Red Bull Racing,0 days 01:15:06.885000,,1,,False,,False,True
2021-02,FP3,0 days 01:18:48.813000,PER,11,0 days 00:01:58.137000,18.0,5.0,,0 days 01:18:44.457000,0 days 00:00:52.213000,0 days 00:00:32.103000,0 days 00:00:33.821000,0 days 01:17:42.889000,0 days 01:18:14.992000,0 days 01:18:48.813000,197.0,230.0,,261.0,False,SOFT,8.0,False,Red Bull Racing,0 days 01:16:50.676000,,1,,False,,False,False
2021-02,FP3,0 days 00:28:27.508000,ALO,14,,1.0,1.0,0 days 00:26:58.827000,,,0 days 00:00:30.037000,0 days 00:00:31.094000,,0 days 00:27:58.801000,0 days 00:28:28.843000,201.0,235.0,275.0,256.0,False,MEDIUM,1.0,True,Alpine,0 days 00:26:58.827000,,1,,False,,False,False
2021-02,FP3,0 days 00:29:45.781000,ALO,14,0 days 00:01:18.273000,2.0,1.0,,,0 days 00:00:25.285000,0 days 00:00:26.882000,0 days 00:00:26.106000,0 days 00:28:52.793000,0 days 00:29:19.675000,0 days 00:29:45.781000,225.0,256.0,279.0,283.0,True,MEDIUM,2.0,True,Alpine,0 days 00:28:27.508000,,1,,False,,False,True
2021-02,FP3,0 days 00:31:21.064000,ALO,14,0 days 00:01:35.283000,3.0,1.0,,,0 days 00:00:29.613000,0 days 00:00:32.840000,0 days 00:00:32.830000,0 days 00:30:15.394000,0 days 00:30:48.234000,0 days 00:31:21.064000,202.0,237.0,278.0,262.0,False,MEDIUM,3.0,True,Alpine,0 days 00:29:45.781000,,1,,False,,False,True
2021-02,FP3,0 days 00:32:38.520000,ALO,14,0 days 00:01:17.456000,4.0,1.0,,,0 days 00:00:24.780000,0 days 00:00:26.815000,0 days 00:00:25.861000,0 days 00:31:45.844000,0 days 00:32:12.659000,0 days 00:32:38.520000,228.0,256.0,278.0,283.0,True,MEDIUM,4.0,True,Alpine,0 days 00:31:21.064000,,1,,False,,False,True
2021-02,FP3,0 days 00:34:29.567000,ALO,14,0 days 00:01:51.047000,5.0,1.0,,,0 days 00:00:35.609000,0 days 00:00:41.314000,0 days 00:00:34.124000,0 days 00:33:14.129000,0 days 00:33:55.443000,0 days 00:34:29.567000,170.0,169.0,278.0,259.0,False,MEDIUM,5.0,True,Alpine,0 days 00:32:38.520000,,1,,False,,False,True
2021-02,FP3,0 days 00:35:46.914000,ALO,14,0 days 00:01:17.347000,6.0,1.0,,,0 days 00:00:24.732000,0 days 00:00:26.673000,0 days 00:00:25.942000,0 days 00:34:54.299000,0 days 00:35:20.972000,0 days 00:35:46.914000,228.0,256.0,280.0,282.0,False,MEDIUM,6.0,True,Alpine,0 days 00:34:29.567000,,1,,True,TRACK LIMITS AT TURN 15,False,True
2021-02,FP3,0 days 00:37:36.446000,ALO,14,0 days 00:01:49.532000,7.0,1.0,,,0 days 00:00:33.818000,0 days 00:00:41.324000,0 days 00:00:34.390000,0 days 00:36:20.732000,0 days 00:37:02.056000,0 days 00:37:36.446000,171.0,206.0,280.0,207.0,False,MEDIUM,7.0,True,Alpine,0 days 00:35:46.914000,,1,,False,,False,True
2021-02,FP3,0 days 00:38:53.595000,ALO,14,0 days 00:01:17.149000,8.0,1.0,,,0 days 00:00:24.656000,0 days 00:00:26.659000,0 days 00:00:25.834000,0 days 00:38:01.102000,0 days 00:38:27.761000,0 days 00:38:53.595000,228.0,257.0,282.0,288.0,True,MEDIUM,8.0,True,Alpine,0 days 00:37:36.446000,,1,,False,,False,True
2021-02,FP3,0 days 00:40:38.118000,ALO,14,0 days 00:01:44.523000,9.0,1.0,,0 days 00:40:34.130000,0 days 00:00:37.423000,0 days 00:00:31.983000,0 days 00:00:35.117000,0 days 00:39:31.018000,0 days 00:40:03.001000,0 days 00:40:38.118000,191.0,235.0,,246.0,False,MEDIUM,9.0,True,Alpine,0 days 00:38:53.595000,,12,,False,,False,False
2021-02,FP3,0 days 00:55:25.556000,ALO,14,,10.0,2.0,0 days 00:53:47.688000,,,0 days 00:00:34.102000,0 days 00:00:34.368000,,0 days 00:54:51.496000,0 days 00:55:25.656000,203.0,114.0,285.0,124.0,False,SOFT,1.0,True,Alpine,0 days 00:53:47.688000,,1,,False,,False,False
2021-02,FP3,0 days 00:56:41.898000,ALO,14,0 days 00:01:16.342000,11.0,2.0,,,0 days 00:00:24.455000,0 days 00:00:26.365000,0 days 00:00:25.522000,0 days 00:55:50.011000,0 days 00:56:16.376000,0 days 00:56:41.898000,228.0,258.0,280.0,289.0,True,SOFT,2.0,True,Alpine,0 days 00:55:25.556000,,1,,False,,False,True
2021-02,FP3,0 days 00:58:30.923000,ALO,14,0 days 00:01:49.025000,12.0,2.0,,,0 days 00:00:34,0 days 00:00:39.138000,0 days 00:00:35.887000,0 days 00:57:15.898000,0 days 00:57:55.036000,0 days 00:58:30.923000,152.0,222.0,284.0,203.0,False,SOFT,3.0,True,Alpine,0 days 00:56:41.898000,,1,,False,,False,True
2021-02,FP3,0 days 00:59:47.109000,ALO,14,0 days 00:01:16.186000,13.0,2.0,,,0 days 00:00:24.405000,0 days 00:00:26.370000,0 days 00:00:25.411000,0 days 00:58:55.328000,0 days 00:59:21.698000,0 days 00:59:47.109000,231.0,259.0,282.0,287.0,True,SOFT,4.0,True,Alpine,0 days 00:58:30.923000,,1,,False,,False,True
2021-02,FP3,0 days 01:01:38.620000,ALO,14,0 days 00:01:51.511000,14.0,2.0,,,0 days 00:00:34.440000,0 days 00:00:42.475000,0 days 00:00:34.596000,0 days 01:00:21.549000,0 days 01:01:04.024000,0 days 01:01:38.620000,153.0,145.0,284.0,258.0,False,SOFT,5.0,True,Alpine,0 days 00:59:47.109000,,1,,False,,False,True
2021-02,FP3,0 days 01:02:55.016000,ALO,14,0 days 00:01:16.396000,15.0,2.0,,,0 days 00:00:24.390000,0 days 00:00:26.464000,0 days 00:00:25.542000,0 days 01:02:03.010000,0 days 01:02:29.474000,0 days 01:02:55.016000,231.0,259.0,282.0,284.0,False,SOFT,6.0,True,Alpine,0 days 01:01:38.620000,,1,,False,,False,True
2021-02,FP3,0 days 01:04:28.109000,ALO,14,0 days 00:01:33.093000,16.0,2.0,,0 days 01:04:23.714000,0 days 00:00:29.314000,0 days 00:00:29.669000,0 days 00:00:34.110000,0 days 01:03:24.330000,0 days 01:03:53.999000,0 days 01:04:28.109000,198.0,236.0,,230.0,False,SOFT,7.0,True,Alpine,0 days 01:02:55.016000,,12,,False,,False,False
2021-02,FP3,0 days 01:13:29.823000,ALO,14,,17.0,3.0,0 days 01:12:00.433000,0 days 01:13:25.398000,,0 days 00:00:29.441000,0 days 00:00:32.928000,,0 days 01:12:56.911000,0 days 01:13:32.835000,199.0,238.0,,266.0,False,MEDIUM,10.0,False,Alpine,0 days 01:04:28.109000,,12,,False,,False,False
2021-02,FP3,0 days 01:15:18.883000,ALO,14,0 days 00:01:49.060000,18.0,4.0,0 days 01:13:55.793000,,0 days 00:00:49.781000,0 days 00:00:30.520000,0 days 00:00:28.759000,0 days 01:14:19.604000,0 days 01:14:50.124000,0 days 01:15:18.883000,209.0,243.0,266.0,269.0,False,SOFT,8.0,False,Alpine,0 days 01:13:29.823000,,1,,False,,False,False
2021-02,FP3,0 days 01:17:06.292000,ALO,14,0 days 00:01:47.409000,19.0,4.0,,,0 days 00:00:28.666000,0 days 00:00:31.280000,0 days 00:00:47.463000,0 days 01:15:47.549000,0 days 01:16:18.829000,0 days 01:17:06.292000,192.0,189.0,50.0,132.0,False,SOFT,9.0,False,Alpine,0 days 01:15:18.883000,,1,,False,,False,True
2021-02,FP3,0 days 01:19:16.462000,ALO,14,0 days 00:02:10.170000,20.0,4.0,,0 days 01:19:12.052000,0 days 00:01:01.407000,0 days 00:00:31.485000,0 days 00:00:37.278000,0 days 01:18:07.699000,0 days 01:18:39.184000,0 days 01:19:16.462000,215.0,210.0,,226.0,False,SOFT,10.0,False,Alpine,0 days 01:17:06.292000,,1,,False,,False,False
2021-02,FP3,0 days 00:30:44.600000,LEC,16,,1.0,1.0,0 days 00:29:15.735000,,,0 days 00:00:30.850000,0 days 00:00:29.472000,,0 days 00:30:15.188000,0 days 00:30:44.776000,199.0,238.0,277.0,262.0,False,MEDIUM,1.0,True,Ferrari,0 days 00:29:15.735000,,1,,False,,False,False
2021-02,FP3,0 days 00:32:01.921000,LEC,16,0 days 00:01:17.321000,2.0,1.0,,,0 days 00:00:25.112000,0 days 00:00:26.493000,0 days 00:00:25.716000,0 days 00:31:09.712000,0 days 00:31:36.205000,0 days 00:32:01.921000,226.0,256.0,279.0,285.0,True,MEDIUM,2.0,True,Ferrari,0 days 00:30:44.600000,,1,,False,,False,True
2021-02,FP3,0 days 00:33:43.753000,LEC,16,0 days 00:01:41.832000,3.0,1.0,,,0 days 00:00:33.491000,0 days 00:00:36.910000,0 days 00:00:31.431000,0 days 00:32:35.412000,0 days 00:33:12.322000,0 days 00:33:43.753000,181.0,221.0,277.0,215.0,False,MEDIUM,3.0,True,Ferrari,0 days 00:32:01.921000,,1,,False,,False,True
2021-02,FP3,0 days 00:35:00.548000,LEC,16,0 days 00:01:16.795000,4.0,1.0,,,0 days 00:00:24.635000,0 days 00:00:26.474000,0 days 00:00:25.686000,0 days 00:34:08.388000,0 days 00:34:34.862000,0 days 00:35:00.548000,229.0,257.0,284.0,287.0,True,MEDIUM,4.0,True,Ferrari,0 days 00:33:43.753000,,1,,False,,False,True
2021-02,FP3,0 days 00:36:42.589000,LEC,16,0 days 00:01:42.041000,5.0,1.0,,,0 days 00:00:35.842000,0 days 00:00:35.441000,0 days 00:00:30.758000,0 days 00:35:36.390000,0 days 00:36:11.831000,0 days 00:36:42.589000,139.0,222.0,279.0,261.0,False,MEDIUM,5.0,True,Ferrari,0 days 00:35:00.548000,,1,,False,,False,True
2021-02,FP3,0 days 00:38:15.489000,LEC,16,0 days 00:01:32.900000,6.0,1.0,,,0 days 00:00:30.832000,0 days 00:00:30.984000,0 days 00:00:31.084000,0 days 00:37:13.421000,0 days 00:37:44.405000,0 days 00:38:15.489000,192.0,235.0,282.0,146.0,False,MEDIUM,6.0,True,Ferrari,0 days 00:36:42.589000,,1,,False,,False,True
2021-02,FP3,0 days 00:39:31.821000,LEC,16,0 days 00:01:16.332000,7.0,1.0,,,0 days 00:00:24.334000,0 days 00:00:26.399000,0 days 00:00:25.599000,0 days 00:38:39.823000,0 days 00:39:06.222000,0 days 00:39:31.821000,230.0,257.0,283.0,289.0,False,MEDIUM,7.0,True,Ferrari,0 days 00:38:15.489000,,1,,True,TRACK LIMITS AT TURN 9,False,True
2021-02,FP3,0 days 00:53:00.277000,LEC,16,,8.0,1.0,,0 days 00:41:12.087000,0 days 00:00:29.478000,0 days 00:00:31.980000,,0 days 00:40:01.406000,0 days 00:40:33.384000,,183.0,230.0,,,False,MEDIUM,8.0,True,Ferrari,0 days 00:39:31.821000,,125,,False,,False,False
2021-02,FP3,0 days 00:54:35.776000,LEC,16,,9.0,2.0,0 days 00:53:00.277000,,,0 days 00:00:33.130000,0 days 00:00:33.313000,,0 days 00:54:02.483000,0 days 00:54:35.926000,201.0,150.0,281.0,211.0,False,SOFT,1.0,True,Ferrari,0 days 00:53:00.277000,,1,,False,,False,False
2021-02,FP3,0 days 00:55:51.514000,LEC,16,0 days 00:01:15.738000,10.0,2.0,,,0 days 00:00:24.302000,0 days 00:00:26.065000,0 days 00:00:25.371000,0 days 00:55:00.078000,0 days 00:55:26.143000,0 days 00:55:51.514000,232.0,259.0,281.0,290.0,True,SOFT,2.0,True,Ferrari,0 days 00:54:35.776000,,1,,False,,False,True
2021-02,FP3,0 days 00:57:57.001000,LEC,16,0 days 00:02:05.487000,11.0,2.0,,,0 days 00:00:37.879000,0 days 00:00:46.390000,0 days 00:00:41.218000,0 days 00:56:29.393000,0 days 00:57:15.783000,0 days 00:57:57.001000,127.0,179.0,279.0,129.0,False,SOFT,3.0,True,Ferrari,0 days 00:55:51.514000,,1,,False,,False,True
2021-02,FP3,0 days 00:59:22.528000,LEC,16,0 days 00:01:25.527000,12.0,2.0,,,0 days 00:00:25.760000,0 days 00:00:30.555000,0 days 00:00:29.212000,0 days 00:58:22.761000,0 days 00:58:53.316000,0 days 00:59:22.528000,201.0,233.0,280.0,263.0,False,SOFT,4.0,True,Ferrari,0 days 00:57:57.001000,,1,,False,,False,True
2021-02,FP3,0 days 01:00:38.372000,LEC,16,0 days 00:01:15.844000,13.0,2.0,,,0 days 00:00:24.359000,0 days 00:00:26.269000,0 days 00:00:25.216000,0 days 00:59:46.887000,0 days 01:00:13.156000,0 days 01:00:38.372000,233.0,258.0,282.0,287.0,False,SOFT,5.0,True,Ferrari,0 days 00:59:22.528000,,1,,False,,False,True
2021-02,FP3,0 days 01:02:28.154000,LEC,16,0 days 00:01:49.782000,14.0,2.0,,0 days 01:02:23.763000,0 days 00:00:30.769000,0 days 00:00:40.178000,0 days 00:00:38.835000,0 days 01:01:09.141000,0 days 01:01:49.319000,0 days 01:02:28.154000,182.0,213.0,,211.0,False,SOFT,6.0,True,Ferrari,0 days 01:00:38.372000,,1,,False,,False,False
2021-02,FP3,0 days 01:04:51.418000,LEC,16,0 days 00:02:23.264000,15.0,3.0,0 days 01:03:09.824000,0 days 01:04:48.936000,0 days 00:01:14.122000,0 days 00:00:30.624000,0 days 00:00:38.518000,0 days 01:03:42.276000,0 days 01:04:12.900000,0 days 01:04:51.418000,193.0,231.0,,231.0,False,SOFT,7.0,False,Ferrari,0 days 01:02:28.154000,,12,,False,,False,False
2021-02,FP3,0 days 01:11:06.092000,LEC,16,,16.0,4.0,0 days 01:09:33.951000,0 days 01:11:00.824000,,0 days 00:00:31.070000,0 days 00:00:33.626000,,0 days 01:10:32.497000,0 days 01:11:07.610000,190.0,236.0,,264.0,False,SOFT,8.0,False,Ferrari,0 days 01:04:51.418000,,12,,False,,False,False
2021-02,FP3,0 days 01:12:54.647000,LEC,16,0 days 00:01:48.555000,17.0,5.0,0 days 01:11:37.200000,,0 days 00:00:54.113000,0 days 00:00:27.640000,0 days 00:00:26.802000,0 days 01:12:00.205000,0 days 01:12:27.845000,0 days 01:12:54.647000,217.0,249.0,269.0,280.0,False,SOFT,9.0,False,Ferrari,0 days 01:11:06.092000,,1,,False,,False,False
2021-02,FP3,0 days 01:14:14.567000,LEC,16,0 days 00:01:19.920000,18.0,5.0,,,0 days 00:00:25.999000,0 days 00:00:27.427000,0 days 00:00:26.494000,0 days 01:13:20.646000,0 days 01:13:48.073000,0 days 01:14:14.567000,219.0,247.0,269.0,272.0,False,SOFT,10.0,False,Ferrari,0 days 01:12:54.647000,,1,,False,,False,True
2021-02,FP3,0 days 01:15:34.124000,LEC,16,0 days 00:01:19.557000,19.0,5.0,,,0 days 00:00:25.565000,0 days 00:00:27.233000,0 days 00:00:26.759000,0 days 01:14:40.132000,0 days 01:15:07.365000,0 days 01:15:34.124000,219.0,252.0,270.0,282.0,False,SOFT,11.0,False,Ferrari,0 days 01:14:14.567000,,1,,False,,False,True
2021-02,FP3,0 days 01:17:25.866000,LEC,16,0 days 00:01:51.742000,20.0,5.0,,,0 days 00:00:30.430000,0 days 00:00:34.836000,0 days 00:00:46.476000,0 days 01:16:04.554000,0 days 01:16:39.390000,0 days 01:17:25.866000,196.0,227.0,53.0,161.0,False,SOFT,12.0,False,Ferrari,0 days 01:15:34.124000,,1,,False,,False,True
2021-02,FP3,0 days 01:19:40.125000,LEC,16,0 days 00:02:14.259000,21.0,5.0,,0 days 01:19:38.374000,0 days 00:01:09.048000,0 days 00:00:31.281000,0 days 00:00:33.930000,0 days 01:18:34.914000,0 days 01:19:06.195000,0 days 01:19:40.125000,201.0,245.0,,260.0,False,SOFT,13.0,False,Ferrari,0 days 01:17:25.866000,,1,,False,,False,False
2021-02,FP3,0 days 00:37:07.037000,STR,18,,1.0,1.0,0 days 00:35:28.079000,,,0 days 00:00:31.635000,0 days 00:00:40.403000,,0 days 00:36:28.520000,0 days 00:37:07.166000,201.0,240.0,277.0,189.0,False,MEDIUM,1.0,True,Aston Martin,0 days 00:35:28.079000,,1,,False,,False,False
2021-02,FP3,0 days 00:38:24.785000,STR,18,0 days 00:01:17.748000,2.0,1.0,,,0 days 00:00:25.125000,0 days 00:00:26.706000,0 days 00:00:25.917000,0 days 00:37:32.162000,0 days 00:37:58.868000,0 days 00:38:24.785000,226.0,256.0,281.0,288.0,True,MEDIUM,2.0,True,Aston Martin,0 days 00:37:07.037000,,1,,False,,False,True
2021-02,FP3,0 days 00:40:20.479000,STR,18,0 days 00:01:55.694000,3.0,1.0,,,0 days 00:00:29.918000,0 days 00:00:36.256000,0 days 00:00:49.520000,0 days 00:38:54.703000,0 days 00:39:30.959000,0 days 00:40:20.479000,193.0,220.0,278.0,106.0,False,MEDIUM,3.0,True,Aston Martin,0 days 00:38:24.785000,,1,,False,,False,True
2021-02,FP3,0 days 00:45:11.354000,STR,18,,4.0,1.0,,0 days 00:42:10.191000,,,,,,,,,,,False,MEDIUM,4.0,True,Aston Martin,0 days 00:40:20.479000,,125,,False,,False,False
2021-02,FP3,0 days 00:46:33.133000,STR,18,,5.0,2.0,0 days 00:45:11.354000,,,0 days 00:00:28.776000,0 days 00:00:28.823000,,0 days 00:46:05.348000,0 days 00:46:33.255000,207.0,240.0,258.0,270.0,False,MEDIUM,5.0,False,Aston Martin,0 days 00:45:11.354000,,1,,False,,False,False
2021-02,FP3,0 days 00:47:58.193000,STR,18,0 days 00:01:25.060000,6.0,2.0,,,0 days 00:00:28.063000,0 days 00:00:28.644000,0 days 00:00:28.353000,0 days 00:47:01.196000,0 days 00:47:29.840000,0 days 00:47:58.193000,210.0,245.0,280.0,274.0,False,MEDIUM,6.0,False,Aston Martin,0 days 00:46:33.133000,,1,,False,,False,True
2021-02,FP3,0 days 00:49:14.965000,STR,18,0 days 00:01:16.772000,7.0,2.0,,,0 days 00:00:24.480000,0 days 00:00:26.518000,0 days 00:00:25.774000,0 days 00:48:22.673000,0 days 00:48:49.191000,0 days 00:49:14.965000,228.0,257.0,282.0,287.0,True,MEDIUM,7.0,False,Aston Martin,0 days 00:47:58.193000,,1,,False,,False,True
2021-02,FP3,0 days 00:50:52.115000,STR,18,0 days 00:01:37.150000,8.0,2.0,,,0 days 00:00:29.019000,0 days 00:00:32.086000,0 days 00:00:36.045000,0 days 00:49:43.984000,0 days 00:50:16.070000,0 days 00:50:52.115000,196.0,238.0,281.0,82.0,False,MEDIUM,8.0,False,Aston Martin,0 days 00:49:14.965000,,1,,False,,False,True
2021-02,FP3,0 days 00:52:09.021000,STR,18,0 days 00:01:16.906000,9.0,2.0,,,0 days 00:00:24.418000,0 days 00:00:26.467000,0 days 00:00:26.021000,0 days 00:51:16.533000,0 days 00:51:43,0 days 00:52:09.021000,227.0,257.0,285.0,290.0,False,MEDIUM,9.0,False,Aston Martin,0 days 00:50:52.115000,,1,,False,,False,True
2021-02,FP3,0 days 00:53:39.578000,STR,18,0 days 00:01:30.557000,10.0,2.0,,0 days 00:53:35.489000,0 days 00:00:27.941000,0 days 00:00:29.660000,0 days 00:00:32.956000,0 days 00:52:36.962000,0 days 00:53:06.622000,0 days 00:53:39.578000,208.0,238.0,,272.0,False,MEDIUM,10.0,False,Aston Martin,0 days 00:52:09.021000,,1,,False,,False,False
2021-02,FP3,0 days 00:55:41.623000,STR,18,0 days 00:02:02.045000,11.0,3.0,0 days 00:54:05.678000,0 days 00:55:37.434000,0 days 00:00:50.567000,0 days 00:00:31.982000,0 days 00:00:39.496000,0 days 00:54:30.145000,0 days 00:55:02.127000,0 days 00:55:41.623000,209.0,245.0,,205.0,False,MEDIUM,11.0,False,Aston Martin,0 days 00:53:39.578000,,1,,False,,False,False
2021-02,FP3,0 days 01:08:47.246000,STR,18,,12.0,4.0,0 days 01:07:16.302000,,,0 days 00:00:32.502000,0 days 00:00:32.950000,,0 days 01:08:14.299000,0 days 01:08:48.907000,203.0,147.0,279.0,258.0,False,SOFT,1.0,True,Aston Martin,0 days 00:55:41.623000,,12,,False,,False,False
2021-02,FP3,0 days 01:10:03.670000,STR,18,0 days 00:01:16.424000,13.0,4.0,,,0 days 00:00:24.435000,0 days 00:00:26.228000,0 days 00:00:25.761000,0 days 01:09:11.681000,0 days 01:09:37.909000,0 days 01:10:03.670000,230.0,258.0,281.0,287.0,False,SOFT,2.0,True,Aston Martin,0 days 01:08:47.246000,,1,,True,TRACK LIMITS AT TURN 9,False,True
2021-02,FP3,0 days 01:11:44.803000,STR,18,0 days 00:01:41.133000,14.0,4.0,,,0 days 00:00:33.187000,0 days 00:00:34.796000,0 days 00:00:33.150000,0 days 01:10:36.857000,0 days 01:11:11.653000,0 days 01:11:44.803000,188.0,217.0,255.0,185.0,False,SOFT,3.0,True,Aston Martin,0 days 01:10:03.670000,,12,,False,,False,True
2021-02,FP3,0 days 01:13:36.323000,STR,18,0 days 00:01:51.520000,15.0,4.0,,,0 days 00:00:32.692000,0 days 00:00:43.020000,0 days 00:00:35.808000,0 days 01:12:17.495000,0 days 01:13:00.515000,0 days 01:13:36.323000,160.0,137.0,280.0,172.0,False,SOFT,4.0,True,Aston Martin,0 days 01:11:44.803000,,1,,False,,False,True
2021-02,FP3,0 days 01:14:52.568000,STR,18,0 days 00:01:16.245000,16.0,4.0,,,0 days 00:00:24.300000,0 days 00:00:26.252000,0 days 00:00:25.693000,0 days 01:14:00.623000,0 days 01:14:26.875000,0 days 01:14:52.568000,230.0,257.0,280.0,287.0,True,SOFT,5.0,True,Aston Martin,0 days 01:13:36.323000,,1,,False,,False,True
2021-02,FP3,0 days 01:16:22.606000,STR,18,0 days 00:01:30.038000,17.0,4.0,,,0 days 00:00:28.588000,0 days 00:00:32.105000,0 days 00:00:29.345000,0 days 01:15:21.156000,0 days 01:15:53.261000,0 days 01:16:22.606000,199.0,232.0,260.0,239.0,False,SOFT,6.0,True,Aston Martin,0 days 01:14:52.568000,,1,,False,,False,True
2021-02,FP3,0 days 01:18:14.383000,STR,18,0 days 00:01:51.777000,18.0,4.0,,,0 days 00:00:29.952000,0 days 00:00:34.557000,0 days 00:00:47.268000,0 days 01:16:52.558000,0 days 01:17:27.115000,0 days 01:18:14.383000,171.0,203.0,59.0,164.0,False,SOFT,7.0,True,Aston Martin,0 days 01:16:22.606000,,1,,False,,False,True
2021-02,FP3,0 days 01:20:19.594000,STR,18,0 days 00:02:05.211000,19.0,4.0,,0 days 01:20:13.437000,0 days 00:00:51.160000,0 days 00:00:32.856000,0 days 00:00:41.195000,0 days 01:19:05.543000,0 days 01:19:38.399000,0 days 01:20:19.594000,197.0,219.0,,159.0,False,SOFT,8.0,True,Aston Martin,0 days 01:18:14.383000,,1,,False,,False,False
2021-02,FP3,0 days 00:39:53.052000,TSU,22,,1.0,1.0,0 days 00:38:19.550000,,,0 days 00:00:32.573000,0 days 00:00:32.383000,,0 days 00:39:20.669000,0 days 00:39:53.181000,196.0,227.0,266.0,253.0,False,MEDIUM,1.0,True,AlphaTauri,0 days 00:38:19.550000,,1,,False,,False,False
2021-02,FP3,0 days 00:44:19.127000,TSU,22,,2.0,1.0,,0 days 00:41:30.115000,0 days 00:00:25.204000,,,0 days 00:40:18.260000,,,228.0,,,,False,MEDIUM,2.0,True,AlphaTauri,0 days 00:39:53.052000,,125,,False,,False,False
2021-02,FP3,0 days 00:45:45.555000,TSU,22,,3.0,2.0,0 days 00:44:19.127000,,,0 days 00:00:29.560000,0 days 00:00:30.330000,,0 days 00:45:15.225000,0 days 00:45:45.699000,199.0,247.0,249.0,261.0,False,MEDIUM,3.0,False,AlphaTauri,0 days 00:44:19.127000,,1,,False,,False,False
2021-02,FP3,0 days 00:47:28.342000,TSU,22,0 days 00:01:42.787000,4.0,2.0,,,0 days 00:00:39.119000,0 days 00:00:32.020000,0 days 00:00:31.648000,0 days 00:46:24.674000,0 days 00:46:56.694000,0 days 00:47:28.342000,202.0,246.0,279.0,186.0,True,MEDIUM,4.0,False,AlphaTauri,0 days 00:45:45.555000,,1,,False,,False,True
2021-02,FP3,0 days 00:48:45.833000,TSU,22,0 days 00:01:17.491000,5.0,2.0,,,0 days 00:00:24.817000,0 days 00:00:26.675000,0 days 00:00:25.999000,0 days 00:47:53.159000,0 days 00:48:19.834000,0 days 00:48:45.833000,227.0,258.0,280.0,284.0,False,MEDIUM,5.0,False,AlphaTauri,0 days 00:47:28.342000,,1,,True,TRACK LIMITS AT TURN 9,False,True
2021-02,FP3,0 days 00:50:27.948000,TSU,22,0 days 00:01:42.115000,6.0,2.0,,,0 days 00:00:32.622000,0 days 00:00:37.154000,0 days 00:00:32.339000,0 days 00:49:18.455000,0 days 00:49:55.609000,0 days 00:50:27.948000,177.0,147.0,281.0,175.0,True,MEDIUM,6.0,False,AlphaTauri,0 days 00:48:45.833000,,1,,False,,False,True
2021-02,FP3,0 days 00:51:45.013000,TSU,22,0 days 00:01:17.065000,7.0,2.0,,,0 days 00:00:24.552000,0 days 00:00:26.723000,0 days 00:00:25.790000,0 days 00:50:52.500000,0 days 00:51:19.223000,0 days 00:51:45.013000,226.0,257.0,279.0,286.0,True,MEDIUM,7.0,False,AlphaTauri,0 days 00:50:27.948000,,1,,False,,False,True
2021-02,FP3,0 days 00:53:27.253000,TSU,22,0 days 00:01:42.240000,8.0,2.0,,,0 days 00:00:32.299000,0 days 00:00:36.765000,0 days 00:00:33.176000,0 days 00:52:17.312000,0 days 00:52:54.077000,0 days 00:53:27.253000,185.0,226.0,286.0,115.0,False,MEDIUM,8.0,False,AlphaTauri,0 days 00:51:45.013000,,1,,False,,False,True
2021-02,FP3,0 days 00:54:47.969000,TSU,22,0 days 00:01:20.716000,9.0,2.0,,,0 days 00:00:24.191000,0 days 00:00:26.272000,0 days 00:00:30.253000,0 days 00:53:51.444000,0 days 00:54:17.716000,0 days 00:54:47.969000,234.0,263.0,191.0,298.0,False,MEDIUM,9.0,False,AlphaTauri,0 days 00:53:27.253000,,1,,False,,False,True
2021-02,FP3,0 days 00:56:29.658000,TSU,22,0 days 00:01:41.689000,10.0,2.0,,,0 days 00:00:37.221000,0 days 00:00:35.467000,0 days 00:00:29.001000,0 days 00:55:25.190000,0 days 00:56:00.657000,0 days 00:56:29.658000,169.0,235.0,278.0,262.0,False,MEDIUM,10.0,False,AlphaTauri,0 days 00:54:47.969000,,1,,False,,False,True
2021-02,FP3,0 days 00:58:03.118000,TSU,22,0 days 00:01:33.460000,11.0,2.0,,0 days 00:58:00.766000,0 days 00:00:24.487000,0 days 00:00:26.364000,0 days 00:00:42.609000,0 days 00:56:54.145000,0 days 00:57:20.509000,0 days 00:58:03.118000,231.0,258.0,,131.0,False,MEDIUM,11.0,False,AlphaTauri,0 days 00:56:29.658000,,1,,False,,False,False
2021-02,FP3,0 days 01:00:10.750000,TSU,22,0 days 00:02:07.632000,12.0,3.0,0 days 00:58:29.300000,0 days 01:00:06.932000,0 days 00:00:56.185000,0 days 00:00:36.448000,0 days 00:00:34.999000,0 days 00:58:59.303000,0 days 00:59:35.751000,0 days 01:00:10.750000,176.0,223.0,,263.0,False,MEDIUM,12.0,False,AlphaTauri,0 days 00:58:03.118000,,1,,False,,False,False
2021-02,FP3,0 days 01:07:49.413000,TSU,22,,13.0,4.0,0 days 01:06:19.909000,,,0 days 00:00:33.819000,0 days 00:00:29.234000,,0 days 01:07:20.182000,0 days 01:07:49.585000,205.0,248.0,280.0,266.0,False,SOFT,1.0,True,AlphaTauri,0 days 01:00:10.750000,,12,,False,,False,False
2021-02,FP3,0 days 01:09:05.853000,TSU,22,0 days 00:01:16.440000,14.0,4.0,,,0 days 00:00:24.342000,0 days 00:00:26.575000,0 days 00:00:25.523000,0 days 01:08:13.755000,0 days 01:08:40.330000,0 days 01:09:05.853000,228.0,258.0,279.0,285.0,True,SOFT,2.0,True,AlphaTauri,0 days 01:07:49.413000,,1,,False,,False,True
2021-02,FP3,0 days 01:10:45.783000,TSU,22,0 days 00:01:39.930000,15.0,4.0,,,0 days 00:00:30.723000,0 days 00:00:36.376000,0 days 00:00:32.831000,0 days 01:09:36.576000,0 days 01:10:12.952000,0 days 01:10:45.783000,187.0,135.0,281.0,256.0,False,SOFT,3.0,True,AlphaTauri,0 days 01:09:05.853000,,12,,False,,False,True
2021-02,FP3,0 days 01:12:02.037000,TSU,22,0 days 00:01:16.254000,16.0,4.0,,,0 days 00:00:24.267000,0 days 00:00:26.419000,0 days 00:00:25.568000,0 days 01:11:10.050000,0 days 01:11:36.469000,0 days 01:12:02.037000,232.0,258.0,281.0,288.0,True,SOFT,4.0,True,AlphaTauri,0 days 01:10:45.783000,,1,,False,,False,True
2021-02,FP3,0 days 01:13:47.548000,TSU,22,0 days 00:01:45.511000,17.0,4.0,,,0 days 00:00:32.153000,0 days 00:00:38.839000,0 days 00:00:34.519000,0 days 01:12:34.190000,0 days 01:13:13.029000,0 days 01:13:47.548000,195.0,107.0,281.0,185.0,False,SOFT,5.0,True,AlphaTauri,0 days 01:12:02.037000,,1,,False,,False,True
2021-02,FP3,0 days 01:15:03.778000,TSU,22,0 days 00:01:16.230000,18.0,4.0,,,0 days 00:00:24.382000,0 days 00:00:26.297000,0 days 00:00:25.551000,0 days 01:14:11.930000,0 days 01:14:38.227000,0 days 01:15:03.778000,229.0,258.0,279.0,286.0,True,SOFT,6.0,True,AlphaTauri,0 days 01:13:47.548000,,1,,False,,False,True
2021-02,FP3,0 days 01:16:47.395000,TSU,22,0 days 00:01:43.617000,19.0,4.0,,,0 days 00:00:34.708000,0 days 00:00:33.277000,0 days 00:00:35.632000,0 days 01:15:38.486000,0 days 01:16:11.763000,0 days 01:16:47.395000,191.0,203.0,59.0,266.0,False,SOFT,7.0,True,AlphaTauri,0 days 01:15:03.778000,,1,,False,,False,True
2021-02,FP3,0 days 01:18:44.838000,TSU,22,0 days 00:01:57.443000,20.0,4.0,,0 days 01:18:41.073000,0 days 00:00:53.438000,0 days 00:00:31.088000,0 days 00:00:32.917000,0 days 01:17:40.833000,0 days 01:18:11.921000,0 days 01:18:44.838000,202.0,249.0,,281.0,False,SOFT,8.0,True,AlphaTauri,0 days 01:16:47.395000,,1,,False,,False,False
2021-02,FP3,0 days 00:30:16.504000,OCO,31,,1.0,1.0,0 days 00:28:45.844000,,,0 days 00:00:31.893000,0 days 00:00:29.463000,,0 days 00:29:47.043000,0 days 00:30:16.627000,195.0,235.0,270.0,253.0,False,MEDIUM,1.0,True,Alpine,0 days 00:28:45.844000,,1,,False,,False,False
2021-02,FP3,0 days 00:31:48.392000,OCO,31,0 days 00:01:31.888000,2.0,1.0,,,0 days 00:00:28.482000,0 days 00:00:32.352000,0 days 00:00:31.054000,0 days 00:30:44.986000,0 days 00:31:17.338000,0 days 00:31:48.392000,205.0,189.0,277.0,192.0,True,MEDIUM,2.0,True,Alpine,0 days 00:30:16.504000,,1,,False,,False,True
2021-02,FP3,0 days 00:33:06.756000,OCO,31,0 days 00:01:18.364000,3.0,1.0,,,0 days 00:00:25.259000,0 days 00:00:26.867000,0 days 00:00:26.238000,0 days 00:32:13.651000,0 days 00:32:40.518000,0 days 00:33:06.756000,224.0,257.0,278.0,283.0,True,MEDIUM,3.0,True,Alpine,0 days 00:31:48.392000,,1,,False,,False,True
2021-02,FP3,0 days 00:34:50.465000,OCO,31,0 days 00:01:43.709000,4.0,1.0,,,0 days 00:00:31.869000,0 days 00:00:36.629000,0 days 00:00:35.211000,0 days 00:33:38.625000,0 days 00:34:15.254000,0 days 00:34:50.465000,155.0,209.0,281.0,173.0,False,MEDIUM,4.0,True,Alpine,0 days 00:33:06.756000,,1,,False,,False,True
2021-02,FP3,0 days 00:36:07.916000,OCO,31,0 days 00:01:17.451000,5.0,1.0,,,0 days 00:00:24.841000,0 days 00:00:26.627000,0 days 00:00:25.983000,0 days 00:35:15.306000,0 days 00:35:41.933000,0 days 00:36:07.916000,225.0,258.0,283.0,287.0,True,MEDIUM,5.0,True,Alpine,0 days 00:34:50.465000,,1,,False,,False,True
2021-02,FP3,0 days 00:37:52.692000,OCO,31,0 days 00:01:44.776000,6.0,1.0,,,0 days 00:00:32.499000,0 days 00:00:40.962000,0 days 00:00:31.315000,0 days 00:36:40.415000,0 days 00:37:21.377000,0 days 00:37:52.692000,150.0,200.0,278.0,258.0,False,MEDIUM,6.0,True,Alpine,0 days 00:36:07.916000,,1,,False,,False,True
2021-02,FP3,0 days 00:39:10.040000,OCO,31,0 days 00:01:17.348000,7.0,1.0,,,0 days 00:00:24.774000,0 days 00:00:26.738000,0 days 00:00:25.836000,0 days 00:38:17.466000,0 days 00:38:44.204000,0 days 00:39:10.040000,225.0,257.0,279.0,287.0,True,MEDIUM,7.0,True,Alpine,0 days 00:37:52.692000,,1,,False,,False,True
2021-02,FP3,0 days 00:52:44.431000,OCO,31,,8.0,1.0,,0 days 00:40:58.629000,0 days 00:00:29.879000,0 days 00:00:32.525000,,0 days 00:39:39.926000,0 days 00:40:12.458000,,193.0,217.0,,105.0,False,MEDIUM,8.0,True,Alpine,0 days 00:39:10.040000,,125,,False,,False,False
2021-02,FP3,0 days 00:54:07.892000,OCO,31,,9.0,2.0,0 days 00:52:44.431000,,,0 days 00:00:29.800000,0 days 00:00:27.754000,,0 days 00:53:40.166000,0 days 00:54:10.443000,206.0,243.0,283.0,269.0,False,SOFT,1.0,True,Alpine,0 days 00:52:44.431000,,1,,False,,False,False
2021-02,FP3,0 days 00:55:24.120000,OCO,31,0 days 00:01:16.228000,10.0,2.0,,,0 days 00:00:24.443000,0 days 00:00:26.406000,0 days 00:00:25.379000,0 days 00:54:32.335000,0 days 00:54:58.741000,0 days 00:55:24.120000,223.0,260.0,283.0,294.0,True,SOFT,2.0,True,Alpine,0 days 00:54:07.892000,,1,,False,,False,True
2021-02,FP3,0 days 00:57:07.051000,OCO,31,0 days 00:01:42.931000,11.0,2.0,,,0 days 00:00:34.400000,0 days 00:00:36.061000,0 days 00:00:32.470000,0 days 00:55:58.520000,0 days 00:56:34.581000,0 days 00:57:07.051000,170.0,171.0,282.0,213.0,False,SOFT,3.0,True,Alpine,0 days 00:55:24.120000,,1,,False,,False,True
2021-02,FP3,0 days 00:58:23.599000,OCO,31,0 days 00:01:16.548000,12.0,2.0,,,0 days 00:00:24.528000,0 days 00:00:26.376000,0 days 00:00:25.644000,0 days 00:57:31.579000,0 days 00:57:57.955000,0 days 00:58:23.599000,230.0,261.0,285.0,289.0,False,SOFT,4.0,True,Alpine,0 days 00:57:07.051000,,1,,False,,False,True
2021-02,FP3,0 days 01:00:04,OCO,31,0 days 00:01:40.401000,13.0,2.0,,,0 days 00:00:34.895000,0 days 00:00:35.235000,0 days 00:00:30.271000,0 days 00:58:58.494000,0 days 00:59:33.729000,0 days 01:00:04,157.0,233.0,280.0,217.0,False,SOFT,5.0,True,Alpine,0 days 00:58:23.599000,,1,,False,,False,True
2021-02,FP3,0 days 01:01:20.674000,OCO,31,0 days 00:01:16.674000,14.0,2.0,,,0 days 00:00:24.589000,0 days 00:00:26.465000,0 days 00:00:25.620000,0 days 01:00:28.589000,0 days 01:00:55.054000,0 days 01:01:20.674000,227.0,259.0,281.0,286.0,False,SOFT,6.0,True,Alpine,0 days 01:00:04,,1,,False,,False,True
2021-02,FP3,0 days 01:03:02.549000,OCO,31,0 days 00:01:41.875000,15.0,2.0,,0 days 01:02:58.149000,0 days 00:00:31.213000,0 days 00:00:32.453000,0 days 00:00:38.209000,0 days 01:01:51.887000,0 days 01:02:24.340000,0 days 01:03:02.549000,193.0,226.0,,137.0,False,SOFT,7.0,True,Alpine,0 days 01:01:20.674000,,1,,False,,False,False
2021-02,FP3,0 days 01:12:30.086000,OCO,31,,16.0,3.0,0 days 01:11:01.176000,0 days 01:12:25.932000,,0 days 00:00:29.051000,0 days 00:00:32.592000,,0 days 01:11:57.530000,0 days 01:12:32.732000,212.0,240.0,,268.0,False,MEDIUM,9.0,False,Alpine,0 days 01:03:02.549000,,12,,False,,False,False
2021-02,FP3,0 days 01:14:26.733000,OCO,31,0 days 00:01:56.647000,17.0,4.0,0 days 01:13:01.656000,,0 days 00:00:56.571000,0 days 00:00:30.211000,0 days 00:00:29.865000,0 days 01:13:26.657000,0 days 01:13:56.868000,0 days 01:14:26.733000,210.0,138.0,273.0,272.0,False,SOFT,8.0,False,Alpine,0 days 01:12:30.086000,,1,,False,,False,False
2021-02,FP3,0 days 01:15:49.498000,OCO,31,0 days 00:01:22.765000,18.0,4.0,,,0 days 00:00:26.257000,0 days 00:00:28.563000,0 days 00:00:27.945000,0 days 01:14:52.990000,0 days 01:15:21.553000,0 days 01:15:49.498000,215.0,241.0,241.0,270.0,False,SOFT,9.0,False,Alpine,0 days 01:14:26.733000,,1,,False,,False,True
2021-02,FP3,0 days 01:17:53.685000,OCO,31,0 days 00:02:04.187000,19.0,4.0,,,0 days 00:00:27.167000,0 days 00:00:29.767000,0 days 00:01:07.253000,0 days 01:16:16.665000,0 days 01:16:46.432000,0 days 01:17:53.685000,218.0,156.0,61.0,90.0,False,SOFT,10.0,False,Alpine,0 days 01:15:49.498000,,1,,False,,False,True
2021-02,FP3,0 days 01:19:50.682000,OCO,31,0 days 00:01:56.997000,20.0,4.0,,0 days 01:19:46.270000,0 days 00:00:53.053000,0 days 00:00:30.891000,0 days 00:00:33.053000,0 days 01:18:46.738000,0 days 01:19:17.629000,0 days 01:19:50.682000,213.0,239.0,,272.0,False,SOFT,11.0,False,Alpine,0 days 01:17:53.685000,,1,,False,,False,False
2021-02,FP3,0 days 00:40:39.668000,VER,33,,1.0,1.0,0 days 00:39:09.311000,,,0 days 00:00:32.026000,0 days 00:00:32.478000,,0 days 00:40:07.190000,0 days 00:40:39.784000,198.0,239.0,278.0,189.0,False,SOFT,1.0,True,Red Bull Racing,0 days 00:39:09.311000,,12,,False,,False,False
2021-02,FP3,0 days 00:45:34.156000,VER,33,,2.0,1.0,,0 days 00:42:24.970000,,,,,,,,,,,False,SOFT,2.0,True,Red Bull Racing,0 days 00:40:39.668000,,251,,False,,False,False
2021-02,FP3,0 days 00:46:57.775000,VER,33,,3.0,2.0,0 days 00:45:34.156000,,,0 days 00:00:29.862000,0 days 00:00:29.808000,,0 days 00:46:27.996000,0 days 00:46:59.190000,213.0,239.0,280.0,122.0,False,SOFT,3.0,False,Red Bull Racing,0 days 00:45:34.156000,,1,,False,,False,False
2021-02,FP3,0 days 00:48:14.026000,VER,33,0 days 00:01:16.251000,4.0,2.0,,,0 days 00:00:24.422000,0 days 00:00:26.278000,0 days 00:00:25.551000,0 days 00:47:22.197000,0 days 00:47:48.475000,0 days 00:48:14.026000,230.0,255.0,281.0,286.0,False,SOFT,4.0,False,Red Bull Racing,0 days 00:46:57.775000,,1,,True,TRACK LIMITS AT TURN 9,False,True
2021-02,FP3,0 days 00:49:54.197000,VER,33,0 days 00:01:40.171000,5.0,2.0,,,0 days 00:00:31.564000,0 days 00:00:36.268000,0 days 00:00:32.339000,0 days 00:48:45.590000,0 days 00:49:21.858000,0 days 00:49:54.197000,172.0,93.0,284.0,242.0,True,SOFT,5.0,False,Red Bull Racing,0 days 00:48:14.026000,,1,,False,,False,True
2021-02,FP3,0 days 00:51:22.526000,VER,33,0 days 00:01:28.329000,6.0,2.0,,,0 days 00:00:24.103000,0 days 00:00:28.393000,0 days 00:00:35.833000,0 days 00:50:18.300000,0 days 00:50:46.693000,0 days 00:51:22.526000,232.0,123.0,215.0,176.0,True,SOFT,6.0,False,Red Bull Racing,0 days 00:49:54.197000,,1,,False,,False,True
2021-02,FP3,0 days 00:52:56.393000,VER,33,0 days 00:01:33.867000,7.0,2.0,,,0 days 00:00:33.750000,0 days 00:00:32.248000,0 days 00:00:27.869000,0 days 00:51:56.276000,0 days 00:52:28.524000,0 days 00:52:56.393000,175.0,245.0,282.0,263.0,False,SOFT,7.0,False,Red Bull Racing,0 days 00:51:22.526000,,1,,False,,False,True
2021-02,FP3,0 days 00:54:12.288000,VER,33,0 days 00:01:15.895000,8.0,2.0,,,0 days 00:00:24.223000,0 days 00:00:26.360000,0 days 00:00:25.312000,0 days 00:53:20.616000,0 days 00:53:46.976000,0 days 00:54:12.288000,231.0,257.0,283.0,290.0,True,SOFT,8.0,False,Red Bull Racing,0 days 00:52:56.393000,,1,,False,,False,True
2021-02,FP3,0 days 00:55:42.511000,VER,33,0 days 00:01:30.223000,9.0,2.0,,0 days 00:55:39.448000,0 days 00:00:26.865000,0 days 00:00:28.624000,0 days 00:00:34.734000,0 days 00:54:39.153000,0 days 00:55:07.777000,0 days 00:55:42.511000,212.0,236.0,,252.0,False,SOFT,9.0,False,Red Bull Racing,0 days 00:54:12.288000,,1,,False,,False,False
2021-02,FP3,0 days 00:57:48.090000,VER,33,0 days 00:02:05.579000,10.0,3.0,0 days 00:56:19.532000,0 days 00:57:46.424000,0 days 00:01:01.650000,0 days 00:00:30.086000,0 days 00:00:33.843000,0 days 00:56:44.161000,0 days 00:57:14.247000,0 days 00:57:48.090000,205.0,245.0,,246.0,False,SOFT,10.0,False,Red Bull Racing,0 days 00:55:42.511000,,1,,False,,False,False
2021-02,FP3,0 days 01:05:32.362000,VER,33,,11.0,4.0,0 days 01:04:09.758000,,,0 days 00:00:30.280000,0 days 00:00:27.435000,,0 days 01:05:04.962000,0 days 01:05:33.336000,204.0,244.0,282.0,262.0,False,SOFT,1.0,True,Red Bull Racing,0 days 00:57:48.090000,,12,,False,,False,False
2021-02,FP3,0 days 01:06:47.320000,VER,33,0 days 00:01:14.958000,12.0,4.0,,,0 days 00:00:24.041000,0 days 00:00:25.836000,0 days 00:00:25.081000,0 days 01:05:56.403000,0 days 01:06:22.239000,0 days 01:06:47.320000,232.0,258.0,281.0,288.0,True,SOFT,2.0,True,Red Bull Racing,0 days 01:05:32.362000,,1,,False,,False,True
2021-02,FP3,0 days 01:08:35.597000,VER,33,0 days 00:01:48.277000,13.0,4.0,,0 days 01:08:31.212000,0 days 00:00:32.032000,0 days 00:00:40.863000,0 days 00:00:35.382000,0 days 01:07:19.352000,0 days 01:08:00.215000,0 days 01:08:35.597000,141.0,227.0,,212.0,False,SOFT,3.0,True,Red Bull Racing,0 days 01:06:47.320000,,1,,False,,False,False
2021-02,FP3,0 days 01:10:34.429000,VER,33,0 days 00:01:58.832000,14.0,5.0,0 days 01:09:08.553000,,0 days 00:00:59.976000,0 days 00:00:31.040000,0 days 00:00:27.816000,0 days 01:09:35.573000,0 days 01:10:06.613000,0 days 01:10:34.429000,205.0,246.0,277.0,263.0,False,SOFT,4.0,False,Red Bull Racing,0 days 01:08:35.597000,,12,,False,,False,False
2021-02,FP3,0 days 01:12:09.708000,VER,33,0 days 00:01:35.279000,15.0,5.0,,0 days 01:12:05.348000,0 days 00:00:24.764000,0 days 00:00:32.864000,0 days 00:00:37.651000,0 days 01:10:59.193000,0 days 01:11:32.057000,0 days 01:12:09.708000,231.0,216.0,,255.0,False,SOFT,5.0,False,Red Bull Racing,0 days 01:10:34.429000,,21,,False,,False,False
2021-02,FP3,0 days 01:15:01.858000,VER,33,,16.0,6.0,0 days 01:12:38.920000,,0 days 00:01:00.745000,0 days 00:00:41.133000,0 days 00:01:10.266000,0 days 01:13:10.507000,0 days 01:13:51.592000,0 days 01:15:02.011000,135.0,199.0,141.0,70.0,False,SOFT,6.0,False,Red Bull Racing,0 days 01:12:09.708000,,1,,False,,False,False
2021-02,FP3,0 days 01:16:32.219000,VER,33,0 days 00:01:30.361000,17.0,6.0,,,0 days 00:00:28.527000,0 days 00:00:27.270000,0 days 00:00:34.564000,0 days 01:15:30.385000,0 days 01:15:57.655000,0 days 01:16:32.219000,222.0,245.0,83.0,233.0,False,SOFT,7.0,False,Red Bull Racing,0 days 01:15:01.858000,,1,,False,,False,True
2021-02,FP3,0 days 01:18:19.924000,VER,33,0 days 00:01:47.705000,18.0,6.0,,0 days 01:18:16.439000,0 days 00:00:47.503000,0 days 00:00:28.220000,0 days 00:00:31.982000,0 days 01:17:19.722000,0 days 01:17:47.942000,0 days 01:18:19.924000,225.0,234.0,,260.0,False,SOFT,8.0,False,Red Bull Racing,0 days 01:16:32.219000,,1,,False,,False,False
2021-02,FP3,0 days 00:40:13.681000,HAM,44,,1.0,1.0,0 days 00:38:26.052000,,,0 days 00:00:33.156000,0 days 00:00:46.820000,,0 days 00:39:26.861000,0 days 00:40:14.864000,200.0,224.0,276.0,78.0,False,SOFT,1.0,True,Mercedes,0 days 00:38:26.052000,,1,,False,,False,False
2021-02,FP3,0 days 00:44:31.200000,HAM,44,,2.0,1.0,,0 days 00:42:04.235000,,,,,,,,,,,False,SOFT,2.0,True,Mercedes,0 days 00:40:13.681000,,125,,False,,False,False
2021-02,FP3,0 days 00:46:12.475000,HAM,44,,3.0,2.0,0 days 00:44:31.200000,,,0 days 00:00:31.904000,0 days 00:00:41.114000,,0 days 00:45:31.368000,0 days 00:46:12.591000,211.0,164.0,272.0,47.0,False,SOFT,3.0,False,Mercedes,0 days 00:44:31.200000,,1,,False,,False,False
2021-02,FP3,0 days 00:47:29.604000,HAM,44,0 days 00:01:17.129000,4.0,2.0,,,0 days 00:00:25.004000,0 days 00:00:26.464000,0 days 00:00:25.661000,0 days 00:46:37.479000,0 days 00:47:03.943000,0 days 00:47:29.604000,227.0,257.0,283.0,283.0,True,SOFT,4.0,False,Mercedes,0 days 00:46:12.475000,,1,,False,,False,True
2021-02,FP3,0 days 00:49:00.656000,HAM,44,0 days 00:01:31.052000,5.0,2.0,,,0 days 00:00:30.834000,0 days 00:00:30.263000,0 days 00:00:29.955000,0 days 00:48:00.438000,0 days 00:48:30.701000,0 days 00:49:00.656000,193.0,243.0,280.0,211.0,False,SOFT,5.0,False,Mercedes,0 days 00:47:29.604000,,1,,False,,False,True
2021-02,FP3,0 days 00:50:16.814000,HAM,44,0 days 00:01:16.158000,6.0,2.0,,,0 days 00:00:24.284000,0 days 00:00:26.295000,0 days 00:00:25.579000,0 days 00:49:24.940000,0 days 00:49:51.235000,0 days 00:50:16.814000,228.0,255.0,281.0,286.0,False,SOFT,6.0,False,Mercedes,0 days 00:49:00.656000,,1,,True,TRACK LIMITS AT TURN 9,False,True
2021-02,FP3,0 days 00:51:44.726000,HAM,44,0 days 00:01:27.912000,7.0,2.0,,0 days 00:51:40.845000,0 days 00:00:28.155000,0 days 00:00:27.907000,0 days 00:00:31.850000,0 days 00:50:44.969000,0 days 00:51:12.876000,0 days 00:51:44.726000,209.0,246.0,,262.0,False,SOFT,7.0,False,Mercedes,0 days 00:50:16.814000,,1,,False,,False,False
2021-02,FP3,0 days 00:57:50.653000,HAM,44,,8.0,3.0,0 days 00:56:17.119000,,,0 days 00:00:30.015000,0 days 00:00:36.727000,,0 days 00:57:13.955000,0 days 00:57:50.813000,207.0,241.0,279.0,94.0,False,SOFT,1.0,True,Mercedes,0 days 00:51:44.726000,,1,,False,,False,False
2021-02,FP3,0 days 00:59:06.168000,HAM,44,0 days 00:01:15.515000,9.0,3.0,,,0 days 00:00:24.037000,0 days 00:00:26.134000,0 days 00:00:25.344000,0 days 00:58:14.690000,0 days 00:58:40.824000,0 days 00:59:06.168000,231.0,256.0,282.0,288.0,True,SOFT,2.0,True,Mercedes,0 days 00:57:50.653000,,1,,False,,False,True
2021-02,FP3,0 days 01:00:51.209000,HAM,44,0 days 00:01:45.041000,10.0,3.0,,,0 days 00:00:35.126000,0 days 00:00:36.075000,0 days 00:00:33.840000,0 days 00:59:41.294000,0 days 01:00:17.369000,0 days 01:00:51.209000,186.0,235.0,279.0,128.0,False,SOFT,3.0,True,Mercedes,0 days 00:59:06.168000,,1,,False,,False,True
2021-02,FP3,0 days 01:02:09.980000,HAM,44,0 days 00:01:18.771000,11.0,3.0,,,0 days 00:00:24.200000,0 days 00:00:26.324000,0 days 00:00:28.247000,0 days 01:01:15.409000,0 days 01:01:41.733000,0 days 01:02:09.980000,229.0,256.0,275.0,263.0,False,SOFT,4.0,True,Mercedes,0 days 01:00:51.209000,,1,,False,,False,True
2021-02,FP3,0 days 01:03:26.755000,HAM,44,0 days 00:01:16.775000,12.0,3.0,,,0 days 00:00:24.200000,0 days 00:00:26.252000,0 days 00:00:26.323000,,0 days 01:03:00.432000,0 days 01:03:26.755000,230.0,256.0,253.0,280.0,False,SOFT,5.0,True,Mercedes,0 days 01:02:09.980000,,1,,False,,False,True
2021-02,FP3,0 days 01:05:08.247000,HAM,44,0 days 00:01:41.492000,13.0,3.0,,0 days 01:05:03.818000,0 days 00:00:31.047000,0 days 00:00:34.284000,0 days 00:00:36.161000,0 days 01:03:57.802000,0 days 01:04:32.086000,0 days 01:05:08.247000,159.0,202.0,,201.0,False,SOFT,6.0,True,Mercedes,0 days 01:03:26.755000,,12,,False,,False,False
2021-02,FP3,0 days 01:12:23.875000,HAM,44,,14.0,4.0,0 days 01:10:56.079000,0 days 01:12:19.402000,,0 days 00:00:29.984000,0 days 00:00:31.465000,,0 days 01:11:52.681000,0 days 01:12:25.584000,173.0,248.0,,282.0,False,SOFT,7.0,False,Mercedes,0 days 01:05:08.247000,,12,,False,,False,False
2021-02,FP3,0 days 01:14:23.928000,HAM,44,0 days 00:02:00.053000,15.0,5.0,0 days 01:13:02.615000,,0 days 00:01:04.294000,0 days 00:00:28.442000,0 days 00:00:27.317000,0 days 01:13:28.169000,0 days 01:13:56.611000,0 days 01:14:23.928000,215.0,250.0,270.0,278.0,False,SOFT,8.0,False,Mercedes,0 days 01:12:23.875000,,1,,False,,False,False
2021-02,FP3,0 days 01:15:45.793000,HAM,44,0 days 00:01:21.865000,16.0,5.0,,,0 days 00:00:26.779000,0 days 00:00:27.855000,0 days 00:00:27.231000,0 days 01:14:50.707000,0 days 01:15:18.562000,0 days 01:15:45.793000,212.0,245.0,269.0,275.0,False,SOFT,9.0,False,Mercedes,0 days 01:14:23.928000,,1,,False,,False,True
2021-02,FP3,0 days 01:17:48.105000,HAM,44,0 days 00:02:02.312000,17.0,5.0,,,0 days 00:00:26.121000,0 days 00:00:31.982000,0 days 00:01:04.209000,0 days 01:16:11.914000,0 days 01:16:43.896000,0 days 01:17:48.105000,217.0,179.0,81.0,96.0,False,SOFT,10.0,False,Mercedes,0 days 01:15:45.793000,,1,,False,,False,True
2021-02,FP3,0 days 01:19:51.858000,HAM,44,0 days 00:02:03.753000,18.0,5.0,,0 days 01:19:47.477000,0 days 00:01:00.090000,0 days 00:00:29.902000,0 days 00:00:33.761000,0 days 01:18:48.195000,0 days 01:19:18.097000,0 days 01:19:51.858000,192.0,229.0,,252.0,False,SOFT,11.0,False,Mercedes,0 days 01:17:48.105000,,1,,False,,False,False
2021-02,FP3,0 days 00:21:59.625000,MSC,47,,1.0,1.0,0 days 00:20:24.102000,,,0 days 00:00:33.689000,0 days 00:00:31.649000,,0 days 00:21:28.035000,0 days 00:21:59.739000,186.0,229.0,277.0,261.0,False,SOFT,10.0,False,Haas F1 Team,0 days 00:20:24.102000,,1,,False,,False,False
2021-02,FP3,0 days 00:23:18.285000,MSC,47,0 days 00:01:18.660000,2.0,1.0,,,0 days 00:00:25.379000,0 days 00:00:27.075000,0 days 00:00:26.206000,0 days 00:22:25.004000,0 days 00:22:52.079000,0 days 00:23:18.285000,224.0,253.0,280.0,282.0,False,SOFT,11.0,False,Haas F1 Team,0 days 00:21:59.625000,,1,,True,TRACK LIMITS AT TURN 9,False,True
2021-02,FP3,0 days 00:25:01.695000,MSC,47,0 days 00:01:43.410000,3.0,1.0,,,0 days 00:00:33.213000,0 days 00:00:38.294000,0 days 00:00:31.903000,0 days 00:23:51.498000,0 days 00:24:29.792000,0 days 00:25:01.695000,167.0,220.0,279.0,261.0,True,SOFT,12.0,False,Haas F1 Team,0 days 00:23:18.285000,,1,,False,,False,True
2021-02,FP3,0 days 00:26:19.564000,MSC,47,0 days 00:01:17.869000,4.0,1.0,,,0 days 00:00:25.097000,0 days 00:00:26.869000,0 days 00:00:25.903000,0 days 00:25:26.792000,0 days 00:25:53.661000,0 days 00:26:19.564000,223.0,257.0,280.0,284.0,True,SOFT,13.0,False,Haas F1 Team,0 days 00:25:01.695000,,1,,False,,False,True
2021-02,FP3,0 days 00:28:09.599000,MSC,47,0 days 00:01:50.035000,5.0,1.0,,,0 days 00:00:33.892000,0 days 00:00:37.561000,0 days 00:00:38.582000,0 days 00:26:53.456000,0 days 00:27:31.017000,0 days 00:28:09.599000,141.0,90.0,278.0,183.0,False,SOFT,14.0,False,Haas F1 Team,0 days 00:26:19.564000,,1,,False,,False,True
2021-02,FP3,0 days 00:29:27.139000,MSC,47,0 days 00:01:17.540000,6.0,1.0,,,0 days 00:00:24.983000,0 days 00:00:26.747000,0 days 00:00:25.810000,0 days 00:28:34.582000,0 days 00:29:01.329000,0 days 00:29:27.139000,223.0,257.0,281.0,285.0,False,SOFT,15.0,False,Haas F1 Team,0 days 00:28:09.599000,,1,,True,TRACK LIMITS AT TURN 9,False,True
2021-02,FP3,0 days 00:31:05.132000,MSC,47,0 days 00:01:37.993000,7.0,1.0,,0 days 00:31:00.720000,0 days 00:00:30.429000,0 days 00:00:33.399000,0 days 00:00:34.165000,0 days 00:29:57.568000,0 days 00:30:30.967000,0 days 00:31:05.132000,122.0,231.0,,266.0,False,SOFT,16.0,False,Haas F1 Team,0 days 00:29:27.139000,,1,,False,,False,False
2021-02,FP3,0 days 00:45:55.988000,MSC,47,,8.0,2.0,0 days 00:44:13.214000,,,0 days 00:00:32.416000,0 days 00:00:41.306000,,0 days 00:45:14.712000,0 days 00:45:56.124000,185.0,234.0,273.0,92.0,False,SOFT,1.0,True,Haas F1 Team,0 days 00:44:13.214000,,1,,False,,False,False
2021-02,FP3,0 days 00:47:31.828000,MSC,47,0 days 00:01:35.840000,9.0,2.0,,,0 days 00:00:27.576000,0 days 00:00:35.606000,0 days 00:00:32.658000,0 days 00:46:23.564000,0 days 00:46:59.170000,0 days 00:47:31.828000,166.0,227.0,283.0,213.0,False,SOFT,2.0,True,Haas F1 Team,0 days 00:45:55.988000,,1,,False,,False,True
2021-02,FP3,0 days 00:49:03.815000,MSC,47,0 days 00:01:31.987000,10.0,2.0,,,0 days 00:00:26.096000,0 days 00:00:35.283000,0 days 00:00:30.608000,0 days 00:47:57.924000,0 days 00:48:33.207000,0 days 00:49:03.815000,139.0,228.0,282.0,266.0,False,SOFT,3.0,True,Haas F1 Team,0 days 00:47:31.828000,,1,,False,,False,True
2021-02,FP3,0 days 00:50:21.377000,MSC,47,0 days 00:01:17.562000,11.0,2.0,,,0 days 00:00:24.617000,0 days 00:00:26.573000,0 days 00:00:26.372000,0 days 00:49:28.432000,0 days 00:49:55.005000,0 days 00:50:21.377000,228.0,258.0,282.0,287.0,True,SOFT,4.0,True,Haas F1 Team,0 days 00:49:03.815000,,1,,False,,False,True
2021-02,FP3,0 days 00:52:07.415000,MSC,47,0 days 00:01:46.038000,12.0,2.0,,,0 days 00:00:30.248000,0 days 00:00:40.378000,0 days 00:00:35.412000,0 days 00:50:51.625000,0 days 00:51:32.003000,0 days 00:52:07.415000,131.0,202.0,281.0,235.0,False,SOFT,5.0,True,Haas F1 Team,0 days 00:50:21.377000,,1,,False,,False,True
2021-02,FP3,0 days 00:53:24.467000,MSC,47,0 days 00:01:17.052000,13.0,2.0,,,0 days 00:00:24.727000,0 days 00:00:26.572000,0 days 00:00:25.753000,0 days 00:52:32.142000,0 days 00:52:58.714000,0 days 00:53:24.467000,224.0,258.0,279.0,290.0,True,SOFT,6.0,True,Haas F1 Team,0 days 00:52:07.415000,,1,,False,,False,True
2021-02,FP3,0 days 00:55:00.993000,MSC,47,0 days 00:01:36.526000,14.0,2.0,,0 days 00:54:56.626000,0 days 00:00:29.165000,0 days 00:00:32.512000,0 days 00:00:34.849000,0 days 00:53:53.632000,0 days 00:54:26.144000,0 days 00:55:00.993000,195.0,231.0,,268.0,False,SOFT,7.0,True,Haas F1 Team,0 days 00:53:24.467000,,1,,False,,False,False
2021-02,FP3,0 days 01:07:53.513000,MSC,47,,15.0,3.0,0 days 01:06:14.312000,,,0 days 00:00:36.686000,0 days 00:00:35.438000,,0 days 01:07:18.088000,0 days 01:07:53.644000,191.0,209.0,281.0,185.0,False,SOFT,1.0,True,Haas F1 Team,0 days 00:55:00.993000,,12,,False,,False,False
2021-02,FP3,0 days 01:09:10.327000,MSC,47,0 days 00:01:16.814000,16.0,3.0,,,0 days 00:00:24.542000,0 days 00:00:26.665000,0 days 00:00:25.607000,0 days 01:08:18.055000,0 days 01:08:44.720000,0 days 01:09:10.327000,224.0,257.0,281.0,289.0,True,SOFT,2.0,True,Haas F1 Team,0 days 01:07:53.513000,,1,,False,,False,True
2021-02,FP3,0 days 01:10:54.251000,MSC,47,0 days 00:01:43.924000,17.0,3.0,,,0 days 00:00:32.173000,0 days 00:00:36.552000,0 days 00:00:35.199000,0 days 01:09:42.500000,0 days 01:10:19.052000,0 days 01:10:54.251000,162.0,225.0,281.0,85.0,False,SOFT,3.0,True,Haas F1 Team,0 days 01:09:10.327000,,12,,False,,False,True
2021-02,FP3,0 days 01:12:10.699000,MSC,47,0 days 00:01:16.448000,18.0,3.0,,,0 days 00:00:24.627000,0 days 00:00:26.298000,0 days 00:00:25.523000,0 days 01:11:18.878000,0 days 01:11:45.176000,0 days 01:12:10.699000,230.0,258.0,281.0,290.0,True,SOFT,4.0,True,Haas F1 Team,0 days 01:10:54.251000,,1,,False,,False,True
2021-02,FP3,0 days 01:13:52.658000,MSC,47,0 days 00:01:41.959000,19.0,3.0,,,0 days 00:00:33.948000,0 days 00:00:36.968000,0 days 00:00:31.043000,0 days 01:12:44.647000,0 days 01:13:21.615000,0 days 01:13:52.658000,166.0,210.0,282.0,264.0,False,SOFT,5.0,True,Haas F1 Team,0 days 01:12:10.699000,,1,,False,,False,True
2021-02,FP3,0 days 01:15:09.466000,MSC,47,0 days 00:01:16.808000,20.0,3.0,,,0 days 00:00:24.587000,0 days 00:00:26.539000,0 days 00:00:25.682000,0 days 01:14:17.245000,0 days 01:14:43.784000,0 days 01:15:09.466000,222.0,257.0,282.0,290.0,False,SOFT,6.0,True,Haas F1 Team,0 days 01:13:52.658000,,1,,False,,False,True
2021-02,FP3,0 days 01:17:10.283000,MSC,47,0 days 00:02:00.817000,21.0,3.0,,,0 days 00:00:37.309000,0 days 00:00:37.417000,0 days 00:00:46.091000,0 days 01:15:46.775000,0 days 01:16:24.192000,0 days 01:17:10.283000,163.0,204.0,50.0,271.0,False,SOFT,7.0,True,Haas F1 Team,0 days 01:15:09.466000,,1,,False,,False,True
2021-02,FP3,0 days 01:19:19.134000,MSC,47,0 days 00:02:08.851000,22.0,3.0,,0 days 01:19:14.698000,0 days 00:01:06.148000,0 days 00:00:29.466000,0 days 00:00:33.237000,0 days 01:18:16.431000,0 days 01:18:45.897000,0 days 01:19:19.134000,215.0,232.0,,253.0,False,SOFT,8.0,True,Haas F1 Team,0 days 01:17:10.283000,,1,,False,,False,False
2021-02,FP3,0 days 00:30:24.475000,SAI,55,,1.0,1.0,0 days 00:28:52.676000,,,0 days 00:00:32.514000,0 days 00:00:33.425000,,0 days 00:29:51.152000,0 days 00:30:24.636000,200.0,229.0,278.0,246.0,False,MEDIUM,1.0,True,Ferrari,0 days 00:28:52.676000,,1,,False,,False,False
2021-02,FP3,0 days 00:31:42.061000,SAI,55,0 days 00:01:17.586000,2.0,1.0,,,0 days 00:00:24.825000,0 days 00:00:26.794000,0 days 00:00:25.967000,0 days 00:30:49.300000,0 days 00:31:16.094000,0 days 00:31:42.061000,227.0,256.0,278.0,284.0,True,MEDIUM,2.0,True,Ferrari,0 days 00:30:24.475000,,1,,False,,False,True
2021-02,FP3,0 days 00:33:28.639000,SAI,55,0 days 00:01:46.578000,3.0,1.0,,,0 days 00:00:37.453000,0 days 00:00:39.253000,0 days 00:00:29.872000,0 days 00:32:19.514000,0 days 00:32:58.767000,0 days 00:33:28.639000,155.0,220.0,277.0,259.0,False,MEDIUM,3.0,True,Ferrari,0 days 00:31:42.061000,,1,,False,,False,True
2021-02,FP3,0 days 00:34:45.540000,SAI,55,0 days 00:01:16.901000,4.0,1.0,,,0 days 00:00:24.648000,0 days 00:00:26.489000,0 days 00:00:25.764000,0 days 00:33:53.287000,0 days 00:34:19.776000,0 days 00:34:45.540000,227.0,257.0,279.0,284.0,True,MEDIUM,4.0,True,Ferrari,0 days 00:33:28.639000,,1,,False,,False,True
2021-02,FP3,0 days 00:36:33.662000,SAI,55,0 days 00:01:48.122000,5.0,1.0,,0 days 00:36:29.521000,0 days 00:00:35.334000,0 days 00:00:36.759000,0 days 00:00:36.029000,0 days 00:35:20.874000,0 days 00:35:57.633000,0 days 00:36:33.662000,162.0,190.0,,261.0,False,MEDIUM,5.0,True,Ferrari,0 days 00:34:45.540000,,1,,False,,False,False
2021-02,FP3,0 days 00:38:33.871000,SAI,55,0 days 00:02:00.209000,6.0,2.0,0 days 00:37:08.056000,,0 days 00:00:59.892000,0 days 00:00:29.534000,0 days 00:00:30.783000,0 days 00:37:33.554000,0 days 00:38:03.088000,0 days 00:38:33.871000,207.0,236.0,281.0,262.0,False,MEDIUM,6.0,False,Ferrari,0 days 00:36:33.662000,,1,,False,,False,False
2021-02,FP3,0 days 00:40:05.893000,SAI,55,0 days 00:01:32.022000,7.0,2.0,,,0 days 00:00:24.341000,0 days 00:00:28.464000,0 days 00:00:39.217000,0 days 00:38:58.212000,0 days 00:39:26.676000,0 days 00:40:05.893000,229.0,218.0,281.0,112.0,False,MEDIUM,7.0,False,Ferrari,0 days 00:38:33.871000,,1,,False,,False,True
2021-02,FP3,0 days 00:52:55.586000,SAI,55,,8.0,2.0,,0 days 00:41:46.020000,0 days 00:00:28.431000,,,0 days 00:40:34.890000,,,105.0,,,,False,MEDIUM,8.0,False,Ferrari,0 days 00:40:05.893000,,125,,False,,False,False
2021-02,FP3,0 days 00:54:30.940000,SAI,55,,9.0,3.0,0 days 00:52:55.586000,,,0 days 00:00:33.624000,0 days 00:00:29.895000,,0 days 00:54:01.126000,0 days 00:54:31.170000,164.0,236.0,279.0,263.0,False,SOFT,1.0,True,Ferrari,0 days 00:52:55.586000,,1,,False,,False,False
2021-02,FP3,0 days 00:55:46.900000,SAI,55,0 days 00:01:15.960000,10.0,3.0,,,0 days 00:00:24.297000,0 days 00:00:26.113000,0 days 00:00:25.550000,0 days 00:54:55.237000,0 days 00:55:21.350000,0 days 00:55:46.900000,230.0,258.0,278.0,286.0,True,SOFT,2.0,True,Ferrari,0 days 00:54:30.940000,,1,,False,,False,True
2021-02,FP3,0 days 00:57:42.579000,SAI,55,0 days 00:01:55.679000,11.0,3.0,,,0 days 00:00:35.748000,0 days 00:00:41.209000,0 days 00:00:38.722000,0 days 00:56:22.648000,0 days 00:57:03.857000,0 days 00:57:42.579000,162.0,196.0,279.0,247.0,False,SOFT,3.0,True,Ferrari,0 days 00:55:46.900000,,1,,False,,False,True
2021-02,FP3,0 days 00:58:58.487000,SAI,55,0 days 00:01:15.908000,12.0,3.0,,,0 days 00:00:24.362000,0 days 00:00:26.111000,0 days 00:00:25.435000,0 days 00:58:06.941000,0 days 00:58:33.052000,0 days 00:58:58.487000,228.0,258.0,279.0,288.0,True,SOFT,4.0,True,Ferrari,0 days 00:57:42.579000,,1,,False,,False,True
2021-02,FP3,0 days 01:01:03.757000,SAI,55,0 days 00:02:05.270000,13.0,3.0,,,0 days 00:00:38.333000,0 days 00:00:54.314000,0 days 00:00:32.623000,0 days 00:59:36.820000,0 days 01:00:31.134000,0 days 01:01:03.757000,167.0,170.0,279.0,252.0,False,SOFT,5.0,True,Ferrari,0 days 00:58:58.487000,,1,,False,,False,True
2021-02,FP3,0 days 01:02:20.159000,SAI,55,0 days 00:01:16.402000,14.0,3.0,,,0 days 00:00:24.403000,0 days 00:00:26.391000,0 days 00:00:25.608000,0 days 01:01:28.160000,0 days 01:01:54.551000,0 days 01:02:20.159000,227.0,257.0,279.0,285.0,False,SOFT,6.0,True,Ferrari,0 days 01:01:03.757000,,1,,False,,False,True
2021-02,FP3,0 days 01:04:01.314000,SAI,55,0 days 00:01:41.155000,15.0,3.0,,0 days 01:03:56.954000,0 days 00:00:32.447000,0 days 00:00:32.623000,0 days 00:00:36.085000,0 days 01:02:52.606000,0 days 01:03:25.229000,0 days 01:04:01.314000,187.0,224.0,,243.0,False,SOFT,7.0,True,Ferrari,0 days 01:02:20.159000,,12,,False,,False,False
2021-02,FP3,0 days 01:10:23.538000,SAI,55,,16.0,4.0,0 days 01:08:49.259000,0 days 01:10:18.281000,,0 days 00:00:30.076000,0 days 00:00:36.188000,,0 days 01:09:47.413000,0 days 01:10:23.733000,205.0,234.0,,260.0,False,SOFT,8.0,False,Ferrari,0 days 01:04:01.314000,,21,,False,,False,False
2021-02,FP3,0 days 01:12:35.422000,SAI,55,0 days 00:02:11.884000,17.0,5.0,0 days 01:11:12.088000,,0 days 00:01:16.059000,0 days 00:00:28.265000,0 days 00:00:27.560000,0 days 01:11:39.597000,0 days 01:12:07.862000,0 days 01:12:35.422000,215.0,248.0,269.0,274.0,False,SOFT,9.0,False,Ferrari,0 days 01:10:23.538000,,21,,False,,False,False
2021-02,FP3,0 days 01:13:55.377000,SAI,55,0 days 00:01:19.955000,18.0,5.0,,,0 days 00:00:25.871000,0 days 00:00:27.456000,0 days 00:00:26.628000,0 days 01:13:01.293000,0 days 01:13:28.749000,0 days 01:13:55.377000,218.0,250.0,271.0,277.0,False,SOFT,10.0,False,Ferrari,0 days 01:12:35.422000,,1,,False,,False,True
2021-02,FP3,0 days 01:15:14.916000,SAI,55,0 days 00:01:19.539000,19.0,5.0,,,0 days 00:00:25.557000,0 days 00:00:27.482000,0 days 00:00:26.500000,0 days 01:14:20.934000,0 days 01:14:48.416000,0 days 01:15:14.916000,219.0,251.0,269.0,279.0,False,SOFT,11.0,False,Ferrari,0 days 01:13:55.377000,,1,,False,,False,True
2021-02,FP3,0 days 01:16:58.970000,SAI,55,0 days 00:01:44.054000,20.0,5.0,,,0 days 00:00:29.523000,0 days 00:00:32.023000,0 days 00:00:42.508000,0 days 01:15:44.439000,0 days 01:16:16.462000,0 days 01:16:58.970000,185.0,207.0,78.0,214.0,False,SOFT,12.0,False,Ferrari,0 days 01:15:14.916000,,1,,False,,False,True
2021-02,FP3,0 days 01:19:02.290000,SAI,55,0 days 00:02:03.320000,21.0,5.0,,0 days 01:18:58.272000,0 days 00:01:01.904000,0 days 00:00:28.030000,0 days 00:00:33.386000,0 days 01:18:00.874000,0 days 01:18:28.904000,0 days 01:19:02.290000,215.0,248.0,,246.0,False,SOFT,13.0,False,Ferrari,0 days 01:16:58.970000,,1,,False,,False,False
2021-02,FP3,0 days 00:37:13.821000,RUS,63,,1.0,1.0,0 days 00:35:36.260000,,,0 days 00:00:34.969000,0 days 00:00:33.929000,,0 days 00:36:39.892000,0 days 00:37:13.964000,194.0,233.0,280.0,118.0,False,SOFT,1.0,True,Williams,0 days 00:35:36.260000,,1,,False,,False,False
2021-02,FP3,0 days 00:38:31.354000,RUS,63,0 days 00:01:17.533000,2.0,1.0,,,0 days 00:00:24.821000,0 days 00:00:26.560000,0 days 00:00:26.152000,0 days 00:37:38.642000,0 days 00:38:05.202000,0 days 00:38:31.354000,228.0,260.0,281.0,291.0,True,SOFT,2.0,True,Williams,0 days 00:37:13.821000,,1,,False,,False,True
2021-02,FP3,0 days 00:40:25.098000,RUS,63,0 days 00:01:53.744000,3.0,1.0,,,0 days 00:00:35.643000,0 days 00:00:38.357000,0 days 00:00:39.744000,0 days 00:39:06.997000,0 days 00:39:45.354000,0 days 00:40:25.098000,169.0,241.0,280.0,123.0,False,SOFT,3.0,True,Williams,0 days 00:38:31.354000,,12,,False,,False,True
2021-02,FP3,0 days 00:46:15.388000,RUS,63,,4.0,1.0,,0 days 00:42:15.224000,,,,,,,,,,,False,SOFT,4.0,True,Williams,0 days 00:40:25.098000,,251,,False,,False,False
2021-02,FP3,0 days 00:47:48.905000,RUS,63,,5.0,2.0,0 days 00:46:15.388000,,,0 days 00:00:33.084000,0 days 00:00:31.208000,,0 days 00:47:17.721000,0 days 00:47:50.111000,190.0,244.0,279.0,247.0,False,SOFT,5.0,False,Williams,0 days 00:46:15.388000,,1,,False,,False,False
2021-02,FP3,0 days 00:49:05.831000,RUS,63,0 days 00:01:16.926000,6.0,2.0,,,0 days 00:00:24.594000,0 days 00:00:26.525000,0 days 00:00:25.807000,0 days 00:48:13.499000,0 days 00:48:40.024000,0 days 00:49:05.831000,230.0,259.0,286.0,290.0,True,SOFT,6.0,False,Williams,0 days 00:47:48.905000,,1,,False,,False,True
2021-02,FP3,0 days 00:50:44.525000,RUS,63,0 days 00:01:38.694000,7.0,2.0,,,0 days 00:00:32.734000,0 days 00:00:35.919000,0 days 00:00:30.041000,0 days 00:49:38.565000,0 days 00:50:14.484000,0 days 00:50:44.525000,170.0,235.0,281.0,266.0,False,SOFT,7.0,False,Williams,0 days 00:49:05.831000,,1,,False,,False,True
2021-02,FP3,0 days 00:52:01.383000,RUS,63,0 days 00:01:16.858000,8.0,2.0,,,0 days 00:00:24.536000,0 days 00:00:26.389000,0 days 00:00:25.933000,0 days 00:51:09.061000,0 days 00:51:35.450000,0 days 00:52:01.383000,228.0,261.0,284.0,289.0,True,SOFT,8.0,False,Williams,0 days 00:50:44.525000,,1,,False,,False,True
2021-02,FP3,0 days 00:53:42.827000,RUS,63,0 days 00:01:41.444000,9.0,2.0,,0 days 00:53:38.480000,0 days 00:00:27.575000,0 days 00:00:35.818000,0 days 00:00:38.051000,0 days 00:52:28.958000,0 days 00:53:04.776000,0 days 00:53:42.827000,205.0,198.0,,230.0,False,SOFT,9.0,False,Williams,0 days 00:52:01.383000,,1,,False,,False,False
2021-02,FP3,0 days 00:58:38.354000,RUS,63,,10.0,3.0,0 days 00:57:01.655000,,,0 days 00:00:35.541000,0 days 00:00:34.899000,,0 days 00:58:03.480000,0 days 00:58:38.561000,211.0,243.0,282.0,258.0,False,SOFT,1.0,True,Williams,0 days 00:53:42.827000,,1,,False,,False,False
2021-02,FP3,0 days 00:59:54.936000,RUS,63,0 days 00:01:16.582000,11.0,3.0,,,0 days 00:00:24.403000,0 days 00:00:26.485000,0 days 00:00:25.694000,0 days 00:59:02.757000,0 days 00:59:29.242000,0 days 00:59:54.936000,229.0,259.0,283.0,288.0,True,SOFT,2.0,True,Williams,0 days 00:58:38.354000,,1,,False,,False,True
2021-02,FP3,0 days 01:01:44.593000,RUS,63,0 days 00:01:49.657000,12.0,3.0,,,0 days 00:00:38.127000,0 days 00:00:35.652000,0 days 00:00:35.878000,0 days 01:00:33.063000,0 days 01:01:08.715000,0 days 01:01:44.593000,134.0,150.0,289.0,194.0,False,SOFT,3.0,True,Williams,0 days 00:59:54.936000,,1,,False,,False,True
2021-02,FP3,0 days 01:03:01.020000,RUS,63,0 days 00:01:16.427000,13.0,3.0,,,0 days 00:00:24.176000,0 days 00:00:26.469000,0 days 00:00:25.782000,0 days 01:02:08.769000,0 days 01:02:35.238000,0 days 01:03:01.020000,233.0,259.0,283.0,285.0,True,SOFT,4.0,True,Williams,0 days 01:01:44.593000,,1,,False,,False,True
2021-02,FP3,0 days 01:04:59.115000,RUS,63,0 days 00:01:58.095000,14.0,3.0,,,0 days 00:00:42.598000,0 days 00:00:38.509000,0 days 00:00:36.988000,0 days 01:03:43.618000,0 days 01:04:22.127000,0 days 01:04:59.115000,169.0,220.0,280.0,128.0,False,SOFT,5.0,True,Williams,0 days 01:03:01.020000,,12,,False,,False,True
2021-02,FP3,0 days 01:06:15.881000,RUS,63,0 days 00:01:16.766000,15.0,3.0,,,0 days 00:00:24.530000,0 days 00:00:26.353000,0 days 00:00:25.883000,0 days 01:05:23.645000,0 days 01:05:49.998000,0 days 01:06:15.881000,229.0,260.0,280.0,287.0,False,SOFT,6.0,True,Williams,0 days 01:04:59.115000,,1,,False,,False,True
2021-02,FP3,0 days 01:07:45.129000,RUS,63,0 days 00:01:29.248000,16.0,3.0,,0 days 01:07:41.824000,0 days 00:00:27.963000,0 days 00:00:30.018000,0 days 00:00:31.267000,0 days 01:06:43.844000,0 days 01:07:13.862000,0 days 01:07:45.129000,212.0,221.0,,278.0,False,SOFT,7.0,True,Williams,0 days 01:06:15.881000,,1,,False,,False,False
2021-02,FP3,0 days 01:09:53.221000,RUS,63,0 days 00:02:08.092000,17.0,4.0,0 days 01:08:22.286000,0 days 01:09:48.864000,0 days 00:01:04.962000,0 days 00:00:30.280000,0 days 00:00:32.850000,0 days 01:08:50.091000,0 days 01:09:20.371000,0 days 01:09:53.221000,221.0,246.0,,278.0,False,SOFT,8.0,False,Williams,0 days 01:07:45.129000,,1,,False,,False,False
2021-02,FP3,0 days 01:15:30.271000,RUS,63,,18.0,5.0,0 days 01:13:58.204000,,,0 days 00:00:35.484000,0 days 00:00:28.742000,,0 days 01:15:01.547000,0 days 01:15:30.888000,216.0,247.0,277.0,287.0,False,SOFT,10.0,False,Williams,0 days 01:09:53.221000,,12,,False,,False,False
2021-02,FP3,0 days 01:17:44.734000,RUS,63,0 days 00:02:14.463000,19.0,5.0,,,0 days 00:00:37.679000,0 days 00:00:35.006000,0 days 00:01:01.778000,0 days 01:16:07.950000,0 days 01:16:42.956000,0 days 01:17:44.734000,203.0,150.0,50.0,96.0,False,SOFT,11.0,False,Williams,0 days 01:15:30.271000,,1,,False,,False,True
2021-02,FP3,0 days 01:19:48.388000,RUS,63,0 days 00:02:03.654000,20.0,5.0,,0 days 01:19:44.023000,0 days 00:00:59.925000,0 days 00:00:31.425000,0 days 00:00:32.304000,0 days 01:18:44.659000,0 days 01:19:16.084000,0 days 01:19:48.388000,206.0,241.0,,276.0,False,SOFT,12.0,False,Williams,0 days 01:17:44.734000,,1,,False,,False,False
2021-02,FP3,0 days 00:37:24.498000,BOT,77,,1.0,1.0,0 days 00:35:52.697000,,,0 days 00:00:32.714000,0 days 00:00:30.278000,,0 days 00:36:54.233000,0 days 00:37:24.647000,196.0,172.0,277.0,277.0,False,SOFT,1.0,True,Mercedes,0 days 00:35:52.697000,,1,,False,,False,False
2021-02,FP3,0 days 00:38:48.204000,BOT,77,0 days 00:01:23.706000,2.0,1.0,,,0 days 00:00:27.486000,0 days 00:00:28.966000,0 days 00:00:27.254000,0 days 00:37:51.984000,0 days 00:38:20.950000,0 days 00:38:48.204000,209.0,238.0,278.0,266.0,True,SOFT,2.0,True,Mercedes,0 days 00:37:24.498000,,1,,False,,False,True
2021-02,FP3,0 days 00:40:04.606000,BOT,77,0 days 00:01:16.402000,3.0,1.0,,,0 days 00:00:24.484000,0 days 00:00:26.344000,0 days 00:00:25.574000,0 days 00:39:12.688000,0 days 00:39:39.032000,0 days 00:40:04.606000,228.0,256.0,277.0,284.0,False,SOFT,3.0,True,Mercedes,0 days 00:38:48.204000,,1,,True,TRACK LIMITS AT TURN 9,False,True
2021-02,FP3,0 days 00:44:25.357000,BOT,77,,4.0,1.0,,0 days 00:41:55.475000,0 days 00:00:32.943000,,,0 days 00:40:37.557000,,,154.0,,,,False,SOFT,4.0,True,Mercedes,0 days 00:40:04.606000,,125,,False,,False,False
2021-02,FP3,0 days 00:46:02.462000,BOT,77,,5.0,2.0,0 days 00:44:25.357000,,,0 days 00:00:30.728000,0 days 00:00:41.645000,,0 days 00:45:20.853000,0 days 00:46:04.336000,209.0,239.0,273.0,83.0,False,SOFT,5.0,False,Mercedes,0 days 00:44:25.357000,,1,,False,,False,False
2021-02,FP3,0 days 00:47:23.364000,BOT,77,0 days 00:01:20.902000,6.0,2.0,,,0 days 00:00:24.904000,0 days 00:00:28.123000,0 days 00:00:27.875000,0 days 00:46:27.366000,0 days 00:46:55.489000,0 days 00:47:23.364000,228.0,238.0,278.0,264.0,True,SOFT,6.0,False,Mercedes,0 days 00:46:02.462000,,1,,False,,False,True
2021-02,FP3,0 days 00:48:39.348000,BOT,77,0 days 00:01:15.984000,7.0,2.0,,,0 days 00:00:24.409000,0 days 00:00:26.152000,0 days 00:00:25.423000,0 days 00:47:47.773000,0 days 00:48:13.925000,0 days 00:48:39.348000,230.0,256.0,280.0,285.0,True,SOFT,7.0,False,Mercedes,0 days 00:47:23.364000,,1,,False,,False,True
2021-02,FP3,0 days 00:50:15.212000,BOT,77,0 days 00:01:35.864000,8.0,2.0,,0 days 00:50:10.816000,0 days 00:00:28.629000,0 days 00:00:29.945000,0 days 00:00:37.290000,0 days 00:49:07.977000,0 days 00:49:37.922000,0 days 00:50:15.212000,203.0,237.0,,217.0,False,SOFT,8.0,False,Mercedes,0 days 00:48:39.348000,,1,,False,,False,False
2021-02,FP3,0 days 00:57:36.550000,BOT,77,,9.0,3.0,0 days 00:56:12.281000,,,0 days 00:00:28.984000,0 days 00:00:31.661000,,0 days 00:57:04.906000,0 days 00:57:36.712000,217.0,240.0,279.0,83.0,False,SOFT,1.0,True,Mercedes,0 days 00:50:15.212000,,1,,False,,False,False
2021-02,FP3,0 days 00:59:00.358000,BOT,77,0 days 00:01:23.808000,10.0,3.0,,,0 days 00:00:24.201000,0 days 00:00:28.336000,0 days 00:00:31.271000,0 days 00:58:00.751000,0 days 00:58:29.087000,0 days 00:59:00.358000,231.0,218.0,282.0,108.0,False,SOFT,2.0,True,Mercedes,0 days 00:57:36.550000,,1,,False,,False,True
2021-02,FP3,0 days 01:00:16.266000,BOT,77,0 days 00:01:15.908000,11.0,3.0,,,0 days 00:00:24.213000,0 days 00:00:26.243000,0 days 00:00:25.452000,0 days 00:59:24.571000,0 days 00:59:50.814000,0 days 01:00:16.266000,230.0,257.0,279.0,282.0,True,SOFT,3.0,True,Mercedes,0 days 00:59:00.358000,,1,,False,,False,True
2021-02,FP3,0 days 01:01:56.163000,BOT,77,0 days 00:01:39.897000,12.0,3.0,,,0 days 00:00:31.391000,0 days 00:00:35.963000,0 days 00:00:32.543000,0 days 01:00:47.657000,0 days 01:01:23.620000,0 days 01:01:56.163000,199.0,240.0,279.0,125.0,False,SOFT,4.0,True,Mercedes,0 days 01:00:16.266000,,1,,False,,False,True
2021-02,FP3,0 days 01:03:12.131000,BOT,77,0 days 00:01:15.968000,13.0,3.0,,,0 days 00:00:24.287000,0 days 00:00:26.193000,0 days 00:00:25.488000,0 days 01:02:20.450000,0 days 01:02:46.643000,0 days 01:03:12.131000,230.0,257.0,279.0,281.0,False,SOFT,5.0,True,Mercedes,0 days 01:01:56.163000,,1,,False,,False,True
2021-02,FP3,0 days 01:04:56.470000,BOT,77,0 days 00:01:44.339000,14.0,3.0,,0 days 01:04:55.927000,0 days 00:00:32.113000,0 days 00:00:38.693000,0 days 00:00:33.533000,0 days 01:03:44.244000,0 days 01:04:22.937000,0 days 01:04:56.470000,166.0,184.0,,272.0,False,SOFT,6.0,True,Mercedes,0 days 01:03:12.131000,,12,,False,,False,False
2021-02,FP3,0 days 01:11:49.404000,BOT,77,,15.0,4.0,0 days 01:10:18.674000,0 days 01:11:44.951000,,0 days 00:00:28.242000,0 days 00:00:32.545000,,0 days 01:11:16.859000,0 days 01:11:49.581000,206.0,246.0,,275.0,False,SOFT,7.0,False,Mercedes,0 days 01:04:56.470000,,12,,False,,False,False
2021-02,FP3,0 days 01:13:46.728000,BOT,77,0 days 00:01:57.324000,16.0,5.0,0 days 01:12:23.833000,0 days 01:13:42.842000,0 days 00:00:57.801000,0 days 00:00:28.446000,0 days 00:00:31.077000,0 days 01:12:47.205000,0 days 01:13:15.651000,0 days 01:13:46.728000,209.0,242.0,,271.0,False,SOFT,8.0,False,Mercedes,0 days 01:11:49.404000,,1,,False,,False,False
2021-02,FP3,0 days 01:15:48.594000,BOT,77,0 days 00:02:01.866000,17.0,6.0,0 days 01:14:21.559000,,0 days 00:00:57.018000,0 days 00:00:27.766000,0 days 00:00:37.082000,0 days 01:14:43.746000,0 days 01:15:11.512000,0 days 01:15:48.594000,213.0,226.0,235.0,155.0,False,SOFT,9.0,False,Mercedes,0 days 01:13:46.728000,,1,,False,,False,False
2021-02,FP3,0 days 01:17:54.669000,BOT,77,0 days 00:02:06.075000,18.0,6.0,,,0 days 00:00:30.572000,0 days 00:00:29.727000,0 days 00:01:05.776000,0 days 01:16:19.166000,0 days 01:16:48.893000,0 days 01:17:54.669000,198.0,237.0,79.0,98.0,False,SOFT,10.0,False,Mercedes,0 days 01:15:48.594000,,1,,False,,False,True
2021-02,FP3,0 days 01:20:14.047000,BOT,77,0 days 00:02:19.378000,19.0,6.0,,0 days 01:20:12.836000,0 days 00:00:54.549000,0 days 00:00:35.976000,0 days 00:00:48.853000,0 days 01:18:49.218000,0 days 01:19:25.194000,0 days 01:20:14.047000,190.0,75.0,,147.0,False,SOFT,11.0,False,Mercedes,0 days 01:17:54.669000,,1,,False,,False,False
2021-02,FP3,0 days 00:27:44.103000,GIO,99,,1.0,1.0,0 days 00:26:11.257000,,,0 days 00:00:32.893000,0 days 00:00:31.503000,,0 days 00:27:12.645000,0 days 00:27:49.176000,198.0,231.0,274.0,228.0,False,MEDIUM,1.0,True,Alfa Romeo Racing,0 days 00:26:11.257000,,1,,False,,False,False
2021-02,FP3,0 days 00:29:03.045000,GIO,99,0 days 00:01:18.942000,2.0,1.0,,,0 days 00:00:25.486000,0 days 00:00:27.230000,0 days 00:00:26.226000,0 days 00:28:09.589000,0 days 00:28:36.819000,0 days 00:29:03.045000,220.0,254.0,277.0,281.0,True,MEDIUM,2.0,True,Alfa Romeo Racing,0 days 00:27:44.103000,,1,,False,,False,True
2021-02,FP3,0 days 00:30:47.500000,GIO,99,0 days 00:01:44.455000,3.0,1.0,,,0 days 00:00:34.683000,0 days 00:00:35.747000,0 days 00:00:34.025000,0 days 00:29:37.728000,0 days 00:30:13.475000,0 days 00:30:47.500000,188.0,225.0,278.0,201.0,False,MEDIUM,3.0,True,Alfa Romeo Racing,0 days 00:29:03.045000,,1,,False,,False,True
2021-02,FP3,0 days 00:32:05.126000,GIO,99,0 days 00:01:17.626000,4.0,1.0,,,0 days 00:00:24.923000,0 days 00:00:26.697000,0 days 00:00:26.006000,0 days 00:31:12.423000,0 days 00:31:39.120000,0 days 00:32:05.126000,224.0,257.0,278.0,285.0,True,MEDIUM,4.0,True,Alfa Romeo Racing,0 days 00:30:47.500000,,1,,False,,False,True
2021-02,FP3,0 days 00:33:46.982000,GIO,99,0 days 00:01:41.856000,5.0,1.0,,,0 days 00:00:32.918000,0 days 00:00:36.851000,0 days 00:00:32.087000,0 days 00:32:38.044000,0 days 00:33:14.895000,0 days 00:33:46.982000,184.0,206.0,277.0,232.0,False,MEDIUM,5.0,True,Alfa Romeo Racing,0 days 00:32:05.126000,,1,,False,,False,True
2021-02,FP3,0 days 00:35:04.149000,GIO,99,0 days 00:01:17.167000,6.0,1.0,,,0 days 00:00:24.742000,0 days 00:00:26.670000,0 days 00:00:25.755000,0 days 00:34:11.724000,0 days 00:34:38.394000,0 days 00:35:04.149000,223.0,257.0,280.0,286.0,True,MEDIUM,6.0,True,Alfa Romeo Racing,0 days 00:33:46.982000,,1,,False,,False,True
2021-02,FP3,0 days 00:36:46.061000,GIO,99,0 days 00:01:41.912000,7.0,1.0,,,0 days 00:00:35.282000,0 days 00:00:35.511000,0 days 00:00:31.119000,0 days 00:35:39.431000,0 days 00:36:14.942000,0 days 00:36:46.061000,177.0,227.0,280.0,223.0,False,MEDIUM,7.0,True,Alfa Romeo Racing,0 days 00:35:04.149000,,1,,False,,False,True
2021-02,FP3,0 days 00:38:03.113000,GIO,99,0 days 00:01:17.052000,8.0,1.0,,,0 days 00:00:24.803000,0 days 00:00:26.549000,0 days 00:00:25.700000,0 days 00:37:10.864000,0 days 00:37:37.413000,0 days 00:38:03.113000,224.0,258.0,280.0,286.0,True,MEDIUM,8.0,True,Alfa Romeo Racing,0 days 00:36:46.061000,,1,,False,,False,True
2021-02,FP3,0 days 00:39:44.789000,GIO,99,0 days 00:01:41.676000,9.0,1.0,,0 days 00:39:40.402000,0 days 00:00:31.107000,0 days 00:00:34.720000,0 days 00:00:35.849000,0 days 00:38:34.220000,0 days 00:39:08.940000,0 days 00:39:44.789000,197.0,232.0,,220.0,False,MEDIUM,9.0,True,Alfa Romeo Racing,0 days 00:38:03.113000,,1,,False,,False,False
2021-02,FP3,0 days 00:56:21.428000,GIO,99,,10.0,2.0,0 days 00:40:24.958000,0 days 00:42:20.348000,,,,,,,,,,,False,MEDIUM,10.0,False,Alfa Romeo Racing,0 days 00:39:44.789000,,125,,False,,False,False
2021-02,FP3,0 days 00:57:53.228000,GIO,99,,11.0,3.0,0 days 00:56:21.428000,,,0 days 00:00:30.673000,0 days 00:00:34.990000,,0 days 00:57:18.264000,0 days 00:57:55.051000,207.0,206.0,280.0,159.0,False,SOFT,1.0,True,Alfa Romeo Racing,0 days 00:56:21.428000,,1,,False,,False,False
2021-02,FP3,0 days 00:59:09.840000,GIO,99,0 days 00:01:16.612000,12.0,3.0,,,0 days 00:00:24.499000,0 days 00:00:26.486000,0 days 00:00:25.627000,0 days 00:58:17.727000,0 days 00:58:44.213000,0 days 00:59:09.840000,223.0,256.0,282.0,287.0,True,SOFT,2.0,True,Alfa Romeo Racing,0 days 00:57:53.228000,,1,,False,,False,True
2021-02,FP3,0 days 01:00:53.919000,GIO,99,0 days 00:01:44.079000,13.0,3.0,,,0 days 00:00:33.778000,0 days 00:00:36.527000,0 days 00:00:33.774000,0 days 00:59:43.618000,0 days 01:00:20.145000,0 days 01:00:53.919000,165.0,226.0,280.0,161.0,False,SOFT,3.0,True,Alfa Romeo Racing,0 days 00:59:09.840000,,1,,False,,False,True
2021-02,FP3,0 days 01:02:10.651000,GIO,99,0 days 00:01:16.732000,14.0,3.0,,,0 days 00:00:24.435000,0 days 00:00:26.518000,0 days 00:00:25.779000,0 days 01:01:18.354000,0 days 01:01:44.872000,0 days 01:02:10.651000,225.0,258.0,285.0,285.0,False,SOFT,4.0,True,Alfa Romeo Racing,0 days 01:00:53.919000,,1,,False,,False,True
2021-02,FP3,0 days 01:04:04.647000,GIO,99,0 days 00:01:53.996000,15.0,3.0,,,0 days 00:00:31.497000,0 days 00:00:41.433000,0 days 00:00:41.066000,0 days 01:02:42.148000,0 days 01:03:23.581000,0 days 01:04:04.647000,186.0,144.0,276.0,105.0,False,SOFT,5.0,True,Alfa Romeo Racing,0 days 01:02:10.651000,,12,,False,,False,True
2021-02,FP3,0 days 01:05:29.533000,GIO,99,0 days 00:01:24.886000,16.0,3.0,,0 days 01:05:25.449000,0 days 00:00:24.716000,0 days 00:00:26.542000,0 days 00:00:33.628000,0 days 01:04:29.363000,0 days 01:04:55.905000,0 days 01:05:29.533000,228.0,255.0,,260.0,False,SOFT,6.0,True,Alfa Romeo Racing,0 days 01:04:04.647000,,1,,False,,False,False
2021-02,FP3,0 days 01:11:59.277000,GIO,99,,17.0,4.0,0 days 01:10:03.139000,,,0 days 00:00:33.039000,0 days 00:00:29.166000,,0 days 01:11:30.112000,0 days 01:12:00.184000,181.0,230.0,268.0,259.0,False,MEDIUM,11.0,False,Alfa Romeo Racing,0 days 01:05:29.533000,,12,,False,,False,False
2021-02,FP3,0 days 01:13:19.737000,GIO,99,0 days 00:01:20.460000,18.0,4.0,,,0 days 00:00:26.638000,0 days 00:00:27.487000,0 days 00:00:26.335000,0 days 01:12:25.915000,0 days 01:12:53.402000,0 days 01:13:19.737000,220.0,251.0,273.0,279.0,False,MEDIUM,12.0,False,Alfa Romeo Racing,0 days 01:11:59.277000,,1,,False,,False,True
2021-02,FP3,0 days 01:14:39.536000,GIO,99,0 days 00:01:19.799000,19.0,4.0,,,0 days 00:00:25.860000,0 days 00:00:27.438000,0 days 00:00:26.501000,0 days 01:13:45.597000,0 days 01:14:13.035000,0 days 01:14:39.536000,220.0,252.0,270.0,278.0,False,MEDIUM,13.0,False,Alfa Romeo Racing,0 days 01:13:19.737000,,1,,False,,False,True
2021-02,FP3,0 days 01:15:58.973000,GIO,99,0 days 00:01:19.437000,20.0,4.0,,,0 days 00:00:25.795000,0 days 00:00:27.342000,0 days 00:00:26.300000,0 days 01:15:05.331000,0 days 01:15:32.673000,0 days 01:15:58.973000,221.0,253.0,271.0,281.0,False,MEDIUM,14.0,False,Alfa Romeo Racing,0 days 01:14:39.536000,,1,,False,,False,True
2021-02,FP3,0 days 01:17:57.772000,GIO,99,0 days 00:01:58.799000,21.0,4.0,,,0 days 00:00:31.651000,0 days 00:00:32.063000,0 days 00:00:55.085000,0 days 01:16:30.624000,0 days 01:17:02.687000,0 days 01:17:57.772000,197.0,221.0,40.0,169.0,False,MEDIUM,15.0,False,Alfa Romeo Racing,0 days 01:15:58.973000,,1,,False,,False,True
2021-02,FP3,0 days 01:20:04.437000,GIO,99,0 days 00:02:06.665000,22.0,4.0,,0 days 01:19:59.105000,0 days 00:00:55.552000,0 days 00:00:31.706000,0 days 00:00:39.407000,0 days 01:18:53.324000,0 days 01:19:25.030000,0 days 01:20:04.437000,198.0,181.0,,213.0,False,MEDIUM,16.0,False,Alfa Romeo Racing,0 days 01:17:57.772000,,1,,False,,False,False
